{
"type": "FeatureCollection",
"features": [
{ "type": "Feature", "properties": { "index": "0", "@osmId": "way/76184031", "name": "Piscine Jean Taris", "opening_hours": null, "label": "Public swimming & bathing", "color": "#2b8cbe" }, "geometry": { "type": "Polygon", "coordinates": [ [ [ 3.9009941, 43.6205253 ], [ 3.900995, 43.6205801 ], [ 3.9009523, 43.6205777 ], [ 3.9009111, 43.6205693 ], [ 3.9008729, 43.6205553 ], [ 3.9008392, 43.6205362 ], [ 3.9008113, 43.6205126 ], [ 3.9007904, 43.6204856 ], [ 3.900777, 43.6204562 ], [ 3.9007719, 43.6204254 ], [ 3.9007752, 43.6203945 ], [ 3.9007868, 43.6203646 ], [ 3.9008061, 43.620337 ], [ 3.9008326, 43.6203126 ], [ 3.9008651, 43.6202924 ], [ 3.9009024, 43.6202772 ], [ 3.9009431, 43.6202676 ], [ 3.9009856, 43.6202639 ], [ 3.9010283, 43.6202663 ], [ 3.9010695, 43.6202746 ], [ 3.9011077, 43.6202887 ], [ 3.9011414, 43.6203078 ], [ 3.9011693, 43.6203313 ], [ 3.9011902, 43.6203583 ], [ 3.9012036, 43.6203878 ], [ 3.9012087, 43.6204186 ], [ 3.9012054, 43.6204495 ], [ 3.9011938, 43.6204793 ], [ 3.9011745, 43.620507 ], [ 3.901148, 43.6205314 ], [ 3.9011155, 43.6205515 ], [ 3.901071, 43.6205696 ], [ 3.9010432, 43.6205192 ], [ 3.9009941, 43.6205253 ] ] ] } },
{ "type": "Feature", "properties": { "index": "1", "@osmId": "way/248979129", "name": "Piscine olympique Angelotti", "opening_hours": "Mo-Fr 09:00-21:30; Sa 09:00-19:15; Su 09:00-13:15, 15:00-19:15", "label": "Public swimming & bathing", "color": "#2b8cbe" }, "geometry": { "type": "Polygon", "coordinates": [ [ [ 3.8939189, 43.6077203 ], [ 3.8925528, 43.6078165 ], [ 3.8924566, 43.6071008 ], [ 3.8928076, 43.6070761 ], [ 3.8928275, 43.6070722 ], [ 3.8928614, 43.6070654 ], [ 3.8928953, 43.60706 ], [ 3.8929311, 43.6070559 ], [ 3.892965, 43.6070538 ], [ 3.8929923, 43.6070531 ], [ 3.893029, 43.6070545 ], [ 3.8930572, 43.6070559 ], [ 3.8930981, 43.6070556 ], [ 3.8938227, 43.6070046 ], [ 3.8938471, 43.6071864 ], [ 3.8938724, 43.6072549 ], [ 3.8938853, 43.607302 ], [ 3.8938931, 43.6073446 ], [ 3.8938984, 43.6073966 ], [ 3.8938998, 43.6074467 ], [ 3.8938984, 43.6074891 ], [ 3.893894, 43.6075351 ], [ 3.8939189, 43.6077203 ] ] ] } },
{ "type": "Feature", "properties": { "index": "2", "@osmId": "node/251342960", "name": "Piscine Pitot", "opening_hours": null, "label": "Public swimming & bathing", "color": "#2b8cbe" }, "geometry": { "type": "Point", "coordinates": [ 3.8703977, 43.6125261 ] } },
{ "type": "Feature", "properties": { "index": "3", "@osmId": "node/1920390090", "name": "Piscine Joffre", "opening_hours": null, "label": "Public swimming & bathing", "color": "#2b8cbe" }, "geometry": { "type": "Point", "coordinates": [ 3.8864744, 43.6128043 ] } },
{ "type": "Feature", "properties": { "index": "4", "@osmId": "node/9623212571", "name": "Le Bain d'Epices", "opening_hours": null, "label": "Public swimming & bathing", "color": "#2b8cbe" }, "geometry": { "type": "Point", "coordinates": [ 3.873717, 43.6107038 ] } },
{ "type": "Feature", "properties": { "index": "5", "@osmId": "way/60201500", "name": "Église Sainte-Jeanne d'Arc", "opening_hours": null, "label": "Places of worship", "color": "#8856a7" }, "geometry": { "type": "Polygon", "coordinates": [ [ [ 3.8916578, 43.6176476 ], [ 3.8913987, 43.6177248 ], [ 3.8913803, 43.6176908 ], [ 3.891392, 43.6176873 ], [ 3.89126, 43.6174093 ], [ 3.8913213, 43.6173906 ], [ 3.8913062, 43.6173635 ], [ 3.8914487, 43.6173181 ], [ 3.891466, 43.6173465 ], [ 3.8915606, 43.6173181 ], [ 3.8915839, 43.6173605 ], [ 3.8915668, 43.617366 ], [ 3.8915183, 43.6173817 ], [ 3.8915969, 43.6175216 ], [ 3.8916663, 43.6176451 ], [ 3.8916578, 43.6176476 ] ] ] } },
{ "type": "Feature", "properties": { "index": "6", "@osmId": "way/75130283", "name": "Église Don Bosco", "opening_hours": null, "label": "Places of worship", "color": "#8856a7" }, "geometry": { "type": "Polygon", "coordinates": [ [ [ 3.8903974, 43.6071725 ], [ 3.8904215, 43.6073427 ], [ 3.8903542, 43.6073467 ], [ 3.8903635, 43.6074344 ], [ 3.8904299, 43.6074293 ], [ 3.8904387, 43.6074938 ], [ 3.8904541, 43.6076058 ], [ 3.8904354, 43.6076192 ], [ 3.8903501, 43.6076257 ], [ 3.8903413, 43.6075715 ], [ 3.8903581, 43.6075546 ], [ 3.8903493, 43.6075032 ], [ 3.8901402, 43.6075193 ], [ 3.8901572, 43.6076428 ], [ 3.8900846, 43.6076508 ], [ 3.8900232, 43.6071996 ], [ 3.8900249, 43.6071967 ], [ 3.8903974, 43.6071725 ] ] ] } },
{ "type": "Feature", "properties": { "index": "7", "@osmId": "way/76169444", "name": "Église évangélique de Pentecôte", "opening_hours": null, "label": "Places of worship", "color": "#8856a7" }, "geometry": { "type": "Polygon", "coordinates": [ [ [ 3.9019077, 43.6052297 ], [ 3.9014381, 43.605249 ], [ 3.9014337, 43.6051982 ], [ 3.9014158, 43.6051989 ], [ 3.9014104, 43.6051984 ], [ 3.9014041, 43.6051961 ], [ 3.9013995, 43.6051915 ], [ 3.9013985, 43.6051869 ], [ 3.9014011, 43.6051805 ], [ 3.9014065, 43.6051765 ], [ 3.9014136, 43.6051753 ], [ 3.9014325, 43.6051746 ], [ 3.9014567, 43.6051738 ], [ 3.9014478, 43.6050543 ], [ 3.9015735, 43.6050487 ], [ 3.9015961, 43.6050629 ], [ 3.9016157, 43.6050472 ], [ 3.9017306, 43.6050422 ], [ 3.9017524, 43.6050565 ], [ 3.9017728, 43.6050402 ], [ 3.9018922, 43.6050352 ], [ 3.9019077, 43.6052297 ] ] ] } },
{ "type": "Feature", "properties": { "index": "8", "@osmId": "way/60436054", "name": "Église Saint-Léon", "opening_hours": null, "label": "Places of worship", "color": "#8856a7" }, "geometry": { "type": "Polygon", "coordinates": [ [ [ 3.8809249, 43.6186465 ], [ 3.8810628, 43.6185743 ], [ 3.8811079, 43.6186202 ], [ 3.8811412, 43.6186541 ], [ 3.8811543, 43.6186641 ], [ 3.8811712, 43.6186633 ], [ 3.8811714, 43.6186679 ], [ 3.88101, 43.6187472 ], [ 3.8810094, 43.6187546 ], [ 3.881014, 43.6187586 ], [ 3.8810172, 43.6187642 ], [ 3.8810166, 43.6187705 ], [ 3.8810115, 43.618779 ], [ 3.8810024, 43.6187826 ], [ 3.8809934, 43.6187849 ], [ 3.8809822, 43.6187848 ], [ 3.8809714, 43.6187828 ], [ 3.8809612, 43.6187785 ], [ 3.8809494, 43.6187832 ], [ 3.8809565, 43.6187952 ], [ 3.8809366, 43.6188067 ], [ 3.8808796, 43.6188398 ], [ 3.8808332, 43.6187935 ], [ 3.8808597, 43.6187784 ], [ 3.8808498, 43.618778 ], [ 3.8808441, 43.618778 ], [ 3.8808378, 43.6187771 ], [ 3.8808325, 43.6187756 ], [ 3.8808282, 43.6187736 ], [ 3.8808234, 43.6187707 ], [ 3.8808188, 43.6187663 ], [ 3.880816, 43.6187606 ], [ 3.8808152, 43.6187543 ], [ 3.8808151, 43.6187473 ], [ 3.8808164, 43.6187414 ], [ 3.8808193, 43.6187364 ], [ 3.8808231, 43.6187309 ], [ 3.8808286, 43.6187259 ], [ 3.8808336, 43.6187227 ], [ 3.8808178, 43.6187075 ], [ 3.8808484, 43.6186893 ], [ 3.8808269, 43.6186682 ], [ 3.8808404, 43.6186587 ], [ 3.8808394, 43.6186563 ], [ 3.8808379, 43.6186527 ], [ 3.8808372, 43.6186484 ], [ 3.8808383, 43.6186443 ], [ 3.88084, 43.6186394 ], [ 3.8808432, 43.6186342 ], [ 3.880848, 43.6186301 ], [ 3.8808542, 43.618627 ], [ 3.8808624, 43.6186259 ], [ 3.8808684, 43.6186261 ], [ 3.880874, 43.6186272 ], [ 3.8808872, 43.6186341 ], [ 3.8809015, 43.6186266 ], [ 3.8809249, 43.6186465 ] ] ] } },
{ "type": "Feature", "properties": { "index": "9", "@osmId": "way/76198901", "name": "Église Saint-François de la Pierre-Rouge, de l'enclos Saint-François", "opening_hours": null, "label": "Places of worship", "color": "#8856a7" }, "geometry": { "type": "Polygon", "coordinates": [ [ [ 3.8825094, 43.6202526 ], [ 3.8825314, 43.6202796 ], [ 3.8825219, 43.620312 ], [ 3.8824889, 43.6203284 ], [ 3.882452, 43.6203217 ], [ 3.8823832, 43.6203523 ], [ 3.8824033, 43.6203758 ], [ 3.8823991, 43.6203938 ], [ 3.8823759, 43.6204055 ], [ 3.8823498, 43.6204017 ], [ 3.8823279, 43.6203776 ], [ 3.8821565, 43.6204551 ], [ 3.882077, 43.6203668 ], [ 3.8820596, 43.6203455 ], [ 3.8822391, 43.6202627 ], [ 3.8822345, 43.620257 ], [ 3.8822129, 43.6202589 ], [ 3.8822075, 43.6202578 ], [ 3.8822039, 43.6202526 ], [ 3.8822109, 43.6202421 ], [ 3.8822153, 43.6202381 ], [ 3.8822044, 43.620226 ], [ 3.8822187, 43.620219 ], [ 3.8822368, 43.6202333 ], [ 3.8822448, 43.620228 ], [ 3.8822544, 43.6202025 ], [ 3.882282, 43.6201896 ], [ 3.8822665, 43.6201753 ], [ 3.882245, 43.6201737 ], [ 3.8822358, 43.6201634 ], [ 3.8822358, 43.6201599 ], [ 3.8822402, 43.6201536 ], [ 3.8822473, 43.6201512 ], [ 3.8822281, 43.62013 ], [ 3.8822897, 43.6201 ], [ 3.882329, 43.6201413 ], [ 3.8823195, 43.6201709 ], [ 3.8823441, 43.6201955 ], [ 3.8824039, 43.6201673 ], [ 3.8824345, 43.6201706 ], [ 3.8824619, 43.620201 ], [ 3.8824905, 43.620188 ], [ 3.8825194, 43.6201953 ], [ 3.8825349, 43.6202166 ], [ 3.882529, 43.6202432 ], [ 3.8825094, 43.6202526 ] ] ] } },
{ "type": "Feature", "properties": { "index": "10", "@osmId": "way/166162797", "name": "Chapelle des Carmes", "opening_hours": null, "label": "Places of worship", "color": "#8856a7" }, "geometry": { "type": "Polygon", "coordinates": [ [ [ 3.8715186, 43.6198337 ], [ 3.871532, 43.619735 ], [ 3.8715596, 43.619736 ], [ 3.8715596, 43.6197302 ], [ 3.8716577, 43.6197331 ], [ 3.8716574, 43.6197392 ], [ 3.8716699, 43.6197406 ], [ 3.8716542, 43.6199063 ], [ 3.8716395, 43.6199045 ], [ 3.8716366, 43.6199114 ], [ 3.871632, 43.6199168 ], [ 3.8716368, 43.6199221 ], [ 3.8716303, 43.619927 ], [ 3.8716244, 43.6199237 ], [ 3.8716131, 43.6199282 ], [ 3.8716057, 43.6199326 ], [ 3.8716063, 43.6199383 ], [ 3.8715959, 43.619939 ], [ 3.8715953, 43.6199325 ], [ 3.8715835, 43.6199337 ], [ 3.8715714, 43.6199308 ], [ 3.8715678, 43.6199362 ], [ 3.8715605, 43.6199336 ], [ 3.8715649, 43.6199276 ], [ 3.8715565, 43.6199233 ], [ 3.8715496, 43.6199167 ], [ 3.8715419, 43.6199215 ], [ 3.8715363, 43.6199165 ], [ 3.8715442, 43.6199122 ], [ 3.8715392, 43.6199053 ], [ 3.8715386, 43.619895 ], [ 3.8715258, 43.6198946 ], [ 3.8715258, 43.6198881 ], [ 3.8714731, 43.6198841 ], [ 3.8714799, 43.6198318 ], [ 3.8715186, 43.6198337 ] ] ] } },
{ "type": "Feature", "properties": { "index": "11", "@osmId": "way/170970757", "name": "Chapelle des Petites Sœurs des Pauvres", "opening_hours": null, "label": "Places of worship", "color": "#8856a7" }, "geometry": { "type": "Polygon", "coordinates": [ [ [ 3.8772978, 43.6167287 ], [ 3.87727, 43.6167305 ], [ 3.8772421, 43.6167277 ], [ 3.8772154, 43.61672 ], [ 3.8771893, 43.6167108 ], [ 3.8771613, 43.616696 ], [ 3.8771389, 43.6166799 ], [ 3.877118, 43.6166634 ], [ 3.8771024, 43.6166464 ], [ 3.8770896, 43.6166278 ], [ 3.8770805, 43.6166014 ], [ 3.8770804, 43.6165798 ], [ 3.8770873, 43.6165611 ], [ 3.8771017, 43.6165474 ], [ 3.8771144, 43.6165387 ], [ 3.8771524, 43.6165276 ], [ 3.8771765, 43.61653 ], [ 3.8772033, 43.6165326 ], [ 3.8772349, 43.616542 ], [ 3.8772595, 43.6165566 ], [ 3.8772819, 43.6165719 ], [ 3.8773072, 43.6165908 ], [ 3.8773264, 43.6166115 ], [ 3.8773408, 43.6166323 ], [ 3.8773508, 43.6166547 ], [ 3.8773524, 43.6166754 ], [ 3.8773488, 43.6166928 ], [ 3.8773381, 43.6167082 ], [ 3.8773215, 43.6167207 ], [ 3.8772978, 43.6167287 ] ] ] } },
{ "type": "Feature", "properties": { "index": "12", "@osmId": "way/532679205", "name": "Maison diocésaine Villa Maguelone", "opening_hours": null, "label": "Places of worship", "color": "#8856a7" }, "geometry": { "type": "Polygon", "coordinates": [ [ [ 3.8881693, 43.6232896 ], [ 3.8875079, 43.6235944 ], [ 3.8874846, 43.6235676 ], [ 3.8874741, 43.6235725 ], [ 3.8874511, 43.6235461 ], [ 3.8874615, 43.6235413 ], [ 3.8874402, 43.6235169 ], [ 3.8875431, 43.6234694 ], [ 3.8875019, 43.6234223 ], [ 3.8875244, 43.6234119 ], [ 3.8874978, 43.6233815 ], [ 3.8875745, 43.6233462 ], [ 3.8875925, 43.6233668 ], [ 3.8876541, 43.6233386 ], [ 3.8876444, 43.6233271 ], [ 3.8877112, 43.6232963 ], [ 3.8877028, 43.6232868 ], [ 3.8876588, 43.6232362 ], [ 3.8877659, 43.6231869 ], [ 3.8878222, 43.6232513 ], [ 3.8879504, 43.6231919 ], [ 3.8878717, 43.6231021 ], [ 3.8878459, 43.6231141 ], [ 3.887758, 43.6230138 ], [ 3.8877844, 43.6230016 ], [ 3.887771, 43.6229862 ], [ 3.8878442, 43.6229524 ], [ 3.8878376, 43.6229448 ], [ 3.8878811, 43.6229248 ], [ 3.8880611, 43.6231309 ], [ 3.8880303, 43.623145 ], [ 3.8880629, 43.623183 ], [ 3.8880296, 43.6231984 ], [ 3.8880436, 43.6232145 ], [ 3.8880593, 43.6232324 ], [ 3.8880857, 43.6232203 ], [ 3.8880945, 43.6232305 ], [ 3.8881112, 43.6232228 ], [ 3.8881693, 43.6232896 ] ] ] } },
{ "type": "Feature", "properties": { "index": "13", "@osmId": "way/543185526", "name": "Chapelle Notre-Dame de Lourdes", "opening_hours": null, "label": "Places of worship", "color": "#8856a7" }, "geometry": { "type": "Polygon", "coordinates": [ [ [ 3.8700367, 43.6205356 ], [ 3.8696987, 43.6204767 ], [ 3.8697192, 43.6203948 ], [ 3.8700625, 43.6204521 ], [ 3.8700367, 43.6205356 ] ] ] } },
{ "type": "Feature", "properties": { "index": "14", "@osmId": "way/75040019", "name": "Église des Saints-François", "opening_hours": "closed \"Temporarily closed\"", "label": "Places of worship", "color": "#8856a7" }, "geometry": { "type": "Polygon", "coordinates": [ [ [ 3.8832754, 43.602843 ], [ 3.8832993, 43.6029043 ], [ 3.8833015, 43.6029108 ], [ 3.8833098, 43.6029099 ], [ 3.8833143, 43.6029093 ], [ 3.8833233, 43.6029092 ], [ 3.8833287, 43.6029092 ], [ 3.8833386, 43.6029114 ], [ 3.8833476, 43.6029136 ], [ 3.8833521, 43.6029159 ], [ 3.8833585, 43.6029187 ], [ 3.8833639, 43.6029233 ], [ 3.8833694, 43.6029273 ], [ 3.8833739, 43.6029331 ], [ 3.8833758, 43.6029371 ], [ 3.8833768, 43.6029417 ], [ 3.8833777, 43.6029475 ], [ 3.8833787, 43.6029515 ], [ 3.8833787, 43.6029544 ], [ 3.8833744, 43.6029619 ], [ 3.8833726, 43.6029677 ], [ 3.8833691, 43.6029724 ], [ 3.8833656, 43.6029759 ], [ 3.8833611, 43.6029799 ], [ 3.8833567, 43.6029829 ], [ 3.8833531, 43.6029846 ], [ 3.8833478, 43.6029864 ], [ 3.8833433, 43.6029887 ], [ 3.8833325, 43.6029906 ], [ 3.8833766, 43.6031144 ], [ 3.8832857, 43.6031088 ], [ 3.8831787, 43.6031015 ], [ 3.883158, 43.6030964 ], [ 3.8831408, 43.6030885 ], [ 3.883129, 43.603077 ], [ 3.8830555, 43.6030943 ], [ 3.883038, 43.6030598 ], [ 3.882951, 43.6030823 ], [ 3.8829314, 43.6030866 ], [ 3.8829073, 43.6030308 ], [ 3.8829233, 43.603022 ], [ 3.8832754, 43.602843 ] ] ] } },
{ "type": "Feature", "properties": { "index": "15", "@osmId": "way/75263875", "name": "Chapelle des Augustins", "opening_hours": null, "label": "Places of worship", "color": "#8856a7" }, "geometry": { "type": "Polygon", "coordinates": [ [ [ 3.8799255, 43.6103237 ], [ 3.879973, 43.6103141 ], [ 3.8799823, 43.6103354 ], [ 3.8799886, 43.6103354 ], [ 3.8800359, 43.6104407 ], [ 3.8800296, 43.6104425 ], [ 3.8800426, 43.6104719 ], [ 3.8799836, 43.6104868 ], [ 3.8798931, 43.6105082 ], [ 3.8797758, 43.6105369 ], [ 3.879774, 43.6105334 ], [ 3.8797409, 43.6105412 ], [ 3.8796262, 43.610568 ], [ 3.8795893, 43.6104882 ], [ 3.8795539, 43.6104115 ], [ 3.8796497, 43.6103876 ], [ 3.8797285, 43.6103686 ], [ 3.8797393, 43.610366 ], [ 3.8798225, 43.6103459 ], [ 3.8798592, 43.6103364 ], [ 3.8798834, 43.6103316 ], [ 3.8799255, 43.6103237 ] ] ] } },
{ "type": "Feature", "properties": { "index": "16", "@osmId": "way/75264238", "name": "Chapelle Sainte-Foy des Pénitents Blancs", "opening_hours": null, "label": "Places of worship", "color": "#8856a7" }, "geometry": { "type": "Polygon", "coordinates": [ [ [ 3.8792794, 43.6096298 ], [ 3.8792736, 43.609605 ], [ 3.8794147, 43.6096068 ], [ 3.8794148, 43.6096103 ], [ 3.8796637, 43.609613 ], [ 3.8796637, 43.6096164 ], [ 3.8796754, 43.6096169 ], [ 3.8796744, 43.6096065 ], [ 3.8797274, 43.609605 ], [ 3.8797283, 43.6096108 ], [ 3.8797288, 43.6096396 ], [ 3.8796767, 43.6096412 ], [ 3.879678, 43.6096695 ], [ 3.8797301, 43.6096679 ], [ 3.8797306, 43.6097049 ], [ 3.8796866, 43.6097041 ], [ 3.8796578, 43.6097037 ], [ 3.8796505, 43.6096974 ], [ 3.8795552, 43.6096952 ], [ 3.8795112, 43.6096944 ], [ 3.8793773, 43.609692 ], [ 3.8793252, 43.6096906 ], [ 3.8793018, 43.6096908 ], [ 3.879301, 43.6096995 ], [ 3.8792822, 43.6097002 ], [ 3.879283, 43.6096979 ], [ 3.8792741, 43.6096974 ], [ 3.8792746, 43.6096743 ], [ 3.8792872, 43.6096742 ], [ 3.8792843, 43.6096598 ], [ 3.8792794, 43.6096298 ] ] ] } },
{ "type": "Feature", "properties": { "index": "17", "@osmId": "way/75274846", "name": "Temple Maguelone", "opening_hours": null, "label": "Places of worship", "color": "#8856a7" }, "geometry": { "type": "Polygon", "coordinates": [ [ [ 3.8806274, 43.6059647 ], [ 3.8804452, 43.6059293 ], [ 3.8804553, 43.6059018 ], [ 3.880444, 43.6058992 ], [ 3.8804359, 43.6058952 ], [ 3.8804307, 43.6058913 ], [ 3.8804257, 43.6058848 ], [ 3.8804232, 43.6058783 ], [ 3.880423, 43.6058719 ], [ 3.8804243, 43.605867 ], [ 3.8804258, 43.6058638 ], [ 3.8803685, 43.6058527 ], [ 3.8803935, 43.6057842 ], [ 3.8804201, 43.6057113 ], [ 3.8804772, 43.6057223 ], [ 3.8804788, 43.6057184 ], [ 3.8804825, 43.6057131 ], [ 3.8804872, 43.6057086 ], [ 3.8804912, 43.605706 ], [ 3.8804975, 43.605703 ], [ 3.8805042, 43.605701 ], [ 3.8805094, 43.6057001 ], [ 3.8805147, 43.6056997 ], [ 3.8805217, 43.6057 ], [ 3.880529, 43.6057013 ], [ 3.88054, 43.6056715 ], [ 3.8807222, 43.6057069 ], [ 3.8807079, 43.6057458 ], [ 3.8807285, 43.6057498 ], [ 3.8807368, 43.6057277 ], [ 3.8808706, 43.6057541 ], [ 3.8808462, 43.6058196 ], [ 3.8808248, 43.6058153 ], [ 3.8808205, 43.6058268 ], [ 3.8808275, 43.6058282 ], [ 3.880799, 43.6059044 ], [ 3.8807927, 43.6059032 ], [ 3.880789, 43.6059129 ], [ 3.8808107, 43.6059172 ], [ 3.8807872, 43.6059803 ], [ 3.8806575, 43.6059547 ], [ 3.8806668, 43.6059298 ], [ 3.880642, 43.605925 ], [ 3.8806274, 43.6059647 ] ] ] } },
{ "type": "Feature", "properties": { "index": "18", "@osmId": "way/75279091", "name": "Chapelle des Pénitents Bleus", "opening_hours": null, "label": "Places of worship", "color": "#8856a7" }, "geometry": { "type": "Polygon", "coordinates": [ [ [ 3.8777998, 43.6070869 ], [ 3.8778289, 43.6071115 ], [ 3.8776839, 43.6072205 ], [ 3.8776636, 43.6072358 ], [ 3.8776369, 43.6072556 ], [ 3.8776397, 43.6072579 ], [ 3.8775827, 43.6072993 ], [ 3.8775454, 43.6073256 ], [ 3.8774762, 43.6072801 ], [ 3.8774456, 43.60726 ], [ 3.8774175, 43.6072411 ], [ 3.8774166, 43.6072405 ], [ 3.8774166, 43.60724 ], [ 3.8774166, 43.6072394 ], [ 3.8774175, 43.6072382 ], [ 3.8774503, 43.6072114 ], [ 3.8775489, 43.6071327 ], [ 3.8776084, 43.6070837 ], [ 3.8776805, 43.6070346 ], [ 3.8777607, 43.6071126 ], [ 3.8777998, 43.6070869 ] ] ] } },
{ "type": "Feature", "properties": { "index": "19", "@osmId": "way/75319947", "name": "Ancienne chapelle de la Visitation", "opening_hours": null, "label": "Places of worship", "color": "#8856a7" }, "geometry": { "type": "Polygon", "coordinates": [ [ [ 3.8769996, 43.6143008 ], [ 3.8768563, 43.6143325 ], [ 3.8768265, 43.6142582 ], [ 3.8769537, 43.6142295 ], [ 3.8769617, 43.6142271 ], [ 3.8769561, 43.6142104 ], [ 3.8772589, 43.6141515 ], [ 3.8772748, 43.6141939 ], [ 3.8772945, 43.6142466 ], [ 3.8772533, 43.6142555 ], [ 3.8770015, 43.6143065 ], [ 3.8769996, 43.6143008 ] ] ] } },
{ "type": "Feature", "properties": { "index": "20", "@osmId": "way/75320200", "name": "Église Saint-Matthieu", "opening_hours": null, "label": "Places of worship", "color": "#8856a7" }, "geometry": { "type": "Polygon", "coordinates": [ [ [ 3.8775533, 43.6126233 ], [ 3.8775524, 43.6126239 ], [ 3.8775469, 43.6126199 ], [ 3.8775449, 43.6126072 ], [ 3.8775556, 43.6125984 ], [ 3.8775592, 43.6125967 ], [ 3.8775637, 43.6125961 ], [ 3.8775682, 43.612596 ], [ 3.8775727, 43.6125971 ], [ 3.8776091, 43.6125715 ], [ 3.8777007, 43.6125061 ], [ 3.8777161, 43.6125146 ], [ 3.877781, 43.6124662 ], [ 3.877877, 43.6123921 ], [ 3.8778816, 43.6123955 ], [ 3.8779226, 43.6124236 ], [ 3.8780023, 43.6124784 ], [ 3.8779854, 43.6124941 ], [ 3.8777175, 43.6127318 ], [ 3.8776558, 43.6126941 ], [ 3.877625, 43.6126741 ], [ 3.8776516, 43.6126526 ], [ 3.8776407, 43.6126451 ], [ 3.8776132, 43.6126667 ], [ 3.8776068, 43.6126622 ], [ 3.877595, 43.6126542 ], [ 3.8775533, 43.6126233 ] ] ] } },
{ "type": "Feature", "properties": { "index": "21", "@osmId": "way/75320213", "name": "Basilique Notre-Dame des Tables", "opening_hours": null, "label": "Places of worship", "color": "#8856a7" }, "geometry": { "type": "Polygon", "coordinates": [ [ [ 3.8798024, 43.6119062 ], [ 3.8798093, 43.6119483 ], [ 3.8798114, 43.6119613 ], [ 3.8798257, 43.6120492 ], [ 3.8798289, 43.6120686 ], [ 3.879837, 43.6121184 ], [ 3.8797363, 43.6121271 ], [ 3.8795723, 43.6121412 ], [ 3.879558, 43.6121424 ], [ 3.879494, 43.6121479 ], [ 3.8794787, 43.6121492 ], [ 3.8794111, 43.6121551 ], [ 3.8793964, 43.6121563 ], [ 3.8793378, 43.6121614 ], [ 3.8793357, 43.6121487 ], [ 3.8793332, 43.6121489 ], [ 3.8793272, 43.6121118 ], [ 3.8793263, 43.6121119 ], [ 3.8793173, 43.6120568 ], [ 3.8793088, 43.6120046 ], [ 3.8793016, 43.6119608 ], [ 3.879307, 43.6119604 ], [ 3.8793051, 43.611949 ], [ 3.8793585, 43.6119444 ], [ 3.879374, 43.6119431 ], [ 3.8794419, 43.6119372 ], [ 3.8794545, 43.6119362 ], [ 3.879458, 43.6119359 ], [ 3.8795234, 43.6119302 ], [ 3.8797017, 43.6119149 ], [ 3.8797293, 43.6119125 ], [ 3.8798024, 43.6119062 ] ] ] } },
{ "type": "Feature", "properties": { "index": "22", "@osmId": "way/75383109", "name": "Église Sainte-Eulalie", "opening_hours": null, "label": "Places of worship", "color": "#8856a7" }, "geometry": { "type": "Polygon", "coordinates": [ [ [ 3.8703798, 43.6096931 ], [ 3.8702575, 43.6097483 ], [ 3.8701102, 43.6095674 ], [ 3.8701915, 43.609531 ], [ 3.8705602, 43.6093665 ], [ 3.8705959, 43.6093495 ], [ 3.8706013, 43.6093472 ], [ 3.8706241, 43.6093741 ], [ 3.8706286, 43.6093724 ], [ 3.8706607, 43.6094103 ], [ 3.870698, 43.6094544 ], [ 3.8706936, 43.6094579 ], [ 3.8707229, 43.6094941 ], [ 3.8707175, 43.6094982 ], [ 3.8707413, 43.6095286 ], [ 3.8706923, 43.6095538 ], [ 3.8706539, 43.6095709 ], [ 3.8706255, 43.6095364 ], [ 3.8704389, 43.6096193 ], [ 3.8704673, 43.6096554 ], [ 3.8704075, 43.6096807 ], [ 3.8704111, 43.6096859 ], [ 3.8703798, 43.6096931 ] ] ] } },
{ "type": "Feature", "properties": { "index": "23", "@osmId": "way/75396839", "name": "Église Saint-Denis", "opening_hours": null, "label": "Places of worship", "color": "#8856a7" }, "geometry": { "type": "Polygon", "coordinates": [ [ [ 3.8745484, 43.6048335 ], [ 3.8745573, 43.6048305 ], [ 3.8747261, 43.6047622 ], [ 3.8747377, 43.6047575 ], [ 3.8747644, 43.6047983 ], [ 3.8748553, 43.6049374 ], [ 3.8748875, 43.6049268 ], [ 3.8749152, 43.6049168 ], [ 3.874926, 43.6049144 ], [ 3.8749349, 43.6049149 ], [ 3.8749413, 43.604916 ], [ 3.8749521, 43.6049205 ], [ 3.8749567, 43.6049251 ], [ 3.8749631, 43.6049326 ], [ 3.8749649, 43.604936 ], [ 3.8749722, 43.6049452 ], [ 3.8750052, 43.6049912 ], [ 3.8749936, 43.6049964 ], [ 3.8750211, 43.6050349 ], [ 3.8750006, 43.6050438 ], [ 3.8750162, 43.6050673 ], [ 3.8749894, 43.6050785 ], [ 3.8750123, 43.6051095 ], [ 3.8750206, 43.6051227 ], [ 3.8750081, 43.605128 ], [ 3.8750053, 43.6051252 ], [ 3.8749776, 43.6051358 ], [ 3.8749804, 43.6051404 ], [ 3.8749274, 43.6051611 ], [ 3.8748625, 43.6051863 ], [ 3.874857, 43.6051812 ], [ 3.8748329, 43.60519 ], [ 3.8748356, 43.605194 ], [ 3.8748204, 43.6051999 ], [ 3.8748122, 43.6051902 ], [ 3.8748051, 43.6051919 ], [ 3.8748006, 43.6051931 ], [ 3.8747943, 43.6051943 ], [ 3.874788, 43.6051944 ], [ 3.8747817, 43.6051939 ], [ 3.8747727, 43.6051905 ], [ 3.8747664, 43.6051876 ], [ 3.8747609, 43.6051836 ], [ 3.8747287, 43.6051579 ], [ 3.874591, 43.605048 ], [ 3.8746678, 43.6050197 ], [ 3.8746485, 43.6049881 ], [ 3.874587, 43.6048938 ], [ 3.8745695, 43.6048657 ], [ 3.8745484, 43.6048335 ] ] ] } },
{ "type": "Feature", "properties": { "index": "24", "@osmId": "way/75398222", "name": "Mosquée En-Nour", "opening_hours": null, "label": "Places of worship", "color": "#8856a7" }, "geometry": { "type": "Polygon", "coordinates": [ [ [ 3.8693872, 43.6055482 ], [ 3.8694774, 43.6055065 ], [ 3.869601, 43.6055965 ], [ 3.8695128, 43.6056504 ], [ 3.8694498, 43.6055991 ], [ 3.8693872, 43.6055482 ] ] ] } },
{ "type": "Feature", "properties": { "index": "25", "@osmId": "way/75398318", "name": "Temple Brueys", "opening_hours": null, "label": "Places of worship", "color": "#8856a7" }, "geometry": { "type": "Polygon", "coordinates": [ [ [ 3.8734292, 43.6054825 ], [ 3.8736977, 43.6053476 ], [ 3.8737288, 43.6053815 ], [ 3.8737458, 43.6053825 ], [ 3.8737759, 43.6054134 ], [ 3.8737778, 43.6054175 ], [ 3.8737779, 43.6054221 ], [ 3.873777, 43.6054267 ], [ 3.8737735, 43.6054308 ], [ 3.8738054, 43.6054658 ], [ 3.8736669, 43.6055347 ], [ 3.8734709, 43.6056323 ], [ 3.8734365, 43.6055957 ], [ 3.8733632, 43.6055176 ], [ 3.8734292, 43.6054825 ] ] ] } },
{ "type": "Feature", "properties": { "index": "26", "@osmId": "way/272804945", "name": "Cathédrale Saint-Pierre", "opening_hours": "Mo-Su 10:45-11:45,14:30-18:00", "label": "Places of worship", "color": "#8856a7" }, "geometry": { "type": "Polygon", "coordinates": [ [ [ 3.873756, 43.6136848 ], [ 3.8737683, 43.6136771 ], [ 3.8737618, 43.6136542 ], [ 3.8737399, 43.6136499 ], [ 3.8737408, 43.6136473 ], [ 3.8737167, 43.6136424 ], [ 3.8737125, 43.6136534 ], [ 3.8737009, 43.6136511 ], [ 3.873705, 43.6136401 ], [ 3.8736757, 43.6136343 ], [ 3.8736716, 43.613645 ], [ 3.8736599, 43.6136427 ], [ 3.873664, 43.6136319 ], [ 3.8736324, 43.6136256 ], [ 3.8736285, 43.6136359 ], [ 3.8736168, 43.6136335 ], [ 3.8736206, 43.6136233 ], [ 3.8735885, 43.6136169 ], [ 3.8735846, 43.6136272 ], [ 3.8735733, 43.6136249 ], [ 3.8735772, 43.6136146 ], [ 3.8735602, 43.6136112 ], [ 3.8735631, 43.6136036 ], [ 3.8735801, 43.613607 ], [ 3.8736014, 43.6135507 ], [ 3.8735838, 43.6135472 ], [ 3.873587, 43.6135388 ], [ 3.8736046, 43.6135423 ], [ 3.8736228, 43.613494 ], [ 3.8736036, 43.6134902 ], [ 3.873607, 43.6134814 ], [ 3.8736262, 43.6134852 ], [ 3.8736308, 43.6134729 ], [ 3.8736422, 43.6134752 ], [ 3.873638, 43.6134865 ], [ 3.8737419, 43.6135073 ], [ 3.8737493, 43.6134878 ], [ 3.8737694, 43.6134918 ], [ 3.8737885, 43.6134448 ], [ 3.873793, 43.6134448 ], [ 3.873847, 43.6133248 ], [ 3.8738442, 43.6132862 ], [ 3.8738445, 43.6132797 ], [ 3.8738339, 43.6132735 ], [ 3.8738976, 43.6130815 ], [ 3.8739089, 43.6130816 ], [ 3.873906, 43.6130529 ], [ 3.8739028, 43.6130206 ], [ 3.8739468, 43.6130185 ], [ 3.8739848, 43.6129141 ], [ 3.8739872, 43.6129072 ], [ 3.8741132, 43.6129308 ], [ 3.8741117, 43.6129361 ], [ 3.8741191, 43.6129377 ], [ 3.8741494, 43.6128519 ], [ 3.8741421, 43.6128488 ], [ 3.8741364, 43.6128445 ], [ 3.8741326, 43.6128392 ], [ 3.874131, 43.6128333 ], [ 3.8741317, 43.6128274 ], [ 3.8741348, 43.6128218 ], [ 3.8741399, 43.6128171 ], [ 3.8741466, 43.6128136 ], [ 3.8741543, 43.6128116 ], [ 3.8741626, 43.6128113 ], [ 3.8741706, 43.6128127 ], [ 3.8741777, 43.6128157 ], [ 3.8741834, 43.61282 ], [ 3.8741872, 43.6128253 ], [ 3.8741888, 43.6128312 ], [ 3.8741881, 43.6128366 ], [ 3.8742358, 43.6128463 ], [ 3.8742964, 43.6128569 ], [ 3.874298, 43.6128539 ], [ 3.8743031, 43.6128492 ], [ 3.8743098, 43.6128457 ], [ 3.8743176, 43.6128437 ], [ 3.8743258, 43.6128434 ], [ 3.8743338, 43.6128448 ], [ 3.874341, 43.6128478 ], [ 3.8743467, 43.6128521 ], [ 3.8743505, 43.6128574 ], [ 3.8743521, 43.6128633 ], [ 3.8743513, 43.6128693 ], [ 3.8743483, 43.6128748 ], [ 3.8743432, 43.6128796 ], [ 3.8743365, 43.612883 ], [ 3.8743287, 43.612885 ], [ 3.8743205, 43.6128853 ], [ 3.874319, 43.6128851 ], [ 3.874289, 43.6129697 ], [ 3.8742986, 43.6129715 ], [ 3.8742999, 43.6129679 ], [ 3.8744251, 43.6129913 ], [ 3.8743952, 43.6130756 ], [ 3.8743734, 43.6130715 ], [ 3.8743704, 43.6130803 ], [ 3.8743536, 43.6130875 ], [ 3.8743348, 43.6130841 ], [ 3.8743254, 43.6131096 ], [ 3.874343, 43.6131129 ], [ 3.8743381, 43.6131265 ], [ 3.8743206, 43.6131231 ], [ 3.8743061, 43.6131632 ], [ 3.8742967, 43.6131892 ], [ 3.8743132, 43.6131925 ], [ 3.8743089, 43.6132047 ], [ 3.8742919, 43.6132013 ], [ 3.8742251, 43.6133871 ], [ 3.8742645, 43.6133946 ], [ 3.8742589, 43.6134103 ], [ 3.8742355, 43.6134058 ], [ 3.8741938, 43.6135219 ], [ 3.874217, 43.6135264 ], [ 3.8742114, 43.6135419 ], [ 3.8741882, 43.6135372 ], [ 3.8741712, 43.6135841 ], [ 3.874196, 43.6135889 ], [ 3.8741907, 43.6136035 ], [ 3.8741658, 43.6135987 ], [ 3.8741495, 43.6136441 ], [ 3.874172, 43.6136483 ], [ 3.8741666, 43.6136635 ], [ 3.8741442, 43.6136593 ], [ 3.8741266, 43.6137067 ], [ 3.8741493, 43.6137113 ], [ 3.8741435, 43.6137264 ], [ 3.8741209, 43.6137219 ], [ 3.8741169, 43.6137248 ], [ 3.8740892, 43.6137406 ], [ 3.8740912, 43.6137504 ], [ 3.8740732, 43.6137523 ], [ 3.8740713, 43.6137454 ], [ 3.8740244, 43.6137374 ], [ 3.8740169, 43.6137476 ], [ 3.8740404, 43.6137597 ], [ 3.8740273, 43.613773 ], [ 3.8740035, 43.6137607 ], [ 3.8739994, 43.613764 ], [ 3.8739887, 43.6137705 ], [ 3.8739831, 43.6137729 ], [ 3.8739953, 43.6137927 ], [ 3.8739748, 43.6137994 ], [ 3.8739628, 43.61378 ], [ 3.8739505, 43.6137824 ], [ 3.8739367, 43.6137837 ], [ 3.8739357, 43.6138048 ], [ 3.8739132, 43.6138042 ], [ 3.8739142, 43.6137824 ], [ 3.873909, 43.6137818 ], [ 3.8738957, 43.6137788 ], [ 3.8738918, 43.6137775 ], [ 3.8738763, 43.6137958 ], [ 3.8738571, 43.6137873 ], [ 3.8738724, 43.6137691 ], [ 3.8738715, 43.6137687 ], [ 3.8738612, 43.6137619 ], [ 3.8738551, 43.6137566 ], [ 3.8738305, 43.6137681 ], [ 3.8738183, 43.6137544 ], [ 3.8738432, 43.6137427 ], [ 3.8738394, 43.6137362 ], [ 3.8738382, 43.6137325 ], [ 3.8738086, 43.6137339 ], [ 3.8738071, 43.6137176 ], [ 3.8738341, 43.6137163 ], [ 3.8738353, 43.6137071 ], [ 3.8738371, 43.613702 ], [ 3.8737781, 43.6136909 ], [ 3.8737696, 43.6136957 ], [ 3.873756, 43.6136848 ] ] ] } },
{ "type": "Feature", "properties": { "index": "27", "@osmId": "way/273288906", "name": "Église Saint-Roch", "opening_hours": null, "label": "Places of worship", "color": "#8856a7" }, "geometry": { "type": "Polygon", "coordinates": [ [ [ 3.8758961, 43.6088537 ], [ 3.8758432, 43.6088531 ], [ 3.8758063, 43.6088255 ], [ 3.8758064, 43.6088245 ], [ 3.8758009, 43.6088284 ], [ 3.8757675, 43.6088283 ], [ 3.8757439, 43.608811 ], [ 3.875744, 43.6087867 ], [ 3.8757559, 43.6087781 ], [ 3.8757201, 43.6087775 ], [ 3.8757201, 43.6087723 ], [ 3.8757405, 43.6087726 ], [ 3.8757409, 43.6087421 ], [ 3.8757339, 43.6087421 ], [ 3.8757339, 43.6087298 ], [ 3.8757411, 43.6087299 ], [ 3.8757414, 43.6087053 ], [ 3.8757346, 43.6087053 ], [ 3.8757346, 43.6086931 ], [ 3.8757416, 43.6086931 ], [ 3.8757421, 43.6086621 ], [ 3.8757352, 43.6086621 ], [ 3.8757352, 43.6086498 ], [ 3.8757423, 43.6086498 ], [ 3.8757427, 43.6086166 ], [ 3.8757343, 43.6086165 ], [ 3.8757344, 43.608605 ], [ 3.8757427, 43.6086042 ], [ 3.8757428, 43.6085946 ], [ 3.8757409, 43.6085946 ], [ 3.8757345, 43.6085899 ], [ 3.8757345, 43.6085832 ], [ 3.8757409, 43.6085786 ], [ 3.8757428, 43.6085786 ], [ 3.8757428, 43.6085703 ], [ 3.8757345, 43.6085702 ], [ 3.8757348, 43.6085581 ], [ 3.8757428, 43.608558 ], [ 3.8757481, 43.6085579 ], [ 3.8757481, 43.6085523 ], [ 3.875767, 43.6085523 ], [ 3.875767, 43.6085579 ], [ 3.8758051, 43.6085579 ], [ 3.8758051, 43.6085529 ], [ 3.875824, 43.608553 ], [ 3.875824, 43.6085625 ], [ 3.8758722, 43.6085631 ], [ 3.8759179, 43.6085636 ], [ 3.8759181, 43.6085527 ], [ 3.8759369, 43.6085528 ], [ 3.8759369, 43.6085582 ], [ 3.8759756, 43.6085583 ], [ 3.8759756, 43.6085521 ], [ 3.8759945, 43.6085522 ], [ 3.8759945, 43.6085583 ], [ 3.8760005, 43.6085584 ], [ 3.8760068, 43.6085585 ], [ 3.8760068, 43.6085708 ], [ 3.8760003, 43.6085708 ], [ 3.8760001, 43.6085797 ], [ 3.8760013, 43.6085797 ], [ 3.8760077, 43.6085844 ], [ 3.8760077, 43.608591 ], [ 3.8760012, 43.6085957 ], [ 3.8759998, 43.6085957 ], [ 3.8759996, 43.6086047 ], [ 3.8760066, 43.6086047 ], [ 3.8760066, 43.608617 ], [ 3.8759994, 43.6086171 ], [ 3.8759987, 43.608651 ], [ 3.8760057, 43.608651 ], [ 3.8760055, 43.6086632 ], [ 3.8759984, 43.6086632 ], [ 3.8759979, 43.6086916 ], [ 3.8760044, 43.6086916 ], [ 3.8760042, 43.6087039 ], [ 3.8759976, 43.6087039 ], [ 3.8759971, 43.6087323 ], [ 3.8760046, 43.6087323 ], [ 3.8760044, 43.6087446 ], [ 3.8759968, 43.6087446 ], [ 3.8759962, 43.608775 ], [ 3.8760254, 43.608775 ], [ 3.8760254, 43.6087803 ], [ 3.8759961, 43.6087803 ], [ 3.8759853, 43.6087803 ], [ 3.875996, 43.6087881 ], [ 3.8759959, 43.6088124 ], [ 3.8759721, 43.6088296 ], [ 3.8759386, 43.6088295 ], [ 3.8759342, 43.6088262 ], [ 3.8759342, 43.6088269 ], [ 3.8758961, 43.6088537 ] ] ] } },
{ "type": "Feature", "properties": { "index": "28", "@osmId": "way/1057106429", "name": "Chapelle Saint-Charles", "opening_hours": null, "label": "Places of worship", "color": "#8856a7" }, "geometry": { "type": "Polygon", "coordinates": [ [ [ 3.874269, 43.6158016 ], [ 3.8741071, 43.6159175 ], [ 3.8740153, 43.6159833 ], [ 3.8739871, 43.6159636 ], [ 3.8738794, 43.6158886 ], [ 3.8738542, 43.615871 ], [ 3.8739494, 43.6158029 ], [ 3.8741123, 43.6156861 ], [ 3.874269, 43.6158016 ] ] ] } },
{ "type": "Feature", "properties": { "index": "29", "@osmId": "way/75395677", "name": "Église de l'Immaculée Conception", "opening_hours": null, "label": "Places of worship", "color": "#8856a7" }, "geometry": { "type": "Polygon", "coordinates": [ [ [ 3.8667498, 43.6063974 ], [ 3.8669158, 43.6064464 ], [ 3.8668914, 43.6064969 ], [ 3.8668905, 43.6065003 ], [ 3.8668908, 43.6065188 ], [ 3.8668917, 43.606524 ], [ 3.8668909, 43.6065292 ], [ 3.8668883, 43.6065344 ], [ 3.8668857, 43.6065396 ], [ 3.8668434, 43.6065966 ], [ 3.8667378, 43.6065667 ], [ 3.8666296, 43.6065369 ], [ 3.8665231, 43.6065071 ], [ 3.8665249, 43.6065025 ], [ 3.8665463, 43.6064908 ], [ 3.8665373, 43.6064885 ], [ 3.8665407, 43.606481 ], [ 3.8665488, 43.6064821 ], [ 3.8665576, 43.606463 ], [ 3.8665521, 43.6064607 ], [ 3.8665556, 43.6064532 ], [ 3.8665619, 43.6064537 ], [ 3.8665803, 43.6064183 ], [ 3.8665749, 43.6064161 ], [ 3.8665775, 43.6064097 ], [ 3.8665847, 43.6064108 ], [ 3.8665925, 43.6063911 ], [ 3.866588, 43.6063894 ], [ 3.8665914, 43.6063824 ], [ 3.8665995, 43.606383 ], [ 3.8665992, 43.6063622 ], [ 3.8666028, 43.6063558 ], [ 3.8666929, 43.6063805 ], [ 3.8667498, 43.6063974 ] ] ] } },
{ "type": "Feature", "properties": { "index": "30", "@osmId": "way/75780921", "name": "Église Sainte-Thérèse de Lisieux", "opening_hours": null, "label": "Places of worship", "color": "#8856a7" }, "geometry": { "type": "Polygon", "coordinates": [ [ [ 3.8645661, 43.6154341 ], [ 3.8646355, 43.6153856 ], [ 3.8647463, 43.615468 ], [ 3.8646715, 43.6155182 ], [ 3.8646442, 43.615497 ], [ 3.8646362, 43.6155006 ], [ 3.8646002, 43.6154974 ], [ 3.8645866, 43.6154853 ], [ 3.8645786, 43.6154912 ], [ 3.8645931, 43.6155038 ], [ 3.8646201, 43.615507 ], [ 3.8646221, 43.6155215 ], [ 3.8646017, 43.6155361 ], [ 3.8646269, 43.615544 ], [ 3.8646262, 43.6155532 ], [ 3.8646245, 43.6155636 ], [ 3.8645959, 43.6155713 ], [ 3.8645969, 43.6155777 ], [ 3.8646043, 43.6155921 ], [ 3.8645873, 43.6156038 ], [ 3.8645558, 43.6155976 ], [ 3.8645471, 43.6156179 ], [ 3.8645201, 43.615617 ], [ 3.8645082, 43.6155986 ], [ 3.8644877, 43.615612 ], [ 3.8644688, 43.6156081 ], [ 3.8644622, 43.6155879 ], [ 3.8644649, 43.6155862 ], [ 3.8643995, 43.6155353 ], [ 3.8643923, 43.6155359 ], [ 3.8643763, 43.6155476 ], [ 3.864352, 43.6155454 ], [ 3.8643383, 43.6155323 ], [ 3.8643348, 43.6155346 ], [ 3.8642294, 43.6154522 ], [ 3.8642293, 43.6154441 ], [ 3.864212, 43.6154327 ], [ 3.8642109, 43.615416 ], [ 3.8642297, 43.6154152 ], [ 3.8642341, 43.6154065 ], [ 3.8641632, 43.6153516 ], [ 3.8641552, 43.6153575 ], [ 3.8641382, 43.6153587 ], [ 3.8641246, 43.6153479 ], [ 3.8641253, 43.6153352 ], [ 3.8641431, 43.6153229 ], [ 3.8641583, 43.6153234 ], [ 3.864185, 43.6153053 ], [ 3.8641741, 43.6152955 ], [ 3.8641776, 43.6152897 ], [ 3.8642177, 43.6152634 ], [ 3.8642313, 43.6152726 ], [ 3.8642589, 43.6152533 ], [ 3.8642606, 43.615244 ], [ 3.8642801, 43.6152306 ], [ 3.8642955, 43.615234 ], [ 3.8643091, 43.6152443 ], [ 3.8643075, 43.6152564 ], [ 3.8642959, 43.6152646 ], [ 3.8643658, 43.6153178 ], [ 3.8643757, 43.6153177 ], [ 3.8643845, 43.6153049 ], [ 3.8644088, 43.6153059 ], [ 3.8644207, 43.6153179 ], [ 3.8644287, 43.6153179 ], [ 3.8645314, 43.6154003 ], [ 3.8645325, 43.6154141 ], [ 3.8645461, 43.6154186 ], [ 3.8645455, 43.6154389 ], [ 3.864532, 43.6154424 ], [ 3.8645304, 43.6154511 ], [ 3.8645495, 43.6154666 ], [ 3.8645797, 43.6154461 ], [ 3.8645661, 43.6154341 ] ] ] } },
{ "type": "Feature", "properties": { "index": "31", "@osmId": "node/251346688", "name": "Église de l'ancien couvent des Sœurs de Saint-Joseph", "opening_hours": null, "label": "Places of worship", "color": "#8856a7" }, "geometry": { "type": "Point", "coordinates": [ 3.8689858, 43.6134209 ] } },
{ "type": "Feature", "properties": { "index": "32", "@osmId": "node/579783609", "name": "Synagogue Mazal Tov", "opening_hours": null, "label": "Places of worship", "color": "#8856a7" }, "geometry": { "type": "Point", "coordinates": [ 3.8785566, 43.6175488 ] } },
{ "type": "Feature", "properties": { "index": "33", "@osmId": "node/611601643", "name": "Église Orthodoxe", "opening_hours": null, "label": "Places of worship", "color": "#8856a7" }, "geometry": { "type": "Point", "coordinates": [ 3.8769363, 43.6089025 ] } },
{ "type": "Feature", "properties": { "index": "34", "@osmId": "node/2296504346", "name": "International Chapel", "opening_hours": null, "label": "Places of worship", "color": "#8856a7" }, "geometry": { "type": "Point", "coordinates": [ 3.8840466, 43.6146254 ] } },
{ "type": "Feature", "properties": { "index": "35", "@osmId": "node/11360708448", "name": "Synagogue Beth Menahem Mendel Lubavitch", "opening_hours": null, "label": "Places of worship", "color": "#8856a7" }, "geometry": { "type": "Point", "coordinates": [ 3.8741317, 43.6002374 ] } },
{ "type": "Feature", "properties": { "index": "36", "@osmId": "node/11360708454", "name": "Grande synagogue Ben Zakaï", "opening_hours": null, "label": "Places of worship", "color": "#8856a7" }, "geometry": { "type": "Point", "coordinates": [ 3.8763486, 43.6046765 ] } },
{ "type": "Feature", "properties": { "index": "37", "@osmId": "way/22913747", "name": "Médiathèque centrale Émile Zola", "opening_hours": "Mo off; Tu 12:00-19:00; We 10:00-19:00; Th 12:00-21:00; Fr 12:00-19:00; Sa 10:00-18:30; Su 14:30-18:00", "label": "Public libraries", "color": "#756bb1" }, "geometry": { "type": "Polygon", "coordinates": [ [ [ 3.8938881, 43.6085355 ], [ 3.8927246, 43.6086186 ], [ 3.8927181, 43.6085538 ], [ 3.8927121, 43.6084733 ], [ 3.8927371, 43.6084725 ], [ 3.8927308, 43.6084123 ], [ 3.8928566, 43.6084027 ], [ 3.892853, 43.6083694 ], [ 3.8926919, 43.6083794 ], [ 3.8926785, 43.6082834 ], [ 3.8931429, 43.6082527 ], [ 3.89314, 43.6082276 ], [ 3.8934291, 43.6082051 ], [ 3.8934323, 43.6082285 ], [ 3.8939133, 43.6081913 ], [ 3.8939266, 43.608284 ], [ 3.8937359, 43.6082952 ], [ 3.893739, 43.6083313 ], [ 3.893866, 43.6083243 ], [ 3.8938719, 43.6083822 ], [ 3.8938809, 43.6083818 ], [ 3.8938941, 43.6084957 ], [ 3.8938881, 43.6085355 ] ] ] } },
{ "type": "Feature", "properties": { "index": "38", "@osmId": "way/76169365", "name": "Bibliothèque universitaire de Richter", "opening_hours": null, "label": "Public libraries", "color": "#756bb1" }, "geometry": { "type": "Polygon", "coordinates": [ [ [ 3.8988873, 43.6051811 ], [ 3.8988116, 43.6052232 ], [ 3.8987509, 43.6052543 ], [ 3.8986546, 43.6052995 ], [ 3.898626, 43.6053131 ], [ 3.8985903, 43.6053283 ], [ 3.898551, 43.6053442 ], [ 3.8983228, 43.6054061 ], [ 3.898363, 43.6053301 ], [ 3.8982668, 43.6053234 ], [ 3.8985308, 43.6048269 ], [ 3.8985985, 43.604846 ], [ 3.8986553, 43.6048617 ], [ 3.8986649, 43.6048443 ], [ 3.8986352, 43.6048359 ], [ 3.8987165, 43.6046822 ], [ 3.8988522, 43.6047203 ], [ 3.8991405, 43.6048013 ], [ 3.8991459, 43.6048625 ], [ 3.8991216, 43.604861 ], [ 3.8991122, 43.6048917 ], [ 3.8991481, 43.6048943 ], [ 3.8991078, 43.604961 ], [ 3.8990521, 43.6050256 ], [ 3.8989938, 43.6050872 ], [ 3.8989255, 43.6051496 ], [ 3.8988873, 43.6051811 ] ] ] } },
{ "type": "Feature", "properties": { "index": "39", "@osmId": "node/635867540", "name": "Librairie Juridique des Étudiants", "opening_hours": "Mo-Fr 09:00-19:00", "label": "Public libraries", "color": "#756bb1" }, "geometry": { "type": "Point", "coordinates": [ 3.8771451, 43.613544 ] } },
{ "type": "Feature", "properties": { "index": "40", "@osmId": "node/1614311612", "name": "Bibliothèque universitaire Montpellier 3 : Site de Saint-Charles", "opening_hours": "Oct-May: Mo-Fr 09:00-21:00; Oct-May: Sa 09:00-17:00; Jun: Mo-Fr 09:00-18:00; Jul: Mo-Fr 09:00-16:00", "label": "Public libraries", "color": "#756bb1" }, "geometry": { "type": "Point", "coordinates": [ 3.8735835, 43.6161721 ] } },
{ "type": "Feature", "properties": { "index": "41", "@osmId": "node/1624095376", "name": "Bibliothèque pour Tous", "opening_hours": "Tu,We,Fr,Sa 10:00-12:00", "label": "Public libraries", "color": "#756bb1" }, "geometry": { "type": "Point", "coordinates": [ 3.8736884, 43.6195005 ] } },
{ "type": "Feature", "properties": { "index": "42", "@osmId": "node/1756984369", "name": null, "opening_hours": null, "label": "Public libraries", "color": "#756bb1" }, "geometry": { "type": "Point", "coordinates": [ 3.8989028, 43.6049592 ] } },
{ "type": "Feature", "properties": { "index": "43", "@osmId": "node/4401150535", "name": "Archives Municipales", "opening_hours": "Mo-Fr 10:00-17:00", "label": "Public libraries", "color": "#756bb1" }, "geometry": { "type": "Point", "coordinates": [ 3.8936898, 43.608388 ] } },
{ "type": "Feature", "properties": { "index": "44", "@osmId": "node/5107691934", "name": "CDI", "opening_hours": null, "label": "Public libraries", "color": "#756bb1" }, "geometry": { "type": "Point", "coordinates": [ 3.8864352, 43.6108232 ] } },
{ "type": "Feature", "properties": { "index": "45", "@osmId": "node/5115528140", "name": "CDI", "opening_hours": null, "label": "Public libraries", "color": "#756bb1" }, "geometry": { "type": "Point", "coordinates": [ 3.8905405, 43.6109387 ] } },
{ "type": "Feature", "properties": { "index": "46", "@osmId": "node/12505089948", "name": "Centre de Ressources Documentaires", "opening_hours": "Mo 12:00-17:30; Tu-We 08:30-17:30; Th-Fr 09:30-17:30; PH off", "label": "Public libraries", "color": "#756bb1" }, "geometry": { "type": "Point", "coordinates": [ 3.868639, 43.620201 ] } },
{ "type": "Feature", "properties": { "index": "47", "@osmId": "node/13355592606", "name": "Médiathèque de la Cité des Arts", "opening_hours": null, "label": "Public libraries", "color": "#756bb1" }, "geometry": { "type": "Point", "coordinates": [ 3.8679892, 43.622134 ] } },
{ "type": "Feature", "properties": { "index": "48", "@osmId": "relation/1226892", "name": "Musée Fabre", "opening_hours": "Tu-Su 10:00-18:00", "label": "Museums & galleries", "color": "#dd3497" }, "geometry": { "type": "Polygon", "coordinates": [ [ [ 3.8794286, 43.6115682 ], [ 3.8797033, 43.6115494 ], [ 3.8797053, 43.6115655 ], [ 3.8797735, 43.6115621 ], [ 3.879774, 43.611591 ], [ 3.8800325, 43.6115775 ], [ 3.8800335, 43.6115798 ], [ 3.8801969, 43.6115722 ], [ 3.8802154, 43.6117368 ], [ 3.8802224, 43.6117811 ], [ 3.8802346, 43.6118849 ], [ 3.8802388, 43.6119167 ], [ 3.8800363, 43.6119316 ], [ 3.8799072, 43.6119411 ], [ 3.8798093, 43.6119483 ], [ 3.8798024, 43.6119062 ], [ 3.8797293, 43.6119125 ], [ 3.8797209, 43.611838 ], [ 3.8797281, 43.6118374 ], [ 3.8797199, 43.6117716 ], [ 3.8797137, 43.6117104 ], [ 3.8797047, 43.6117111 ], [ 3.8796983, 43.6116389 ], [ 3.8794235, 43.6116537 ], [ 3.8792583, 43.6116625 ], [ 3.8792543, 43.6116302 ], [ 3.8793988, 43.6116204 ], [ 3.8793972, 43.6115708 ], [ 3.8794286, 43.6115682 ] ], [ [ 3.8800288, 43.6116919 ], [ 3.8797667, 43.6117083 ], [ 3.8797829, 43.6118341 ], [ 3.880045, 43.6118194 ], [ 3.8800288, 43.6116919 ] ] ] } },
{ "type": "Feature", "properties": { "index": "49", "@osmId": "way/60178250", "name": "Galerie Annie Gabrielli", "opening_hours": "We-Sa 15:00-19:00", "label": "Museums & galleries", "color": "#dd3497" }, "geometry": { "type": "Polygon", "coordinates": [ [ [ 3.8861782, 43.6180654 ], [ 3.8861504, 43.6180068 ], [ 3.88615, 43.6180061 ], [ 3.8862351, 43.6179595 ], [ 3.8862863, 43.6180082 ], [ 3.8862992, 43.6180204 ], [ 3.886314, 43.6180127 ], [ 3.8863522, 43.6180496 ], [ 3.8863925, 43.6180885 ], [ 3.8863, 43.6181408 ], [ 3.8862321, 43.6181792 ], [ 3.8862101, 43.6181328 ], [ 3.8861782, 43.6180654 ] ] ] } },
{ "type": "Feature", "properties": { "index": "50", "@osmId": "way/667055642", "name": "Musée d'Art Brut", "opening_hours": null, "label": "Museums & galleries", "color": "#dd3497" }, "geometry": { "type": "Polygon", "coordinates": [ [ [ 3.8824603, 43.618425 ], [ 3.8824728, 43.6184375 ], [ 3.8824431, 43.6184529 ], [ 3.882435, 43.6184571 ], [ 3.8823331, 43.6185104 ], [ 3.8823135, 43.6185207 ], [ 3.8822057, 43.6185777 ], [ 3.882201, 43.6185797 ], [ 3.8821531, 43.6185255 ], [ 3.8820942, 43.6184587 ], [ 3.882197, 43.6184059 ], [ 3.8822276, 43.6183901 ], [ 3.8823466, 43.6183286 ], [ 3.8823569, 43.6183233 ], [ 3.882368, 43.6183342 ], [ 3.8823775, 43.6183436 ], [ 3.8824488, 43.6184138 ], [ 3.8824603, 43.618425 ] ] ] } },
{ "type": "Feature", "properties": { "index": "51", "@osmId": "way/26576910", "name": "Pavillon Populaire", "opening_hours": "off", "label": "Museums & galleries", "color": "#dd3497" }, "geometry": { "type": "Polygon", "coordinates": [ [ [ 3.8819816, 43.6102019 ], [ 3.8819687, 43.610144 ], [ 3.8820955, 43.6101284 ], [ 3.8820906, 43.6101074 ], [ 3.8821396, 43.6101014 ], [ 3.882188, 43.6100954 ], [ 3.8821929, 43.6101165 ], [ 3.8823222, 43.6101003 ], [ 3.8823696, 43.610303 ], [ 3.8822579, 43.6103171 ], [ 3.882264, 43.610324 ], [ 3.8822418, 43.6103396 ], [ 3.8821459, 43.6103512 ], [ 3.8821221, 43.6103448 ], [ 3.8821209, 43.6103338 ], [ 3.8820161, 43.6103467 ], [ 3.8820022, 43.6102857 ], [ 3.8819655, 43.6102902 ], [ 3.8819459, 43.6102064 ], [ 3.8819816, 43.6102019 ] ] ] } },
{ "type": "Feature", "properties": { "index": "52", "@osmId": "way/26577008", "name": "Salle Dominique Bagouet", "opening_hours": null, "label": "Museums & galleries", "color": "#dd3497" }, "geometry": { "type": "Polygon", "coordinates": [ [ [ 3.8816843, 43.6100095 ], [ 3.8816755, 43.6099677 ], [ 3.8819361, 43.609939 ], [ 3.8819441, 43.6099771 ], [ 3.8819522, 43.6100159 ], [ 3.8816917, 43.6100446 ], [ 3.8816862, 43.6100187 ], [ 3.8816843, 43.6100095 ] ] ] } },
{ "type": "Feature", "properties": { "index": "53", "@osmId": "way/75264144", "name": "Musée Sabatier d'Espeyran", "opening_hours": "Tu,Sa,Su 14:00-17:00", "label": "Museums & galleries", "color": "#dd3497" }, "geometry": { "type": "Polygon", "coordinates": [ [ [ 3.8803223, 43.6111692 ], [ 3.8803156, 43.6111415 ], [ 3.880364, 43.611136 ], [ 3.8803402, 43.6110426 ], [ 3.8804299, 43.6110286 ], [ 3.8804666, 43.6110231 ], [ 3.8805106, 43.6110176 ], [ 3.8805689, 43.6110114 ], [ 3.8805794, 43.6110569 ], [ 3.8805841, 43.6110777 ], [ 3.8805928, 43.6111157 ], [ 3.8806101, 43.6111884 ], [ 3.8805894, 43.6111874 ], [ 3.8805534, 43.6111848 ], [ 3.8805003, 43.6111811 ], [ 3.88045, 43.6111781 ], [ 3.8803879, 43.6111733 ], [ 3.8803524, 43.6111711 ], [ 3.8803223, 43.6111692 ] ] ] } },
{ "type": "Feature", "properties": { "index": "54", "@osmId": "way/75278752", "name": "Mo.Co Hôtel des Collections", "opening_hours": null, "label": "Museums & galleries", "color": "#dd3497" }, "geometry": { "type": "Polygon", "coordinates": [ [ [ 3.879172, 43.6061685 ], [ 3.8793205, 43.606373 ], [ 3.8794841, 43.606314 ], [ 3.8794886, 43.6063203 ], [ 3.8794216, 43.6063456 ], [ 3.8794501, 43.6063853 ], [ 3.8795171, 43.6063605 ], [ 3.8795831, 43.606453 ], [ 3.8795304, 43.606473 ], [ 3.8793383, 43.6065461 ], [ 3.8791651, 43.6063129 ], [ 3.8790578, 43.6063507 ], [ 3.8789962, 43.6063731 ], [ 3.8788603, 43.6064209 ], [ 3.8790371, 43.6066599 ], [ 3.8789987, 43.606674 ], [ 3.8789382, 43.6065919 ], [ 3.8788447, 43.6064644 ], [ 3.8787545, 43.6064986 ], [ 3.8786878, 43.6063645 ], [ 3.8786789, 43.6063645 ], [ 3.8786724, 43.6063536 ], [ 3.8787859, 43.6063112 ], [ 3.8787942, 43.6063215 ], [ 3.8788038, 43.606318 ], [ 3.8789355, 43.6062702 ], [ 3.8790963, 43.6062106 ], [ 3.879088, 43.6061986 ], [ 3.879172, 43.6061685 ] ] ] } },
{ "type": "Feature", "properties": { "index": "55", "@osmId": "way/103676805", "name": "Fondation Pioch Pelat - ARPAC", "opening_hours": null, "label": "Museums & galleries", "color": "#dd3497" }, "geometry": { "type": "Polygon", "coordinates": [ [ [ 3.901203, 43.624233 ], [ 3.901149, 43.624252 ], [ 3.90112, 43.624206 ], [ 3.901036, 43.624075 ], [ 3.9011, 43.624054 ], [ 3.901132, 43.624098 ], [ 3.901148, 43.624093 ], [ 3.901162, 43.624115 ], [ 3.901191, 43.62412 ], [ 3.901238, 43.62419 ], [ 3.901342, 43.624155 ], [ 3.901382, 43.624217 ], [ 3.901261, 43.624257 ], [ 3.901255, 43.624246 ], [ 3.901237, 43.624251 ], [ 3.901212, 43.624244 ], [ 3.901203, 43.624233 ] ] ] } },
{ "type": "Feature", "properties": { "index": "56", "@osmId": "node/147054273", "name": "Atelier Galerie d'art Jean-Luc Turlure", "opening_hours": "\"by appointment\"", "label": "Museums & galleries", "color": "#dd3497" }, "geometry": { "type": "Point", "coordinates": [ 3.8876303, 43.6209792 ] } },
{ "type": "Feature", "properties": { "index": "57", "@osmId": "node/265363031", "name": "Galerie municipale Saint-Ravy", "opening_hours": "Tu-Su 13:00-19:00", "label": "Museums & galleries", "color": "#dd3497" }, "geometry": { "type": "Point", "coordinates": [ 3.8769117, 43.6091823 ] } },
{ "type": "Feature", "properties": { "index": "58", "@osmId": "node/660200997", "name": "Studio 411", "opening_hours": "Tu-Fr 14:00-18:00", "label": "Museums & galleries", "color": "#dd3497" }, "geometry": { "type": "Point", "coordinates": [ 3.8731017, 43.6038366 ] } },
{ "type": "Feature", "properties": { "index": "59", "@osmId": "node/724215479", "name": "Aga", "opening_hours": null, "label": "Museums & galleries", "color": "#dd3497" }, "geometry": { "type": "Point", "coordinates": [ 3.8759548, 43.6112949 ] } },
{ "type": "Feature", "properties": { "index": "60", "@osmId": "node/1165324328", "name": "Musée Languedocien", "opening_hours": null, "label": "Museums & galleries", "color": "#dd3497" }, "geometry": { "type": "Point", "coordinates": [ 3.8791384, 43.6095397 ] } },
{ "type": "Feature", "properties": { "index": "61", "@osmId": "node/4402339752", "name": "Pharmacie et Chapelle de la Miséricorde", "opening_hours": null, "label": "Museums & galleries", "color": "#dd3497" }, "geometry": { "type": "Point", "coordinates": [ 3.8792357, 43.6107381 ] } },
{ "type": "Feature", "properties": { "index": "62", "@osmId": "node/5732648015", "name": "Nicolas Xavier", "opening_hours": "Tu-Th 09:30-12:30,14:00-18:00", "label": "Museums & galleries", "color": "#dd3497" }, "geometry": { "type": "Point", "coordinates": [ 3.8788846, 43.6110788 ] } },
{ "type": "Feature", "properties": { "index": "63", "@osmId": "node/5747891370", "name": "Galerie Chantiers Boîte Noire", "opening_hours": "Th-Sa 15:30-19:00", "label": "Museums & galleries", "color": "#dd3497" }, "geometry": { "type": "Point", "coordinates": [ 3.8785574, 43.6118726 ] } },
{ "type": "Feature", "properties": { "index": "64", "@osmId": "node/5747891397", "name": "Gallerie de la Chapelle", "opening_hours": null, "label": "Museums & galleries", "color": "#dd3497" }, "geometry": { "type": "Point", "coordinates": [ 3.8786948, 43.6132771 ] } },
{ "type": "Feature", "properties": { "index": "65", "@osmId": "node/6299916603", "name": "Chez Pablo - Art school", "opening_hours": null, "label": "Museums & galleries", "color": "#dd3497" }, "geometry": { "type": "Point", "coordinates": [ 3.8733881, 43.6107429 ] } },
{ "type": "Feature", "properties": { "index": "66", "@osmId": "node/12229780417", "name": "Iconoscope", "opening_hours": "We-Fr 14:00-18:00; Sa by appointment", "label": "Museums & galleries", "color": "#dd3497" }, "geometry": { "type": "Point", "coordinates": [ 3.8701877, 43.6051573 ] } },
{ "type": "Feature", "properties": { "index": "67", "@osmId": "node/12758347868", "name": "Carré d'Artistes", "opening_hours": null, "label": "Museums & galleries", "color": "#dd3497" }, "geometry": { "type": "Point", "coordinates": [ 3.8774666, 43.6083111 ] } },
{ "type": "Feature", "properties": { "index": "68", "@osmId": "node/13508792408", "name": "Mille formes - Centre d'initiation à l'art pour els 0-6 ans", "opening_hours": null, "label": "Museums & galleries", "color": "#dd3497" }, "geometry": { "type": "Point", "coordinates": [ 3.8861193, 43.6082555 ] } },
{ "type": "Feature", "properties": { "index": "69", "@osmId": "node/13748589401", "name": "UP / SIDE TOWN", "opening_hours": null, "label": "Museums & galleries", "color": "#dd3497" }, "geometry": { "type": "Point", "coordinates": [ 3.8770373, 43.6119835 ] } },
{ "type": "Feature", "properties": { "index": "70", "@osmId": "way/103661125", "name": null, "opening_hours": null, "label": "Shopping centres", "color": "#636363" }, "geometry": { "type": "Polygon", "coordinates": [ [ [ 3.8996049, 43.6225314 ], [ 3.8995359, 43.6225434 ], [ 3.8995479, 43.6225834 ], [ 3.8995609, 43.6225824 ], [ 3.8995849, 43.6226524 ], [ 3.8995709, 43.6226554 ], [ 3.8995939, 43.6227244 ], [ 3.8995779, 43.6227284 ], [ 3.8995822, 43.622741 ], [ 3.8995906, 43.6227657 ], [ 3.8996409, 43.6229124 ], [ 3.8996499, 43.6229374 ], [ 3.8995009, 43.6229644 ], [ 3.8994719, 43.6229704 ], [ 3.8995139, 43.6230884 ], [ 3.8995309, 43.6230914 ], [ 3.8995409, 43.6230964 ], [ 3.8995479, 43.6231034 ], [ 3.8995529, 43.6231134 ], [ 3.8995489, 43.6231264 ], [ 3.8995419, 43.6231344 ], [ 3.8995309, 43.6231404 ], [ 3.8995209, 43.6231434 ], [ 3.8995039, 43.6231434 ], [ 3.8994909, 43.6231384 ], [ 3.8994769, 43.6231324 ], [ 3.899182, 43.623186 ], [ 3.8991359, 43.6231944 ], [ 3.8991389, 43.6232104 ], [ 3.8991919, 43.6232014 ], [ 3.8992419, 43.6233434 ], [ 3.8990979, 43.6233694 ], [ 3.8990429, 43.6232124 ], [ 3.8989399, 43.6229194 ], [ 3.8988489, 43.6226584 ], [ 3.8987799, 43.6224604 ], [ 3.8986909, 43.6222144 ], [ 3.8988437, 43.6221861 ], [ 3.8988999, 43.6221757 ], [ 3.899213, 43.6221176 ], [ 3.8992949, 43.6221024 ], [ 3.8993536, 43.6220925 ], [ 3.8993839, 43.6220874 ], [ 3.8993929, 43.6221104 ], [ 3.8994597, 43.6220974 ], [ 3.8994914, 43.6220912 ], [ 3.8995209, 43.6220854 ], [ 3.8996539, 43.6220614 ], [ 3.8996599, 43.6220864 ], [ 3.8996829, 43.6221414 ], [ 3.8996929, 43.6221394 ], [ 3.8997149, 43.6221984 ], [ 3.8997029, 43.6222004 ], [ 3.8997229, 43.6222554 ], [ 3.8996969, 43.6222604 ], [ 3.8997089, 43.6222944 ], [ 3.8996469, 43.6223064 ], [ 3.8996579, 43.6223364 ], [ 3.8996119, 43.6223454 ], [ 3.8996369, 43.6224154 ], [ 3.8996269, 43.6224174 ], [ 3.8996499, 43.6224874 ], [ 3.8995919, 43.6224964 ], [ 3.8996049, 43.6225314 ] ] ] } },
{ "type": "Feature", "properties": { "index": "71", "@osmId": "way/75247315", "name": null, "opening_hours": null, "label": "Shopping centres", "color": "#636363" }, "geometry": { "type": "Polygon", "coordinates": [ [ [ 3.8891176, 43.6130646 ], [ 3.8896616, 43.6130904 ], [ 3.8896334, 43.6133766 ], [ 3.8890894, 43.6133478 ], [ 3.8891029, 43.6132123 ], [ 3.8891176, 43.6130646 ] ] ] } },
{ "type": "Feature", "properties": { "index": "72", "@osmId": "way/83601954", "name": "Polygone", "opening_hours": null, "label": "Shopping centres", "color": "#636363" }, "geometry": { "type": "Polygon", "coordinates": [ [ [ 3.8853649, 43.6079568 ], [ 3.8854106, 43.6079484 ], [ 3.8853267, 43.6076758 ], [ 3.8855158, 43.6076437 ], [ 3.885611, 43.607952 ], [ 3.8856495, 43.6079454 ], [ 3.8857024, 43.6079369 ], [ 3.8857541, 43.6079286 ], [ 3.8857858, 43.6079235 ], [ 3.8858065, 43.6079974 ], [ 3.8858981, 43.6083106 ], [ 3.8859104, 43.6083447 ], [ 3.8859237, 43.6083815 ], [ 3.8859293, 43.6084001 ], [ 3.8860304, 43.6087476 ], [ 3.8858584, 43.6087683 ], [ 3.885613, 43.6088033 ], [ 3.8854885, 43.6088175 ], [ 3.885393, 43.6088409 ], [ 3.8852052, 43.6088692 ], [ 3.8851212, 43.6088819 ], [ 3.8845238, 43.6089721 ], [ 3.8844245, 43.6089067 ], [ 3.8843626, 43.608916 ], [ 3.8842281, 43.6089363 ], [ 3.8842028, 43.6089392 ], [ 3.8840411, 43.6089659 ], [ 3.8840341, 43.608942 ], [ 3.8839642, 43.6089512 ], [ 3.8838243, 43.6089736 ], [ 3.8838203, 43.6089691 ], [ 3.8836773, 43.6088078 ], [ 3.883679, 43.6087811 ], [ 3.8836803, 43.608761 ], [ 3.8836852, 43.6086875 ], [ 3.8836887, 43.6086201 ], [ 3.8836887, 43.6086095 ], [ 3.8836885, 43.6085491 ], [ 3.8836877, 43.6082868 ], [ 3.8836865, 43.6082636 ], [ 3.8836672, 43.6082265 ], [ 3.8837516, 43.6082285 ], [ 3.8837542, 43.6082285 ], [ 3.8838082, 43.6082292 ], [ 3.8840447, 43.6081126 ], [ 3.8841793, 43.6080462 ], [ 3.884248, 43.6080133 ], [ 3.8842498, 43.6080121 ], [ 3.8843064, 43.6080747 ], [ 3.8843546, 43.6080512 ], [ 3.8843829, 43.6080816 ], [ 3.8844043, 43.6080716 ], [ 3.8844234, 43.6080922 ], [ 3.8844957, 43.608057 ], [ 3.8844747, 43.6080358 ], [ 3.8845479, 43.6080006 ], [ 3.8845553, 43.6080133 ], [ 3.8845716, 43.6080224 ], [ 3.8845878, 43.6080251 ], [ 3.8845995, 43.6080245 ], [ 3.8846262, 43.6080121 ], [ 3.8846344, 43.608019 ], [ 3.8846621, 43.6080078 ], [ 3.8847068, 43.6080571 ], [ 3.8847929, 43.6080438 ], [ 3.8848154, 43.6080401 ], [ 3.8847417, 43.6078169 ], [ 3.8848764, 43.6077934 ], [ 3.8848632, 43.6077534 ], [ 3.8850921, 43.6077135 ], [ 3.8851811, 43.6079833 ], [ 3.8853281, 43.6079606 ], [ 3.8853649, 43.6079568 ] ] ] } },
{ "type": "Feature", "properties": { "index": "73", "@osmId": "relation/19313832", "name": null, "opening_hours": null, "label": "Fountains & water features", "color": "#41b6c4" }, "geometry": { "type": "Polygon", "coordinates": [ [ [ 3.8808886, 43.6096738 ], [ 3.8808568, 43.6095348 ], [ 3.8809245, 43.6095281 ], [ 3.8810495, 43.6096006 ], [ 3.8810733, 43.6096934 ], [ 3.8809563, 43.6097072 ], [ 3.8808886, 43.6096738 ] ], [ [ 3.8809419, 43.6096436 ], [ 3.8809462, 43.6096652 ], [ 3.880981, 43.6096616 ], [ 3.8809767, 43.60964 ], [ 3.8809419, 43.6096436 ] ], [ [ 3.8809255, 43.6095704 ], [ 3.8809298, 43.609592 ], [ 3.8809646, 43.6095884 ], [ 3.8809603, 43.6095668 ], [ 3.8809255, 43.6095704 ] ] ] } },
{ "type": "Feature", "properties": { "index": "74", "@osmId": "relation/19313833", "name": null, "opening_hours": null, "label": "Fountains & water features", "color": "#41b6c4" }, "geometry": { "type": "Polygon", "coordinates": [ [ [ 3.8804583, 43.6094076 ], [ 3.8805395, 43.609309 ], [ 3.880791, 43.6094517 ], [ 3.8813, 43.6116377 ], [ 3.8812729, 43.6116403 ], [ 3.8808234, 43.6097146 ], [ 3.8806426, 43.609734 ], [ 3.8805284, 43.6096875 ], [ 3.8804583, 43.6094076 ] ], [ [ 3.8806376, 43.609693 ], [ 3.8806419, 43.6097146 ], [ 3.8806767, 43.609711 ], [ 3.8806724, 43.6096894 ], [ 3.8806376, 43.609693 ] ], [ [ 3.8805873, 43.6094801 ], [ 3.8805916, 43.6095017 ], [ 3.8806264, 43.6094981 ], [ 3.8806221, 43.6094765 ], [ 3.8805873, 43.6094801 ] ], [ [ 3.8806207, 43.6096216 ], [ 3.880625, 43.6096433 ], [ 3.8806597, 43.6096397 ], [ 3.8806555, 43.609618 ], [ 3.8806207, 43.6096216 ] ], [ [ 3.8806043, 43.6095503 ], [ 3.8806085, 43.6095719 ], [ 3.8806433, 43.6095683 ], [ 3.880639, 43.6095467 ], [ 3.8806043, 43.6095503 ] ] ] } },
{ "type": "Feature", "properties": { "index": "75", "@osmId": "way/472297429", "name": null, "opening_hours": null, "label": "Fountains & water features", "color": "#41b6c4" }, "geometry": { "type": "Polygon", "coordinates": [ [ [ 3.8939455, 43.6014739 ], [ 3.8939116, 43.6014561 ], [ 3.8939402, 43.6014269 ], [ 3.8939747, 43.6014455 ], [ 3.8939455, 43.6014739 ] ] ] } },
{ "type": "Feature", "properties": { "index": "76", "@osmId": "way/661169211", "name": "Thessalie", "opening_hours": null, "label": "Fountains & water features", "color": "#41b6c4" }, "geometry": { "type": "Polygon", "coordinates": [ [ [ 3.8916001, 43.60787 ], [ 3.8916154, 43.6078791 ], [ 3.8916272, 43.6078894 ], [ 3.8916362, 43.6079011 ], [ 3.8916421, 43.6079139 ], [ 3.8916446, 43.6079272 ], [ 3.8916437, 43.6079406 ], [ 3.8916395, 43.6079536 ], [ 3.891632, 43.6079659 ], [ 3.8916215, 43.607977 ], [ 3.8916084, 43.6079865 ], [ 3.8915932, 43.6079941 ], [ 3.8915762, 43.6079995 ], [ 3.8915582, 43.6080026 ], [ 3.8915396, 43.6080033 ], [ 3.8915213, 43.6080014 ], [ 3.8915037, 43.6079972 ], [ 3.8914875, 43.6079907 ], [ 3.8914732, 43.6079821 ], [ 3.8914606, 43.6079711 ], [ 3.8914512, 43.6079585 ], [ 3.8914455, 43.6079448 ], [ 3.8914435, 43.6079306 ], [ 3.8914454, 43.6079164 ], [ 3.8914511, 43.6079027 ], [ 3.8914604, 43.6078901 ], [ 3.8914729, 43.607879 ], [ 3.8914882, 43.6078699 ], [ 3.8915056, 43.6078632 ], [ 3.8915245, 43.607859 ], [ 3.8915441, 43.6078576 ], [ 3.8915638, 43.607859 ], [ 3.8915827, 43.6078632 ], [ 3.8916001, 43.60787 ] ] ] } },
{ "type": "Feature", "properties": { "index": "77", "@osmId": "way/661171014", "name": "Fontaine de la Révolution", "opening_hours": null, "label": "Fountains & water features", "color": "#41b6c4" }, "geometry": { "type": "Polygon", "coordinates": [ [ [ 3.8981729, 43.6042242 ], [ 3.898056, 43.6042162 ], [ 3.8980667, 43.6041346 ], [ 3.8981836, 43.6041426 ], [ 3.8981729, 43.6042242 ] ] ] } },
{ "type": "Feature", "properties": { "index": "78", "@osmId": "way/1351657442", "name": null, "opening_hours": null, "label": "Fountains & water features", "color": "#41b6c4" }, "geometry": { "type": "Polygon", "coordinates": [ [ [ 3.8677166, 43.6200228 ], [ 3.8677264, 43.6200252 ], [ 3.8677344, 43.6200299 ], [ 3.8677398, 43.6200363 ], [ 3.8677418, 43.6200436 ], [ 3.8677402, 43.620051 ], [ 3.8677353, 43.6200576 ], [ 3.8677276, 43.6200626 ], [ 3.867718, 43.6200653 ], [ 3.8677086, 43.6200657 ], [ 3.8676996, 43.6200639 ], [ 3.8676917, 43.6200601 ], [ 3.8676859, 43.6200548 ], [ 3.8676826, 43.6200484 ], [ 3.8676822, 43.6200416 ], [ 3.8676848, 43.620035 ], [ 3.86769, 43.6200294 ], [ 3.8676975, 43.6200252 ], [ 3.8677063, 43.6200229 ], [ 3.8677166, 43.6200228 ] ] ] } },
{ "type": "Feature", "properties": { "index": "79", "@osmId": "way/159557100", "name": null, "opening_hours": null, "label": "Fountains & water features", "color": "#41b6c4" }, "geometry": { "type": "Polygon", "coordinates": [ [ [ 3.8854748, 43.6073083 ], [ 3.8854592, 43.6072957 ], [ 3.885454, 43.6072841 ], [ 3.8854546, 43.6072718 ], [ 3.8854579, 43.6072646 ], [ 3.8854675, 43.6072545 ], [ 3.8854812, 43.6072474 ], [ 3.8854893, 43.6072452 ], [ 3.8855061, 43.6072441 ], [ 3.8855298, 43.6072502 ], [ 3.8855419, 43.6072588 ], [ 3.8855492, 43.6072698 ], [ 3.8855509, 43.6072803 ], [ 3.8855474, 43.6072923 ], [ 3.8855331, 43.6073065 ], [ 3.8855183, 43.6073125 ], [ 3.8855016, 43.6073145 ], [ 3.8854902, 43.6073134 ], [ 3.8854748, 43.6073083 ] ] ] } },
{ "type": "Feature", "properties": { "index": "80", "@osmId": "way/273289566", "name": null, "opening_hours": null, "label": "Fountains & water features", "color": "#41b6c4" }, "geometry": { "type": "Polygon", "coordinates": [ [ [ 3.8762355, 43.6088858 ], [ 3.8762356, 43.6088712 ], [ 3.8762499, 43.6088609 ], [ 3.8762701, 43.6088609 ], [ 3.8762843, 43.6088713 ], [ 3.8762842, 43.608886 ], [ 3.8762699, 43.6088963 ], [ 3.8762497, 43.6088963 ], [ 3.8762355, 43.6088858 ] ] ] } },
{ "type": "Feature", "properties": { "index": "81", "@osmId": "way/435438119", "name": "Fontaine des Licornes", "opening_hours": null, "label": "Fountains & water features", "color": "#41b6c4" }, "geometry": { "type": "Polygon", "coordinates": [ [ [ 3.8748057, 43.6120568 ], [ 3.8747759, 43.6120693 ], [ 3.8747671, 43.6120583 ], [ 3.8747969, 43.6120458 ], [ 3.8748057, 43.6120568 ] ] ] } },
{ "type": "Feature", "properties": { "index": "82", "@osmId": "way/435459742", "name": null, "opening_hours": null, "label": "Fountains & water features", "color": "#41b6c4" }, "geometry": { "type": "Polygon", "coordinates": [ [ [ 3.8759148, 43.6131484 ], [ 3.8758861, 43.6131546 ], [ 3.8758838, 43.6131489 ], [ 3.8759124, 43.6131425 ], [ 3.8759148, 43.6131484 ] ] ] } },
{ "type": "Feature", "properties": { "index": "83", "@osmId": "way/661168848", "name": "Fontaine du Nombre d'Or", "opening_hours": null, "label": "Fountains & water features", "color": "#41b6c4" }, "geometry": { "type": "Polygon", "coordinates": [ [ [ 3.8877148, 43.6082517 ], [ 3.8875709, 43.6082614 ], [ 3.8875573, 43.6081554 ], [ 3.8877012, 43.6081457 ], [ 3.8877148, 43.6082517 ] ] ] } },
{ "type": "Feature", "properties": { "index": "84", "@osmId": "way/700846414", "name": null, "opening_hours": null, "label": "Fountains & water features", "color": "#41b6c4" }, "geometry": { "type": "Polygon", "coordinates": [ [ [ 3.8786916, 43.6059189 ], [ 3.8786924, 43.6059116 ], [ 3.8786963, 43.6059048 ], [ 3.8787028, 43.6058992 ], [ 3.8787115, 43.6058954 ], [ 3.8787213, 43.6058936 ], [ 3.8787325, 43.6058944 ], [ 3.8787427, 43.6058979 ], [ 3.8787506, 43.6059037 ], [ 3.8787553, 43.6059111 ], [ 3.8787562, 43.6059192 ], [ 3.8787532, 43.6059271 ], [ 3.8787467, 43.6059337 ], [ 3.8787375, 43.6059384 ], [ 3.8787266, 43.6059404 ], [ 3.8787165, 43.6059399 ], [ 3.8787071, 43.6059371 ], [ 3.8786994, 43.6059323 ], [ 3.878694, 43.6059261 ], [ 3.8786916, 43.6059189 ] ] ] } },
{ "type": "Feature", "properties": { "index": "85", "@osmId": "way/1432013470", "name": null, "opening_hours": null, "label": "Fountains & water features", "color": "#41b6c4" }, "geometry": { "type": "Polygon", "coordinates": [ [ [ 3.8680617, 43.6118371 ], [ 3.8679488, 43.611842 ], [ 3.8679354, 43.6116819 ], [ 3.8680484, 43.611677 ], [ 3.8680617, 43.6118371 ] ] ] } },
{ "type": "Feature", "properties": { "index": "86", "@osmId": "node/4322996570", "name": "Fontaine Galot", "opening_hours": null, "label": "Fountains & water features", "color": "#41b6c4" }, "geometry": { "type": "Point", "coordinates": [ 3.8590582, 43.6130973 ] } },
{ "type": "Feature", "properties": { "index": "87", "@osmId": "node/4325258566", "name": null, "opening_hours": null, "label": "Fountains & water features", "color": "#41b6c4" }, "geometry": { "type": "Point", "coordinates": [ 3.8592808, 43.6062245 ] } },
{ "type": "Feature", "properties": { "index": "88", "@osmId": "node/280713386", "name": null, "opening_hours": null, "label": "Fountains & water features", "color": "#41b6c4" }, "geometry": { "type": "Point", "coordinates": [ 3.8971991, 43.6075433 ] } },
{ "type": "Feature", "properties": { "index": "89", "@osmId": "node/1261296254", "name": null, "opening_hours": null, "label": "Fountains & water features", "color": "#41b6c4" }, "geometry": { "type": "Point", "coordinates": [ 3.8757692, 43.6065624 ] } },
{ "type": "Feature", "properties": { "index": "90", "@osmId": "node/1342191083", "name": "Font Putanelle", "opening_hours": null, "label": "Fountains & water features", "color": "#41b6c4" }, "geometry": { "type": "Point", "coordinates": [ 3.8698701, 43.6176977 ] } },
{ "type": "Feature", "properties": { "index": "91", "@osmId": "node/1732258236", "name": null, "opening_hours": null, "label": "Fountains & water features", "color": "#41b6c4" }, "geometry": { "type": "Point", "coordinates": [ 3.8798752, 43.6054642 ] } },
{ "type": "Feature", "properties": { "index": "92", "@osmId": "node/2950822138", "name": null, "opening_hours": null, "label": "Fountains & water features", "color": "#41b6c4" }, "geometry": { "type": "Point", "coordinates": [ 3.8774746, 43.6080101 ] } },
{ "type": "Feature", "properties": { "index": "93", "@osmId": "node/3182976439", "name": null, "opening_hours": null, "label": "Fountains & water features", "color": "#41b6c4" }, "geometry": { "type": "Point", "coordinates": [ 3.8721597, 43.6126432 ] } },
{ "type": "Feature", "properties": { "index": "94", "@osmId": "node/4102123273", "name": null, "opening_hours": null, "label": "Fountains & water features", "color": "#41b6c4" }, "geometry": { "type": "Point", "coordinates": [ 3.8727009, 43.6234328 ] } },
{ "type": "Feature", "properties": { "index": "95", "@osmId": "node/4315054490", "name": "Fontaine des Augustins", "opening_hours": null, "label": "Fountains & water features", "color": "#41b6c4" }, "geometry": { "type": "Point", "coordinates": [ 3.8795297, 43.6104386 ] } },
{ "type": "Feature", "properties": { "index": "96", "@osmId": "node/4322996560", "name": null, "opening_hours": null, "label": "Fountains & water features", "color": "#41b6c4" }, "geometry": { "type": "Point", "coordinates": [ 3.8814846, 43.616178 ] } },
{ "type": "Feature", "properties": { "index": "97", "@osmId": "node/4324774179", "name": null, "opening_hours": null, "label": "Fountains & water features", "color": "#41b6c4" }, "geometry": { "type": "Point", "coordinates": [ 3.8744047, 43.6104716 ] } },
{ "type": "Feature", "properties": { "index": "98", "@osmId": "node/4324800421", "name": "Fontaine de la Préfecture", "opening_hours": null, "label": "Fountains & water features", "color": "#41b6c4" }, "geometry": { "type": "Point", "coordinates": [ 3.8761732, 43.6113415 ] } },
{ "type": "Feature", "properties": { "index": "99", "@osmId": "node/4324801262", "name": null, "opening_hours": null, "label": "Fountains & water features", "color": "#41b6c4" }, "geometry": { "type": "Point", "coordinates": [ 3.8774628, 43.6114052 ] } },
{ "type": "Feature", "properties": { "index": "100", "@osmId": "node/4324810090", "name": null, "opening_hours": null, "label": "Fountains & water features", "color": "#41b6c4" }, "geometry": { "type": "Point", "coordinates": [ 3.8774928, 43.6145796 ] } },
{ "type": "Feature", "properties": { "index": "101", "@osmId": "node/4324819927", "name": null, "opening_hours": null, "label": "Fountains & water features", "color": "#41b6c4" }, "geometry": { "type": "Point", "coordinates": [ 3.8781211, 43.613388 ] } },
{ "type": "Feature", "properties": { "index": "102", "@osmId": "node/4324834278", "name": null, "opening_hours": null, "label": "Fountains & water features", "color": "#41b6c4" }, "geometry": { "type": "Point", "coordinates": [ 3.8788888, 43.6132312 ] } },
{ "type": "Feature", "properties": { "index": "103", "@osmId": "node/4324847149", "name": null, "opening_hours": null, "label": "Fountains & water features", "color": "#41b6c4" }, "geometry": { "type": "Point", "coordinates": [ 3.8815954, 43.6133301 ] } },
{ "type": "Feature", "properties": { "index": "104", "@osmId": "node/4324847150", "name": null, "opening_hours": null, "label": "Fountains & water features", "color": "#41b6c4" }, "geometry": { "type": "Point", "coordinates": [ 3.8816468, 43.6135188 ] } },
{ "type": "Feature", "properties": { "index": "105", "@osmId": "node/4324847151", "name": null, "opening_hours": null, "label": "Fountains & water features", "color": "#41b6c4" }, "geometry": { "type": "Point", "coordinates": [ 3.8816511, 43.6135563 ] } },
{ "type": "Feature", "properties": { "index": "106", "@osmId": "node/4324847152", "name": null, "opening_hours": null, "label": "Fountains & water features", "color": "#41b6c4" }, "geometry": { "type": "Point", "coordinates": [ 3.8816628, 43.6136112 ] } },
{ "type": "Feature", "properties": { "index": "107", "@osmId": "node/4324847153", "name": null, "opening_hours": null, "label": "Fountains & water features", "color": "#41b6c4" }, "geometry": { "type": "Point", "coordinates": [ 3.8816712, 43.6136476 ] } },
{ "type": "Feature", "properties": { "index": "108", "@osmId": "node/4324847154", "name": null, "opening_hours": null, "label": "Fountains & water features", "color": "#41b6c4" }, "geometry": { "type": "Point", "coordinates": [ 3.8816836, 43.6137048 ] } },
{ "type": "Feature", "properties": { "index": "109", "@osmId": "node/4324847155", "name": null, "opening_hours": null, "label": "Fountains & water features", "color": "#41b6c4" }, "geometry": { "type": "Point", "coordinates": [ 3.8816916, 43.6137402 ] } },
{ "type": "Feature", "properties": { "index": "110", "@osmId": "node/4324848887", "name": null, "opening_hours": null, "label": "Fountains & water features", "color": "#41b6c4" }, "geometry": { "type": "Point", "coordinates": [ 3.8825497, 43.6148433 ] } },
{ "type": "Feature", "properties": { "index": "111", "@osmId": "node/4324886075", "name": "Fontaine des Trois Grâces", "opening_hours": null, "label": "Fountains & water features", "color": "#41b6c4" }, "geometry": { "type": "Point", "coordinates": [ 3.8795, 43.6084697 ] } },
{ "type": "Feature", "properties": { "index": "112", "@osmId": "node/4324907024", "name": null, "opening_hours": null, "label": "Fountains & water features", "color": "#41b6c4" }, "geometry": { "type": "Point", "coordinates": [ 3.8771257, 43.6092815 ] } },
{ "type": "Feature", "properties": { "index": "113", "@osmId": "node/4324946080", "name": null, "opening_hours": null, "label": "Fountains & water features", "color": "#41b6c4" }, "geometry": { "type": "Point", "coordinates": [ 3.885745, 43.6077428 ] } },
{ "type": "Feature", "properties": { "index": "114", "@osmId": "node/4324971370", "name": "Fontaine Danseuse", "opening_hours": null, "label": "Fountains & water features", "color": "#41b6c4" }, "geometry": { "type": "Point", "coordinates": [ 3.8907068, 43.6101721 ] } },
{ "type": "Feature", "properties": { "index": "115", "@osmId": "node/4324971371", "name": null, "opening_hours": null, "label": "Fountains & water features", "color": "#41b6c4" }, "geometry": { "type": "Point", "coordinates": [ 3.8952661, 43.609183 ] } },
{ "type": "Feature", "properties": { "index": "116", "@osmId": "node/4324972010", "name": null, "opening_hours": null, "label": "Fountains & water features", "color": "#41b6c4" }, "geometry": { "type": "Point", "coordinates": [ 3.8952177, 43.6093456 ] } },
{ "type": "Feature", "properties": { "index": "117", "@osmId": "node/4324979613", "name": "Fontaine Faulquier", "opening_hours": null, "label": "Fountains & water features", "color": "#41b6c4" }, "geometry": { "type": "Point", "coordinates": [ 3.8914678, 43.6055899 ] } },
{ "type": "Feature", "properties": { "index": "118", "@osmId": "node/4330970862", "name": "Fontaine Saint-Cléophas", "opening_hours": null, "label": "Fountains & water features", "color": "#41b6c4" }, "geometry": { "type": "Point", "coordinates": [ 3.8675719, 43.6002862 ] } },
{ "type": "Feature", "properties": { "index": "119", "@osmId": "node/4330970863", "name": null, "opening_hours": null, "label": "Fountains & water features", "color": "#41b6c4" }, "geometry": { "type": "Point", "coordinates": [ 3.893738, 43.6179774 ] } },
{ "type": "Feature", "properties": { "index": "120", "@osmId": "node/4333879833", "name": null, "opening_hours": null, "label": "Fountains & water features", "color": "#41b6c4" }, "geometry": { "type": "Point", "coordinates": [ 3.8693813, 43.6196097 ] } },
{ "type": "Feature", "properties": { "index": "121", "@osmId": "node/4333879845", "name": null, "opening_hours": null, "label": "Fountains & water features", "color": "#41b6c4" }, "geometry": { "type": "Point", "coordinates": [ 3.8695594, 43.6196297 ] } },
{ "type": "Feature", "properties": { "index": "122", "@osmId": "node/5519224908", "name": "Le reservoir", "opening_hours": null, "label": "Fountains & water features", "color": "#41b6c4" }, "geometry": { "type": "Point", "coordinates": [ 3.8698603, 43.6130596 ] } },
{ "type": "Feature", "properties": { "index": "123", "@osmId": "node/6721204076", "name": null, "opening_hours": null, "label": "Fountains & water features", "color": "#41b6c4" }, "geometry": { "type": "Point", "coordinates": [ 3.8892102, 43.6041928 ] } },
{ "type": "Feature", "properties": { "index": "124", "@osmId": "node/6721204077", "name": null, "opening_hours": null, "label": "Fountains & water features", "color": "#41b6c4" }, "geometry": { "type": "Point", "coordinates": [ 3.8686567, 43.6117667 ] } },
{ "type": "Feature", "properties": { "index": "125", "@osmId": "node/6721204078", "name": null, "opening_hours": null, "label": "Fountains & water features", "color": "#41b6c4" }, "geometry": { "type": "Point", "coordinates": [ 3.8685585, 43.611061 ] } },
{ "type": "Feature", "properties": { "index": "126", "@osmId": "node/12956385404", "name": null, "opening_hours": null, "label": "Fountains & water features", "color": "#41b6c4" }, "geometry": { "type": "Point", "coordinates": [ 3.8814761, 43.6107255 ] } },
{ "type": "Feature", "properties": { "index": "127", "@osmId": "node/13340485718", "name": null, "opening_hours": null, "label": "Fountains & water features", "color": "#41b6c4" }, "geometry": { "type": "Point", "coordinates": [ 3.8766913, 43.6107418 ] } },
{ "type": "Feature", "properties": { "index": "128", "@osmId": "node/13340485720", "name": null, "opening_hours": null, "label": "Fountains & water features", "color": "#41b6c4" }, "geometry": { "type": "Point", "coordinates": [ 3.8766273, 43.6107632 ] } },
{ "type": "Feature", "properties": { "index": "129", "@osmId": "node/13340485722", "name": null, "opening_hours": null, "label": "Fountains & water features", "color": "#41b6c4" }, "geometry": { "type": "Point", "coordinates": [ 3.8765053, 43.6107978 ] } },
{ "type": "Feature", "properties": { "index": "130", "@osmId": "relation/5604750", "name": "Bassin Jacques Cœur", "opening_hours": null, "label": "Parks & green spaces", "color": "#31a354" }, "geometry": { "type": "Polygon", "coordinates": [ [ [ 3.9003047, 43.6002219 ], [ 3.8991771, 43.6 ], [ 3.9002756, 43.6 ], [ 3.9009321, 43.600125 ], [ 3.9010107, 43.6 ], [ 3.9011577, 43.6 ], [ 3.9009903, 43.6002471 ], [ 3.9003342, 43.600119 ], [ 3.9003047, 43.6002219 ] ] ] } },
{ "type": "Feature", "properties": { "index": "131", "@osmId": "relation/3186606", "name": "Jardins du Peyrou", "opening_hours": null, "label": "Parks & green spaces", "color": "#31a354" }, "geometry": { "type": "Polygon", "coordinates": [ [ [ 3.8684541, 43.6107059 ], [ 3.8715329, 43.6104689 ], [ 3.8715422, 43.6105492 ], [ 3.8715519, 43.6106238 ], [ 3.8716123, 43.6106193 ], [ 3.8717651, 43.6107072 ], [ 3.8718168, 43.6110366 ], [ 3.8718351, 43.6111712 ], [ 3.8718582, 43.6113084 ], [ 3.8719056, 43.6116274 ], [ 3.8717823, 43.611744 ], [ 3.8717114, 43.6117517 ], [ 3.8717223, 43.6118307 ], [ 3.8717336, 43.6119038 ], [ 3.8683718, 43.6121602 ], [ 3.8682784, 43.6114798 ], [ 3.8681855, 43.6108436 ], [ 3.8682678, 43.6108291 ], [ 3.8683683, 43.610793 ], [ 3.8684541, 43.6107059 ] ] ] } },
{ "type": "Feature", "properties": { "index": "132", "@osmId": "way/22940347", "name": "Parc Rimbaud", "opening_hours": null, "label": "Parks & green spaces", "color": "#31a354" }, "geometry": { "type": "Polygon", "coordinates": [ [ [ 3.8938419, 43.6185361 ], [ 3.8937257, 43.618548 ], [ 3.8937198, 43.6185097 ], [ 3.893716, 43.6184852 ], [ 3.8936789, 43.6184869 ], [ 3.8935967, 43.6184906 ], [ 3.8932687, 43.6174587 ], [ 3.8932619, 43.617438 ], [ 3.8933993, 43.6174027 ], [ 3.8941689, 43.617701 ], [ 3.8949285, 43.6177025 ], [ 3.8950508, 43.617717 ], [ 3.8959612, 43.6176493 ], [ 3.8960768, 43.6176773 ], [ 3.8963516, 43.6177929 ], [ 3.8964546, 43.6179731 ], [ 3.8964962, 43.6182766 ], [ 3.8965154, 43.6183935 ], [ 3.8965844, 43.618903 ], [ 3.8961032, 43.6189477 ], [ 3.8960975, 43.6188998 ], [ 3.8963779, 43.61888 ], [ 3.896326, 43.6184956 ], [ 3.8960456, 43.6185154 ], [ 3.8960881, 43.6184373 ], [ 3.8960653, 43.6183208 ], [ 3.8958438, 43.6183351 ], [ 3.8952964, 43.6183883 ], [ 3.8944056, 43.6184786 ], [ 3.8943642, 43.6184831 ], [ 3.8942557, 43.618494 ], [ 3.8940927, 43.6185105 ], [ 3.8938419, 43.6185361 ] ] ] } },
{ "type": "Feature", "properties": { "index": "133", "@osmId": "way/290507792", "name": "Parc des Pastourelles", "opening_hours": null, "label": "Parks & green spaces", "color": "#31a354" }, "geometry": { "type": "Polygon", "coordinates": [ [ [ 3.8993699, 43.6206559 ], [ 3.8995237, 43.6204271 ], [ 3.8998106, 43.620501 ], [ 3.9002712, 43.6206253 ], [ 3.9002913, 43.6206745 ], [ 3.9004459, 43.6210524 ], [ 3.9003266, 43.6211043 ], [ 3.8998502, 43.6210508 ], [ 3.8998285, 43.6211832 ], [ 3.8998803, 43.6212718 ], [ 3.8999628, 43.6213035 ], [ 3.9004631, 43.621257 ], [ 3.9004739, 43.6214709 ], [ 3.9005254, 43.621831 ], [ 3.8999971, 43.6218697 ], [ 3.899245, 43.6210877 ], [ 3.8992533, 43.6210385 ], [ 3.8993003, 43.6207588 ], [ 3.8993699, 43.6206559 ] ] ] } },
{ "type": "Feature", "properties": { "index": "134", "@osmId": "way/388511466", "name": "Square du cadran solaire", "opening_hours": null, "label": "Parks & green spaces", "color": "#31a354" }, "geometry": { "type": "Polygon", "coordinates": [ [ [ 3.9010051, 43.6200256 ], [ 3.9009551, 43.6200561 ], [ 3.9005361, 43.6199939 ], [ 3.900602, 43.6197661 ], [ 3.9004987, 43.6196598 ], [ 3.900521, 43.6196004 ], [ 3.9000937, 43.6195425 ], [ 3.9000983, 43.6195132 ], [ 3.9003863, 43.619533 ], [ 3.9007452, 43.6195394 ], [ 3.9008397, 43.6195733 ], [ 3.9008876, 43.6196129 ], [ 3.9009277, 43.6196628 ], [ 3.901, 43.6199589 ], [ 3.9008714, 43.6199619 ], [ 3.9008522, 43.6199978 ], [ 3.9009352, 43.6200132 ], [ 3.9010142, 43.6199992 ], [ 3.9010051, 43.6200256 ] ] ] } },
{ "type": "Feature", "properties": { "index": "135", "@osmId": "way/25677040", "name": "Place des Patriotes", "opening_hours": null, "label": "Parks & green spaces", "color": "#31a354" }, "geometry": { "type": "Polygon", "coordinates": [ [ [ 3.893303, 43.6019098 ], [ 3.8932827, 43.6018736 ], [ 3.8932835, 43.6018446 ], [ 3.8933036, 43.6018144 ], [ 3.893751, 43.6013682 ], [ 3.8938077, 43.6013173 ], [ 3.8938591, 43.6012953 ], [ 3.8939418, 43.6012836 ], [ 3.8940204, 43.6012934 ], [ 3.8940904, 43.6013224 ], [ 3.8941411, 43.601363 ], [ 3.8941682, 43.6014235 ], [ 3.894172, 43.6014833 ], [ 3.8941443, 43.6015316 ], [ 3.8936604, 43.6020007 ], [ 3.8936248, 43.6020258 ], [ 3.8935736, 43.6020367 ], [ 3.8935265, 43.6020385 ], [ 3.8934783, 43.6020225 ], [ 3.8933319, 43.6019361 ], [ 3.893303, 43.6019098 ] ] ] } },
{ "type": "Feature", "properties": { "index": "136", "@osmId": "way/159340845", "name": null, "opening_hours": null, "label": "Parks & green spaces", "color": "#31a354" }, "geometry": { "type": "Polygon", "coordinates": [ [ [ 3.8951616, 43.6029906 ], [ 3.8952274, 43.6031718 ], [ 3.8951739, 43.6031899 ], [ 3.8950591, 43.6032288 ], [ 3.8949843, 43.6032094 ], [ 3.8949664, 43.6031612 ], [ 3.8949423, 43.6030965 ], [ 3.8949973, 43.6030448 ], [ 3.8951052, 43.6030092 ], [ 3.8951616, 43.6029906 ] ] ] } },
{ "type": "Feature", "properties": { "index": "137", "@osmId": "way/228053349", "name": "Parc du Mas de Costebelle", "opening_hours": null, "label": "Parks & green spaces", "color": "#31a354" }, "geometry": { "type": "Polygon", "coordinates": [ [ [ 3.9022039, 43.6107905 ], [ 3.9015841, 43.6107172 ], [ 3.9015691, 43.6104786 ], [ 3.9020799, 43.6103291 ], [ 3.9022477, 43.6103111 ], [ 3.9022039, 43.6107905 ] ] ] } },
{ "type": "Feature", "properties": { "index": "138", "@osmId": "way/235641857", "name": "Parc Georges Charpak", "opening_hours": null, "label": "Parks & green spaces", "color": "#31a354" }, "geometry": { "type": "Polygon", "coordinates": [ [ [ 3.9023294, 43.6010995 ], [ 3.9028417, 43.6 ], [ 3.905, 43.6 ], [ 3.905, 43.601705 ], [ 3.9023294, 43.6010995 ] ] ] } },
{ "type": "Feature", "properties": { "index": "139", "@osmId": "way/377463400", "name": "Parc Richter", "opening_hours": null, "label": "Parks & green spaces", "color": "#31a354" }, "geometry": { "type": "Polygon", "coordinates": [ [ [ 3.8972566, 43.6026677 ], [ 3.8972211, 43.6030245 ], [ 3.8967695, 43.6029962 ], [ 3.8965653, 43.6024624 ], [ 3.8970581, 43.6024919 ], [ 3.8970394, 43.6026541 ], [ 3.8972566, 43.6026677 ] ] ] } },
{ "type": "Feature", "properties": { "index": "140", "@osmId": "way/433249425", "name": "Parc Urbain ouest", "opening_hours": null, "label": "Parks & green spaces", "color": "#31a354" }, "geometry": { "type": "MultiPolygon", "coordinates": [ [ [ [ 3.904793, 43.6067697 ], [ 3.905, 43.6069532 ], [ 3.905, 43.6073402 ], [ 3.9047248, 43.6071772 ], [ 3.9043711, 43.607227 ], [ 3.9040403, 43.6074407 ], [ 3.903881, 43.6075024 ], [ 3.9040937, 43.6070741 ], [ 3.9040742, 43.6068522 ], [ 3.9039964, 43.6067551 ], [ 3.9038971, 43.6066774 ], [ 3.9043182, 43.6067648 ], [ 3.9047045, 43.6068027 ], [ 3.904793, 43.6067697 ] ] ], [ [ [ 3.9049312, 43.6089161 ], [ 3.905, 43.6086902 ], [ 3.905, 43.6092945 ], [ 3.9049796, 43.609326 ], [ 3.9043943, 43.6093083 ], [ 3.9043003, 43.6093704 ], [ 3.9040229, 43.6093607 ], [ 3.9040546, 43.6092287 ], [ 3.9044878, 43.6092161 ], [ 3.9045492, 43.6090993 ], [ 3.9049312, 43.6089161 ] ] ], [ [ [ 3.9049785, 43.608152 ], [ 3.905, 43.6081176 ], [ 3.905, 43.6084516 ], [ 3.9049603, 43.608347 ], [ 3.9049785, 43.608152 ] ] ] ] } },
{ "type": "Feature", "properties": { "index": "141", "@osmId": "way/455743605", "name": "Parc Richter", "opening_hours": null, "label": "Parks & green spaces", "color": "#31a354" }, "geometry": { "type": "Polygon", "coordinates": [ [ [ 3.8977533, 43.6055142 ], [ 3.8975667, 43.6055031 ], [ 3.8975635, 43.6054913 ], [ 3.89754, 43.6053699 ], [ 3.8975364, 43.6053098 ], [ 3.8975347, 43.6052815 ], [ 3.897536, 43.6051917 ], [ 3.8975353, 43.6050635 ], [ 3.8975407, 43.604946 ], [ 3.8975494, 43.6048004 ], [ 3.897564, 43.6045751 ], [ 3.8983702, 43.6046314 ], [ 3.8978894, 43.6055224 ], [ 3.8977533, 43.6055142 ] ] ] } },
{ "type": "Feature", "properties": { "index": "142", "@osmId": "way/674927517", "name": null, "opening_hours": null, "label": "Parks & green spaces", "color": "#31a354" }, "geometry": { "type": "Polygon", "coordinates": [ [ [ 3.9036328, 43.6015816 ], [ 3.9035511, 43.6017696 ], [ 3.9016877, 43.6014408 ], [ 3.9016994, 43.6014144 ], [ 3.9015872, 43.6013938 ], [ 3.9015781, 43.601388 ], [ 3.9015764, 43.6013798 ], [ 3.9015754, 43.601371 ], [ 3.9016224, 43.6012688 ], [ 3.9016358, 43.6012605 ], [ 3.9016489, 43.6012569 ], [ 3.9016639, 43.6012567 ], [ 3.9017608, 43.6012762 ], [ 3.9017721, 43.6012507 ], [ 3.9036328, 43.6015816 ] ] ] } },
{ "type": "Feature", "properties": { "index": "143", "@osmId": "way/728327871", "name": null, "opening_hours": null, "label": "Parks & green spaces", "color": "#31a354" }, "geometry": { "type": "Polygon", "coordinates": [ [ [ 3.8940771, 43.603442 ], [ 3.8939982, 43.6034484 ], [ 3.8939282, 43.6034245 ], [ 3.893904, 43.6034116 ], [ 3.8939727, 43.6033554 ], [ 3.8940084, 43.603371 ], [ 3.8942807, 43.6031222 ], [ 3.8942578, 43.6030936 ], [ 3.8943532, 43.6030946 ], [ 3.8943405, 43.6031554 ], [ 3.8944639, 43.6035009 ], [ 3.8943927, 43.6035369 ], [ 3.8944321, 43.6036125 ], [ 3.8945339, 43.6036125 ], [ 3.8945174, 43.6036982 ], [ 3.8941293, 43.603665 ], [ 3.8941458, 43.6035737 ], [ 3.8940771, 43.603442 ] ] ] } },
{ "type": "Feature", "properties": { "index": "144", "@osmId": "way/12871886", "name": "Parc Sainte-Odile", "opening_hours": null, "label": "Parks & green spaces", "color": "#31a354" }, "geometry": { "type": "Polygon", "coordinates": [ [ [ 3.8714183, 43.6246781 ], [ 3.8713711, 43.6246658 ], [ 3.8720356, 43.6237376 ], [ 3.8723745, 43.6232036 ], [ 3.872401, 43.6231806 ], [ 3.8725025, 43.623179 ], [ 3.8728062, 43.6233397 ], [ 3.872912, 43.623436 ], [ 3.8729462, 43.6237666 ], [ 3.8729194, 43.6237918 ], [ 3.8729782, 43.6238435 ], [ 3.8729322, 43.6240329 ], [ 3.8729272, 43.6240533 ], [ 3.8727361, 43.6240301 ], [ 3.8726203, 43.6240902 ], [ 3.8726278, 43.6241412 ], [ 3.8717105, 43.6247543 ], [ 3.8714183, 43.6246781 ] ] ] } },
{ "type": "Feature", "properties": { "index": "145", "@osmId": "way/14882681", "name": "Parc Edith Piaf", "opening_hours": null, "label": "Parks & green spaces", "color": "#31a354" }, "geometry": { "type": "Polygon", "coordinates": [ [ [ 3.887678, 43.6213281 ], [ 3.8876748, 43.621312 ], [ 3.8876953, 43.6212908 ], [ 3.8881233, 43.6211501 ], [ 3.8882182, 43.6211193 ], [ 3.8882786, 43.6211096 ], [ 3.8883113, 43.6211112 ], [ 3.8883465, 43.6211205 ], [ 3.8883772, 43.6211392 ], [ 3.8884014, 43.6211716 ], [ 3.8885425, 43.6214005 ], [ 3.8885626, 43.6213951 ], [ 3.8886724, 43.6215766 ], [ 3.8886835, 43.6215941 ], [ 3.8887392, 43.6216408 ], [ 3.8887295, 43.6216476 ], [ 3.8887555, 43.6216703 ], [ 3.8887899, 43.6217075 ], [ 3.8888253, 43.6217541 ], [ 3.8888535, 43.6217994 ], [ 3.8888775, 43.6218531 ], [ 3.8888796, 43.6219064 ], [ 3.8888983, 43.6219067 ], [ 3.8888991, 43.6219722 ], [ 3.8888134, 43.6222296 ], [ 3.8887814, 43.6222266 ], [ 3.8887749, 43.622258 ], [ 3.8887887, 43.6223075 ], [ 3.8889225, 43.6225241 ], [ 3.8889293, 43.6225517 ], [ 3.8889193, 43.6225741 ], [ 3.8888938, 43.6225921 ], [ 3.8883991, 43.6227476 ], [ 3.888345, 43.6227459 ], [ 3.8883154, 43.6227246 ], [ 3.8877947, 43.6215894 ], [ 3.887678, 43.6213281 ] ] ] } },
{ "type": "Feature", "properties": { "index": "146", "@osmId": "way/17921136", "name": "Esplanade de la Musique", "opening_hours": null, "label": "Parks & green spaces", "color": "#31a354" }, "geometry": { "type": "Polygon", "coordinates": [ [ [ 3.8820188, 43.6166992 ], [ 3.8822743, 43.6165631 ], [ 3.8821774, 43.6164677 ], [ 3.8823411, 43.6163805 ], [ 3.8823038, 43.6163439 ], [ 3.8823912, 43.6162973 ], [ 3.8828198, 43.616719 ], [ 3.8825633, 43.6168556 ], [ 3.8825072, 43.6168004 ], [ 3.8822603, 43.6169319 ], [ 3.8820157, 43.6170622 ], [ 3.8820717, 43.6171173 ], [ 3.8818654, 43.6172272 ], [ 3.8816941, 43.6170587 ], [ 3.8814754, 43.6168436 ], [ 3.8816748, 43.6167374 ], [ 3.8817705, 43.6168315 ], [ 3.8820188, 43.6166992 ] ] ] } },
{ "type": "Feature", "properties": { "index": "147", "@osmId": "way/129749172", "name": "Jardin des Beaux-Arts", "opening_hours": "Mo-Su 08:00-23:00", "label": "Parks & green spaces", "color": "#31a354" }, "geometry": { "type": "Polygon", "coordinates": [ [ [ 3.8834769, 43.6159089 ], [ 3.8838748, 43.6157541 ], [ 3.8839141, 43.615739 ], [ 3.8842484, 43.616058 ], [ 3.8842299, 43.6160691 ], [ 3.8841856, 43.6160787 ], [ 3.8841805, 43.6160928 ], [ 3.8840102, 43.6161618 ], [ 3.8840054, 43.6161566 ], [ 3.8838389, 43.6162247 ], [ 3.8838429, 43.6162296 ], [ 3.8837581, 43.6162642 ], [ 3.8837388, 43.6162429 ], [ 3.8837152, 43.616206 ], [ 3.883706, 43.6161939 ], [ 3.8834769, 43.6159089 ] ] ] } },
{ "type": "Feature", "properties": { "index": "148", "@osmId": "way/149425256", "name": "Square Camille Ernst", "opening_hours": null, "label": "Parks & green spaces", "color": "#31a354" }, "geometry": { "type": "Polygon", "coordinates": [ [ [ 3.878316, 43.618526 ], [ 3.8782502, 43.6185064 ], [ 3.878427, 43.6183268 ], [ 3.8785051, 43.6183238 ], [ 3.8785264, 43.6183277 ], [ 3.8785682, 43.6183354 ], [ 3.8788994, 43.6186556 ], [ 3.8789391, 43.618694 ], [ 3.8789207, 43.6187062 ], [ 3.8788561, 43.618749 ], [ 3.8786459, 43.618757 ], [ 3.8785081, 43.6187061 ], [ 3.878316, 43.618526 ] ] ] } },
{ "type": "Feature", "properties": { "index": "149", "@osmId": "way/156452571", "name": "Square Charles Flahault", "opening_hours": null, "label": "Parks & green spaces", "color": "#31a354" }, "geometry": { "type": "Polygon", "coordinates": [ [ [ 3.8785659, 43.6171757 ], [ 3.8784018, 43.6171881 ], [ 3.8784066, 43.6169263 ], [ 3.8784731, 43.616901 ], [ 3.8785796, 43.6170263 ], [ 3.8786675, 43.6169858 ], [ 3.8787285, 43.6170564 ], [ 3.8786494, 43.6170923 ], [ 3.8785659, 43.6171757 ] ] ] } },
{ "type": "Feature", "properties": { "index": "150", "@osmId": "way/411703732", "name": "Square de la Rue des Loutres", "opening_hours": null, "label": "Parks & green spaces", "color": "#31a354" }, "geometry": { "type": "Polygon", "coordinates": [ [ [ 3.8768473, 43.6239234 ], [ 3.8768725, 43.6238826 ], [ 3.876889, 43.6238799 ], [ 3.8769067, 43.6238895 ], [ 3.8769364, 43.6239507 ], [ 3.8769455, 43.6239731 ], [ 3.8769561, 43.6240004 ], [ 3.8769531, 43.6240106 ], [ 3.8769482, 43.6240183 ], [ 3.8769356, 43.6240271 ], [ 3.8769225, 43.6240326 ], [ 3.8769105, 43.6240369 ], [ 3.8768978, 43.624039 ], [ 3.8768808, 43.6240403 ], [ 3.8768642, 43.624039 ], [ 3.8768436, 43.6240322 ], [ 3.8768286, 43.624024 ], [ 3.8768209, 43.6240135 ], [ 3.8768172, 43.6240055 ], [ 3.8768158, 43.623998 ], [ 3.8768143, 43.6239814 ], [ 3.8768175, 43.6239705 ], [ 3.8768239, 43.6239616 ], [ 3.8768473, 43.6239234 ] ] ] } },
{ "type": "Feature", "properties": { "index": "151", "@osmId": "way/552145109", "name": "Place Albin Tixador", "opening_hours": null, "label": "Parks & green spaces", "color": "#31a354" }, "geometry": { "type": "Polygon", "coordinates": [ [ [ 3.8835043, 43.6174193 ], [ 3.8832361, 43.6175689 ], [ 3.883161, 43.6174951 ], [ 3.8830188, 43.617563 ], [ 3.8828525, 43.6174057 ], [ 3.8830322, 43.6173033 ], [ 3.8830691, 43.6173421 ], [ 3.8832991, 43.6172149 ], [ 3.8835043, 43.6174193 ] ] ] } },
{ "type": "Feature", "properties": { "index": "152", "@osmId": "way/674933361", "name": "Square des Castors", "opening_hours": null, "label": "Parks & green spaces", "color": "#31a354" }, "geometry": { "type": "Polygon", "coordinates": [ [ [ 3.8765906, 43.6234532 ], [ 3.8762606, 43.6235029 ], [ 3.8761037, 43.6232742 ], [ 3.8761638, 43.6232449 ], [ 3.8763688, 43.6231751 ], [ 3.8764621, 43.6231451 ], [ 3.8765419, 43.623251 ], [ 3.8766463, 43.6233862 ], [ 3.8766108, 43.6234315 ], [ 3.8765906, 43.6234532 ] ] ] } },
{ "type": "Feature", "properties": { "index": "153", "@osmId": "way/996878051", "name": "Parc Suzanne-Babut", "opening_hours": null, "label": "Parks & green spaces", "color": "#31a354" }, "geometry": { "type": "Polygon", "coordinates": [ [ [ 3.8757665, 43.6184841 ], [ 3.8756014, 43.6186166 ], [ 3.8750756, 43.6182786 ], [ 3.8750818, 43.6182301 ], [ 3.8753183, 43.617999 ], [ 3.8754077, 43.6179782 ], [ 3.8754211, 43.6179662 ], [ 3.8754368, 43.6179521 ], [ 3.8754662, 43.6179258 ], [ 3.8754886, 43.6178333 ], [ 3.8757075, 43.6176085 ], [ 3.8759051, 43.6175401 ], [ 3.8765198, 43.6178803 ], [ 3.8761218, 43.6181996 ], [ 3.8761667, 43.6182294 ], [ 3.8760467, 43.6183275 ], [ 3.8760916, 43.6183583 ], [ 3.8759711, 43.6184557 ], [ 3.8759242, 43.6184248 ], [ 3.8758115, 43.6185144 ], [ 3.8757665, 43.6184841 ] ] ] } },
{ "type": "Feature", "properties": { "index": "154", "@osmId": "way/31339324", "name": "Parc Montcalm", "opening_hours": "Jan-Feb Mo-Su 08:00-17:30; Mar-May Mo-Su 08:00-20:00; Jun-Aug Mo-Su 08:00-21:00; Sep-Oct Mo-Su 08:00-20:00; Nov-Dec Mo-Su 08:00-17:30", "label": "Parks & green spaces", "color": "#31a354" }, "geometry": { "type": "Polygon", "coordinates": [ [ [ 3.8592709, 43.6002154 ], [ 3.8590245, 43.6 ], [ 3.8592239, 43.6 ], [ 3.8593862, 43.6001338 ], [ 3.8592709, 43.6002154 ] ] ] } },
{ "type": "Feature", "properties": { "index": "155", "@osmId": "way/31437736", "name": "Parc de la Guirlande", "opening_hours": "07:30-21:00", "label": "Parks & green spaces", "color": "#31a354" }, "geometry": { "type": "Polygon", "coordinates": [ [ [ 3.8601834, 43.6066313 ], [ 3.8603769, 43.6064896 ], [ 3.8614769, 43.6073587 ], [ 3.8615401, 43.6074091 ], [ 3.8612436, 43.6076672 ], [ 3.8611348, 43.607761 ], [ 3.8610362, 43.6078279 ], [ 3.8609061, 43.6079153 ], [ 3.8608486, 43.6079533 ], [ 3.860805, 43.6079813 ], [ 3.8603219, 43.6075804 ], [ 3.8602925, 43.607598 ], [ 3.8601362, 43.6074709 ], [ 3.8601246, 43.6074779 ], [ 3.8599267, 43.6073315 ], [ 3.8599489, 43.6073158 ], [ 3.8598643, 43.6072436 ], [ 3.8598919, 43.6072255 ], [ 3.859731, 43.6070946 ], [ 3.8597211, 43.6071007 ], [ 3.8596369, 43.6070397 ], [ 3.8600957, 43.6066955 ], [ 3.8601834, 43.6066313 ] ] ] } },
{ "type": "Feature", "properties": { "index": "156", "@osmId": "way/60962376", "name": "Square de Diane", "opening_hours": null, "label": "Parks & green spaces", "color": "#31a354" }, "geometry": { "type": "Polygon", "coordinates": [ [ [ 3.8598946, 43.6000276 ], [ 3.8599336, 43.6 ], [ 3.860278, 43.6 ], [ 3.8600013, 43.600099 ], [ 3.8598946, 43.6000276 ] ] ] } },
{ "type": "Feature", "properties": { "index": "157", "@osmId": "way/110676928", "name": "Square du Père Bonnet", "opening_hours": null, "label": "Parks & green spaces", "color": "#31a354" }, "geometry": { "type": "Polygon", "coordinates": [ [ [ 3.866223, 43.6066907 ], [ 3.8663257, 43.6067234 ], [ 3.8663076, 43.6067583 ], [ 3.8662049, 43.6069585 ], [ 3.8661838, 43.6069628 ], [ 3.8661626, 43.6069675 ], [ 3.8660437, 43.6069127 ], [ 3.8661152, 43.6068169 ], [ 3.8661449, 43.6068253 ], [ 3.866203, 43.6067252 ], [ 3.866223, 43.6066907 ] ] ] } },
{ "type": "Feature", "properties": { "index": "158", "@osmId": "way/124190975", "name": "Square des Arceaux", "opening_hours": null, "label": "Parks & green spaces", "color": "#31a354" }, "geometry": { "type": "Polygon", "coordinates": [ [ [ 3.860899, 43.6117991 ], [ 3.8609185, 43.6117877 ], [ 3.8611888, 43.6118546 ], [ 3.8613953, 43.6119066 ], [ 3.8614258, 43.6119296 ], [ 3.861422, 43.6119796 ], [ 3.86139, 43.6120136 ], [ 3.8613464, 43.6120387 ], [ 3.8611345, 43.612096 ], [ 3.8609185, 43.6121387 ], [ 3.860899, 43.6120996 ], [ 3.8608837, 43.6120688 ], [ 3.8608662, 43.6119853 ], [ 3.8608716, 43.6118765 ], [ 3.8608917, 43.6118105 ], [ 3.860899, 43.6117991 ] ] ] } },
{ "type": "Feature", "properties": { "index": "159", "@osmId": "way/433033047", "name": "Square Maquis Bir-hakeim", "opening_hours": null, "label": "Parks & green spaces", "color": "#31a354" }, "geometry": { "type": "Polygon", "coordinates": [ [ [ 3.8581369, 43.6110336 ], [ 3.8580973, 43.6107644 ], [ 3.8581281, 43.6107537 ], [ 3.8581874, 43.6107651 ], [ 3.8586065, 43.6109112 ], [ 3.8586817, 43.6109928 ], [ 3.8589051, 43.6110801 ], [ 3.8593875, 43.6112261 ], [ 3.8591819, 43.6113993 ], [ 3.8591348, 43.6113925 ], [ 3.858991, 43.6113719 ], [ 3.8589624, 43.6113678 ], [ 3.8579929, 43.6112057 ], [ 3.8575151, 43.6111101 ], [ 3.8574976, 43.6110188 ], [ 3.8581369, 43.6110336 ] ] ] } },
{ "type": "Feature", "properties": { "index": "160", "@osmId": "way/433245944", "name": "Square Figuerolles", "opening_hours": null, "label": "Parks & green spaces", "color": "#31a354" }, "geometry": { "type": "Polygon", "coordinates": [ [ [ 3.8616199, 43.6065039 ], [ 3.8611364, 43.6063406 ], [ 3.8615386, 43.6057235 ], [ 3.8615795, 43.6057117 ], [ 3.8616247, 43.6056985 ], [ 3.8620265, 43.6058189 ], [ 3.8619659, 43.6059139 ], [ 3.8619229, 43.6059824 ], [ 3.8619391, 43.6059881 ], [ 3.8619356, 43.6059956 ], [ 3.8619474, 43.6060001 ], [ 3.8616199, 43.6065039 ] ] ] } },
{ "type": "Feature", "properties": { "index": "161", "@osmId": "way/543507368", "name": "Square de la Libération", "opening_hours": null, "label": "Parks & green spaces", "color": "#31a354" }, "geometry": { "type": "Polygon", "coordinates": [ [ [ 3.8580973, 43.6107644 ], [ 3.8574911, 43.6107619 ], [ 3.8575297, 43.6107447 ], [ 3.8575614, 43.6107277 ], [ 3.8575876, 43.6106838 ], [ 3.8575848, 43.6106349 ], [ 3.8575594, 43.6105955 ], [ 3.8576776, 43.6106052 ], [ 3.8577463, 43.6106098 ], [ 3.8578285, 43.6106152 ], [ 3.8579256, 43.6106121 ], [ 3.858016, 43.6106067 ], [ 3.858104, 43.6106029 ], [ 3.858143, 43.610581 ], [ 3.8581521, 43.6106468 ], [ 3.8581634, 43.6107455 ], [ 3.8580973, 43.6107644 ] ] ] } },
{ "type": "Feature", "properties": { "index": "162", "@osmId": "way/552095218", "name": null, "opening_hours": null, "label": "Parks & green spaces", "color": "#31a354" }, "geometry": { "type": "Polygon", "coordinates": [ [ [ 3.8630284, 43.6082683 ], [ 3.862888, 43.6080817 ], [ 3.8632649, 43.6078436 ], [ 3.8634437, 43.6079355 ], [ 3.8634053, 43.6080567 ], [ 3.863411, 43.608189 ], [ 3.8630284, 43.6082683 ] ] ] } },
{ "type": "Feature", "properties": { "index": "163", "@osmId": "way/1000772508", "name": "Square Abbé Coursindel", "opening_hours": null, "label": "Parks & green spaces", "color": "#31a354" }, "geometry": { "type": "Polygon", "coordinates": [ [ [ 3.864169, 43.6074898 ], [ 3.8637877, 43.60742 ], [ 3.8637423, 43.6074114 ], [ 3.8640553, 43.6070881 ], [ 3.8643088, 43.6071325 ], [ 3.864169, 43.6074898 ] ] ] } },
{ "type": "Feature", "properties": { "index": "164", "@osmId": "way/23232712", "name": "Parc Magnol", "opening_hours": null, "label": "Parks & green spaces", "color": "#31a354" }, "geometry": { "type": "Polygon", "coordinates": [ [ [ 3.863416, 43.6175688 ], [ 3.8633257, 43.6176375 ], [ 3.8631254, 43.6174924 ], [ 3.8628994, 43.6173288 ], [ 3.8628694, 43.6173365 ], [ 3.8624991, 43.6175993 ], [ 3.8624638, 43.6175717 ], [ 3.8624394, 43.6175527 ], [ 3.8628514, 43.6172761 ], [ 3.8627059, 43.6171625 ], [ 3.863027, 43.6170448 ], [ 3.8635665, 43.6172165 ], [ 3.8636616, 43.6173817 ], [ 3.863416, 43.6175688 ] ] ] } },
{ "type": "Feature", "properties": { "index": "165", "@osmId": "way/8105305", "name": "Jardin des Plantes", "opening_hours": "Oct-May: Tu-Su 12:00-18:00; Jun-Sep: Tu-Su 12:00-20:00", "label": "Parks & green spaces", "color": "#31a354" }, "geometry": { "type": "Polygon", "coordinates": [ [ [ 3.8720921, 43.6125396 ], [ 3.8721642, 43.6125302 ], [ 3.8722067, 43.6125353 ], [ 3.8722454, 43.61254 ], [ 3.8723169, 43.612571 ], [ 3.8723886, 43.6126112 ], [ 3.8724236, 43.6126566 ], [ 3.8733013, 43.6142626 ], [ 3.8733476, 43.6143529 ], [ 3.8727917, 43.6142607 ], [ 3.8727315, 43.6144484 ], [ 3.8726555, 43.6146854 ], [ 3.8726709, 43.6147432 ], [ 3.8726908, 43.6148375 ], [ 3.8727851, 43.6152445 ], [ 3.8725732, 43.6152525 ], [ 3.8725649, 43.6154636 ], [ 3.8721147, 43.6154645 ], [ 3.8712578, 43.6154681 ], [ 3.8704684, 43.6149953 ], [ 3.8703363, 43.6149277 ], [ 3.8707915, 43.6142453 ], [ 3.870874, 43.6140103 ], [ 3.8708854, 43.6139411 ], [ 3.8708964, 43.6138568 ], [ 3.8710848, 43.6134326 ], [ 3.8711728, 43.6132353 ], [ 3.8719088, 43.6126263 ], [ 3.8719657, 43.61259 ], [ 3.8720274, 43.6125623 ], [ 3.8720921, 43.6125396 ] ] ] } },
{ "type": "Feature", "properties": { "index": "166", "@osmId": "way/8597466", "name": "Square Planchon", "opening_hours": null, "label": "Parks & green spaces", "color": "#31a354" }, "geometry": { "type": "Polygon", "coordinates": [ [ [ 3.8799875, 43.6060777 ], [ 3.8798931, 43.6060902 ], [ 3.8794825, 43.6054115 ], [ 3.8801815, 43.6051292 ], [ 3.8802458, 43.6051736 ], [ 3.880315, 43.6052213 ], [ 3.8801232, 43.6057227 ], [ 3.8799875, 43.6060777 ] ] ] } },
{ "type": "Feature", "properties": { "index": "167", "@osmId": "way/8597467", "name": "Jardin des cinq continents, Parc Emmanuel Roblès", "opening_hours": null, "label": "Parks & green spaces", "color": "#31a354" }, "geometry": { "type": "Polygon", "coordinates": [ [ [ 3.878476, 43.6060657 ], [ 3.878309, 43.6058244 ], [ 3.8785969, 43.6057193 ], [ 3.8788451, 43.6056257 ], [ 3.8792042, 43.6061572 ], [ 3.879088, 43.6061986 ], [ 3.8790963, 43.6062106 ], [ 3.8789355, 43.6062702 ], [ 3.8788038, 43.606318 ], [ 3.8787942, 43.6063215 ], [ 3.8787859, 43.6063112 ], [ 3.8786724, 43.6063536 ], [ 3.8785716, 43.6062012 ], [ 3.878476, 43.6060657 ] ] ] } },
{ "type": "Feature", "properties": { "index": "168", "@osmId": "way/8599077", "name": "Jardins du Champ de Mars", "opening_hours": null, "label": "Parks & green spaces", "color": "#31a354" }, "geometry": { "type": "Polygon", "coordinates": [ [ [ 3.8828059, 43.6113365 ], [ 3.8827781, 43.6114622 ], [ 3.8827357, 43.6116642 ], [ 3.8825683, 43.6124335 ], [ 3.8825348, 43.6122003 ], [ 3.8820697, 43.6122358 ], [ 3.882065, 43.6122106 ], [ 3.882015, 43.6122143 ], [ 3.8819869, 43.6122165 ], [ 3.8819756, 43.6121542 ], [ 3.8817144, 43.6120181 ], [ 3.8816275, 43.6115885 ], [ 3.8815937, 43.6114647 ], [ 3.8815753, 43.6113498 ], [ 3.8814886, 43.6108701 ], [ 3.8814999, 43.6108417 ], [ 3.8816271, 43.6107419 ], [ 3.8816563, 43.610719 ], [ 3.8816193, 43.6105458 ], [ 3.8819705, 43.6104406 ], [ 3.8820016, 43.6104175 ], [ 3.8824217, 43.6103678 ], [ 3.8825558, 43.6103539 ], [ 3.8826228, 43.6103211 ], [ 3.8828301, 43.6103115 ], [ 3.882911, 43.6102405 ], [ 3.8829315, 43.610233 ], [ 3.8829585, 43.6102248 ], [ 3.8829843, 43.6102764 ], [ 3.8829883, 43.6103079 ], [ 3.8829959, 43.6103571 ], [ 3.8829945, 43.6104078 ], [ 3.8829886, 43.610458 ], [ 3.8829669, 43.6105569 ], [ 3.8829453, 43.6106654 ], [ 3.8829046, 43.6108659 ], [ 3.8828768, 43.6109992 ], [ 3.8828059, 43.6113365 ] ] ] } },
{ "type": "Feature", "properties": { "index": "169", "@osmId": "way/10067843", "name": "Jardin archéologique des potiers", "opening_hours": null, "label": "Parks & green spaces", "color": "#31a354" }, "geometry": { "type": "Polygon", "coordinates": [ [ [ 3.8815881, 43.6140071 ], [ 3.8815321, 43.6140243 ], [ 3.8813692, 43.6139642 ], [ 3.8812478, 43.6139287 ], [ 3.881191, 43.6139184 ], [ 3.8811055, 43.6139087 ], [ 3.8810376, 43.6139045 ], [ 3.8809648, 43.6139066 ], [ 3.8808956, 43.6139128 ], [ 3.880848, 43.6139197 ], [ 3.8808013, 43.6139307 ], [ 3.8807418, 43.6139487 ], [ 3.8807216, 43.6139495 ], [ 3.8807098, 43.6139448 ], [ 3.8807054, 43.6139361 ], [ 3.8807064, 43.6139212 ], [ 3.8807346, 43.6138493 ], [ 3.8807659, 43.6138 ], [ 3.8808129, 43.6137494 ], [ 3.8808734, 43.6136911 ], [ 3.8809115, 43.6136466 ], [ 3.881013, 43.6136006 ], [ 3.8811595, 43.6135435 ], [ 3.8813927, 43.6134568 ], [ 3.8813989, 43.6134884 ], [ 3.8814401, 43.6134917 ], [ 3.8814448, 43.6135232 ], [ 3.8815157, 43.6135267 ], [ 3.8816364, 43.6139966 ], [ 3.8815881, 43.6140071 ] ] ] } },
{ "type": "Feature", "properties": { "index": "170", "@osmId": "way/23638864", "name": "Square Jean Monnet", "opening_hours": null, "label": "Parks & green spaces", "color": "#31a354" }, "geometry": { "type": "Polygon", "coordinates": [ [ [ 3.8895075, 43.6038137 ], [ 3.889729, 43.6039821 ], [ 3.8897169, 43.6039921 ], [ 3.8895208, 43.6040746 ], [ 3.889538, 43.6041132 ], [ 3.889549, 43.6041373 ], [ 3.8889619, 43.6046068 ], [ 3.8888705, 43.604577 ], [ 3.8889073, 43.6044866 ], [ 3.8889124, 43.6044634 ], [ 3.8889183, 43.6044385 ], [ 3.8889207, 43.6044183 ], [ 3.8889213, 43.6043952 ], [ 3.8889226, 43.6043663 ], [ 3.8889214, 43.6043432 ], [ 3.8889203, 43.6043282 ], [ 3.8888879, 43.6042138 ], [ 3.8888772, 43.6041964 ], [ 3.8888706, 43.6041836 ], [ 3.8888577, 43.6041641 ], [ 3.8888458, 43.6041457 ], [ 3.8888329, 43.6041273 ], [ 3.8888192, 43.6041083 ], [ 3.8888064, 43.6040923 ], [ 3.8887927, 43.6040785 ], [ 3.8887781, 43.604063 ], [ 3.8887635, 43.6040481 ], [ 3.8887525, 43.6040366 ], [ 3.8887334, 43.60402 ], [ 3.8887143, 43.6040052 ], [ 3.8886908, 43.6039921 ], [ 3.8886519, 43.603971 ], [ 3.8885695, 43.6039301 ], [ 3.8886509, 43.6038377 ], [ 3.8886805, 43.6038044 ], [ 3.8891212, 43.6039977 ], [ 3.8892991, 43.6038021 ], [ 3.8895075, 43.6038137 ] ] ] } },
{ "type": "Feature", "properties": { "index": "171", "@osmId": "way/25534782", "name": "Parc René Dumont", "opening_hours": "Mo-Su 08:00-20:00", "label": "Parks & green spaces", "color": "#31a354" }, "geometry": { "type": "Polygon", "coordinates": [ [ [ 3.875483, 43.6011676 ], [ 3.8756784, 43.6 ], [ 3.876116, 43.6 ], [ 3.8761361, 43.6005518 ], [ 3.8761501, 43.600856 ], [ 3.8761967, 43.6009622 ], [ 3.8762105, 43.6011536 ], [ 3.8762297, 43.6013578 ], [ 3.876285, 43.6014681 ], [ 3.8763528, 43.6015496 ], [ 3.8764746, 43.601696 ], [ 3.876679, 43.6020585 ], [ 3.8767001, 43.6020959 ], [ 3.8767576, 43.6021979 ], [ 3.8766799, 43.6022066 ], [ 3.8766097, 43.6022145 ], [ 3.876506, 43.6021447 ], [ 3.8756132, 43.6015438 ], [ 3.8754949, 43.6014642 ], [ 3.8754393, 43.6014728 ], [ 3.8754514, 43.6013912 ], [ 3.8754694, 43.6012696 ], [ 3.875483, 43.6011676 ] ] ] } },
{ "type": "Feature", "properties": { "index": "172", "@osmId": "way/25741111", "name": "Square de Marathon", "opening_hours": null, "label": "Parks & green spaces", "color": "#31a354" }, "geometry": { "type": "Polygon", "coordinates": [ [ [ 3.8895692, 43.6076723 ], [ 3.8891425, 43.6077032 ], [ 3.8891229, 43.6075443 ], [ 3.8893153, 43.6075275 ], [ 3.8897863, 43.6074939 ], [ 3.8897908, 43.6075271 ], [ 3.889989, 43.6075125 ], [ 3.8900075, 43.6076451 ], [ 3.8895692, 43.6076723 ] ] ] } },
{ "type": "Feature", "properties": { "index": "173", "@osmId": "way/26930621", "name": "Espaces des Pertuisanes", "opening_hours": null, "label": "Parks & green spaces", "color": "#31a354" }, "geometry": { "type": "Polygon", "coordinates": [ [ [ 3.8864334, 43.6078027 ], [ 3.8858992, 43.6078438 ], [ 3.8858906, 43.6076723 ], [ 3.885908, 43.6076131 ], [ 3.8860787, 43.607611 ], [ 3.8862457, 43.6076129 ], [ 3.8863211, 43.6076368 ], [ 3.8863778, 43.607664 ], [ 3.8864274, 43.6077104 ], [ 3.8864334, 43.6078027 ] ] ] } },
{ "type": "Feature", "properties": { "index": "174", "@osmId": "way/27817003", "name": "Parc Georges Clemenceau", "opening_hours": null, "label": "Parks & green spaces", "color": "#31a354" }, "geometry": { "type": "Polygon", "coordinates": [ [ [ 3.8708502, 43.6044374 ], [ 3.8707414, 43.6043666 ], [ 3.8708167, 43.6043045 ], [ 3.8709012, 43.6042349 ], [ 3.8710181, 43.604305 ], [ 3.8714169, 43.6039815 ], [ 3.8712999, 43.6039084 ], [ 3.8713693, 43.6038562 ], [ 3.8714044, 43.6038267 ], [ 3.8715046, 43.6037428 ], [ 3.871659, 43.6036215 ], [ 3.8717836, 43.6035159 ], [ 3.8718021, 43.6035277 ], [ 3.8718986, 43.6034478 ], [ 3.8719099, 43.6034477 ], [ 3.8720148, 43.6035075 ], [ 3.8720596, 43.6034853 ], [ 3.8720955, 43.6034646 ], [ 3.8721082, 43.6034581 ], [ 3.8721498, 43.6034808 ], [ 3.872406, 43.6036202 ], [ 3.8725484, 43.6037003 ], [ 3.872417, 43.6038087 ], [ 3.8724223, 43.6039271 ], [ 3.872483, 43.6039613 ], [ 3.8725328, 43.6039898 ], [ 3.8725062, 43.6040131 ], [ 3.8724911, 43.6040271 ], [ 3.8718722, 43.6045823 ], [ 3.8717782, 43.6045282 ], [ 3.8714697, 43.6047897 ], [ 3.8714198, 43.6047554 ], [ 3.8713754, 43.6047881 ], [ 3.8712034, 43.6046752 ], [ 3.8711329, 43.6046268 ], [ 3.8708475, 43.6044392 ], [ 3.8708502, 43.6044374 ] ] ] } },
{ "type": "Feature", "properties": { "index": "175", "@osmId": "way/35465288", "name": "Jardin de l'Hôtel de Sully", "opening_hours": "Mo-Fr 09:00-12:00, 14:00-17:00", "label": "Parks & green spaces", "color": "#31a354" }, "geometry": { "type": "Polygon", "coordinates": [ [ [ 3.8810565, 43.6133572 ], [ 3.8807192, 43.6134621 ], [ 3.8806916, 43.6134085 ], [ 3.8806905, 43.6134065 ], [ 3.8806711, 43.6133666 ], [ 3.8806031, 43.6133862 ], [ 3.8805993, 43.6133787 ], [ 3.8805902, 43.6133609 ], [ 3.8805866, 43.6133621 ], [ 3.8805607, 43.6133132 ], [ 3.8805535, 43.6133115 ], [ 3.880549, 43.6133121 ], [ 3.8804891, 43.6133299 ], [ 3.8804148, 43.6133507 ], [ 3.880378, 43.6133012 ], [ 3.8803084, 43.6131408 ], [ 3.8803542, 43.6131 ], [ 3.8806796, 43.6130353 ], [ 3.8809949, 43.6129839 ], [ 3.8810481, 43.6131669 ], [ 3.8810863, 43.6133078 ], [ 3.8810565, 43.6133572 ] ] ] } },
{ "type": "Feature", "properties": { "index": "176", "@osmId": "way/48274235", "name": "Place François Jaumes", "opening_hours": null, "label": "Parks & green spaces", "color": "#31a354" }, "geometry": { "type": "Polygon", "coordinates": [ [ [ 3.884337, 43.6054103 ], [ 3.8840834, 43.6054804 ], [ 3.8840462, 43.6054186 ], [ 3.8841696, 43.6053836 ], [ 3.8842225, 43.6053693 ], [ 3.884337, 43.6054103 ] ] ] } },
{ "type": "Feature", "properties": { "index": "177", "@osmId": "way/78195773", "name": "Square de la Tour des Pins", "opening_hours": null, "label": "Parks & green spaces", "color": "#31a354" }, "geometry": { "type": "Polygon", "coordinates": [ [ [ 3.8740703, 43.6138936 ], [ 3.8741177, 43.6141666 ], [ 3.8736464, 43.614255 ], [ 3.8736011, 43.614238 ], [ 3.8734902, 43.6140424 ], [ 3.8734498, 43.613971 ], [ 3.8733634, 43.6138185 ], [ 3.8736567, 43.6137382 ], [ 3.8737156, 43.6137424 ], [ 3.8737492, 43.6137953 ], [ 3.8737771, 43.6138243 ], [ 3.8738172, 43.6138491 ], [ 3.8738644, 43.6138644 ], [ 3.8739516, 43.6138787 ], [ 3.8740703, 43.6138936 ] ] ] } },
{ "type": "Feature", "properties": { "index": "178", "@osmId": "way/110521269", "name": "Square de l'Intendance du Languedoc", "opening_hours": null, "label": "Parks & green spaces", "color": "#31a354" }, "geometry": { "type": "Polygon", "coordinates": [ [ [ 3.8758734, 43.6124124 ], [ 3.8757389, 43.6124014 ], [ 3.8757414, 43.6122945 ], [ 3.8757998, 43.6122785 ], [ 3.8758671, 43.6122583 ], [ 3.8758699, 43.6123203 ], [ 3.8761388, 43.6122337 ], [ 3.8762131, 43.6123446 ], [ 3.8761818, 43.6123524 ], [ 3.8761863, 43.612397 ], [ 3.8761582, 43.6123984 ], [ 3.876071, 43.6124027 ], [ 3.8760589, 43.6124033 ], [ 3.8760488, 43.6124038 ], [ 3.8758937, 43.6124116 ], [ 3.8758734, 43.6124124 ] ] ] } },
{ "type": "Feature", "properties": { "index": "179", "@osmId": "way/110521621", "name": "Plan Cavaillé Coll", "opening_hours": null, "label": "Parks & green spaces", "color": "#31a354" }, "geometry": { "type": "Polygon", "coordinates": [ [ [ 3.8785123, 43.6133945 ], [ 3.8786383, 43.6135516 ], [ 3.8784781, 43.6136351 ], [ 3.8784506, 43.6136054 ], [ 3.8784176, 43.6135696 ], [ 3.8784, 43.6135506 ], [ 3.8783952, 43.6135454 ], [ 3.878388, 43.6135376 ], [ 3.8783837, 43.6135329 ], [ 3.8783597, 43.6135069 ], [ 3.8783421, 43.6134879 ], [ 3.8783202, 43.6134642 ], [ 3.8785123, 43.6133945 ] ] ] } },
{ "type": "Feature", "properties": { "index": "180", "@osmId": "way/116984605", "name": "Jardin de la Reine", "opening_hours": null, "label": "Parks & green spaces", "color": "#31a354" }, "geometry": { "type": "Polygon", "coordinates": [ [ [ 3.8705536, 43.6137005 ], [ 3.8704318, 43.6139025 ], [ 3.8704251, 43.613908 ], [ 3.8704179, 43.6139106 ], [ 3.8704087, 43.6139109 ], [ 3.8703994, 43.6139087 ], [ 3.8703911, 43.6139034 ], [ 3.870383, 43.6138956 ], [ 3.8703642, 43.6138758 ], [ 3.8696107, 43.6131118 ], [ 3.8695719, 43.6130714 ], [ 3.8698418, 43.612997 ], [ 3.8700704, 43.6129199 ], [ 3.8701383, 43.612984 ], [ 3.8703884, 43.61322 ], [ 3.8704643, 43.6132874 ], [ 3.8707165, 43.6135194 ], [ 3.8705536, 43.6137005 ] ] ] } },
{ "type": "Feature", "properties": { "index": "181", "@osmId": "way/181565280", "name": "Square Dominique Bagouet", "opening_hours": null, "label": "Parks & green spaces", "color": "#31a354" }, "geometry": { "type": "Polygon", "coordinates": [ [ [ 3.8761006, 43.6087676 ], [ 3.8760118, 43.6087677 ], [ 3.876013, 43.6085815 ], [ 3.8760435, 43.608581 ], [ 3.8760712, 43.6085805 ], [ 3.8760935, 43.6085801 ], [ 3.8761481, 43.6085791 ], [ 3.876201, 43.6086434 ], [ 3.876284, 43.6087444 ], [ 3.8761634, 43.6087647 ], [ 3.8761006, 43.6087676 ] ] ] } },
{ "type": "Feature", "properties": { "index": "182", "@osmId": "way/195749636", "name": "Square Théophraste Renaudot", "opening_hours": null, "label": "Parks & green spaces", "color": "#31a354" }, "geometry": { "type": "Polygon", "coordinates": [ [ [ 3.8756315, 43.6150784 ], [ 3.8755749, 43.6149545 ], [ 3.8759406, 43.6148768 ], [ 3.8759499, 43.6148972 ], [ 3.8759621, 43.6149279 ], [ 3.8759345, 43.6149244 ], [ 3.8759144, 43.6149262 ], [ 3.8758884, 43.6149366 ], [ 3.8758686, 43.6149552 ], [ 3.875866, 43.6149804 ], [ 3.8758777, 43.6149969 ], [ 3.87589, 43.61501 ], [ 3.8759086, 43.6150154 ], [ 3.8758661, 43.6150253 ], [ 3.8758271, 43.6150332 ], [ 3.8756315, 43.6150784 ] ] ] } },
{ "type": "Feature", "properties": { "index": "183", "@osmId": "way/433245937", "name": "Square Saint-Cléophas", "opening_hours": null, "label": "Parks & green spaces", "color": "#31a354" }, "geometry": { "type": "Polygon", "coordinates": [ [ [ 3.8675069, 43.6003268 ], [ 3.8674613, 43.6002501 ], [ 3.8674857, 43.6002124 ], [ 3.8675452, 43.6001592 ], [ 3.8675861, 43.6001317 ], [ 3.8676539, 43.6000859 ], [ 3.8677708, 43.6001644 ], [ 3.8676898, 43.6002193 ], [ 3.8677598, 43.6002748 ], [ 3.8676828, 43.6002949 ], [ 3.8675932, 43.6003551 ], [ 3.8675069, 43.6003268 ] ] ] } },
{ "type": "Feature", "properties": { "index": "184", "@osmId": "way/433272720", "name": "Square de la Providence", "opening_hours": null, "label": "Parks & green spaces", "color": "#31a354" }, "geometry": { "type": "Polygon", "coordinates": [ [ [ 3.8752789, 43.6138461 ], [ 3.8755447, 43.6137921 ], [ 3.8755813, 43.6138867 ], [ 3.8753155, 43.6139406 ], [ 3.8752789, 43.6138461 ] ] ] } },
{ "type": "Feature", "properties": { "index": "185", "@osmId": "way/433272721", "name": "Square Louis Boffet", "opening_hours": null, "label": "Parks & green spaces", "color": "#31a354" }, "geometry": { "type": "Polygon", "coordinates": [ [ [ 3.8746941, 43.6137983 ], [ 3.8746336, 43.6136706 ], [ 3.8750077, 43.6135604 ], [ 3.8749735, 43.6134977 ], [ 3.8750979, 43.613458 ], [ 3.8751013, 43.6134683 ], [ 3.8751096, 43.6134934 ], [ 3.8751176, 43.6135174 ], [ 3.875063, 43.6135328 ], [ 3.8750864, 43.6135996 ], [ 3.8751142, 43.6135937 ], [ 3.8751414, 43.6135886 ], [ 3.8751514, 43.6136194 ], [ 3.8751798, 43.6137072 ], [ 3.875159, 43.6137117 ], [ 3.8751097, 43.6137225 ], [ 3.8746941, 43.6137983 ] ] ] } },
{ "type": "Feature", "properties": { "index": "186", "@osmId": "way/433272722", "name": "Jardin des Arceaux", "opening_hours": null, "label": "Parks & green spaces", "color": "#31a354" }, "geometry": { "type": "Polygon", "coordinates": [ [ [ 3.8679274, 43.6112451 ], [ 3.8680757, 43.6112294 ], [ 3.8681014, 43.6114198 ], [ 3.8679531, 43.6114341 ], [ 3.8679413, 43.6113472 ], [ 3.8679274, 43.6112451 ] ] ] } },
{ "type": "Feature", "properties": { "index": "187", "@osmId": "way/480210780", "name": "Jardin de la Panacée", "opening_hours": null, "label": "Parks & green spaces", "color": "#31a354" }, "geometry": { "type": "Polygon", "coordinates": [ [ [ 3.878297, 43.6127921 ], [ 3.8781188, 43.6129671 ], [ 3.8778887, 43.6128447 ], [ 3.8780552, 43.6126628 ], [ 3.878297, 43.6127921 ] ] ] } },
{ "type": "Feature", "properties": { "index": "188", "@osmId": "way/615932591", "name": "Promenade du Peyrou", "opening_hours": "07:00-20:00; Mar-May,Sep,Oct 07:00-21:30; Jun-Aug 07:00-00:00", "label": "Parks & green spaces", "color": "#31a354" }, "geometry": { "type": "Polygon", "coordinates": [ [ [ 3.8717336, 43.6119038 ], [ 3.8683718, 43.6121602 ], [ 3.8681855, 43.6108436 ], [ 3.8682678, 43.6108291 ], [ 3.8683683, 43.610793 ], [ 3.8684541, 43.6107059 ], [ 3.8715329, 43.6104689 ], [ 3.8715519, 43.6106238 ], [ 3.8716123, 43.6106193 ], [ 3.8717651, 43.6107072 ], [ 3.8718351, 43.6111712 ], [ 3.8718582, 43.6113084 ], [ 3.8719056, 43.6116274 ], [ 3.8717823, 43.611744 ], [ 3.8717114, 43.6117517 ], [ 3.8717336, 43.6119038 ] ] ] } },
{ "type": "Feature", "properties": { "index": "189", "@osmId": "way/1089425502", "name": null, "opening_hours": null, "label": "Parks & green spaces", "color": "#31a354" }, "geometry": { "type": "Polygon", "coordinates": [ [ [ 3.8870153, 43.6032134 ], [ 3.8863736, 43.6031671 ], [ 3.8864069, 43.602931 ], [ 3.8864864, 43.6028903 ], [ 3.8865422, 43.6029102 ], [ 3.8866073, 43.6029365 ], [ 3.8870171, 43.6031032 ], [ 3.8870589, 43.6031169 ], [ 3.8870501, 43.6031982 ], [ 3.8871254, 43.6032051 ], [ 3.8871232, 43.6032212 ], [ 3.8870153, 43.6032134 ] ] ] } },
{ "type": "Feature", "properties": { "index": "190", "@osmId": "way/1090231660", "name": "Jardin partagé de Candolle", "opening_hours": null, "label": "Parks & green spaces", "color": "#31a354" }, "geometry": { "type": "Polygon", "coordinates": [ [ [ 3.8758734, 43.6124124 ], [ 3.8757386, 43.6124014 ], [ 3.87574, 43.6123206 ], [ 3.8757414, 43.6122945 ], [ 3.8757998, 43.6122785 ], [ 3.8758671, 43.6122583 ], [ 3.8758699, 43.6123203 ], [ 3.8758711, 43.6123452 ], [ 3.8758734, 43.6124124 ] ] ] } },
{ "type": "Feature", "properties": { "index": "191", "@osmId": "way/1451459370", "name": "Square forain", "opening_hours": null, "label": "Parks & green spaces", "color": "#31a354" }, "geometry": { "type": "Polygon", "coordinates": [ [ [ 3.8814242, 43.6098878 ], [ 3.8813661, 43.6096578 ], [ 3.8815862, 43.6096414 ], [ 3.8817234, 43.6096281 ], [ 3.8817252, 43.6096369 ], [ 3.8817933, 43.609657 ], [ 3.8818182, 43.6098468 ], [ 3.881513, 43.6098779 ], [ 3.8814242, 43.6098878 ] ] ] } },
{ "type": "Feature", "properties": { "index": "192", "@osmId": "way/1059558030", "name": "Square Christine Boumeester", "opening_hours": null, "label": "Parks & green spaces", "color": "#31a354" }, "geometry": { "type": "Polygon", "coordinates": [ [ [ 3.8670096, 43.6218844 ], [ 3.8672344, 43.6213982 ], [ 3.8675794, 43.6214743 ], [ 3.8676284, 43.6214851 ], [ 3.8674125, 43.6220229 ], [ 3.8672747, 43.6219907 ], [ 3.86698, 43.6219373 ], [ 3.8670096, 43.6218844 ] ] ] } },
{ "type": "Feature", "properties": { "index": "193", "@osmId": "way/14880928", "name": "Annexe Cimetière Saint-Lazare", "opening_hours": null, "label": "Cemeteries", "color": "#78c679" }, "geometry": { "type": "Polygon", "coordinates": [ [ [ 3.8893006, 43.6246556 ], [ 3.8892566, 43.6246301 ], [ 3.8892203, 43.6246162 ], [ 3.8891721, 43.6246109 ], [ 3.8889738, 43.6241792 ], [ 3.8889875, 43.6241753 ], [ 3.8889739, 43.6241416 ], [ 3.8889664, 43.6241229 ], [ 3.8889593, 43.6241032 ], [ 3.8889387, 43.6241029 ], [ 3.88884, 43.623888 ], [ 3.8892386, 43.6237151 ], [ 3.889605, 43.6235635 ], [ 3.8898951, 43.6234361 ], [ 3.8898986, 43.6234259 ], [ 3.8901728, 43.6233104 ], [ 3.890182, 43.6233131 ], [ 3.8912128, 43.6228741 ], [ 3.8913834, 43.622801 ], [ 3.8919503, 43.6233458 ], [ 3.8918877, 43.6236035 ], [ 3.8893006, 43.6246556 ] ] ] } },
{ "type": "Feature", "properties": { "index": "194", "@osmId": "way/25787377", "name": "Cimetière des Protestants", "opening_hours": null, "label": "Cemeteries", "color": "#78c679" }, "geometry": { "type": "Polygon", "coordinates": [ [ [ 3.8857751, 43.603018 ], [ 3.8847876, 43.6031326 ], [ 3.8847594, 43.6030505 ], [ 3.8847673, 43.6030314 ], [ 3.8847475, 43.6029854 ], [ 3.8847244, 43.6029348 ], [ 3.8847066, 43.6029203 ], [ 3.8846746, 43.6029138 ], [ 3.8846437, 43.6028439 ], [ 3.8846967, 43.6022766 ], [ 3.8849025, 43.6022173 ], [ 3.8851262, 43.6021538 ], [ 3.8852908, 43.6021063 ], [ 3.8853418, 43.6020915 ], [ 3.8860274, 43.6024889 ], [ 3.8862037, 43.6025576 ], [ 3.8865085, 43.6026032 ], [ 3.8865381, 43.6026138 ], [ 3.8865566, 43.6026306 ], [ 3.8865663, 43.602658 ], [ 3.8865601, 43.6026803 ], [ 3.8865418, 43.6026962 ], [ 3.8865148, 43.6027132 ], [ 3.8861814, 43.602911 ], [ 3.8857751, 43.603018 ] ] ] } },
{ "type": "Feature", "properties": { "index": "195", "@osmId": "way/8658124", "name": "Cimetière Saint-Lazare", "opening_hours": null, "label": "Cemeteries", "color": "#78c679" }, "geometry": { "type": "Polygon", "coordinates": [ [ [ 3.8935142, 43.6248153 ], [ 3.8937092, 43.625 ], [ 3.8893487, 43.625 ], [ 3.8892854, 43.624862 ], [ 3.8893076, 43.6248444 ], [ 3.8893261, 43.6248233 ], [ 3.8893385, 43.6248228 ], [ 3.8893472, 43.6248151 ], [ 3.8893472, 43.6248066 ], [ 3.8893402, 43.624801 ], [ 3.8893478, 43.6247775 ], [ 3.8893483, 43.6247563 ], [ 3.8921448, 43.6236786 ], [ 3.8923311, 43.6237002 ], [ 3.8935142, 43.6248153 ] ] ] } },
{ "type": "Feature", "properties": { "index": "196", "@osmId": "way/44602855", "name": null, "opening_hours": null, "label": "Forests & woodland", "color": "#006837" }, "geometry": { "type": "Polygon", "coordinates": [ [ [ 3.85526, 43.6196273 ], [ 3.855, 43.6195144 ], [ 3.855, 43.6190201 ], [ 3.8552304, 43.6190974 ], [ 3.8554313, 43.6191472 ], [ 3.8553697, 43.6192599 ], [ 3.855677, 43.6193628 ], [ 3.8558238, 43.6193424 ], [ 3.8559671, 43.6192823 ], [ 3.8562315, 43.6193381 ], [ 3.8561784, 43.619559 ], [ 3.8558952, 43.6196273 ], [ 3.8556634, 43.6196584 ], [ 3.8554403, 43.6196584 ], [ 3.85526, 43.6196273 ] ] ] } },
{ "type": "Feature", "properties": { "index": "197", "@osmId": "way/505539128", "name": null, "opening_hours": null, "label": "Forests & woodland", "color": "#006837" }, "geometry": { "type": "Polygon", "coordinates": [ [ [ 3.855433, 43.6240844 ], [ 3.8571946, 43.625 ], [ 3.855, 43.625 ], [ 3.855, 43.624707 ], [ 3.8552831, 43.6243428 ], [ 3.855433, 43.6240844 ] ] ] } },
{ "type": "Feature", "properties": { "index": "198", "@osmId": "way/510483321", "name": null, "opening_hours": null, "label": "Forests & woodland", "color": "#006837" }, "geometry": { "type": "Polygon", "coordinates": [ [ [ 3.8645616, 43.6209881 ], [ 3.8643658, 43.6212745 ], [ 3.8632438, 43.6212713 ], [ 3.8620988, 43.6212356 ], [ 3.8613228, 43.6211341 ], [ 3.8603384, 43.6209516 ], [ 3.8598283, 43.6209147 ], [ 3.8592267, 43.6209674 ], [ 3.8587841, 43.6210739 ], [ 3.8586647, 43.6211554 ], [ 3.8586058, 43.6212104 ], [ 3.8585217, 43.6211211 ], [ 3.8584566, 43.6210268 ], [ 3.8583556, 43.6208971 ], [ 3.8582742, 43.6207757 ], [ 3.8582505, 43.6207228 ], [ 3.8582544, 43.6207054 ], [ 3.8582677, 43.6206896 ], [ 3.8583019, 43.6206912 ], [ 3.8583898, 43.6207486 ], [ 3.8585136, 43.6208712 ], [ 3.8586031, 43.620936 ], [ 3.8587594, 43.6209596 ], [ 3.8589874, 43.6208676 ], [ 3.8592138, 43.6208063 ], [ 3.8597739, 43.6207662 ], [ 3.8600638, 43.6207651 ], [ 3.8603552, 43.620804 ], [ 3.8604497, 43.6208228 ], [ 3.8605181, 43.620824 ], [ 3.8606337, 43.6208535 ], [ 3.8607581, 43.6208796 ], [ 3.8608484, 43.620897 ], [ 3.8613343, 43.6208925 ], [ 3.8615297, 43.6209373 ], [ 3.8626282, 43.6210559 ], [ 3.8627658, 43.6210648 ], [ 3.8633754, 43.6210884 ], [ 3.8635408, 43.6210976 ], [ 3.8640225, 43.6210964 ], [ 3.8645616, 43.6209881 ] ] ] } },
{ "type": "Feature", "properties": { "index": "199", "@osmId": "way/510483322", "name": null, "opening_hours": null, "label": "Forests & woodland", "color": "#006837" }, "geometry": { "type": "Polygon", "coordinates": [ [ [ 3.8583852, 43.6212439 ], [ 3.8584134, 43.6213124 ], [ 3.8574952, 43.6218557 ], [ 3.8573176, 43.6220024 ], [ 3.8574612, 43.6220937 ], [ 3.8571401, 43.6224077 ], [ 3.8562196, 43.6226191 ], [ 3.8555141, 43.6228921 ], [ 3.855, 43.6239267 ], [ 3.855, 43.6234566 ], [ 3.8550713, 43.623305 ], [ 3.855092, 43.6232561 ], [ 3.855092, 43.6232182 ], [ 3.8551816, 43.6230156 ], [ 3.8552326, 43.6228728 ], [ 3.8552988, 43.6227281 ], [ 3.8554312, 43.6225694 ], [ 3.8555539, 43.6225195 ], [ 3.8556546, 43.6224366 ], [ 3.8557952, 43.6223917 ], [ 3.8559827, 43.6223508 ], [ 3.8561785, 43.6223259 ], [ 3.8564543, 43.6222829 ], [ 3.8566514, 43.622256 ], [ 3.8568679, 43.622231 ], [ 3.8569437, 43.6221791 ], [ 3.8570485, 43.6220713 ], [ 3.8572282, 43.6219124 ], [ 3.8574244, 43.6218042 ], [ 3.8575329, 43.6217358 ], [ 3.8576999, 43.621609 ], [ 3.8578844, 43.6214915 ], [ 3.8580898, 43.6213639 ], [ 3.8583327, 43.6212041 ], [ 3.8583852, 43.6212439 ] ] ] } },
{ "type": "Feature", "properties": { "index": "200", "@osmId": "way/1194042352", "name": null, "opening_hours": null, "label": "Forests & woodland", "color": "#006837" }, "geometry": { "type": "Polygon", "coordinates": [ [ [ 3.856057, 43.6102621 ], [ 3.8556567, 43.6102179 ], [ 3.8553422, 43.6101815 ], [ 3.8552919, 43.6100912 ], [ 3.8553009, 43.6099659 ], [ 3.855308, 43.6098679 ], [ 3.8550626, 43.6098543 ], [ 3.8550076, 43.6097368 ], [ 3.855, 43.6097365 ], [ 3.855, 43.6090499 ], [ 3.8554957, 43.6090804 ], [ 3.8569053, 43.6091619 ], [ 3.8569696, 43.6093591 ], [ 3.8569374, 43.6094659 ], [ 3.8566169, 43.6094601 ], [ 3.8565767, 43.6095348 ], [ 3.8566343, 43.6096504 ], [ 3.8564587, 43.6096368 ], [ 3.8563447, 43.6095504 ], [ 3.8563916, 43.6093241 ], [ 3.8562562, 43.6092251 ], [ 3.8557117, 43.6092018 ], [ 3.8555709, 43.6092309 ], [ 3.8555346, 43.6095183 ], [ 3.8555668, 43.609662 ], [ 3.8562481, 43.6097125 ], [ 3.8563782, 43.6096912 ], [ 3.8565713, 43.6097261 ], [ 3.8565606, 43.6097659 ], [ 3.8563809, 43.6097679 ], [ 3.8564178, 43.6101053 ], [ 3.8562904, 43.6101065 ], [ 3.8560657, 43.6101087 ], [ 3.856057, 43.6102621 ] ] ] } },
{ "type": "Feature", "properties": { "index": "201", "@osmId": "way/26187723", "name": null, "opening_hours": null, "label": "Forests & woodland", "color": "#006837" }, "geometry": { "type": "Polygon", "coordinates": [ [ [ 3.8935367, 43.6164122 ], [ 3.8938094, 43.6161663 ], [ 3.894149, 43.6162306 ], [ 3.8941331, 43.6163285 ], [ 3.8941624, 43.6165259 ], [ 3.8941867, 43.6165275 ], [ 3.8941854, 43.6165415 ], [ 3.8942017, 43.6165678 ], [ 3.8942915, 43.616689 ], [ 3.89437, 43.6167708 ], [ 3.8945663, 43.6170426 ], [ 3.8945146, 43.6170405 ], [ 3.8946373, 43.617194 ], [ 3.8947176, 43.6172593 ], [ 3.8947709, 43.6172829 ], [ 3.8948042, 43.6173573 ], [ 3.8949008, 43.6173749 ], [ 3.8949015, 43.6174275 ], [ 3.8946177, 43.6174491 ], [ 3.894161, 43.6174116 ], [ 3.8937752, 43.6172685 ], [ 3.8936392, 43.6171123 ], [ 3.8934536, 43.6168127 ], [ 3.893416, 43.6166942 ], [ 3.8934476, 43.6165488 ], [ 3.8935367, 43.6164122 ] ] ] } },
{ "type": "Feature", "properties": { "index": "202", "@osmId": "way/1215072452", "name": null, "opening_hours": null, "label": "Forests & woodland", "color": "#006837" }, "geometry": { "type": "Polygon", "coordinates": [ [ [ 3.900011, 43.6218324 ], [ 3.8997332, 43.6215442 ], [ 3.8998033, 43.6215327 ], [ 3.8998456, 43.6215097 ], [ 3.8998721, 43.6214743 ], [ 3.8998787, 43.6214168 ], [ 3.8998364, 43.6213804 ], [ 3.8998298, 43.6213249 ], [ 3.8998721, 43.6212885 ], [ 3.8999647, 43.6213239 ], [ 3.9004303, 43.6212828 ], [ 3.9004474, 43.6214829 ], [ 3.9004898, 43.6218055 ], [ 3.900011, 43.6218324 ] ] ] } },
{ "type": "Feature", "properties": { "index": "203", "@osmId": "way/510481133", "name": null, "opening_hours": null, "label": "Forests & woodland", "color": "#006837" }, "geometry": { "type": "Polygon", "coordinates": [ [ [ 3.8691034, 43.6182128 ], [ 3.8693565, 43.6181581 ], [ 3.8693548, 43.6183316 ], [ 3.8689982, 43.6184401 ], [ 3.8685372, 43.6186505 ], [ 3.8683033, 43.618741 ], [ 3.8681965, 43.6187969 ], [ 3.8680398, 43.6190271 ], [ 3.8678763, 43.6194003 ], [ 3.8677945, 43.6195894 ], [ 3.8677446, 43.6197258 ], [ 3.8676577, 43.6198446 ], [ 3.8675797, 43.6199158 ], [ 3.867011, 43.6201928 ], [ 3.8669598, 43.6202255 ], [ 3.8666998, 43.6203917 ], [ 3.866509, 43.6204887 ], [ 3.8663024, 43.6205808 ], [ 3.8661002, 43.6206696 ], [ 3.8657744, 43.6207978 ], [ 3.8649331, 43.6211395 ], [ 3.8647842, 43.621191 ], [ 3.8646972, 43.6211927 ], [ 3.8648284, 43.6210083 ], [ 3.864919, 43.6210006 ], [ 3.8651238, 43.6209298 ], [ 3.865237, 43.6208913 ], [ 3.86555, 43.6207847 ], [ 3.8658517, 43.6206717 ], [ 3.8661353, 43.6205654 ], [ 3.8666013, 43.6203415 ], [ 3.8671285, 43.6200396 ], [ 3.8673779, 43.619892 ], [ 3.8675983, 43.6197618 ], [ 3.8675901, 43.6196584 ], [ 3.8677037, 43.6194726 ], [ 3.86779, 43.6192145 ], [ 3.8678422, 43.6190172 ], [ 3.8679229, 43.618875 ], [ 3.8680923, 43.618748 ], [ 3.8682302, 43.6186583 ], [ 3.8684305, 43.6185425 ], [ 3.86864, 43.6184247 ], [ 3.8688081, 43.6183374 ], [ 3.8689963, 43.6182555 ], [ 3.8691034, 43.6182128 ] ] ] } },
{ "type": "Feature", "properties": { "index": "204", "@osmId": "way/456754069", "name": null, "opening_hours": null, "label": "Forests & woodland", "color": "#006837" }, "geometry": { "type": "Polygon", "coordinates": [ [ [ 3.8970368, 43.6002153 ], [ 3.8973451, 43.6 ], [ 3.8978788, 43.6 ], [ 3.8976332, 43.600232 ], [ 3.8972383, 43.6005657 ], [ 3.8968141, 43.6003702 ], [ 3.8970368, 43.6002153 ] ] ] } },
{ "type": "Feature", "properties": { "index": "205", "@osmId": "way/510705395", "name": null, "opening_hours": null, "label": "Forests & woodland", "color": "#006837" }, "geometry": { "type": "Polygon", "coordinates": [ [ [ 3.8698543, 43.6235156 ], [ 3.8699197, 43.6235086 ], [ 3.8706928, 43.6237133 ], [ 3.8706543, 43.6237954 ], [ 3.8705909, 43.6238789 ], [ 3.870589, 43.6239638 ], [ 3.8706659, 43.6240557 ], [ 3.8708082, 43.6240933 ], [ 3.8709217, 43.6240836 ], [ 3.8710736, 43.6240822 ], [ 3.8711794, 43.6241003 ], [ 3.8712928, 43.6241615 ], [ 3.8712736, 43.6242562 ], [ 3.8712217, 43.6243606 ], [ 3.8711601, 43.6244302 ], [ 3.8710543, 43.6246014 ], [ 3.8710543, 43.6246975 ], [ 3.8708791, 43.625 ], [ 3.8705292, 43.625 ], [ 3.8706332, 43.624788 ], [ 3.8706486, 43.6247142 ], [ 3.8706236, 43.6246808 ], [ 3.870537, 43.6246863 ], [ 3.8704563, 43.6247434 ], [ 3.870314, 43.6246975 ], [ 3.869832, 43.6245792 ], [ 3.8696274, 43.624529 ], [ 3.8690005, 43.6243286 ], [ 3.8690255, 43.6242228 ], [ 3.869064, 43.6241406 ], [ 3.8693351, 43.6242283 ], [ 3.8693947, 43.6241448 ], [ 3.8694947, 43.6239652 ], [ 3.869489, 43.6238636 ], [ 3.8696955, 43.6235469 ], [ 3.8697601, 43.6235128 ], [ 3.8698543, 43.6235156 ] ] ] } },
{ "type": "Feature", "properties": { "index": "206", "@osmId": "way/510705396", "name": null, "opening_hours": null, "label": "Forests & woodland", "color": "#006837" }, "geometry": { "type": "Polygon", "coordinates": [ [ [ 3.8710678, 43.623343 ], [ 3.8709325, 43.6233125 ], [ 3.8701549, 43.6230984 ], [ 3.8703678, 43.6226942 ], [ 3.8704611, 43.622523 ], [ 3.8705101, 43.6225342 ], [ 3.8705678, 43.6225453 ], [ 3.8704986, 43.6226817 ], [ 3.8705543, 43.6227151 ], [ 3.8710313, 43.6228348 ], [ 3.8711024, 43.6228293 ], [ 3.8711717, 43.6227806 ], [ 3.8712255, 43.6227973 ], [ 3.8713486, 43.6228084 ], [ 3.8714289, 43.6228108 ], [ 3.8715637, 43.622846 ], [ 3.8714794, 43.6230423 ], [ 3.8714486, 43.6231077 ], [ 3.8714909, 43.6231411 ], [ 3.8715486, 43.6231536 ], [ 3.8717409, 43.6231829 ], [ 3.8718563, 43.6232274 ], [ 3.8718274, 43.6233012 ], [ 3.8717505, 43.623343 ], [ 3.8716428, 43.6233277 ], [ 3.8714967, 43.6232761 ], [ 3.871389, 43.6232567 ], [ 3.8712851, 43.6233137 ], [ 3.8712332, 43.6233945 ], [ 3.8711755, 43.6233917 ], [ 3.8710678, 43.623343 ] ] ] } },
{ "type": "Feature", "properties": { "index": "207", "@osmId": "way/1215010789", "name": null, "opening_hours": null, "label": "Forests & woodland", "color": "#006837" }, "geometry": { "type": "Polygon", "coordinates": [ [ [ 3.8722343, 43.6241162 ], [ 3.8719869, 43.623918 ], [ 3.8723396, 43.6233476 ], [ 3.8724712, 43.6233794 ], [ 3.8725239, 43.6234848 ], [ 3.8725607, 43.623528 ], [ 3.872673, 43.623575 ], [ 3.8727696, 43.623575 ], [ 3.8728433, 43.623575 ], [ 3.8729187, 43.6237719 ], [ 3.8729047, 43.6238012 ], [ 3.8729363, 43.6238558 ], [ 3.8729161, 43.6240429 ], [ 3.8727315, 43.6240233 ], [ 3.8726099, 43.6240743 ], [ 3.8726011, 43.6241327 ], [ 3.8723589, 43.6242941 ], [ 3.8717183, 43.6247323 ], [ 3.8715113, 43.6246663 ], [ 3.8716411, 43.624524 ], [ 3.8717921, 43.6245621 ], [ 3.8721466, 43.6243017 ], [ 3.8722378, 43.6241823 ], [ 3.8722343, 43.6241162 ] ] ] } },
{ "type": "Feature", "properties": { "index": "208", "@osmId": "way/1215063300", "name": null, "opening_hours": null, "label": "Forests & woodland", "color": "#006837" }, "geometry": { "type": "Polygon", "coordinates": [ [ [ 3.8876961, 43.6213438 ], [ 3.8876894, 43.6213112 ], [ 3.8877159, 43.6212959 ], [ 3.8882502, 43.6211331 ], [ 3.8883203, 43.6211341 ], [ 3.8883587, 43.621159 ], [ 3.888528, 43.6214165 ], [ 3.8885637, 43.6214175 ], [ 3.8886669, 43.6216071 ], [ 3.8887105, 43.6216425 ], [ 3.8887118, 43.6216597 ], [ 3.8887925, 43.6217402 ], [ 3.8888613, 43.6218637 ], [ 3.88886, 43.6219163 ], [ 3.8888706, 43.6219326 ], [ 3.8887912, 43.6222065 ], [ 3.8887634, 43.6222199 ], [ 3.8887502, 43.6222495 ], [ 3.8888454, 43.6224295 ], [ 3.8888576, 43.622454 ], [ 3.888901, 43.6225406 ], [ 3.8888944, 43.6225722 ], [ 3.8883838, 43.6227273 ], [ 3.8883309, 43.6227168 ], [ 3.8881312, 43.622216 ], [ 3.8880347, 43.6219738 ], [ 3.8879209, 43.6217143 ], [ 3.8877344, 43.621383 ], [ 3.8876961, 43.6213438 ] ] ] } },
{ "type": "Feature", "properties": { "index": "209", "@osmId": "way/1215065606", "name": null, "opening_hours": null, "label": "Forests & woodland", "color": "#006837" }, "geometry": { "type": "Polygon", "coordinates": [ [ [ 3.8837955, 43.6161986 ], [ 3.8837466, 43.6162178 ], [ 3.8835111, 43.6159142 ], [ 3.8838881, 43.6157629 ], [ 3.8842055, 43.6160607 ], [ 3.8840878, 43.6160923 ], [ 3.8839198, 43.6161498 ], [ 3.8837955, 43.6161986 ] ] ] } },
{ "type": "Feature", "properties": { "index": "210", "@osmId": "way/26930626", "name": null, "opening_hours": null, "label": "Forests & woodland", "color": "#006837" }, "geometry": { "type": "Polygon", "coordinates": [ [ [ 3.8914252, 43.6087008 ], [ 3.8910545, 43.6087288 ], [ 3.891039, 43.6086105 ], [ 3.891095, 43.6086075 ], [ 3.8914252, 43.6087008 ] ] ] } },
{ "type": "Feature", "properties": { "index": "211", "@osmId": "way/26930627", "name": null, "opening_hours": null, "label": "Forests & woodland", "color": "#006837" }, "geometry": { "type": "Polygon", "coordinates": [ [ [ 3.8922151, 43.6086498 ], [ 3.891837, 43.6086761 ], [ 3.8921035, 43.6085482 ], [ 3.8921974, 43.6085423 ], [ 3.8922151, 43.6086498 ] ] ] } },
{ "type": "Feature", "properties": { "index": "212", "@osmId": "way/26930991", "name": "Parc Richter", "opening_hours": null, "label": "Forests & woodland", "color": "#006837" }, "geometry": { "type": "Polygon", "coordinates": [ [ [ 3.8970423, 43.6017427 ], [ 3.896381, 43.601698 ], [ 3.8963614, 43.6015026 ], [ 3.8964194, 43.6013548 ], [ 3.8967509, 43.6010406 ], [ 3.897016, 43.6008063 ], [ 3.897184, 43.6009175 ], [ 3.8970423, 43.6017427 ] ] ] } },
{ "type": "Feature", "properties": { "index": "213", "@osmId": "way/26930992", "name": "Parc Richter", "opening_hours": null, "label": "Forests & woodland", "color": "#006837" }, "geometry": { "type": "Polygon", "coordinates": [ [ [ 3.8965483, 43.6023452 ], [ 3.8964053, 43.6018123 ], [ 3.8970252, 43.60185 ], [ 3.8969669, 43.6023661 ], [ 3.8965483, 43.6023452 ] ] ] } },
{ "type": "Feature", "properties": { "index": "214", "@osmId": "way/26931046", "name": null, "opening_hours": null, "label": "Forests & woodland", "color": "#006837" }, "geometry": { "type": "Polygon", "coordinates": [ [ [ 3.8991463, 43.6090214 ], [ 3.900737, 43.6089926 ], [ 3.900743, 43.6090384 ], [ 3.9008407, 43.609064 ], [ 3.9007999, 43.6091398 ], [ 3.8993003, 43.6091246 ], [ 3.8992223, 43.6090958 ], [ 3.8991569, 43.6090791 ], [ 3.8991463, 43.6090214 ] ] ] } },
{ "type": "Feature", "properties": { "index": "215", "@osmId": "way/26931761", "name": null, "opening_hours": null, "label": "Forests & woodland", "color": "#006837" }, "geometry": { "type": "Polygon", "coordinates": [ [ [ 3.8989199, 43.6058001 ], [ 3.8990347, 43.6058126 ], [ 3.8990399, 43.6057784 ], [ 3.8990724, 43.6057625 ], [ 3.8991363, 43.6058255 ], [ 3.8991591, 43.6058406 ], [ 3.8991225, 43.6058643 ], [ 3.8990944, 43.605913 ], [ 3.8990484, 43.6059438 ], [ 3.8989766, 43.6059009 ], [ 3.898873, 43.605882 ], [ 3.8987984, 43.6058634 ], [ 3.8988107, 43.6058369 ], [ 3.8988521, 43.6058341 ], [ 3.8988143, 43.605782 ], [ 3.8988166, 43.6057605 ], [ 3.8988442, 43.6057279 ], [ 3.8989304, 43.6057385 ], [ 3.8989199, 43.6058001 ] ] ] } },
{ "type": "Feature", "properties": { "index": "216", "@osmId": "way/26935222", "name": null, "opening_hours": null, "label": "Forests & woodland", "color": "#006837" }, "geometry": { "type": "Polygon", "coordinates": [ [ [ 3.8977636, 43.6097224 ], [ 3.897608, 43.6092401 ], [ 3.8988623, 43.6094114 ], [ 3.8987534, 43.6098531 ], [ 3.8986155, 43.6098349 ], [ 3.8977636, 43.6097224 ] ] ] } },
{ "type": "Feature", "properties": { "index": "217", "@osmId": "way/26935223", "name": null, "opening_hours": null, "label": "Forests & woodland", "color": "#006837" }, "geometry": { "type": "Polygon", "coordinates": [ [ [ 3.8991595, 43.6094571 ], [ 3.8993845, 43.6094805 ], [ 3.9001739, 43.6095897 ], [ 3.9008384, 43.6097527 ], [ 3.9015683, 43.6098978 ], [ 3.9016919, 43.6099355 ], [ 3.9017284, 43.609968 ], [ 3.9017534, 43.610012 ], [ 3.9017853, 43.6100602 ], [ 3.9017881, 43.610119 ], [ 3.9017501, 43.6101807 ], [ 3.9016821, 43.6102523 ], [ 3.9015408, 43.6103113 ], [ 3.9014198, 43.6103054 ], [ 3.9012462, 43.6102706 ], [ 3.9002631, 43.6100589 ], [ 3.8992172, 43.6098337 ], [ 3.8991809, 43.6097947 ], [ 3.8991302, 43.6097417 ], [ 3.8991595, 43.6094571 ] ] ] } },
{ "type": "Feature", "properties": { "index": "218", "@osmId": "way/26935224", "name": null, "opening_hours": null, "label": "Forests & woodland", "color": "#006837" }, "geometry": { "type": "Polygon", "coordinates": [ [ [ 3.900942, 43.6095452 ], [ 3.899183, 43.6093001 ], [ 3.8991988, 43.6092358 ], [ 3.8992732, 43.6092321 ], [ 3.8994519, 43.6092252 ], [ 3.8998939, 43.6092265 ], [ 3.9002697, 43.6092419 ], [ 3.9008456, 43.609296 ], [ 3.9010417, 43.6093236 ], [ 3.9011005, 43.6093539 ], [ 3.9011315, 43.6094092 ], [ 3.9011446, 43.6094407 ], [ 3.9011209, 43.609488 ], [ 3.9010793, 43.6095171 ], [ 3.900985, 43.6095381 ], [ 3.900942, 43.6095452 ] ] ] } },
{ "type": "Feature", "properties": { "index": "219", "@osmId": "way/26935227", "name": null, "opening_hours": null, "label": "Forests & woodland", "color": "#006837" }, "geometry": { "type": "Polygon", "coordinates": [ [ [ 3.9017, 43.609639 ], [ 3.9012406, 43.6095694 ], [ 3.9012974, 43.6094663 ], [ 3.9012743, 43.6093318 ], [ 3.9017, 43.609639 ] ] ] } },
{ "type": "Feature", "properties": { "index": "220", "@osmId": "way/26935228", "name": null, "opening_hours": null, "label": "Forests & woodland", "color": "#006837" }, "geometry": { "type": "Polygon", "coordinates": [ [ [ 3.9020336, 43.6099104 ], [ 3.9019687, 43.6098327 ], [ 3.9030074, 43.6099716 ], [ 3.9029964, 43.6100859 ], [ 3.9025785, 43.6101035 ], [ 3.9022243, 43.6101615 ], [ 3.9017702, 43.6103102 ], [ 3.9019239, 43.6101698 ], [ 3.9019512, 43.6101109 ], [ 3.9020336, 43.6099104 ] ] ] } },
{ "type": "Feature", "properties": { "index": "221", "@osmId": "way/26935295", "name": null, "opening_hours": null, "label": "Forests & woodland", "color": "#006837" }, "geometry": { "type": "Polygon", "coordinates": [ [ [ 3.905, 43.6098974 ], [ 3.9049123, 43.6099008 ], [ 3.905, 43.6095743 ], [ 3.905, 43.6098974 ] ] ] } },
{ "type": "Feature", "properties": { "index": "222", "@osmId": "way/26937707", "name": null, "opening_hours": null, "label": "Forests & woodland", "color": "#006837" }, "geometry": { "type": "Polygon", "coordinates": [ [ [ 3.8901715, 43.6106116 ], [ 3.8892627, 43.6121659 ], [ 3.889227, 43.6120716 ], [ 3.8897113, 43.611295 ], [ 3.889807, 43.6104306 ], [ 3.8899164, 43.6103995 ], [ 3.8900774, 43.610422 ], [ 3.8901641, 43.6104707 ], [ 3.8901715, 43.6106116 ] ] ] } },
{ "type": "Feature", "properties": { "index": "223", "@osmId": "way/26938756", "name": null, "opening_hours": null, "label": "Forests & woodland", "color": "#006837" }, "geometry": { "type": "Polygon", "coordinates": [ [ [ 3.9043398, 43.6102323 ], [ 3.905, 43.6102568 ], [ 3.905, 43.6103346 ], [ 3.9045084, 43.6103648 ], [ 3.9040354, 43.6103167 ], [ 3.9040073, 43.6102332 ], [ 3.9040571, 43.6101949 ], [ 3.9040737, 43.6101822 ], [ 3.9043398, 43.6102323 ] ] ] } },
{ "type": "Feature", "properties": { "index": "224", "@osmId": "way/362926207", "name": null, "opening_hours": null, "label": "Forests & woodland", "color": "#006837" }, "geometry": { "type": "Polygon", "coordinates": [ [ [ 3.9013597, 43.6078428 ], [ 3.9020235, 43.6078885 ], [ 3.9019971, 43.6081575 ], [ 3.9018812, 43.608882 ], [ 3.9015539, 43.608848 ], [ 3.9013954, 43.6091302 ], [ 3.9011779, 43.6091269 ], [ 3.9011551, 43.6090216 ], [ 3.9014015, 43.609012 ], [ 3.901434, 43.6088439 ], [ 3.9014187, 43.6086175 ], [ 3.9013597, 43.6078428 ] ] ] } },
{ "type": "Feature", "properties": { "index": "225", "@osmId": "way/455743600", "name": null, "opening_hours": null, "label": "Forests & woodland", "color": "#006837" }, "geometry": { "type": "Polygon", "coordinates": [ [ [ 3.8977533, 43.6055142 ], [ 3.8975667, 43.6055031 ], [ 3.8975635, 43.6054913 ], [ 3.89754, 43.6053699 ], [ 3.8975364, 43.6053098 ], [ 3.8976328, 43.6053351 ], [ 3.8976212, 43.6053954 ], [ 3.8976031, 43.6054342 ], [ 3.8976507, 43.605443 ], [ 3.8977151, 43.605407 ], [ 3.8977506, 43.6053745 ], [ 3.897701, 43.60534 ], [ 3.8977358, 43.6052696 ], [ 3.8977653, 43.6052342 ], [ 3.8977794, 43.6052114 ], [ 3.8977747, 43.6051827 ], [ 3.8977251, 43.6051648 ], [ 3.8976326, 43.6051876 ], [ 3.8975534, 43.6051614 ], [ 3.8975488, 43.6050817 ], [ 3.8975783, 43.6050759 ], [ 3.8976004, 43.6050686 ], [ 3.8976487, 43.6050531 ], [ 3.8976601, 43.6050443 ], [ 3.8976641, 43.605023 ], [ 3.8976587, 43.6049938 ], [ 3.897646, 43.6049691 ], [ 3.8976037, 43.6049662 ], [ 3.8975588, 43.6049594 ], [ 3.8975595, 43.6048258 ], [ 3.8975816, 43.6048142 ], [ 3.8976185, 43.6047715 ], [ 3.8976326, 43.6047355 ], [ 3.8976353, 43.6046918 ], [ 3.8976775, 43.6046734 ], [ 3.8977352, 43.6046933 ], [ 3.8977258, 43.604871 ], [ 3.8978029, 43.6049137 ], [ 3.8978371, 43.6049657 ], [ 3.8978277, 43.6049866 ], [ 3.8978485, 43.6050011 ], [ 3.8979202, 43.6050468 ], [ 3.8979672, 43.6050973 ], [ 3.8979799, 43.6051575 ], [ 3.8979511, 43.6052201 ], [ 3.8979477, 43.6052594 ], [ 3.8978907, 43.6052774 ], [ 3.8978693, 43.605341 ], [ 3.8978646, 43.6053648 ], [ 3.8978954, 43.6054036 ], [ 3.8978559, 43.6054435 ], [ 3.8977533, 43.6055142 ] ] ] } },
{ "type": "Feature", "properties": { "index": "226", "@osmId": "way/456762001", "name": null, "opening_hours": null, "label": "Forests & woodland", "color": "#006837" }, "geometry": { "type": "Polygon", "coordinates": [ [ [ 3.8977706, 43.6102983 ], [ 3.8974471, 43.610916 ], [ 3.8972875, 43.6112309 ], [ 3.8971786, 43.6114458 ], [ 3.8970572, 43.6117112 ], [ 3.8969761, 43.6118886 ], [ 3.8969424, 43.6118871 ], [ 3.8972084, 43.6111973 ], [ 3.8973831, 43.6106921 ], [ 3.897423, 43.6105074 ], [ 3.8974771, 43.610125 ], [ 3.8975064, 43.6099179 ], [ 3.8975103, 43.6098898 ], [ 3.8975346, 43.6097182 ], [ 3.8974273, 43.6092162 ], [ 3.897608, 43.6092401 ], [ 3.8977636, 43.6097224 ], [ 3.8977755, 43.610066 ], [ 3.8977706, 43.6102983 ] ] ] } },
{ "type": "Feature", "properties": { "index": "227", "@osmId": "way/457177923", "name": null, "opening_hours": null, "label": "Forests & woodland", "color": "#006837" }, "geometry": { "type": "Polygon", "coordinates": [ [ [ 3.8967977, 43.6099123 ], [ 3.8968829, 43.6099155 ], [ 3.8968823, 43.6100165 ], [ 3.8968222, 43.6104329 ], [ 3.8967793, 43.6106193 ], [ 3.8966419, 43.6109487 ], [ 3.8965475, 43.6113278 ], [ 3.8964188, 43.6119057 ], [ 3.8954846, 43.612955 ], [ 3.8952086, 43.6131672 ], [ 3.8947365, 43.6135028 ], [ 3.8946614, 43.6134197 ], [ 3.8951314, 43.6130899 ], [ 3.8953779, 43.612881 ], [ 3.8954655, 43.6127894 ], [ 3.8957325, 43.6125965 ], [ 3.895894, 43.6123964 ], [ 3.8960602, 43.6122544 ], [ 3.8964653, 43.6109181 ], [ 3.8965804, 43.6107357 ], [ 3.8967977, 43.6099123 ] ] ] } },
{ "type": "Feature", "properties": { "index": "228", "@osmId": "way/459162041", "name": null, "opening_hours": null, "label": "Forests & woodland", "color": "#006837" }, "geometry": { "type": "Polygon", "coordinates": [ [ [ 3.903034, 43.6061541 ], [ 3.9033359, 43.6057565 ], [ 3.9036127, 43.6058832 ], [ 3.904231, 43.6062857 ], [ 3.9046388, 43.606625 ], [ 3.9046213, 43.6066551 ], [ 3.9045757, 43.6066687 ], [ 3.9042157, 43.6064338 ], [ 3.9040796, 43.6066076 ], [ 3.903765, 43.6065227 ], [ 3.903674, 43.606508 ], [ 3.9036309, 43.6064945 ], [ 3.90336, 43.6063834 ], [ 3.9033674, 43.6063741 ], [ 3.903165, 43.6062931 ], [ 3.9031915, 43.6062571 ], [ 3.9032153, 43.6062257 ], [ 3.9032294, 43.6062094 ], [ 3.9030929, 43.6061527 ], [ 3.9030779, 43.6061713 ], [ 3.903034, 43.6061541 ] ] ] } },
{ "type": "Feature", "properties": { "index": "229", "@osmId": "way/540202290", "name": null, "opening_hours": null, "label": "Forests & woodland", "color": "#006837" }, "geometry": { "type": "Polygon", "coordinates": [ [ [ 3.9031298, 43.6096674 ], [ 3.9032068, 43.6097996 ], [ 3.9023507, 43.6096979 ], [ 3.9018999, 43.609592 ], [ 3.9016982, 43.6094689 ], [ 3.9014906, 43.6093315 ], [ 3.9012929, 43.6092384 ], [ 3.9010873, 43.6092055 ], [ 3.9010912, 43.6091783 ], [ 3.9015285, 43.6092167 ], [ 3.9017042, 43.6093309 ], [ 3.9017652, 43.609345 ], [ 3.9017538, 43.6093756 ], [ 3.9021556, 43.6094985 ], [ 3.9023525, 43.6095367 ], [ 3.9031298, 43.6096674 ] ] ] } },
{ "type": "Feature", "properties": { "index": "230", "@osmId": "way/555423189", "name": null, "opening_hours": null, "label": "Forests & woodland", "color": "#006837" }, "geometry": { "type": "Polygon", "coordinates": [ [ [ 3.8964679, 43.6000886 ], [ 3.8966248, 43.6 ], [ 3.8969652, 43.6 ], [ 3.8966651, 43.6002086 ], [ 3.8966556, 43.600196 ], [ 3.8966392, 43.6001825 ], [ 3.8966024, 43.6001703 ], [ 3.8965615, 43.6001718 ], [ 3.8965289, 43.6001905 ], [ 3.8965008, 43.6002165 ], [ 3.8963967, 43.6001617 ], [ 3.8964679, 43.6000886 ] ] ] } },
{ "type": "Feature", "properties": { "index": "231", "@osmId": "way/785931757", "name": null, "opening_hours": null, "label": "Forests & woodland", "color": "#006837" }, "geometry": { "type": "Polygon", "coordinates": [ [ [ 3.8923602, 43.6153031 ], [ 3.8923334, 43.6153138 ], [ 3.8921859, 43.6151633 ], [ 3.892084, 43.6150807 ], [ 3.8921738, 43.6150458 ], [ 3.8923021, 43.6150649 ], [ 3.8923638, 43.6151737 ], [ 3.89232, 43.6151866 ], [ 3.8923602, 43.6153031 ] ] ] } },
{ "type": "Feature", "properties": { "index": "232", "@osmId": "way/785931758", "name": null, "opening_hours": null, "label": "Forests & woodland", "color": "#006837" }, "geometry": { "type": "Polygon", "coordinates": [ [ [ 3.893438, 43.6155077 ], [ 3.8935399, 43.6155019 ], [ 3.8935434, 43.6153269 ], [ 3.8936872, 43.6153069 ], [ 3.8938419, 43.6152854 ], [ 3.8937323, 43.6155472 ], [ 3.8935143, 43.615855 ], [ 3.8933734, 43.6160822 ], [ 3.8932084, 43.616103 ], [ 3.8933062, 43.6158599 ], [ 3.8933839, 43.6157259 ], [ 3.8933137, 43.6155188 ], [ 3.8933888, 43.6155062 ], [ 3.8934125, 43.6155023 ], [ 3.893438, 43.6155077 ] ] ] } },
{ "type": "Feature", "properties": { "index": "233", "@osmId": "way/788211096", "name": null, "opening_hours": null, "label": "Forests & woodland", "color": "#006837" }, "geometry": { "type": "Polygon", "coordinates": [ [ [ 3.8938868, 43.6151744 ], [ 3.8938419, 43.6152854 ], [ 3.8936872, 43.6153069 ], [ 3.893741, 43.6151616 ], [ 3.8936706, 43.6147907 ], [ 3.8936318, 43.6147342 ], [ 3.8938056, 43.6146205 ], [ 3.8939125, 43.6148077 ], [ 3.8939125, 43.614932 ], [ 3.8938868, 43.6151744 ] ] ] } },
{ "type": "Feature", "properties": { "index": "234", "@osmId": "way/1190119816", "name": null, "opening_hours": null, "label": "Forests & woodland", "color": "#006837" }, "geometry": { "type": "Polygon", "coordinates": [ [ [ 3.8939446, 43.614682 ], [ 3.8938719, 43.6146001 ], [ 3.8937883, 43.6144092 ], [ 3.8937327, 43.6142429 ], [ 3.8940439, 43.6140769 ], [ 3.8942218, 43.6139576 ], [ 3.8944843, 43.6138869 ], [ 3.8945441, 43.6139302 ], [ 3.8944361, 43.6142236 ], [ 3.8942882, 43.6145356 ], [ 3.8940773, 43.6146582 ], [ 3.8939446, 43.614682 ] ] ] } },
{ "type": "Feature", "properties": { "index": "235", "@osmId": "way/1190120667", "name": null, "opening_hours": null, "label": "Forests & woodland", "color": "#006837" }, "geometry": { "type": "Polygon", "coordinates": [ [ [ 3.8941424, 43.614886 ], [ 3.8940901, 43.6148777 ], [ 3.8940586, 43.6148473 ], [ 3.8940579, 43.6147903 ], [ 3.8940714, 43.614765 ], [ 3.8940961, 43.6147287 ], [ 3.8941283, 43.6147097 ], [ 3.8941745, 43.6147151 ], [ 3.894201, 43.6147238 ], [ 3.8942349, 43.6147758 ], [ 3.8942463, 43.6148122 ], [ 3.8942264, 43.6148518 ], [ 3.8941913, 43.6148801 ], [ 3.8941424, 43.614886 ] ] ] } },
{ "type": "Feature", "properties": { "index": "236", "@osmId": "way/1207466459", "name": null, "opening_hours": null, "label": "Forests & woodland", "color": "#006837" }, "geometry": { "type": "Polygon", "coordinates": [ [ [ 3.9020136, 43.6085109 ], [ 3.9020639, 43.6081757 ], [ 3.9026062, 43.608214 ], [ 3.9025612, 43.6085434 ], [ 3.9026115, 43.6085472 ], [ 3.9025506, 43.6087196 ], [ 3.9022543, 43.6086775 ], [ 3.9022649, 43.6085319 ], [ 3.9020136, 43.6085109 ] ] ] } },
{ "type": "Feature", "properties": { "index": "237", "@osmId": "way/1207466464", "name": null, "opening_hours": null, "label": "Forests & woodland", "color": "#006837" }, "geometry": { "type": "Polygon", "coordinates": [ [ [ 3.9020226, 43.609105 ], [ 3.9018771, 43.6090763 ], [ 3.901967, 43.6089269 ], [ 3.9020226, 43.6089365 ], [ 3.9020491, 43.6088771 ], [ 3.9024379, 43.6089575 ], [ 3.9023083, 43.6092678 ], [ 3.9021575, 43.6092467 ], [ 3.9021813, 43.6091931 ], [ 3.9021416, 43.609172 ], [ 3.902012, 43.6091433 ], [ 3.9020226, 43.609105 ] ] ] } },
{ "type": "Feature", "properties": { "index": "238", "@osmId": "way/1445753368", "name": null, "opening_hours": null, "label": "Forests & woodland", "color": "#006837" }, "geometry": { "type": "Polygon", "coordinates": [ [ [ 3.9031613, 43.6055272 ], [ 3.9031707, 43.6055039 ], [ 3.9038226, 43.6055338 ], [ 3.9037194, 43.6057124 ], [ 3.903875, 43.6058289 ], [ 3.9038399, 43.6058535 ], [ 3.9031613, 43.6055272 ] ] ] } },
{ "type": "Feature", "properties": { "index": "239", "@osmId": "way/26930622", "name": null, "opening_hours": null, "label": "Forests & woodland", "color": "#006837" }, "geometry": { "type": "Polygon", "coordinates": [ [ [ 3.8870436, 43.6090912 ], [ 3.8870361, 43.609032 ], [ 3.8877322, 43.6089889 ], [ 3.8880651, 43.6089684 ], [ 3.8880675, 43.6089881 ], [ 3.8880704, 43.609012 ], [ 3.8880704, 43.6090247 ], [ 3.8870436, 43.6090912 ] ] ] } },
{ "type": "Feature", "properties": { "index": "240", "@osmId": "way/26930623", "name": null, "opening_hours": null, "label": "Forests & woodland", "color": "#006837" }, "geometry": { "type": "Polygon", "coordinates": [ [ [ 3.8874748, 43.6091542 ], [ 3.8905765, 43.6089325 ], [ 3.8905941, 43.6090489 ], [ 3.8874897, 43.6092689 ], [ 3.8874748, 43.6091542 ] ] ] } },
{ "type": "Feature", "properties": { "index": "241", "@osmId": "way/26936669", "name": null, "opening_hours": null, "label": "Forests & woodland", "color": "#006837" }, "geometry": { "type": "Polygon", "coordinates": [ [ [ 3.8854319, 43.6133722 ], [ 3.885438, 43.6133661 ], [ 3.8863382, 43.6135334 ], [ 3.8866879, 43.613561 ], [ 3.8868143, 43.6135308 ], [ 3.8869687, 43.6135469 ], [ 3.8870789, 43.613529 ], [ 3.8872521, 43.613478 ], [ 3.8874842, 43.6134175 ], [ 3.8877239, 43.6133725 ], [ 3.8879714, 43.6133244 ], [ 3.888068, 43.6132936 ], [ 3.8884417, 43.613093 ], [ 3.888691, 43.612946 ], [ 3.8887859, 43.61289 ], [ 3.8888557, 43.6128411 ], [ 3.8889375, 43.6127683 ], [ 3.8890529, 43.6126217 ], [ 3.8890615, 43.6126299 ], [ 3.889033, 43.6126824 ], [ 3.8889933, 43.6127458 ], [ 3.8889241, 43.6128304 ], [ 3.8889049, 43.6128548 ], [ 3.8888453, 43.6129145 ], [ 3.8888016, 43.6129581 ], [ 3.8887644, 43.6129868 ], [ 3.8885884, 43.6131002 ], [ 3.888478, 43.6131751 ], [ 3.888109, 43.6133766 ], [ 3.8872931, 43.6136772 ], [ 3.8871342, 43.6137183 ], [ 3.8869844, 43.6137444 ], [ 3.8868392, 43.6137616 ], [ 3.8867236, 43.6137587 ], [ 3.8864479, 43.6137195 ], [ 3.886028, 43.6136356 ], [ 3.8855709, 43.6136088 ], [ 3.8853827, 43.6134487 ], [ 3.8854319, 43.6133722 ] ] ] } },
{ "type": "Feature", "properties": { "index": "242", "@osmId": "way/26936827", "name": null, "opening_hours": null, "label": "Forests & woodland", "color": "#006837" }, "geometry": { "type": "Polygon", "coordinates": [ [ [ 3.8843176, 43.6130105 ], [ 3.8847619, 43.6130378 ], [ 3.8846249, 43.6131676 ], [ 3.8845186, 43.613111 ], [ 3.8841659, 43.6131509 ], [ 3.8841471, 43.6131081 ], [ 3.8839728, 43.6131353 ], [ 3.8839868, 43.6131751 ], [ 3.8839272, 43.6131897 ], [ 3.8837515, 43.6130984 ], [ 3.8834068, 43.6131712 ], [ 3.88329, 43.6131286 ], [ 3.8836847, 43.6130119 ], [ 3.8839084, 43.6129852 ], [ 3.8843176, 43.6130105 ] ] ] } },
{ "type": "Feature", "properties": { "index": "243", "@osmId": "way/26937383", "name": null, "opening_hours": null, "label": "Forests & woodland", "color": "#006837" }, "geometry": { "type": "Polygon", "coordinates": [ [ [ 3.882604, 43.6113128 ], [ 3.8824093, 43.6112997 ], [ 3.8824298, 43.6111203 ], [ 3.8823628, 43.6110417 ], [ 3.8823923, 43.610986 ], [ 3.882374, 43.6109024 ], [ 3.8823721, 43.6108756 ], [ 3.8823493, 43.6108523 ], [ 3.8823198, 43.6108357 ], [ 3.882296, 43.6108228 ], [ 3.8822845, 43.6107988 ], [ 3.8822839, 43.6107687 ], [ 3.882311, 43.6107491 ], [ 3.8823379, 43.6107335 ], [ 3.882389, 43.6106903 ], [ 3.8824316, 43.6106545 ], [ 3.8824576, 43.6106249 ], [ 3.8824858, 43.6106108 ], [ 3.8825236, 43.6106124 ], [ 3.8825532, 43.6106059 ], [ 3.8825673, 43.6105811 ], [ 3.8825736, 43.6105609 ], [ 3.8825617, 43.6105392 ], [ 3.8825388, 43.6105274 ], [ 3.8825048, 43.6105215 ], [ 3.8824682, 43.6105324 ], [ 3.882443, 43.6105562 ], [ 3.8824407, 43.6105919 ], [ 3.8824209, 43.6106227 ], [ 3.8823873, 43.6106637 ], [ 3.8823559, 43.610671 ], [ 3.8823265, 43.6106646 ], [ 3.8822794, 43.6106211 ], [ 3.882252, 43.610575 ], [ 3.8822495, 43.6105423 ], [ 3.8822841, 43.6105069 ], [ 3.8824933, 43.6104314 ], [ 3.8826093, 43.6103202 ], [ 3.8826228, 43.6103211 ], [ 3.8828322, 43.6103124 ], [ 3.882911, 43.6102405 ], [ 3.8829315, 43.610233 ], [ 3.8829585, 43.6102248 ], [ 3.8829843, 43.6102764 ], [ 3.8829883, 43.6103079 ], [ 3.8829959, 43.6103571 ], [ 3.8829945, 43.6104078 ], [ 3.8829886, 43.610458 ], [ 3.8829669, 43.6105569 ], [ 3.8829453, 43.6106654 ], [ 3.8829046, 43.6108659 ], [ 3.8828768, 43.6109992 ], [ 3.8828059, 43.6113365 ], [ 3.8826407, 43.6113493 ], [ 3.882604, 43.6113128 ] ] ] } },
{ "type": "Feature", "properties": { "index": "244", "@osmId": "way/26937385", "name": null, "opening_hours": null, "label": "Forests & woodland", "color": "#006837" }, "geometry": { "type": "Polygon", "coordinates": [ [ [ 3.8824932, 43.6120413 ], [ 3.8824136, 43.6120701 ], [ 3.8823414, 43.6119314 ], [ 3.882329, 43.6115043 ], [ 3.8824335, 43.6114305 ], [ 3.8827023, 43.6114251 ], [ 3.8825878, 43.6115782 ], [ 3.8825654, 43.6118971 ], [ 3.8824932, 43.6120413 ] ] ] } },
{ "type": "Feature", "properties": { "index": "245", "@osmId": "way/26937831", "name": null, "opening_hours": null, "label": "Forests & woodland", "color": "#006837" }, "geometry": { "type": "Polygon", "coordinates": [ [ [ 3.8888445, 43.6100653 ], [ 3.8886022, 43.6098557 ], [ 3.8889648, 43.6098574 ], [ 3.8889687, 43.6100718 ], [ 3.8888445, 43.6100653 ] ] ] } },
{ "type": "Feature", "properties": { "index": "246", "@osmId": "way/26937975", "name": null, "opening_hours": null, "label": "Forests & woodland", "color": "#006837" }, "geometry": { "type": "Polygon", "coordinates": [ [ [ 3.8878286, 43.610029 ], [ 3.8878023, 43.6100209 ], [ 3.8878135, 43.609833 ], [ 3.8880616, 43.609826 ], [ 3.8881054, 43.609859 ], [ 3.8878286, 43.610029 ] ] ] } },
{ "type": "Feature", "properties": { "index": "247", "@osmId": "way/575117855", "name": null, "opening_hours": null, "label": "Forests & woodland", "color": "#006837" }, "geometry": { "type": "Polygon", "coordinates": [ [ [ 3.8698251, 43.613323 ], [ 3.869928, 43.6132698 ], [ 3.8698, 43.6131285 ], [ 3.8697785, 43.6131176 ], [ 3.8697524, 43.6131086 ], [ 3.8697335, 43.6130673 ], [ 3.8698643, 43.6130329 ], [ 3.8698418, 43.612997 ], [ 3.8700704, 43.6129199 ], [ 3.8701383, 43.612984 ], [ 3.8703884, 43.61322 ], [ 3.8707165, 43.6135194 ], [ 3.8706301, 43.6135528 ], [ 3.8705805, 43.6135373 ], [ 3.8704947, 43.6135635 ], [ 3.8704491, 43.6135946 ], [ 3.8704531, 43.6136383 ], [ 3.8705403, 43.6137004 ], [ 3.8704276, 43.6138864 ], [ 3.8703921, 43.6138878 ], [ 3.8698251, 43.613323 ] ] ] } },
{ "type": "Feature", "properties": { "index": "248", "@osmId": "way/1215006836", "name": null, "opening_hours": null, "label": "Forests & woodland", "color": "#006837" }, "geometry": { "type": "Polygon", "coordinates": [ [ [ 3.8725415, 43.6154277 ], [ 3.8721561, 43.6154222 ], [ 3.8721683, 43.6151023 ], [ 3.8722762, 43.6150469 ], [ 3.8725248, 43.6149192 ], [ 3.8725263, 43.6144316 ], [ 3.872767, 43.6142772 ], [ 3.8726345, 43.6146853 ], [ 3.8727487, 43.6152247 ], [ 3.8725568, 43.6152391 ], [ 3.8725415, 43.6154277 ] ] ] } },
{ "type": "Feature", "properties": { "index": "249", "@osmId": "way/1215006837", "name": null, "opening_hours": null, "label": "Forests & woodland", "color": "#006837" }, "geometry": { "type": "Polygon", "coordinates": [ [ [ 3.8724379, 43.6148861 ], [ 3.8721759, 43.6150229 ], [ 3.872185, 43.6142596 ], [ 3.8724562, 43.6144305 ], [ 3.8724379, 43.6148861 ] ] ] } },
{ "type": "Feature", "properties": { "index": "250", "@osmId": "way/1215006838", "name": null, "opening_hours": null, "label": "Forests & woodland", "color": "#006837" }, "geometry": { "type": "Polygon", "coordinates": [ [ [ 3.872115, 43.6142188 ], [ 3.872086, 43.614971 ], [ 3.8716853, 43.6149611 ], [ 3.8716853, 43.6150482 ], [ 3.8712374, 43.6150438 ], [ 3.8712922, 43.6147019 ], [ 3.8713136, 43.6146478 ], [ 3.8713486, 43.6145861 ], [ 3.8714157, 43.6144559 ], [ 3.8714309, 43.6143191 ], [ 3.8714202, 43.6142882 ], [ 3.8713745, 43.6142154 ], [ 3.8713136, 43.6141537 ], [ 3.8713288, 43.6140599 ], [ 3.872115, 43.6142188 ] ] ] } },
{ "type": "Feature", "properties": { "index": "251", "@osmId": "way/1215006850", "name": null, "opening_hours": null, "label": "Forests & woodland", "color": "#006837" }, "geometry": { "type": "Polygon", "coordinates": [ [ [ 3.8724211, 43.6130612 ], [ 3.8723889, 43.6130928 ], [ 3.8717643, 43.6129831 ], [ 3.8717206, 43.6129922 ], [ 3.8716747, 43.6129756 ], [ 3.8716632, 43.6129415 ], [ 3.8717057, 43.612885 ], [ 3.8718963, 43.6128093 ], [ 3.8720123, 43.6127902 ], [ 3.8721639, 43.6127968 ], [ 3.8722649, 43.6128484 ], [ 3.8723786, 43.612998 ], [ 3.8724211, 43.6130612 ] ] ] } },
{ "type": "Feature", "properties": { "index": "252", "@osmId": "way/1352130652", "name": null, "opening_hours": null, "label": "Forests & woodland", "color": "#006837" }, "geometry": { "type": "Polygon", "coordinates": [ [ [ 3.8838999, 43.6101825 ], [ 3.8838855, 43.6102262 ], [ 3.8836953, 43.6101675 ], [ 3.8836609, 43.6102114 ], [ 3.8835989, 43.610254 ], [ 3.8835048, 43.61029 ], [ 3.8833954, 43.6102975 ], [ 3.8832792, 43.6111061 ], [ 3.8833211, 43.6112716 ], [ 3.88325, 43.611285 ], [ 3.8831453, 43.6113896 ], [ 3.8831036, 43.6113886 ], [ 3.8833744, 43.6100683 ], [ 3.8833783, 43.6100495 ], [ 3.883581, 43.6100353 ], [ 3.883866, 43.6101357 ], [ 3.8838999, 43.6101825 ] ] ] } },
{ "type": "Feature", "properties": { "index": "253", "@osmId": "way/1352130653", "name": null, "opening_hours": null, "label": "Forests & woodland", "color": "#006837" }, "geometry": { "type": "Polygon", "coordinates": [ [ [ 3.8829658, 43.6120607 ], [ 3.8830926, 43.6114423 ], [ 3.8831443, 43.6114526 ], [ 3.8831926, 43.6115274 ], [ 3.8831846, 43.6115944 ], [ 3.8831363, 43.611775 ], [ 3.8830698, 43.6122405 ], [ 3.8830779, 43.6123082 ], [ 3.8830393, 43.6124024 ], [ 3.8830831, 43.6124225 ], [ 3.8829171, 43.6127142 ], [ 3.8829176, 43.6125606 ], [ 3.8829253, 43.6124224 ], [ 3.8829658, 43.6120607 ] ] ] } }
]
}
