sketch_uploaded;consent;map_frame_created;map_frame_uuid;bbox;centroid;format;orientation;layer
2024-08-02 10:25:44.840 +0200;true;2024-08-02 10:24:42.744;9175ff47-a160-42ef-bc7d-fde56c9f96ee;POLYGON((8.66507833549067 49.40325619025393,8.689535073522748 49.40325619025393,8.689535073522748 49.41657525127292,8.66507833549067 49.41657525127292,8.66507833549067 49.40325619025393));POINT(8.677306704506707 49.40991617246681);a4;landscape;osm
2024-08-02 20:38:35.308 +0200;false;2024-08-02 20:35:13.777;dc1fafd5-fc7c-49d1-9f9b-bb79bda70bc8;POLYGON((72.90250070061853 19.123585064406768,72.92270654400559 19.123585064406768,72.92270654400559 19.139563500971704,72.90250070061853 19.139563500971704,72.90250070061853 19.123585064406768));POINT(72.91260362231206 19.13157447591192);a4;landscape;osm
2024-08-03 14:32:25.969 +0200;false;2024-08-03 14:27:59.860;1aeb1378-a1a1-44cc-bd00-b4f55f3b6cf9;POLYGON((48.51226406028092 34.783548926072356,48.51669263994329 34.783548926072356,48.51669263994329 34.786593293645566,48.51226406028092 34.786593293645566,48.51226406028092 34.783548926072356));POINT(48.5144783501121 34.78507112390443);a4;landscape;osm
2024-08-05 01:25:25.319 +0200;false;2024-08-05 01:07:22.217;18db105b-415d-4e53-b91c-6167a2d95b07;POLYGON((8.560564685603145 12.032540434684236,8.563168272366651 12.032540434684236,8.563168272366651 12.034677824869021,8.560564685603145 12.034677824869021,8.560564685603145 12.032540434684236));POINT(8.561866478984896 12.033609131901244);a3;landscape;esri-world-imagery
2024-08-06 08:59:09.397 +0200;false;2024-08-06 08:54:20.912;25c2a095-1864-44d0-8bb2-b27d9514c2f0;POLYGON((138.46566886507884 -34.852935665019125,138.55141273783377 -34.852935665019125,138.55141273783377 -34.79401928879516,138.46566886507884 -34.79401928879516,138.46566886507884 -34.852935665019125));POINT(138.5085408014563 -34.82348274478001);a4;landscape;esri-world-imagery
2024-08-06 09:54:07.489 +0200;false;2024-08-06 09:45:48.677;79ab81a8-8813-44db-b298-9000b1873e49;POLYGON((138.4896453482055 -34.85174912596621,138.52889533741597 -34.85174912596621,138.52889533741597 -34.813366831554646,138.4896453482055 -34.813366831554646,138.4896453482055 -34.85174912596621));POINT(138.50927034281074 -34.832560215275734);a3;portrait;esri-world-imagery
2024-08-06 09:59:19.485 +0200;false;2024-08-06 09:45:48.677;79ab81a8-8813-44db-b298-9000b1873e49;POLYGON((138.4896453482055 -34.85174912596621,138.52889533741597 -34.85174912596621,138.52889533741597 -34.813366831554646,138.4896453482055 -34.813366831554646,138.4896453482055 -34.85174912596621));POINT(138.50927034281074 -34.832560215275734);a3;portrait;esri-world-imagery
2024-08-06 12:38:10.133 +0200;false;2024-08-06 12:32:09.147;2e98bf2a-4c22-46ab-b55b-63bb822300b1;POLYGON((25.644232201188128 38.50088083015007,26.763150106804346 38.50088083015007,26.763150106804346 39.232142886195106,25.644232201188128 39.232142886195106,25.644232201188128 38.50088083015007));POINT(26.203691153996242 38.867452107480005);a3;landscape;osm
2024-08-07 05:00:10.656 +0200;false;2024-08-07 04:57:45.156;4c200454-547c-4b98-a093-733e8303d1db;POLYGON((121.04559575611292 14.552969306330652,121.04772978140876 14.552969306330652,121.04772978140876 14.554698196248935,121.04559575611292 14.554698196248935,121.04559575611292 14.552969306330652));POINT(121.04666276876083 14.553833752982811);a4;landscape;osm
2024-08-07 14:59:00.912 +0200;false;2024-08-07 14:53:35.427;74735e00-30a7-4b57-93a0-325c983cb0d7;POLYGON((1.553798306873326 41.183950244279714,1.5823875310502489 41.183950244279714,1.5823875310502489 41.2019570489868,1.553798306873326 41.2019570489868,1.553798306873326 41.183950244279714));POINT(1.5680929189617874 41.192954265755276);a4;landscape;osm
2024-08-07 15:23:15.617 +0200;true;2024-08-07 15:11:52.804;c461842a-ba02-49ac-965b-43c289106782;POLYGON((11.61674944208138 54.79353592938065,11.641409237672125 54.79353592938065,11.641409237672125 54.80517596211027,11.61674944208138 54.80517596211027,11.61674944208138 54.79353592938065));POINT(11.629079339876752 54.79935636476682);a1;landscape;osm
2024-08-08 02:45:22.294 +0200;false;2024-08-07 00:50:05.743;15f0a168-67f4-4e6a-99e1-b91eae9eb49f;POLYGON((138.5994537029604 -34.92512379916074,138.6072046835753 -34.92512379916074,138.6072046835753 -34.919804349232976,138.5994537029604 -34.919804349232976,138.5994537029604 -34.92512379916074));POINT(138.60332919326785 -34.92246411729873);a4;landscape;osm
2024-08-08 02:46:36.487 +0200;false;2024-08-07 00:50:05.743;15f0a168-67f4-4e6a-99e1-b91eae9eb49f;POLYGON((138.5994537029604 -34.92512379916074,138.6072046835753 -34.92512379916074,138.6072046835753 -34.919804349232976,138.5994537029604 -34.919804349232976,138.5994537029604 -34.92512379916074));POINT(138.60332919326785 -34.92246411729873);a4;landscape;osm
2024-08-08 02:48:27.596 +0200;false;2024-08-07 00:50:05.743;15f0a168-67f4-4e6a-99e1-b91eae9eb49f;POLYGON((138.5994537029604 -34.92512379916074,138.6072046835753 -34.92512379916074,138.6072046835753 -34.919804349232976,138.5994537029604 -34.919804349232976,138.5994537029604 -34.92512379916074));POINT(138.60332919326785 -34.92246411729873);a4;landscape;osm
2024-08-08 02:49:14.458 +0200;false;2024-08-06 08:54:20.912;25c2a095-1864-44d0-8bb2-b27d9514c2f0;POLYGON((138.46566886507884 -34.852935665019125,138.55141273783377 -34.852935665019125,138.55141273783377 -34.79401928879516,138.46566886507884 -34.79401928879516,138.46566886507884 -34.852935665019125));POINT(138.5085408014563 -34.82348274478001);a4;landscape;esri-world-imagery
2024-08-08 02:51:18.382 +0200;false;2024-08-06 09:45:48.677;79ab81a8-8813-44db-b298-9000b1873e49;POLYGON((138.4896453482055 -34.85174912596621,138.52889533741597 -34.85174912596621,138.52889533741597 -34.813366831554646,138.4896453482055 -34.813366831554646,138.4896453482055 -34.85174912596621));POINT(138.50927034281074 -34.832560215275734);a3;portrait;esri-world-imagery
2024-08-08 02:55:02.010 +0200;false;2024-08-07 00:50:05.743;15f0a168-67f4-4e6a-99e1-b91eae9eb49f;POLYGON((138.5994537029604 -34.92512379916074,138.6072046835753 -34.92512379916074,138.6072046835753 -34.919804349232976,138.5994537029604 -34.919804349232976,138.5994537029604 -34.92512379916074));POINT(138.60332919326785 -34.92246411729873);a4;landscape;osm
2024-08-09 20:45:49.250 +0200;false;2024-08-09 20:41:48.243;9c3f9517-e6bf-48f3-977d-c244b28ddad7;POLYGON((8.570066798733507 12.06309069138895,8.572412162991881 12.06309069138895,8.572412162991881 12.065015877866713,8.570066798733507 12.065015877866713,8.570066798733507 12.06309069138895));POINT(8.571239480862694 12.064053286356);a3;landscape;esri-world-imagery
2024-08-11 08:02:30.798 +0200;true;2024-08-11 07:57:15.411;52f80329-d269-4e0b-b449-8661f61874c9;POLYGON((88.31786603905239 22.513326883636253,88.32354401530215 22.513326883636253,88.32354401530215 22.517729610404928,88.31786603905239 22.517729610404928,88.31786603905239 22.513326883636253));POINT(88.32070502717727 22.515528264550838);a3;landscape;osm
2024-08-12 04:37:27.143 +0200;false;2024-08-12 04:32:23.146;a2226c2f-3d77-4b3f-9e18-04f40e111b65;POLYGON((121.01022197213273 14.620906609579194,121.02035131871754 14.620906609579194,121.02035131871754 14.629110342128456,121.01022197213273 14.629110342128456,121.01022197213273 14.620906609579194));POINT(121.01528664542515 14.62500851416823);a4;landscape;osm
2024-08-12 06:15:49.082 +0200;false;2024-08-12 06:10:31.240;92c781f4-332f-435e-af4a-af91d1fc26a9;POLYGON((138.64964505548355 -34.92174834519218,138.65126727058507 -34.92174834519218,138.65126727058507 -34.920635011765725,138.64964505548355 -34.920635011765725,138.64964505548355 -34.92174834519218));POINT(138.6504561630343 -34.92119168036692);a4;landscape;osm
2024-08-12 08:19:38.847 +0200;false;2024-08-12 06:10:31.240;92c781f4-332f-435e-af4a-af91d1fc26a9;POLYGON((138.64964505548355 -34.92174834519218,138.65126727058507 -34.92174834519218,138.65126727058507 -34.920635011765725,138.64964505548355 -34.920635011765725,138.64964505548355 -34.92174834519218));POINT(138.6504561630343 -34.92119168036692);a4;landscape;osm
2024-08-12 15:09:40.246 +0200;false;2024-08-12 15:06:05.800;d3ea2393-4ac3-4c10-a668-7746c34f3ddc;POLYGON((72.59539453292152 22.958416945763346,72.598091817123 22.958416945763346,72.598091817123 22.96138423972613,72.59539453292152 22.96138423972613,72.59539453292152 22.958416945763346));POINT(72.59674317502227 22.95990060088269);a4;portrait;esri-world-imagery
2024-08-12 15:12:07.143 +0200;false;2024-08-12 15:06:05.800;d3ea2393-4ac3-4c10-a668-7746c34f3ddc;POLYGON((72.59539453292152 22.958416945763346,72.598091817123 22.958416945763346,72.598091817123 22.96138423972613,72.59539453292152 22.96138423972613,72.59539453292152 22.958416945763346));POINT(72.59674317502227 22.95990060088269);a4;portrait;esri-world-imagery
2024-08-15 23:28:29.441 +0200;true;2024-08-15 22:51:37.116;fd16a297-b099-4339-8073-02f0161364a9;POLYGON((-75.43991365468551 5.029733315621499,-75.4196509066797 5.029733315621499,-75.4196509066797 5.04662806595347,-75.43991365468551 5.04662806595347,-75.43991365468551 5.029733315621499));POINT(-75.4297822806826 5.038180745686361);a3;landscape;esri-world-imagery
2024-08-15 23:31:31.646 +0200;true;2024-08-15 22:51:37.116;fd16a297-b099-4339-8073-02f0161364a9;POLYGON((-75.43991365468551 5.029733315621499,-75.4196509066797 5.029733315621499,-75.4196509066797 5.04662806595347,-75.43991365468551 5.04662806595347,-75.43991365468551 5.029733315621499));POINT(-75.4297822806826 5.038180745686361);a3;landscape;esri-world-imagery
2024-08-15 23:37:57.527 +0200;true;2024-08-15 22:51:37.116;fd16a297-b099-4339-8073-02f0161364a9;POLYGON((-75.43991365468551 5.029733315621499,-75.4196509066797 5.029733315621499,-75.4196509066797 5.04662806595347,-75.43991365468551 5.04662806595347,-75.43991365468551 5.029733315621499));POINT(-75.4297822806826 5.038180745686361);a3;landscape;esri-world-imagery
2024-08-15 23:54:33.712 +0200;true;2024-08-15 22:51:12.124;6d6896e7-5923-4228-bae0-cfd20d71b08b;POLYGON((-75.44200030092941 5.028306757516376,-75.41831571126741 5.028306757516376,-75.41831571126741 5.0480545838434665,-75.44200030092941 5.0480545838434665,-75.44200030092941 5.028306757516376));POINT(-75.43015800609841 5.038180745686347);a3;landscape;osm
2024-08-15 23:55:41.840 +0200;true;2024-08-15 22:51:12.124;6d6896e7-5923-4228-bae0-cfd20d71b08b;POLYGON((-75.44200030092941 5.028306757516376,-75.41831571126741 5.028306757516376,-75.41831571126741 5.0480545838434665,-75.44200030092941 5.0480545838434665,-75.44200030092941 5.028306757516376));POINT(-75.43015800609841 5.038180745686347);a3;landscape;osm
2024-08-16 00:02:01.108 +0200;true;2024-08-15 22:51:12.124;6d6896e7-5923-4228-bae0-cfd20d71b08b;POLYGON((-75.44200030092941 5.028306757516376,-75.41831571126741 5.028306757516376,-75.41831571126741 5.0480545838434665,-75.44200030092941 5.0480545838434665,-75.44200030092941 5.028306757516376));POINT(-75.43015800609841 5.038180745686347);a3;landscape;osm
2024-08-16 00:02:10.104 +0200;false;2024-08-15 22:51:37.116;fd16a297-b099-4339-8073-02f0161364a9;POLYGON((-75.43991365468551 5.029733315621499,-75.4196509066797 5.029733315621499,-75.4196509066797 5.04662806595347,-75.43991365468551 5.04662806595347,-75.43991365468551 5.029733315621499));POINT(-75.4297822806826 5.038180745686361);a3;landscape;esri-world-imagery
2024-08-16 00:03:04.986 +0200;true;2024-08-15 22:51:12.124;6d6896e7-5923-4228-bae0-cfd20d71b08b;POLYGON((-75.44200030092941 5.028306757516376,-75.41831571126741 5.028306757516376,-75.41831571126741 5.0480545838434665,-75.44200030092941 5.0480545838434665,-75.44200030092941 5.028306757516376));POINT(-75.43015800609841 5.038180745686347);a3;landscape;osm
2024-08-16 00:31:47.055 +0200;false;2024-08-15 22:51:37.116;fd16a297-b099-4339-8073-02f0161364a9;POLYGON((-75.43991365468551 5.029733315621499,-75.4196509066797 5.029733315621499,-75.4196509066797 5.04662806595347,-75.43991365468551 5.04662806595347,-75.43991365468551 5.029733315621499));POINT(-75.4297822806826 5.038180745686361);a3;landscape;esri-world-imagery
2024-08-16 00:31:54.341 +0200;true;2024-08-15 22:51:12.124;6d6896e7-5923-4228-bae0-cfd20d71b08b;POLYGON((-75.44200030092941 5.028306757516376,-75.41831571126741 5.028306757516376,-75.41831571126741 5.0480545838434665,-75.44200030092941 5.0480545838434665,-75.44200030092941 5.028306757516376));POINT(-75.43015800609841 5.038180745686347);a3;landscape;osm
2024-08-16 00:33:17.333 +0200;true;2024-08-15 22:51:12.124;6d6896e7-5923-4228-bae0-cfd20d71b08b;POLYGON((-75.44200030092941 5.028306757516376,-75.41831571126741 5.028306757516376,-75.41831571126741 5.0480545838434665,-75.44200030092941 5.0480545838434665,-75.44200030092941 5.028306757516376));POINT(-75.43015800609841 5.038180745686347);a3;landscape;osm
2024-08-16 00:33:22.786 +0200;false;2024-08-15 22:51:37.116;fd16a297-b099-4339-8073-02f0161364a9;POLYGON((-75.43991365468551 5.029733315621499,-75.4196509066797 5.029733315621499,-75.4196509066797 5.04662806595347,-75.43991365468551 5.04662806595347,-75.43991365468551 5.029733315621499));POINT(-75.4297822806826 5.038180745686361);a3;landscape;esri-world-imagery
2024-08-16 00:35:26.417 +0200;true;2024-08-15 22:51:12.124;6d6896e7-5923-4228-bae0-cfd20d71b08b;POLYGON((-75.44200030092941 5.028306757516376,-75.41831571126741 5.028306757516376,-75.41831571126741 5.0480545838434665,-75.44200030092941 5.0480545838434665,-75.44200030092941 5.028306757516376));POINT(-75.43015800609841 5.038180745686347);a3;landscape;osm
2024-08-16 00:36:31.506 +0200;false;2024-08-15 22:51:37.116;fd16a297-b099-4339-8073-02f0161364a9;POLYGON((-75.43991365468551 5.029733315621499,-75.4196509066797 5.029733315621499,-75.4196509066797 5.04662806595347,-75.43991365468551 5.04662806595347,-75.43991365468551 5.029733315621499));POINT(-75.4297822806826 5.038180745686361);a3;landscape;esri-world-imagery
2024-08-16 00:38:19.332 +0200;false;2024-08-15 22:51:37.116;fd16a297-b099-4339-8073-02f0161364a9;POLYGON((-75.43991365468551 5.029733315621499,-75.4196509066797 5.029733315621499,-75.4196509066797 5.04662806595347,-75.43991365468551 5.04662806595347,-75.43991365468551 5.029733315621499));POINT(-75.4297822806826 5.038180745686361);a3;landscape;esri-world-imagery
2024-08-16 00:40:39.403 +0200;false;2024-08-15 22:51:37.116;fd16a297-b099-4339-8073-02f0161364a9;POLYGON((-75.43991365468551 5.029733315621499,-75.4196509066797 5.029733315621499,-75.4196509066797 5.04662806595347,-75.43991365468551 5.04662806595347,-75.43991365468551 5.029733315621499));POINT(-75.4297822806826 5.038180745686361);a3;landscape;esri-world-imagery
2024-08-16 00:42:12.151 +0200;false;2024-08-15 22:51:37.116;fd16a297-b099-4339-8073-02f0161364a9;POLYGON((-75.43991365468551 5.029733315621499,-75.4196509066797 5.029733315621499,-75.4196509066797 5.04662806595347,-75.43991365468551 5.04662806595347,-75.43991365468551 5.029733315621499));POINT(-75.4297822806826 5.038180745686361);a3;landscape;esri-world-imagery
2024-08-16 00:42:25.284 +0200;true;2024-08-15 22:51:37.116;fd16a297-b099-4339-8073-02f0161364a9;POLYGON((-75.43991365468551 5.029733315621499,-75.4196509066797 5.029733315621499,-75.4196509066797 5.04662806595347,-75.43991365468551 5.04662806595347,-75.43991365468551 5.029733315621499));POINT(-75.4297822806826 5.038180745686361);a3;landscape;esri-world-imagery
2024-08-16 00:44:17.797 +0200;true;2024-08-15 22:51:37.116;fd16a297-b099-4339-8073-02f0161364a9;POLYGON((-75.43991365468551 5.029733315621499,-75.4196509066797 5.029733315621499,-75.4196509066797 5.04662806595347,-75.43991365468551 5.04662806595347,-75.43991365468551 5.029733315621499));POINT(-75.4297822806826 5.038180745686361);a3;landscape;esri-world-imagery
2024-08-16 01:06:21.577 +0200;true;2024-08-15 22:51:37.116;fd16a297-b099-4339-8073-02f0161364a9;POLYGON((-75.43991365468551 5.029733315621499,-75.4196509066797 5.029733315621499,-75.4196509066797 5.04662806595347,-75.43991365468551 5.04662806595347,-75.43991365468551 5.029733315621499));POINT(-75.4297822806826 5.038180745686361);a3;landscape;esri-world-imagery
2024-08-16 01:12:34.344 +0200;true;2024-08-15 22:51:37.116;fd16a297-b099-4339-8073-02f0161364a9;POLYGON((-75.43991365468551 5.029733315621499,-75.4196509066797 5.029733315621499,-75.4196509066797 5.04662806595347,-75.43991365468551 5.04662806595347,-75.43991365468551 5.029733315621499));POINT(-75.4297822806826 5.038180745686361);a3;landscape;esri-world-imagery
2024-08-16 01:14:27.257 +0200;false;2024-08-15 22:51:12.124;6d6896e7-5923-4228-bae0-cfd20d71b08b;POLYGON((-75.44200030092941 5.028306757516376,-75.41831571126741 5.028306757516376,-75.41831571126741 5.0480545838434665,-75.44200030092941 5.0480545838434665,-75.44200030092941 5.028306757516376));POINT(-75.43015800609841 5.038180745686347);a3;landscape;osm
2024-08-16 01:15:20.266 +0200;false;2024-08-15 22:51:37.116;fd16a297-b099-4339-8073-02f0161364a9;POLYGON((-75.43991365468551 5.029733315621499,-75.4196509066797 5.029733315621499,-75.4196509066797 5.04662806595347,-75.43991365468551 5.04662806595347,-75.43991365468551 5.029733315621499));POINT(-75.4297822806826 5.038180745686361);a3;landscape;esri-world-imagery
2024-08-16 01:17:32.015 +0200;false;2024-08-15 22:51:37.116;fd16a297-b099-4339-8073-02f0161364a9;POLYGON((-75.43991365468551 5.029733315621499,-75.4196509066797 5.029733315621499,-75.4196509066797 5.04662806595347,-75.43991365468551 5.04662806595347,-75.43991365468551 5.029733315621499));POINT(-75.4297822806826 5.038180745686361);a3;landscape;esri-world-imagery
2024-08-16 01:20:09.340 +0200;false;2024-08-15 22:51:37.116;fd16a297-b099-4339-8073-02f0161364a9;POLYGON((-75.43991365468551 5.029733315621499,-75.4196509066797 5.029733315621499,-75.4196509066797 5.04662806595347,-75.43991365468551 5.04662806595347,-75.43991365468551 5.029733315621499));POINT(-75.4297822806826 5.038180745686361);a3;landscape;esri-world-imagery
2024-08-16 01:21:01.370 +0200;true;2024-08-15 22:51:37.116;fd16a297-b099-4339-8073-02f0161364a9;POLYGON((-75.43991365468551 5.029733315621499,-75.4196509066797 5.029733315621499,-75.4196509066797 5.04662806595347,-75.43991365468551 5.04662806595347,-75.43991365468551 5.029733315621499));POINT(-75.4297822806826 5.038180745686361);a3;landscape;esri-world-imagery
2024-08-18 11:12:02.895 +0200;true;2024-08-18 11:08:55.859;4b5440e2-4791-4398-92f2-51940b2cd753;POLYGON((82.81091457222958 27.490205901605435,82.82410037897291 27.490205901605435,82.82410037897291 27.49999585046183,82.81091457222958 27.49999585046183,82.81091457222958 27.490205901605435));POINT(82.81750747560125 27.49510098486003);a4;landscape;osm
2024-08-19 00:03:36.921 +0200;false;2024-08-15 22:51:12.124;6d6896e7-5923-4228-bae0-cfd20d71b08b;POLYGON((-75.44200030092941 5.028306757516376,-75.41831571126741 5.028306757516376,-75.41831571126741 5.0480545838434665,-75.44200030092941 5.0480545838434665,-75.44200030092941 5.028306757516376));POINT(-75.43015800609841 5.038180745686347);a3;landscape;osm
2024-08-19 00:05:48.998 +0200;true;2024-08-15 22:51:12.124;6d6896e7-5923-4228-bae0-cfd20d71b08b;POLYGON((-75.44200030092941 5.028306757516376,-75.41831571126741 5.028306757516376,-75.41831571126741 5.0480545838434665,-75.44200030092941 5.0480545838434665,-75.44200030092941 5.028306757516376));POINT(-75.43015800609841 5.038180745686347);a3;landscape;osm
2024-08-19 00:07:34.167 +0200;true;2024-08-15 22:51:12.124;6d6896e7-5923-4228-bae0-cfd20d71b08b;POLYGON((-75.44200030092941 5.028306757516376,-75.41831571126741 5.028306757516376,-75.41831571126741 5.0480545838434665,-75.44200030092941 5.0480545838434665,-75.44200030092941 5.028306757516376));POINT(-75.43015800609841 5.038180745686347);a3;landscape;osm
2024-08-19 00:08:48.504 +0200;false;2024-08-15 22:51:37.116;fd16a297-b099-4339-8073-02f0161364a9;POLYGON((-75.43991365468551 5.029733315621499,-75.4196509066797 5.029733315621499,-75.4196509066797 5.04662806595347,-75.43991365468551 5.04662806595347,-75.43991365468551 5.029733315621499));POINT(-75.4297822806826 5.038180745686361);a3;landscape;esri-world-imagery
2024-08-19 00:10:42.116 +0200;false;2024-08-15 22:51:37.116;fd16a297-b099-4339-8073-02f0161364a9;POLYGON((-75.43991365468551 5.029733315621499,-75.4196509066797 5.029733315621499,-75.4196509066797 5.04662806595347,-75.43991365468551 5.04662806595347,-75.43991365468551 5.029733315621499));POINT(-75.4297822806826 5.038180745686361);a3;landscape;esri-world-imagery
2024-08-19 00:12:13.299 +0200;true;2024-08-15 22:51:37.116;fd16a297-b099-4339-8073-02f0161364a9;POLYGON((-75.43991365468551 5.029733315621499,-75.4196509066797 5.029733315621499,-75.4196509066797 5.04662806595347,-75.43991365468551 5.04662806595347,-75.43991365468551 5.029733315621499));POINT(-75.4297822806826 5.038180745686361);a3;landscape;esri-world-imagery
2024-08-19 16:35:32.616 +0200;false;2024-08-19 16:34:22.982;1fe42c01-371f-4e01-9a48-3d77855ed66d;POLYGON((8.665005378881586 49.403220350803025,8.689582281973024 49.403220350803025,8.689582281973024 49.41660456563386,8.665005378881586 49.41660456563386,8.665005378881586 49.403220350803025));POINT(8.677293830427304 49.40991291435185);a4;landscape;osm
2024-08-20 13:17:37.660 +0200;true;2024-08-20 13:12:34.381;fa3d357f-d8f7-409e-a968-de671811a42f;POLYGON((16.35763864559769 48.19060436013086,16.37865357464538 48.19060436013086,16.37865357464538 48.2023293861248,16.35763864559769 48.2023293861248,16.35763864559769 48.19060436013086));POINT(16.368146110121536 48.196467208535864);a4;landscape;osm
2024-08-20 15:12:59.101 +0200;true;2024-08-20 15:01:48.457;6ba1df9b-8735-4d08-8995-e095e514d157;POLYGON((-75.4400748026466 5.029271409369898,-75.41902606744831 5.029271409369898,-75.41902606744831 5.046821325558383,-75.4400748026466 5.046821325558383,-75.4400748026466 5.029271409369898));POINT(-75.42955043504746 5.038046426701868);a4;landscape;osm
2024-08-20 15:17:49.783 +0200;true;2024-08-20 15:01:48.457;6ba1df9b-8735-4d08-8995-e095e514d157;POLYGON((-75.4400748026466 5.029271409369898,-75.41902606744831 5.029271409369898,-75.41902606744831 5.046821325558383,-75.4400748026466 5.046821325558383,-75.4400748026466 5.029271409369898));POINT(-75.42955043504746 5.038046426701868);a4;landscape;osm
2024-08-20 15:30:43.510 +0200;true;2024-08-20 15:01:48.457;6ba1df9b-8735-4d08-8995-e095e514d157;POLYGON((-75.4400748026466 5.029271409369898,-75.41902606744831 5.029271409369898,-75.41902606744831 5.046821325558383,-75.4400748026466 5.046821325558383,-75.4400748026466 5.029271409369898));POINT(-75.42955043504746 5.038046426701868);a4;landscape;osm
2024-08-20 15:36:11.121 +0200;true;2024-08-15 22:51:12.124;6d6896e7-5923-4228-bae0-cfd20d71b08b;POLYGON((-75.44200030092941 5.028306757516376,-75.41831571126741 5.028306757516376,-75.41831571126741 5.0480545838434665,-75.44200030092941 5.0480545838434665,-75.44200030092941 5.028306757516376));POINT(-75.43015800609841 5.038180745686347);a3;landscape;osm
2024-08-20 15:46:20.833 +0200;true;2024-08-15 22:51:12.124;6d6896e7-5923-4228-bae0-cfd20d71b08b;POLYGON((-75.44200030092941 5.028306757516376,-75.41831571126741 5.028306757516376,-75.41831571126741 5.0480545838434665,-75.44200030092941 5.0480545838434665,-75.44200030092941 5.028306757516376));POINT(-75.43015800609841 5.038180745686347);a3;landscape;osm
2024-08-20 17:14:50.053 +0200;true;2024-08-15 22:51:37.116;fd16a297-b099-4339-8073-02f0161364a9;POLYGON((-75.43991365468551 5.029733315621499,-75.4196509066797 5.029733315621499,-75.4196509066797 5.04662806595347,-75.43991365468551 5.04662806595347,-75.43991365468551 5.029733315621499));POINT(-75.4297822806826 5.038180745686361);a3;landscape;esri-world-imagery
2024-08-20 17:17:28.899 +0200;true;2024-08-15 22:51:37.116;fd16a297-b099-4339-8073-02f0161364a9;POLYGON((-75.43991365468551 5.029733315621499,-75.4196509066797 5.029733315621499,-75.4196509066797 5.04662806595347,-75.43991365468551 5.04662806595347,-75.43991365468551 5.029733315621499));POINT(-75.4297822806826 5.038180745686361);a3;landscape;esri-world-imagery
2024-08-21 07:53:15.910 +0200;false;2024-08-21 07:50:48.488;300e0fe0-c005-4303-bb67-e1b921f11ac5;POLYGON((120.28648517682073 16.61255639377272,120.2921465769002 16.61255639377272,120.2921465769002 16.617631684693265,120.28648517682073 16.617631684693265,120.28648517682073 16.61255639377272));POINT(120.28931587686046 16.61509405600202);letter;landscape;esri-world-imagery
2024-08-21 12:05:22.872 +0200;false;2024-08-21 12:00:32.546;20f80140-bc52-4396-9b92-7b9b5a0ff2cf;POLYGON((10.343828812147853 36.86702945713999,10.353200186220128 36.86702945713999,10.353200186220128 36.87332239245323,10.343828812147853 36.87332239245323,10.343828812147853 36.86702945713999));POINT(10.34851449918399 36.8701759895943);a3;landscape;osm
2024-08-21 14:31:48.089 +0200;true;2024-08-21 14:29:52.018;07316a08-a444-4e2d-812e-385e005f58b6;POLYGON((27.988292542714305 7.689297825945232,28.013445570032346 7.689297825945232,28.013445570032346 7.710160648649037,27.988292542714305 7.710160648649037,27.988292542714305 7.689297825945232));POINT(28.00086905637333 7.6997293656814065);a4;landscape;osm
2024-08-21 14:34:16.767 +0200;true;2024-08-21 14:29:52.018;07316a08-a444-4e2d-812e-385e005f58b6;POLYGON((27.988292542714305 7.689297825945232,28.013445570032346 7.689297825945232,28.013445570032346 7.710160648649037,27.988292542714305 7.710160648649037,27.988292542714305 7.689297825945232));POINT(28.00086905637333 7.6997293656814065);a4;landscape;osm
2024-08-21 14:35:53.327 +0200;false;2024-08-21 14:29:52.018;07316a08-a444-4e2d-812e-385e005f58b6;POLYGON((27.988292542714305 7.689297825945232,28.013445570032346 7.689297825945232,28.013445570032346 7.710160648649037,27.988292542714305 7.710160648649037,27.988292542714305 7.689297825945232));POINT(28.00086905637333 7.6997293656814065);a4;landscape;osm
2024-08-21 14:36:26.757 +0200;true;2024-08-21 14:29:52.018;07316a08-a444-4e2d-812e-385e005f58b6;POLYGON((27.988292542714305 7.689297825945232,28.013445570032346 7.689297825945232,28.013445570032346 7.710160648649037,27.988292542714305 7.710160648649037,27.988292542714305 7.689297825945232));POINT(28.00086905637333 7.6997293656814065);a4;landscape;osm
2024-08-21 14:39:13.703 +0200;true;2024-08-21 14:29:52.018;07316a08-a444-4e2d-812e-385e005f58b6;POLYGON((27.988292542714305 7.689297825945232,28.013445570032346 7.689297825945232,28.013445570032346 7.710160648649037,27.988292542714305 7.710160648649037,27.988292542714305 7.689297825945232));POINT(28.00086905637333 7.6997293656814065);a4;landscape;osm
2024-08-21 14:50:09.280 +0200;true;2024-08-21 14:48:35.168;fa9837c6-1ed4-4cea-b027-923326cde5e4;POLYGON((27.989294841228364 7.688845699595888,28.014255484431416 7.688845699595888,28.014255484431416 7.709549235258194,27.989294841228364 7.709549235258194,27.989294841228364 7.688845699595888));POINT(28.001775162829887 7.699197593849533);a4;landscape;osm
2024-08-21 14:50:39.748 +0200;true;2024-08-21 14:48:35.168;fa9837c6-1ed4-4cea-b027-923326cde5e4;POLYGON((27.989294841228364 7.688845699595888,28.014255484431416 7.688845699595888,28.014255484431416 7.709549235258194,27.989294841228364 7.709549235258194,27.989294841228364 7.688845699595888));POINT(28.001775162829887 7.699197593849533);a4;landscape;osm
2024-08-21 14:52:31.861 +0200;true;2024-08-21 14:29:52.018;07316a08-a444-4e2d-812e-385e005f58b6;POLYGON((27.988292542714305 7.689297825945232,28.013445570032346 7.689297825945232,28.013445570032346 7.710160648649037,27.988292542714305 7.710160648649037,27.988292542714305 7.689297825945232));POINT(28.00086905637333 7.6997293656814065);a4;landscape;osm
2024-08-21 14:54:34.455 +0200;true;2024-08-21 14:29:52.018;07316a08-a444-4e2d-812e-385e005f58b6;POLYGON((27.988292542714305 7.689297825945232,28.013445570032346 7.689297825945232,28.013445570032346 7.710160648649037,27.988292542714305 7.710160648649037,27.988292542714305 7.689297825945232));POINT(28.00086905637333 7.6997293656814065);a4;landscape;osm
2024-08-21 19:59:48.104 +0200;false;2024-08-21 19:56:25.833;dbef06e9-3432-4e23-ab52-ecc2851b6210;POLYGON((87.26239521847089 26.476709803788694,87.28548452685193 26.476709803788694,87.28548452685193 26.4940052659056,87.26239521847089 26.4940052659056,87.26239521847089 26.476709803788694));POINT(87.27393987266142 26.48535786001679);a4;landscape;osm
2024-08-22 08:56:46.720 +0200;true;2024-08-21 14:48:35.168;fa9837c6-1ed4-4cea-b027-923326cde5e4;POLYGON((27.989294841228364 7.688845699595888,28.014255484431416 7.688845699595888,28.014255484431416 7.709549235258194,27.989294841228364 7.709549235258194,27.989294841228364 7.688845699595888));POINT(28.001775162829887 7.699197593849533);a4;landscape;osm
2024-08-22 09:02:38.061 +0200;false;2024-08-22 08:43:14.760;fe649e77-0789-4d7a-bf29-e95d7a6fe2fe;POLYGON((-2.228787448759321 53.47485127725764,-2.221462959713063 53.47485127725764,-2.221462959713063 53.47851030153711,-2.228787448759321 53.47851030153711,-2.228787448759321 53.47485127725764));POINT(-2.225125204236192 53.4766808288376);a3;landscape;osm
2024-08-22 14:53:57.720 +0200;false;2024-08-22 14:51:29.640;88e48e4f-b8dd-4be9-a71d-d8975136b848;POLYGON((123.51190009441362 13.428452815709065,123.5218084768464 13.428452815709065,123.5218084768464 13.436519432829684,123.51190009441362 13.436519432829684,123.51190009441362 13.428452815709065));POINT(123.51685428563002 13.432486158174413);a4;landscape;osm
2024-08-22 15:33:36.983 +0200;true;2024-08-22 14:35:17.172;0e1f0950-5acb-4b4c-aacf-09eaace10b93;POLYGON((18.489909206663715 3.042998531233792,18.535810108868873 3.042998531233792,18.535810108868873 3.0813635389311713,18.489909206663715 3.0813635389311713,18.489909206663715 3.042998531233792));POINT(18.512859657766292 3.0621812068653895);a4;landscape;osm
2024-08-22 15:33:37.297 +0200;true;2024-08-22 14:35:17.172;0e1f0950-5acb-4b4c-aacf-09eaace10b93;POLYGON((18.489909206663715 3.042998531233792,18.535810108868873 3.042998531233792,18.535810108868873 3.0813635389311713,18.489909206663715 3.0813635389311713,18.489909206663715 3.042998531233792));POINT(18.512859657766292 3.0621812068653895);a4;landscape;osm
2024-08-22 17:34:28.898 +0200;false;2024-08-15 22:51:37.116;fd16a297-b099-4339-8073-02f0161364a9;POLYGON((-75.43991365468551 5.029733315621499,-75.4196509066797 5.029733315621499,-75.4196509066797 5.04662806595347,-75.43991365468551 5.04662806595347,-75.43991365468551 5.029733315621499));POINT(-75.4297822806826 5.038180745686361);a3;landscape;esri-world-imagery
2024-08-22 17:37:12.186 +0200;false;2024-08-20 15:01:48.457;6ba1df9b-8735-4d08-8995-e095e514d157;POLYGON((-75.4400748026466 5.029271409369898,-75.41902606744831 5.029271409369898,-75.41902606744831 5.046821325558383,-75.4400748026466 5.046821325558383,-75.4400748026466 5.029271409369898));POINT(-75.42955043504746 5.038046426701868);a4;landscape;osm
2024-08-22 21:59:35.018 +0200;false;2024-08-15 22:51:12.124;6d6896e7-5923-4228-bae0-cfd20d71b08b;POLYGON((-75.44200030092941 5.028306757516376,-75.41831571126741 5.028306757516376,-75.41831571126741 5.0480545838434665,-75.44200030092941 5.0480545838434665,-75.44200030092941 5.028306757516376));POINT(-75.43015800609841 5.038180745686347);a3;landscape;osm
2024-08-22 22:03:14.724 +0200;false;2024-08-22 21:45:49.641;5de18d31-9fe6-4790-97bd-e5a3ac7fd394;POLYGON((-75.44010168975645 5.028572367203438,-75.42069806545392 5.028572367203438,-75.42069806545392 5.0447970340808865,-75.44010168975645 5.0447970340808865,-75.44010168975645 5.028572367203438));POINT(-75.43039987760518 5.036684751257454);a3;landscape;esri-world-imagery
2024-08-22 22:16:13.712 +0200;false;2024-08-15 22:51:37.116;fd16a297-b099-4339-8073-02f0161364a9;POLYGON((-75.43991365468551 5.029733315621499,-75.4196509066797 5.029733315621499,-75.4196509066797 5.04662806595347,-75.43991365468551 5.04662806595347,-75.43991365468551 5.029733315621499));POINT(-75.4297822806826 5.038180745686361);a3;landscape;esri-world-imagery
2024-08-22 22:21:10.877 +0200;true;2024-08-22 21:45:09.132;fcdfed43-13ee-4a5b-82b7-c156ff407f6d;POLYGON((-75.44010168975645 5.028572367203438,-75.42069806545392 5.028572367203438,-75.42069806545392 5.0447970340808865,-75.44010168975645 5.0447970340808865,-75.44010168975645 5.028572367203438));POINT(-75.43039987760518 5.036684751257454);a3;landscape;osm
2024-08-22 22:27:51.721 +0200;false;2024-08-22 21:45:49.641;5de18d31-9fe6-4790-97bd-e5a3ac7fd394;POLYGON((-75.44010168975645 5.028572367203438,-75.42069806545392 5.028572367203438,-75.42069806545392 5.0447970340808865,-75.44010168975645 5.0447970340808865,-75.44010168975645 5.028572367203438));POINT(-75.43039987760518 5.036684751257454);a3;landscape;esri-world-imagery
2024-08-22 22:31:52.451 +0200;true;2024-08-22 21:45:09.132;fcdfed43-13ee-4a5b-82b7-c156ff407f6d;POLYGON((-75.44010168975645 5.028572367203438,-75.42069806545392 5.028572367203438,-75.42069806545392 5.0447970340808865,-75.44010168975645 5.0447970340808865,-75.44010168975645 5.028572367203438));POINT(-75.43039987760518 5.036684751257454);a3;landscape;osm
2024-08-22 22:40:12.388 +0200;true;2024-08-22 21:45:49.641;5de18d31-9fe6-4790-97bd-e5a3ac7fd394;POLYGON((-75.44010168975645 5.028572367203438,-75.42069806545392 5.028572367203438,-75.42069806545392 5.0447970340808865,-75.44010168975645 5.0447970340808865,-75.44010168975645 5.028572367203438));POINT(-75.43039987760518 5.036684751257454);a3;landscape;esri-world-imagery
2024-08-22 22:48:03.514 +0200;true;2024-08-22 21:45:09.132;fcdfed43-13ee-4a5b-82b7-c156ff407f6d;POLYGON((-75.44010168975645 5.028572367203438,-75.42069806545392 5.028572367203438,-75.42069806545392 5.0447970340808865,-75.44010168975645 5.0447970340808865,-75.44010168975645 5.028572367203438));POINT(-75.43039987760518 5.036684751257454);a3;landscape;osm
2024-08-25 08:00:13.493 +0200;true;2024-08-25 07:59:06.184;fd5c3b38-3cdf-464a-ac43-ca47ecdc5468;POLYGON((121.62445737217514 16.847730411196025,121.62788849918255 16.847730411196025,121.62788849918255 16.850478995234297,121.62445737217514 16.850478995234297,121.62445737217514 16.847730411196025));POINT(121.62617293567884 16.849104708206738);a4;landscape;osm
2024-08-26 10:35:22.352 +0200;false;2024-08-15 22:51:12.124;6d6896e7-5923-4228-bae0-cfd20d71b08b;POLYGON((-75.44200030092941 5.028306757516376,-75.41831571126741 5.028306757516376,-75.41831571126741 5.0480545838434665,-75.44200030092941 5.0480545838434665,-75.44200030092941 5.028306757516376));POINT(-75.43015800609841 5.038180745686347);a3;landscape;osm
2024-08-26 16:52:14.287 +0200;false;2024-08-26 16:50:58.322;aa71aa03-d5ae-4860-87e0-caed4e320b3e;POLYGON((8.412047724212405 49.50495556114282,8.429697476012887 49.50495556114282,8.429697476012887 49.51454779019676,8.412047724212405 49.51454779019676,8.412047724212405 49.50495556114282));POINT(8.420872600112645 49.50975191078311);a4;landscape;esri-world-imagery
2024-08-26 16:53:30.928 +0200;false;2024-08-26 16:50:58.322;aa71aa03-d5ae-4860-87e0-caed4e320b3e;POLYGON((8.412047724212405 49.50495556114282,8.429697476012887 49.50495556114282,8.429697476012887 49.51454779019676,8.412047724212405 49.51454779019676,8.412047724212405 49.50495556114282));POINT(8.420872600112645 49.50975191078311);a4;landscape;esri-world-imagery
2024-08-26 16:55:14.101 +0200;false;2024-08-26 16:50:58.322;aa71aa03-d5ae-4860-87e0-caed4e320b3e;POLYGON((8.412047724212405 49.50495556114282,8.429697476012887 49.50495556114282,8.429697476012887 49.51454779019676,8.412047724212405 49.51454779019676,8.412047724212405 49.50495556114282));POINT(8.420872600112645 49.50975191078311);a4;landscape;esri-world-imagery
2024-08-26 16:55:15.173 +0200;false;2024-08-26 16:50:58.322;aa71aa03-d5ae-4860-87e0-caed4e320b3e;POLYGON((8.412047724212405 49.50495556114282,8.429697476012887 49.50495556114282,8.429697476012887 49.51454779019676,8.412047724212405 49.51454779019676,8.412047724212405 49.50495556114282));POINT(8.420872600112645 49.50975191078311);a4;landscape;esri-world-imagery
2024-08-26 16:55:16.446 +0200;false;2024-08-26 16:50:58.322;aa71aa03-d5ae-4860-87e0-caed4e320b3e;POLYGON((8.412047724212405 49.50495556114282,8.429697476012887 49.50495556114282,8.429697476012887 49.51454779019676,8.412047724212405 49.51454779019676,8.412047724212405 49.50495556114282));POINT(8.420872600112645 49.50975191078311);a4;landscape;esri-world-imagery
2024-08-26 16:55:17.548 +0200;false;2024-08-26 16:50:58.322;aa71aa03-d5ae-4860-87e0-caed4e320b3e;POLYGON((8.412047724212405 49.50495556114282,8.429697476012887 49.50495556114282,8.429697476012887 49.51454779019676,8.412047724212405 49.51454779019676,8.412047724212405 49.50495556114282));POINT(8.420872600112645 49.50975191078311);a4;landscape;esri-world-imagery
2024-08-26 16:55:18.560 +0200;false;2024-08-26 16:50:58.322;aa71aa03-d5ae-4860-87e0-caed4e320b3e;POLYGON((8.412047724212405 49.50495556114282,8.429697476012887 49.50495556114282,8.429697476012887 49.51454779019676,8.412047724212405 49.51454779019676,8.412047724212405 49.50495556114282));POINT(8.420872600112645 49.50975191078311);a4;landscape;esri-world-imagery
2024-08-26 16:55:19.556 +0200;false;2024-08-26 16:50:58.322;aa71aa03-d5ae-4860-87e0-caed4e320b3e;POLYGON((8.412047724212405 49.50495556114282,8.429697476012887 49.50495556114282,8.429697476012887 49.51454779019676,8.412047724212405 49.51454779019676,8.412047724212405 49.50495556114282));POINT(8.420872600112645 49.50975191078311);a4;landscape;esri-world-imagery
2024-08-26 16:55:20.792 +0200;false;2024-08-26 16:50:58.322;aa71aa03-d5ae-4860-87e0-caed4e320b3e;POLYGON((8.412047724212405 49.50495556114282,8.429697476012887 49.50495556114282,8.429697476012887 49.51454779019676,8.412047724212405 49.51454779019676,8.412047724212405 49.50495556114282));POINT(8.420872600112645 49.50975191078311);a4;landscape;esri-world-imagery
2024-08-26 16:55:21.766 +0200;false;2024-08-26 16:50:58.322;aa71aa03-d5ae-4860-87e0-caed4e320b3e;POLYGON((8.412047724212405 49.50495556114282,8.429697476012887 49.50495556114282,8.429697476012887 49.51454779019676,8.412047724212405 49.51454779019676,8.412047724212405 49.50495556114282));POINT(8.420872600112645 49.50975191078311);a4;landscape;esri-world-imagery
2024-08-26 16:55:23.007 +0200;false;2024-08-26 16:50:58.322;aa71aa03-d5ae-4860-87e0-caed4e320b3e;POLYGON((8.412047724212405 49.50495556114282,8.429697476012887 49.50495556114282,8.429697476012887 49.51454779019676,8.412047724212405 49.51454779019676,8.412047724212405 49.50495556114282));POINT(8.420872600112645 49.50975191078311);a4;landscape;esri-world-imagery
2024-08-26 16:55:24.154 +0200;false;2024-08-26 16:50:58.322;aa71aa03-d5ae-4860-87e0-caed4e320b3e;POLYGON((8.412047724212405 49.50495556114282,8.429697476012887 49.50495556114282,8.429697476012887 49.51454779019676,8.412047724212405 49.51454779019676,8.412047724212405 49.50495556114282));POINT(8.420872600112645 49.50975191078311);a4;landscape;esri-world-imagery
2024-08-26 16:55:25.413 +0200;false;2024-08-26 16:50:58.322;aa71aa03-d5ae-4860-87e0-caed4e320b3e;POLYGON((8.412047724212405 49.50495556114282,8.429697476012887 49.50495556114282,8.429697476012887 49.51454779019676,8.412047724212405 49.51454779019676,8.412047724212405 49.50495556114282));POINT(8.420872600112645 49.50975191078311);a4;landscape;esri-world-imagery
2024-08-26 16:55:26.420 +0200;false;2024-08-26 16:50:58.322;aa71aa03-d5ae-4860-87e0-caed4e320b3e;POLYGON((8.412047724212405 49.50495556114282,8.429697476012887 49.50495556114282,8.429697476012887 49.51454779019676,8.412047724212405 49.51454779019676,8.412047724212405 49.50495556114282));POINT(8.420872600112645 49.50975191078311);a4;landscape;esri-world-imagery
2024-08-26 17:30:43.311 +0200;false;2024-08-26 16:50:58.322;aa71aa03-d5ae-4860-87e0-caed4e320b3e;POLYGON((8.412047724212405 49.50495556114282,8.429697476012887 49.50495556114282,8.429697476012887 49.51454779019676,8.412047724212405 49.51454779019676,8.412047724212405 49.50495556114282));POINT(8.420872600112645 49.50975191078311);a4;landscape;esri-world-imagery
2024-08-26 17:30:44.317 +0200;false;2024-08-26 16:50:58.322;aa71aa03-d5ae-4860-87e0-caed4e320b3e;POLYGON((8.412047724212405 49.50495556114282,8.429697476012887 49.50495556114282,8.429697476012887 49.51454779019676,8.412047724212405 49.51454779019676,8.412047724212405 49.50495556114282));POINT(8.420872600112645 49.50975191078311);a4;landscape;esri-world-imagery
2024-08-26 17:30:45.461 +0200;false;2024-08-26 16:50:58.322;aa71aa03-d5ae-4860-87e0-caed4e320b3e;POLYGON((8.412047724212405 49.50495556114282,8.429697476012887 49.50495556114282,8.429697476012887 49.51454779019676,8.412047724212405 49.51454779019676,8.412047724212405 49.50495556114282));POINT(8.420872600112645 49.50975191078311);a4;landscape;esri-world-imagery
2024-08-26 17:30:46.338 +0200;false;2024-08-26 16:50:58.322;aa71aa03-d5ae-4860-87e0-caed4e320b3e;POLYGON((8.412047724212405 49.50495556114282,8.429697476012887 49.50495556114282,8.429697476012887 49.51454779019676,8.412047724212405 49.51454779019676,8.412047724212405 49.50495556114282));POINT(8.420872600112645 49.50975191078311);a4;landscape;esri-world-imagery
2024-08-26 17:30:47.299 +0200;false;2024-08-26 16:50:58.322;aa71aa03-d5ae-4860-87e0-caed4e320b3e;POLYGON((8.412047724212405 49.50495556114282,8.429697476012887 49.50495556114282,8.429697476012887 49.51454779019676,8.412047724212405 49.51454779019676,8.412047724212405 49.50495556114282));POINT(8.420872600112645 49.50975191078311);a4;landscape;esri-world-imagery
2024-08-26 17:30:48.156 +0200;false;2024-08-26 16:50:58.322;aa71aa03-d5ae-4860-87e0-caed4e320b3e;POLYGON((8.412047724212405 49.50495556114282,8.429697476012887 49.50495556114282,8.429697476012887 49.51454779019676,8.412047724212405 49.51454779019676,8.412047724212405 49.50495556114282));POINT(8.420872600112645 49.50975191078311);a4;landscape;esri-world-imagery
2024-08-26 17:30:49.041 +0200;false;2024-08-26 16:50:58.322;aa71aa03-d5ae-4860-87e0-caed4e320b3e;POLYGON((8.412047724212405 49.50495556114282,8.429697476012887 49.50495556114282,8.429697476012887 49.51454779019676,8.412047724212405 49.51454779019676,8.412047724212405 49.50495556114282));POINT(8.420872600112645 49.50975191078311);a4;landscape;esri-world-imagery
2024-08-26 17:30:49.920 +0200;false;2024-08-26 16:50:58.322;aa71aa03-d5ae-4860-87e0-caed4e320b3e;POLYGON((8.412047724212405 49.50495556114282,8.429697476012887 49.50495556114282,8.429697476012887 49.51454779019676,8.412047724212405 49.51454779019676,8.412047724212405 49.50495556114282));POINT(8.420872600112645 49.50975191078311);a4;landscape;esri-world-imagery
2024-08-26 17:30:50.833 +0200;false;2024-08-26 16:50:58.322;aa71aa03-d5ae-4860-87e0-caed4e320b3e;POLYGON((8.412047724212405 49.50495556114282,8.429697476012887 49.50495556114282,8.429697476012887 49.51454779019676,8.412047724212405 49.51454779019676,8.412047724212405 49.50495556114282));POINT(8.420872600112645 49.50975191078311);a4;landscape;esri-world-imagery
2024-08-26 17:30:52.096 +0200;false;2024-08-26 16:50:58.322;aa71aa03-d5ae-4860-87e0-caed4e320b3e;POLYGON((8.412047724212405 49.50495556114282,8.429697476012887 49.50495556114282,8.429697476012887 49.51454779019676,8.412047724212405 49.51454779019676,8.412047724212405 49.50495556114282));POINT(8.420872600112645 49.50975191078311);a4;landscape;esri-world-imagery
2024-08-26 17:30:53.907 +0200;false;2024-08-26 16:50:58.322;aa71aa03-d5ae-4860-87e0-caed4e320b3e;POLYGON((8.412047724212405 49.50495556114282,8.429697476012887 49.50495556114282,8.429697476012887 49.51454779019676,8.412047724212405 49.51454779019676,8.412047724212405 49.50495556114282));POINT(8.420872600112645 49.50975191078311);a4;landscape;esri-world-imagery
2024-08-26 17:30:54.756 +0200;false;2024-08-26 16:50:58.322;aa71aa03-d5ae-4860-87e0-caed4e320b3e;POLYGON((8.412047724212405 49.50495556114282,8.429697476012887 49.50495556114282,8.429697476012887 49.51454779019676,8.412047724212405 49.51454779019676,8.412047724212405 49.50495556114282));POINT(8.420872600112645 49.50975191078311);a4;landscape;esri-world-imagery
2024-08-26 17:58:51.500 +0200;false;2024-08-26 17:54:57.308;28f67c40-0cbd-4685-b887-235144a44787;POLYGON((8.486142323179887 49.40539242716832,8.539769989750686 49.40539242716832,8.539769989750686 49.433958194088774,8.486142323179887 49.433958194088774,8.486142323179887 49.40539242716832));POINT(8.512956156465286 49.419677389117254);a1;landscape;osm
2024-08-26 17:58:53.357 +0200;false;2024-08-26 17:54:57.308;28f67c40-0cbd-4685-b887-235144a44787;POLYGON((8.486142323179887 49.40539242716832,8.539769989750686 49.40539242716832,8.539769989750686 49.433958194088774,8.486142323179887 49.433958194088774,8.486142323179887 49.40539242716832));POINT(8.512956156465286 49.419677389117254);a1;landscape;osm
2024-08-26 17:58:55.697 +0200;false;2024-08-26 17:54:57.308;28f67c40-0cbd-4685-b887-235144a44787;POLYGON((8.486142323179887 49.40539242716832,8.539769989750686 49.40539242716832,8.539769989750686 49.433958194088774,8.486142323179887 49.433958194088774,8.486142323179887 49.40539242716832));POINT(8.512956156465286 49.419677389117254);a1;landscape;osm
2024-08-26 17:58:57.397 +0200;false;2024-08-26 17:54:57.308;28f67c40-0cbd-4685-b887-235144a44787;POLYGON((8.486142323179887 49.40539242716832,8.539769989750686 49.40539242716832,8.539769989750686 49.433958194088774,8.486142323179887 49.433958194088774,8.486142323179887 49.40539242716832));POINT(8.512956156465286 49.419677389117254);a1;landscape;osm
2024-08-26 17:59:01.640 +0200;false;2024-08-26 17:54:57.308;28f67c40-0cbd-4685-b887-235144a44787;POLYGON((8.486142323179887 49.40539242716832,8.539769989750686 49.40539242716832,8.539769989750686 49.433958194088774,8.486142323179887 49.433958194088774,8.486142323179887 49.40539242716832));POINT(8.512956156465286 49.419677389117254);a1;landscape;osm
2024-08-26 17:59:03.349 +0200;false;2024-08-26 17:54:57.308;28f67c40-0cbd-4685-b887-235144a44787;POLYGON((8.486142323179887 49.40539242716832,8.539769989750686 49.40539242716832,8.539769989750686 49.433958194088774,8.486142323179887 49.433958194088774,8.486142323179887 49.40539242716832));POINT(8.512956156465286 49.419677389117254);a1;landscape;osm
2024-08-26 17:59:05.381 +0200;false;2024-08-26 17:54:57.308;28f67c40-0cbd-4685-b887-235144a44787;POLYGON((8.486142323179887 49.40539242716832,8.539769989750686 49.40539242716832,8.539769989750686 49.433958194088774,8.486142323179887 49.433958194088774,8.486142323179887 49.40539242716832));POINT(8.512956156465286 49.419677389117254);a1;landscape;osm
2024-08-26 17:59:07.094 +0200;false;2024-08-26 17:54:57.308;28f67c40-0cbd-4685-b887-235144a44787;POLYGON((8.486142323179887 49.40539242716832,8.539769989750686 49.40539242716832,8.539769989750686 49.433958194088774,8.486142323179887 49.433958194088774,8.486142323179887 49.40539242716832));POINT(8.512956156465286 49.419677389117254);a1;landscape;osm
2024-08-26 17:59:08.850 +0200;false;2024-08-26 17:54:57.308;28f67c40-0cbd-4685-b887-235144a44787;POLYGON((8.486142323179887 49.40539242716832,8.539769989750686 49.40539242716832,8.539769989750686 49.433958194088774,8.486142323179887 49.433958194088774,8.486142323179887 49.40539242716832));POINT(8.512956156465286 49.419677389117254);a1;landscape;osm
2024-08-26 17:59:11.515 +0200;false;2024-08-26 17:54:57.308;28f67c40-0cbd-4685-b887-235144a44787;POLYGON((8.486142323179887 49.40539242716832,8.539769989750686 49.40539242716832,8.539769989750686 49.433958194088774,8.486142323179887 49.433958194088774,8.486142323179887 49.40539242716832));POINT(8.512956156465286 49.419677389117254);a1;landscape;osm
2024-08-26 17:59:13.236 +0200;false;2024-08-26 17:54:57.308;28f67c40-0cbd-4685-b887-235144a44787;POLYGON((8.486142323179887 49.40539242716832,8.539769989750686 49.40539242716832,8.539769989750686 49.433958194088774,8.486142323179887 49.433958194088774,8.486142323179887 49.40539242716832));POINT(8.512956156465286 49.419677389117254);a1;landscape;osm
2024-08-26 18:31:04.211 +0200;false;2024-08-26 18:24:52.442;df1aa78b-aa7b-46d1-aecf-d8712487922a;POLYGON((21.5726884788893 47.49638163648291,21.684305370294354 47.49638163648291,21.684305370294354 47.56688498719569,21.5726884788893 47.56688498719569,21.5726884788893 47.49638163648291));POINT(21.62849692459183 47.53164515959145);letter;landscape;osm
2024-08-26 18:49:12.286 +0200;true;2024-08-26 18:47:18.219;8b531583-1df1-42b2-99dd-20d08732d99b;POLYGON((125.01739774666405 11.105107190388111,125.02041112832568 11.105107190388111,125.02041112832568 11.107582205655092,125.01739774666405 11.107582205655092,125.01739774666405 11.105107190388111));POINT(125.01890443749487 11.106344700645082);a4;landscape;osm
2024-08-27 16:06:54.857 +0200;true;2024-08-27 16:02:25.009;5a54da1e-b951-4713-993d-24beba2c79cb;POLYGON((36.799037335737815 -1.2934736609488198,36.826984337862164 -1.2934736609488198,36.826984337862164 -1.2700882578517394,36.799037335737815 -1.2700882578517394,36.799037335737815 -1.2934736609488198));POINT(36.81301083679998 -1.281780986095967);a4;landscape;osm
2024-08-27 16:13:41.360 +0200;false;2024-08-27 16:02:25.009;5a54da1e-b951-4713-993d-24beba2c79cb;POLYGON((36.799037335737815 -1.2934736609488198,36.826984337862164 -1.2934736609488198,36.826984337862164 -1.2700882578517394,36.799037335737815 -1.2700882578517394,36.799037335737815 -1.2934736609488198));POINT(36.81301083679998 -1.281780986095967);a4;landscape;osm
2024-08-27 16:39:16.412 +0200;false;2024-08-27 16:02:25.009;5a54da1e-b951-4713-993d-24beba2c79cb;POLYGON((36.799037335737815 -1.2934736609488198,36.826984337862164 -1.2934736609488198,36.826984337862164 -1.2700882578517394,36.799037335737815 -1.2700882578517394,36.799037335737815 -1.2934736609488198));POINT(36.81301083679998 -1.281780986095967);a4;landscape;osm
2024-08-27 16:39:17.958 +0200;false;2024-08-27 16:02:25.009;5a54da1e-b951-4713-993d-24beba2c79cb;POLYGON((36.799037335737815 -1.2934736609488198,36.826984337862164 -1.2934736609488198,36.826984337862164 -1.2700882578517394,36.799037335737815 -1.2700882578517394,36.799037335737815 -1.2934736609488198));POINT(36.81301083679998 -1.281780986095967);a4;landscape;osm
2024-08-27 16:40:41.785 +0200;false;2024-08-27 16:02:25.009;5a54da1e-b951-4713-993d-24beba2c79cb;POLYGON((36.799037335737815 -1.2934736609488198,36.826984337862164 -1.2934736609488198,36.826984337862164 -1.2700882578517394,36.799037335737815 -1.2700882578517394,36.799037335737815 -1.2934736609488198));POINT(36.81301083679998 -1.281780986095967);a4;landscape;osm
2024-08-27 16:40:43.111 +0200;false;2024-08-27 16:02:25.009;5a54da1e-b951-4713-993d-24beba2c79cb;POLYGON((36.799037335737815 -1.2934736609488198,36.826984337862164 -1.2934736609488198,36.826984337862164 -1.2700882578517394,36.799037335737815 -1.2700882578517394,36.799037335737815 -1.2934736609488198));POINT(36.81301083679998 -1.281780986095967);a4;landscape;osm
2024-08-27 16:40:54.002 +0200;false;2024-08-27 16:02:25.009;5a54da1e-b951-4713-993d-24beba2c79cb;POLYGON((36.799037335737815 -1.2934736609488198,36.826984337862164 -1.2934736609488198,36.826984337862164 -1.2700882578517394,36.799037335737815 -1.2700882578517394,36.799037335737815 -1.2934736609488198));POINT(36.81301083679998 -1.281780986095967);a4;landscape;osm
2024-08-27 16:40:56.319 +0200;false;2024-08-27 16:02:25.009;5a54da1e-b951-4713-993d-24beba2c79cb;POLYGON((36.799037335737815 -1.2934736609488198,36.826984337862164 -1.2934736609488198,36.826984337862164 -1.2700882578517394,36.799037335737815 -1.2700882578517394,36.799037335737815 -1.2934736609488198));POINT(36.81301083679998 -1.281780986095967);a4;landscape;osm
2024-08-27 16:41:33.597 +0200;false;2024-08-27 16:02:25.009;5a54da1e-b951-4713-993d-24beba2c79cb;POLYGON((36.799037335737815 -1.2934736609488198,36.826984337862164 -1.2934736609488198,36.826984337862164 -1.2700882578517394,36.799037335737815 -1.2700882578517394,36.799037335737815 -1.2934736609488198));POINT(36.81301083679998 -1.281780986095967);a4;landscape;osm
2024-08-27 16:41:35.235 +0200;false;2024-08-27 16:02:25.009;5a54da1e-b951-4713-993d-24beba2c79cb;POLYGON((36.799037335737815 -1.2934736609488198,36.826984337862164 -1.2934736609488198,36.826984337862164 -1.2700882578517394,36.799037335737815 -1.2700882578517394,36.799037335737815 -1.2934736609488198));POINT(36.81301083679998 -1.281780986095967);a4;landscape;osm
2024-08-27 16:41:40.549 +0200;false;2024-08-27 16:02:25.009;5a54da1e-b951-4713-993d-24beba2c79cb;POLYGON((36.799037335737815 -1.2934736609488198,36.826984337862164 -1.2934736609488198,36.826984337862164 -1.2700882578517394,36.799037335737815 -1.2700882578517394,36.799037335737815 -1.2934736609488198));POINT(36.81301083679998 -1.281780986095967);a4;landscape;osm
2024-08-27 16:41:42.188 +0200;false;2024-08-27 16:02:25.009;5a54da1e-b951-4713-993d-24beba2c79cb;POLYGON((36.799037335737815 -1.2934736609488198,36.826984337862164 -1.2934736609488198,36.826984337862164 -1.2700882578517394,36.799037335737815 -1.2700882578517394,36.799037335737815 -1.2934736609488198));POINT(36.81301083679998 -1.281780986095967);a4;landscape;osm
2024-08-27 16:41:45.573 +0200;false;2024-08-27 16:02:25.009;5a54da1e-b951-4713-993d-24beba2c79cb;POLYGON((36.799037335737815 -1.2934736609488198,36.826984337862164 -1.2934736609488198,36.826984337862164 -1.2700882578517394,36.799037335737815 -1.2700882578517394,36.799037335737815 -1.2934736609488198));POINT(36.81301083679998 -1.281780986095967);a4;landscape;osm
2024-08-27 16:41:48.167 +0200;false;2024-08-27 16:02:25.009;5a54da1e-b951-4713-993d-24beba2c79cb;POLYGON((36.799037335737815 -1.2934736609488198,36.826984337862164 -1.2934736609488198,36.826984337862164 -1.2700882578517394,36.799037335737815 -1.2700882578517394,36.799037335737815 -1.2934736609488198));POINT(36.81301083679998 -1.281780986095967);a4;landscape;osm
2024-08-27 16:42:50.202 +0200;false;2024-08-27 16:02:25.009;5a54da1e-b951-4713-993d-24beba2c79cb;POLYGON((36.799037335737815 -1.2934736609488198,36.826984337862164 -1.2934736609488198,36.826984337862164 -1.2700882578517394,36.799037335737815 -1.2700882578517394,36.799037335737815 -1.2934736609488198));POINT(36.81301083679998 -1.281780986095967);a4;landscape;osm
2024-08-27 16:42:52.098 +0200;false;2024-08-27 16:02:25.009;5a54da1e-b951-4713-993d-24beba2c79cb;POLYGON((36.799037335737815 -1.2934736609488198,36.826984337862164 -1.2934736609488198,36.826984337862164 -1.2700882578517394,36.799037335737815 -1.2700882578517394,36.799037335737815 -1.2934736609488198));POINT(36.81301083679998 -1.281780986095967);a4;landscape;osm
2024-08-27 16:43:10.915 +0200;false;2024-08-27 16:02:25.009;5a54da1e-b951-4713-993d-24beba2c79cb;POLYGON((36.799037335737815 -1.2934736609488198,36.826984337862164 -1.2934736609488198,36.826984337862164 -1.2700882578517394,36.799037335737815 -1.2700882578517394,36.799037335737815 -1.2934736609488198));POINT(36.81301083679998 -1.281780986095967);a4;landscape;osm
2024-08-27 16:43:12.996 +0200;false;2024-08-27 16:02:25.009;5a54da1e-b951-4713-993d-24beba2c79cb;POLYGON((36.799037335737815 -1.2934736609488198,36.826984337862164 -1.2934736609488198,36.826984337862164 -1.2700882578517394,36.799037335737815 -1.2700882578517394,36.799037335737815 -1.2934736609488198));POINT(36.81301083679998 -1.281780986095967);a4;landscape;osm
2024-08-27 16:43:22.641 +0200;false;2024-08-27 16:02:25.009;5a54da1e-b951-4713-993d-24beba2c79cb;POLYGON((36.799037335737815 -1.2934736609488198,36.826984337862164 -1.2934736609488198,36.826984337862164 -1.2700882578517394,36.799037335737815 -1.2700882578517394,36.799037335737815 -1.2934736609488198));POINT(36.81301083679998 -1.281780986095967);a4;landscape;osm
2024-08-27 16:43:24.231 +0200;false;2024-08-27 16:02:25.009;5a54da1e-b951-4713-993d-24beba2c79cb;POLYGON((36.799037335737815 -1.2934736609488198,36.826984337862164 -1.2934736609488198,36.826984337862164 -1.2700882578517394,36.799037335737815 -1.2700882578517394,36.799037335737815 -1.2934736609488198));POINT(36.81301083679998 -1.281780986095967);a4;landscape;osm
2024-08-27 16:44:09.256 +0200;false;2024-08-27 16:02:25.009;5a54da1e-b951-4713-993d-24beba2c79cb;POLYGON((36.799037335737815 -1.2934736609488198,36.826984337862164 -1.2934736609488198,36.826984337862164 -1.2700882578517394,36.799037335737815 -1.2700882578517394,36.799037335737815 -1.2934736609488198));POINT(36.81301083679998 -1.281780986095967);a4;landscape;osm
2024-08-27 16:44:10.821 +0200;false;2024-08-27 16:02:25.009;5a54da1e-b951-4713-993d-24beba2c79cb;POLYGON((36.799037335737815 -1.2934736609488198,36.826984337862164 -1.2934736609488198,36.826984337862164 -1.2700882578517394,36.799037335737815 -1.2700882578517394,36.799037335737815 -1.2934736609488198));POINT(36.81301083679998 -1.281780986095967);a4;landscape;osm
2024-08-27 16:44:19.689 +0200;false;2024-08-27 16:02:25.009;5a54da1e-b951-4713-993d-24beba2c79cb;POLYGON((36.799037335737815 -1.2934736609488198,36.826984337862164 -1.2934736609488198,36.826984337862164 -1.2700882578517394,36.799037335737815 -1.2700882578517394,36.799037335737815 -1.2934736609488198));POINT(36.81301083679998 -1.281780986095967);a4;landscape;osm
2024-08-27 16:44:21.260 +0200;false;2024-08-27 16:02:25.009;5a54da1e-b951-4713-993d-24beba2c79cb;POLYGON((36.799037335737815 -1.2934736609488198,36.826984337862164 -1.2934736609488198,36.826984337862164 -1.2700882578517394,36.799037335737815 -1.2700882578517394,36.799037335737815 -1.2934736609488198));POINT(36.81301083679998 -1.281780986095967);a4;landscape;osm
2024-08-27 16:44:36.650 +0200;false;2024-08-27 16:02:25.009;5a54da1e-b951-4713-993d-24beba2c79cb;POLYGON((36.799037335737815 -1.2934736609488198,36.826984337862164 -1.2934736609488198,36.826984337862164 -1.2700882578517394,36.799037335737815 -1.2700882578517394,36.799037335737815 -1.2934736609488198));POINT(36.81301083679998 -1.281780986095967);a4;landscape;osm
2024-08-27 16:44:38.439 +0200;false;2024-08-27 16:02:25.009;5a54da1e-b951-4713-993d-24beba2c79cb;POLYGON((36.799037335737815 -1.2934736609488198,36.826984337862164 -1.2934736609488198,36.826984337862164 -1.2700882578517394,36.799037335737815 -1.2700882578517394,36.799037335737815 -1.2934736609488198));POINT(36.81301083679998 -1.281780986095967);a4;landscape;osm
2024-08-27 16:45:13.100 +0200;false;2024-08-27 16:02:25.009;5a54da1e-b951-4713-993d-24beba2c79cb;POLYGON((36.799037335737815 -1.2934736609488198,36.826984337862164 -1.2934736609488198,36.826984337862164 -1.2700882578517394,36.799037335737815 -1.2700882578517394,36.799037335737815 -1.2934736609488198));POINT(36.81301083679998 -1.281780986095967);a4;landscape;osm
2024-08-27 16:45:14.900 +0200;false;2024-08-27 16:02:25.009;5a54da1e-b951-4713-993d-24beba2c79cb;POLYGON((36.799037335737815 -1.2934736609488198,36.826984337862164 -1.2934736609488198,36.826984337862164 -1.2700882578517394,36.799037335737815 -1.2700882578517394,36.799037335737815 -1.2934736609488198));POINT(36.81301083679998 -1.281780986095967);a4;landscape;osm
2024-08-27 16:46:05.817 +0200;false;2024-08-27 16:02:25.009;5a54da1e-b951-4713-993d-24beba2c79cb;POLYGON((36.799037335737815 -1.2934736609488198,36.826984337862164 -1.2934736609488198,36.826984337862164 -1.2700882578517394,36.799037335737815 -1.2700882578517394,36.799037335737815 -1.2934736609488198));POINT(36.81301083679998 -1.281780986095967);a4;landscape;osm
2024-08-27 16:46:09.341 +0200;false;2024-08-27 16:02:25.009;5a54da1e-b951-4713-993d-24beba2c79cb;POLYGON((36.799037335737815 -1.2934736609488198,36.826984337862164 -1.2934736609488198,36.826984337862164 -1.2700882578517394,36.799037335737815 -1.2700882578517394,36.799037335737815 -1.2934736609488198));POINT(36.81301083679998 -1.281780986095967);a4;landscape;osm
2024-08-27 16:55:41.461 +0200;false;2024-08-27 16:02:25.009;5a54da1e-b951-4713-993d-24beba2c79cb;POLYGON((36.799037335737815 -1.2934736609488198,36.826984337862164 -1.2934736609488198,36.826984337862164 -1.2700882578517394,36.799037335737815 -1.2700882578517394,36.799037335737815 -1.2934736609488198));POINT(36.81301083679998 -1.281780986095967);a4;landscape;osm
2024-08-27 16:55:53.939 +0200;false;2024-08-27 16:02:25.009;5a54da1e-b951-4713-993d-24beba2c79cb;POLYGON((36.799037335737815 -1.2934736609488198,36.826984337862164 -1.2934736609488198,36.826984337862164 -1.2700882578517394,36.799037335737815 -1.2700882578517394,36.799037335737815 -1.2934736609488198));POINT(36.81301083679998 -1.281780986095967);a4;landscape;osm
2024-08-27 16:56:04.188 +0200;false;2024-08-27 16:02:25.009;5a54da1e-b951-4713-993d-24beba2c79cb;POLYGON((36.799037335737815 -1.2934736609488198,36.826984337862164 -1.2934736609488198,36.826984337862164 -1.2700882578517394,36.799037335737815 -1.2700882578517394,36.799037335737815 -1.2934736609488198));POINT(36.81301083679998 -1.281780986095967);a4;landscape;osm
2024-08-27 16:56:12.722 +0200;false;2024-08-27 16:02:25.009;5a54da1e-b951-4713-993d-24beba2c79cb;POLYGON((36.799037335737815 -1.2934736609488198,36.826984337862164 -1.2934736609488198,36.826984337862164 -1.2700882578517394,36.799037335737815 -1.2700882578517394,36.799037335737815 -1.2934736609488198));POINT(36.81301083679998 -1.281780986095967);a4;landscape;osm
2024-08-27 16:56:21.132 +0200;false;2024-08-27 16:02:25.009;5a54da1e-b951-4713-993d-24beba2c79cb;POLYGON((36.799037335737815 -1.2934736609488198,36.826984337862164 -1.2934736609488198,36.826984337862164 -1.2700882578517394,36.799037335737815 -1.2700882578517394,36.799037335737815 -1.2934736609488198));POINT(36.81301083679998 -1.281780986095967);a4;landscape;osm
2024-08-27 23:47:56.348 +0200;false;2024-08-27 23:47:00.619;dec924bb-8dde-4563-a589-9b25eb4788f4;POLYGON((-110.11024742434508 22.841818989726292,-109.51796415063454 22.841818989726292,-109.51796415063454 23.29792251343484,-110.11024742434508 23.29792251343484,-110.11024742434508 22.841818989726292));POINT(-109.81410578748978 23.070064055253283);a4;landscape;esri-world-imagery
2024-08-28 10:15:50.347 +0200;false;2024-08-28 10:12:59.025;b933d50b-e7e4-4e36-980a-943ef7daeedf;POLYGON((23.489040560738513 38.02977045243492,23.571897625916744 38.02977045243492,23.571897625916744 38.084377028739794,23.489040560738513 38.084377028739794,23.489040560738513 38.02977045243492));POINT(23.530469093327632 38.05707883364576);a4;landscape;osm
2024-08-28 11:39:10.759 +0200;false;2024-08-28 10:40:59.679;74e1934f-48d8-4629-8b29-1e87d1c35a6a;POLYGON((18.501110722562437 3.054848389700439,18.509082624733306 3.054848389700439,18.509082624733306 3.061511510049499,18.501110722562437 3.061511510049499,18.501110722562437 3.054848389700439));POINT(18.50509667364787 3.058179955049809);a4;landscape;osm
2024-08-28 12:27:51.061 +0200;false;2024-08-28 10:40:59.679;74e1934f-48d8-4629-8b29-1e87d1c35a6a;POLYGON((18.501110722562437 3.054848389700439,18.509082624733306 3.054848389700439,18.509082624733306 3.061511510049499,18.501110722562437 3.061511510049499,18.501110722562437 3.054848389700439));POINT(18.50509667364787 3.058179955049809);a4;landscape;osm
2024-08-28 13:58:34.350 +0200;false;2024-08-28 10:40:59.679;74e1934f-48d8-4629-8b29-1e87d1c35a6a;POLYGON((18.501110722562437 3.054848389700439,18.509082624733306 3.054848389700439,18.509082624733306 3.061511510049499,18.501110722562437 3.061511510049499,18.501110722562437 3.054848389700439));POINT(18.50509667364787 3.058179955049809);a4;landscape;osm
2024-08-28 14:09:23.752 +0200;false;2024-08-28 10:40:59.679;74e1934f-48d8-4629-8b29-1e87d1c35a6a;POLYGON((18.501110722562437 3.054848389700439,18.509082624733306 3.054848389700439,18.509082624733306 3.061511510049499,18.501110722562437 3.061511510049499,18.501110722562437 3.054848389700439));POINT(18.50509667364787 3.058179955049809);a4;landscape;osm
2024-08-28 15:26:08.183 +0200;false;2024-08-27 00:19:41.825;f1f4b0ac-31c6-4af8-8b2c-3c19fb5a9f5a;POLYGON((-43.07788785688286 -22.88659060710721,-43.07105466803517 -22.88659060710721,-43.07105466803517 -22.881435617127877,-43.07788785688286 -22.881435617127877,-43.07788785688286 -22.88659060710721));POINT(-43.074471262459014 -22.88401313658821);a1;landscape;esri-world-imagery
2024-08-28 16:52:54.838 +0200;true;2024-08-28 16:51:01.343;98b51aa1-a55a-492f-8a78-a04bc69340f8;POLYGON((81.04921560118137 26.77933648098295,81.05019828232358 26.77933648098295,81.05019828232358 26.7800707642169,81.04921560118137 26.7800707642169,81.04921560118137 26.77933648098295));POINT(81.04970694175249 26.779703623193598);a4;landscape;esri-world-imagery
2024-08-28 17:29:56.672 +0200;false;2024-08-27 16:02:25.009;5a54da1e-b951-4713-993d-24beba2c79cb;POLYGON((36.799037335737815 -1.2934736609488198,36.826984337862164 -1.2934736609488198,36.826984337862164 -1.2700882578517394,36.799037335737815 -1.2700882578517394,36.799037335737815 -1.2934736609488198));POINT(36.81301083679998 -1.281780986095967);a4;landscape;osm
2024-08-29 06:07:01.239 +0200;false;2024-08-29 06:03:21.698;cf3fe026-a37f-47e5-b4fd-b7b200a7b26e;POLYGON((122.4180751177312 11.639661171207464,122.44061449480823 11.639661171207464,122.44061449480823 11.658138170969522,122.4180751177312 11.658138170969522,122.4180751177312 11.639661171207464));POINT(122.42934480626974 11.648899824640282);a4;landscape;osm
2024-08-29 07:52:57.418 +0200;true;2024-08-28 16:51:01.343;98b51aa1-a55a-492f-8a78-a04bc69340f8;POLYGON((81.04921560118137 26.77933648098295,81.05019828232358 26.77933648098295,81.05019828232358 26.7800707642169,81.04921560118137 26.7800707642169,81.04921560118137 26.77933648098295));POINT(81.04970694175249 26.779703623193598);a4;landscape;esri-world-imagery
2024-08-29 08:06:15.746 +0200;false;2024-08-28 16:49:45.659;732108dd-6765-40c6-8b10-e5f2f527f89b;POLYGON((81.04936257943604 26.77932720758814,81.05026774802688 26.77932720758814,81.05026774802688 26.780292679526,81.04936257943604 26.780292679526,81.04936257943604 26.77932720758814));POINT(81.04981516373145 26.77980994458342);a4;portrait;esri-world-imagery
2024-08-29 13:25:08.025 +0200;true;2024-08-29 13:21:20.032;4630e8c8-27d2-49d4-b3cd-8136824d5d3b;POLYGON((120.57350970481924 15.664598883231548,120.57494144952071 15.664598883231548,120.57494144952071 15.665888576101366,120.57350970481924 15.665888576101366,120.57350970481924 15.664598883231548));POINT(120.57422557716997 15.665243730684097);letter;landscape;osm
2024-08-29 21:55:46.750 +0200;false;2024-08-27 00:34:10.011;450c7724-1444-416a-a101-efa34316d733;POLYGON((-75.4407001055494 5.026705512294043,-75.41851019036609 5.026705512294043,-75.41851019036609 5.044424821496747,-75.4407001055494 5.044424821496747,-75.4407001055494 5.026705512294043));POINT(-75.42960514795774 5.035565227252263);a2;landscape;osm
2024-08-29 22:04:21.636 +0200;true;2024-08-29 21:56:15.536;5e4946e5-0694-4634-b6cd-d9e9a519fb4d;POLYGON((-72.8978919452007 11.54864071569699,-72.86961300886374 11.54864071569699,-72.86961300886374 11.571830716829055,-72.8978919452007 11.571830716829055,-72.8978919452007 11.54864071569699));POINT(-72.88375247703222 11.560235956247311);a4;landscape;osm
2024-08-31 10:56:32.427 +0200;true;2024-08-31 09:34:04.098;bfd02e67-a58f-45c4-8b6b-dae2896c4baa;POLYGON((120.57442176928515 15.66642837424287,120.57710793127617 15.66642837424287,120.57710793127617 15.668391182158175,120.57442176928515 15.668391182158175,120.57442176928515 15.66642837424287));POINT(120.57576485028066 15.667409780557932);tabloid;landscape;osm
2024-08-31 11:14:45.495 +0200;true;2024-08-31 11:12:16.868;622c12b1-ad27-4546-a456-0d2a8081456f;POLYGON((102.57153196527659 2.5822706919786356,102.5775788783966 2.5822706919786356,102.5775788783966 2.5894878688527,102.57153196527659 2.5894878688527,102.57153196527659 2.5822706919786356));POINT(102.57455542183659 2.5858792855478754);a4;portrait;esri-world-imagery
2024-09-02 08:47:11.716 +0200;false;2024-09-02 08:23:53.357;4dbc68fc-2381-4fef-8124-3e00ead8fbf4;POLYGON((85.30479629893613 27.69120088524066,85.3180892989753 27.69120088524066,85.3180892989753 27.701052484343307,85.30479629893613 27.701052484343307,85.30479629893613 27.69120088524066));POINT(85.31144279895571 27.69612679593915);a4;landscape;osm
2024-09-03 19:04:00.597 +0200;true;2024-09-03 18:49:27.756;4174b974-b2eb-4b70-bc03-3e20d5e233be;POLYGON((-72.90678241619968 11.53916992154845,-72.88294146539357 11.53916992154845,-72.88294146539357 11.558721082531463,-72.90678241619968 11.558721082531463,-72.90678241619968 11.53916992154845));POINT(-72.89486194079662 11.548945672448099);a4;landscape;esri-world-imagery
2024-09-03 19:21:26.455 +0200;true;2024-09-03 18:56:48.907;a4aea119-947c-4fe0-8d28-97bc0dbcfd2f;POLYGON((-72.90457150507069 11.540654544476041,-72.88435301351362 11.540654544476041,-72.88435301351362 11.55723504867062,-72.90457150507069 11.55723504867062,-72.90457150507069 11.540654544476041));POINT(-72.89446225929217 11.548944919131017);a4;landscape;osm
2024-09-04 14:17:59.470 +0200;false;2024-09-04 14:16:41.267;0b9f79fc-a4f8-45af-9d6d-7ff7a7bcaccf;POLYGON((-5.0524464508952445 34.00630243220358,-5.041206864815446 34.00630243220358,-5.041206864815446 34.014100858823625,-5.0524464508952445 34.014100858823625,-5.0524464508952445 34.00630243220358));POINT(-5.046826657855346 34.01020173504092);a4;landscape;osm
2024-09-05 11:52:16.692 +0200;false;2024-09-05 11:28:43.404;d211ec41-e9eb-49d2-bb7a-ef63f93101bf;POLYGON((-75.65999109544892 4.469074257162944,-75.3600108503817 4.469074257162944,-75.3600108503817 4.719355947613764,-75.65999109544892 4.719355947613764,-75.65999109544892 4.469074257162944));POINT(-75.51000097291531 4.594226084029884);a4;landscape;osm
2024-09-05 14:22:32.525 +0200;true;2024-09-05 14:20:04.778;1d1c69ca-7d19-441c-af42-3a726ad8aba0;POLYGON((118.7967306347972 32.02804428633404,118.89211576972964 32.02804428633404,118.89211576972964 32.09570589902678,118.7967306347972 32.09570589902678,118.7967306347972 32.02804428633404));POINT(118.84442320226341 32.06188134879156);a4;landscape;osm
2024-09-06 05:57:09.632 +0200;false;2024-09-06 05:54:13.165;78ae74c4-3a5f-417f-87a6-bfddb0d450ab;POLYGON((123.62319435027176 13.292336689128433,123.75774812783028 13.292336689128433,123.75774812783028 13.401918512340814,123.62319435027176 13.401918512340814,123.62319435027176 13.292336689128433));POINT(123.69047123905102 13.347133816385963);a4;landscape;osm
2024-09-06 08:04:30.481 +0200;false;2024-09-06 07:57:33.195;773c7d56-4e16-4153-a4a6-4e2e34a4aa66;POLYGON((120.959355560803 14.656378068319015,120.96391314889837 14.656378068319015,120.96391314889837 14.660068665571359,120.959355560803 14.660068665571359,120.959355560803 14.656378068319015));POINT(120.96163435485067 14.658223374717693);a4;landscape;osm
2024-09-08 10:44:18.342 +0200;false;2024-09-06 08:17:26.789;5dfa9c21-ec8c-4dcc-8137-0ac437854a7a;POLYGON((16.369141759975253 48.19840596636672,16.372710620515047 48.19840596636672,16.372710620515047 48.20039708436616,16.369141759975253 48.20039708436616,16.369141759975253 48.19840596636672));POINT(16.37092619024515 48.199401535039954);a4;landscape;osm
2024-09-09 04:53:02.255 +0200;true;2024-09-09 04:49:56.543;6550fb37-9a62-483e-b842-4ca630fa7a6c;POLYGON((123.69641991625515 10.148665894430138,123.69837353228024 10.148665894430138,123.69837353228024 10.150721498766401,123.69641991625515 10.150721498766401,123.69641991625515 10.148665894430138));POINT(123.6973967242677 10.149693698248626);letter;portrait;esri-world-imagery
2024-09-09 05:15:30.136 +0200;false;2024-09-09 05:13:42.053;b2123bff-a223-4bde-913e-bc66b15344ab;POLYGON((118.75611535928394 32.016076645233866,118.92200739765438 32.016076645233866,118.92200739765438 32.133735661777294,118.75611535928394 32.133735661777294,118.75611535928394 32.016076645233866));POINT(118.83906137846917 32.074925080858876);a4;landscape;osm
2024-09-09 15:27:04.040 +0200;true;2024-09-09 15:14:52.577;cf8c96c1-72f6-4ee2-9beb-d9d51b495d2d;POLYGON((120.59444928846999 16.396922074516127,120.60571055264735 16.396922074516127,120.60571055264735 16.409828604214198,120.59444928846999 16.409828604214198,120.59444928846999 16.396922074516127));POINT(120.60007992055868 16.40337544634812);a4;portrait;osm
2024-09-09 15:30:31.378 +0200;true;2024-09-09 15:14:52.577;cf8c96c1-72f6-4ee2-9beb-d9d51b495d2d;POLYGON((120.59444928846999 16.396922074516127,120.60571055264735 16.396922074516127,120.60571055264735 16.409828604214198,120.59444928846999 16.409828604214198,120.59444928846999 16.396922074516127));POINT(120.60007992055868 16.40337544634812);a4;portrait;osm
2024-09-09 18:12:35.301 +0200;true;2024-09-04 09:49:01.608;9418a445-5653-4eee-9c7f-6c9a45c880f3;POLYGON((-81.77454110395223 12.473451596306191,-81.65382458987598 12.473451596306191,-81.65382458987598 12.614237431392809,-81.77454110395223 12.614237431392809,-81.77454110395223 12.473451596306191));POINT(-81.71418284691411 12.543854135088282);a4;portrait;osm
2024-09-09 18:25:59.778 +0200;true;2024-09-05 11:34:39.118;c3e61d7f-4ac9-4422-82f8-8eed9db0ade4;POLYGON((-75.58046240792596 4.631188161394988,-75.56558150303256 4.631188161394988,-75.56558150303256 4.643602960292597,-75.58046240792596 4.643602960292597,-75.58046240792596 4.631188161394988));POINT(-75.57302195547926 4.637395588119006);a4;landscape;osm
2024-09-09 19:13:21.349 +0200;true;2024-09-04 09:49:01.608;9418a445-5653-4eee-9c7f-6c9a45c880f3;POLYGON((-81.77454110395223 12.473451596306191,-81.65382458987598 12.473451596306191,-81.65382458987598 12.614237431392809,-81.77454110395223 12.614237431392809,-81.77454110395223 12.473451596306191));POINT(-81.71418284691411 12.543854135088282);a4;portrait;osm
2024-09-09 19:15:25.779 +0200;true;2024-09-05 11:28:43.404;d211ec41-e9eb-49d2-bb7a-ef63f93101bf;POLYGON((-75.65999109544892 4.469074257162944,-75.3600108503817 4.469074257162944,-75.3600108503817 4.719355947613764,-75.65999109544892 4.719355947613764,-75.65999109544892 4.469074257162944));POINT(-75.51000097291531 4.594226084029884);a4;landscape;osm
2024-09-09 21:42:00.913 +0200;false;2024-09-09 21:39:12.744;1af15f00-72d1-4ceb-becd-9731eac22e1e;POLYGON((36.84141677602965 -1.289115114288748,36.84307560115892 -1.289115114288748,36.84307560115892 -1.2877270302442554,36.84141677602965 -1.2877270302442554,36.84141677602965 -1.289115114288748));POINT(36.84224618859429 -1.2884210723610323);a4;landscape;osm
2024-09-10 13:54:06.156 +0200;false;2024-09-06 15:38:13.088;9802890c-0c43-4b7f-9600-a8ed8d0b3b0d;POLYGON((-43.10882137752571 -22.889489173507613,-43.1061261033437 -22.889489173507613,-43.1061261033437 -22.88745591272324,-43.10882137752571 -22.88745591272324,-43.10882137752571 -22.889489173507613));POINT(-43.1074737404347 -22.888472546923197);a1;landscape;esri-world-imagery
2024-09-10 20:59:02.694 +0200;false;2024-09-09 13:40:18.473;3a44f697-3059-4c41-b83a-36c014a16d32;POLYGON((37.06871907600629 0.01575244991387592,37.07732606143714 0.01575244991387592,37.07732606143714 0.022956416314855232,37.06871907600629 0.022956416314855232,37.06871907600629 0.01575244991387592));POINT(37.07302256872171 0.019354433152614092);a4;landscape;osm
2024-09-10 20:59:02.888 +0200;true;2024-09-05 23:18:23.795;c36c0e50-e32e-4ee0-9efa-01df90ddf2f4;POLYGON((-76.99070272591777 0.26068588911731183,-76.93507962247432 0.26068588911731183,-76.93507962247432 0.30623250092403964,-76.99070272591777 0.30623250092403964,-76.99070272591777 0.26068588911731183));POINT(-76.96289117419605 0.2834592174115613);a1;landscape;esri-world-imagery
2024-09-10 21:16:39.752 +0200;true;2024-09-05 23:18:23.795;c36c0e50-e32e-4ee0-9efa-01df90ddf2f4;POLYGON((-76.99070272591777 0.26068588911731183,-76.93507962247432 0.26068588911731183,-76.93507962247432 0.30623250092403964,-76.99070272591777 0.30623250092403964,-76.99070272591777 0.26068588911731183));POINT(-76.96289117419605 0.2834592174115613);a1;landscape;esri-world-imagery
2024-09-10 21:37:23.720 +0200;true;2024-09-05 23:18:23.795;c36c0e50-e32e-4ee0-9efa-01df90ddf2f4;POLYGON((-76.99070272591777 0.26068588911731183,-76.93507962247432 0.26068588911731183,-76.93507962247432 0.30623250092403964,-76.99070272591777 0.30623250092403964,-76.99070272591777 0.26068588911731183));POINT(-76.96289117419605 0.2834592174115613);a1;landscape;esri-world-imagery
2024-09-10 21:44:58.923 +0200;true;2024-09-05 23:18:23.795;c36c0e50-e32e-4ee0-9efa-01df90ddf2f4;POLYGON((-76.99070272591777 0.26068588911731183,-76.93507962247432 0.26068588911731183,-76.93507962247432 0.30623250092403964,-76.99070272591777 0.30623250092403964,-76.99070272591777 0.26068588911731183));POINT(-76.96289117419605 0.2834592174115613);a1;landscape;esri-world-imagery
2024-09-10 21:47:28.754 +0200;true;2024-09-06 21:27:55.902;763ba4f8-13b5-4bae-8a1b-e31de52ccda6;POLYGON((-75.70726812340808 4.782636018021023,-75.6929102848523 4.782636018021023,-75.6929102848523 4.796021362129579,-75.70726812340808 4.796021362129579,-75.70726812340808 4.782636018021023));POINT(-75.7000892041302 4.789328722825331);letter;landscape;esri-world-imagery
2024-09-10 21:47:29.193 +0200;true;2024-09-06 21:27:55.902;763ba4f8-13b5-4bae-8a1b-e31de52ccda6;POLYGON((-75.70726812340808 4.782636018021023,-75.6929102848523 4.782636018021023,-75.6929102848523 4.796021362129579,-75.70726812340808 4.796021362129579,-75.70726812340808 4.782636018021023));POINT(-75.7000892041302 4.789328722825331);letter;landscape;esri-world-imagery
2024-09-10 21:49:59.860 +0200;false;2024-09-09 23:44:23.132;074eb695-545a-49cf-bce5-d94a267b57ad;POLYGON((-75.62873436697646 4.8752126640309115,-75.62656483504222 4.8752126640309115,-75.62656483504222 4.877234969213816,-75.62873436697646 4.877234969213816,-75.62873436697646 4.8752126640309115));POINT(-75.62764960100934 4.8762238173835755);letter;landscape;esri-world-imagery
2024-09-10 21:52:46.657 +0200;false;2024-09-10 20:32:03.924;0479c29b-4348-45c5-804c-37d2b144e6a8;POLYGON((-75.69730438814332 4.864581406629512,-75.68796359259497 4.864581406629512,-75.68796359259497 4.872371529439647,-75.69730438814332 4.872371529439647,-75.69730438814332 4.864581406629512));POINT(-75.69263399036915 4.868476479311582);letter;landscape;osm
2024-09-10 21:53:15.639 +0200;true;2024-09-06 21:35:10.033;39ce9717-3813-4024-b053-43028ee54390;POLYGON((-75.73866149968418 4.82228112192827,-75.73557233891384 4.82228112192827,-75.73557233891384 4.825160900303416,-75.73866149968418 4.825160900303416,-75.73866149968418 4.82228112192827));POINT(-75.73711691929901 4.823721012642679);letter;landscape;osm
2024-09-10 21:53:22.773 +0200;true;2024-09-09 20:16:09.360;8296b324-f5c6-48d3-885b-b4651a31397b;POLYGON((-75.69735027907518 4.808059595473566,-75.69182139918345 4.808059595473566,-75.69182139918345 4.813213828728308,-75.69735027907518 4.813213828728308,-75.69735027907518 4.808059595473566));POINT(-75.69458583912932 4.810636716978664);letter;landscape;esri-world-imagery
2024-09-10 22:55:00.040 +0200;false;2024-09-06 21:29:22.372;dd647d43-b2f0-4fa1-9f5b-a8808249af96;POLYGON((-75.73858980224459 4.82139315085081,-75.73576724967606 4.82139315085081,-75.73576724967606 4.824024411905242,-75.73858980224459 4.824024411905242,-75.73858980224459 4.82139315085081));POINT(-75.73717852596032 4.822708782652441);letter;landscape;osm
2024-09-11 09:10:20.735 +0200;false;2024-08-26 17:54:57.308;28f67c40-0cbd-4685-b887-235144a44787;POLYGON((8.486142323179887 49.40539242716832,8.539769989750686 49.40539242716832,8.539769989750686 49.433958194088774,8.486142323179887 49.433958194088774,8.486142323179887 49.40539242716832));POINT(8.512956156465286 49.419677389117254);a1;landscape;osm
2024-09-11 09:10:22.518 +0200;false;2024-08-26 17:54:57.308;28f67c40-0cbd-4685-b887-235144a44787;POLYGON((8.486142323179887 49.40539242716832,8.539769989750686 49.40539242716832,8.539769989750686 49.433958194088774,8.486142323179887 49.433958194088774,8.486142323179887 49.40539242716832));POINT(8.512956156465286 49.419677389117254);a1;landscape;osm
2024-09-11 09:10:24.175 +0200;false;2024-08-26 17:54:57.308;28f67c40-0cbd-4685-b887-235144a44787;POLYGON((8.486142323179887 49.40539242716832,8.539769989750686 49.40539242716832,8.539769989750686 49.433958194088774,8.486142323179887 49.433958194088774,8.486142323179887 49.40539242716832));POINT(8.512956156465286 49.419677389117254);a1;landscape;osm
2024-09-11 09:10:25.868 +0200;false;2024-08-26 17:54:57.308;28f67c40-0cbd-4685-b887-235144a44787;POLYGON((8.486142323179887 49.40539242716832,8.539769989750686 49.40539242716832,8.539769989750686 49.433958194088774,8.486142323179887 49.433958194088774,8.486142323179887 49.40539242716832));POINT(8.512956156465286 49.419677389117254);a1;landscape;osm
2024-09-11 09:10:27.773 +0200;false;2024-08-26 17:54:57.308;28f67c40-0cbd-4685-b887-235144a44787;POLYGON((8.486142323179887 49.40539242716832,8.539769989750686 49.40539242716832,8.539769989750686 49.433958194088774,8.486142323179887 49.433958194088774,8.486142323179887 49.40539242716832));POINT(8.512956156465286 49.419677389117254);a1;landscape;osm
2024-09-11 09:10:29.389 +0200;false;2024-08-26 17:54:57.308;28f67c40-0cbd-4685-b887-235144a44787;POLYGON((8.486142323179887 49.40539242716832,8.539769989750686 49.40539242716832,8.539769989750686 49.433958194088774,8.486142323179887 49.433958194088774,8.486142323179887 49.40539242716832));POINT(8.512956156465286 49.419677389117254);a1;landscape;osm
2024-09-11 09:10:31.222 +0200;false;2024-08-26 17:54:57.308;28f67c40-0cbd-4685-b887-235144a44787;POLYGON((8.486142323179887 49.40539242716832,8.539769989750686 49.40539242716832,8.539769989750686 49.433958194088774,8.486142323179887 49.433958194088774,8.486142323179887 49.40539242716832));POINT(8.512956156465286 49.419677389117254);a1;landscape;osm
2024-09-11 09:10:34.416 +0200;false;2024-08-26 17:54:57.308;28f67c40-0cbd-4685-b887-235144a44787;POLYGON((8.486142323179887 49.40539242716832,8.539769989750686 49.40539242716832,8.539769989750686 49.433958194088774,8.486142323179887 49.433958194088774,8.486142323179887 49.40539242716832));POINT(8.512956156465286 49.419677389117254);a1;landscape;osm
2024-09-11 09:10:36.497 +0200;false;2024-08-26 17:54:57.308;28f67c40-0cbd-4685-b887-235144a44787;POLYGON((8.486142323179887 49.40539242716832,8.539769989750686 49.40539242716832,8.539769989750686 49.433958194088774,8.486142323179887 49.433958194088774,8.486142323179887 49.40539242716832));POINT(8.512956156465286 49.419677389117254);a1;landscape;osm
2024-09-11 09:10:38.155 +0200;false;2024-08-26 17:54:57.308;28f67c40-0cbd-4685-b887-235144a44787;POLYGON((8.486142323179887 49.40539242716832,8.539769989750686 49.40539242716832,8.539769989750686 49.433958194088774,8.486142323179887 49.433958194088774,8.486142323179887 49.40539242716832));POINT(8.512956156465286 49.419677389117254);a1;landscape;osm
2024-09-11 09:10:39.830 +0200;false;2024-08-26 17:54:57.308;28f67c40-0cbd-4685-b887-235144a44787;POLYGON((8.486142323179887 49.40539242716832,8.539769989750686 49.40539242716832,8.539769989750686 49.433958194088774,8.486142323179887 49.433958194088774,8.486142323179887 49.40539242716832));POINT(8.512956156465286 49.419677389117254);a1;landscape;osm
2024-09-11 09:10:47.745 +0200;false;2024-08-26 16:50:58.322;aa71aa03-d5ae-4860-87e0-caed4e320b3e;POLYGON((8.412047724212405 49.50495556114282,8.429697476012887 49.50495556114282,8.429697476012887 49.51454779019676,8.412047724212405 49.51454779019676,8.412047724212405 49.50495556114282));POINT(8.420872600112645 49.50975191078311);a4;landscape;esri-world-imagery
2024-09-11 09:11:17.948 +0200;false;2024-08-26 16:50:58.322;aa71aa03-d5ae-4860-87e0-caed4e320b3e;POLYGON((8.412047724212405 49.50495556114282,8.429697476012887 49.50495556114282,8.429697476012887 49.51454779019676,8.412047724212405 49.51454779019676,8.412047724212405 49.50495556114282));POINT(8.420872600112645 49.50975191078311);a4;landscape;esri-world-imagery
2024-09-11 09:12:19.457 +0200;false;2024-08-26 16:50:58.322;aa71aa03-d5ae-4860-87e0-caed4e320b3e;POLYGON((8.412047724212405 49.50495556114282,8.429697476012887 49.50495556114282,8.429697476012887 49.51454779019676,8.412047724212405 49.51454779019676,8.412047724212405 49.50495556114282));POINT(8.420872600112645 49.50975191078311);a4;landscape;esri-world-imagery
2024-09-11 09:34:42.043 +0200;false;2024-08-26 16:50:58.322;aa71aa03-d5ae-4860-87e0-caed4e320b3e;POLYGON((8.412047724212405 49.50495556114282,8.429697476012887 49.50495556114282,8.429697476012887 49.51454779019676,8.412047724212405 49.51454779019676,8.412047724212405 49.50495556114282));POINT(8.420872600112645 49.50975191078311);a4;landscape;esri-world-imagery
2024-09-11 09:34:43.273 +0200;false;2024-08-26 16:50:58.322;aa71aa03-d5ae-4860-87e0-caed4e320b3e;POLYGON((8.412047724212405 49.50495556114282,8.429697476012887 49.50495556114282,8.429697476012887 49.51454779019676,8.412047724212405 49.51454779019676,8.412047724212405 49.50495556114282));POINT(8.420872600112645 49.50975191078311);a4;landscape;esri-world-imagery
2024-09-11 09:34:44.437 +0200;false;2024-08-26 16:50:58.322;aa71aa03-d5ae-4860-87e0-caed4e320b3e;POLYGON((8.412047724212405 49.50495556114282,8.429697476012887 49.50495556114282,8.429697476012887 49.51454779019676,8.412047724212405 49.51454779019676,8.412047724212405 49.50495556114282));POINT(8.420872600112645 49.50975191078311);a4;landscape;esri-world-imagery
2024-09-11 09:34:45.832 +0200;false;2024-08-26 16:50:58.322;aa71aa03-d5ae-4860-87e0-caed4e320b3e;POLYGON((8.412047724212405 49.50495556114282,8.429697476012887 49.50495556114282,8.429697476012887 49.51454779019676,8.412047724212405 49.51454779019676,8.412047724212405 49.50495556114282));POINT(8.420872600112645 49.50975191078311);a4;landscape;esri-world-imagery
2024-09-11 09:34:47.008 +0200;false;2024-08-26 16:50:58.322;aa71aa03-d5ae-4860-87e0-caed4e320b3e;POLYGON((8.412047724212405 49.50495556114282,8.429697476012887 49.50495556114282,8.429697476012887 49.51454779019676,8.412047724212405 49.51454779019676,8.412047724212405 49.50495556114282));POINT(8.420872600112645 49.50975191078311);a4;landscape;esri-world-imagery
2024-09-11 09:34:48.140 +0200;false;2024-08-26 16:50:58.322;aa71aa03-d5ae-4860-87e0-caed4e320b3e;POLYGON((8.412047724212405 49.50495556114282,8.429697476012887 49.50495556114282,8.429697476012887 49.51454779019676,8.412047724212405 49.51454779019676,8.412047724212405 49.50495556114282));POINT(8.420872600112645 49.50975191078311);a4;landscape;esri-world-imagery
2024-09-11 09:34:49.689 +0200;false;2024-08-26 16:50:58.322;aa71aa03-d5ae-4860-87e0-caed4e320b3e;POLYGON((8.412047724212405 49.50495556114282,8.429697476012887 49.50495556114282,8.429697476012887 49.51454779019676,8.412047724212405 49.51454779019676,8.412047724212405 49.50495556114282));POINT(8.420872600112645 49.50975191078311);a4;landscape;esri-world-imagery
2024-09-11 09:34:51.028 +0200;false;2024-08-26 16:50:58.322;aa71aa03-d5ae-4860-87e0-caed4e320b3e;POLYGON((8.412047724212405 49.50495556114282,8.429697476012887 49.50495556114282,8.429697476012887 49.51454779019676,8.412047724212405 49.51454779019676,8.412047724212405 49.50495556114282));POINT(8.420872600112645 49.50975191078311);a4;landscape;esri-world-imagery
2024-09-11 09:34:52.818 +0200;false;2024-08-26 16:50:58.322;aa71aa03-d5ae-4860-87e0-caed4e320b3e;POLYGON((8.412047724212405 49.50495556114282,8.429697476012887 49.50495556114282,8.429697476012887 49.51454779019676,8.412047724212405 49.51454779019676,8.412047724212405 49.50495556114282));POINT(8.420872600112645 49.50975191078311);a4;landscape;esri-world-imagery
2024-09-11 09:34:53.984 +0200;false;2024-08-26 16:50:58.322;aa71aa03-d5ae-4860-87e0-caed4e320b3e;POLYGON((8.412047724212405 49.50495556114282,8.429697476012887 49.50495556114282,8.429697476012887 49.51454779019676,8.412047724212405 49.51454779019676,8.412047724212405 49.50495556114282));POINT(8.420872600112645 49.50975191078311);a4;landscape;esri-world-imagery
2024-09-11 09:34:55.198 +0200;false;2024-08-26 16:50:58.322;aa71aa03-d5ae-4860-87e0-caed4e320b3e;POLYGON((8.412047724212405 49.50495556114282,8.429697476012887 49.50495556114282,8.429697476012887 49.51454779019676,8.412047724212405 49.51454779019676,8.412047724212405 49.50495556114282));POINT(8.420872600112645 49.50975191078311);a4;landscape;esri-world-imagery
2024-09-11 09:34:56.390 +0200;false;2024-08-26 16:50:58.322;aa71aa03-d5ae-4860-87e0-caed4e320b3e;POLYGON((8.412047724212405 49.50495556114282,8.429697476012887 49.50495556114282,8.429697476012887 49.51454779019676,8.412047724212405 49.51454779019676,8.412047724212405 49.50495556114282));POINT(8.420872600112645 49.50975191078311);a4;landscape;esri-world-imagery
2024-09-11 09:35:05.977 +0200;false;2024-08-26 17:54:57.308;28f67c40-0cbd-4685-b887-235144a44787;POLYGON((8.486142323179887 49.40539242716832,8.539769989750686 49.40539242716832,8.539769989750686 49.433958194088774,8.486142323179887 49.433958194088774,8.486142323179887 49.40539242716832));POINT(8.512956156465286 49.419677389117254);a1;landscape;osm
2024-09-11 09:35:07.840 +0200;false;2024-08-26 17:54:57.308;28f67c40-0cbd-4685-b887-235144a44787;POLYGON((8.486142323179887 49.40539242716832,8.539769989750686 49.40539242716832,8.539769989750686 49.433958194088774,8.486142323179887 49.433958194088774,8.486142323179887 49.40539242716832));POINT(8.512956156465286 49.419677389117254);a1;landscape;osm
2024-09-11 09:35:10.044 +0200;false;2024-08-26 17:54:57.308;28f67c40-0cbd-4685-b887-235144a44787;POLYGON((8.486142323179887 49.40539242716832,8.539769989750686 49.40539242716832,8.539769989750686 49.433958194088774,8.486142323179887 49.433958194088774,8.486142323179887 49.40539242716832));POINT(8.512956156465286 49.419677389117254);a1;landscape;osm
2024-09-11 09:35:13.805 +0200;false;2024-08-26 17:54:57.308;28f67c40-0cbd-4685-b887-235144a44787;POLYGON((8.486142323179887 49.40539242716832,8.539769989750686 49.40539242716832,8.539769989750686 49.433958194088774,8.486142323179887 49.433958194088774,8.486142323179887 49.40539242716832));POINT(8.512956156465286 49.419677389117254);a1;landscape;osm
2024-09-11 09:35:15.635 +0200;false;2024-08-26 17:54:57.308;28f67c40-0cbd-4685-b887-235144a44787;POLYGON((8.486142323179887 49.40539242716832,8.539769989750686 49.40539242716832,8.539769989750686 49.433958194088774,8.486142323179887 49.433958194088774,8.486142323179887 49.40539242716832));POINT(8.512956156465286 49.419677389117254);a1;landscape;osm
2024-09-11 09:35:17.731 +0200;false;2024-08-26 17:54:57.308;28f67c40-0cbd-4685-b887-235144a44787;POLYGON((8.486142323179887 49.40539242716832,8.539769989750686 49.40539242716832,8.539769989750686 49.433958194088774,8.486142323179887 49.433958194088774,8.486142323179887 49.40539242716832));POINT(8.512956156465286 49.419677389117254);a1;landscape;osm
2024-09-11 09:35:19.528 +0200;false;2024-08-26 17:54:57.308;28f67c40-0cbd-4685-b887-235144a44787;POLYGON((8.486142323179887 49.40539242716832,8.539769989750686 49.40539242716832,8.539769989750686 49.433958194088774,8.486142323179887 49.433958194088774,8.486142323179887 49.40539242716832));POINT(8.512956156465286 49.419677389117254);a1;landscape;osm
2024-09-11 09:35:21.974 +0200;false;2024-08-26 17:54:57.308;28f67c40-0cbd-4685-b887-235144a44787;POLYGON((8.486142323179887 49.40539242716832,8.539769989750686 49.40539242716832,8.539769989750686 49.433958194088774,8.486142323179887 49.433958194088774,8.486142323179887 49.40539242716832));POINT(8.512956156465286 49.419677389117254);a1;landscape;osm
2024-09-11 09:35:23.863 +0200;false;2024-08-26 17:54:57.308;28f67c40-0cbd-4685-b887-235144a44787;POLYGON((8.486142323179887 49.40539242716832,8.539769989750686 49.40539242716832,8.539769989750686 49.433958194088774,8.486142323179887 49.433958194088774,8.486142323179887 49.40539242716832));POINT(8.512956156465286 49.419677389117254);a1;landscape;osm
2024-09-11 09:35:25.558 +0200;false;2024-08-26 17:54:57.308;28f67c40-0cbd-4685-b887-235144a44787;POLYGON((8.486142323179887 49.40539242716832,8.539769989750686 49.40539242716832,8.539769989750686 49.433958194088774,8.486142323179887 49.433958194088774,8.486142323179887 49.40539242716832));POINT(8.512956156465286 49.419677389117254);a1;landscape;osm
2024-09-11 09:35:28.795 +0200;false;2024-08-26 17:54:57.308;28f67c40-0cbd-4685-b887-235144a44787;POLYGON((8.486142323179887 49.40539242716832,8.539769989750686 49.40539242716832,8.539769989750686 49.433958194088774,8.486142323179887 49.433958194088774,8.486142323179887 49.40539242716832));POINT(8.512956156465286 49.419677389117254);a1;landscape;osm
2024-09-11 14:03:48.241 +0200;false;2024-09-09 13:40:18.473;3a44f697-3059-4c41-b83a-36c014a16d32;POLYGON((37.06871907600629 0.01575244991387592,37.07732606143714 0.01575244991387592,37.07732606143714 0.022956416314855232,37.06871907600629 0.022956416314855232,37.06871907600629 0.01575244991387592));POINT(37.07302256872171 0.019354433152614092);a4;landscape;osm
2024-09-12 19:39:57.532 +0200;true;2024-09-02 20:29:13.530;1c700ffb-c94f-4d9f-a714-355769f27791;POLYGON((-73.14243580108203 11.367116872946156,-73.04497310949591 11.367116872946156,-73.04497310949591 11.445348300237043,-73.14243580108203 11.445348300237043,-73.14243580108203 11.367116872946156));POINT(-73.09370445528897 11.406235280361187);a1;landscape;osm
2024-09-12 19:40:22.732 +0200;true;2024-09-02 20:29:13.530;1c700ffb-c94f-4d9f-a714-355769f27791;POLYGON((-73.14243580108203 11.367116872946156,-73.04497310949591 11.367116872946156,-73.04497310949591 11.445348300237043,-73.14243580108203 11.445348300237043,-73.14243580108203 11.367116872946156));POINT(-73.09370445528897 11.406235280361187);a1;landscape;osm
2024-09-12 23:30:58.585 +0200;false;2024-09-06 15:38:13.088;9802890c-0c43-4b7f-9600-a8ed8d0b3b0d;POLYGON((-43.10882137752571 -22.889489173507613,-43.1061261033437 -22.889489173507613,-43.1061261033437 -22.88745591272324,-43.10882137752571 -22.88745591272324,-43.10882137752571 -22.889489173507613));POINT(-43.1074737404347 -22.888472546923197);a1;landscape;esri-world-imagery
2024-09-13 00:49:17.469 +0200;true;2024-09-02 20:29:13.530;1c700ffb-c94f-4d9f-a714-355769f27791;POLYGON((-73.14243580108203 11.367116872946156,-73.04497310949591 11.367116872946156,-73.04497310949591 11.445348300237043,-73.14243580108203 11.445348300237043,-73.14243580108203 11.367116872946156));POINT(-73.09370445528897 11.406235280361187);a1;landscape;osm
2024-09-13 00:59:45.233 +0200;true;2024-09-02 20:29:13.530;1c700ffb-c94f-4d9f-a714-355769f27791;POLYGON((-73.14243580108203 11.367116872946156,-73.04497310949591 11.367116872946156,-73.04497310949591 11.445348300237043,-73.14243580108203 11.445348300237043,-73.14243580108203 11.367116872946156));POINT(-73.09370445528897 11.406235280361187);a1;landscape;osm
2024-09-13 23:16:13.837 +0200;true;2024-09-11 01:21:36.334;63b67f25-6806-4640-b8ea-35c6a2f05d37;POLYGON((-75.7398685427677 4.820765629382791,-75.73427827357071 4.820765629382791,-75.73427827357071 4.825428166699979,-75.7398685427677 4.825428166699979,-75.7398685427677 4.820765629382791));POINT(-75.73707340816921 4.823096902043261);letter;landscape;osm
2024-09-13 23:20:16.637 +0200;true;2024-09-06 23:22:29.968;8e667b47-2645-41b2-93e5-3bed69822945;POLYGON((-75.74506361547299 4.802326791680983,-75.73203120600705 4.802326791680983,-75.73203120600705 4.814476211593629,-75.74506361547299 4.814476211593629,-75.74506361547299 4.802326791680983));POINT(-75.73854741074003 4.8084015287266055);letter;landscape;osm
2024-09-13 23:56:23.755 +0200;true;2024-09-06 23:22:29.968;8e667b47-2645-41b2-93e5-3bed69822945;POLYGON((-75.74506361547299 4.802326791680983,-75.73203120600705 4.802326791680983,-75.73203120600705 4.814476211593629,-75.74506361547299 4.814476211593629,-75.74506361547299 4.802326791680983));POINT(-75.73854741074003 4.8084015287266055);letter;landscape;osm
2024-09-15 12:45:02.478 +0200;false;2024-09-15 12:40:43.139;9c9d69bd-2a68-4933-9821-3166f9c0e769;POLYGON((28.764760605823408 41.200267074250064,28.767293449324132 41.200267074250064,28.767293449324132 41.201862194069776,28.764760605823408 41.201862194069776,28.764760605823408 41.200267074250064));POINT(28.766027027573767 41.20106463901968);a4;landscape;osm
2024-09-16 01:32:07.196 +0200;false;2024-09-06 21:29:22.372;dd647d43-b2f0-4fa1-9f5b-a8808249af96;POLYGON((-75.73858980224459 4.82139315085081,-75.73576724967606 4.82139315085081,-75.73576724967606 4.824024411905242,-75.73858980224459 4.824024411905242,-75.73858980224459 4.82139315085081));POINT(-75.73717852596032 4.822708782652441);letter;landscape;osm
2024-09-16 12:57:56.232 +0200;false;2024-09-16 12:53:22.213;a790d3e3-697a-435f-aa8a-1909a74189d7;POLYGON((9.244734961728595 47.74326477917563,9.295504862903554 47.74326477917563,9.295504862903554 47.771915619561526,9.244734961728595 47.771915619561526,9.244734961728595 47.74326477917563));POINT(9.270119912316074 47.75759217147879);a3;landscape;osm
2024-09-16 16:14:41.648 +0200;false;2024-08-21 14:34:17.633;3b80af50-09ab-44c8-b317-b60c407662de;POLYGON((8.6917111818963 49.404494260420876,8.71802220652049 49.404494260420876,8.71802220652049 49.41882272315121,8.6917111818963 49.41882272315121,8.6917111818963 49.404494260420876));POINT(8.704866694208395 49.41165901458183);a4;landscape;osm
2024-09-16 16:29:29.540 +0200;false;2024-08-21 14:34:17.633;3b80af50-09ab-44c8-b317-b60c407662de;POLYGON((8.6917111818963 49.404494260420876,8.71802220652049 49.404494260420876,8.71802220652049 49.41882272315121,8.6917111818963 49.41882272315121,8.6917111818963 49.404494260420876));POINT(8.704866694208395 49.41165901458183);a4;landscape;osm
2024-09-16 16:31:02.221 +0200;false;2024-08-21 14:34:17.633;3b80af50-09ab-44c8-b317-b60c407662de;POLYGON((8.6917111818963 49.404494260420876,8.71802220652049 49.404494260420876,8.71802220652049 49.41882272315121,8.6917111818963 49.41882272315121,8.6917111818963 49.404494260420876));POINT(8.704866694208395 49.41165901458183);a4;landscape;osm
2024-09-16 16:37:51.586 +0200;false;2024-08-21 14:34:17.633;3b80af50-09ab-44c8-b317-b60c407662de;POLYGON((8.6917111818963 49.404494260420876,8.71802220652049 49.404494260420876,8.71802220652049 49.41882272315121,8.6917111818963 49.41882272315121,8.6917111818963 49.404494260420876));POINT(8.704866694208395 49.41165901458183);a4;landscape;osm
2024-09-16 16:37:51.957 +0200;false;2024-08-21 14:34:17.633;3b80af50-09ab-44c8-b317-b60c407662de;POLYGON((8.6917111818963 49.404494260420876,8.71802220652049 49.404494260420876,8.71802220652049 49.41882272315121,8.6917111818963 49.41882272315121,8.6917111818963 49.404494260420876));POINT(8.704866694208395 49.41165901458183);a4;landscape;osm
2024-09-16 16:37:52.299 +0200;false;2024-08-21 14:34:17.633;3b80af50-09ab-44c8-b317-b60c407662de;POLYGON((8.6917111818963 49.404494260420876,8.71802220652049 49.404494260420876,8.71802220652049 49.41882272315121,8.6917111818963 49.41882272315121,8.6917111818963 49.404494260420876));POINT(8.704866694208395 49.41165901458183);a4;landscape;osm
2024-09-16 16:37:52.630 +0200;false;2024-08-21 14:34:17.633;3b80af50-09ab-44c8-b317-b60c407662de;POLYGON((8.6917111818963 49.404494260420876,8.71802220652049 49.404494260420876,8.71802220652049 49.41882272315121,8.6917111818963 49.41882272315121,8.6917111818963 49.404494260420876));POINT(8.704866694208395 49.41165901458183);a4;landscape;osm
2024-09-16 16:37:52.968 +0200;false;2024-08-21 14:34:17.633;3b80af50-09ab-44c8-b317-b60c407662de;POLYGON((8.6917111818963 49.404494260420876,8.71802220652049 49.404494260420876,8.71802220652049 49.41882272315121,8.6917111818963 49.41882272315121,8.6917111818963 49.404494260420876));POINT(8.704866694208395 49.41165901458183);a4;landscape;osm
2024-09-16 16:37:53.317 +0200;false;2024-08-21 14:34:17.633;3b80af50-09ab-44c8-b317-b60c407662de;POLYGON((8.6917111818963 49.404494260420876,8.71802220652049 49.404494260420876,8.71802220652049 49.41882272315121,8.6917111818963 49.41882272315121,8.6917111818963 49.404494260420876));POINT(8.704866694208395 49.41165901458183);a4;landscape;osm
2024-09-16 16:37:53.635 +0200;false;2024-08-21 14:34:17.633;3b80af50-09ab-44c8-b317-b60c407662de;POLYGON((8.6917111818963 49.404494260420876,8.71802220652049 49.404494260420876,8.71802220652049 49.41882272315121,8.6917111818963 49.41882272315121,8.6917111818963 49.404494260420876));POINT(8.704866694208395 49.41165901458183);a4;landscape;osm
2024-09-16 16:37:53.991 +0200;false;2024-08-21 14:34:17.633;3b80af50-09ab-44c8-b317-b60c407662de;POLYGON((8.6917111818963 49.404494260420876,8.71802220652049 49.404494260420876,8.71802220652049 49.41882272315121,8.6917111818963 49.41882272315121,8.6917111818963 49.404494260420876));POINT(8.704866694208395 49.41165901458183);a4;landscape;osm
2024-09-16 16:37:54.357 +0200;false;2024-08-21 14:34:17.633;3b80af50-09ab-44c8-b317-b60c407662de;POLYGON((8.6917111818963 49.404494260420876,8.71802220652049 49.404494260420876,8.71802220652049 49.41882272315121,8.6917111818963 49.41882272315121,8.6917111818963 49.404494260420876));POINT(8.704866694208395 49.41165901458183);a4;landscape;osm
2024-09-16 16:37:54.744 +0200;false;2024-08-21 14:34:17.633;3b80af50-09ab-44c8-b317-b60c407662de;POLYGON((8.6917111818963 49.404494260420876,8.71802220652049 49.404494260420876,8.71802220652049 49.41882272315121,8.6917111818963 49.41882272315121,8.6917111818963 49.404494260420876));POINT(8.704866694208395 49.41165901458183);a4;landscape;osm
2024-09-16 16:37:55.088 +0200;false;2024-08-21 14:34:17.633;3b80af50-09ab-44c8-b317-b60c407662de;POLYGON((8.6917111818963 49.404494260420876,8.71802220652049 49.404494260420876,8.71802220652049 49.41882272315121,8.6917111818963 49.41882272315121,8.6917111818963 49.404494260420876));POINT(8.704866694208395 49.41165901458183);a4;landscape;osm
2024-09-16 16:37:55.443 +0200;false;2024-08-21 14:34:17.633;3b80af50-09ab-44c8-b317-b60c407662de;POLYGON((8.6917111818963 49.404494260420876,8.71802220652049 49.404494260420876,8.71802220652049 49.41882272315121,8.6917111818963 49.41882272315121,8.6917111818963 49.404494260420876));POINT(8.704866694208395 49.41165901458183);a4;landscape;osm
2024-09-16 16:37:55.944 +0200;false;2024-08-21 14:34:17.633;3b80af50-09ab-44c8-b317-b60c407662de;POLYGON((8.6917111818963 49.404494260420876,8.71802220652049 49.404494260420876,8.71802220652049 49.41882272315121,8.6917111818963 49.41882272315121,8.6917111818963 49.404494260420876));POINT(8.704866694208395 49.41165901458183);a4;landscape;osm
2024-09-16 16:37:56.268 +0200;false;2024-08-21 14:34:17.633;3b80af50-09ab-44c8-b317-b60c407662de;POLYGON((8.6917111818963 49.404494260420876,8.71802220652049 49.404494260420876,8.71802220652049 49.41882272315121,8.6917111818963 49.41882272315121,8.6917111818963 49.404494260420876));POINT(8.704866694208395 49.41165901458183);a4;landscape;osm
2024-09-16 16:45:06.359 +0200;false;2024-08-21 14:34:17.633;3b80af50-09ab-44c8-b317-b60c407662de;POLYGON((8.6917111818963 49.404494260420876,8.71802220652049 49.404494260420876,8.71802220652049 49.41882272315121,8.6917111818963 49.41882272315121,8.6917111818963 49.404494260420876));POINT(8.704866694208395 49.41165901458183);a4;landscape;osm
2024-09-16 16:45:49.969 +0200;false;2024-08-21 14:34:17.633;3b80af50-09ab-44c8-b317-b60c407662de;POLYGON((8.6917111818963 49.404494260420876,8.71802220652049 49.404494260420876,8.71802220652049 49.41882272315121,8.6917111818963 49.41882272315121,8.6917111818963 49.404494260420876));POINT(8.704866694208395 49.41165901458183);a4;landscape;osm
2024-09-16 16:46:58.243 +0200;false;2024-08-21 14:34:17.633;3b80af50-09ab-44c8-b317-b60c407662de;POLYGON((8.6917111818963 49.404494260420876,8.71802220652049 49.404494260420876,8.71802220652049 49.41882272315121,8.6917111818963 49.41882272315121,8.6917111818963 49.404494260420876));POINT(8.704866694208395 49.41165901458183);a4;landscape;osm
2024-09-16 16:49:07.778 +0200;false;2024-08-21 14:34:17.633;3b80af50-09ab-44c8-b317-b60c407662de;POLYGON((8.6917111818963 49.404494260420876,8.71802220652049 49.404494260420876,8.71802220652049 49.41882272315121,8.6917111818963 49.41882272315121,8.6917111818963 49.404494260420876));POINT(8.704866694208395 49.41165901458183);a4;landscape;osm
2024-09-16 16:50:15.555 +0200;false;2024-08-21 14:34:17.633;3b80af50-09ab-44c8-b317-b60c407662de;POLYGON((8.6917111818963 49.404494260420876,8.71802220652049 49.404494260420876,8.71802220652049 49.41882272315121,8.6917111818963 49.41882272315121,8.6917111818963 49.404494260420876));POINT(8.704866694208395 49.41165901458183);a4;landscape;osm
2024-09-16 16:51:09.779 +0200;false;2024-08-21 14:34:17.633;3b80af50-09ab-44c8-b317-b60c407662de;POLYGON((8.6917111818963 49.404494260420876,8.71802220652049 49.404494260420876,8.71802220652049 49.41882272315121,8.6917111818963 49.41882272315121,8.6917111818963 49.404494260420876));POINT(8.704866694208395 49.41165901458183);a4;landscape;osm
2024-09-16 16:52:04.686 +0200;false;2024-08-21 14:34:17.633;3b80af50-09ab-44c8-b317-b60c407662de;POLYGON((8.6917111818963 49.404494260420876,8.71802220652049 49.404494260420876,8.71802220652049 49.41882272315121,8.6917111818963 49.41882272315121,8.6917111818963 49.404494260420876));POINT(8.704866694208395 49.41165901458183);a4;landscape;osm
2024-09-16 16:53:13.138 +0200;false;2024-08-21 14:34:17.633;3b80af50-09ab-44c8-b317-b60c407662de;POLYGON((8.6917111818963 49.404494260420876,8.71802220652049 49.404494260420876,8.71802220652049 49.41882272315121,8.6917111818963 49.41882272315121,8.6917111818963 49.404494260420876));POINT(8.704866694208395 49.41165901458183);a4;landscape;osm
2024-09-16 16:54:54.804 +0200;false;2024-08-21 14:34:17.633;3b80af50-09ab-44c8-b317-b60c407662de;POLYGON((8.6917111818963 49.404494260420876,8.71802220652049 49.404494260420876,8.71802220652049 49.41882272315121,8.6917111818963 49.41882272315121,8.6917111818963 49.404494260420876));POINT(8.704866694208395 49.41165901458183);a4;landscape;osm
2024-09-16 16:55:43.984 +0200;false;2024-08-21 14:34:17.633;3b80af50-09ab-44c8-b317-b60c407662de;POLYGON((8.6917111818963 49.404494260420876,8.71802220652049 49.404494260420876,8.71802220652049 49.41882272315121,8.6917111818963 49.41882272315121,8.6917111818963 49.404494260420876));POINT(8.704866694208395 49.41165901458183);a4;landscape;osm
2024-09-16 16:58:20.899 +0200;false;2024-08-21 14:34:17.633;3b80af50-09ab-44c8-b317-b60c407662de;POLYGON((8.6917111818963 49.404494260420876,8.71802220652049 49.404494260420876,8.71802220652049 49.41882272315121,8.6917111818963 49.41882272315121,8.6917111818963 49.404494260420876));POINT(8.704866694208395 49.41165901458183);a4;landscape;osm
2024-09-16 17:00:39.809 +0200;false;2024-08-21 14:34:17.633;3b80af50-09ab-44c8-b317-b60c407662de;POLYGON((8.6917111818963 49.404494260420876,8.71802220652049 49.404494260420876,8.71802220652049 49.41882272315121,8.6917111818963 49.41882272315121,8.6917111818963 49.404494260420876));POINT(8.704866694208395 49.41165901458183);a4;landscape;osm
2024-09-16 17:03:17.400 +0200;false;2024-08-21 14:34:17.633;3b80af50-09ab-44c8-b317-b60c407662de;POLYGON((8.6917111818963 49.404494260420876,8.71802220652049 49.404494260420876,8.71802220652049 49.41882272315121,8.6917111818963 49.41882272315121,8.6917111818963 49.404494260420876));POINT(8.704866694208395 49.41165901458183);a4;landscape;osm
2024-09-16 17:04:17.516 +0200;false;2024-08-21 14:34:17.633;3b80af50-09ab-44c8-b317-b60c407662de;POLYGON((8.6917111818963 49.404494260420876,8.71802220652049 49.404494260420876,8.71802220652049 49.41882272315121,8.6917111818963 49.41882272315121,8.6917111818963 49.404494260420876));POINT(8.704866694208395 49.41165901458183);a4;landscape;osm
2024-09-16 17:05:06.064 +0200;false;2024-08-21 14:34:17.633;3b80af50-09ab-44c8-b317-b60c407662de;POLYGON((8.6917111818963 49.404494260420876,8.71802220652049 49.404494260420876,8.71802220652049 49.41882272315121,8.6917111818963 49.41882272315121,8.6917111818963 49.404494260420876));POINT(8.704866694208395 49.41165901458183);a4;landscape;osm
2024-09-16 17:38:34.842 +0200;false;2024-08-21 14:34:17.633;3b80af50-09ab-44c8-b317-b60c407662de;POLYGON((8.6917111818963 49.404494260420876,8.71802220652049 49.404494260420876,8.71802220652049 49.41882272315121,8.6917111818963 49.41882272315121,8.6917111818963 49.404494260420876));POINT(8.704866694208395 49.41165901458183);a4;landscape;osm
2024-09-16 17:39:48.538 +0200;false;2024-08-21 14:34:17.633;3b80af50-09ab-44c8-b317-b60c407662de;POLYGON((8.6917111818963 49.404494260420876,8.71802220652049 49.404494260420876,8.71802220652049 49.41882272315121,8.6917111818963 49.41882272315121,8.6917111818963 49.404494260420876));POINT(8.704866694208395 49.41165901458183);a4;landscape;osm
2024-09-16 17:41:28.321 +0200;false;2024-09-11 01:21:36.334;63b67f25-6806-4640-b8ea-35c6a2f05d37;POLYGON((-75.7398685427677 4.820765629382791,-75.73427827357071 4.820765629382791,-75.73427827357071 4.825428166699979,-75.7398685427677 4.825428166699979,-75.7398685427677 4.820765629382791));POINT(-75.73707340816921 4.823096902043261);letter;landscape;osm
2024-09-16 17:58:08.301 +0200;false;2024-08-21 14:34:17.633;3b80af50-09ab-44c8-b317-b60c407662de;POLYGON((8.6917111818963 49.404494260420876,8.71802220652049 49.404494260420876,8.71802220652049 49.41882272315121,8.6917111818963 49.41882272315121,8.6917111818963 49.404494260420876));POINT(8.704866694208395 49.41165901458183);a4;landscape;osm
2024-09-17 01:24:42.445 +0200;true;2024-09-06 21:35:10.033;39ce9717-3813-4024-b053-43028ee54390;POLYGON((-75.73866149968418 4.82228112192827,-75.73557233891384 4.82228112192827,-75.73557233891384 4.825160900303416,-75.73866149968418 4.825160900303416,-75.73866149968418 4.82228112192827));POINT(-75.73711691929901 4.823721012642679);letter;landscape;osm
2024-09-17 23:15:40.495 +0200;false;2024-09-06 23:27:28.046;61966893-5e31-4d47-a54b-9179050692e1;POLYGON((-75.70926232035073 4.817664360825162,-75.69980241431479 4.817664360825162,-75.69980241431479 4.825554448968404,-75.70926232035073 4.825554448968404,-75.70926232035073 4.817664360825162));POINT(-75.70453236733276 4.821609416353155);letter;landscape;osm
2024-09-18 06:41:47.435 +0200;false;2024-09-18 06:36:48.004;1edfc237-23fa-4e11-9903-eccc15ac75a9;POLYGON((120.74549334656214 15.0725654276755,120.74725477817667 15.0725654276755,120.74725477817667 15.073856254905408,120.74549334656214 15.073856254905408,120.74549334656214 15.0725654276755));POINT(120.74637406236941 15.07321084226946);tabloid;landscape;osm
2024-09-18 13:08:12.010 +0200;true;2024-09-18 11:22:07.791;e972f9ad-82df-4105-b298-0a10147f416a;POLYGON((14.383077539990804 50.0992787727977,14.398432182824317 50.0992787727977,14.398432182824317 50.10752208207188,14.383077539990804 50.10752208207188,14.383077539990804 50.0992787727977));POINT(14.390754861407562 50.103400604759486);a4;landscape;osm
2024-09-18 19:56:34.770 +0200;false;2024-09-18 19:53:06.505;17b30f4b-e0d8-44e3-a7c7-d8880147c732;POLYGON((8.667686650171433 49.404418464667714,8.687875637429341 49.404418464667714,8.687875637429341 49.4154132640096,8.667686650171433 49.4154132640096,8.667686650171433 49.404418464667714));POINT(8.677781143800388 49.40991617214729);a4;landscape;osm
2024-09-23 23:47:33.948 +0200;false;2024-09-23 23:42:45.444;921ebf19-6b26-463f-860b-621bb95a307b;POLYGON((-78.93958577665269 43.980454858483085,-78.85171400261756 43.980454858483085,-78.85171400261756 44.03335630092019,-78.93958577665269 44.03335630092019,-78.93958577665269 43.980454858483085));POINT(-78.89564988963512 44.00691147715344);a4;landscape;esri-world-imagery
2024-09-24 02:18:35.986 +0200;false;2024-09-02 20:29:13.530;1c700ffb-c94f-4d9f-a714-355769f27791;POLYGON((-73.14243580108203 11.367116872946156,-73.04497310949591 11.367116872946156,-73.04497310949591 11.445348300237043,-73.14243580108203 11.445348300237043,-73.14243580108203 11.367116872946156));POINT(-73.09370445528897 11.406235280361187);a1;landscape;osm
2024-09-24 03:57:04.118 +0200;false;2024-09-24 03:42:36.853;c6a6e039-73e1-4cc8-951c-11fa6cd4aafe;POLYGON((101.46877547924377 3.2412278839001374,101.48000036823365 3.2412278839001374,101.48000036823365 3.250608636412238,101.46877547924377 3.250608636412238,101.46877547924377 3.2412278839001374));POINT(101.47438792373872 3.2459182710440615);a4;landscape;osm
2024-09-24 19:31:21.972 +0200;false;2024-09-24 19:27:59.382;c5a02d8e-9765-4fab-ac3c-a5cd989d7fe9;POLYGON((-6.816992713140207 34.05070399822765,-6.815726291389843 34.05070399822765,-6.815726291389843 34.051582263015206,-6.816992713140207 34.051582263015206,-6.816992713140207 34.05070399822765));POINT(-6.8163595022650245 34.05114313175869);a4;landscape;esri-world-imagery
2024-09-24 20:00:46.537 +0200;false;2024-09-06 23:27:28.046;61966893-5e31-4d47-a54b-9179050692e1;POLYGON((-75.70926232035073 4.817664360825162,-75.69980241431479 4.817664360825162,-75.69980241431479 4.825554448968404,-75.70926232035073 4.825554448968404,-75.70926232035073 4.817664360825162));POINT(-75.70453236733276 4.821609416353155);letter;landscape;osm
2024-09-24 20:12:41.374 +0200;false;2024-09-06 23:28:25.383;def599df-3cec-4d11-893b-df288b7b7121;POLYGON((-75.70926232035073 4.817664360825162,-75.69980241431479 4.817664360825162,-75.69980241431479 4.825554448968404,-75.70926232035073 4.825554448968404,-75.70926232035073 4.817664360825162));POINT(-75.70453236733276 4.821609416353155);letter;landscape;esri-world-imagery
2024-09-24 22:17:44.392 +0200;false;2024-09-24 21:48:03.299;3a5cf126-87d6-46d0-a340-098dcf721f10;POLYGON((-75.7393321083034 4.822538475065983,-75.7360229489079 4.822538475065983,-75.7360229489079 4.825298488796506,-75.7393321083034 4.825298488796506,-75.7393321083034 4.822538475065983));POINT(-75.73767752860564 4.8239184833337845);a4;landscape;osm
2024-09-24 23:10:34.837 +0200;true;2024-09-24 23:07:38.474;d949f872-e327-4055-b569-f0cf4768146f;POLYGON((23.743502261534076 37.86176026014003,23.74741592460426 37.86176026014003,23.74741592460426 37.86429030509545,23.743502261534076 37.86429030509545,23.743502261534076 37.86176026014003));POINT(23.745459093069165 37.863025293474806);a1;landscape;osm
2024-09-25 04:35:24.907 +0200;false;2024-09-24 21:48:03.299;3a5cf126-87d6-46d0-a340-098dcf721f10;POLYGON((-75.7393321083034 4.822538475065983,-75.7360229489079 4.822538475065983,-75.7360229489079 4.825298488796506,-75.7393321083034 4.825298488796506,-75.7393321083034 4.822538475065983));POINT(-75.73767752860564 4.8239184833337845);a4;landscape;osm
2024-09-25 22:02:56.802 +0200;true;2024-09-25 21:51:39.986;c5aef565-bf39-40b9-8a54-bb2fb0bf7c26;POLYGON((121.0754903566799 14.5613277784432,121.07702532217985 14.5613277784432,121.07702532217985 14.56257128011049,121.0754903566799 14.56257128011049,121.0754903566799 14.5613277784432));POINT(121.07625783942987 14.561949530153186);a4;landscape;osm
2024-09-26 01:00:36.685 +0200;true;2024-09-26 00:50:59.258;0ae1dbda-6f11-4c2e-b18f-4047810c7bc7;POLYGON((120.93125506750064 14.585622619073277,121.0708105405139 14.585622619073277,121.0708105405139 14.698639841942722,120.93125506750064 14.698639841942722,120.93125506750064 14.585622619073277));POINT(121.00103280400728 14.642138510979251);a4;landscape;osm
2024-09-26 04:57:31.722 +0200;false;2024-09-26 04:52:38.971;50055b0a-817d-4694-b508-8f13a070452b;POLYGON((120.98344345323373 14.71120154982961,121.00511695239469 14.71120154982961,121.00511695239469 14.728746721730857,120.98344345323373 14.728746721730857,120.98344345323373 14.71120154982961));POINT(120.99428020281421 14.719974312218199);a4;landscape;osm
2024-09-26 08:23:00.873 +0200;false;2024-09-26 08:16:18.344;dbc34852-31ca-43db-be5b-5a1209d2d4d8;POLYGON((67.76910088828518 26.72251427123328,67.78805213316383 26.72251427123328,67.78805213316383 26.736681568870708,67.76910088828518 26.736681568870708,67.76910088828518 26.72251427123328));POINT(67.7785765107245 26.729598140569408);a4;landscape;esri-world-imagery
2024-09-26 09:52:42.934 +0200;false;2024-09-26 09:48:19.977;97365506-8bd3-427c-8c22-2b0cbcc2fa80;POLYGON((12.229727018365155 45.5592478800788,12.23720120818367 45.5592478800788,12.23720120818367 45.56362800524033,12.229727018365155 45.56362800524033,12.229727018365155 45.5592478800788));POINT(12.233464113274414 45.56143798534424);a4;landscape;osm
2024-09-27 04:52:13.466 +0200;false;2024-09-27 04:49:51.244;16bed43d-5ab9-45e6-a66c-92dc5e29843a;POLYGON((125.36537423991098 6.661538497862637,125.3860576136251 6.661538497862637,125.3860576136251 6.678733665457571,125.36537423991098 6.678733665457571,125.36537423991098 6.661538497862637));POINT(125.37571592676805 6.670136157096422);a4;landscape;esri-world-imagery
2024-09-27 06:11:15.614 +0200;false;2024-09-27 06:08:23.482;7ddc1649-0bc1-4680-bfec-70920aee8d22;POLYGON((123.30876328112493 9.305258609669409,123.31129612462566 9.305258609669409,123.31129612462566 9.307350740388415,123.30876328112493 9.307350740388415,123.30876328112493 9.305258609669409));POINT(123.31002970287528 9.306304676593712);a4;landscape;osm
2024-09-27 07:10:05.670 +0200;false;2024-09-27 07:09:25.519;00fb9288-2b86-46f2-bcd9-3da58293a4cf;POLYGON((30.53021974934198 50.44556742677406,30.537707811236643 50.44556742677406,30.537707811236643 50.44956992534907,30.53021974934198 50.44956992534907,30.53021974934198 50.44556742677406));POINT(30.533963780289312 50.44756871838058);a3;landscape;osm
2024-10-01 07:11:28.731 +0200;false;2024-10-01 07:02:43.031;9f6eb86f-4ba9-475f-88c1-127af97b2bb7;POLYGON((12.521489477755086 52.46692263303066,12.61760369763049 52.46692263303066,12.61760369763049 52.51590662076569,12.521489477755086 52.51590662076569,12.521489477755086 52.46692263303066));POINT(12.569546587692788 52.491421446837506);a4;Landschaft;osm
2024-10-01 07:43:49.448 +0200;false;2024-10-01 07:02:43.031;9f6eb86f-4ba9-475f-88c1-127af97b2bb7;POLYGON((12.521489477755086 52.46692263303066,12.61760369763049 52.46692263303066,12.61760369763049 52.51590662076569,12.521489477755086 52.51590662076569,12.521489477755086 52.46692263303066));POINT(12.569546587692788 52.491421446837506);a4;Landschaft;osm
2024-10-02 08:19:12.100 +0200;false;2024-10-02 08:13:38.417;05f359d0-ee68-4279-bf41-5779db89215e;POLYGON((12.50524035347631 52.4595259154089,12.642292012222414 52.4595259154089,12.642292012222414 52.52936857665776,12.50524035347631 52.52936857665776,12.50524035347631 52.4595259154089));POINT(12.573766182849365 52.49446111236094);a4;landscape;osm
2024-10-02 14:52:04.766 +0200;false;2024-10-02 14:49:17.430;6fadeace-82e5-4788-b91c-92db538130eb;POLYGON((12.51940812313823 52.47017217413739,12.631420870586437 52.47017217413739,12.631420870586437 52.52724926916443,12.51940812313823 52.52724926916443,12.51940812313823 52.47017217413739));POINT(12.575414496862335 52.49871998377267);a4;Landschaft;osm
2024-10-02 17:01:15.468 +0200;false;2024-10-01 07:02:43.031;9f6eb86f-4ba9-475f-88c1-127af97b2bb7;POLYGON((12.521489477755086 52.46692263303066,12.61760369763049 52.46692263303066,12.61760369763049 52.51590662076569,12.521489477755086 52.51590662076569,12.521489477755086 52.46692263303066));POINT(12.569546587692788 52.491421446837506);a4;Landschaft;osm
2024-10-02 17:04:33.169 +0200;false;2024-10-01 07:02:43.031;9f6eb86f-4ba9-475f-88c1-127af97b2bb7;POLYGON((12.521489477755086 52.46692263303066,12.61760369763049 52.46692263303066,12.61760369763049 52.51590662076569,12.521489477755086 52.51590662076569,12.521489477755086 52.46692263303066));POINT(12.569546587692788 52.491421446837506);a4;Landschaft;osm
2024-10-02 17:15:16.401 +0200;false;2024-10-01 07:02:43.031;9f6eb86f-4ba9-475f-88c1-127af97b2bb7;POLYGON((12.521489477755086 52.46692263303066,12.61760369763049 52.46692263303066,12.61760369763049 52.51590662076569,12.521489477755086 52.51590662076569,12.521489477755086 52.46692263303066));POINT(12.569546587692788 52.491421446837506);a4;Landschaft;osm
2024-10-02 17:18:17.338 +0200;false;2024-10-01 07:02:43.031;9f6eb86f-4ba9-475f-88c1-127af97b2bb7;POLYGON((12.521489477755086 52.46692263303066,12.61760369763049 52.46692263303066,12.61760369763049 52.51590662076569,12.521489477755086 52.51590662076569,12.521489477755086 52.46692263303066));POINT(12.569546587692788 52.491421446837506);a4;Landschaft;osm
2024-10-03 09:32:11.401 +0200;false;2024-10-03 09:29:30.512;48211b67-c974-410e-a6ec-20d49ad24429;POLYGON((8.655148664129582 49.403839803817675,8.67541141213541 49.403839803817675,8.67541141213541 49.41487501223409,8.655148664129582 49.41487501223409,8.655148664129582 49.403839803817675));POINT(8.665280038132497 49.40935771809512);a4;landscape;osm
2024-10-03 09:41:00.972 +0200;false;2024-10-03 09:37:31.605;11fb7d2f-7d92-41ee-b3e8-7f0ec7b6d02d;POLYGON((24.49464930445175 56.83275324543871,24.49624489587308 56.83275324543871,24.49624489587308 56.83348389096321,24.49464930445175 56.83348389096321,24.49464930445175 56.83275324543871));POINT(24.495447100162416 56.833118569982986);a4;landscape;esri-world-imagery
2024-10-03 09:58:57.535 +0200;false;2024-10-03 09:54:54.643;69eae957-5387-4d9d-bf4a-2d714fbb470d;POLYGON((8.666371789071462 49.40414475311471,8.686343725260263 49.40414475311471,8.686343725260263 49.41502154300494,8.666371789071462 49.41502154300494,8.666371789071462 49.40414475311471));POINT(8.676357757165862 49.409583449292796);a4;landscape;osm
2024-10-03 10:05:34.043 +0200;false;2024-10-03 09:37:31.605;11fb7d2f-7d92-41ee-b3e8-7f0ec7b6d02d;POLYGON((24.49464930445175 56.83275324543871,24.49624489587308 56.83275324543871,24.49624489587308 56.83348389096321,24.49464930445175 56.83348389096321,24.49464930445175 56.83275324543871));POINT(24.495447100162416 56.833118569982986);a4;landscape;esri-world-imagery
2024-10-04 05:28:54.074 +0200;true;2024-10-04 05:20:15.458;ae160fcf-0cbe-40c8-9708-f0a336425ec7;POLYGON((29.006354014645783 40.985066501996954,29.027942134949235 40.985066501996954,29.027942134949235 40.99870542469543,29.006354014645783 40.99870542469543,29.006354014645783 40.985066501996954));POINT(29.01714807479751 40.99188631603067);a4;landscape;osm
2024-10-04 15:24:35.480 +0200;false;2024-10-04 15:18:22.989;c36c61c3-47e1-4e0e-9687-5e5621e2b16f;POLYGON((120.83951670547772 14.329512695203746,120.86076851882233 14.329512695203746,120.86076851882233 14.346746758096302,120.83951670547772 14.346746758096302,120.83951670547772 14.329512695203746));POINT(120.85014261215002 14.338129892277792);a4;landscape;osm
2024-10-04 18:48:23.220 +0200;true;2024-10-04 18:39:36.466;2aba0689-fdca-4138-8d80-0a650f02660a;POLYGON((-74.12230905321798 4.6817083168797495,-74.11844640030189 4.6817083168797495,-74.11844640030189 4.685309893175614,-74.12230905321798 4.685309893175614,-74.12230905321798 4.6817083168797495));POINT(-74.12037772675993 4.683509107346069);letter;landscape;esri-world-imagery
2024-10-05 00:58:08.831 +0200;false;2024-10-04 20:58:45.561;dc2fa9ab-4500-4632-91c2-beb8185d177b;POLYGON((-111.94419540984056 33.423989195693466,-111.92990272661069 33.423989195693466,-111.92990272661069 33.433973235973866,-111.94419540984056 33.433973235973866,-111.94419540984056 33.423989195693466));POINT(-111.93704906822562 33.42898135938684);a4;landscape;osm
2024-10-05 01:38:14.490 +0200;false;2024-10-04 20:58:45.561;dc2fa9ab-4500-4632-91c2-beb8185d177b;POLYGON((-111.94419540984056 33.423989195693466,-111.92990272661069 33.423989195693466,-111.92990272661069 33.433973235973866,-111.94419540984056 33.433973235973866,-111.94419540984056 33.423989195693466));POINT(-111.93704906822562 33.42898135938684);a4;landscape;osm
2024-10-05 12:23:09.640 +0200;false;2024-09-26 12:43:10.107;10cd0fc8-1f40-491b-a2be-2116fed64b96;POLYGON((-34.96790204184958 -8.089772284059293,-34.96470481158589 -8.089772284059293,-34.96470481158589 -8.087122784430989,-34.96790204184958 -8.087122784430989,-34.96790204184958 -8.089772284059293));POINT(-34.96630342671773 -8.088447536421626);a4;landscape;osm
2024-10-05 15:37:59.288 +0200;false;2024-09-21 15:09:20.242;6874e5da-e634-4fb1-b553-73a459570f8c;POLYGON((-34.96801933171879 -8.092330416606558,-34.96100902156009 -8.092330416606558,-34.96100902156009 -8.08652120363729,-34.96801933171879 -8.08652120363729,-34.96801933171879 -8.092330416606558));POINT(-34.96451417663944 -8.08942582058637);a2;landscape;osm
2024-10-05 15:54:24.234 +0200;false;2024-09-21 15:34:52.737;f27105ae-1ff0-4c28-8fde-8b44883fef91;POLYGON((-34.93840678351841 -8.107031681397615,-34.93243313379291 -8.107031681397615,-34.93243313379291 -8.102081700737386,-34.93840678351841 -8.102081700737386,-34.93840678351841 -8.107031681397615));POINT(-34.935419958655665 -8.104556698679716);a2;landscape;osm
2024-10-05 16:14:36.270 +0200;false;2024-09-21 15:09:20.242;6874e5da-e634-4fb1-b553-73a459570f8c;POLYGON((-34.96801933171879 -8.092330416606558,-34.96100902156009 -8.092330416606558,-34.96100902156009 -8.08652120363729,-34.96801933171879 -8.08652120363729,-34.96801933171879 -8.092330416606558));POINT(-34.96451417663944 -8.08942582058637);a2;landscape;osm
2024-10-05 16:30:23.794 +0200;false;2024-09-21 15:34:52.737;f27105ae-1ff0-4c28-8fde-8b44883fef91;POLYGON((-34.93840678351841 -8.107031681397615,-34.93243313379291 -8.107031681397615,-34.93243313379291 -8.102081700737386,-34.93840678351841 -8.102081700737386,-34.93840678351841 -8.107031681397615));POINT(-34.935419958655665 -8.104556698679716);a2;landscape;osm
2024-10-05 20:02:08.139 +0200;false;2024-09-21 15:09:20.242;6874e5da-e634-4fb1-b553-73a459570f8c;POLYGON((-34.96801933171879 -8.092330416606558,-34.96100902156009 -8.092330416606558,-34.96100902156009 -8.08652120363729,-34.96801933171879 -8.08652120363729,-34.96801933171879 -8.092330416606558));POINT(-34.96451417663944 -8.08942582058637);a2;landscape;osm
2024-10-07 11:25:49.928 +0200;false;2024-10-07 11:22:51.317;f59e1639-7f53-4547-935d-ef3f35d4395f;POLYGON((8.66985172120293 49.402573550818175,8.69532542431281 49.402573550818175,8.69532542431281 49.416446545570835,8.66985172120293 49.416446545570835,8.66985172120293 49.402573550818175));POINT(8.68258857275787 49.40951053824449);a4;landscape;osm
2024-10-07 13:27:57.996 +0200;true;2024-10-07 13:17:35.908;2151ed91-43c6-4262-aae6-d5f9fad2ab44;POLYGON((-76.75341680010517 5.568734410337527,-76.61689538545703 5.568734410337527,-76.61689538545703 5.73465457820069,-76.75341680010517 5.73465457820069,-76.75341680010517 5.568734410337527));POINT(-76.6851560927811 5.6517004379287386);a1;portrait;osm
2024-10-08 18:26:28.211 +0200;false;2024-10-08 18:25:37.601;28da697b-737c-45b0-a63a-9eef7b7d858d;POLYGON((11.441291454951047 47.26490609223427,11.446121178675732 47.26490609223427,11.446121178675732 47.26764934662546,11.441291454951047 47.26764934662546,11.441291454951047 47.26490609223427));POINT(11.443706316813389 47.26627773720088);a4;landscape;esri-world-imagery
2024-10-10 16:11:33.146 +0200;false;2024-10-10 15:41:51.475;9744982c-ce10-4262-8847-561ab60e24c9;POLYGON((10.89793549402401 48.06997558027621,10.919961563840117 48.06997558027621,10.919961563840117 48.08232844157777,10.89793549402401 48.08232844157777,10.89793549402401 48.06997558027621));POINT(10.908948528932063 48.076152381647006);a3;landscape;osm
2024-10-11 09:09:47.250 +0200;true;2024-10-11 09:04:38.992;2ee9bb9e-a7d8-471a-b046-7a353ab3a5a5;POLYGON((121.04718950424058 14.636389935106891,121.06715977767277 14.636389935106891,121.06715977767277 14.652562015221989,121.04718950424058 14.652562015221989,121.04718950424058 14.636389935106891));POINT(121.05717464095667 14.644476124263335);a4;landscape;osm
2024-10-11 20:05:13.433 +0200;false;2024-10-10 15:17:19.035;470c2753-1025-46f4-a2ca-95c5909e0da0;POLYGON((-70.72990636920379 7.083337389662802,-70.72196754677431 7.083337389662802,-70.72196754677431 7.090707683423815,-70.72990636920379 7.090707683423815,-70.72990636920379 7.083337389662802));POINT(-70.72593695798905 7.087022551277329);letter;landscape;osm
2024-10-11 20:11:28.627 +0200;false;2024-10-10 15:17:19.035;470c2753-1025-46f4-a2ca-95c5909e0da0;POLYGON((-70.72990636920379 7.083337389662802,-70.72196754677431 7.083337389662802,-70.72196754677431 7.090707683423815,-70.72990636920379 7.090707683423815,-70.72990636920379 7.083337389662802));POINT(-70.72593695798905 7.087022551277329);letter;landscape;osm
2024-10-12 19:47:01.378 +0200;true;2024-10-12 19:42:51.233;dff6d62d-b6a9-4561-96f2-2606dff6baf4;POLYGON((-49.9642920452557 -22.202660028671318,-49.96014131779616 -22.202660028671318,-49.96014131779616 -22.199443363338005,-49.9642920452557 -22.199443363338005,-49.9642920452557 -22.202660028671318));POINT(-49.96221668152594 -22.201051705217225);a4;landscape;esri-world-imagery
2024-10-13 10:23:25.367 +0200;false;2024-10-13 10:22:37.584;e9c37c89-7835-4a49-a683-d8fd8ea8d709;POLYGON((76.73988914321824 23.812838865791434,76.74243799085657 23.812838865791434,76.74243799085657 23.814796154060986,76.73988914321824 23.814796154060986,76.73988914321824 23.812838865791434));POINT(76.7411635670374 23.813817513614893);a3;landscape;esri-world-imagery
2024-10-14 04:51:53.117 +0200;false;2024-10-14 04:45:00.833;f039ed53-1d1b-4b0b-8682-a922417e3e71;POLYGON((-85.74745850091621 11.356902818400116,-85.40428855364581 11.356902818400116,-85.40428855364581 11.63837776640787,-85.74745850091621 11.63837776640787,-85.74745850091621 11.356902818400116));POINT(-85.575873527281 11.497675451608103);a4;landscape;esri-world-imagery
2024-10-15 17:49:54.226 +0200;false;2024-10-15 13:03:02.078;5afc9e1d-85c8-42e3-9444-8bd828e383a7;POLYGON((82.94604803105985 18.67393803461171,83.02648037043818 18.67393803461171,83.02648037043818 18.737705208020387,82.94604803105985 18.737705208020387,82.94604803105985 18.67393803461171));POINT(82.986264200749 18.70582462505213);a4;landscape;osm
2024-10-15 17:50:57.180 +0200;true;2024-10-15 13:09:08.816;eb7ec64e-ab2a-4f9f-be4b-89f776984acb;POLYGON((-96.95484698614993 55.856656761534424,-95.80750678843016 55.856656761534424,-95.80750678843016 56.39193575610483,-96.95484698614993 56.39193575610483,-96.95484698614993 55.856656761534424));POINT(-96.38117688729005 56.12522737445883);a4;landscape;esri-world-imagery
2024-10-15 17:55:28.786 +0200;true;2024-10-15 13:05:05.379;4a499b9a-396e-4325-b781-817813838912;POLYGON((140.71114989092013 -2.565409090932235,140.71703230105493 -2.565409090932235,140.71703230105493 -2.5583885161246798,140.71114989092013 -2.5583885161246798,140.71114989092013 -2.565409090932235));POINT(140.7140910959875 -2.561898808339734);a4;portrait;osm
2024-10-15 18:00:04.063 +0200;true;2024-10-15 12:29:14.955;64030e0e-c75b-410d-bd6e-21e20069f14f;POLYGON((0.10234157497491103 51.4543684987988,0.25229854211876107 51.4543684987988,0.25229854211876107 51.53251572906447,0.10234157497491103 51.53251572906447,0.10234157497491103 51.4543684987988));POINT(0.17732005854683605 51.49345885979332);a4;landscape;esri-world-imagery
2024-10-16 09:47:42.652 +0200;false;2024-10-15 11:04:36.379;0bf7e76e-4e4c-4130-b0e1-20a076b7678e;POLYGON((35.39380517587252 2.9019389454235807,35.43139976419323 2.9019389454235807,35.43139976419323 2.9333651650798345,35.39380517587252 2.9333651650798345,35.39380517587252 2.9019389454235807));POINT(35.41260247003288 2.9176521650658316);a2;landscape;esri-world-imagery
2024-10-16 12:09:46.559 +0200;false;2024-10-16 12:07:47.603;421241c6-6c13-4d04-8736-5a18268adacb;POLYGON((124.80808454814851 10.425902157186314,124.80990727894921 10.425902157186314,124.80990727894921 10.427402622486255,124.80808454814851 10.427402622486255,124.80808454814851 10.425902157186314));POINT(124.80899591354886 10.426652390740117);a4;landscape;esri-world-imagery
2024-10-17 09:33:40.952 +0200;true;2024-10-17 09:13:46.124;1fc6c18b-7e7b-480a-aeeb-63391706ca60;POLYGON((-59.05111035251205 -62.236861004711805,-58.89277906004829 -62.236861004711805,-58.89277906004829 -62.17506406675575,-59.05111035251205 -62.17506406675575,-59.05111035251205 -62.236861004711805));POINT(-58.97194470628017 -62.20597834175314);a4;landscape;osm
2024-10-18 04:39:33.658 +0200;true;2024-09-21 15:41:19.478;581e79da-a281-4325-a0f5-a4b56e08bb8f;POLYGON((-34.97102790253186 -8.091588863251971,-34.9648428835719 -8.091588863251971,-34.9648428835719 -8.08646353681641,-34.97102790253186 -8.08646353681641,-34.97102790253186 -8.091588863251971));POINT(-34.967935393051874 -8.089026208179405);a2;landscape;osm
2024-10-18 04:47:34.565 +0200;true;2024-09-21 15:41:19.478;581e79da-a281-4325-a0f5-a4b56e08bb8f;POLYGON((-34.97102790253186 -8.091588863251971,-34.9648428835719 -8.091588863251971,-34.9648428835719 -8.08646353681641,-34.97102790253186 -8.08646353681641,-34.97102790253186 -8.091588863251971));POINT(-34.967935393051874 -8.089026208179405);a2;landscape;osm
2024-10-18 04:51:58.890 +0200;true;2024-09-21 15:09:20.242;6874e5da-e634-4fb1-b553-73a459570f8c;POLYGON((-34.96801933171879 -8.092330416606558,-34.96100902156009 -8.092330416606558,-34.96100902156009 -8.08652120363729,-34.96801933171879 -8.08652120363729,-34.96801933171879 -8.092330416606558));POINT(-34.96451417663944 -8.08942582058637);a2;landscape;osm
2024-10-18 04:54:14.160 +0200;true;2024-09-21 15:09:20.242;6874e5da-e634-4fb1-b553-73a459570f8c;POLYGON((-34.96801933171879 -8.092330416606558,-34.96100902156009 -8.092330416606558,-34.96100902156009 -8.08652120363729,-34.96801933171879 -8.08652120363729,-34.96801933171879 -8.092330416606558));POINT(-34.96451417663944 -8.08942582058637);a2;landscape;osm
2024-10-18 05:16:02.518 +0200;true;2024-09-21 15:41:19.478;581e79da-a281-4325-a0f5-a4b56e08bb8f;POLYGON((-34.97102790253186 -8.091588863251971,-34.9648428835719 -8.091588863251971,-34.9648428835719 -8.08646353681641,-34.97102790253186 -8.08646353681641,-34.97102790253186 -8.091588863251971));POINT(-34.967935393051874 -8.089026208179405);a2;landscape;osm
2024-10-18 05:18:53.990 +0200;true;2024-09-21 15:09:20.242;6874e5da-e634-4fb1-b553-73a459570f8c;POLYGON((-34.96801933171879 -8.092330416606558,-34.96100902156009 -8.092330416606558,-34.96100902156009 -8.08652120363729,-34.96801933171879 -8.08652120363729,-34.96801933171879 -8.092330416606558));POINT(-34.96451417663944 -8.08942582058637);a2;landscape;osm
2024-10-18 05:21:38.085 +0200;true;2024-09-21 15:41:19.478;581e79da-a281-4325-a0f5-a4b56e08bb8f;POLYGON((-34.97102790253186 -8.091588863251971,-34.9648428835719 -8.091588863251971,-34.9648428835719 -8.08646353681641,-34.97102790253186 -8.08646353681641,-34.97102790253186 -8.091588863251971));POINT(-34.967935393051874 -8.089026208179405);a2;landscape;osm
2024-10-18 08:38:53.347 +0200;false;2024-10-18 08:36:29.977;b615ea49-3093-45a4-b5b6-35571341e876;POLYGON((121.60298604326684 13.93459457408531,121.60644571279632 13.93459457408531,121.60644571279632 13.937735940444199,121.60298604326684 13.937735940444199,121.60298604326684 13.93459457408531));POINT(121.60471587803157 13.93616526260709);letter;landscape;osm
2024-10-18 21:48:04.908 +0200;true;2024-10-18 11:15:06.961;b4b90b18-86ea-43ef-9609-bb611cce30ce;POLYGON((8.660525018514077 49.391282085952525,8.741397554580148 49.391282085952525,8.741397554580148 49.43532222603116,8.660525018514077 49.43532222603116,8.660525018514077 49.391282085952525));POINT(8.700961286547114 49.41330709517953);a4;landscape;osm
2024-10-19 10:15:29.739 +0200;false;2024-10-19 10:09:36.634;fb6262d6-4a5e-444a-8773-41ee5660e6d8;POLYGON((106.07845765978144 38.43625869663893,106.13784769758026 38.43625869663893,106.13784769758026 38.475186449129666,106.07845765978144 38.475186449129666,106.07845765978144 38.43625869663893));POINT(106.10815267868084 38.455725198446146);a4;landscape;osm
2024-10-19 11:34:30.564 +0200;false;2024-10-19 11:30:39.641;af9c16ee-9214-4f52-a418-80ac5b2b7661;POLYGON((21.97788762745748 53.03265356398404,22.003909199734117 53.03265356398404,22.003909199734117 53.04574950105459,21.97788762745748 53.04574950105459,21.97788762745748 53.03265356398404));POINT(21.9908984135958 53.03920202975752);a4;landscape;osm
2024-10-19 16:57:45.953 +0200;true;2024-09-21 15:41:19.478;581e79da-a281-4325-a0f5-a4b56e08bb8f;POLYGON((-34.97102790253186 -8.091588863251971,-34.9648428835719 -8.091588863251971,-34.9648428835719 -8.08646353681641,-34.97102790253186 -8.08646353681641,-34.97102790253186 -8.091588863251971));POINT(-34.967935393051874 -8.089026208179405);a2;landscape;osm
2024-10-19 16:57:48.146 +0200;true;2024-09-21 15:09:20.242;6874e5da-e634-4fb1-b553-73a459570f8c;POLYGON((-34.96801933171879 -8.092330416606558,-34.96100902156009 -8.092330416606558,-34.96100902156009 -8.08652120363729,-34.96801933171879 -8.08652120363729,-34.96801933171879 -8.092330416606558));POINT(-34.96451417663944 -8.08942582058637);a2;landscape;osm
2024-10-19 16:57:49.454 +0200;true;2024-09-21 15:09:20.242;6874e5da-e634-4fb1-b553-73a459570f8c;POLYGON((-34.96801933171879 -8.092330416606558,-34.96100902156009 -8.092330416606558,-34.96100902156009 -8.08652120363729,-34.96801933171879 -8.08652120363729,-34.96801933171879 -8.092330416606558));POINT(-34.96451417663944 -8.08942582058637);a2;landscape;osm
2024-10-19 16:57:50.955 +0200;true;2024-09-21 15:41:19.478;581e79da-a281-4325-a0f5-a4b56e08bb8f;POLYGON((-34.97102790253186 -8.091588863251971,-34.9648428835719 -8.091588863251971,-34.9648428835719 -8.08646353681641,-34.97102790253186 -8.08646353681641,-34.97102790253186 -8.091588863251971));POINT(-34.967935393051874 -8.089026208179405);a2;landscape;osm
2024-10-19 16:57:53.623 +0200;true;2024-09-21 15:09:20.242;6874e5da-e634-4fb1-b553-73a459570f8c;POLYGON((-34.96801933171879 -8.092330416606558,-34.96100902156009 -8.092330416606558,-34.96100902156009 -8.08652120363729,-34.96801933171879 -8.08652120363729,-34.96801933171879 -8.092330416606558));POINT(-34.96451417663944 -8.08942582058637);a2;landscape;osm
2024-10-19 16:57:57.938 +0200;true;2024-09-21 15:41:19.478;581e79da-a281-4325-a0f5-a4b56e08bb8f;POLYGON((-34.97102790253186 -8.091588863251971,-34.9648428835719 -8.091588863251971,-34.9648428835719 -8.08646353681641,-34.97102790253186 -8.08646353681641,-34.97102790253186 -8.091588863251971));POINT(-34.967935393051874 -8.089026208179405);a2;landscape;osm
2024-10-19 16:58:02.119 +0200;true;2024-09-21 15:41:19.478;581e79da-a281-4325-a0f5-a4b56e08bb8f;POLYGON((-34.97102790253186 -8.091588863251971,-34.9648428835719 -8.091588863251971,-34.9648428835719 -8.08646353681641,-34.97102790253186 -8.08646353681641,-34.97102790253186 -8.091588863251971));POINT(-34.967935393051874 -8.089026208179405);a2;landscape;osm
2024-10-20 04:52:04.695 +0200;true;2024-09-21 15:41:19.478;581e79da-a281-4325-a0f5-a4b56e08bb8f;POLYGON((-34.97102790253186 -8.091588863251971,-34.9648428835719 -8.091588863251971,-34.9648428835719 -8.08646353681641,-34.97102790253186 -8.08646353681641,-34.97102790253186 -8.091588863251971));POINT(-34.967935393051874 -8.089026208179405);a2;landscape;osm
2024-10-20 04:52:06.468 +0200;true;2024-09-21 15:41:19.478;581e79da-a281-4325-a0f5-a4b56e08bb8f;POLYGON((-34.97102790253186 -8.091588863251971,-34.9648428835719 -8.091588863251971,-34.9648428835719 -8.08646353681641,-34.97102790253186 -8.08646353681641,-34.97102790253186 -8.091588863251971));POINT(-34.967935393051874 -8.089026208179405);a2;landscape;osm
2024-10-20 04:52:08.075 +0200;true;2024-09-21 15:09:20.242;6874e5da-e634-4fb1-b553-73a459570f8c;POLYGON((-34.96801933171879 -8.092330416606558,-34.96100902156009 -8.092330416606558,-34.96100902156009 -8.08652120363729,-34.96801933171879 -8.08652120363729,-34.96801933171879 -8.092330416606558));POINT(-34.96451417663944 -8.08942582058637);a2;landscape;osm
2024-10-20 04:52:09.649 +0200;true;2024-09-21 15:09:20.242;6874e5da-e634-4fb1-b553-73a459570f8c;POLYGON((-34.96801933171879 -8.092330416606558,-34.96100902156009 -8.092330416606558,-34.96100902156009 -8.08652120363729,-34.96801933171879 -8.08652120363729,-34.96801933171879 -8.092330416606558));POINT(-34.96451417663944 -8.08942582058637);a2;landscape;osm
2024-10-20 04:52:10.882 +0200;true;2024-09-21 15:09:20.242;6874e5da-e634-4fb1-b553-73a459570f8c;POLYGON((-34.96801933171879 -8.092330416606558,-34.96100902156009 -8.092330416606558,-34.96100902156009 -8.08652120363729,-34.96801933171879 -8.08652120363729,-34.96801933171879 -8.092330416606558));POINT(-34.96451417663944 -8.08942582058637);a2;landscape;osm
2024-10-20 04:52:11.530 +0200;true;2024-09-21 15:41:19.478;581e79da-a281-4325-a0f5-a4b56e08bb8f;POLYGON((-34.97102790253186 -8.091588863251971,-34.9648428835719 -8.091588863251971,-34.9648428835719 -8.08646353681641,-34.97102790253186 -8.08646353681641,-34.97102790253186 -8.091588863251971));POINT(-34.967935393051874 -8.089026208179405);a2;landscape;osm
2024-10-20 04:52:11.965 +0200;true;2024-09-21 15:41:19.478;581e79da-a281-4325-a0f5-a4b56e08bb8f;POLYGON((-34.97102790253186 -8.091588863251971,-34.9648428835719 -8.091588863251971,-34.9648428835719 -8.08646353681641,-34.97102790253186 -8.08646353681641,-34.97102790253186 -8.091588863251971));POINT(-34.967935393051874 -8.089026208179405);a2;landscape;osm
2024-10-22 02:58:35.317 +0200;false;2024-10-22 02:54:55.515;0d999b24-4b4d-4d63-9ac7-1ef8c8fcf80a;POLYGON((130.99662387304897 -12.507227746321092,130.99727661371764 -12.507227746321092,130.99727661371764 -12.506694419418125,130.99662387304897 -12.506694419418125,130.99662387304897 -12.507227746321092));POINT(130.9969502433833 -12.506961083007255);a4;landscape;esri-world-imagery
2024-10-22 11:51:08.382 +0200;false;2024-10-22 11:48:53.916;9eb51ab1-ccbf-44ce-9c35-cffaf972cf56;POLYGON((106.80938365912759 -6.219784103652586,106.82550493810207 -6.219784103652586,106.82550493810207 -6.200636152816472,106.80938365912759 -6.200636152816472,106.80938365912759 -6.219784103652586));POINT(106.81744429861484 -6.210210215274955);a4;portrait;osm
2024-10-22 11:52:15.848 +0200;false;2024-10-22 11:48:53.916;9eb51ab1-ccbf-44ce-9c35-cffaf972cf56;POLYGON((106.80938365912759 -6.219784103652586,106.82550493810207 -6.219784103652586,106.82550493810207 -6.200636152816472,106.80938365912759 -6.200636152816472,106.80938365912759 -6.219784103652586));POINT(106.81744429861484 -6.210210215274955);a4;portrait;osm
2024-10-22 14:14:12.305 +0200;true;2024-10-22 14:10:49.801;c1531945-20e8-47cc-a182-15ed3f924c14;POLYGON((125.49262389763793 7.0170648124207275,125.49580811052667 7.0170648124207275,125.49580811052667 7.019710067710889,125.49262389763793 7.019710067710889,125.49262389763793 7.0170648124207275));POINT(125.4942160040823 7.018387441945194);a4;landscape;esri-world-imagery
2024-10-24 12:10:42.417 +0200;false;2024-10-15 13:05:05.379;4a499b9a-396e-4325-b781-817813838912;POLYGON((140.71114989092013 -2.565409090932235,140.71703230105493 -2.565409090932235,140.71703230105493 -2.5583885161246798,140.71114989092013 -2.5583885161246798,140.71114989092013 -2.565409090932235));POINT(140.7140910959875 -2.561898808339734);a4;portrait;osm
2024-10-25 17:17:27.845 +0200;true;2024-10-25 17:13:56.439;1a7aab00-342c-40a3-9eba-7db92cf2e0d3;POLYGON((-79.19915812631909 43.75776658560741,-79.19691721751161 43.75776658560741,-79.19691721751161 43.75928076697144,-79.19915812631909 43.75928076697144,-79.19915812631909 43.75776658560741));POINT(-79.19803767191534 43.758523681079225);letter;landscape;osm
2024-10-25 17:18:17.384 +0200;true;2024-10-25 17:13:56.439;1a7aab00-342c-40a3-9eba-7db92cf2e0d3;POLYGON((-79.19915812631909 43.75776658560741,-79.19691721751161 43.75776658560741,-79.19691721751161 43.75928076697144,-79.19915812631909 43.75928076697144,-79.19915812631909 43.75776658560741));POINT(-79.19803767191534 43.758523681079225);letter;landscape;osm
2024-10-27 15:16:53.625 +0100;false;2024-10-27 15:13:50.088;813c553f-797c-4340-9b25-667eb7974f44;POLYGON((103.78559061701941 9.996741803775436,104.54034681952818 9.996741803775436,104.54034681952818 10.618283610170508,103.78559061701941 10.618283610170508,103.78559061701941 9.996741803775436));POINT(104.16296871827379 10.307665987020215);a4;landscape;osm
2024-10-29 18:13:55.343 +0100;true;2024-10-29 18:11:16.577;2760aa2c-c01d-490f-b750-2fbc92d2ab60;POLYGON((-72.93041827833588 11.543100398700474,-72.92745832653115 11.543100398700474,-72.92745832653115 11.545301401731734,-72.93041827833588 11.545301401731734,-72.93041827833588 11.543100398700474));POINT(-72.92893830243352 11.544200902374854);tabloid;landscape;esri-world-imagery
2024-10-30 09:19:26.522 +0100;true;2024-10-30 09:16:13.974;3bc220bd-e4b2-496f-b2d5-5e76a22a8840;POLYGON((121.03653975393892 14.739935721282038,121.048172314472 14.739935721282038,121.048172314472 14.749351445922585,121.03653975393892 14.749351445922585,121.03653975393892 14.739935721282038));POINT(121.04235603420545 14.74464363450545);a4;landscape;osm
2024-10-30 10:25:21.281 +0100;true;2024-10-29 08:17:31.680;e1207656-78eb-4d97-8000-f3a39d66e518;POLYGON((-70.75164413869959 -3.898935496696126,-70.18775486092161 -3.898935496696126,-70.18775486092161 -3.2284522869087056,-70.75164413869959 -3.2284522869087056,-70.75164413869959 -3.898935496696126));POINT(-70.4696994998106 -3.563754973023322);a3;portrait;osm
2024-10-30 10:31:07.895 +0100;false;2024-10-29 08:17:31.680;e1207656-78eb-4d97-8000-f3a39d66e518;POLYGON((-70.75164413869959 -3.898935496696126,-70.18775486092161 -3.898935496696126,-70.18775486092161 -3.2284522869087056,-70.75164413869959 -3.2284522869087056,-70.75164413869959 -3.898935496696126));POINT(-70.4696994998106 -3.563754973023322);a3;portrait;osm
2024-10-30 10:39:32.335 +0100;false;2024-10-29 08:14:22.350;bd86454f-5c00-40b8-a140-9ab954c6a918;POLYGON((-70.83307392475267 -3.891567154414318,-70.2641967573004 -3.891567154414318,-70.2641967573004 -3.2132081980735876,-70.83307392475267 -3.2132081980735876,-70.83307392475267 -3.891567154414318));POINT(-70.54863534102654 -3.5524500020030843);a4;portrait;osm
2024-10-30 10:45:29.141 +0100;false;2024-10-29 08:17:31.680;e1207656-78eb-4d97-8000-f3a39d66e518;POLYGON((-70.75164413869959 -3.898935496696126,-70.18775486092161 -3.898935496696126,-70.18775486092161 -3.2284522869087056,-70.75164413869959 -3.2284522869087056,-70.75164413869959 -3.898935496696126));POINT(-70.4696994998106 -3.563754973023322);a3;portrait;osm
2024-10-30 10:50:48.261 +0100;false;2024-10-29 08:20:17.734;79ac949d-4495-4aec-b8bb-72ba4c0376b5;POLYGON((-70.36849496950656 -3.783976360601116,-70.35893140361075 -3.783976360601116,-70.35893140361075 -3.775988901060259,-70.36849496950656 -3.775988901060259,-70.36849496950656 -3.783976360601116));POINT(-70.36371318655866 -3.779982640026759);a4;landscape;osm
2024-10-30 10:58:56.645 +0100;false;2024-10-29 08:17:31.680;e1207656-78eb-4d97-8000-f3a39d66e518;POLYGON((-70.75164413869959 -3.898935496696126,-70.18775486092161 -3.898935496696126,-70.18775486092161 -3.2284522869087056,-70.75164413869959 -3.2284522869087056,-70.75164413869959 -3.898935496696126));POINT(-70.4696994998106 -3.563754973023322);a3;portrait;osm
2024-10-31 04:15:52.504 +0100;true;2024-09-21 15:09:20.242;6874e5da-e634-4fb1-b553-73a459570f8c;POLYGON((-34.96801933171879 -8.092330416606558,-34.96100902156009 -8.092330416606558,-34.96100902156009 -8.08652120363729,-34.96801933171879 -8.08652120363729,-34.96801933171879 -8.092330416606558));POINT(-34.96451417663944 -8.08942582058637);a2;landscape;osm
2024-10-31 04:15:53.260 +0100;true;2024-09-21 15:09:20.242;6874e5da-e634-4fb1-b553-73a459570f8c;POLYGON((-34.96801933171879 -8.092330416606558,-34.96100902156009 -8.092330416606558,-34.96100902156009 -8.08652120363729,-34.96801933171879 -8.08652120363729,-34.96801933171879 -8.092330416606558));POINT(-34.96451417663944 -8.08942582058637);a2;landscape;osm
2024-10-31 04:15:54.000 +0100;true;2024-09-21 15:09:20.242;6874e5da-e634-4fb1-b553-73a459570f8c;POLYGON((-34.96801933171879 -8.092330416606558,-34.96100902156009 -8.092330416606558,-34.96100902156009 -8.08652120363729,-34.96801933171879 -8.08652120363729,-34.96801933171879 -8.092330416606558));POINT(-34.96451417663944 -8.08942582058637);a2;landscape;osm
2024-10-31 04:15:54.474 +0100;true;2024-09-21 15:41:19.478;581e79da-a281-4325-a0f5-a4b56e08bb8f;POLYGON((-34.97102790253186 -8.091588863251971,-34.9648428835719 -8.091588863251971,-34.9648428835719 -8.08646353681641,-34.97102790253186 -8.08646353681641,-34.97102790253186 -8.091588863251971));POINT(-34.967935393051874 -8.089026208179405);a2;landscape;osm
2024-10-31 04:15:55.179 +0100;true;2024-09-21 15:41:19.478;581e79da-a281-4325-a0f5-a4b56e08bb8f;POLYGON((-34.97102790253186 -8.091588863251971,-34.9648428835719 -8.091588863251971,-34.9648428835719 -8.08646353681641,-34.97102790253186 -8.08646353681641,-34.97102790253186 -8.091588863251971));POINT(-34.967935393051874 -8.089026208179405);a2;landscape;osm
2024-10-31 11:02:06.543 +0100;false;2024-10-31 10:57:05.779;be1958df-dd95-4243-a7e0-9f7072acdfef;POLYGON((8.64551415020485 49.40067147073694,8.686039646216503 49.40067147073694,8.686039646216503 49.422740831243686,8.64551415020485 49.422740831243686,8.64551415020485 49.40067147073694));POINT(8.665776898210675 49.41170739125141);a4;landscape;osm
2024-10-31 11:16:27.854 +0100;false;2024-10-31 10:57:05.779;be1958df-dd95-4243-a7e0-9f7072acdfef;POLYGON((8.64551415020485 49.40067147073694,8.686039646216503 49.40067147073694,8.686039646216503 49.422740831243686,8.64551415020485 49.422740831243686,8.64551415020485 49.40067147073694));POINT(8.665776898210675 49.41170739125141);a4;landscape;osm
2024-10-31 12:37:32.733 +0100;false;2024-10-31 12:31:21.560;34b90609-77a3-4f5b-bab0-ba7483aeee6b;POLYGON((-2.184911357218695 53.718770971488595,-2.1666446747839148 53.718770971488595,-2.1666446747839148 53.727817640871024,-2.184911357218695 53.727817640871024,-2.184911357218695 53.718770971488595));POINT(-2.175778016001305 53.72329454945617);a4;landscape;esri-world-imagery
2024-10-31 12:55:44.219 +0100;false;2024-10-31 12:31:21.560;34b90609-77a3-4f5b-bab0-ba7483aeee6b;POLYGON((-2.184911357218695 53.718770971488595,-2.1666446747839148 53.718770971488595,-2.1666446747839148 53.727817640871024,-2.184911357218695 53.727817640871024,-2.184911357218695 53.718770971488595));POINT(-2.175778016001305 53.72329454945617);a4;landscape;esri-world-imagery
2024-10-31 12:56:35.836 +0100;false;2024-10-31 12:31:21.560;34b90609-77a3-4f5b-bab0-ba7483aeee6b;POLYGON((-2.184911357218695 53.718770971488595,-2.1666446747839148 53.718770971488595,-2.1666446747839148 53.727817640871024,-2.184911357218695 53.727817640871024,-2.184911357218695 53.718770971488595));POINT(-2.175778016001305 53.72329454945617);a4;landscape;esri-world-imagery
2024-10-31 12:57:39.316 +0100;false;2024-10-31 12:31:21.560;34b90609-77a3-4f5b-bab0-ba7483aeee6b;POLYGON((-2.184911357218695 53.718770971488595,-2.1666446747839148 53.718770971488595,-2.1666446747839148 53.727817640871024,-2.184911357218695 53.727817640871024,-2.184911357218695 53.718770971488595));POINT(-2.175778016001305 53.72329454945617);a4;landscape;esri-world-imagery
2024-11-03 14:30:03.672 +0100;true;2024-11-02 15:04:25.319;1dde4182-68d6-4aff-aee2-3d90ca276ec6;POLYGON((69.06769486131981 34.52260101441368,69.07203519817051 34.52260101441368,69.07203519817051 34.52559408204142,69.06769486131981 34.52559408204142,69.06769486131981 34.52260101441368));POINT(69.06986502974516 34.52409756167209);a4;landscape;esri-world-imagery
2024-11-05 09:57:03.095 +0100;false;2024-10-24 14:50:34.799;829a9218-1be5-43e5-ad36-b583ae3eb3af;POLYGON((8.10314949781951 49.200809715420576,8.112123498138882 49.200809715420576,8.112123498138882 49.20571749299165,8.10314949781951 49.20571749299165,8.10314949781951 49.200809715420576));POINT(8.107636497979195 49.2032636650907);a4;landscape;osm
2024-11-05 12:36:40.959 +0100;false;2024-10-22 08:27:55.821;aaa84f21-85b9-4c90-9b66-ef068d3b410d;POLYGON((35.48726842552187 2.126466293840849,35.50794862653922 2.126466293840849,35.50794862653922 2.1511565357913156,35.48726842552187 2.1511565357913156,35.48726842552187 2.126466293840849));POINT(35.49760852603055 2.1388114644855847);a3;portrait;esri-world-imagery
2024-11-07 06:27:33.398 +0100;true;2024-11-07 03:48:59.111;4e373f65-fb63-4af5-bf93-a4633a4ebb17;POLYGON((103.79778423646154 1.5929972022027528,103.82320168478151 1.5929972022027528,103.82320168478151 1.6143248856364494,103.79778423646154 1.6143248856364494,103.79778423646154 1.5929972022027528));POINT(103.81049296062153 1.6036610717025326);a3;landscape;osm
2024-11-07 11:27:05.504 +0100;false;2024-11-07 11:24:23.479;b0d11a10-3ec3-483e-82d4-c671da56a381;POLYGON((6.140729907338034 46.200743771097564,6.143280518201457 46.200743771097564,6.143280518201457 46.202221376843454,6.140729907338034 46.202221376843454,6.140729907338034 46.200743771097564));POINT(6.142005212769745 46.201482578937856);a4;landscape;osm
2024-11-07 11:29:49.924 +0100;false;2024-11-07 11:24:23.479;b0d11a10-3ec3-483e-82d4-c671da56a381;POLYGON((6.140729907338034 46.200743771097564,6.143280518201457 46.200743771097564,6.143280518201457 46.202221376843454,6.140729907338034 46.202221376843454,6.140729907338034 46.200743771097564));POINT(6.142005212769745 46.201482578937856);a4;landscape;osm
2024-11-07 13:03:45.359 +0100;true;2024-11-07 12:45:32.547;e5d41a97-722b-46f0-8a4b-2e42e86b2a73;POLYGON((-3.743080134125588 40.437045145319786,-3.7144064382444966 40.437045145319786,-3.7144064382444966 40.455309631683946,-3.743080134125588 40.455309631683946,-3.743080134125588 40.437045145319786));POINT(-3.728743286185042 40.44617800890643);a4;landscape;osm
2024-11-07 13:09:05.916 +0100;false;2024-11-07 12:45:32.547;e5d41a97-722b-46f0-8a4b-2e42e86b2a73;POLYGON((-3.743080134125588 40.437045145319786,-3.7144064382444966 40.437045145319786,-3.7144064382444966 40.455309631683946,-3.743080134125588 40.455309631683946,-3.743080134125588 40.437045145319786));POINT(-3.728743286185042 40.44617800890643);a4;landscape;osm
2024-11-07 14:20:46.534 +0100;false;2024-10-22 07:52:20.210;cc8b6169-73ea-4a71-a9c5-abe953fd8c84;POLYGON((34.87611642312401 4.099806510884619,34.89614073729561 4.099806510884619,34.89614073729561 4.1236013308351005,34.87611642312401 4.1236013308351005,34.87611642312401 4.099806510884619));POINT(34.886128580209814 4.111704009656776);a3;portrait;esri-world-imagery
2024-11-08 12:58:35.352 +0100;true;2024-11-08 12:49:17.240;2474f923-2b0e-43a5-b19a-b65c17e9b58b;POLYGON((-122.94862465850332 49.228891445801196,-122.94256166061128 49.228891445801196,-122.94256166061128 49.23220501120241,-122.94862465850332 49.23220501120241,-122.94862465850332 49.228891445801196));POINT(-122.94559315955732 49.23054825628276);a4;landscape;osm
2024-11-08 13:03:17.872 +0100;false;2024-11-08 12:49:17.240;2474f923-2b0e-43a5-b19a-b65c17e9b58b;POLYGON((-122.94862465850332 49.228891445801196,-122.94256166061128 49.228891445801196,-122.94256166061128 49.23220501120241,-122.94862465850332 49.23220501120241,-122.94862465850332 49.228891445801196));POINT(-122.94559315955732 49.23054825628276);a4;landscape;osm
2024-11-08 13:03:27.423 +0100;true;2024-11-08 12:49:17.240;2474f923-2b0e-43a5-b19a-b65c17e9b58b;POLYGON((-122.94862465850332 49.228891445801196,-122.94256166061128 49.228891445801196,-122.94256166061128 49.23220501120241,-122.94862465850332 49.23220501120241,-122.94862465850332 49.228891445801196));POINT(-122.94559315955732 49.23054825628276);a4;landscape;osm
2024-11-08 17:24:17.620 +0100;false;2024-11-08 17:20:14.050;b8bce076-b679-4240-b433-0df0786e7ee0;POLYGON((44.81698045741902 8.726516275388917,44.82788220485791 8.726516275388917,44.82788220485791 8.7346941824012,44.81698045741902 8.7346941824012,44.81698045741902 8.726516275388917));POINT(44.82243133113847 8.730605251301512);tabloid;landscape;esri-world-imagery
2024-11-08 17:59:36.830 +0100;false;2024-09-25 19:58:18.792;22fe9e87-96b2-46e2-8e8a-bb9ddd273620;POLYGON((-45.31172994167799 -23.22153544264245,-45.310080611022755 -23.22153544264245,-45.310080611022755 -23.220266756917695,-45.31172994167799 -23.220266756917695,-45.31172994167799 -23.22153544264245));POINT(-45.310905276350375 -23.22090110128663);a4;landscape;osm
2024-11-08 17:59:40.105 +0100;false;2024-09-25 19:57:51.675;02b7424f-b562-4bd0-95a0-02d515858108;POLYGON((-45.31165348456721 -23.2228937724619,-45.30964316534844 -23.2228937724619,-45.30964316534844 -23.22134742454466,-45.31165348456721 -23.22134742454466,-45.31165348456721 -23.2228937724619));POINT(-45.310648324957825 -23.222120600741576);a4;paisagem;osm
2024-11-08 17:59:43.628 +0100;false;2024-09-25 19:58:43.867;50c5e6bf-e292-435f-a551-f48894c3be25;POLYGON((-45.313820141822355 -23.22265772315906,-45.31088020718727 -23.22265772315906,-45.31088020718727 -23.220396300214446,-45.313820141822355 -23.220396300214446,-45.313820141822355 -23.22265772315906));POINT(-45.31235017450481 -23.221527016473658);a4;paisagem;osm
2024-11-08 17:59:47.272 +0100;false;2024-09-25 19:58:20.736;385fcad9-b171-416a-9e01-48be5ceba3d3;POLYGON((-45.307288681945685 -23.219021056972153,-45.303953189512924 -23.219021056972153,-45.303953189512924 -23.216455294788418,-45.307288681945685 -23.216455294788418,-45.307288681945685 -23.219021056972153));POINT(-45.3056209357293 -23.217738182041188);a4;paisagem;osm
2024-11-08 17:59:53.279 +0100;false;2024-09-25 19:58:53.568;c0ee2596-b259-4178-be6a-b1385641904a;POLYGON((-45.47263513645577 -23.212800810681856,-45.46311695552828 -23.212800810681856,-45.46311695552828 -23.202349092410415,-45.47263513645577 -23.202349092410415,-45.47263513645577 -23.212800810681856));POINT(-45.46787604599202 -23.20757505372805);a4;retrato;osm
2024-11-08 17:59:59.061 +0100;false;2024-09-25 19:57:53.594;fc1b5b57-380e-4674-929d-9c013b293b79;POLYGON((-45.318313064957174 -23.2289577399104,-45.314261909190755 -23.2289577399104,-45.314261909190755 -23.22584169319269,-45.318313064957174 -23.22584169319269,-45.318313064957174 -23.2289577399104));POINT(-45.316287487073964 -23.227399725642755);a4;landscape;osm
2024-11-08 18:00:02.450 +0100;false;2024-09-25 20:10:46.502;b16c476e-7dc0-418d-8c20-fc719d97c663;POLYGON((-45.31375945252348 -23.23104201597279,-45.30442316407859 -23.23104201597279,-45.30442316407859 -23.223860781441545,-45.31375945252348 -23.223860781441545,-45.31375945252348 -23.23104201597279));POINT(-45.30909130830102 -23.22745144699222);a4;paisagem;osm
2024-11-09 17:52:55.919 +0100;true;2024-11-09 17:30:09.362;848a75aa-f0a1-4771-9126-7b11ff5a18cc;POLYGON((81.81329672440388 25.434594879508893,81.84309489109633 25.434594879508893,81.84309489109633 25.456628389067262,81.81329672440388 25.456628389067262,81.81329672440388 25.434594879508893));POINT(81.82819580775012 25.44561213823995);a1;landscape;osm
2024-11-09 18:34:29.069 +0100;true;2024-11-09 18:25:21.820;98637803-a48a-4192-98e2-01c3377f26b2;POLYGON((81.77513324229295 25.435413727232174,81.78932980668522 25.435413727232174,81.78932980668522 25.445911453393805,81.77513324229295 25.445911453393805,81.77513324229295 25.435413727232174));POINT(81.78223152448908 25.440662704683902);a1;landscape;osm
2024-11-09 18:34:35.522 +0100;true;2024-11-09 18:23:02.911;ca0ba4a7-28bf-4fcc-bf71-47a2f64dc34f;POLYGON((81.7889136588853 25.436755135887665,81.80311022327757 25.436755135887665,81.80311022327757 25.447252745136225,81.7889136588853 25.447252745136225,81.7889136588853 25.436755135887665));POINT(81.79601194108143 25.442004054887207);a1;landscape;osm
2024-11-09 18:34:41.584 +0100;true;2024-11-09 18:20:55.120;7d929fa1-fdf8-40b6-854d-c00e8afd937f;POLYGON((81.80015349044696 25.439680756092102,81.81435005483922 25.439680756092102,81.81435005483922 25.45017811033256,81.80015349044696 25.45017811033256,81.80015349044696 25.439680756092102));POINT(81.80725177264308 25.44492954759707);a1;landscape;osm
2024-11-09 18:34:47.484 +0100;true;2024-11-09 18:17:59.425;3bfdaa1b-20ce-4283-9e8e-5ea602e8a46a;POLYGON((81.81418296092266 25.441621567282,81.82704670782702 25.441621567282,81.82704670782702 25.45113328298075,81.81418296092266 25.45113328298075,81.81418296092266 25.441621567282));POINT(81.82061483437484 25.44637751905057);a1;landscape;osm
2024-11-09 18:34:53.586 +0100;true;2024-11-09 18:14:12.917;6c9f2738-fc9e-45c4-8979-1fab0dcdde56;POLYGON((81.8269227145278 25.44023593803007,81.83991196691936 25.44023593803007,81.83991196691936 25.44984056184873,81.8269227145278 25.44984056184873,81.8269227145278 25.44023593803007));POINT(81.83341734072359 25.445038345696574);a1;landscape;osm
2024-11-10 06:29:54.174 +0100;true;2024-11-10 06:28:15.791;02c01d57-19a2-4893-83f0-960e502d815c;POLYGON((120.9898540893935 14.240733070373778,121.02324824469144 14.240733070373778,121.02324824469144 14.267822813003221,120.9898540893935 14.267822813003221,120.9898540893935 14.240733070373778));POINT(121.00655116704247 14.254278348423384);a4;landscape;osm
2024-11-10 16:23:44.927 +0100;false;2024-11-06 22:16:44.849;375d1034-4c05-4949-b045-5970413add6e;POLYGON((-76.65691265537473 5.685302464325773,-76.65152051652885 5.685302464325773,-76.65152051652885 5.690322156814048,-76.65691265537473 5.690322156814048,-76.65691265537473 5.685302464325773));POINT(-76.65421658595177 5.687812316045026);letter;landscape;osm
2024-11-10 16:28:54.814 +0100;false;2024-11-06 22:16:44.849;375d1034-4c05-4949-b045-5970413add6e;POLYGON((-76.65691265537473 5.685302464325773,-76.65152051652885 5.685302464325773,-76.65152051652885 5.690322156814048,-76.65691265537473 5.690322156814048,-76.65691265537473 5.685302464325773));POINT(-76.65421658595177 5.687812316045026);letter;landscape;osm
2024-11-10 16:32:48.575 +0100;false;2024-11-06 22:16:44.849;375d1034-4c05-4949-b045-5970413add6e;POLYGON((-76.65691265537473 5.685302464325773,-76.65152051652885 5.685302464325773,-76.65152051652885 5.690322156814048,-76.65691265537473 5.690322156814048,-76.65691265537473 5.685302464325773));POINT(-76.65421658595177 5.687812316045026);letter;landscape;osm
2024-11-10 16:33:10.462 +0100;true;2024-11-06 22:16:44.849;375d1034-4c05-4949-b045-5970413add6e;POLYGON((-76.65691265537473 5.685302464325773,-76.65152051652885 5.685302464325773,-76.65152051652885 5.690322156814048,-76.65691265537473 5.690322156814048,-76.65691265537473 5.685302464325773));POINT(-76.65421658595177 5.687812316045026);letter;landscape;osm
2024-11-10 16:49:00.683 +0100;true;2024-11-06 22:16:44.849;375d1034-4c05-4949-b045-5970413add6e;POLYGON((-76.65691265537473 5.685302464325773,-76.65152051652885 5.685302464325773,-76.65152051652885 5.690322156814048,-76.65691265537473 5.690322156814048,-76.65691265537473 5.685302464325773));POINT(-76.65421658595177 5.687812316045026);letter;landscape;osm
2024-11-11 08:31:08.307 +0100;false;2024-11-11 07:42:48.531;a4dd6d4b-187c-4822-bcd1-ce358e364ab4;POLYGON((72.87581286972434 21.241664564127063,72.90250568539676 21.241664564127063,72.90250568539676 21.26248752442072,72.87581286972434 21.26248752442072,72.87581286972434 21.241664564127063));POINT(72.88915927756055 21.25207641217669);a4;landscape;osm
2024-11-12 04:17:31.228 +0100;false;2024-11-12 04:15:28.129;307dfa75-44b0-4fd9-8e10-05a4317d34cd;POLYGON((8.667727643571475 49.40443885700674,8.687842065942625 49.40443885700674,8.687842065942625 49.41539287686783,8.667727643571475 49.41539287686783,8.667727643571475 49.40443885700674));POINT(8.67778485475705 49.409916172466836);a4;landscape;osm
2024-11-12 07:49:55.811 +0100;false;2024-11-12 07:38:43.869;0c749d98-0f54-4132-a524-73a2744b0bce;POLYGON((33.769549682073574 -13.964160051458748,33.7898124300794 -13.964160051458748,33.7898124300794 -13.947700415057525,33.769549682073574 -13.947700415057525,33.769549682073574 -13.964160051458748));POINT(33.77968105607649 -13.955930380141908);a4;landscape;osm
2024-11-12 07:55:48.549 +0100;false;2024-11-12 07:38:43.869;0c749d98-0f54-4132-a524-73a2744b0bce;POLYGON((33.769549682073574 -13.964160051458748,33.7898124300794 -13.964160051458748,33.7898124300794 -13.947700415057525,33.769549682073574 -13.947700415057525,33.769549682073574 -13.964160051458748));POINT(33.77968105607649 -13.955930380141908);a4;landscape;osm
2024-11-12 08:01:08.145 +0100;false;2024-11-12 07:38:43.869;0c749d98-0f54-4132-a524-73a2744b0bce;POLYGON((33.769549682073574 -13.964160051458748,33.7898124300794 -13.964160051458748,33.7898124300794 -13.947700415057525,33.769549682073574 -13.947700415057525,33.769549682073574 -13.964160051458748));POINT(33.77968105607649 -13.955930380141908);a4;landscape;osm
2024-11-12 10:10:42.073 +0100;false;2024-11-12 09:57:00.963;5fcfced8-94f8-45fe-b0b3-a3498434f435;POLYGON((17.232398805444728 49.57802147279406,17.282577635114595 49.57802147279406,17.282577635114595 49.605247391420676,17.232398805444728 49.605247391420676,17.232398805444728 49.57802147279406));POINT(17.25748822027966 49.59163633169973);a4;landscape;osm
2024-11-12 10:22:40.204 +0100;false;2024-11-12 09:57:00.963;5fcfced8-94f8-45fe-b0b3-a3498434f435;POLYGON((17.232398805444728 49.57802147279406,17.282577635114595 49.57802147279406,17.282577635114595 49.605247391420676,17.232398805444728 49.605247391420676,17.232398805444728 49.57802147279406));POINT(17.25748822027966 49.59163633169973);a4;landscape;osm
2024-11-12 10:33:01.827 +0100;false;2024-11-12 09:57:00.963;5fcfced8-94f8-45fe-b0b3-a3498434f435;POLYGON((17.232398805444728 49.57802147279406,17.282577635114595 49.57802147279406,17.282577635114595 49.605247391420676,17.232398805444728 49.605247391420676,17.232398805444728 49.57802147279406));POINT(17.25748822027966 49.59163633169973);a4;landscape;osm
2024-11-12 11:19:14.573 +0100;false;2024-11-12 09:57:00.963;5fcfced8-94f8-45fe-b0b3-a3498434f435;POLYGON((17.232398805444728 49.57802147279406,17.282577635114595 49.57802147279406,17.282577635114595 49.605247391420676,17.232398805444728 49.605247391420676,17.232398805444728 49.57802147279406));POINT(17.25748822027966 49.59163633169973);a4;landscape;osm
2024-11-12 11:39:26.710 +0100;true;2024-11-07 12:45:32.547;e5d41a97-722b-46f0-8a4b-2e42e86b2a73;POLYGON((-3.743080134125588 40.437045145319786,-3.7144064382444966 40.437045145319786,-3.7144064382444966 40.455309631683946,-3.743080134125588 40.455309631683946,-3.743080134125588 40.437045145319786));POINT(-3.728743286185042 40.44617800890643);a4;landscape;osm
2024-11-12 11:44:42.267 +0100;true;2024-11-07 12:45:32.547;e5d41a97-722b-46f0-8a4b-2e42e86b2a73;POLYGON((-3.743080134125588 40.437045145319786,-3.7144064382444966 40.437045145319786,-3.7144064382444966 40.455309631683946,-3.743080134125588 40.455309631683946,-3.743080134125588 40.437045145319786));POINT(-3.728743286185042 40.44617800890643);a4;landscape;osm
2024-11-12 11:47:53.264 +0100;true;2024-11-07 12:45:32.547;e5d41a97-722b-46f0-8a4b-2e42e86b2a73;POLYGON((-3.743080134125588 40.437045145319786,-3.7144064382444966 40.437045145319786,-3.7144064382444966 40.455309631683946,-3.743080134125588 40.455309631683946,-3.743080134125588 40.437045145319786));POINT(-3.728743286185042 40.44617800890643);a4;landscape;osm
2024-11-12 13:22:10.847 +0100;false;2024-11-12 13:17:08.078;16ecf39e-49cd-440c-a213-c36674901ff8;POLYGON((7.538231422570369 50.55800307838305,7.68107779008922 50.55800307838305,7.68107779008922 50.633898826761225,7.538231422570369 50.633898826761225,7.538231422570369 50.55800307838305));POINT(7.609654606329795 50.59596624936049);a4;landscape;osm
2024-11-12 14:43:23.878 +0100;false;2024-11-12 14:30:51.276;9a7d8175-ce31-43c7-bb3c-75c957aa6eca;POLYGON((7.580601041628871 50.58301377820899,7.643686269427814 50.58301377820899,7.643686269427814 50.61652889554145,7.580601041628871 50.61652889554145,7.580601041628871 50.58301377820899));POINT(7.612143655528343 50.59977432023595);a4;landscape;osm
2024-11-12 15:17:26.548 +0100;false;2024-11-12 13:31:59.527;e5fd052c-0600-47f4-94ed-17eb06599282;POLYGON((7.605517100113926 50.597864156078515,7.6106933674366 50.597864156078515,7.6106933674366 50.60061416896312,7.605517100113926 50.60061416896312,7.605517100113926 50.597864156078515));POINT(7.608105233775262 50.599239182606425);a4;landscape;esri-world-imagery
2024-11-13 09:22:30.955 +0100;true;2024-11-07 12:45:32.547;e5d41a97-722b-46f0-8a4b-2e42e86b2a73;POLYGON((-3.743080134125588 40.437045145319786,-3.7144064382444966 40.437045145319786,-3.7144064382444966 40.455309631683946,-3.743080134125588 40.455309631683946,-3.743080134125588 40.437045145319786));POINT(-3.728743286185042 40.44617800890643);a4;landscape;osm
2024-11-13 09:24:36.046 +0100;true;2024-11-07 12:45:32.547;e5d41a97-722b-46f0-8a4b-2e42e86b2a73;POLYGON((-3.743080134125588 40.437045145319786,-3.7144064382444966 40.437045145319786,-3.7144064382444966 40.455309631683946,-3.743080134125588 40.455309631683946,-3.743080134125588 40.437045145319786));POINT(-3.728743286185042 40.44617800890643);a4;landscape;osm
2024-11-13 09:26:23.529 +0100;false;2024-11-07 12:45:32.547;e5d41a97-722b-46f0-8a4b-2e42e86b2a73;POLYGON((-3.743080134125588 40.437045145319786,-3.7144064382444966 40.437045145319786,-3.7144064382444966 40.455309631683946,-3.743080134125588 40.455309631683946,-3.743080134125588 40.437045145319786));POINT(-3.728743286185042 40.44617800890643);a4;landscape;osm
2024-11-13 09:31:05.064 +0100;true;2024-11-13 09:26:54.914;a945886a-cb59-443b-b53a-2e1d0f2104f7;POLYGON((73.8877403952749 18.672459547359125,73.8945613927737 18.672459547359125,73.8945613927737 18.67786828735636,73.8877403952749 18.67786828735636,73.8877403952749 18.672459547359125));POINT(73.8911508940243 18.675163938929927);a4;landscape;osm
2024-11-13 14:58:02.585 +0100;false;2024-11-12 09:57:00.963;5fcfced8-94f8-45fe-b0b3-a3498434f435;POLYGON((17.232398805444728 49.57802147279406,17.282577635114595 49.57802147279406,17.282577635114595 49.605247391420676,17.232398805444728 49.605247391420676,17.232398805444728 49.57802147279406));POINT(17.25748822027966 49.59163633169973);a4;landscape;osm
2024-11-13 15:02:31.805 +0100;false;2024-11-12 09:57:00.963;5fcfced8-94f8-45fe-b0b3-a3498434f435;POLYGON((17.232398805444728 49.57802147279406,17.282577635114595 49.57802147279406,17.282577635114595 49.605247391420676,17.232398805444728 49.605247391420676,17.232398805444728 49.57802147279406));POINT(17.25748822027966 49.59163633169973);a4;landscape;osm
2024-11-13 15:04:23.382 +0100;false;2024-11-12 09:57:00.963;5fcfced8-94f8-45fe-b0b3-a3498434f435;POLYGON((17.232398805444728 49.57802147279406,17.282577635114595 49.57802147279406,17.282577635114595 49.605247391420676,17.232398805444728 49.605247391420676,17.232398805444728 49.57802147279406));POINT(17.25748822027966 49.59163633169973);a4;landscape;osm
2024-11-13 20:27:36.943 +0100;true;2024-11-07 12:45:32.547;e5d41a97-722b-46f0-8a4b-2e42e86b2a73;POLYGON((-3.743080134125588 40.437045145319786,-3.7144064382444966 40.437045145319786,-3.7144064382444966 40.455309631683946,-3.743080134125588 40.455309631683946,-3.743080134125588 40.437045145319786));POINT(-3.728743286185042 40.44617800890643);a4;landscape;osm
2024-11-14 09:50:09.049 +0100;true;2024-11-13 14:47:21.311;59422f99-b44c-42fd-8754-74900ba21836;POLYGON((20.777526861661713 41.100202521791914,20.834627153389103 41.100202521791914,20.834627153389103 41.13620793743422,20.777526861661713 41.13620793743422,20.777526861661713 41.100202521791914));POINT(20.806077007525406 41.11820769846571);a4;landscape;osm
2024-11-14 11:27:54.369 +0100;false;2024-11-13 14:47:21.311;59422f99-b44c-42fd-8754-74900ba21836;POLYGON((20.777526861661713 41.100202521791914,20.834627153389103 41.100202521791914,20.834627153389103 41.13620793743422,20.777526861661713 41.13620793743422,20.777526861661713 41.100202521791914));POINT(20.806077007525406 41.11820769846571);a4;landscape;osm
2024-11-14 11:28:27.423 +0100;false;2024-11-13 14:47:21.311;59422f99-b44c-42fd-8754-74900ba21836;POLYGON((20.777526861661713 41.100202521791914,20.834627153389103 41.100202521791914,20.834627153389103 41.13620793743422,20.777526861661713 41.13620793743422,20.777526861661713 41.100202521791914));POINT(20.806077007525406 41.11820769846571);a4;landscape;osm
2024-11-14 11:35:46.249 +0100;false;2024-11-13 14:47:21.311;59422f99-b44c-42fd-8754-74900ba21836;POLYGON((20.777526861661713 41.100202521791914,20.834627153389103 41.100202521791914,20.834627153389103 41.13620793743422,20.777526861661713 41.13620793743422,20.777526861661713 41.100202521791914));POINT(20.806077007525406 41.11820769846571);a4;landscape;osm
2024-11-14 12:07:18.432 +0100;false;2024-11-13 14:47:21.311;59422f99-b44c-42fd-8754-74900ba21836;POLYGON((20.777526861661713 41.100202521791914,20.834627153389103 41.100202521791914,20.834627153389103 41.13620793743422,20.777526861661713 41.13620793743422,20.777526861661713 41.100202521791914));POINT(20.806077007525406 41.11820769846571);a4;landscape;osm
2024-11-14 14:36:31.158 +0100;false;2024-11-13 14:47:21.311;59422f99-b44c-42fd-8754-74900ba21836;POLYGON((20.777526861661713 41.100202521791914,20.834627153389103 41.100202521791914,20.834627153389103 41.13620793743422,20.777526861661713 41.13620793743422,20.777526861661713 41.100202521791914));POINT(20.806077007525406 41.11820769846571);a4;landscape;osm
2024-11-14 14:46:46.874 +0100;false;2024-11-13 14:47:21.311;59422f99-b44c-42fd-8754-74900ba21836;POLYGON((20.777526861661713 41.100202521791914,20.834627153389103 41.100202521791914,20.834627153389103 41.13620793743422,20.777526861661713 41.13620793743422,20.777526861661713 41.100202521791914));POINT(20.806077007525406 41.11820769846571);a4;landscape;osm
2024-11-14 14:54:31.225 +0100;false;2024-11-14 14:40:10.226;815e20c8-fa8b-4f1f-98ac-bb71333b5749;POLYGON((20.779605799101542 41.102347407063434,20.851052242067798 41.102347407063434,20.851052242067798 41.14739441956965,20.779605799101542 41.14739441956965,20.779605799101542 41.102347407063434));POINT(20.81532902058467 41.12487477870812);a4;landscape;osm
2024-11-14 15:03:42.100 +0100;false;2024-11-13 14:47:21.311;59422f99-b44c-42fd-8754-74900ba21836;POLYGON((20.777526861661713 41.100202521791914,20.834627153389103 41.100202521791914,20.834627153389103 41.13620793743422,20.777526861661713 41.13620793743422,20.777526861661713 41.100202521791914));POINT(20.806077007525406 41.11820769846571);a4;landscape;osm
2024-11-14 16:11:47.091 +0100;false;2024-11-14 15:59:44.662;3c607a73-0455-45ab-a6df-a8464189ce0f;POLYGON((8.690248511479364 49.39120499738317,8.730906888164954 49.39120499738317,8.730906888164954 49.41335030477296,8.690248511479364 49.41335030477296,8.690248511479364 49.39120499738317));POINT(8.71057769982216 49.40227889947417);a4;landscape;osm
2024-11-14 16:19:42.124 +0100;false;2024-11-14 15:59:44.662;3c607a73-0455-45ab-a6df-a8464189ce0f;POLYGON((8.690248511479364 49.39120499738317,8.730906888164954 49.39120499738317,8.730906888164954 49.41335030477296,8.690248511479364 49.41335030477296,8.690248511479364 49.39120499738317));POINT(8.71057769982216 49.40227889947417);a4;landscape;osm
2024-11-14 16:23:13.860 +0100;false;2024-11-14 15:59:44.662;3c607a73-0455-45ab-a6df-a8464189ce0f;POLYGON((8.690248511479364 49.39120499738317,8.730906888164954 49.39120499738317,8.730906888164954 49.41335030477296,8.690248511479364 49.41335030477296,8.690248511479364 49.39120499738317));POINT(8.71057769982216 49.40227889947417);a4;landscape;osm
2024-11-15 03:44:56.611 +0100;false;2024-11-15 03:43:35.451;73ad5189-30c6-4342-bcae-faeb2c9b1134;POLYGON((120.96497767124171 14.784689192140235,120.97125880380463 14.784689192140235,120.97125880380463 14.789772486922232,120.96497767124171 14.789772486922232,120.96497767124171 14.784689192140235));POINT(120.96811823752319 14.7872308544124);a4;landscape;osm
2024-11-15 11:50:46.396 +0100;false;2024-11-14 12:46:56.927;cb1f1493-73f1-4ab6-bcef-b53287e31cf9;POLYGON((17.22711229814268 49.57680194492545,17.289533068885596 49.57680194492545,17.289533068885596 49.610668800508336,17.22711229814268 49.610668800508336,17.22711229814268 49.57680194492545));POINT(17.258322683514137 49.593738312243175);a4;landscape;osm
2024-11-15 11:51:11.033 +0100;false;2024-11-14 12:46:56.927;cb1f1493-73f1-4ab6-bcef-b53287e31cf9;POLYGON((17.22711229814268 49.57680194492545,17.289533068885596 49.57680194492545,17.289533068885596 49.610668800508336,17.22711229814268 49.610668800508336,17.22711229814268 49.57680194492545));POINT(17.258322683514137 49.593738312243175);a4;landscape;osm
2024-11-15 11:55:47.570 +0100;false;2024-11-14 12:46:56.927;cb1f1493-73f1-4ab6-bcef-b53287e31cf9;POLYGON((17.22711229814268 49.57680194492545,17.289533068885596 49.57680194492545,17.289533068885596 49.610668800508336,17.22711229814268 49.610668800508336,17.22711229814268 49.57680194492545));POINT(17.258322683514137 49.593738312243175);a4;landscape;osm
2024-11-15 11:55:49.184 +0100;false;2024-11-14 12:46:56.927;cb1f1493-73f1-4ab6-bcef-b53287e31cf9;POLYGON((17.22711229814268 49.57680194492545,17.289533068885596 49.57680194492545,17.289533068885596 49.610668800508336,17.22711229814268 49.610668800508336,17.22711229814268 49.57680194492545));POINT(17.258322683514137 49.593738312243175);a4;landscape;osm
2024-11-15 11:55:50.751 +0100;false;2024-11-14 12:46:56.927;cb1f1493-73f1-4ab6-bcef-b53287e31cf9;POLYGON((17.22711229814268 49.57680194492545,17.289533068885596 49.57680194492545,17.289533068885596 49.610668800508336,17.22711229814268 49.610668800508336,17.22711229814268 49.57680194492545));POINT(17.258322683514137 49.593738312243175);a4;landscape;osm
2024-11-15 11:57:30.351 +0100;false;2024-11-14 12:46:56.927;cb1f1493-73f1-4ab6-bcef-b53287e31cf9;POLYGON((17.22711229814268 49.57680194492545,17.289533068885596 49.57680194492545,17.289533068885596 49.610668800508336,17.22711229814268 49.610668800508336,17.22711229814268 49.57680194492545));POINT(17.258322683514137 49.593738312243175);a4;landscape;osm
2024-11-15 11:57:41.008 +0100;false;2024-11-14 12:46:56.927;cb1f1493-73f1-4ab6-bcef-b53287e31cf9;POLYGON((17.22711229814268 49.57680194492545,17.289533068885596 49.57680194492545,17.289533068885596 49.610668800508336,17.22711229814268 49.610668800508336,17.22711229814268 49.57680194492545));POINT(17.258322683514137 49.593738312243175);a4;landscape;osm
2024-11-15 11:57:46.110 +0100;false;2024-11-14 12:46:56.927;cb1f1493-73f1-4ab6-bcef-b53287e31cf9;POLYGON((17.22711229814268 49.57680194492545,17.289533068885596 49.57680194492545,17.289533068885596 49.610668800508336,17.22711229814268 49.610668800508336,17.22711229814268 49.57680194492545));POINT(17.258322683514137 49.593738312243175);a4;landscape;osm
2024-11-15 11:57:51.511 +0100;false;2024-11-14 12:46:56.927;cb1f1493-73f1-4ab6-bcef-b53287e31cf9;POLYGON((17.22711229814268 49.57680194492545,17.289533068885596 49.57680194492545,17.289533068885596 49.610668800508336,17.22711229814268 49.610668800508336,17.22711229814268 49.57680194492545));POINT(17.258322683514137 49.593738312243175);a4;landscape;osm
2024-11-15 11:57:56.750 +0100;false;2024-11-14 12:46:56.927;cb1f1493-73f1-4ab6-bcef-b53287e31cf9;POLYGON((17.22711229814268 49.57680194492545,17.289533068885596 49.57680194492545,17.289533068885596 49.610668800508336,17.22711229814268 49.610668800508336,17.22711229814268 49.57680194492545));POINT(17.258322683514137 49.593738312243175);a4;landscape;osm
2024-11-15 11:58:01.468 +0100;false;2024-11-14 12:46:56.927;cb1f1493-73f1-4ab6-bcef-b53287e31cf9;POLYGON((17.22711229814268 49.57680194492545,17.289533068885596 49.57680194492545,17.289533068885596 49.610668800508336,17.22711229814268 49.610668800508336,17.22711229814268 49.57680194492545));POINT(17.258322683514137 49.593738312243175);a4;landscape;osm
2024-11-15 11:58:06.899 +0100;false;2024-11-14 12:46:56.927;cb1f1493-73f1-4ab6-bcef-b53287e31cf9;POLYGON((17.22711229814268 49.57680194492545,17.289533068885596 49.57680194492545,17.289533068885596 49.610668800508336,17.22711229814268 49.610668800508336,17.22711229814268 49.57680194492545));POINT(17.258322683514137 49.593738312243175);a4;landscape;osm
2024-11-15 11:58:11.844 +0100;false;2024-11-14 12:46:56.927;cb1f1493-73f1-4ab6-bcef-b53287e31cf9;POLYGON((17.22711229814268 49.57680194492545,17.289533068885596 49.57680194492545,17.289533068885596 49.610668800508336,17.22711229814268 49.610668800508336,17.22711229814268 49.57680194492545));POINT(17.258322683514137 49.593738312243175);a4;landscape;osm
2024-11-15 11:58:16.485 +0100;false;2024-11-14 12:46:56.927;cb1f1493-73f1-4ab6-bcef-b53287e31cf9;POLYGON((17.22711229814268 49.57680194492545,17.289533068885596 49.57680194492545,17.289533068885596 49.610668800508336,17.22711229814268 49.610668800508336,17.22711229814268 49.57680194492545));POINT(17.258322683514137 49.593738312243175);a4;landscape;osm
2024-11-15 11:58:22.119 +0100;false;2024-11-14 12:46:56.927;cb1f1493-73f1-4ab6-bcef-b53287e31cf9;POLYGON((17.22711229814268 49.57680194492545,17.289533068885596 49.57680194492545,17.289533068885596 49.610668800508336,17.22711229814268 49.610668800508336,17.22711229814268 49.57680194492545));POINT(17.258322683514137 49.593738312243175);a4;landscape;osm
2024-11-15 11:58:27.084 +0100;false;2024-11-14 12:46:56.927;cb1f1493-73f1-4ab6-bcef-b53287e31cf9;POLYGON((17.22711229814268 49.57680194492545,17.289533068885596 49.57680194492545,17.289533068885596 49.610668800508336,17.22711229814268 49.610668800508336,17.22711229814268 49.57680194492545));POINT(17.258322683514137 49.593738312243175);a4;landscape;osm
2024-11-15 14:09:53.359 +0100;false;2024-11-06 16:35:47.200;d104f230-9a97-468a-90f0-4bbed75f2c5c;POLYGON((-70.64079261500791 -33.441570716246154,-70.60621729793903 -33.441570716246154,-70.60621729793903 -33.41741830858563,-70.64079261500791 -33.41741830858563,-70.64079261500791 -33.441570716246154));POINT(-70.62350495647347 -33.42949535251282);a4;landscape;osm
2024-11-15 14:25:36.272 +0100;false;2024-11-13 14:47:21.311;59422f99-b44c-42fd-8754-74900ba21836;POLYGON((20.777526861661713 41.100202521791914,20.834627153389103 41.100202521791914,20.834627153389103 41.13620793743422,20.777526861661713 41.13620793743422,20.777526861661713 41.100202521791914));POINT(20.806077007525406 41.11820769846571);a4;landscape;osm
2024-11-15 14:43:31.772 +0100;false;2024-11-13 14:47:21.311;59422f99-b44c-42fd-8754-74900ba21836;POLYGON((20.777526861661713 41.100202521791914,20.834627153389103 41.100202521791914,20.834627153389103 41.13620793743422,20.777526861661713 41.13620793743422,20.777526861661713 41.100202521791914));POINT(20.806077007525406 41.11820769846571);a4;landscape;osm
2024-11-15 18:54:44.747 +0100;true;2024-11-14 12:46:56.927;cb1f1493-73f1-4ab6-bcef-b53287e31cf9;POLYGON((17.22711229814268 49.57680194492545,17.289533068885596 49.57680194492545,17.289533068885596 49.610668800508336,17.22711229814268 49.610668800508336,17.22711229814268 49.57680194492545));POINT(17.258322683514137 49.593738312243175);a4;landscape;osm
2024-11-15 18:54:52.034 +0100;true;2024-11-14 12:46:56.927;cb1f1493-73f1-4ab6-bcef-b53287e31cf9;POLYGON((17.22711229814268 49.57680194492545,17.289533068885596 49.57680194492545,17.289533068885596 49.610668800508336,17.22711229814268 49.610668800508336,17.22711229814268 49.57680194492545));POINT(17.258322683514137 49.593738312243175);a4;landscape;osm
2024-11-15 18:54:58.761 +0100;true;2024-11-14 12:46:56.927;cb1f1493-73f1-4ab6-bcef-b53287e31cf9;POLYGON((17.22711229814268 49.57680194492545,17.289533068885596 49.57680194492545,17.289533068885596 49.610668800508336,17.22711229814268 49.610668800508336,17.22711229814268 49.57680194492545));POINT(17.258322683514137 49.593738312243175);a4;landscape;osm
2024-11-15 18:55:05.951 +0100;true;2024-11-14 12:46:56.927;cb1f1493-73f1-4ab6-bcef-b53287e31cf9;POLYGON((17.22711229814268 49.57680194492545,17.289533068885596 49.57680194492545,17.289533068885596 49.610668800508336,17.22711229814268 49.610668800508336,17.22711229814268 49.57680194492545));POINT(17.258322683514137 49.593738312243175);a4;landscape;osm
2024-11-15 18:55:12.722 +0100;true;2024-11-14 12:46:56.927;cb1f1493-73f1-4ab6-bcef-b53287e31cf9;POLYGON((17.22711229814268 49.57680194492545,17.289533068885596 49.57680194492545,17.289533068885596 49.610668800508336,17.22711229814268 49.610668800508336,17.22711229814268 49.57680194492545));POINT(17.258322683514137 49.593738312243175);a4;landscape;osm
2024-11-15 18:55:19.158 +0100;true;2024-11-14 12:46:56.927;cb1f1493-73f1-4ab6-bcef-b53287e31cf9;POLYGON((17.22711229814268 49.57680194492545,17.289533068885596 49.57680194492545,17.289533068885596 49.610668800508336,17.22711229814268 49.610668800508336,17.22711229814268 49.57680194492545));POINT(17.258322683514137 49.593738312243175);a4;landscape;osm
2024-11-15 18:55:26.532 +0100;true;2024-11-14 12:46:56.927;cb1f1493-73f1-4ab6-bcef-b53287e31cf9;POLYGON((17.22711229814268 49.57680194492545,17.289533068885596 49.57680194492545,17.289533068885596 49.610668800508336,17.22711229814268 49.610668800508336,17.22711229814268 49.57680194492545));POINT(17.258322683514137 49.593738312243175);a4;landscape;osm
2024-11-15 18:55:34.144 +0100;true;2024-11-14 12:46:56.927;cb1f1493-73f1-4ab6-bcef-b53287e31cf9;POLYGON((17.22711229814268 49.57680194492545,17.289533068885596 49.57680194492545,17.289533068885596 49.610668800508336,17.22711229814268 49.610668800508336,17.22711229814268 49.57680194492545));POINT(17.258322683514137 49.593738312243175);a4;landscape;osm
2024-11-15 18:55:41.084 +0100;true;2024-11-14 12:46:56.927;cb1f1493-73f1-4ab6-bcef-b53287e31cf9;POLYGON((17.22711229814268 49.57680194492545,17.289533068885596 49.57680194492545,17.289533068885596 49.610668800508336,17.22711229814268 49.610668800508336,17.22711229814268 49.57680194492545));POINT(17.258322683514137 49.593738312243175);a4;landscape;osm
2024-11-15 18:55:50.854 +0100;true;2024-11-14 12:46:56.927;cb1f1493-73f1-4ab6-bcef-b53287e31cf9;POLYGON((17.22711229814268 49.57680194492545,17.289533068885596 49.57680194492545,17.289533068885596 49.610668800508336,17.22711229814268 49.610668800508336,17.22711229814268 49.57680194492545));POINT(17.258322683514137 49.593738312243175);a4;landscape;osm
2024-11-16 15:20:01.079 +0100;true;2024-11-06 16:44:07.099;263a2d6f-b84a-419a-a092-0b543d07cf2a;POLYGON((-70.64066767197494 -33.440926118677076,-70.60512831912415 -33.440926118677076,-70.60512831912415 -33.41602920922832,-70.64066767197494 -33.41602920922832,-70.64066767197494 -33.440926118677076));POINT(-70.62289799554955 -33.42847855660567);a3;landscape;osm
2024-11-16 15:20:01.369 +0100;true;2024-11-06 16:46:03.742;a150dc62-219e-4e0f-8d97-3b7550ce0660;POLYGON((-70.66219209860738 -33.45287750609709,-70.60577689250582 -33.45287750609709,-70.60577689250582 -33.41335823962735,-70.66219209860738 -33.41335823962735,-70.66219209860738 -33.45287750609709));POINT(-70.63398449555659 -33.43312012236244);a3;landscape;osm
2024-11-16 15:20:01.646 +0100;true;2024-11-06 16:46:03.742;a150dc62-219e-4e0f-8d97-3b7550ce0660;POLYGON((-70.66219209860738 -33.45287750609709,-70.60577689250582 -33.45287750609709,-70.60577689250582 -33.41335823962735,-70.66219209860738 -33.41335823962735,-70.66219209860738 -33.45287750609709));POINT(-70.63398449555659 -33.43312012236244);a3;landscape;osm
2024-11-16 15:20:01.906 +0100;true;2024-11-06 16:46:03.742;a150dc62-219e-4e0f-8d97-3b7550ce0660;POLYGON((-70.66219209860738 -33.45287750609709,-70.60577689250582 -33.45287750609709,-70.60577689250582 -33.41335823962735,-70.66219209860738 -33.41335823962735,-70.66219209860738 -33.45287750609709));POINT(-70.63398449555659 -33.43312012236244);a3;landscape;osm
2024-11-16 15:20:02.222 +0100;true;2024-11-06 16:42:31.558;224e21b9-5f75-4080-b00c-b53276caf418;POLYGON((-70.65674172454014 -33.44838128255366,-70.62120237168938 -33.44838128255366,-70.62120237168938 -33.42348651200003,-70.65674172454014 -33.42348651200003,-70.65674172454014 -33.44838128255366));POINT(-70.63897204811475 -33.435934790029094);a3;landscape;osm
2024-11-16 15:20:02.522 +0100;true;2024-11-06 16:42:31.558;224e21b9-5f75-4080-b00c-b53276caf418;POLYGON((-70.65674172454014 -33.44838128255366,-70.62120237168938 -33.44838128255366,-70.62120237168938 -33.42348651200003,-70.65674172454014 -33.42348651200003,-70.65674172454014 -33.44838128255366));POINT(-70.63897204811475 -33.435934790029094);a3;landscape;osm
2024-11-16 15:20:02.786 +0100;true;2024-11-06 16:40:13.800;250a818e-ad8a-46c7-87d0-199849b01537;POLYGON((-70.65629839435763 -33.44800925689449,-70.62172307728876 -33.44800925689449,-70.62172307728876 -33.42385864125788,-70.65629839435763 -33.42385864125788,-70.65629839435763 -33.44800925689449));POINT(-70.63901073582319 -33.435934789253814);a4;landscape;osm
2024-11-16 15:20:03.072 +0100;true;2024-11-06 16:45:24.385;28cc64ff-302c-481f-99db-d758814b022b;POLYGON((-70.66148835580931 -33.452286982045834,-70.60660346112203 -33.452286982045834,-70.60660346112203 -33.41394902616548,-70.66148835580931 -33.41394902616548,-70.66148835580931 -33.452286982045834));POINT(-70.63404590846567 -33.4331201211317);a4;landscape;osm
2024-11-16 15:20:03.394 +0100;true;2024-11-06 16:45:24.385;28cc64ff-302c-481f-99db-d758814b022b;POLYGON((-70.66148835580931 -33.452286982045834,-70.60660346112203 -33.452286982045834,-70.60660346112203 -33.41394902616548,-70.66148835580931 -33.41394902616548,-70.66148835580931 -33.452286982045834));POINT(-70.63404590846567 -33.4331201211317);a4;landscape;osm
2024-11-16 15:20:03.693 +0100;true;2024-11-06 16:45:24.385;28cc64ff-302c-481f-99db-d758814b022b;POLYGON((-70.66148835580931 -33.452286982045834,-70.60660346112203 -33.452286982045834,-70.60660346112203 -33.41394902616548,-70.66148835580931 -33.41394902616548,-70.66148835580931 -33.452286982045834));POINT(-70.63404590846567 -33.4331201211317);a4;landscape;osm
2024-11-16 15:20:03.978 +0100;true;2024-11-06 16:45:24.385;28cc64ff-302c-481f-99db-d758814b022b;POLYGON((-70.66148835580931 -33.452286982045834,-70.60660346112203 -33.452286982045834,-70.60660346112203 -33.41394902616548,-70.66148835580931 -33.41394902616548,-70.66148835580931 -33.452286982045834));POINT(-70.63404590846567 -33.4331201211317);a4;landscape;osm
2024-11-16 15:20:04.245 +0100;true;2024-11-06 16:40:13.800;250a818e-ad8a-46c7-87d0-199849b01537;POLYGON((-70.65629839435763 -33.44800925689449,-70.62172307728876 -33.44800925689449,-70.62172307728876 -33.42385864125788,-70.65629839435763 -33.42385864125788,-70.65629839435763 -33.44800925689449));POINT(-70.63901073582319 -33.435934789253814);a4;landscape;osm
2024-11-16 15:20:04.508 +0100;true;2024-11-06 16:40:13.800;250a818e-ad8a-46c7-87d0-199849b01537;POLYGON((-70.65629839435763 -33.44800925689449,-70.62172307728876 -33.44800925689449,-70.62172307728876 -33.42385864125788,-70.65629839435763 -33.42385864125788,-70.65629839435763 -33.44800925689449));POINT(-70.63901073582319 -33.435934789253814);a4;landscape;osm
2024-11-16 15:20:04.766 +0100;true;2024-11-06 16:40:13.800;250a818e-ad8a-46c7-87d0-199849b01537;POLYGON((-70.65629839435763 -33.44800925689449,-70.62172307728876 -33.44800925689449,-70.62172307728876 -33.42385864125788,-70.65629839435763 -33.42385864125788,-70.65629839435763 -33.44800925689449));POINT(-70.63901073582319 -33.435934789253814);a4;landscape;osm
2024-11-16 15:20:05.051 +0100;true;2024-11-06 16:40:13.800;250a818e-ad8a-46c7-87d0-199849b01537;POLYGON((-70.65629839435763 -33.44800925689449,-70.62172307728876 -33.44800925689449,-70.62172307728876 -33.42385864125788,-70.65629839435763 -33.42385864125788,-70.65629839435763 -33.44800925689449));POINT(-70.63901073582319 -33.435934789253814);a4;landscape;osm
2024-11-16 15:20:05.299 +0100;true;2024-11-06 16:40:13.800;250a818e-ad8a-46c7-87d0-199849b01537;POLYGON((-70.65629839435763 -33.44800925689449,-70.62172307728876 -33.44800925689449,-70.62172307728876 -33.42385864125788,-70.65629839435763 -33.42385864125788,-70.65629839435763 -33.44800925689449));POINT(-70.63901073582319 -33.435934789253814);a4;landscape;osm
2024-11-16 15:20:05.545 +0100;true;2024-11-06 16:40:13.800;250a818e-ad8a-46c7-87d0-199849b01537;POLYGON((-70.65629839435763 -33.44800925689449,-70.62172307728876 -33.44800925689449,-70.62172307728876 -33.42385864125788,-70.65629839435763 -33.42385864125788,-70.65629839435763 -33.44800925689449));POINT(-70.63901073582319 -33.435934789253814);a4;landscape;osm
2024-11-16 15:20:05.803 +0100;true;2024-11-06 16:35:47.200;d104f230-9a97-468a-90f0-4bbed75f2c5c;POLYGON((-70.64079261500791 -33.441570716246154,-70.60621729793903 -33.441570716246154,-70.60621729793903 -33.41741830858563,-70.64079261500791 -33.41741830858563,-70.64079261500791 -33.441570716246154));POINT(-70.62350495647347 -33.42949535251282);a4;landscape;osm
2024-11-16 15:20:06.080 +0100;true;2024-11-06 16:35:47.200;d104f230-9a97-468a-90f0-4bbed75f2c5c;POLYGON((-70.64079261500791 -33.441570716246154,-70.60621729793903 -33.441570716246154,-70.60621729793903 -33.41741830858563,-70.64079261500791 -33.41741830858563,-70.64079261500791 -33.441570716246154));POINT(-70.62350495647347 -33.42949535251282);a4;landscape;osm
2024-11-16 15:20:06.398 +0100;true;2024-11-06 16:35:47.200;d104f230-9a97-468a-90f0-4bbed75f2c5c;POLYGON((-70.64079261500791 -33.441570716246154,-70.60621729793903 -33.441570716246154,-70.60621729793903 -33.41741830858563,-70.64079261500791 -33.41741830858563,-70.64079261500791 -33.441570716246154));POINT(-70.62350495647347 -33.42949535251282);a4;landscape;osm
2024-11-16 15:20:07.825 +0100;true;2024-11-06 16:35:47.200;d104f230-9a97-468a-90f0-4bbed75f2c5c;POLYGON((-70.64079261500791 -33.441570716246154,-70.60621729793903 -33.441570716246154,-70.60621729793903 -33.41741830858563,-70.64079261500791 -33.41741830858563,-70.64079261500791 -33.441570716246154));POINT(-70.62350495647347 -33.42949535251282);a4;landscape;osm
2024-11-16 15:20:08.075 +0100;true;2024-11-06 16:35:47.200;d104f230-9a97-468a-90f0-4bbed75f2c5c;POLYGON((-70.64079261500791 -33.441570716246154,-70.60621729793903 -33.441570716246154,-70.60621729793903 -33.41741830858563,-70.64079261500791 -33.41741830858563,-70.64079261500791 -33.441570716246154));POINT(-70.62350495647347 -33.42949535251282);a4;landscape;osm
2024-11-16 15:20:08.345 +0100;true;2024-11-06 16:45:24.385;28cc64ff-302c-481f-99db-d758814b022b;POLYGON((-70.66148835580931 -33.452286982045834,-70.60660346112203 -33.452286982045834,-70.60660346112203 -33.41394902616548,-70.66148835580931 -33.41394902616548,-70.66148835580931 -33.452286982045834));POINT(-70.63404590846567 -33.4331201211317);a4;landscape;osm
2024-11-16 15:20:08.619 +0100;true;2024-11-06 16:45:24.385;28cc64ff-302c-481f-99db-d758814b022b;POLYGON((-70.66148835580931 -33.452286982045834,-70.60660346112203 -33.452286982045834,-70.60660346112203 -33.41394902616548,-70.66148835580931 -33.41394902616548,-70.66148835580931 -33.452286982045834));POINT(-70.63404590846567 -33.4331201211317);a4;landscape;osm
2024-11-16 15:20:08.926 +0100;true;2024-11-06 16:45:24.385;28cc64ff-302c-481f-99db-d758814b022b;POLYGON((-70.66148835580931 -33.452286982045834,-70.60660346112203 -33.452286982045834,-70.60660346112203 -33.41394902616548,-70.66148835580931 -33.41394902616548,-70.66148835580931 -33.452286982045834));POINT(-70.63404590846567 -33.4331201211317);a4;landscape;osm
2024-11-16 15:20:09.179 +0100;true;2024-11-06 16:40:13.800;250a818e-ad8a-46c7-87d0-199849b01537;POLYGON((-70.65629839435763 -33.44800925689449,-70.62172307728876 -33.44800925689449,-70.62172307728876 -33.42385864125788,-70.65629839435763 -33.42385864125788,-70.65629839435763 -33.44800925689449));POINT(-70.63901073582319 -33.435934789253814);a4;landscape;osm
2024-11-16 15:20:09.436 +0100;true;2024-11-06 16:40:13.800;250a818e-ad8a-46c7-87d0-199849b01537;POLYGON((-70.65629839435763 -33.44800925689449,-70.62172307728876 -33.44800925689449,-70.62172307728876 -33.42385864125788,-70.65629839435763 -33.42385864125788,-70.65629839435763 -33.44800925689449));POINT(-70.63901073582319 -33.435934789253814);a4;landscape;osm
2024-11-16 15:20:09.669 +0100;true;2024-11-06 16:40:13.800;250a818e-ad8a-46c7-87d0-199849b01537;POLYGON((-70.65629839435763 -33.44800925689449,-70.62172307728876 -33.44800925689449,-70.62172307728876 -33.42385864125788,-70.65629839435763 -33.42385864125788,-70.65629839435763 -33.44800925689449));POINT(-70.63901073582319 -33.435934789253814);a4;landscape;osm
2024-11-16 15:20:09.897 +0100;true;2024-11-06 16:40:13.800;250a818e-ad8a-46c7-87d0-199849b01537;POLYGON((-70.65629839435763 -33.44800925689449,-70.62172307728876 -33.44800925689449,-70.62172307728876 -33.42385864125788,-70.65629839435763 -33.42385864125788,-70.65629839435763 -33.44800925689449));POINT(-70.63901073582319 -33.435934789253814);a4;landscape;osm
2024-11-16 15:20:10.135 +0100;true;2024-11-06 16:45:24.385;28cc64ff-302c-481f-99db-d758814b022b;POLYGON((-70.66148835580931 -33.452286982045834,-70.60660346112203 -33.452286982045834,-70.60660346112203 -33.41394902616548,-70.66148835580931 -33.41394902616548,-70.66148835580931 -33.452286982045834));POINT(-70.63404590846567 -33.4331201211317);a4;landscape;osm
2024-11-16 15:20:10.386 +0100;true;2024-11-06 16:45:24.385;28cc64ff-302c-481f-99db-d758814b022b;POLYGON((-70.66148835580931 -33.452286982045834,-70.60660346112203 -33.452286982045834,-70.60660346112203 -33.41394902616548,-70.66148835580931 -33.41394902616548,-70.66148835580931 -33.452286982045834));POINT(-70.63404590846567 -33.4331201211317);a4;landscape;osm
2024-11-16 15:20:10.637 +0100;true;2024-11-06 16:45:24.385;28cc64ff-302c-481f-99db-d758814b022b;POLYGON((-70.66148835580931 -33.452286982045834,-70.60660346112203 -33.452286982045834,-70.60660346112203 -33.41394902616548,-70.66148835580931 -33.41394902616548,-70.66148835580931 -33.452286982045834));POINT(-70.63404590846567 -33.4331201211317);a4;landscape;osm
2024-11-16 15:20:10.942 +0100;true;2024-11-06 16:45:24.385;28cc64ff-302c-481f-99db-d758814b022b;POLYGON((-70.66148835580931 -33.452286982045834,-70.60660346112203 -33.452286982045834,-70.60660346112203 -33.41394902616548,-70.66148835580931 -33.41394902616548,-70.66148835580931 -33.452286982045834));POINT(-70.63404590846567 -33.4331201211317);a4;landscape;osm
2024-11-16 15:20:11.203 +0100;true;2024-11-06 16:45:24.385;28cc64ff-302c-481f-99db-d758814b022b;POLYGON((-70.66148835580931 -33.452286982045834,-70.60660346112203 -33.452286982045834,-70.60660346112203 -33.41394902616548,-70.66148835580931 -33.41394902616548,-70.66148835580931 -33.452286982045834));POINT(-70.63404590846567 -33.4331201211317);a4;landscape;osm
2024-11-16 15:20:11.447 +0100;true;2024-11-06 16:45:24.385;28cc64ff-302c-481f-99db-d758814b022b;POLYGON((-70.66148835580931 -33.452286982045834,-70.60660346112203 -33.452286982045834,-70.60660346112203 -33.41394902616548,-70.66148835580931 -33.41394902616548,-70.66148835580931 -33.452286982045834));POINT(-70.63404590846567 -33.4331201211317);a4;landscape;osm
2024-11-16 15:20:11.694 +0100;true;2024-11-06 16:45:24.385;28cc64ff-302c-481f-99db-d758814b022b;POLYGON((-70.66148835580931 -33.452286982045834,-70.60660346112203 -33.452286982045834,-70.60660346112203 -33.41394902616548,-70.66148835580931 -33.41394902616548,-70.66148835580931 -33.452286982045834));POINT(-70.63404590846567 -33.4331201211317);a4;landscape;osm
2024-11-16 15:20:11.924 +0100;true;2024-11-06 16:35:47.200;d104f230-9a97-468a-90f0-4bbed75f2c5c;POLYGON((-70.64079261500791 -33.441570716246154,-70.60621729793903 -33.441570716246154,-70.60621729793903 -33.41741830858563,-70.64079261500791 -33.41741830858563,-70.64079261500791 -33.441570716246154));POINT(-70.62350495647347 -33.42949535251282);a4;landscape;osm
2024-11-16 15:20:12.169 +0100;true;2024-11-06 16:35:47.200;d104f230-9a97-468a-90f0-4bbed75f2c5c;POLYGON((-70.64079261500791 -33.441570716246154,-70.60621729793903 -33.441570716246154,-70.60621729793903 -33.41741830858563,-70.64079261500791 -33.41741830858563,-70.64079261500791 -33.441570716246154));POINT(-70.62350495647347 -33.42949535251282);a4;landscape;osm
2024-11-16 15:20:12.409 +0100;true;2024-11-06 16:35:47.200;d104f230-9a97-468a-90f0-4bbed75f2c5c;POLYGON((-70.64079261500791 -33.441570716246154,-70.60621729793903 -33.441570716246154,-70.60621729793903 -33.41741830858563,-70.64079261500791 -33.41741830858563,-70.64079261500791 -33.441570716246154));POINT(-70.62350495647347 -33.42949535251282);a4;landscape;osm
2024-11-16 15:20:12.638 +0100;true;2024-11-06 16:35:47.200;d104f230-9a97-468a-90f0-4bbed75f2c5c;POLYGON((-70.64079261500791 -33.441570716246154,-70.60621729793903 -33.441570716246154,-70.60621729793903 -33.41741830858563,-70.64079261500791 -33.41741830858563,-70.64079261500791 -33.441570716246154));POINT(-70.62350495647347 -33.42949535251282);a4;landscape;osm
2024-11-16 15:20:12.873 +0100;true;2024-11-06 16:35:47.200;d104f230-9a97-468a-90f0-4bbed75f2c5c;POLYGON((-70.64079261500791 -33.441570716246154,-70.60621729793903 -33.441570716246154,-70.60621729793903 -33.41741830858563,-70.64079261500791 -33.41741830858563,-70.64079261500791 -33.441570716246154));POINT(-70.62350495647347 -33.42949535251282);a4;landscape;osm
2024-11-16 15:20:13.103 +0100;true;2024-11-06 16:35:47.200;d104f230-9a97-468a-90f0-4bbed75f2c5c;POLYGON((-70.64079261500791 -33.441570716246154,-70.60621729793903 -33.441570716246154,-70.60621729793903 -33.41741830858563,-70.64079261500791 -33.41741830858563,-70.64079261500791 -33.441570716246154));POINT(-70.62350495647347 -33.42949535251282);a4;landscape;osm
2024-11-16 15:20:13.339 +0100;true;2024-11-06 16:35:47.200;d104f230-9a97-468a-90f0-4bbed75f2c5c;POLYGON((-70.64079261500791 -33.441570716246154,-70.60621729793903 -33.441570716246154,-70.60621729793903 -33.41741830858563,-70.64079261500791 -33.41741830858563,-70.64079261500791 -33.441570716246154));POINT(-70.62350495647347 -33.42949535251282);a4;landscape;osm
2024-11-16 15:38:43.496 +0100;true;2024-11-06 16:45:24.385;28cc64ff-302c-481f-99db-d758814b022b;POLYGON((-70.66148835580931 -33.452286982045834,-70.60660346112203 -33.452286982045834,-70.60660346112203 -33.41394902616548,-70.66148835580931 -33.41394902616548,-70.66148835580931 -33.452286982045834));POINT(-70.63404590846567 -33.4331201211317);a4;landscape;osm
2024-11-16 15:39:30.334 +0100;true;2024-11-06 16:35:47.200;d104f230-9a97-468a-90f0-4bbed75f2c5c;POLYGON((-70.64079261500791 -33.441570716246154,-70.60621729793903 -33.441570716246154,-70.60621729793903 -33.41741830858563,-70.64079261500791 -33.41741830858563,-70.64079261500791 -33.441570716246154));POINT(-70.62350495647347 -33.42949535251282);a4;landscape;osm
2024-11-16 15:40:18.544 +0100;true;2024-11-06 16:45:24.385;28cc64ff-302c-481f-99db-d758814b022b;POLYGON((-70.66148835580931 -33.452286982045834,-70.60660346112203 -33.452286982045834,-70.60660346112203 -33.41394902616548,-70.66148835580931 -33.41394902616548,-70.66148835580931 -33.452286982045834));POINT(-70.63404590846567 -33.4331201211317);a4;landscape;osm
2024-11-16 15:40:25.092 +0100;true;2024-11-06 16:45:24.385;28cc64ff-302c-481f-99db-d758814b022b;POLYGON((-70.66148835580931 -33.452286982045834,-70.60660346112203 -33.452286982045834,-70.60660346112203 -33.41394902616548,-70.66148835580931 -33.41394902616548,-70.66148835580931 -33.452286982045834));POINT(-70.63404590846567 -33.4331201211317);a4;landscape;osm
2024-11-16 15:42:47.881 +0100;true;2024-11-06 16:45:24.385;28cc64ff-302c-481f-99db-d758814b022b;POLYGON((-70.66148835580931 -33.452286982045834,-70.60660346112203 -33.452286982045834,-70.60660346112203 -33.41394902616548,-70.66148835580931 -33.41394902616548,-70.66148835580931 -33.452286982045834));POINT(-70.63404590846567 -33.4331201211317);a4;landscape;osm
2024-11-16 15:43:28.360 +0100;true;2024-11-06 16:40:13.800;250a818e-ad8a-46c7-87d0-199849b01537;POLYGON((-70.65629839435763 -33.44800925689449,-70.62172307728876 -33.44800925689449,-70.62172307728876 -33.42385864125788,-70.65629839435763 -33.42385864125788,-70.65629839435763 -33.44800925689449));POINT(-70.63901073582319 -33.435934789253814);a4;landscape;osm
2024-11-16 15:44:14.341 +0100;false;2024-11-06 16:40:13.800;250a818e-ad8a-46c7-87d0-199849b01537;POLYGON((-70.65629839435763 -33.44800925689449,-70.62172307728876 -33.44800925689449,-70.62172307728876 -33.42385864125788,-70.65629839435763 -33.42385864125788,-70.65629839435763 -33.44800925689449));POINT(-70.63901073582319 -33.435934789253814);a4;landscape;osm
2024-11-16 15:44:45.122 +0100;true;2024-11-06 16:35:47.200;d104f230-9a97-468a-90f0-4bbed75f2c5c;POLYGON((-70.64079261500791 -33.441570716246154,-70.60621729793903 -33.441570716246154,-70.60621729793903 -33.41741830858563,-70.64079261500791 -33.41741830858563,-70.64079261500791 -33.441570716246154));POINT(-70.62350495647347 -33.42949535251282);a4;landscape;osm
2024-11-16 15:45:16.544 +0100;true;2024-11-06 16:35:47.200;d104f230-9a97-468a-90f0-4bbed75f2c5c;POLYGON((-70.64079261500791 -33.441570716246154,-70.60621729793903 -33.441570716246154,-70.60621729793903 -33.41741830858563,-70.64079261500791 -33.41741830858563,-70.64079261500791 -33.441570716246154));POINT(-70.62350495647347 -33.42949535251282);a4;landscape;osm
2024-11-16 15:45:33.440 +0100;true;2024-11-06 16:45:24.385;28cc64ff-302c-481f-99db-d758814b022b;POLYGON((-70.66148835580931 -33.452286982045834,-70.60660346112203 -33.452286982045834,-70.60660346112203 -33.41394902616548,-70.66148835580931 -33.41394902616548,-70.66148835580931 -33.452286982045834));POINT(-70.63404590846567 -33.4331201211317);a4;landscape;osm
2024-11-16 15:46:24.532 +0100;false;2024-11-06 16:45:24.385;28cc64ff-302c-481f-99db-d758814b022b;POLYGON((-70.66148835580931 -33.452286982045834,-70.60660346112203 -33.452286982045834,-70.60660346112203 -33.41394902616548,-70.66148835580931 -33.41394902616548,-70.66148835580931 -33.452286982045834));POINT(-70.63404590846567 -33.4331201211317);a4;landscape;osm
2024-11-16 15:46:54.023 +0100;true;2024-11-06 16:45:24.385;28cc64ff-302c-481f-99db-d758814b022b;POLYGON((-70.66148835580931 -33.452286982045834,-70.60660346112203 -33.452286982045834,-70.60660346112203 -33.41394902616548,-70.66148835580931 -33.41394902616548,-70.66148835580931 -33.452286982045834));POINT(-70.63404590846567 -33.4331201211317);a4;landscape;osm
2024-11-16 15:48:10.156 +0100;true;2024-11-06 16:40:13.800;250a818e-ad8a-46c7-87d0-199849b01537;POLYGON((-70.65629839435763 -33.44800925689449,-70.62172307728876 -33.44800925689449,-70.62172307728876 -33.42385864125788,-70.65629839435763 -33.42385864125788,-70.65629839435763 -33.44800925689449));POINT(-70.63901073582319 -33.435934789253814);a4;landscape;osm
2024-11-16 15:48:11.870 +0100;false;2024-11-06 16:40:13.800;250a818e-ad8a-46c7-87d0-199849b01537;POLYGON((-70.65629839435763 -33.44800925689449,-70.62172307728876 -33.44800925689449,-70.62172307728876 -33.42385864125788,-70.65629839435763 -33.42385864125788,-70.65629839435763 -33.44800925689449));POINT(-70.63901073582319 -33.435934789253814);a4;landscape;osm
2024-11-16 15:49:20.608 +0100;true;2024-11-06 16:45:24.385;28cc64ff-302c-481f-99db-d758814b022b;POLYGON((-70.66148835580931 -33.452286982045834,-70.60660346112203 -33.452286982045834,-70.60660346112203 -33.41394902616548,-70.66148835580931 -33.41394902616548,-70.66148835580931 -33.452286982045834));POINT(-70.63404590846567 -33.4331201211317);a4;landscape;osm
2024-11-16 15:49:20.890 +0100;true;2024-11-06 16:45:24.385;28cc64ff-302c-481f-99db-d758814b022b;POLYGON((-70.66148835580931 -33.452286982045834,-70.60660346112203 -33.452286982045834,-70.60660346112203 -33.41394902616548,-70.66148835580931 -33.41394902616548,-70.66148835580931 -33.452286982045834));POINT(-70.63404590846567 -33.4331201211317);a4;landscape;osm
2024-11-16 15:49:21.170 +0100;true;2024-11-06 16:45:24.385;28cc64ff-302c-481f-99db-d758814b022b;POLYGON((-70.66148835580931 -33.452286982045834,-70.60660346112203 -33.452286982045834,-70.60660346112203 -33.41394902616548,-70.66148835580931 -33.41394902616548,-70.66148835580931 -33.452286982045834));POINT(-70.63404590846567 -33.4331201211317);a4;landscape;osm
2024-11-16 15:49:23.057 +0100;true;2024-11-06 16:45:24.385;28cc64ff-302c-481f-99db-d758814b022b;POLYGON((-70.66148835580931 -33.452286982045834,-70.60660346112203 -33.452286982045834,-70.60660346112203 -33.41394902616548,-70.66148835580931 -33.41394902616548,-70.66148835580931 -33.452286982045834));POINT(-70.63404590846567 -33.4331201211317);a4;landscape;osm
2024-11-16 15:49:23.312 +0100;true;2024-11-06 16:40:13.800;250a818e-ad8a-46c7-87d0-199849b01537;POLYGON((-70.65629839435763 -33.44800925689449,-70.62172307728876 -33.44800925689449,-70.62172307728876 -33.42385864125788,-70.65629839435763 -33.42385864125788,-70.65629839435763 -33.44800925689449));POINT(-70.63901073582319 -33.435934789253814);a4;landscape;osm
2024-11-16 15:49:23.645 +0100;true;2024-11-06 16:40:13.800;250a818e-ad8a-46c7-87d0-199849b01537;POLYGON((-70.65629839435763 -33.44800925689449,-70.62172307728876 -33.44800925689449,-70.62172307728876 -33.42385864125788,-70.65629839435763 -33.42385864125788,-70.65629839435763 -33.44800925689449));POINT(-70.63901073582319 -33.435934789253814);a4;landscape;osm
2024-11-16 15:49:23.903 +0100;true;2024-11-06 16:40:13.800;250a818e-ad8a-46c7-87d0-199849b01537;POLYGON((-70.65629839435763 -33.44800925689449,-70.62172307728876 -33.44800925689449,-70.62172307728876 -33.42385864125788,-70.65629839435763 -33.42385864125788,-70.65629839435763 -33.44800925689449));POINT(-70.63901073582319 -33.435934789253814);a4;landscape;osm
2024-11-16 15:49:24.228 +0100;true;2024-11-06 16:40:13.800;250a818e-ad8a-46c7-87d0-199849b01537;POLYGON((-70.65629839435763 -33.44800925689449,-70.62172307728876 -33.44800925689449,-70.62172307728876 -33.42385864125788,-70.65629839435763 -33.42385864125788,-70.65629839435763 -33.44800925689449));POINT(-70.63901073582319 -33.435934789253814);a4;landscape;osm
2024-11-16 15:49:24.485 +0100;true;2024-11-06 16:40:13.800;250a818e-ad8a-46c7-87d0-199849b01537;POLYGON((-70.65629839435763 -33.44800925689449,-70.62172307728876 -33.44800925689449,-70.62172307728876 -33.42385864125788,-70.65629839435763 -33.42385864125788,-70.65629839435763 -33.44800925689449));POINT(-70.63901073582319 -33.435934789253814);a4;landscape;osm
2024-11-16 15:49:24.742 +0100;true;2024-11-06 16:40:13.800;250a818e-ad8a-46c7-87d0-199849b01537;POLYGON((-70.65629839435763 -33.44800925689449,-70.62172307728876 -33.44800925689449,-70.62172307728876 -33.42385864125788,-70.65629839435763 -33.42385864125788,-70.65629839435763 -33.44800925689449));POINT(-70.63901073582319 -33.435934789253814);a4;landscape;osm
2024-11-16 15:49:24.997 +0100;true;2024-11-06 16:35:47.200;d104f230-9a97-468a-90f0-4bbed75f2c5c;POLYGON((-70.64079261500791 -33.441570716246154,-70.60621729793903 -33.441570716246154,-70.60621729793903 -33.41741830858563,-70.64079261500791 -33.41741830858563,-70.64079261500791 -33.441570716246154));POINT(-70.62350495647347 -33.42949535251282);a4;landscape;osm
2024-11-16 15:49:25.249 +0100;true;2024-11-06 16:35:47.200;d104f230-9a97-468a-90f0-4bbed75f2c5c;POLYGON((-70.64079261500791 -33.441570716246154,-70.60621729793903 -33.441570716246154,-70.60621729793903 -33.41741830858563,-70.64079261500791 -33.41741830858563,-70.64079261500791 -33.441570716246154));POINT(-70.62350495647347 -33.42949535251282);a4;landscape;osm
2024-11-16 15:49:25.509 +0100;true;2024-11-06 16:35:47.200;d104f230-9a97-468a-90f0-4bbed75f2c5c;POLYGON((-70.64079261500791 -33.441570716246154,-70.60621729793903 -33.441570716246154,-70.60621729793903 -33.41741830858563,-70.64079261500791 -33.41741830858563,-70.64079261500791 -33.441570716246154));POINT(-70.62350495647347 -33.42949535251282);a4;landscape;osm
2024-11-16 15:49:25.818 +0100;true;2024-11-06 16:35:47.200;d104f230-9a97-468a-90f0-4bbed75f2c5c;POLYGON((-70.64079261500791 -33.441570716246154,-70.60621729793903 -33.441570716246154,-70.60621729793903 -33.41741830858563,-70.64079261500791 -33.41741830858563,-70.64079261500791 -33.441570716246154));POINT(-70.62350495647347 -33.42949535251282);a4;landscape;osm
2024-11-16 15:50:12.023 +0100;true;2024-11-06 16:45:24.385;28cc64ff-302c-481f-99db-d758814b022b;POLYGON((-70.66148835580931 -33.452286982045834,-70.60660346112203 -33.452286982045834,-70.60660346112203 -33.41394902616548,-70.66148835580931 -33.41394902616548,-70.66148835580931 -33.452286982045834));POINT(-70.63404590846567 -33.4331201211317);a4;landscape;osm
2024-11-16 15:50:18.254 +0100;true;2024-11-06 16:45:24.385;28cc64ff-302c-481f-99db-d758814b022b;POLYGON((-70.66148835580931 -33.452286982045834,-70.60660346112203 -33.452286982045834,-70.60660346112203 -33.41394902616548,-70.66148835580931 -33.41394902616548,-70.66148835580931 -33.452286982045834));POINT(-70.63404590846567 -33.4331201211317);a4;landscape;osm
2024-11-16 15:51:11.827 +0100;false;2024-11-06 16:40:13.800;250a818e-ad8a-46c7-87d0-199849b01537;POLYGON((-70.65629839435763 -33.44800925689449,-70.62172307728876 -33.44800925689449,-70.62172307728876 -33.42385864125788,-70.65629839435763 -33.42385864125788,-70.65629839435763 -33.44800925689449));POINT(-70.63901073582319 -33.435934789253814);a4;landscape;osm
2024-11-16 15:57:31.081 +0100;true;2024-11-06 16:35:47.200;d104f230-9a97-468a-90f0-4bbed75f2c5c;POLYGON((-70.64079261500791 -33.441570716246154,-70.60621729793903 -33.441570716246154,-70.60621729793903 -33.41741830858563,-70.64079261500791 -33.41741830858563,-70.64079261500791 -33.441570716246154));POINT(-70.62350495647347 -33.42949535251282);a4;landscape;osm
2024-11-16 15:57:31.312 +0100;true;2024-11-06 16:45:24.385;28cc64ff-302c-481f-99db-d758814b022b;POLYGON((-70.66148835580931 -33.452286982045834,-70.60660346112203 -33.452286982045834,-70.60660346112203 -33.41394902616548,-70.66148835580931 -33.41394902616548,-70.66148835580931 -33.452286982045834));POINT(-70.63404590846567 -33.4331201211317);a4;landscape;osm
2024-11-16 15:57:31.563 +0100;true;2024-11-06 16:35:47.200;d104f230-9a97-468a-90f0-4bbed75f2c5c;POLYGON((-70.64079261500791 -33.441570716246154,-70.60621729793903 -33.441570716246154,-70.60621729793903 -33.41741830858563,-70.64079261500791 -33.41741830858563,-70.64079261500791 -33.441570716246154));POINT(-70.62350495647347 -33.42949535251282);a4;landscape;osm
2024-11-16 16:02:29.378 +0100;true;2024-11-06 16:40:13.800;250a818e-ad8a-46c7-87d0-199849b01537;POLYGON((-70.65629839435763 -33.44800925689449,-70.62172307728876 -33.44800925689449,-70.62172307728876 -33.42385864125788,-70.65629839435763 -33.42385864125788,-70.65629839435763 -33.44800925689449));POINT(-70.63901073582319 -33.435934789253814);a4;landscape;osm
2024-11-16 16:02:29.638 +0100;true;2024-11-06 16:40:13.800;250a818e-ad8a-46c7-87d0-199849b01537;POLYGON((-70.65629839435763 -33.44800925689449,-70.62172307728876 -33.44800925689449,-70.62172307728876 -33.42385864125788,-70.65629839435763 -33.42385864125788,-70.65629839435763 -33.44800925689449));POINT(-70.63901073582319 -33.435934789253814);a4;landscape;osm
2024-11-16 16:02:29.886 +0100;true;2024-11-06 16:40:13.800;250a818e-ad8a-46c7-87d0-199849b01537;POLYGON((-70.65629839435763 -33.44800925689449,-70.62172307728876 -33.44800925689449,-70.62172307728876 -33.42385864125788,-70.65629839435763 -33.42385864125788,-70.65629839435763 -33.44800925689449));POINT(-70.63901073582319 -33.435934789253814);a4;landscape;osm
2024-11-16 16:02:30.113 +0100;true;2024-11-06 16:40:13.800;250a818e-ad8a-46c7-87d0-199849b01537;POLYGON((-70.65629839435763 -33.44800925689449,-70.62172307728876 -33.44800925689449,-70.62172307728876 -33.42385864125788,-70.65629839435763 -33.42385864125788,-70.65629839435763 -33.44800925689449));POINT(-70.63901073582319 -33.435934789253814);a4;landscape;osm
2024-11-16 16:02:30.352 +0100;true;2024-11-06 16:45:24.385;28cc64ff-302c-481f-99db-d758814b022b;POLYGON((-70.66148835580931 -33.452286982045834,-70.60660346112203 -33.452286982045834,-70.60660346112203 -33.41394902616548,-70.66148835580931 -33.41394902616548,-70.66148835580931 -33.452286982045834));POINT(-70.63404590846567 -33.4331201211317);a4;landscape;osm
2024-11-16 16:02:30.601 +0100;true;2024-11-06 16:45:24.385;28cc64ff-302c-481f-99db-d758814b022b;POLYGON((-70.66148835580931 -33.452286982045834,-70.60660346112203 -33.452286982045834,-70.60660346112203 -33.41394902616548,-70.66148835580931 -33.41394902616548,-70.66148835580931 -33.452286982045834));POINT(-70.63404590846567 -33.4331201211317);a4;landscape;osm
2024-11-16 16:02:30.852 +0100;true;2024-11-06 16:45:24.385;28cc64ff-302c-481f-99db-d758814b022b;POLYGON((-70.66148835580931 -33.452286982045834,-70.60660346112203 -33.452286982045834,-70.60660346112203 -33.41394902616548,-70.66148835580931 -33.41394902616548,-70.66148835580931 -33.452286982045834));POINT(-70.63404590846567 -33.4331201211317);a4;landscape;osm
2024-11-16 16:02:31.110 +0100;true;2024-11-06 16:45:24.385;28cc64ff-302c-481f-99db-d758814b022b;POLYGON((-70.66148835580931 -33.452286982045834,-70.60660346112203 -33.452286982045834,-70.60660346112203 -33.41394902616548,-70.66148835580931 -33.41394902616548,-70.66148835580931 -33.452286982045834));POINT(-70.63404590846567 -33.4331201211317);a4;landscape;osm
2024-11-16 16:02:31.371 +0100;true;2024-11-06 16:45:24.385;28cc64ff-302c-481f-99db-d758814b022b;POLYGON((-70.66148835580931 -33.452286982045834,-70.60660346112203 -33.452286982045834,-70.60660346112203 -33.41394902616548,-70.66148835580931 -33.41394902616548,-70.66148835580931 -33.452286982045834));POINT(-70.63404590846567 -33.4331201211317);a4;landscape;osm
2024-11-16 16:02:31.622 +0100;true;2024-11-06 16:45:24.385;28cc64ff-302c-481f-99db-d758814b022b;POLYGON((-70.66148835580931 -33.452286982045834,-70.60660346112203 -33.452286982045834,-70.60660346112203 -33.41394902616548,-70.66148835580931 -33.41394902616548,-70.66148835580931 -33.452286982045834));POINT(-70.63404590846567 -33.4331201211317);a4;landscape;osm
2024-11-16 16:02:31.923 +0100;true;2024-11-06 16:45:24.385;28cc64ff-302c-481f-99db-d758814b022b;POLYGON((-70.66148835580931 -33.452286982045834,-70.60660346112203 -33.452286982045834,-70.60660346112203 -33.41394902616548,-70.66148835580931 -33.41394902616548,-70.66148835580931 -33.452286982045834));POINT(-70.63404590846567 -33.4331201211317);a4;landscape;osm
2024-11-16 16:02:32.154 +0100;true;2024-11-06 16:35:47.200;d104f230-9a97-468a-90f0-4bbed75f2c5c;POLYGON((-70.64079261500791 -33.441570716246154,-70.60621729793903 -33.441570716246154,-70.60621729793903 -33.41741830858563,-70.64079261500791 -33.41741830858563,-70.64079261500791 -33.441570716246154));POINT(-70.62350495647347 -33.42949535251282);a4;landscape;osm
2024-11-16 16:02:32.401 +0100;true;2024-11-06 16:35:47.200;d104f230-9a97-468a-90f0-4bbed75f2c5c;POLYGON((-70.64079261500791 -33.441570716246154,-70.60621729793903 -33.441570716246154,-70.60621729793903 -33.41741830858563,-70.64079261500791 -33.41741830858563,-70.64079261500791 -33.441570716246154));POINT(-70.62350495647347 -33.42949535251282);a4;landscape;osm
2024-11-16 16:02:32.641 +0100;true;2024-11-06 16:35:47.200;d104f230-9a97-468a-90f0-4bbed75f2c5c;POLYGON((-70.64079261500791 -33.441570716246154,-70.60621729793903 -33.441570716246154,-70.60621729793903 -33.41741830858563,-70.64079261500791 -33.41741830858563,-70.64079261500791 -33.441570716246154));POINT(-70.62350495647347 -33.42949535251282);a4;landscape;osm
2024-11-16 16:02:32.869 +0100;true;2024-11-06 16:35:47.200;d104f230-9a97-468a-90f0-4bbed75f2c5c;POLYGON((-70.64079261500791 -33.441570716246154,-70.60621729793903 -33.441570716246154,-70.60621729793903 -33.41741830858563,-70.64079261500791 -33.41741830858563,-70.64079261500791 -33.441570716246154));POINT(-70.62350495647347 -33.42949535251282);a4;landscape;osm
2024-11-16 16:02:33.106 +0100;true;2024-11-06 16:35:47.200;d104f230-9a97-468a-90f0-4bbed75f2c5c;POLYGON((-70.64079261500791 -33.441570716246154,-70.60621729793903 -33.441570716246154,-70.60621729793903 -33.41741830858563,-70.64079261500791 -33.41741830858563,-70.64079261500791 -33.441570716246154));POINT(-70.62350495647347 -33.42949535251282);a4;landscape;osm
2024-11-16 16:02:33.346 +0100;true;2024-11-06 16:35:47.200;d104f230-9a97-468a-90f0-4bbed75f2c5c;POLYGON((-70.64079261500791 -33.441570716246154,-70.60621729793903 -33.441570716246154,-70.60621729793903 -33.41741830858563,-70.64079261500791 -33.41741830858563,-70.64079261500791 -33.441570716246154));POINT(-70.62350495647347 -33.42949535251282);a4;landscape;osm
2024-11-16 16:02:33.605 +0100;true;2024-11-06 16:35:47.200;d104f230-9a97-468a-90f0-4bbed75f2c5c;POLYGON((-70.64079261500791 -33.441570716246154,-70.60621729793903 -33.441570716246154,-70.60621729793903 -33.41741830858563,-70.64079261500791 -33.41741830858563,-70.64079261500791 -33.441570716246154));POINT(-70.62350495647347 -33.42949535251282);a4;landscape;osm
2024-11-16 16:02:33.897 +0100;true;2024-11-06 16:44:07.099;263a2d6f-b84a-419a-a092-0b543d07cf2a;POLYGON((-70.64066767197494 -33.440926118677076,-70.60512831912415 -33.440926118677076,-70.60512831912415 -33.41602920922832,-70.64066767197494 -33.41602920922832,-70.64066767197494 -33.440926118677076));POINT(-70.62289799554955 -33.42847855660567);a3;landscape;osm
2024-11-16 16:02:35.428 +0100;true;2024-11-06 16:46:03.742;a150dc62-219e-4e0f-8d97-3b7550ce0660;POLYGON((-70.66219209860738 -33.45287750609709,-70.60577689250582 -33.45287750609709,-70.60577689250582 -33.41335823962735,-70.66219209860738 -33.41335823962735,-70.66219209860738 -33.45287750609709));POINT(-70.63398449555659 -33.43312012236244);a3;landscape;osm
2024-11-16 16:02:35.703 +0100;true;2024-11-06 16:46:03.742;a150dc62-219e-4e0f-8d97-3b7550ce0660;POLYGON((-70.66219209860738 -33.45287750609709,-70.60577689250582 -33.45287750609709,-70.60577689250582 -33.41335823962735,-70.66219209860738 -33.41335823962735,-70.66219209860738 -33.45287750609709));POINT(-70.63398449555659 -33.43312012236244);a3;landscape;osm
2024-11-16 16:02:35.963 +0100;true;2024-11-06 16:46:03.742;a150dc62-219e-4e0f-8d97-3b7550ce0660;POLYGON((-70.66219209860738 -33.45287750609709,-70.60577689250582 -33.45287750609709,-70.60577689250582 -33.41335823962735,-70.66219209860738 -33.41335823962735,-70.66219209860738 -33.45287750609709));POINT(-70.63398449555659 -33.43312012236244);a3;landscape;osm
2024-11-16 16:02:36.269 +0100;true;2024-11-06 16:42:31.558;224e21b9-5f75-4080-b00c-b53276caf418;POLYGON((-70.65674172454014 -33.44838128255366,-70.62120237168938 -33.44838128255366,-70.62120237168938 -33.42348651200003,-70.65674172454014 -33.42348651200003,-70.65674172454014 -33.44838128255366));POINT(-70.63897204811475 -33.435934790029094);a3;landscape;osm
2024-11-16 16:02:36.566 +0100;true;2024-11-06 16:42:31.558;224e21b9-5f75-4080-b00c-b53276caf418;POLYGON((-70.65674172454014 -33.44838128255366,-70.62120237168938 -33.44838128255366,-70.62120237168938 -33.42348651200003,-70.65674172454014 -33.42348651200003,-70.65674172454014 -33.44838128255366));POINT(-70.63897204811475 -33.435934790029094);a3;landscape;osm
2024-11-16 16:02:36.832 +0100;true;2024-11-06 16:40:13.800;250a818e-ad8a-46c7-87d0-199849b01537;POLYGON((-70.65629839435763 -33.44800925689449,-70.62172307728876 -33.44800925689449,-70.62172307728876 -33.42385864125788,-70.65629839435763 -33.42385864125788,-70.65629839435763 -33.44800925689449));POINT(-70.63901073582319 -33.435934789253814);a4;landscape;osm
2024-11-16 16:02:37.119 +0100;true;2024-11-06 16:45:24.385;28cc64ff-302c-481f-99db-d758814b022b;POLYGON((-70.66148835580931 -33.452286982045834,-70.60660346112203 -33.452286982045834,-70.60660346112203 -33.41394902616548,-70.66148835580931 -33.41394902616548,-70.66148835580931 -33.452286982045834));POINT(-70.63404590846567 -33.4331201211317);a4;landscape;osm
2024-11-16 16:02:37.398 +0100;true;2024-11-06 16:45:24.385;28cc64ff-302c-481f-99db-d758814b022b;POLYGON((-70.66148835580931 -33.452286982045834,-70.60660346112203 -33.452286982045834,-70.60660346112203 -33.41394902616548,-70.66148835580931 -33.41394902616548,-70.66148835580931 -33.452286982045834));POINT(-70.63404590846567 -33.4331201211317);a4;landscape;osm
2024-11-16 16:02:37.677 +0100;true;2024-11-06 16:45:24.385;28cc64ff-302c-481f-99db-d758814b022b;POLYGON((-70.66148835580931 -33.452286982045834,-70.60660346112203 -33.452286982045834,-70.60660346112203 -33.41394902616548,-70.66148835580931 -33.41394902616548,-70.66148835580931 -33.452286982045834));POINT(-70.63404590846567 -33.4331201211317);a4;landscape;osm
2024-11-16 16:02:37.947 +0100;true;2024-11-06 16:45:24.385;28cc64ff-302c-481f-99db-d758814b022b;POLYGON((-70.66148835580931 -33.452286982045834,-70.60660346112203 -33.452286982045834,-70.60660346112203 -33.41394902616548,-70.66148835580931 -33.41394902616548,-70.66148835580931 -33.452286982045834));POINT(-70.63404590846567 -33.4331201211317);a4;landscape;osm
2024-11-16 16:02:38.203 +0100;true;2024-11-06 16:40:13.800;250a818e-ad8a-46c7-87d0-199849b01537;POLYGON((-70.65629839435763 -33.44800925689449,-70.62172307728876 -33.44800925689449,-70.62172307728876 -33.42385864125788,-70.65629839435763 -33.42385864125788,-70.65629839435763 -33.44800925689449));POINT(-70.63901073582319 -33.435934789253814);a4;landscape;osm
2024-11-16 16:02:38.397 +0100;true;2024-11-06 16:40:13.800;250a818e-ad8a-46c7-87d0-199849b01537;POLYGON((-70.65629839435763 -33.44800925689449,-70.62172307728876 -33.44800925689449,-70.62172307728876 -33.42385864125788,-70.65629839435763 -33.42385864125788,-70.65629839435763 -33.44800925689449));POINT(-70.63901073582319 -33.435934789253814);a4;landscape;osm
2024-11-16 16:02:38.700 +0100;true;2024-11-06 16:40:13.800;250a818e-ad8a-46c7-87d0-199849b01537;POLYGON((-70.65629839435763 -33.44800925689449,-70.62172307728876 -33.44800925689449,-70.62172307728876 -33.42385864125788,-70.65629839435763 -33.42385864125788,-70.65629839435763 -33.44800925689449));POINT(-70.63901073582319 -33.435934789253814);a4;landscape;osm
2024-11-16 16:02:38.963 +0100;true;2024-11-06 16:40:13.800;250a818e-ad8a-46c7-87d0-199849b01537;POLYGON((-70.65629839435763 -33.44800925689449,-70.62172307728876 -33.44800925689449,-70.62172307728876 -33.42385864125788,-70.65629839435763 -33.42385864125788,-70.65629839435763 -33.44800925689449));POINT(-70.63901073582319 -33.435934789253814);a4;landscape;osm
2024-11-16 16:02:39.237 +0100;true;2024-11-06 16:40:13.800;250a818e-ad8a-46c7-87d0-199849b01537;POLYGON((-70.65629839435763 -33.44800925689449,-70.62172307728876 -33.44800925689449,-70.62172307728876 -33.42385864125788,-70.65629839435763 -33.42385864125788,-70.65629839435763 -33.44800925689449));POINT(-70.63901073582319 -33.435934789253814);a4;landscape;osm
2024-11-16 16:02:39.482 +0100;true;2024-11-06 16:40:13.800;250a818e-ad8a-46c7-87d0-199849b01537;POLYGON((-70.65629839435763 -33.44800925689449,-70.62172307728876 -33.44800925689449,-70.62172307728876 -33.42385864125788,-70.65629839435763 -33.42385864125788,-70.65629839435763 -33.44800925689449));POINT(-70.63901073582319 -33.435934789253814);a4;landscape;osm
2024-11-16 16:02:39.740 +0100;true;2024-11-06 16:35:47.200;d104f230-9a97-468a-90f0-4bbed75f2c5c;POLYGON((-70.64079261500791 -33.441570716246154,-70.60621729793903 -33.441570716246154,-70.60621729793903 -33.41741830858563,-70.64079261500791 -33.41741830858563,-70.64079261500791 -33.441570716246154));POINT(-70.62350495647347 -33.42949535251282);a4;landscape;osm
2024-11-16 16:02:39.999 +0100;true;2024-11-06 16:35:47.200;d104f230-9a97-468a-90f0-4bbed75f2c5c;POLYGON((-70.64079261500791 -33.441570716246154,-70.60621729793903 -33.441570716246154,-70.60621729793903 -33.41741830858563,-70.64079261500791 -33.41741830858563,-70.64079261500791 -33.441570716246154));POINT(-70.62350495647347 -33.42949535251282);a4;landscape;osm
2024-11-16 16:02:40.265 +0100;true;2024-11-06 16:35:47.200;d104f230-9a97-468a-90f0-4bbed75f2c5c;POLYGON((-70.64079261500791 -33.441570716246154,-70.60621729793903 -33.441570716246154,-70.60621729793903 -33.41741830858563,-70.64079261500791 -33.41741830858563,-70.64079261500791 -33.441570716246154));POINT(-70.62350495647347 -33.42949535251282);a4;landscape;osm
2024-11-16 16:02:40.532 +0100;true;2024-11-06 16:35:47.200;d104f230-9a97-468a-90f0-4bbed75f2c5c;POLYGON((-70.64079261500791 -33.441570716246154,-70.60621729793903 -33.441570716246154,-70.60621729793903 -33.41741830858563,-70.64079261500791 -33.41741830858563,-70.64079261500791 -33.441570716246154));POINT(-70.62350495647347 -33.42949535251282);a4;landscape;osm
2024-11-16 16:02:40.825 +0100;true;2024-11-06 16:35:47.200;d104f230-9a97-468a-90f0-4bbed75f2c5c;POLYGON((-70.64079261500791 -33.441570716246154,-70.60621729793903 -33.441570716246154,-70.60621729793903 -33.41741830858563,-70.64079261500791 -33.41741830858563,-70.64079261500791 -33.441570716246154));POINT(-70.62350495647347 -33.42949535251282);a4;landscape;osm
2024-11-16 16:02:41.121 +0100;true;2024-11-06 16:45:24.385;28cc64ff-302c-481f-99db-d758814b022b;POLYGON((-70.66148835580931 -33.452286982045834,-70.60660346112203 -33.452286982045834,-70.60660346112203 -33.41394902616548,-70.66148835580931 -33.41394902616548,-70.66148835580931 -33.452286982045834));POINT(-70.63404590846567 -33.4331201211317);a4;landscape;osm
2024-11-16 16:02:41.392 +0100;true;2024-11-06 16:45:24.385;28cc64ff-302c-481f-99db-d758814b022b;POLYGON((-70.66148835580931 -33.452286982045834,-70.60660346112203 -33.452286982045834,-70.60660346112203 -33.41394902616548,-70.66148835580931 -33.41394902616548,-70.66148835580931 -33.452286982045834));POINT(-70.63404590846567 -33.4331201211317);a4;landscape;osm
2024-11-16 16:02:41.697 +0100;true;2024-11-06 16:45:24.385;28cc64ff-302c-481f-99db-d758814b022b;POLYGON((-70.66148835580931 -33.452286982045834,-70.60660346112203 -33.452286982045834,-70.60660346112203 -33.41394902616548,-70.66148835580931 -33.41394902616548,-70.66148835580931 -33.452286982045834));POINT(-70.63404590846567 -33.4331201211317);a4;landscape;osm
2024-11-16 16:03:45.289 +0100;true;2024-11-06 16:35:47.200;d104f230-9a97-468a-90f0-4bbed75f2c5c;POLYGON((-70.64079261500791 -33.441570716246154,-70.60621729793903 -33.441570716246154,-70.60621729793903 -33.41741830858563,-70.64079261500791 -33.41741830858563,-70.64079261500791 -33.441570716246154));POINT(-70.62350495647347 -33.42949535251282);a4;landscape;osm
2024-11-16 16:03:46.399 +0100;true;2024-11-06 16:45:24.385;28cc64ff-302c-481f-99db-d758814b022b;POLYGON((-70.66148835580931 -33.452286982045834,-70.60660346112203 -33.452286982045834,-70.60660346112203 -33.41394902616548,-70.66148835580931 -33.41394902616548,-70.66148835580931 -33.452286982045834));POINT(-70.63404590846567 -33.4331201211317);a4;landscape;osm
2024-11-16 16:03:46.690 +0100;true;2024-11-06 16:45:24.385;28cc64ff-302c-481f-99db-d758814b022b;POLYGON((-70.66148835580931 -33.452286982045834,-70.60660346112203 -33.452286982045834,-70.60660346112203 -33.41394902616548,-70.66148835580931 -33.41394902616548,-70.66148835580931 -33.452286982045834));POINT(-70.63404590846567 -33.4331201211317);a4;landscape;osm
2024-11-16 16:03:47.190 +0100;true;2024-11-06 16:45:24.385;28cc64ff-302c-481f-99db-d758814b022b;POLYGON((-70.66148835580931 -33.452286982045834,-70.60660346112203 -33.452286982045834,-70.60660346112203 -33.41394902616548,-70.66148835580931 -33.41394902616548,-70.66148835580931 -33.452286982045834));POINT(-70.63404590846567 -33.4331201211317);a4;landscape;osm
2024-11-16 16:03:47.457 +0100;true;2024-11-06 16:40:13.800;250a818e-ad8a-46c7-87d0-199849b01537;POLYGON((-70.65629839435763 -33.44800925689449,-70.62172307728876 -33.44800925689449,-70.62172307728876 -33.42385864125788,-70.65629839435763 -33.42385864125788,-70.65629839435763 -33.44800925689449));POINT(-70.63901073582319 -33.435934789253814);a4;landscape;osm
2024-11-16 16:03:47.726 +0100;true;2024-11-06 16:40:13.800;250a818e-ad8a-46c7-87d0-199849b01537;POLYGON((-70.65629839435763 -33.44800925689449,-70.62172307728876 -33.44800925689449,-70.62172307728876 -33.42385864125788,-70.65629839435763 -33.42385864125788,-70.65629839435763 -33.44800925689449));POINT(-70.63901073582319 -33.435934789253814);a4;landscape;osm
2024-11-16 16:03:48.325 +0100;true;2024-11-06 16:40:13.800;250a818e-ad8a-46c7-87d0-199849b01537;POLYGON((-70.65629839435763 -33.44800925689449,-70.62172307728876 -33.44800925689449,-70.62172307728876 -33.42385864125788,-70.65629839435763 -33.42385864125788,-70.65629839435763 -33.44800925689449));POINT(-70.63901073582319 -33.435934789253814);a4;landscape;osm
2024-11-16 16:03:48.926 +0100;true;2024-11-06 16:40:13.800;250a818e-ad8a-46c7-87d0-199849b01537;POLYGON((-70.65629839435763 -33.44800925689449,-70.62172307728876 -33.44800925689449,-70.62172307728876 -33.42385864125788,-70.65629839435763 -33.42385864125788,-70.65629839435763 -33.44800925689449));POINT(-70.63901073582319 -33.435934789253814);a4;landscape;osm
2024-11-16 16:03:49.205 +0100;true;2024-11-06 16:45:24.385;28cc64ff-302c-481f-99db-d758814b022b;POLYGON((-70.66148835580931 -33.452286982045834,-70.60660346112203 -33.452286982045834,-70.60660346112203 -33.41394902616548,-70.66148835580931 -33.41394902616548,-70.66148835580931 -33.452286982045834));POINT(-70.63404590846567 -33.4331201211317);a4;landscape;osm
2024-11-16 16:03:49.730 +0100;true;2024-11-06 16:45:24.385;28cc64ff-302c-481f-99db-d758814b022b;POLYGON((-70.66148835580931 -33.452286982045834,-70.60660346112203 -33.452286982045834,-70.60660346112203 -33.41394902616548,-70.66148835580931 -33.41394902616548,-70.66148835580931 -33.452286982045834));POINT(-70.63404590846567 -33.4331201211317);a4;landscape;osm
2024-11-16 16:03:50.065 +0100;true;2024-11-06 16:45:24.385;28cc64ff-302c-481f-99db-d758814b022b;POLYGON((-70.66148835580931 -33.452286982045834,-70.60660346112203 -33.452286982045834,-70.60660346112203 -33.41394902616548,-70.66148835580931 -33.41394902616548,-70.66148835580931 -33.452286982045834));POINT(-70.63404590846567 -33.4331201211317);a4;landscape;osm
2024-11-16 16:04:56.550 +0100;true;2024-11-06 16:35:47.200;d104f230-9a97-468a-90f0-4bbed75f2c5c;POLYGON((-70.64079261500791 -33.441570716246154,-70.60621729793903 -33.441570716246154,-70.60621729793903 -33.41741830858563,-70.64079261500791 -33.41741830858563,-70.64079261500791 -33.441570716246154));POINT(-70.62350495647347 -33.42949535251282);a4;landscape;osm
2024-11-16 16:04:56.902 +0100;true;2024-11-06 16:35:47.200;d104f230-9a97-468a-90f0-4bbed75f2c5c;POLYGON((-70.64079261500791 -33.441570716246154,-70.60621729793903 -33.441570716246154,-70.60621729793903 -33.41741830858563,-70.64079261500791 -33.41741830858563,-70.64079261500791 -33.441570716246154));POINT(-70.62350495647347 -33.42949535251282);a4;landscape;osm
2024-11-16 16:04:57.319 +0100;true;2024-11-06 16:35:47.200;d104f230-9a97-468a-90f0-4bbed75f2c5c;POLYGON((-70.64079261500791 -33.441570716246154,-70.60621729793903 -33.441570716246154,-70.60621729793903 -33.41741830858563,-70.64079261500791 -33.41741830858563,-70.64079261500791 -33.441570716246154));POINT(-70.62350495647347 -33.42949535251282);a4;landscape;osm
2024-11-16 16:04:58.089 +0100;true;2024-11-06 16:35:47.200;d104f230-9a97-468a-90f0-4bbed75f2c5c;POLYGON((-70.64079261500791 -33.441570716246154,-70.60621729793903 -33.441570716246154,-70.60621729793903 -33.41741830858563,-70.64079261500791 -33.41741830858563,-70.64079261500791 -33.441570716246154));POINT(-70.62350495647347 -33.42949535251282);a4;landscape;osm
2024-11-16 16:04:58.553 +0100;true;2024-11-06 16:35:47.200;d104f230-9a97-468a-90f0-4bbed75f2c5c;POLYGON((-70.64079261500791 -33.441570716246154,-70.60621729793903 -33.441570716246154,-70.60621729793903 -33.41741830858563,-70.64079261500791 -33.41741830858563,-70.64079261500791 -33.441570716246154));POINT(-70.62350495647347 -33.42949535251282);a4;landscape;osm
2024-11-16 16:04:59.504 +0100;true;2024-11-06 16:44:07.099;263a2d6f-b84a-419a-a092-0b543d07cf2a;POLYGON((-70.64066767197494 -33.440926118677076,-70.60512831912415 -33.440926118677076,-70.60512831912415 -33.41602920922832,-70.64066767197494 -33.41602920922832,-70.64066767197494 -33.440926118677076));POINT(-70.62289799554955 -33.42847855660567);a3;landscape;osm
2024-11-16 16:05:00.030 +0100;true;2024-11-06 16:46:03.742;a150dc62-219e-4e0f-8d97-3b7550ce0660;POLYGON((-70.66219209860738 -33.45287750609709,-70.60577689250582 -33.45287750609709,-70.60577689250582 -33.41335823962735,-70.66219209860738 -33.41335823962735,-70.66219209860738 -33.45287750609709));POINT(-70.63398449555659 -33.43312012236244);a3;landscape;osm
2024-11-16 16:05:00.376 +0100;true;2024-11-06 16:46:03.742;a150dc62-219e-4e0f-8d97-3b7550ce0660;POLYGON((-70.66219209860738 -33.45287750609709,-70.60577689250582 -33.45287750609709,-70.60577689250582 -33.41335823962735,-70.66219209860738 -33.41335823962735,-70.66219209860738 -33.45287750609709));POINT(-70.63398449555659 -33.43312012236244);a3;landscape;osm
2024-11-16 16:05:01.089 +0100;true;2024-11-06 16:46:03.742;a150dc62-219e-4e0f-8d97-3b7550ce0660;POLYGON((-70.66219209860738 -33.45287750609709,-70.60577689250582 -33.45287750609709,-70.60577689250582 -33.41335823962735,-70.66219209860738 -33.41335823962735,-70.66219209860738 -33.45287750609709));POINT(-70.63398449555659 -33.43312012236244);a3;landscape;osm
2024-11-16 16:05:02.767 +0100;true;2024-11-06 16:42:31.558;224e21b9-5f75-4080-b00c-b53276caf418;POLYGON((-70.65674172454014 -33.44838128255366,-70.62120237168938 -33.44838128255366,-70.62120237168938 -33.42348651200003,-70.65674172454014 -33.42348651200003,-70.65674172454014 -33.44838128255366));POINT(-70.63897204811475 -33.435934790029094);a3;landscape;osm
2024-11-16 16:05:03.211 +0100;true;2024-11-06 16:42:31.558;224e21b9-5f75-4080-b00c-b53276caf418;POLYGON((-70.65674172454014 -33.44838128255366,-70.62120237168938 -33.44838128255366,-70.62120237168938 -33.42348651200003,-70.65674172454014 -33.42348651200003,-70.65674172454014 -33.44838128255366));POINT(-70.63897204811475 -33.435934790029094);a3;landscape;osm
2024-11-16 16:05:03.754 +0100;true;2024-11-06 16:40:13.800;250a818e-ad8a-46c7-87d0-199849b01537;POLYGON((-70.65629839435763 -33.44800925689449,-70.62172307728876 -33.44800925689449,-70.62172307728876 -33.42385864125788,-70.65629839435763 -33.42385864125788,-70.65629839435763 -33.44800925689449));POINT(-70.63901073582319 -33.435934789253814);a4;landscape;osm
2024-11-16 16:05:04.604 +0100;true;2024-11-06 16:45:24.385;28cc64ff-302c-481f-99db-d758814b022b;POLYGON((-70.66148835580931 -33.452286982045834,-70.60660346112203 -33.452286982045834,-70.60660346112203 -33.41394902616548,-70.66148835580931 -33.41394902616548,-70.66148835580931 -33.452286982045834));POINT(-70.63404590846567 -33.4331201211317);a4;landscape;osm
2024-11-16 16:05:04.949 +0100;true;2024-11-06 16:45:24.385;28cc64ff-302c-481f-99db-d758814b022b;POLYGON((-70.66148835580931 -33.452286982045834,-70.60660346112203 -33.452286982045834,-70.60660346112203 -33.41394902616548,-70.66148835580931 -33.41394902616548,-70.66148835580931 -33.452286982045834));POINT(-70.63404590846567 -33.4331201211317);a4;landscape;osm
2024-11-16 16:05:05.712 +0100;true;2024-11-06 16:45:24.385;28cc64ff-302c-481f-99db-d758814b022b;POLYGON((-70.66148835580931 -33.452286982045834,-70.60660346112203 -33.452286982045834,-70.60660346112203 -33.41394902616548,-70.66148835580931 -33.41394902616548,-70.66148835580931 -33.452286982045834));POINT(-70.63404590846567 -33.4331201211317);a4;landscape;osm
2024-11-16 16:05:06.087 +0100;true;2024-11-06 16:45:24.385;28cc64ff-302c-481f-99db-d758814b022b;POLYGON((-70.66148835580931 -33.452286982045834,-70.60660346112203 -33.452286982045834,-70.60660346112203 -33.41394902616548,-70.66148835580931 -33.41394902616548,-70.66148835580931 -33.452286982045834));POINT(-70.63404590846567 -33.4331201211317);a4;landscape;osm
2024-11-16 16:05:06.413 +0100;true;2024-11-06 16:40:13.800;250a818e-ad8a-46c7-87d0-199849b01537;POLYGON((-70.65629839435763 -33.44800925689449,-70.62172307728876 -33.44800925689449,-70.62172307728876 -33.42385864125788,-70.65629839435763 -33.42385864125788,-70.65629839435763 -33.44800925689449));POINT(-70.63901073582319 -33.435934789253814);a4;landscape;osm
2024-11-16 16:05:06.657 +0100;true;2024-11-06 16:40:13.800;250a818e-ad8a-46c7-87d0-199849b01537;POLYGON((-70.65629839435763 -33.44800925689449,-70.62172307728876 -33.44800925689449,-70.62172307728876 -33.42385864125788,-70.65629839435763 -33.42385864125788,-70.65629839435763 -33.44800925689449));POINT(-70.63901073582319 -33.435934789253814);a4;landscape;osm
2024-11-16 16:05:07.260 +0100;true;2024-11-06 16:40:13.800;250a818e-ad8a-46c7-87d0-199849b01537;POLYGON((-70.65629839435763 -33.44800925689449,-70.62172307728876 -33.44800925689449,-70.62172307728876 -33.42385864125788,-70.65629839435763 -33.42385864125788,-70.65629839435763 -33.44800925689449));POINT(-70.63901073582319 -33.435934789253814);a4;landscape;osm
2024-11-16 16:05:08.047 +0100;true;2024-11-06 16:40:13.800;250a818e-ad8a-46c7-87d0-199849b01537;POLYGON((-70.65629839435763 -33.44800925689449,-70.62172307728876 -33.44800925689449,-70.62172307728876 -33.42385864125788,-70.65629839435763 -33.42385864125788,-70.65629839435763 -33.44800925689449));POINT(-70.63901073582319 -33.435934789253814);a4;landscape;osm
2024-11-16 16:05:08.751 +0100;true;2024-11-06 16:40:13.800;250a818e-ad8a-46c7-87d0-199849b01537;POLYGON((-70.65629839435763 -33.44800925689449,-70.62172307728876 -33.44800925689449,-70.62172307728876 -33.42385864125788,-70.65629839435763 -33.42385864125788,-70.65629839435763 -33.44800925689449));POINT(-70.63901073582319 -33.435934789253814);a4;landscape;osm
2024-11-16 16:05:09.618 +0100;true;2024-11-06 16:40:13.800;250a818e-ad8a-46c7-87d0-199849b01537;POLYGON((-70.65629839435763 -33.44800925689449,-70.62172307728876 -33.44800925689449,-70.62172307728876 -33.42385864125788,-70.65629839435763 -33.42385864125788,-70.65629839435763 -33.44800925689449));POINT(-70.63901073582319 -33.435934789253814);a4;landscape;osm
2024-11-16 16:05:09.990 +0100;true;2024-11-06 16:35:47.200;d104f230-9a97-468a-90f0-4bbed75f2c5c;POLYGON((-70.64079261500791 -33.441570716246154,-70.60621729793903 -33.441570716246154,-70.60621729793903 -33.41741830858563,-70.64079261500791 -33.41741830858563,-70.64079261500791 -33.441570716246154));POINT(-70.62350495647347 -33.42949535251282);a4;landscape;osm
2024-11-16 16:05:10.608 +0100;true;2024-11-06 16:35:47.200;d104f230-9a97-468a-90f0-4bbed75f2c5c;POLYGON((-70.64079261500791 -33.441570716246154,-70.60621729793903 -33.441570716246154,-70.60621729793903 -33.41741830858563,-70.64079261500791 -33.41741830858563,-70.64079261500791 -33.441570716246154));POINT(-70.62350495647347 -33.42949535251282);a4;landscape;osm
2024-11-16 16:05:11.350 +0100;true;2024-11-06 16:35:47.200;d104f230-9a97-468a-90f0-4bbed75f2c5c;POLYGON((-70.64079261500791 -33.441570716246154,-70.60621729793903 -33.441570716246154,-70.60621729793903 -33.41741830858563,-70.64079261500791 -33.41741830858563,-70.64079261500791 -33.441570716246154));POINT(-70.62350495647347 -33.42949535251282);a4;landscape;osm
2024-11-16 16:05:11.789 +0100;true;2024-11-06 16:35:47.200;d104f230-9a97-468a-90f0-4bbed75f2c5c;POLYGON((-70.64079261500791 -33.441570716246154,-70.60621729793903 -33.441570716246154,-70.60621729793903 -33.41741830858563,-70.64079261500791 -33.41741830858563,-70.64079261500791 -33.441570716246154));POINT(-70.62350495647347 -33.42949535251282);a4;landscape;osm
2024-11-16 16:05:12.488 +0100;true;2024-11-06 16:35:47.200;d104f230-9a97-468a-90f0-4bbed75f2c5c;POLYGON((-70.64079261500791 -33.441570716246154,-70.60621729793903 -33.441570716246154,-70.60621729793903 -33.41741830858563,-70.64079261500791 -33.41741830858563,-70.64079261500791 -33.441570716246154));POINT(-70.62350495647347 -33.42949535251282);a4;landscape;osm
2024-11-16 16:05:13.101 +0100;true;2024-11-06 16:45:24.385;28cc64ff-302c-481f-99db-d758814b022b;POLYGON((-70.66148835580931 -33.452286982045834,-70.60660346112203 -33.452286982045834,-70.60660346112203 -33.41394902616548,-70.66148835580931 -33.41394902616548,-70.66148835580931 -33.452286982045834));POINT(-70.63404590846567 -33.4331201211317);a4;landscape;osm
2024-11-16 16:05:13.567 +0100;true;2024-11-06 16:45:24.385;28cc64ff-302c-481f-99db-d758814b022b;POLYGON((-70.66148835580931 -33.452286982045834,-70.60660346112203 -33.452286982045834,-70.60660346112203 -33.41394902616548,-70.66148835580931 -33.41394902616548,-70.66148835580931 -33.452286982045834));POINT(-70.63404590846567 -33.4331201211317);a4;landscape;osm
2024-11-16 16:05:14.403 +0100;true;2024-11-06 16:45:24.385;28cc64ff-302c-481f-99db-d758814b022b;POLYGON((-70.66148835580931 -33.452286982045834,-70.60660346112203 -33.452286982045834,-70.60660346112203 -33.41394902616548,-70.66148835580931 -33.41394902616548,-70.66148835580931 -33.452286982045834));POINT(-70.63404590846567 -33.4331201211317);a4;landscape;osm
2024-11-16 16:05:14.716 +0100;true;2024-11-06 16:40:13.800;250a818e-ad8a-46c7-87d0-199849b01537;POLYGON((-70.65629839435763 -33.44800925689449,-70.62172307728876 -33.44800925689449,-70.62172307728876 -33.42385864125788,-70.65629839435763 -33.42385864125788,-70.65629839435763 -33.44800925689449));POINT(-70.63901073582319 -33.435934789253814);a4;landscape;osm
2024-11-16 16:05:15.089 +0100;true;2024-11-06 16:40:13.800;250a818e-ad8a-46c7-87d0-199849b01537;POLYGON((-70.65629839435763 -33.44800925689449,-70.62172307728876 -33.44800925689449,-70.62172307728876 -33.42385864125788,-70.65629839435763 -33.42385864125788,-70.65629839435763 -33.44800925689449));POINT(-70.63901073582319 -33.435934789253814);a4;landscape;osm
2024-11-16 16:05:15.472 +0100;true;2024-11-06 16:40:13.800;250a818e-ad8a-46c7-87d0-199849b01537;POLYGON((-70.65629839435763 -33.44800925689449,-70.62172307728876 -33.44800925689449,-70.62172307728876 -33.42385864125788,-70.65629839435763 -33.42385864125788,-70.65629839435763 -33.44800925689449));POINT(-70.63901073582319 -33.435934789253814);a4;landscape;osm
2024-11-16 16:05:16.226 +0100;true;2024-11-06 16:40:13.800;250a818e-ad8a-46c7-87d0-199849b01537;POLYGON((-70.65629839435763 -33.44800925689449,-70.62172307728876 -33.44800925689449,-70.62172307728876 -33.42385864125788,-70.65629839435763 -33.42385864125788,-70.65629839435763 -33.44800925689449));POINT(-70.63901073582319 -33.435934789253814);a4;landscape;osm
2024-11-16 16:05:16.520 +0100;true;2024-11-06 16:45:24.385;28cc64ff-302c-481f-99db-d758814b022b;POLYGON((-70.66148835580931 -33.452286982045834,-70.60660346112203 -33.452286982045834,-70.60660346112203 -33.41394902616548,-70.66148835580931 -33.41394902616548,-70.66148835580931 -33.452286982045834));POINT(-70.63404590846567 -33.4331201211317);a4;landscape;osm
2024-11-16 16:05:16.791 +0100;true;2024-11-06 16:45:24.385;28cc64ff-302c-481f-99db-d758814b022b;POLYGON((-70.66148835580931 -33.452286982045834,-70.60660346112203 -33.452286982045834,-70.60660346112203 -33.41394902616548,-70.66148835580931 -33.41394902616548,-70.66148835580931 -33.452286982045834));POINT(-70.63404590846567 -33.4331201211317);a4;landscape;osm
2024-11-16 16:05:17.299 +0100;true;2024-11-06 16:45:24.385;28cc64ff-302c-481f-99db-d758814b022b;POLYGON((-70.66148835580931 -33.452286982045834,-70.60660346112203 -33.452286982045834,-70.60660346112203 -33.41394902616548,-70.66148835580931 -33.41394902616548,-70.66148835580931 -33.452286982045834));POINT(-70.63404590846567 -33.4331201211317);a4;landscape;osm
2024-11-16 16:05:18.318 +0100;true;2024-11-06 16:45:24.385;28cc64ff-302c-481f-99db-d758814b022b;POLYGON((-70.66148835580931 -33.452286982045834,-70.60660346112203 -33.452286982045834,-70.60660346112203 -33.41394902616548,-70.66148835580931 -33.41394902616548,-70.66148835580931 -33.452286982045834));POINT(-70.63404590846567 -33.4331201211317);a4;landscape;osm
2024-11-16 16:05:18.684 +0100;true;2024-11-06 16:45:24.385;28cc64ff-302c-481f-99db-d758814b022b;POLYGON((-70.66148835580931 -33.452286982045834,-70.60660346112203 -33.452286982045834,-70.60660346112203 -33.41394902616548,-70.66148835580931 -33.41394902616548,-70.66148835580931 -33.452286982045834));POINT(-70.63404590846567 -33.4331201211317);a4;landscape;osm
2024-11-16 16:05:19.296 +0100;true;2024-11-06 16:45:24.385;28cc64ff-302c-481f-99db-d758814b022b;POLYGON((-70.66148835580931 -33.452286982045834,-70.60660346112203 -33.452286982045834,-70.60660346112203 -33.41394902616548,-70.66148835580931 -33.41394902616548,-70.66148835580931 -33.452286982045834));POINT(-70.63404590846567 -33.4331201211317);a4;landscape;osm
2024-11-16 16:05:19.948 +0100;true;2024-11-06 16:45:24.385;28cc64ff-302c-481f-99db-d758814b022b;POLYGON((-70.66148835580931 -33.452286982045834,-70.60660346112203 -33.452286982045834,-70.60660346112203 -33.41394902616548,-70.66148835580931 -33.41394902616548,-70.66148835580931 -33.452286982045834));POINT(-70.63404590846567 -33.4331201211317);a4;landscape;osm
2024-11-16 16:05:20.182 +0100;true;2024-11-06 16:35:47.200;d104f230-9a97-468a-90f0-4bbed75f2c5c;POLYGON((-70.64079261500791 -33.441570716246154,-70.60621729793903 -33.441570716246154,-70.60621729793903 -33.41741830858563,-70.64079261500791 -33.41741830858563,-70.64079261500791 -33.441570716246154));POINT(-70.62350495647347 -33.42949535251282);a4;landscape;osm
2024-11-16 16:05:20.536 +0100;true;2024-11-06 16:35:47.200;d104f230-9a97-468a-90f0-4bbed75f2c5c;POLYGON((-70.64079261500791 -33.441570716246154,-70.60621729793903 -33.441570716246154,-70.60621729793903 -33.41741830858563,-70.64079261500791 -33.41741830858563,-70.64079261500791 -33.441570716246154));POINT(-70.62350495647347 -33.42949535251282);a4;landscape;osm
2024-11-17 16:27:09.526 +0100;true;2024-11-17 16:24:11.486;3aac2892-714e-421a-933b-41a2c9758b89;POLYGON((33.73907134044961 -13.925860385970253,33.747669146906844 -13.925860385970253,33.747669146906844 -13.918875460455126,33.73907134044961 -13.918875460455126,33.73907134044961 -13.925860385970253));POINT(33.74337024367823 -13.922367949598396);a4;landscape;osm
2024-11-18 13:11:02.953 +0100;false;2024-11-18 10:56:32.585;35514357-bb80-4928-b468-337e6a46d811;POLYGON((5.41672444917449 51.435686003810275,5.426809663429712 51.435686003810275,5.426809663429712 51.44319675736563,5.41672444917449 51.44319675736563,5.41672444917449 51.435686003810275));POINT(5.421767056302101 51.439441534973724);a4;portrait;osm
2024-11-18 13:13:00.619 +0100;false;2024-11-18 10:56:32.585;35514357-bb80-4928-b468-337e6a46d811;POLYGON((5.41672444917449 51.435686003810275,5.426809663429712 51.435686003810275,5.426809663429712 51.44319675736563,5.41672444917449 51.44319675736563,5.41672444917449 51.435686003810275));POINT(5.421767056302101 51.439441534973724);a4;portrait;osm
2024-11-18 14:40:36.989 +0100;false;2024-11-18 10:56:32.585;35514357-bb80-4928-b468-337e6a46d811;POLYGON((5.41672444917449 51.435686003810275,5.426809663429712 51.435686003810275,5.426809663429712 51.44319675736563,5.41672444917449 51.44319675736563,5.41672444917449 51.435686003810275));POINT(5.421767056302101 51.439441534973724);a4;portrait;osm
2024-11-18 14:40:37.284 +0100;false;2024-11-18 10:56:32.585;35514357-bb80-4928-b468-337e6a46d811;POLYGON((5.41672444917449 51.435686003810275,5.426809663429712 51.435686003810275,5.426809663429712 51.44319675736563,5.41672444917449 51.44319675736563,5.41672444917449 51.435686003810275));POINT(5.421767056302101 51.439441534973724);a4;portrait;osm
2024-11-18 14:40:38.045 +0100;false;2024-11-18 10:56:32.585;35514357-bb80-4928-b468-337e6a46d811;POLYGON((5.41672444917449 51.435686003810275,5.426809663429712 51.435686003810275,5.426809663429712 51.44319675736563,5.41672444917449 51.44319675736563,5.41672444917449 51.435686003810275));POINT(5.421767056302101 51.439441534973724);a4;portrait;osm
2024-11-18 14:40:38.289 +0100;false;2024-11-18 10:56:32.585;35514357-bb80-4928-b468-337e6a46d811;POLYGON((5.41672444917449 51.435686003810275,5.426809663429712 51.435686003810275,5.426809663429712 51.44319675736563,5.41672444917449 51.44319675736563,5.41672444917449 51.435686003810275));POINT(5.421767056302101 51.439441534973724);a4;portrait;osm
2024-11-18 14:40:38.566 +0100;false;2024-11-18 10:56:32.585;35514357-bb80-4928-b468-337e6a46d811;POLYGON((5.41672444917449 51.435686003810275,5.426809663429712 51.435686003810275,5.426809663429712 51.44319675736563,5.41672444917449 51.44319675736563,5.41672444917449 51.435686003810275));POINT(5.421767056302101 51.439441534973724);a4;portrait;osm
2024-11-18 14:40:38.899 +0100;false;2024-11-18 10:56:32.585;35514357-bb80-4928-b468-337e6a46d811;POLYGON((5.41672444917449 51.435686003810275,5.426809663429712 51.435686003810275,5.426809663429712 51.44319675736563,5.41672444917449 51.44319675736563,5.41672444917449 51.435686003810275));POINT(5.421767056302101 51.439441534973724);a4;portrait;osm
2024-11-18 14:40:39.180 +0100;false;2024-11-18 10:56:32.585;35514357-bb80-4928-b468-337e6a46d811;POLYGON((5.41672444917449 51.435686003810275,5.426809663429712 51.435686003810275,5.426809663429712 51.44319675736563,5.41672444917449 51.44319675736563,5.41672444917449 51.435686003810275));POINT(5.421767056302101 51.439441534973724);a4;portrait;osm
2024-11-19 09:23:42.678 +0100;true;2024-11-19 09:21:45.771;2dd5267e-8c8d-4493-ad87-3dbf0ba6fb37;POLYGON((17.9890270788337 53.14609685479215,17.991491071021837 53.14609685479215,17.991491071021837 53.14786233517327,17.9890270788337 53.14786233517327,17.9890270788337 53.14609685479215));POINT(17.99025907492777 53.14697960405505);a4;portrait;esri-world-imagery
2024-11-19 09:23:43.137 +0100;true;2024-11-19 09:22:49.424;86eecca6-d463-411e-a545-8fe7109337a6;POLYGON((17.987518682903602 53.145600886496595,17.992295875027164 53.145600886496595,17.992295875027164 53.14799918229892,17.987518682903602 53.14799918229892,17.987518682903602 53.145600886496595));POINT(17.989907278965383 53.14680005113928);a4;landscape;esri-world-imagery
2024-11-19 17:38:02.727 +0100;true;2024-11-19 10:55:45.424;7842848c-bb65-4e31-bb15-a6d54df10d6f;POLYGON((8.67520012424566 49.39709612695978,8.695463318849765 49.39709612695978,8.695463318849765 49.408132764089174,8.67520012424566 49.408132764089174,8.67520012424566 49.39709612695978));POINT(8.68533172154771 49.402614755600126);a4;landscape;osm
2024-11-19 19:00:27.490 +0100;false;2024-11-19 15:43:52.476;35af9043-9ac2-4f6f-a6db-e1a3e7ee8e17;POLYGON((8.674425100912833 49.41055300582113,8.71766954445956 49.41055300582113,8.71766954445956 49.43409765349847,8.674425100912833 49.43409765349847,8.674425100912833 49.41055300582113));POINT(8.696047322686196 49.42232674181011);a4;landscape;osm
2024-11-19 19:03:23.171 +0100;false;2024-11-19 15:43:52.476;35af9043-9ac2-4f6f-a6db-e1a3e7ee8e17;POLYGON((8.674425100912833 49.41055300582113,8.71766954445956 49.41055300582113,8.71766954445956 49.43409765349847,8.674425100912833 49.43409765349847,8.674425100912833 49.41055300582113));POINT(8.696047322686196 49.42232674181011);a4;landscape;osm
2024-11-19 19:31:21.158 +0100;false;2024-11-19 15:43:52.476;35af9043-9ac2-4f6f-a6db-e1a3e7ee8e17;POLYGON((8.674425100912833 49.41055300582113,8.71766954445956 49.41055300582113,8.71766954445956 49.43409765349847,8.674425100912833 49.43409765349847,8.674425100912833 49.41055300582113));POINT(8.696047322686196 49.42232674181011);a4;landscape;osm
2024-11-19 20:07:43.406 +0100;false;2024-11-19 11:12:40.064;6f176e3a-5759-4f0a-82d4-4adfed42016a;POLYGON((8.671383910693292 49.37048695611145,8.697594403724672 49.37048695611145,8.697594403724672 49.39087365090842,8.671383910693292 49.39087365090842,8.671383910693292 49.37048695611145));POINT(8.684489157208981 49.380681360695775);a4;portrait;osm
2024-11-19 20:07:46.356 +0100;false;2024-11-19 11:12:40.064;6f176e3a-5759-4f0a-82d4-4adfed42016a;POLYGON((8.671383910693292 49.37048695611145,8.697594403724672 49.37048695611145,8.697594403724672 49.39087365090842,8.671383910693292 49.39087365090842,8.671383910693292 49.37048695611145));POINT(8.684489157208981 49.380681360695775);a4;portrait;osm
2024-11-19 20:08:35.875 +0100;false;2024-11-19 11:12:40.064;6f176e3a-5759-4f0a-82d4-4adfed42016a;POLYGON((8.671383910693292 49.37048695611145,8.697594403724672 49.37048695611145,8.697594403724672 49.39087365090842,8.671383910693292 49.39087365090842,8.671383910693292 49.37048695611145));POINT(8.684489157208981 49.380681360695775);a4;portrait;osm
2024-11-19 20:12:26.531 +0100;true;2024-11-19 11:12:40.064;6f176e3a-5759-4f0a-82d4-4adfed42016a;POLYGON((8.671383910693292 49.37048695611145,8.697594403724672 49.37048695611145,8.697594403724672 49.39087365090842,8.671383910693292 49.39087365090842,8.671383910693292 49.37048695611145));POINT(8.684489157208981 49.380681360695775);a4;portrait;osm
2024-11-20 13:29:54.922 +0100;false;2024-11-19 10:55:45.424;7842848c-bb65-4e31-bb15-a6d54df10d6f;POLYGON((8.67520012424566 49.39709612695978,8.695463318849765 49.39709612695978,8.695463318849765 49.408132764089174,8.67520012424566 49.408132764089174,8.67520012424566 49.39709612695978));POINT(8.68533172154771 49.402614755600126);a4;landscape;osm
2024-11-20 14:02:17.547 +0100;true;2024-11-19 10:55:45.424;7842848c-bb65-4e31-bb15-a6d54df10d6f;POLYGON((8.67520012424566 49.39709612695978,8.695463318849765 49.39709612695978,8.695463318849765 49.408132764089174,8.67520012424566 49.408132764089174,8.67520012424566 49.39709612695978));POINT(8.68533172154771 49.402614755600126);a4;landscape;osm
2024-11-20 15:24:26.818 +0100;false;2024-11-19 15:43:52.476;35af9043-9ac2-4f6f-a6db-e1a3e7ee8e17;POLYGON((8.674425100912833 49.41055300582113,8.71766954445956 49.41055300582113,8.71766954445956 49.43409765349847,8.674425100912833 49.43409765349847,8.674425100912833 49.41055300582113));POINT(8.696047322686196 49.42232674181011);a4;landscape;osm
2024-11-20 21:15:52.841 +0100;false;2024-11-20 21:12:34.250;93c8f0c1-a672-4250-ad2e-0b50b87ab3da;POLYGON((-84.05296207502444 9.676029787987474,-84.0286617739846 9.676029787987474,-84.0286617739846 9.694209409097184,-84.05296207502444 9.694209409097184,-84.05296207502444 9.676029787987474));POINT(-84.04081192450452 9.685119721598554);tabloid;landscape;osm
2024-11-21 01:57:45.974 +0100;false;2024-11-21 01:54:25.675;3b5887cb-c4cc-4dbf-bea8-a813e8882045;POLYGON((-85.1274612280687 10.66911044274083,-84.39534131099309 10.66911044274083,-84.39534131099309 11.21464223768865,-85.1274612280687 11.21464223768865,-85.1274612280687 10.66911044274083));POINT(-84.76140126953091 10.942001863956548);tabloid;landscape;osm
2024-11-21 02:09:52.442 +0100;true;2024-11-21 01:54:29.437;191913af-aa38-410e-8d5e-95f2f26e5b9e;POLYGON((-85.14736219297407 10.387682656961218,-85.04226894286626 10.387682656961218,-85.04226894286626 10.48437508558851,-85.14736219297407 10.48437508558851,-85.14736219297407 10.387682656961218));POINT(-85.09481556792016 10.436032628137795);letter;landscape;osm
2024-11-21 09:25:49.776 +0100;true;2024-11-21 09:21:24.307;5d3ad3d0-2a84-46b1-ab22-ba281f91115b;POLYGON((103.28772220454529 3.8354915334041095,103.29681151141874 3.8354915334041095,103.29681151141874 3.843081480137073,103.28772220454529 3.843081480137073,103.28772220454529 3.8354915334041095));POINT(103.29226685798201 3.839286515204762);a4;landscape;osm
2024-11-21 09:50:57.269 +0100;false;2024-11-12 09:57:00.963;5fcfced8-94f8-45fe-b0b3-a3498434f435;POLYGON((17.232398805444728 49.57802147279406,17.282577635114595 49.57802147279406,17.282577635114595 49.605247391420676,17.232398805444728 49.605247391420676,17.232398805444728 49.57802147279406));POINT(17.25748822027966 49.59163633169973);a4;landscape;osm
2024-11-21 10:25:18.604 +0100;true;2024-11-19 15:43:52.476;35af9043-9ac2-4f6f-a6db-e1a3e7ee8e17;POLYGON((8.674425100912833 49.41055300582113,8.71766954445956 49.41055300582113,8.71766954445956 49.43409765349847,8.674425100912833 49.43409765349847,8.674425100912833 49.41055300582113));POINT(8.696047322686196 49.42232674181011);a4;landscape;osm
2024-11-21 10:44:49.244 +0100;true;2024-11-19 15:43:52.476;35af9043-9ac2-4f6f-a6db-e1a3e7ee8e17;POLYGON((8.674425100912833 49.41055300582113,8.71766954445956 49.41055300582113,8.71766954445956 49.43409765349847,8.674425100912833 49.43409765349847,8.674425100912833 49.41055300582113));POINT(8.696047322686196 49.42232674181011);a4;landscape;osm
2024-11-21 15:05:36.056 +0100;true;2024-11-19 11:23:06.925;2a3463c6-a8c0-4fb5-aba7-2c601bf92935;POLYGON((8.618171084698934 49.40778090666774,8.665393688471248 49.40778090666774,8.665393688471248 49.44447768562816,8.618171084698934 49.44447768562816,8.618171084698934 49.40778090666774));POINT(8.641782386585092 49.4261327270697);a4;portrait;osm
2024-11-21 15:05:38.464 +0100;true;2024-11-19 11:23:06.925;2a3463c6-a8c0-4fb5-aba7-2c601bf92935;POLYGON((8.618171084698934 49.40778090666774,8.665393688471248 49.40778090666774,8.665393688471248 49.44447768562816,8.618171084698934 49.44447768562816,8.618171084698934 49.40778090666774));POINT(8.641782386585092 49.4261327270697);a4;portrait;osm
2024-11-21 15:05:40.465 +0100;true;2024-11-19 11:23:06.925;2a3463c6-a8c0-4fb5-aba7-2c601bf92935;POLYGON((8.618171084698934 49.40778090666774,8.665393688471248 49.40778090666774,8.665393688471248 49.44447768562816,8.618171084698934 49.44447768562816,8.618171084698934 49.40778090666774));POINT(8.641782386585092 49.4261327270697);a4;portrait;osm
2024-11-21 15:11:31.020 +0100;true;2024-11-19 11:23:06.925;2a3463c6-a8c0-4fb5-aba7-2c601bf92935;POLYGON((8.618171084698934 49.40778090666774,8.665393688471248 49.40778090666774,8.665393688471248 49.44447768562816,8.618171084698934 49.44447768562816,8.618171084698934 49.40778090666774));POINT(8.641782386585092 49.4261327270697);a4;portrait;osm
2024-11-21 15:18:10.379 +0100;true;2024-11-19 11:23:06.925;2a3463c6-a8c0-4fb5-aba7-2c601bf92935;POLYGON((8.618171084698934 49.40778090666774,8.665393688471248 49.40778090666774,8.665393688471248 49.44447768562816,8.618171084698934 49.44447768562816,8.618171084698934 49.40778090666774));POINT(8.641782386585092 49.4261327270697);a4;portrait;osm
2024-11-21 15:20:39.007 +0100;false;2024-11-19 11:23:06.925;2a3463c6-a8c0-4fb5-aba7-2c601bf92935;POLYGON((8.618171084698934 49.40778090666774,8.665393688471248 49.40778090666774,8.665393688471248 49.44447768562816,8.618171084698934 49.44447768562816,8.618171084698934 49.40778090666774));POINT(8.641782386585092 49.4261327270697);a4;portrait;osm
2024-11-21 15:42:59.442 +0100;false;2024-11-14 12:46:56.927;cb1f1493-73f1-4ab6-bcef-b53287e31cf9;POLYGON((17.22711229814268 49.57680194492545,17.289533068885596 49.57680194492545,17.289533068885596 49.610668800508336,17.22711229814268 49.610668800508336,17.22711229814268 49.57680194492545));POINT(17.258322683514137 49.593738312243175);a4;landscape;osm
2024-11-21 15:43:01.156 +0100;false;2024-11-14 12:46:56.927;cb1f1493-73f1-4ab6-bcef-b53287e31cf9;POLYGON((17.22711229814268 49.57680194492545,17.289533068885596 49.57680194492545,17.289533068885596 49.610668800508336,17.22711229814268 49.610668800508336,17.22711229814268 49.57680194492545));POINT(17.258322683514137 49.593738312243175);a4;landscape;osm
2024-11-21 15:43:02.477 +0100;false;2024-11-14 12:46:56.927;cb1f1493-73f1-4ab6-bcef-b53287e31cf9;POLYGON((17.22711229814268 49.57680194492545,17.289533068885596 49.57680194492545,17.289533068885596 49.610668800508336,17.22711229814268 49.610668800508336,17.22711229814268 49.57680194492545));POINT(17.258322683514137 49.593738312243175);a4;landscape;osm
2024-11-21 15:43:04.286 +0100;false;2024-11-14 12:46:56.927;cb1f1493-73f1-4ab6-bcef-b53287e31cf9;POLYGON((17.22711229814268 49.57680194492545,17.289533068885596 49.57680194492545,17.289533068885596 49.610668800508336,17.22711229814268 49.610668800508336,17.22711229814268 49.57680194492545));POINT(17.258322683514137 49.593738312243175);a4;landscape;osm
2024-11-21 15:43:06.207 +0100;false;2024-11-14 12:46:56.927;cb1f1493-73f1-4ab6-bcef-b53287e31cf9;POLYGON((17.22711229814268 49.57680194492545,17.289533068885596 49.57680194492545,17.289533068885596 49.610668800508336,17.22711229814268 49.610668800508336,17.22711229814268 49.57680194492545));POINT(17.258322683514137 49.593738312243175);a4;landscape;osm
2024-11-21 15:43:09.359 +0100;false;2024-11-14 12:46:56.927;cb1f1493-73f1-4ab6-bcef-b53287e31cf9;POLYGON((17.22711229814268 49.57680194492545,17.289533068885596 49.57680194492545,17.289533068885596 49.610668800508336,17.22711229814268 49.610668800508336,17.22711229814268 49.57680194492545));POINT(17.258322683514137 49.593738312243175);a4;landscape;osm
2024-11-21 15:43:10.986 +0100;false;2024-11-14 12:46:56.927;cb1f1493-73f1-4ab6-bcef-b53287e31cf9;POLYGON((17.22711229814268 49.57680194492545,17.289533068885596 49.57680194492545,17.289533068885596 49.610668800508336,17.22711229814268 49.610668800508336,17.22711229814268 49.57680194492545));POINT(17.258322683514137 49.593738312243175);a4;landscape;osm
2024-11-21 15:43:13.096 +0100;false;2024-11-14 12:46:56.927;cb1f1493-73f1-4ab6-bcef-b53287e31cf9;POLYGON((17.22711229814268 49.57680194492545,17.289533068885596 49.57680194492545,17.289533068885596 49.610668800508336,17.22711229814268 49.610668800508336,17.22711229814268 49.57680194492545));POINT(17.258322683514137 49.593738312243175);a4;landscape;osm
2024-11-21 15:43:14.675 +0100;false;2024-11-14 12:46:56.927;cb1f1493-73f1-4ab6-bcef-b53287e31cf9;POLYGON((17.22711229814268 49.57680194492545,17.289533068885596 49.57680194492545,17.289533068885596 49.610668800508336,17.22711229814268 49.610668800508336,17.22711229814268 49.57680194492545));POINT(17.258322683514137 49.593738312243175);a4;landscape;osm
2024-11-21 15:43:16.402 +0100;false;2024-11-14 12:46:56.927;cb1f1493-73f1-4ab6-bcef-b53287e31cf9;POLYGON((17.22711229814268 49.57680194492545,17.289533068885596 49.57680194492545,17.289533068885596 49.610668800508336,17.22711229814268 49.610668800508336,17.22711229814268 49.57680194492545));POINT(17.258322683514137 49.593738312243175);a4;landscape;osm
2024-11-21 16:01:40.437 +0100;false;2024-11-14 12:46:56.927;cb1f1493-73f1-4ab6-bcef-b53287e31cf9;POLYGON((17.22711229814268 49.57680194492545,17.289533068885596 49.57680194492545,17.289533068885596 49.610668800508336,17.22711229814268 49.610668800508336,17.22711229814268 49.57680194492545));POINT(17.258322683514137 49.593738312243175);a4;landscape;osm
2024-11-21 16:01:42.585 +0100;false;2024-11-14 12:46:56.927;cb1f1493-73f1-4ab6-bcef-b53287e31cf9;POLYGON((17.22711229814268 49.57680194492545,17.289533068885596 49.57680194492545,17.289533068885596 49.610668800508336,17.22711229814268 49.610668800508336,17.22711229814268 49.57680194492545));POINT(17.258322683514137 49.593738312243175);a4;landscape;osm
2024-11-21 16:01:43.661 +0100;false;2024-11-14 12:46:56.927;cb1f1493-73f1-4ab6-bcef-b53287e31cf9;POLYGON((17.22711229814268 49.57680194492545,17.289533068885596 49.57680194492545,17.289533068885596 49.610668800508336,17.22711229814268 49.610668800508336,17.22711229814268 49.57680194492545));POINT(17.258322683514137 49.593738312243175);a4;landscape;osm
2024-11-21 16:01:44.698 +0100;false;2024-11-14 12:46:56.927;cb1f1493-73f1-4ab6-bcef-b53287e31cf9;POLYGON((17.22711229814268 49.57680194492545,17.289533068885596 49.57680194492545,17.289533068885596 49.610668800508336,17.22711229814268 49.610668800508336,17.22711229814268 49.57680194492545));POINT(17.258322683514137 49.593738312243175);a4;landscape;osm
2024-11-21 16:01:45.780 +0100;false;2024-11-14 12:46:56.927;cb1f1493-73f1-4ab6-bcef-b53287e31cf9;POLYGON((17.22711229814268 49.57680194492545,17.289533068885596 49.57680194492545,17.289533068885596 49.610668800508336,17.22711229814268 49.610668800508336,17.22711229814268 49.57680194492545));POINT(17.258322683514137 49.593738312243175);a4;landscape;osm
2024-11-21 16:02:15.674 +0100;false;2024-11-14 12:46:56.927;cb1f1493-73f1-4ab6-bcef-b53287e31cf9;POLYGON((17.22711229814268 49.57680194492545,17.289533068885596 49.57680194492545,17.289533068885596 49.610668800508336,17.22711229814268 49.610668800508336,17.22711229814268 49.57680194492545));POINT(17.258322683514137 49.593738312243175);a4;landscape;osm
2024-11-21 16:04:18.232 +0100;false;2024-11-14 12:46:56.927;cb1f1493-73f1-4ab6-bcef-b53287e31cf9;POLYGON((17.22711229814268 49.57680194492545,17.289533068885596 49.57680194492545,17.289533068885596 49.610668800508336,17.22711229814268 49.610668800508336,17.22711229814268 49.57680194492545));POINT(17.258322683514137 49.593738312243175);a4;landscape;osm
2024-11-21 16:05:13.282 +0100;false;2024-11-14 12:46:56.927;cb1f1493-73f1-4ab6-bcef-b53287e31cf9;POLYGON((17.22711229814268 49.57680194492545,17.289533068885596 49.57680194492545,17.289533068885596 49.610668800508336,17.22711229814268 49.610668800508336,17.22711229814268 49.57680194492545));POINT(17.258322683514137 49.593738312243175);a4;landscape;osm
2024-11-21 16:06:17.145 +0100;false;2024-11-14 12:46:56.927;cb1f1493-73f1-4ab6-bcef-b53287e31cf9;POLYGON((17.22711229814268 49.57680194492545,17.289533068885596 49.57680194492545,17.289533068885596 49.610668800508336,17.22711229814268 49.610668800508336,17.22711229814268 49.57680194492545));POINT(17.258322683514137 49.593738312243175);a4;landscape;osm
2024-11-21 16:08:53.350 +0100;false;2024-11-14 12:46:56.927;cb1f1493-73f1-4ab6-bcef-b53287e31cf9;POLYGON((17.22711229814268 49.57680194492545,17.289533068885596 49.57680194492545,17.289533068885596 49.610668800508336,17.22711229814268 49.610668800508336,17.22711229814268 49.57680194492545));POINT(17.258322683514137 49.593738312243175);a4;landscape;osm
2024-11-21 16:10:41.149 +0100;false;2024-11-14 12:46:56.927;cb1f1493-73f1-4ab6-bcef-b53287e31cf9;POLYGON((17.22711229814268 49.57680194492545,17.289533068885596 49.57680194492545,17.289533068885596 49.610668800508336,17.22711229814268 49.610668800508336,17.22711229814268 49.57680194492545));POINT(17.258322683514137 49.593738312243175);a4;landscape;osm
2024-11-21 16:11:51.902 +0100;false;2024-11-14 12:46:56.927;cb1f1493-73f1-4ab6-bcef-b53287e31cf9;POLYGON((17.22711229814268 49.57680194492545,17.289533068885596 49.57680194492545,17.289533068885596 49.610668800508336,17.22711229814268 49.610668800508336,17.22711229814268 49.57680194492545));POINT(17.258322683514137 49.593738312243175);a4;landscape;osm
2024-11-21 16:13:45.509 +0100;false;2024-11-14 12:46:56.927;cb1f1493-73f1-4ab6-bcef-b53287e31cf9;POLYGON((17.22711229814268 49.57680194492545,17.289533068885596 49.57680194492545,17.289533068885596 49.610668800508336,17.22711229814268 49.610668800508336,17.22711229814268 49.57680194492545));POINT(17.258322683514137 49.593738312243175);a4;landscape;osm
2024-11-21 16:15:32.994 +0100;false;2024-11-14 12:46:56.927;cb1f1493-73f1-4ab6-bcef-b53287e31cf9;POLYGON((17.22711229814268 49.57680194492545,17.289533068885596 49.57680194492545,17.289533068885596 49.610668800508336,17.22711229814268 49.610668800508336,17.22711229814268 49.57680194492545));POINT(17.258322683514137 49.593738312243175);a4;landscape;osm
2024-11-21 16:16:42.571 +0100;false;2024-11-14 12:46:56.927;cb1f1493-73f1-4ab6-bcef-b53287e31cf9;POLYGON((17.22711229814268 49.57680194492545,17.289533068885596 49.57680194492545,17.289533068885596 49.610668800508336,17.22711229814268 49.610668800508336,17.22711229814268 49.57680194492545));POINT(17.258322683514137 49.593738312243175);a4;landscape;osm
2024-11-21 16:47:42.387 +0100;false;2024-11-14 12:46:56.927;cb1f1493-73f1-4ab6-bcef-b53287e31cf9;POLYGON((17.22711229814268 49.57680194492545,17.289533068885596 49.57680194492545,17.289533068885596 49.610668800508336,17.22711229814268 49.610668800508336,17.22711229814268 49.57680194492545));POINT(17.258322683514137 49.593738312243175);a4;landscape;osm
2024-11-21 17:52:35.925 +0100;true;2024-11-14 12:46:56.927;cb1f1493-73f1-4ab6-bcef-b53287e31cf9;POLYGON((17.22711229814268 49.57680194492545,17.289533068885596 49.57680194492545,17.289533068885596 49.610668800508336,17.22711229814268 49.610668800508336,17.22711229814268 49.57680194492545));POINT(17.258322683514137 49.593738312243175);a4;landscape;osm
2024-11-21 17:52:36.894 +0100;true;2024-11-14 12:46:56.927;cb1f1493-73f1-4ab6-bcef-b53287e31cf9;POLYGON((17.22711229814268 49.57680194492545,17.289533068885596 49.57680194492545,17.289533068885596 49.610668800508336,17.22711229814268 49.610668800508336,17.22711229814268 49.57680194492545));POINT(17.258322683514137 49.593738312243175);a4;landscape;osm
2024-11-21 17:52:37.856 +0100;true;2024-11-14 12:46:56.927;cb1f1493-73f1-4ab6-bcef-b53287e31cf9;POLYGON((17.22711229814268 49.57680194492545,17.289533068885596 49.57680194492545,17.289533068885596 49.610668800508336,17.22711229814268 49.610668800508336,17.22711229814268 49.57680194492545));POINT(17.258322683514137 49.593738312243175);a4;landscape;osm
2024-11-21 17:52:38.947 +0100;true;2024-11-14 12:46:56.927;cb1f1493-73f1-4ab6-bcef-b53287e31cf9;POLYGON((17.22711229814268 49.57680194492545,17.289533068885596 49.57680194492545,17.289533068885596 49.610668800508336,17.22711229814268 49.610668800508336,17.22711229814268 49.57680194492545));POINT(17.258322683514137 49.593738312243175);a4;landscape;osm
2024-11-21 17:52:39.911 +0100;true;2024-11-14 12:46:56.927;cb1f1493-73f1-4ab6-bcef-b53287e31cf9;POLYGON((17.22711229814268 49.57680194492545,17.289533068885596 49.57680194492545,17.289533068885596 49.610668800508336,17.22711229814268 49.610668800508336,17.22711229814268 49.57680194492545));POINT(17.258322683514137 49.593738312243175);a4;landscape;osm
2024-11-21 17:52:41.007 +0100;true;2024-11-14 12:46:56.927;cb1f1493-73f1-4ab6-bcef-b53287e31cf9;POLYGON((17.22711229814268 49.57680194492545,17.289533068885596 49.57680194492545,17.289533068885596 49.610668800508336,17.22711229814268 49.610668800508336,17.22711229814268 49.57680194492545));POINT(17.258322683514137 49.593738312243175);a4;landscape;osm
2024-11-21 17:52:42.304 +0100;true;2024-11-14 12:46:56.927;cb1f1493-73f1-4ab6-bcef-b53287e31cf9;POLYGON((17.22711229814268 49.57680194492545,17.289533068885596 49.57680194492545,17.289533068885596 49.610668800508336,17.22711229814268 49.610668800508336,17.22711229814268 49.57680194492545));POINT(17.258322683514137 49.593738312243175);a4;landscape;osm
2024-11-21 17:52:43.255 +0100;true;2024-11-14 12:46:56.927;cb1f1493-73f1-4ab6-bcef-b53287e31cf9;POLYGON((17.22711229814268 49.57680194492545,17.289533068885596 49.57680194492545,17.289533068885596 49.610668800508336,17.22711229814268 49.610668800508336,17.22711229814268 49.57680194492545));POINT(17.258322683514137 49.593738312243175);a4;landscape;osm
2024-11-21 17:52:45.056 +0100;true;2024-11-14 12:46:56.927;cb1f1493-73f1-4ab6-bcef-b53287e31cf9;POLYGON((17.22711229814268 49.57680194492545,17.289533068885596 49.57680194492545,17.289533068885596 49.610668800508336,17.22711229814268 49.610668800508336,17.22711229814268 49.57680194492545));POINT(17.258322683514137 49.593738312243175);a4;landscape;osm
2024-11-21 17:52:46.119 +0100;true;2024-11-14 12:46:56.927;cb1f1493-73f1-4ab6-bcef-b53287e31cf9;POLYGON((17.22711229814268 49.57680194492545,17.289533068885596 49.57680194492545,17.289533068885596 49.610668800508336,17.22711229814268 49.610668800508336,17.22711229814268 49.57680194492545));POINT(17.258322683514137 49.593738312243175);a4;landscape;osm
2024-11-21 22:12:47.637 +0100;true;2024-11-19 11:12:40.064;6f176e3a-5759-4f0a-82d4-4adfed42016a;POLYGON((8.671383910693292 49.37048695611145,8.697594403724672 49.37048695611145,8.697594403724672 49.39087365090842,8.671383910693292 49.39087365090842,8.671383910693292 49.37048695611145));POINT(8.684489157208981 49.380681360695775);a4;portrait;osm
2024-11-21 22:13:58.901 +0100;true;2024-11-19 11:12:40.064;6f176e3a-5759-4f0a-82d4-4adfed42016a;POLYGON((8.671383910693292 49.37048695611145,8.697594403724672 49.37048695611145,8.697594403724672 49.39087365090842,8.671383910693292 49.39087365090842,8.671383910693292 49.37048695611145));POINT(8.684489157208981 49.380681360695775);a4;portrait;osm
2024-11-21 22:15:54.811 +0100;false;2024-11-14 12:46:56.927;cb1f1493-73f1-4ab6-bcef-b53287e31cf9;POLYGON((17.22711229814268 49.57680194492545,17.289533068885596 49.57680194492545,17.289533068885596 49.610668800508336,17.22711229814268 49.610668800508336,17.22711229814268 49.57680194492545));POINT(17.258322683514137 49.593738312243175);a4;landscape;osm
2024-11-21 22:15:56.826 +0100;false;2024-11-14 12:46:56.927;cb1f1493-73f1-4ab6-bcef-b53287e31cf9;POLYGON((17.22711229814268 49.57680194492545,17.289533068885596 49.57680194492545,17.289533068885596 49.610668800508336,17.22711229814268 49.610668800508336,17.22711229814268 49.57680194492545));POINT(17.258322683514137 49.593738312243175);a4;landscape;osm
2024-11-21 22:15:58.699 +0100;false;2024-11-14 12:46:56.927;cb1f1493-73f1-4ab6-bcef-b53287e31cf9;POLYGON((17.22711229814268 49.57680194492545,17.289533068885596 49.57680194492545,17.289533068885596 49.610668800508336,17.22711229814268 49.610668800508336,17.22711229814268 49.57680194492545));POINT(17.258322683514137 49.593738312243175);a4;landscape;osm
2024-11-21 22:16:00.656 +0100;false;2024-11-14 12:46:56.927;cb1f1493-73f1-4ab6-bcef-b53287e31cf9;POLYGON((17.22711229814268 49.57680194492545,17.289533068885596 49.57680194492545,17.289533068885596 49.610668800508336,17.22711229814268 49.610668800508336,17.22711229814268 49.57680194492545));POINT(17.258322683514137 49.593738312243175);a4;landscape;osm
2024-11-21 22:16:02.777 +0100;false;2024-11-14 12:46:56.927;cb1f1493-73f1-4ab6-bcef-b53287e31cf9;POLYGON((17.22711229814268 49.57680194492545,17.289533068885596 49.57680194492545,17.289533068885596 49.610668800508336,17.22711229814268 49.610668800508336,17.22711229814268 49.57680194492545));POINT(17.258322683514137 49.593738312243175);a4;landscape;osm
2024-11-21 22:16:04.769 +0100;false;2024-11-14 12:46:56.927;cb1f1493-73f1-4ab6-bcef-b53287e31cf9;POLYGON((17.22711229814268 49.57680194492545,17.289533068885596 49.57680194492545,17.289533068885596 49.610668800508336,17.22711229814268 49.610668800508336,17.22711229814268 49.57680194492545));POINT(17.258322683514137 49.593738312243175);a4;landscape;osm
2024-11-21 22:16:07.036 +0100;false;2024-11-14 12:46:56.927;cb1f1493-73f1-4ab6-bcef-b53287e31cf9;POLYGON((17.22711229814268 49.57680194492545,17.289533068885596 49.57680194492545,17.289533068885596 49.610668800508336,17.22711229814268 49.610668800508336,17.22711229814268 49.57680194492545));POINT(17.258322683514137 49.593738312243175);a4;landscape;osm
2024-11-21 22:16:08.802 +0100;false;2024-11-14 12:46:56.927;cb1f1493-73f1-4ab6-bcef-b53287e31cf9;POLYGON((17.22711229814268 49.57680194492545,17.289533068885596 49.57680194492545,17.289533068885596 49.610668800508336,17.22711229814268 49.610668800508336,17.22711229814268 49.57680194492545));POINT(17.258322683514137 49.593738312243175);a4;landscape;osm
2024-11-21 22:16:10.838 +0100;false;2024-11-14 12:46:56.927;cb1f1493-73f1-4ab6-bcef-b53287e31cf9;POLYGON((17.22711229814268 49.57680194492545,17.289533068885596 49.57680194492545,17.289533068885596 49.610668800508336,17.22711229814268 49.610668800508336,17.22711229814268 49.57680194492545));POINT(17.258322683514137 49.593738312243175);a4;landscape;osm
2024-11-21 22:16:12.903 +0100;false;2024-11-14 12:46:56.927;cb1f1493-73f1-4ab6-bcef-b53287e31cf9;POLYGON((17.22711229814268 49.57680194492545,17.289533068885596 49.57680194492545,17.289533068885596 49.610668800508336,17.22711229814268 49.610668800508336,17.22711229814268 49.57680194492545));POINT(17.258322683514137 49.593738312243175);a4;landscape;osm
2024-11-21 23:07:00.147 +0100;false;2024-11-19 11:12:40.064;6f176e3a-5759-4f0a-82d4-4adfed42016a;POLYGON((8.671383910693292 49.37048695611145,8.697594403724672 49.37048695611145,8.697594403724672 49.39087365090842,8.671383910693292 49.39087365090842,8.671383910693292 49.37048695611145));POINT(8.684489157208981 49.380681360695775);a4;portrait;osm
2024-11-21 23:07:00.433 +0100;false;2024-11-19 11:12:40.064;6f176e3a-5759-4f0a-82d4-4adfed42016a;POLYGON((8.671383910693292 49.37048695611145,8.697594403724672 49.37048695611145,8.697594403724672 49.39087365090842,8.671383910693292 49.39087365090842,8.671383910693292 49.37048695611145));POINT(8.684489157208981 49.380681360695775);a4;portrait;osm
2024-11-21 23:10:20.785 +0100;false;2024-11-19 11:12:40.064;6f176e3a-5759-4f0a-82d4-4adfed42016a;POLYGON((8.671383910693292 49.37048695611145,8.697594403724672 49.37048695611145,8.697594403724672 49.39087365090842,8.671383910693292 49.39087365090842,8.671383910693292 49.37048695611145));POINT(8.684489157208981 49.380681360695775);a4;portrait;osm
2024-11-21 23:16:25.008 +0100;false;2024-11-19 11:12:40.064;6f176e3a-5759-4f0a-82d4-4adfed42016a;POLYGON((8.671383910693292 49.37048695611145,8.697594403724672 49.37048695611145,8.697594403724672 49.39087365090842,8.671383910693292 49.39087365090842,8.671383910693292 49.37048695611145));POINT(8.684489157208981 49.380681360695775);a4;portrait;osm
2024-11-21 23:25:49.743 +0100;false;2024-11-19 11:12:40.064;6f176e3a-5759-4f0a-82d4-4adfed42016a;POLYGON((8.671383910693292 49.37048695611145,8.697594403724672 49.37048695611145,8.697594403724672 49.39087365090842,8.671383910693292 49.39087365090842,8.671383910693292 49.37048695611145));POINT(8.684489157208981 49.380681360695775);a4;portrait;osm
2024-11-21 23:26:23.587 +0100;false;2024-11-19 11:12:40.064;6f176e3a-5759-4f0a-82d4-4adfed42016a;POLYGON((8.671383910693292 49.37048695611145,8.697594403724672 49.37048695611145,8.697594403724672 49.39087365090842,8.671383910693292 49.39087365090842,8.671383910693292 49.37048695611145));POINT(8.684489157208981 49.380681360695775);a4;portrait;osm
2024-11-21 23:27:32.548 +0100;false;2024-11-19 11:12:40.064;6f176e3a-5759-4f0a-82d4-4adfed42016a;POLYGON((8.671383910693292 49.37048695611145,8.697594403724672 49.37048695611145,8.697594403724672 49.39087365090842,8.671383910693292 49.39087365090842,8.671383910693292 49.37048695611145));POINT(8.684489157208981 49.380681360695775);a4;portrait;osm
2024-11-22 08:27:31.568 +0100;true;2024-09-21 15:41:19.478;581e79da-a281-4325-a0f5-a4b56e08bb8f;POLYGON((-34.97102790253186 -8.091588863251971,-34.9648428835719 -8.091588863251971,-34.9648428835719 -8.08646353681641,-34.97102790253186 -8.08646353681641,-34.97102790253186 -8.091588863251971));POINT(-34.967935393051874 -8.089026208179405);a2;landscape;osm
2024-11-22 08:27:32.521 +0100;true;2024-09-21 15:09:20.242;6874e5da-e634-4fb1-b553-73a459570f8c;POLYGON((-34.96801933171879 -8.092330416606558,-34.96100902156009 -8.092330416606558,-34.96100902156009 -8.08652120363729,-34.96801933171879 -8.08652120363729,-34.96801933171879 -8.092330416606558));POINT(-34.96451417663944 -8.08942582058637);a2;landscape;osm
2024-11-22 08:27:33.231 +0100;true;2024-09-21 15:09:20.242;6874e5da-e634-4fb1-b553-73a459570f8c;POLYGON((-34.96801933171879 -8.092330416606558,-34.96100902156009 -8.092330416606558,-34.96100902156009 -8.08652120363729,-34.96801933171879 -8.08652120363729,-34.96801933171879 -8.092330416606558));POINT(-34.96451417663944 -8.08942582058637);a2;landscape;osm
2024-11-22 08:27:33.825 +0100;true;2024-09-21 15:41:19.478;581e79da-a281-4325-a0f5-a4b56e08bb8f;POLYGON((-34.97102790253186 -8.091588863251971,-34.9648428835719 -8.091588863251971,-34.9648428835719 -8.08646353681641,-34.97102790253186 -8.08646353681641,-34.97102790253186 -8.091588863251971));POINT(-34.967935393051874 -8.089026208179405);a2;landscape;osm
2024-11-22 08:27:34.861 +0100;true;2024-09-21 15:09:20.242;6874e5da-e634-4fb1-b553-73a459570f8c;POLYGON((-34.96801933171879 -8.092330416606558,-34.96100902156009 -8.092330416606558,-34.96100902156009 -8.08652120363729,-34.96801933171879 -8.08652120363729,-34.96801933171879 -8.092330416606558));POINT(-34.96451417663944 -8.08942582058637);a2;landscape;osm
2024-11-22 08:43:55.375 +0100;false;2024-11-14 12:46:56.927;cb1f1493-73f1-4ab6-bcef-b53287e31cf9;POLYGON((17.22711229814268 49.57680194492545,17.289533068885596 49.57680194492545,17.289533068885596 49.610668800508336,17.22711229814268 49.610668800508336,17.22711229814268 49.57680194492545));POINT(17.258322683514137 49.593738312243175);a4;landscape;osm
2024-11-22 08:43:55.805 +0100;false;2024-11-14 12:46:56.927;cb1f1493-73f1-4ab6-bcef-b53287e31cf9;POLYGON((17.22711229814268 49.57680194492545,17.289533068885596 49.57680194492545,17.289533068885596 49.610668800508336,17.22711229814268 49.610668800508336,17.22711229814268 49.57680194492545));POINT(17.258322683514137 49.593738312243175);a4;landscape;osm
2024-11-22 08:43:56.264 +0100;false;2024-11-14 12:46:56.927;cb1f1493-73f1-4ab6-bcef-b53287e31cf9;POLYGON((17.22711229814268 49.57680194492545,17.289533068885596 49.57680194492545,17.289533068885596 49.610668800508336,17.22711229814268 49.610668800508336,17.22711229814268 49.57680194492545));POINT(17.258322683514137 49.593738312243175);a4;landscape;osm
2024-11-22 08:43:56.707 +0100;false;2024-11-14 12:46:56.927;cb1f1493-73f1-4ab6-bcef-b53287e31cf9;POLYGON((17.22711229814268 49.57680194492545,17.289533068885596 49.57680194492545,17.289533068885596 49.610668800508336,17.22711229814268 49.610668800508336,17.22711229814268 49.57680194492545));POINT(17.258322683514137 49.593738312243175);a4;landscape;osm
2024-11-22 08:43:57.147 +0100;false;2024-11-14 12:46:56.927;cb1f1493-73f1-4ab6-bcef-b53287e31cf9;POLYGON((17.22711229814268 49.57680194492545,17.289533068885596 49.57680194492545,17.289533068885596 49.610668800508336,17.22711229814268 49.610668800508336,17.22711229814268 49.57680194492545));POINT(17.258322683514137 49.593738312243175);a4;landscape;osm
2024-11-22 08:43:57.581 +0100;false;2024-11-14 12:46:56.927;cb1f1493-73f1-4ab6-bcef-b53287e31cf9;POLYGON((17.22711229814268 49.57680194492545,17.289533068885596 49.57680194492545,17.289533068885596 49.610668800508336,17.22711229814268 49.610668800508336,17.22711229814268 49.57680194492545));POINT(17.258322683514137 49.593738312243175);a4;landscape;osm
2024-11-22 08:43:58.031 +0100;false;2024-11-14 12:46:56.927;cb1f1493-73f1-4ab6-bcef-b53287e31cf9;POLYGON((17.22711229814268 49.57680194492545,17.289533068885596 49.57680194492545,17.289533068885596 49.610668800508336,17.22711229814268 49.610668800508336,17.22711229814268 49.57680194492545));POINT(17.258322683514137 49.593738312243175);a4;landscape;osm
2024-11-22 08:43:58.472 +0100;false;2024-11-14 12:46:56.927;cb1f1493-73f1-4ab6-bcef-b53287e31cf9;POLYGON((17.22711229814268 49.57680194492545,17.289533068885596 49.57680194492545,17.289533068885596 49.610668800508336,17.22711229814268 49.610668800508336,17.22711229814268 49.57680194492545));POINT(17.258322683514137 49.593738312243175);a4;landscape;osm
2024-11-22 08:43:58.936 +0100;false;2024-11-14 12:46:56.927;cb1f1493-73f1-4ab6-bcef-b53287e31cf9;POLYGON((17.22711229814268 49.57680194492545,17.289533068885596 49.57680194492545,17.289533068885596 49.610668800508336,17.22711229814268 49.610668800508336,17.22711229814268 49.57680194492545));POINT(17.258322683514137 49.593738312243175);a4;landscape;osm
2024-11-22 08:43:59.366 +0100;false;2024-11-14 12:46:56.927;cb1f1493-73f1-4ab6-bcef-b53287e31cf9;POLYGON((17.22711229814268 49.57680194492545,17.289533068885596 49.57680194492545,17.289533068885596 49.610668800508336,17.22711229814268 49.610668800508336,17.22711229814268 49.57680194492545));POINT(17.258322683514137 49.593738312243175);a4;landscape;osm
2024-11-22 08:50:36.533 +0100;false;2024-11-14 12:46:56.927;cb1f1493-73f1-4ab6-bcef-b53287e31cf9;POLYGON((17.22711229814268 49.57680194492545,17.289533068885596 49.57680194492545,17.289533068885596 49.610668800508336,17.22711229814268 49.610668800508336,17.22711229814268 49.57680194492545));POINT(17.258322683514137 49.593738312243175);a4;landscape;osm
2024-11-22 09:01:26.783 +0100;false;2024-11-14 12:46:56.927;cb1f1493-73f1-4ab6-bcef-b53287e31cf9;POLYGON((17.22711229814268 49.57680194492545,17.289533068885596 49.57680194492545,17.289533068885596 49.610668800508336,17.22711229814268 49.610668800508336,17.22711229814268 49.57680194492545));POINT(17.258322683514137 49.593738312243175);a4;landscape;osm
2024-11-22 09:04:26.884 +0100;false;2024-11-14 12:46:56.927;cb1f1493-73f1-4ab6-bcef-b53287e31cf9;POLYGON((17.22711229814268 49.57680194492545,17.289533068885596 49.57680194492545,17.289533068885596 49.610668800508336,17.22711229814268 49.610668800508336,17.22711229814268 49.57680194492545));POINT(17.258322683514137 49.593738312243175);a4;landscape;osm
2024-11-22 09:05:26.489 +0100;false;2024-11-14 12:46:56.927;cb1f1493-73f1-4ab6-bcef-b53287e31cf9;POLYGON((17.22711229814268 49.57680194492545,17.289533068885596 49.57680194492545,17.289533068885596 49.610668800508336,17.22711229814268 49.610668800508336,17.22711229814268 49.57680194492545));POINT(17.258322683514137 49.593738312243175);a4;landscape;osm
2024-11-22 09:05:27.067 +0100;false;2024-11-14 12:46:56.927;cb1f1493-73f1-4ab6-bcef-b53287e31cf9;POLYGON((17.22711229814268 49.57680194492545,17.289533068885596 49.57680194492545,17.289533068885596 49.610668800508336,17.22711229814268 49.610668800508336,17.22711229814268 49.57680194492545));POINT(17.258322683514137 49.593738312243175);a4;landscape;osm
2024-11-22 09:05:27.601 +0100;false;2024-11-14 12:46:56.927;cb1f1493-73f1-4ab6-bcef-b53287e31cf9;POLYGON((17.22711229814268 49.57680194492545,17.289533068885596 49.57680194492545,17.289533068885596 49.610668800508336,17.22711229814268 49.610668800508336,17.22711229814268 49.57680194492545));POINT(17.258322683514137 49.593738312243175);a4;landscape;osm
2024-11-22 09:05:28.144 +0100;false;2024-11-14 12:46:56.927;cb1f1493-73f1-4ab6-bcef-b53287e31cf9;POLYGON((17.22711229814268 49.57680194492545,17.289533068885596 49.57680194492545,17.289533068885596 49.610668800508336,17.22711229814268 49.610668800508336,17.22711229814268 49.57680194492545));POINT(17.258322683514137 49.593738312243175);a4;landscape;osm
2024-11-22 09:05:28.682 +0100;false;2024-11-14 12:46:56.927;cb1f1493-73f1-4ab6-bcef-b53287e31cf9;POLYGON((17.22711229814268 49.57680194492545,17.289533068885596 49.57680194492545,17.289533068885596 49.610668800508336,17.22711229814268 49.610668800508336,17.22711229814268 49.57680194492545));POINT(17.258322683514137 49.593738312243175);a4;landscape;osm
2024-11-22 09:05:29.748 +0100;false;2024-11-14 12:46:56.927;cb1f1493-73f1-4ab6-bcef-b53287e31cf9;POLYGON((17.22711229814268 49.57680194492545,17.289533068885596 49.57680194492545,17.289533068885596 49.610668800508336,17.22711229814268 49.610668800508336,17.22711229814268 49.57680194492545));POINT(17.258322683514137 49.593738312243175);a4;landscape;osm
2024-11-22 09:05:31.280 +0100;false;2024-11-14 12:46:56.927;cb1f1493-73f1-4ab6-bcef-b53287e31cf9;POLYGON((17.22711229814268 49.57680194492545,17.289533068885596 49.57680194492545,17.289533068885596 49.610668800508336,17.22711229814268 49.610668800508336,17.22711229814268 49.57680194492545));POINT(17.258322683514137 49.593738312243175);a4;landscape;osm
2024-11-22 09:05:31.827 +0100;false;2024-11-14 12:46:56.927;cb1f1493-73f1-4ab6-bcef-b53287e31cf9;POLYGON((17.22711229814268 49.57680194492545,17.289533068885596 49.57680194492545,17.289533068885596 49.610668800508336,17.22711229814268 49.610668800508336,17.22711229814268 49.57680194492545));POINT(17.258322683514137 49.593738312243175);a4;landscape;osm
2024-11-22 09:05:32.367 +0100;false;2024-11-14 12:46:56.927;cb1f1493-73f1-4ab6-bcef-b53287e31cf9;POLYGON((17.22711229814268 49.57680194492545,17.289533068885596 49.57680194492545,17.289533068885596 49.610668800508336,17.22711229814268 49.610668800508336,17.22711229814268 49.57680194492545));POINT(17.258322683514137 49.593738312243175);a4;landscape;osm
2024-11-22 09:05:32.919 +0100;false;2024-11-14 12:46:56.927;cb1f1493-73f1-4ab6-bcef-b53287e31cf9;POLYGON((17.22711229814268 49.57680194492545,17.289533068885596 49.57680194492545,17.289533068885596 49.610668800508336,17.22711229814268 49.610668800508336,17.22711229814268 49.57680194492545));POINT(17.258322683514137 49.593738312243175);a4;landscape;osm
2024-11-22 09:05:34.320 +0100;false;2024-11-14 12:46:56.927;cb1f1493-73f1-4ab6-bcef-b53287e31cf9;POLYGON((17.22711229814268 49.57680194492545,17.289533068885596 49.57680194492545,17.289533068885596 49.610668800508336,17.22711229814268 49.610668800508336,17.22711229814268 49.57680194492545));POINT(17.258322683514137 49.593738312243175);a4;landscape;osm
2024-11-22 09:06:04.184 +0100;false;2024-11-14 12:46:56.927;cb1f1493-73f1-4ab6-bcef-b53287e31cf9;POLYGON((17.22711229814268 49.57680194492545,17.289533068885596 49.57680194492545,17.289533068885596 49.610668800508336,17.22711229814268 49.610668800508336,17.22711229814268 49.57680194492545));POINT(17.258322683514137 49.593738312243175);a4;landscape;osm
2024-11-22 09:06:06.931 +0100;false;2024-11-14 12:46:56.927;cb1f1493-73f1-4ab6-bcef-b53287e31cf9;POLYGON((17.22711229814268 49.57680194492545,17.289533068885596 49.57680194492545,17.289533068885596 49.610668800508336,17.22711229814268 49.610668800508336,17.22711229814268 49.57680194492545));POINT(17.258322683514137 49.593738312243175);a4;landscape;osm
2024-11-22 09:06:09.757 +0100;false;2024-11-14 12:46:56.927;cb1f1493-73f1-4ab6-bcef-b53287e31cf9;POLYGON((17.22711229814268 49.57680194492545,17.289533068885596 49.57680194492545,17.289533068885596 49.610668800508336,17.22711229814268 49.610668800508336,17.22711229814268 49.57680194492545));POINT(17.258322683514137 49.593738312243175);a4;landscape;osm
2024-11-22 09:06:12.535 +0100;false;2024-11-14 12:46:56.927;cb1f1493-73f1-4ab6-bcef-b53287e31cf9;POLYGON((17.22711229814268 49.57680194492545,17.289533068885596 49.57680194492545,17.289533068885596 49.610668800508336,17.22711229814268 49.610668800508336,17.22711229814268 49.57680194492545));POINT(17.258322683514137 49.593738312243175);a4;landscape;osm
2024-11-22 09:06:15.951 +0100;false;2024-11-14 12:46:56.927;cb1f1493-73f1-4ab6-bcef-b53287e31cf9;POLYGON((17.22711229814268 49.57680194492545,17.289533068885596 49.57680194492545,17.289533068885596 49.610668800508336,17.22711229814268 49.610668800508336,17.22711229814268 49.57680194492545));POINT(17.258322683514137 49.593738312243175);a4;landscape;osm
2024-11-22 09:06:20.835 +0100;false;2024-11-14 12:46:56.927;cb1f1493-73f1-4ab6-bcef-b53287e31cf9;POLYGON((17.22711229814268 49.57680194492545,17.289533068885596 49.57680194492545,17.289533068885596 49.610668800508336,17.22711229814268 49.610668800508336,17.22711229814268 49.57680194492545));POINT(17.258322683514137 49.593738312243175);a4;landscape;osm
2024-11-22 09:06:55.013 +0100;false;2024-11-14 12:46:56.927;cb1f1493-73f1-4ab6-bcef-b53287e31cf9;POLYGON((17.22711229814268 49.57680194492545,17.289533068885596 49.57680194492545,17.289533068885596 49.610668800508336,17.22711229814268 49.610668800508336,17.22711229814268 49.57680194492545));POINT(17.258322683514137 49.593738312243175);a4;landscape;osm
2024-11-22 09:08:11.528 +0100;false;2024-11-14 12:46:56.927;cb1f1493-73f1-4ab6-bcef-b53287e31cf9;POLYGON((17.22711229814268 49.57680194492545,17.289533068885596 49.57680194492545,17.289533068885596 49.610668800508336,17.22711229814268 49.610668800508336,17.22711229814268 49.57680194492545));POINT(17.258322683514137 49.593738312243175);a4;landscape;osm
2024-11-22 09:08:21.083 +0100;false;2024-11-14 12:46:56.927;cb1f1493-73f1-4ab6-bcef-b53287e31cf9;POLYGON((17.22711229814268 49.57680194492545,17.289533068885596 49.57680194492545,17.289533068885596 49.610668800508336,17.22711229814268 49.610668800508336,17.22711229814268 49.57680194492545));POINT(17.258322683514137 49.593738312243175);a4;landscape;osm
2024-11-22 09:10:11.616 +0100;false;2024-11-14 12:46:56.927;cb1f1493-73f1-4ab6-bcef-b53287e31cf9;POLYGON((17.22711229814268 49.57680194492545,17.289533068885596 49.57680194492545,17.289533068885596 49.610668800508336,17.22711229814268 49.610668800508336,17.22711229814268 49.57680194492545));POINT(17.258322683514137 49.593738312243175);a4;landscape;osm
2024-11-22 09:11:00.739 +0100;true;2024-09-21 15:41:19.478;581e79da-a281-4325-a0f5-a4b56e08bb8f;POLYGON((-34.97102790253186 -8.091588863251971,-34.9648428835719 -8.091588863251971,-34.9648428835719 -8.08646353681641,-34.97102790253186 -8.08646353681641,-34.97102790253186 -8.091588863251971));POINT(-34.967935393051874 -8.089026208179405);a2;landscape;osm
2024-11-22 09:11:02.442 +0100;true;2024-09-21 15:09:20.242;6874e5da-e634-4fb1-b553-73a459570f8c;POLYGON((-34.96801933171879 -8.092330416606558,-34.96100902156009 -8.092330416606558,-34.96100902156009 -8.08652120363729,-34.96801933171879 -8.08652120363729,-34.96801933171879 -8.092330416606558));POINT(-34.96451417663944 -8.08942582058637);a2;landscape;osm
2024-11-22 09:11:03.968 +0100;true;2024-09-21 15:41:19.478;581e79da-a281-4325-a0f5-a4b56e08bb8f;POLYGON((-34.97102790253186 -8.091588863251971,-34.9648428835719 -8.091588863251971,-34.9648428835719 -8.08646353681641,-34.97102790253186 -8.08646353681641,-34.97102790253186 -8.091588863251971));POINT(-34.967935393051874 -8.089026208179405);a2;landscape;osm
2024-11-22 09:11:05.462 +0100;true;2024-09-21 15:41:19.478;581e79da-a281-4325-a0f5-a4b56e08bb8f;POLYGON((-34.97102790253186 -8.091588863251971,-34.9648428835719 -8.091588863251971,-34.9648428835719 -8.08646353681641,-34.97102790253186 -8.08646353681641,-34.97102790253186 -8.091588863251971));POINT(-34.967935393051874 -8.089026208179405);a2;landscape;osm
2024-11-22 09:11:06.952 +0100;true;2024-09-21 15:09:20.242;6874e5da-e634-4fb1-b553-73a459570f8c;POLYGON((-34.96801933171879 -8.092330416606558,-34.96100902156009 -8.092330416606558,-34.96100902156009 -8.08652120363729,-34.96801933171879 -8.08652120363729,-34.96801933171879 -8.092330416606558));POINT(-34.96451417663944 -8.08942582058637);a2;landscape;osm
2024-11-22 09:11:09.819 +0100;false;2024-11-14 12:46:56.927;cb1f1493-73f1-4ab6-bcef-b53287e31cf9;POLYGON((17.22711229814268 49.57680194492545,17.289533068885596 49.57680194492545,17.289533068885596 49.610668800508336,17.22711229814268 49.610668800508336,17.22711229814268 49.57680194492545));POINT(17.258322683514137 49.593738312243175);a4;landscape;osm
2024-11-22 09:11:10.138 +0100;false;2024-11-14 12:46:56.927;cb1f1493-73f1-4ab6-bcef-b53287e31cf9;POLYGON((17.22711229814268 49.57680194492545,17.289533068885596 49.57680194492545,17.289533068885596 49.610668800508336,17.22711229814268 49.610668800508336,17.22711229814268 49.57680194492545));POINT(17.258322683514137 49.593738312243175);a4;landscape;osm
2024-11-22 09:11:10.430 +0100;false;2024-11-14 12:46:56.927;cb1f1493-73f1-4ab6-bcef-b53287e31cf9;POLYGON((17.22711229814268 49.57680194492545,17.289533068885596 49.57680194492545,17.289533068885596 49.610668800508336,17.22711229814268 49.610668800508336,17.22711229814268 49.57680194492545));POINT(17.258322683514137 49.593738312243175);a4;landscape;osm
2024-11-22 09:11:13.874 +0100;false;2024-11-14 12:46:56.927;cb1f1493-73f1-4ab6-bcef-b53287e31cf9;POLYGON((17.22711229814268 49.57680194492545,17.289533068885596 49.57680194492545,17.289533068885596 49.610668800508336,17.22711229814268 49.610668800508336,17.22711229814268 49.57680194492545));POINT(17.258322683514137 49.593738312243175);a4;landscape;osm
2024-11-22 09:11:14.148 +0100;false;2024-11-14 12:46:56.927;cb1f1493-73f1-4ab6-bcef-b53287e31cf9;POLYGON((17.22711229814268 49.57680194492545,17.289533068885596 49.57680194492545,17.289533068885596 49.610668800508336,17.22711229814268 49.610668800508336,17.22711229814268 49.57680194492545));POINT(17.258322683514137 49.593738312243175);a4;landscape;osm
2024-11-22 09:11:20.521 +0100;false;2024-11-14 12:46:56.927;cb1f1493-73f1-4ab6-bcef-b53287e31cf9;POLYGON((17.22711229814268 49.57680194492545,17.289533068885596 49.57680194492545,17.289533068885596 49.610668800508336,17.22711229814268 49.610668800508336,17.22711229814268 49.57680194492545));POINT(17.258322683514137 49.593738312243175);a4;landscape;osm
2024-11-22 09:11:21.590 +0100;false;2024-11-14 12:46:56.927;cb1f1493-73f1-4ab6-bcef-b53287e31cf9;POLYGON((17.22711229814268 49.57680194492545,17.289533068885596 49.57680194492545,17.289533068885596 49.610668800508336,17.22711229814268 49.610668800508336,17.22711229814268 49.57680194492545));POINT(17.258322683514137 49.593738312243175);a4;landscape;osm
2024-11-22 09:11:21.884 +0100;false;2024-11-14 12:46:56.927;cb1f1493-73f1-4ab6-bcef-b53287e31cf9;POLYGON((17.22711229814268 49.57680194492545,17.289533068885596 49.57680194492545,17.289533068885596 49.610668800508336,17.22711229814268 49.610668800508336,17.22711229814268 49.57680194492545));POINT(17.258322683514137 49.593738312243175);a4;landscape;osm
2024-11-22 09:11:22.199 +0100;false;2024-11-14 12:46:56.927;cb1f1493-73f1-4ab6-bcef-b53287e31cf9;POLYGON((17.22711229814268 49.57680194492545,17.289533068885596 49.57680194492545,17.289533068885596 49.610668800508336,17.22711229814268 49.610668800508336,17.22711229814268 49.57680194492545));POINT(17.258322683514137 49.593738312243175);a4;landscape;osm
2024-11-22 09:11:22.584 +0100;false;2024-11-14 12:46:56.927;cb1f1493-73f1-4ab6-bcef-b53287e31cf9;POLYGON((17.22711229814268 49.57680194492545,17.289533068885596 49.57680194492545,17.289533068885596 49.610668800508336,17.22711229814268 49.610668800508336,17.22711229814268 49.57680194492545));POINT(17.258322683514137 49.593738312243175);a4;landscape;osm
2024-11-22 09:11:22.965 +0100;false;2024-11-14 12:46:56.927;cb1f1493-73f1-4ab6-bcef-b53287e31cf9;POLYGON((17.22711229814268 49.57680194492545,17.289533068885596 49.57680194492545,17.289533068885596 49.610668800508336,17.22711229814268 49.610668800508336,17.22711229814268 49.57680194492545));POINT(17.258322683514137 49.593738312243175);a4;landscape;osm
2024-11-22 09:11:23.636 +0100;false;2024-11-14 12:46:56.927;cb1f1493-73f1-4ab6-bcef-b53287e31cf9;POLYGON((17.22711229814268 49.57680194492545,17.289533068885596 49.57680194492545,17.289533068885596 49.610668800508336,17.22711229814268 49.610668800508336,17.22711229814268 49.57680194492545));POINT(17.258322683514137 49.593738312243175);a4;landscape;osm
2024-11-22 09:11:26.604 +0100;false;2024-11-14 12:46:56.927;cb1f1493-73f1-4ab6-bcef-b53287e31cf9;POLYGON((17.22711229814268 49.57680194492545,17.289533068885596 49.57680194492545,17.289533068885596 49.610668800508336,17.22711229814268 49.610668800508336,17.22711229814268 49.57680194492545));POINT(17.258322683514137 49.593738312243175);a4;landscape;osm
2024-11-22 09:11:29.960 +0100;false;2024-11-14 12:46:56.927;cb1f1493-73f1-4ab6-bcef-b53287e31cf9;POLYGON((17.22711229814268 49.57680194492545,17.289533068885596 49.57680194492545,17.289533068885596 49.610668800508336,17.22711229814268 49.610668800508336,17.22711229814268 49.57680194492545));POINT(17.258322683514137 49.593738312243175);a4;landscape;osm
2024-11-22 09:11:30.266 +0100;false;2024-11-14 12:46:56.927;cb1f1493-73f1-4ab6-bcef-b53287e31cf9;POLYGON((17.22711229814268 49.57680194492545,17.289533068885596 49.57680194492545,17.289533068885596 49.610668800508336,17.22711229814268 49.610668800508336,17.22711229814268 49.57680194492545));POINT(17.258322683514137 49.593738312243175);a4;landscape;osm
2024-11-22 09:11:34.464 +0100;false;2024-11-14 12:46:56.927;cb1f1493-73f1-4ab6-bcef-b53287e31cf9;POLYGON((17.22711229814268 49.57680194492545,17.289533068885596 49.57680194492545,17.289533068885596 49.610668800508336,17.22711229814268 49.610668800508336,17.22711229814268 49.57680194492545));POINT(17.258322683514137 49.593738312243175);a4;landscape;osm
2024-11-22 09:11:37.174 +0100;false;2024-11-14 12:46:56.927;cb1f1493-73f1-4ab6-bcef-b53287e31cf9;POLYGON((17.22711229814268 49.57680194492545,17.289533068885596 49.57680194492545,17.289533068885596 49.610668800508336,17.22711229814268 49.610668800508336,17.22711229814268 49.57680194492545));POINT(17.258322683514137 49.593738312243175);a4;landscape;osm
2024-11-22 09:12:00.252 +0100;false;2024-11-14 12:46:56.927;cb1f1493-73f1-4ab6-bcef-b53287e31cf9;POLYGON((17.22711229814268 49.57680194492545,17.289533068885596 49.57680194492545,17.289533068885596 49.610668800508336,17.22711229814268 49.610668800508336,17.22711229814268 49.57680194492545));POINT(17.258322683514137 49.593738312243175);a4;landscape;osm
2024-11-22 09:14:03.331 +0100;true;2024-11-14 12:46:56.927;cb1f1493-73f1-4ab6-bcef-b53287e31cf9;POLYGON((17.22711229814268 49.57680194492545,17.289533068885596 49.57680194492545,17.289533068885596 49.610668800508336,17.22711229814268 49.610668800508336,17.22711229814268 49.57680194492545));POINT(17.258322683514137 49.593738312243175);a4;landscape;osm
2024-11-22 09:14:06.173 +0100;true;2024-11-14 12:46:56.927;cb1f1493-73f1-4ab6-bcef-b53287e31cf9;POLYGON((17.22711229814268 49.57680194492545,17.289533068885596 49.57680194492545,17.289533068885596 49.610668800508336,17.22711229814268 49.610668800508336,17.22711229814268 49.57680194492545));POINT(17.258322683514137 49.593738312243175);a4;landscape;osm
2024-11-22 09:14:09.466 +0100;true;2024-11-14 12:46:56.927;cb1f1493-73f1-4ab6-bcef-b53287e31cf9;POLYGON((17.22711229814268 49.57680194492545,17.289533068885596 49.57680194492545,17.289533068885596 49.610668800508336,17.22711229814268 49.610668800508336,17.22711229814268 49.57680194492545));POINT(17.258322683514137 49.593738312243175);a4;landscape;osm
2024-11-22 09:14:12.635 +0100;true;2024-11-14 12:46:56.927;cb1f1493-73f1-4ab6-bcef-b53287e31cf9;POLYGON((17.22711229814268 49.57680194492545,17.289533068885596 49.57680194492545,17.289533068885596 49.610668800508336,17.22711229814268 49.610668800508336,17.22711229814268 49.57680194492545));POINT(17.258322683514137 49.593738312243175);a4;landscape;osm
2024-11-22 09:14:15.381 +0100;true;2024-11-14 12:46:56.927;cb1f1493-73f1-4ab6-bcef-b53287e31cf9;POLYGON((17.22711229814268 49.57680194492545,17.289533068885596 49.57680194492545,17.289533068885596 49.610668800508336,17.22711229814268 49.610668800508336,17.22711229814268 49.57680194492545));POINT(17.258322683514137 49.593738312243175);a4;landscape;osm
2024-11-22 09:14:18.248 +0100;true;2024-11-14 12:46:56.927;cb1f1493-73f1-4ab6-bcef-b53287e31cf9;POLYGON((17.22711229814268 49.57680194492545,17.289533068885596 49.57680194492545,17.289533068885596 49.610668800508336,17.22711229814268 49.610668800508336,17.22711229814268 49.57680194492545));POINT(17.258322683514137 49.593738312243175);a4;landscape;osm
2024-11-22 09:14:21.409 +0100;true;2024-11-14 12:46:56.927;cb1f1493-73f1-4ab6-bcef-b53287e31cf9;POLYGON((17.22711229814268 49.57680194492545,17.289533068885596 49.57680194492545,17.289533068885596 49.610668800508336,17.22711229814268 49.610668800508336,17.22711229814268 49.57680194492545));POINT(17.258322683514137 49.593738312243175);a4;landscape;osm
2024-11-22 09:14:24.140 +0100;true;2024-11-14 12:46:56.927;cb1f1493-73f1-4ab6-bcef-b53287e31cf9;POLYGON((17.22711229814268 49.57680194492545,17.289533068885596 49.57680194492545,17.289533068885596 49.610668800508336,17.22711229814268 49.610668800508336,17.22711229814268 49.57680194492545));POINT(17.258322683514137 49.593738312243175);a4;landscape;osm
2024-11-22 09:14:27.090 +0100;true;2024-11-14 12:46:56.927;cb1f1493-73f1-4ab6-bcef-b53287e31cf9;POLYGON((17.22711229814268 49.57680194492545,17.289533068885596 49.57680194492545,17.289533068885596 49.610668800508336,17.22711229814268 49.610668800508336,17.22711229814268 49.57680194492545));POINT(17.258322683514137 49.593738312243175);a4;landscape;osm
2024-11-22 09:14:29.960 +0100;false;2024-11-14 12:46:56.927;cb1f1493-73f1-4ab6-bcef-b53287e31cf9;POLYGON((17.22711229814268 49.57680194492545,17.289533068885596 49.57680194492545,17.289533068885596 49.610668800508336,17.22711229814268 49.610668800508336,17.22711229814268 49.57680194492545));POINT(17.258322683514137 49.593738312243175);a4;landscape;osm
2024-11-22 09:14:30.421 +0100;true;2024-11-14 12:46:56.927;cb1f1493-73f1-4ab6-bcef-b53287e31cf9;POLYGON((17.22711229814268 49.57680194492545,17.289533068885596 49.57680194492545,17.289533068885596 49.610668800508336,17.22711229814268 49.610668800508336,17.22711229814268 49.57680194492545));POINT(17.258322683514137 49.593738312243175);a4;landscape;osm
2024-11-22 09:14:31.911 +0100;false;2024-11-14 12:46:56.927;cb1f1493-73f1-4ab6-bcef-b53287e31cf9;POLYGON((17.22711229814268 49.57680194492545,17.289533068885596 49.57680194492545,17.289533068885596 49.610668800508336,17.22711229814268 49.610668800508336,17.22711229814268 49.57680194492545));POINT(17.258322683514137 49.593738312243175);a4;landscape;osm
2024-11-22 09:15:22.623 +0100;false;2024-11-14 12:46:56.927;cb1f1493-73f1-4ab6-bcef-b53287e31cf9;POLYGON((17.22711229814268 49.57680194492545,17.289533068885596 49.57680194492545,17.289533068885596 49.610668800508336,17.22711229814268 49.610668800508336,17.22711229814268 49.57680194492545));POINT(17.258322683514137 49.593738312243175);a4;landscape;osm
2024-11-22 09:15:32.496 +0100;false;2024-11-14 12:46:56.927;cb1f1493-73f1-4ab6-bcef-b53287e31cf9;POLYGON((17.22711229814268 49.57680194492545,17.289533068885596 49.57680194492545,17.289533068885596 49.610668800508336,17.22711229814268 49.610668800508336,17.22711229814268 49.57680194492545));POINT(17.258322683514137 49.593738312243175);a4;landscape;osm
2024-11-22 09:16:46.276 +0100;true;2024-11-14 12:46:56.927;cb1f1493-73f1-4ab6-bcef-b53287e31cf9;POLYGON((17.22711229814268 49.57680194492545,17.289533068885596 49.57680194492545,17.289533068885596 49.610668800508336,17.22711229814268 49.610668800508336,17.22711229814268 49.57680194492545));POINT(17.258322683514137 49.593738312243175);a4;landscape;osm
2024-11-22 09:16:46.705 +0100;true;2024-11-14 12:46:56.927;cb1f1493-73f1-4ab6-bcef-b53287e31cf9;POLYGON((17.22711229814268 49.57680194492545,17.289533068885596 49.57680194492545,17.289533068885596 49.610668800508336,17.22711229814268 49.610668800508336,17.22711229814268 49.57680194492545));POINT(17.258322683514137 49.593738312243175);a4;landscape;osm
2024-11-22 09:16:47.462 +0100;true;2024-11-14 12:46:56.927;cb1f1493-73f1-4ab6-bcef-b53287e31cf9;POLYGON((17.22711229814268 49.57680194492545,17.289533068885596 49.57680194492545,17.289533068885596 49.610668800508336,17.22711229814268 49.610668800508336,17.22711229814268 49.57680194492545));POINT(17.258322683514137 49.593738312243175);a4;landscape;osm
2024-11-22 09:16:47.808 +0100;true;2024-11-14 12:46:56.927;cb1f1493-73f1-4ab6-bcef-b53287e31cf9;POLYGON((17.22711229814268 49.57680194492545,17.289533068885596 49.57680194492545,17.289533068885596 49.610668800508336,17.22711229814268 49.610668800508336,17.22711229814268 49.57680194492545));POINT(17.258322683514137 49.593738312243175);a4;landscape;osm
2024-11-22 09:16:50.144 +0100;true;2024-11-14 12:46:56.927;cb1f1493-73f1-4ab6-bcef-b53287e31cf9;POLYGON((17.22711229814268 49.57680194492545,17.289533068885596 49.57680194492545,17.289533068885596 49.610668800508336,17.22711229814268 49.610668800508336,17.22711229814268 49.57680194492545));POINT(17.258322683514137 49.593738312243175);a4;landscape;osm
2024-11-22 09:16:52.394 +0100;true;2024-11-14 12:46:56.927;cb1f1493-73f1-4ab6-bcef-b53287e31cf9;POLYGON((17.22711229814268 49.57680194492545,17.289533068885596 49.57680194492545,17.289533068885596 49.610668800508336,17.22711229814268 49.610668800508336,17.22711229814268 49.57680194492545));POINT(17.258322683514137 49.593738312243175);a4;landscape;osm
2024-11-22 09:16:54.981 +0100;true;2024-11-14 12:46:56.927;cb1f1493-73f1-4ab6-bcef-b53287e31cf9;POLYGON((17.22711229814268 49.57680194492545,17.289533068885596 49.57680194492545,17.289533068885596 49.610668800508336,17.22711229814268 49.610668800508336,17.22711229814268 49.57680194492545));POINT(17.258322683514137 49.593738312243175);a4;landscape;osm
2024-11-22 09:16:57.749 +0100;true;2024-11-14 12:46:56.927;cb1f1493-73f1-4ab6-bcef-b53287e31cf9;POLYGON((17.22711229814268 49.57680194492545,17.289533068885596 49.57680194492545,17.289533068885596 49.610668800508336,17.22711229814268 49.610668800508336,17.22711229814268 49.57680194492545));POINT(17.258322683514137 49.593738312243175);a4;landscape;osm
2024-11-22 09:17:00.507 +0100;true;2024-11-14 12:46:56.927;cb1f1493-73f1-4ab6-bcef-b53287e31cf9;POLYGON((17.22711229814268 49.57680194492545,17.289533068885596 49.57680194492545,17.289533068885596 49.610668800508336,17.22711229814268 49.610668800508336,17.22711229814268 49.57680194492545));POINT(17.258322683514137 49.593738312243175);a4;landscape;osm
2024-11-22 09:17:41.458 +0100;false;2024-11-14 12:46:56.927;cb1f1493-73f1-4ab6-bcef-b53287e31cf9;POLYGON((17.22711229814268 49.57680194492545,17.289533068885596 49.57680194492545,17.289533068885596 49.610668800508336,17.22711229814268 49.610668800508336,17.22711229814268 49.57680194492545));POINT(17.258322683514137 49.593738312243175);a4;landscape;osm
2024-11-22 09:18:00.739 +0100;true;2024-11-14 12:46:56.927;cb1f1493-73f1-4ab6-bcef-b53287e31cf9;POLYGON((17.22711229814268 49.57680194492545,17.289533068885596 49.57680194492545,17.289533068885596 49.610668800508336,17.22711229814268 49.610668800508336,17.22711229814268 49.57680194492545));POINT(17.258322683514137 49.593738312243175);a4;landscape;osm
2024-11-22 09:18:01.193 +0100;true;2024-11-14 12:46:56.927;cb1f1493-73f1-4ab6-bcef-b53287e31cf9;POLYGON((17.22711229814268 49.57680194492545,17.289533068885596 49.57680194492545,17.289533068885596 49.610668800508336,17.22711229814268 49.610668800508336,17.22711229814268 49.57680194492545));POINT(17.258322683514137 49.593738312243175);a4;landscape;osm
2024-11-22 09:18:01.914 +0100;true;2024-11-14 12:46:56.927;cb1f1493-73f1-4ab6-bcef-b53287e31cf9;POLYGON((17.22711229814268 49.57680194492545,17.289533068885596 49.57680194492545,17.289533068885596 49.610668800508336,17.22711229814268 49.610668800508336,17.22711229814268 49.57680194492545));POINT(17.258322683514137 49.593738312243175);a4;landscape;osm
2024-11-22 09:22:17.271 +0100;false;2024-11-14 12:46:56.927;cb1f1493-73f1-4ab6-bcef-b53287e31cf9;POLYGON((17.22711229814268 49.57680194492545,17.289533068885596 49.57680194492545,17.289533068885596 49.610668800508336,17.22711229814268 49.610668800508336,17.22711229814268 49.57680194492545));POINT(17.258322683514137 49.593738312243175);a4;landscape;osm
2024-11-22 09:23:00.433 +0100;false;2024-11-14 12:46:56.927;cb1f1493-73f1-4ab6-bcef-b53287e31cf9;POLYGON((17.22711229814268 49.57680194492545,17.289533068885596 49.57680194492545,17.289533068885596 49.610668800508336,17.22711229814268 49.610668800508336,17.22711229814268 49.57680194492545));POINT(17.258322683514137 49.593738312243175);a4;landscape;osm
2024-11-22 09:25:42.044 +0100;false;2024-11-14 12:46:56.927;cb1f1493-73f1-4ab6-bcef-b53287e31cf9;POLYGON((17.22711229814268 49.57680194492545,17.289533068885596 49.57680194492545,17.289533068885596 49.610668800508336,17.22711229814268 49.610668800508336,17.22711229814268 49.57680194492545));POINT(17.258322683514137 49.593738312243175);a4;landscape;osm
2024-11-22 09:25:49.546 +0100;false;2024-11-14 12:46:56.927;cb1f1493-73f1-4ab6-bcef-b53287e31cf9;POLYGON((17.22711229814268 49.57680194492545,17.289533068885596 49.57680194492545,17.289533068885596 49.610668800508336,17.22711229814268 49.610668800508336,17.22711229814268 49.57680194492545));POINT(17.258322683514137 49.593738312243175);a4;landscape;osm
2024-11-22 09:27:37.033 +0100;false;2024-11-14 12:46:56.927;cb1f1493-73f1-4ab6-bcef-b53287e31cf9;POLYGON((17.22711229814268 49.57680194492545,17.289533068885596 49.57680194492545,17.289533068885596 49.610668800508336,17.22711229814268 49.610668800508336,17.22711229814268 49.57680194492545));POINT(17.258322683514137 49.593738312243175);a4;landscape;osm
2024-11-22 09:27:37.565 +0100;false;2024-11-14 12:46:56.927;cb1f1493-73f1-4ab6-bcef-b53287e31cf9;POLYGON((17.22711229814268 49.57680194492545,17.289533068885596 49.57680194492545,17.289533068885596 49.610668800508336,17.22711229814268 49.610668800508336,17.22711229814268 49.57680194492545));POINT(17.258322683514137 49.593738312243175);a4;landscape;osm
2024-11-22 09:27:38.001 +0100;false;2024-11-14 12:46:56.927;cb1f1493-73f1-4ab6-bcef-b53287e31cf9;POLYGON((17.22711229814268 49.57680194492545,17.289533068885596 49.57680194492545,17.289533068885596 49.610668800508336,17.22711229814268 49.610668800508336,17.22711229814268 49.57680194492545));POINT(17.258322683514137 49.593738312243175);a4;landscape;osm
2024-11-22 09:27:38.810 +0100;false;2024-11-14 12:46:56.927;cb1f1493-73f1-4ab6-bcef-b53287e31cf9;POLYGON((17.22711229814268 49.57680194492545,17.289533068885596 49.57680194492545,17.289533068885596 49.610668800508336,17.22711229814268 49.610668800508336,17.22711229814268 49.57680194492545));POINT(17.258322683514137 49.593738312243175);a4;landscape;osm
2024-11-22 09:27:39.278 +0100;false;2024-11-14 12:46:56.927;cb1f1493-73f1-4ab6-bcef-b53287e31cf9;POLYGON((17.22711229814268 49.57680194492545,17.289533068885596 49.57680194492545,17.289533068885596 49.610668800508336,17.22711229814268 49.610668800508336,17.22711229814268 49.57680194492545));POINT(17.258322683514137 49.593738312243175);a4;landscape;osm
2024-11-22 09:27:39.708 +0100;false;2024-11-14 12:46:56.927;cb1f1493-73f1-4ab6-bcef-b53287e31cf9;POLYGON((17.22711229814268 49.57680194492545,17.289533068885596 49.57680194492545,17.289533068885596 49.610668800508336,17.22711229814268 49.610668800508336,17.22711229814268 49.57680194492545));POINT(17.258322683514137 49.593738312243175);a4;landscape;osm
2024-11-22 09:27:40.179 +0100;false;2024-11-14 12:46:56.927;cb1f1493-73f1-4ab6-bcef-b53287e31cf9;POLYGON((17.22711229814268 49.57680194492545,17.289533068885596 49.57680194492545,17.289533068885596 49.610668800508336,17.22711229814268 49.610668800508336,17.22711229814268 49.57680194492545));POINT(17.258322683514137 49.593738312243175);a4;landscape;osm
2024-11-22 09:27:40.619 +0100;false;2024-11-14 12:46:56.927;cb1f1493-73f1-4ab6-bcef-b53287e31cf9;POLYGON((17.22711229814268 49.57680194492545,17.289533068885596 49.57680194492545,17.289533068885596 49.610668800508336,17.22711229814268 49.610668800508336,17.22711229814268 49.57680194492545));POINT(17.258322683514137 49.593738312243175);a4;landscape;osm
2024-11-22 09:27:41.045 +0100;false;2024-11-14 12:46:56.927;cb1f1493-73f1-4ab6-bcef-b53287e31cf9;POLYGON((17.22711229814268 49.57680194492545,17.289533068885596 49.57680194492545,17.289533068885596 49.610668800508336,17.22711229814268 49.610668800508336,17.22711229814268 49.57680194492545));POINT(17.258322683514137 49.593738312243175);a4;landscape;osm
2024-11-22 09:27:41.485 +0100;false;2024-11-14 12:46:56.927;cb1f1493-73f1-4ab6-bcef-b53287e31cf9;POLYGON((17.22711229814268 49.57680194492545,17.289533068885596 49.57680194492545,17.289533068885596 49.610668800508336,17.22711229814268 49.610668800508336,17.22711229814268 49.57680194492545));POINT(17.258322683514137 49.593738312243175);a4;landscape;osm
2024-11-22 09:27:44.661 +0100;false;2024-11-14 12:46:56.927;cb1f1493-73f1-4ab6-bcef-b53287e31cf9;POLYGON((17.22711229814268 49.57680194492545,17.289533068885596 49.57680194492545,17.289533068885596 49.610668800508336,17.22711229814268 49.610668800508336,17.22711229814268 49.57680194492545));POINT(17.258322683514137 49.593738312243175);a4;landscape;osm
2024-11-22 09:29:28.495 +0100;false;2024-11-14 12:46:56.927;cb1f1493-73f1-4ab6-bcef-b53287e31cf9;POLYGON((17.22711229814268 49.57680194492545,17.289533068885596 49.57680194492545,17.289533068885596 49.610668800508336,17.22711229814268 49.610668800508336,17.22711229814268 49.57680194492545));POINT(17.258322683514137 49.593738312243175);a4;landscape;osm
2024-11-22 09:29:28.806 +0100;false;2024-11-14 12:46:56.927;cb1f1493-73f1-4ab6-bcef-b53287e31cf9;POLYGON((17.22711229814268 49.57680194492545,17.289533068885596 49.57680194492545,17.289533068885596 49.610668800508336,17.22711229814268 49.610668800508336,17.22711229814268 49.57680194492545));POINT(17.258322683514137 49.593738312243175);a4;landscape;osm
2024-11-22 09:29:29.454 +0100;false;2024-11-14 12:46:56.927;cb1f1493-73f1-4ab6-bcef-b53287e31cf9;POLYGON((17.22711229814268 49.57680194492545,17.289533068885596 49.57680194492545,17.289533068885596 49.610668800508336,17.22711229814268 49.610668800508336,17.22711229814268 49.57680194492545));POINT(17.258322683514137 49.593738312243175);a4;landscape;osm
2024-11-22 09:29:29.819 +0100;false;2024-11-14 12:46:56.927;cb1f1493-73f1-4ab6-bcef-b53287e31cf9;POLYGON((17.22711229814268 49.57680194492545,17.289533068885596 49.57680194492545,17.289533068885596 49.610668800508336,17.22711229814268 49.610668800508336,17.22711229814268 49.57680194492545));POINT(17.258322683514137 49.593738312243175);a4;landscape;osm
2024-11-22 09:31:23.696 +0100;false;2024-11-14 12:46:56.927;cb1f1493-73f1-4ab6-bcef-b53287e31cf9;POLYGON((17.22711229814268 49.57680194492545,17.289533068885596 49.57680194492545,17.289533068885596 49.610668800508336,17.22711229814268 49.610668800508336,17.22711229814268 49.57680194492545));POINT(17.258322683514137 49.593738312243175);a4;landscape;osm
2024-11-22 09:31:24.151 +0100;false;2024-11-14 12:46:56.927;cb1f1493-73f1-4ab6-bcef-b53287e31cf9;POLYGON((17.22711229814268 49.57680194492545,17.289533068885596 49.57680194492545,17.289533068885596 49.610668800508336,17.22711229814268 49.610668800508336,17.22711229814268 49.57680194492545));POINT(17.258322683514137 49.593738312243175);a4;landscape;osm
2024-11-22 09:31:56.911 +0100;false;2024-11-14 12:46:56.927;cb1f1493-73f1-4ab6-bcef-b53287e31cf9;POLYGON((17.22711229814268 49.57680194492545,17.289533068885596 49.57680194492545,17.289533068885596 49.610668800508336,17.22711229814268 49.610668800508336,17.22711229814268 49.57680194492545));POINT(17.258322683514137 49.593738312243175);a4;landscape;osm
2024-11-22 09:31:59.296 +0100;false;2024-11-14 12:46:56.927;cb1f1493-73f1-4ab6-bcef-b53287e31cf9;POLYGON((17.22711229814268 49.57680194492545,17.289533068885596 49.57680194492545,17.289533068885596 49.610668800508336,17.22711229814268 49.610668800508336,17.22711229814268 49.57680194492545));POINT(17.258322683514137 49.593738312243175);a4;landscape;osm
2024-11-22 09:34:04.583 +0100;false;2024-11-14 12:46:56.927;cb1f1493-73f1-4ab6-bcef-b53287e31cf9;POLYGON((17.22711229814268 49.57680194492545,17.289533068885596 49.57680194492545,17.289533068885596 49.610668800508336,17.22711229814268 49.610668800508336,17.22711229814268 49.57680194492545));POINT(17.258322683514137 49.593738312243175);a4;landscape;osm
2024-11-22 09:35:48.940 +0100;false;2024-11-14 12:46:56.927;cb1f1493-73f1-4ab6-bcef-b53287e31cf9;POLYGON((17.22711229814268 49.57680194492545,17.289533068885596 49.57680194492545,17.289533068885596 49.610668800508336,17.22711229814268 49.610668800508336,17.22711229814268 49.57680194492545));POINT(17.258322683514137 49.593738312243175);a4;landscape;osm
2024-11-22 09:36:40.561 +0100;false;2024-11-14 12:46:56.927;cb1f1493-73f1-4ab6-bcef-b53287e31cf9;POLYGON((17.22711229814268 49.57680194492545,17.289533068885596 49.57680194492545,17.289533068885596 49.610668800508336,17.22711229814268 49.610668800508336,17.22711229814268 49.57680194492545));POINT(17.258322683514137 49.593738312243175);a4;landscape;osm
2024-11-22 09:37:32.062 +0100;false;2024-11-14 12:46:56.927;cb1f1493-73f1-4ab6-bcef-b53287e31cf9;POLYGON((17.22711229814268 49.57680194492545,17.289533068885596 49.57680194492545,17.289533068885596 49.610668800508336,17.22711229814268 49.610668800508336,17.22711229814268 49.57680194492545));POINT(17.258322683514137 49.593738312243175);a4;landscape;osm
2024-11-22 09:39:20.878 +0100;false;2024-11-14 12:46:56.927;cb1f1493-73f1-4ab6-bcef-b53287e31cf9;POLYGON((17.22711229814268 49.57680194492545,17.289533068885596 49.57680194492545,17.289533068885596 49.610668800508336,17.22711229814268 49.610668800508336,17.22711229814268 49.57680194492545));POINT(17.258322683514137 49.593738312243175);a4;landscape;osm
2024-11-22 09:40:15.914 +0100;false;2024-11-14 12:46:56.927;cb1f1493-73f1-4ab6-bcef-b53287e31cf9;POLYGON((17.22711229814268 49.57680194492545,17.289533068885596 49.57680194492545,17.289533068885596 49.610668800508336,17.22711229814268 49.610668800508336,17.22711229814268 49.57680194492545));POINT(17.258322683514137 49.593738312243175);a4;landscape;osm
2024-11-22 09:41:10.595 +0100;false;2024-11-14 12:46:56.927;cb1f1493-73f1-4ab6-bcef-b53287e31cf9;POLYGON((17.22711229814268 49.57680194492545,17.289533068885596 49.57680194492545,17.289533068885596 49.610668800508336,17.22711229814268 49.610668800508336,17.22711229814268 49.57680194492545));POINT(17.258322683514137 49.593738312243175);a4;landscape;osm
2024-11-22 09:42:06.904 +0100;false;2024-11-14 12:46:56.927;cb1f1493-73f1-4ab6-bcef-b53287e31cf9;POLYGON((17.22711229814268 49.57680194492545,17.289533068885596 49.57680194492545,17.289533068885596 49.610668800508336,17.22711229814268 49.610668800508336,17.22711229814268 49.57680194492545));POINT(17.258322683514137 49.593738312243175);a4;landscape;osm
2024-11-22 09:42:58.410 +0100;false;2024-11-14 12:46:56.927;cb1f1493-73f1-4ab6-bcef-b53287e31cf9;POLYGON((17.22711229814268 49.57680194492545,17.289533068885596 49.57680194492545,17.289533068885596 49.610668800508336,17.22711229814268 49.610668800508336,17.22711229814268 49.57680194492545));POINT(17.258322683514137 49.593738312243175);a4;landscape;osm
2024-11-22 09:45:36.034 +0100;false;2024-11-14 12:46:56.927;cb1f1493-73f1-4ab6-bcef-b53287e31cf9;POLYGON((17.22711229814268 49.57680194492545,17.289533068885596 49.57680194492545,17.289533068885596 49.610668800508336,17.22711229814268 49.610668800508336,17.22711229814268 49.57680194492545));POINT(17.258322683514137 49.593738312243175);a4;landscape;osm
2024-11-22 09:45:36.783 +0100;false;2024-11-14 12:46:56.927;cb1f1493-73f1-4ab6-bcef-b53287e31cf9;POLYGON((17.22711229814268 49.57680194492545,17.289533068885596 49.57680194492545,17.289533068885596 49.610668800508336,17.22711229814268 49.610668800508336,17.22711229814268 49.57680194492545));POINT(17.258322683514137 49.593738312243175);a4;landscape;osm
2024-11-22 09:45:37.289 +0100;false;2024-11-14 12:46:56.927;cb1f1493-73f1-4ab6-bcef-b53287e31cf9;POLYGON((17.22711229814268 49.57680194492545,17.289533068885596 49.57680194492545,17.289533068885596 49.610668800508336,17.22711229814268 49.610668800508336,17.22711229814268 49.57680194492545));POINT(17.258322683514137 49.593738312243175);a4;landscape;osm
2024-11-22 09:45:37.796 +0100;false;2024-11-14 12:46:56.927;cb1f1493-73f1-4ab6-bcef-b53287e31cf9;POLYGON((17.22711229814268 49.57680194492545,17.289533068885596 49.57680194492545,17.289533068885596 49.610668800508336,17.22711229814268 49.610668800508336,17.22711229814268 49.57680194492545));POINT(17.258322683514137 49.593738312243175);a4;landscape;osm
2024-11-22 09:45:38.264 +0100;false;2024-11-14 12:46:56.927;cb1f1493-73f1-4ab6-bcef-b53287e31cf9;POLYGON((17.22711229814268 49.57680194492545,17.289533068885596 49.57680194492545,17.289533068885596 49.610668800508336,17.22711229814268 49.610668800508336,17.22711229814268 49.57680194492545));POINT(17.258322683514137 49.593738312243175);a4;landscape;osm
2024-11-22 09:45:38.755 +0100;false;2024-11-14 12:46:56.927;cb1f1493-73f1-4ab6-bcef-b53287e31cf9;POLYGON((17.22711229814268 49.57680194492545,17.289533068885596 49.57680194492545,17.289533068885596 49.610668800508336,17.22711229814268 49.610668800508336,17.22711229814268 49.57680194492545));POINT(17.258322683514137 49.593738312243175);a4;landscape;osm
2024-11-22 09:45:39.220 +0100;false;2024-11-14 12:46:56.927;cb1f1493-73f1-4ab6-bcef-b53287e31cf9;POLYGON((17.22711229814268 49.57680194492545,17.289533068885596 49.57680194492545,17.289533068885596 49.610668800508336,17.22711229814268 49.610668800508336,17.22711229814268 49.57680194492545));POINT(17.258322683514137 49.593738312243175);a4;landscape;osm
2024-11-22 09:45:39.709 +0100;false;2024-11-14 12:46:56.927;cb1f1493-73f1-4ab6-bcef-b53287e31cf9;POLYGON((17.22711229814268 49.57680194492545,17.289533068885596 49.57680194492545,17.289533068885596 49.610668800508336,17.22711229814268 49.610668800508336,17.22711229814268 49.57680194492545));POINT(17.258322683514137 49.593738312243175);a4;landscape;osm
2024-11-22 09:45:40.405 +0100;false;2024-11-14 12:46:56.927;cb1f1493-73f1-4ab6-bcef-b53287e31cf9;POLYGON((17.22711229814268 49.57680194492545,17.289533068885596 49.57680194492545,17.289533068885596 49.610668800508336,17.22711229814268 49.610668800508336,17.22711229814268 49.57680194492545));POINT(17.258322683514137 49.593738312243175);a4;landscape;osm
2024-11-22 09:45:40.898 +0100;false;2024-11-14 12:46:56.927;cb1f1493-73f1-4ab6-bcef-b53287e31cf9;POLYGON((17.22711229814268 49.57680194492545,17.289533068885596 49.57680194492545,17.289533068885596 49.610668800508336,17.22711229814268 49.610668800508336,17.22711229814268 49.57680194492545));POINT(17.258322683514137 49.593738312243175);a4;landscape;osm
2024-11-22 09:45:41.111 +0100;false;2024-11-14 12:46:56.927;cb1f1493-73f1-4ab6-bcef-b53287e31cf9;POLYGON((17.22711229814268 49.57680194492545,17.289533068885596 49.57680194492545,17.289533068885596 49.610668800508336,17.22711229814268 49.610668800508336,17.22711229814268 49.57680194492545));POINT(17.258322683514137 49.593738312243175);a4;landscape;osm
2024-11-22 09:45:41.282 +0100;false;2024-11-14 12:46:56.927;cb1f1493-73f1-4ab6-bcef-b53287e31cf9;POLYGON((17.22711229814268 49.57680194492545,17.289533068885596 49.57680194492545,17.289533068885596 49.610668800508336,17.22711229814268 49.610668800508336,17.22711229814268 49.57680194492545));POINT(17.258322683514137 49.593738312243175);a4;landscape;osm
2024-11-22 09:45:41.620 +0100;false;2024-11-14 12:46:56.927;cb1f1493-73f1-4ab6-bcef-b53287e31cf9;POLYGON((17.22711229814268 49.57680194492545,17.289533068885596 49.57680194492545,17.289533068885596 49.610668800508336,17.22711229814268 49.610668800508336,17.22711229814268 49.57680194492545));POINT(17.258322683514137 49.593738312243175);a4;landscape;osm
2024-11-22 09:45:42.003 +0100;false;2024-11-14 12:46:56.927;cb1f1493-73f1-4ab6-bcef-b53287e31cf9;POLYGON((17.22711229814268 49.57680194492545,17.289533068885596 49.57680194492545,17.289533068885596 49.610668800508336,17.22711229814268 49.610668800508336,17.22711229814268 49.57680194492545));POINT(17.258322683514137 49.593738312243175);a4;landscape;osm
2024-11-22 09:47:38.663 +0100;false;2024-11-14 12:46:56.927;cb1f1493-73f1-4ab6-bcef-b53287e31cf9;POLYGON((17.22711229814268 49.57680194492545,17.289533068885596 49.57680194492545,17.289533068885596 49.610668800508336,17.22711229814268 49.610668800508336,17.22711229814268 49.57680194492545));POINT(17.258322683514137 49.593738312243175);a4;landscape;osm
2024-11-22 09:47:39.225 +0100;false;2024-11-14 12:46:56.927;cb1f1493-73f1-4ab6-bcef-b53287e31cf9;POLYGON((17.22711229814268 49.57680194492545,17.289533068885596 49.57680194492545,17.289533068885596 49.610668800508336,17.22711229814268 49.610668800508336,17.22711229814268 49.57680194492545));POINT(17.258322683514137 49.593738312243175);a4;landscape;osm
2024-11-22 09:47:39.728 +0100;false;2024-11-14 12:46:56.927;cb1f1493-73f1-4ab6-bcef-b53287e31cf9;POLYGON((17.22711229814268 49.57680194492545,17.289533068885596 49.57680194492545,17.289533068885596 49.610668800508336,17.22711229814268 49.610668800508336,17.22711229814268 49.57680194492545));POINT(17.258322683514137 49.593738312243175);a4;landscape;osm
2024-11-22 09:47:40.246 +0100;false;2024-11-14 12:46:56.927;cb1f1493-73f1-4ab6-bcef-b53287e31cf9;POLYGON((17.22711229814268 49.57680194492545,17.289533068885596 49.57680194492545,17.289533068885596 49.610668800508336,17.22711229814268 49.610668800508336,17.22711229814268 49.57680194492545));POINT(17.258322683514137 49.593738312243175);a4;landscape;osm
2024-11-22 09:47:40.717 +0100;false;2024-11-14 12:46:56.927;cb1f1493-73f1-4ab6-bcef-b53287e31cf9;POLYGON((17.22711229814268 49.57680194492545,17.289533068885596 49.57680194492545,17.289533068885596 49.610668800508336,17.22711229814268 49.610668800508336,17.22711229814268 49.57680194492545));POINT(17.258322683514137 49.593738312243175);a4;landscape;osm
2024-11-22 09:47:41.200 +0100;false;2024-11-14 12:46:56.927;cb1f1493-73f1-4ab6-bcef-b53287e31cf9;POLYGON((17.22711229814268 49.57680194492545,17.289533068885596 49.57680194492545,17.289533068885596 49.610668800508336,17.22711229814268 49.610668800508336,17.22711229814268 49.57680194492545));POINT(17.258322683514137 49.593738312243175);a4;landscape;osm
2024-11-22 09:47:41.714 +0100;false;2024-11-14 12:46:56.927;cb1f1493-73f1-4ab6-bcef-b53287e31cf9;POLYGON((17.22711229814268 49.57680194492545,17.289533068885596 49.57680194492545,17.289533068885596 49.610668800508336,17.22711229814268 49.610668800508336,17.22711229814268 49.57680194492545));POINT(17.258322683514137 49.593738312243175);a4;landscape;osm
2024-11-22 09:47:42.196 +0100;false;2024-11-14 12:46:56.927;cb1f1493-73f1-4ab6-bcef-b53287e31cf9;POLYGON((17.22711229814268 49.57680194492545,17.289533068885596 49.57680194492545,17.289533068885596 49.610668800508336,17.22711229814268 49.610668800508336,17.22711229814268 49.57680194492545));POINT(17.258322683514137 49.593738312243175);a4;landscape;osm
2024-11-22 09:47:42.660 +0100;false;2024-11-14 12:46:56.927;cb1f1493-73f1-4ab6-bcef-b53287e31cf9;POLYGON((17.22711229814268 49.57680194492545,17.289533068885596 49.57680194492545,17.289533068885596 49.610668800508336,17.22711229814268 49.610668800508336,17.22711229814268 49.57680194492545));POINT(17.258322683514137 49.593738312243175);a4;landscape;osm
2024-11-22 09:47:43.148 +0100;false;2024-11-14 12:46:56.927;cb1f1493-73f1-4ab6-bcef-b53287e31cf9;POLYGON((17.22711229814268 49.57680194492545,17.289533068885596 49.57680194492545,17.289533068885596 49.610668800508336,17.22711229814268 49.610668800508336,17.22711229814268 49.57680194492545));POINT(17.258322683514137 49.593738312243175);a4;landscape;osm
2024-11-22 09:47:44.297 +0100;false;2024-11-14 12:46:56.927;cb1f1493-73f1-4ab6-bcef-b53287e31cf9;POLYGON((17.22711229814268 49.57680194492545,17.289533068885596 49.57680194492545,17.289533068885596 49.610668800508336,17.22711229814268 49.610668800508336,17.22711229814268 49.57680194492545));POINT(17.258322683514137 49.593738312243175);a4;landscape;osm
2024-11-22 09:47:44.609 +0100;false;2024-11-14 12:46:56.927;cb1f1493-73f1-4ab6-bcef-b53287e31cf9;POLYGON((17.22711229814268 49.57680194492545,17.289533068885596 49.57680194492545,17.289533068885596 49.610668800508336,17.22711229814268 49.610668800508336,17.22711229814268 49.57680194492545));POINT(17.258322683514137 49.593738312243175);a4;landscape;osm
2024-11-22 09:47:45.274 +0100;false;2024-11-14 12:46:56.927;cb1f1493-73f1-4ab6-bcef-b53287e31cf9;POLYGON((17.22711229814268 49.57680194492545,17.289533068885596 49.57680194492545,17.289533068885596 49.610668800508336,17.22711229814268 49.610668800508336,17.22711229814268 49.57680194492545));POINT(17.258322683514137 49.593738312243175);a4;landscape;osm
2024-11-22 09:47:45.669 +0100;false;2024-11-14 12:46:56.927;cb1f1493-73f1-4ab6-bcef-b53287e31cf9;POLYGON((17.22711229814268 49.57680194492545,17.289533068885596 49.57680194492545,17.289533068885596 49.610668800508336,17.22711229814268 49.610668800508336,17.22711229814268 49.57680194492545));POINT(17.258322683514137 49.593738312243175);a4;landscape;osm
2024-11-22 10:39:22.998 +0100;false;2024-11-14 12:46:56.927;cb1f1493-73f1-4ab6-bcef-b53287e31cf9;POLYGON((17.22711229814268 49.57680194492545,17.289533068885596 49.57680194492545,17.289533068885596 49.610668800508336,17.22711229814268 49.610668800508336,17.22711229814268 49.57680194492545));POINT(17.258322683514137 49.593738312243175);a4;landscape;osm
2024-11-22 10:39:24.706 +0100;false;2024-11-14 12:46:56.927;cb1f1493-73f1-4ab6-bcef-b53287e31cf9;POLYGON((17.22711229814268 49.57680194492545,17.289533068885596 49.57680194492545,17.289533068885596 49.610668800508336,17.22711229814268 49.610668800508336,17.22711229814268 49.57680194492545));POINT(17.258322683514137 49.593738312243175);a4;landscape;osm
2024-11-22 10:39:26.554 +0100;false;2024-11-14 12:46:56.927;cb1f1493-73f1-4ab6-bcef-b53287e31cf9;POLYGON((17.22711229814268 49.57680194492545,17.289533068885596 49.57680194492545,17.289533068885596 49.610668800508336,17.22711229814268 49.610668800508336,17.22711229814268 49.57680194492545));POINT(17.258322683514137 49.593738312243175);a4;landscape;osm
2024-11-22 10:39:28.345 +0100;false;2024-11-14 12:46:56.927;cb1f1493-73f1-4ab6-bcef-b53287e31cf9;POLYGON((17.22711229814268 49.57680194492545,17.289533068885596 49.57680194492545,17.289533068885596 49.610668800508336,17.22711229814268 49.610668800508336,17.22711229814268 49.57680194492545));POINT(17.258322683514137 49.593738312243175);a4;landscape;osm
2024-11-22 10:39:30.134 +0100;false;2024-11-14 12:46:56.927;cb1f1493-73f1-4ab6-bcef-b53287e31cf9;POLYGON((17.22711229814268 49.57680194492545,17.289533068885596 49.57680194492545,17.289533068885596 49.610668800508336,17.22711229814268 49.610668800508336,17.22711229814268 49.57680194492545));POINT(17.258322683514137 49.593738312243175);a4;landscape;osm
2024-11-22 10:39:37.583 +0100;true;2024-11-14 12:46:56.927;cb1f1493-73f1-4ab6-bcef-b53287e31cf9;POLYGON((17.22711229814268 49.57680194492545,17.289533068885596 49.57680194492545,17.289533068885596 49.610668800508336,17.22711229814268 49.610668800508336,17.22711229814268 49.57680194492545));POINT(17.258322683514137 49.593738312243175);a4;landscape;osm
2024-11-22 10:41:21.231 +0100;true;2024-11-14 12:46:56.927;cb1f1493-73f1-4ab6-bcef-b53287e31cf9;POLYGON((17.22711229814268 49.57680194492545,17.289533068885596 49.57680194492545,17.289533068885596 49.610668800508336,17.22711229814268 49.610668800508336,17.22711229814268 49.57680194492545));POINT(17.258322683514137 49.593738312243175);a4;landscape;osm
2024-11-22 10:41:22.943 +0100;true;2024-11-14 12:46:56.927;cb1f1493-73f1-4ab6-bcef-b53287e31cf9;POLYGON((17.22711229814268 49.57680194492545,17.289533068885596 49.57680194492545,17.289533068885596 49.610668800508336,17.22711229814268 49.610668800508336,17.22711229814268 49.57680194492545));POINT(17.258322683514137 49.593738312243175);a4;landscape;osm
2024-11-22 10:41:24.574 +0100;true;2024-11-14 12:46:56.927;cb1f1493-73f1-4ab6-bcef-b53287e31cf9;POLYGON((17.22711229814268 49.57680194492545,17.289533068885596 49.57680194492545,17.289533068885596 49.610668800508336,17.22711229814268 49.610668800508336,17.22711229814268 49.57680194492545));POINT(17.258322683514137 49.593738312243175);a4;landscape;osm
2024-11-22 10:44:34.962 +0100;true;2024-11-14 12:46:56.927;cb1f1493-73f1-4ab6-bcef-b53287e31cf9;POLYGON((17.22711229814268 49.57680194492545,17.289533068885596 49.57680194492545,17.289533068885596 49.610668800508336,17.22711229814268 49.610668800508336,17.22711229814268 49.57680194492545));POINT(17.258322683514137 49.593738312243175);a4;landscape;osm
2024-11-22 10:44:37.299 +0100;true;2024-11-14 12:46:56.927;cb1f1493-73f1-4ab6-bcef-b53287e31cf9;POLYGON((17.22711229814268 49.57680194492545,17.289533068885596 49.57680194492545,17.289533068885596 49.610668800508336,17.22711229814268 49.610668800508336,17.22711229814268 49.57680194492545));POINT(17.258322683514137 49.593738312243175);a4;landscape;osm
2024-11-22 10:44:39.153 +0100;true;2024-11-14 12:46:56.927;cb1f1493-73f1-4ab6-bcef-b53287e31cf9;POLYGON((17.22711229814268 49.57680194492545,17.289533068885596 49.57680194492545,17.289533068885596 49.610668800508336,17.22711229814268 49.610668800508336,17.22711229814268 49.57680194492545));POINT(17.258322683514137 49.593738312243175);a4;landscape;osm
2024-11-22 10:44:40.869 +0100;true;2024-11-14 12:46:56.927;cb1f1493-73f1-4ab6-bcef-b53287e31cf9;POLYGON((17.22711229814268 49.57680194492545,17.289533068885596 49.57680194492545,17.289533068885596 49.610668800508336,17.22711229814268 49.610668800508336,17.22711229814268 49.57680194492545));POINT(17.258322683514137 49.593738312243175);a4;landscape;osm
2024-11-22 10:45:02.347 +0100;false;2024-11-14 12:46:56.927;cb1f1493-73f1-4ab6-bcef-b53287e31cf9;POLYGON((17.22711229814268 49.57680194492545,17.289533068885596 49.57680194492545,17.289533068885596 49.610668800508336,17.22711229814268 49.610668800508336,17.22711229814268 49.57680194492545));POINT(17.258322683514137 49.593738312243175);a4;landscape;osm
2024-11-22 10:45:04.443 +0100;false;2024-11-14 12:46:56.927;cb1f1493-73f1-4ab6-bcef-b53287e31cf9;POLYGON((17.22711229814268 49.57680194492545,17.289533068885596 49.57680194492545,17.289533068885596 49.610668800508336,17.22711229814268 49.610668800508336,17.22711229814268 49.57680194492545));POINT(17.258322683514137 49.593738312243175);a4;landscape;osm
2024-11-22 10:45:06.491 +0100;false;2024-11-14 12:46:56.927;cb1f1493-73f1-4ab6-bcef-b53287e31cf9;POLYGON((17.22711229814268 49.57680194492545,17.289533068885596 49.57680194492545,17.289533068885596 49.610668800508336,17.22711229814268 49.610668800508336,17.22711229814268 49.57680194492545));POINT(17.258322683514137 49.593738312243175);a4;landscape;osm
2024-11-22 10:45:08.468 +0100;false;2024-11-14 12:46:56.927;cb1f1493-73f1-4ab6-bcef-b53287e31cf9;POLYGON((17.22711229814268 49.57680194492545,17.289533068885596 49.57680194492545,17.289533068885596 49.610668800508336,17.22711229814268 49.610668800508336,17.22711229814268 49.57680194492545));POINT(17.258322683514137 49.593738312243175);a4;landscape;osm
2024-11-22 10:45:11.245 +0100;false;2024-11-14 12:46:56.927;cb1f1493-73f1-4ab6-bcef-b53287e31cf9;POLYGON((17.22711229814268 49.57680194492545,17.289533068885596 49.57680194492545,17.289533068885596 49.610668800508336,17.22711229814268 49.610668800508336,17.22711229814268 49.57680194492545));POINT(17.258322683514137 49.593738312243175);a4;landscape;osm
2024-11-22 10:46:07.220 +0100;true;2024-11-14 12:46:56.927;cb1f1493-73f1-4ab6-bcef-b53287e31cf9;POLYGON((17.22711229814268 49.57680194492545,17.289533068885596 49.57680194492545,17.289533068885596 49.610668800508336,17.22711229814268 49.610668800508336,17.22711229814268 49.57680194492545));POINT(17.258322683514137 49.593738312243175);a4;landscape;osm
2024-11-22 10:47:57.098 +0100;false;2024-11-14 12:46:56.927;cb1f1493-73f1-4ab6-bcef-b53287e31cf9;POLYGON((17.22711229814268 49.57680194492545,17.289533068885596 49.57680194492545,17.289533068885596 49.610668800508336,17.22711229814268 49.610668800508336,17.22711229814268 49.57680194492545));POINT(17.258322683514137 49.593738312243175);a4;landscape;osm
2024-11-22 10:48:03.753 +0100;true;2024-11-14 12:46:56.927;cb1f1493-73f1-4ab6-bcef-b53287e31cf9;POLYGON((17.22711229814268 49.57680194492545,17.289533068885596 49.57680194492545,17.289533068885596 49.610668800508336,17.22711229814268 49.610668800508336,17.22711229814268 49.57680194492545));POINT(17.258322683514137 49.593738312243175);a4;landscape;osm
2024-11-22 10:48:28.119 +0100;false;2024-11-14 12:46:56.927;cb1f1493-73f1-4ab6-bcef-b53287e31cf9;POLYGON((17.22711229814268 49.57680194492545,17.289533068885596 49.57680194492545,17.289533068885596 49.610668800508336,17.22711229814268 49.610668800508336,17.22711229814268 49.57680194492545));POINT(17.258322683514137 49.593738312243175);a4;landscape;osm
2024-11-22 10:49:50.309 +0100;false;2024-11-14 12:46:56.927;cb1f1493-73f1-4ab6-bcef-b53287e31cf9;POLYGON((17.22711229814268 49.57680194492545,17.289533068885596 49.57680194492545,17.289533068885596 49.610668800508336,17.22711229814268 49.610668800508336,17.22711229814268 49.57680194492545));POINT(17.258322683514137 49.593738312243175);a4;landscape;osm
2024-11-22 10:49:52.386 +0100;false;2024-11-14 12:46:56.927;cb1f1493-73f1-4ab6-bcef-b53287e31cf9;POLYGON((17.22711229814268 49.57680194492545,17.289533068885596 49.57680194492545,17.289533068885596 49.610668800508336,17.22711229814268 49.610668800508336,17.22711229814268 49.57680194492545));POINT(17.258322683514137 49.593738312243175);a4;landscape;osm
2024-11-22 10:49:54.465 +0100;false;2024-11-14 12:46:56.927;cb1f1493-73f1-4ab6-bcef-b53287e31cf9;POLYGON((17.22711229814268 49.57680194492545,17.289533068885596 49.57680194492545,17.289533068885596 49.610668800508336,17.22711229814268 49.610668800508336,17.22711229814268 49.57680194492545));POINT(17.258322683514137 49.593738312243175);a4;landscape;osm
2024-11-22 10:49:55.403 +0100;true;2024-11-14 12:46:56.927;cb1f1493-73f1-4ab6-bcef-b53287e31cf9;POLYGON((17.22711229814268 49.57680194492545,17.289533068885596 49.57680194492545,17.289533068885596 49.610668800508336,17.22711229814268 49.610668800508336,17.22711229814268 49.57680194492545));POINT(17.258322683514137 49.593738312243175);a4;landscape;osm
2024-11-22 10:49:56.574 +0100;false;2024-11-14 12:46:56.927;cb1f1493-73f1-4ab6-bcef-b53287e31cf9;POLYGON((17.22711229814268 49.57680194492545,17.289533068885596 49.57680194492545,17.289533068885596 49.610668800508336,17.22711229814268 49.610668800508336,17.22711229814268 49.57680194492545));POINT(17.258322683514137 49.593738312243175);a4;landscape;osm
2024-11-22 10:49:58.504 +0100;false;2024-11-14 12:46:56.927;cb1f1493-73f1-4ab6-bcef-b53287e31cf9;POLYGON((17.22711229814268 49.57680194492545,17.289533068885596 49.57680194492545,17.289533068885596 49.610668800508336,17.22711229814268 49.610668800508336,17.22711229814268 49.57680194492545));POINT(17.258322683514137 49.593738312243175);a4;landscape;osm
2024-11-22 10:49:59.771 +0100;false;2024-11-14 12:46:56.927;cb1f1493-73f1-4ab6-bcef-b53287e31cf9;POLYGON((17.22711229814268 49.57680194492545,17.289533068885596 49.57680194492545,17.289533068885596 49.610668800508336,17.22711229814268 49.610668800508336,17.22711229814268 49.57680194492545));POINT(17.258322683514137 49.593738312243175);a4;landscape;osm
2024-11-22 10:50:01.368 +0100;false;2024-11-14 12:46:56.927;cb1f1493-73f1-4ab6-bcef-b53287e31cf9;POLYGON((17.22711229814268 49.57680194492545,17.289533068885596 49.57680194492545,17.289533068885596 49.610668800508336,17.22711229814268 49.610668800508336,17.22711229814268 49.57680194492545));POINT(17.258322683514137 49.593738312243175);a4;landscape;osm
2024-11-22 10:50:02.044 +0100;false;2024-11-14 12:46:56.927;cb1f1493-73f1-4ab6-bcef-b53287e31cf9;POLYGON((17.22711229814268 49.57680194492545,17.289533068885596 49.57680194492545,17.289533068885596 49.610668800508336,17.22711229814268 49.610668800508336,17.22711229814268 49.57680194492545));POINT(17.258322683514137 49.593738312243175);a4;landscape;osm
2024-11-22 10:50:02.705 +0100;false;2024-11-14 12:46:56.927;cb1f1493-73f1-4ab6-bcef-b53287e31cf9;POLYGON((17.22711229814268 49.57680194492545,17.289533068885596 49.57680194492545,17.289533068885596 49.610668800508336,17.22711229814268 49.610668800508336,17.22711229814268 49.57680194492545));POINT(17.258322683514137 49.593738312243175);a4;landscape;osm
2024-11-22 10:50:03.300 +0100;false;2024-11-14 12:46:56.927;cb1f1493-73f1-4ab6-bcef-b53287e31cf9;POLYGON((17.22711229814268 49.57680194492545,17.289533068885596 49.57680194492545,17.289533068885596 49.610668800508336,17.22711229814268 49.610668800508336,17.22711229814268 49.57680194492545));POINT(17.258322683514137 49.593738312243175);a4;landscape;osm
2024-11-22 10:50:03.910 +0100;false;2024-11-14 12:46:56.927;cb1f1493-73f1-4ab6-bcef-b53287e31cf9;POLYGON((17.22711229814268 49.57680194492545,17.289533068885596 49.57680194492545,17.289533068885596 49.610668800508336,17.22711229814268 49.610668800508336,17.22711229814268 49.57680194492545));POINT(17.258322683514137 49.593738312243175);a4;landscape;osm
2024-11-22 10:50:04.509 +0100;false;2024-11-14 12:46:56.927;cb1f1493-73f1-4ab6-bcef-b53287e31cf9;POLYGON((17.22711229814268 49.57680194492545,17.289533068885596 49.57680194492545,17.289533068885596 49.610668800508336,17.22711229814268 49.610668800508336,17.22711229814268 49.57680194492545));POINT(17.258322683514137 49.593738312243175);a4;landscape;osm
2024-11-22 10:50:05.101 +0100;false;2024-11-14 12:46:56.927;cb1f1493-73f1-4ab6-bcef-b53287e31cf9;POLYGON((17.22711229814268 49.57680194492545,17.289533068885596 49.57680194492545,17.289533068885596 49.610668800508336,17.22711229814268 49.610668800508336,17.22711229814268 49.57680194492545));POINT(17.258322683514137 49.593738312243175);a4;landscape;osm
2024-11-22 10:50:05.720 +0100;false;2024-11-14 12:46:56.927;cb1f1493-73f1-4ab6-bcef-b53287e31cf9;POLYGON((17.22711229814268 49.57680194492545,17.289533068885596 49.57680194492545,17.289533068885596 49.610668800508336,17.22711229814268 49.610668800508336,17.22711229814268 49.57680194492545));POINT(17.258322683514137 49.593738312243175);a4;landscape;osm
2024-11-22 10:50:06.629 +0100;false;2024-11-14 12:46:56.927;cb1f1493-73f1-4ab6-bcef-b53287e31cf9;POLYGON((17.22711229814268 49.57680194492545,17.289533068885596 49.57680194492545,17.289533068885596 49.610668800508336,17.22711229814268 49.610668800508336,17.22711229814268 49.57680194492545));POINT(17.258322683514137 49.593738312243175);a4;landscape;osm
2024-11-22 10:50:34.970 +0100;false;2024-11-14 12:46:56.927;cb1f1493-73f1-4ab6-bcef-b53287e31cf9;POLYGON((17.22711229814268 49.57680194492545,17.289533068885596 49.57680194492545,17.289533068885596 49.610668800508336,17.22711229814268 49.610668800508336,17.22711229814268 49.57680194492545));POINT(17.258322683514137 49.593738312243175);a4;landscape;osm
2024-11-22 10:50:35.418 +0100;false;2024-11-14 12:46:56.927;cb1f1493-73f1-4ab6-bcef-b53287e31cf9;POLYGON((17.22711229814268 49.57680194492545,17.289533068885596 49.57680194492545,17.289533068885596 49.610668800508336,17.22711229814268 49.610668800508336,17.22711229814268 49.57680194492545));POINT(17.258322683514137 49.593738312243175);a4;landscape;osm
2024-11-22 10:50:36.106 +0100;false;2024-11-14 12:46:56.927;cb1f1493-73f1-4ab6-bcef-b53287e31cf9;POLYGON((17.22711229814268 49.57680194492545,17.289533068885596 49.57680194492545,17.289533068885596 49.610668800508336,17.22711229814268 49.610668800508336,17.22711229814268 49.57680194492545));POINT(17.258322683514137 49.593738312243175);a4;landscape;osm
2024-11-22 10:52:45.272 +0100;true;2024-11-14 12:46:56.927;cb1f1493-73f1-4ab6-bcef-b53287e31cf9;POLYGON((17.22711229814268 49.57680194492545,17.289533068885596 49.57680194492545,17.289533068885596 49.610668800508336,17.22711229814268 49.610668800508336,17.22711229814268 49.57680194492545));POINT(17.258322683514137 49.593738312243175);a4;landscape;osm
2024-11-22 10:54:01.122 +0100;false;2024-11-14 12:46:56.927;cb1f1493-73f1-4ab6-bcef-b53287e31cf9;POLYGON((17.22711229814268 49.57680194492545,17.289533068885596 49.57680194492545,17.289533068885596 49.610668800508336,17.22711229814268 49.610668800508336,17.22711229814268 49.57680194492545));POINT(17.258322683514137 49.593738312243175);a4;landscape;osm
2024-11-22 10:54:29.485 +0100;true;2024-11-14 12:46:56.927;cb1f1493-73f1-4ab6-bcef-b53287e31cf9;POLYGON((17.22711229814268 49.57680194492545,17.289533068885596 49.57680194492545,17.289533068885596 49.610668800508336,17.22711229814268 49.610668800508336,17.22711229814268 49.57680194492545));POINT(17.258322683514137 49.593738312243175);a4;landscape;osm
2024-11-22 10:55:42.510 +0100;false;2024-11-14 12:46:56.927;cb1f1493-73f1-4ab6-bcef-b53287e31cf9;POLYGON((17.22711229814268 49.57680194492545,17.289533068885596 49.57680194492545,17.289533068885596 49.610668800508336,17.22711229814268 49.610668800508336,17.22711229814268 49.57680194492545));POINT(17.258322683514137 49.593738312243175);a4;landscape;osm
2024-11-22 10:55:42.839 +0100;false;2024-11-14 12:46:56.927;cb1f1493-73f1-4ab6-bcef-b53287e31cf9;POLYGON((17.22711229814268 49.57680194492545,17.289533068885596 49.57680194492545,17.289533068885596 49.610668800508336,17.22711229814268 49.610668800508336,17.22711229814268 49.57680194492545));POINT(17.258322683514137 49.593738312243175);a4;landscape;osm
2024-11-22 10:55:43.256 +0100;false;2024-11-14 12:46:56.927;cb1f1493-73f1-4ab6-bcef-b53287e31cf9;POLYGON((17.22711229814268 49.57680194492545,17.289533068885596 49.57680194492545,17.289533068885596 49.610668800508336,17.22711229814268 49.610668800508336,17.22711229814268 49.57680194492545));POINT(17.258322683514137 49.593738312243175);a4;landscape;osm
2024-11-22 10:55:43.589 +0100;false;2024-11-14 12:46:56.927;cb1f1493-73f1-4ab6-bcef-b53287e31cf9;POLYGON((17.22711229814268 49.57680194492545,17.289533068885596 49.57680194492545,17.289533068885596 49.610668800508336,17.22711229814268 49.610668800508336,17.22711229814268 49.57680194492545));POINT(17.258322683514137 49.593738312243175);a4;landscape;osm
2024-11-22 10:55:43.883 +0100;false;2024-11-14 12:46:56.927;cb1f1493-73f1-4ab6-bcef-b53287e31cf9;POLYGON((17.22711229814268 49.57680194492545,17.289533068885596 49.57680194492545,17.289533068885596 49.610668800508336,17.22711229814268 49.610668800508336,17.22711229814268 49.57680194492545));POINT(17.258322683514137 49.593738312243175);a4;landscape;osm
2024-11-22 10:55:44.271 +0100;false;2024-11-14 12:46:56.927;cb1f1493-73f1-4ab6-bcef-b53287e31cf9;POLYGON((17.22711229814268 49.57680194492545,17.289533068885596 49.57680194492545,17.289533068885596 49.610668800508336,17.22711229814268 49.610668800508336,17.22711229814268 49.57680194492545));POINT(17.258322683514137 49.593738312243175);a4;landscape;osm
2024-11-22 10:55:44.595 +0100;false;2024-11-14 12:46:56.927;cb1f1493-73f1-4ab6-bcef-b53287e31cf9;POLYGON((17.22711229814268 49.57680194492545,17.289533068885596 49.57680194492545,17.289533068885596 49.610668800508336,17.22711229814268 49.610668800508336,17.22711229814268 49.57680194492545));POINT(17.258322683514137 49.593738312243175);a4;landscape;osm
2024-11-22 10:55:44.914 +0100;false;2024-11-14 12:46:56.927;cb1f1493-73f1-4ab6-bcef-b53287e31cf9;POLYGON((17.22711229814268 49.57680194492545,17.289533068885596 49.57680194492545,17.289533068885596 49.610668800508336,17.22711229814268 49.610668800508336,17.22711229814268 49.57680194492545));POINT(17.258322683514137 49.593738312243175);a4;landscape;osm
2024-11-22 10:55:45.237 +0100;false;2024-11-14 12:46:56.927;cb1f1493-73f1-4ab6-bcef-b53287e31cf9;POLYGON((17.22711229814268 49.57680194492545,17.289533068885596 49.57680194492545,17.289533068885596 49.610668800508336,17.22711229814268 49.610668800508336,17.22711229814268 49.57680194492545));POINT(17.258322683514137 49.593738312243175);a4;landscape;osm
2024-11-22 10:55:45.624 +0100;false;2024-11-14 12:46:56.927;cb1f1493-73f1-4ab6-bcef-b53287e31cf9;POLYGON((17.22711229814268 49.57680194492545,17.289533068885596 49.57680194492545,17.289533068885596 49.610668800508336,17.22711229814268 49.610668800508336,17.22711229814268 49.57680194492545));POINT(17.258322683514137 49.593738312243175);a4;landscape;osm
2024-11-22 10:56:02.479 +0100;false;2024-11-14 12:46:56.927;cb1f1493-73f1-4ab6-bcef-b53287e31cf9;POLYGON((17.22711229814268 49.57680194492545,17.289533068885596 49.57680194492545,17.289533068885596 49.610668800508336,17.22711229814268 49.610668800508336,17.22711229814268 49.57680194492545));POINT(17.258322683514137 49.593738312243175);a4;landscape;osm
2024-11-22 10:56:05.879 +0100;false;2024-11-14 12:46:56.927;cb1f1493-73f1-4ab6-bcef-b53287e31cf9;POLYGON((17.22711229814268 49.57680194492545,17.289533068885596 49.57680194492545,17.289533068885596 49.610668800508336,17.22711229814268 49.610668800508336,17.22711229814268 49.57680194492545));POINT(17.258322683514137 49.593738312243175);a4;landscape;osm
2024-11-22 10:56:06.210 +0100;false;2024-11-14 12:46:56.927;cb1f1493-73f1-4ab6-bcef-b53287e31cf9;POLYGON((17.22711229814268 49.57680194492545,17.289533068885596 49.57680194492545,17.289533068885596 49.610668800508336,17.22711229814268 49.610668800508336,17.22711229814268 49.57680194492545));POINT(17.258322683514137 49.593738312243175);a4;landscape;osm
2024-11-22 10:56:06.509 +0100;false;2024-11-14 12:46:56.927;cb1f1493-73f1-4ab6-bcef-b53287e31cf9;POLYGON((17.22711229814268 49.57680194492545,17.289533068885596 49.57680194492545,17.289533068885596 49.610668800508336,17.22711229814268 49.610668800508336,17.22711229814268 49.57680194492545));POINT(17.258322683514137 49.593738312243175);a4;landscape;osm
2024-11-22 10:56:06.830 +0100;false;2024-11-14 12:46:56.927;cb1f1493-73f1-4ab6-bcef-b53287e31cf9;POLYGON((17.22711229814268 49.57680194492545,17.289533068885596 49.57680194492545,17.289533068885596 49.610668800508336,17.22711229814268 49.610668800508336,17.22711229814268 49.57680194492545));POINT(17.258322683514137 49.593738312243175);a4;landscape;osm
2024-11-22 10:56:07.140 +0100;false;2024-11-14 12:46:56.927;cb1f1493-73f1-4ab6-bcef-b53287e31cf9;POLYGON((17.22711229814268 49.57680194492545,17.289533068885596 49.57680194492545,17.289533068885596 49.610668800508336,17.22711229814268 49.610668800508336,17.22711229814268 49.57680194492545));POINT(17.258322683514137 49.593738312243175);a4;landscape;osm
2024-11-22 10:56:07.607 +0100;false;2024-11-14 12:46:56.927;cb1f1493-73f1-4ab6-bcef-b53287e31cf9;POLYGON((17.22711229814268 49.57680194492545,17.289533068885596 49.57680194492545,17.289533068885596 49.610668800508336,17.22711229814268 49.610668800508336,17.22711229814268 49.57680194492545));POINT(17.258322683514137 49.593738312243175);a4;landscape;osm
2024-11-22 10:56:07.930 +0100;false;2024-11-14 12:46:56.927;cb1f1493-73f1-4ab6-bcef-b53287e31cf9;POLYGON((17.22711229814268 49.57680194492545,17.289533068885596 49.57680194492545,17.289533068885596 49.610668800508336,17.22711229814268 49.610668800508336,17.22711229814268 49.57680194492545));POINT(17.258322683514137 49.593738312243175);a4;landscape;osm
2024-11-22 10:56:08.271 +0100;false;2024-11-14 12:46:56.927;cb1f1493-73f1-4ab6-bcef-b53287e31cf9;POLYGON((17.22711229814268 49.57680194492545,17.289533068885596 49.57680194492545,17.289533068885596 49.610668800508336,17.22711229814268 49.610668800508336,17.22711229814268 49.57680194492545));POINT(17.258322683514137 49.593738312243175);a4;landscape;osm
2024-11-22 10:56:08.695 +0100;false;2024-11-14 12:46:56.927;cb1f1493-73f1-4ab6-bcef-b53287e31cf9;POLYGON((17.22711229814268 49.57680194492545,17.289533068885596 49.57680194492545,17.289533068885596 49.610668800508336,17.22711229814268 49.610668800508336,17.22711229814268 49.57680194492545));POINT(17.258322683514137 49.593738312243175);a4;landscape;osm
2024-11-22 10:56:09.069 +0100;false;2024-11-14 12:46:56.927;cb1f1493-73f1-4ab6-bcef-b53287e31cf9;POLYGON((17.22711229814268 49.57680194492545,17.289533068885596 49.57680194492545,17.289533068885596 49.610668800508336,17.22711229814268 49.610668800508336,17.22711229814268 49.57680194492545));POINT(17.258322683514137 49.593738312243175);a4;landscape;osm
2024-11-22 10:58:20.105 +0100;false;2024-11-14 12:46:56.927;cb1f1493-73f1-4ab6-bcef-b53287e31cf9;POLYGON((17.22711229814268 49.57680194492545,17.289533068885596 49.57680194492545,17.289533068885596 49.610668800508336,17.22711229814268 49.610668800508336,17.22711229814268 49.57680194492545));POINT(17.258322683514137 49.593738312243175);a4;landscape;osm
2024-11-22 10:58:20.833 +0100;false;2024-11-14 12:46:56.927;cb1f1493-73f1-4ab6-bcef-b53287e31cf9;POLYGON((17.22711229814268 49.57680194492545,17.289533068885596 49.57680194492545,17.289533068885596 49.610668800508336,17.22711229814268 49.610668800508336,17.22711229814268 49.57680194492545));POINT(17.258322683514137 49.593738312243175);a4;landscape;osm
2024-11-22 10:58:21.608 +0100;false;2024-11-14 12:46:56.927;cb1f1493-73f1-4ab6-bcef-b53287e31cf9;POLYGON((17.22711229814268 49.57680194492545,17.289533068885596 49.57680194492545,17.289533068885596 49.610668800508336,17.22711229814268 49.610668800508336,17.22711229814268 49.57680194492545));POINT(17.258322683514137 49.593738312243175);a4;landscape;osm
2024-11-22 10:58:22.500 +0100;false;2024-11-14 12:46:56.927;cb1f1493-73f1-4ab6-bcef-b53287e31cf9;POLYGON((17.22711229814268 49.57680194492545,17.289533068885596 49.57680194492545,17.289533068885596 49.610668800508336,17.22711229814268 49.610668800508336,17.22711229814268 49.57680194492545));POINT(17.258322683514137 49.593738312243175);a4;landscape;osm
2024-11-22 10:58:23.432 +0100;false;2024-11-14 12:46:56.927;cb1f1493-73f1-4ab6-bcef-b53287e31cf9;POLYGON((17.22711229814268 49.57680194492545,17.289533068885596 49.57680194492545,17.289533068885596 49.610668800508336,17.22711229814268 49.610668800508336,17.22711229814268 49.57680194492545));POINT(17.258322683514137 49.593738312243175);a4;landscape;osm
2024-11-22 10:58:23.811 +0100;false;2024-11-14 12:46:56.927;cb1f1493-73f1-4ab6-bcef-b53287e31cf9;POLYGON((17.22711229814268 49.57680194492545,17.289533068885596 49.57680194492545,17.289533068885596 49.610668800508336,17.22711229814268 49.610668800508336,17.22711229814268 49.57680194492545));POINT(17.258322683514137 49.593738312243175);a4;landscape;osm
2024-11-22 11:00:00.416 +0100;false;2024-11-14 12:46:56.927;cb1f1493-73f1-4ab6-bcef-b53287e31cf9;POLYGON((17.22711229814268 49.57680194492545,17.289533068885596 49.57680194492545,17.289533068885596 49.610668800508336,17.22711229814268 49.610668800508336,17.22711229814268 49.57680194492545));POINT(17.258322683514137 49.593738312243175);a4;landscape;osm
2024-11-22 11:00:01.253 +0100;false;2024-11-14 12:46:56.927;cb1f1493-73f1-4ab6-bcef-b53287e31cf9;POLYGON((17.22711229814268 49.57680194492545,17.289533068885596 49.57680194492545,17.289533068885596 49.610668800508336,17.22711229814268 49.610668800508336,17.22711229814268 49.57680194492545));POINT(17.258322683514137 49.593738312243175);a4;landscape;osm
2024-11-22 11:00:02.125 +0100;false;2024-11-14 12:46:56.927;cb1f1493-73f1-4ab6-bcef-b53287e31cf9;POLYGON((17.22711229814268 49.57680194492545,17.289533068885596 49.57680194492545,17.289533068885596 49.610668800508336,17.22711229814268 49.610668800508336,17.22711229814268 49.57680194492545));POINT(17.258322683514137 49.593738312243175);a4;landscape;osm
2024-11-22 11:00:02.941 +0100;false;2024-11-14 12:46:56.927;cb1f1493-73f1-4ab6-bcef-b53287e31cf9;POLYGON((17.22711229814268 49.57680194492545,17.289533068885596 49.57680194492545,17.289533068885596 49.610668800508336,17.22711229814268 49.610668800508336,17.22711229814268 49.57680194492545));POINT(17.258322683514137 49.593738312243175);a4;landscape;osm
2024-11-22 11:00:04.126 +0100;false;2024-11-14 12:46:56.927;cb1f1493-73f1-4ab6-bcef-b53287e31cf9;POLYGON((17.22711229814268 49.57680194492545,17.289533068885596 49.57680194492545,17.289533068885596 49.610668800508336,17.22711229814268 49.610668800508336,17.22711229814268 49.57680194492545));POINT(17.258322683514137 49.593738312243175);a4;landscape;osm
2024-11-22 11:01:20.440 +0100;false;2024-11-14 12:46:56.927;cb1f1493-73f1-4ab6-bcef-b53287e31cf9;POLYGON((17.22711229814268 49.57680194492545,17.289533068885596 49.57680194492545,17.289533068885596 49.610668800508336,17.22711229814268 49.610668800508336,17.22711229814268 49.57680194492545));POINT(17.258322683514137 49.593738312243175);a4;landscape;osm
2024-11-22 11:03:45.985 +0100;false;2024-11-14 12:46:56.927;cb1f1493-73f1-4ab6-bcef-b53287e31cf9;POLYGON((17.22711229814268 49.57680194492545,17.289533068885596 49.57680194492545,17.289533068885596 49.610668800508336,17.22711229814268 49.610668800508336,17.22711229814268 49.57680194492545));POINT(17.258322683514137 49.593738312243175);a4;landscape;osm
2024-11-22 11:03:46.737 +0100;false;2024-11-14 12:46:56.927;cb1f1493-73f1-4ab6-bcef-b53287e31cf9;POLYGON((17.22711229814268 49.57680194492545,17.289533068885596 49.57680194492545,17.289533068885596 49.610668800508336,17.22711229814268 49.610668800508336,17.22711229814268 49.57680194492545));POINT(17.258322683514137 49.593738312243175);a4;landscape;osm
2024-11-22 11:03:47.619 +0100;false;2024-11-14 12:46:56.927;cb1f1493-73f1-4ab6-bcef-b53287e31cf9;POLYGON((17.22711229814268 49.57680194492545,17.289533068885596 49.57680194492545,17.289533068885596 49.610668800508336,17.22711229814268 49.610668800508336,17.22711229814268 49.57680194492545));POINT(17.258322683514137 49.593738312243175);a4;landscape;osm
2024-11-22 11:03:48.330 +0100;false;2024-11-14 12:46:56.927;cb1f1493-73f1-4ab6-bcef-b53287e31cf9;POLYGON((17.22711229814268 49.57680194492545,17.289533068885596 49.57680194492545,17.289533068885596 49.610668800508336,17.22711229814268 49.610668800508336,17.22711229814268 49.57680194492545));POINT(17.258322683514137 49.593738312243175);a4;landscape;osm
2024-11-22 11:03:49.124 +0100;false;2024-11-14 12:46:56.927;cb1f1493-73f1-4ab6-bcef-b53287e31cf9;POLYGON((17.22711229814268 49.57680194492545,17.289533068885596 49.57680194492545,17.289533068885596 49.610668800508336,17.22711229814268 49.610668800508336,17.22711229814268 49.57680194492545));POINT(17.258322683514137 49.593738312243175);a4;landscape;osm
2024-11-22 11:03:50.956 +0100;false;2024-11-14 12:46:56.927;cb1f1493-73f1-4ab6-bcef-b53287e31cf9;POLYGON((17.22711229814268 49.57680194492545,17.289533068885596 49.57680194492545,17.289533068885596 49.610668800508336,17.22711229814268 49.610668800508336,17.22711229814268 49.57680194492545));POINT(17.258322683514137 49.593738312243175);a4;landscape;osm
2024-11-22 11:03:52.798 +0100;false;2024-11-14 12:46:56.927;cb1f1493-73f1-4ab6-bcef-b53287e31cf9;POLYGON((17.22711229814268 49.57680194492545,17.289533068885596 49.57680194492545,17.289533068885596 49.610668800508336,17.22711229814268 49.610668800508336,17.22711229814268 49.57680194492545));POINT(17.258322683514137 49.593738312243175);a4;landscape;osm
2024-11-22 11:03:54.528 +0100;false;2024-11-14 12:46:56.927;cb1f1493-73f1-4ab6-bcef-b53287e31cf9;POLYGON((17.22711229814268 49.57680194492545,17.289533068885596 49.57680194492545,17.289533068885596 49.610668800508336,17.22711229814268 49.610668800508336,17.22711229814268 49.57680194492545));POINT(17.258322683514137 49.593738312243175);a4;landscape;osm
2024-11-22 11:03:56.220 +0100;false;2024-11-14 12:46:56.927;cb1f1493-73f1-4ab6-bcef-b53287e31cf9;POLYGON((17.22711229814268 49.57680194492545,17.289533068885596 49.57680194492545,17.289533068885596 49.610668800508336,17.22711229814268 49.610668800508336,17.22711229814268 49.57680194492545));POINT(17.258322683514137 49.593738312243175);a4;landscape;osm
2024-11-22 11:03:57.840 +0100;false;2024-11-14 12:46:56.927;cb1f1493-73f1-4ab6-bcef-b53287e31cf9;POLYGON((17.22711229814268 49.57680194492545,17.289533068885596 49.57680194492545,17.289533068885596 49.610668800508336,17.22711229814268 49.610668800508336,17.22711229814268 49.57680194492545));POINT(17.258322683514137 49.593738312243175);a4;landscape;osm
2024-11-22 11:04:15.498 +0100;true;2024-11-14 12:46:56.927;cb1f1493-73f1-4ab6-bcef-b53287e31cf9;POLYGON((17.22711229814268 49.57680194492545,17.289533068885596 49.57680194492545,17.289533068885596 49.610668800508336,17.22711229814268 49.610668800508336,17.22711229814268 49.57680194492545));POINT(17.258322683514137 49.593738312243175);a4;landscape;osm
2024-11-22 11:04:51.098 +0100;false;2024-11-14 12:46:56.927;cb1f1493-73f1-4ab6-bcef-b53287e31cf9;POLYGON((17.22711229814268 49.57680194492545,17.289533068885596 49.57680194492545,17.289533068885596 49.610668800508336,17.22711229814268 49.610668800508336,17.22711229814268 49.57680194492545));POINT(17.258322683514137 49.593738312243175);a4;landscape;osm
2024-11-22 11:06:11.264 +0100;true;2024-11-14 12:46:56.927;cb1f1493-73f1-4ab6-bcef-b53287e31cf9;POLYGON((17.22711229814268 49.57680194492545,17.289533068885596 49.57680194492545,17.289533068885596 49.610668800508336,17.22711229814268 49.610668800508336,17.22711229814268 49.57680194492545));POINT(17.258322683514137 49.593738312243175);a4;landscape;osm
2024-11-22 11:06:11.630 +0100;true;2024-11-14 12:46:56.927;cb1f1493-73f1-4ab6-bcef-b53287e31cf9;POLYGON((17.22711229814268 49.57680194492545,17.289533068885596 49.57680194492545,17.289533068885596 49.610668800508336,17.22711229814268 49.610668800508336,17.22711229814268 49.57680194492545));POINT(17.258322683514137 49.593738312243175);a4;landscape;osm
2024-11-22 11:06:11.933 +0100;true;2024-11-14 12:46:56.927;cb1f1493-73f1-4ab6-bcef-b53287e31cf9;POLYGON((17.22711229814268 49.57680194492545,17.289533068885596 49.57680194492545,17.289533068885596 49.610668800508336,17.22711229814268 49.610668800508336,17.22711229814268 49.57680194492545));POINT(17.258322683514137 49.593738312243175);a4;landscape;osm
2024-11-22 11:06:12.248 +0100;true;2024-11-14 12:46:56.927;cb1f1493-73f1-4ab6-bcef-b53287e31cf9;POLYGON((17.22711229814268 49.57680194492545,17.289533068885596 49.57680194492545,17.289533068885596 49.610668800508336,17.22711229814268 49.610668800508336,17.22711229814268 49.57680194492545));POINT(17.258322683514137 49.593738312243175);a4;landscape;osm
2024-11-22 11:06:12.545 +0100;true;2024-11-14 12:46:56.927;cb1f1493-73f1-4ab6-bcef-b53287e31cf9;POLYGON((17.22711229814268 49.57680194492545,17.289533068885596 49.57680194492545,17.289533068885596 49.610668800508336,17.22711229814268 49.610668800508336,17.22711229814268 49.57680194492545));POINT(17.258322683514137 49.593738312243175);a4;landscape;osm
2024-11-22 11:06:47.585 +0100;true;2024-11-14 12:46:56.927;cb1f1493-73f1-4ab6-bcef-b53287e31cf9;POLYGON((17.22711229814268 49.57680194492545,17.289533068885596 49.57680194492545,17.289533068885596 49.610668800508336,17.22711229814268 49.610668800508336,17.22711229814268 49.57680194492545));POINT(17.258322683514137 49.593738312243175);a4;landscape;osm
2024-11-22 11:09:36.979 +0100;true;2024-11-14 12:46:56.927;cb1f1493-73f1-4ab6-bcef-b53287e31cf9;POLYGON((17.22711229814268 49.57680194492545,17.289533068885596 49.57680194492545,17.289533068885596 49.610668800508336,17.22711229814268 49.610668800508336,17.22711229814268 49.57680194492545));POINT(17.258322683514137 49.593738312243175);a4;landscape;osm
2024-11-22 11:10:53.134 +0100;false;2024-11-14 12:46:56.927;cb1f1493-73f1-4ab6-bcef-b53287e31cf9;POLYGON((17.22711229814268 49.57680194492545,17.289533068885596 49.57680194492545,17.289533068885596 49.610668800508336,17.22711229814268 49.610668800508336,17.22711229814268 49.57680194492545));POINT(17.258322683514137 49.593738312243175);a4;landscape;osm
2024-11-22 11:10:55.132 +0100;false;2024-11-14 12:46:56.927;cb1f1493-73f1-4ab6-bcef-b53287e31cf9;POLYGON((17.22711229814268 49.57680194492545,17.289533068885596 49.57680194492545,17.289533068885596 49.610668800508336,17.22711229814268 49.610668800508336,17.22711229814268 49.57680194492545));POINT(17.258322683514137 49.593738312243175);a4;landscape;osm
2024-11-22 11:10:56.999 +0100;false;2024-11-14 12:46:56.927;cb1f1493-73f1-4ab6-bcef-b53287e31cf9;POLYGON((17.22711229814268 49.57680194492545,17.289533068885596 49.57680194492545,17.289533068885596 49.610668800508336,17.22711229814268 49.610668800508336,17.22711229814268 49.57680194492545));POINT(17.258322683514137 49.593738312243175);a4;landscape;osm
2024-11-22 11:10:58.859 +0100;false;2024-11-14 12:46:56.927;cb1f1493-73f1-4ab6-bcef-b53287e31cf9;POLYGON((17.22711229814268 49.57680194492545,17.289533068885596 49.57680194492545,17.289533068885596 49.610668800508336,17.22711229814268 49.610668800508336,17.22711229814268 49.57680194492545));POINT(17.258322683514137 49.593738312243175);a4;landscape;osm
2024-11-22 11:11:00.644 +0100;false;2024-11-14 12:46:56.927;cb1f1493-73f1-4ab6-bcef-b53287e31cf9;POLYGON((17.22711229814268 49.57680194492545,17.289533068885596 49.57680194492545,17.289533068885596 49.610668800508336,17.22711229814268 49.610668800508336,17.22711229814268 49.57680194492545));POINT(17.258322683514137 49.593738312243175);a4;landscape;osm
2024-11-22 11:11:02.469 +0100;false;2024-11-14 12:46:56.927;cb1f1493-73f1-4ab6-bcef-b53287e31cf9;POLYGON((17.22711229814268 49.57680194492545,17.289533068885596 49.57680194492545,17.289533068885596 49.610668800508336,17.22711229814268 49.610668800508336,17.22711229814268 49.57680194492545));POINT(17.258322683514137 49.593738312243175);a4;landscape;osm
2024-11-22 11:11:04.523 +0100;false;2024-11-14 12:46:56.927;cb1f1493-73f1-4ab6-bcef-b53287e31cf9;POLYGON((17.22711229814268 49.57680194492545,17.289533068885596 49.57680194492545,17.289533068885596 49.610668800508336,17.22711229814268 49.610668800508336,17.22711229814268 49.57680194492545));POINT(17.258322683514137 49.593738312243175);a4;landscape;osm
2024-11-22 11:11:06.398 +0100;false;2024-11-14 12:46:56.927;cb1f1493-73f1-4ab6-bcef-b53287e31cf9;POLYGON((17.22711229814268 49.57680194492545,17.289533068885596 49.57680194492545,17.289533068885596 49.610668800508336,17.22711229814268 49.610668800508336,17.22711229814268 49.57680194492545));POINT(17.258322683514137 49.593738312243175);a4;landscape;osm
2024-11-22 11:11:08.234 +0100;false;2024-11-14 12:46:56.927;cb1f1493-73f1-4ab6-bcef-b53287e31cf9;POLYGON((17.22711229814268 49.57680194492545,17.289533068885596 49.57680194492545,17.289533068885596 49.610668800508336,17.22711229814268 49.610668800508336,17.22711229814268 49.57680194492545));POINT(17.258322683514137 49.593738312243175);a4;landscape;osm
2024-11-22 11:11:09.993 +0100;false;2024-11-14 12:46:56.927;cb1f1493-73f1-4ab6-bcef-b53287e31cf9;POLYGON((17.22711229814268 49.57680194492545,17.289533068885596 49.57680194492545,17.289533068885596 49.610668800508336,17.22711229814268 49.610668800508336,17.22711229814268 49.57680194492545));POINT(17.258322683514137 49.593738312243175);a4;landscape;osm
2024-11-22 11:11:45.444 +0100;false;2024-11-14 12:46:56.927;cb1f1493-73f1-4ab6-bcef-b53287e31cf9;POLYGON((17.22711229814268 49.57680194492545,17.289533068885596 49.57680194492545,17.289533068885596 49.610668800508336,17.22711229814268 49.610668800508336,17.22711229814268 49.57680194492545));POINT(17.258322683514137 49.593738312243175);a4;landscape;osm
2024-11-22 11:13:38.998 +0100;true;2024-11-14 12:46:56.927;cb1f1493-73f1-4ab6-bcef-b53287e31cf9;POLYGON((17.22711229814268 49.57680194492545,17.289533068885596 49.57680194492545,17.289533068885596 49.610668800508336,17.22711229814268 49.610668800508336,17.22711229814268 49.57680194492545));POINT(17.258322683514137 49.593738312243175);a4;landscape;osm
2024-11-22 11:14:11.433 +0100;false;2024-11-14 12:46:56.927;cb1f1493-73f1-4ab6-bcef-b53287e31cf9;POLYGON((17.22711229814268 49.57680194492545,17.289533068885596 49.57680194492545,17.289533068885596 49.610668800508336,17.22711229814268 49.610668800508336,17.22711229814268 49.57680194492545));POINT(17.258322683514137 49.593738312243175);a4;landscape;osm
2024-11-22 11:16:47.967 +0100;true;2024-11-14 12:46:56.927;cb1f1493-73f1-4ab6-bcef-b53287e31cf9;POLYGON((17.22711229814268 49.57680194492545,17.289533068885596 49.57680194492545,17.289533068885596 49.610668800508336,17.22711229814268 49.610668800508336,17.22711229814268 49.57680194492545));POINT(17.258322683514137 49.593738312243175);a4;landscape;osm
2024-11-22 11:18:39.543 +0100;true;2024-11-14 12:46:56.927;cb1f1493-73f1-4ab6-bcef-b53287e31cf9;POLYGON((17.22711229814268 49.57680194492545,17.289533068885596 49.57680194492545,17.289533068885596 49.610668800508336,17.22711229814268 49.610668800508336,17.22711229814268 49.57680194492545));POINT(17.258322683514137 49.593738312243175);a4;landscape;osm
2024-11-22 11:20:58.388 +0100;true;2024-11-14 12:46:56.927;cb1f1493-73f1-4ab6-bcef-b53287e31cf9;POLYGON((17.22711229814268 49.57680194492545,17.289533068885596 49.57680194492545,17.289533068885596 49.610668800508336,17.22711229814268 49.610668800508336,17.22711229814268 49.57680194492545));POINT(17.258322683514137 49.593738312243175);a4;landscape;osm
2024-11-22 11:21:02.388 +0100;true;2024-11-14 12:46:56.927;cb1f1493-73f1-4ab6-bcef-b53287e31cf9;POLYGON((17.22711229814268 49.57680194492545,17.289533068885596 49.57680194492545,17.289533068885596 49.610668800508336,17.22711229814268 49.610668800508336,17.22711229814268 49.57680194492545));POINT(17.258322683514137 49.593738312243175);a4;landscape;osm
2024-11-22 11:22:09.460 +0100;false;2024-11-14 12:46:56.927;cb1f1493-73f1-4ab6-bcef-b53287e31cf9;POLYGON((17.22711229814268 49.57680194492545,17.289533068885596 49.57680194492545,17.289533068885596 49.610668800508336,17.22711229814268 49.610668800508336,17.22711229814268 49.57680194492545));POINT(17.258322683514137 49.593738312243175);a4;landscape;osm
2024-11-22 11:26:03.668 +0100;true;2024-11-14 12:46:56.927;cb1f1493-73f1-4ab6-bcef-b53287e31cf9;POLYGON((17.22711229814268 49.57680194492545,17.289533068885596 49.57680194492545,17.289533068885596 49.610668800508336,17.22711229814268 49.610668800508336,17.22711229814268 49.57680194492545));POINT(17.258322683514137 49.593738312243175);a4;landscape;osm
2024-11-22 11:26:04.174 +0100;true;2024-11-14 12:46:56.927;cb1f1493-73f1-4ab6-bcef-b53287e31cf9;POLYGON((17.22711229814268 49.57680194492545,17.289533068885596 49.57680194492545,17.289533068885596 49.610668800508336,17.22711229814268 49.610668800508336,17.22711229814268 49.57680194492545));POINT(17.258322683514137 49.593738312243175);a4;landscape;osm
2024-11-22 11:26:04.348 +0100;true;2024-11-14 12:46:56.927;cb1f1493-73f1-4ab6-bcef-b53287e31cf9;POLYGON((17.22711229814268 49.57680194492545,17.289533068885596 49.57680194492545,17.289533068885596 49.610668800508336,17.22711229814268 49.610668800508336,17.22711229814268 49.57680194492545));POINT(17.258322683514137 49.593738312243175);a4;landscape;osm
2024-11-22 11:26:04.530 +0100;true;2024-11-14 12:46:56.927;cb1f1493-73f1-4ab6-bcef-b53287e31cf9;POLYGON((17.22711229814268 49.57680194492545,17.289533068885596 49.57680194492545,17.289533068885596 49.610668800508336,17.22711229814268 49.610668800508336,17.22711229814268 49.57680194492545));POINT(17.258322683514137 49.593738312243175);a4;landscape;osm
2024-11-22 11:28:07.101 +0100;true;2024-11-14 12:46:56.927;cb1f1493-73f1-4ab6-bcef-b53287e31cf9;POLYGON((17.22711229814268 49.57680194492545,17.289533068885596 49.57680194492545,17.289533068885596 49.610668800508336,17.22711229814268 49.610668800508336,17.22711229814268 49.57680194492545));POINT(17.258322683514137 49.593738312243175);a4;landscape;osm
2024-11-22 11:28:07.278 +0100;true;2024-11-14 12:46:56.927;cb1f1493-73f1-4ab6-bcef-b53287e31cf9;POLYGON((17.22711229814268 49.57680194492545,17.289533068885596 49.57680194492545,17.289533068885596 49.610668800508336,17.22711229814268 49.610668800508336,17.22711229814268 49.57680194492545));POINT(17.258322683514137 49.593738312243175);a4;landscape;osm
2024-11-22 11:28:07.452 +0100;true;2024-11-14 12:46:56.927;cb1f1493-73f1-4ab6-bcef-b53287e31cf9;POLYGON((17.22711229814268 49.57680194492545,17.289533068885596 49.57680194492545,17.289533068885596 49.610668800508336,17.22711229814268 49.610668800508336,17.22711229814268 49.57680194492545));POINT(17.258322683514137 49.593738312243175);a4;landscape;osm
2024-11-22 11:28:19.978 +0100;true;2024-11-14 12:46:56.927;cb1f1493-73f1-4ab6-bcef-b53287e31cf9;POLYGON((17.22711229814268 49.57680194492545,17.289533068885596 49.57680194492545,17.289533068885596 49.610668800508336,17.22711229814268 49.610668800508336,17.22711229814268 49.57680194492545));POINT(17.258322683514137 49.593738312243175);a4;landscape;osm
2024-11-22 11:29:20.463 +0100;true;2024-11-14 12:46:56.927;cb1f1493-73f1-4ab6-bcef-b53287e31cf9;POLYGON((17.22711229814268 49.57680194492545,17.289533068885596 49.57680194492545,17.289533068885596 49.610668800508336,17.22711229814268 49.610668800508336,17.22711229814268 49.57680194492545));POINT(17.258322683514137 49.593738312243175);a4;landscape;osm
2024-11-22 11:30:15.025 +0100;true;2024-11-14 12:46:56.927;cb1f1493-73f1-4ab6-bcef-b53287e31cf9;POLYGON((17.22711229814268 49.57680194492545,17.289533068885596 49.57680194492545,17.289533068885596 49.610668800508336,17.22711229814268 49.610668800508336,17.22711229814268 49.57680194492545));POINT(17.258322683514137 49.593738312243175);a4;landscape;osm
2024-11-22 11:30:30.580 +0100;true;2024-11-14 12:46:56.927;cb1f1493-73f1-4ab6-bcef-b53287e31cf9;POLYGON((17.22711229814268 49.57680194492545,17.289533068885596 49.57680194492545,17.289533068885596 49.610668800508336,17.22711229814268 49.610668800508336,17.22711229814268 49.57680194492545));POINT(17.258322683514137 49.593738312243175);a4;landscape;osm
2024-11-22 11:32:03.778 +0100;true;2024-11-14 12:46:56.927;cb1f1493-73f1-4ab6-bcef-b53287e31cf9;POLYGON((17.22711229814268 49.57680194492545,17.289533068885596 49.57680194492545,17.289533068885596 49.610668800508336,17.22711229814268 49.610668800508336,17.22711229814268 49.57680194492545));POINT(17.258322683514137 49.593738312243175);a4;landscape;osm
2024-11-22 11:35:05.554 +0100;true;2024-11-14 12:46:56.927;cb1f1493-73f1-4ab6-bcef-b53287e31cf9;POLYGON((17.22711229814268 49.57680194492545,17.289533068885596 49.57680194492545,17.289533068885596 49.610668800508336,17.22711229814268 49.610668800508336,17.22711229814268 49.57680194492545));POINT(17.258322683514137 49.593738312243175);a4;landscape;osm
2024-11-22 12:25:25.578 +0100;true;2024-11-22 11:25:38.425;6915e8af-4ad8-4f40-a3c5-5d6dd18b8eda;POLYGON((8.655275474222025 49.43921521879443,8.689908853854226 49.43921521879443,8.689908853854226 49.458061658693765,8.655275474222025 49.458061658693765,8.655275474222025 49.43921521879443));POINT(8.672592164038125 49.44863934439101);a4;landscape;osm
2024-11-22 12:47:00.159 +0100;false;2024-11-21 11:31:17.127;749a9459-c52a-4a5f-b21d-f599618ddf23;POLYGON((22.240280520035192 60.43719851228616,22.26953291598427 60.43719851228616,22.26953291598427 60.44927601337642,22.240280520035192 60.44927601337642,22.240280520035192 60.43719851228616));POINT(22.254906718009735 60.443237824003546);a4;landscape;osm
2024-11-22 12:55:17.605 +0100;false;2024-11-22 12:27:39.878;05b05909-0b0b-4514-94c2-9f152cca335b;POLYGON((21.827345351399735 60.46201330594931,21.90642191322359 60.46201330594931,21.90642191322359 60.49462648432544,21.827345351399735 60.49462648432544,21.827345351399735 60.46201330594931));POINT(21.866883632311666 60.478323992914);a4;landscape;osm
2024-11-22 12:58:08.470 +0100;false;2024-11-22 12:27:39.878;05b05909-0b0b-4514-94c2-9f152cca335b;POLYGON((21.827345351399735 60.46201330594931,21.90642191322359 60.46201330594931,21.90642191322359 60.49462648432544,21.827345351399735 60.49462648432544,21.827345351399735 60.46201330594931));POINT(21.866883632311666 60.478323992914);a4;landscape;osm
2024-11-22 12:59:15.802 +0100;false;2024-11-21 11:31:17.127;749a9459-c52a-4a5f-b21d-f599618ddf23;POLYGON((22.240280520035192 60.43719851228616,22.26953291598427 60.43719851228616,22.26953291598427 60.44927601337642,22.240280520035192 60.44927601337642,22.240280520035192 60.43719851228616));POINT(22.254906718009735 60.443237824003546);a4;landscape;osm
2024-11-22 14:39:02.446 +0100;true;2024-11-21 19:46:48.618;25d91d33-605a-40fa-9517-ba8bc69bfcd4;POLYGON((8.657178396982138 49.40980280854538,8.701483968130086 49.40980280854538,8.701483968130086 49.43392574816713,8.657178396982138 49.43392574816713,8.657178396982138 49.40980280854538));POINT(8.679331182556114 49.42186576070341);a4;landscape;osm
2024-11-22 14:39:03.848 +0100;true;2024-11-21 19:46:48.618;25d91d33-605a-40fa-9517-ba8bc69bfcd4;POLYGON((8.657178396982138 49.40980280854538,8.701483968130086 49.40980280854538,8.701483968130086 49.43392574816713,8.657178396982138 49.43392574816713,8.657178396982138 49.40980280854538));POINT(8.679331182556114 49.42186576070341);a4;landscape;osm
2024-11-22 18:53:55.861 +0100;true;2024-09-21 15:41:19.478;581e79da-a281-4325-a0f5-a4b56e08bb8f;POLYGON((-34.97102790253186 -8.091588863251971,-34.9648428835719 -8.091588863251971,-34.9648428835719 -8.08646353681641,-34.97102790253186 -8.08646353681641,-34.97102790253186 -8.091588863251971));POINT(-34.967935393051874 -8.089026208179405);a2;landscape;osm
2024-11-22 18:57:03.577 +0100;true;2024-09-21 15:09:20.242;6874e5da-e634-4fb1-b553-73a459570f8c;POLYGON((-34.96801933171879 -8.092330416606558,-34.96100902156009 -8.092330416606558,-34.96100902156009 -8.08652120363729,-34.96801933171879 -8.08652120363729,-34.96801933171879 -8.092330416606558));POINT(-34.96451417663944 -8.08942582058637);a2;landscape;osm
2024-11-22 19:07:14.340 +0100;true;2024-09-21 15:41:19.478;581e79da-a281-4325-a0f5-a4b56e08bb8f;POLYGON((-34.97102790253186 -8.091588863251971,-34.9648428835719 -8.091588863251971,-34.9648428835719 -8.08646353681641,-34.97102790253186 -8.08646353681641,-34.97102790253186 -8.091588863251971));POINT(-34.967935393051874 -8.089026208179405);a2;landscape;osm
2024-11-22 19:13:16.948 +0100;true;2024-09-21 15:41:19.478;581e79da-a281-4325-a0f5-a4b56e08bb8f;POLYGON((-34.97102790253186 -8.091588863251971,-34.9648428835719 -8.091588863251971,-34.9648428835719 -8.08646353681641,-34.97102790253186 -8.08646353681641,-34.97102790253186 -8.091588863251971));POINT(-34.967935393051874 -8.089026208179405);a2;landscape;osm
2024-11-23 05:36:20.158 +0100;true;2024-09-21 15:34:52.737;f27105ae-1ff0-4c28-8fde-8b44883fef91;POLYGON((-34.93840678351841 -8.107031681397615,-34.93243313379291 -8.107031681397615,-34.93243313379291 -8.102081700737386,-34.93840678351841 -8.102081700737386,-34.93840678351841 -8.107031681397615));POINT(-34.935419958655665 -8.104556698679716);a2;landscape;osm
2024-11-23 06:09:32.141 +0100;true;2024-09-21 15:37:35.161;d8bb1098-727b-4b73-b2e2-f2941deac6e7;POLYGON((-34.940180991718734 -8.106679488201138,-34.9282204011402 -8.106679488201138,-34.9282204011402 -8.096768443619467,-34.940180991718734 -8.096768443619467,-34.940180991718734 -8.106679488201138));POINT(-34.93420069642947 -8.101723996416581);a2;landscape;osm
2024-11-23 08:53:52.967 +0100;false;2024-11-14 12:46:56.927;cb1f1493-73f1-4ab6-bcef-b53287e31cf9;POLYGON((17.22711229814268 49.57680194492545,17.289533068885596 49.57680194492545,17.289533068885596 49.610668800508336,17.22711229814268 49.610668800508336,17.22711229814268 49.57680194492545));POINT(17.258322683514137 49.593738312243175);a4;landscape;osm
2024-11-23 09:00:18.533 +0100;false;2024-11-14 12:46:56.927;cb1f1493-73f1-4ab6-bcef-b53287e31cf9;POLYGON((17.22711229814268 49.57680194492545,17.289533068885596 49.57680194492545,17.289533068885596 49.610668800508336,17.22711229814268 49.610668800508336,17.22711229814268 49.57680194492545));POINT(17.258322683514137 49.593738312243175);a4;landscape;osm
2024-11-23 09:03:32.181 +0100;false;2024-11-14 12:46:56.927;cb1f1493-73f1-4ab6-bcef-b53287e31cf9;POLYGON((17.22711229814268 49.57680194492545,17.289533068885596 49.57680194492545,17.289533068885596 49.610668800508336,17.22711229814268 49.610668800508336,17.22711229814268 49.57680194492545));POINT(17.258322683514137 49.593738312243175);a4;landscape;osm
2024-11-23 11:20:48.409 +0100;false;2024-11-23 11:17:17.810;831e0cfa-f29e-4e30-8eab-943a12e0c669;POLYGON((8.66111552501491 49.401239430880565,8.678125537126547 49.401239430880565,8.678125537126547 49.41050384639021,8.66111552501491 49.41050384639021,8.66111552501491 49.401239430880565));POINT(8.669620531070729 49.40587185714983);a4;landscape;osm
2024-11-23 12:31:30.764 +0100;false;2024-11-23 12:07:01.098;fd38ee47-0256-44e3-a9e7-325aaee22e4d;POLYGON((8.652240426981944 49.40964584856016,8.679017289349575 49.40964584856016,8.679017289349575 49.42422702350132,8.652240426981944 49.42422702350132,8.652240426981944 49.40964584856016));POINT(8.665628858165759 49.41693697753129);a4;landscape;osm
2024-11-24 08:49:30.844 +0100;false;2024-11-24 08:46:58.888;58aec8fc-d2f4-44be-ab8b-c74ed56b020e;POLYGON((120.99770569484569 14.553568577293248,121.00088990773442 14.553568577293248,121.00088990773442 14.556148269300635,120.99770569484569 14.556148269300635,120.99770569484569 14.553568577293248));POINT(120.99929780129006 14.554858427066534);a4;landscape;osm
2024-11-24 12:15:51.927 +0100;false;2024-11-23 12:27:28.743;be073297-08ed-478e-a089-3bf68e70a0aa;POLYGON((8.653386635091964 49.41097503799088,8.678909463289468 49.41097503799088,8.678909463289468 49.424872490488696,8.653386635091964 49.424872490488696,8.653386635091964 49.41097503799088));POINT(8.666148049190715 49.41792425616535);a4;landscape;osm
2024-11-24 12:22:48.842 +0100;false;2024-11-23 12:07:01.098;fd38ee47-0256-44e3-a9e7-325aaee22e4d;POLYGON((8.652240426981944 49.40964584856016,8.679017289349575 49.40964584856016,8.679017289349575 49.42422702350132,8.652240426981944 49.42422702350132,8.652240426981944 49.40964584856016));POINT(8.665628858165759 49.41693697753129);a4;landscape;osm
2024-11-24 12:31:13.664 +0100;false;2024-11-23 12:27:28.743;be073297-08ed-478e-a089-3bf68e70a0aa;POLYGON((8.653386635091964 49.41097503799088,8.678909463289468 49.41097503799088,8.678909463289468 49.424872490488696,8.653386635091964 49.424872490488696,8.653386635091964 49.41097503799088));POINT(8.666148049190715 49.41792425616535);a4;landscape;osm
2024-11-24 12:35:03.125 +0100;false;2024-11-23 12:27:28.743;be073297-08ed-478e-a089-3bf68e70a0aa;POLYGON((8.653386635091964 49.41097503799088,8.678909463289468 49.41097503799088,8.678909463289468 49.424872490488696,8.653386635091964 49.424872490488696,8.653386635091964 49.41097503799088));POINT(8.666148049190715 49.41792425616535);a4;landscape;osm
2024-11-24 14:09:41.291 +0100;false;2024-11-23 12:27:28.743;be073297-08ed-478e-a089-3bf68e70a0aa;POLYGON((8.653386635091964 49.41097503799088,8.678909463289468 49.41097503799088,8.678909463289468 49.424872490488696,8.653386635091964 49.424872490488696,8.653386635091964 49.41097503799088));POINT(8.666148049190715 49.41792425616535);a4;landscape;osm
2024-11-24 14:39:40.519 +0100;false;2024-11-24 14:34:14.256;052abb20-bce9-4421-88e4-367e4f9987ad;POLYGON((8.686482031214599 49.41232214055887,8.700134879356403 49.41232214055887,8.700134879356403 49.41977782630673,8.686482031214599 49.41977782630673,8.686482031214599 49.41232214055887));POINT(8.6933084552855 49.41605012500415);a3;landscape;osm
2024-11-24 14:41:44.322 +0100;false;2024-11-24 14:34:14.256;052abb20-bce9-4421-88e4-367e4f9987ad;POLYGON((8.686482031214599 49.41232214055887,8.700134879356403 49.41232214055887,8.700134879356403 49.41977782630673,8.686482031214599 49.41977782630673,8.686482031214599 49.41232214055887));POINT(8.6933084552855 49.41605012500415);a3;landscape;osm
2024-11-24 14:41:48.180 +0100;false;2024-11-23 12:27:28.743;be073297-08ed-478e-a089-3bf68e70a0aa;POLYGON((8.653386635091964 49.41097503799088,8.678909463289468 49.41097503799088,8.678909463289468 49.424872490488696,8.653386635091964 49.424872490488696,8.653386635091964 49.41097503799088));POINT(8.666148049190715 49.41792425616535);a4;landscape;osm
2024-11-24 14:41:48.428 +0100;false;2024-11-23 12:27:28.743;be073297-08ed-478e-a089-3bf68e70a0aa;POLYGON((8.653386635091964 49.41097503799088,8.678909463289468 49.41097503799088,8.678909463289468 49.424872490488696,8.653386635091964 49.424872490488696,8.653386635091964 49.41097503799088));POINT(8.666148049190715 49.41792425616535);a4;landscape;osm
2024-11-24 14:53:07.192 +0100;false;2024-11-24 14:34:14.256;052abb20-bce9-4421-88e4-367e4f9987ad;POLYGON((8.686482031214599 49.41232214055887,8.700134879356403 49.41232214055887,8.700134879356403 49.41977782630673,8.686482031214599 49.41977782630673,8.686482031214599 49.41232214055887));POINT(8.6933084552855 49.41605012500415);a3;landscape;osm
2024-11-24 14:57:11.240 +0100;false;2024-11-24 14:34:14.256;052abb20-bce9-4421-88e4-367e4f9987ad;POLYGON((8.686482031214599 49.41232214055887,8.700134879356403 49.41232214055887,8.700134879356403 49.41977782630673,8.686482031214599 49.41977782630673,8.686482031214599 49.41232214055887));POINT(8.6933084552855 49.41605012500415);a3;landscape;osm
2024-11-24 15:04:19.439 +0100;false;2024-11-24 14:34:14.256;052abb20-bce9-4421-88e4-367e4f9987ad;POLYGON((8.686482031214599 49.41232214055887,8.700134879356403 49.41232214055887,8.700134879356403 49.41977782630673,8.686482031214599 49.41977782630673,8.686482031214599 49.41232214055887));POINT(8.6933084552855 49.41605012500415);a3;landscape;osm
2024-11-24 15:06:31.106 +0100;false;2024-11-24 14:34:14.256;052abb20-bce9-4421-88e4-367e4f9987ad;POLYGON((8.686482031214599 49.41232214055887,8.700134879356403 49.41232214055887,8.700134879356403 49.41977782630673,8.686482031214599 49.41977782630673,8.686482031214599 49.41232214055887));POINT(8.6933084552855 49.41605012500415);a3;landscape;osm
2024-11-24 15:41:55.018 +0100;false;2024-11-24 15:04:03.314;8ca80bdc-e60a-48bc-93f1-a65309d072df;POLYGON((8.654216523322086 49.43818403252973,8.69351138726693 49.43818403252973,8.69351138726693 49.45956700798766,8.654216523322086 49.45956700798766,8.654216523322086 49.43818403252973));POINT(8.673863955294506 49.44887668610201);a4;landscape;osm
2024-11-24 15:41:56.086 +0100;false;2024-11-24 15:04:03.314;8ca80bdc-e60a-48bc-93f1-a65309d072df;POLYGON((8.654216523322086 49.43818403252973,8.69351138726693 49.43818403252973,8.69351138726693 49.45956700798766,8.654216523322086 49.45956700798766,8.654216523322086 49.43818403252973));POINT(8.673863955294506 49.44887668610201);a4;landscape;osm
2024-11-24 15:46:37.383 +0100;false;2024-11-24 15:04:03.314;8ca80bdc-e60a-48bc-93f1-a65309d072df;POLYGON((8.654216523322086 49.43818403252973,8.69351138726693 49.43818403252973,8.69351138726693 49.45956700798766,8.654216523322086 49.45956700798766,8.654216523322086 49.43818403252973));POINT(8.673863955294506 49.44887668610201);a4;landscape;osm
2024-11-24 15:47:19.490 +0100;false;2024-11-24 15:04:03.314;8ca80bdc-e60a-48bc-93f1-a65309d072df;POLYGON((8.654216523322086 49.43818403252973,8.69351138726693 49.43818403252973,8.69351138726693 49.45956700798766,8.654216523322086 49.45956700798766,8.654216523322086 49.43818403252973));POINT(8.673863955294506 49.44887668610201);a4;landscape;osm
2024-11-24 15:59:19.520 +0100;false;2024-11-24 14:34:14.256;052abb20-bce9-4421-88e4-367e4f9987ad;POLYGON((8.686482031214599 49.41232214055887,8.700134879356403 49.41232214055887,8.700134879356403 49.41977782630673,8.686482031214599 49.41977782630673,8.686482031214599 49.41232214055887));POINT(8.6933084552855 49.41605012500415);a3;landscape;osm
2024-11-24 15:59:53.209 +0100;false;2024-11-23 12:27:28.743;be073297-08ed-478e-a089-3bf68e70a0aa;POLYGON((8.653386635091964 49.41097503799088,8.678909463289468 49.41097503799088,8.678909463289468 49.424872490488696,8.653386635091964 49.424872490488696,8.653386635091964 49.41097503799088));POINT(8.666148049190715 49.41792425616535);a4;landscape;osm
2024-11-24 16:01:25.020 +0100;false;2024-11-23 12:27:28.743;be073297-08ed-478e-a089-3bf68e70a0aa;POLYGON((8.653386635091964 49.41097503799088,8.678909463289468 49.41097503799088,8.678909463289468 49.424872490488696,8.653386635091964 49.424872490488696,8.653386635091964 49.41097503799088));POINT(8.666148049190715 49.41792425616535);a4;landscape;osm
2024-11-24 16:05:33.888 +0100;false;2024-11-24 14:34:14.256;052abb20-bce9-4421-88e4-367e4f9987ad;POLYGON((8.686482031214599 49.41232214055887,8.700134879356403 49.41232214055887,8.700134879356403 49.41977782630673,8.686482031214599 49.41977782630673,8.686482031214599 49.41232214055887));POINT(8.6933084552855 49.41605012500415);a3;landscape;osm
2024-11-24 16:08:28.829 +0100;false;2024-11-24 14:34:14.256;052abb20-bce9-4421-88e4-367e4f9987ad;POLYGON((8.686482031214599 49.41232214055887,8.700134879356403 49.41232214055887,8.700134879356403 49.41977782630673,8.686482031214599 49.41977782630673,8.686482031214599 49.41232214055887));POINT(8.6933084552855 49.41605012500415);a3;landscape;osm
2024-11-24 16:11:49.548 +0100;true;2024-11-23 18:50:39.053;758c1fb4-f666-4050-8936-8673e508c7b0;POLYGON((8.660694689548327 49.44158646245816,8.689330388724063 49.44158646245816,8.689330388724063 49.457168910779785,8.660694689548327 49.457168910779785,8.660694689548327 49.44158646245816));POINT(8.675012539136194 49.44937830575063);a4;landscape;osm
2024-11-24 16:11:49.872 +0100;true;2024-11-23 18:50:39.053;758c1fb4-f666-4050-8936-8673e508c7b0;POLYGON((8.660694689548327 49.44158646245816,8.689330388724063 49.44158646245816,8.689330388724063 49.457168910779785,8.660694689548327 49.457168910779785,8.660694689548327 49.44158646245816));POINT(8.675012539136194 49.44937830575063);a4;landscape;osm
2024-11-24 17:11:30.434 +0100;true;2024-11-23 18:50:39.053;758c1fb4-f666-4050-8936-8673e508c7b0;POLYGON((8.660694689548327 49.44158646245816,8.689330388724063 49.44158646245816,8.689330388724063 49.457168910779785,8.660694689548327 49.457168910779785,8.660694689548327 49.44158646245816));POINT(8.675012539136194 49.44937830575063);a4;landscape;osm
2024-11-24 17:12:49.299 +0100;true;2024-11-23 18:50:39.053;758c1fb4-f666-4050-8936-8673e508c7b0;POLYGON((8.660694689548327 49.44158646245816,8.689330388724063 49.44158646245816,8.689330388724063 49.457168910779785,8.660694689548327 49.457168910779785,8.660694689548327 49.44158646245816));POINT(8.675012539136194 49.44937830575063);a4;landscape;osm
2024-11-24 19:16:04.970 +0100;false;2024-11-19 10:55:45.424;7842848c-bb65-4e31-bb15-a6d54df10d6f;POLYGON((8.67520012424566 49.39709612695978,8.695463318849765 49.39709612695978,8.695463318849765 49.408132764089174,8.67520012424566 49.408132764089174,8.67520012424566 49.39709612695978));POINT(8.68533172154771 49.402614755600126);a4;landscape;osm
2024-11-24 20:01:59.607 +0100;false;2024-11-24 19:38:06.497;e4c0fbab-2cb5-4213-9834-4e733d5976ed;POLYGON((8.668843272218483 49.40176360215898,8.692884265607963 49.40176360215898,8.692884265607963 49.41485674387752,8.668843272218483 49.41485674387752,8.668843272218483 49.40176360215898));POINT(8.680863768913223 49.40831060950316);a4;landscape;osm
2024-11-24 22:04:02.945 +0100;false;2024-11-19 10:55:45.424;7842848c-bb65-4e31-bb15-a6d54df10d6f;POLYGON((8.67520012424566 49.39709612695978,8.695463318849765 49.39709612695978,8.695463318849765 49.408132764089174,8.67520012424566 49.408132764089174,8.67520012424566 49.39709612695978));POINT(8.68533172154771 49.402614755600126);a4;landscape;osm
2024-11-24 22:07:17.550 +0100;false;2024-11-19 10:55:45.424;7842848c-bb65-4e31-bb15-a6d54df10d6f;POLYGON((8.67520012424566 49.39709612695978,8.695463318849765 49.39709612695978,8.695463318849765 49.408132764089174,8.67520012424566 49.408132764089174,8.67520012424566 49.39709612695978));POINT(8.68533172154771 49.402614755600126);a4;landscape;osm
2024-11-24 22:32:50.585 +0100;false;2024-11-19 10:55:45.424;7842848c-bb65-4e31-bb15-a6d54df10d6f;POLYGON((8.67520012424566 49.39709612695978,8.695463318849765 49.39709612695978,8.695463318849765 49.408132764089174,8.67520012424566 49.408132764089174,8.67520012424566 49.39709612695978));POINT(8.68533172154771 49.402614755600126);a4;landscape;osm
2024-11-24 22:56:52.396 +0100;true;2024-11-19 10:55:45.424;7842848c-bb65-4e31-bb15-a6d54df10d6f;POLYGON((8.67520012424566 49.39709612695978,8.695463318849765 49.39709612695978,8.695463318849765 49.408132764089174,8.67520012424566 49.408132764089174,8.67520012424566 49.39709612695978));POINT(8.68533172154771 49.402614755600126);a4;landscape;osm
2024-11-25 08:05:52.426 +0100;false;2024-11-25 07:59:48.528;f9f82778-437e-476b-a311-c3f5d27ee751;POLYGON((8.653720215218353 49.43919717817823,8.68738658075769 49.43919717817823,8.68738658075769 49.45751776541604,8.653720215218353 49.45751776541604,8.653720215218353 49.43919717817823));POINT(8.670553397988021 49.448358327601994);a4;landscape;osm
2024-11-25 08:11:05.769 +0100;false;2024-11-25 07:59:48.528;f9f82778-437e-476b-a311-c3f5d27ee751;POLYGON((8.653720215218353 49.43919717817823,8.68738658075769 49.43919717817823,8.68738658075769 49.45751776541604,8.653720215218353 49.45751776541604,8.653720215218353 49.43919717817823));POINT(8.670553397988021 49.448358327601994);a4;landscape;osm
2024-11-25 08:12:34.104 +0100;false;2024-11-25 07:59:48.528;f9f82778-437e-476b-a311-c3f5d27ee751;POLYGON((8.653720215218353 49.43919717817823,8.68738658075769 49.43919717817823,8.68738658075769 49.45751776541604,8.653720215218353 49.45751776541604,8.653720215218353 49.43919717817823));POINT(8.670553397988021 49.448358327601994);a4;landscape;osm
2024-11-25 08:16:25.995 +0100;false;2024-11-25 07:59:48.528;f9f82778-437e-476b-a311-c3f5d27ee751;POLYGON((8.653720215218353 49.43919717817823,8.68738658075769 49.43919717817823,8.68738658075769 49.45751776541604,8.653720215218353 49.45751776541604,8.653720215218353 49.43919717817823));POINT(8.670553397988021 49.448358327601994);a4;landscape;osm
2024-11-25 13:02:19.086 +0100;true;2024-11-25 12:39:11.111;a35bf79c-d6df-44c3-bf7b-f713aeeffc3d;POLYGON((8.671148106621372 49.39608393392811,8.68652157510291 49.39608393392811,8.68652157510291 49.404457962335954,8.671148106621372 49.404457962335954,8.671148106621372 49.39608393392811));POINT(8.678834840862141 49.400271126627445);a4;landscape;osm
2024-11-26 09:26:11.922 +0100;true;2024-11-26 08:50:37.681;e1506762-6e38-407c-abff-45f6ccadc25c;POLYGON((23.12030575870291 60.3824610697952,23.14802777341615 60.3824610697952,23.14802777341615 60.39392638040965,23.12030575870291 60.39392638040965,23.12030575870291 60.3824610697952));POINT(23.13416676605953 60.38819422969624);a4;landscape;osm
2024-11-26 09:28:32.743 +0100;false;2024-11-26 08:50:37.681;e1506762-6e38-407c-abff-45f6ccadc25c;POLYGON((23.12030575870291 60.3824610697952,23.14802777341615 60.3824610697952,23.14802777341615 60.39392638040965,23.12030575870291 60.39392638040965,23.12030575870291 60.3824610697952));POINT(23.13416676605953 60.38819422969624);a4;landscape;osm
2024-11-26 11:59:35.764 +0100;false;2024-11-14 12:46:56.927;cb1f1493-73f1-4ab6-bcef-b53287e31cf9;POLYGON((17.22711229814268 49.57680194492545,17.289533068885596 49.57680194492545,17.289533068885596 49.610668800508336,17.22711229814268 49.610668800508336,17.22711229814268 49.57680194492545));POINT(17.258322683514137 49.593738312243175);a4;landscape;osm
2024-11-26 11:59:36.323 +0100;false;2024-11-14 12:46:56.927;cb1f1493-73f1-4ab6-bcef-b53287e31cf9;POLYGON((17.22711229814268 49.57680194492545,17.289533068885596 49.57680194492545,17.289533068885596 49.610668800508336,17.22711229814268 49.610668800508336,17.22711229814268 49.57680194492545));POINT(17.258322683514137 49.593738312243175);a4;landscape;osm
2024-11-26 11:59:36.936 +0100;false;2024-11-14 12:46:56.927;cb1f1493-73f1-4ab6-bcef-b53287e31cf9;POLYGON((17.22711229814268 49.57680194492545,17.289533068885596 49.57680194492545,17.289533068885596 49.610668800508336,17.22711229814268 49.610668800508336,17.22711229814268 49.57680194492545));POINT(17.258322683514137 49.593738312243175);a4;landscape;osm
2024-11-26 11:59:37.489 +0100;false;2024-11-14 12:46:56.927;cb1f1493-73f1-4ab6-bcef-b53287e31cf9;POLYGON((17.22711229814268 49.57680194492545,17.289533068885596 49.57680194492545,17.289533068885596 49.610668800508336,17.22711229814268 49.610668800508336,17.22711229814268 49.57680194492545));POINT(17.258322683514137 49.593738312243175);a4;landscape;osm
2024-11-26 11:59:38.016 +0100;false;2024-11-14 12:46:56.927;cb1f1493-73f1-4ab6-bcef-b53287e31cf9;POLYGON((17.22711229814268 49.57680194492545,17.289533068885596 49.57680194492545,17.289533068885596 49.610668800508336,17.22711229814268 49.610668800508336,17.22711229814268 49.57680194492545));POINT(17.258322683514137 49.593738312243175);a4;landscape;osm
2024-11-26 11:59:38.561 +0100;false;2024-11-14 12:46:56.927;cb1f1493-73f1-4ab6-bcef-b53287e31cf9;POLYGON((17.22711229814268 49.57680194492545,17.289533068885596 49.57680194492545,17.289533068885596 49.610668800508336,17.22711229814268 49.610668800508336,17.22711229814268 49.57680194492545));POINT(17.258322683514137 49.593738312243175);a4;landscape;osm
2024-11-26 11:59:39.089 +0100;false;2024-11-14 12:46:56.927;cb1f1493-73f1-4ab6-bcef-b53287e31cf9;POLYGON((17.22711229814268 49.57680194492545,17.289533068885596 49.57680194492545,17.289533068885596 49.610668800508336,17.22711229814268 49.610668800508336,17.22711229814268 49.57680194492545));POINT(17.258322683514137 49.593738312243175);a4;landscape;osm
2024-11-26 11:59:39.624 +0100;false;2024-11-14 12:46:56.927;cb1f1493-73f1-4ab6-bcef-b53287e31cf9;POLYGON((17.22711229814268 49.57680194492545,17.289533068885596 49.57680194492545,17.289533068885596 49.610668800508336,17.22711229814268 49.610668800508336,17.22711229814268 49.57680194492545));POINT(17.258322683514137 49.593738312243175);a4;landscape;osm
2024-11-26 11:59:40.480 +0100;false;2024-11-14 12:46:56.927;cb1f1493-73f1-4ab6-bcef-b53287e31cf9;POLYGON((17.22711229814268 49.57680194492545,17.289533068885596 49.57680194492545,17.289533068885596 49.610668800508336,17.22711229814268 49.610668800508336,17.22711229814268 49.57680194492545));POINT(17.258322683514137 49.593738312243175);a4;landscape;osm
2024-11-26 11:59:40.999 +0100;false;2024-11-14 12:46:56.927;cb1f1493-73f1-4ab6-bcef-b53287e31cf9;POLYGON((17.22711229814268 49.57680194492545,17.289533068885596 49.57680194492545,17.289533068885596 49.610668800508336,17.22711229814268 49.610668800508336,17.22711229814268 49.57680194492545));POINT(17.258322683514137 49.593738312243175);a4;landscape;osm
2024-11-26 12:39:41.777 +0100;false;2024-11-14 12:46:56.927;cb1f1493-73f1-4ab6-bcef-b53287e31cf9;POLYGON((17.22711229814268 49.57680194492545,17.289533068885596 49.57680194492545,17.289533068885596 49.610668800508336,17.22711229814268 49.610668800508336,17.22711229814268 49.57680194492545));POINT(17.258322683514137 49.593738312243175);a4;landscape;osm
2024-11-27 09:05:20.073 +0100;false;2024-11-26 03:59:04.301;fbb3d0f3-a520-4cf1-84fe-220757437019;POLYGON((121.01527203760115 14.523100180485685,121.10072216488149 14.523100180485685,121.10072216488149 14.592324953889445,121.01527203760115 14.592324953889445,121.01527203760115 14.523100180485685));POINT(121.05799710124133 14.557715282188326);a4;landscape;osm
2024-11-27 09:07:21.420 +0100;true;2024-11-26 03:59:04.301;fbb3d0f3-a520-4cf1-84fe-220757437019;POLYGON((121.01527203760115 14.523100180485685,121.10072216488149 14.523100180485685,121.10072216488149 14.592324953889445,121.01527203760115 14.592324953889445,121.01527203760115 14.523100180485685));POINT(121.05799710124133 14.557715282188326);a4;landscape;osm
2024-11-27 15:17:38.362 +0100;false;2024-11-27 15:16:27.418;9baf9271-8a14-405d-9cf3-b458d0f5061f;POLYGON((12.51588531469554 41.93060353992675,12.521739001529836 41.93060353992675,12.521739001529836 41.93424857509126,12.51588531469554 41.93424857509126,12.51588531469554 41.93060353992675));POINT(12.51881215811269 41.93242608354646);a4;landscape;osm
2024-11-27 15:39:21.907 +0100;false;2024-11-27 15:37:50.596;dfe8038c-161f-431b-a7ac-72bd65af0290;POLYGON((77.7310613967612 9.04832094920971,77.73734871717697 9.04832094920971,77.73734871717697 9.053518022498125,77.7310613967612 9.053518022498125,77.7310613967612 9.04832094920971));POINT(77.73420505696909 9.050919495240521);a4;landscape;esri-world-imagery
2024-11-28 05:13:51.903 +0100;false;2024-11-27 10:30:08.970;18eabfab-228e-4423-8ca0-f0330841017c;POLYGON((101.64196926635942 3.1023972996467393,101.65093265657421 3.1023972996467393,101.65093265657421 3.1098887161344493,101.64196926635942 3.1098887161344493,101.64196926635942 3.1023972996467393));POINT(101.64645096146681 3.1061430145347515);a4;landscape;osm
2024-11-28 07:58:37.148 +0100;true;2024-11-28 07:46:01.482;b051fa86-8b7a-4eb0-ad7b-8daaacff5c4f;POLYGON((47.51637092356619 -18.914668445244942,47.52923325596035 -18.914668445244942,47.52923325596035 -18.90448377843545,47.51637092356619 -18.90448377843545,47.51637092356619 -18.914668445244942));POINT(47.52280208976327 -18.90957618936163);a4;landscape;osm
2024-11-28 08:05:13.739 +0100;true;2024-11-28 07:46:01.482;b051fa86-8b7a-4eb0-ad7b-8daaacff5c4f;POLYGON((47.51637092356619 -18.914668445244942,47.52923325596035 -18.914668445244942,47.52923325596035 -18.90448377843545,47.51637092356619 -18.90448377843545,47.51637092356619 -18.914668445244942));POINT(47.52280208976327 -18.90957618936163);a4;landscape;osm
2024-11-28 08:05:51.953 +0100;true;2024-11-28 07:46:01.482;b051fa86-8b7a-4eb0-ad7b-8daaacff5c4f;POLYGON((47.51637092356619 -18.914668445244942,47.52923325596035 -18.914668445244942,47.52923325596035 -18.90448377843545,47.51637092356619 -18.90448377843545,47.51637092356619 -18.914668445244942));POINT(47.52280208976327 -18.90957618936163);a4;landscape;osm
2024-11-28 08:12:06.363 +0100;true;2024-11-28 07:46:01.482;b051fa86-8b7a-4eb0-ad7b-8daaacff5c4f;POLYGON((47.51637092356619 -18.914668445244942,47.52923325596035 -18.914668445244942,47.52923325596035 -18.90448377843545,47.51637092356619 -18.90448377843545,47.51637092356619 -18.914668445244942));POINT(47.52280208976327 -18.90957618936163);a4;landscape;osm
2024-11-28 08:12:07.695 +0100;true;2024-11-28 07:46:01.482;b051fa86-8b7a-4eb0-ad7b-8daaacff5c4f;POLYGON((47.51637092356619 -18.914668445244942,47.52923325596035 -18.914668445244942,47.52923325596035 -18.90448377843545,47.51637092356619 -18.90448377843545,47.51637092356619 -18.914668445244942));POINT(47.52280208976327 -18.90957618936163);a4;landscape;osm
2024-11-28 08:17:49.386 +0100;false;2024-11-28 07:46:01.482;b051fa86-8b7a-4eb0-ad7b-8daaacff5c4f;POLYGON((47.51637092356619 -18.914668445244942,47.52923325596035 -18.914668445244942,47.52923325596035 -18.90448377843545,47.51637092356619 -18.90448377843545,47.51637092356619 -18.914668445244942));POINT(47.52280208976327 -18.90957618936163);a4;landscape;osm
2024-11-28 08:17:56.930 +0100;true;2024-11-28 07:46:01.482;b051fa86-8b7a-4eb0-ad7b-8daaacff5c4f;POLYGON((47.51637092356619 -18.914668445244942,47.52923325596035 -18.914668445244942,47.52923325596035 -18.90448377843545,47.51637092356619 -18.90448377843545,47.51637092356619 -18.914668445244942));POINT(47.52280208976327 -18.90957618936163);a4;landscape;osm
2024-11-28 08:18:25.510 +0100;false;2024-11-28 07:46:01.482;b051fa86-8b7a-4eb0-ad7b-8daaacff5c4f;POLYGON((47.51637092356619 -18.914668445244942,47.52923325596035 -18.914668445244942,47.52923325596035 -18.90448377843545,47.51637092356619 -18.90448377843545,47.51637092356619 -18.914668445244942));POINT(47.52280208976327 -18.90957618936163);a4;landscape;osm
2024-11-28 08:19:50.145 +0100;true;2024-11-28 07:46:01.482;b051fa86-8b7a-4eb0-ad7b-8daaacff5c4f;POLYGON((47.51637092356619 -18.914668445244942,47.52923325596035 -18.914668445244942,47.52923325596035 -18.90448377843545,47.51637092356619 -18.90448377843545,47.51637092356619 -18.914668445244942));POINT(47.52280208976327 -18.90957618936163);a4;landscape;osm
2024-11-28 08:22:01.452 +0100;true;2024-11-28 07:46:01.482;b051fa86-8b7a-4eb0-ad7b-8daaacff5c4f;POLYGON((47.51637092356619 -18.914668445244942,47.52923325596035 -18.914668445244942,47.52923325596035 -18.90448377843545,47.51637092356619 -18.90448377843545,47.51637092356619 -18.914668445244942));POINT(47.52280208976327 -18.90957618936163);a4;landscape;osm
2024-11-28 08:24:21.280 +0100;true;2024-11-28 07:46:01.482;b051fa86-8b7a-4eb0-ad7b-8daaacff5c4f;POLYGON((47.51637092356619 -18.914668445244942,47.52923325596035 -18.914668445244942,47.52923325596035 -18.90448377843545,47.51637092356619 -18.90448377843545,47.51637092356619 -18.914668445244942));POINT(47.52280208976327 -18.90957618936163);a4;landscape;osm
2024-11-28 08:25:02.028 +0100;true;2024-11-28 07:46:01.482;b051fa86-8b7a-4eb0-ad7b-8daaacff5c4f;POLYGON((47.51637092356619 -18.914668445244942,47.52923325596035 -18.914668445244942,47.52923325596035 -18.90448377843545,47.51637092356619 -18.90448377843545,47.51637092356619 -18.914668445244942));POINT(47.52280208976327 -18.90957618936163);a4;landscape;osm
2024-11-28 08:28:06.516 +0100;false;2024-11-28 07:46:01.482;b051fa86-8b7a-4eb0-ad7b-8daaacff5c4f;POLYGON((47.51637092356619 -18.914668445244942,47.52923325596035 -18.914668445244942,47.52923325596035 -18.90448377843545,47.51637092356619 -18.90448377843545,47.51637092356619 -18.914668445244942));POINT(47.52280208976327 -18.90957618936163);a4;landscape;osm
2024-11-28 08:29:15.541 +0100;true;2024-11-28 07:46:01.482;b051fa86-8b7a-4eb0-ad7b-8daaacff5c4f;POLYGON((47.51637092356619 -18.914668445244942,47.52923325596035 -18.914668445244942,47.52923325596035 -18.90448377843545,47.51637092356619 -18.90448377843545,47.51637092356619 -18.914668445244942));POINT(47.52280208976327 -18.90957618936163);a4;landscape;osm
2024-11-28 08:33:18.022 +0100;true;2024-11-28 07:46:01.482;b051fa86-8b7a-4eb0-ad7b-8daaacff5c4f;POLYGON((47.51637092356619 -18.914668445244942,47.52923325596035 -18.914668445244942,47.52923325596035 -18.90448377843545,47.51637092356619 -18.90448377843545,47.51637092356619 -18.914668445244942));POINT(47.52280208976327 -18.90957618936163);a4;landscape;osm
2024-11-28 08:35:27.852 +0100;true;2024-11-28 07:46:01.482;b051fa86-8b7a-4eb0-ad7b-8daaacff5c4f;POLYGON((47.51637092356619 -18.914668445244942,47.52923325596035 -18.914668445244942,47.52923325596035 -18.90448377843545,47.51637092356619 -18.90448377843545,47.51637092356619 -18.914668445244942));POINT(47.52280208976327 -18.90957618936163);a4;landscape;osm
2024-11-28 08:35:28.007 +0100;true;2024-11-28 07:46:01.482;b051fa86-8b7a-4eb0-ad7b-8daaacff5c4f;POLYGON((47.51637092356619 -18.914668445244942,47.52923325596035 -18.914668445244942,47.52923325596035 -18.90448377843545,47.51637092356619 -18.90448377843545,47.51637092356619 -18.914668445244942));POINT(47.52280208976327 -18.90957618936163);a4;landscape;osm
2024-11-28 08:35:28.387 +0100;true;2024-11-28 07:46:01.482;b051fa86-8b7a-4eb0-ad7b-8daaacff5c4f;POLYGON((47.51637092356619 -18.914668445244942,47.52923325596035 -18.914668445244942,47.52923325596035 -18.90448377843545,47.51637092356619 -18.90448377843545,47.51637092356619 -18.914668445244942));POINT(47.52280208976327 -18.90957618936163);a4;landscape;osm
2024-11-28 08:35:28.561 +0100;true;2024-11-28 07:46:01.482;b051fa86-8b7a-4eb0-ad7b-8daaacff5c4f;POLYGON((47.51637092356619 -18.914668445244942,47.52923325596035 -18.914668445244942,47.52923325596035 -18.90448377843545,47.51637092356619 -18.90448377843545,47.51637092356619 -18.914668445244942));POINT(47.52280208976327 -18.90957618936163);a4;landscape;osm
2024-11-28 08:35:28.819 +0100;true;2024-11-28 07:46:01.482;b051fa86-8b7a-4eb0-ad7b-8daaacff5c4f;POLYGON((47.51637092356619 -18.914668445244942,47.52923325596035 -18.914668445244942,47.52923325596035 -18.90448377843545,47.51637092356619 -18.90448377843545,47.51637092356619 -18.914668445244942));POINT(47.52280208976327 -18.90957618936163);a4;landscape;osm
2024-11-28 08:35:29.090 +0100;true;2024-11-28 07:46:01.482;b051fa86-8b7a-4eb0-ad7b-8daaacff5c4f;POLYGON((47.51637092356619 -18.914668445244942,47.52923325596035 -18.914668445244942,47.52923325596035 -18.90448377843545,47.51637092356619 -18.90448377843545,47.51637092356619 -18.914668445244942));POINT(47.52280208976327 -18.90957618936163);a4;landscape;osm
2024-11-28 08:35:29.311 +0100;true;2024-11-28 07:46:01.482;b051fa86-8b7a-4eb0-ad7b-8daaacff5c4f;POLYGON((47.51637092356619 -18.914668445244942,47.52923325596035 -18.914668445244942,47.52923325596035 -18.90448377843545,47.51637092356619 -18.90448377843545,47.51637092356619 -18.914668445244942));POINT(47.52280208976327 -18.90957618936163);a4;landscape;osm
2024-11-28 08:35:30.535 +0100;true;2024-11-28 07:46:01.482;b051fa86-8b7a-4eb0-ad7b-8daaacff5c4f;POLYGON((47.51637092356619 -18.914668445244942,47.52923325596035 -18.914668445244942,47.52923325596035 -18.90448377843545,47.51637092356619 -18.90448377843545,47.51637092356619 -18.914668445244942));POINT(47.52280208976327 -18.90957618936163);a4;landscape;osm
2024-11-28 08:35:30.873 +0100;true;2024-11-28 07:46:01.482;b051fa86-8b7a-4eb0-ad7b-8daaacff5c4f;POLYGON((47.51637092356619 -18.914668445244942,47.52923325596035 -18.914668445244942,47.52923325596035 -18.90448377843545,47.51637092356619 -18.90448377843545,47.51637092356619 -18.914668445244942));POINT(47.52280208976327 -18.90957618936163);a4;landscape;osm
2024-11-28 08:35:31.983 +0100;true;2024-11-28 07:46:01.482;b051fa86-8b7a-4eb0-ad7b-8daaacff5c4f;POLYGON((47.51637092356619 -18.914668445244942,47.52923325596035 -18.914668445244942,47.52923325596035 -18.90448377843545,47.51637092356619 -18.90448377843545,47.51637092356619 -18.914668445244942));POINT(47.52280208976327 -18.90957618936163);a4;landscape;osm
2024-11-28 08:36:08.019 +0100;true;2024-11-28 07:46:01.482;b051fa86-8b7a-4eb0-ad7b-8daaacff5c4f;POLYGON((47.51637092356619 -18.914668445244942,47.52923325596035 -18.914668445244942,47.52923325596035 -18.90448377843545,47.51637092356619 -18.90448377843545,47.51637092356619 -18.914668445244942));POINT(47.52280208976327 -18.90957618936163);a4;landscape;osm
2024-12-02 14:42:33.055 +0100;false;2024-11-14 12:46:56.927;cb1f1493-73f1-4ab6-bcef-b53287e31cf9;POLYGON((17.22711229814268 49.57680194492545,17.289533068885596 49.57680194492545,17.289533068885596 49.610668800508336,17.22711229814268 49.610668800508336,17.22711229814268 49.57680194492545));POINT(17.258322683514137 49.593738312243175);a4;landscape;osm
2024-12-02 14:42:34.388 +0100;false;2024-11-14 12:46:56.927;cb1f1493-73f1-4ab6-bcef-b53287e31cf9;POLYGON((17.22711229814268 49.57680194492545,17.289533068885596 49.57680194492545,17.289533068885596 49.610668800508336,17.22711229814268 49.610668800508336,17.22711229814268 49.57680194492545));POINT(17.258322683514137 49.593738312243175);a4;landscape;osm
2024-12-02 14:42:35.638 +0100;false;2024-11-14 12:46:56.927;cb1f1493-73f1-4ab6-bcef-b53287e31cf9;POLYGON((17.22711229814268 49.57680194492545,17.289533068885596 49.57680194492545,17.289533068885596 49.610668800508336,17.22711229814268 49.610668800508336,17.22711229814268 49.57680194492545));POINT(17.258322683514137 49.593738312243175);a4;landscape;osm
2024-12-02 14:42:36.928 +0100;false;2024-11-14 12:46:56.927;cb1f1493-73f1-4ab6-bcef-b53287e31cf9;POLYGON((17.22711229814268 49.57680194492545,17.289533068885596 49.57680194492545,17.289533068885596 49.610668800508336,17.22711229814268 49.610668800508336,17.22711229814268 49.57680194492545));POINT(17.258322683514137 49.593738312243175);a4;landscape;osm
2024-12-02 14:42:38.028 +0100;false;2024-11-14 12:46:56.927;cb1f1493-73f1-4ab6-bcef-b53287e31cf9;POLYGON((17.22711229814268 49.57680194492545,17.289533068885596 49.57680194492545,17.289533068885596 49.610668800508336,17.22711229814268 49.610668800508336,17.22711229814268 49.57680194492545));POINT(17.258322683514137 49.593738312243175);a4;landscape;osm
2024-12-02 14:42:39.328 +0100;false;2024-11-14 12:46:56.927;cb1f1493-73f1-4ab6-bcef-b53287e31cf9;POLYGON((17.22711229814268 49.57680194492545,17.289533068885596 49.57680194492545,17.289533068885596 49.610668800508336,17.22711229814268 49.610668800508336,17.22711229814268 49.57680194492545));POINT(17.258322683514137 49.593738312243175);a4;landscape;osm
2024-12-02 14:42:40.558 +0100;false;2024-11-14 12:46:56.927;cb1f1493-73f1-4ab6-bcef-b53287e31cf9;POLYGON((17.22711229814268 49.57680194492545,17.289533068885596 49.57680194492545,17.289533068885596 49.610668800508336,17.22711229814268 49.610668800508336,17.22711229814268 49.57680194492545));POINT(17.258322683514137 49.593738312243175);a4;landscape;osm
2024-12-02 14:42:42.202 +0100;false;2024-11-14 12:46:56.927;cb1f1493-73f1-4ab6-bcef-b53287e31cf9;POLYGON((17.22711229814268 49.57680194492545,17.289533068885596 49.57680194492545,17.289533068885596 49.610668800508336,17.22711229814268 49.610668800508336,17.22711229814268 49.57680194492545));POINT(17.258322683514137 49.593738312243175);a4;landscape;osm
2024-12-02 14:42:43.319 +0100;false;2024-11-14 12:46:56.927;cb1f1493-73f1-4ab6-bcef-b53287e31cf9;POLYGON((17.22711229814268 49.57680194492545,17.289533068885596 49.57680194492545,17.289533068885596 49.610668800508336,17.22711229814268 49.610668800508336,17.22711229814268 49.57680194492545));POINT(17.258322683514137 49.593738312243175);a4;landscape;osm
2024-12-02 14:42:44.724 +0100;false;2024-11-14 12:46:56.927;cb1f1493-73f1-4ab6-bcef-b53287e31cf9;POLYGON((17.22711229814268 49.57680194492545,17.289533068885596 49.57680194492545,17.289533068885596 49.610668800508336,17.22711229814268 49.610668800508336,17.22711229814268 49.57680194492545));POINT(17.258322683514137 49.593738312243175);a4;landscape;osm
2024-12-02 15:07:09.812 +0100;false;2024-11-14 12:46:56.927;cb1f1493-73f1-4ab6-bcef-b53287e31cf9;POLYGON((17.22711229814268 49.57680194492545,17.289533068885596 49.57680194492545,17.289533068885596 49.610668800508336,17.22711229814268 49.610668800508336,17.22711229814268 49.57680194492545));POINT(17.258322683514137 49.593738312243175);a4;landscape;osm
2024-12-02 15:08:03.335 +0100;false;2024-11-14 12:46:56.927;cb1f1493-73f1-4ab6-bcef-b53287e31cf9;POLYGON((17.22711229814268 49.57680194492545,17.289533068885596 49.57680194492545,17.289533068885596 49.610668800508336,17.22711229814268 49.610668800508336,17.22711229814268 49.57680194492545));POINT(17.258322683514137 49.593738312243175);a4;landscape;osm
2024-12-02 15:08:56.452 +0100;false;2024-11-14 12:46:56.927;cb1f1493-73f1-4ab6-bcef-b53287e31cf9;POLYGON((17.22711229814268 49.57680194492545,17.289533068885596 49.57680194492545,17.289533068885596 49.610668800508336,17.22711229814268 49.610668800508336,17.22711229814268 49.57680194492545));POINT(17.258322683514137 49.593738312243175);a4;landscape;osm
2024-12-02 15:09:50.735 +0100;false;2024-11-14 12:46:56.927;cb1f1493-73f1-4ab6-bcef-b53287e31cf9;POLYGON((17.22711229814268 49.57680194492545,17.289533068885596 49.57680194492545,17.289533068885596 49.610668800508336,17.22711229814268 49.610668800508336,17.22711229814268 49.57680194492545));POINT(17.258322683514137 49.593738312243175);a4;landscape;osm
2024-12-02 15:10:43.384 +0100;false;2024-11-14 12:46:56.927;cb1f1493-73f1-4ab6-bcef-b53287e31cf9;POLYGON((17.22711229814268 49.57680194492545,17.289533068885596 49.57680194492545,17.289533068885596 49.610668800508336,17.22711229814268 49.610668800508336,17.22711229814268 49.57680194492545));POINT(17.258322683514137 49.593738312243175);a4;landscape;osm
2024-12-02 15:11:38.033 +0100;false;2024-11-14 12:46:56.927;cb1f1493-73f1-4ab6-bcef-b53287e31cf9;POLYGON((17.22711229814268 49.57680194492545,17.289533068885596 49.57680194492545,17.289533068885596 49.610668800508336,17.22711229814268 49.610668800508336,17.22711229814268 49.57680194492545));POINT(17.258322683514137 49.593738312243175);a4;landscape;osm
2024-12-02 15:12:31.746 +0100;false;2024-11-14 12:46:56.927;cb1f1493-73f1-4ab6-bcef-b53287e31cf9;POLYGON((17.22711229814268 49.57680194492545,17.289533068885596 49.57680194492545,17.289533068885596 49.610668800508336,17.22711229814268 49.610668800508336,17.22711229814268 49.57680194492545));POINT(17.258322683514137 49.593738312243175);a4;landscape;osm
2024-12-02 15:13:20.119 +0100;false;2024-11-14 12:46:56.927;cb1f1493-73f1-4ab6-bcef-b53287e31cf9;POLYGON((17.22711229814268 49.57680194492545,17.289533068885596 49.57680194492545,17.289533068885596 49.610668800508336,17.22711229814268 49.610668800508336,17.22711229814268 49.57680194492545));POINT(17.258322683514137 49.593738312243175);a4;landscape;osm
2024-12-02 15:14:10.355 +0100;false;2024-11-14 12:46:56.927;cb1f1493-73f1-4ab6-bcef-b53287e31cf9;POLYGON((17.22711229814268 49.57680194492545,17.289533068885596 49.57680194492545,17.289533068885596 49.610668800508336,17.22711229814268 49.610668800508336,17.22711229814268 49.57680194492545));POINT(17.258322683514137 49.593738312243175);a4;landscape;osm
2024-12-02 15:14:56.791 +0100;false;2024-11-14 12:46:56.927;cb1f1493-73f1-4ab6-bcef-b53287e31cf9;POLYGON((17.22711229814268 49.57680194492545,17.289533068885596 49.57680194492545,17.289533068885596 49.610668800508336,17.22711229814268 49.610668800508336,17.22711229814268 49.57680194492545));POINT(17.258322683514137 49.593738312243175);a4;landscape;osm
2024-12-02 15:18:34.403 +0100;true;2024-12-02 15:12:57.093;a5f43c82-7109-4b94-894a-0f44d8f6a7e1;POLYGON((99.96118761210732 12.5551955348175,99.9629492370552 12.5551955348175,99.9629492370552 12.556634767234542,99.96118761210732 12.556634767234542,99.96118761210732 12.5551955348175));POINT(99.96206842458128 12.555915152032497);a4;landscape;osm
2024-12-02 16:07:32.954 +0100;false;2024-12-02 16:05:55.345;b8791d17-027f-4cfe-b006-340cd30d01a1;POLYGON((-48.011891475846696 -15.863692850999087,-47.818532609719846 -15.863692850999087,-47.818532609719846 -15.70795204010092,-48.011891475846696 -15.70795204010092,-48.011891475846696 -15.863692850999087));POINT(-47.91521204278327 -15.785837405319853);a4;landscape;osm
2024-12-05 00:49:51.065 +0100;false;2024-12-05 00:35:55.890;fae48515-5ee5-4a7b-801a-a684bb48df05;POLYGON((152.94162281792813 -27.26643378862289,152.9473901734258 -27.26643378862289,152.9473901734258 -27.262142717755502,152.94162281792813 -27.262142717755502,152.94162281792813 -27.26643378862289));POINT(152.94450649567696 -27.264288273891587);a4;landscape;esri-world-imagery
2024-12-05 14:39:17.885 +0100;false;2024-11-14 12:46:56.927;cb1f1493-73f1-4ab6-bcef-b53287e31cf9;POLYGON((17.22711229814268 49.57680194492545,17.289533068885596 49.57680194492545,17.289533068885596 49.610668800508336,17.22711229814268 49.610668800508336,17.22711229814268 49.57680194492545));POINT(17.258322683514137 49.593738312243175);a4;landscape;osm
2024-12-05 14:43:32.727 +0100;false;2024-11-14 12:46:56.927;cb1f1493-73f1-4ab6-bcef-b53287e31cf9;POLYGON((17.22711229814268 49.57680194492545,17.289533068885596 49.57680194492545,17.289533068885596 49.610668800508336,17.22711229814268 49.610668800508336,17.22711229814268 49.57680194492545));POINT(17.258322683514137 49.593738312243175);a4;landscape;osm
2024-12-05 14:44:17.311 +0100;false;2024-11-14 12:46:56.927;cb1f1493-73f1-4ab6-bcef-b53287e31cf9;POLYGON((17.22711229814268 49.57680194492545,17.289533068885596 49.57680194492545,17.289533068885596 49.610668800508336,17.22711229814268 49.610668800508336,17.22711229814268 49.57680194492545));POINT(17.258322683514137 49.593738312243175);a4;landscape;osm
2024-12-05 14:45:01.635 +0100;false;2024-11-14 12:46:56.927;cb1f1493-73f1-4ab6-bcef-b53287e31cf9;POLYGON((17.22711229814268 49.57680194492545,17.289533068885596 49.57680194492545,17.289533068885596 49.610668800508336,17.22711229814268 49.610668800508336,17.22711229814268 49.57680194492545));POINT(17.258322683514137 49.593738312243175);a4;landscape;osm
2024-12-05 14:45:43.965 +0100;false;2024-11-14 12:46:56.927;cb1f1493-73f1-4ab6-bcef-b53287e31cf9;POLYGON((17.22711229814268 49.57680194492545,17.289533068885596 49.57680194492545,17.289533068885596 49.610668800508336,17.22711229814268 49.610668800508336,17.22711229814268 49.57680194492545));POINT(17.258322683514137 49.593738312243175);a4;landscape;osm
2024-12-05 14:46:28.177 +0100;false;2024-11-14 12:46:56.927;cb1f1493-73f1-4ab6-bcef-b53287e31cf9;POLYGON((17.22711229814268 49.57680194492545,17.289533068885596 49.57680194492545,17.289533068885596 49.610668800508336,17.22711229814268 49.610668800508336,17.22711229814268 49.57680194492545));POINT(17.258322683514137 49.593738312243175);a4;landscape;osm
2024-12-05 14:47:09.029 +0100;false;2024-11-14 12:46:56.927;cb1f1493-73f1-4ab6-bcef-b53287e31cf9;POLYGON((17.22711229814268 49.57680194492545,17.289533068885596 49.57680194492545,17.289533068885596 49.610668800508336,17.22711229814268 49.610668800508336,17.22711229814268 49.57680194492545));POINT(17.258322683514137 49.593738312243175);a4;landscape;osm
2024-12-05 14:48:04.272 +0100;false;2024-11-14 12:46:56.927;cb1f1493-73f1-4ab6-bcef-b53287e31cf9;POLYGON((17.22711229814268 49.57680194492545,17.289533068885596 49.57680194492545,17.289533068885596 49.610668800508336,17.22711229814268 49.610668800508336,17.22711229814268 49.57680194492545));POINT(17.258322683514137 49.593738312243175);a4;landscape;osm
2024-12-05 14:48:58.880 +0100;false;2024-11-14 12:46:56.927;cb1f1493-73f1-4ab6-bcef-b53287e31cf9;POLYGON((17.22711229814268 49.57680194492545,17.289533068885596 49.57680194492545,17.289533068885596 49.610668800508336,17.22711229814268 49.610668800508336,17.22711229814268 49.57680194492545));POINT(17.258322683514137 49.593738312243175);a4;landscape;osm
2024-12-05 14:50:09.301 +0100;false;2024-11-14 12:46:56.927;cb1f1493-73f1-4ab6-bcef-b53287e31cf9;POLYGON((17.22711229814268 49.57680194492545,17.289533068885596 49.57680194492545,17.289533068885596 49.610668800508336,17.22711229814268 49.610668800508336,17.22711229814268 49.57680194492545));POINT(17.258322683514137 49.593738312243175);a4;landscape;osm
2024-12-05 17:48:46.300 +0100;true;2024-12-05 17:45:46.853;7e617fcc-4faa-4aaf-988e-61fa2cb0be83;POLYGON((-115.17112897398682 36.14977651721168,-115.06322528265362 36.14977651721168,-115.06322528265362 36.22267134997138,-115.17112897398682 36.22267134997138,-115.17112897398682 36.14977651721168));POINT(-115.11717712832022 36.186232413814764);a4;landscape;osm
2024-12-09 16:01:57.370 +0100;true;2024-12-09 15:56:14.368;e53d96cb-0bef-441b-a8fb-5f5aa82d5be4;POLYGON((-84.48993242255486 30.71507756091644,-84.47681749309186 30.71507756091644,-84.47681749309186 30.727129050074538,-84.48993242255486 30.727129050074538,-84.48993242255486 30.71507756091644));POINT(-84.48337495782336 30.721103493791674);letter;portrait;osm
2024-12-09 16:43:50.747 +0100;false;2024-11-14 12:46:56.927;cb1f1493-73f1-4ab6-bcef-b53287e31cf9;POLYGON((17.22711229814268 49.57680194492545,17.289533068885596 49.57680194492545,17.289533068885596 49.610668800508336,17.22711229814268 49.610668800508336,17.22711229814268 49.57680194492545));POINT(17.258322683514137 49.593738312243175);a4;landscape;osm
2024-12-09 16:43:52.339 +0100;false;2024-11-14 12:46:56.927;cb1f1493-73f1-4ab6-bcef-b53287e31cf9;POLYGON((17.22711229814268 49.57680194492545,17.289533068885596 49.57680194492545,17.289533068885596 49.610668800508336,17.22711229814268 49.610668800508336,17.22711229814268 49.57680194492545));POINT(17.258322683514137 49.593738312243175);a4;landscape;osm
2024-12-09 16:43:54.183 +0100;false;2024-11-14 12:46:56.927;cb1f1493-73f1-4ab6-bcef-b53287e31cf9;POLYGON((17.22711229814268 49.57680194492545,17.289533068885596 49.57680194492545,17.289533068885596 49.610668800508336,17.22711229814268 49.610668800508336,17.22711229814268 49.57680194492545));POINT(17.258322683514137 49.593738312243175);a4;landscape;osm
2024-12-09 16:43:56.326 +0100;false;2024-11-14 12:46:56.927;cb1f1493-73f1-4ab6-bcef-b53287e31cf9;POLYGON((17.22711229814268 49.57680194492545,17.289533068885596 49.57680194492545,17.289533068885596 49.610668800508336,17.22711229814268 49.610668800508336,17.22711229814268 49.57680194492545));POINT(17.258322683514137 49.593738312243175);a4;landscape;osm
2024-12-09 16:43:58.179 +0100;false;2024-11-14 12:46:56.927;cb1f1493-73f1-4ab6-bcef-b53287e31cf9;POLYGON((17.22711229814268 49.57680194492545,17.289533068885596 49.57680194492545,17.289533068885596 49.610668800508336,17.22711229814268 49.610668800508336,17.22711229814268 49.57680194492545));POINT(17.258322683514137 49.593738312243175);a4;landscape;osm
2024-12-09 16:44:04.211 +0100;false;2024-11-14 12:46:56.927;cb1f1493-73f1-4ab6-bcef-b53287e31cf9;POLYGON((17.22711229814268 49.57680194492545,17.289533068885596 49.57680194492545,17.289533068885596 49.610668800508336,17.22711229814268 49.610668800508336,17.22711229814268 49.57680194492545));POINT(17.258322683514137 49.593738312243175);a4;landscape;osm
2024-12-09 16:44:10.459 +0100;false;2024-11-14 12:46:56.927;cb1f1493-73f1-4ab6-bcef-b53287e31cf9;POLYGON((17.22711229814268 49.57680194492545,17.289533068885596 49.57680194492545,17.289533068885596 49.610668800508336,17.22711229814268 49.610668800508336,17.22711229814268 49.57680194492545));POINT(17.258322683514137 49.593738312243175);a4;landscape;osm
2024-12-09 16:44:16.931 +0100;false;2024-11-14 12:46:56.927;cb1f1493-73f1-4ab6-bcef-b53287e31cf9;POLYGON((17.22711229814268 49.57680194492545,17.289533068885596 49.57680194492545,17.289533068885596 49.610668800508336,17.22711229814268 49.610668800508336,17.22711229814268 49.57680194492545));POINT(17.258322683514137 49.593738312243175);a4;landscape;osm
2024-12-09 16:44:23.173 +0100;false;2024-11-14 12:46:56.927;cb1f1493-73f1-4ab6-bcef-b53287e31cf9;POLYGON((17.22711229814268 49.57680194492545,17.289533068885596 49.57680194492545,17.289533068885596 49.610668800508336,17.22711229814268 49.610668800508336,17.22711229814268 49.57680194492545));POINT(17.258322683514137 49.593738312243175);a4;landscape;osm
2024-12-09 16:44:25.476 +0100;false;2024-11-14 12:46:56.927;cb1f1493-73f1-4ab6-bcef-b53287e31cf9;POLYGON((17.22711229814268 49.57680194492545,17.289533068885596 49.57680194492545,17.289533068885596 49.610668800508336,17.22711229814268 49.610668800508336,17.22711229814268 49.57680194492545));POINT(17.258322683514137 49.593738312243175);a4;landscape;osm
2024-12-09 17:04:05.648 +0100;false;2024-12-09 16:52:55.690;f109f5da-d21c-418f-b805-f52bea04729f;POLYGON((-76.66270683293271 5.6872591482134,-76.65689173198194 5.6872591482134,-76.65689173198194 5.692672567655819,-76.66270683293271 5.692672567655819,-76.66270683293271 5.6872591482134));POINT(-76.65979928245734 5.689965864304739);letter;landscape;osm
2024-12-09 17:24:50.827 +0100;false;2024-11-14 12:46:56.927;cb1f1493-73f1-4ab6-bcef-b53287e31cf9;POLYGON((17.22711229814268 49.57680194492545,17.289533068885596 49.57680194492545,17.289533068885596 49.610668800508336,17.22711229814268 49.610668800508336,17.22711229814268 49.57680194492545));POINT(17.258322683514137 49.593738312243175);a4;landscape;osm
2024-12-09 17:24:53.678 +0100;false;2024-11-14 12:46:56.927;cb1f1493-73f1-4ab6-bcef-b53287e31cf9;POLYGON((17.22711229814268 49.57680194492545,17.289533068885596 49.57680194492545,17.289533068885596 49.610668800508336,17.22711229814268 49.610668800508336,17.22711229814268 49.57680194492545));POINT(17.258322683514137 49.593738312243175);a4;landscape;osm
2024-12-09 17:24:58.756 +0100;false;2024-11-14 12:46:56.927;cb1f1493-73f1-4ab6-bcef-b53287e31cf9;POLYGON((17.22711229814268 49.57680194492545,17.289533068885596 49.57680194492545,17.289533068885596 49.610668800508336,17.22711229814268 49.610668800508336,17.22711229814268 49.57680194492545));POINT(17.258322683514137 49.593738312243175);a4;landscape;osm
2024-12-09 17:25:04.570 +0100;false;2024-11-14 12:46:56.927;cb1f1493-73f1-4ab6-bcef-b53287e31cf9;POLYGON((17.22711229814268 49.57680194492545,17.289533068885596 49.57680194492545,17.289533068885596 49.610668800508336,17.22711229814268 49.610668800508336,17.22711229814268 49.57680194492545));POINT(17.258322683514137 49.593738312243175);a4;landscape;osm
2024-12-09 17:25:10.732 +0100;false;2024-11-14 12:46:56.927;cb1f1493-73f1-4ab6-bcef-b53287e31cf9;POLYGON((17.22711229814268 49.57680194492545,17.289533068885596 49.57680194492545,17.289533068885596 49.610668800508336,17.22711229814268 49.610668800508336,17.22711229814268 49.57680194492545));POINT(17.258322683514137 49.593738312243175);a4;landscape;osm
2024-12-09 17:28:49.933 +0100;false;2024-11-14 12:46:56.927;cb1f1493-73f1-4ab6-bcef-b53287e31cf9;POLYGON((17.22711229814268 49.57680194492545,17.289533068885596 49.57680194492545,17.289533068885596 49.610668800508336,17.22711229814268 49.610668800508336,17.22711229814268 49.57680194492545));POINT(17.258322683514137 49.593738312243175);a4;landscape;osm
2024-12-09 17:28:51.621 +0100;false;2024-11-14 12:46:56.927;cb1f1493-73f1-4ab6-bcef-b53287e31cf9;POLYGON((17.22711229814268 49.57680194492545,17.289533068885596 49.57680194492545,17.289533068885596 49.610668800508336,17.22711229814268 49.610668800508336,17.22711229814268 49.57680194492545));POINT(17.258322683514137 49.593738312243175);a4;landscape;osm
2024-12-09 17:28:53.391 +0100;false;2024-11-14 12:46:56.927;cb1f1493-73f1-4ab6-bcef-b53287e31cf9;POLYGON((17.22711229814268 49.57680194492545,17.289533068885596 49.57680194492545,17.289533068885596 49.610668800508336,17.22711229814268 49.610668800508336,17.22711229814268 49.57680194492545));POINT(17.258322683514137 49.593738312243175);a4;landscape;osm
2024-12-09 17:28:55.323 +0100;false;2024-11-14 12:46:56.927;cb1f1493-73f1-4ab6-bcef-b53287e31cf9;POLYGON((17.22711229814268 49.57680194492545,17.289533068885596 49.57680194492545,17.289533068885596 49.610668800508336,17.22711229814268 49.610668800508336,17.22711229814268 49.57680194492545));POINT(17.258322683514137 49.593738312243175);a4;landscape;osm
2024-12-09 17:28:57.183 +0100;false;2024-11-14 12:46:56.927;cb1f1493-73f1-4ab6-bcef-b53287e31cf9;POLYGON((17.22711229814268 49.57680194492545,17.289533068885596 49.57680194492545,17.289533068885596 49.610668800508336,17.22711229814268 49.610668800508336,17.22711229814268 49.57680194492545));POINT(17.258322683514137 49.593738312243175);a4;landscape;osm
2024-12-09 21:30:37.164 +0100;false;2024-11-14 21:13:34.532;1f7360d2-b754-4e27-b9f3-b63e16cda08d;POLYGON((-76.68150211937649 5.2488828896690904,-76.18846550945469 5.2488828896690904,-76.18846550945469 5.848194194918989,-76.68150211937649 5.848194194918989,-76.68150211937649 5.2488828896690904));POINT(-76.43498381441559 5.548614664937617);a1;portrait;osm
2024-12-09 21:32:09.260 +0100;false;2024-11-14 21:13:34.532;1f7360d2-b754-4e27-b9f3-b63e16cda08d;POLYGON((-76.68150211937649 5.2488828896690904,-76.18846550945469 5.2488828896690904,-76.18846550945469 5.848194194918989,-76.68150211937649 5.848194194918989,-76.68150211937649 5.2488828896690904));POINT(-76.43498381441559 5.548614664937617);a1;portrait;osm
2024-12-09 21:32:18.843 +0100;false;2024-11-14 21:13:34.532;1f7360d2-b754-4e27-b9f3-b63e16cda08d;POLYGON((-76.68150211937649 5.2488828896690904,-76.18846550945469 5.2488828896690904,-76.18846550945469 5.848194194918989,-76.68150211937649 5.848194194918989,-76.68150211937649 5.2488828896690904));POINT(-76.43498381441559 5.548614664937617);a1;portrait;osm
2024-12-09 21:44:04.012 +0100;false;2024-12-02 10:12:45.567;5eab75ee-7b5c-44a6-8bd7-9fa439c054d2;POLYGON((-76.7782261495367 5.430929468119231,-76.7035736036002 5.430929468119231,-76.7035736036002 5.523635503724606,-76.7782261495367 5.523635503724606,-76.7782261495367 5.430929468119231));POINT(-76.74089987656846 5.4772842838479505);a2;portrait;esri-world-imagery
2024-12-09 21:45:28.176 +0100;false;2024-11-14 18:28:08.473;ab7386f0-beb3-432c-bcdf-a0bd54c9a814;POLYGON((-76.78292818500982 5.41464893671052,-76.56150045291704 5.41464893671052,-76.56150045291704 5.689578717031111,-76.78292818500982 5.689578717031111,-76.78292818500982 5.41464893671052));POINT(-76.67221431896343 5.5521298567435196);a2;portrait;osm
2024-12-09 21:46:02.691 +0100;false;2024-11-14 21:35:49.417;2faf9a2e-91e9-4fb4-bf80-3ceb4e13722d;POLYGON((-77.04679032637969 5.183196589657783,-76.5361406452173 5.183196589657783,-76.5361406452173 5.80397482600813,-77.04679032637969 5.80397482600813,-77.04679032637969 5.183196589657783));POINT(-76.7914654857985 5.493666567634676);a1;portrait;osm
2024-12-09 21:47:14.101 +0100;false;2024-12-02 10:12:45.567;5eab75ee-7b5c-44a6-8bd7-9fa439c054d2;POLYGON((-76.7782261495367 5.430929468119231,-76.7035736036002 5.430929468119231,-76.7035736036002 5.523635503724606,-76.7782261495367 5.523635503724606,-76.7782261495367 5.430929468119231));POINT(-76.74089987656846 5.4772842838479505);a2;portrait;esri-world-imagery
2024-12-10 11:45:00.867 +0100;false;2024-12-10 11:39:43.687;5861261c-ed5a-4948-86af-d7583d3704be;POLYGON((8.532066029840786 49.181384348080286,8.5547112639389 49.181384348080286,8.5547112639389 49.19377289456989,8.532066029840786 49.19377289456989,8.532066029840786 49.181384348080286));POINT(8.543388646889843 49.187579009062745);a4;landscape;osm
2024-12-10 11:45:08.893 +0100;false;2024-12-10 11:41:35.107;5e8c629c-7a57-464a-85a3-6c3a1d58fc5b;POLYGON((8.698540744748177 49.406828941376176,8.718803492754004 49.406828941376176,8.718803492754004 49.41786347793857,8.698540744748177 49.41786347793857,8.698540744748177 49.406828941376176));POINT(8.708672118751092 49.41234651972155);a4;landscape;osm
2024-12-10 11:45:35.316 +0100;true;2024-12-10 11:39:42.190;a240104f-32a2-4ca5-b74c-7c02671cdd20;POLYGON((8.656923259031899 49.411293006525966,8.679045484257653 49.411293006525966,8.679045484257653 49.42333894359797,8.656923259031899 49.42333894359797,8.656923259031899 49.411293006525966));POINT(8.667984371644778 49.41731634463551);a4;landscape;osm
2024-12-10 11:46:15.509 +0100;true;2024-12-10 11:42:27.114;29a34236-9a2e-4822-86fa-32f9ed9de6e5;POLYGON((8.579240969573432 49.16183338117028,8.591843731478855 49.16183338117028,8.591843731478855 49.16873125999612,8.579240969573432 49.16873125999612,8.579240969573432 49.16183338117028));POINT(8.585542350526143 49.16528244069528);a4;landscape;osm
2024-12-10 11:47:33.945 +0100;false;2024-12-10 11:40:29.086;53738d53-afb6-45c8-a647-ba813db49a67;POLYGON((8.691033267992546 49.40201733395486,8.724248403333092 49.40201733395486,8.724248403333092 49.42010549493355,8.691033267992546 49.42010549493355,8.691033267992546 49.40201733395486));POINT(8.70764083566282 49.41106224757377);a4;landscape;osm
2024-12-10 11:49:10.026 +0100;false;2024-12-10 11:42:53.234;5b3a9d9a-bb9f-4a14-b2cb-e3ccc2724b97;POLYGON((8.703245314026073 49.409816364914974,8.708093431326358 49.409816364914974,8.708093431326358 49.4124565816459,8.703245314026073 49.4124565816459,8.703245314026073 49.409816364914974));POINT(8.705669372676216 49.411136491030675);a4;landscape;osm
2024-12-10 11:49:14.440 +0100;true;2024-12-10 11:46:47.151;99b71ae5-bfeb-4d68-b3fc-e5ba00712be1;POLYGON((8.703171280014999 49.41206139899393,8.705587578296134 49.41206139899393,8.705587578296134 49.41337722904382,8.703171280014999 49.41337722904382,8.703171280014999 49.41206139899393));POINT(8.704379429155566 49.412719318427946);a4;landscape;osm
2024-12-10 11:50:26.020 +0100;false;2024-12-10 11:45:45.508;71d7023e-77e7-472d-ab1a-5225d1092b83;POLYGON((8.356582281996534 49.01107394014019,8.369563262870034 49.01107394014019,8.369563262870034 49.01820023201003,8.356582281996534 49.01820023201003,8.356582281996534 49.01107394014019));POINT(8.363072772433284 49.01463721359434);a4;landscape;osm
2024-12-10 11:50:48.818 +0100;true;2024-12-10 11:46:47.151;99b71ae5-bfeb-4d68-b3fc-e5ba00712be1;POLYGON((8.703171280014999 49.41206139899393,8.705587578296134 49.41206139899393,8.705587578296134 49.41337722904382,8.703171280014999 49.41337722904382,8.703171280014999 49.41206139899393));POINT(8.704379429155566 49.412719318427946);a4;landscape;osm
2024-12-10 11:51:16.143 +0100;false;2024-12-10 11:38:56.209;4adf6c63-45a1-4cd8-b2d7-26e03ebee5eb;POLYGON((8.678784638446931 49.38589647076088,8.680051088109687 49.38589647076088,8.680051088109687 49.386586490557505,8.678784638446931 49.386586490557505,8.678784638446931 49.38589647076088));POINT(8.67941786327831 49.38624148187057);a4;landscape;osm
2024-12-10 11:51:19.629 +0100;false;2024-12-10 11:44:55.698;fed07a40-9255-4dc3-a50f-644607c0e3cf;POLYGON((8.700448244054897 49.41023542443122,8.719959678872227 49.41023542443122,8.719959678872227 49.42085997478702,8.700448244054897 49.42085997478702,8.700448244054897 49.41023542443122));POINT(8.710203961463561 49.415547987093134);a4;landscape;osm
2024-12-10 11:51:42.663 +0100;false;2024-12-10 11:39:43.687;5861261c-ed5a-4948-86af-d7583d3704be;POLYGON((8.532066029840786 49.181384348080286,8.5547112639389 49.181384348080286,8.5547112639389 49.19377289456989,8.532066029840786 49.19377289456989,8.532066029840786 49.181384348080286));POINT(8.543388646889843 49.187579009062745);a4;landscape;osm
2024-12-10 11:51:53.763 +0100;true;2024-12-10 11:47:48.523;d76d92e6-9a70-4499-b143-3cc769abdfd6;POLYGON((8.693431817578679 49.41060191510624,8.712286051949102 49.41060191510624,8.712286051949102 49.42086864093315,8.693431817578679 49.42086864093315,8.693431817578679 49.41060191510624));POINT(8.70285893476389 49.415735546467175);a4;landscape;osm
2024-12-10 11:52:18.054 +0100;true;2024-12-10 11:40:07.634;c3f83229-e39e-451f-aa21-72ff571a4ea1;POLYGON((8.80011093866917 48.990535126918644,8.838037080958019 48.990535126918644,8.838037080958019 49.01136125111782,8.80011093866917 49.01136125111782,8.80011093866917 48.990535126918644));POINT(8.819074009813594 49.00094927758673);a4;landscape;osm
2024-12-10 11:53:37.117 +0100;false;2024-12-10 11:42:55.906;6ec3569d-ac2b-4723-afe9-8a41b5517ba4;POLYGON((8.636999159329685 49.40176092053534,8.682335210019042 49.40176092053534,8.682335210019042 49.42644981037074,8.636999159329685 49.42644981037074,8.636999159329685 49.40176092053534));POINT(8.659667184674364 49.41410691774553);a4;landscape;osm
2024-12-10 11:53:37.701 +0100;true;2024-12-10 11:46:42.401;247672b1-a16b-4f1e-9f40-435bc55c4596;POLYGON((8.705729201735775 49.409694903115536,8.708879852509968 49.409694903115536,8.708879852509968 49.41141079368481,8.705729201735775 49.41141079368481,8.705729201735775 49.409694903115536));POINT(8.707304527122872 49.41055285589732);a4;landscape;osm
2024-12-10 11:55:09.605 +0100;false;2024-12-10 11:51:40.530;7825e991-6b48-4ede-ae0f-14bc4f6308f1;POLYGON((8.640216784406856 49.31155592157387,8.644704905143005 49.31155592157387,8.644704905143005 49.31400498280638,8.640216784406856 49.31400498280638,8.640216784406856 49.31155592157387));POINT(8.64246084477493 49.312780467410136);a4;landscape;osm
2024-12-10 11:55:12.029 +0100;false;2024-12-10 11:41:21.603;451e5745-2a2e-46ea-9ca4-2898386797d1;POLYGON((8.66472611731223 49.407880187938815,8.684944608869305 49.407880187938815,8.684944608869305 49.41889032199899,8.66472611731223 49.41889032199899,8.66472611731223 49.407880187938815));POINT(8.674835363090766 49.41338556367455);a4;landscape;osm
2024-12-10 11:57:22.374 +0100;false;2024-12-10 11:51:51.545;c6022e43-2096-4f10-9d2f-455df4d9b436;POLYGON((8.715915217805552 49.40294267594447,8.72793571450029 49.40294267594447,8.72793571450029 49.409489526078715,8.715915217805552 49.409489526078715,8.715915217805552 49.40294267594447));POINT(8.721925466152921 49.40621621013406);a4;landscape;osm
2024-12-10 11:57:34.100 +0100;false;2024-12-10 11:54:15.652;4008398a-ea34-4f7c-9d73-c9bec2d65587;POLYGON((8.67445601532126 49.44516419280532,8.683696424882644 49.44516419280532,8.683696424882644 49.450192715308475,8.67445601532126 49.450192715308475,8.67445601532126 49.44516419280532));POINT(8.679076220101951 49.44767851852819);a4;landscape;osm
2024-12-10 11:58:50.778 +0100;false;2024-12-10 11:38:56.209;4adf6c63-45a1-4cd8-b2d7-26e03ebee5eb;POLYGON((8.678784638446931 49.38589647076088,8.680051088109687 49.38589647076088,8.680051088109687 49.386586490557505,8.678784638446931 49.386586490557505,8.678784638446931 49.38589647076088));POINT(8.67941786327831 49.38624148187057);a4;landscape;osm
2024-12-10 11:59:27.775 +0100;false;2024-12-10 11:41:21.603;451e5745-2a2e-46ea-9ca4-2898386797d1;POLYGON((8.66472611731223 49.407880187938815,8.684944608869305 49.407880187938815,8.684944608869305 49.41889032199899,8.66472611731223 49.41889032199899,8.66472611731223 49.407880187938815));POINT(8.674835363090766 49.41338556367455);a4;landscape;osm
2024-12-10 13:51:41.378 +0100;false;2024-12-10 11:40:29.086;53738d53-afb6-45c8-a647-ba813db49a67;POLYGON((8.691033267992546 49.40201733395486,8.724248403333092 49.40201733395486,8.724248403333092 49.42010549493355,8.691033267992546 49.42010549493355,8.691033267992546 49.40201733395486));POINT(8.70764083566282 49.41106224757377);a4;landscape;osm
2024-12-10 14:07:53.507 +0100;false;2024-11-14 12:46:56.927;cb1f1493-73f1-4ab6-bcef-b53287e31cf9;POLYGON((17.22711229814268 49.57680194492545,17.289533068885596 49.57680194492545,17.289533068885596 49.610668800508336,17.22711229814268 49.610668800508336,17.22711229814268 49.57680194492545));POINT(17.258322683514137 49.593738312243175);a4;landscape;osm
2024-12-10 14:18:44.129 +0100;false;2024-11-14 12:46:56.927;cb1f1493-73f1-4ab6-bcef-b53287e31cf9;POLYGON((17.22711229814268 49.57680194492545,17.289533068885596 49.57680194492545,17.289533068885596 49.610668800508336,17.22711229814268 49.610668800508336,17.22711229814268 49.57680194492545));POINT(17.258322683514137 49.593738312243175);a4;landscape;osm
2024-12-10 14:30:08.851 +0100;false;2024-11-14 12:46:56.927;cb1f1493-73f1-4ab6-bcef-b53287e31cf9;POLYGON((17.22711229814268 49.57680194492545,17.289533068885596 49.57680194492545,17.289533068885596 49.610668800508336,17.22711229814268 49.610668800508336,17.22711229814268 49.57680194492545));POINT(17.258322683514137 49.593738312243175);a4;landscape;osm
2024-12-10 14:30:09.203 +0100;false;2024-11-14 12:46:56.927;cb1f1493-73f1-4ab6-bcef-b53287e31cf9;POLYGON((17.22711229814268 49.57680194492545,17.289533068885596 49.57680194492545,17.289533068885596 49.610668800508336,17.22711229814268 49.610668800508336,17.22711229814268 49.57680194492545));POINT(17.258322683514137 49.593738312243175);a4;landscape;osm
2024-12-10 14:32:30.395 +0100;false;2024-11-14 12:46:56.927;cb1f1493-73f1-4ab6-bcef-b53287e31cf9;POLYGON((17.22711229814268 49.57680194492545,17.289533068885596 49.57680194492545,17.289533068885596 49.610668800508336,17.22711229814268 49.610668800508336,17.22711229814268 49.57680194492545));POINT(17.258322683514137 49.593738312243175);a4;landscape;osm
2024-12-10 14:37:51.759 +0100;false;2024-11-14 12:46:56.927;cb1f1493-73f1-4ab6-bcef-b53287e31cf9;POLYGON((17.22711229814268 49.57680194492545,17.289533068885596 49.57680194492545,17.289533068885596 49.610668800508336,17.22711229814268 49.610668800508336,17.22711229814268 49.57680194492545));POINT(17.258322683514137 49.593738312243175);a4;landscape;osm
2024-12-10 14:40:06.183 +0100;false;2024-11-14 12:46:56.927;cb1f1493-73f1-4ab6-bcef-b53287e31cf9;POLYGON((17.22711229814268 49.57680194492545,17.289533068885596 49.57680194492545,17.289533068885596 49.610668800508336,17.22711229814268 49.610668800508336,17.22711229814268 49.57680194492545));POINT(17.258322683514137 49.593738312243175);a4;landscape;osm
2024-12-10 16:26:26.147 +0100;false;2024-11-14 12:46:56.927;cb1f1493-73f1-4ab6-bcef-b53287e31cf9;POLYGON((17.22711229814268 49.57680194492545,17.289533068885596 49.57680194492545,17.289533068885596 49.610668800508336,17.22711229814268 49.610668800508336,17.22711229814268 49.57680194492545));POINT(17.258322683514137 49.593738312243175);a4;landscape;osm
2024-12-10 16:38:53.082 +0100;false;2024-11-14 12:46:56.927;cb1f1493-73f1-4ab6-bcef-b53287e31cf9;POLYGON((17.22711229814268 49.57680194492545,17.289533068885596 49.57680194492545,17.289533068885596 49.610668800508336,17.22711229814268 49.610668800508336,17.22711229814268 49.57680194492545));POINT(17.258322683514137 49.593738312243175);a4;landscape;osm
2024-12-10 16:42:16.033 +0100;false;2024-11-14 12:46:56.927;cb1f1493-73f1-4ab6-bcef-b53287e31cf9;POLYGON((17.22711229814268 49.57680194492545,17.289533068885596 49.57680194492545,17.289533068885596 49.610668800508336,17.22711229814268 49.610668800508336,17.22711229814268 49.57680194492545));POINT(17.258322683514137 49.593738312243175);a4;landscape;osm
2024-12-10 16:49:31.092 +0100;false;2024-11-14 12:46:56.927;cb1f1493-73f1-4ab6-bcef-b53287e31cf9;POLYGON((17.22711229814268 49.57680194492545,17.289533068885596 49.57680194492545,17.289533068885596 49.610668800508336,17.22711229814268 49.610668800508336,17.22711229814268 49.57680194492545));POINT(17.258322683514137 49.593738312243175);a4;landscape;osm
2024-12-10 16:53:47.662 +0100;false;2024-11-14 12:46:56.927;cb1f1493-73f1-4ab6-bcef-b53287e31cf9;POLYGON((17.22711229814268 49.57680194492545,17.289533068885596 49.57680194492545,17.289533068885596 49.610668800508336,17.22711229814268 49.610668800508336,17.22711229814268 49.57680194492545));POINT(17.258322683514137 49.593738312243175);a4;landscape;osm
2024-12-10 17:00:19.269 +0100;false;2024-11-14 12:46:56.927;cb1f1493-73f1-4ab6-bcef-b53287e31cf9;POLYGON((17.22711229814268 49.57680194492545,17.289533068885596 49.57680194492545,17.289533068885596 49.610668800508336,17.22711229814268 49.610668800508336,17.22711229814268 49.57680194492545));POINT(17.258322683514137 49.593738312243175);a4;landscape;osm
2024-12-10 17:03:11.194 +0100;false;2024-11-14 12:46:56.927;cb1f1493-73f1-4ab6-bcef-b53287e31cf9;POLYGON((17.22711229814268 49.57680194492545,17.289533068885596 49.57680194492545,17.289533068885596 49.610668800508336,17.22711229814268 49.610668800508336,17.22711229814268 49.57680194492545));POINT(17.258322683514137 49.593738312243175);a4;landscape;osm
2024-12-10 17:06:19.629 +0100;false;2024-11-14 12:46:56.927;cb1f1493-73f1-4ab6-bcef-b53287e31cf9;POLYGON((17.22711229814268 49.57680194492545,17.289533068885596 49.57680194492545,17.289533068885596 49.610668800508336,17.22711229814268 49.610668800508336,17.22711229814268 49.57680194492545));POINT(17.258322683514137 49.593738312243175);a4;landscape;osm
2024-12-10 17:10:09.808 +0100;false;2024-11-14 12:46:56.927;cb1f1493-73f1-4ab6-bcef-b53287e31cf9;POLYGON((17.22711229814268 49.57680194492545,17.289533068885596 49.57680194492545,17.289533068885596 49.610668800508336,17.22711229814268 49.610668800508336,17.22711229814268 49.57680194492545));POINT(17.258322683514137 49.593738312243175);a4;landscape;osm
2024-12-10 17:14:51.711 +0100;false;2024-11-14 12:46:56.927;cb1f1493-73f1-4ab6-bcef-b53287e31cf9;POLYGON((17.22711229814268 49.57680194492545,17.289533068885596 49.57680194492545,17.289533068885596 49.610668800508336,17.22711229814268 49.610668800508336,17.22711229814268 49.57680194492545));POINT(17.258322683514137 49.593738312243175);a4;landscape;osm
2024-12-10 17:17:59.932 +0100;false;2024-11-14 12:46:56.927;cb1f1493-73f1-4ab6-bcef-b53287e31cf9;POLYGON((17.22711229814268 49.57680194492545,17.289533068885596 49.57680194492545,17.289533068885596 49.610668800508336,17.22711229814268 49.610668800508336,17.22711229814268 49.57680194492545));POINT(17.258322683514137 49.593738312243175);a4;landscape;osm
2024-12-10 17:33:35.027 +0100;false;2024-11-14 12:46:56.927;cb1f1493-73f1-4ab6-bcef-b53287e31cf9;POLYGON((17.22711229814268 49.57680194492545,17.289533068885596 49.57680194492545,17.289533068885596 49.610668800508336,17.22711229814268 49.610668800508336,17.22711229814268 49.57680194492545));POINT(17.258322683514137 49.593738312243175);a4;landscape;osm
2024-12-10 17:42:23.527 +0100;true;2024-11-14 12:46:56.927;cb1f1493-73f1-4ab6-bcef-b53287e31cf9;POLYGON((17.22711229814268 49.57680194492545,17.289533068885596 49.57680194492545,17.289533068885596 49.610668800508336,17.22711229814268 49.610668800508336,17.22711229814268 49.57680194492545));POINT(17.258322683514137 49.593738312243175);a4;landscape;osm
2024-12-10 17:53:24.856 +0100;true;2024-11-14 12:46:56.927;cb1f1493-73f1-4ab6-bcef-b53287e31cf9;POLYGON((17.22711229814268 49.57680194492545,17.289533068885596 49.57680194492545,17.289533068885596 49.610668800508336,17.22711229814268 49.610668800508336,17.22711229814268 49.57680194492545));POINT(17.258322683514137 49.593738312243175);a4;landscape;osm
2024-12-10 21:12:49.836 +0100;false;2024-12-10 18:29:44.996;9a3eb970-5dae-4d8d-96fb-0bab725fb5fe;POLYGON((-76.78472191417417 5.952654260300449,-76.56121449170666 5.952654260300449,-76.56121449170666 6.139224550610308,-76.78472191417417 6.139224550610308,-76.78472191417417 5.952654260300449));POINT(-76.67296820294041 6.045947448678646);a3;landscape;osm
2024-12-10 21:15:31.156 +0100;true;2024-12-10 18:44:49.825;7ae74112-4af9-40c7-9962-8086eb618b59;POLYGON((-76.62196734987276 5.523171534390045,-76.59586019102015 5.523171534390045,-76.59586019102015 5.5449218361822545,-76.62196734987276 5.5449218361822545,-76.62196734987276 5.523171534390045));POINT(-76.60891377044646 5.534046785284218);a3;landscape;esri-world-imagery
2024-12-10 21:16:35.267 +0100;false;2024-12-10 18:44:49.825;7ae74112-4af9-40c7-9962-8086eb618b59;POLYGON((-76.62196734987276 5.523171534390045,-76.59586019102015 5.523171534390045,-76.59586019102015 5.5449218361822545,-76.62196734987276 5.5449218361822545,-76.62196734987276 5.523171534390045));POINT(-76.60891377044646 5.534046785284218);a3;landscape;esri-world-imagery
2024-12-10 21:19:40.463 +0100;false;2024-12-10 18:39:38.538;4cacab81-c737-4ff4-8c46-8cefa688dcbb;POLYGON((-76.64043405039878 5.508606367030197,-76.63081751769535 5.508606367030197,-76.63081751769535 5.5166183478612965,-76.64043405039878 5.5166183478612965,-76.64043405039878 5.508606367030197));POINT(-76.63562578404706 5.512612370961648);a3;landscape;esri-world-imagery
2024-12-10 21:19:44.780 +0100;false;2024-12-10 18:44:49.825;7ae74112-4af9-40c7-9962-8086eb618b59;POLYGON((-76.62196734987276 5.523171534390045,-76.59586019102015 5.523171534390045,-76.59586019102015 5.5449218361822545,-76.62196734987276 5.5449218361822545,-76.62196734987276 5.523171534390045));POINT(-76.60891377044646 5.534046785284218);a3;landscape;esri-world-imagery
2024-12-10 21:20:39.313 +0100;false;2024-12-10 18:43:32.750;3f937018-8d8c-44e5-ac55-50b9ff148191;POLYGON((-76.64746241749074 5.503039803833602,-76.59605560917721 5.503039803833602,-76.59605560917721 5.545868351485893,-76.64746241749074 5.545868351485893,-76.64746241749074 5.503039803833602));POINT(-76.62175901333399 5.524454464712008);a3;landscape;esri-world-imagery
2024-12-10 21:20:54.357 +0100;false;2024-12-10 18:42:02.406;c7033df2-e04c-4890-9136-1ddae7f6790f;POLYGON((-76.8491931625337 5.411279254038817,-76.65766216762017 5.411279254038817,-76.65766216762017 5.638398402555026,-76.8491931625337 5.638398402555026,-76.8491931625337 5.411279254038817));POINT(-76.75342766507694 5.524849713625542);a3;portrait;osm
2024-12-10 21:21:52.935 +0100;false;2024-12-10 18:44:49.825;7ae74112-4af9-40c7-9962-8086eb618b59;POLYGON((-76.62196734987276 5.523171534390045,-76.59586019102015 5.523171534390045,-76.59586019102015 5.5449218361822545,-76.62196734987276 5.5449218361822545,-76.62196734987276 5.523171534390045));POINT(-76.60891377044646 5.534046785284218);a3;landscape;esri-world-imagery
2024-12-10 21:28:55.628 +0100;false;2024-12-10 18:44:49.825;7ae74112-4af9-40c7-9962-8086eb618b59;POLYGON((-76.62196734987276 5.523171534390045,-76.59586019102015 5.523171534390045,-76.59586019102015 5.5449218361822545,-76.62196734987276 5.5449218361822545,-76.62196734987276 5.523171534390045));POINT(-76.60891377044646 5.534046785284218);a3;landscape;esri-world-imagery
2024-12-10 21:32:00.970 +0100;false;2024-12-10 18:43:47.668;93ab246b-9941-49e2-9f48-dab2f81f6de3;POLYGON((-76.8491931625337 5.411279254038817,-76.65766216762017 5.411279254038817,-76.65766216762017 5.638398402555026,-76.8491931625337 5.638398402555026,-76.8491931625337 5.411279254038817));POINT(-76.75342766507694 5.524849713625542);a3;portrait;esri-world-imagery
2024-12-11 21:03:32.843 +0100;false;2024-11-14 12:46:56.927;cb1f1493-73f1-4ab6-bcef-b53287e31cf9;POLYGON((17.22711229814268 49.57680194492545,17.289533068885596 49.57680194492545,17.289533068885596 49.610668800508336,17.22711229814268 49.610668800508336,17.22711229814268 49.57680194492545));POINT(17.258322683514137 49.593738312243175);a4;landscape;osm
2024-12-11 21:05:24.655 +0100;false;2024-11-14 12:46:56.927;cb1f1493-73f1-4ab6-bcef-b53287e31cf9;POLYGON((17.22711229814268 49.57680194492545,17.289533068885596 49.57680194492545,17.289533068885596 49.610668800508336,17.22711229814268 49.610668800508336,17.22711229814268 49.57680194492545));POINT(17.258322683514137 49.593738312243175);a4;landscape;osm
2024-12-11 21:07:58.812 +0100;false;2024-11-14 12:46:56.927;cb1f1493-73f1-4ab6-bcef-b53287e31cf9;POLYGON((17.22711229814268 49.57680194492545,17.289533068885596 49.57680194492545,17.289533068885596 49.610668800508336,17.22711229814268 49.610668800508336,17.22711229814268 49.57680194492545));POINT(17.258322683514137 49.593738312243175);a4;landscape;osm
2024-12-11 21:09:01.970 +0100;false;2024-11-14 12:46:56.927;cb1f1493-73f1-4ab6-bcef-b53287e31cf9;POLYGON((17.22711229814268 49.57680194492545,17.289533068885596 49.57680194492545,17.289533068885596 49.610668800508336,17.22711229814268 49.610668800508336,17.22711229814268 49.57680194492545));POINT(17.258322683514137 49.593738312243175);a4;landscape;osm
2024-12-11 21:09:53.940 +0100;false;2024-11-14 12:46:56.927;cb1f1493-73f1-4ab6-bcef-b53287e31cf9;POLYGON((17.22711229814268 49.57680194492545,17.289533068885596 49.57680194492545,17.289533068885596 49.610668800508336,17.22711229814268 49.610668800508336,17.22711229814268 49.57680194492545));POINT(17.258322683514137 49.593738312243175);a4;landscape;osm
2024-12-11 21:11:52.200 +0100;false;2024-11-14 12:46:56.927;cb1f1493-73f1-4ab6-bcef-b53287e31cf9;POLYGON((17.22711229814268 49.57680194492545,17.289533068885596 49.57680194492545,17.289533068885596 49.610668800508336,17.22711229814268 49.610668800508336,17.22711229814268 49.57680194492545));POINT(17.258322683514137 49.593738312243175);a4;landscape;osm
2024-12-11 21:13:29.777 +0100;false;2024-11-14 12:46:56.927;cb1f1493-73f1-4ab6-bcef-b53287e31cf9;POLYGON((17.22711229814268 49.57680194492545,17.289533068885596 49.57680194492545,17.289533068885596 49.610668800508336,17.22711229814268 49.610668800508336,17.22711229814268 49.57680194492545));POINT(17.258322683514137 49.593738312243175);a4;landscape;osm
2024-12-11 21:14:13.556 +0100;false;2024-11-14 12:46:56.927;cb1f1493-73f1-4ab6-bcef-b53287e31cf9;POLYGON((17.22711229814268 49.57680194492545,17.289533068885596 49.57680194492545,17.289533068885596 49.610668800508336,17.22711229814268 49.610668800508336,17.22711229814268 49.57680194492545));POINT(17.258322683514137 49.593738312243175);a4;landscape;osm
2024-12-11 21:15:11.258 +0100;false;2024-11-14 12:46:56.927;cb1f1493-73f1-4ab6-bcef-b53287e31cf9;POLYGON((17.22711229814268 49.57680194492545,17.289533068885596 49.57680194492545,17.289533068885596 49.610668800508336,17.22711229814268 49.610668800508336,17.22711229814268 49.57680194492545));POINT(17.258322683514137 49.593738312243175);a4;landscape;osm
2024-12-11 21:17:07.264 +0100;false;2024-11-14 12:46:56.927;cb1f1493-73f1-4ab6-bcef-b53287e31cf9;POLYGON((17.22711229814268 49.57680194492545,17.289533068885596 49.57680194492545,17.289533068885596 49.610668800508336,17.22711229814268 49.610668800508336,17.22711229814268 49.57680194492545));POINT(17.258322683514137 49.593738312243175);a4;landscape;osm
2024-12-11 21:31:22.162 +0100;false;2024-11-14 12:46:56.927;cb1f1493-73f1-4ab6-bcef-b53287e31cf9;POLYGON((17.22711229814268 49.57680194492545,17.289533068885596 49.57680194492545,17.289533068885596 49.610668800508336,17.22711229814268 49.610668800508336,17.22711229814268 49.57680194492545));POINT(17.258322683514137 49.593738312243175);a4;landscape;osm
2024-12-11 21:51:26.766 +0100;false;2024-12-11 21:46:55.057;81528925-9c39-45f2-a530-f3cc2113cc10;POLYGON((81.0014696914579 26.76658859132418,81.00283663009436 26.76658859132418,81.00283663009436 26.768042585208917,81.0014696914579 26.768042585208917,81.0014696914579 26.76658859132418));POINT(81.00215316077615 26.767315590593043);a3;portrait;esri-world-imagery
2024-12-11 21:52:17.767 +0100;false;2024-12-11 21:47:29.130;405015de-cee4-42c0-85d3-43a389f7fdb2;POLYGON((81.00158996643526 26.767056318176714,81.00246211102389 26.767056318176714,81.00246211102389 26.767984004746438,81.00158996643526 26.767984004746438,81.00158996643526 26.767056318176714));POINT(81.00202603872957 26.76752016240866);a3;portrait;esri-world-imagery
2024-12-11 22:15:19.390 +0100;false;2024-12-07 14:14:48.495;1edd1f1c-a6b2-46c4-bb0a-7f91a99017ca;POLYGON((-76.79106251017866 5.972185157066264,-76.74185939735061 5.972185157066264,-76.74185939735061 6.03322835262351,-76.79106251017866 6.03322835262351,-76.79106251017866 5.972185157066264));POINT(-76.76646095376464 6.00270760967436);a2;portrait;osm
2024-12-12 00:15:35.731 +0100;false;2024-12-12 00:04:31.753;814eed62-2a4f-40c8-8403-7f9d02299359;POLYGON((-71.39473653712389 6.700902805626754,-71.02589225460616 6.700902805626754,-71.02589225460616 7.00742516547858,-71.39473653712389 7.00742516547858,-71.39473653712389 6.700902805626754));POINT(-71.21031439586504 6.854188624577262);a4;landscape;osm
2024-12-12 14:31:54.853 +0100;false;2024-12-12 14:23:34.197;4dcaa933-b28a-441b-a4a7-feabc48adcd3;POLYGON((7.437874700445056 50.96113331113145,7.734963177371387 50.96113331113145,7.734963177371387 51.11749251487862,7.437874700445056 51.11749251487862,7.437874700445056 50.96113331113145));POINT(7.5864189389082215 51.039378872161734);a4;landscape;osm
2024-12-12 14:37:39.936 +0100;false;2024-12-12 14:23:34.197;4dcaa933-b28a-441b-a4a7-feabc48adcd3;POLYGON((7.437874700445056 50.96113331113145,7.734963177371387 50.96113331113145,7.734963177371387 51.11749251487862,7.437874700445056 51.11749251487862,7.437874700445056 50.96113331113145));POINT(7.5864189389082215 51.039378872161734);a4;landscape;osm
2024-12-12 14:56:28.403 +0100;false;2024-12-12 14:23:34.197;4dcaa933-b28a-441b-a4a7-feabc48adcd3;POLYGON((7.437874700445056 50.96113331113145,7.734963177371387 50.96113331113145,7.734963177371387 51.11749251487862,7.437874700445056 51.11749251487862,7.437874700445056 50.96113331113145));POINT(7.5864189389082215 51.039378872161734);a4;landscape;osm
2024-12-12 16:50:02.336 +0100;false;2024-12-02 10:39:31.787;306d0179-7722-4912-beb9-f2185b85f234;POLYGON((-76.68054053260255 5.506058190793695,-76.60069155536392 5.506058190793695,-76.60069155536392 5.6052042327928575,-76.68054053260255 5.6052042327928575,-76.68054053260255 5.506058190793695));POINT(-76.64061604398323 5.555633297787665);a2;portrait;osm
2024-12-12 16:51:09.997 +0100;false;2024-12-02 10:39:31.787;306d0179-7722-4912-beb9-f2185b85f234;POLYGON((-76.68054053260255 5.506058190793695,-76.60069155536392 5.506058190793695,-76.60069155536392 5.6052042327928575,-76.68054053260255 5.6052042327928575,-76.68054053260255 5.506058190793695));POINT(-76.64061604398323 5.555633297787665);a2;portrait;osm
2024-12-12 16:54:46.471 +0100;true;2024-12-02 10:45:29.853;ddbfc724-962c-47c0-9b9b-4f01db7a6820;POLYGON((-76.57411956640135 5.483976762602694,-76.50367911121954 5.483976762602694,-76.50367911121954 5.540182399989703,-76.57411956640135 5.540182399989703,-76.57411956640135 5.483976762602694));POINT(-76.53889933881045 5.512080246389772);a2;landscape;osm
2024-12-12 16:55:48.297 +0100;false;2024-12-02 10:35:55.837;070d42c9-93da-42e1-a2d8-2741251d3fd7;POLYGON((-76.78574184592001 5.579098725478076,-76.70589286868139 5.579098725478076,-76.70589286868139 5.678232394017925,-76.78574184592001 5.678232394017925,-76.78574184592001 5.579098725478076));POINT(-76.74581735730071 5.628667672813435);a2;portrait;esri-world-imagery
2024-12-12 16:58:08.198 +0100;true;2024-12-02 10:40:27.204;776889fa-b912-4044-b1d2-9af53645bf0b;POLYGON((-76.68054053260255 5.506058190793695,-76.60069155536392 5.506058190793695,-76.60069155536392 5.6052042327928575,-76.68054053260255 5.6052042327928575,-76.68054053260255 5.506058190793695));POINT(-76.64061604398323 5.555633297787665);a2;portrait;esri-world-imagery
2024-12-12 16:59:27.556 +0100;false;2024-12-02 10:39:31.787;306d0179-7722-4912-beb9-f2185b85f234;POLYGON((-76.68054053260255 5.506058190793695,-76.60069155536392 5.506058190793695,-76.60069155536392 5.6052042327928575,-76.68054053260255 5.6052042327928575,-76.68054053260255 5.506058190793695));POINT(-76.64061604398323 5.555633297787665);a2;portrait;osm
2024-12-12 17:03:41.404 +0100;false;2024-12-02 10:26:09.207;e544f4c8-f6ac-44b4-9d27-3ffb4b69983f;POLYGON((-76.7734178876795 5.535505289768665,-76.73349339906018 5.535505289768665,-76.73349339906018 5.585077923119229,-76.7734178876795 5.585077923119229,-76.7734178876795 5.535505289768665));POINT(-76.75345564336985 5.560292128374485);a2;portrait;esri-world-imagery
2024-12-12 17:05:33.743 +0100;false;2024-12-02 10:26:09.207;e544f4c8-f6ac-44b4-9d27-3ffb4b69983f;POLYGON((-76.7734178876795 5.535505289768665,-76.73349339906018 5.535505289768665,-76.73349339906018 5.585077923119229,-76.7734178876795 5.585077923119229,-76.7734178876795 5.535505289768665));POINT(-76.75345564336985 5.560292128374485);a2;portrait;esri-world-imagery
2024-12-12 17:08:18.332 +0100;false;2024-12-02 10:12:45.567;5eab75ee-7b5c-44a6-8bd7-9fa439c054d2;POLYGON((-76.7782261495367 5.430929468119231,-76.7035736036002 5.430929468119231,-76.7035736036002 5.523635503724606,-76.7782261495367 5.523635503724606,-76.7782261495367 5.430929468119231));POINT(-76.74089987656846 5.4772842838479505);a2;portrait;esri-world-imagery
2024-12-14 12:52:29.707 +0100;false;2024-11-26 11:34:19.505;de2d4dc0-9c4d-4f0d-834d-70ce9bfd7c54;POLYGON((8.66117069147303 49.39913115101021,8.694299217694777 49.39913115101021,8.694299217694777 49.41717296877761,8.66117069147303 49.41717296877761,8.66117069147303 49.39913115101021));POINT(8.677734954583903 49.40815288867472);a4;landscape;osm
2024-12-14 12:52:29.889 +0100;false;2024-11-26 11:34:19.505;de2d4dc0-9c4d-4f0d-834d-70ce9bfd7c54;POLYGON((8.66117069147303 49.39913115101021,8.694299217694777 49.39913115101021,8.694299217694777 49.41717296877761,8.66117069147303 49.41717296877761,8.66117069147303 49.39913115101021));POINT(8.677734954583903 49.40815288867472);a4;landscape;osm
2024-12-14 12:52:30.097 +0100;false;2024-11-26 11:34:19.505;de2d4dc0-9c4d-4f0d-834d-70ce9bfd7c54;POLYGON((8.66117069147303 49.39913115101021,8.694299217694777 49.39913115101021,8.694299217694777 49.41717296877761,8.66117069147303 49.41717296877761,8.66117069147303 49.39913115101021));POINT(8.677734954583903 49.40815288867472);a4;landscape;osm
2024-12-14 12:52:30.284 +0100;false;2024-11-26 11:34:19.505;de2d4dc0-9c4d-4f0d-834d-70ce9bfd7c54;POLYGON((8.66117069147303 49.39913115101021,8.694299217694777 49.39913115101021,8.694299217694777 49.41717296877761,8.66117069147303 49.41717296877761,8.66117069147303 49.39913115101021));POINT(8.677734954583903 49.40815288867472);a4;landscape;osm
2024-12-14 12:52:30.531 +0100;false;2024-11-26 11:34:19.505;de2d4dc0-9c4d-4f0d-834d-70ce9bfd7c54;POLYGON((8.66117069147303 49.39913115101021,8.694299217694777 49.39913115101021,8.694299217694777 49.41717296877761,8.66117069147303 49.41717296877761,8.66117069147303 49.39913115101021));POINT(8.677734954583903 49.40815288867472);a4;landscape;osm
2024-12-14 12:52:30.707 +0100;false;2024-11-26 11:34:19.505;de2d4dc0-9c4d-4f0d-834d-70ce9bfd7c54;POLYGON((8.66117069147303 49.39913115101021,8.694299217694777 49.39913115101021,8.694299217694777 49.41717296877761,8.66117069147303 49.41717296877761,8.66117069147303 49.39913115101021));POINT(8.677734954583903 49.40815288867472);a4;landscape;osm
2024-12-14 12:52:30.914 +0100;false;2024-11-26 11:34:19.505;de2d4dc0-9c4d-4f0d-834d-70ce9bfd7c54;POLYGON((8.66117069147303 49.39913115101021,8.694299217694777 49.39913115101021,8.694299217694777 49.41717296877761,8.66117069147303 49.41717296877761,8.66117069147303 49.39913115101021));POINT(8.677734954583903 49.40815288867472);a4;landscape;osm
2024-12-14 12:52:31.110 +0100;false;2024-11-26 11:34:19.505;de2d4dc0-9c4d-4f0d-834d-70ce9bfd7c54;POLYGON((8.66117069147303 49.39913115101021,8.694299217694777 49.39913115101021,8.694299217694777 49.41717296877761,8.66117069147303 49.41717296877761,8.66117069147303 49.39913115101021));POINT(8.677734954583903 49.40815288867472);a4;landscape;osm
2024-12-14 12:52:31.257 +0100;false;2024-11-26 11:34:19.505;de2d4dc0-9c4d-4f0d-834d-70ce9bfd7c54;POLYGON((8.66117069147303 49.39913115101021,8.694299217694777 49.39913115101021,8.694299217694777 49.41717296877761,8.66117069147303 49.41717296877761,8.66117069147303 49.39913115101021));POINT(8.677734954583903 49.40815288867472);a4;landscape;osm
2024-12-14 12:52:31.461 +0100;false;2024-11-26 11:34:19.505;de2d4dc0-9c4d-4f0d-834d-70ce9bfd7c54;POLYGON((8.66117069147303 49.39913115101021,8.694299217694777 49.39913115101021,8.694299217694777 49.41717296877761,8.66117069147303 49.41717296877761,8.66117069147303 49.39913115101021));POINT(8.677734954583903 49.40815288867472);a4;landscape;osm
2024-12-14 12:52:31.630 +0100;false;2024-11-26 11:34:19.505;de2d4dc0-9c4d-4f0d-834d-70ce9bfd7c54;POLYGON((8.66117069147303 49.39913115101021,8.694299217694777 49.39913115101021,8.694299217694777 49.41717296877761,8.66117069147303 49.41717296877761,8.66117069147303 49.39913115101021));POINT(8.677734954583903 49.40815288867472);a4;landscape;osm
2024-12-14 12:52:31.806 +0100;false;2024-11-26 11:34:19.505;de2d4dc0-9c4d-4f0d-834d-70ce9bfd7c54;POLYGON((8.66117069147303 49.39913115101021,8.694299217694777 49.39913115101021,8.694299217694777 49.41717296877761,8.66117069147303 49.41717296877761,8.66117069147303 49.39913115101021));POINT(8.677734954583903 49.40815288867472);a4;landscape;osm
2024-12-14 12:52:32.013 +0100;false;2024-11-26 11:34:19.505;de2d4dc0-9c4d-4f0d-834d-70ce9bfd7c54;POLYGON((8.66117069147303 49.39913115101021,8.694299217694777 49.39913115101021,8.694299217694777 49.41717296877761,8.66117069147303 49.41717296877761,8.66117069147303 49.39913115101021));POINT(8.677734954583903 49.40815288867472);a4;landscape;osm
2024-12-14 12:52:32.217 +0100;false;2024-11-26 11:34:19.505;de2d4dc0-9c4d-4f0d-834d-70ce9bfd7c54;POLYGON((8.66117069147303 49.39913115101021,8.694299217694777 49.39913115101021,8.694299217694777 49.41717296877761,8.66117069147303 49.41717296877761,8.66117069147303 49.39913115101021));POINT(8.677734954583903 49.40815288867472);a4;landscape;osm
2024-12-14 12:52:32.394 +0100;false;2024-11-26 11:34:19.505;de2d4dc0-9c4d-4f0d-834d-70ce9bfd7c54;POLYGON((8.66117069147303 49.39913115101021,8.694299217694777 49.39913115101021,8.694299217694777 49.41717296877761,8.66117069147303 49.41717296877761,8.66117069147303 49.39913115101021));POINT(8.677734954583903 49.40815288867472);a4;landscape;osm
2024-12-14 12:52:32.595 +0100;false;2024-11-26 11:34:19.505;de2d4dc0-9c4d-4f0d-834d-70ce9bfd7c54;POLYGON((8.66117069147303 49.39913115101021,8.694299217694777 49.39913115101021,8.694299217694777 49.41717296877761,8.66117069147303 49.41717296877761,8.66117069147303 49.39913115101021));POINT(8.677734954583903 49.40815288867472);a4;landscape;osm
2024-12-14 12:52:32.804 +0100;false;2024-11-26 11:34:19.505;de2d4dc0-9c4d-4f0d-834d-70ce9bfd7c54;POLYGON((8.66117069147303 49.39913115101021,8.694299217694777 49.39913115101021,8.694299217694777 49.41717296877761,8.66117069147303 49.41717296877761,8.66117069147303 49.39913115101021));POINT(8.677734954583903 49.40815288867472);a4;landscape;osm
2024-12-14 12:52:33.016 +0100;false;2024-11-26 11:34:19.505;de2d4dc0-9c4d-4f0d-834d-70ce9bfd7c54;POLYGON((8.66117069147303 49.39913115101021,8.694299217694777 49.39913115101021,8.694299217694777 49.41717296877761,8.66117069147303 49.41717296877761,8.66117069147303 49.39913115101021));POINT(8.677734954583903 49.40815288867472);a4;landscape;osm
2024-12-14 12:52:33.476 +0100;false;2024-11-26 11:34:19.505;de2d4dc0-9c4d-4f0d-834d-70ce9bfd7c54;POLYGON((8.66117069147303 49.39913115101021,8.694299217694777 49.39913115101021,8.694299217694777 49.41717296877761,8.66117069147303 49.41717296877761,8.66117069147303 49.39913115101021));POINT(8.677734954583903 49.40815288867472);a4;landscape;osm
2024-12-14 12:52:33.679 +0100;false;2024-11-26 11:34:19.505;de2d4dc0-9c4d-4f0d-834d-70ce9bfd7c54;POLYGON((8.66117069147303 49.39913115101021,8.694299217694777 49.39913115101021,8.694299217694777 49.41717296877761,8.66117069147303 49.41717296877761,8.66117069147303 49.39913115101021));POINT(8.677734954583903 49.40815288867472);a4;landscape;osm
2024-12-14 12:52:33.822 +0100;false;2024-11-26 11:34:19.505;de2d4dc0-9c4d-4f0d-834d-70ce9bfd7c54;POLYGON((8.66117069147303 49.39913115101021,8.694299217694777 49.39913115101021,8.694299217694777 49.41717296877761,8.66117069147303 49.41717296877761,8.66117069147303 49.39913115101021));POINT(8.677734954583903 49.40815288867472);a4;landscape;osm
2024-12-14 12:52:33.997 +0100;false;2024-11-26 11:34:19.505;de2d4dc0-9c4d-4f0d-834d-70ce9bfd7c54;POLYGON((8.66117069147303 49.39913115101021,8.694299217694777 49.39913115101021,8.694299217694777 49.41717296877761,8.66117069147303 49.41717296877761,8.66117069147303 49.39913115101021));POINT(8.677734954583903 49.40815288867472);a4;landscape;osm
2024-12-14 12:52:34.205 +0100;false;2024-11-26 11:34:19.505;de2d4dc0-9c4d-4f0d-834d-70ce9bfd7c54;POLYGON((8.66117069147303 49.39913115101021,8.694299217694777 49.39913115101021,8.694299217694777 49.41717296877761,8.66117069147303 49.41717296877761,8.66117069147303 49.39913115101021));POINT(8.677734954583903 49.40815288867472);a4;landscape;osm
2024-12-14 12:52:34.383 +0100;false;2024-11-26 11:34:19.505;de2d4dc0-9c4d-4f0d-834d-70ce9bfd7c54;POLYGON((8.66117069147303 49.39913115101021,8.694299217694777 49.39913115101021,8.694299217694777 49.41717296877761,8.66117069147303 49.41717296877761,8.66117069147303 49.39913115101021));POINT(8.677734954583903 49.40815288867472);a4;landscape;osm
2024-12-14 12:52:34.593 +0100;false;2024-11-26 11:34:19.505;de2d4dc0-9c4d-4f0d-834d-70ce9bfd7c54;POLYGON((8.66117069147303 49.39913115101021,8.694299217694777 49.39913115101021,8.694299217694777 49.41717296877761,8.66117069147303 49.41717296877761,8.66117069147303 49.39913115101021));POINT(8.677734954583903 49.40815288867472);a4;landscape;osm
2024-12-14 12:52:34.779 +0100;false;2024-11-26 11:34:19.505;de2d4dc0-9c4d-4f0d-834d-70ce9bfd7c54;POLYGON((8.66117069147303 49.39913115101021,8.694299217694777 49.39913115101021,8.694299217694777 49.41717296877761,8.66117069147303 49.41717296877761,8.66117069147303 49.39913115101021));POINT(8.677734954583903 49.40815288867472);a4;landscape;osm
2024-12-14 12:52:34.985 +0100;false;2024-11-26 11:34:19.505;de2d4dc0-9c4d-4f0d-834d-70ce9bfd7c54;POLYGON((8.66117069147303 49.39913115101021,8.694299217694777 49.39913115101021,8.694299217694777 49.41717296877761,8.66117069147303 49.41717296877761,8.66117069147303 49.39913115101021));POINT(8.677734954583903 49.40815288867472);a4;landscape;osm
2024-12-14 12:52:35.193 +0100;false;2024-11-26 11:34:19.505;de2d4dc0-9c4d-4f0d-834d-70ce9bfd7c54;POLYGON((8.66117069147303 49.39913115101021,8.694299217694777 49.39913115101021,8.694299217694777 49.41717296877761,8.66117069147303 49.41717296877761,8.66117069147303 49.39913115101021));POINT(8.677734954583903 49.40815288867472);a4;landscape;osm
2024-12-14 12:52:35.374 +0100;false;2024-11-26 11:34:19.505;de2d4dc0-9c4d-4f0d-834d-70ce9bfd7c54;POLYGON((8.66117069147303 49.39913115101021,8.694299217694777 49.39913115101021,8.694299217694777 49.41717296877761,8.66117069147303 49.41717296877761,8.66117069147303 49.39913115101021));POINT(8.677734954583903 49.40815288867472);a4;landscape;osm
2024-12-14 12:52:35.572 +0100;false;2024-11-26 11:34:19.505;de2d4dc0-9c4d-4f0d-834d-70ce9bfd7c54;POLYGON((8.66117069147303 49.39913115101021,8.694299217694777 49.39913115101021,8.694299217694777 49.41717296877761,8.66117069147303 49.41717296877761,8.66117069147303 49.39913115101021));POINT(8.677734954583903 49.40815288867472);a4;landscape;osm
2024-12-14 12:52:35.761 +0100;false;2024-11-26 11:34:19.505;de2d4dc0-9c4d-4f0d-834d-70ce9bfd7c54;POLYGON((8.66117069147303 49.39913115101021,8.694299217694777 49.39913115101021,8.694299217694777 49.41717296877761,8.66117069147303 49.41717296877761,8.66117069147303 49.39913115101021));POINT(8.677734954583903 49.40815288867472);a4;landscape;osm
2024-12-14 12:52:35.965 +0100;false;2024-11-26 11:34:19.505;de2d4dc0-9c4d-4f0d-834d-70ce9bfd7c54;POLYGON((8.66117069147303 49.39913115101021,8.694299217694777 49.39913115101021,8.694299217694777 49.41717296877761,8.66117069147303 49.41717296877761,8.66117069147303 49.39913115101021));POINT(8.677734954583903 49.40815288867472);a4;landscape;osm
2024-12-14 13:26:16.309 +0100;false;2024-11-26 11:34:19.505;de2d4dc0-9c4d-4f0d-834d-70ce9bfd7c54;POLYGON((8.66117069147303 49.39913115101021,8.694299217694777 49.39913115101021,8.694299217694777 49.41717296877761,8.66117069147303 49.41717296877761,8.66117069147303 49.39913115101021));POINT(8.677734954583903 49.40815288867472);a4;landscape;osm
2024-12-14 13:27:57.855 +0100;false;2024-11-26 11:34:19.505;de2d4dc0-9c4d-4f0d-834d-70ce9bfd7c54;POLYGON((8.66117069147303 49.39913115101021,8.694299217694777 49.39913115101021,8.694299217694777 49.41717296877761,8.66117069147303 49.41717296877761,8.66117069147303 49.39913115101021));POINT(8.677734954583903 49.40815288867472);a4;landscape;osm
2024-12-14 13:29:20.330 +0100;false;2024-11-26 11:34:19.505;de2d4dc0-9c4d-4f0d-834d-70ce9bfd7c54;POLYGON((8.66117069147303 49.39913115101021,8.694299217694777 49.39913115101021,8.694299217694777 49.41717296877761,8.66117069147303 49.41717296877761,8.66117069147303 49.39913115101021));POINT(8.677734954583903 49.40815288867472);a4;landscape;osm
2024-12-14 13:30:04.651 +0100;false;2024-11-26 11:34:19.505;de2d4dc0-9c4d-4f0d-834d-70ce9bfd7c54;POLYGON((8.66117069147303 49.39913115101021,8.694299217694777 49.39913115101021,8.694299217694777 49.41717296877761,8.66117069147303 49.41717296877761,8.66117069147303 49.39913115101021));POINT(8.677734954583903 49.40815288867472);a4;landscape;osm
2024-12-14 13:31:32.658 +0100;false;2024-11-26 11:34:19.505;de2d4dc0-9c4d-4f0d-834d-70ce9bfd7c54;POLYGON((8.66117069147303 49.39913115101021,8.694299217694777 49.39913115101021,8.694299217694777 49.41717296877761,8.66117069147303 49.41717296877761,8.66117069147303 49.39913115101021));POINT(8.677734954583903 49.40815288867472);a4;landscape;osm
2024-12-14 13:32:22.049 +0100;false;2024-11-26 11:34:19.505;de2d4dc0-9c4d-4f0d-834d-70ce9bfd7c54;POLYGON((8.66117069147303 49.39913115101021,8.694299217694777 49.39913115101021,8.694299217694777 49.41717296877761,8.66117069147303 49.41717296877761,8.66117069147303 49.39913115101021));POINT(8.677734954583903 49.40815288867472);a4;landscape;osm
2024-12-14 13:36:10.386 +0100;false;2024-11-26 11:34:19.505;de2d4dc0-9c4d-4f0d-834d-70ce9bfd7c54;POLYGON((8.66117069147303 49.39913115101021,8.694299217694777 49.39913115101021,8.694299217694777 49.41717296877761,8.66117069147303 49.41717296877761,8.66117069147303 49.39913115101021));POINT(8.677734954583903 49.40815288867472);a4;landscape;osm
2024-12-14 13:37:00.905 +0100;false;2024-11-26 11:34:19.505;de2d4dc0-9c4d-4f0d-834d-70ce9bfd7c54;POLYGON((8.66117069147303 49.39913115101021,8.694299217694777 49.39913115101021,8.694299217694777 49.41717296877761,8.66117069147303 49.41717296877761,8.66117069147303 49.39913115101021));POINT(8.677734954583903 49.40815288867472);a4;landscape;osm
2024-12-14 13:37:36.374 +0100;false;2024-11-26 11:34:19.505;de2d4dc0-9c4d-4f0d-834d-70ce9bfd7c54;POLYGON((8.66117069147303 49.39913115101021,8.694299217694777 49.39913115101021,8.694299217694777 49.41717296877761,8.66117069147303 49.41717296877761,8.66117069147303 49.39913115101021));POINT(8.677734954583903 49.40815288867472);a4;landscape;osm
2024-12-14 13:38:30.178 +0100;false;2024-11-26 11:34:19.505;de2d4dc0-9c4d-4f0d-834d-70ce9bfd7c54;POLYGON((8.66117069147303 49.39913115101021,8.694299217694777 49.39913115101021,8.694299217694777 49.41717296877761,8.66117069147303 49.41717296877761,8.66117069147303 49.39913115101021));POINT(8.677734954583903 49.40815288867472);a4;landscape;osm
2024-12-14 13:40:13.371 +0100;false;2024-11-26 11:34:19.505;de2d4dc0-9c4d-4f0d-834d-70ce9bfd7c54;POLYGON((8.66117069147303 49.39913115101021,8.694299217694777 49.39913115101021,8.694299217694777 49.41717296877761,8.66117069147303 49.41717296877761,8.66117069147303 49.39913115101021));POINT(8.677734954583903 49.40815288867472);a4;landscape;osm
2024-12-14 13:42:02.455 +0100;false;2024-11-26 11:34:19.505;de2d4dc0-9c4d-4f0d-834d-70ce9bfd7c54;POLYGON((8.66117069147303 49.39913115101021,8.694299217694777 49.39913115101021,8.694299217694777 49.41717296877761,8.66117069147303 49.41717296877761,8.66117069147303 49.39913115101021));POINT(8.677734954583903 49.40815288867472);a4;landscape;osm
2024-12-14 13:42:58.253 +0100;false;2024-11-26 11:34:19.505;de2d4dc0-9c4d-4f0d-834d-70ce9bfd7c54;POLYGON((8.66117069147303 49.39913115101021,8.694299217694777 49.39913115101021,8.694299217694777 49.41717296877761,8.66117069147303 49.41717296877761,8.66117069147303 49.39913115101021));POINT(8.677734954583903 49.40815288867472);a4;landscape;osm
2024-12-14 13:44:34.232 +0100;false;2024-11-26 11:34:19.505;de2d4dc0-9c4d-4f0d-834d-70ce9bfd7c54;POLYGON((8.66117069147303 49.39913115101021,8.694299217694777 49.39913115101021,8.694299217694777 49.41717296877761,8.66117069147303 49.41717296877761,8.66117069147303 49.39913115101021));POINT(8.677734954583903 49.40815288867472);a4;landscape;osm
2024-12-14 13:46:01.835 +0100;false;2024-11-26 11:34:19.505;de2d4dc0-9c4d-4f0d-834d-70ce9bfd7c54;POLYGON((8.66117069147303 49.39913115101021,8.694299217694777 49.39913115101021,8.694299217694777 49.41717296877761,8.66117069147303 49.41717296877761,8.66117069147303 49.39913115101021));POINT(8.677734954583903 49.40815288867472);a4;landscape;osm
2024-12-14 13:46:42.740 +0100;false;2024-11-26 11:34:19.505;de2d4dc0-9c4d-4f0d-834d-70ce9bfd7c54;POLYGON((8.66117069147303 49.39913115101021,8.694299217694777 49.39913115101021,8.694299217694777 49.41717296877761,8.66117069147303 49.41717296877761,8.66117069147303 49.39913115101021));POINT(8.677734954583903 49.40815288867472);a4;landscape;osm
2024-12-14 13:47:24.667 +0100;false;2024-11-26 11:34:19.505;de2d4dc0-9c4d-4f0d-834d-70ce9bfd7c54;POLYGON((8.66117069147303 49.39913115101021,8.694299217694777 49.39913115101021,8.694299217694777 49.41717296877761,8.66117069147303 49.41717296877761,8.66117069147303 49.39913115101021));POINT(8.677734954583903 49.40815288867472);a4;landscape;osm
2024-12-14 13:48:19.459 +0100;false;2024-11-26 11:34:19.505;de2d4dc0-9c4d-4f0d-834d-70ce9bfd7c54;POLYGON((8.66117069147303 49.39913115101021,8.694299217694777 49.39913115101021,8.694299217694777 49.41717296877761,8.66117069147303 49.41717296877761,8.66117069147303 49.39913115101021));POINT(8.677734954583903 49.40815288867472);a4;landscape;osm
2024-12-14 13:49:42.490 +0100;false;2024-11-26 11:34:19.505;de2d4dc0-9c4d-4f0d-834d-70ce9bfd7c54;POLYGON((8.66117069147303 49.39913115101021,8.694299217694777 49.39913115101021,8.694299217694777 49.41717296877761,8.66117069147303 49.41717296877761,8.66117069147303 49.39913115101021));POINT(8.677734954583903 49.40815288867472);a4;landscape;osm
2024-12-14 13:50:49.026 +0100;false;2024-11-26 11:34:19.505;de2d4dc0-9c4d-4f0d-834d-70ce9bfd7c54;POLYGON((8.66117069147303 49.39913115101021,8.694299217694777 49.39913115101021,8.694299217694777 49.41717296877761,8.66117069147303 49.41717296877761,8.66117069147303 49.39913115101021));POINT(8.677734954583903 49.40815288867472);a4;landscape;osm
2024-12-14 13:51:41.985 +0100;false;2024-11-26 11:34:19.505;de2d4dc0-9c4d-4f0d-834d-70ce9bfd7c54;POLYGON((8.66117069147303 49.39913115101021,8.694299217694777 49.39913115101021,8.694299217694777 49.41717296877761,8.66117069147303 49.41717296877761,8.66117069147303 49.39913115101021));POINT(8.677734954583903 49.40815288867472);a4;landscape;osm
2024-12-14 13:52:46.694 +0100;false;2024-11-26 11:34:19.505;de2d4dc0-9c4d-4f0d-834d-70ce9bfd7c54;POLYGON((8.66117069147303 49.39913115101021,8.694299217694777 49.39913115101021,8.694299217694777 49.41717296877761,8.66117069147303 49.41717296877761,8.66117069147303 49.39913115101021));POINT(8.677734954583903 49.40815288867472);a4;landscape;osm
2024-12-14 13:53:26.478 +0100;false;2024-11-26 11:34:19.505;de2d4dc0-9c4d-4f0d-834d-70ce9bfd7c54;POLYGON((8.66117069147303 49.39913115101021,8.694299217694777 49.39913115101021,8.694299217694777 49.41717296877761,8.66117069147303 49.41717296877761,8.66117069147303 49.39913115101021));POINT(8.677734954583903 49.40815288867472);a4;landscape;osm
2024-12-14 13:54:09.139 +0100;false;2024-11-26 11:34:19.505;de2d4dc0-9c4d-4f0d-834d-70ce9bfd7c54;POLYGON((8.66117069147303 49.39913115101021,8.694299217694777 49.39913115101021,8.694299217694777 49.41717296877761,8.66117069147303 49.41717296877761,8.66117069147303 49.39913115101021));POINT(8.677734954583903 49.40815288867472);a4;landscape;osm
2024-12-14 13:56:17.974 +0100;false;2024-11-26 11:34:19.505;de2d4dc0-9c4d-4f0d-834d-70ce9bfd7c54;POLYGON((8.66117069147303 49.39913115101021,8.694299217694777 49.39913115101021,8.694299217694777 49.41717296877761,8.66117069147303 49.41717296877761,8.66117069147303 49.39913115101021));POINT(8.677734954583903 49.40815288867472);a4;landscape;osm
2024-12-14 13:57:31.762 +0100;false;2024-11-26 11:34:19.505;de2d4dc0-9c4d-4f0d-834d-70ce9bfd7c54;POLYGON((8.66117069147303 49.39913115101021,8.694299217694777 49.39913115101021,8.694299217694777 49.41717296877761,8.66117069147303 49.41717296877761,8.66117069147303 49.39913115101021));POINT(8.677734954583903 49.40815288867472);a4;landscape;osm
2024-12-14 13:59:29.227 +0100;false;2024-11-26 11:34:19.505;de2d4dc0-9c4d-4f0d-834d-70ce9bfd7c54;POLYGON((8.66117069147303 49.39913115101021,8.694299217694777 49.39913115101021,8.694299217694777 49.41717296877761,8.66117069147303 49.41717296877761,8.66117069147303 49.39913115101021));POINT(8.677734954583903 49.40815288867472);a4;landscape;osm
2024-12-14 14:00:23.152 +0100;false;2024-11-26 11:34:19.505;de2d4dc0-9c4d-4f0d-834d-70ce9bfd7c54;POLYGON((8.66117069147303 49.39913115101021,8.694299217694777 49.39913115101021,8.694299217694777 49.41717296877761,8.66117069147303 49.41717296877761,8.66117069147303 49.39913115101021));POINT(8.677734954583903 49.40815288867472);a4;landscape;osm
2024-12-14 14:01:19.457 +0100;false;2024-11-26 11:34:19.505;de2d4dc0-9c4d-4f0d-834d-70ce9bfd7c54;POLYGON((8.66117069147303 49.39913115101021,8.694299217694777 49.39913115101021,8.694299217694777 49.41717296877761,8.66117069147303 49.41717296877761,8.66117069147303 49.39913115101021));POINT(8.677734954583903 49.40815288867472);a4;landscape;osm
2024-12-14 14:02:02.367 +0100;false;2024-11-26 11:34:19.505;de2d4dc0-9c4d-4f0d-834d-70ce9bfd7c54;POLYGON((8.66117069147303 49.39913115101021,8.694299217694777 49.39913115101021,8.694299217694777 49.41717296877761,8.66117069147303 49.41717296877761,8.66117069147303 49.39913115101021));POINT(8.677734954583903 49.40815288867472);a4;landscape;osm
2024-12-14 14:02:36.049 +0100;false;2024-11-26 11:34:19.505;de2d4dc0-9c4d-4f0d-834d-70ce9bfd7c54;POLYGON((8.66117069147303 49.39913115101021,8.694299217694777 49.39913115101021,8.694299217694777 49.41717296877761,8.66117069147303 49.41717296877761,8.66117069147303 49.39913115101021));POINT(8.677734954583903 49.40815288867472);a4;landscape;osm
2024-12-14 14:03:08.829 +0100;false;2024-11-26 11:34:19.505;de2d4dc0-9c4d-4f0d-834d-70ce9bfd7c54;POLYGON((8.66117069147303 49.39913115101021,8.694299217694777 49.39913115101021,8.694299217694777 49.41717296877761,8.66117069147303 49.41717296877761,8.66117069147303 49.39913115101021));POINT(8.677734954583903 49.40815288867472);a4;landscape;osm
2024-12-16 03:53:22.997 +0100;false;2024-12-16 03:51:58.825;de372ab3-94c8-4e34-b83a-cab53c8ebef1;POLYGON((8.656612604955711 49.40216691191196,8.712417497678764 49.40216691191196,8.712417497678764 49.4325528295507,8.656612604955711 49.4325528295507,8.656612604955711 49.40216691191196));POINT(8.684515051317238 49.41736222234016);a4;landscape;osm
2024-12-16 11:35:07.302 +0100;false;2024-12-13 17:54:02.129;353ad5ff-4df2-4585-9d70-cbf0c36074ec;POLYGON((27.850153948734167 8.274809533512368,27.859375836617552 8.274809533512368,27.859375836617552 8.282469579975015,27.850153948734167 8.282469579975015,27.850153948734167 8.274809533512368));POINT(27.854764892675867 8.278639575369866);a3;landscape;osm
2024-12-16 12:40:05.196 +0100;false;2024-12-16 12:39:11.117;8e1f2543-de04-4f9d-ae94-7a99c0146ab8;POLYGON((112.89338382284686 -7.626020571466242,112.90024712905516 -7.626020571466242,112.90024712905516 -7.620326693573844,112.89338382284686 -7.620326693573844,112.89338382284686 -7.626020571466242));POINT(112.89681547595102 -7.623173641986554);a4;landscape;osm
2024-12-17 08:20:10.824 +0100;false;2024-12-17 08:17:18.015;b53f271d-d895-41ce-aeed-ba55addb8d3f;POLYGON((91.93680082573457 26.875358991676976,92.80771308131779 26.875358991676976,92.80771308131779 27.523713320869007,91.93680082573457 27.523713320869007,91.93680082573457 26.875358991676976));POINT(92.37225695352616 27.200007474684327);a4;landscape;osm
2024-12-17 08:20:58.404 +0100;false;2024-12-17 08:17:18.015;b53f271d-d895-41ce-aeed-ba55addb8d3f;POLYGON((91.93680082573457 26.875358991676976,92.80771308131779 26.875358991676976,92.80771308131779 27.523713320869007,91.93680082573457 27.523713320869007,91.93680082573457 26.875358991676976));POINT(92.37225695352616 27.200007474684327);a4;landscape;osm
2024-12-18 03:17:05.968 +0100;false;2024-12-18 02:40:33.145;6cf5aaaa-dc48-45d0-b7d3-d5b03d26a1df;POLYGON((121.27723726551866 14.056366024315182,121.33516322826632 14.056366024315182,121.33516322826632 14.103394465157734,121.27723726551866 14.103394465157734,121.27723726551866 14.056366024315182));POINT(121.30620024689249 14.079881454922983);a4;landscape;osm
2024-12-18 03:17:40.402 +0100;false;2024-12-18 02:40:33.145;6cf5aaaa-dc48-45d0-b7d3-d5b03d26a1df;POLYGON((121.27723726551866 14.056366024315182,121.33516322826632 14.056366024315182,121.33516322826632 14.103394465157734,121.27723726551866 14.103394465157734,121.27723726551866 14.056366024315182));POINT(121.30620024689249 14.079881454922983);a4;landscape;osm
2024-12-19 21:18:38.864 +0100;false;2024-12-10 18:29:44.996;9a3eb970-5dae-4d8d-96fb-0bab725fb5fe;POLYGON((-76.78472191417417 5.952654260300449,-76.56121449170666 5.952654260300449,-76.56121449170666 6.139224550610308,-76.78472191417417 6.139224550610308,-76.78472191417417 5.952654260300449));POINT(-76.67296820294041 6.045947448678646);a3;landscape;osm
2024-12-22 09:44:47.408 +0100;true;2024-12-22 09:39:27.118;74e9c5b7-2b8b-4324-bb66-2062318eaec2;POLYGON((101.86442660211897 5.743667660388738,101.86938746376522 5.743667660388738,101.86938746376522 5.747798994755257,101.86442660211897 5.747798994755257,101.86442660211897 5.743667660388738));POINT(101.86690703294211 5.745733331318704);a4;landscape;osm
2024-12-24 20:20:30.575 +0100;false;2024-12-24 20:16:48.384;ef780ceb-0d08-4965-a6a9-c9ac00399ae7;POLYGON((44.36233329308355 33.26547820458714,44.36359971483392 33.26547820458714,44.36359971483392 33.26636452091263,44.36233329308355 33.26636452091263,44.36233329308355 33.26547820458714));POINT(44.36296650395874 33.26592136387421);a4;landscape;osm
2024-12-26 10:54:00.597 +0100;true;2024-12-26 10:43:40.101;e566ec60-5f81-4ba7-82be-5d56a5f7f070;POLYGON((93.78009835275854 27.113843351414857,93.81540984261508 27.113843351414857,93.81540984261508 27.14014843746648,93.78009835275854 27.14014843746648,93.78009835275854 27.113843351414857));POINT(93.7977540976868 27.126996667848587);a4;landscape;osm
2024-12-27 00:48:19.944 +0100;false;2024-12-27 00:46:25.143;4fd0bbbb-483b-42ce-807f-55ca00b26b78;POLYGON((121.04811471366534 14.331832214264097,121.05025532346446 14.331832214264097,121.05025532346446 14.333568125552773,121.04811471366534 14.333568125552773,121.04811471366534 14.331832214264097));POINT(121.04918501856491 14.332700171588172);a4;landscape;osm
2024-12-28 14:54:53.157 +0100;true;2024-12-28 14:47:50.834;00271f8f-f77c-4137-a66e-50c2cff3fda4;POLYGON((121.89565893914323 11.929304429803679,121.96421490348857 11.929304429803679,121.96421490348857 12.009426195289592,121.89565893914323 12.009426195289592,121.89565893914323 11.929304429803679));POINT(121.92993692131589 11.96936828161249);a4;portrait;osm
2024-12-30 19:26:03.454 +0100;false;2024-12-30 19:12:34.728;20aae67f-403a-4ea0-98c2-1d1291ad51fe;POLYGON((1.7602929149897677 41.25000250595966,1.7872964925969392 41.25000250595966,1.7872964925969392 41.26699352092359,1.7602929149897677 41.26699352092359,1.7602929149897677 41.25000250595966));POINT(1.7737947037933535 41.25849856595639);a4;landscape;osm
2025-01-04 03:34:18.056 +0100;false;2025-01-04 03:31:37.397;91a4e685-0b26-446c-8197-64610fabbb9b;POLYGON((107.53360963703426 -6.964708862099897,107.66024808551643 -6.964708862099897,107.66024808551643 -6.859480660276674,107.53360963703426 -6.859480660276674,107.53360963703426 -6.964708862099897));POINT(107.59692886127536 -6.912097689740264);a4;landscape;osm
2025-01-07 03:14:09.548 +0100;false;2024-11-19 09:36:08.783;eea0cb82-114a-4fee-8e13-12e5c8bc5c01;POLYGON((96.2449924024714 5.250780028305769,96.26102060218345 5.250780028305769,96.26102060218345 5.264139558876565,96.2449924024714 5.264139558876565,96.2449924024714 5.250780028305769));POINT(96.25300650232742 5.2574598294209665);a3;portrait;esri-world-imagery
2025-01-08 09:14:00.202 +0100;true;2025-01-08 09:07:45.326;c0439a1e-d098-410d-8069-f3c44fb13aea;POLYGON((121.14343456534698 16.472799516620952,121.16160494562835 16.472799516620952,121.16160494562835 16.487384067817317,121.14343456534698 16.487384067817317,121.14343456534698 16.472799516620952));POINT(121.15251975548767 16.48009192950441);a4;landscape;osm
2025-01-08 09:15:26.225 +0100;true;2025-01-08 09:07:45.326;c0439a1e-d098-410d-8069-f3c44fb13aea;POLYGON((121.14343456534698 16.472799516620952,121.16160494562835 16.472799516620952,121.16160494562835 16.487384067817317,121.14343456534698 16.487384067817317,121.14343456534698 16.472799516620952));POINT(121.15251975548767 16.48009192950441);a4;landscape;osm
2025-01-08 15:29:17.025 +0100;false;2025-01-06 22:06:35.507;da9d98a0-9592-407f-a070-4d13ce88a39a;POLYGON((-87.75323201091156 13.48934621095465,-87.6980059438177 13.48934621095465,-87.6980059438177 13.534291971008855,-87.75323201091156 13.534291971008855,-87.75323201091156 13.48934621095465));POINT(-87.72561897736462 13.511820150023567);a4;landscape;osm
2025-01-08 18:14:38.196 +0100;false;2025-01-08 18:11:39.994;9430b16c-555e-4645-af4d-9844e3a54f68;POLYGON((53.014814793591256 36.511459932022746,53.14381406704443 36.511459932022746,53.14381406704443 36.59631339123224,53.014814793591256 36.59631339123224,53.014814793591256 36.511459932022746));POINT(53.079314430317844 36.55389830796787);a1;landscape;osm
2025-01-09 17:23:32.911 +0100;false;2025-01-09 17:16:58.008;4d3ef629-0ef6-48d2-b995-14d0808f9bbb;POLYGON((56.37232844944643 54.83274092367088,56.389417118395606 54.83274092367088,56.389417118395606 54.84097841269457,56.37232844944643 54.84097841269457,56.37232844944643 54.83274092367088));POINT(56.38087278392102 54.83685987832871);a4;landscape;osm
2025-01-10 10:18:40.745 +0100;false;2025-01-10 10:15:23.659;dc8e6bb5-c69e-49dd-9034-b8a287fcc77c;POLYGON((8.655857815883477 49.39869582084117,8.68795267065039 49.39869582084117,8.68795267065039 49.41617543743439,8.655857815883477 49.41617543743439,8.655857815883477 49.39869582084117));POINT(8.671905243266933 49.40743640705239);a4;landscape;osm
2025-01-10 14:27:20.791 +0100;true;2025-01-10 14:08:28.364;f0e6eb8e-b5b9-469f-8934-54e680d97b1f;POLYGON((-8.421076314293343 31.130069539028014,-8.415937775688748 31.130069539028014,-8.415937775688748 31.13375111685994,-8.421076314293343 31.13375111685994,-8.421076314293343 31.130069539028014));POINT(-8.418507044991044 31.13191034580437);a4;landscape;esri-world-imagery
2025-01-10 14:28:17.550 +0100;true;2025-01-10 14:08:16.538;af5d17a5-ad98-4859-84c3-fed241888e7b;POLYGON((-8.421076314293343 31.130069539028014,-8.415937775688748 31.130069539028014,-8.415937775688748 31.13375111685994,-8.421076314293343 31.13375111685994,-8.421076314293343 31.130069539028014));POINT(-8.418507044991044 31.13191034580437);a4;landscape;osm
2025-01-10 21:42:52.146 +0100;false;2025-01-10 21:37:02.731;a7d52b73-3847-49e8-849c-37ec05769155;POLYGON((24.076036314878646 56.949402908717616,24.095998125668164 56.949402908717616,24.095998125668164 56.95851420661086,24.076036314878646 56.95851420661086,24.076036314878646 56.949402908717616));POINT(24.086017220273405 56.95395883606264);a4;landscape;osm
2025-01-13 12:50:51.886 +0100;true;2025-01-13 12:49:19.974;5edff26b-78d3-4e0a-9e3e-1786a7a89e05;POLYGON((15.916264808025911 45.78514758044017,16.02946815852323 45.78514758044017,16.02946815852323 45.85137313340343,15.916264808025911 45.85137313340343,15.916264808025911 45.78514758044017));POINT(15.972866483274572 45.818270202584756);a3;landscape;osm
2025-01-13 18:51:34.974 +0100;false;2025-01-13 18:48:14.073;57e1bfcf-9f68-48ae-8b15-0d5fd055348f;POLYGON((8.667698318042586 49.40442163611391,8.687860661325779 49.40442163611391,8.687860661325779 49.415401718422146,8.667698318042586 49.415401718422146,8.667698318042586 49.40442163611391));POINT(8.677779489684182 49.409911984253114);a4;landscape;osm
2025-01-14 03:46:29.890 +0100;false;2025-01-14 03:41:56.460;5af7fcdc-f326-4c7f-897c-e531e3973bd3;POLYGON((121.0885295570601 13.734894223604257,121.09325878416382 13.734894223604257,121.09325878416382 13.738739445756153,121.0885295570601 13.738739445756153,121.0885295570601 13.734894223604257));POINT(121.09089417061197 13.736816842565688);a4;landscape;osm
2025-01-14 12:52:35.955 +0100;true;2025-01-10 14:08:16.538;af5d17a5-ad98-4859-84c3-fed241888e7b;POLYGON((-8.421076314293343 31.130069539028014,-8.415937775688748 31.130069539028014,-8.415937775688748 31.13375111685994,-8.421076314293343 31.13375111685994,-8.421076314293343 31.130069539028014));POINT(-8.418507044991044 31.13191034580437);a4;landscape;osm
2025-01-14 17:03:50.970 +0100;false;2025-01-14 16:58:40.633;cbb8a7f9-9b52-4893-bb41-b56eae48c9ad;POLYGON((-74.33027857764266 46.17558917688976,-74.32546391875216 46.17558917688976,-74.32546391875216 46.17837965061585,-74.33027857764266 46.17837965061585,-74.33027857764266 46.17558917688976));POINT(-74.3278712481974 46.17698443145352);a4;landscape;osm
2025-01-14 17:06:43.791 +0100;false;2025-01-14 17:05:54.545;d18bc061-b939-45cf-87d3-f89a218c8d25;POLYGON((-74.33053670645988 46.17577397294917,-74.32568419379093 46.17577397294917,-74.32568419379093 46.17858637590652,-74.33053670645988 46.17858637590652,-74.33053670645988 46.17577397294917));POINT(-74.32811045012541 46.177180192408);a4;landscape;osm
2025-01-15 09:32:23.826 +0100;true;2025-01-15 09:04:02.827;6953b544-5ddb-480f-9835-54e9e90cc6d7;POLYGON((-8.4219111589518 31.128685805842665,-8.414634798020256 31.128685805842665,-8.414634798020256 31.133899010744898,-8.4219111589518 31.133899010744898,-8.4219111589518 31.128685805842665));POINT(-8.418272978486028 31.13129244410524);a4;landscape;esri-world-imagery
2025-01-15 09:33:12.690 +0100;true;2025-01-15 09:04:02.827;6953b544-5ddb-480f-9835-54e9e90cc6d7;POLYGON((-8.4219111589518 31.128685805842665,-8.414634798020256 31.128685805842665,-8.414634798020256 31.133899010744898,-8.4219111589518 31.133899010744898,-8.4219111589518 31.128685805842665));POINT(-8.418272978486028 31.13129244410524);a4;landscape;esri-world-imagery
2025-01-15 09:33:51.460 +0100;true;2025-01-15 09:04:02.827;6953b544-5ddb-480f-9835-54e9e90cc6d7;POLYGON((-8.4219111589518 31.128685805842665,-8.414634798020256 31.128685805842665,-8.414634798020256 31.133899010744898,-8.4219111589518 31.133899010744898,-8.4219111589518 31.128685805842665));POINT(-8.418272978486028 31.13129244410524);a4;landscape;esri-world-imagery
2025-01-15 09:37:23.144 +0100;true;2025-01-15 09:03:34.877;abcf3ded-f94f-4409-bef1-e246c1e67717;POLYGON((-8.4219111589518 31.128685805842665,-8.414634798020256 31.128685805842665,-8.414634798020256 31.133899010744898,-8.4219111589518 31.133899010744898,-8.4219111589518 31.128685805842665));POINT(-8.418272978486028 31.13129244410524);a4;landscape;osm
2025-01-15 09:38:27.788 +0100;true;2025-01-15 09:03:34.877;abcf3ded-f94f-4409-bef1-e246c1e67717;POLYGON((-8.4219111589518 31.128685805842665,-8.414634798020256 31.128685805842665,-8.414634798020256 31.133899010744898,-8.4219111589518 31.133899010744898,-8.4219111589518 31.128685805842665));POINT(-8.418272978486028 31.13129244410524);a4;landscape;osm
2025-01-15 10:12:23.446 +0100;true;2025-01-09 10:13:06.853;c16f9c11-78aa-48b1-b4f6-2209a8854e5b;POLYGON((-8.4469623789573 30.894145136020526,-8.438577363710746 30.894145136020526,-8.438577363710746 30.9001675252032,-8.4469623789573 30.9001675252032,-8.4469623789573 30.894145136020526));POINT(-8.442769871334022 30.897156377963114);a4;landscape;osm
2025-01-18 08:35:48.050 +0100;true;2025-01-18 08:33:15.738;46179710-5c31-47a4-90ed-898c794eda35;POLYGON((122.80808536456985 11.412256932027333,122.81155275175425 11.412256932027333,122.81155275175425 11.415101622278002,122.80808536456985 11.415101622278002,122.80808536456985 11.412256932027333));POINT(122.80981905816205 11.413679280716849);a4;landscape;esri-world-imagery
2025-01-19 05:01:14.075 +0100;false;2025-01-19 04:54:39.182;7266b8b5-396d-44b2-b6d1-7d68989c1d50;POLYGON((51.41441573217452 25.224047906334803,51.41792413136949 25.224047906334803,51.41792413136949 25.226704460297682,51.41441573217452 25.226704460297682,51.41441573217452 25.224047906334803));POINT(51.416169931772004 25.225376190569676);a4;landscape;esri-world-imagery
2025-01-22 02:04:51.614 +0100;false;2025-01-22 01:59:59.616;d0adb9ea-cda4-4eef-9f74-9da837f1c195;POLYGON((125.51614025191057 7.106390836875178,125.52792406501902 7.106390836875178,125.52792406501902 7.116178224287552,125.51614025191057 7.116178224287552,125.51614025191057 7.106390836875178));POINT(125.52203215846481 7.111284556653985);a4;landscape;osm
2025-01-22 02:10:18.548 +0100;true;2025-01-22 01:59:59.616;d0adb9ea-cda4-4eef-9f74-9da837f1c195;POLYGON((125.51614025191057 7.106390836875178,125.52792406501902 7.106390836875178,125.52792406501902 7.116178224287552,125.51614025191057 7.116178224287552,125.51614025191057 7.106390836875178));POINT(125.52203215846481 7.111284556653985);a4;landscape;osm
2025-01-22 02:12:12.964 +0100;true;2025-01-22 01:59:59.616;d0adb9ea-cda4-4eef-9f74-9da837f1c195;POLYGON((125.51614025191057 7.106390836875178,125.52792406501902 7.106390836875178,125.52792406501902 7.116178224287552,125.51614025191057 7.116178224287552,125.51614025191057 7.106390836875178));POINT(125.52203215846481 7.111284556653985);a4;landscape;osm
2025-01-23 11:45:07.910 +0100;false;2025-01-23 11:37:09.051;1a5677bb-55dd-423b-86a5-ecb55e194749;POLYGON((28.131352960389968 40.09100056391125,28.13607137814466 40.09100056391125,28.13607137814466 40.09402185740933,28.131352960389968 40.09402185740933,28.131352960389968 40.09100056391125));POINT(28.133712169267312 40.092511227425575);a4;landscape;esri-world-imagery
2025-01-24 02:30:53.671 +0100;false;2025-01-24 02:13:32.596;a54ea85a-3b23-4654-a4fa-23ff7c5747f0;POLYGON((103.39981450520439 4.74280124445211,103.42746865194931 4.74280124445211,103.42746865194931 4.765868466679123,103.39981450520439 4.765868466679123,103.39981450520439 4.74280124445211));POINT(103.41364157857686 4.754334952113652);a4;landscape;osm
2025-01-24 07:30:02.612 +0100;false;2025-01-24 02:13:32.596;a54ea85a-3b23-4654-a4fa-23ff7c5747f0;POLYGON((103.39981450520439 4.74280124445211,103.42746865194931 4.74280124445211,103.42746865194931 4.765868466679123,103.39981450520439 4.765868466679123,103.39981450520439 4.74280124445211));POINT(103.41364157857686 4.754334952113652);a4;landscape;osm
2025-01-24 16:21:32.244 +0100;true;2025-01-24 15:39:03.762;c86f4b11-55d6-4c05-8278-fe48a11a2f8c;POLYGON((13.280124299798269 -8.789902292257167,13.281390721548632 -8.789902292257167,13.281390721548632 -8.788854722948145,13.280124299798269 -8.788854722948145,13.280124299798269 -8.789902292257167));POINT(13.28075751067345 -8.789378507972827);a4;landscape;esri-world-imagery
2025-01-26 07:41:29.408 +0100;false;2025-01-26 07:37:47.886;73e9a267-c271-481f-a6cf-5ec5ed02416b;POLYGON((79.09274097600515 13.205604108090512,79.09400739775549 13.205604108090512,79.09400739775549 13.20663609279164,79.09274097600515 13.20663609279164,79.09274097600515 13.205604108090512));POINT(79.09337418688033 13.206120100986311);a4;landscape;esri-world-imagery
2025-01-27 02:22:26.804 +0100;false;2025-01-27 02:14:08.189;9c3f43a8-9db8-4d32-bb72-4e1696da2064;POLYGON((121.10679408540736 14.707120373395156,121.1106587068662 14.707120373395156,121.1106587068662 14.710249105053066,121.10679408540736 14.710249105053066,121.10679408540736 14.707120373395156));POINT(121.1087263961368 14.708684744830265);a4;landscape;osm
2025-01-27 03:57:30.426 +0100;false;2025-01-27 03:55:33.693;f01f4758-cc24-4963-abf2-68a8ac034fdc;POLYGON((122.48117390394783 10.688593766055334,122.48567885610274 10.688593766055334,122.48567885610274 10.692299021863988,122.48117390394783 10.692299021863988,122.48117390394783 10.688593766055334));POINT(122.4834263800253 10.690446399613947);a4;landscape;osm
2025-01-27 05:53:09.921 +0100;false;2025-01-27 05:51:22.934;98a64ef1-79da-41cb-912c-7c5b7097448d;POLYGON((85.81567208626164 20.07203196458765,85.83891267912729 20.07203196458765,85.83891267912729 20.09030161355352,85.81567208626164 20.09030161355352,85.81567208626164 20.07203196458765));POINT(85.82729238269447 20.0811670552808);a4;landscape;osm
2025-01-27 08:05:44.299 +0100;true;2025-01-24 16:31:38.317;1c9b2275-7c33-497c-80d7-d011a9a799c1;POLYGON((13.276266489717262 -8.79038165723739,13.282590137068777 -8.79038165723739,13.282590137068777 -8.785150819695886,13.276266489717262 -8.785150819695886,13.276266489717262 -8.79038165723739));POINT(13.279428313393018 -8.787766247694691);a4;landscape;osm
2025-01-27 08:25:26.976 +0100;true;2025-01-24 16:30:35.884;72666c39-d196-41d2-bdef-9d83cc3841ed;POLYGON((13.277944086356884 -8.79001400695833,13.281927734562029 -8.79001400695833,13.281927734562029 -8.78671879113017,13.277944086356884 -8.78671879113017,13.277944086356884 -8.79001400695833));POINT(13.279935910459455 -8.788366402706643);a4;landscape;osm
2025-01-27 08:45:53.552 +0100;true;2025-01-24 16:30:35.884;72666c39-d196-41d2-bdef-9d83cc3841ed;POLYGON((13.277944086356884 -8.79001400695833,13.281927734562029 -8.79001400695833,13.281927734562029 -8.78671879113017,13.277944086356884 -8.78671879113017,13.277944086356884 -8.79001400695833));POINT(13.279935910459455 -8.788366402706643);a4;landscape;osm
2025-01-27 08:47:01.772 +0100;true;2025-01-24 16:31:38.317;1c9b2275-7c33-497c-80d7-d011a9a799c1;POLYGON((13.276266489717262 -8.79038165723739,13.282590137068777 -8.79038165723739,13.282590137068777 -8.785150819695886,13.276266489717262 -8.785150819695886,13.276266489717262 -8.79038165723739));POINT(13.279428313393018 -8.787766247694691);a4;landscape;osm
2025-01-28 06:51:28.772 +0100;false;2025-01-28 06:36:41.124;ea9729c3-784d-43e5-993c-ca137b4c34b9;POLYGON((124.29278672172478 11.661201446087858,125.57368577720011 11.661201446087858,125.57368577720011 12.709159445789936,124.29278672172478 12.709159445789936,124.29278672172478 11.661201446087858));POINT(124.93323624946244 12.18569783543795);a4;landscape;osm
2025-01-28 17:00:52.649 +0100;false;2025-01-28 16:28:22.363;013d0ef3-3b79-44bf-bf13-64a3b0c5cdf4;POLYGON((-58.01718651729615 -34.96192595694814,-57.982184668985845 -34.96192595694814,-57.982184668985845 -34.937912445296675,-58.01718651729615 -34.937912445296675,-58.01718651729615 -34.96192595694814));POINT(-57.99968559314099 -34.94992008038242);a4;paisaje;osm
2025-01-29 03:37:38.853 +0100;false;2025-01-29 03:29:45.038;db60cddb-0ecb-4b9a-a77b-0181844ab211;POLYGON((-77.08076826088413 -0.6124082956862225,-77.01863984702513 -0.6124082956862225,-77.01863984702513 -0.560408764727697,-77.08076826088413 -0.560408764727697,-77.08076826088413 -0.6124082956862225));POINT(-77.04970405395463 -0.5864085905850231);a4;landscape;osm
2025-01-29 04:30:47.798 +0100;false;2025-01-28 11:44:53.228;b5665311-8f52-4c99-a530-b16e9e718dce;POLYGON((31.26980229525077 29.960728090747025,31.2723351387515 29.960728090747025,31.2723351387515 29.96256480387396,31.26980229525077 29.96256480387396,31.26980229525077 29.960728090747025));POINT(31.271068717001135 29.96164645155315);a4;landscape;esri-world-imagery
2025-01-29 09:06:39.219 +0100;true;2025-01-24 16:31:38.317;1c9b2275-7c33-497c-80d7-d011a9a799c1;POLYGON((13.276266489717262 -8.79038165723739,13.282590137068777 -8.79038165723739,13.282590137068777 -8.785150819695886,13.276266489717262 -8.785150819695886,13.276266489717262 -8.79038165723739));POINT(13.279428313393018 -8.787766247694691);a4;landscape;osm
2025-01-29 10:11:41.492 +0100;false;2025-01-28 02:08:06.853;bc4a1bd9-600d-40d9-9efe-61e8cc8dc844;POLYGON((120.86033362971698 14.872036547977615,120.8635096366231 14.872036547977615,120.8635096366231 14.87460585493676,120.86033362971698 14.87460585493676,120.86033362971698 14.872036547977615));POINT(120.86192163317006 14.873321205282053);a4;landscape;osm
2025-01-29 10:12:45.175 +0100;false;2025-01-28 02:08:06.853;bc4a1bd9-600d-40d9-9efe-61e8cc8dc844;POLYGON((120.86033362971698 14.872036547977615,120.8635096366231 14.872036547977615,120.8635096366231 14.87460585493676,120.86033362971698 14.87460585493676,120.86033362971698 14.872036547977615));POINT(120.86192163317006 14.873321205282053);a4;landscape;osm
2025-01-29 21:22:12.725 +0100;true;2025-01-06 22:06:35.507;da9d98a0-9592-407f-a070-4d13ce88a39a;POLYGON((-87.75323201091156 13.48934621095465,-87.6980059438177 13.48934621095465,-87.6980059438177 13.534291971008855,-87.75323201091156 13.534291971008855,-87.75323201091156 13.48934621095465));POINT(-87.72561897736462 13.511820150023567);a4;landscape;osm
2025-01-30 17:20:08.975 +0100;true;2025-01-28 16:28:22.363;013d0ef3-3b79-44bf-bf13-64a3b0c5cdf4;POLYGON((-58.01718651729615 -34.96192595694814,-57.982184668985845 -34.96192595694814,-57.982184668985845 -34.937912445296675,-58.01718651729615 -34.937912445296675,-58.01718651729615 -34.96192595694814));POINT(-57.99968559314099 -34.94992008038242);a4;paisaje;osm
2025-01-30 18:52:09.473 +0100;false;2025-01-30 18:49:30.180;c89d2853-5952-441b-aa6e-363a64857212;POLYGON((120.80724065797241 14.3193453462127,120.80867240267388 14.3193453462127,120.80867240267388 14.32064317455324,120.80724065797241 14.32064317455324,120.80724065797241 14.3193453462127));POINT(120.80795653032315 14.319994261321);letter;landscape;esri-world-imagery
2025-02-01 12:51:30.058 +0100;true;2025-02-01 12:47:09.334;7318b4b9-da53-4f8a-aa10-74d88b52a927;POLYGON((-1.155514709550883 52.93439197621015,-1.1520716317970487 52.93439197621015,-1.1520716317970487 52.93686423410986,-1.155514709550883 52.93686423410986,-1.155514709550883 52.93439197621015));POINT(-1.153793170673966 52.93562812281411);a3;portrait;osm
2025-02-01 18:01:21.005 +0100;false;2025-02-01 17:57:13.848;bcc01733-e7c6-4dc2-b558-d1dee7aef45d;POLYGON((10.220660278101516 49.5451595793152,10.223481086417891 49.5451595793152,10.223481086417891 49.546691529712035,10.220660278101516 49.546691529712035,10.220660278101516 49.5451595793152));POINT(10.222070682259705 49.545925560518185);a4;landscape;osm
2025-02-04 19:08:11.155 +0100;false;2025-02-04 18:36:36.396;58c6c288-7085-4cd6-b084-bc775311a9b9;POLYGON((-87.79051680717254 13.432781488533081,-87.65312937306399 13.432781488533081,-87.65312937306399 13.542179825031894,-87.79051680717254 13.542179825031894,-87.79051680717254 13.432781488533081));POINT(-87.72182309011826 13.487486919235764);a1;landscape;esri-world-imagery
2025-02-04 20:19:21.550 +0100;false;2025-02-04 18:36:36.396;58c6c288-7085-4cd6-b084-bc775311a9b9;POLYGON((-87.79051680717254 13.432781488533081,-87.65312937306399 13.432781488533081,-87.65312937306399 13.542179825031894,-87.79051680717254 13.542179825031894,-87.79051680717254 13.432781488533081));POINT(-87.72182309011826 13.487486919235764);a1;landscape;esri-world-imagery
2025-02-04 23:54:08.127 +0100;true;2024-08-22 21:45:09.132;fcdfed43-13ee-4a5b-82b7-c156ff407f6d;POLYGON((-75.44010168975645 5.028572367203438,-75.42069806545392 5.028572367203438,-75.42069806545392 5.0447970340808865,-75.44010168975645 5.0447970340808865,-75.44010168975645 5.028572367203438));POINT(-75.43039987760518 5.036684751257454);a3;landscape;osm
2025-02-05 15:35:17.749 +0100;true;2025-02-04 18:36:36.396;58c6c288-7085-4cd6-b084-bc775311a9b9;POLYGON((-87.79051680717254 13.432781488533081,-87.65312937306399 13.432781488533081,-87.65312937306399 13.542179825031894,-87.79051680717254 13.542179825031894,-87.79051680717254 13.432781488533081));POINT(-87.72182309011826 13.487486919235764);a1;landscape;esri-world-imagery
2025-02-05 23:35:18.254 +0100;true;2024-08-27 00:34:10.011;450c7724-1444-416a-a101-efa34316d733;POLYGON((-75.4407001055494 5.026705512294043,-75.41851019036609 5.026705512294043,-75.41851019036609 5.044424821496747,-75.4407001055494 5.044424821496747,-75.4407001055494 5.026705512294043));POINT(-75.42960514795774 5.035565227252263);a2;landscape;osm
2025-02-05 23:36:43.285 +0100;false;2024-08-27 00:33:38.278;7a567767-d4c5-4de6-8b3b-81d127daa434;POLYGON((-75.4407001055494 5.026705512294043,-75.41851019036609 5.026705512294043,-75.41851019036609 5.044424821496747,-75.4407001055494 5.044424821496747,-75.4407001055494 5.026705512294043));POINT(-75.42960514795774 5.035565227252263);a2;landscape;esri-world-imagery
2025-02-05 23:44:47.041 +0100;true;2024-08-27 00:34:10.011;450c7724-1444-416a-a101-efa34316d733;POLYGON((-75.4407001055494 5.026705512294043,-75.41851019036609 5.026705512294043,-75.41851019036609 5.044424821496747,-75.4407001055494 5.044424821496747,-75.4407001055494 5.026705512294043));POINT(-75.42960514795774 5.035565227252263);a2;landscape;osm
2025-02-05 23:53:33.195 +0100;true;2024-08-27 00:34:10.011;450c7724-1444-416a-a101-efa34316d733;POLYGON((-75.4407001055494 5.026705512294043,-75.41851019036609 5.026705512294043,-75.41851019036609 5.044424821496747,-75.4407001055494 5.044424821496747,-75.4407001055494 5.026705512294043));POINT(-75.42960514795774 5.035565227252263);a2;landscape;osm
2025-02-05 23:54:52.203 +0100;true;2024-08-27 00:34:10.011;450c7724-1444-416a-a101-efa34316d733;POLYGON((-75.4407001055494 5.026705512294043,-75.41851019036609 5.026705512294043,-75.41851019036609 5.044424821496747,-75.4407001055494 5.044424821496747,-75.4407001055494 5.026705512294043));POINT(-75.42960514795774 5.035565227252263);a2;landscape;osm
2025-02-05 23:57:28.106 +0100;true;2024-08-27 00:34:10.011;450c7724-1444-416a-a101-efa34316d733;POLYGON((-75.4407001055494 5.026705512294043,-75.41851019036609 5.026705512294043,-75.41851019036609 5.044424821496747,-75.4407001055494 5.044424821496747,-75.4407001055494 5.026705512294043));POINT(-75.42960514795774 5.035565227252263);a2;landscape;osm
2025-02-06 00:04:49.438 +0100;false;2024-08-27 00:34:10.011;450c7724-1444-416a-a101-efa34316d733;POLYGON((-75.4407001055494 5.026705512294043,-75.41851019036609 5.026705512294043,-75.41851019036609 5.044424821496747,-75.4407001055494 5.044424821496747,-75.4407001055494 5.026705512294043));POINT(-75.42960514795774 5.035565227252263);a2;landscape;osm
2025-02-06 02:21:59.412 +0100;false;2025-02-06 02:19:05.705;c6987254-1ec6-411b-909d-99e370ef25f4;POLYGON((94.6268855703282 28.032287947159162,94.63180897054485 28.032287947159162,94.63180897054485 28.03592539802756,94.6268855703282 28.03592539802756,94.6268855703282 28.032287947159162));POINT(94.62934727043651 28.034106687963558);a4;landscape;esri-world-imagery
2025-02-06 02:24:28.662 +0100;false;2025-02-06 02:19:05.705;c6987254-1ec6-411b-909d-99e370ef25f4;POLYGON((94.6268855703282 28.032287947159162,94.63180897054485 28.032287947159162,94.63180897054485 28.03592539802756,94.6268855703282 28.03592539802756,94.6268855703282 28.032287947159162));POINT(94.62934727043651 28.034106687963558);a4;landscape;esri-world-imagery
2025-02-06 21:20:17.131 +0100;true;2025-01-28 16:20:11.178;e7fdea3c-d17f-44f1-9f63-4f56658f7428;POLYGON((-70.7402982409781 7.084218092962146,-70.73529162462198 7.084218092962146,-70.73529162462198 7.088376709098753,-70.7402982409781 7.088376709098753,-70.7402982409781 7.084218092962146));POINT(-70.73779493280004 7.086297405720785);a4;paisaje;esri-world-imagery
2025-02-07 09:07:32.216 +0100;true;2025-02-07 09:01:43.850;5c29e22e-d7cb-4ed3-8b56-f262c38bdd29;POLYGON((100.39243870229355 6.203914351580721,100.39459189894971 6.203914351580721,100.39459189894971 6.2057060301092974,100.39243870229355 6.2057060301092974,100.39243870229355 6.203914351580721));POINT(100.39351530062163 6.204810191606413);a4;landscape;esri-world-imagery
2025-02-07 09:12:46.039 +0100;true;2025-02-07 08:59:19.108;0d8d26b5-1fb4-4537-8c8a-0f5815707d79;POLYGON((100.39024485701586 6.202444146209203,100.39455125032819 6.202444146209203,100.39455125032819 6.206027507171186,100.39024485701586 6.206027507171186,100.39024485701586 6.202444146209203));POINT(100.39239805367203 6.204235829735552);a4;landscape;osm
2025-02-07 16:17:41.623 +0100;false;2025-02-06 09:59:44.054;389fbbed-e46a-4e5b-844d-682040cbb9cb;POLYGON((13.513958146125136 68.05631660992358,14.78414635978442 68.05631660992358,14.78414635978442 68.45021290542746,13.513958146125136 68.45021290542746,13.513958146125136 68.05631660992358));POINT(14.149052252954776 68.25411336039244);a4;landscape;osm
2025-02-07 16:17:43.844 +0100;false;2025-02-06 09:59:44.054;389fbbed-e46a-4e5b-844d-682040cbb9cb;POLYGON((13.513958146125136 68.05631660992358,14.78414635978442 68.05631660992358,14.78414635978442 68.45021290542746,13.513958146125136 68.45021290542746,13.513958146125136 68.05631660992358));POINT(14.149052252954776 68.25411336039244);a4;landscape;osm
2025-02-07 16:17:46.040 +0100;false;2025-02-06 09:59:44.054;389fbbed-e46a-4e5b-844d-682040cbb9cb;POLYGON((13.513958146125136 68.05631660992358,14.78414635978442 68.05631660992358,14.78414635978442 68.45021290542746,13.513958146125136 68.45021290542746,13.513958146125136 68.05631660992358));POINT(14.149052252954776 68.25411336039244);a4;landscape;osm
2025-02-07 16:17:49.042 +0100;false;2025-02-06 09:59:44.054;389fbbed-e46a-4e5b-844d-682040cbb9cb;POLYGON((13.513958146125136 68.05631660992358,14.78414635978442 68.05631660992358,14.78414635978442 68.45021290542746,13.513958146125136 68.45021290542746,13.513958146125136 68.05631660992358));POINT(14.149052252954776 68.25411336039244);a4;landscape;osm
2025-02-07 16:17:51.294 +0100;false;2025-02-06 09:59:44.054;389fbbed-e46a-4e5b-844d-682040cbb9cb;POLYGON((13.513958146125136 68.05631660992358,14.78414635978442 68.05631660992358,14.78414635978442 68.45021290542746,13.513958146125136 68.45021290542746,13.513958146125136 68.05631660992358));POINT(14.149052252954776 68.25411336039244);a4;landscape;osm
2025-02-07 16:17:53.705 +0100;false;2025-02-06 09:59:44.054;389fbbed-e46a-4e5b-844d-682040cbb9cb;POLYGON((13.513958146125136 68.05631660992358,14.78414635978442 68.05631660992358,14.78414635978442 68.45021290542746,13.513958146125136 68.45021290542746,13.513958146125136 68.05631660992358));POINT(14.149052252954776 68.25411336039244);a4;landscape;osm
2025-02-07 16:24:01.655 +0100;false;2025-02-06 09:57:02.424;d06b6996-3b39-490a-aeb4-c4f85b76ca3b;POLYGON((12.763216670840409 67.82130085978542,14.033404884499696 67.82130085978542,14.033404884499696 68.21920973798427,12.763216670840409 68.21920973798427,12.763216670840409 67.82130085978542));POINT(13.398310777670053 68.0211111485801);a4;landscape;osm
2025-02-07 16:24:03.888 +0100;false;2025-02-06 09:57:02.424;d06b6996-3b39-490a-aeb4-c4f85b76ca3b;POLYGON((12.763216670840409 67.82130085978542,14.033404884499696 67.82130085978542,14.033404884499696 68.21920973798427,12.763216670840409 68.21920973798427,12.763216670840409 67.82130085978542));POINT(13.398310777670053 68.0211111485801);a4;landscape;osm
2025-02-07 16:24:06.135 +0100;false;2025-02-06 09:57:02.424;d06b6996-3b39-490a-aeb4-c4f85b76ca3b;POLYGON((12.763216670840409 67.82130085978542,14.033404884499696 67.82130085978542,14.033404884499696 68.21920973798427,12.763216670840409 68.21920973798427,12.763216670840409 67.82130085978542));POINT(13.398310777670053 68.0211111485801);a4;landscape;osm
2025-02-07 16:24:08.639 +0100;false;2025-02-06 09:57:02.424;d06b6996-3b39-490a-aeb4-c4f85b76ca3b;POLYGON((12.763216670840409 67.82130085978542,14.033404884499696 67.82130085978542,14.033404884499696 68.21920973798427,12.763216670840409 68.21920973798427,12.763216670840409 67.82130085978542));POINT(13.398310777670053 68.0211111485801);a4;landscape;osm
2025-02-07 16:24:11.113 +0100;false;2025-02-06 09:57:02.424;d06b6996-3b39-490a-aeb4-c4f85b76ca3b;POLYGON((12.763216670840409 67.82130085978542,14.033404884499696 67.82130085978542,14.033404884499696 68.21920973798427,12.763216670840409 68.21920973798427,12.763216670840409 67.82130085978542));POINT(13.398310777670053 68.0211111485801);a4;landscape;osm
2025-02-07 16:24:13.043 +0100;false;2025-02-06 09:57:02.424;d06b6996-3b39-490a-aeb4-c4f85b76ca3b;POLYGON((12.763216670840409 67.82130085978542,14.033404884499696 67.82130085978542,14.033404884499696 68.21920973798427,12.763216670840409 68.21920973798427,12.763216670840409 67.82130085978542));POINT(13.398310777670053 68.0211111485801);a4;landscape;osm
2025-02-07 19:13:13.695 +0100;false;2025-02-07 19:09:11.383;6feb3b6b-dfb3-4d6d-b153-81cd5ea2c318;POLYGON((33.6545776779928 34.959668845127425,33.66212248408513 34.959668845127425,33.66212248408513 34.96484428671144,33.6545776779928 34.96484428671144,33.6545776779928 34.959668845127425));POINT(33.65835008103896 34.96225660677956);a4;landscape;osm
2025-02-07 22:00:43.751 +0100;false;2025-02-06 17:32:18.185;51f776d8-24f9-44ad-9e88-a3401549d3da;POLYGON((-87.78486173106232 13.503592732306984,-87.73893836160461 13.503592732306984,-87.73893836160461 13.54015515002348,-87.78486173106232 13.54015515002348,-87.78486173106232 13.503592732306984));POINT(-87.76190004633347 13.521874642524935);a1;landscape;esri-world-imagery
2025-02-08 05:57:36.064 +0100;true;2025-02-08 05:55:55.946;d689fe64-fd9c-4656-88dd-286b60b4e2bc;POLYGON((121.11130066763222 14.661395699108297,121.11560416034763 14.661395699108297,121.11560416034763 14.664880368837572,121.11130066763222 14.664880368837572,121.11130066763222 14.661395699108297));POINT(121.1134524139899 14.663138040904684);a4;landscape;osm
2025-02-08 06:10:23.633 +0100;true;2025-02-08 06:01:00.105;b829bac0-580a-4358-84af-e688738892a5;POLYGON((121.11132093247558 14.661406892780732,121.11621881772788 14.661406892780732,121.11621881772788 14.66537285577273,121.11132093247558 14.66537285577273,121.11132093247558 14.661406892780732));POINT(121.11376987510172 14.66338988325569);a4;landscape;osm
2025-02-09 03:05:49.799 +0100;false;2025-02-08 20:04:22.556;8868f39a-04ec-4d33-8f84-ebc9a8b671fe;POLYGON((-121.51810069056255 49.369647009176504,-121.3639402108853 49.369647009176504,-121.3639402108853 49.45359978500852,-121.51810069056255 49.45359978500852,-121.51810069056255 49.369647009176504));POINT(-121.44102045072393 49.411641344537856);tabloid;landscape;esri-world-imagery
2025-02-09 03:07:23.356 +0100;true;2025-02-08 20:04:22.556;8868f39a-04ec-4d33-8f84-ebc9a8b671fe;POLYGON((-121.51810069056255 49.369647009176504,-121.3639402108853 49.369647009176504,-121.3639402108853 49.45359978500852,-121.51810069056255 49.45359978500852,-121.51810069056255 49.369647009176504));POINT(-121.44102045072393 49.411641344537856);tabloid;landscape;esri-world-imagery
2025-02-10 07:04:09.496 +0100;true;2025-02-08 20:04:22.556;8868f39a-04ec-4d33-8f84-ebc9a8b671fe;POLYGON((-121.51810069056255 49.369647009176504,-121.3639402108853 49.369647009176504,-121.3639402108853 49.45359978500852,-121.51810069056255 49.45359978500852,-121.51810069056255 49.369647009176504));POINT(-121.44102045072393 49.411641344537856);tabloid;landscape;esri-world-imagery
2025-02-10 07:18:46.787 +0100;true;2025-02-08 20:04:22.556;8868f39a-04ec-4d33-8f84-ebc9a8b671fe;POLYGON((-121.51810069056255 49.369647009176504,-121.3639402108853 49.369647009176504,-121.3639402108853 49.45359978500852,-121.51810069056255 49.45359978500852,-121.51810069056255 49.369647009176504));POINT(-121.44102045072393 49.411641344537856);tabloid;landscape;esri-world-imagery
2025-02-10 22:35:43.690 +0100;true;2025-02-10 22:11:54.648;5cc88327-ddd0-480d-a181-d71fca4af134;POLYGON((-86.50579657327407 13.80352393769489,-86.49985845180443 13.80352393769489,-86.49985845180443 13.808918782702818,-86.50579657327407 13.808918782702818,-86.50579657327407 13.80352393769489));POINT(-86.50282751253924 13.806221375802224);letter;landscape;esri-world-imagery
2025-02-11 02:51:03.433 +0100;true;2025-02-11 02:45:02.630;c4f4decb-13e5-4489-b70e-23a8cbdd792e;POLYGON((121.0370690189713 14.532380845817968,121.04002734017831 14.532380845817968,121.04002734017831 14.534777762483614,121.0370690189713 14.534777762483614,121.0370690189713 14.532380845817968));POINT(121.03854817957482 14.53357930740016);a4;landscape;osm
2025-02-11 03:15:23.159 +0100;false;2025-02-11 02:45:02.630;c4f4decb-13e5-4489-b70e-23a8cbdd792e;POLYGON((121.0370690189713 14.532380845817968,121.04002734017831 14.532380845817968,121.04002734017831 14.534777762483614,121.0370690189713 14.534777762483614,121.0370690189713 14.532380845817968));POINT(121.03854817957482 14.53357930740016);a4;landscape;osm
2025-02-12 13:27:26.120 +0100;false;2025-02-12 12:50:04.035;4c5bc50d-0cb4-4dd6-ba6f-d4a7b8e97ff7;POLYGON((8.62159022771632 49.35689126987111,8.768999635590221 49.35689126987111,8.768999635590221 49.437194660173816,8.62159022771632 49.437194660173816,8.62159022771632 49.35689126987111));POINT(8.69529493165327 49.39705937759251);a4;landscape;osm
2025-02-12 13:36:34.264 +0100;false;2025-02-12 12:50:04.035;4c5bc50d-0cb4-4dd6-ba6f-d4a7b8e97ff7;POLYGON((8.62159022771632 49.35689126987111,8.768999635590221 49.35689126987111,8.768999635590221 49.437194660173816,8.62159022771632 49.437194660173816,8.62159022771632 49.35689126987111));POINT(8.69529493165327 49.39705937759251);a4;landscape;osm
2025-02-12 14:07:03.848 +0100;false;2025-02-12 12:50:04.035;4c5bc50d-0cb4-4dd6-ba6f-d4a7b8e97ff7;POLYGON((8.62159022771632 49.35689126987111,8.768999635590221 49.35689126987111,8.768999635590221 49.437194660173816,8.62159022771632 49.437194660173816,8.62159022771632 49.35689126987111));POINT(8.69529493165327 49.39705937759251);a4;landscape;osm
2025-02-12 14:08:27.767 +0100;false;2025-02-12 12:50:04.035;4c5bc50d-0cb4-4dd6-ba6f-d4a7b8e97ff7;POLYGON((8.62159022771632 49.35689126987111,8.768999635590221 49.35689126987111,8.768999635590221 49.437194660173816,8.62159022771632 49.437194660173816,8.62159022771632 49.35689126987111));POINT(8.69529493165327 49.39705937759251);a4;landscape;osm
2025-02-12 14:10:28.562 +0100;false;2025-02-12 12:50:04.035;4c5bc50d-0cb4-4dd6-ba6f-d4a7b8e97ff7;POLYGON((8.62159022771632 49.35689126987111,8.768999635590221 49.35689126987111,8.768999635590221 49.437194660173816,8.62159022771632 49.437194660173816,8.62159022771632 49.35689126987111));POINT(8.69529493165327 49.39705937759251);a4;landscape;osm
2025-02-12 14:13:58.541 +0100;false;2025-02-12 12:50:04.035;4c5bc50d-0cb4-4dd6-ba6f-d4a7b8e97ff7;POLYGON((8.62159022771632 49.35689126987111,8.768999635590221 49.35689126987111,8.768999635590221 49.437194660173816,8.62159022771632 49.437194660173816,8.62159022771632 49.35689126987111));POINT(8.69529493165327 49.39705937759251);a4;landscape;osm
2025-02-12 14:15:59.918 +0100;false;2025-02-12 12:50:04.035;4c5bc50d-0cb4-4dd6-ba6f-d4a7b8e97ff7;POLYGON((8.62159022771632 49.35689126987111,8.768999635590221 49.35689126987111,8.768999635590221 49.437194660173816,8.62159022771632 49.437194660173816,8.62159022771632 49.35689126987111));POINT(8.69529493165327 49.39705937759251);a4;landscape;osm
2025-02-12 14:21:03.618 +0100;false;2025-02-12 12:50:04.035;4c5bc50d-0cb4-4dd6-ba6f-d4a7b8e97ff7;POLYGON((8.62159022771632 49.35689126987111,8.768999635590221 49.35689126987111,8.768999635590221 49.437194660173816,8.62159022771632 49.437194660173816,8.62159022771632 49.35689126987111));POINT(8.69529493165327 49.39705937759251);a4;landscape;osm
2025-02-12 14:23:53.878 +0100;false;2025-02-12 12:50:04.035;4c5bc50d-0cb4-4dd6-ba6f-d4a7b8e97ff7;POLYGON((8.62159022771632 49.35689126987111,8.768999635590221 49.35689126987111,8.768999635590221 49.437194660173816,8.62159022771632 49.437194660173816,8.62159022771632 49.35689126987111));POINT(8.69529493165327 49.39705937759251);a4;landscape;osm
2025-02-12 14:29:20.080 +0100;false;2025-02-12 12:50:04.035;4c5bc50d-0cb4-4dd6-ba6f-d4a7b8e97ff7;POLYGON((8.62159022771632 49.35689126987111,8.768999635590221 49.35689126987111,8.768999635590221 49.437194660173816,8.62159022771632 49.437194660173816,8.62159022771632 49.35689126987111));POINT(8.69529493165327 49.39705937759251);a4;landscape;osm
2025-02-12 14:34:04.816 +0100;false;2025-02-12 12:50:04.035;4c5bc50d-0cb4-4dd6-ba6f-d4a7b8e97ff7;POLYGON((8.62159022771632 49.35689126987111,8.768999635590221 49.35689126987111,8.768999635590221 49.437194660173816,8.62159022771632 49.437194660173816,8.62159022771632 49.35689126987111));POINT(8.69529493165327 49.39705937759251);a4;landscape;osm
2025-02-12 14:36:03.289 +0100;false;2025-02-12 12:50:04.035;4c5bc50d-0cb4-4dd6-ba6f-d4a7b8e97ff7;POLYGON((8.62159022771632 49.35689126987111,8.768999635590221 49.35689126987111,8.768999635590221 49.437194660173816,8.62159022771632 49.437194660173816,8.62159022771632 49.35689126987111));POINT(8.69529493165327 49.39705937759251);a4;landscape;osm
2025-02-12 14:40:33.428 +0100;false;2025-02-12 12:50:04.035;4c5bc50d-0cb4-4dd6-ba6f-d4a7b8e97ff7;POLYGON((8.62159022771632 49.35689126987111,8.768999635590221 49.35689126987111,8.768999635590221 49.437194660173816,8.62159022771632 49.437194660173816,8.62159022771632 49.35689126987111));POINT(8.69529493165327 49.39705937759251);a4;landscape;osm
2025-02-12 14:45:25.816 +0100;false;2025-02-12 12:50:04.035;4c5bc50d-0cb4-4dd6-ba6f-d4a7b8e97ff7;POLYGON((8.62159022771632 49.35689126987111,8.768999635590221 49.35689126987111,8.768999635590221 49.437194660173816,8.62159022771632 49.437194660173816,8.62159022771632 49.35689126987111));POINT(8.69529493165327 49.39705937759251);a4;landscape;osm
2025-02-12 14:51:04.755 +0100;false;2025-02-12 12:50:04.035;4c5bc50d-0cb4-4dd6-ba6f-d4a7b8e97ff7;POLYGON((8.62159022771632 49.35689126987111,8.768999635590221 49.35689126987111,8.768999635590221 49.437194660173816,8.62159022771632 49.437194660173816,8.62159022771632 49.35689126987111));POINT(8.69529493165327 49.39705937759251);a4;landscape;osm
2025-02-12 15:52:21.787 +0100;false;2025-02-12 15:24:24.402;3aa6a87b-1206-4f82-aff8-570d0c8bc2db;POLYGON((8.662878490896729 49.396117456234464,8.71161082082853 49.396117456234464,8.71161082082853 49.4226584259695,8.662878490896729 49.4226584259695,8.662878490896729 49.396117456234464));POINT(8.687244655862632 49.40938973472694);a4;landscape;osm
2025-02-12 15:55:21.725 +0100;false;2025-02-12 15:24:24.402;3aa6a87b-1206-4f82-aff8-570d0c8bc2db;POLYGON((8.662878490896729 49.396117456234464,8.71161082082853 49.396117456234464,8.71161082082853 49.4226584259695,8.662878490896729 49.4226584259695,8.662878490896729 49.396117456234464));POINT(8.687244655862632 49.40938973472694);a4;landscape;osm
2025-02-12 16:01:48.949 +0100;false;2025-02-12 15:24:24.402;3aa6a87b-1206-4f82-aff8-570d0c8bc2db;POLYGON((8.662878490896729 49.396117456234464,8.71161082082853 49.396117456234464,8.71161082082853 49.4226584259695,8.662878490896729 49.4226584259695,8.662878490896729 49.396117456234464));POINT(8.687244655862632 49.40938973472694);a4;landscape;osm
2025-02-13 17:10:11.937 +0100;false;2025-02-11 12:55:03.415;a3a03c29-5687-4771-b244-99246b573a83;POLYGON((-19.69090661944634 63.40320500864294,-18.50771882088782 63.40320500864294,-18.50771882088782 63.844415196916486,-19.69090661944634 63.844415196916486,-19.69090661944634 63.40320500864294));POINT(-19.09931272016708 63.62466655952031);a3;landscape;esri-world-imagery
2025-02-13 17:21:26.641 +0100;false;2025-02-11 13:11:14.655;a3abbb33-08d8-4a48-9f11-aa742445e1cc;POLYGON((-19.399625110988644 63.38428920596735,-18.80680107005009 63.38428920596735,-18.80680107005009 63.606355926617965,-19.399625110988644 63.606355926617965,-19.399625110988644 63.38428920596735));POINT(-19.103213090519368 63.49553830676359);a3;landscape;esri-world-imagery
2025-02-13 21:37:50.652 +0100;true;2025-02-08 20:02:11.828;a2d63952-6336-4c70-a4eb-8315976508c1;POLYGON((-121.67236704388283 49.310381229578155,-121.51791416263116 49.310381229578155,-121.51791416263116 49.38674334604866,-121.67236704388283 49.38674334604866,-121.67236704388283 49.310381229578155));POINT(-121.595140603257 49.34857710347765);tabloid;landscape;esri-world-imagery
2025-02-14 10:45:04.992 +0100;false;2025-02-14 10:41:38.798;d476c11a-ac81-44f2-8d0b-9e8265eae47b;POLYGON((34.81061328870018 30.137121066349792,34.81873144339299 30.137121066349792,34.81873144339299 30.14299745248178,34.81061328870018 30.14299745248178,34.81061328870018 30.137121066349792));POINT(34.81467236604658 30.14005930315747);a4;landscape;osm
2025-02-14 15:29:35.760 +0100;false;2025-02-14 10:41:38.798;d476c11a-ac81-44f2-8d0b-9e8265eae47b;POLYGON((34.81061328870018 30.137121066349792,34.81873144339299 30.137121066349792,34.81873144339299 30.14299745248178,34.81061328870018 30.14299745248178,34.81061328870018 30.137121066349792));POINT(34.81467236604658 30.14005930315747);a4;landscape;osm
2025-02-14 15:33:32.953 +0100;true;2025-02-14 10:41:38.798;d476c11a-ac81-44f2-8d0b-9e8265eae47b;POLYGON((34.81061328870018 30.137121066349792,34.81873144339299 30.137121066349792,34.81873144339299 30.14299745248178,34.81061328870018 30.14299745248178,34.81061328870018 30.137121066349792));POINT(34.81467236604658 30.14005930315747);a4;landscape;osm
2025-02-14 17:48:34.710 +0100;true;2025-02-08 20:02:11.828;a2d63952-6336-4c70-a4eb-8315976508c1;POLYGON((-121.67236704388283 49.310381229578155,-121.51791416263116 49.310381229578155,-121.51791416263116 49.38674334604866,-121.67236704388283 49.38674334604866,-121.67236704388283 49.310381229578155));POINT(-121.595140603257 49.34857710347765);tabloid;landscape;esri-world-imagery
2025-02-14 18:08:49.353 +0100;true;2025-02-08 20:02:11.828;a2d63952-6336-4c70-a4eb-8315976508c1;POLYGON((-121.67236704388283 49.310381229578155,-121.51791416263116 49.310381229578155,-121.51791416263116 49.38674334604866,-121.67236704388283 49.38674334604866,-121.67236704388283 49.310381229578155));POINT(-121.595140603257 49.34857710347765);tabloid;landscape;esri-world-imagery
2025-02-15 09:59:19.209 +0100;false;2025-02-15 09:52:00.559;29a8619c-8304-4586-bd16-ef37fd2160f4;POLYGON((121.07264667397675 14.262647019849467,121.07858511678803 14.262647019849467,121.07858511678803 14.267464339475907,121.07264667397675 14.267464339475907,121.07264667397675 14.262647019849467));POINT(121.07561589538238 14.265055692534943);a4;landscape;osm
2025-02-15 18:38:53.910 +0100;false;2025-02-15 18:37:24.917;569c3bdc-9f19-4e7e-8f0c-819a6df79488;POLYGON((9.563829771317494 63.68153564759584,9.665724584051075 63.68153564759584,9.665724584051075 63.71932361687118,9.563829771317494 63.71932361687118,9.563829771317494 63.68153564759584));POINT(9.614777177684283 63.70043593560587);a4;landscape;esri-world-imagery
2025-02-17 10:57:52.831 +0100;false;2025-02-14 15:50:56.580;5917e97d-a8da-4189-93be-6434ceaaacb8;POLYGON((-19.440949366109262 63.34846345019545,-18.20859151214038 63.34846345019545,-18.20859151214038 63.807446544281476,-19.440949366109262 63.807446544281476,-19.440949366109262 63.34846345019545));POINT(-18.82477043912482 63.578879984453636);a4;landscape;osm
2025-02-17 11:17:35.820 +0100;false;2025-02-14 15:50:56.580;5917e97d-a8da-4189-93be-6434ceaaacb8;POLYGON((-19.440949366109262 63.34846345019545,-18.20859151214038 63.34846345019545,-18.20859151214038 63.807446544281476,-19.440949366109262 63.807446544281476,-19.440949366109262 63.34846345019545));POINT(-18.82477043912482 63.578879984453636);a4;landscape;osm
2025-02-17 11:33:31.539 +0100;false;2025-02-14 15:50:56.580;5917e97d-a8da-4189-93be-6434ceaaacb8;POLYGON((-19.440949366109262 63.34846345019545,-18.20859151214038 63.34846345019545,-18.20859151214038 63.807446544281476,-19.440949366109262 63.807446544281476,-19.440949366109262 63.34846345019545));POINT(-18.82477043912482 63.578879984453636);a4;landscape;osm
2025-02-17 11:36:43.085 +0100;false;2025-02-14 15:50:56.580;5917e97d-a8da-4189-93be-6434ceaaacb8;POLYGON((-19.440949366109262 63.34846345019545,-18.20859151214038 63.34846345019545,-18.20859151214038 63.807446544281476,-19.440949366109262 63.807446544281476,-19.440949366109262 63.34846345019545));POINT(-18.82477043912482 63.578879984453636);a4;landscape;osm
