{
"type": "FeatureCollection",
"features": [
{ "type": "Feature", "properties": { "index": "0", "label": "Within 255 m by wheelchair", "color": "#2b8cbe" }, "geometry": { "type": "MultiPolygon", "coordinates": [ [ [ [ 39.2345147, -6.8497463 ], [ 39.2346497, -6.849928 ], [ 39.234716, -6.850001 ], [ 39.2381501, -6.8500012 ], [ 39.2382179, -6.8499263 ], [ 39.2383113, -6.8498003 ], [ 39.238468, -6.849684 ], [ 39.2386358, -6.8495319 ], [ 39.2387878, -6.8493641 ], [ 39.2389226, -6.8491822 ], [ 39.239039, -6.848988 ], [ 39.2391357, -6.8487833 ], [ 39.2392119, -6.8485701 ], [ 39.2392668, -6.8483505 ], [ 39.2393, -6.8481266 ], [ 39.239311, -6.8479005 ], [ 39.2392997, -6.8476744 ], [ 39.2392664, -6.8474505 ], [ 39.2392112, -6.8472309 ], [ 39.2391348, -6.8470178 ], [ 39.2390379, -6.8468132 ], [ 39.2389214, -6.8466191 ], [ 39.2387863, -6.8464374 ], [ 39.2386342, -6.8462697 ], [ 39.2384663, -6.8461178 ], [ 39.2382843, -6.845983 ], [ 39.23809, -6.8458667 ], [ 39.2378852, -6.84577 ], [ 39.2376719, -6.8456939 ], [ 39.2374521, -6.845639 ], [ 39.2372281, -6.8456059 ], [ 39.2370019, -6.8455949 ], [ 39.2367756, -6.8456061 ], [ 39.2365516, -6.8456394 ], [ 39.2363319, -6.8456945 ], [ 39.2361187, -6.8457709 ], [ 39.235914, -6.8458678 ], [ 39.2357198, -6.8459843 ], [ 39.235538, -6.8461192 ], [ 39.2353702, -6.8462713 ], [ 39.2352182, -6.8464391 ], [ 39.2351248, -6.8465651 ], [ 39.2349681, -6.8466814 ], [ 39.2348003, -6.8468335 ], [ 39.2346483, -6.8470013 ], [ 39.2345135, -6.8471832 ], [ 39.2343971, -6.8473774 ], [ 39.2343004, -6.8475821 ], [ 39.2342242, -6.8477953 ], [ 39.2341693, -6.8480149 ], [ 39.2341361, -6.8482388 ], [ 39.2341251, -6.8484649 ], [ 39.2341364, -6.848691 ], [ 39.2341697, -6.8489149 ], [ 39.2342248, -6.8491345 ], [ 39.2343013, -6.8493476 ], [ 39.2343982, -6.8495522 ], [ 39.2345147, -6.8497463 ] ] ], [ [ [ 39.2263942, -6.8474714 ], [ 39.2265761, -6.8473364 ], [ 39.2267438, -6.8471843 ], [ 39.2268959, -6.8470165 ], [ 39.2270307, -6.8468346 ], [ 39.227147, -6.8466404 ], [ 39.2272438, -6.8464357 ], [ 39.22732, -6.8462226 ], [ 39.2273749, -6.846003 ], [ 39.227408, -6.845779 ], [ 39.227419, -6.8455529 ], [ 39.2274078, -6.8453268 ], [ 39.2273745, -6.8451029 ], [ 39.2273194, -6.8448834 ], [ 39.2272429, -6.8446703 ], [ 39.227146, -6.8444657 ], [ 39.2270295, -6.8442716 ], [ 39.2268945, -6.8440898 ], [ 39.2267423, -6.8439221 ], [ 39.2265744, -6.8437702 ], [ 39.2263924, -6.8436354 ], [ 39.2261981, -6.8435191 ], [ 39.2259933, -6.8434225 ], [ 39.22578, -6.8433463 ], [ 39.2255603, -6.8432914 ], [ 39.2253362, -6.8432583 ], [ 39.22511, -6.8432473 ], [ 39.2248838, -6.8432585 ], [ 39.2246598, -6.8432918 ], [ 39.2244401, -6.8433469 ], [ 39.2242269, -6.8434233 ], [ 39.2240222, -6.8435202 ], [ 39.223828, -6.8436366 ], [ 39.2236461, -6.8437716 ], [ 39.2234784, -6.8439237 ], [ 39.2233264, -6.8440915 ], [ 39.2231915, -6.8442734 ], [ 39.2230752, -6.8444676 ], [ 39.2229784, -6.8446723 ], [ 39.2229022, -6.8448854 ], [ 39.2228473, -6.845105 ], [ 39.2228142, -6.845329 ], [ 39.2228032, -6.8455551 ], [ 39.2228144, -6.8457812 ], [ 39.2228477, -6.8460051 ], [ 39.2229028, -6.8462246 ], [ 39.2229792, -6.8464377 ], [ 39.2230762, -6.8466423 ], [ 39.2231927, -6.8468364 ], [ 39.2233277, -6.8470182 ], [ 39.2234799, -6.8471859 ], [ 39.2236478, -6.8473378 ], [ 39.2238298, -6.8474726 ], [ 39.2240241, -6.8475889 ], [ 39.2242289, -6.8476855 ], [ 39.2244422, -6.8477617 ], [ 39.2246619, -6.8478166 ], [ 39.224886, -6.8478497 ], [ 39.2251122, -6.8478607 ], [ 39.2253384, -6.8478495 ], [ 39.2255624, -6.8478162 ], [ 39.2257821, -6.8477611 ], [ 39.2259953, -6.8476847 ], [ 39.2262, -6.8475878 ], [ 39.2263942, -6.8474714 ] ] ], [ [ [ 39.2421908, -6.8476594 ], [ 39.2424041, -6.8477355 ], [ 39.2426238, -6.8477904 ], [ 39.2428478, -6.8478235 ], [ 39.2430741, -6.8478345 ], [ 39.2432156, -6.8478275 ], [ 39.2432492, -6.8478727 ], [ 39.2434014, -6.8480403 ], [ 39.2435693, -6.8481923 ], [ 39.2437512, -6.848327 ], [ 39.2439456, -6.8484433 ], [ 39.2441504, -6.84854 ], [ 39.2443637, -6.8486161 ], [ 39.2445834, -6.848671 ], [ 39.2448075, -6.8487041 ], [ 39.2450337, -6.8487151 ], [ 39.2452599, -6.8487039 ], [ 39.2454839, -6.8486706 ], [ 39.2457036, -6.8486154 ], [ 39.2459168, -6.8485391 ], [ 39.2461215, -6.8484422 ], [ 39.2463157, -6.8483257 ], [ 39.2464976, -6.8481908 ], [ 39.2466653, -6.8480387 ], [ 39.2468173, -6.8478709 ], [ 39.2469521, -6.847689 ], [ 39.2470685, -6.8474947 ], [ 39.2471652, -6.8472901 ], [ 39.2472414, -6.8470769 ], [ 39.2472963, -6.8468573 ], [ 39.2473295, -6.8466333 ], [ 39.2473404, -6.8464072 ], [ 39.2473292, -6.8461811 ], [ 39.2472959, -6.8459572 ], [ 39.2472407, -6.8457377 ], [ 39.2471643, -6.8455246 ], [ 39.2470674, -6.84532 ], [ 39.2470347, -6.8452655 ], [ 39.2470641, -6.8451477 ], [ 39.2470972, -6.8449237 ], [ 39.2471082, -6.8446976 ], [ 39.247097, -6.8444715 ], [ 39.2470637, -6.8442476 ], [ 39.2470085, -6.8440281 ], [ 39.2469321, -6.843815 ], [ 39.2468352, -6.8436104 ], [ 39.2467186, -6.8434163 ], [ 39.2467055, -6.8433986 ], [ 39.2468324, -6.8432586 ], [ 39.2469672, -6.8430767 ], [ 39.2470836, -6.8428824 ], [ 39.2471803, -6.8426778 ], [ 39.2472565, -6.8424646 ], [ 39.2473114, -6.842245 ], [ 39.2473445, -6.842021 ], [ 39.2473555, -6.8417949 ], [ 39.2473443, -6.8415688 ], [ 39.2473109, -6.8413449 ], [ 39.2472558, -6.8411254 ], [ 39.2471794, -6.8409123 ], [ 39.2470824, -6.8407077 ], [ 39.2469659, -6.8405136 ], [ 39.2468309, -6.8403318 ], [ 39.2466787, -6.8401642 ], [ 39.2465108, -6.8400122 ], [ 39.2463288, -6.8398775 ], [ 39.2461345, -6.8397612 ], [ 39.2460934, -6.8397418 ], [ 39.2461112, -6.8396705 ], [ 39.2461443, -6.8394465 ], [ 39.2461553, -6.8392204 ], [ 39.2461441, -6.8389943 ], [ 39.2461146, -6.8387967 ], [ 39.2461182, -6.8387928 ], [ 39.246253, -6.8386109 ], [ 39.2463693, -6.8384166 ], [ 39.2464661, -6.838212 ], [ 39.2465268, -6.8380419 ], [ 39.2466197, -6.8380186 ], [ 39.2468329, -6.8379423 ], [ 39.2470376, -6.8378454 ], [ 39.2472318, -6.8377289 ], [ 39.2474136, -6.837594 ], [ 39.2475814, -6.8374419 ], [ 39.2477334, -6.8372741 ], [ 39.2478682, -6.8370922 ], [ 39.2479845, -6.8368979 ], [ 39.2480813, -6.8366932 ], [ 39.2481575, -6.8364801 ], [ 39.2482124, -6.8362605 ], [ 39.2482455, -6.8360365 ], [ 39.2482565, -6.8358104 ], [ 39.2482453, -6.8355843 ], [ 39.2482184, -6.8354038 ], [ 39.2483346, -6.8353622 ], [ 39.2485393, -6.8352653 ], [ 39.2487335, -6.8351488 ], [ 39.2489153, -6.8350139 ], [ 39.2490831, -6.8348618 ], [ 39.2492351, -6.8346939 ], [ 39.2493699, -6.8345121 ], [ 39.2494862, -6.8343178 ], [ 39.249583, -6.8341131 ], [ 39.2496592, -6.8339 ], [ 39.2497141, -6.8336803 ], [ 39.2497472, -6.8334564 ], [ 39.2497582, -6.8332303 ], [ 39.249747, -6.8330042 ], [ 39.2497136, -6.8327803 ], [ 39.2496585, -6.8325608 ], [ 39.2496307, -6.8324833 ], [ 39.2496276, -6.8324709 ], [ 39.2495965, -6.8323843 ], [ 39.2497412, -6.8324359 ], [ 39.2499609, -6.8324908 ], [ 39.250185, -6.8325239 ], [ 39.2504112, -6.8325349 ], [ 39.2506374, -6.8325237 ], [ 39.2508614, -6.8324904 ], [ 39.2510811, -6.8324352 ], [ 39.2512943, -6.8323589 ], [ 39.251499, -6.832262 ], [ 39.2515628, -6.8322237 ], [ 39.2517047, -6.8321729 ], [ 39.2519094, -6.832076 ], [ 39.2519757, -6.8320362 ], [ 39.2520532, -6.8320167 ], [ 39.2522664, -6.8319404 ], [ 39.2524711, -6.8318435 ], [ 39.2526653, -6.831727 ], [ 39.2528471, -6.831592 ], [ 39.2530149, -6.8314399 ], [ 39.2531669, -6.8312721 ], [ 39.2533017, -6.8310902 ], [ 39.253418, -6.830896 ], [ 39.2535148, -6.8306913 ], [ 39.2535909, -6.8304781 ], [ 39.2536459, -6.8302585 ], [ 39.253679, -6.8300346 ], [ 39.25369, -6.8298085 ], [ 39.2536787, -6.8295824 ], [ 39.2536454, -6.8293585 ], [ 39.2535902, -6.8291389 ], [ 39.2535138, -6.8289258 ], [ 39.2534169, -6.8287213 ], [ 39.2533003, -6.8285272 ], [ 39.2531653, -6.8283454 ], [ 39.2530132, -6.8281778 ], [ 39.2528453, -6.8280258 ], [ 39.2526633, -6.8278911 ], [ 39.2526218, -6.8278663 ], [ 39.2525442, -6.8278088 ], [ 39.2523499, -6.8276925 ], [ 39.2521451, -6.8275958 ], [ 39.2519318, -6.8275197 ], [ 39.2517121, -6.8274648 ], [ 39.251488, -6.8274317 ], [ 39.2512618, -6.8274207 ], [ 39.2510356, -6.8274319 ], [ 39.2508116, -6.8274652 ], [ 39.2505919, -6.8275204 ], [ 39.2503787, -6.8275967 ], [ 39.250174, -6.8276936 ], [ 39.2499798, -6.8278101 ], [ 39.249798, -6.827945 ], [ 39.2497216, -6.8280143 ], [ 39.2496676, -6.8280467 ], [ 39.2495257, -6.8280975 ], [ 39.249321, -6.8281944 ], [ 39.2491268, -6.8283109 ], [ 39.248945, -6.8284458 ], [ 39.2487772, -6.828598 ], [ 39.2486252, -6.8287658 ], [ 39.2484904, -6.8289477 ], [ 39.2483741, -6.8291419 ], [ 39.2482774, -6.8293466 ], [ 39.2482012, -6.8295597 ], [ 39.2481462, -6.8297794 ], [ 39.2481131, -6.8300033 ], [ 39.2481021, -6.8302294 ], [ 39.2481134, -6.8304555 ], [ 39.2481467, -6.8306794 ], [ 39.2482019, -6.8308989 ], [ 39.2482329, -6.8309855 ], [ 39.2480882, -6.8309339 ], [ 39.2478685, -6.830879 ], [ 39.2476444, -6.8308459 ], [ 39.2474182, -6.8308349 ], [ 39.247192, -6.8308461 ], [ 39.246968, -6.8308794 ], [ 39.2467483, -6.8309346 ], [ 39.2465351, -6.8310109 ], [ 39.2463304, -6.8311078 ], [ 39.2461362, -6.8312243 ], [ 39.2459544, -6.8313592 ], [ 39.2457866, -6.8315113 ], [ 39.2456346, -6.8316791 ], [ 39.2454998, -6.831861 ], [ 39.2453835, -6.8320553 ], [ 39.2452867, -6.8322599 ], [ 39.2452106, -6.8324731 ], [ 39.2451556, -6.8326927 ], [ 39.2451225, -6.8329167 ], [ 39.2451115, -6.8331428 ], [ 39.2451227, -6.8333689 ], [ 39.2451536, -6.833576 ], [ 39.2450361, -6.8336181 ], [ 39.2448314, -6.833715 ], [ 39.2446372, -6.8338315 ], [ 39.2444554, -6.8339664 ], [ 39.2442876, -6.8341185 ], [ 39.2441356, -6.8342863 ], [ 39.2440008, -6.8344682 ], [ 39.2438845, -6.8346625 ], [ 39.2437877, -6.8348671 ], [ 39.243722, -6.8350511 ], [ 39.2436822, -6.8350611 ], [ 39.243469, -6.8351374 ], [ 39.2432643, -6.8352343 ], [ 39.2430701, -6.8353508 ], [ 39.2428883, -6.8354857 ], [ 39.2427205, -6.8356378 ], [ 39.2425685, -6.8358056 ], [ 39.2425555, -6.8358232 ], [ 39.2424591, -6.835828 ], [ 39.2422351, -6.8358613 ], [ 39.2420154, -6.8359164 ], [ 39.2418022, -6.8359928 ], [ 39.2415975, -6.8360897 ], [ 39.2414033, -6.8362062 ], [ 39.2412215, -6.8363411 ], [ 39.2410537, -6.8364932 ], [ 39.2409017, -6.836661 ], [ 39.2407669, -6.8368429 ], [ 39.2406506, -6.8370371 ], [ 39.2405538, -6.8372418 ], [ 39.2404776, -6.837455 ], [ 39.2404227, -6.8376746 ], [ 39.2403896, -6.8378986 ], [ 39.2403786, -6.8381247 ], [ 39.2403898, -6.8383507 ], [ 39.2404232, -6.8385747 ], [ 39.2404783, -6.8387942 ], [ 39.2405547, -6.8390073 ], [ 39.2406517, -6.8392119 ], [ 39.2407682, -6.839406 ], [ 39.2409032, -6.8395878 ], [ 39.2410554, -6.8397554 ], [ 39.2412233, -6.8399074 ], [ 39.2414053, -6.8400421 ], [ 39.2414949, -6.8400957 ], [ 39.2416526, -6.8402385 ], [ 39.2418346, -6.8403732 ], [ 39.2418594, -6.8403881 ], [ 39.2419291, -6.8405041 ], [ 39.2420641, -6.8406859 ], [ 39.2422163, -6.8408535 ], [ 39.2423842, -6.8410055 ], [ 39.2425662, -6.8411402 ], [ 39.2427605, -6.8412565 ], [ 39.2428016, -6.8412759 ], [ 39.2427838, -6.8413472 ], [ 39.2427507, -6.8415712 ], [ 39.2427397, -6.8417973 ], [ 39.2427509, -6.8420234 ], [ 39.2427842, -6.8422473 ], [ 39.2428394, -6.8424668 ], [ 39.2429158, -6.8426799 ], [ 39.2430127, -6.8428845 ], [ 39.2431293, -6.8430786 ], [ 39.2431424, -6.8430963 ], [ 39.2430273, -6.8432233 ], [ 39.2428455, -6.8432323 ], [ 39.2426215, -6.8432656 ], [ 39.2424018, -6.8433207 ], [ 39.2421886, -6.8433971 ], [ 39.2419839, -6.843494 ], [ 39.2417897, -6.8436105 ], [ 39.2416079, -6.8437454 ], [ 39.2414401, -6.8438975 ], [ 39.2412881, -6.8440653 ], [ 39.2411533, -6.8442472 ], [ 39.2410369, -6.8444414 ], [ 39.2409402, -6.8446461 ], [ 39.240864, -6.8448593 ], [ 39.2408091, -6.8450789 ], [ 39.240776, -6.8453029 ], [ 39.240765, -6.845529 ], [ 39.2407762, -6.8457551 ], [ 39.2408095, -6.845979 ], [ 39.2408647, -6.8461985 ], [ 39.2409411, -6.8464116 ], [ 39.241038, -6.8466162 ], [ 39.2411546, -6.8468103 ], [ 39.2412896, -6.8469921 ], [ 39.2414418, -6.8471597 ], [ 39.2416097, -6.8473117 ], [ 39.2417916, -6.8474464 ], [ 39.241986, -6.8475627 ], [ 39.2421908, -6.8476594 ] ] ], [ [ [ 39.2393415, -6.8403741 ], [ 39.2395233, -6.8402392 ], [ 39.2396911, -6.8400871 ], [ 39.2398431, -6.8399193 ], [ 39.2399779, -6.8397374 ], [ 39.2400942, -6.8395432 ], [ 39.240191, -6.8393385 ], [ 39.2402672, -6.8391253 ], [ 39.2403221, -6.8389057 ], [ 39.2403552, -6.8386818 ], [ 39.2403662, -6.8384557 ], [ 39.240355, -6.8382296 ], [ 39.2403216, -6.8380057 ], [ 39.2402665, -6.8377861 ], [ 39.2401901, -6.837573 ], [ 39.2400932, -6.8373684 ], [ 39.2399766, -6.8371743 ], [ 39.2398416, -6.8369925 ], [ 39.2396894, -6.8368249 ], [ 39.2395215, -6.836673 ], [ 39.2393396, -6.8365382 ], [ 39.2391452, -6.8364219 ], [ 39.2389404, -6.8363252 ], [ 39.2387272, -6.8362491 ], [ 39.2385074, -6.8361942 ], [ 39.2382834, -6.8361611 ], [ 39.2380572, -6.8361501 ], [ 39.237831, -6.8361613 ], [ 39.2376069, -6.8361946 ], [ 39.2373873, -6.8362497 ], [ 39.237174, -6.8363261 ], [ 39.2369694, -6.836423 ], [ 39.2367751, -6.8365395 ], [ 39.2365933, -6.8366744 ], [ 39.2364256, -6.8368265 ], [ 39.2362735, -6.8369943 ], [ 39.2361387, -6.8371762 ], [ 39.2360224, -6.8373704 ], [ 39.2359256, -6.8375751 ], [ 39.2358494, -6.8377883 ], [ 39.2357945, -6.8380079 ], [ 39.2357614, -6.8382318 ], [ 39.2357504, -6.8384579 ], [ 39.2357616, -6.838684 ], [ 39.235795, -6.8389079 ], [ 39.2358501, -6.8391275 ], [ 39.2359265, -6.8393406 ], [ 39.2360234, -6.8395452 ], [ 39.23614, -6.8397393 ], [ 39.236275, -6.839921 ], [ 39.2364272, -6.8400887 ], [ 39.2365951, -6.8402406 ], [ 39.236777, -6.8403754 ], [ 39.2369714, -6.8404917 ], [ 39.2371762, -6.8405884 ], [ 39.2373894, -6.8406645 ], [ 39.2376092, -6.8407194 ], [ 39.2378332, -6.8407525 ], [ 39.2380594, -6.8407635 ], [ 39.2382857, -6.8407523 ], [ 39.2385097, -6.840719 ], [ 39.2387293, -6.8406639 ], [ 39.2389426, -6.8405875 ], [ 39.2391473, -6.8404906 ], [ 39.2393415, -6.8403741 ] ] ], [ [ [ 39.2211265, -6.8328449 ], [ 39.2213527, -6.8328337 ], [ 39.2215767, -6.8328004 ], [ 39.2217964, -6.8327453 ], [ 39.2220096, -6.8326689 ], [ 39.2222143, -6.832572 ], [ 39.2224085, -6.8324556 ], [ 39.2225903, -6.8323206 ], [ 39.2227581, -6.8321685 ], [ 39.2229101, -6.8320007 ], [ 39.2230312, -6.8318374 ], [ 39.2231556, -6.8318434 ], [ 39.2233818, -6.8318322 ], [ 39.2236058, -6.8317989 ], [ 39.2238255, -6.8317438 ], [ 39.2240387, -6.8316674 ], [ 39.2242434, -6.8315705 ], [ 39.2244376, -6.8314541 ], [ 39.2246194, -6.8313191 ], [ 39.2247872, -6.831167 ], [ 39.2249392, -6.8309992 ], [ 39.225074, -6.8308174 ], [ 39.2251904, -6.8306231 ], [ 39.2252871, -6.8304185 ], [ 39.2253633, -6.8302053 ], [ 39.2254182, -6.8299857 ], [ 39.2254514, -6.8297617 ], [ 39.2254624, -6.8295356 ], [ 39.2254512, -6.8293095 ], [ 39.2254178, -6.8290856 ], [ 39.2253627, -6.8288661 ], [ 39.2252863, -6.828653 ], [ 39.2251894, -6.8284484 ], [ 39.2250728, -6.8282543 ], [ 39.2249378, -6.8280725 ], [ 39.2247856, -6.8279048 ], [ 39.2246178, -6.8277529 ], [ 39.2244358, -6.8276181 ], [ 39.2242415, -6.8275018 ], [ 39.2240367, -6.8274052 ], [ 39.2238234, -6.827329 ], [ 39.2236037, -6.8272741 ], [ 39.2233796, -6.827241 ], [ 39.2231534, -6.82723 ], [ 39.2229272, -6.8272412 ], [ 39.2227032, -6.8272745 ], [ 39.2224835, -6.8273296 ], [ 39.2222703, -6.827406 ], [ 39.2220656, -6.8275029 ], [ 39.2218714, -6.8276193 ], [ 39.2216896, -6.8277543 ], [ 39.2215218, -6.8279064 ], [ 39.2213698, -6.8280742 ], [ 39.2212487, -6.8282375 ], [ 39.2211243, -6.8282315 ], [ 39.2208981, -6.8282427 ], [ 39.2206741, -6.828276 ], [ 39.2204544, -6.8283311 ], [ 39.2202412, -6.8284075 ], [ 39.2200365, -6.8285044 ], [ 39.22, -6.8285263 ], [ 39.22, -6.83255 ], [ 39.2200384, -6.832573 ], [ 39.2202432, -6.8326697 ], [ 39.2204565, -6.8327459 ], [ 39.2206762, -6.8328008 ], [ 39.2209002, -6.8328339 ], [ 39.2211265, -6.8328449 ] ] ], [ [ [ 39.232793, -6.8303687 ], [ 39.2329607, -6.8302166 ], [ 39.2331127, -6.8300488 ], [ 39.2332475, -6.8298669 ], [ 39.2333639, -6.8296727 ], [ 39.2334606, -6.829468 ], [ 39.2335368, -6.8292548 ], [ 39.2335917, -6.8290352 ], [ 39.2336249, -6.8288113 ], [ 39.2336359, -6.8285852 ], [ 39.2336246, -6.8283591 ], [ 39.2335913, -6.8281352 ], [ 39.2335362, -6.8279156 ], [ 39.2334598, -6.8277025 ], [ 39.2333628, -6.8274979 ], [ 39.2332463, -6.8273038 ], [ 39.2331113, -6.8271221 ], [ 39.2329591, -6.8269544 ], [ 39.2327912, -6.8268025 ], [ 39.2326093, -6.8266677 ], [ 39.2324234, -6.8265565 ], [ 39.2325386, -6.826502 ], [ 39.2327328, -6.8263855 ], [ 39.2329146, -6.8262506 ], [ 39.2330824, -6.8260985 ], [ 39.2332344, -6.8259307 ], [ 39.2333692, -6.8257488 ], [ 39.2334856, -6.8255546 ], [ 39.2335823, -6.8253499 ], [ 39.2336585, -6.8251367 ], [ 39.2337134, -6.8249171 ], [ 39.2337465, -6.8246932 ], [ 39.2337575, -6.8244671 ], [ 39.2337463, -6.824241 ], [ 39.233713, -6.8240171 ], [ 39.2336578, -6.8237975 ], [ 39.2335814, -6.8235844 ], [ 39.2334845, -6.8233798 ], [ 39.233368, -6.8231857 ], [ 39.233233, -6.823004 ], [ 39.2330808, -6.8228363 ], [ 39.2329129, -6.8226844 ], [ 39.2327309, -6.8225496 ], [ 39.2325366, -6.8224333 ], [ 39.2323318, -6.8223366 ], [ 39.2321186, -6.8222605 ], [ 39.2318988, -6.8222056 ], [ 39.2316748, -6.8221725 ], [ 39.2314486, -6.8221615 ], [ 39.2312224, -6.8221727 ], [ 39.2309984, -6.822206 ], [ 39.2309229, -6.822225 ], [ 39.2308909, -6.8222058 ], [ 39.2306862, -6.8221091 ], [ 39.2304729, -6.822033 ], [ 39.2302532, -6.8219781 ], [ 39.2300291, -6.821945 ], [ 39.2298029, -6.821934 ], [ 39.2295767, -6.8219452 ], [ 39.2293527, -6.8219785 ], [ 39.229133, -6.8220336 ], [ 39.2289198, -6.82211 ], [ 39.2287151, -6.8222069 ], [ 39.2285209, -6.8223233 ], [ 39.2283391, -6.8224583 ], [ 39.2281713, -6.8226104 ], [ 39.2280193, -6.8227782 ], [ 39.2278845, -6.8229601 ], [ 39.2277681, -6.8231543 ], [ 39.2276714, -6.823359 ], [ 39.2275952, -6.8235721 ], [ 39.2275403, -6.8237918 ], [ 39.2275072, -6.8240157 ], [ 39.2274962, -6.8242418 ], [ 39.2275074, -6.8244679 ], [ 39.2275407, -6.8246918 ], [ 39.2275958, -6.8249114 ], [ 39.2276722, -6.8251245 ], [ 39.2277692, -6.825329 ], [ 39.2278857, -6.8255232 ], [ 39.2280207, -6.8257049 ], [ 39.2281729, -6.8258726 ], [ 39.2283408, -6.8260245 ], [ 39.2285227, -6.8261593 ], [ 39.2287171, -6.8262756 ], [ 39.2289218, -6.8263723 ], [ 39.2291351, -6.8264484 ], [ 39.2293548, -6.8265033 ], [ 39.2295789, -6.8265364 ], [ 39.2298051, -6.8265474 ], [ 39.2300313, -6.8265362 ], [ 39.2302553, -6.8265029 ], [ 39.2303308, -6.8264839 ], [ 39.2303543, -6.826498 ], [ 39.2302391, -6.8265525 ], [ 39.2300449, -6.8266689 ], [ 39.2298631, -6.8268039 ], [ 39.2296953, -6.826956 ], [ 39.2295433, -6.8271238 ], [ 39.2294085, -6.8273057 ], [ 39.2292921, -6.8274999 ], [ 39.2291954, -6.8277046 ], [ 39.2291192, -6.8279177 ], [ 39.2290643, -6.8281374 ], [ 39.2290311, -6.8283613 ], [ 39.2290201, -6.8285874 ], [ 39.2290314, -6.8288135 ], [ 39.2290647, -6.8290374 ], [ 39.2291198, -6.829257 ], [ 39.2291962, -6.8294701 ], [ 39.2292932, -6.8296747 ], [ 39.2294097, -6.8298688 ], [ 39.2295447, -6.8300505 ], [ 39.2296969, -6.8302182 ], [ 39.2298648, -6.8303701 ], [ 39.2300467, -6.8305049 ], [ 39.2302411, -6.8306212 ], [ 39.2304458, -6.8307179 ], [ 39.2306591, -6.830794 ], [ 39.2308788, -6.8308489 ], [ 39.2311029, -6.830882 ], [ 39.2313291, -6.830893 ], [ 39.2315553, -6.8308818 ], [ 39.2317793, -6.8308485 ], [ 39.231999, -6.8307934 ], [ 39.2322122, -6.830717 ], [ 39.2324169, -6.8306201 ], [ 39.2326111, -6.8305036 ], [ 39.232793, -6.8303687 ] ] ], [ [ [ 39.223783, -6.8181967 ], [ 39.2239507, -6.8180446 ], [ 39.2241027, -6.8178768 ], [ 39.2242376, -6.817695 ], [ 39.2243539, -6.8175007 ], [ 39.2244506, -6.8172961 ], [ 39.2245268, -6.8170829 ], [ 39.2245818, -6.8168633 ], [ 39.2246149, -6.8166393 ], [ 39.2246259, -6.8164132 ], [ 39.2246147, -6.8161871 ], [ 39.2245814, -6.8159632 ], [ 39.2245262, -6.8157437 ], [ 39.2244498, -6.8155306 ], [ 39.2243529, -6.815326 ], [ 39.2242364, -6.8151319 ], [ 39.2241776, -6.8150527 ], [ 39.2241816, -6.8149699 ], [ 39.2241704, -6.8147438 ], [ 39.224137, -6.8145199 ], [ 39.2240819, -6.8143004 ], [ 39.2240055, -6.8140873 ], [ 39.2239086, -6.8138827 ], [ 39.2237921, -6.8136886 ], [ 39.2236571, -6.8135068 ], [ 39.2235049, -6.8133391 ], [ 39.223337, -6.8131872 ], [ 39.2231551, -6.8130524 ], [ 39.2229608, -6.8129362 ], [ 39.222756, -6.8128395 ], [ 39.2225427, -6.8127633 ], [ 39.222323, -6.8127084 ], [ 39.2220989, -6.8126753 ], [ 39.2218727, -6.8126643 ], [ 39.2216465, -6.8126755 ], [ 39.2214225, -6.8127088 ], [ 39.2212029, -6.8127639 ], [ 39.2209897, -6.8128403 ], [ 39.220785, -6.8129372 ], [ 39.2205908, -6.8130536 ], [ 39.2204089, -6.8131886 ], [ 39.2202412, -6.8133406 ], [ 39.2200892, -6.8135084 ], [ 39.22, -6.8136288 ], [ 39.22, -6.8163133 ], [ 39.2200143, -6.8163326 ], [ 39.2200103, -6.8164154 ], [ 39.2200215, -6.8166414 ], [ 39.2200548, -6.8168654 ], [ 39.22011, -6.8170849 ], [ 39.2201864, -6.817298 ], [ 39.2202833, -6.8175026 ], [ 39.2203998, -6.8176967 ], [ 39.2205348, -6.8178785 ], [ 39.220687, -6.8180461 ], [ 39.2208549, -6.8181981 ], [ 39.2210368, -6.8183329 ], [ 39.2212311, -6.8184491 ], [ 39.2214359, -6.8185458 ], [ 39.2216492, -6.818622 ], [ 39.2218689, -6.8186769 ], [ 39.222093, -6.81871 ], [ 39.2223192, -6.818721 ], [ 39.2225454, -6.8187098 ], [ 39.2227694, -6.8186765 ], [ 39.222989, -6.8186214 ], [ 39.2232022, -6.818545 ], [ 39.2234069, -6.8184481 ], [ 39.2236011, -6.8183317 ], [ 39.223783, -6.8181967 ] ] ], [ [ [ 39.2404224, -6.811679 ], [ 39.2406042, -6.8115441 ], [ 39.240772, -6.811392 ], [ 39.240924, -6.8112242 ], [ 39.2410588, -6.8110423 ], [ 39.2411751, -6.8108481 ], [ 39.2412718, -6.8106434 ], [ 39.241348, -6.8104302 ], [ 39.241403, -6.8102106 ], [ 39.2414361, -6.8099867 ], [ 39.2414471, -6.8097606 ], [ 39.2414358, -6.8095345 ], [ 39.2414025, -6.8093106 ], [ 39.2413474, -6.809091 ], [ 39.241271, -6.8088779 ], [ 39.241174, -6.8086733 ], [ 39.2410575, -6.8084792 ], [ 39.2409225, -6.8082974 ], [ 39.2407703, -6.8081298 ], [ 39.2406024, -6.8079779 ], [ 39.2404205, -6.8078431 ], [ 39.2402262, -6.8077268 ], [ 39.2400214, -6.8076301 ], [ 39.2398081, -6.807554 ], [ 39.2395884, -6.8074991 ], [ 39.2393644, -6.807466 ], [ 39.2391382, -6.807455 ], [ 39.238912, -6.8074662 ], [ 39.238688, -6.8074995 ], [ 39.2384683, -6.8075546 ], [ 39.2382551, -6.807631 ], [ 39.2380504, -6.8077279 ], [ 39.2378562, -6.8078444 ], [ 39.2376744, -6.8079793 ], [ 39.2375067, -6.8081314 ], [ 39.2373546, -6.8082992 ], [ 39.2372198, -6.8084811 ], [ 39.2371035, -6.8086753 ], [ 39.2370068, -6.80888 ], [ 39.2369306, -6.8090932 ], [ 39.2368756, -6.8093128 ], [ 39.2368425, -6.8095367 ], [ 39.2368315, -6.8097628 ], [ 39.2368427, -6.8099889 ], [ 39.2368761, -6.8102128 ], [ 39.2369312, -6.8104324 ], [ 39.2370076, -6.8106455 ], [ 39.2371046, -6.8108501 ], [ 39.2372211, -6.8110442 ], [ 39.2373561, -6.8112259 ], [ 39.2375083, -6.8113936 ], [ 39.2376761, -6.8115455 ], [ 39.2378581, -6.8116803 ], [ 39.2380524, -6.8117966 ], [ 39.2382572, -6.8118933 ], [ 39.2384705, -6.8119694 ], [ 39.2386902, -6.8120243 ], [ 39.2389142, -6.8120574 ], [ 39.2391404, -6.8120684 ], [ 39.2393666, -6.8120572 ], [ 39.2395906, -6.8120239 ], [ 39.2398103, -6.8119688 ], [ 39.2400235, -6.8118924 ], [ 39.2402282, -6.8117955 ], [ 39.2404224, -6.811679 ] ] ], [ [ [ 39.2233262, -6.8107939 ], [ 39.2234939, -6.8106418 ], [ 39.2236459, -6.810474 ], [ 39.2237807, -6.8102922 ], [ 39.2238971, -6.8100979 ], [ 39.2239938, -6.8098933 ], [ 39.22407, -6.8096801 ], [ 39.2241249, -6.8094605 ], [ 39.2241581, -6.8092365 ], [ 39.2241691, -6.8090104 ], [ 39.2241579, -6.8087843 ], [ 39.2241245, -6.8085604 ], [ 39.2240694, -6.8083409 ], [ 39.223993, -6.8081278 ], [ 39.2238961, -6.8079232 ], [ 39.2237795, -6.8077291 ], [ 39.2236446, -6.8075473 ], [ 39.2234924, -6.8073796 ], [ 39.2233245, -6.8072277 ], [ 39.2231425, -6.8070929 ], [ 39.2229482, -6.8069767 ], [ 39.2227435, -6.80688 ], [ 39.2225302, -6.8068038 ], [ 39.2223105, -6.8067489 ], [ 39.2220864, -6.8067158 ], [ 39.2218602, -6.8067048 ], [ 39.221634, -6.806716 ], [ 39.22141, -6.8067493 ], [ 39.2211904, -6.8068044 ], [ 39.2209772, -6.8068808 ], [ 39.2207725, -6.8069777 ], [ 39.2205783, -6.8070941 ], [ 39.2203965, -6.807229 ], [ 39.2202287, -6.8073811 ], [ 39.2200767, -6.8075489 ], [ 39.22, -6.8076525 ], [ 39.22, -6.8103706 ], [ 39.220078, -6.8104757 ], [ 39.2202302, -6.8106433 ], [ 39.2203981, -6.8107953 ], [ 39.22058, -6.8109301 ], [ 39.2207744, -6.8110463 ], [ 39.2209791, -6.811143 ], [ 39.2211924, -6.8112192 ], [ 39.2214121, -6.8112741 ], [ 39.2216362, -6.8113072 ], [ 39.2218624, -6.8113182 ], [ 39.2220886, -6.811307 ], [ 39.2223126, -6.8112737 ], [ 39.2225322, -6.8112186 ], [ 39.2227454, -6.8111422 ], [ 39.2229501, -6.8110453 ], [ 39.2231443, -6.8109289 ], [ 39.2233262, -6.8107939 ] ] ], [ [ [ 39.2414463, -6.8030256 ], [ 39.2416281, -6.8028907 ], [ 39.2417958, -6.8027386 ], [ 39.2419478, -6.8025708 ], [ 39.2420827, -6.8023889 ], [ 39.242199, -6.8021947 ], [ 39.2422957, -6.80199 ], [ 39.2423719, -6.8017768 ], [ 39.2424268, -6.8015572 ], [ 39.2424599, -6.8013333 ], [ 39.2424709, -6.8011071 ], [ 39.2424597, -6.8008811 ], [ 39.2424264, -6.8006572 ], [ 39.2423712, -6.8004376 ], [ 39.2422948, -6.8002245 ], [ 39.2421979, -6.8000199 ], [ 39.2420814, -6.7998258 ], [ 39.2419464, -6.799644 ], [ 39.2417942, -6.7994764 ], [ 39.2416263, -6.7993245 ], [ 39.2414443, -6.7991897 ], [ 39.2413899, -6.7991571 ], [ 39.2413507, -6.7991217 ], [ 39.2411688, -6.7989869 ], [ 39.2409744, -6.7988706 ], [ 39.2407697, -6.7987739 ], [ 39.2407455, -6.7987653 ], [ 39.2407153, -6.798751 ], [ 39.2406043, -6.7987114 ], [ 39.2405252, -6.7986528 ], [ 39.2403308, -6.7985365 ], [ 39.2401261, -6.7984398 ], [ 39.2399128, -6.7983637 ], [ 39.2396931, -6.7983088 ], [ 39.2394691, -6.7982757 ], [ 39.2392429, -6.7982647 ], [ 39.2390167, -6.7982759 ], [ 39.2387927, -6.7983092 ], [ 39.238573, -6.7983643 ], [ 39.2383598, -6.7984407 ], [ 39.2381551, -6.7985376 ], [ 39.237961, -6.7986541 ], [ 39.2378172, -6.7987607 ], [ 39.2377804, -6.7986829 ], [ 39.2376639, -6.7984888 ], [ 39.2375289, -6.7983071 ], [ 39.2373767, -6.7981394 ], [ 39.2372749, -6.7980473 ], [ 39.2372369, -6.7979961 ], [ 39.2370847, -6.7978284 ], [ 39.2369168, -6.7976765 ], [ 39.2367349, -6.7975417 ], [ 39.2365406, -6.7974254 ], [ 39.2363358, -6.7973287 ], [ 39.2362913, -6.7973129 ], [ 39.2362162, -6.7972572 ], [ 39.2360219, -6.7971409 ], [ 39.2358171, -6.7970442 ], [ 39.2356038, -6.7969681 ], [ 39.2353841, -6.7969132 ], [ 39.2351601, -6.7968801 ], [ 39.2349339, -6.7968691 ], [ 39.2347077, -6.7968803 ], [ 39.2344837, -6.7969136 ], [ 39.234264, -6.7969687 ], [ 39.2340508, -6.7970451 ], [ 39.2338462, -6.797142 ], [ 39.233652, -6.7972585 ], [ 39.2334701, -6.7973934 ], [ 39.2333024, -6.7975455 ], [ 39.2331504, -6.7977133 ], [ 39.2330156, -6.7978952 ], [ 39.2328992, -6.7980894 ], [ 39.2328025, -6.7982941 ], [ 39.2328, -6.7983011 ], [ 39.2327898, -6.798095 ], [ 39.2327565, -6.7978711 ], [ 39.2327013, -6.7976515 ], [ 39.2326249, -6.7974384 ], [ 39.2325982, -6.797382 ], [ 39.2325473, -6.7972401 ], [ 39.2324504, -6.7970355 ], [ 39.2323339, -6.7968414 ], [ 39.2321989, -6.7966597 ], [ 39.2320467, -6.796492 ], [ 39.2318788, -6.7963401 ], [ 39.2316969, -6.7962053 ], [ 39.2315026, -6.796089 ], [ 39.2312978, -6.7959923 ], [ 39.2310845, -6.7959162 ], [ 39.2309812, -6.7958904 ], [ 39.2309659, -6.795879 ], [ 39.2307716, -6.7957627 ], [ 39.2305668, -6.795666 ], [ 39.2303535, -6.7955899 ], [ 39.2301338, -6.795535 ], [ 39.2299098, -6.7955019 ], [ 39.2296836, -6.7954909 ], [ 39.2294574, -6.7955021 ], [ 39.2292334, -6.7955354 ], [ 39.2290138, -6.7955905 ], [ 39.2288006, -6.7956669 ], [ 39.2285959, -6.7957638 ], [ 39.2284017, -6.7958802 ], [ 39.2282199, -6.7960152 ], [ 39.2282198, -6.7960152 ], [ 39.2281642, -6.7959226 ], [ 39.2280292, -6.7957408 ], [ 39.227877, -6.7955731 ], [ 39.2277092, -6.7954212 ], [ 39.2275272, -6.7952864 ], [ 39.2273329, -6.7951701 ], [ 39.2271281, -6.7950735 ], [ 39.2269149, -6.7949973 ], [ 39.2266952, -6.7949424 ], [ 39.2264711, -6.7949093 ], [ 39.2262449, -6.7948983 ], [ 39.2260187, -6.7949095 ], [ 39.2257947, -6.7949428 ], [ 39.2255944, -6.7949931 ], [ 39.2255801, -6.7949864 ], [ 39.2253669, -6.7949102 ], [ 39.2251472, -6.7948553 ], [ 39.224961, -6.7948278 ], [ 39.2249355, -6.7948214 ], [ 39.2247114, -6.7947883 ], [ 39.2244852, -6.7947773 ], [ 39.224259, -6.7947885 ], [ 39.224035, -6.7948218 ], [ 39.2238154, -6.7948769 ], [ 39.2236022, -6.7949533 ], [ 39.2233975, -6.7950502 ], [ 39.2232814, -6.7951198 ], [ 39.2232586, -6.7950562 ], [ 39.2231617, -6.7948516 ], [ 39.2230452, -6.7946575 ], [ 39.2229102, -6.7944757 ], [ 39.222758, -6.7943081 ], [ 39.2225902, -6.7941561 ], [ 39.2224082, -6.7940213 ], [ 39.2222139, -6.7939051 ], [ 39.2220091, -6.7938084 ], [ 39.2217959, -6.7937322 ], [ 39.2215762, -6.7936773 ], [ 39.2213521, -6.7936442 ], [ 39.2212876, -6.793641 ], [ 39.2212302, -6.7936267 ], [ 39.2210061, -6.7935936 ], [ 39.2207799, -6.7935826 ], [ 39.2205538, -6.7935938 ], [ 39.2203298, -6.7936271 ], [ 39.2201101, -6.7936822 ], [ 39.22, -6.7937217 ], [ 39.22, -6.7982753 ], [ 39.2200629, -6.7983129 ], [ 39.2202676, -6.7984096 ], [ 39.2204809, -6.7984858 ], [ 39.2207006, -6.7985407 ], [ 39.2209247, -6.7985738 ], [ 39.2211509, -6.7985848 ], [ 39.221377, -6.7985736 ], [ 39.221601, -6.7985403 ], [ 39.2218207, -6.7984852 ], [ 39.2220339, -6.7984088 ], [ 39.2222386, -6.798312 ], [ 39.2224328, -6.7981955 ], [ 39.2224554, -6.7981787 ], [ 39.2225681, -6.7983664 ], [ 39.2227031, -6.7985482 ], [ 39.2228553, -6.7987159 ], [ 39.2230231, -6.7988678 ], [ 39.2232051, -6.7990026 ], [ 39.2233994, -6.7991189 ], [ 39.2236042, -6.7992155 ], [ 39.2238174, -6.7992917 ], [ 39.2240371, -6.7993466 ], [ 39.2241212, -6.799359 ], [ 39.2241667, -6.7993863 ], [ 39.2243715, -6.7994829 ], [ 39.2245847, -6.7995591 ], [ 39.2248044, -6.799614 ], [ 39.2250285, -6.7996471 ], [ 39.2252547, -6.7996581 ], [ 39.2254809, -6.7996469 ], [ 39.2257049, -6.7996136 ], [ 39.2259245, -6.7995585 ], [ 39.226078, -6.7995035 ], [ 39.2262471, -6.7995117 ], [ 39.2264733, -6.7995005 ], [ 39.2266973, -6.7994672 ], [ 39.2269169, -6.7994121 ], [ 39.2271301, -6.7993357 ], [ 39.2273348, -6.7992388 ], [ 39.227529, -6.7991224 ], [ 39.2277108, -6.7989874 ], [ 39.2277109, -6.7989874 ], [ 39.2277665, -6.7990801 ], [ 39.2279015, -6.7992618 ], [ 39.2280537, -6.7994295 ], [ 39.2282215, -6.7995814 ], [ 39.2284035, -6.7997162 ], [ 39.2285978, -6.7998325 ], [ 39.2288026, -6.7999292 ], [ 39.2288574, -6.7999487 ], [ 39.2288623, -6.7999541 ], [ 39.2290301, -6.800106 ], [ 39.2292121, -6.8002408 ], [ 39.2294064, -6.8003571 ], [ 39.2296112, -6.8004538 ], [ 39.2298245, -6.8005299 ], [ 39.2300442, -6.8005848 ], [ 39.2302682, -6.8006179 ], [ 39.2304944, -6.8006289 ], [ 39.2307206, -6.8006177 ], [ 39.2309446, -6.8005844 ], [ 39.2311643, -6.8005293 ], [ 39.2313774, -6.8004529 ], [ 39.2315821, -6.800356 ], [ 39.2317763, -6.8002396 ], [ 39.2319582, -6.8001046 ], [ 39.2321259, -6.7999525 ], [ 39.2322779, -6.7997847 ], [ 39.2324127, -6.7996028 ], [ 39.232529, -6.7994086 ], [ 39.2326258, -6.7992039 ], [ 39.2326283, -6.799197 ], [ 39.2326385, -6.799403 ], [ 39.2326718, -6.7996269 ], [ 39.232727, -6.7998465 ], [ 39.2328034, -6.8000596 ], [ 39.2329003, -6.8002642 ], [ 39.2330168, -6.8004583 ], [ 39.2331518, -6.80064 ], [ 39.233304, -6.8008077 ], [ 39.2334719, -6.8009596 ], [ 39.2335801, -6.8010398 ], [ 39.2336084, -6.8011524 ], [ 39.2336848, -6.8013655 ], [ 39.2337817, -6.8015701 ], [ 39.2338982, -6.8017642 ], [ 39.2340332, -6.8019459 ], [ 39.2341854, -6.8021136 ], [ 39.2343533, -6.8022655 ], [ 39.2345352, -6.8024003 ], [ 39.2347295, -6.8025166 ], [ 39.2349343, -6.8026133 ], [ 39.2351476, -6.8026894 ], [ 39.2353673, -6.8027443 ], [ 39.2355913, -6.8027774 ], [ 39.2358175, -6.8027884 ], [ 39.2360437, -6.8027772 ], [ 39.2362677, -6.8027439 ], [ 39.2364874, -6.8026888 ], [ 39.2367006, -6.8026124 ], [ 39.2369053, -6.8025155 ], [ 39.2370994, -6.802399 ], [ 39.2372813, -6.8022641 ], [ 39.237449, -6.802112 ], [ 39.2374895, -6.8020673 ], [ 39.237613, -6.8022033 ], [ 39.2377809, -6.8023552 ], [ 39.2379628, -6.80249 ], [ 39.2381571, -6.8026063 ], [ 39.2383619, -6.802703 ], [ 39.2384729, -6.8027426 ], [ 39.238552, -6.8028012 ], [ 39.2386924, -6.8028852 ], [ 39.2387001, -6.8028921 ], [ 39.238882, -6.8030269 ], [ 39.2390763, -6.8031432 ], [ 39.2392811, -6.8032399 ], [ 39.2394944, -6.803316 ], [ 39.2397141, -6.8033709 ], [ 39.2399381, -6.803404 ], [ 39.2401643, -6.803415 ], [ 39.2403905, -6.8034038 ], [ 39.2406145, -6.8033705 ], [ 39.2408342, -6.8033154 ], [ 39.2410474, -6.803239 ], [ 39.2412521, -6.8031421 ], [ 39.2414463, -6.8030256 ] ] ], [ [ [ 39.2240889, -6.7867782 ], [ 39.2242707, -6.7866432 ], [ 39.2244384, -6.7864911 ], [ 39.2245904, -6.7863233 ], [ 39.2247252, -6.7861415 ], [ 39.2248416, -6.7859472 ], [ 39.2249383, -6.7857426 ], [ 39.2250145, -6.7855294 ], [ 39.2250694, -6.7853098 ], [ 39.2251026, -6.7850858 ], [ 39.2251136, -6.7848597 ], [ 39.2251023, -6.7846336 ], [ 39.225069, -6.7844097 ], [ 39.2250139, -6.7841902 ], [ 39.2249375, -6.7839771 ], [ 39.2248406, -6.7837725 ], [ 39.2247241, -6.7835784 ], [ 39.2245891, -6.7833966 ], [ 39.2244369, -6.7832289 ], [ 39.224269, -6.783077 ], [ 39.2241047, -6.7829553 ], [ 39.2241398, -6.7829465 ], [ 39.224353, -6.7828701 ], [ 39.2245577, -6.7827732 ], [ 39.2247518, -6.7826568 ], [ 39.2249337, -6.7825218 ], [ 39.2251014, -6.7823697 ], [ 39.2252534, -6.7822019 ], [ 39.2253882, -6.7820201 ], [ 39.2255046, -6.7818258 ], [ 39.2256013, -6.7816212 ], [ 39.2256775, -6.781408 ], [ 39.2257324, -6.7811884 ], [ 39.2257655, -6.7809644 ], [ 39.2257765, -6.7807383 ], [ 39.2257653, -6.7805122 ], [ 39.225732, -6.7802883 ], [ 39.2256769, -6.7800688 ], [ 39.2256524, -6.7800004 ], [ 39.2212569, -6.7800001 ], [ 39.2212361, -6.7800581 ], [ 39.2211812, -6.7802777 ], [ 39.2211481, -6.7805017 ], [ 39.2211371, -6.7807278 ], [ 39.2211483, -6.7809539 ], [ 39.2211816, -6.7811778 ], [ 39.2212367, -6.7813973 ], [ 39.2213131, -6.7816104 ], [ 39.22141, -6.781815 ], [ 39.2215266, -6.7820091 ], [ 39.2216615, -6.7821909 ], [ 39.2218137, -6.7823585 ], [ 39.2219816, -6.7825105 ], [ 39.2221635, -6.7826453 ], [ 39.2221651, -6.7826462 ], [ 39.222135, -6.7826537 ], [ 39.2219218, -6.7827301 ], [ 39.2217171, -6.7828269 ], [ 39.221523, -6.7829434 ], [ 39.2213411, -6.7830783 ], [ 39.2211734, -6.7832304 ], [ 39.2210214, -6.7833982 ], [ 39.2208866, -6.7835801 ], [ 39.2207702, -6.7837743 ], [ 39.2206735, -6.783979 ], [ 39.2205973, -6.7841922 ], [ 39.2205424, -6.7844118 ], [ 39.2205093, -6.7846358 ], [ 39.2204982, -6.7848619 ], [ 39.2205095, -6.7850879 ], [ 39.2205428, -6.7853119 ], [ 39.2205979, -6.7855314 ], [ 39.2206743, -6.7857445 ], [ 39.2207712, -6.7859491 ], [ 39.2208877, -6.7861432 ], [ 39.2210227, -6.786325 ], [ 39.2211749, -6.7864926 ], [ 39.2213428, -6.7866446 ], [ 39.2215247, -6.7867794 ], [ 39.221719, -6.7868956 ], [ 39.2219238, -6.7869923 ], [ 39.222137, -6.7870685 ], [ 39.2223567, -6.7871234 ], [ 39.2225808, -6.7871565 ], [ 39.222807, -6.7871675 ], [ 39.2230331, -6.7871563 ], [ 39.2232571, -6.787123 ], [ 39.2234768, -6.7870679 ], [ 39.22369, -6.7869915 ], [ 39.2238947, -6.7868946 ], [ 39.2240889, -6.7867782 ] ] ], [ [ [ 39.2519299, -6.8433034 ], [ 39.2521118, -6.8431684 ], [ 39.2522795, -6.8430163 ], [ 39.2524315, -6.8428485 ], [ 39.2525663, -6.8426666 ], [ 39.2526827, -6.8424724 ], [ 39.2527794, -6.8422677 ], [ 39.2528556, -6.8420545 ], [ 39.2529105, -6.8418349 ], [ 39.2529436, -6.841611 ], [ 39.2529546, -6.8413849 ], [ 39.2529434, -6.8411588 ], [ 39.25291, -6.8409349 ], [ 39.2528549, -6.8407153 ], [ 39.2527785, -6.8405022 ], [ 39.2526815, -6.8402977 ], [ 39.252565, -6.8401036 ], [ 39.25243, -6.8399218 ], [ 39.2522778, -6.8397542 ], [ 39.2521099, -6.8396022 ], [ 39.2519279, -6.8394675 ], [ 39.2517336, -6.8393512 ], [ 39.2515288, -6.8392545 ], [ 39.2513155, -6.8391784 ], [ 39.2510958, -6.8391235 ], [ 39.2508717, -6.8390904 ], [ 39.2506455, -6.8390794 ], [ 39.2504193, -6.8390906 ], [ 39.2501953, -6.8391239 ], [ 39.2499756, -6.8391791 ], [ 39.2497624, -6.8392554 ], [ 39.2495577, -6.8393523 ], [ 39.2493635, -6.8394688 ], [ 39.2491816, -6.8396037 ], [ 39.2490139, -6.8397559 ], [ 39.2488619, -6.8399237 ], [ 39.2487271, -6.8401056 ], [ 39.2486107, -6.8402998 ], [ 39.248514, -6.8405045 ], [ 39.2484378, -6.8407176 ], [ 39.2483829, -6.8409373 ], [ 39.2483498, -6.8411612 ], [ 39.2483388, -6.8413873 ], [ 39.24835, -6.8416134 ], [ 39.2483834, -6.8418373 ], [ 39.2484385, -6.8420568 ], [ 39.2485149, -6.8422699 ], [ 39.2486119, -6.8424745 ], [ 39.2487284, -6.8426686 ], [ 39.2488634, -6.8428504 ], [ 39.2490156, -6.843018 ], [ 39.2491835, -6.84317 ], [ 39.2493655, -6.8433047 ], [ 39.2495598, -6.843421 ], [ 39.2497646, -6.8435177 ], [ 39.2499779, -6.8435938 ], [ 39.2501976, -6.8436487 ], [ 39.2504217, -6.8436818 ], [ 39.2506479, -6.8436928 ], [ 39.2508741, -6.8436816 ], [ 39.2510981, -6.8436483 ], [ 39.2513178, -6.8435931 ], [ 39.251531, -6.8435168 ], [ 39.2517357, -6.8434199 ], [ 39.2519299, -6.8433034 ] ] ], [ [ [ 39.2577434, -6.8404029 ], [ 39.2579111, -6.8402508 ], [ 39.2580631, -6.840083 ], [ 39.2581979, -6.8399011 ], [ 39.2583143, -6.8397069 ], [ 39.258411, -6.8395022 ], [ 39.2584872, -6.839289 ], [ 39.2585421, -6.8390694 ], [ 39.2585752, -6.8388455 ], [ 39.2585862, -6.8386194 ], [ 39.258575, -6.8383933 ], [ 39.2585416, -6.8381694 ], [ 39.2584865, -6.8379498 ], [ 39.2584101, -6.8377367 ], [ 39.2583131, -6.8375321 ], [ 39.2581966, -6.837338 ], [ 39.2580616, -6.8371563 ], [ 39.2579094, -6.8369886 ], [ 39.2577415, -6.8368367 ], [ 39.2575595, -6.836702 ], [ 39.2573652, -6.8365857 ], [ 39.2571604, -6.836489 ], [ 39.2569471, -6.8364129 ], [ 39.2567273, -6.836358 ], [ 39.2565033, -6.8363249 ], [ 39.2562771, -6.8363139 ], [ 39.2560509, -6.8363251 ], [ 39.2558268, -6.8363584 ], [ 39.2556072, -6.8364136 ], [ 39.255394, -6.8364899 ], [ 39.2551893, -6.8365868 ], [ 39.2549951, -6.8367033 ], [ 39.2548132, -6.8368383 ], [ 39.2546455, -6.8369904 ], [ 39.2544935, -6.8371582 ], [ 39.2543587, -6.8373401 ], [ 39.2542423, -6.8375343 ], [ 39.2541456, -6.837739 ], [ 39.2540694, -6.8379522 ], [ 39.2540145, -6.8381718 ], [ 39.2539814, -6.8383957 ], [ 39.2539704, -6.8386218 ], [ 39.2539816, -6.8388479 ], [ 39.254015, -6.8390718 ], [ 39.2540701, -6.8392914 ], [ 39.2541465, -6.8395045 ], [ 39.2542435, -6.8397091 ], [ 39.25436, -6.8399032 ], [ 39.254495, -6.8400849 ], [ 39.2546472, -6.8402526 ], [ 39.2548151, -6.8404045 ], [ 39.2549971, -6.8405392 ], [ 39.2551914, -6.8406555 ], [ 39.2553962, -6.8407522 ], [ 39.2556095, -6.8408283 ], [ 39.2558293, -6.8408832 ], [ 39.2560533, -6.8409163 ], [ 39.2562795, -6.8409273 ], [ 39.2565057, -6.8409161 ], [ 39.2567298, -6.8408828 ], [ 39.2569494, -6.8408276 ], [ 39.2571626, -6.8407513 ], [ 39.2573673, -6.8406544 ], [ 39.2575615, -6.8405379 ], [ 39.2577434, -6.8404029 ] ] ], [ [ [ 39.2548473, -6.8304569 ], [ 39.2550417, -6.8305732 ], [ 39.2552464, -6.8306699 ], [ 39.2554597, -6.830746 ], [ 39.2556795, -6.8308009 ], [ 39.2559035, -6.830834 ], [ 39.2561297, -6.830845 ], [ 39.2563559, -6.8308338 ], [ 39.2564193, -6.8308244 ], [ 39.2566322, -6.8308138 ], [ 39.2568562, -6.8307805 ], [ 39.2570759, -6.8307253 ], [ 39.2572891, -6.830649 ], [ 39.2574938, -6.8305521 ], [ 39.257688, -6.8304356 ], [ 39.2578698, -6.8303006 ], [ 39.2579603, -6.8302186 ], [ 39.2580632, -6.8302443 ], [ 39.2582872, -6.8302774 ], [ 39.2585134, -6.8302884 ], [ 39.2587396, -6.8302772 ], [ 39.2589637, -6.8302438 ], [ 39.2591833, -6.8301887 ], [ 39.2593965, -6.8301124 ], [ 39.2596012, -6.8300155 ], [ 39.2597954, -6.829899 ], [ 39.2599773, -6.829764 ], [ 39.2599811, -6.8297605 ], [ 39.2600322, -6.8297299 ], [ 39.2602141, -6.8295949 ], [ 39.2603818, -6.8294428 ], [ 39.2605338, -6.829275 ], [ 39.2606686, -6.8290931 ], [ 39.2607849, -6.8288989 ], [ 39.2608817, -6.8286942 ], [ 39.2609578, -6.828481 ], [ 39.2610128, -6.8282614 ], [ 39.2610459, -6.8280375 ], [ 39.2610569, -6.8278114 ], [ 39.2610456, -6.8275853 ], [ 39.2610123, -6.8273614 ], [ 39.2609571, -6.8271418 ], [ 39.2608807, -6.8269287 ], [ 39.2607838, -6.8267241 ], [ 39.2606672, -6.82653 ], [ 39.2605322, -6.8263483 ], [ 39.26038, -6.8261806 ], [ 39.2602121, -6.8260287 ], [ 39.2600301, -6.8258939 ], [ 39.2598358, -6.8257777 ], [ 39.259631, -6.825681 ], [ 39.2594177, -6.8256049 ], [ 39.259198, -6.82555 ], [ 39.258974, -6.8255169 ], [ 39.2587478, -6.8255059 ], [ 39.2585216, -6.8255171 ], [ 39.2582975, -6.8255505 ], [ 39.2580779, -6.8256056 ], [ 39.2578647, -6.8256819 ], [ 39.25766, -6.8257788 ], [ 39.2574658, -6.8258953 ], [ 39.257284, -6.8260303 ], [ 39.2572801, -6.8260338 ], [ 39.257229, -6.8260644 ], [ 39.2570472, -6.8261994 ], [ 39.2569567, -6.8262814 ], [ 39.2568538, -6.8262557 ], [ 39.2566298, -6.8262226 ], [ 39.2564036, -6.8262116 ], [ 39.2561774, -6.8262228 ], [ 39.256114, -6.8262322 ], [ 39.2559011, -6.8262428 ], [ 39.2556771, -6.8262761 ], [ 39.2554574, -6.8263313 ], [ 39.2552442, -6.8264076 ], [ 39.2550395, -6.8265045 ], [ 39.2548453, -6.826621 ], [ 39.2546635, -6.826756 ], [ 39.2544957, -6.8269081 ], [ 39.2543437, -6.8270759 ], [ 39.2542089, -6.8272578 ], [ 39.2540926, -6.827452 ], [ 39.2539958, -6.8276567 ], [ 39.2539197, -6.8278699 ], [ 39.2538647, -6.8280895 ], [ 39.2538316, -6.8283134 ], [ 39.2538206, -6.8285395 ], [ 39.2538319, -6.8287656 ], [ 39.2538652, -6.8289895 ], [ 39.2539204, -6.8292091 ], [ 39.2539968, -6.8294222 ], [ 39.2540937, -6.8296268 ], [ 39.2542103, -6.8298209 ], [ 39.2543453, -6.8300026 ], [ 39.2544975, -6.8301703 ], [ 39.2546654, -6.8303222 ], [ 39.2548473, -6.8304569 ] ] ], [ [ [ 39.2593174, -6.821145 ], [ 39.2594992, -6.82101 ], [ 39.2596669, -6.8208579 ], [ 39.259819, -6.8206901 ], [ 39.2599538, -6.8205082 ], [ 39.2600701, -6.820314 ], [ 39.2601668, -6.8201093 ], [ 39.260243, -6.8198961 ], [ 39.2602979, -6.8196765 ], [ 39.260331, -6.8194526 ], [ 39.260342, -6.8192265 ], [ 39.2603308, -6.8190004 ], [ 39.2602974, -6.8187765 ], [ 39.2602423, -6.8185569 ], [ 39.2601659, -6.8183438 ], [ 39.2600689, -6.8181392 ], [ 39.2599524, -6.8179451 ], [ 39.2598174, -6.8177634 ], [ 39.2596652, -6.8175957 ], [ 39.2594973, -6.8174438 ], [ 39.2593153, -6.817309 ], [ 39.259121, -6.8171928 ], [ 39.2589162, -6.8170961 ], [ 39.2587029, -6.81702 ], [ 39.2584832, -6.8169651 ], [ 39.2582592, -6.816932 ], [ 39.258033, -6.816921 ], [ 39.2578068, -6.8169322 ], [ 39.2575828, -6.8169655 ], [ 39.2573631, -6.8170207 ], [ 39.2571604, -6.8170933 ], [ 39.2571704, -6.8168883 ], [ 39.2571592, -6.8166622 ], [ 39.2571258, -6.8164383 ], [ 39.2570707, -6.8162187 ], [ 39.2569943, -6.8160056 ], [ 39.2568973, -6.815801 ], [ 39.2567808, -6.8156069 ], [ 39.2566458, -6.8154252 ], [ 39.2564936, -6.8152575 ], [ 39.2564419, -6.8152108 ], [ 39.2564317, -6.8151699 ], [ 39.2563553, -6.8149568 ], [ 39.2562583, -6.8147522 ], [ 39.2561418, -6.8145581 ], [ 39.2560068, -6.8143764 ], [ 39.2558546, -6.8142087 ], [ 39.2556867, -6.8140568 ], [ 39.2555047, -6.8139221 ], [ 39.2553104, -6.8138058 ], [ 39.2551056, -6.8137091 ], [ 39.2548924, -6.813633 ], [ 39.2546726, -6.8135781 ], [ 39.2544486, -6.813545 ], [ 39.2542224, -6.813534 ], [ 39.2539962, -6.8135452 ], [ 39.2537722, -6.8135785 ], [ 39.2535525, -6.8136337 ], [ 39.2533393, -6.81371 ], [ 39.2531346, -6.8138069 ], [ 39.2529404, -6.8139234 ], [ 39.2527586, -6.8140584 ], [ 39.2525909, -6.8142105 ], [ 39.2524389, -6.8143783 ], [ 39.2523041, -6.8145602 ], [ 39.2521877, -6.8147544 ], [ 39.252091, -6.8149591 ], [ 39.2520148, -6.8151723 ], [ 39.2519599, -6.8153919 ], [ 39.2519268, -6.8156158 ], [ 39.2519158, -6.8158419 ], [ 39.251927, -6.816068 ], [ 39.2519604, -6.8162919 ], [ 39.2520155, -6.8165115 ], [ 39.2520919, -6.8167246 ], [ 39.2521889, -6.8169291 ], [ 39.2523054, -6.8171232 ], [ 39.2524404, -6.817305 ], [ 39.2525926, -6.8174727 ], [ 39.2526443, -6.8175194 ], [ 39.2526545, -6.8175603 ], [ 39.2527309, -6.8177734 ], [ 39.2528279, -6.8179779 ], [ 39.2529444, -6.8181721 ], [ 39.2530794, -6.8183538 ], [ 39.2532316, -6.8185215 ], [ 39.2533995, -6.8186734 ], [ 39.2535815, -6.8188081 ], [ 39.2537758, -6.8189244 ], [ 39.2539806, -6.8190211 ], [ 39.2541938, -6.8190972 ], [ 39.2544136, -6.8191521 ], [ 39.2546376, -6.8191852 ], [ 39.2548638, -6.8191962 ], [ 39.25509, -6.819185 ], [ 39.255314, -6.8191517 ], [ 39.2555337, -6.8190965 ], [ 39.2557364, -6.8190239 ], [ 39.2557264, -6.8192289 ], [ 39.2557376, -6.819455 ], [ 39.255771, -6.8196789 ], [ 39.2558261, -6.8198985 ], [ 39.2559025, -6.8201116 ], [ 39.2559995, -6.8203162 ], [ 39.256116, -6.8205103 ], [ 39.256251, -6.820692 ], [ 39.2564032, -6.8208597 ], [ 39.2565711, -6.8210116 ], [ 39.2567531, -6.8211463 ], [ 39.2569474, -6.8212626 ], [ 39.2571522, -6.8213593 ], [ 39.2573655, -6.8214354 ], [ 39.2575852, -6.8214903 ], [ 39.2578092, -6.8215234 ], [ 39.2580354, -6.8215344 ], [ 39.2582616, -6.8215232 ], [ 39.2584856, -6.8214899 ], [ 39.2587053, -6.8214347 ], [ 39.2589185, -6.8213584 ], [ 39.2591232, -6.8212615 ], [ 39.2593174, -6.821145 ] ] ], [ [ [ 39.2566998, -6.8092172 ], [ 39.2569195, -6.809162 ], [ 39.2571327, -6.8090857 ], [ 39.2572095, -6.8090493 ], [ 39.2572776, -6.8091932 ], [ 39.2573941, -6.8093873 ], [ 39.2575292, -6.809569 ], [ 39.2576813, -6.8097367 ], [ 39.2578492, -6.8098886 ], [ 39.2580312, -6.8100233 ], [ 39.2582255, -6.8101396 ], [ 39.2584303, -6.8102363 ], [ 39.2586436, -6.8103124 ], [ 39.2588633, -6.8103673 ], [ 39.2590234, -6.810391 ], [ 39.2591608, -6.8104732 ], [ 39.2593656, -6.8105699 ], [ 39.2595789, -6.810646 ], [ 39.2597986, -6.8107009 ], [ 39.2600226, -6.810734 ], [ 39.2602488, -6.810745 ], [ 39.260475, -6.8107338 ], [ 39.260699, -6.8107004 ], [ 39.2609187, -6.8106453 ], [ 39.2611319, -6.810569 ], [ 39.2613366, -6.8104721 ], [ 39.2615308, -6.8103556 ], [ 39.2617126, -6.8102206 ], [ 39.2618803, -6.8100685 ], [ 39.2620323, -6.8099007 ], [ 39.2621671, -6.8097188 ], [ 39.2622835, -6.8095246 ], [ 39.2623802, -6.8093199 ], [ 39.2624564, -6.8091067 ], [ 39.2625113, -6.8088871 ], [ 39.2625444, -6.8086632 ], [ 39.2625554, -6.8084371 ], [ 39.2625441, -6.808211 ], [ 39.2625108, -6.8079871 ], [ 39.2624556, -6.8077675 ], [ 39.2623792, -6.8075544 ], [ 39.2622823, -6.8073498 ], [ 39.2621657, -6.8071557 ], [ 39.2620863, -6.8070487 ], [ 39.262023, -6.8069434 ], [ 39.261888, -6.8067617 ], [ 39.2617359, -6.806594 ], [ 39.261568, -6.8064421 ], [ 39.261386, -6.8063073 ], [ 39.2612463, -6.8062238 ], [ 39.261401, -6.8061684 ], [ 39.2616057, -6.8060715 ], [ 39.2617999, -6.805955 ], [ 39.2619817, -6.80582 ], [ 39.2621494, -6.8056679 ], [ 39.2623014, -6.8055001 ], [ 39.2624362, -6.8053182 ], [ 39.2625525, -6.805124 ], [ 39.2626493, -6.8049193 ], [ 39.2627254, -6.8047061 ], [ 39.2627803, -6.8044865 ], [ 39.2628135, -6.8042626 ], [ 39.2628244, -6.8040365 ], [ 39.2628132, -6.8038104 ], [ 39.2627799, -6.8035865 ], [ 39.2627247, -6.8033669 ], [ 39.2626483, -6.8031538 ], [ 39.2626228, -6.8031 ], [ 39.2626348, -6.8030187 ], [ 39.2626458, -6.8027926 ], [ 39.2626346, -6.8025665 ], [ 39.2626012, -6.8023426 ], [ 39.2625461, -6.802123 ], [ 39.2624697, -6.8019099 ], [ 39.2623728, -6.8017053 ], [ 39.2622562, -6.8015112 ], [ 39.2621212, -6.8013295 ], [ 39.261969, -6.8011618 ], [ 39.2618011, -6.8010099 ], [ 39.2616192, -6.8008751 ], [ 39.2614249, -6.8007589 ], [ 39.2612201, -6.8006622 ], [ 39.2610068, -6.800586 ], [ 39.2607871, -6.8005312 ], [ 39.2605631, -6.8004981 ], [ 39.2603369, -6.8004871 ], [ 39.2601107, -6.8004983 ], [ 39.2598867, -6.8005316 ], [ 39.259667, -6.8005868 ], [ 39.2594538, -6.8006631 ], [ 39.2592491, -6.80076 ], [ 39.259055, -6.8008765 ], [ 39.2588731, -6.8010115 ], [ 39.2587054, -6.8011636 ], [ 39.2585534, -6.8013314 ], [ 39.2584186, -6.8015133 ], [ 39.2583023, -6.8017075 ], [ 39.2582056, -6.8019122 ], [ 39.2581294, -6.8021254 ], [ 39.2580745, -6.802345 ], [ 39.258056, -6.8024699 ], [ 39.2579428, -6.8026589 ], [ 39.2578882, -6.8027744 ], [ 39.2577172, -6.8029013 ], [ 39.2575495, -6.8030534 ], [ 39.2573975, -6.8032212 ], [ 39.2572627, -6.8034031 ], [ 39.2571464, -6.8035973 ], [ 39.2570497, -6.803802 ], [ 39.2570109, -6.8039105 ], [ 39.2569706, -6.8039404 ], [ 39.2568029, -6.8040925 ], [ 39.2566509, -6.8042603 ], [ 39.2565161, -6.8044422 ], [ 39.256499, -6.8044707 ], [ 39.2564844, -6.8044574 ], [ 39.2563024, -6.8043227 ], [ 39.2561081, -6.8042064 ], [ 39.2559033, -6.8041097 ], [ 39.25569, -6.8040336 ], [ 39.2554703, -6.8039787 ], [ 39.2552463, -6.8039456 ], [ 39.2550201, -6.8039346 ], [ 39.2550168, -6.8039347 ], [ 39.2548703, -6.8038825 ], [ 39.2546506, -6.8038276 ], [ 39.2544266, -6.8037945 ], [ 39.2542004, -6.8037835 ], [ 39.2541938, -6.8037838 ], [ 39.2541871, -6.8037835 ], [ 39.2539609, -6.8037947 ], [ 39.2537369, -6.803828 ], [ 39.2535172, -6.8038832 ], [ 39.253304, -6.8039595 ], [ 39.2530994, -6.8040564 ], [ 39.2529052, -6.8041729 ], [ 39.2527233, -6.8043079 ], [ 39.2525556, -6.80446 ], [ 39.2524036, -6.8046278 ], [ 39.2523166, -6.8047451 ], [ 39.2523055, -6.8045213 ], [ 39.2522722, -6.8042974 ], [ 39.252217, -6.8040778 ], [ 39.2521406, -6.8038648 ], [ 39.2520437, -6.8036602 ], [ 39.2519272, -6.8034661 ], [ 39.2517922, -6.8032843 ], [ 39.25164, -6.8031167 ], [ 39.2514721, -6.8029647 ], [ 39.251373, -6.8028913 ], [ 39.2512858, -6.8027953 ], [ 39.2511179, -6.8026433 ], [ 39.2509359, -6.8025086 ], [ 39.2507416, -6.8023923 ], [ 39.2505368, -6.8022956 ], [ 39.2504848, -6.802277 ], [ 39.2504636, -6.8022578 ], [ 39.2502816, -6.8021231 ], [ 39.2500873, -6.8020068 ], [ 39.2498825, -6.8019101 ], [ 39.2496693, -6.801834 ], [ 39.2494496, -6.8017791 ], [ 39.2492255, -6.801746 ], [ 39.2489993, -6.801735 ], [ 39.2487731, -6.8017462 ], [ 39.2485491, -6.8017795 ], [ 39.2483295, -6.8018347 ], [ 39.2483255, -6.8018361 ], [ 39.248317, -6.8018218 ], [ 39.248182, -6.80164 ], [ 39.2480298, -6.8014724 ], [ 39.2478619, -6.8013204 ], [ 39.2476799, -6.8011857 ], [ 39.2474856, -6.8010694 ], [ 39.2472808, -6.8009727 ], [ 39.2470676, -6.8008966 ], [ 39.2468479, -6.8008417 ], [ 39.2466238, -6.8008086 ], [ 39.2463976, -6.8007976 ], [ 39.2462745, -6.8008037 ], [ 39.2461854, -6.8007504 ], [ 39.2459806, -6.8006537 ], [ 39.2457674, -6.8005776 ], [ 39.2455477, -6.8005227 ], [ 39.2453236, -6.8004896 ], [ 39.2450974, -6.8004786 ], [ 39.2448712, -6.8004898 ], [ 39.2446472, -6.8005231 ], [ 39.2444276, -6.8005782 ], [ 39.2442144, -6.8006546 ], [ 39.2440097, -6.8007515 ], [ 39.2438155, -6.800868 ], [ 39.2436337, -6.8010029 ], [ 39.243466, -6.801155 ], [ 39.243314, -6.8013228 ], [ 39.2433078, -6.8013312 ], [ 39.2432901, -6.8013507 ], [ 39.2431552, -6.8015326 ], [ 39.2430389, -6.8017268 ], [ 39.2429422, -6.8019315 ], [ 39.242866, -6.8021447 ], [ 39.2428111, -6.8023643 ], [ 39.242778, -6.8025883 ], [ 39.242767, -6.8028144 ], [ 39.2427782, -6.8030405 ], [ 39.2428115, -6.8032644 ], [ 39.2428667, -6.8034839 ], [ 39.2429431, -6.803697 ], [ 39.24304, -6.8039016 ], [ 39.2431565, -6.8040957 ], [ 39.2432915, -6.8042775 ], [ 39.2434437, -6.8044451 ], [ 39.2436023, -6.8045887 ], [ 39.2436411, -6.8046705 ], [ 39.2437576, -6.8048646 ], [ 39.2438926, -6.8050464 ], [ 39.2440448, -6.805214 ], [ 39.2442127, -6.805366 ], [ 39.2443947, -6.8055007 ], [ 39.244589, -6.805617 ], [ 39.2447937, -6.8057137 ], [ 39.245007, -6.8057898 ], [ 39.2452267, -6.8058447 ], [ 39.2454508, -6.8058778 ], [ 39.245677, -6.8058888 ], [ 39.2459032, -6.8058776 ], [ 39.2461272, -6.8058443 ], [ 39.2463468, -6.8057892 ], [ 39.24656, -6.8057128 ], [ 39.2467647, -6.8056159 ], [ 39.2469589, -6.8054994 ], [ 39.2471224, -6.8053781 ], [ 39.2472173, -6.805506 ], [ 39.2473695, -6.8056736 ], [ 39.2475374, -6.8058256 ], [ 39.2477194, -6.8059603 ], [ 39.2479137, -6.8060766 ], [ 39.2481185, -6.8061733 ], [ 39.2481624, -6.806189 ], [ 39.2481939, -6.8062175 ], [ 39.248304, -6.806299 ], [ 39.248378, -6.8063805 ], [ 39.2485459, -6.8065325 ], [ 39.2487279, -6.8066672 ], [ 39.2489222, -6.8067835 ], [ 39.249127, -6.8068802 ], [ 39.2493402, -6.8069563 ], [ 39.2495599, -6.8070112 ], [ 39.249784, -6.8070443 ], [ 39.2500102, -6.8070553 ], [ 39.2502364, -6.8070441 ], [ 39.2504604, -6.8070108 ], [ 39.25068, -6.8069556 ], [ 39.2508932, -6.8068793 ], [ 39.2510979, -6.8067824 ], [ 39.2512921, -6.8066659 ], [ 39.2514739, -6.806531 ], [ 39.2516417, -6.8063788 ], [ 39.2517937, -6.806211 ], [ 39.2518807, -6.8060937 ], [ 39.2518918, -6.8063175 ], [ 39.2519251, -6.8065414 ], [ 39.2519803, -6.806761 ], [ 39.2520567, -6.8069741 ], [ 39.2521536, -6.8071786 ], [ 39.2522701, -6.8073727 ], [ 39.2524051, -6.8075545 ], [ 39.2525573, -6.8077222 ], [ 39.2527252, -6.8078741 ], [ 39.2529072, -6.8080088 ], [ 39.2531015, -6.8081251 ], [ 39.2533063, -6.8082218 ], [ 39.2535196, -6.8082979 ], [ 39.2537393, -6.8083528 ], [ 39.2539633, -6.8083859 ], [ 39.2541895, -6.8083969 ], [ 39.2541961, -6.8083966 ], [ 39.2542028, -6.8083969 ], [ 39.2542061, -6.8083968 ], [ 39.2543526, -6.808449 ], [ 39.2545332, -6.8084942 ], [ 39.2546174, -6.808587 ], [ 39.2547853, -6.8087389 ], [ 39.2549673, -6.8088736 ], [ 39.2551616, -6.8089899 ], [ 39.2553664, -6.8090866 ], [ 39.2555797, -6.8091627 ], [ 39.2557994, -6.8092176 ], [ 39.2560234, -6.8092507 ], [ 39.2562496, -6.8092617 ], [ 39.2564758, -6.8092505 ], [ 39.2566998, -6.8092172 ] ] ], [ [ [ 39.2578682, -6.7945363 ], [ 39.2580922, -6.7945694 ], [ 39.2583184, -6.7945804 ], [ 39.2583464, -6.794579 ], [ 39.2585129, -6.7945871 ], [ 39.2587391, -6.7945759 ], [ 39.2589631, -6.7945426 ], [ 39.2591828, -6.7944874 ], [ 39.259396, -6.7944111 ], [ 39.2596006, -6.7943142 ], [ 39.2597948, -6.7941977 ], [ 39.2599766, -6.7940627 ], [ 39.2600161, -6.794027 ], [ 39.2600429, -6.7940717 ], [ 39.2601779, -6.7942534 ], [ 39.2603301, -6.7944211 ], [ 39.260498, -6.794573 ], [ 39.2606799, -6.7947078 ], [ 39.2608743, -6.794824 ], [ 39.261079, -6.7949207 ], [ 39.2612923, -6.7949969 ], [ 39.261512, -6.7950517 ], [ 39.261736, -6.7950848 ], [ 39.2618998, -6.7950928 ], [ 39.2618892, -6.7951647 ], [ 39.2618782, -6.7953909 ], [ 39.2618894, -6.7956169 ], [ 39.2619228, -6.7958408 ], [ 39.2619779, -6.7960604 ], [ 39.2620543, -6.7962735 ], [ 39.2621513, -6.7964781 ], [ 39.2622678, -6.7966722 ], [ 39.2624028, -6.7968539 ], [ 39.262555, -6.7970216 ], [ 39.2627229, -6.7971735 ], [ 39.2629049, -6.7973083 ], [ 39.2630992, -6.7974245 ], [ 39.2633039, -6.7975212 ], [ 39.2635172, -6.7975974 ], [ 39.2637369, -6.7976522 ], [ 39.263961, -6.7976853 ], [ 39.2641872, -6.7976963 ], [ 39.2644133, -6.7976851 ], [ 39.2646373, -6.7976517 ], [ 39.2646482, -6.797649 ], [ 39.2646547, -6.797648 ], [ 39.2648744, -6.7975929 ], [ 39.2650876, -6.7975165 ], [ 39.2652923, -6.7974196 ], [ 39.2654864, -6.7973032 ], [ 39.2656683, -6.7971682 ], [ 39.265836, -6.7970161 ], [ 39.265988, -6.7968483 ], [ 39.2661228, -6.7966664 ], [ 39.2662391, -6.7964722 ], [ 39.2663358, -6.7962675 ], [ 39.266412, -6.7960543 ], [ 39.2664669, -6.7958347 ], [ 39.2665, -6.7956107 ], [ 39.266511, -6.7953846 ], [ 39.2664998, -6.7951585 ], [ 39.2664664, -6.7949346 ], [ 39.2664113, -6.7947151 ], [ 39.2663349, -6.794502 ], [ 39.2662379, -6.7942974 ], [ 39.2662009, -6.7942357 ], [ 39.2662659, -6.7941271 ], [ 39.2663626, -6.7939224 ], [ 39.2664388, -6.7937092 ], [ 39.2664937, -6.7934896 ], [ 39.2665114, -6.7933695 ], [ 39.2665314, -6.7933137 ], [ 39.2665863, -6.7930941 ], [ 39.2666194, -6.7928701 ], [ 39.2666304, -6.792644 ], [ 39.2666192, -6.7924179 ], [ 39.2665858, -6.792194 ], [ 39.2665307, -6.7919745 ], [ 39.2664542, -6.7917614 ], [ 39.2663573, -6.7915568 ], [ 39.2662443, -6.7913686 ], [ 39.2663113, -6.7912782 ], [ 39.2664276, -6.791084 ], [ 39.2665243, -6.7908793 ], [ 39.2666005, -6.7906661 ], [ 39.2666554, -6.7904465 ], [ 39.2666885, -6.7902225 ], [ 39.2666995, -6.7899964 ], [ 39.2666882, -6.7897703 ], [ 39.2666549, -6.7895464 ], [ 39.2665997, -6.7893269 ], [ 39.2665233, -6.7891138 ], [ 39.2664264, -6.7889092 ], [ 39.2663099, -6.7887151 ], [ 39.2661749, -6.7885334 ], [ 39.2660227, -6.7883657 ], [ 39.2658548, -6.7882138 ], [ 39.2656728, -6.788079 ], [ 39.2654785, -6.7879628 ], [ 39.2652737, -6.7878661 ], [ 39.2650605, -6.7877899 ], [ 39.2649764, -6.7877689 ], [ 39.2649923, -6.7877571 ], [ 39.2651601, -6.787605 ], [ 39.265312, -6.7874372 ], [ 39.2654468, -6.7872553 ], [ 39.2655632, -6.7870611 ], [ 39.2656599, -6.7868564 ], [ 39.2657361, -6.7866432 ], [ 39.265791, -6.7864236 ], [ 39.2658241, -6.7861996 ], [ 39.2658351, -6.7859735 ], [ 39.2658312, -6.7858952 ], [ 39.2658393, -6.7857287 ], [ 39.265828, -6.7855026 ], [ 39.2657947, -6.7852787 ], [ 39.2657395, -6.7850592 ], [ 39.2656631, -6.7848461 ], [ 39.2655662, -6.7846415 ], [ 39.2654496, -6.7844474 ], [ 39.2653146, -6.7842657 ], [ 39.2651625, -6.784098 ], [ 39.2651209, -6.7840604 ], [ 39.2652699, -6.7839497 ], [ 39.2654376, -6.7837976 ], [ 39.2655896, -6.7836298 ], [ 39.2657244, -6.7834479 ], [ 39.2658408, -6.7832537 ], [ 39.2659375, -6.783049 ], [ 39.2660136, -6.7828358 ], [ 39.2660685, -6.7826162 ], [ 39.2661016, -6.7823922 ], [ 39.2661126, -6.7821661 ], [ 39.2661014, -6.78194 ], [ 39.266068, -6.7817161 ], [ 39.2660129, -6.7814966 ], [ 39.2659365, -6.7812835 ], [ 39.2658396, -6.7810789 ], [ 39.2657982, -6.7810099 ], [ 39.2657568, -6.7808946 ], [ 39.2656599, -6.78069 ], [ 39.2655433, -6.7804959 ], [ 39.2654083, -6.7803142 ], [ 39.2652562, -6.7801465 ], [ 39.265096, -6.7800016 ], [ 39.2621544, -6.7800016 ], [ 39.2619927, -6.7801483 ], [ 39.2618407, -6.7803161 ], [ 39.2617059, -6.780498 ], [ 39.2615896, -6.7806922 ], [ 39.2614928, -6.7808969 ], [ 39.2614167, -6.7811101 ], [ 39.2613618, -6.7813297 ], [ 39.2613287, -6.7815536 ], [ 39.2613177, -6.7817797 ], [ 39.2613289, -6.7820058 ], [ 39.2613622, -6.7822297 ], [ 39.2614174, -6.7824493 ], [ 39.2614938, -6.7826624 ], [ 39.2615907, -6.782867 ], [ 39.2616321, -6.7829359 ], [ 39.2616735, -6.7830513 ], [ 39.2617704, -6.7832559 ], [ 39.261887, -6.78345 ], [ 39.262022, -6.7836317 ], [ 39.2621741, -6.7837994 ], [ 39.2622157, -6.783837 ], [ 39.2620667, -6.7839477 ], [ 39.261899, -6.7840998 ], [ 39.261747, -6.7842676 ], [ 39.2616122, -6.7844495 ], [ 39.2614958, -6.7846437 ], [ 39.2613991, -6.7848484 ], [ 39.261323, -6.7850616 ], [ 39.261268, -6.7852812 ], [ 39.2612349, -6.7855051 ], [ 39.2612239, -6.7857312 ], [ 39.2612278, -6.7858096 ], [ 39.2612197, -6.785976 ], [ 39.261231, -6.7862021 ], [ 39.2612643, -6.786426 ], [ 39.2613195, -6.7866456 ], [ 39.2613959, -6.7868587 ], [ 39.2614928, -6.7870633 ], [ 39.2616093, -6.7872574 ], [ 39.2617443, -6.7874391 ], [ 39.2618965, -6.7876068 ], [ 39.2620644, -6.7877587 ], [ 39.2622464, -6.7878935 ], [ 39.2624407, -6.7880097 ], [ 39.2626455, -6.7881064 ], [ 39.2628587, -6.7881826 ], [ 39.2629298, -6.7882003 ], [ 39.2628484, -6.7882608 ], [ 39.2626806, -6.7884129 ], [ 39.2625287, -6.7885807 ], [ 39.2623938, -6.7887626 ], [ 39.2622775, -6.7889568 ], [ 39.2621808, -6.7891615 ], [ 39.2621046, -6.7893747 ], [ 39.2620497, -6.7895943 ], [ 39.2620166, -6.7898182 ], [ 39.2620056, -6.7900444 ], [ 39.2620095, -6.7901227 ], [ 39.2619901, -6.7901489 ], [ 39.2618738, -6.7903431 ], [ 39.2618044, -6.7904901 ], [ 39.2617336, -6.7904936 ], [ 39.2615096, -6.7905269 ], [ 39.2612899, -6.7905821 ], [ 39.2610767, -6.7906584 ], [ 39.2608721, -6.7907553 ], [ 39.2606779, -6.7908718 ], [ 39.2604961, -6.7910068 ], [ 39.2604566, -6.7910425 ], [ 39.2604298, -6.7909978 ], [ 39.2602948, -6.7908161 ], [ 39.2601426, -6.7906484 ], [ 39.2599747, -6.7904965 ], [ 39.2597928, -6.7903617 ], [ 39.2595984, -6.7902455 ], [ 39.2593937, -6.7901488 ], [ 39.2591804, -6.7900727 ], [ 39.2591187, -6.7900572 ], [ 39.2589728, -6.7899492 ], [ 39.2587784, -6.7898329 ], [ 39.2585737, -6.7897362 ], [ 39.2583604, -6.7896601 ], [ 39.2581407, -6.7896052 ], [ 39.2579167, -6.7895721 ], [ 39.2576905, -6.7895611 ], [ 39.2574643, -6.7895723 ], [ 39.2572403, -6.7896056 ], [ 39.2570206, -6.7896608 ], [ 39.2568075, -6.7897371 ], [ 39.2566028, -6.789834 ], [ 39.2564086, -6.7899505 ], [ 39.2562268, -6.7900855 ], [ 39.2560591, -6.7902376 ], [ 39.2559071, -6.7904054 ], [ 39.2558134, -6.7905317 ], [ 39.2558235, -6.7904638 ], [ 39.2558345, -6.7902377 ], [ 39.2558232, -6.7900116 ], [ 39.2557899, -6.7897877 ], [ 39.2557348, -6.7895681 ], [ 39.2556584, -6.789355 ], [ 39.2555614, -6.7891505 ], [ 39.2554449, -6.7889563 ], [ 39.2553099, -6.7887746 ], [ 39.2551577, -6.7886069 ], [ 39.2549898, -6.788455 ], [ 39.2548079, -6.7883203 ], [ 39.2546136, -6.788204 ], [ 39.2544088, -6.7881073 ], [ 39.2541955, -6.7880312 ], [ 39.2539758, -6.7879763 ], [ 39.2537518, -6.7879432 ], [ 39.2535256, -6.7879322 ], [ 39.2532994, -6.7879434 ], [ 39.2530754, -6.7879767 ], [ 39.2528785, -6.7880261 ], [ 39.2527361, -6.7880473 ], [ 39.2525165, -6.7881025 ], [ 39.2523033, -6.7881788 ], [ 39.2520986, -6.7882757 ], [ 39.2519044, -6.7883922 ], [ 39.2517226, -6.7885271 ], [ 39.2515549, -6.7886793 ], [ 39.2514029, -6.7888471 ], [ 39.2512681, -6.789029 ], [ 39.2511517, -6.7892232 ], [ 39.251055, -6.7894279 ], [ 39.2509788, -6.789641 ], [ 39.2509239, -6.7898607 ], [ 39.2508908, -6.7900846 ], [ 39.2508798, -6.7903107 ], [ 39.2508911, -6.7905368 ], [ 39.2509244, -6.7907607 ], [ 39.2509795, -6.7909803 ], [ 39.2510559, -6.7911934 ], [ 39.2511529, -6.7913979 ], [ 39.2512694, -6.791592 ], [ 39.2514044, -6.7917738 ], [ 39.2515566, -6.7919414 ], [ 39.2517245, -6.7920934 ], [ 39.2519064, -6.7922281 ], [ 39.2521007, -6.7923444 ], [ 39.2523055, -6.7924411 ], [ 39.2525188, -6.7925172 ], [ 39.2527385, -6.7925721 ], [ 39.2529625, -6.7926052 ], [ 39.2531887, -6.7926162 ], [ 39.253336, -6.7926089 ], [ 39.2534864, -6.7926162 ], [ 39.2537126, -6.792605 ], [ 39.2539366, -6.7925717 ], [ 39.2541562, -6.7925165 ], [ 39.2543694, -6.7924402 ], [ 39.2545741, -6.7923433 ], [ 39.2547683, -6.7922268 ], [ 39.2549501, -6.7920918 ], [ 39.2551178, -6.7919397 ], [ 39.2552698, -6.7917719 ], [ 39.2554024, -6.7915931 ], [ 39.255395, -6.7916429 ], [ 39.255384, -6.791869 ], [ 39.2553952, -6.7920951 ], [ 39.2554286, -6.792319 ], [ 39.2554837, -6.7925386 ], [ 39.2555601, -6.7927517 ], [ 39.2556571, -6.7929563 ], [ 39.2557736, -6.7931504 ], [ 39.2559086, -6.7933321 ], [ 39.2560608, -6.7934998 ], [ 39.2562287, -6.7936517 ], [ 39.2564106, -6.7937864 ], [ 39.2566049, -6.7939027 ], [ 39.2567682, -6.7939798 ], [ 39.2568542, -6.7940576 ], [ 39.2570361, -6.7941923 ], [ 39.2572304, -6.7943086 ], [ 39.2574352, -6.7944053 ], [ 39.2576485, -6.7944814 ], [ 39.2578682, -6.7945363 ] ] ], [ [ [ 39.2485497, -6.7869928 ], [ 39.2487174, -6.7868407 ], [ 39.2488694, -6.7866729 ], [ 39.2490042, -6.786491 ], [ 39.2491205, -6.7862967 ], [ 39.2492172, -6.7860921 ], [ 39.2492934, -6.7858789 ], [ 39.2493483, -6.7856593 ], [ 39.2493815, -6.7854353 ], [ 39.2493925, -6.7852092 ], [ 39.2493812, -6.7849831 ], [ 39.2493479, -6.7847592 ], [ 39.2492927, -6.7845397 ], [ 39.2492163, -6.7843266 ], [ 39.2491194, -6.784122 ], [ 39.2490029, -6.7839279 ], [ 39.2488679, -6.7837461 ], [ 39.2487157, -6.7835785 ], [ 39.2487011, -6.7835652 ], [ 39.2486912, -6.7833664 ], [ 39.2486579, -6.7831425 ], [ 39.2486027, -6.782923 ], [ 39.2485263, -6.7827099 ], [ 39.2484294, -6.7825053 ], [ 39.2483129, -6.7823112 ], [ 39.2481779, -6.7821294 ], [ 39.2480257, -6.7819618 ], [ 39.2478578, -6.7818098 ], [ 39.2476759, -6.7816751 ], [ 39.2474816, -6.7815588 ], [ 39.2472768, -6.7814621 ], [ 39.2470636, -6.781386 ], [ 39.2468438, -6.7813311 ], [ 39.2466198, -6.781298 ], [ 39.2463936, -6.781287 ], [ 39.2461674, -6.7812982 ], [ 39.2459435, -6.7813315 ], [ 39.2457238, -6.7813866 ], [ 39.2455106, -6.781463 ], [ 39.245306, -6.7815599 ], [ 39.2451118, -6.7816764 ], [ 39.2450844, -6.7816967 ], [ 39.2449374, -6.7817849 ], [ 39.2447555, -6.7819198 ], [ 39.2445878, -6.7820719 ], [ 39.2444358, -6.7822397 ], [ 39.244301, -6.7824216 ], [ 39.2441847, -6.7826158 ], [ 39.244088, -6.7828205 ], [ 39.2440118, -6.7830337 ], [ 39.2439569, -6.7832533 ], [ 39.2439238, -6.7834773 ], [ 39.2439128, -6.7837034 ], [ 39.243924, -6.7839295 ], [ 39.2439573, -6.7841534 ], [ 39.2440125, -6.7843729 ], [ 39.2440889, -6.784586 ], [ 39.2441858, -6.7847906 ], [ 39.2443023, -6.7849847 ], [ 39.2444373, -6.7851665 ], [ 39.2445895, -6.7853341 ], [ 39.2446961, -6.7854306 ], [ 39.2447164, -6.785567 ], [ 39.2447716, -6.7857865 ], [ 39.244848, -6.7859996 ], [ 39.2449449, -6.7862042 ], [ 39.2450614, -6.7863983 ], [ 39.2451964, -6.7865801 ], [ 39.2453486, -6.7867477 ], [ 39.2455164, -6.7868997 ], [ 39.2455207, -6.7869028 ], [ 39.2456217, -6.7869943 ], [ 39.2458037, -6.787129 ], [ 39.245998, -6.7872453 ], [ 39.2462028, -6.787342 ], [ 39.246416, -6.7874181 ], [ 39.2466358, -6.787473 ], [ 39.2468598, -6.7875061 ], [ 39.247086, -6.7875171 ], [ 39.2473122, -6.7875059 ], [ 39.2475362, -6.7874726 ], [ 39.2477558, -6.7874175 ], [ 39.247969, -6.7873411 ], [ 39.2481737, -6.7872442 ], [ 39.2483678, -6.7871277 ], [ 39.2485497, -6.7869928 ] ] ], [ [ [ 39.26921, -6.846832 ], [ 39.2693918, -6.8466971 ], [ 39.2695596, -6.846545 ], [ 39.2697116, -6.8463772 ], [ 39.2698464, -6.8461953 ], [ 39.2699627, -6.846001 ], [ 39.2700595, -6.8457963 ], [ 39.2701356, -6.8455832 ], [ 39.2701905, -6.8453636 ], [ 39.2702237, -6.8451396 ], [ 39.2702346, -6.8449135 ], [ 39.2702234, -6.8446874 ], [ 39.27019, -6.8444635 ], [ 39.2701349, -6.844244 ], [ 39.2700585, -6.8440309 ], [ 39.2699615, -6.8438263 ], [ 39.269845, -6.8436322 ], [ 39.2697099, -6.8434504 ], [ 39.2695577, -6.8432828 ], [ 39.2693898, -6.8431309 ], [ 39.2692078, -6.8429961 ], [ 39.2690135, -6.8428799 ], [ 39.2688087, -6.8427832 ], [ 39.2685954, -6.842707 ], [ 39.2683757, -6.8426522 ], [ 39.2681516, -6.8426191 ], [ 39.2679254, -6.8426081 ], [ 39.2676992, -6.8426193 ], [ 39.2674752, -6.8426527 ], [ 39.2672555, -6.8427078 ], [ 39.2670423, -6.8427842 ], [ 39.2668376, -6.8428811 ], [ 39.2666434, -6.8429976 ], [ 39.2664616, -6.8431325 ], [ 39.2662938, -6.8432846 ], [ 39.2661418, -6.8434524 ], [ 39.266007, -6.8436343 ], [ 39.2658907, -6.8438286 ], [ 39.265794, -6.8440332 ], [ 39.2657178, -6.8442464 ], [ 39.2656629, -6.844466 ], [ 39.2656298, -6.84469 ], [ 39.2656188, -6.8449161 ], [ 39.26563, -6.8451422 ], [ 39.2656634, -6.8453661 ], [ 39.2657185, -6.8455856 ], [ 39.2657949, -6.8457987 ], [ 39.2658919, -6.8460033 ], [ 39.2660084, -6.8461974 ], [ 39.2661435, -6.8463792 ], [ 39.2662956, -6.8465468 ], [ 39.2664635, -6.8466987 ], [ 39.2666455, -6.8468335 ], [ 39.2668399, -6.8469497 ], [ 39.2670447, -6.8470464 ], [ 39.267258, -6.8471226 ], [ 39.2674777, -6.8471774 ], [ 39.2677018, -6.8472105 ], [ 39.267928, -6.8472215 ], [ 39.2681542, -6.8472103 ], [ 39.2683782, -6.8471769 ], [ 39.2685979, -6.8471218 ], [ 39.2688111, -6.8470454 ], [ 39.2690158, -6.8469485 ], [ 39.26921, -6.846832 ] ] ], [ [ [ 39.2736253, -6.8408865 ], [ 39.2738071, -6.8407516 ], [ 39.2739749, -6.8405995 ], [ 39.2741269, -6.8404316 ], [ 39.2742617, -6.8402497 ], [ 39.274378, -6.8400555 ], [ 39.2744747, -6.8398508 ], [ 39.2745509, -6.8396376 ], [ 39.2746058, -6.839418 ], [ 39.2746389, -6.8391941 ], [ 39.2746499, -6.838968 ], [ 39.2746387, -6.8387419 ], [ 39.2746053, -6.838518 ], [ 39.2745501, -6.8382984 ], [ 39.2744737, -6.8380853 ], [ 39.2743768, -6.8378808 ], [ 39.2742602, -6.8376867 ], [ 39.2741252, -6.8375049 ], [ 39.273973, -6.8373373 ], [ 39.2738051, -6.8371854 ], [ 39.2736231, -6.8370506 ], [ 39.2734288, -6.8369343 ], [ 39.273224, -6.8368377 ], [ 39.2730107, -6.8367615 ], [ 39.272791, -6.8367067 ], [ 39.2725669, -6.8366736 ], [ 39.2723407, -6.8366626 ], [ 39.2721145, -6.8366738 ], [ 39.2718905, -6.8367072 ], [ 39.2716708, -6.8367623 ], [ 39.2714576, -6.8368387 ], [ 39.2712529, -6.8369356 ], [ 39.2710587, -6.8370521 ], [ 39.2708769, -6.837187 ], [ 39.2707091, -6.8373391 ], [ 39.2705571, -6.8375069 ], [ 39.2704223, -6.8376888 ], [ 39.270306, -6.8378831 ], [ 39.2702093, -6.8380878 ], [ 39.2701331, -6.8383009 ], [ 39.2700782, -6.8385206 ], [ 39.2700451, -6.8387445 ], [ 39.2700341, -6.8389706 ], [ 39.2700453, -6.8391967 ], [ 39.2700787, -6.8394206 ], [ 39.2701338, -6.8396401 ], [ 39.2702103, -6.8398532 ], [ 39.2703072, -6.8400578 ], [ 39.2704238, -6.8402519 ], [ 39.2705588, -6.8404337 ], [ 39.270711, -6.8406013 ], [ 39.2708789, -6.8407532 ], [ 39.2710609, -6.840888 ], [ 39.2712552, -6.8410043 ], [ 39.27146, -6.8411009 ], [ 39.2716733, -6.8411771 ], [ 39.271893, -6.8412319 ], [ 39.2721171, -6.841265 ], [ 39.2723433, -6.841276 ], [ 39.2725695, -6.8412648 ], [ 39.2727935, -6.8412314 ], [ 39.2730132, -6.8411763 ], [ 39.2732264, -6.8410999 ], [ 39.2734311, -6.841003 ], [ 39.2736253, -6.8408865 ] ] ], [ [ [ 39.2679573, -6.8299728 ], [ 39.2681392, -6.8298378 ], [ 39.2683069, -6.8296857 ], [ 39.2684589, -6.8295179 ], [ 39.2685937, -6.829336 ], [ 39.2687101, -6.8291417 ], [ 39.2688068, -6.8289371 ], [ 39.268883, -6.8287239 ], [ 39.2689379, -6.8285043 ], [ 39.268971, -6.8282803 ], [ 39.268982, -6.8280542 ], [ 39.2689707, -6.8278281 ], [ 39.2689374, -6.8276042 ], [ 39.2688822, -6.8273847 ], [ 39.2688058, -6.8271716 ], [ 39.2687575, -6.8270698 ], [ 39.2688252, -6.8269785 ], [ 39.2689415, -6.8267842 ], [ 39.2690383, -6.8265796 ], [ 39.2691144, -6.8263664 ], [ 39.2691694, -6.8261468 ], [ 39.2692025, -6.8259228 ], [ 39.2692134, -6.8256967 ], [ 39.2692022, -6.8254706 ], [ 39.2691688, -6.8252467 ], [ 39.2691137, -6.8250272 ], [ 39.2690373, -6.8248141 ], [ 39.2689403, -6.8246095 ], [ 39.2688889, -6.8245238 ], [ 39.2688424, -6.8244258 ], [ 39.2687259, -6.8242317 ], [ 39.2685909, -6.8240499 ], [ 39.2684387, -6.8238823 ], [ 39.2682708, -6.8237304 ], [ 39.2680888, -6.8235956 ], [ 39.2678945, -6.8234794 ], [ 39.2676897, -6.8233827 ], [ 39.2674764, -6.8233065 ], [ 39.2672567, -6.8232517 ], [ 39.2670326, -6.8232186 ], [ 39.2668064, -6.8232076 ], [ 39.2665802, -6.8232188 ], [ 39.2663562, -6.8232522 ], [ 39.2661365, -6.8233073 ], [ 39.2659234, -6.8233837 ], [ 39.2657187, -6.8234806 ], [ 39.2655923, -6.8235564 ], [ 39.2655242, -6.8234814 ], [ 39.2653563, -6.8233295 ], [ 39.2651743, -6.8231947 ], [ 39.26498, -6.8230785 ], [ 39.2647752, -6.8229818 ], [ 39.2645619, -6.8229056 ], [ 39.2643422, -6.8228508 ], [ 39.2641182, -6.8228177 ], [ 39.2638919, -6.8228067 ], [ 39.2636657, -6.8228179 ], [ 39.2634417, -6.8228513 ], [ 39.2632221, -6.8229064 ], [ 39.2630089, -6.8229828 ], [ 39.2628042, -6.8230797 ], [ 39.26261, -6.8231961 ], [ 39.2624281, -6.8233311 ], [ 39.2622604, -6.8234832 ], [ 39.2621084, -6.823651 ], [ 39.2619736, -6.8238329 ], [ 39.2618573, -6.8240271 ], [ 39.2618487, -6.8240453 ], [ 39.2618452, -6.82405 ], [ 39.2617289, -6.8242442 ], [ 39.2616322, -6.8244489 ], [ 39.261556, -6.8246621 ], [ 39.2615011, -6.8248817 ], [ 39.2614679, -6.8251057 ], [ 39.261457, -6.8253318 ], [ 39.261459, -6.8253719 ], [ 39.261352, -6.8255505 ], [ 39.2612552, -6.8257552 ], [ 39.2611791, -6.8259684 ], [ 39.2611242, -6.826188 ], [ 39.261091, -6.826412 ], [ 39.2610801, -6.8266381 ], [ 39.2610913, -6.8268641 ], [ 39.2611246, -6.827088 ], [ 39.2611798, -6.8273076 ], [ 39.2612562, -6.8275207 ], [ 39.2613531, -6.8277253 ], [ 39.2614697, -6.8279194 ], [ 39.2616047, -6.8281011 ], [ 39.2617569, -6.8282688 ], [ 39.2619248, -6.8284207 ], [ 39.2621068, -6.8285555 ], [ 39.2623011, -6.8286717 ], [ 39.2625059, -6.8287684 ], [ 39.2627192, -6.8288446 ], [ 39.2629389, -6.8288994 ], [ 39.2631629, -6.8289325 ], [ 39.2633892, -6.8289435 ], [ 39.2635076, -6.8289376 ], [ 39.2635183, -6.8289392 ], [ 39.2637446, -6.8289502 ], [ 39.2639708, -6.828939 ], [ 39.2641948, -6.8289056 ], [ 39.2644144, -6.8288505 ], [ 39.2644512, -6.8288374 ], [ 39.2644848, -6.8288423 ], [ 39.2644981, -6.828843 ], [ 39.2645302, -6.8289324 ], [ 39.2646272, -6.829137 ], [ 39.2647437, -6.8293311 ], [ 39.2648787, -6.8295128 ], [ 39.2650309, -6.8296805 ], [ 39.2651988, -6.8298324 ], [ 39.2653808, -6.8299672 ], [ 39.2655751, -6.8300834 ], [ 39.2655775, -6.8300846 ], [ 39.2655873, -6.8300904 ], [ 39.2657921, -6.8301871 ], [ 39.2660054, -6.8302633 ], [ 39.2662251, -6.8303181 ], [ 39.2664492, -6.8303512 ], [ 39.2666754, -6.8303622 ], [ 39.2669016, -6.830351 ], [ 39.2671256, -6.8303176 ], [ 39.2673453, -6.8302625 ], [ 39.2675585, -6.8301861 ], [ 39.2677631, -6.8300892 ], [ 39.2679573, -6.8299728 ] ] ], [ [ [ 39.2702894, -6.8203833 ], [ 39.2704245, -6.8205651 ], [ 39.2705766, -6.8207327 ], [ 39.2706063, -6.8207595 ], [ 39.2706014, -6.8207926 ], [ 39.2705904, -6.8210187 ], [ 39.2706016, -6.8212448 ], [ 39.270635, -6.8214687 ], [ 39.2706901, -6.8216882 ], [ 39.2707665, -6.8219013 ], [ 39.2708635, -6.8221059 ], [ 39.27098, -6.8223 ], [ 39.2711151, -6.8224818 ], [ 39.2712672, -6.8226494 ], [ 39.2714351, -6.8228013 ], [ 39.2716171, -6.8229361 ], [ 39.2717355, -6.8230069 ], [ 39.271734, -6.8230096 ], [ 39.2716372, -6.8232143 ], [ 39.2715611, -6.8234274 ], [ 39.2715062, -6.8236471 ], [ 39.2715005, -6.8236854 ], [ 39.2714304, -6.8238025 ], [ 39.2713336, -6.8240072 ], [ 39.2712575, -6.8242203 ], [ 39.2712026, -6.82444 ], [ 39.2711694, -6.8246639 ], [ 39.2711585, -6.82489 ], [ 39.2711697, -6.8251161 ], [ 39.2711839, -6.8252115 ], [ 39.2711344, -6.8253162 ], [ 39.2710583, -6.8255293 ], [ 39.2710033, -6.825749 ], [ 39.2709702, -6.8259729 ], [ 39.2709593, -6.826199 ], [ 39.2709705, -6.8264251 ], [ 39.2710039, -6.826649 ], [ 39.2710509, -6.8268361 ], [ 39.2710567, -6.826875 ], [ 39.2711118, -6.8270945 ], [ 39.2711882, -6.8273076 ], [ 39.2712852, -6.8275122 ], [ 39.2714017, -6.8277063 ], [ 39.2715367, -6.8278881 ], [ 39.2716889, -6.8280557 ], [ 39.2717429, -6.8281046 ], [ 39.2718116, -6.8282494 ], [ 39.2719281, -6.8284435 ], [ 39.2720631, -6.8286253 ], [ 39.2722153, -6.8287929 ], [ 39.2723832, -6.8289448 ], [ 39.2725652, -6.8290796 ], [ 39.2727595, -6.8291959 ], [ 39.2729643, -6.8292925 ], [ 39.2731776, -6.8293687 ], [ 39.27318, -6.8293693 ], [ 39.2733319, -6.8294602 ], [ 39.2735367, -6.8295568 ], [ 39.27375, -6.829633 ], [ 39.2739697, -6.8296878 ], [ 39.2741938, -6.8297209 ], [ 39.27442, -6.8297319 ], [ 39.2746462, -6.8297207 ], [ 39.2748702, -6.8296873 ], [ 39.2750899, -6.8296322 ], [ 39.2753031, -6.8295558 ], [ 39.2755078, -6.8294589 ], [ 39.275702, -6.8293424 ], [ 39.2758158, -6.8292579 ], [ 39.275826, -6.8292984 ], [ 39.2759024, -6.8295115 ], [ 39.2759994, -6.829716 ], [ 39.2761159, -6.8299101 ], [ 39.2762509, -6.8300919 ], [ 39.2764031, -6.8302595 ], [ 39.276571, -6.8304115 ], [ 39.276753, -6.8305462 ], [ 39.2769474, -6.8306625 ], [ 39.2771521, -6.8307591 ], [ 39.2773654, -6.8308353 ], [ 39.2775852, -6.8308901 ], [ 39.2778092, -6.8309232 ], [ 39.2780354, -6.8309342 ], [ 39.2782616, -6.830923 ], [ 39.2784856, -6.8308896 ], [ 39.2787053, -6.8308345 ], [ 39.2789185, -6.8307581 ], [ 39.2791232, -6.8306612 ], [ 39.2793174, -6.8305447 ], [ 39.2794992, -6.8304098 ], [ 39.2796669, -6.8302576 ], [ 39.2796776, -6.8302459 ], [ 39.2797067, -6.8302194 ], [ 39.2798587, -6.8300516 ], [ 39.2799936, -6.8298697 ], [ 39.2801099, -6.8296755 ], [ 39.2802066, -6.8294708 ], [ 39.2802828, -6.8292576 ], [ 39.2803377, -6.829038 ], [ 39.2803708, -6.8288141 ], [ 39.2803718, -6.828794 ], [ 39.2803793, -6.8287431 ], [ 39.2803903, -6.828517 ], [ 39.280379, -6.8282909 ], [ 39.2803456, -6.828067 ], [ 39.2802905, -6.8278474 ], [ 39.2802141, -6.8276343 ], [ 39.2801171, -6.8274297 ], [ 39.2800006, -6.8272357 ], [ 39.2798655, -6.8270539 ], [ 39.2797134, -6.8268863 ], [ 39.2795455, -6.8267343 ], [ 39.2793635, -6.8265996 ], [ 39.2791691, -6.8264833 ], [ 39.2789643, -6.8263867 ], [ 39.2787511, -6.8263105 ], [ 39.2785313, -6.8262557 ], [ 39.2783073, -6.8262226 ], [ 39.2780811, -6.8262116 ], [ 39.2778549, -6.8262228 ], [ 39.2776309, -6.8262562 ], [ 39.2774112, -6.8263113 ], [ 39.277198, -6.8263877 ], [ 39.2769933, -6.8264846 ], [ 39.2767991, -6.8266011 ], [ 39.2766289, -6.8267274 ], [ 39.2766254, -6.8267136 ], [ 39.2766356, -6.8266729 ], [ 39.2766687, -6.826449 ], [ 39.2766796, -6.8262229 ], [ 39.2766684, -6.8259968 ], [ 39.276635, -6.8257729 ], [ 39.2765799, -6.8255533 ], [ 39.2765035, -6.8253402 ], [ 39.2764065, -6.8251357 ], [ 39.27632, -6.8249915 ], [ 39.2762868, -6.8249216 ], [ 39.2761703, -6.8247275 ], [ 39.2760352, -6.8245457 ], [ 39.2760337, -6.824544 ], [ 39.2760668, -6.8243206 ], [ 39.2760777, -6.8240945 ], [ 39.2760665, -6.8238684 ], [ 39.2760331, -6.8236445 ], [ 39.275978, -6.8234249 ], [ 39.2759016, -6.8232118 ], [ 39.2758046, -6.8230073 ], [ 39.2756881, -6.8228132 ], [ 39.275553, -6.8226314 ], [ 39.2754009, -6.8224638 ], [ 39.275233, -6.8223119 ], [ 39.275051, -6.8221771 ], [ 39.2749326, -6.8221063 ], [ 39.2749341, -6.8221036 ], [ 39.2750309, -6.8218989 ], [ 39.275107, -6.8216857 ], [ 39.2751619, -6.8214661 ], [ 39.275195, -6.8212422 ], [ 39.275206, -6.8210161 ], [ 39.2751948, -6.82079 ], [ 39.2751942, -6.820786 ], [ 39.275344, -6.8207933 ], [ 39.2755702, -6.8207821 ], [ 39.2757942, -6.8207487 ], [ 39.2760139, -6.8206936 ], [ 39.2762271, -6.8206172 ], [ 39.2764318, -6.8205203 ], [ 39.2766259, -6.8204038 ], [ 39.2768078, -6.8202689 ], [ 39.2769755, -6.8201168 ], [ 39.2771275, -6.8199489 ], [ 39.2772623, -6.819767 ], [ 39.2773786, -6.8195728 ], [ 39.2774753, -6.8193681 ], [ 39.2775515, -6.8191549 ], [ 39.2776064, -6.8189353 ], [ 39.2776395, -6.8187114 ], [ 39.2776505, -6.8184853 ], [ 39.2776393, -6.8182592 ], [ 39.2776059, -6.8180353 ], [ 39.2775507, -6.8178157 ], [ 39.2774743, -6.8176026 ], [ 39.2773774, -6.8173981 ], [ 39.2772608, -6.817204 ], [ 39.2771258, -6.8170222 ], [ 39.2769736, -6.8168546 ], [ 39.2768057, -6.8167027 ], [ 39.2766237, -6.8165679 ], [ 39.2766005, -6.816554 ], [ 39.2766009, -6.8165448 ], [ 39.2765897, -6.8163187 ], [ 39.2765563, -6.8160948 ], [ 39.2765011, -6.8158752 ], [ 39.2764247, -6.8156621 ], [ 39.2764088, -6.8156285 ], [ 39.2764278, -6.815617 ], [ 39.2766097, -6.8154821 ], [ 39.2767774, -6.81533 ], [ 39.2769294, -6.8151621 ], [ 39.2770642, -6.8149802 ], [ 39.2771805, -6.814786 ], [ 39.2772772, -6.8145813 ], [ 39.2773534, -6.8143681 ], [ 39.2774083, -6.8141485 ], [ 39.2774414, -6.8139246 ], [ 39.2774524, -6.8136985 ], [ 39.2774411, -6.8134724 ], [ 39.2774078, -6.8132485 ], [ 39.2773526, -6.8130289 ], [ 39.2772762, -6.8128158 ], [ 39.2771793, -6.8126113 ], [ 39.2770627, -6.8124172 ], [ 39.2769277, -6.8122354 ], [ 39.2767755, -6.8120678 ], [ 39.2766076, -6.8119159 ], [ 39.2764256, -6.8117811 ], [ 39.2762313, -6.8116648 ], [ 39.2761529, -6.8116278 ], [ 39.2760745, -6.8115415 ], [ 39.2759066, -6.8113896 ], [ 39.2757246, -6.8112548 ], [ 39.2755303, -6.8111385 ], [ 39.2753255, -6.8110419 ], [ 39.2751123, -6.8109657 ], [ 39.2748925, -6.8109109 ], [ 39.2746685, -6.8108778 ], [ 39.2744423, -6.8108668 ], [ 39.2742161, -6.810878 ], [ 39.2739921, -6.8109114 ], [ 39.2737724, -6.8109665 ], [ 39.2735592, -6.8110429 ], [ 39.2733546, -6.8111398 ], [ 39.2731604, -6.8112563 ], [ 39.2729785, -6.8113912 ], [ 39.2728108, -6.8115433 ], [ 39.2726588, -6.8117111 ], [ 39.272524, -6.811893 ], [ 39.2724077, -6.8120873 ], [ 39.272311, -6.812292 ], [ 39.2722348, -6.8125051 ], [ 39.2721799, -6.8127248 ], [ 39.2721468, -6.8129487 ], [ 39.2721358, -6.8131748 ], [ 39.2721471, -6.8134009 ], [ 39.2721804, -6.8136248 ], [ 39.2722356, -6.8138444 ], [ 39.272312, -6.8140574 ], [ 39.2724089, -6.814262 ], [ 39.2725255, -6.8144561 ], [ 39.2725403, -6.8144761 ], [ 39.2726372, -6.8146374 ], [ 39.2727701, -6.8148164 ], [ 39.2726603, -6.8149159 ], [ 39.2725083, -6.8150837 ], [ 39.2723735, -6.8152656 ], [ 39.2722572, -6.8154599 ], [ 39.2721605, -6.8156646 ], [ 39.2720843, -6.8158777 ], [ 39.2720294, -6.8160974 ], [ 39.2719963, -6.8163213 ], [ 39.2719853, -6.8165474 ], [ 39.2719965, -6.8167735 ], [ 39.2720011, -6.8168042 ], [ 39.2719801, -6.8168052 ], [ 39.2717561, -6.8168386 ], [ 39.2715364, -6.8168937 ], [ 39.2713232, -6.8169701 ], [ 39.2711186, -6.817067 ], [ 39.2709244, -6.8171835 ], [ 39.2707425, -6.8173184 ], [ 39.2705748, -6.8174705 ], [ 39.2704228, -6.8176383 ], [ 39.270288, -6.8178202 ], [ 39.2701717, -6.8180145 ], [ 39.270075, -6.8182192 ], [ 39.2699988, -6.8184323 ], [ 39.2699439, -6.818652 ], [ 39.2699108, -6.8188759 ], [ 39.2698998, -6.819102 ], [ 39.269911, -6.8193281 ], [ 39.2699444, -6.819552 ], [ 39.2699995, -6.8197715 ], [ 39.270076, -6.8199846 ], [ 39.2701729, -6.8201892 ], [ 39.2702894, -6.8203833 ] ] ], [ [ [ 39.2666979, -6.8148238 ], [ 39.2669111, -6.8147474 ], [ 39.2671158, -6.8146505 ], [ 39.26731, -6.8145341 ], [ 39.2674918, -6.8143991 ], [ 39.2676596, -6.814247 ], [ 39.2678116, -6.8140792 ], [ 39.2679464, -6.8138973 ], [ 39.2680627, -6.8137031 ], [ 39.2681265, -6.813568 ], [ 39.2683273, -6.8136397 ], [ 39.268547, -6.8136945 ], [ 39.2687711, -6.8137276 ], [ 39.2689973, -6.8137386 ], [ 39.2692235, -6.8137274 ], [ 39.2694475, -6.813694 ], [ 39.2696671, -6.8136389 ], [ 39.2698803, -6.8135625 ], [ 39.270085, -6.8134656 ], [ 39.2702792, -6.8133491 ], [ 39.270461, -6.8132142 ], [ 39.2706288, -6.8130621 ], [ 39.2707808, -6.8128943 ], [ 39.2709156, -6.8127124 ], [ 39.2710319, -6.8125181 ], [ 39.2711286, -6.8123134 ], [ 39.2712048, -6.8121003 ], [ 39.2712597, -6.8118807 ], [ 39.2712928, -6.8116567 ], [ 39.2713038, -6.8114306 ], [ 39.2712925, -6.8112045 ], [ 39.2712592, -6.8109806 ], [ 39.2712567, -6.8109706 ], [ 39.271256, -6.810966 ], [ 39.2712008, -6.8107465 ], [ 39.2711244, -6.8105334 ], [ 39.2710275, -6.8103288 ], [ 39.2709109, -6.8101347 ], [ 39.2707759, -6.8099529 ], [ 39.2706237, -6.8097853 ], [ 39.2704558, -6.8096334 ], [ 39.2702739, -6.8094986 ], [ 39.2700795, -6.8093824 ], [ 39.2698748, -6.8092857 ], [ 39.2696615, -6.8092095 ], [ 39.2696598, -6.8092091 ], [ 39.2696593, -6.8092087 ], [ 39.2694774, -6.8090739 ], [ 39.269283, -6.8089577 ], [ 39.2690783, -6.808861 ], [ 39.268865, -6.8087848 ], [ 39.2686453, -6.80873 ], [ 39.2684212, -6.8086969 ], [ 39.268195, -6.8086859 ], [ 39.2679688, -6.8086971 ], [ 39.2677448, -6.8087305 ], [ 39.2675252, -6.8087856 ], [ 39.267312, -6.808862 ], [ 39.2671073, -6.8089589 ], [ 39.2669131, -6.8090753 ], [ 39.2667313, -6.8092103 ], [ 39.2665636, -6.8093624 ], [ 39.2664116, -6.8095302 ], [ 39.2662767, -6.8097121 ], [ 39.2661604, -6.8099063 ], [ 39.2660637, -6.810111 ], [ 39.265992, -6.8103118 ], [ 39.2657993, -6.8103213 ], [ 39.2655753, -6.8103547 ], [ 39.2653557, -6.8104098 ], [ 39.2651425, -6.8104862 ], [ 39.2649378, -6.8105831 ], [ 39.2647436, -6.8106995 ], [ 39.2645618, -6.8108345 ], [ 39.2643941, -6.8109866 ], [ 39.2642421, -6.8111544 ], [ 39.2641072, -6.8113363 ], [ 39.2639909, -6.8115305 ], [ 39.2638942, -6.8117352 ], [ 39.263818, -6.8119484 ], [ 39.2637631, -6.812168 ], [ 39.26373, -6.812392 ], [ 39.263719, -6.8126181 ], [ 39.2637303, -6.8128442 ], [ 39.2637636, -6.8130681 ], [ 39.2638188, -6.8132876 ], [ 39.2638952, -6.8135007 ], [ 39.2639921, -6.8137053 ], [ 39.2641087, -6.8138994 ], [ 39.2642437, -6.8140811 ], [ 39.2643958, -6.8142488 ], [ 39.2645637, -6.8144007 ], [ 39.2647457, -6.8145355 ], [ 39.26494, -6.8146517 ], [ 39.2651448, -6.8147484 ], [ 39.2653581, -6.8148246 ], [ 39.2655778, -6.8148794 ], [ 39.2658019, -6.8149125 ], [ 39.2660281, -6.8149235 ], [ 39.2662543, -6.8149123 ], [ 39.2664783, -6.8148789 ], [ 39.2666979, -6.8148238 ] ] ], [ [ [ 39.2730517, -6.7924451 ], [ 39.2732335, -6.7923102 ], [ 39.2734012, -6.7921581 ], [ 39.2735532, -6.7919903 ], [ 39.273688, -6.7918084 ], [ 39.2738043, -6.7916141 ], [ 39.273901, -6.7914094 ], [ 39.2739772, -6.7911963 ], [ 39.2740321, -6.7909766 ], [ 39.2740652, -6.7907527 ], [ 39.2740762, -6.7905266 ], [ 39.2740649, -6.7903005 ], [ 39.2740316, -6.7900766 ], [ 39.2739764, -6.7898571 ], [ 39.2739, -6.789644 ], [ 39.2738031, -6.7894394 ], [ 39.2736865, -6.7892453 ], [ 39.2735515, -6.7890635 ], [ 39.2733994, -6.7888959 ], [ 39.2732315, -6.788744 ], [ 39.2730495, -6.7886092 ], [ 39.2728552, -6.7884929 ], [ 39.2726504, -6.7883963 ], [ 39.2724371, -6.7883201 ], [ 39.2722174, -6.7882653 ], [ 39.2719934, -6.7882322 ], [ 39.2717672, -6.7882212 ], [ 39.271541, -6.7882324 ], [ 39.271317, -6.7882658 ], [ 39.2710974, -6.7883209 ], [ 39.2708842, -6.7883973 ], [ 39.2707996, -6.7884373 ], [ 39.270696, -6.7883606 ], [ 39.2705017, -6.7882444 ], [ 39.2702969, -6.7881477 ], [ 39.2700837, -6.7880715 ], [ 39.2698639, -6.7880167 ], [ 39.2696399, -6.7879836 ], [ 39.2694137, -6.7879726 ], [ 39.2691875, -6.7879838 ], [ 39.2689635, -6.7880172 ], [ 39.2687439, -6.7880723 ], [ 39.2685307, -6.7881487 ], [ 39.268326, -6.7882456 ], [ 39.2681319, -6.788362 ], [ 39.26795, -6.788497 ], [ 39.2677823, -6.7886491 ], [ 39.2676303, -6.7888169 ], [ 39.2674955, -6.7889988 ], [ 39.2673792, -6.789193 ], [ 39.2672825, -6.7893977 ], [ 39.2672063, -6.7896109 ], [ 39.2671514, -6.7898305 ], [ 39.2671183, -6.7900545 ], [ 39.2671073, -6.7902806 ], [ 39.2671186, -6.7905067 ], [ 39.2671519, -6.7907306 ], [ 39.2672071, -6.7909501 ], [ 39.2672835, -6.7911632 ], [ 39.2673804, -6.7913678 ], [ 39.2674969, -6.7915619 ], [ 39.267632, -6.7917437 ], [ 39.2677841, -6.7919113 ], [ 39.267952, -6.7920632 ], [ 39.268134, -6.792198 ], [ 39.2683283, -6.7923142 ], [ 39.2685331, -6.7924109 ], [ 39.2687463, -6.7924871 ], [ 39.2689661, -6.7925419 ], [ 39.2691901, -6.792575 ], [ 39.2694163, -6.792586 ], [ 39.2696425, -6.7925748 ], [ 39.2698665, -6.7925414 ], [ 39.2700861, -6.7924863 ], [ 39.2702993, -6.7924099 ], [ 39.2703839, -6.7923699 ], [ 39.2704875, -6.7924466 ], [ 39.2706818, -6.7925628 ], [ 39.2708866, -6.7926595 ], [ 39.2710999, -6.7927357 ], [ 39.2713196, -6.7927905 ], [ 39.2715436, -6.7928236 ], [ 39.2717698, -6.7928346 ], [ 39.271996, -6.7928234 ], [ 39.27222, -6.79279 ], [ 39.2724396, -6.7927349 ], [ 39.2726528, -6.7926585 ], [ 39.2728575, -6.7925616 ], [ 39.2730517, -6.7924451 ] ] ], [ [ [ 39.2788801, -6.823058 ], [ 39.279048, -6.82321 ], [ 39.2790781, -6.8232323 ], [ 39.279097, -6.8233076 ], [ 39.279159, -6.8234803 ], [ 39.2791809, -6.8235677 ], [ 39.2791989, -6.8236179 ], [ 39.2792136, -6.8236764 ], [ 39.2792901, -6.8238895 ], [ 39.279387, -6.8240941 ], [ 39.2795036, -6.8242882 ], [ 39.2796386, -6.8244699 ], [ 39.2797908, -6.8246375 ], [ 39.2799587, -6.8247895 ], [ 39.2801407, -6.8249242 ], [ 39.280335, -6.8250405 ], [ 39.2805398, -6.8251371 ], [ 39.2806092, -6.8251619 ], [ 39.2806198, -6.8252041 ], [ 39.2806963, -6.8254172 ], [ 39.2807357, -6.8255003 ], [ 39.2807678, -6.8256284 ], [ 39.2808443, -6.8258415 ], [ 39.2809412, -6.8260461 ], [ 39.2810578, -6.8262402 ], [ 39.2811928, -6.8264219 ], [ 39.281345, -6.8265895 ], [ 39.2815129, -6.8267415 ], [ 39.2816949, -6.8268762 ], [ 39.2818892, -6.8269925 ], [ 39.282094, -6.8270891 ], [ 39.2823073, -6.8271653 ], [ 39.282527, -6.8272202 ], [ 39.282751, -6.8272532 ], [ 39.2829773, -6.8272642 ], [ 39.2832035, -6.827253 ], [ 39.2834275, -6.8272196 ], [ 39.2836471, -6.8271645 ], [ 39.2838603, -6.8270881 ], [ 39.284065, -6.8269912 ], [ 39.2842592, -6.8268747 ], [ 39.284441, -6.8267397 ], [ 39.2846088, -6.8265876 ], [ 39.2847607, -6.8264198 ], [ 39.2848956, -6.8262379 ], [ 39.2850119, -6.8260437 ], [ 39.2851086, -6.825839 ], [ 39.2851848, -6.8256258 ], [ 39.2852397, -6.8254062 ], [ 39.2852728, -6.8251822 ], [ 39.2852837, -6.8249561 ], [ 39.285281, -6.8249005 ], [ 39.2854451, -6.8248417 ], [ 39.2856498, -6.8247448 ], [ 39.285844, -6.8246283 ], [ 39.2860258, -6.8244933 ], [ 39.2861935, -6.8243412 ], [ 39.2863455, -6.8241734 ], [ 39.2864803, -6.8239915 ], [ 39.2865632, -6.8238531 ], [ 39.2866808, -6.8237658 ], [ 39.2868485, -6.8236137 ], [ 39.2870005, -6.8234459 ], [ 39.2871353, -6.823264 ], [ 39.2872517, -6.8230698 ], [ 39.2873484, -6.8228651 ], [ 39.2874245, -6.8226519 ], [ 39.2874794, -6.8224323 ], [ 39.2875057, -6.8222546 ], [ 39.2875198, -6.8222566 ], [ 39.287746, -6.8222676 ], [ 39.2879722, -6.8222564 ], [ 39.2881962, -6.822223 ], [ 39.2884158, -6.8221679 ], [ 39.288629, -6.8220915 ], [ 39.2888337, -6.8219946 ], [ 39.2890279, -6.8218781 ], [ 39.2892097, -6.8217431 ], [ 39.2893774, -6.821591 ], [ 39.2895294, -6.8214232 ], [ 39.2896642, -6.8212413 ], [ 39.2897806, -6.8210471 ], [ 39.2898773, -6.8208424 ], [ 39.2898995, -6.8207802 ], [ 39.2899388, -6.820786 ], [ 39.290165, -6.820797 ], [ 39.2903912, -6.8207858 ], [ 39.2906152, -6.8207524 ], [ 39.2908349, -6.8206973 ], [ 39.2910221, -6.8206302 ], [ 39.2910441, -6.8206247 ], [ 39.2912572, -6.8205483 ], [ 39.2914619, -6.8204514 ], [ 39.2916561, -6.8203349 ], [ 39.2918379, -6.8201999 ], [ 39.2920057, -6.8200478 ], [ 39.2921576, -6.81988 ], [ 39.2922924, -6.8196981 ], [ 39.2924088, -6.8195038 ], [ 39.2925055, -6.8192992 ], [ 39.2925816, -6.819086 ], [ 39.2926365, -6.8188663 ], [ 39.2926696, -6.8186424 ], [ 39.2926806, -6.8184163 ], [ 39.2926694, -6.8181902 ], [ 39.292636, -6.8179663 ], [ 39.2925808, -6.8177468 ], [ 39.2925044, -6.8175337 ], [ 39.2924074, -6.8173291 ], [ 39.2922909, -6.817135 ], [ 39.2921559, -6.8169533 ], [ 39.2920037, -6.8167856 ], [ 39.2918358, -6.8166337 ], [ 39.2916538, -6.816499 ], [ 39.2914595, -6.8163827 ], [ 39.2912547, -6.816286 ], [ 39.2910414, -6.8162099 ], [ 39.2908217, -6.816155 ], [ 39.2905976, -6.816122 ], [ 39.2904342, -6.816114 ], [ 39.2904514, -6.8160777 ], [ 39.2905275, -6.8158645 ], [ 39.2905824, -6.8156449 ], [ 39.2906155, -6.8154209 ], [ 39.2906265, -6.8151948 ], [ 39.2906152, -6.8149687 ], [ 39.2905819, -6.8147448 ], [ 39.2905267, -6.8145253 ], [ 39.2904503, -6.8143122 ], [ 39.2903533, -6.8141076 ], [ 39.2902368, -6.8139135 ], [ 39.2901018, -6.8137318 ], [ 39.2899496, -6.8135641 ], [ 39.2897817, -6.8134122 ], [ 39.2896259, -6.8132969 ], [ 39.2895337, -6.8131433 ], [ 39.2893987, -6.8129616 ], [ 39.2892465, -6.8127939 ], [ 39.2890786, -6.812642 ], [ 39.2888966, -6.8125073 ], [ 39.2887023, -6.812391 ], [ 39.2884975, -6.8122944 ], [ 39.2882842, -6.8122182 ], [ 39.2880645, -6.8121633 ], [ 39.2878404, -6.8121303 ], [ 39.2876142, -6.8121193 ], [ 39.287388, -6.8121305 ], [ 39.287164, -6.8121639 ], [ 39.2869444, -6.812219 ], [ 39.2867312, -6.8122954 ], [ 39.2865265, -6.8123923 ], [ 39.2863323, -6.8125088 ], [ 39.2861505, -6.8126438 ], [ 39.2859828, -6.8127959 ], [ 39.2858308, -6.8129637 ], [ 39.285696, -6.8131456 ], [ 39.2855797, -6.8133398 ], [ 39.285483, -6.8135445 ], [ 39.2854068, -6.8137577 ], [ 39.2853519, -6.8139773 ], [ 39.2853188, -6.8142013 ], [ 39.2853078, -6.8144274 ], [ 39.2853191, -6.8146535 ], [ 39.2853524, -6.8148774 ], [ 39.2854076, -6.8150969 ], [ 39.285484, -6.81531 ], [ 39.285581, -6.8155146 ], [ 39.2856975, -6.8157087 ], [ 39.2858325, -6.8158904 ], [ 39.2859847, -6.8160581 ], [ 39.2861526, -6.81621 ], [ 39.2863084, -6.8163253 ], [ 39.2864006, -6.8164789 ], [ 39.2865356, -6.8166606 ], [ 39.2866878, -6.8168283 ], [ 39.2868557, -6.8169802 ], [ 39.2870377, -6.8171149 ], [ 39.287232, -6.8172312 ], [ 39.287237, -6.8172335 ], [ 39.2870378, -6.8172434 ], [ 39.2868138, -6.8172768 ], [ 39.2865942, -6.8173319 ], [ 39.286381, -6.8174083 ], [ 39.2861763, -6.8175052 ], [ 39.2859821, -6.8176217 ], [ 39.2858003, -6.8177567 ], [ 39.2856326, -6.8179088 ], [ 39.2854806, -6.8180766 ], [ 39.2853458, -6.8182585 ], [ 39.2852294, -6.8184527 ], [ 39.2851327, -6.8186574 ], [ 39.2850566, -6.8188706 ], [ 39.2850017, -6.8190902 ], [ 39.2849686, -6.8193142 ], [ 39.2849576, -6.8195403 ], [ 39.2849651, -6.8196916 ], [ 39.2847641, -6.8197215 ], [ 39.2845445, -6.8197766 ], [ 39.2843313, -6.819853 ], [ 39.2841266, -6.8199499 ], [ 39.2839324, -6.8200664 ], [ 39.2837506, -6.8202014 ], [ 39.2835829, -6.8203535 ], [ 39.2834309, -6.8205213 ], [ 39.2832961, -6.8207032 ], [ 39.2832132, -6.8208416 ], [ 39.2830956, -6.8209289 ], [ 39.2829882, -6.8210263 ], [ 39.2829725, -6.8209212 ], [ 39.2829174, -6.8207016 ], [ 39.2828409, -6.8204885 ], [ 39.2828187, -6.8204417 ], [ 39.2827821, -6.8203396 ], [ 39.2826852, -6.820135 ], [ 39.2825686, -6.8199409 ], [ 39.2824336, -6.8197592 ], [ 39.2822814, -6.8195916 ], [ 39.2822499, -6.8195631 ], [ 39.2822573, -6.8195507 ], [ 39.2822848, -6.8194925 ], [ 39.2824447, -6.8194846 ], [ 39.2826688, -6.8194512 ], [ 39.2828884, -6.8193961 ], [ 39.2831016, -6.8193197 ], [ 39.2833063, -6.8192228 ], [ 39.2835005, -6.8191063 ], [ 39.2836823, -6.8189714 ], [ 39.28385, -6.8188192 ], [ 39.284002, -6.8186514 ], [ 39.2841368, -6.8184695 ], [ 39.2842531, -6.8182753 ], [ 39.2843499, -6.8180706 ], [ 39.284426, -6.8178574 ], [ 39.2844809, -6.8176378 ], [ 39.284514, -6.8174138 ], [ 39.284525, -6.8171877 ], [ 39.2845138, -6.8169617 ], [ 39.2844804, -6.8167378 ], [ 39.2844252, -6.8165182 ], [ 39.2843488, -6.8163051 ], [ 39.2842519, -6.8161005 ], [ 39.2841353, -6.8159064 ], [ 39.2840003, -6.8157247 ], [ 39.2838481, -6.8155571 ], [ 39.2837427, -6.8154617 ], [ 39.2837188, -6.8154354 ], [ 39.2835509, -6.8152834 ], [ 39.2833689, -6.8151487 ], [ 39.2831746, -6.8150324 ], [ 39.2829698, -6.8149358 ], [ 39.2827565, -6.8148596 ], [ 39.2825368, -6.8148047 ], [ 39.2823128, -6.8147717 ], [ 39.2820866, -6.8147607 ], [ 39.2818604, -6.8147719 ], [ 39.2817351, -6.8147906 ], [ 39.2817059, -6.8147091 ], [ 39.281609, -6.8145045 ], [ 39.2814924, -6.8143104 ], [ 39.2813574, -6.8141287 ], [ 39.2812052, -6.8139611 ], [ 39.2810373, -6.8138091 ], [ 39.2808553, -6.8136744 ], [ 39.280815, -6.8136503 ], [ 39.2807198, -6.8135798 ], [ 39.2805255, -6.8134635 ], [ 39.2803207, -6.8133669 ], [ 39.2801074, -6.8132907 ], [ 39.2798877, -6.8132359 ], [ 39.2796637, -6.8132028 ], [ 39.2794375, -6.8131918 ], [ 39.2792113, -6.813203 ], [ 39.2789873, -6.8132364 ], [ 39.2787676, -6.8132915 ], [ 39.2785544, -6.8133679 ], [ 39.2783497, -6.8134648 ], [ 39.2781556, -6.8135813 ], [ 39.2779737, -6.8137162 ], [ 39.277806, -6.8138683 ], [ 39.277654, -6.8140362 ], [ 39.2775192, -6.8142181 ], [ 39.2774029, -6.8144123 ], [ 39.2773062, -6.814617 ], [ 39.27723, -6.8148302 ], [ 39.2771751, -6.8150498 ], [ 39.277142, -6.8152737 ], [ 39.277131, -6.8154998 ], [ 39.2771422, -6.8157259 ], [ 39.2771756, -6.8159498 ], [ 39.2772308, -6.8161694 ], [ 39.2773072, -6.8163825 ], [ 39.2774041, -6.816587 ], [ 39.2775207, -6.8167811 ], [ 39.2776557, -6.8169629 ], [ 39.2778079, -6.8171305 ], [ 39.2779758, -6.8172825 ], [ 39.2781578, -6.8174172 ], [ 39.278165, -6.8174215 ], [ 39.2780888, -6.817583 ], [ 39.2780126, -6.8177962 ], [ 39.2779577, -6.8180158 ], [ 39.2779246, -6.8182397 ], [ 39.2779136, -6.8184658 ], [ 39.2779248, -6.8186919 ], [ 39.2779582, -6.8189158 ], [ 39.2780134, -6.8191354 ], [ 39.2780898, -6.8193485 ], [ 39.2781867, -6.8195531 ], [ 39.2783033, -6.8197471 ], [ 39.2784383, -6.8199289 ], [ 39.2785905, -6.8200965 ], [ 39.2786081, -6.8201125 ], [ 39.2785937, -6.8201366 ], [ 39.2785821, -6.8201611 ], [ 39.2784751, -6.8203398 ], [ 39.2783783, -6.8205445 ], [ 39.2783022, -6.8207577 ], [ 39.2782473, -6.8209773 ], [ 39.2782142, -6.8212012 ], [ 39.2782032, -6.8214273 ], [ 39.2782144, -6.8216534 ], [ 39.2782478, -6.8218773 ], [ 39.2783029, -6.8220969 ], [ 39.2783794, -6.82231 ], [ 39.2784763, -6.8225146 ], [ 39.2785929, -6.8227087 ], [ 39.2787279, -6.8228904 ], [ 39.2788801, -6.823058 ] ] ], [ [ [ 39.2771854, -6.8100635 ], [ 39.2773673, -6.8099286 ], [ 39.277535, -6.8097765 ], [ 39.277687, -6.8096086 ], [ 39.2778218, -6.8094267 ], [ 39.2779381, -6.8092325 ], [ 39.2780348, -6.8090278 ], [ 39.278111, -6.8088146 ], [ 39.2781659, -6.808595 ], [ 39.278199, -6.8083711 ], [ 39.27821, -6.808145 ], [ 39.2781987, -6.8079189 ], [ 39.2781654, -6.807695 ], [ 39.2781102, -6.8074754 ], [ 39.2780338, -6.8072623 ], [ 39.2779368, -6.8070578 ], [ 39.2778203, -6.8068637 ], [ 39.2776853, -6.8066819 ], [ 39.2775331, -6.8065143 ], [ 39.2773652, -6.8063623 ], [ 39.2771832, -6.8062276 ], [ 39.2769889, -6.8061113 ], [ 39.2767841, -6.8060147 ], [ 39.2765708, -6.8059385 ], [ 39.2763511, -6.8058837 ], [ 39.2761271, -6.8058506 ], [ 39.2759009, -6.8058396 ], [ 39.2756747, -6.8058508 ], [ 39.2754507, -6.8058842 ], [ 39.275231, -6.8059393 ], [ 39.2750178, -6.8060157 ], [ 39.2748132, -6.8061126 ], [ 39.274619, -6.8062291 ], [ 39.2744372, -6.806364 ], [ 39.2742694, -6.8065161 ], [ 39.2741174, -6.806684 ], [ 39.2739826, -6.8068659 ], [ 39.2738663, -6.8070601 ], [ 39.2737696, -6.8072648 ], [ 39.2736934, -6.807478 ], [ 39.2736385, -6.8076976 ], [ 39.2736054, -6.8079215 ], [ 39.2735944, -6.8081476 ], [ 39.2736057, -6.8083737 ], [ 39.273639, -6.8085976 ], [ 39.2736942, -6.8088172 ], [ 39.2737706, -6.8090303 ], [ 39.2738676, -6.8092348 ], [ 39.2739841, -6.8094289 ], [ 39.2741191, -6.8096107 ], [ 39.2742713, -6.8097783 ], [ 39.2744392, -6.8099302 ], [ 39.2746212, -6.810065 ], [ 39.2748155, -6.8101813 ], [ 39.2750203, -6.8102779 ], [ 39.2752336, -6.8103541 ], [ 39.2754533, -6.8104089 ], [ 39.2756773, -6.810442 ], [ 39.2759035, -6.810453 ], [ 39.2761297, -6.8104418 ], [ 39.2763537, -6.8104084 ], [ 39.2765734, -6.8103533 ], [ 39.2767866, -6.8102769 ], [ 39.2769912, -6.81018 ], [ 39.2771854, -6.8100635 ] ] ], [ [ [ 39.2791951, -6.8008122 ], [ 39.2794191, -6.8008453 ], [ 39.2796453, -6.8008563 ], [ 39.2798715, -6.8008451 ], [ 39.2800955, -6.8008117 ], [ 39.2803152, -6.8007566 ], [ 39.2805284, -6.8006802 ], [ 39.2806816, -6.8006077 ], [ 39.2807085, -6.8006526 ], [ 39.2808436, -6.8008343 ], [ 39.2809957, -6.8010019 ], [ 39.2811636, -6.8011539 ], [ 39.2813456, -6.8012886 ], [ 39.2815399, -6.8014049 ], [ 39.2817447, -6.8015015 ], [ 39.2818692, -6.801546 ], [ 39.2819525, -6.8016848 ], [ 39.2820876, -6.8018665 ], [ 39.2822397, -6.8020341 ], [ 39.2824076, -6.8021861 ], [ 39.2825896, -6.8023208 ], [ 39.2827839, -6.8024371 ], [ 39.2829887, -6.8025337 ], [ 39.283202, -6.8026099 ], [ 39.2834217, -6.8026648 ], [ 39.2836458, -6.8026978 ], [ 39.283872, -6.8027088 ], [ 39.2840981, -6.8026976 ], [ 39.2843221, -6.8026642 ], [ 39.2845418, -6.8026091 ], [ 39.284755, -6.8025327 ], [ 39.2849597, -6.8024358 ], [ 39.2851538, -6.8023193 ], [ 39.2853357, -6.8021844 ], [ 39.2855034, -6.8020322 ], [ 39.2856554, -6.8018644 ], [ 39.2857902, -6.8016825 ], [ 39.2859065, -6.8014883 ], [ 39.2860032, -6.8012836 ], [ 39.2860793, -6.8010704 ], [ 39.2861342, -6.8008508 ], [ 39.2861673, -6.8006268 ], [ 39.2861783, -6.8004007 ], [ 39.2861671, -6.8001747 ], [ 39.2861337, -6.7999508 ], [ 39.2860786, -6.7997312 ], [ 39.2860021, -6.7995181 ], [ 39.2859052, -6.7993135 ], [ 39.2857886, -6.7991194 ], [ 39.2856536, -6.7989377 ], [ 39.2855014, -6.79877 ], [ 39.2853336, -6.7986181 ], [ 39.2851936, -6.7985145 ], [ 39.2851688, -6.7984621 ], [ 39.2850522, -6.798268 ], [ 39.2849172, -6.7980863 ], [ 39.284765, -6.7979187 ], [ 39.2845972, -6.7977667 ], [ 39.2844152, -6.797632 ], [ 39.2842209, -6.7975157 ], [ 39.2840161, -6.7974191 ], [ 39.2838028, -6.7973429 ], [ 39.2836486, -6.7973044 ], [ 39.2835085, -6.7972383 ], [ 39.2832952, -6.7971621 ], [ 39.2830755, -6.7971072 ], [ 39.2828515, -6.7970742 ], [ 39.2826253, -6.7970632 ], [ 39.282459, -6.7970714 ], [ 39.2823597, -6.7969061 ], [ 39.2822247, -6.7967244 ], [ 39.2820725, -6.7965568 ], [ 39.2819047, -6.7964048 ], [ 39.2817227, -6.7962701 ], [ 39.2815284, -6.7961538 ], [ 39.2813236, -6.7960572 ], [ 39.2811103, -6.795981 ], [ 39.2808906, -6.7959261 ], [ 39.2806666, -6.7958931 ], [ 39.2804404, -6.7958821 ], [ 39.2802142, -6.7958933 ], [ 39.2799902, -6.7959267 ], [ 39.2797705, -6.7959818 ], [ 39.2795573, -6.7960582 ], [ 39.2793527, -6.7961551 ], [ 39.2791585, -6.7962716 ], [ 39.2791088, -6.7963085 ], [ 39.2789728, -6.7963426 ], [ 39.2787596, -6.796419 ], [ 39.278555, -6.7965159 ], [ 39.2783608, -6.7966324 ], [ 39.278179, -6.7967673 ], [ 39.2780113, -6.7969194 ], [ 39.2778593, -6.7970873 ], [ 39.2777245, -6.7972692 ], [ 39.2776082, -6.7974634 ], [ 39.2775114, -6.7976681 ], [ 39.2774353, -6.7978813 ], [ 39.2773804, -6.7981009 ], [ 39.2773473, -6.7983248 ], [ 39.2773363, -6.7985509 ], [ 39.2773475, -6.798777 ], [ 39.2773809, -6.7990009 ], [ 39.277436, -6.7992205 ], [ 39.2775125, -6.7994336 ], [ 39.2776094, -6.7996381 ], [ 39.2777259, -6.7998322 ], [ 39.277861, -6.800014 ], [ 39.2780131, -6.8001816 ], [ 39.278181, -6.8003336 ], [ 39.278363, -6.8004683 ], [ 39.2785573, -6.8005846 ], [ 39.2787621, -6.8006812 ], [ 39.2789754, -6.8007574 ], [ 39.2791951, -6.8008122 ] ] ], [ [ [ 39.2816549, -6.7947089 ], [ 39.2818367, -6.794574 ], [ 39.2820044, -6.7944218 ], [ 39.2821564, -6.794254 ], [ 39.2822912, -6.7940721 ], [ 39.2824075, -6.7938779 ], [ 39.2825042, -6.7936732 ], [ 39.2825804, -6.79346 ], [ 39.2826353, -6.7932404 ], [ 39.2826684, -6.7930165 ], [ 39.2826794, -6.7927904 ], [ 39.2826681, -6.7925643 ], [ 39.2826348, -6.7923404 ], [ 39.2825796, -6.7921208 ], [ 39.2825032, -6.7919077 ], [ 39.2824063, -6.7917031 ], [ 39.2822897, -6.791509 ], [ 39.2821547, -6.7913273 ], [ 39.2820025, -6.7911597 ], [ 39.2818346, -6.7910077 ], [ 39.2816527, -6.790873 ], [ 39.2814584, -6.7907567 ], [ 39.2813138, -6.7906885 ], [ 39.2813135, -6.790684 ], [ 39.2812802, -6.7904601 ], [ 39.281225, -6.7902405 ], [ 39.2811486, -6.7900274 ], [ 39.2810517, -6.7898228 ], [ 39.2809351, -6.7896288 ], [ 39.2808001, -6.789447 ], [ 39.2806479, -6.7892794 ], [ 39.280501, -6.7891464 ], [ 39.2805211, -6.7891128 ], [ 39.2806178, -6.7889081 ], [ 39.280694, -6.7886949 ], [ 39.2807489, -6.7884753 ], [ 39.280782, -6.7882514 ], [ 39.280793, -6.7880253 ], [ 39.2807817, -6.7877992 ], [ 39.2807484, -6.7875753 ], [ 39.2806932, -6.7873557 ], [ 39.2806168, -6.7871426 ], [ 39.2805198, -6.786938 ], [ 39.2804033, -6.786744 ], [ 39.2802683, -6.7865622 ], [ 39.2802164, -6.786505 ], [ 39.2802218, -6.7863944 ], [ 39.2802105, -6.7861683 ], [ 39.2801772, -6.7859444 ], [ 39.280122, -6.7857248 ], [ 39.2800456, -6.7855117 ], [ 39.2799486, -6.7853072 ], [ 39.2798321, -6.7851131 ], [ 39.2796971, -6.7849313 ], [ 39.2795449, -6.7847637 ], [ 39.279377, -6.7846117 ], [ 39.2791951, -6.784477 ], [ 39.2790007, -6.7843607 ], [ 39.278796, -6.7842641 ], [ 39.2785827, -6.7841879 ], [ 39.278363, -6.7841331 ], [ 39.278139, -6.7841 ], [ 39.2779128, -6.784089 ], [ 39.2776866, -6.7841002 ], [ 39.2774626, -6.7841336 ], [ 39.277243, -6.7841887 ], [ 39.2770298, -6.7842651 ], [ 39.2768251, -6.784362 ], [ 39.2766309, -6.7844785 ], [ 39.2764491, -6.7846134 ], [ 39.2762814, -6.7847655 ], [ 39.2761294, -6.7849334 ], [ 39.2759946, -6.7851153 ], [ 39.2758783, -6.7853095 ], [ 39.2757816, -6.7855142 ], [ 39.2757054, -6.7857274 ], [ 39.2756505, -6.785947 ], [ 39.2756174, -6.7861709 ], [ 39.2756064, -6.786397 ], [ 39.2756177, -6.7866231 ], [ 39.275651, -6.786847 ], [ 39.2757062, -6.7870666 ], [ 39.2757826, -6.7872797 ], [ 39.2758795, -6.7874842 ], [ 39.2759961, -6.7876783 ], [ 39.2761311, -6.7878601 ], [ 39.276183, -6.7879173 ], [ 39.2761776, -6.7880279 ], [ 39.2761889, -6.788254 ], [ 39.2762222, -6.7884779 ], [ 39.2762774, -6.7886975 ], [ 39.2763538, -6.7889106 ], [ 39.2764507, -6.7891151 ], [ 39.2765673, -6.7893092 ], [ 39.2767023, -6.789491 ], [ 39.2768545, -6.7896586 ], [ 39.2770014, -6.7897916 ], [ 39.2769813, -6.7898252 ], [ 39.2768846, -6.7900299 ], [ 39.2768084, -6.7902431 ], [ 39.2767535, -6.7904627 ], [ 39.2767204, -6.7906866 ], [ 39.2767094, -6.7909127 ], [ 39.2767207, -6.7911388 ], [ 39.276754, -6.7913627 ], [ 39.2768092, -6.7915823 ], [ 39.2768856, -6.7917954 ], [ 39.2769825, -6.7919999 ], [ 39.2770991, -6.792194 ], [ 39.2772341, -6.7923758 ], [ 39.2773863, -6.7925434 ], [ 39.2775541, -6.7926954 ], [ 39.2777361, -6.7928301 ], [ 39.2779304, -6.7929464 ], [ 39.278075, -6.7930146 ], [ 39.2780753, -6.7930191 ], [ 39.2781086, -6.793243 ], [ 39.2781638, -6.7934626 ], [ 39.2782402, -6.7936757 ], [ 39.2783371, -6.7938803 ], [ 39.2784537, -6.7940743 ], [ 39.2785887, -6.7942561 ], [ 39.2787409, -6.7944237 ], [ 39.2789087, -6.7945757 ], [ 39.2790907, -6.7947104 ], [ 39.279285, -6.7948267 ], [ 39.2794898, -6.7949233 ], [ 39.2797031, -6.7949995 ], [ 39.2799228, -6.7950544 ], [ 39.2801468, -6.7950874 ], [ 39.280373, -6.7950984 ], [ 39.2805992, -6.7950872 ], [ 39.2808232, -6.7950538 ], [ 39.2810429, -6.7949987 ], [ 39.2812561, -6.7949223 ], [ 39.2814607, -6.7948254 ], [ 39.2816549, -6.7947089 ] ] ], [ [ [ 39.2745113, -6.7820574 ], [ 39.2746932, -6.7819225 ], [ 39.2748609, -6.7817704 ], [ 39.2750128, -6.7816026 ], [ 39.2751476, -6.7814207 ], [ 39.275264, -6.7812264 ], [ 39.2753607, -6.7810217 ], [ 39.2754368, -6.7808086 ], [ 39.2754917, -6.7805889 ], [ 39.2755248, -6.780365 ], [ 39.2755358, -6.7801389 ], [ 39.275529, -6.7800014 ], [ 39.2709274, -6.7800015 ], [ 39.2709206, -6.7801415 ], [ 39.2709318, -6.7803676 ], [ 39.2709652, -6.7805915 ], [ 39.2710203, -6.780811 ], [ 39.2710967, -6.7810241 ], [ 39.2711937, -6.7812287 ], [ 39.2713102, -6.7814228 ], [ 39.2714452, -6.7816046 ], [ 39.2715974, -6.7817722 ], [ 39.2717653, -6.7819241 ], [ 39.2719472, -6.7820589 ], [ 39.2721415, -6.7821752 ], [ 39.2723463, -6.7822718 ], [ 39.2725596, -6.782348 ], [ 39.2727793, -6.7824028 ], [ 39.2730033, -6.7824359 ], [ 39.2732295, -6.7824469 ], [ 39.2734557, -6.7824357 ], [ 39.2736797, -6.7824023 ], [ 39.2738993, -6.7823472 ], [ 39.2741125, -6.7822708 ], [ 39.2743172, -6.7821739 ], [ 39.2745113, -6.7820574 ] ] ], [ [ [ 39.2797608, -6.8495941 ], [ 39.2798372, -6.8498072 ], [ 39.2799292, -6.8500013 ], [ 39.2841563, -6.8500011 ], [ 39.2842301, -6.849845 ], [ 39.2843063, -6.8496318 ], [ 39.2843612, -6.8494122 ], [ 39.2843943, -6.8491882 ], [ 39.2844053, -6.8489621 ], [ 39.284394, -6.848736 ], [ 39.2843606, -6.8485122 ], [ 39.2843055, -6.8482926 ], [ 39.284229, -6.8480795 ], [ 39.2841321, -6.8478749 ], [ 39.2840155, -6.8476808 ], [ 39.2838805, -6.8474991 ], [ 39.2837283, -6.8473315 ], [ 39.2835604, -6.8471795 ], [ 39.2833784, -6.8470448 ], [ 39.2831841, -6.8469285 ], [ 39.2829793, -6.8468319 ], [ 39.282766, -6.8467557 ], [ 39.2827631, -6.846755 ], [ 39.2827007, -6.8467327 ], [ 39.2826523, -6.8467206 ], [ 39.2826377, -6.8467154 ], [ 39.2824179, -6.8466606 ], [ 39.2821939, -6.8466275 ], [ 39.2819676, -6.8466165 ], [ 39.2817414, -6.8466277 ], [ 39.2815174, -6.8466611 ], [ 39.2812977, -6.8467162 ], [ 39.2810845, -6.8467926 ], [ 39.2808798, -6.8468895 ], [ 39.2806856, -6.847006 ], [ 39.2805038, -6.8471409 ], [ 39.2803361, -6.8472931 ], [ 39.2801841, -6.8474609 ], [ 39.2800493, -6.8476428 ], [ 39.2799329, -6.847837 ], [ 39.2798362, -6.8480417 ], [ 39.27976, -6.8482549 ], [ 39.2797051, -6.8484745 ], [ 39.279672, -6.8486984 ], [ 39.279661, -6.8489245 ], [ 39.2796723, -6.8491506 ], [ 39.2797057, -6.8493745 ], [ 39.2797608, -6.8495941 ] ] ], [ [ [ 39.2849783, -6.845979 ], [ 39.2851601, -6.845844 ], [ 39.2853278, -6.8456919 ], [ 39.2854798, -6.8455241 ], [ 39.2856146, -6.8453422 ], [ 39.285731, -6.845148 ], [ 39.2858277, -6.8449433 ], [ 39.2859038, -6.8447301 ], [ 39.2859588, -6.8445105 ], [ 39.2859919, -6.8442865 ], [ 39.2860028, -6.8440604 ], [ 39.2859916, -6.8438343 ], [ 39.2859582, -6.8436104 ], [ 39.2859031, -6.8433909 ], [ 39.2858266, -6.8431778 ], [ 39.2857297, -6.8429732 ], [ 39.2856131, -6.8427791 ], [ 39.2854781, -6.8425974 ], [ 39.2853259, -6.8424297 ], [ 39.285158, -6.8422778 ], [ 39.284976, -6.8421431 ], [ 39.2847816, -6.8420268 ], [ 39.2845768, -6.8419302 ], [ 39.2845269, -6.8419123 ], [ 39.2845231, -6.8419106 ], [ 39.2843099, -6.8418344 ], [ 39.2842742, -6.8418255 ], [ 39.2842496, -6.8418167 ], [ 39.2840298, -6.8417618 ], [ 39.2838058, -6.8417288 ], [ 39.2835795, -6.8417178 ], [ 39.2833533, -6.841729 ], [ 39.2831293, -6.8417624 ], [ 39.2829096, -6.8418175 ], [ 39.2826964, -6.8418939 ], [ 39.2824918, -6.8419908 ], [ 39.2822976, -6.8421073 ], [ 39.2821157, -6.8422423 ], [ 39.281948, -6.8423944 ], [ 39.281796, -6.8425622 ], [ 39.2816612, -6.8427441 ], [ 39.2815449, -6.8429383 ], [ 39.2814481, -6.843143 ], [ 39.281372, -6.8433562 ], [ 39.2813171, -6.8435758 ], [ 39.281284, -6.8437998 ], [ 39.281273, -6.8440259 ], [ 39.2812842, -6.8442519 ], [ 39.2813176, -6.8444758 ], [ 39.2813727, -6.8446954 ], [ 39.2814492, -6.8449085 ], [ 39.2815461, -6.8451131 ], [ 39.2816627, -6.8453072 ], [ 39.2817977, -6.8454889 ], [ 39.2819499, -6.8456565 ], [ 39.2821178, -6.8458085 ], [ 39.2822998, -6.8459432 ], [ 39.2824941, -6.8460595 ], [ 39.2826989, -6.8461561 ], [ 39.2829122, -6.8462323 ], [ 39.2829439, -6.8462402 ], [ 39.2830262, -6.8462696 ], [ 39.283246, -6.8463245 ], [ 39.28347, -6.8463575 ], [ 39.2836963, -6.8463685 ], [ 39.2839225, -6.8463573 ], [ 39.2841465, -6.8463239 ], [ 39.2843662, -6.8462688 ], [ 39.2845794, -6.8461924 ], [ 39.2847841, -6.8460955 ], [ 39.2849783, -6.845979 ] ] ], [ [ [ 39.2869617, -6.8399656 ], [ 39.2871436, -6.8398306 ], [ 39.2873113, -6.8396785 ], [ 39.2874633, -6.8395107 ], [ 39.2875981, -6.8393288 ], [ 39.2877144, -6.8391346 ], [ 39.2878111, -6.8389299 ], [ 39.2878873, -6.8387167 ], [ 39.2879422, -6.8384971 ], [ 39.2879753, -6.8382731 ], [ 39.2879863, -6.838047 ], [ 39.2879751, -6.8378209 ], [ 39.2879417, -6.837597 ], [ 39.2878865, -6.8373775 ], [ 39.2878101, -6.8371644 ], [ 39.2877131, -6.8369598 ], [ 39.2875966, -6.8367657 ], [ 39.2874616, -6.836584 ], [ 39.2873094, -6.8364163 ], [ 39.2871415, -6.8362644 ], [ 39.2869595, -6.8361297 ], [ 39.2867651, -6.8360134 ], [ 39.2865603, -6.8359168 ], [ 39.286347, -6.8358406 ], [ 39.2863106, -6.8358315 ], [ 39.2862988, -6.8358273 ], [ 39.2860791, -6.8357724 ], [ 39.2860416, -6.8357669 ], [ 39.2860053, -6.8357578 ], [ 39.2857812, -6.8357248 ], [ 39.285555, -6.8357138 ], [ 39.2853288, -6.835725 ], [ 39.2851048, -6.8357584 ], [ 39.2848851, -6.8358135 ], [ 39.2846719, -6.8358899 ], [ 39.2844673, -6.8359868 ], [ 39.2842731, -6.8361033 ], [ 39.2840912, -6.8362383 ], [ 39.2839235, -6.8363904 ], [ 39.2837715, -6.8365582 ], [ 39.2836367, -6.8367401 ], [ 39.2835204, -6.8369343 ], [ 39.2834237, -6.837139 ], [ 39.2833475, -6.8373522 ], [ 39.2832926, -6.8375718 ], [ 39.2832595, -6.8377958 ], [ 39.2832485, -6.8380219 ], [ 39.2832597, -6.838248 ], [ 39.2832931, -6.8384719 ], [ 39.2833483, -6.8386914 ], [ 39.2834247, -6.8389045 ], [ 39.2835217, -6.8391091 ], [ 39.2836382, -6.8393032 ], [ 39.2837732, -6.8394849 ], [ 39.2839254, -6.8396526 ], [ 39.2840933, -6.8398045 ], [ 39.2842753, -6.8399392 ], [ 39.2844697, -6.8400555 ], [ 39.2846745, -6.8401521 ], [ 39.2848878, -6.8402283 ], [ 39.2851075, -6.8402832 ], [ 39.2851326, -6.8402869 ], [ 39.2852295, -6.8403111 ], [ 39.2854535, -6.8403441 ], [ 39.2856798, -6.8403551 ], [ 39.285906, -6.8403439 ], [ 39.28613, -6.8403105 ], [ 39.2863497, -6.8402554 ], [ 39.2865629, -6.840179 ], [ 39.2867675, -6.8400821 ], [ 39.2869617, -6.8399656 ] ] ], [ [ [ 39.2866651, -6.8343861 ], [ 39.2868891, -6.8343527 ], [ 39.2871088, -6.8342976 ], [ 39.287322, -6.8342212 ], [ 39.2875266, -6.8341243 ], [ 39.2877208, -6.8340078 ], [ 39.2879027, -6.8338728 ], [ 39.2880704, -6.8337207 ], [ 39.2880778, -6.8337126 ], [ 39.2881247, -6.83367 ], [ 39.2882767, -6.8335022 ], [ 39.2884115, -6.8333203 ], [ 39.2885278, -6.8331261 ], [ 39.2886245, -6.8329214 ], [ 39.2887007, -6.8327082 ], [ 39.2887556, -6.8324886 ], [ 39.2887887, -6.8322646 ], [ 39.2887997, -6.8320385 ], [ 39.2887884, -6.8318124 ], [ 39.2887551, -6.8315885 ], [ 39.2886999, -6.831369 ], [ 39.2886235, -6.8311559 ], [ 39.2885265, -6.8309513 ], [ 39.28841, -6.8307572 ], [ 39.2882749, -6.8305755 ], [ 39.2881227, -6.8304078 ], [ 39.2879548, -6.8302559 ], [ 39.2877728, -6.8301212 ], [ 39.2875785, -6.8300049 ], [ 39.2873737, -6.8299083 ], [ 39.2872925, -6.8298793 ], [ 39.2872812, -6.8298343 ], [ 39.2872048, -6.8296212 ], [ 39.2871078, -6.8294166 ], [ 39.2869913, -6.8292225 ], [ 39.2868562, -6.8290408 ], [ 39.286704, -6.8288731 ], [ 39.2865361, -6.8287212 ], [ 39.2863541, -6.8285865 ], [ 39.2861598, -6.8284702 ], [ 39.285955, -6.8283736 ], [ 39.2857417, -6.8282974 ], [ 39.285522, -6.8282425 ], [ 39.285298, -6.8282095 ], [ 39.2850717, -6.8281985 ], [ 39.2848455, -6.8282097 ], [ 39.2846215, -6.8282431 ], [ 39.2844019, -6.8282982 ], [ 39.2841887, -6.8283746 ], [ 39.283984, -6.8284715 ], [ 39.2837898, -6.828588 ], [ 39.283608, -6.828723 ], [ 39.2834402, -6.8288751 ], [ 39.2832882, -6.8290429 ], [ 39.2831534, -6.8292248 ], [ 39.2830371, -6.829419 ], [ 39.2829404, -6.8296237 ], [ 39.2828642, -6.8298369 ], [ 39.2828093, -6.8300565 ], [ 39.2827762, -6.8302805 ], [ 39.2827652, -6.8305066 ], [ 39.2827765, -6.8307326 ], [ 39.2828098, -6.8309566 ], [ 39.2828157, -6.83098 ], [ 39.2828216, -6.8310197 ], [ 39.282822, -6.831021 ], [ 39.282833, -6.8310953 ], [ 39.2828882, -6.8313148 ], [ 39.2829646, -6.8315279 ], [ 39.2830616, -6.8317325 ], [ 39.2831781, -6.8319266 ], [ 39.2833132, -6.8321083 ], [ 39.2834654, -6.832276 ], [ 39.2836333, -6.8324279 ], [ 39.2838152, -6.8325626 ], [ 39.2840096, -6.8326789 ], [ 39.2841724, -6.8327557 ], [ 39.2842392, -6.832942 ], [ 39.2843362, -6.8331466 ], [ 39.2844527, -6.8333407 ], [ 39.2845878, -6.8335224 ], [ 39.28474, -6.8336901 ], [ 39.2849079, -6.833842 ], [ 39.2850899, -6.8339767 ], [ 39.2852842, -6.834093 ], [ 39.2853416, -6.8341201 ], [ 39.2853508, -6.8341256 ], [ 39.2855556, -6.8342222 ], [ 39.2857689, -6.8342984 ], [ 39.2859886, -6.8343533 ], [ 39.2862127, -6.8343863 ], [ 39.2864389, -6.8343973 ], [ 39.2866651, -6.8343861 ] ] ], [ [ [ 39.2982186, -6.822229 ], [ 39.2984426, -6.8221956 ], [ 39.2986623, -6.8221405 ], [ 39.2988755, -6.8220641 ], [ 39.2990802, -6.8219672 ], [ 39.2992743, -6.8218507 ], [ 39.2994562, -6.8217157 ], [ 39.2996239, -6.8215636 ], [ 39.2996309, -6.8215558 ], [ 39.2996988, -6.8215315 ], [ 39.2999035, -6.8214346 ], [ 39.2999999, -6.8213767 ], [ 39.2999999, -6.8172527 ], [ 39.2998997, -6.8171784 ], [ 39.2997053, -6.8170622 ], [ 39.2995005, -6.8169655 ], [ 39.2992873, -6.8168894 ], [ 39.2990675, -6.8168345 ], [ 39.2988435, -6.8168015 ], [ 39.2986173, -6.8167905 ], [ 39.2983911, -6.8168017 ], [ 39.2981671, -6.8168351 ], [ 39.2979474, -6.8168902 ], [ 39.2977342, -6.8169666 ], [ 39.2975296, -6.8170635 ], [ 39.2973354, -6.81718 ], [ 39.2971535, -6.817315 ], [ 39.2969858, -6.8174671 ], [ 39.2968338, -6.8176349 ], [ 39.296699, -6.8178168 ], [ 39.2965827, -6.8180111 ], [ 39.2965095, -6.8181661 ], [ 39.2963581, -6.8183034 ], [ 39.2962061, -6.8184712 ], [ 39.2960713, -6.8186531 ], [ 39.295955, -6.8188474 ], [ 39.2958583, -6.8190521 ], [ 39.2957822, -6.8192653 ], [ 39.2957273, -6.8194849 ], [ 39.2956942, -6.8197088 ], [ 39.2956832, -6.8199349 ], [ 39.2956944, -6.820161 ], [ 39.2957278, -6.8203849 ], [ 39.295783, -6.8206045 ], [ 39.2958594, -6.8208176 ], [ 39.2959564, -6.8210221 ], [ 39.2960729, -6.8212162 ], [ 39.2962079, -6.821398 ], [ 39.2963601, -6.8215656 ], [ 39.296528, -6.8217175 ], [ 39.29671, -6.8218522 ], [ 39.2969044, -6.8219685 ], [ 39.2971092, -6.8220652 ], [ 39.2973224, -6.8221413 ], [ 39.2975422, -6.8221962 ], [ 39.2977662, -6.8222292 ], [ 39.2979924, -6.8222402 ], [ 39.2982186, -6.822229 ] ] ], [ [ [ 39.2879521, -6.8101301 ], [ 39.2881339, -6.8099951 ], [ 39.2883016, -6.809843 ], [ 39.2884536, -6.8096752 ], [ 39.2885884, -6.8094933 ], [ 39.2887047, -6.8092991 ], [ 39.2888014, -6.8090944 ], [ 39.2888776, -6.8088812 ], [ 39.2889325, -6.8086616 ], [ 39.2889656, -6.8084376 ], [ 39.2889766, -6.8082115 ], [ 39.2889653, -6.8079854 ], [ 39.2889319, -6.8077615 ], [ 39.2888768, -6.807542 ], [ 39.2888004, -6.8073289 ], [ 39.2887034, -6.8071243 ], [ 39.2885869, -6.8069302 ], [ 39.2884518, -6.8067485 ], [ 39.2882997, -6.8065808 ], [ 39.2881318, -6.8064289 ], [ 39.2881208, -6.8064208 ], [ 39.288203, -6.8062835 ], [ 39.2882997, -6.8060788 ], [ 39.2883759, -6.8058656 ], [ 39.2884308, -6.805646 ], [ 39.2884639, -6.805422 ], [ 39.2884748, -6.8051959 ], [ 39.2884636, -6.8049698 ], [ 39.2884302, -6.8047459 ], [ 39.2883751, -6.8045264 ], [ 39.2882986, -6.8043133 ], [ 39.2882017, -6.8041087 ], [ 39.2880852, -6.8039146 ], [ 39.2879501, -6.8037329 ], [ 39.2877979, -6.8035652 ], [ 39.2876301, -6.8034133 ], [ 39.2874481, -6.8032786 ], [ 39.2872538, -6.8031623 ], [ 39.287049, -6.8030657 ], [ 39.2868357, -6.8029895 ], [ 39.286616, -6.8029346 ], [ 39.2863919, -6.8029016 ], [ 39.2861657, -6.8028906 ], [ 39.2859395, -6.8029018 ], [ 39.2857155, -6.8029352 ], [ 39.2854959, -6.8029903 ], [ 39.2852827, -6.8030667 ], [ 39.285078, -6.8031636 ], [ 39.2848839, -6.8032801 ], [ 39.284702, -6.8034151 ], [ 39.2845343, -6.8035672 ], [ 39.2843823, -6.803735 ], [ 39.2842475, -6.8039169 ], [ 39.2841312, -6.8041111 ], [ 39.2840345, -6.8043158 ], [ 39.2839583, -6.804529 ], [ 39.2839034, -6.8047486 ], [ 39.2838703, -6.8049726 ], [ 39.2838594, -6.8051987 ], [ 39.2838706, -6.8054248 ], [ 39.283904, -6.8056487 ], [ 39.2839591, -6.8058682 ], [ 39.2840355, -6.8060813 ], [ 39.2841325, -6.8062859 ], [ 39.284249, -6.80648 ], [ 39.2843841, -6.8066617 ], [ 39.2845362, -6.8068294 ], [ 39.2847041, -6.8069813 ], [ 39.2847151, -6.8069894 ], [ 39.2846329, -6.8071267 ], [ 39.2845362, -6.8073314 ], [ 39.28446, -6.8075446 ], [ 39.2844051, -6.8077642 ], [ 39.284372, -6.8079882 ], [ 39.284361, -6.8082143 ], [ 39.2843723, -6.8084404 ], [ 39.2844057, -6.8086643 ], [ 39.2844608, -6.8088838 ], [ 39.2845372, -6.8090969 ], [ 39.2846342, -6.8093015 ], [ 39.2847507, -6.8094956 ], [ 39.2848857, -6.8096773 ], [ 39.2850379, -6.809845 ], [ 39.2852058, -6.8099969 ], [ 39.2853878, -6.8101316 ], [ 39.2855821, -6.8102479 ], [ 39.2857869, -6.8103445 ], [ 39.2860002, -6.8104207 ], [ 39.2862199, -6.8104756 ], [ 39.286444, -6.8105086 ], [ 39.2866702, -6.8105196 ], [ 39.2868964, -6.8105084 ], [ 39.2871204, -6.810475 ], [ 39.28734, -6.8104199 ], [ 39.2875532, -6.8103435 ], [ 39.2877579, -6.8102466 ], [ 39.2879521, -6.8101301 ] ] ] ] } },
{ "type": "Feature", "properties": { "index": "1", "label": "Beyond 255 m", "color": "#d9d9d9" }, "geometry": { "type": "Polygon", "coordinates": [ [ [ 39.2841563, -6.8500011 ], [ 39.3, -6.85 ], [ 39.2999999, -6.8213767 ], [ 39.2999035, -6.8214346 ], [ 39.2996988, -6.8215315 ], [ 39.2996309, -6.8215558 ], [ 39.2996239, -6.8215636 ], [ 39.2994562, -6.8217157 ], [ 39.2992743, -6.8218507 ], [ 39.2990802, -6.8219672 ], [ 39.2988755, -6.8220641 ], [ 39.2986623, -6.8221405 ], [ 39.2984426, -6.8221956 ], [ 39.2982186, -6.822229 ], [ 39.2979924, -6.8222402 ], [ 39.2977662, -6.8222292 ], [ 39.2975422, -6.8221962 ], [ 39.2973224, -6.8221413 ], [ 39.2971092, -6.8220652 ], [ 39.2969044, -6.8219685 ], [ 39.29671, -6.8218522 ], [ 39.296528, -6.8217175 ], [ 39.2963601, -6.8215656 ], [ 39.2962079, -6.821398 ], [ 39.2960729, -6.8212162 ], [ 39.2959564, -6.8210221 ], [ 39.2958594, -6.8208176 ], [ 39.295783, -6.8206045 ], [ 39.2957278, -6.8203849 ], [ 39.2956944, -6.820161 ], [ 39.2956832, -6.8199349 ], [ 39.2956942, -6.8197088 ], [ 39.2957273, -6.8194849 ], [ 39.2957822, -6.8192653 ], [ 39.2958583, -6.8190521 ], [ 39.295955, -6.8188474 ], [ 39.2960713, -6.8186531 ], [ 39.2962061, -6.8184712 ], [ 39.2963581, -6.8183034 ], [ 39.2965095, -6.8181661 ], [ 39.2965827, -6.8180111 ], [ 39.296699, -6.8178168 ], [ 39.2968338, -6.8176349 ], [ 39.2969858, -6.8174671 ], [ 39.2971535, -6.817315 ], [ 39.2973354, -6.81718 ], [ 39.2975296, -6.8170635 ], [ 39.2977342, -6.8169666 ], [ 39.2979474, -6.8168902 ], [ 39.2981671, -6.8168351 ], [ 39.2983911, -6.8168017 ], [ 39.2986173, -6.8167905 ], [ 39.2988435, -6.8168015 ], [ 39.2990675, -6.8168345 ], [ 39.2992873, -6.8168894 ], [ 39.2995005, -6.8169655 ], [ 39.2997053, -6.8170622 ], [ 39.2998997, -6.8171784 ], [ 39.2999999, -6.8172527 ], [ 39.3, -6.78 ], [ 39.275529, -6.7800014 ], [ 39.2755358, -6.7801389 ], [ 39.2755248, -6.780365 ], [ 39.2754917, -6.7805889 ], [ 39.2754368, -6.7808086 ], [ 39.2753607, -6.7810217 ], [ 39.275264, -6.7812264 ], [ 39.2751476, -6.7814207 ], [ 39.2750128, -6.7816026 ], [ 39.2748609, -6.7817704 ], [ 39.2746932, -6.7819225 ], [ 39.2745113, -6.7820574 ], [ 39.2743172, -6.7821739 ], [ 39.2741125, -6.7822708 ], [ 39.2738993, -6.7823472 ], [ 39.2736797, -6.7824023 ], [ 39.2734557, -6.7824357 ], [ 39.2732295, -6.7824469 ], [ 39.2730033, -6.7824359 ], [ 39.2727793, -6.7824028 ], [ 39.2725596, -6.782348 ], [ 39.2723463, -6.7822718 ], [ 39.2721415, -6.7821752 ], [ 39.2719472, -6.7820589 ], [ 39.2717653, -6.7819241 ], [ 39.2715974, -6.7817722 ], [ 39.2714452, -6.7816046 ], [ 39.2713102, -6.7814228 ], [ 39.2711937, -6.7812287 ], [ 39.2710967, -6.7810241 ], [ 39.2710203, -6.780811 ], [ 39.2709652, -6.7805915 ], [ 39.2709318, -6.7803676 ], [ 39.2709206, -6.7801415 ], [ 39.2709274, -6.7800015 ], [ 39.265096, -6.7800016 ], [ 39.2652562, -6.7801465 ], [ 39.2654083, -6.7803142 ], [ 39.2655433, -6.7804959 ], [ 39.2656599, -6.78069 ], [ 39.2657568, -6.7808946 ], [ 39.2657982, -6.7810099 ], [ 39.2658396, -6.7810789 ], [ 39.2659365, -6.7812835 ], [ 39.2660129, -6.7814966 ], [ 39.266068, -6.7817161 ], [ 39.2661014, -6.78194 ], [ 39.2661126, -6.7821661 ], [ 39.2661016, -6.7823922 ], [ 39.2660685, -6.7826162 ], [ 39.2660136, -6.7828358 ], [ 39.2659375, -6.783049 ], [ 39.2658408, -6.7832537 ], [ 39.2657244, -6.7834479 ], [ 39.2655896, -6.7836298 ], [ 39.2654376, -6.7837976 ], [ 39.2652699, -6.7839497 ], [ 39.2651209, -6.7840604 ], [ 39.2651625, -6.784098 ], [ 39.2653146, -6.7842657 ], [ 39.2654496, -6.7844474 ], [ 39.2655662, -6.7846415 ], [ 39.2656631, -6.7848461 ], [ 39.2657395, -6.7850592 ], [ 39.2657947, -6.7852787 ], [ 39.265828, -6.7855026 ], [ 39.2658393, -6.7857287 ], [ 39.2658312, -6.7858952 ], [ 39.2658351, -6.7859735 ], [ 39.2658241, -6.7861996 ], [ 39.265791, -6.7864236 ], [ 39.2657361, -6.7866432 ], [ 39.2656599, -6.7868564 ], [ 39.2655632, -6.7870611 ], [ 39.2654468, -6.7872553 ], [ 39.265312, -6.7874372 ], [ 39.2651601, -6.787605 ], [ 39.2649923, -6.7877571 ], [ 39.2649764, -6.7877689 ], [ 39.2650605, -6.7877899 ], [ 39.2652737, -6.7878661 ], [ 39.2654785, -6.7879628 ], [ 39.2656728, -6.788079 ], [ 39.2658548, -6.7882138 ], [ 39.2660227, -6.7883657 ], [ 39.2661749, -6.7885334 ], [ 39.2663099, -6.7887151 ], [ 39.2664264, -6.7889092 ], [ 39.2665233, -6.7891138 ], [ 39.2665997, -6.7893269 ], [ 39.2666549, -6.7895464 ], [ 39.2666882, -6.7897703 ], [ 39.2666995, -6.7899964 ], [ 39.2666885, -6.7902225 ], [ 39.2666554, -6.7904465 ], [ 39.2666005, -6.7906661 ], [ 39.2665243, -6.7908793 ], [ 39.2664276, -6.791084 ], [ 39.2663113, -6.7912782 ], [ 39.2662443, -6.7913686 ], [ 39.2663573, -6.7915568 ], [ 39.2664542, -6.7917614 ], [ 39.2665307, -6.7919745 ], [ 39.2665858, -6.792194 ], [ 39.2666192, -6.7924179 ], [ 39.2666304, -6.792644 ], [ 39.2666194, -6.7928701 ], [ 39.2665863, -6.7930941 ], [ 39.2665314, -6.7933137 ], [ 39.2665114, -6.7933695 ], [ 39.2664937, -6.7934896 ], [ 39.2664388, -6.7937092 ], [ 39.2663626, -6.7939224 ], [ 39.2662659, -6.7941271 ], [ 39.2662009, -6.7942357 ], [ 39.2662379, -6.7942974 ], [ 39.2663349, -6.794502 ], [ 39.2664113, -6.7947151 ], [ 39.2664664, -6.7949346 ], [ 39.2664998, -6.7951585 ], [ 39.266511, -6.7953846 ], [ 39.2665, -6.7956107 ], [ 39.2664669, -6.7958347 ], [ 39.266412, -6.7960543 ], [ 39.2663358, -6.7962675 ], [ 39.2662391, -6.7964722 ], [ 39.2661228, -6.7966664 ], [ 39.265988, -6.7968483 ], [ 39.265836, -6.7970161 ], [ 39.2656683, -6.7971682 ], [ 39.2654864, -6.7973032 ], [ 39.2652923, -6.7974196 ], [ 39.2650876, -6.7975165 ], [ 39.2648744, -6.7975929 ], [ 39.2646547, -6.797648 ], [ 39.2646482, -6.797649 ], [ 39.2646373, -6.7976517 ], [ 39.2644133, -6.7976851 ], [ 39.2641872, -6.7976963 ], [ 39.263961, -6.7976853 ], [ 39.2637369, -6.7976522 ], [ 39.2635172, -6.7975974 ], [ 39.2633039, -6.7975212 ], [ 39.2630992, -6.7974245 ], [ 39.2629049, -6.7973083 ], [ 39.2627229, -6.7971735 ], [ 39.262555, -6.7970216 ], [ 39.2624028, -6.7968539 ], [ 39.2622678, -6.7966722 ], [ 39.2621513, -6.7964781 ], [ 39.2620543, -6.7962735 ], [ 39.2619779, -6.7960604 ], [ 39.2619228, -6.7958408 ], [ 39.2618894, -6.7956169 ], [ 39.2618782, -6.7953909 ], [ 39.2618892, -6.7951647 ], [ 39.2618998, -6.7950928 ], [ 39.261736, -6.7950848 ], [ 39.261512, -6.7950517 ], [ 39.2612923, -6.7949969 ], [ 39.261079, -6.7949207 ], [ 39.2608743, -6.794824 ], [ 39.2606799, -6.7947078 ], [ 39.260498, -6.794573 ], [ 39.2603301, -6.7944211 ], [ 39.2601779, -6.7942534 ], [ 39.2600429, -6.7940717 ], [ 39.2600161, -6.794027 ], [ 39.2599766, -6.7940627 ], [ 39.2597948, -6.7941977 ], [ 39.2596006, -6.7943142 ], [ 39.259396, -6.7944111 ], [ 39.2591828, -6.7944874 ], [ 39.2589631, -6.7945426 ], [ 39.2587391, -6.7945759 ], [ 39.2585129, -6.7945871 ], [ 39.2583464, -6.794579 ], [ 39.2583184, -6.7945804 ], [ 39.2580922, -6.7945694 ], [ 39.2578682, -6.7945363 ], [ 39.2576485, -6.7944814 ], [ 39.2574352, -6.7944053 ], [ 39.2572304, -6.7943086 ], [ 39.2570361, -6.7941923 ], [ 39.2568542, -6.7940576 ], [ 39.2567682, -6.7939798 ], [ 39.2566049, -6.7939027 ], [ 39.2564106, -6.7937864 ], [ 39.2562287, -6.7936517 ], [ 39.2560608, -6.7934998 ], [ 39.2559086, -6.7933321 ], [ 39.2557736, -6.7931504 ], [ 39.2556571, -6.7929563 ], [ 39.2555601, -6.7927517 ], [ 39.2554837, -6.7925386 ], [ 39.2554286, -6.792319 ], [ 39.2553952, -6.7920951 ], [ 39.255384, -6.791869 ], [ 39.255395, -6.7916429 ], [ 39.2554024, -6.7915931 ], [ 39.2552698, -6.7917719 ], [ 39.2551178, -6.7919397 ], [ 39.2549501, -6.7920918 ], [ 39.2547683, -6.7922268 ], [ 39.2545741, -6.7923433 ], [ 39.2543694, -6.7924402 ], [ 39.2541562, -6.7925165 ], [ 39.2539366, -6.7925717 ], [ 39.2537126, -6.792605 ], [ 39.2534864, -6.7926162 ], [ 39.253336, -6.7926089 ], [ 39.2531887, -6.7926162 ], [ 39.2529625, -6.7926052 ], [ 39.2527385, -6.7925721 ], [ 39.2525188, -6.7925172 ], [ 39.2523055, -6.7924411 ], [ 39.2521007, -6.7923444 ], [ 39.2519064, -6.7922281 ], [ 39.2517245, -6.7920934 ], [ 39.2515566, -6.7919414 ], [ 39.2514044, -6.7917738 ], [ 39.2512694, -6.791592 ], [ 39.2511529, -6.7913979 ], [ 39.2510559, -6.7911934 ], [ 39.2509795, -6.7909803 ], [ 39.2509244, -6.7907607 ], [ 39.2508911, -6.7905368 ], [ 39.2508798, -6.7903107 ], [ 39.2508908, -6.7900846 ], [ 39.2509239, -6.7898607 ], [ 39.2509788, -6.789641 ], [ 39.251055, -6.7894279 ], [ 39.2511517, -6.7892232 ], [ 39.2512681, -6.789029 ], [ 39.2514029, -6.7888471 ], [ 39.2515549, -6.7886793 ], [ 39.2517226, -6.7885271 ], [ 39.2519044, -6.7883922 ], [ 39.2520986, -6.7882757 ], [ 39.2523033, -6.7881788 ], [ 39.2525165, -6.7881025 ], [ 39.2527361, -6.7880473 ], [ 39.2528785, -6.7880261 ], [ 39.2530754, -6.7879767 ], [ 39.2532994, -6.7879434 ], [ 39.2535256, -6.7879322 ], [ 39.2537518, -6.7879432 ], [ 39.2539758, -6.7879763 ], [ 39.2541955, -6.7880312 ], [ 39.2544088, -6.7881073 ], [ 39.2546136, -6.788204 ], [ 39.2548079, -6.7883203 ], [ 39.2549898, -6.788455 ], [ 39.2551577, -6.7886069 ], [ 39.2553099, -6.7887746 ], [ 39.2554449, -6.7889563 ], [ 39.2555614, -6.7891505 ], [ 39.2556584, -6.789355 ], [ 39.2557348, -6.7895681 ], [ 39.2557899, -6.7897877 ], [ 39.2558232, -6.7900116 ], [ 39.2558345, -6.7902377 ], [ 39.2558235, -6.7904638 ], [ 39.2558134, -6.7905317 ], [ 39.2559071, -6.7904054 ], [ 39.2560591, -6.7902376 ], [ 39.2562268, -6.7900855 ], [ 39.2564086, -6.7899505 ], [ 39.2566028, -6.789834 ], [ 39.2568075, -6.7897371 ], [ 39.2570206, -6.7896608 ], [ 39.2572403, -6.7896056 ], [ 39.2574643, -6.7895723 ], [ 39.2576905, -6.7895611 ], [ 39.2579167, -6.7895721 ], [ 39.2581407, -6.7896052 ], [ 39.2583604, -6.7896601 ], [ 39.2585737, -6.7897362 ], [ 39.2587784, -6.7898329 ], [ 39.2589728, -6.7899492 ], [ 39.2591187, -6.7900572 ], [ 39.2591804, -6.7900727 ], [ 39.2593937, -6.7901488 ], [ 39.2595984, -6.7902455 ], [ 39.2597928, -6.7903617 ], [ 39.2599747, -6.7904965 ], [ 39.2601426, -6.7906484 ], [ 39.2602948, -6.7908161 ], [ 39.2604298, -6.7909978 ], [ 39.2604566, -6.7910425 ], [ 39.2604961, -6.7910068 ], [ 39.2606779, -6.7908718 ], [ 39.2608721, -6.7907553 ], [ 39.2610767, -6.7906584 ], [ 39.2612899, -6.7905821 ], [ 39.2615096, -6.7905269 ], [ 39.2617336, -6.7904936 ], [ 39.2618044, -6.7904901 ], [ 39.2618738, -6.7903431 ], [ 39.2619901, -6.7901489 ], [ 39.2620095, -6.7901227 ], [ 39.2620056, -6.7900444 ], [ 39.2620166, -6.7898182 ], [ 39.2620497, -6.7895943 ], [ 39.2621046, -6.7893747 ], [ 39.2621808, -6.7891615 ], [ 39.2622775, -6.7889568 ], [ 39.2623938, -6.7887626 ], [ 39.2625287, -6.7885807 ], [ 39.2626806, -6.7884129 ], [ 39.2628484, -6.7882608 ], [ 39.2629298, -6.7882003 ], [ 39.2628587, -6.7881826 ], [ 39.2626455, -6.7881064 ], [ 39.2624407, -6.7880097 ], [ 39.2622464, -6.7878935 ], [ 39.2620644, -6.7877587 ], [ 39.2618965, -6.7876068 ], [ 39.2617443, -6.7874391 ], [ 39.2616093, -6.7872574 ], [ 39.2614928, -6.7870633 ], [ 39.2613959, -6.7868587 ], [ 39.2613195, -6.7866456 ], [ 39.2612643, -6.786426 ], [ 39.261231, -6.7862021 ], [ 39.2612197, -6.785976 ], [ 39.2612278, -6.7858096 ], [ 39.2612239, -6.7857312 ], [ 39.2612349, -6.7855051 ], [ 39.261268, -6.7852812 ], [ 39.261323, -6.7850616 ], [ 39.2613991, -6.7848484 ], [ 39.2614958, -6.7846437 ], [ 39.2616122, -6.7844495 ], [ 39.261747, -6.7842676 ], [ 39.261899, -6.7840998 ], [ 39.2620667, -6.7839477 ], [ 39.2622157, -6.783837 ], [ 39.2621741, -6.7837994 ], [ 39.262022, -6.7836317 ], [ 39.261887, -6.78345 ], [ 39.2617704, -6.7832559 ], [ 39.2616735, -6.7830513 ], [ 39.2616321, -6.7829359 ], [ 39.2615907, -6.782867 ], [ 39.2614938, -6.7826624 ], [ 39.2614174, -6.7824493 ], [ 39.2613622, -6.7822297 ], [ 39.2613289, -6.7820058 ], [ 39.2613177, -6.7817797 ], [ 39.2613287, -6.7815536 ], [ 39.2613618, -6.7813297 ], [ 39.2614167, -6.7811101 ], [ 39.2614928, -6.7808969 ], [ 39.2615896, -6.7806922 ], [ 39.2617059, -6.780498 ], [ 39.2618407, -6.7803161 ], [ 39.2619927, -6.7801483 ], [ 39.2621544, -6.7800016 ], [ 39.2256524, -6.7800004 ], [ 39.2256769, -6.7800688 ], [ 39.225732, -6.7802883 ], [ 39.2257653, -6.7805122 ], [ 39.2257765, -6.7807383 ], [ 39.2257655, -6.7809644 ], [ 39.2257324, -6.7811884 ], [ 39.2256775, -6.781408 ], [ 39.2256013, -6.7816212 ], [ 39.2255046, -6.7818258 ], [ 39.2253882, -6.7820201 ], [ 39.2252534, -6.7822019 ], [ 39.2251014, -6.7823697 ], [ 39.2249337, -6.7825218 ], [ 39.2247518, -6.7826568 ], [ 39.2245577, -6.7827732 ], [ 39.224353, -6.7828701 ], [ 39.2241398, -6.7829465 ], [ 39.2241047, -6.7829553 ], [ 39.224269, -6.783077 ], [ 39.2244369, -6.7832289 ], [ 39.2245891, -6.7833966 ], [ 39.2247241, -6.7835784 ], [ 39.2248406, -6.7837725 ], [ 39.2249375, -6.7839771 ], [ 39.2250139, -6.7841902 ], [ 39.225069, -6.7844097 ], [ 39.2251023, -6.7846336 ], [ 39.2251136, -6.7848597 ], [ 39.2251026, -6.7850858 ], [ 39.2250694, -6.7853098 ], [ 39.2250145, -6.7855294 ], [ 39.2249383, -6.7857426 ], [ 39.2248416, -6.7859472 ], [ 39.2247252, -6.7861415 ], [ 39.2245904, -6.7863233 ], [ 39.2244384, -6.7864911 ], [ 39.2242707, -6.7866432 ], [ 39.2240889, -6.7867782 ], [ 39.2238947, -6.7868946 ], [ 39.22369, -6.7869915 ], [ 39.2234768, -6.7870679 ], [ 39.2232571, -6.787123 ], [ 39.2230331, -6.7871563 ], [ 39.222807, -6.7871675 ], [ 39.2225808, -6.7871565 ], [ 39.2223567, -6.7871234 ], [ 39.222137, -6.7870685 ], [ 39.2219238, -6.7869923 ], [ 39.221719, -6.7868956 ], [ 39.2215247, -6.7867794 ], [ 39.2213428, -6.7866446 ], [ 39.2211749, -6.7864926 ], [ 39.2210227, -6.786325 ], [ 39.2208877, -6.7861432 ], [ 39.2207712, -6.7859491 ], [ 39.2206743, -6.7857445 ], [ 39.2205979, -6.7855314 ], [ 39.2205428, -6.7853119 ], [ 39.2205095, -6.7850879 ], [ 39.2204982, -6.7848619 ], [ 39.2205093, -6.7846358 ], [ 39.2205424, -6.7844118 ], [ 39.2205973, -6.7841922 ], [ 39.2206735, -6.783979 ], [ 39.2207702, -6.7837743 ], [ 39.2208866, -6.7835801 ], [ 39.2210214, -6.7833982 ], [ 39.2211734, -6.7832304 ], [ 39.2213411, -6.7830783 ], [ 39.221523, -6.7829434 ], [ 39.2217171, -6.7828269 ], [ 39.2219218, -6.7827301 ], [ 39.222135, -6.7826537 ], [ 39.2221651, -6.7826462 ], [ 39.2221635, -6.7826453 ], [ 39.2219816, -6.7825105 ], [ 39.2218137, -6.7823585 ], [ 39.2216615, -6.7821909 ], [ 39.2215266, -6.7820091 ], [ 39.22141, -6.781815 ], [ 39.2213131, -6.7816104 ], [ 39.2212367, -6.7813973 ], [ 39.2211816, -6.7811778 ], [ 39.2211483, -6.7809539 ], [ 39.2211371, -6.7807278 ], [ 39.2211481, -6.7805017 ], [ 39.2211812, -6.7802777 ], [ 39.2212361, -6.7800581 ], [ 39.2212569, -6.7800001 ], [ 39.22, -6.78 ], [ 39.22, -6.7937217 ], [ 39.2201101, -6.7936822 ], [ 39.2203298, -6.7936271 ], [ 39.2205538, -6.7935938 ], [ 39.2207799, -6.7935826 ], [ 39.2210061, -6.7935936 ], [ 39.2212302, -6.7936267 ], [ 39.2212876, -6.793641 ], [ 39.2213521, -6.7936442 ], [ 39.2215762, -6.7936773 ], [ 39.2217959, -6.7937322 ], [ 39.2220091, -6.7938084 ], [ 39.2222139, -6.7939051 ], [ 39.2224082, -6.7940213 ], [ 39.2225902, -6.7941561 ], [ 39.222758, -6.7943081 ], [ 39.2229102, -6.7944757 ], [ 39.2230452, -6.7946575 ], [ 39.2231617, -6.7948516 ], [ 39.2232586, -6.7950562 ], [ 39.2232814, -6.7951198 ], [ 39.2233975, -6.7950502 ], [ 39.2236022, -6.7949533 ], [ 39.2238154, -6.7948769 ], [ 39.224035, -6.7948218 ], [ 39.224259, -6.7947885 ], [ 39.2244852, -6.7947773 ], [ 39.2247114, -6.7947883 ], [ 39.2249355, -6.7948214 ], [ 39.224961, -6.7948278 ], [ 39.2251472, -6.7948553 ], [ 39.2253669, -6.7949102 ], [ 39.2255801, -6.7949864 ], [ 39.2255944, -6.7949931 ], [ 39.2257947, -6.7949428 ], [ 39.2260187, -6.7949095 ], [ 39.2262449, -6.7948983 ], [ 39.2264711, -6.7949093 ], [ 39.2266952, -6.7949424 ], [ 39.2269149, -6.7949973 ], [ 39.2271281, -6.7950735 ], [ 39.2273329, -6.7951701 ], [ 39.2275272, -6.7952864 ], [ 39.2277092, -6.7954212 ], [ 39.227877, -6.7955731 ], [ 39.2280292, -6.7957408 ], [ 39.2281642, -6.7959226 ], [ 39.2282198, -6.7960152 ], [ 39.2282199, -6.7960152 ], [ 39.2284017, -6.7958802 ], [ 39.2285959, -6.7957638 ], [ 39.2288006, -6.7956669 ], [ 39.2290138, -6.7955905 ], [ 39.2292334, -6.7955354 ], [ 39.2294574, -6.7955021 ], [ 39.2296836, -6.7954909 ], [ 39.2299098, -6.7955019 ], [ 39.2301338, -6.795535 ], [ 39.2303535, -6.7955899 ], [ 39.2305668, -6.795666 ], [ 39.2307716, -6.7957627 ], [ 39.2309659, -6.795879 ], [ 39.2309812, -6.7958904 ], [ 39.2310845, -6.7959162 ], [ 39.2312978, -6.7959923 ], [ 39.2315026, -6.796089 ], [ 39.2316969, -6.7962053 ], [ 39.2318788, -6.7963401 ], [ 39.2320467, -6.796492 ], [ 39.2321989, -6.7966597 ], [ 39.2323339, -6.7968414 ], [ 39.2324504, -6.7970355 ], [ 39.2325473, -6.7972401 ], [ 39.2325982, -6.797382 ], [ 39.2326249, -6.7974384 ], [ 39.2327013, -6.7976515 ], [ 39.2327565, -6.7978711 ], [ 39.2327898, -6.798095 ], [ 39.2328, -6.7983011 ], [ 39.2328025, -6.7982941 ], [ 39.2328992, -6.7980894 ], [ 39.2330156, -6.7978952 ], [ 39.2331504, -6.7977133 ], [ 39.2333024, -6.7975455 ], [ 39.2334701, -6.7973934 ], [ 39.233652, -6.7972585 ], [ 39.2338462, -6.797142 ], [ 39.2340508, -6.7970451 ], [ 39.234264, -6.7969687 ], [ 39.2344837, -6.7969136 ], [ 39.2347077, -6.7968803 ], [ 39.2349339, -6.7968691 ], [ 39.2351601, -6.7968801 ], [ 39.2353841, -6.7969132 ], [ 39.2356038, -6.7969681 ], [ 39.2358171, -6.7970442 ], [ 39.2360219, -6.7971409 ], [ 39.2362162, -6.7972572 ], [ 39.2362913, -6.7973129 ], [ 39.2363358, -6.7973287 ], [ 39.2365406, -6.7974254 ], [ 39.2367349, -6.7975417 ], [ 39.2369168, -6.7976765 ], [ 39.2370847, -6.7978284 ], [ 39.2372369, -6.7979961 ], [ 39.2372749, -6.7980473 ], [ 39.2373767, -6.7981394 ], [ 39.2375289, -6.7983071 ], [ 39.2376639, -6.7984888 ], [ 39.2377804, -6.7986829 ], [ 39.2378172, -6.7987607 ], [ 39.237961, -6.7986541 ], [ 39.2381551, -6.7985376 ], [ 39.2383598, -6.7984407 ], [ 39.238573, -6.7983643 ], [ 39.2387927, -6.7983092 ], [ 39.2390167, -6.7982759 ], [ 39.2392429, -6.7982647 ], [ 39.2394691, -6.7982757 ], [ 39.2396931, -6.7983088 ], [ 39.2399128, -6.7983637 ], [ 39.2401261, -6.7984398 ], [ 39.2403308, -6.7985365 ], [ 39.2405252, -6.7986528 ], [ 39.2406043, -6.7987114 ], [ 39.2407153, -6.798751 ], [ 39.2407455, -6.7987653 ], [ 39.2407697, -6.7987739 ], [ 39.2409744, -6.7988706 ], [ 39.2411688, -6.7989869 ], [ 39.2413507, -6.7991217 ], [ 39.2413899, -6.7991571 ], [ 39.2414443, -6.7991897 ], [ 39.2416263, -6.7993245 ], [ 39.2417942, -6.7994764 ], [ 39.2419464, -6.799644 ], [ 39.2420814, -6.7998258 ], [ 39.2421979, -6.8000199 ], [ 39.2422948, -6.8002245 ], [ 39.2423712, -6.8004376 ], [ 39.2424264, -6.8006572 ], [ 39.2424597, -6.8008811 ], [ 39.2424709, -6.8011071 ], [ 39.2424599, -6.8013333 ], [ 39.2424268, -6.8015572 ], [ 39.2423719, -6.8017768 ], [ 39.2422957, -6.80199 ], [ 39.242199, -6.8021947 ], [ 39.2420827, -6.8023889 ], [ 39.2419478, -6.8025708 ], [ 39.2417958, -6.8027386 ], [ 39.2416281, -6.8028907 ], [ 39.2414463, -6.8030256 ], [ 39.2412521, -6.8031421 ], [ 39.2410474, -6.803239 ], [ 39.2408342, -6.8033154 ], [ 39.2406145, -6.8033705 ], [ 39.2403905, -6.8034038 ], [ 39.2401643, -6.803415 ], [ 39.2399381, -6.803404 ], [ 39.2397141, -6.8033709 ], [ 39.2394944, -6.803316 ], [ 39.2392811, -6.8032399 ], [ 39.2390763, -6.8031432 ], [ 39.238882, -6.8030269 ], [ 39.2387001, -6.8028921 ], [ 39.2386924, -6.8028852 ], [ 39.238552, -6.8028012 ], [ 39.2384729, -6.8027426 ], [ 39.2383619, -6.802703 ], [ 39.2381571, -6.8026063 ], [ 39.2379628, -6.80249 ], [ 39.2377809, -6.8023552 ], [ 39.237613, -6.8022033 ], [ 39.2374895, -6.8020673 ], [ 39.237449, -6.802112 ], [ 39.2372813, -6.8022641 ], [ 39.2370994, -6.802399 ], [ 39.2369053, -6.8025155 ], [ 39.2367006, -6.8026124 ], [ 39.2364874, -6.8026888 ], [ 39.2362677, -6.8027439 ], [ 39.2360437, -6.8027772 ], [ 39.2358175, -6.8027884 ], [ 39.2355913, -6.8027774 ], [ 39.2353673, -6.8027443 ], [ 39.2351476, -6.8026894 ], [ 39.2349343, -6.8026133 ], [ 39.2347295, -6.8025166 ], [ 39.2345352, -6.8024003 ], [ 39.2343533, -6.8022655 ], [ 39.2341854, -6.8021136 ], [ 39.2340332, -6.8019459 ], [ 39.2338982, -6.8017642 ], [ 39.2337817, -6.8015701 ], [ 39.2336848, -6.8013655 ], [ 39.2336084, -6.8011524 ], [ 39.2335801, -6.8010398 ], [ 39.2334719, -6.8009596 ], [ 39.233304, -6.8008077 ], [ 39.2331518, -6.80064 ], [ 39.2330168, -6.8004583 ], [ 39.2329003, -6.8002642 ], [ 39.2328034, -6.8000596 ], [ 39.232727, -6.7998465 ], [ 39.2326718, -6.7996269 ], [ 39.2326385, -6.799403 ], [ 39.2326283, -6.799197 ], [ 39.2326258, -6.7992039 ], [ 39.232529, -6.7994086 ], [ 39.2324127, -6.7996028 ], [ 39.2322779, -6.7997847 ], [ 39.2321259, -6.7999525 ], [ 39.2319582, -6.8001046 ], [ 39.2317763, -6.8002396 ], [ 39.2315821, -6.800356 ], [ 39.2313774, -6.8004529 ], [ 39.2311643, -6.8005293 ], [ 39.2309446, -6.8005844 ], [ 39.2307206, -6.8006177 ], [ 39.2304944, -6.8006289 ], [ 39.2302682, -6.8006179 ], [ 39.2300442, -6.8005848 ], [ 39.2298245, -6.8005299 ], [ 39.2296112, -6.8004538 ], [ 39.2294064, -6.8003571 ], [ 39.2292121, -6.8002408 ], [ 39.2290301, -6.800106 ], [ 39.2288623, -6.7999541 ], [ 39.2288574, -6.7999487 ], [ 39.2288026, -6.7999292 ], [ 39.2285978, -6.7998325 ], [ 39.2284035, -6.7997162 ], [ 39.2282215, -6.7995814 ], [ 39.2280537, -6.7994295 ], [ 39.2279015, -6.7992618 ], [ 39.2277665, -6.7990801 ], [ 39.2277109, -6.7989874 ], [ 39.2277108, -6.7989874 ], [ 39.227529, -6.7991224 ], [ 39.2273348, -6.7992388 ], [ 39.2271301, -6.7993357 ], [ 39.2269169, -6.7994121 ], [ 39.2266973, -6.7994672 ], [ 39.2264733, -6.7995005 ], [ 39.2262471, -6.7995117 ], [ 39.226078, -6.7995035 ], [ 39.2259245, -6.7995585 ], [ 39.2257049, -6.7996136 ], [ 39.2254809, -6.7996469 ], [ 39.2252547, -6.7996581 ], [ 39.2250285, -6.7996471 ], [ 39.2248044, -6.799614 ], [ 39.2245847, -6.7995591 ], [ 39.2243715, -6.7994829 ], [ 39.2241667, -6.7993863 ], [ 39.2241212, -6.799359 ], [ 39.2240371, -6.7993466 ], [ 39.2238174, -6.7992917 ], [ 39.2236042, -6.7992155 ], [ 39.2233994, -6.7991189 ], [ 39.2232051, -6.7990026 ], [ 39.2230231, -6.7988678 ], [ 39.2228553, -6.7987159 ], [ 39.2227031, -6.7985482 ], [ 39.2225681, -6.7983664 ], [ 39.2224554, -6.7981787 ], [ 39.2224328, -6.7981955 ], [ 39.2222386, -6.798312 ], [ 39.2220339, -6.7984088 ], [ 39.2218207, -6.7984852 ], [ 39.221601, -6.7985403 ], [ 39.221377, -6.7985736 ], [ 39.2211509, -6.7985848 ], [ 39.2209247, -6.7985738 ], [ 39.2207006, -6.7985407 ], [ 39.2204809, -6.7984858 ], [ 39.2202676, -6.7984096 ], [ 39.2200629, -6.7983129 ], [ 39.22, -6.7982753 ], [ 39.22, -6.8076525 ], [ 39.2200767, -6.8075489 ], [ 39.2202287, -6.8073811 ], [ 39.2203965, -6.807229 ], [ 39.2205783, -6.8070941 ], [ 39.2207725, -6.8069777 ], [ 39.2209772, -6.8068808 ], [ 39.2211904, -6.8068044 ], [ 39.22141, -6.8067493 ], [ 39.221634, -6.806716 ], [ 39.2218602, -6.8067048 ], [ 39.2220864, -6.8067158 ], [ 39.2223105, -6.8067489 ], [ 39.2225302, -6.8068038 ], [ 39.2227435, -6.80688 ], [ 39.2229482, -6.8069767 ], [ 39.2231425, -6.8070929 ], [ 39.2233245, -6.8072277 ], [ 39.2234924, -6.8073796 ], [ 39.2236446, -6.8075473 ], [ 39.2237795, -6.8077291 ], [ 39.2238961, -6.8079232 ], [ 39.223993, -6.8081278 ], [ 39.2240694, -6.8083409 ], [ 39.2241245, -6.8085604 ], [ 39.2241579, -6.8087843 ], [ 39.2241691, -6.8090104 ], [ 39.2241581, -6.8092365 ], [ 39.2241249, -6.8094605 ], [ 39.22407, -6.8096801 ], [ 39.2239938, -6.8098933 ], [ 39.2238971, -6.8100979 ], [ 39.2237807, -6.8102922 ], [ 39.2236459, -6.810474 ], [ 39.2234939, -6.8106418 ], [ 39.2233262, -6.8107939 ], [ 39.2231443, -6.8109289 ], [ 39.2229501, -6.8110453 ], [ 39.2227454, -6.8111422 ], [ 39.2225322, -6.8112186 ], [ 39.2223126, -6.8112737 ], [ 39.2220886, -6.811307 ], [ 39.2218624, -6.8113182 ], [ 39.2216362, -6.8113072 ], [ 39.2214121, -6.8112741 ], [ 39.2211924, -6.8112192 ], [ 39.2209791, -6.811143 ], [ 39.2207744, -6.8110463 ], [ 39.22058, -6.8109301 ], [ 39.2203981, -6.8107953 ], [ 39.2202302, -6.8106433 ], [ 39.220078, -6.8104757 ], [ 39.22, -6.8103706 ], [ 39.22, -6.8136288 ], [ 39.2200892, -6.8135084 ], [ 39.2202412, -6.8133406 ], [ 39.2204089, -6.8131886 ], [ 39.2205908, -6.8130536 ], [ 39.220785, -6.8129372 ], [ 39.2209897, -6.8128403 ], [ 39.2212029, -6.8127639 ], [ 39.2214225, -6.8127088 ], [ 39.2216465, -6.8126755 ], [ 39.2218727, -6.8126643 ], [ 39.2220989, -6.8126753 ], [ 39.222323, -6.8127084 ], [ 39.2225427, -6.8127633 ], [ 39.222756, -6.8128395 ], [ 39.2229608, -6.8129362 ], [ 39.2231551, -6.8130524 ], [ 39.223337, -6.8131872 ], [ 39.2235049, -6.8133391 ], [ 39.2236571, -6.8135068 ], [ 39.2237921, -6.8136886 ], [ 39.2239086, -6.8138827 ], [ 39.2240055, -6.8140873 ], [ 39.2240819, -6.8143004 ], [ 39.224137, -6.8145199 ], [ 39.2241704, -6.8147438 ], [ 39.2241816, -6.8149699 ], [ 39.2241776, -6.8150527 ], [ 39.2242364, -6.8151319 ], [ 39.2243529, -6.815326 ], [ 39.2244498, -6.8155306 ], [ 39.2245262, -6.8157437 ], [ 39.2245814, -6.8159632 ], [ 39.2246147, -6.8161871 ], [ 39.2246259, -6.8164132 ], [ 39.2246149, -6.8166393 ], [ 39.2245818, -6.8168633 ], [ 39.2245268, -6.8170829 ], [ 39.2244506, -6.8172961 ], [ 39.2243539, -6.8175007 ], [ 39.2242376, -6.817695 ], [ 39.2241027, -6.8178768 ], [ 39.2239507, -6.8180446 ], [ 39.223783, -6.8181967 ], [ 39.2236011, -6.8183317 ], [ 39.2234069, -6.8184481 ], [ 39.2232022, -6.818545 ], [ 39.222989, -6.8186214 ], [ 39.2227694, -6.8186765 ], [ 39.2225454, -6.8187098 ], [ 39.2223192, -6.818721 ], [ 39.222093, -6.81871 ], [ 39.2218689, -6.8186769 ], [ 39.2216492, -6.818622 ], [ 39.2214359, -6.8185458 ], [ 39.2212311, -6.8184491 ], [ 39.2210368, -6.8183329 ], [ 39.2208549, -6.8181981 ], [ 39.220687, -6.8180461 ], [ 39.2205348, -6.8178785 ], [ 39.2203998, -6.8176967 ], [ 39.2202833, -6.8175026 ], [ 39.2201864, -6.817298 ], [ 39.22011, -6.8170849 ], [ 39.2200548, -6.8168654 ], [ 39.2200215, -6.8166414 ], [ 39.2200103, -6.8164154 ], [ 39.2200143, -6.8163326 ], [ 39.22, -6.8163133 ], [ 39.22, -6.8285263 ], [ 39.2200365, -6.8285044 ], [ 39.2202412, -6.8284075 ], [ 39.2204544, -6.8283311 ], [ 39.2206741, -6.828276 ], [ 39.2208981, -6.8282427 ], [ 39.2211243, -6.8282315 ], [ 39.2212487, -6.8282375 ], [ 39.2213698, -6.8280742 ], [ 39.2215218, -6.8279064 ], [ 39.2216896, -6.8277543 ], [ 39.2218714, -6.8276193 ], [ 39.2220656, -6.8275029 ], [ 39.2222703, -6.827406 ], [ 39.2224835, -6.8273296 ], [ 39.2227032, -6.8272745 ], [ 39.2229272, -6.8272412 ], [ 39.2231534, -6.82723 ], [ 39.2233796, -6.827241 ], [ 39.2236037, -6.8272741 ], [ 39.2238234, -6.827329 ], [ 39.2240367, -6.8274052 ], [ 39.2242415, -6.8275018 ], [ 39.2244358, -6.8276181 ], [ 39.2246178, -6.8277529 ], [ 39.2247856, -6.8279048 ], [ 39.2249378, -6.8280725 ], [ 39.2250728, -6.8282543 ], [ 39.2251894, -6.8284484 ], [ 39.2252863, -6.828653 ], [ 39.2253627, -6.8288661 ], [ 39.2254178, -6.8290856 ], [ 39.2254512, -6.8293095 ], [ 39.2254624, -6.8295356 ], [ 39.2254514, -6.8297617 ], [ 39.2254182, -6.8299857 ], [ 39.2253633, -6.8302053 ], [ 39.2252871, -6.8304185 ], [ 39.2251904, -6.8306231 ], [ 39.225074, -6.8308174 ], [ 39.2249392, -6.8309992 ], [ 39.2247872, -6.831167 ], [ 39.2246194, -6.8313191 ], [ 39.2244376, -6.8314541 ], [ 39.2242434, -6.8315705 ], [ 39.2240387, -6.8316674 ], [ 39.2238255, -6.8317438 ], [ 39.2236058, -6.8317989 ], [ 39.2233818, -6.8318322 ], [ 39.2231556, -6.8318434 ], [ 39.2230312, -6.8318374 ], [ 39.2229101, -6.8320007 ], [ 39.2227581, -6.8321685 ], [ 39.2225903, -6.8323206 ], [ 39.2224085, -6.8324556 ], [ 39.2222143, -6.832572 ], [ 39.2220096, -6.8326689 ], [ 39.2217964, -6.8327453 ], [ 39.2215767, -6.8328004 ], [ 39.2213527, -6.8328337 ], [ 39.2211265, -6.8328449 ], [ 39.2209002, -6.8328339 ], [ 39.2206762, -6.8328008 ], [ 39.2204565, -6.8327459 ], [ 39.2202432, -6.8326697 ], [ 39.2200384, -6.832573 ], [ 39.22, -6.83255 ], [ 39.22, -6.85 ], [ 39.234716, -6.850001 ], [ 39.2346497, -6.849928 ], [ 39.2345147, -6.8497463 ], [ 39.2343982, -6.8495522 ], [ 39.2343013, -6.8493476 ], [ 39.2342248, -6.8491345 ], [ 39.2341697, -6.8489149 ], [ 39.2341364, -6.848691 ], [ 39.2341251, -6.8484649 ], [ 39.2341361, -6.8482388 ], [ 39.2341693, -6.8480149 ], [ 39.2342242, -6.8477953 ], [ 39.2343004, -6.8475821 ], [ 39.2343971, -6.8473774 ], [ 39.2345135, -6.8471832 ], [ 39.2346483, -6.8470013 ], [ 39.2348003, -6.8468335 ], [ 39.2349681, -6.8466814 ], [ 39.2351248, -6.8465651 ], [ 39.2352182, -6.8464391 ], [ 39.2353702, -6.8462713 ], [ 39.235538, -6.8461192 ], [ 39.2357198, -6.8459843 ], [ 39.235914, -6.8458678 ], [ 39.2361187, -6.8457709 ], [ 39.2363319, -6.8456945 ], [ 39.2365516, -6.8456394 ], [ 39.2367756, -6.8456061 ], [ 39.2370019, -6.8455949 ], [ 39.2372281, -6.8456059 ], [ 39.2374521, -6.845639 ], [ 39.2376719, -6.8456939 ], [ 39.2378852, -6.84577 ], [ 39.23809, -6.8458667 ], [ 39.2382843, -6.845983 ], [ 39.2384663, -6.8461178 ], [ 39.2386342, -6.8462697 ], [ 39.2387863, -6.8464374 ], [ 39.2389214, -6.8466191 ], [ 39.2390379, -6.8468132 ], [ 39.2391348, -6.8470178 ], [ 39.2392112, -6.8472309 ], [ 39.2392664, -6.8474505 ], [ 39.2392997, -6.8476744 ], [ 39.239311, -6.8479005 ], [ 39.2393, -6.8481266 ], [ 39.2392668, -6.8483505 ], [ 39.2392119, -6.8485701 ], [ 39.2391357, -6.8487833 ], [ 39.239039, -6.848988 ], [ 39.2389226, -6.8491822 ], [ 39.2387878, -6.8493641 ], [ 39.2386358, -6.8495319 ], [ 39.238468, -6.849684 ], [ 39.2383113, -6.8498003 ], [ 39.2382179, -6.8499263 ], [ 39.2381501, -6.8500012 ], [ 39.2799292, -6.8500013 ], [ 39.2798372, -6.8498072 ], [ 39.2797608, -6.8495941 ], [ 39.2797057, -6.8493745 ], [ 39.2796723, -6.8491506 ], [ 39.279661, -6.8489245 ], [ 39.279672, -6.8486984 ], [ 39.2797051, -6.8484745 ], [ 39.27976, -6.8482549 ], [ 39.2798362, -6.8480417 ], [ 39.2799329, -6.847837 ], [ 39.2800493, -6.8476428 ], [ 39.2801841, -6.8474609 ], [ 39.2803361, -6.8472931 ], [ 39.2805038, -6.8471409 ], [ 39.2806856, -6.847006 ], [ 39.2808798, -6.8468895 ], [ 39.2810845, -6.8467926 ], [ 39.2812977, -6.8467162 ], [ 39.2815174, -6.8466611 ], [ 39.2817414, -6.8466277 ], [ 39.2819676, -6.8466165 ], [ 39.2821939, -6.8466275 ], [ 39.2824179, -6.8466606 ], [ 39.2826377, -6.8467154 ], [ 39.2826523, -6.8467206 ], [ 39.2827007, -6.8467327 ], [ 39.2827631, -6.846755 ], [ 39.282766, -6.8467557 ], [ 39.2829793, -6.8468319 ], [ 39.2831841, -6.8469285 ], [ 39.2833784, -6.8470448 ], [ 39.2835604, -6.8471795 ], [ 39.2837283, -6.8473315 ], [ 39.2838805, -6.8474991 ], [ 39.2840155, -6.8476808 ], [ 39.2841321, -6.8478749 ], [ 39.284229, -6.8480795 ], [ 39.2843055, -6.8482926 ], [ 39.2843606, -6.8485122 ], [ 39.284394, -6.848736 ], [ 39.2844053, -6.8489621 ], [ 39.2843943, -6.8491882 ], [ 39.2843612, -6.8494122 ], [ 39.2843063, -6.8496318 ], [ 39.2842301, -6.849845 ], [ 39.2841563, -6.8500011 ] ], [ [ 39.2268959, -6.8470165 ], [ 39.2267438, -6.8471843 ], [ 39.2265761, -6.8473364 ], [ 39.2263942, -6.8474714 ], [ 39.2262, -6.8475878 ], [ 39.2259953, -6.8476847 ], [ 39.2257821, -6.8477611 ], [ 39.2255624, -6.8478162 ], [ 39.2253384, -6.8478495 ], [ 39.2251122, -6.8478607 ], [ 39.224886, -6.8478497 ], [ 39.2246619, -6.8478166 ], [ 39.2244422, -6.8477617 ], [ 39.2242289, -6.8476855 ], [ 39.2240241, -6.8475889 ], [ 39.2238298, -6.8474726 ], [ 39.2236478, -6.8473378 ], [ 39.2234799, -6.8471859 ], [ 39.2233277, -6.8470182 ], [ 39.2231927, -6.8468364 ], [ 39.2230762, -6.8466423 ], [ 39.2229792, -6.8464377 ], [ 39.2229028, -6.8462246 ], [ 39.2228477, -6.8460051 ], [ 39.2228144, -6.8457812 ], [ 39.2228032, -6.8455551 ], [ 39.2228142, -6.845329 ], [ 39.2228473, -6.845105 ], [ 39.2229022, -6.8448854 ], [ 39.2229784, -6.8446723 ], [ 39.2230752, -6.8444676 ], [ 39.2231915, -6.8442734 ], [ 39.2233264, -6.8440915 ], [ 39.2234784, -6.8439237 ], [ 39.2236461, -6.8437716 ], [ 39.223828, -6.8436366 ], [ 39.2240222, -6.8435202 ], [ 39.2242269, -6.8434233 ], [ 39.2244401, -6.8433469 ], [ 39.2246598, -6.8432918 ], [ 39.2248838, -6.8432585 ], [ 39.22511, -6.8432473 ], [ 39.2253362, -6.8432583 ], [ 39.2255603, -6.8432914 ], [ 39.22578, -6.8433463 ], [ 39.2259933, -6.8434225 ], [ 39.2261981, -6.8435191 ], [ 39.2263924, -6.8436354 ], [ 39.2265744, -6.8437702 ], [ 39.2267423, -6.8439221 ], [ 39.2268945, -6.8440898 ], [ 39.2270295, -6.8442716 ], [ 39.227146, -6.8444657 ], [ 39.2272429, -6.8446703 ], [ 39.2273194, -6.8448834 ], [ 39.2273745, -6.8451029 ], [ 39.2274078, -6.8453268 ], [ 39.227419, -6.8455529 ], [ 39.227408, -6.845779 ], [ 39.2273749, -6.846003 ], [ 39.22732, -6.8462226 ], [ 39.2272438, -6.8464357 ], [ 39.227147, -6.8466404 ], [ 39.2270307, -6.8468346 ], [ 39.2268959, -6.8470165 ] ], [ [ 39.2428478, -6.8478235 ], [ 39.2426238, -6.8477904 ], [ 39.2424041, -6.8477355 ], [ 39.2421908, -6.8476594 ], [ 39.241986, -6.8475627 ], [ 39.2417916, -6.8474464 ], [ 39.2416097, -6.8473117 ], [ 39.2414418, -6.8471597 ], [ 39.2412896, -6.8469921 ], [ 39.2411546, -6.8468103 ], [ 39.241038, -6.8466162 ], [ 39.2409411, -6.8464116 ], [ 39.2408647, -6.8461985 ], [ 39.2408095, -6.845979 ], [ 39.2407762, -6.8457551 ], [ 39.240765, -6.845529 ], [ 39.240776, -6.8453029 ], [ 39.2408091, -6.8450789 ], [ 39.240864, -6.8448593 ], [ 39.2409402, -6.8446461 ], [ 39.2410369, -6.8444414 ], [ 39.2411533, -6.8442472 ], [ 39.2412881, -6.8440653 ], [ 39.2414401, -6.8438975 ], [ 39.2416079, -6.8437454 ], [ 39.2417897, -6.8436105 ], [ 39.2419839, -6.843494 ], [ 39.2421886, -6.8433971 ], [ 39.2424018, -6.8433207 ], [ 39.2426215, -6.8432656 ], [ 39.2428455, -6.8432323 ], [ 39.2430273, -6.8432233 ], [ 39.2431424, -6.8430963 ], [ 39.2431293, -6.8430786 ], [ 39.2430127, -6.8428845 ], [ 39.2429158, -6.8426799 ], [ 39.2428394, -6.8424668 ], [ 39.2427842, -6.8422473 ], [ 39.2427509, -6.8420234 ], [ 39.2427397, -6.8417973 ], [ 39.2427507, -6.8415712 ], [ 39.2427838, -6.8413472 ], [ 39.2428016, -6.8412759 ], [ 39.2427605, -6.8412565 ], [ 39.2425662, -6.8411402 ], [ 39.2423842, -6.8410055 ], [ 39.2422163, -6.8408535 ], [ 39.2420641, -6.8406859 ], [ 39.2419291, -6.8405041 ], [ 39.2418594, -6.8403881 ], [ 39.2418346, -6.8403732 ], [ 39.2416526, -6.8402385 ], [ 39.2414949, -6.8400957 ], [ 39.2414053, -6.8400421 ], [ 39.2412233, -6.8399074 ], [ 39.2410554, -6.8397554 ], [ 39.2409032, -6.8395878 ], [ 39.2407682, -6.839406 ], [ 39.2406517, -6.8392119 ], [ 39.2405547, -6.8390073 ], [ 39.2404783, -6.8387942 ], [ 39.2404232, -6.8385747 ], [ 39.2403898, -6.8383507 ], [ 39.2403786, -6.8381247 ], [ 39.2403896, -6.8378986 ], [ 39.2404227, -6.8376746 ], [ 39.2404776, -6.837455 ], [ 39.2405538, -6.8372418 ], [ 39.2406506, -6.8370371 ], [ 39.2407669, -6.8368429 ], [ 39.2409017, -6.836661 ], [ 39.2410537, -6.8364932 ], [ 39.2412215, -6.8363411 ], [ 39.2414033, -6.8362062 ], [ 39.2415975, -6.8360897 ], [ 39.2418022, -6.8359928 ], [ 39.2420154, -6.8359164 ], [ 39.2422351, -6.8358613 ], [ 39.2424591, -6.835828 ], [ 39.2425555, -6.8358232 ], [ 39.2425685, -6.8358056 ], [ 39.2427205, -6.8356378 ], [ 39.2428883, -6.8354857 ], [ 39.2430701, -6.8353508 ], [ 39.2432643, -6.8352343 ], [ 39.243469, -6.8351374 ], [ 39.2436822, -6.8350611 ], [ 39.243722, -6.8350511 ], [ 39.2437877, -6.8348671 ], [ 39.2438845, -6.8346625 ], [ 39.2440008, -6.8344682 ], [ 39.2441356, -6.8342863 ], [ 39.2442876, -6.8341185 ], [ 39.2444554, -6.8339664 ], [ 39.2446372, -6.8338315 ], [ 39.2448314, -6.833715 ], [ 39.2450361, -6.8336181 ], [ 39.2451536, -6.833576 ], [ 39.2451227, -6.8333689 ], [ 39.2451115, -6.8331428 ], [ 39.2451225, -6.8329167 ], [ 39.2451556, -6.8326927 ], [ 39.2452106, -6.8324731 ], [ 39.2452867, -6.8322599 ], [ 39.2453835, -6.8320553 ], [ 39.2454998, -6.831861 ], [ 39.2456346, -6.8316791 ], [ 39.2457866, -6.8315113 ], [ 39.2459544, -6.8313592 ], [ 39.2461362, -6.8312243 ], [ 39.2463304, -6.8311078 ], [ 39.2465351, -6.8310109 ], [ 39.2467483, -6.8309346 ], [ 39.246968, -6.8308794 ], [ 39.247192, -6.8308461 ], [ 39.2474182, -6.8308349 ], [ 39.2476444, -6.8308459 ], [ 39.2478685, -6.830879 ], [ 39.2480882, -6.8309339 ], [ 39.2482329, -6.8309855 ], [ 39.2482019, -6.8308989 ], [ 39.2481467, -6.8306794 ], [ 39.2481134, -6.8304555 ], [ 39.2481021, -6.8302294 ], [ 39.2481131, -6.8300033 ], [ 39.2481462, -6.8297794 ], [ 39.2482012, -6.8295597 ], [ 39.2482774, -6.8293466 ], [ 39.2483741, -6.8291419 ], [ 39.2484904, -6.8289477 ], [ 39.2486252, -6.8287658 ], [ 39.2487772, -6.828598 ], [ 39.248945, -6.8284458 ], [ 39.2491268, -6.8283109 ], [ 39.249321, -6.8281944 ], [ 39.2495257, -6.8280975 ], [ 39.2496676, -6.8280467 ], [ 39.2497216, -6.8280143 ], [ 39.249798, -6.827945 ], [ 39.2499798, -6.8278101 ], [ 39.250174, -6.8276936 ], [ 39.2503787, -6.8275967 ], [ 39.2505919, -6.8275204 ], [ 39.2508116, -6.8274652 ], [ 39.2510356, -6.8274319 ], [ 39.2512618, -6.8274207 ], [ 39.251488, -6.8274317 ], [ 39.2517121, -6.8274648 ], [ 39.2519318, -6.8275197 ], [ 39.2521451, -6.8275958 ], [ 39.2523499, -6.8276925 ], [ 39.2525442, -6.8278088 ], [ 39.2526218, -6.8278663 ], [ 39.2526633, -6.8278911 ], [ 39.2528453, -6.8280258 ], [ 39.2530132, -6.8281778 ], [ 39.2531653, -6.8283454 ], [ 39.2533003, -6.8285272 ], [ 39.2534169, -6.8287213 ], [ 39.2535138, -6.8289258 ], [ 39.2535902, -6.8291389 ], [ 39.2536454, -6.8293585 ], [ 39.2536787, -6.8295824 ], [ 39.25369, -6.8298085 ], [ 39.253679, -6.8300346 ], [ 39.2536459, -6.8302585 ], [ 39.2535909, -6.8304781 ], [ 39.2535148, -6.8306913 ], [ 39.253418, -6.830896 ], [ 39.2533017, -6.8310902 ], [ 39.2531669, -6.8312721 ], [ 39.2530149, -6.8314399 ], [ 39.2528471, -6.831592 ], [ 39.2526653, -6.831727 ], [ 39.2524711, -6.8318435 ], [ 39.2522664, -6.8319404 ], [ 39.2520532, -6.8320167 ], [ 39.2519757, -6.8320362 ], [ 39.2519094, -6.832076 ], [ 39.2517047, -6.8321729 ], [ 39.2515628, -6.8322237 ], [ 39.251499, -6.832262 ], [ 39.2512943, -6.8323589 ], [ 39.2510811, -6.8324352 ], [ 39.2508614, -6.8324904 ], [ 39.2506374, -6.8325237 ], [ 39.2504112, -6.8325349 ], [ 39.250185, -6.8325239 ], [ 39.2499609, -6.8324908 ], [ 39.2497412, -6.8324359 ], [ 39.2495965, -6.8323843 ], [ 39.2496276, -6.8324709 ], [ 39.2496307, -6.8324833 ], [ 39.2496585, -6.8325608 ], [ 39.2497136, -6.8327803 ], [ 39.249747, -6.8330042 ], [ 39.2497582, -6.8332303 ], [ 39.2497472, -6.8334564 ], [ 39.2497141, -6.8336803 ], [ 39.2496592, -6.8339 ], [ 39.249583, -6.8341131 ], [ 39.2494862, -6.8343178 ], [ 39.2493699, -6.8345121 ], [ 39.2492351, -6.8346939 ], [ 39.2490831, -6.8348618 ], [ 39.2489153, -6.8350139 ], [ 39.2487335, -6.8351488 ], [ 39.2485393, -6.8352653 ], [ 39.2483346, -6.8353622 ], [ 39.2482184, -6.8354038 ], [ 39.2482453, -6.8355843 ], [ 39.2482565, -6.8358104 ], [ 39.2482455, -6.8360365 ], [ 39.2482124, -6.8362605 ], [ 39.2481575, -6.8364801 ], [ 39.2480813, -6.8366932 ], [ 39.2479845, -6.8368979 ], [ 39.2478682, -6.8370922 ], [ 39.2477334, -6.8372741 ], [ 39.2475814, -6.8374419 ], [ 39.2474136, -6.837594 ], [ 39.2472318, -6.8377289 ], [ 39.2470376, -6.8378454 ], [ 39.2468329, -6.8379423 ], [ 39.2466197, -6.8380186 ], [ 39.2465268, -6.8380419 ], [ 39.2464661, -6.838212 ], [ 39.2463693, -6.8384166 ], [ 39.246253, -6.8386109 ], [ 39.2461182, -6.8387928 ], [ 39.2461146, -6.8387967 ], [ 39.2461441, -6.8389943 ], [ 39.2461553, -6.8392204 ], [ 39.2461443, -6.8394465 ], [ 39.2461112, -6.8396705 ], [ 39.2460934, -6.8397418 ], [ 39.2461345, -6.8397612 ], [ 39.2463288, -6.8398775 ], [ 39.2465108, -6.8400122 ], [ 39.2466787, -6.8401642 ], [ 39.2468309, -6.8403318 ], [ 39.2469659, -6.8405136 ], [ 39.2470824, -6.8407077 ], [ 39.2471794, -6.8409123 ], [ 39.2472558, -6.8411254 ], [ 39.2473109, -6.8413449 ], [ 39.2473443, -6.8415688 ], [ 39.2473555, -6.8417949 ], [ 39.2473445, -6.842021 ], [ 39.2473114, -6.842245 ], [ 39.2472565, -6.8424646 ], [ 39.2471803, -6.8426778 ], [ 39.2470836, -6.8428824 ], [ 39.2469672, -6.8430767 ], [ 39.2468324, -6.8432586 ], [ 39.2467055, -6.8433986 ], [ 39.2467186, -6.8434163 ], [ 39.2468352, -6.8436104 ], [ 39.2469321, -6.843815 ], [ 39.2470085, -6.8440281 ], [ 39.2470637, -6.8442476 ], [ 39.247097, -6.8444715 ], [ 39.2471082, -6.8446976 ], [ 39.2470972, -6.8449237 ], [ 39.2470641, -6.8451477 ], [ 39.2470347, -6.8452655 ], [ 39.2470674, -6.84532 ], [ 39.2471643, -6.8455246 ], [ 39.2472407, -6.8457377 ], [ 39.2472959, -6.8459572 ], [ 39.2473292, -6.8461811 ], [ 39.2473404, -6.8464072 ], [ 39.2473295, -6.8466333 ], [ 39.2472963, -6.8468573 ], [ 39.2472414, -6.8470769 ], [ 39.2471652, -6.8472901 ], [ 39.2470685, -6.8474947 ], [ 39.2469521, -6.847689 ], [ 39.2468173, -6.8478709 ], [ 39.2466653, -6.8480387 ], [ 39.2464976, -6.8481908 ], [ 39.2463157, -6.8483257 ], [ 39.2461215, -6.8484422 ], [ 39.2459168, -6.8485391 ], [ 39.2457036, -6.8486154 ], [ 39.2454839, -6.8486706 ], [ 39.2452599, -6.8487039 ], [ 39.2450337, -6.8487151 ], [ 39.2448075, -6.8487041 ], [ 39.2445834, -6.848671 ], [ 39.2443637, -6.8486161 ], [ 39.2441504, -6.84854 ], [ 39.2439456, -6.8484433 ], [ 39.2437512, -6.848327 ], [ 39.2435693, -6.8481923 ], [ 39.2434014, -6.8480403 ], [ 39.2432492, -6.8478727 ], [ 39.2432156, -6.8478275 ], [ 39.2430741, -6.8478345 ], [ 39.2428478, -6.8478235 ] ], [ [ 39.2398431, -6.8399193 ], [ 39.2396911, -6.8400871 ], [ 39.2395233, -6.8402392 ], [ 39.2393415, -6.8403741 ], [ 39.2391473, -6.8404906 ], [ 39.2389426, -6.8405875 ], [ 39.2387293, -6.8406639 ], [ 39.2385097, -6.840719 ], [ 39.2382857, -6.8407523 ], [ 39.2380594, -6.8407635 ], [ 39.2378332, -6.8407525 ], [ 39.2376092, -6.8407194 ], [ 39.2373894, -6.8406645 ], [ 39.2371762, -6.8405884 ], [ 39.2369714, -6.8404917 ], [ 39.236777, -6.8403754 ], [ 39.2365951, -6.8402406 ], [ 39.2364272, -6.8400887 ], [ 39.236275, -6.839921 ], [ 39.23614, -6.8397393 ], [ 39.2360234, -6.8395452 ], [ 39.2359265, -6.8393406 ], [ 39.2358501, -6.8391275 ], [ 39.235795, -6.8389079 ], [ 39.2357616, -6.838684 ], [ 39.2357504, -6.8384579 ], [ 39.2357614, -6.8382318 ], [ 39.2357945, -6.8380079 ], [ 39.2358494, -6.8377883 ], [ 39.2359256, -6.8375751 ], [ 39.2360224, -6.8373704 ], [ 39.2361387, -6.8371762 ], [ 39.2362735, -6.8369943 ], [ 39.2364256, -6.8368265 ], [ 39.2365933, -6.8366744 ], [ 39.2367751, -6.8365395 ], [ 39.2369694, -6.836423 ], [ 39.237174, -6.8363261 ], [ 39.2373873, -6.8362497 ], [ 39.2376069, -6.8361946 ], [ 39.237831, -6.8361613 ], [ 39.2380572, -6.8361501 ], [ 39.2382834, -6.8361611 ], [ 39.2385074, -6.8361942 ], [ 39.2387272, -6.8362491 ], [ 39.2389404, -6.8363252 ], [ 39.2391452, -6.8364219 ], [ 39.2393396, -6.8365382 ], [ 39.2395215, -6.836673 ], [ 39.2396894, -6.8368249 ], [ 39.2398416, -6.8369925 ], [ 39.2399766, -6.8371743 ], [ 39.2400932, -6.8373684 ], [ 39.2401901, -6.837573 ], [ 39.2402665, -6.8377861 ], [ 39.2403216, -6.8380057 ], [ 39.240355, -6.8382296 ], [ 39.2403662, -6.8384557 ], [ 39.2403552, -6.8386818 ], [ 39.2403221, -6.8389057 ], [ 39.2402672, -6.8391253 ], [ 39.240191, -6.8393385 ], [ 39.2400942, -6.8395432 ], [ 39.2399779, -6.8397374 ], [ 39.2398431, -6.8399193 ] ], [ [ 39.2332475, -6.8298669 ], [ 39.2331127, -6.8300488 ], [ 39.2329607, -6.8302166 ], [ 39.232793, -6.8303687 ], [ 39.2326111, -6.8305036 ], [ 39.2324169, -6.8306201 ], [ 39.2322122, -6.830717 ], [ 39.231999, -6.8307934 ], [ 39.2317793, -6.8308485 ], [ 39.2315553, -6.8308818 ], [ 39.2313291, -6.830893 ], [ 39.2311029, -6.830882 ], [ 39.2308788, -6.8308489 ], [ 39.2306591, -6.830794 ], [ 39.2304458, -6.8307179 ], [ 39.2302411, -6.8306212 ], [ 39.2300467, -6.8305049 ], [ 39.2298648, -6.8303701 ], [ 39.2296969, -6.8302182 ], [ 39.2295447, -6.8300505 ], [ 39.2294097, -6.8298688 ], [ 39.2292932, -6.8296747 ], [ 39.2291962, -6.8294701 ], [ 39.2291198, -6.829257 ], [ 39.2290647, -6.8290374 ], [ 39.2290314, -6.8288135 ], [ 39.2290201, -6.8285874 ], [ 39.2290311, -6.8283613 ], [ 39.2290643, -6.8281374 ], [ 39.2291192, -6.8279177 ], [ 39.2291954, -6.8277046 ], [ 39.2292921, -6.8274999 ], [ 39.2294085, -6.8273057 ], [ 39.2295433, -6.8271238 ], [ 39.2296953, -6.826956 ], [ 39.2298631, -6.8268039 ], [ 39.2300449, -6.8266689 ], [ 39.2302391, -6.8265525 ], [ 39.2303543, -6.826498 ], [ 39.2303308, -6.8264839 ], [ 39.2302553, -6.8265029 ], [ 39.2300313, -6.8265362 ], [ 39.2298051, -6.8265474 ], [ 39.2295789, -6.8265364 ], [ 39.2293548, -6.8265033 ], [ 39.2291351, -6.8264484 ], [ 39.2289218, -6.8263723 ], [ 39.2287171, -6.8262756 ], [ 39.2285227, -6.8261593 ], [ 39.2283408, -6.8260245 ], [ 39.2281729, -6.8258726 ], [ 39.2280207, -6.8257049 ], [ 39.2278857, -6.8255232 ], [ 39.2277692, -6.825329 ], [ 39.2276722, -6.8251245 ], [ 39.2275958, -6.8249114 ], [ 39.2275407, -6.8246918 ], [ 39.2275074, -6.8244679 ], [ 39.2274962, -6.8242418 ], [ 39.2275072, -6.8240157 ], [ 39.2275403, -6.8237918 ], [ 39.2275952, -6.8235721 ], [ 39.2276714, -6.823359 ], [ 39.2277681, -6.8231543 ], [ 39.2278845, -6.8229601 ], [ 39.2280193, -6.8227782 ], [ 39.2281713, -6.8226104 ], [ 39.2283391, -6.8224583 ], [ 39.2285209, -6.8223233 ], [ 39.2287151, -6.8222069 ], [ 39.2289198, -6.82211 ], [ 39.229133, -6.8220336 ], [ 39.2293527, -6.8219785 ], [ 39.2295767, -6.8219452 ], [ 39.2298029, -6.821934 ], [ 39.2300291, -6.821945 ], [ 39.2302532, -6.8219781 ], [ 39.2304729, -6.822033 ], [ 39.2306862, -6.8221091 ], [ 39.2308909, -6.8222058 ], [ 39.2309229, -6.822225 ], [ 39.2309984, -6.822206 ], [ 39.2312224, -6.8221727 ], [ 39.2314486, -6.8221615 ], [ 39.2316748, -6.8221725 ], [ 39.2318988, -6.8222056 ], [ 39.2321186, -6.8222605 ], [ 39.2323318, -6.8223366 ], [ 39.2325366, -6.8224333 ], [ 39.2327309, -6.8225496 ], [ 39.2329129, -6.8226844 ], [ 39.2330808, -6.8228363 ], [ 39.233233, -6.823004 ], [ 39.233368, -6.8231857 ], [ 39.2334845, -6.8233798 ], [ 39.2335814, -6.8235844 ], [ 39.2336578, -6.8237975 ], [ 39.233713, -6.8240171 ], [ 39.2337463, -6.824241 ], [ 39.2337575, -6.8244671 ], [ 39.2337465, -6.8246932 ], [ 39.2337134, -6.8249171 ], [ 39.2336585, -6.8251367 ], [ 39.2335823, -6.8253499 ], [ 39.2334856, -6.8255546 ], [ 39.2333692, -6.8257488 ], [ 39.2332344, -6.8259307 ], [ 39.2330824, -6.8260985 ], [ 39.2329146, -6.8262506 ], [ 39.2327328, -6.8263855 ], [ 39.2325386, -6.826502 ], [ 39.2324234, -6.8265565 ], [ 39.2326093, -6.8266677 ], [ 39.2327912, -6.8268025 ], [ 39.2329591, -6.8269544 ], [ 39.2331113, -6.8271221 ], [ 39.2332463, -6.8273038 ], [ 39.2333628, -6.8274979 ], [ 39.2334598, -6.8277025 ], [ 39.2335362, -6.8279156 ], [ 39.2335913, -6.8281352 ], [ 39.2336246, -6.8283591 ], [ 39.2336359, -6.8285852 ], [ 39.2336249, -6.8288113 ], [ 39.2335917, -6.8290352 ], [ 39.2335368, -6.8292548 ], [ 39.2334606, -6.829468 ], [ 39.2333639, -6.8296727 ], [ 39.2332475, -6.8298669 ] ], [ [ 39.240924, -6.8112242 ], [ 39.240772, -6.811392 ], [ 39.2406042, -6.8115441 ], [ 39.2404224, -6.811679 ], [ 39.2402282, -6.8117955 ], [ 39.2400235, -6.8118924 ], [ 39.2398103, -6.8119688 ], [ 39.2395906, -6.8120239 ], [ 39.2393666, -6.8120572 ], [ 39.2391404, -6.8120684 ], [ 39.2389142, -6.8120574 ], [ 39.2386902, -6.8120243 ], [ 39.2384705, -6.8119694 ], [ 39.2382572, -6.8118933 ], [ 39.2380524, -6.8117966 ], [ 39.2378581, -6.8116803 ], [ 39.2376761, -6.8115455 ], [ 39.2375083, -6.8113936 ], [ 39.2373561, -6.8112259 ], [ 39.2372211, -6.8110442 ], [ 39.2371046, -6.8108501 ], [ 39.2370076, -6.8106455 ], [ 39.2369312, -6.8104324 ], [ 39.2368761, -6.8102128 ], [ 39.2368427, -6.8099889 ], [ 39.2368315, -6.8097628 ], [ 39.2368425, -6.8095367 ], [ 39.2368756, -6.8093128 ], [ 39.2369306, -6.8090932 ], [ 39.2370068, -6.80888 ], [ 39.2371035, -6.8086753 ], [ 39.2372198, -6.8084811 ], [ 39.2373546, -6.8082992 ], [ 39.2375067, -6.8081314 ], [ 39.2376744, -6.8079793 ], [ 39.2378562, -6.8078444 ], [ 39.2380504, -6.8077279 ], [ 39.2382551, -6.807631 ], [ 39.2384683, -6.8075546 ], [ 39.238688, -6.8074995 ], [ 39.238912, -6.8074662 ], [ 39.2391382, -6.807455 ], [ 39.2393644, -6.807466 ], [ 39.2395884, -6.8074991 ], [ 39.2398081, -6.807554 ], [ 39.2400214, -6.8076301 ], [ 39.2402262, -6.8077268 ], [ 39.2404205, -6.8078431 ], [ 39.2406024, -6.8079779 ], [ 39.2407703, -6.8081298 ], [ 39.2409225, -6.8082974 ], [ 39.2410575, -6.8084792 ], [ 39.241174, -6.8086733 ], [ 39.241271, -6.8088779 ], [ 39.2413474, -6.809091 ], [ 39.2414025, -6.8093106 ], [ 39.2414358, -6.8095345 ], [ 39.2414471, -6.8097606 ], [ 39.2414361, -6.8099867 ], [ 39.241403, -6.8102106 ], [ 39.241348, -6.8104302 ], [ 39.2412718, -6.8106434 ], [ 39.2411751, -6.8108481 ], [ 39.2410588, -6.8110423 ], [ 39.240924, -6.8112242 ] ], [ [ 39.2524315, -6.8428485 ], [ 39.2522795, -6.8430163 ], [ 39.2521118, -6.8431684 ], [ 39.2519299, -6.8433034 ], [ 39.2517357, -6.8434199 ], [ 39.251531, -6.8435168 ], [ 39.2513178, -6.8435931 ], [ 39.2510981, -6.8436483 ], [ 39.2508741, -6.8436816 ], [ 39.2506479, -6.8436928 ], [ 39.2504217, -6.8436818 ], [ 39.2501976, -6.8436487 ], [ 39.2499779, -6.8435938 ], [ 39.2497646, -6.8435177 ], [ 39.2495598, -6.843421 ], [ 39.2493655, -6.8433047 ], [ 39.2491835, -6.84317 ], [ 39.2490156, -6.843018 ], [ 39.2488634, -6.8428504 ], [ 39.2487284, -6.8426686 ], [ 39.2486119, -6.8424745 ], [ 39.2485149, -6.8422699 ], [ 39.2484385, -6.8420568 ], [ 39.2483834, -6.8418373 ], [ 39.24835, -6.8416134 ], [ 39.2483388, -6.8413873 ], [ 39.2483498, -6.8411612 ], [ 39.2483829, -6.8409373 ], [ 39.2484378, -6.8407176 ], [ 39.248514, -6.8405045 ], [ 39.2486107, -6.8402998 ], [ 39.2487271, -6.8401056 ], [ 39.2488619, -6.8399237 ], [ 39.2490139, -6.8397559 ], [ 39.2491816, -6.8396037 ], [ 39.2493635, -6.8394688 ], [ 39.2495577, -6.8393523 ], [ 39.2497624, -6.8392554 ], [ 39.2499756, -6.8391791 ], [ 39.2501953, -6.8391239 ], [ 39.2504193, -6.8390906 ], [ 39.2506455, -6.8390794 ], [ 39.2508717, -6.8390904 ], [ 39.2510958, -6.8391235 ], [ 39.2513155, -6.8391784 ], [ 39.2515288, -6.8392545 ], [ 39.2517336, -6.8393512 ], [ 39.2519279, -6.8394675 ], [ 39.2521099, -6.8396022 ], [ 39.2522778, -6.8397542 ], [ 39.25243, -6.8399218 ], [ 39.252565, -6.8401036 ], [ 39.2526815, -6.8402977 ], [ 39.2527785, -6.8405022 ], [ 39.2528549, -6.8407153 ], [ 39.25291, -6.8409349 ], [ 39.2529434, -6.8411588 ], [ 39.2529546, -6.8413849 ], [ 39.2529436, -6.841611 ], [ 39.2529105, -6.8418349 ], [ 39.2528556, -6.8420545 ], [ 39.2527794, -6.8422677 ], [ 39.2526827, -6.8424724 ], [ 39.2525663, -6.8426666 ], [ 39.2524315, -6.8428485 ] ], [ [ 39.2581979, -6.8399011 ], [ 39.2580631, -6.840083 ], [ 39.2579111, -6.8402508 ], [ 39.2577434, -6.8404029 ], [ 39.2575615, -6.8405379 ], [ 39.2573673, -6.8406544 ], [ 39.2571626, -6.8407513 ], [ 39.2569494, -6.8408276 ], [ 39.2567298, -6.8408828 ], [ 39.2565057, -6.8409161 ], [ 39.2562795, -6.8409273 ], [ 39.2560533, -6.8409163 ], [ 39.2558293, -6.8408832 ], [ 39.2556095, -6.8408283 ], [ 39.2553962, -6.8407522 ], [ 39.2551914, -6.8406555 ], [ 39.2549971, -6.8405392 ], [ 39.2548151, -6.8404045 ], [ 39.2546472, -6.8402526 ], [ 39.254495, -6.8400849 ], [ 39.25436, -6.8399032 ], [ 39.2542435, -6.8397091 ], [ 39.2541465, -6.8395045 ], [ 39.2540701, -6.8392914 ], [ 39.254015, -6.8390718 ], [ 39.2539816, -6.8388479 ], [ 39.2539704, -6.8386218 ], [ 39.2539814, -6.8383957 ], [ 39.2540145, -6.8381718 ], [ 39.2540694, -6.8379522 ], [ 39.2541456, -6.837739 ], [ 39.2542423, -6.8375343 ], [ 39.2543587, -6.8373401 ], [ 39.2544935, -6.8371582 ], [ 39.2546455, -6.8369904 ], [ 39.2548132, -6.8368383 ], [ 39.2549951, -6.8367033 ], [ 39.2551893, -6.8365868 ], [ 39.255394, -6.8364899 ], [ 39.2556072, -6.8364136 ], [ 39.2558268, -6.8363584 ], [ 39.2560509, -6.8363251 ], [ 39.2562771, -6.8363139 ], [ 39.2565033, -6.8363249 ], [ 39.2567273, -6.836358 ], [ 39.2569471, -6.8364129 ], [ 39.2571604, -6.836489 ], [ 39.2573652, -6.8365857 ], [ 39.2575595, -6.836702 ], [ 39.2577415, -6.8368367 ], [ 39.2579094, -6.8369886 ], [ 39.2580616, -6.8371563 ], [ 39.2581966, -6.837338 ], [ 39.2583131, -6.8375321 ], [ 39.2584101, -6.8377367 ], [ 39.2584865, -6.8379498 ], [ 39.2585416, -6.8381694 ], [ 39.258575, -6.8383933 ], [ 39.2585862, -6.8386194 ], [ 39.2585752, -6.8388455 ], [ 39.2585421, -6.8390694 ], [ 39.2584872, -6.839289 ], [ 39.258411, -6.8395022 ], [ 39.2583143, -6.8397069 ], [ 39.2581979, -6.8399011 ] ], [ [ 39.2554597, -6.830746 ], [ 39.2552464, -6.8306699 ], [ 39.2550417, -6.8305732 ], [ 39.2548473, -6.8304569 ], [ 39.2546654, -6.8303222 ], [ 39.2544975, -6.8301703 ], [ 39.2543453, -6.8300026 ], [ 39.2542103, -6.8298209 ], [ 39.2540937, -6.8296268 ], [ 39.2539968, -6.8294222 ], [ 39.2539204, -6.8292091 ], [ 39.2538652, -6.8289895 ], [ 39.2538319, -6.8287656 ], [ 39.2538206, -6.8285395 ], [ 39.2538316, -6.8283134 ], [ 39.2538647, -6.8280895 ], [ 39.2539197, -6.8278699 ], [ 39.2539958, -6.8276567 ], [ 39.2540926, -6.827452 ], [ 39.2542089, -6.8272578 ], [ 39.2543437, -6.8270759 ], [ 39.2544957, -6.8269081 ], [ 39.2546635, -6.826756 ], [ 39.2548453, -6.826621 ], [ 39.2550395, -6.8265045 ], [ 39.2552442, -6.8264076 ], [ 39.2554574, -6.8263313 ], [ 39.2556771, -6.8262761 ], [ 39.2559011, -6.8262428 ], [ 39.256114, -6.8262322 ], [ 39.2561774, -6.8262228 ], [ 39.2564036, -6.8262116 ], [ 39.2566298, -6.8262226 ], [ 39.2568538, -6.8262557 ], [ 39.2569567, -6.8262814 ], [ 39.2570472, -6.8261994 ], [ 39.257229, -6.8260644 ], [ 39.2572801, -6.8260338 ], [ 39.257284, -6.8260303 ], [ 39.2574658, -6.8258953 ], [ 39.25766, -6.8257788 ], [ 39.2578647, -6.8256819 ], [ 39.2580779, -6.8256056 ], [ 39.2582975, -6.8255505 ], [ 39.2585216, -6.8255171 ], [ 39.2587478, -6.8255059 ], [ 39.258974, -6.8255169 ], [ 39.259198, -6.82555 ], [ 39.2594177, -6.8256049 ], [ 39.259631, -6.825681 ], [ 39.2598358, -6.8257777 ], [ 39.2600301, -6.8258939 ], [ 39.2602121, -6.8260287 ], [ 39.26038, -6.8261806 ], [ 39.2605322, -6.8263483 ], [ 39.2606672, -6.82653 ], [ 39.2607838, -6.8267241 ], [ 39.2608807, -6.8269287 ], [ 39.2609571, -6.8271418 ], [ 39.2610123, -6.8273614 ], [ 39.2610456, -6.8275853 ], [ 39.2610569, -6.8278114 ], [ 39.2610459, -6.8280375 ], [ 39.2610128, -6.8282614 ], [ 39.2609578, -6.828481 ], [ 39.2608817, -6.8286942 ], [ 39.2607849, -6.8288989 ], [ 39.2606686, -6.8290931 ], [ 39.2605338, -6.829275 ], [ 39.2603818, -6.8294428 ], [ 39.2602141, -6.8295949 ], [ 39.2600322, -6.8297299 ], [ 39.2599811, -6.8297605 ], [ 39.2599773, -6.829764 ], [ 39.2597954, -6.829899 ], [ 39.2596012, -6.8300155 ], [ 39.2593965, -6.8301124 ], [ 39.2591833, -6.8301887 ], [ 39.2589637, -6.8302438 ], [ 39.2587396, -6.8302772 ], [ 39.2585134, -6.8302884 ], [ 39.2582872, -6.8302774 ], [ 39.2580632, -6.8302443 ], [ 39.2579603, -6.8302186 ], [ 39.2578698, -6.8303006 ], [ 39.257688, -6.8304356 ], [ 39.2574938, -6.8305521 ], [ 39.2572891, -6.830649 ], [ 39.2570759, -6.8307253 ], [ 39.2568562, -6.8307805 ], [ 39.2566322, -6.8308138 ], [ 39.2564193, -6.8308244 ], [ 39.2563559, -6.8308338 ], [ 39.2561297, -6.830845 ], [ 39.2559035, -6.830834 ], [ 39.2556795, -6.8308009 ], [ 39.2554597, -6.830746 ] ], [ [ 39.259819, -6.8206901 ], [ 39.2596669, -6.8208579 ], [ 39.2594992, -6.82101 ], [ 39.2593174, -6.821145 ], [ 39.2591232, -6.8212615 ], [ 39.2589185, -6.8213584 ], [ 39.2587053, -6.8214347 ], [ 39.2584856, -6.8214899 ], [ 39.2582616, -6.8215232 ], [ 39.2580354, -6.8215344 ], [ 39.2578092, -6.8215234 ], [ 39.2575852, -6.8214903 ], [ 39.2573655, -6.8214354 ], [ 39.2571522, -6.8213593 ], [ 39.2569474, -6.8212626 ], [ 39.2567531, -6.8211463 ], [ 39.2565711, -6.8210116 ], [ 39.2564032, -6.8208597 ], [ 39.256251, -6.820692 ], [ 39.256116, -6.8205103 ], [ 39.2559995, -6.8203162 ], [ 39.2559025, -6.8201116 ], [ 39.2558261, -6.8198985 ], [ 39.255771, -6.8196789 ], [ 39.2557376, -6.819455 ], [ 39.2557264, -6.8192289 ], [ 39.2557364, -6.8190239 ], [ 39.2555337, -6.8190965 ], [ 39.255314, -6.8191517 ], [ 39.25509, -6.819185 ], [ 39.2548638, -6.8191962 ], [ 39.2546376, -6.8191852 ], [ 39.2544136, -6.8191521 ], [ 39.2541938, -6.8190972 ], [ 39.2539806, -6.8190211 ], [ 39.2537758, -6.8189244 ], [ 39.2535815, -6.8188081 ], [ 39.2533995, -6.8186734 ], [ 39.2532316, -6.8185215 ], [ 39.2530794, -6.8183538 ], [ 39.2529444, -6.8181721 ], [ 39.2528279, -6.8179779 ], [ 39.2527309, -6.8177734 ], [ 39.2526545, -6.8175603 ], [ 39.2526443, -6.8175194 ], [ 39.2525926, -6.8174727 ], [ 39.2524404, -6.817305 ], [ 39.2523054, -6.8171232 ], [ 39.2521889, -6.8169291 ], [ 39.2520919, -6.8167246 ], [ 39.2520155, -6.8165115 ], [ 39.2519604, -6.8162919 ], [ 39.251927, -6.816068 ], [ 39.2519158, -6.8158419 ], [ 39.2519268, -6.8156158 ], [ 39.2519599, -6.8153919 ], [ 39.2520148, -6.8151723 ], [ 39.252091, -6.8149591 ], [ 39.2521877, -6.8147544 ], [ 39.2523041, -6.8145602 ], [ 39.2524389, -6.8143783 ], [ 39.2525909, -6.8142105 ], [ 39.2527586, -6.8140584 ], [ 39.2529404, -6.8139234 ], [ 39.2531346, -6.8138069 ], [ 39.2533393, -6.81371 ], [ 39.2535525, -6.8136337 ], [ 39.2537722, -6.8135785 ], [ 39.2539962, -6.8135452 ], [ 39.2542224, -6.813534 ], [ 39.2544486, -6.813545 ], [ 39.2546726, -6.8135781 ], [ 39.2548924, -6.813633 ], [ 39.2551056, -6.8137091 ], [ 39.2553104, -6.8138058 ], [ 39.2555047, -6.8139221 ], [ 39.2556867, -6.8140568 ], [ 39.2558546, -6.8142087 ], [ 39.2560068, -6.8143764 ], [ 39.2561418, -6.8145581 ], [ 39.2562583, -6.8147522 ], [ 39.2563553, -6.8149568 ], [ 39.2564317, -6.8151699 ], [ 39.2564419, -6.8152108 ], [ 39.2564936, -6.8152575 ], [ 39.2566458, -6.8154252 ], [ 39.2567808, -6.8156069 ], [ 39.2568973, -6.815801 ], [ 39.2569943, -6.8160056 ], [ 39.2570707, -6.8162187 ], [ 39.2571258, -6.8164383 ], [ 39.2571592, -6.8166622 ], [ 39.2571704, -6.8168883 ], [ 39.2571604, -6.8170933 ], [ 39.2573631, -6.8170207 ], [ 39.2575828, -6.8169655 ], [ 39.2578068, -6.8169322 ], [ 39.258033, -6.816921 ], [ 39.2582592, -6.816932 ], [ 39.2584832, -6.8169651 ], [ 39.2587029, -6.81702 ], [ 39.2589162, -6.8170961 ], [ 39.259121, -6.8171928 ], [ 39.2593153, -6.817309 ], [ 39.2594973, -6.8174438 ], [ 39.2596652, -6.8175957 ], [ 39.2598174, -6.8177634 ], [ 39.2599524, -6.8179451 ], [ 39.2600689, -6.8181392 ], [ 39.2601659, -6.8183438 ], [ 39.2602423, -6.8185569 ], [ 39.2602974, -6.8187765 ], [ 39.2603308, -6.8190004 ], [ 39.260342, -6.8192265 ], [ 39.260331, -6.8194526 ], [ 39.2602979, -6.8196765 ], [ 39.260243, -6.8198961 ], [ 39.2601668, -6.8201093 ], [ 39.2600701, -6.820314 ], [ 39.2599538, -6.8205082 ], [ 39.259819, -6.8206901 ] ], [ [ 39.2572095, -6.8090493 ], [ 39.2571327, -6.8090857 ], [ 39.2569195, -6.809162 ], [ 39.2566998, -6.8092172 ], [ 39.2564758, -6.8092505 ], [ 39.2562496, -6.8092617 ], [ 39.2560234, -6.8092507 ], [ 39.2557994, -6.8092176 ], [ 39.2555797, -6.8091627 ], [ 39.2553664, -6.8090866 ], [ 39.2551616, -6.8089899 ], [ 39.2549673, -6.8088736 ], [ 39.2547853, -6.8087389 ], [ 39.2546174, -6.808587 ], [ 39.2545332, -6.8084942 ], [ 39.2543526, -6.808449 ], [ 39.2542061, -6.8083968 ], [ 39.2542028, -6.8083969 ], [ 39.2541961, -6.8083966 ], [ 39.2541895, -6.8083969 ], [ 39.2539633, -6.8083859 ], [ 39.2537393, -6.8083528 ], [ 39.2535196, -6.8082979 ], [ 39.2533063, -6.8082218 ], [ 39.2531015, -6.8081251 ], [ 39.2529072, -6.8080088 ], [ 39.2527252, -6.8078741 ], [ 39.2525573, -6.8077222 ], [ 39.2524051, -6.8075545 ], [ 39.2522701, -6.8073727 ], [ 39.2521536, -6.8071786 ], [ 39.2520567, -6.8069741 ], [ 39.2519803, -6.806761 ], [ 39.2519251, -6.8065414 ], [ 39.2518918, -6.8063175 ], [ 39.2518807, -6.8060937 ], [ 39.2517937, -6.806211 ], [ 39.2516417, -6.8063788 ], [ 39.2514739, -6.806531 ], [ 39.2512921, -6.8066659 ], [ 39.2510979, -6.8067824 ], [ 39.2508932, -6.8068793 ], [ 39.25068, -6.8069556 ], [ 39.2504604, -6.8070108 ], [ 39.2502364, -6.8070441 ], [ 39.2500102, -6.8070553 ], [ 39.249784, -6.8070443 ], [ 39.2495599, -6.8070112 ], [ 39.2493402, -6.8069563 ], [ 39.249127, -6.8068802 ], [ 39.2489222, -6.8067835 ], [ 39.2487279, -6.8066672 ], [ 39.2485459, -6.8065325 ], [ 39.248378, -6.8063805 ], [ 39.248304, -6.806299 ], [ 39.2481939, -6.8062175 ], [ 39.2481624, -6.806189 ], [ 39.2481185, -6.8061733 ], [ 39.2479137, -6.8060766 ], [ 39.2477194, -6.8059603 ], [ 39.2475374, -6.8058256 ], [ 39.2473695, -6.8056736 ], [ 39.2472173, -6.805506 ], [ 39.2471224, -6.8053781 ], [ 39.2469589, -6.8054994 ], [ 39.2467647, -6.8056159 ], [ 39.24656, -6.8057128 ], [ 39.2463468, -6.8057892 ], [ 39.2461272, -6.8058443 ], [ 39.2459032, -6.8058776 ], [ 39.245677, -6.8058888 ], [ 39.2454508, -6.8058778 ], [ 39.2452267, -6.8058447 ], [ 39.245007, -6.8057898 ], [ 39.2447937, -6.8057137 ], [ 39.244589, -6.805617 ], [ 39.2443947, -6.8055007 ], [ 39.2442127, -6.805366 ], [ 39.2440448, -6.805214 ], [ 39.2438926, -6.8050464 ], [ 39.2437576, -6.8048646 ], [ 39.2436411, -6.8046705 ], [ 39.2436023, -6.8045887 ], [ 39.2434437, -6.8044451 ], [ 39.2432915, -6.8042775 ], [ 39.2431565, -6.8040957 ], [ 39.24304, -6.8039016 ], [ 39.2429431, -6.803697 ], [ 39.2428667, -6.8034839 ], [ 39.2428115, -6.8032644 ], [ 39.2427782, -6.8030405 ], [ 39.242767, -6.8028144 ], [ 39.242778, -6.8025883 ], [ 39.2428111, -6.8023643 ], [ 39.242866, -6.8021447 ], [ 39.2429422, -6.8019315 ], [ 39.2430389, -6.8017268 ], [ 39.2431552, -6.8015326 ], [ 39.2432901, -6.8013507 ], [ 39.2433078, -6.8013312 ], [ 39.243314, -6.8013228 ], [ 39.243466, -6.801155 ], [ 39.2436337, -6.8010029 ], [ 39.2438155, -6.800868 ], [ 39.2440097, -6.8007515 ], [ 39.2442144, -6.8006546 ], [ 39.2444276, -6.8005782 ], [ 39.2446472, -6.8005231 ], [ 39.2448712, -6.8004898 ], [ 39.2450974, -6.8004786 ], [ 39.2453236, -6.8004896 ], [ 39.2455477, -6.8005227 ], [ 39.2457674, -6.8005776 ], [ 39.2459806, -6.8006537 ], [ 39.2461854, -6.8007504 ], [ 39.2462745, -6.8008037 ], [ 39.2463976, -6.8007976 ], [ 39.2466238, -6.8008086 ], [ 39.2468479, -6.8008417 ], [ 39.2470676, -6.8008966 ], [ 39.2472808, -6.8009727 ], [ 39.2474856, -6.8010694 ], [ 39.2476799, -6.8011857 ], [ 39.2478619, -6.8013204 ], [ 39.2480298, -6.8014724 ], [ 39.248182, -6.80164 ], [ 39.248317, -6.8018218 ], [ 39.2483255, -6.8018361 ], [ 39.2483295, -6.8018347 ], [ 39.2485491, -6.8017795 ], [ 39.2487731, -6.8017462 ], [ 39.2489993, -6.801735 ], [ 39.2492255, -6.801746 ], [ 39.2494496, -6.8017791 ], [ 39.2496693, -6.801834 ], [ 39.2498825, -6.8019101 ], [ 39.2500873, -6.8020068 ], [ 39.2502816, -6.8021231 ], [ 39.2504636, -6.8022578 ], [ 39.2504848, -6.802277 ], [ 39.2505368, -6.8022956 ], [ 39.2507416, -6.8023923 ], [ 39.2509359, -6.8025086 ], [ 39.2511179, -6.8026433 ], [ 39.2512858, -6.8027953 ], [ 39.251373, -6.8028913 ], [ 39.2514721, -6.8029647 ], [ 39.25164, -6.8031167 ], [ 39.2517922, -6.8032843 ], [ 39.2519272, -6.8034661 ], [ 39.2520437, -6.8036602 ], [ 39.2521406, -6.8038648 ], [ 39.252217, -6.8040778 ], [ 39.2522722, -6.8042974 ], [ 39.2523055, -6.8045213 ], [ 39.2523166, -6.8047451 ], [ 39.2524036, -6.8046278 ], [ 39.2525556, -6.80446 ], [ 39.2527233, -6.8043079 ], [ 39.2529052, -6.8041729 ], [ 39.2530994, -6.8040564 ], [ 39.253304, -6.8039595 ], [ 39.2535172, -6.8038832 ], [ 39.2537369, -6.803828 ], [ 39.2539609, -6.8037947 ], [ 39.2541871, -6.8037835 ], [ 39.2541938, -6.8037838 ], [ 39.2542004, -6.8037835 ], [ 39.2544266, -6.8037945 ], [ 39.2546506, -6.8038276 ], [ 39.2548703, -6.8038825 ], [ 39.2550168, -6.8039347 ], [ 39.2550201, -6.8039346 ], [ 39.2552463, -6.8039456 ], [ 39.2554703, -6.8039787 ], [ 39.25569, -6.8040336 ], [ 39.2559033, -6.8041097 ], [ 39.2561081, -6.8042064 ], [ 39.2563024, -6.8043227 ], [ 39.2564844, -6.8044574 ], [ 39.256499, -6.8044707 ], [ 39.2565161, -6.8044422 ], [ 39.2566509, -6.8042603 ], [ 39.2568029, -6.8040925 ], [ 39.2569706, -6.8039404 ], [ 39.2570109, -6.8039105 ], [ 39.2570497, -6.803802 ], [ 39.2571464, -6.8035973 ], [ 39.2572627, -6.8034031 ], [ 39.2573975, -6.8032212 ], [ 39.2575495, -6.8030534 ], [ 39.2577172, -6.8029013 ], [ 39.2578882, -6.8027744 ], [ 39.2579428, -6.8026589 ], [ 39.258056, -6.8024699 ], [ 39.2580745, -6.802345 ], [ 39.2581294, -6.8021254 ], [ 39.2582056, -6.8019122 ], [ 39.2583023, -6.8017075 ], [ 39.2584186, -6.8015133 ], [ 39.2585534, -6.8013314 ], [ 39.2587054, -6.8011636 ], [ 39.2588731, -6.8010115 ], [ 39.259055, -6.8008765 ], [ 39.2592491, -6.80076 ], [ 39.2594538, -6.8006631 ], [ 39.259667, -6.8005868 ], [ 39.2598867, -6.8005316 ], [ 39.2601107, -6.8004983 ], [ 39.2603369, -6.8004871 ], [ 39.2605631, -6.8004981 ], [ 39.2607871, -6.8005312 ], [ 39.2610068, -6.800586 ], [ 39.2612201, -6.8006622 ], [ 39.2614249, -6.8007589 ], [ 39.2616192, -6.8008751 ], [ 39.2618011, -6.8010099 ], [ 39.261969, -6.8011618 ], [ 39.2621212, -6.8013295 ], [ 39.2622562, -6.8015112 ], [ 39.2623728, -6.8017053 ], [ 39.2624697, -6.8019099 ], [ 39.2625461, -6.802123 ], [ 39.2626012, -6.8023426 ], [ 39.2626346, -6.8025665 ], [ 39.2626458, -6.8027926 ], [ 39.2626348, -6.8030187 ], [ 39.2626228, -6.8031 ], [ 39.2626483, -6.8031538 ], [ 39.2627247, -6.8033669 ], [ 39.2627799, -6.8035865 ], [ 39.2628132, -6.8038104 ], [ 39.2628244, -6.8040365 ], [ 39.2628135, -6.8042626 ], [ 39.2627803, -6.8044865 ], [ 39.2627254, -6.8047061 ], [ 39.2626493, -6.8049193 ], [ 39.2625525, -6.805124 ], [ 39.2624362, -6.8053182 ], [ 39.2623014, -6.8055001 ], [ 39.2621494, -6.8056679 ], [ 39.2619817, -6.80582 ], [ 39.2617999, -6.805955 ], [ 39.2616057, -6.8060715 ], [ 39.261401, -6.8061684 ], [ 39.2612463, -6.8062238 ], [ 39.261386, -6.8063073 ], [ 39.261568, -6.8064421 ], [ 39.2617359, -6.806594 ], [ 39.261888, -6.8067617 ], [ 39.262023, -6.8069434 ], [ 39.2620863, -6.8070487 ], [ 39.2621657, -6.8071557 ], [ 39.2622823, -6.8073498 ], [ 39.2623792, -6.8075544 ], [ 39.2624556, -6.8077675 ], [ 39.2625108, -6.8079871 ], [ 39.2625441, -6.808211 ], [ 39.2625554, -6.8084371 ], [ 39.2625444, -6.8086632 ], [ 39.2625113, -6.8088871 ], [ 39.2624564, -6.8091067 ], [ 39.2623802, -6.8093199 ], [ 39.2622835, -6.8095246 ], [ 39.2621671, -6.8097188 ], [ 39.2620323, -6.8099007 ], [ 39.2618803, -6.8100685 ], [ 39.2617126, -6.8102206 ], [ 39.2615308, -6.8103556 ], [ 39.2613366, -6.8104721 ], [ 39.2611319, -6.810569 ], [ 39.2609187, -6.8106453 ], [ 39.260699, -6.8107004 ], [ 39.260475, -6.8107338 ], [ 39.2602488, -6.810745 ], [ 39.2600226, -6.810734 ], [ 39.2597986, -6.8107009 ], [ 39.2595789, -6.810646 ], [ 39.2593656, -6.8105699 ], [ 39.2591608, -6.8104732 ], [ 39.2590234, -6.810391 ], [ 39.2588633, -6.8103673 ], [ 39.2586436, -6.8103124 ], [ 39.2584303, -6.8102363 ], [ 39.2582255, -6.8101396 ], [ 39.2580312, -6.8100233 ], [ 39.2578492, -6.8098886 ], [ 39.2576813, -6.8097367 ], [ 39.2575292, -6.809569 ], [ 39.2573941, -6.8093873 ], [ 39.2572776, -6.8091932 ], [ 39.2572095, -6.8090493 ] ], [ [ 39.2490042, -6.786491 ], [ 39.2488694, -6.7866729 ], [ 39.2487174, -6.7868407 ], [ 39.2485497, -6.7869928 ], [ 39.2483678, -6.7871277 ], [ 39.2481737, -6.7872442 ], [ 39.247969, -6.7873411 ], [ 39.2477558, -6.7874175 ], [ 39.2475362, -6.7874726 ], [ 39.2473122, -6.7875059 ], [ 39.247086, -6.7875171 ], [ 39.2468598, -6.7875061 ], [ 39.2466358, -6.787473 ], [ 39.246416, -6.7874181 ], [ 39.2462028, -6.787342 ], [ 39.245998, -6.7872453 ], [ 39.2458037, -6.787129 ], [ 39.2456217, -6.7869943 ], [ 39.2455207, -6.7869028 ], [ 39.2455164, -6.7868997 ], [ 39.2453486, -6.7867477 ], [ 39.2451964, -6.7865801 ], [ 39.2450614, -6.7863983 ], [ 39.2449449, -6.7862042 ], [ 39.244848, -6.7859996 ], [ 39.2447716, -6.7857865 ], [ 39.2447164, -6.785567 ], [ 39.2446961, -6.7854306 ], [ 39.2445895, -6.7853341 ], [ 39.2444373, -6.7851665 ], [ 39.2443023, -6.7849847 ], [ 39.2441858, -6.7847906 ], [ 39.2440889, -6.784586 ], [ 39.2440125, -6.7843729 ], [ 39.2439573, -6.7841534 ], [ 39.243924, -6.7839295 ], [ 39.2439128, -6.7837034 ], [ 39.2439238, -6.7834773 ], [ 39.2439569, -6.7832533 ], [ 39.2440118, -6.7830337 ], [ 39.244088, -6.7828205 ], [ 39.2441847, -6.7826158 ], [ 39.244301, -6.7824216 ], [ 39.2444358, -6.7822397 ], [ 39.2445878, -6.7820719 ], [ 39.2447555, -6.7819198 ], [ 39.2449374, -6.7817849 ], [ 39.2450844, -6.7816967 ], [ 39.2451118, -6.7816764 ], [ 39.245306, -6.7815599 ], [ 39.2455106, -6.781463 ], [ 39.2457238, -6.7813866 ], [ 39.2459435, -6.7813315 ], [ 39.2461674, -6.7812982 ], [ 39.2463936, -6.781287 ], [ 39.2466198, -6.781298 ], [ 39.2468438, -6.7813311 ], [ 39.2470636, -6.781386 ], [ 39.2472768, -6.7814621 ], [ 39.2474816, -6.7815588 ], [ 39.2476759, -6.7816751 ], [ 39.2478578, -6.7818098 ], [ 39.2480257, -6.7819618 ], [ 39.2481779, -6.7821294 ], [ 39.2483129, -6.7823112 ], [ 39.2484294, -6.7825053 ], [ 39.2485263, -6.7827099 ], [ 39.2486027, -6.782923 ], [ 39.2486579, -6.7831425 ], [ 39.2486912, -6.7833664 ], [ 39.2487011, -6.7835652 ], [ 39.2487157, -6.7835785 ], [ 39.2488679, -6.7837461 ], [ 39.2490029, -6.7839279 ], [ 39.2491194, -6.784122 ], [ 39.2492163, -6.7843266 ], [ 39.2492927, -6.7845397 ], [ 39.2493479, -6.7847592 ], [ 39.2493812, -6.7849831 ], [ 39.2493925, -6.7852092 ], [ 39.2493815, -6.7854353 ], [ 39.2493483, -6.7856593 ], [ 39.2492934, -6.7858789 ], [ 39.2492172, -6.7860921 ], [ 39.2491205, -6.7862967 ], [ 39.2490042, -6.786491 ] ], [ [ 39.2697116, -6.8463772 ], [ 39.2695596, -6.846545 ], [ 39.2693918, -6.8466971 ], [ 39.26921, -6.846832 ], [ 39.2690158, -6.8469485 ], [ 39.2688111, -6.8470454 ], [ 39.2685979, -6.8471218 ], [ 39.2683782, -6.8471769 ], [ 39.2681542, -6.8472103 ], [ 39.267928, -6.8472215 ], [ 39.2677018, -6.8472105 ], [ 39.2674777, -6.8471774 ], [ 39.267258, -6.8471226 ], [ 39.2670447, -6.8470464 ], [ 39.2668399, -6.8469497 ], [ 39.2666455, -6.8468335 ], [ 39.2664635, -6.8466987 ], [ 39.2662956, -6.8465468 ], [ 39.2661435, -6.8463792 ], [ 39.2660084, -6.8461974 ], [ 39.2658919, -6.8460033 ], [ 39.2657949, -6.8457987 ], [ 39.2657185, -6.8455856 ], [ 39.2656634, -6.8453661 ], [ 39.26563, -6.8451422 ], [ 39.2656188, -6.8449161 ], [ 39.2656298, -6.84469 ], [ 39.2656629, -6.844466 ], [ 39.2657178, -6.8442464 ], [ 39.265794, -6.8440332 ], [ 39.2658907, -6.8438286 ], [ 39.266007, -6.8436343 ], [ 39.2661418, -6.8434524 ], [ 39.2662938, -6.8432846 ], [ 39.2664616, -6.8431325 ], [ 39.2666434, -6.8429976 ], [ 39.2668376, -6.8428811 ], [ 39.2670423, -6.8427842 ], [ 39.2672555, -6.8427078 ], [ 39.2674752, -6.8426527 ], [ 39.2676992, -6.8426193 ], [ 39.2679254, -6.8426081 ], [ 39.2681516, -6.8426191 ], [ 39.2683757, -6.8426522 ], [ 39.2685954, -6.842707 ], [ 39.2688087, -6.8427832 ], [ 39.2690135, -6.8428799 ], [ 39.2692078, -6.8429961 ], [ 39.2693898, -6.8431309 ], [ 39.2695577, -6.8432828 ], [ 39.2697099, -6.8434504 ], [ 39.269845, -6.8436322 ], [ 39.2699615, -6.8438263 ], [ 39.2700585, -6.8440309 ], [ 39.2701349, -6.844244 ], [ 39.27019, -6.8444635 ], [ 39.2702234, -6.8446874 ], [ 39.2702346, -6.8449135 ], [ 39.2702237, -6.8451396 ], [ 39.2701905, -6.8453636 ], [ 39.2701356, -6.8455832 ], [ 39.2700595, -6.8457963 ], [ 39.2699627, -6.846001 ], [ 39.2698464, -6.8461953 ], [ 39.2697116, -6.8463772 ] ], [ [ 39.2741269, -6.8404316 ], [ 39.2739749, -6.8405995 ], [ 39.2738071, -6.8407516 ], [ 39.2736253, -6.8408865 ], [ 39.2734311, -6.841003 ], [ 39.2732264, -6.8410999 ], [ 39.2730132, -6.8411763 ], [ 39.2727935, -6.8412314 ], [ 39.2725695, -6.8412648 ], [ 39.2723433, -6.841276 ], [ 39.2721171, -6.841265 ], [ 39.271893, -6.8412319 ], [ 39.2716733, -6.8411771 ], [ 39.27146, -6.8411009 ], [ 39.2712552, -6.8410043 ], [ 39.2710609, -6.840888 ], [ 39.2708789, -6.8407532 ], [ 39.270711, -6.8406013 ], [ 39.2705588, -6.8404337 ], [ 39.2704238, -6.8402519 ], [ 39.2703072, -6.8400578 ], [ 39.2702103, -6.8398532 ], [ 39.2701338, -6.8396401 ], [ 39.2700787, -6.8394206 ], [ 39.2700453, -6.8391967 ], [ 39.2700341, -6.8389706 ], [ 39.2700451, -6.8387445 ], [ 39.2700782, -6.8385206 ], [ 39.2701331, -6.8383009 ], [ 39.2702093, -6.8380878 ], [ 39.270306, -6.8378831 ], [ 39.2704223, -6.8376888 ], [ 39.2705571, -6.8375069 ], [ 39.2707091, -6.8373391 ], [ 39.2708769, -6.837187 ], [ 39.2710587, -6.8370521 ], [ 39.2712529, -6.8369356 ], [ 39.2714576, -6.8368387 ], [ 39.2716708, -6.8367623 ], [ 39.2718905, -6.8367072 ], [ 39.2721145, -6.8366738 ], [ 39.2723407, -6.8366626 ], [ 39.2725669, -6.8366736 ], [ 39.272791, -6.8367067 ], [ 39.2730107, -6.8367615 ], [ 39.273224, -6.8368377 ], [ 39.2734288, -6.8369343 ], [ 39.2736231, -6.8370506 ], [ 39.2738051, -6.8371854 ], [ 39.273973, -6.8373373 ], [ 39.2741252, -6.8375049 ], [ 39.2742602, -6.8376867 ], [ 39.2743768, -6.8378808 ], [ 39.2744737, -6.8380853 ], [ 39.2745501, -6.8382984 ], [ 39.2746053, -6.838518 ], [ 39.2746387, -6.8387419 ], [ 39.2746499, -6.838968 ], [ 39.2746389, -6.8391941 ], [ 39.2746058, -6.839418 ], [ 39.2745509, -6.8396376 ], [ 39.2744747, -6.8398508 ], [ 39.274378, -6.8400555 ], [ 39.2742617, -6.8402497 ], [ 39.2741269, -6.8404316 ] ], [ [ 39.2684589, -6.8295179 ], [ 39.2683069, -6.8296857 ], [ 39.2681392, -6.8298378 ], [ 39.2679573, -6.8299728 ], [ 39.2677631, -6.8300892 ], [ 39.2675585, -6.8301861 ], [ 39.2673453, -6.8302625 ], [ 39.2671256, -6.8303176 ], [ 39.2669016, -6.830351 ], [ 39.2666754, -6.8303622 ], [ 39.2664492, -6.8303512 ], [ 39.2662251, -6.8303181 ], [ 39.2660054, -6.8302633 ], [ 39.2657921, -6.8301871 ], [ 39.2655873, -6.8300904 ], [ 39.2655775, -6.8300846 ], [ 39.2655751, -6.8300834 ], [ 39.2653808, -6.8299672 ], [ 39.2651988, -6.8298324 ], [ 39.2650309, -6.8296805 ], [ 39.2648787, -6.8295128 ], [ 39.2647437, -6.8293311 ], [ 39.2646272, -6.829137 ], [ 39.2645302, -6.8289324 ], [ 39.2644981, -6.828843 ], [ 39.2644848, -6.8288423 ], [ 39.2644512, -6.8288374 ], [ 39.2644144, -6.8288505 ], [ 39.2641948, -6.8289056 ], [ 39.2639708, -6.828939 ], [ 39.2637446, -6.8289502 ], [ 39.2635183, -6.8289392 ], [ 39.2635076, -6.8289376 ], [ 39.2633892, -6.8289435 ], [ 39.2631629, -6.8289325 ], [ 39.2629389, -6.8288994 ], [ 39.2627192, -6.8288446 ], [ 39.2625059, -6.8287684 ], [ 39.2623011, -6.8286717 ], [ 39.2621068, -6.8285555 ], [ 39.2619248, -6.8284207 ], [ 39.2617569, -6.8282688 ], [ 39.2616047, -6.8281011 ], [ 39.2614697, -6.8279194 ], [ 39.2613531, -6.8277253 ], [ 39.2612562, -6.8275207 ], [ 39.2611798, -6.8273076 ], [ 39.2611246, -6.827088 ], [ 39.2610913, -6.8268641 ], [ 39.2610801, -6.8266381 ], [ 39.261091, -6.826412 ], [ 39.2611242, -6.826188 ], [ 39.2611791, -6.8259684 ], [ 39.2612552, -6.8257552 ], [ 39.261352, -6.8255505 ], [ 39.261459, -6.8253719 ], [ 39.261457, -6.8253318 ], [ 39.2614679, -6.8251057 ], [ 39.2615011, -6.8248817 ], [ 39.261556, -6.8246621 ], [ 39.2616322, -6.8244489 ], [ 39.2617289, -6.8242442 ], [ 39.2618452, -6.82405 ], [ 39.2618487, -6.8240453 ], [ 39.2618573, -6.8240271 ], [ 39.2619736, -6.8238329 ], [ 39.2621084, -6.823651 ], [ 39.2622604, -6.8234832 ], [ 39.2624281, -6.8233311 ], [ 39.26261, -6.8231961 ], [ 39.2628042, -6.8230797 ], [ 39.2630089, -6.8229828 ], [ 39.2632221, -6.8229064 ], [ 39.2634417, -6.8228513 ], [ 39.2636657, -6.8228179 ], [ 39.2638919, -6.8228067 ], [ 39.2641182, -6.8228177 ], [ 39.2643422, -6.8228508 ], [ 39.2645619, -6.8229056 ], [ 39.2647752, -6.8229818 ], [ 39.26498, -6.8230785 ], [ 39.2651743, -6.8231947 ], [ 39.2653563, -6.8233295 ], [ 39.2655242, -6.8234814 ], [ 39.2655923, -6.8235564 ], [ 39.2657187, -6.8234806 ], [ 39.2659234, -6.8233837 ], [ 39.2661365, -6.8233073 ], [ 39.2663562, -6.8232522 ], [ 39.2665802, -6.8232188 ], [ 39.2668064, -6.8232076 ], [ 39.2670326, -6.8232186 ], [ 39.2672567, -6.8232517 ], [ 39.2674764, -6.8233065 ], [ 39.2676897, -6.8233827 ], [ 39.2678945, -6.8234794 ], [ 39.2680888, -6.8235956 ], [ 39.2682708, -6.8237304 ], [ 39.2684387, -6.8238823 ], [ 39.2685909, -6.8240499 ], [ 39.2687259, -6.8242317 ], [ 39.2688424, -6.8244258 ], [ 39.2688889, -6.8245238 ], [ 39.2689403, -6.8246095 ], [ 39.2690373, -6.8248141 ], [ 39.2691137, -6.8250272 ], [ 39.2691688, -6.8252467 ], [ 39.2692022, -6.8254706 ], [ 39.2692134, -6.8256967 ], [ 39.2692025, -6.8259228 ], [ 39.2691694, -6.8261468 ], [ 39.2691144, -6.8263664 ], [ 39.2690383, -6.8265796 ], [ 39.2689415, -6.8267842 ], [ 39.2688252, -6.8269785 ], [ 39.2687575, -6.8270698 ], [ 39.2688058, -6.8271716 ], [ 39.2688822, -6.8273847 ], [ 39.2689374, -6.8276042 ], [ 39.2689707, -6.8278281 ], [ 39.268982, -6.8280542 ], [ 39.268971, -6.8282803 ], [ 39.2689379, -6.8285043 ], [ 39.268883, -6.8287239 ], [ 39.2688068, -6.8289371 ], [ 39.2687101, -6.8291417 ], [ 39.2685937, -6.829336 ], [ 39.2684589, -6.8295179 ] ], [ [ 39.2706063, -6.8207595 ], [ 39.2705766, -6.8207327 ], [ 39.2704245, -6.8205651 ], [ 39.2702894, -6.8203833 ], [ 39.2701729, -6.8201892 ], [ 39.270076, -6.8199846 ], [ 39.2699995, -6.8197715 ], [ 39.2699444, -6.819552 ], [ 39.269911, -6.8193281 ], [ 39.2698998, -6.819102 ], [ 39.2699108, -6.8188759 ], [ 39.2699439, -6.818652 ], [ 39.2699988, -6.8184323 ], [ 39.270075, -6.8182192 ], [ 39.2701717, -6.8180145 ], [ 39.270288, -6.8178202 ], [ 39.2704228, -6.8176383 ], [ 39.2705748, -6.8174705 ], [ 39.2707425, -6.8173184 ], [ 39.2709244, -6.8171835 ], [ 39.2711186, -6.817067 ], [ 39.2713232, -6.8169701 ], [ 39.2715364, -6.8168937 ], [ 39.2717561, -6.8168386 ], [ 39.2719801, -6.8168052 ], [ 39.2720011, -6.8168042 ], [ 39.2719965, -6.8167735 ], [ 39.2719853, -6.8165474 ], [ 39.2719963, -6.8163213 ], [ 39.2720294, -6.8160974 ], [ 39.2720843, -6.8158777 ], [ 39.2721605, -6.8156646 ], [ 39.2722572, -6.8154599 ], [ 39.2723735, -6.8152656 ], [ 39.2725083, -6.8150837 ], [ 39.2726603, -6.8149159 ], [ 39.2727701, -6.8148164 ], [ 39.2726372, -6.8146374 ], [ 39.2725403, -6.8144761 ], [ 39.2725255, -6.8144561 ], [ 39.2724089, -6.814262 ], [ 39.272312, -6.8140574 ], [ 39.2722356, -6.8138444 ], [ 39.2721804, -6.8136248 ], [ 39.2721471, -6.8134009 ], [ 39.2721358, -6.8131748 ], [ 39.2721468, -6.8129487 ], [ 39.2721799, -6.8127248 ], [ 39.2722348, -6.8125051 ], [ 39.272311, -6.812292 ], [ 39.2724077, -6.8120873 ], [ 39.272524, -6.811893 ], [ 39.2726588, -6.8117111 ], [ 39.2728108, -6.8115433 ], [ 39.2729785, -6.8113912 ], [ 39.2731604, -6.8112563 ], [ 39.2733546, -6.8111398 ], [ 39.2735592, -6.8110429 ], [ 39.2737724, -6.8109665 ], [ 39.2739921, -6.8109114 ], [ 39.2742161, -6.810878 ], [ 39.2744423, -6.8108668 ], [ 39.2746685, -6.8108778 ], [ 39.2748925, -6.8109109 ], [ 39.2751123, -6.8109657 ], [ 39.2753255, -6.8110419 ], [ 39.2755303, -6.8111385 ], [ 39.2757246, -6.8112548 ], [ 39.2759066, -6.8113896 ], [ 39.2760745, -6.8115415 ], [ 39.2761529, -6.8116278 ], [ 39.2762313, -6.8116648 ], [ 39.2764256, -6.8117811 ], [ 39.2766076, -6.8119159 ], [ 39.2767755, -6.8120678 ], [ 39.2769277, -6.8122354 ], [ 39.2770627, -6.8124172 ], [ 39.2771793, -6.8126113 ], [ 39.2772762, -6.8128158 ], [ 39.2773526, -6.8130289 ], [ 39.2774078, -6.8132485 ], [ 39.2774411, -6.8134724 ], [ 39.2774524, -6.8136985 ], [ 39.2774414, -6.8139246 ], [ 39.2774083, -6.8141485 ], [ 39.2773534, -6.8143681 ], [ 39.2772772, -6.8145813 ], [ 39.2771805, -6.814786 ], [ 39.2770642, -6.8149802 ], [ 39.2769294, -6.8151621 ], [ 39.2767774, -6.81533 ], [ 39.2766097, -6.8154821 ], [ 39.2764278, -6.815617 ], [ 39.2764088, -6.8156285 ], [ 39.2764247, -6.8156621 ], [ 39.2765011, -6.8158752 ], [ 39.2765563, -6.8160948 ], [ 39.2765897, -6.8163187 ], [ 39.2766009, -6.8165448 ], [ 39.2766005, -6.816554 ], [ 39.2766237, -6.8165679 ], [ 39.2768057, -6.8167027 ], [ 39.2769736, -6.8168546 ], [ 39.2771258, -6.8170222 ], [ 39.2772608, -6.817204 ], [ 39.2773774, -6.8173981 ], [ 39.2774743, -6.8176026 ], [ 39.2775507, -6.8178157 ], [ 39.2776059, -6.8180353 ], [ 39.2776393, -6.8182592 ], [ 39.2776505, -6.8184853 ], [ 39.2776395, -6.8187114 ], [ 39.2776064, -6.8189353 ], [ 39.2775515, -6.8191549 ], [ 39.2774753, -6.8193681 ], [ 39.2773786, -6.8195728 ], [ 39.2772623, -6.819767 ], [ 39.2771275, -6.8199489 ], [ 39.2769755, -6.8201168 ], [ 39.2768078, -6.8202689 ], [ 39.2766259, -6.8204038 ], [ 39.2764318, -6.8205203 ], [ 39.2762271, -6.8206172 ], [ 39.2760139, -6.8206936 ], [ 39.2757942, -6.8207487 ], [ 39.2755702, -6.8207821 ], [ 39.275344, -6.8207933 ], [ 39.2751942, -6.820786 ], [ 39.2751948, -6.82079 ], [ 39.275206, -6.8210161 ], [ 39.275195, -6.8212422 ], [ 39.2751619, -6.8214661 ], [ 39.275107, -6.8216857 ], [ 39.2750309, -6.8218989 ], [ 39.2749341, -6.8221036 ], [ 39.2749326, -6.8221063 ], [ 39.275051, -6.8221771 ], [ 39.275233, -6.8223119 ], [ 39.2754009, -6.8224638 ], [ 39.275553, -6.8226314 ], [ 39.2756881, -6.8228132 ], [ 39.2758046, -6.8230073 ], [ 39.2759016, -6.8232118 ], [ 39.275978, -6.8234249 ], [ 39.2760331, -6.8236445 ], [ 39.2760665, -6.8238684 ], [ 39.2760777, -6.8240945 ], [ 39.2760668, -6.8243206 ], [ 39.2760337, -6.824544 ], [ 39.2760352, -6.8245457 ], [ 39.2761703, -6.8247275 ], [ 39.2762868, -6.8249216 ], [ 39.27632, -6.8249915 ], [ 39.2764065, -6.8251357 ], [ 39.2765035, -6.8253402 ], [ 39.2765799, -6.8255533 ], [ 39.276635, -6.8257729 ], [ 39.2766684, -6.8259968 ], [ 39.2766796, -6.8262229 ], [ 39.2766687, -6.826449 ], [ 39.2766356, -6.8266729 ], [ 39.2766254, -6.8267136 ], [ 39.2766289, -6.8267274 ], [ 39.2767991, -6.8266011 ], [ 39.2769933, -6.8264846 ], [ 39.277198, -6.8263877 ], [ 39.2774112, -6.8263113 ], [ 39.2776309, -6.8262562 ], [ 39.2778549, -6.8262228 ], [ 39.2780811, -6.8262116 ], [ 39.2783073, -6.8262226 ], [ 39.2785313, -6.8262557 ], [ 39.2787511, -6.8263105 ], [ 39.2789643, -6.8263867 ], [ 39.2791691, -6.8264833 ], [ 39.2793635, -6.8265996 ], [ 39.2795455, -6.8267343 ], [ 39.2797134, -6.8268863 ], [ 39.2798655, -6.8270539 ], [ 39.2800006, -6.8272357 ], [ 39.2801171, -6.8274297 ], [ 39.2802141, -6.8276343 ], [ 39.2802905, -6.8278474 ], [ 39.2803456, -6.828067 ], [ 39.280379, -6.8282909 ], [ 39.2803903, -6.828517 ], [ 39.2803793, -6.8287431 ], [ 39.2803718, -6.828794 ], [ 39.2803708, -6.8288141 ], [ 39.2803377, -6.829038 ], [ 39.2802828, -6.8292576 ], [ 39.2802066, -6.8294708 ], [ 39.2801099, -6.8296755 ], [ 39.2799936, -6.8298697 ], [ 39.2798587, -6.8300516 ], [ 39.2797067, -6.8302194 ], [ 39.2796776, -6.8302459 ], [ 39.2796669, -6.8302576 ], [ 39.2794992, -6.8304098 ], [ 39.2793174, -6.8305447 ], [ 39.2791232, -6.8306612 ], [ 39.2789185, -6.8307581 ], [ 39.2787053, -6.8308345 ], [ 39.2784856, -6.8308896 ], [ 39.2782616, -6.830923 ], [ 39.2780354, -6.8309342 ], [ 39.2778092, -6.8309232 ], [ 39.2775852, -6.8308901 ], [ 39.2773654, -6.8308353 ], [ 39.2771521, -6.8307591 ], [ 39.2769474, -6.8306625 ], [ 39.276753, -6.8305462 ], [ 39.276571, -6.8304115 ], [ 39.2764031, -6.8302595 ], [ 39.2762509, -6.8300919 ], [ 39.2761159, -6.8299101 ], [ 39.2759994, -6.829716 ], [ 39.2759024, -6.8295115 ], [ 39.275826, -6.8292984 ], [ 39.2758158, -6.8292579 ], [ 39.275702, -6.8293424 ], [ 39.2755078, -6.8294589 ], [ 39.2753031, -6.8295558 ], [ 39.2750899, -6.8296322 ], [ 39.2748702, -6.8296873 ], [ 39.2746462, -6.8297207 ], [ 39.27442, -6.8297319 ], [ 39.2741938, -6.8297209 ], [ 39.2739697, -6.8296878 ], [ 39.27375, -6.829633 ], [ 39.2735367, -6.8295568 ], [ 39.2733319, -6.8294602 ], [ 39.27318, -6.8293693 ], [ 39.2731776, -6.8293687 ], [ 39.2729643, -6.8292925 ], [ 39.2727595, -6.8291959 ], [ 39.2725652, -6.8290796 ], [ 39.2723832, -6.8289448 ], [ 39.2722153, -6.8287929 ], [ 39.2720631, -6.8286253 ], [ 39.2719281, -6.8284435 ], [ 39.2718116, -6.8282494 ], [ 39.2717429, -6.8281046 ], [ 39.2716889, -6.8280557 ], [ 39.2715367, -6.8278881 ], [ 39.2714017, -6.8277063 ], [ 39.2712852, -6.8275122 ], [ 39.2711882, -6.8273076 ], [ 39.2711118, -6.8270945 ], [ 39.2710567, -6.826875 ], [ 39.2710509, -6.8268361 ], [ 39.2710039, -6.826649 ], [ 39.2709705, -6.8264251 ], [ 39.2709593, -6.826199 ], [ 39.2709702, -6.8259729 ], [ 39.2710033, -6.825749 ], [ 39.2710583, -6.8255293 ], [ 39.2711344, -6.8253162 ], [ 39.2711839, -6.8252115 ], [ 39.2711697, -6.8251161 ], [ 39.2711585, -6.82489 ], [ 39.2711694, -6.8246639 ], [ 39.2712026, -6.82444 ], [ 39.2712575, -6.8242203 ], [ 39.2713336, -6.8240072 ], [ 39.2714304, -6.8238025 ], [ 39.2715005, -6.8236854 ], [ 39.2715062, -6.8236471 ], [ 39.2715611, -6.8234274 ], [ 39.2716372, -6.8232143 ], [ 39.271734, -6.8230096 ], [ 39.2717355, -6.8230069 ], [ 39.2716171, -6.8229361 ], [ 39.2714351, -6.8228013 ], [ 39.2712672, -6.8226494 ], [ 39.2711151, -6.8224818 ], [ 39.27098, -6.8223 ], [ 39.2708635, -6.8221059 ], [ 39.2707665, -6.8219013 ], [ 39.2706901, -6.8216882 ], [ 39.270635, -6.8214687 ], [ 39.2706016, -6.8212448 ], [ 39.2705904, -6.8210187 ], [ 39.2706014, -6.8207926 ], [ 39.2706063, -6.8207595 ] ], [ [ 39.26731, -6.8145341 ], [ 39.2671158, -6.8146505 ], [ 39.2669111, -6.8147474 ], [ 39.2666979, -6.8148238 ], [ 39.2664783, -6.8148789 ], [ 39.2662543, -6.8149123 ], [ 39.2660281, -6.8149235 ], [ 39.2658019, -6.8149125 ], [ 39.2655778, -6.8148794 ], [ 39.2653581, -6.8148246 ], [ 39.2651448, -6.8147484 ], [ 39.26494, -6.8146517 ], [ 39.2647457, -6.8145355 ], [ 39.2645637, -6.8144007 ], [ 39.2643958, -6.8142488 ], [ 39.2642437, -6.8140811 ], [ 39.2641087, -6.8138994 ], [ 39.2639921, -6.8137053 ], [ 39.2638952, -6.8135007 ], [ 39.2638188, -6.8132876 ], [ 39.2637636, -6.8130681 ], [ 39.2637303, -6.8128442 ], [ 39.263719, -6.8126181 ], [ 39.26373, -6.812392 ], [ 39.2637631, -6.812168 ], [ 39.263818, -6.8119484 ], [ 39.2638942, -6.8117352 ], [ 39.2639909, -6.8115305 ], [ 39.2641072, -6.8113363 ], [ 39.2642421, -6.8111544 ], [ 39.2643941, -6.8109866 ], [ 39.2645618, -6.8108345 ], [ 39.2647436, -6.8106995 ], [ 39.2649378, -6.8105831 ], [ 39.2651425, -6.8104862 ], [ 39.2653557, -6.8104098 ], [ 39.2655753, -6.8103547 ], [ 39.2657993, -6.8103213 ], [ 39.265992, -6.8103118 ], [ 39.2660637, -6.810111 ], [ 39.2661604, -6.8099063 ], [ 39.2662767, -6.8097121 ], [ 39.2664116, -6.8095302 ], [ 39.2665636, -6.8093624 ], [ 39.2667313, -6.8092103 ], [ 39.2669131, -6.8090753 ], [ 39.2671073, -6.8089589 ], [ 39.267312, -6.808862 ], [ 39.2675252, -6.8087856 ], [ 39.2677448, -6.8087305 ], [ 39.2679688, -6.8086971 ], [ 39.268195, -6.8086859 ], [ 39.2684212, -6.8086969 ], [ 39.2686453, -6.80873 ], [ 39.268865, -6.8087848 ], [ 39.2690783, -6.808861 ], [ 39.269283, -6.8089577 ], [ 39.2694774, -6.8090739 ], [ 39.2696593, -6.8092087 ], [ 39.2696598, -6.8092091 ], [ 39.2696615, -6.8092095 ], [ 39.2698748, -6.8092857 ], [ 39.2700795, -6.8093824 ], [ 39.2702739, -6.8094986 ], [ 39.2704558, -6.8096334 ], [ 39.2706237, -6.8097853 ], [ 39.2707759, -6.8099529 ], [ 39.2709109, -6.8101347 ], [ 39.2710275, -6.8103288 ], [ 39.2711244, -6.8105334 ], [ 39.2712008, -6.8107465 ], [ 39.271256, -6.810966 ], [ 39.2712567, -6.8109706 ], [ 39.2712592, -6.8109806 ], [ 39.2712925, -6.8112045 ], [ 39.2713038, -6.8114306 ], [ 39.2712928, -6.8116567 ], [ 39.2712597, -6.8118807 ], [ 39.2712048, -6.8121003 ], [ 39.2711286, -6.8123134 ], [ 39.2710319, -6.8125181 ], [ 39.2709156, -6.8127124 ], [ 39.2707808, -6.8128943 ], [ 39.2706288, -6.8130621 ], [ 39.270461, -6.8132142 ], [ 39.2702792, -6.8133491 ], [ 39.270085, -6.8134656 ], [ 39.2698803, -6.8135625 ], [ 39.2696671, -6.8136389 ], [ 39.2694475, -6.813694 ], [ 39.2692235, -6.8137274 ], [ 39.2689973, -6.8137386 ], [ 39.2687711, -6.8137276 ], [ 39.268547, -6.8136945 ], [ 39.2683273, -6.8136397 ], [ 39.2681265, -6.813568 ], [ 39.2680627, -6.8137031 ], [ 39.2679464, -6.8138973 ], [ 39.2678116, -6.8140792 ], [ 39.2676596, -6.814247 ], [ 39.2674918, -6.8143991 ], [ 39.26731, -6.8145341 ] ], [ [ 39.2735532, -6.7919903 ], [ 39.2734012, -6.7921581 ], [ 39.2732335, -6.7923102 ], [ 39.2730517, -6.7924451 ], [ 39.2728575, -6.7925616 ], [ 39.2726528, -6.7926585 ], [ 39.2724396, -6.7927349 ], [ 39.27222, -6.79279 ], [ 39.271996, -6.7928234 ], [ 39.2717698, -6.7928346 ], [ 39.2715436, -6.7928236 ], [ 39.2713196, -6.7927905 ], [ 39.2710999, -6.7927357 ], [ 39.2708866, -6.7926595 ], [ 39.2706818, -6.7925628 ], [ 39.2704875, -6.7924466 ], [ 39.2703839, -6.7923699 ], [ 39.2702993, -6.7924099 ], [ 39.2700861, -6.7924863 ], [ 39.2698665, -6.7925414 ], [ 39.2696425, -6.7925748 ], [ 39.2694163, -6.792586 ], [ 39.2691901, -6.792575 ], [ 39.2689661, -6.7925419 ], [ 39.2687463, -6.7924871 ], [ 39.2685331, -6.7924109 ], [ 39.2683283, -6.7923142 ], [ 39.268134, -6.792198 ], [ 39.267952, -6.7920632 ], [ 39.2677841, -6.7919113 ], [ 39.267632, -6.7917437 ], [ 39.2674969, -6.7915619 ], [ 39.2673804, -6.7913678 ], [ 39.2672835, -6.7911632 ], [ 39.2672071, -6.7909501 ], [ 39.2671519, -6.7907306 ], [ 39.2671186, -6.7905067 ], [ 39.2671073, -6.7902806 ], [ 39.2671183, -6.7900545 ], [ 39.2671514, -6.7898305 ], [ 39.2672063, -6.7896109 ], [ 39.2672825, -6.7893977 ], [ 39.2673792, -6.789193 ], [ 39.2674955, -6.7889988 ], [ 39.2676303, -6.7888169 ], [ 39.2677823, -6.7886491 ], [ 39.26795, -6.788497 ], [ 39.2681319, -6.788362 ], [ 39.268326, -6.7882456 ], [ 39.2685307, -6.7881487 ], [ 39.2687439, -6.7880723 ], [ 39.2689635, -6.7880172 ], [ 39.2691875, -6.7879838 ], [ 39.2694137, -6.7879726 ], [ 39.2696399, -6.7879836 ], [ 39.2698639, -6.7880167 ], [ 39.2700837, -6.7880715 ], [ 39.2702969, -6.7881477 ], [ 39.2705017, -6.7882444 ], [ 39.270696, -6.7883606 ], [ 39.2707996, -6.7884373 ], [ 39.2708842, -6.7883973 ], [ 39.2710974, -6.7883209 ], [ 39.271317, -6.7882658 ], [ 39.271541, -6.7882324 ], [ 39.2717672, -6.7882212 ], [ 39.2719934, -6.7882322 ], [ 39.2722174, -6.7882653 ], [ 39.2724371, -6.7883201 ], [ 39.2726504, -6.7883963 ], [ 39.2728552, -6.7884929 ], [ 39.2730495, -6.7886092 ], [ 39.2732315, -6.788744 ], [ 39.2733994, -6.7888959 ], [ 39.2735515, -6.7890635 ], [ 39.2736865, -6.7892453 ], [ 39.2738031, -6.7894394 ], [ 39.2739, -6.789644 ], [ 39.2739764, -6.7898571 ], [ 39.2740316, -6.7900766 ], [ 39.2740649, -6.7903005 ], [ 39.2740762, -6.7905266 ], [ 39.2740652, -6.7907527 ], [ 39.2740321, -6.7909766 ], [ 39.2739772, -6.7911963 ], [ 39.273901, -6.7914094 ], [ 39.2738043, -6.7916141 ], [ 39.273688, -6.7918084 ], [ 39.2735532, -6.7919903 ] ], [ [ 39.279097, -6.8233076 ], [ 39.2790781, -6.8232323 ], [ 39.279048, -6.82321 ], [ 39.2788801, -6.823058 ], [ 39.2787279, -6.8228904 ], [ 39.2785929, -6.8227087 ], [ 39.2784763, -6.8225146 ], [ 39.2783794, -6.82231 ], [ 39.2783029, -6.8220969 ], [ 39.2782478, -6.8218773 ], [ 39.2782144, -6.8216534 ], [ 39.2782032, -6.8214273 ], [ 39.2782142, -6.8212012 ], [ 39.2782473, -6.8209773 ], [ 39.2783022, -6.8207577 ], [ 39.2783783, -6.8205445 ], [ 39.2784751, -6.8203398 ], [ 39.2785821, -6.8201611 ], [ 39.2785937, -6.8201366 ], [ 39.2786081, -6.8201125 ], [ 39.2785905, -6.8200965 ], [ 39.2784383, -6.8199289 ], [ 39.2783033, -6.8197471 ], [ 39.2781867, -6.8195531 ], [ 39.2780898, -6.8193485 ], [ 39.2780134, -6.8191354 ], [ 39.2779582, -6.8189158 ], [ 39.2779248, -6.8186919 ], [ 39.2779136, -6.8184658 ], [ 39.2779246, -6.8182397 ], [ 39.2779577, -6.8180158 ], [ 39.2780126, -6.8177962 ], [ 39.2780888, -6.817583 ], [ 39.278165, -6.8174215 ], [ 39.2781578, -6.8174172 ], [ 39.2779758, -6.8172825 ], [ 39.2778079, -6.8171305 ], [ 39.2776557, -6.8169629 ], [ 39.2775207, -6.8167811 ], [ 39.2774041, -6.816587 ], [ 39.2773072, -6.8163825 ], [ 39.2772308, -6.8161694 ], [ 39.2771756, -6.8159498 ], [ 39.2771422, -6.8157259 ], [ 39.277131, -6.8154998 ], [ 39.277142, -6.8152737 ], [ 39.2771751, -6.8150498 ], [ 39.27723, -6.8148302 ], [ 39.2773062, -6.814617 ], [ 39.2774029, -6.8144123 ], [ 39.2775192, -6.8142181 ], [ 39.277654, -6.8140362 ], [ 39.277806, -6.8138683 ], [ 39.2779737, -6.8137162 ], [ 39.2781556, -6.8135813 ], [ 39.2783497, -6.8134648 ], [ 39.2785544, -6.8133679 ], [ 39.2787676, -6.8132915 ], [ 39.2789873, -6.8132364 ], [ 39.2792113, -6.813203 ], [ 39.2794375, -6.8131918 ], [ 39.2796637, -6.8132028 ], [ 39.2798877, -6.8132359 ], [ 39.2801074, -6.8132907 ], [ 39.2803207, -6.8133669 ], [ 39.2805255, -6.8134635 ], [ 39.2807198, -6.8135798 ], [ 39.280815, -6.8136503 ], [ 39.2808553, -6.8136744 ], [ 39.2810373, -6.8138091 ], [ 39.2812052, -6.8139611 ], [ 39.2813574, -6.8141287 ], [ 39.2814924, -6.8143104 ], [ 39.281609, -6.8145045 ], [ 39.2817059, -6.8147091 ], [ 39.2817351, -6.8147906 ], [ 39.2818604, -6.8147719 ], [ 39.2820866, -6.8147607 ], [ 39.2823128, -6.8147717 ], [ 39.2825368, -6.8148047 ], [ 39.2827565, -6.8148596 ], [ 39.2829698, -6.8149358 ], [ 39.2831746, -6.8150324 ], [ 39.2833689, -6.8151487 ], [ 39.2835509, -6.8152834 ], [ 39.2837188, -6.8154354 ], [ 39.2837427, -6.8154617 ], [ 39.2838481, -6.8155571 ], [ 39.2840003, -6.8157247 ], [ 39.2841353, -6.8159064 ], [ 39.2842519, -6.8161005 ], [ 39.2843488, -6.8163051 ], [ 39.2844252, -6.8165182 ], [ 39.2844804, -6.8167378 ], [ 39.2845138, -6.8169617 ], [ 39.284525, -6.8171877 ], [ 39.284514, -6.8174138 ], [ 39.2844809, -6.8176378 ], [ 39.284426, -6.8178574 ], [ 39.2843499, -6.8180706 ], [ 39.2842531, -6.8182753 ], [ 39.2841368, -6.8184695 ], [ 39.284002, -6.8186514 ], [ 39.28385, -6.8188192 ], [ 39.2836823, -6.8189714 ], [ 39.2835005, -6.8191063 ], [ 39.2833063, -6.8192228 ], [ 39.2831016, -6.8193197 ], [ 39.2828884, -6.8193961 ], [ 39.2826688, -6.8194512 ], [ 39.2824447, -6.8194846 ], [ 39.2822848, -6.8194925 ], [ 39.2822573, -6.8195507 ], [ 39.2822499, -6.8195631 ], [ 39.2822814, -6.8195916 ], [ 39.2824336, -6.8197592 ], [ 39.2825686, -6.8199409 ], [ 39.2826852, -6.820135 ], [ 39.2827821, -6.8203396 ], [ 39.2828187, -6.8204417 ], [ 39.2828409, -6.8204885 ], [ 39.2829174, -6.8207016 ], [ 39.2829725, -6.8209212 ], [ 39.2829882, -6.8210263 ], [ 39.2830956, -6.8209289 ], [ 39.2832132, -6.8208416 ], [ 39.2832961, -6.8207032 ], [ 39.2834309, -6.8205213 ], [ 39.2835829, -6.8203535 ], [ 39.2837506, -6.8202014 ], [ 39.2839324, -6.8200664 ], [ 39.2841266, -6.8199499 ], [ 39.2843313, -6.819853 ], [ 39.2845445, -6.8197766 ], [ 39.2847641, -6.8197215 ], [ 39.2849651, -6.8196916 ], [ 39.2849576, -6.8195403 ], [ 39.2849686, -6.8193142 ], [ 39.2850017, -6.8190902 ], [ 39.2850566, -6.8188706 ], [ 39.2851327, -6.8186574 ], [ 39.2852294, -6.8184527 ], [ 39.2853458, -6.8182585 ], [ 39.2854806, -6.8180766 ], [ 39.2856326, -6.8179088 ], [ 39.2858003, -6.8177567 ], [ 39.2859821, -6.8176217 ], [ 39.2861763, -6.8175052 ], [ 39.286381, -6.8174083 ], [ 39.2865942, -6.8173319 ], [ 39.2868138, -6.8172768 ], [ 39.2870378, -6.8172434 ], [ 39.287237, -6.8172335 ], [ 39.287232, -6.8172312 ], [ 39.2870377, -6.8171149 ], [ 39.2868557, -6.8169802 ], [ 39.2866878, -6.8168283 ], [ 39.2865356, -6.8166606 ], [ 39.2864006, -6.8164789 ], [ 39.2863084, -6.8163253 ], [ 39.2861526, -6.81621 ], [ 39.2859847, -6.8160581 ], [ 39.2858325, -6.8158904 ], [ 39.2856975, -6.8157087 ], [ 39.285581, -6.8155146 ], [ 39.285484, -6.81531 ], [ 39.2854076, -6.8150969 ], [ 39.2853524, -6.8148774 ], [ 39.2853191, -6.8146535 ], [ 39.2853078, -6.8144274 ], [ 39.2853188, -6.8142013 ], [ 39.2853519, -6.8139773 ], [ 39.2854068, -6.8137577 ], [ 39.285483, -6.8135445 ], [ 39.2855797, -6.8133398 ], [ 39.285696, -6.8131456 ], [ 39.2858308, -6.8129637 ], [ 39.2859828, -6.8127959 ], [ 39.2861505, -6.8126438 ], [ 39.2863323, -6.8125088 ], [ 39.2865265, -6.8123923 ], [ 39.2867312, -6.8122954 ], [ 39.2869444, -6.812219 ], [ 39.287164, -6.8121639 ], [ 39.287388, -6.8121305 ], [ 39.2876142, -6.8121193 ], [ 39.2878404, -6.8121303 ], [ 39.2880645, -6.8121633 ], [ 39.2882842, -6.8122182 ], [ 39.2884975, -6.8122944 ], [ 39.2887023, -6.812391 ], [ 39.2888966, -6.8125073 ], [ 39.2890786, -6.812642 ], [ 39.2892465, -6.8127939 ], [ 39.2893987, -6.8129616 ], [ 39.2895337, -6.8131433 ], [ 39.2896259, -6.8132969 ], [ 39.2897817, -6.8134122 ], [ 39.2899496, -6.8135641 ], [ 39.2901018, -6.8137318 ], [ 39.2902368, -6.8139135 ], [ 39.2903533, -6.8141076 ], [ 39.2904503, -6.8143122 ], [ 39.2905267, -6.8145253 ], [ 39.2905819, -6.8147448 ], [ 39.2906152, -6.8149687 ], [ 39.2906265, -6.8151948 ], [ 39.2906155, -6.8154209 ], [ 39.2905824, -6.8156449 ], [ 39.2905275, -6.8158645 ], [ 39.2904514, -6.8160777 ], [ 39.2904342, -6.816114 ], [ 39.2905976, -6.816122 ], [ 39.2908217, -6.816155 ], [ 39.2910414, -6.8162099 ], [ 39.2912547, -6.816286 ], [ 39.2914595, -6.8163827 ], [ 39.2916538, -6.816499 ], [ 39.2918358, -6.8166337 ], [ 39.2920037, -6.8167856 ], [ 39.2921559, -6.8169533 ], [ 39.2922909, -6.817135 ], [ 39.2924074, -6.8173291 ], [ 39.2925044, -6.8175337 ], [ 39.2925808, -6.8177468 ], [ 39.292636, -6.8179663 ], [ 39.2926694, -6.8181902 ], [ 39.2926806, -6.8184163 ], [ 39.2926696, -6.8186424 ], [ 39.2926365, -6.8188663 ], [ 39.2925816, -6.819086 ], [ 39.2925055, -6.8192992 ], [ 39.2924088, -6.8195038 ], [ 39.2922924, -6.8196981 ], [ 39.2921576, -6.81988 ], [ 39.2920057, -6.8200478 ], [ 39.2918379, -6.8201999 ], [ 39.2916561, -6.8203349 ], [ 39.2914619, -6.8204514 ], [ 39.2912572, -6.8205483 ], [ 39.2910441, -6.8206247 ], [ 39.2910221, -6.8206302 ], [ 39.2908349, -6.8206973 ], [ 39.2906152, -6.8207524 ], [ 39.2903912, -6.8207858 ], [ 39.290165, -6.820797 ], [ 39.2899388, -6.820786 ], [ 39.2898995, -6.8207802 ], [ 39.2898773, -6.8208424 ], [ 39.2897806, -6.8210471 ], [ 39.2896642, -6.8212413 ], [ 39.2895294, -6.8214232 ], [ 39.2893774, -6.821591 ], [ 39.2892097, -6.8217431 ], [ 39.2890279, -6.8218781 ], [ 39.2888337, -6.8219946 ], [ 39.288629, -6.8220915 ], [ 39.2884158, -6.8221679 ], [ 39.2881962, -6.822223 ], [ 39.2879722, -6.8222564 ], [ 39.287746, -6.8222676 ], [ 39.2875198, -6.8222566 ], [ 39.2875057, -6.8222546 ], [ 39.2874794, -6.8224323 ], [ 39.2874245, -6.8226519 ], [ 39.2873484, -6.8228651 ], [ 39.2872517, -6.8230698 ], [ 39.2871353, -6.823264 ], [ 39.2870005, -6.8234459 ], [ 39.2868485, -6.8236137 ], [ 39.2866808, -6.8237658 ], [ 39.2865632, -6.8238531 ], [ 39.2864803, -6.8239915 ], [ 39.2863455, -6.8241734 ], [ 39.2861935, -6.8243412 ], [ 39.2860258, -6.8244933 ], [ 39.285844, -6.8246283 ], [ 39.2856498, -6.8247448 ], [ 39.2854451, -6.8248417 ], [ 39.285281, -6.8249005 ], [ 39.2852837, -6.8249561 ], [ 39.2852728, -6.8251822 ], [ 39.2852397, -6.8254062 ], [ 39.2851848, -6.8256258 ], [ 39.2851086, -6.825839 ], [ 39.2850119, -6.8260437 ], [ 39.2848956, -6.8262379 ], [ 39.2847607, -6.8264198 ], [ 39.2846088, -6.8265876 ], [ 39.284441, -6.8267397 ], [ 39.2842592, -6.8268747 ], [ 39.284065, -6.8269912 ], [ 39.2838603, -6.8270881 ], [ 39.2836471, -6.8271645 ], [ 39.2834275, -6.8272196 ], [ 39.2832035, -6.827253 ], [ 39.2829773, -6.8272642 ], [ 39.282751, -6.8272532 ], [ 39.282527, -6.8272202 ], [ 39.2823073, -6.8271653 ], [ 39.282094, -6.8270891 ], [ 39.2818892, -6.8269925 ], [ 39.2816949, -6.8268762 ], [ 39.2815129, -6.8267415 ], [ 39.281345, -6.8265895 ], [ 39.2811928, -6.8264219 ], [ 39.2810578, -6.8262402 ], [ 39.2809412, -6.8260461 ], [ 39.2808443, -6.8258415 ], [ 39.2807678, -6.8256284 ], [ 39.2807357, -6.8255003 ], [ 39.2806963, -6.8254172 ], [ 39.2806198, -6.8252041 ], [ 39.2806092, -6.8251619 ], [ 39.2805398, -6.8251371 ], [ 39.280335, -6.8250405 ], [ 39.2801407, -6.8249242 ], [ 39.2799587, -6.8247895 ], [ 39.2797908, -6.8246375 ], [ 39.2796386, -6.8244699 ], [ 39.2795036, -6.8242882 ], [ 39.279387, -6.8240941 ], [ 39.2792901, -6.8238895 ], [ 39.2792136, -6.8236764 ], [ 39.2791989, -6.8236179 ], [ 39.2791809, -6.8235677 ], [ 39.279159, -6.8234803 ], [ 39.279097, -6.8233076 ] ], [ [ 39.277687, -6.8096086 ], [ 39.277535, -6.8097765 ], [ 39.2773673, -6.8099286 ], [ 39.2771854, -6.8100635 ], [ 39.2769912, -6.81018 ], [ 39.2767866, -6.8102769 ], [ 39.2765734, -6.8103533 ], [ 39.2763537, -6.8104084 ], [ 39.2761297, -6.8104418 ], [ 39.2759035, -6.810453 ], [ 39.2756773, -6.810442 ], [ 39.2754533, -6.8104089 ], [ 39.2752336, -6.8103541 ], [ 39.2750203, -6.8102779 ], [ 39.2748155, -6.8101813 ], [ 39.2746212, -6.810065 ], [ 39.2744392, -6.8099302 ], [ 39.2742713, -6.8097783 ], [ 39.2741191, -6.8096107 ], [ 39.2739841, -6.8094289 ], [ 39.2738676, -6.8092348 ], [ 39.2737706, -6.8090303 ], [ 39.2736942, -6.8088172 ], [ 39.273639, -6.8085976 ], [ 39.2736057, -6.8083737 ], [ 39.2735944, -6.8081476 ], [ 39.2736054, -6.8079215 ], [ 39.2736385, -6.8076976 ], [ 39.2736934, -6.807478 ], [ 39.2737696, -6.8072648 ], [ 39.2738663, -6.8070601 ], [ 39.2739826, -6.8068659 ], [ 39.2741174, -6.806684 ], [ 39.2742694, -6.8065161 ], [ 39.2744372, -6.806364 ], [ 39.274619, -6.8062291 ], [ 39.2748132, -6.8061126 ], [ 39.2750178, -6.8060157 ], [ 39.275231, -6.8059393 ], [ 39.2754507, -6.8058842 ], [ 39.2756747, -6.8058508 ], [ 39.2759009, -6.8058396 ], [ 39.2761271, -6.8058506 ], [ 39.2763511, -6.8058837 ], [ 39.2765708, -6.8059385 ], [ 39.2767841, -6.8060147 ], [ 39.2769889, -6.8061113 ], [ 39.2771832, -6.8062276 ], [ 39.2773652, -6.8063623 ], [ 39.2775331, -6.8065143 ], [ 39.2776853, -6.8066819 ], [ 39.2778203, -6.8068637 ], [ 39.2779368, -6.8070578 ], [ 39.2780338, -6.8072623 ], [ 39.2781102, -6.8074754 ], [ 39.2781654, -6.807695 ], [ 39.2781987, -6.8079189 ], [ 39.27821, -6.808145 ], [ 39.278199, -6.8083711 ], [ 39.2781659, -6.808595 ], [ 39.278111, -6.8088146 ], [ 39.2780348, -6.8090278 ], [ 39.2779381, -6.8092325 ], [ 39.2778218, -6.8094267 ], [ 39.277687, -6.8096086 ] ], [ [ 39.2798715, -6.8008451 ], [ 39.2796453, -6.8008563 ], [ 39.2794191, -6.8008453 ], [ 39.2791951, -6.8008122 ], [ 39.2789754, -6.8007574 ], [ 39.2787621, -6.8006812 ], [ 39.2785573, -6.8005846 ], [ 39.278363, -6.8004683 ], [ 39.278181, -6.8003336 ], [ 39.2780131, -6.8001816 ], [ 39.277861, -6.800014 ], [ 39.2777259, -6.7998322 ], [ 39.2776094, -6.7996381 ], [ 39.2775125, -6.7994336 ], [ 39.277436, -6.7992205 ], [ 39.2773809, -6.7990009 ], [ 39.2773475, -6.798777 ], [ 39.2773363, -6.7985509 ], [ 39.2773473, -6.7983248 ], [ 39.2773804, -6.7981009 ], [ 39.2774353, -6.7978813 ], [ 39.2775114, -6.7976681 ], [ 39.2776082, -6.7974634 ], [ 39.2777245, -6.7972692 ], [ 39.2778593, -6.7970873 ], [ 39.2780113, -6.7969194 ], [ 39.278179, -6.7967673 ], [ 39.2783608, -6.7966324 ], [ 39.278555, -6.7965159 ], [ 39.2787596, -6.796419 ], [ 39.2789728, -6.7963426 ], [ 39.2791088, -6.7963085 ], [ 39.2791585, -6.7962716 ], [ 39.2793527, -6.7961551 ], [ 39.2795573, -6.7960582 ], [ 39.2797705, -6.7959818 ], [ 39.2799902, -6.7959267 ], [ 39.2802142, -6.7958933 ], [ 39.2804404, -6.7958821 ], [ 39.2806666, -6.7958931 ], [ 39.2808906, -6.7959261 ], [ 39.2811103, -6.795981 ], [ 39.2813236, -6.7960572 ], [ 39.2815284, -6.7961538 ], [ 39.2817227, -6.7962701 ], [ 39.2819047, -6.7964048 ], [ 39.2820725, -6.7965568 ], [ 39.2822247, -6.7967244 ], [ 39.2823597, -6.7969061 ], [ 39.282459, -6.7970714 ], [ 39.2826253, -6.7970632 ], [ 39.2828515, -6.7970742 ], [ 39.2830755, -6.7971072 ], [ 39.2832952, -6.7971621 ], [ 39.2835085, -6.7972383 ], [ 39.2836486, -6.7973044 ], [ 39.2838028, -6.7973429 ], [ 39.2840161, -6.7974191 ], [ 39.2842209, -6.7975157 ], [ 39.2844152, -6.797632 ], [ 39.2845972, -6.7977667 ], [ 39.284765, -6.7979187 ], [ 39.2849172, -6.7980863 ], [ 39.2850522, -6.798268 ], [ 39.2851688, -6.7984621 ], [ 39.2851936, -6.7985145 ], [ 39.2853336, -6.7986181 ], [ 39.2855014, -6.79877 ], [ 39.2856536, -6.7989377 ], [ 39.2857886, -6.7991194 ], [ 39.2859052, -6.7993135 ], [ 39.2860021, -6.7995181 ], [ 39.2860786, -6.7997312 ], [ 39.2861337, -6.7999508 ], [ 39.2861671, -6.8001747 ], [ 39.2861783, -6.8004007 ], [ 39.2861673, -6.8006268 ], [ 39.2861342, -6.8008508 ], [ 39.2860793, -6.8010704 ], [ 39.2860032, -6.8012836 ], [ 39.2859065, -6.8014883 ], [ 39.2857902, -6.8016825 ], [ 39.2856554, -6.8018644 ], [ 39.2855034, -6.8020322 ], [ 39.2853357, -6.8021844 ], [ 39.2851538, -6.8023193 ], [ 39.2849597, -6.8024358 ], [ 39.284755, -6.8025327 ], [ 39.2845418, -6.8026091 ], [ 39.2843221, -6.8026642 ], [ 39.2840981, -6.8026976 ], [ 39.283872, -6.8027088 ], [ 39.2836458, -6.8026978 ], [ 39.2834217, -6.8026648 ], [ 39.283202, -6.8026099 ], [ 39.2829887, -6.8025337 ], [ 39.2827839, -6.8024371 ], [ 39.2825896, -6.8023208 ], [ 39.2824076, -6.8021861 ], [ 39.2822397, -6.8020341 ], [ 39.2820876, -6.8018665 ], [ 39.2819525, -6.8016848 ], [ 39.2818692, -6.801546 ], [ 39.2817447, -6.8015015 ], [ 39.2815399, -6.8014049 ], [ 39.2813456, -6.8012886 ], [ 39.2811636, -6.8011539 ], [ 39.2809957, -6.8010019 ], [ 39.2808436, -6.8008343 ], [ 39.2807085, -6.8006526 ], [ 39.2806816, -6.8006077 ], [ 39.2805284, -6.8006802 ], [ 39.2803152, -6.8007566 ], [ 39.2800955, -6.8008117 ], [ 39.2798715, -6.8008451 ] ], [ [ 39.2821564, -6.794254 ], [ 39.2820044, -6.7944218 ], [ 39.2818367, -6.794574 ], [ 39.2816549, -6.7947089 ], [ 39.2814607, -6.7948254 ], [ 39.2812561, -6.7949223 ], [ 39.2810429, -6.7949987 ], [ 39.2808232, -6.7950538 ], [ 39.2805992, -6.7950872 ], [ 39.280373, -6.7950984 ], [ 39.2801468, -6.7950874 ], [ 39.2799228, -6.7950544 ], [ 39.2797031, -6.7949995 ], [ 39.2794898, -6.7949233 ], [ 39.279285, -6.7948267 ], [ 39.2790907, -6.7947104 ], [ 39.2789087, -6.7945757 ], [ 39.2787409, -6.7944237 ], [ 39.2785887, -6.7942561 ], [ 39.2784537, -6.7940743 ], [ 39.2783371, -6.7938803 ], [ 39.2782402, -6.7936757 ], [ 39.2781638, -6.7934626 ], [ 39.2781086, -6.793243 ], [ 39.2780753, -6.7930191 ], [ 39.278075, -6.7930146 ], [ 39.2779304, -6.7929464 ], [ 39.2777361, -6.7928301 ], [ 39.2775541, -6.7926954 ], [ 39.2773863, -6.7925434 ], [ 39.2772341, -6.7923758 ], [ 39.2770991, -6.792194 ], [ 39.2769825, -6.7919999 ], [ 39.2768856, -6.7917954 ], [ 39.2768092, -6.7915823 ], [ 39.276754, -6.7913627 ], [ 39.2767207, -6.7911388 ], [ 39.2767094, -6.7909127 ], [ 39.2767204, -6.7906866 ], [ 39.2767535, -6.7904627 ], [ 39.2768084, -6.7902431 ], [ 39.2768846, -6.7900299 ], [ 39.2769813, -6.7898252 ], [ 39.2770014, -6.7897916 ], [ 39.2768545, -6.7896586 ], [ 39.2767023, -6.789491 ], [ 39.2765673, -6.7893092 ], [ 39.2764507, -6.7891151 ], [ 39.2763538, -6.7889106 ], [ 39.2762774, -6.7886975 ], [ 39.2762222, -6.7884779 ], [ 39.2761889, -6.788254 ], [ 39.2761776, -6.7880279 ], [ 39.276183, -6.7879173 ], [ 39.2761311, -6.7878601 ], [ 39.2759961, -6.7876783 ], [ 39.2758795, -6.7874842 ], [ 39.2757826, -6.7872797 ], [ 39.2757062, -6.7870666 ], [ 39.275651, -6.786847 ], [ 39.2756177, -6.7866231 ], [ 39.2756064, -6.786397 ], [ 39.2756174, -6.7861709 ], [ 39.2756505, -6.785947 ], [ 39.2757054, -6.7857274 ], [ 39.2757816, -6.7855142 ], [ 39.2758783, -6.7853095 ], [ 39.2759946, -6.7851153 ], [ 39.2761294, -6.7849334 ], [ 39.2762814, -6.7847655 ], [ 39.2764491, -6.7846134 ], [ 39.2766309, -6.7844785 ], [ 39.2768251, -6.784362 ], [ 39.2770298, -6.7842651 ], [ 39.277243, -6.7841887 ], [ 39.2774626, -6.7841336 ], [ 39.2776866, -6.7841002 ], [ 39.2779128, -6.784089 ], [ 39.278139, -6.7841 ], [ 39.278363, -6.7841331 ], [ 39.2785827, -6.7841879 ], [ 39.278796, -6.7842641 ], [ 39.2790007, -6.7843607 ], [ 39.2791951, -6.784477 ], [ 39.279377, -6.7846117 ], [ 39.2795449, -6.7847637 ], [ 39.2796971, -6.7849313 ], [ 39.2798321, -6.7851131 ], [ 39.2799486, -6.7853072 ], [ 39.2800456, -6.7855117 ], [ 39.280122, -6.7857248 ], [ 39.2801772, -6.7859444 ], [ 39.2802105, -6.7861683 ], [ 39.2802218, -6.7863944 ], [ 39.2802164, -6.786505 ], [ 39.2802683, -6.7865622 ], [ 39.2804033, -6.786744 ], [ 39.2805198, -6.786938 ], [ 39.2806168, -6.7871426 ], [ 39.2806932, -6.7873557 ], [ 39.2807484, -6.7875753 ], [ 39.2807817, -6.7877992 ], [ 39.280793, -6.7880253 ], [ 39.280782, -6.7882514 ], [ 39.2807489, -6.7884753 ], [ 39.280694, -6.7886949 ], [ 39.2806178, -6.7889081 ], [ 39.2805211, -6.7891128 ], [ 39.280501, -6.7891464 ], [ 39.2806479, -6.7892794 ], [ 39.2808001, -6.789447 ], [ 39.2809351, -6.7896288 ], [ 39.2810517, -6.7898228 ], [ 39.2811486, -6.7900274 ], [ 39.281225, -6.7902405 ], [ 39.2812802, -6.7904601 ], [ 39.2813135, -6.790684 ], [ 39.2813138, -6.7906885 ], [ 39.2814584, -6.7907567 ], [ 39.2816527, -6.790873 ], [ 39.2818346, -6.7910077 ], [ 39.2820025, -6.7911597 ], [ 39.2821547, -6.7913273 ], [ 39.2822897, -6.791509 ], [ 39.2824063, -6.7917031 ], [ 39.2825032, -6.7919077 ], [ 39.2825796, -6.7921208 ], [ 39.2826348, -6.7923404 ], [ 39.2826681, -6.7925643 ], [ 39.2826794, -6.7927904 ], [ 39.2826684, -6.7930165 ], [ 39.2826353, -6.7932404 ], [ 39.2825804, -6.79346 ], [ 39.2825042, -6.7936732 ], [ 39.2824075, -6.7938779 ], [ 39.2822912, -6.7940721 ], [ 39.2821564, -6.794254 ] ], [ [ 39.2854798, -6.8455241 ], [ 39.2853278, -6.8456919 ], [ 39.2851601, -6.845844 ], [ 39.2849783, -6.845979 ], [ 39.2847841, -6.8460955 ], [ 39.2845794, -6.8461924 ], [ 39.2843662, -6.8462688 ], [ 39.2841465, -6.8463239 ], [ 39.2839225, -6.8463573 ], [ 39.2836963, -6.8463685 ], [ 39.28347, -6.8463575 ], [ 39.283246, -6.8463245 ], [ 39.2830262, -6.8462696 ], [ 39.2829439, -6.8462402 ], [ 39.2829122, -6.8462323 ], [ 39.2826989, -6.8461561 ], [ 39.2824941, -6.8460595 ], [ 39.2822998, -6.8459432 ], [ 39.2821178, -6.8458085 ], [ 39.2819499, -6.8456565 ], [ 39.2817977, -6.8454889 ], [ 39.2816627, -6.8453072 ], [ 39.2815461, -6.8451131 ], [ 39.2814492, -6.8449085 ], [ 39.2813727, -6.8446954 ], [ 39.2813176, -6.8444758 ], [ 39.2812842, -6.8442519 ], [ 39.281273, -6.8440259 ], [ 39.281284, -6.8437998 ], [ 39.2813171, -6.8435758 ], [ 39.281372, -6.8433562 ], [ 39.2814481, -6.843143 ], [ 39.2815449, -6.8429383 ], [ 39.2816612, -6.8427441 ], [ 39.281796, -6.8425622 ], [ 39.281948, -6.8423944 ], [ 39.2821157, -6.8422423 ], [ 39.2822976, -6.8421073 ], [ 39.2824918, -6.8419908 ], [ 39.2826964, -6.8418939 ], [ 39.2829096, -6.8418175 ], [ 39.2831293, -6.8417624 ], [ 39.2833533, -6.841729 ], [ 39.2835795, -6.8417178 ], [ 39.2838058, -6.8417288 ], [ 39.2840298, -6.8417618 ], [ 39.2842496, -6.8418167 ], [ 39.2842742, -6.8418255 ], [ 39.2843099, -6.8418344 ], [ 39.2845231, -6.8419106 ], [ 39.2845269, -6.8419123 ], [ 39.2845768, -6.8419302 ], [ 39.2847816, -6.8420268 ], [ 39.284976, -6.8421431 ], [ 39.285158, -6.8422778 ], [ 39.2853259, -6.8424297 ], [ 39.2854781, -6.8425974 ], [ 39.2856131, -6.8427791 ], [ 39.2857297, -6.8429732 ], [ 39.2858266, -6.8431778 ], [ 39.2859031, -6.8433909 ], [ 39.2859582, -6.8436104 ], [ 39.2859916, -6.8438343 ], [ 39.2860028, -6.8440604 ], [ 39.2859919, -6.8442865 ], [ 39.2859588, -6.8445105 ], [ 39.2859038, -6.8447301 ], [ 39.2858277, -6.8449433 ], [ 39.285731, -6.845148 ], [ 39.2856146, -6.8453422 ], [ 39.2854798, -6.8455241 ] ], [ [ 39.2874633, -6.8395107 ], [ 39.2873113, -6.8396785 ], [ 39.2871436, -6.8398306 ], [ 39.2869617, -6.8399656 ], [ 39.2867675, -6.8400821 ], [ 39.2865629, -6.840179 ], [ 39.2863497, -6.8402554 ], [ 39.28613, -6.8403105 ], [ 39.285906, -6.8403439 ], [ 39.2856798, -6.8403551 ], [ 39.2854535, -6.8403441 ], [ 39.2852295, -6.8403111 ], [ 39.2851326, -6.8402869 ], [ 39.2851075, -6.8402832 ], [ 39.2848878, -6.8402283 ], [ 39.2846745, -6.8401521 ], [ 39.2844697, -6.8400555 ], [ 39.2842753, -6.8399392 ], [ 39.2840933, -6.8398045 ], [ 39.2839254, -6.8396526 ], [ 39.2837732, -6.8394849 ], [ 39.2836382, -6.8393032 ], [ 39.2835217, -6.8391091 ], [ 39.2834247, -6.8389045 ], [ 39.2833483, -6.8386914 ], [ 39.2832931, -6.8384719 ], [ 39.2832597, -6.838248 ], [ 39.2832485, -6.8380219 ], [ 39.2832595, -6.8377958 ], [ 39.2832926, -6.8375718 ], [ 39.2833475, -6.8373522 ], [ 39.2834237, -6.837139 ], [ 39.2835204, -6.8369343 ], [ 39.2836367, -6.8367401 ], [ 39.2837715, -6.8365582 ], [ 39.2839235, -6.8363904 ], [ 39.2840912, -6.8362383 ], [ 39.2842731, -6.8361033 ], [ 39.2844673, -6.8359868 ], [ 39.2846719, -6.8358899 ], [ 39.2848851, -6.8358135 ], [ 39.2851048, -6.8357584 ], [ 39.2853288, -6.835725 ], [ 39.285555, -6.8357138 ], [ 39.2857812, -6.8357248 ], [ 39.2860053, -6.8357578 ], [ 39.2860416, -6.8357669 ], [ 39.2860791, -6.8357724 ], [ 39.2862988, -6.8358273 ], [ 39.2863106, -6.8358315 ], [ 39.286347, -6.8358406 ], [ 39.2865603, -6.8359168 ], [ 39.2867651, -6.8360134 ], [ 39.2869595, -6.8361297 ], [ 39.2871415, -6.8362644 ], [ 39.2873094, -6.8364163 ], [ 39.2874616, -6.836584 ], [ 39.2875966, -6.8367657 ], [ 39.2877131, -6.8369598 ], [ 39.2878101, -6.8371644 ], [ 39.2878865, -6.8373775 ], [ 39.2879417, -6.837597 ], [ 39.2879751, -6.8378209 ], [ 39.2879863, -6.838047 ], [ 39.2879753, -6.8382731 ], [ 39.2879422, -6.8384971 ], [ 39.2878873, -6.8387167 ], [ 39.2878111, -6.8389299 ], [ 39.2877144, -6.8391346 ], [ 39.2875981, -6.8393288 ], [ 39.2874633, -6.8395107 ] ], [ [ 39.287322, -6.8342212 ], [ 39.2871088, -6.8342976 ], [ 39.2868891, -6.8343527 ], [ 39.2866651, -6.8343861 ], [ 39.2864389, -6.8343973 ], [ 39.2862127, -6.8343863 ], [ 39.2859886, -6.8343533 ], [ 39.2857689, -6.8342984 ], [ 39.2855556, -6.8342222 ], [ 39.2853508, -6.8341256 ], [ 39.2853416, -6.8341201 ], [ 39.2852842, -6.834093 ], [ 39.2850899, -6.8339767 ], [ 39.2849079, -6.833842 ], [ 39.28474, -6.8336901 ], [ 39.2845878, -6.8335224 ], [ 39.2844527, -6.8333407 ], [ 39.2843362, -6.8331466 ], [ 39.2842392, -6.832942 ], [ 39.2841724, -6.8327557 ], [ 39.2840096, -6.8326789 ], [ 39.2838152, -6.8325626 ], [ 39.2836333, -6.8324279 ], [ 39.2834654, -6.832276 ], [ 39.2833132, -6.8321083 ], [ 39.2831781, -6.8319266 ], [ 39.2830616, -6.8317325 ], [ 39.2829646, -6.8315279 ], [ 39.2828882, -6.8313148 ], [ 39.282833, -6.8310953 ], [ 39.282822, -6.831021 ], [ 39.2828216, -6.8310197 ], [ 39.2828157, -6.83098 ], [ 39.2828098, -6.8309566 ], [ 39.2827765, -6.8307326 ], [ 39.2827652, -6.8305066 ], [ 39.2827762, -6.8302805 ], [ 39.2828093, -6.8300565 ], [ 39.2828642, -6.8298369 ], [ 39.2829404, -6.8296237 ], [ 39.2830371, -6.829419 ], [ 39.2831534, -6.8292248 ], [ 39.2832882, -6.8290429 ], [ 39.2834402, -6.8288751 ], [ 39.283608, -6.828723 ], [ 39.2837898, -6.828588 ], [ 39.283984, -6.8284715 ], [ 39.2841887, -6.8283746 ], [ 39.2844019, -6.8282982 ], [ 39.2846215, -6.8282431 ], [ 39.2848455, -6.8282097 ], [ 39.2850717, -6.8281985 ], [ 39.285298, -6.8282095 ], [ 39.285522, -6.8282425 ], [ 39.2857417, -6.8282974 ], [ 39.285955, -6.8283736 ], [ 39.2861598, -6.8284702 ], [ 39.2863541, -6.8285865 ], [ 39.2865361, -6.8287212 ], [ 39.286704, -6.8288731 ], [ 39.2868562, -6.8290408 ], [ 39.2869913, -6.8292225 ], [ 39.2871078, -6.8294166 ], [ 39.2872048, -6.8296212 ], [ 39.2872812, -6.8298343 ], [ 39.2872925, -6.8298793 ], [ 39.2873737, -6.8299083 ], [ 39.2875785, -6.8300049 ], [ 39.2877728, -6.8301212 ], [ 39.2879548, -6.8302559 ], [ 39.2881227, -6.8304078 ], [ 39.2882749, -6.8305755 ], [ 39.28841, -6.8307572 ], [ 39.2885265, -6.8309513 ], [ 39.2886235, -6.8311559 ], [ 39.2886999, -6.831369 ], [ 39.2887551, -6.8315885 ], [ 39.2887884, -6.8318124 ], [ 39.2887997, -6.8320385 ], [ 39.2887887, -6.8322646 ], [ 39.2887556, -6.8324886 ], [ 39.2887007, -6.8327082 ], [ 39.2886245, -6.8329214 ], [ 39.2885278, -6.8331261 ], [ 39.2884115, -6.8333203 ], [ 39.2882767, -6.8335022 ], [ 39.2881247, -6.83367 ], [ 39.2880778, -6.8337126 ], [ 39.2880704, -6.8337207 ], [ 39.2879027, -6.8338728 ], [ 39.2877208, -6.8340078 ], [ 39.2875266, -6.8341243 ], [ 39.287322, -6.8342212 ] ], [ [ 39.2884536, -6.8096752 ], [ 39.2883016, -6.809843 ], [ 39.2881339, -6.8099951 ], [ 39.2879521, -6.8101301 ], [ 39.2877579, -6.8102466 ], [ 39.2875532, -6.8103435 ], [ 39.28734, -6.8104199 ], [ 39.2871204, -6.810475 ], [ 39.2868964, -6.8105084 ], [ 39.2866702, -6.8105196 ], [ 39.286444, -6.8105086 ], [ 39.2862199, -6.8104756 ], [ 39.2860002, -6.8104207 ], [ 39.2857869, -6.8103445 ], [ 39.2855821, -6.8102479 ], [ 39.2853878, -6.8101316 ], [ 39.2852058, -6.8099969 ], [ 39.2850379, -6.809845 ], [ 39.2848857, -6.8096773 ], [ 39.2847507, -6.8094956 ], [ 39.2846342, -6.8093015 ], [ 39.2845372, -6.8090969 ], [ 39.2844608, -6.8088838 ], [ 39.2844057, -6.8086643 ], [ 39.2843723, -6.8084404 ], [ 39.284361, -6.8082143 ], [ 39.284372, -6.8079882 ], [ 39.2844051, -6.8077642 ], [ 39.28446, -6.8075446 ], [ 39.2845362, -6.8073314 ], [ 39.2846329, -6.8071267 ], [ 39.2847151, -6.8069894 ], [ 39.2847041, -6.8069813 ], [ 39.2845362, -6.8068294 ], [ 39.2843841, -6.8066617 ], [ 39.284249, -6.80648 ], [ 39.2841325, -6.8062859 ], [ 39.2840355, -6.8060813 ], [ 39.2839591, -6.8058682 ], [ 39.283904, -6.8056487 ], [ 39.2838706, -6.8054248 ], [ 39.2838594, -6.8051987 ], [ 39.2838703, -6.8049726 ], [ 39.2839034, -6.8047486 ], [ 39.2839583, -6.804529 ], [ 39.2840345, -6.8043158 ], [ 39.2841312, -6.8041111 ], [ 39.2842475, -6.8039169 ], [ 39.2843823, -6.803735 ], [ 39.2845343, -6.8035672 ], [ 39.284702, -6.8034151 ], [ 39.2848839, -6.8032801 ], [ 39.285078, -6.8031636 ], [ 39.2852827, -6.8030667 ], [ 39.2854959, -6.8029903 ], [ 39.2857155, -6.8029352 ], [ 39.2859395, -6.8029018 ], [ 39.2861657, -6.8028906 ], [ 39.2863919, -6.8029016 ], [ 39.286616, -6.8029346 ], [ 39.2868357, -6.8029895 ], [ 39.287049, -6.8030657 ], [ 39.2872538, -6.8031623 ], [ 39.2874481, -6.8032786 ], [ 39.2876301, -6.8034133 ], [ 39.2877979, -6.8035652 ], [ 39.2879501, -6.8037329 ], [ 39.2880852, -6.8039146 ], [ 39.2882017, -6.8041087 ], [ 39.2882986, -6.8043133 ], [ 39.2883751, -6.8045264 ], [ 39.2884302, -6.8047459 ], [ 39.2884636, -6.8049698 ], [ 39.2884748, -6.8051959 ], [ 39.2884639, -6.805422 ], [ 39.2884308, -6.805646 ], [ 39.2883759, -6.8058656 ], [ 39.2882997, -6.8060788 ], [ 39.288203, -6.8062835 ], [ 39.2881208, -6.8064208 ], [ 39.2881318, -6.8064289 ], [ 39.2882997, -6.8065808 ], [ 39.2884518, -6.8067485 ], [ 39.2885869, -6.8069302 ], [ 39.2887034, -6.8071243 ], [ 39.2888004, -6.8073289 ], [ 39.2888768, -6.807542 ], [ 39.2889319, -6.8077615 ], [ 39.2889653, -6.8079854 ], [ 39.2889766, -6.8082115 ], [ 39.2889656, -6.8084376 ], [ 39.2889325, -6.8086616 ], [ 39.2888776, -6.8088812 ], [ 39.2888014, -6.8090944 ], [ 39.2887047, -6.8092991 ], [ 39.2885884, -6.8094933 ], [ 39.2884536, -6.8096752 ] ] ] } }
]
}
