{
"type": "FeatureCollection",
"features": [
{ "type": "Feature", "properties": { "index": "0", "label": "Within 300 m on foot", "color": "#2b8cbe" }, "geometry": { "type": "MultiPolygon", "coordinates": [ [ [ [ 39.230117, -6.8426642 ], [ 39.2302756, -6.8424502 ], [ 39.2304125, -6.8422217 ], [ 39.2305263, -6.8419809 ], [ 39.230616, -6.8417301 ], [ 39.2306806, -6.8414718 ], [ 39.2307196, -6.8412083 ], [ 39.2307325, -6.8409423 ], [ 39.2307193, -6.8406763 ], [ 39.2306801, -6.8404129 ], [ 39.2306152, -6.8401546 ], [ 39.2305253, -6.8399039 ], [ 39.2304113, -6.8396632 ], [ 39.2302742, -6.8394348 ], [ 39.2301154, -6.839221 ], [ 39.2299363, -6.8390238 ], [ 39.2297388, -6.838845 ], [ 39.2295247, -6.8386865 ], [ 39.2292961, -6.8385496 ], [ 39.2290552, -6.8384359 ], [ 39.2288042, -6.8383463 ], [ 39.2285457, -6.8382817 ], [ 39.2282822, -6.8382428 ], [ 39.228016, -6.8382298 ], [ 39.2277499, -6.838243 ], [ 39.2274863, -6.8382822 ], [ 39.2272279, -6.838347 ], [ 39.2269771, -6.8384369 ], [ 39.2267362, -6.8385509 ], [ 39.2265077, -6.8386879 ], [ 39.2262938, -6.8388466 ], [ 39.2260965, -6.8390256 ], [ 39.2259176, -6.839223 ], [ 39.225759, -6.839437 ], [ 39.2256221, -6.8396655 ], [ 39.2255083, -6.8399063 ], [ 39.2254186, -6.8401571 ], [ 39.225354, -6.8404154 ], [ 39.225315, -6.8406789 ], [ 39.2253021, -6.8409449 ], [ 39.2253153, -6.8412109 ], [ 39.2253545, -6.8414743 ], [ 39.2254194, -6.8417326 ], [ 39.2255093, -6.8419833 ], [ 39.2256233, -6.842224 ], [ 39.2257604, -6.8424524 ], [ 39.2259192, -6.8426662 ], [ 39.2260983, -6.8428634 ], [ 39.2262958, -6.8430422 ], [ 39.2265099, -6.8432007 ], [ 39.2267385, -6.8433376 ], [ 39.2269794, -6.8434513 ], [ 39.2272303, -6.8435409 ], [ 39.2274888, -6.8436055 ], [ 39.2277524, -6.8436444 ], [ 39.2280186, -6.8436574 ], [ 39.2282847, -6.8436442 ], [ 39.2285483, -6.843605 ], [ 39.2288067, -6.8435402 ], [ 39.2290576, -6.8434503 ], [ 39.2292984, -6.8433363 ], [ 39.2295269, -6.8431993 ], [ 39.2297408, -6.8430406 ], [ 39.2299382, -6.8428616 ], [ 39.230117, -6.8426642 ] ] ], [ [ [ 39.2470532, -6.8400238 ], [ 39.2472505, -6.8398449 ], [ 39.2474294, -6.8396474 ], [ 39.247588, -6.8394334 ], [ 39.2477248, -6.8392049 ], [ 39.2478386, -6.8389641 ], [ 39.2478661, -6.8388874 ], [ 39.2479104, -6.8388276 ], [ 39.2480472, -6.8385991 ], [ 39.248161, -6.8383583 ], [ 39.2482507, -6.8381075 ], [ 39.2483153, -6.8378492 ], [ 39.2483542, -6.8375857 ], [ 39.2483672, -6.8373197 ], [ 39.248354, -6.8370537 ], [ 39.2483147, -6.8367903 ], [ 39.2482499, -6.836532 ], [ 39.24816, -6.8362813 ], [ 39.2480459, -6.8360406 ], [ 39.2479088, -6.8358122 ], [ 39.24775, -6.8355984 ], [ 39.2475709, -6.8354012 ], [ 39.2473734, -6.8352224 ], [ 39.2471593, -6.8350639 ], [ 39.2469307, -6.8349271 ], [ 39.2466898, -6.8348134 ], [ 39.2464388, -6.8347238 ], [ 39.2461803, -6.8346592 ], [ 39.2459168, -6.8346202 ], [ 39.2456506, -6.8346073 ], [ 39.2454637, -6.8346166 ], [ 39.2452379, -6.8346056 ], [ 39.2449718, -6.8346188 ], [ 39.2447082, -6.834658 ], [ 39.2445953, -6.8346864 ], [ 39.2443721, -6.8346755 ], [ 39.244106, -6.8346887 ], [ 39.2438424, -6.8347279 ], [ 39.243584, -6.8347928 ], [ 39.2433332, -6.8348826 ], [ 39.2430924, -6.8349966 ], [ 39.2428639, -6.8351336 ], [ 39.2426499, -6.8352924 ], [ 39.2424526, -6.8354713 ], [ 39.2422738, -6.8356688 ], [ 39.2421151, -6.8358827 ], [ 39.2419783, -6.8361112 ], [ 39.2418645, -6.836352 ], [ 39.2418644, -6.8363521 ], [ 39.241783, -6.8364881 ], [ 39.2416692, -6.8367289 ], [ 39.2415795, -6.8369797 ], [ 39.2415149, -6.8372381 ], [ 39.241476, -6.8375016 ], [ 39.241463, -6.8377676 ], [ 39.2414762, -6.8380336 ], [ 39.2415155, -6.838297 ], [ 39.2415803, -6.8385553 ], [ 39.2416702, -6.838806 ], [ 39.2417843, -6.8390467 ], [ 39.2419214, -6.839275 ], [ 39.2420802, -6.8394889 ], [ 39.2422592, -6.8396861 ], [ 39.2424568, -6.8398649 ], [ 39.2426709, -6.8400234 ], [ 39.2428995, -6.8401602 ], [ 39.2431404, -6.8402739 ], [ 39.2433913, -6.8403635 ], [ 39.2436498, -6.8404281 ], [ 39.2439134, -6.8404671 ], [ 39.2441796, -6.84048 ], [ 39.2443896, -6.8404696 ], [ 39.2445427, -6.8405242 ], [ 39.2448012, -6.8405888 ], [ 39.2450648, -6.8406278 ], [ 39.245331, -6.8406407 ], [ 39.2455971, -6.8406275 ], [ 39.2458607, -6.8405883 ], [ 39.2461191, -6.8405234 ], [ 39.2463699, -6.8404336 ], [ 39.2466108, -6.8403196 ], [ 39.2468392, -6.8401826 ], [ 39.2470532, -6.8400238 ] ] ], [ [ [ 39.2531673, -6.8317033 ], [ 39.2533259, -6.8314893 ], [ 39.2534628, -6.8312608 ], [ 39.2535766, -6.83102 ], [ 39.2536662, -6.8307692 ], [ 39.2537308, -6.8305108 ], [ 39.2537698, -6.8302474 ], [ 39.2537827, -6.8299814 ], [ 39.2537695, -6.8297154 ], [ 39.2537303, -6.829452 ], [ 39.2536654, -6.8291937 ], [ 39.2535755, -6.828943 ], [ 39.2535588, -6.8289078 ], [ 39.2536209, -6.8289913 ], [ 39.2537999, -6.8291885 ], [ 39.2539975, -6.8293673 ], [ 39.2542115, -6.8295258 ], [ 39.2544402, -6.8296626 ], [ 39.2546811, -6.8297764 ], [ 39.254932, -6.8298659 ], [ 39.2551905, -6.8299305 ], [ 39.2554541, -6.8299695 ], [ 39.2557202, -6.8299824 ], [ 39.2559864, -6.8299692 ], [ 39.2562499, -6.82993 ], [ 39.2565083, -6.8298651 ], [ 39.2567592, -6.8297753 ], [ 39.2568077, -6.8297523 ], [ 39.2568389, -6.8298767 ], [ 39.2569288, -6.8301274 ], [ 39.2570428, -6.8303681 ], [ 39.25718, -6.8305964 ], [ 39.2573388, -6.8308102 ], [ 39.2575178, -6.8310075 ], [ 39.2577154, -6.8311862 ], [ 39.2579295, -6.8313447 ], [ 39.2581581, -6.8314815 ], [ 39.258399, -6.8315953 ], [ 39.2586499, -6.8316848 ], [ 39.2589084, -6.8317494 ], [ 39.259172, -6.8317884 ], [ 39.2594382, -6.8318013 ], [ 39.2597043, -6.8317881 ], [ 39.2599678, -6.8317489 ], [ 39.2602263, -6.831684 ], [ 39.2604771, -6.8315941 ], [ 39.2607179, -6.8314802 ], [ 39.2609464, -6.8313431 ], [ 39.2611603, -6.8311844 ], [ 39.2613576, -6.8310054 ], [ 39.2615365, -6.830808 ], [ 39.2616951, -6.830594 ], [ 39.2618319, -6.8303655 ], [ 39.2619457, -6.8301247 ], [ 39.2620353, -6.8298739 ], [ 39.2620999, -6.8296155 ], [ 39.2621389, -6.829352 ], [ 39.2621518, -6.829086 ], [ 39.2621386, -6.82882 ], [ 39.2620994, -6.8285566 ], [ 39.2620345, -6.8282983 ], [ 39.2619446, -6.8280476 ], [ 39.2618305, -6.8278069 ], [ 39.2616934, -6.8275786 ], [ 39.2615346, -6.8273648 ], [ 39.2613555, -6.8271675 ], [ 39.261158, -6.8269888 ], [ 39.2609439, -6.8268303 ], [ 39.2607153, -6.8266935 ], [ 39.2604744, -6.8265797 ], [ 39.2602235, -6.8264901 ], [ 39.259965, -6.8264256 ], [ 39.2597014, -6.8263866 ], [ 39.2594352, -6.8263737 ], [ 39.2591691, -6.8263869 ], [ 39.2589056, -6.8264261 ], [ 39.2586471, -6.826491 ], [ 39.2583963, -6.8265809 ], [ 39.2583478, -6.8266038 ], [ 39.2583166, -6.8264794 ], [ 39.2582267, -6.8262287 ], [ 39.2581126, -6.8259881 ], [ 39.2579755, -6.8257597 ], [ 39.2578167, -6.8255459 ], [ 39.2576377, -6.8253486 ], [ 39.2574401, -6.8251699 ], [ 39.257226, -6.8250114 ], [ 39.2569974, -6.8248746 ], [ 39.2567565, -6.8247608 ], [ 39.2565056, -6.8246713 ], [ 39.2562471, -6.8246067 ], [ 39.2559835, -6.8245677 ], [ 39.2557174, -6.8245548 ], [ 39.2554512, -6.824568 ], [ 39.2551877, -6.8246072 ], [ 39.2549293, -6.8246721 ], [ 39.2546784, -6.8247619 ], [ 39.2544376, -6.8248759 ], [ 39.2542092, -6.825013 ], [ 39.2539952, -6.8251717 ], [ 39.2537979, -6.8253507 ], [ 39.2536191, -6.8255481 ], [ 39.2534605, -6.8257621 ], [ 39.2533236, -6.8259906 ], [ 39.2532098, -6.8262314 ], [ 39.2531202, -6.8264822 ], [ 39.2530556, -6.8267406 ], [ 39.2530166, -6.827004 ], [ 39.2530037, -6.82727 ], [ 39.2530169, -6.827536 ], [ 39.2530561, -6.8277994 ], [ 39.253121, -6.8280577 ], [ 39.2532109, -6.8283084 ], [ 39.2532276, -6.8283436 ], [ 39.2531655, -6.8282601 ], [ 39.2529865, -6.8280629 ], [ 39.252789, -6.8278841 ], [ 39.2525749, -6.8277256 ], [ 39.2523463, -6.8275888 ], [ 39.2521053, -6.827475 ], [ 39.2518544, -6.8273855 ], [ 39.2515959, -6.8273209 ], [ 39.2513323, -6.8272819 ], [ 39.2510662, -6.827269 ], [ 39.2508001, -6.8272822 ], [ 39.2505365, -6.8273214 ], [ 39.2502781, -6.8273863 ], [ 39.2500273, -6.8274761 ], [ 39.2497865, -6.8275901 ], [ 39.249558, -6.8277272 ], [ 39.249344, -6.8278859 ], [ 39.2491467, -6.8280649 ], [ 39.2489679, -6.8282623 ], [ 39.2488093, -6.8284763 ], [ 39.2486724, -6.8287048 ], [ 39.2485586, -6.8289456 ], [ 39.248469, -6.8291964 ], [ 39.2484044, -6.8294547 ], [ 39.2483654, -6.8297182 ], [ 39.2483525, -6.8299842 ], [ 39.2483657, -6.8302502 ], [ 39.2484049, -6.8305136 ], [ 39.2484698, -6.8307719 ], [ 39.2485597, -6.8310226 ], [ 39.2486737, -6.8312633 ], [ 39.2488108, -6.8314917 ], [ 39.2489697, -6.8317055 ], [ 39.2491487, -6.8319027 ], [ 39.2493462, -6.8320815 ], [ 39.2495603, -6.83224 ], [ 39.2497889, -6.8323768 ], [ 39.2500299, -6.8324905 ], [ 39.2502808, -6.8325801 ], [ 39.2505393, -6.8326447 ], [ 39.2508029, -6.8326837 ], [ 39.251069, -6.8326966 ], [ 39.2513351, -6.8326834 ], [ 39.2515987, -6.8326442 ], [ 39.2518571, -6.8325793 ], [ 39.252108, -6.8324895 ], [ 39.2523488, -6.8323755 ], [ 39.2525772, -6.8322384 ], [ 39.2527912, -6.8320797 ], [ 39.2529885, -6.8319007 ], [ 39.2531673, -6.8317033 ] ] ], [ [ [ 39.2488559, -6.8199011 ], [ 39.2490968, -6.8200148 ], [ 39.2493477, -6.8201044 ], [ 39.2496062, -6.820169 ], [ 39.2498698, -6.820208 ], [ 39.2501359, -6.8202209 ], [ 39.250402, -6.8202077 ], [ 39.2506656, -6.8201685 ], [ 39.2506727, -6.8201667 ], [ 39.2507057, -6.8201716 ], [ 39.2509718, -6.8201845 ], [ 39.2512379, -6.8201713 ], [ 39.2515015, -6.8201321 ], [ 39.2517599, -6.8200672 ], [ 39.2520107, -6.8199774 ], [ 39.2522515, -6.8198634 ], [ 39.25248, -6.8197263 ], [ 39.2526939, -6.8195676 ], [ 39.2527003, -6.8195618 ], [ 39.2528653, -6.8195698 ], [ 39.2531314, -6.8195566 ], [ 39.253395, -6.8195174 ], [ 39.2536534, -6.8194525 ], [ 39.2539042, -6.8193627 ], [ 39.254145, -6.8192487 ], [ 39.2543735, -6.8191116 ], [ 39.2545874, -6.8189529 ], [ 39.2547848, -6.8187739 ], [ 39.2549636, -6.8185765 ], [ 39.2551222, -6.8183625 ], [ 39.255259, -6.818134 ], [ 39.2553728, -6.8178932 ], [ 39.2554625, -6.8176424 ], [ 39.2555271, -6.817384 ], [ 39.255566, -6.8171206 ], [ 39.255579, -6.8168546 ], [ 39.2555657, -6.8165886 ], [ 39.2555265, -6.8163252 ], [ 39.2554616, -6.8160669 ], [ 39.2553717, -6.8158162 ], [ 39.2552577, -6.8155755 ], [ 39.2551206, -6.8153471 ], [ 39.2549618, -6.8151333 ], [ 39.2547827, -6.8149361 ], [ 39.2545852, -6.8147573 ], [ 39.2543711, -6.8145988 ], [ 39.2541425, -6.814462 ], [ 39.2539016, -6.8143482 ], [ 39.2536507, -6.8142587 ], [ 39.2533922, -6.8141941 ], [ 39.2531286, -6.8141551 ], [ 39.2528625, -6.8141422 ], [ 39.2525964, -6.8141554 ], [ 39.2523328, -6.8141946 ], [ 39.2520744, -6.8142595 ], [ 39.2518236, -6.8143493 ], [ 39.2515828, -6.8144633 ], [ 39.2513543, -6.8146004 ], [ 39.2511404, -6.8147591 ], [ 39.251134, -6.8147649 ], [ 39.250969, -6.8147569 ], [ 39.2507029, -6.8147701 ], [ 39.2504393, -6.8148093 ], [ 39.2504322, -6.8148111 ], [ 39.2503992, -6.8148062 ], [ 39.2501331, -6.8147933 ], [ 39.249867, -6.8148065 ], [ 39.2496034, -6.8148457 ], [ 39.249345, -6.8149106 ], [ 39.2490942, -6.8150004 ], [ 39.2488534, -6.8151144 ], [ 39.2486249, -6.8152514 ], [ 39.248411, -6.8154102 ], [ 39.2482137, -6.8155892 ], [ 39.2480348, -6.8157866 ], [ 39.2478762, -6.8160006 ], [ 39.2477394, -6.8162291 ], [ 39.2476256, -6.8164699 ], [ 39.2475359, -6.8167207 ], [ 39.2474713, -6.816979 ], [ 39.2474324, -6.8172425 ], [ 39.2474194, -6.8175085 ], [ 39.2474326, -6.8177745 ], [ 39.2474719, -6.8180379 ], [ 39.2475367, -6.8182962 ], [ 39.2476266, -6.8185469 ], [ 39.2477407, -6.8187876 ], [ 39.2478778, -6.819016 ], [ 39.2480366, -6.8192298 ], [ 39.2482156, -6.819427 ], [ 39.2484132, -6.8196058 ], [ 39.2486273, -6.8197643 ], [ 39.2488559, -6.8199011 ] ] ], [ [ [ 39.2425484, -6.8108501 ], [ 39.2427272, -6.8106527 ], [ 39.2428858, -6.8104387 ], [ 39.2430227, -6.8102102 ], [ 39.2431365, -6.8099694 ], [ 39.2432261, -6.8097186 ], [ 39.2432907, -6.8094602 ], [ 39.2433297, -6.8091967 ], [ 39.2433426, -6.8089307 ], [ 39.2433294, -6.8086648 ], [ 39.2432902, -6.8084013 ], [ 39.2432253, -6.808143 ], [ 39.2431354, -6.8078923 ], [ 39.2430214, -6.8076516 ], [ 39.2428843, -6.8074233 ], [ 39.2427255, -6.8072094 ], [ 39.2425464, -6.8070122 ], [ 39.2423489, -6.8068335 ], [ 39.2421349, -6.8066749 ], [ 39.2419063, -6.8065381 ], [ 39.2416653, -6.8064244 ], [ 39.2414144, -6.8063348 ], [ 39.2411559, -6.8062702 ], [ 39.2408924, -6.8062312 ], [ 39.2406262, -6.8062183 ], [ 39.2403601, -6.8062315 ], [ 39.2400966, -6.8062707 ], [ 39.2398382, -6.8063356 ], [ 39.2395874, -6.8064254 ], [ 39.2393466, -6.8065394 ], [ 39.2391181, -6.8066764 ], [ 39.2389042, -6.8068352 ], [ 39.2387068, -6.8070141 ], [ 39.238528, -6.8072115 ], [ 39.2383694, -6.8074255 ], [ 39.2382325, -6.807654 ], [ 39.2381187, -6.8078948 ], [ 39.2380291, -6.8081456 ], [ 39.2379645, -6.808404 ], [ 39.2379255, -6.8086674 ], [ 39.2379126, -6.8089334 ], [ 39.2379258, -6.8091994 ], [ 39.237965, -6.8094629 ], [ 39.2380299, -6.8097212 ], [ 39.2381198, -6.8099719 ], [ 39.2382338, -6.8102126 ], [ 39.2383709, -6.8104409 ], [ 39.2385297, -6.8106547 ], [ 39.2387087, -6.810852 ], [ 39.2389062, -6.8110307 ], [ 39.2391203, -6.8111893 ], [ 39.2393489, -6.8113261 ], [ 39.2395898, -6.8114398 ], [ 39.2398408, -6.8115294 ], [ 39.2400992, -6.811594 ], [ 39.2403628, -6.811633 ], [ 39.240629, -6.8116459 ], [ 39.2408951, -6.8116327 ], [ 39.2411586, -6.8115935 ], [ 39.241417, -6.8115286 ], [ 39.2416678, -6.8114388 ], [ 39.2419087, -6.8113248 ], [ 39.2421371, -6.8111878 ], [ 39.242351, -6.811029 ], [ 39.2425484, -6.8108501 ] ] ], [ [ [ 39.2372268, -6.8035739 ], [ 39.2374057, -6.8033765 ], [ 39.2375643, -6.8031625 ], [ 39.2377011, -6.802934 ], [ 39.2378149, -6.8026932 ], [ 39.2379046, -6.8024424 ], [ 39.2379692, -6.802184 ], [ 39.2380081, -6.8019206 ], [ 39.2380211, -6.8016546 ], [ 39.2380079, -6.8013886 ], [ 39.2379687, -6.8011252 ], [ 39.2379038, -6.8008669 ], [ 39.2378139, -6.8006162 ], [ 39.2376999, -6.8003755 ], [ 39.2375628, -6.8001471 ], [ 39.237404, -6.7999333 ], [ 39.2372249, -6.799736 ], [ 39.2370661, -6.7995922 ], [ 39.2370958, -6.7995089 ], [ 39.2371605, -6.7992505 ], [ 39.2371994, -6.7989871 ], [ 39.2372124, -6.7987211 ], [ 39.2371992, -6.7984551 ], [ 39.2371599, -6.7981917 ], [ 39.2370951, -6.7979334 ], [ 39.2370258, -6.7977401 ], [ 39.2371146, -6.7978881 ], [ 39.2372735, -6.7981019 ], [ 39.2374525, -6.7982992 ], [ 39.23765, -6.7984779 ], [ 39.2378641, -6.7986365 ], [ 39.2380927, -6.7987733 ], [ 39.2383336, -6.798887 ], [ 39.2385845, -6.7989766 ], [ 39.238843, -6.7990412 ], [ 39.2391065, -6.7990802 ], [ 39.2393726, -6.7990931 ], [ 39.2396387, -6.7990799 ], [ 39.2399023, -6.7990407 ], [ 39.2401607, -6.7989758 ], [ 39.2404115, -6.798886 ], [ 39.2406523, -6.798772 ], [ 39.2408808, -6.798635 ], [ 39.2410947, -6.7984762 ], [ 39.241292, -6.7982973 ], [ 39.2414708, -6.7980999 ], [ 39.2416295, -6.7978859 ], [ 39.2417663, -6.7976574 ], [ 39.2418801, -6.7974166 ], [ 39.2419697, -6.7971658 ], [ 39.2420343, -6.7969074 ], [ 39.2420733, -6.796644 ], [ 39.2420863, -6.796378 ], [ 39.242073, -6.796112 ], [ 39.2420338, -6.7958485 ], [ 39.241969, -6.7955902 ], [ 39.2418791, -6.7953395 ], [ 39.241765, -6.7950988 ], [ 39.2416279, -6.7948705 ], [ 39.2414691, -6.7946566 ], [ 39.2412901, -6.7944594 ], [ 39.2410926, -6.7942807 ], [ 39.2408785, -6.7941221 ], [ 39.2406499, -6.7939853 ], [ 39.240409, -6.7938716 ], [ 39.2401581, -6.793782 ], [ 39.2398996, -6.7937174 ], [ 39.2396361, -6.7936784 ], [ 39.23937, -6.7936655 ], [ 39.2391039, -6.7936787 ], [ 39.2388403, -6.7937179 ], [ 39.2385819, -6.7937828 ], [ 39.2383311, -6.7938726 ], [ 39.2380903, -6.7939866 ], [ 39.2378618, -6.7941236 ], [ 39.2376479, -6.7942824 ], [ 39.2374506, -6.7944613 ], [ 39.2372718, -6.7946587 ], [ 39.2371132, -6.7948727 ], [ 39.2369763, -6.7951012 ], [ 39.2368625, -6.795342 ], [ 39.2367729, -6.7955928 ], [ 39.2367083, -6.7958512 ], [ 39.2366693, -6.7961146 ], [ 39.2366563, -6.7963806 ], [ 39.2366696, -6.7966466 ], [ 39.2367088, -6.79691 ], [ 39.2367736, -6.7971683 ], [ 39.2368429, -6.7973616 ], [ 39.2367541, -6.7972136 ], [ 39.2365953, -6.7969998 ], [ 39.2364162, -6.7968025 ], [ 39.2362187, -6.7966238 ], [ 39.2360047, -6.7964652 ], [ 39.2357761, -6.7963284 ], [ 39.2355352, -6.7962147 ], [ 39.2352843, -6.7961251 ], [ 39.2350258, -6.7960605 ], [ 39.2347622, -6.7960215 ], [ 39.2344961, -6.7960086 ], [ 39.23423, -6.7960218 ], [ 39.2339664, -6.796061 ], [ 39.233708, -6.7961258 ], [ 39.2334572, -6.7962157 ], [ 39.2332164, -6.7963297 ], [ 39.232988, -6.7964667 ], [ 39.232774, -6.7966254 ], [ 39.2325767, -6.7968044 ], [ 39.2323979, -6.7970018 ], [ 39.2322393, -6.7972158 ], [ 39.2322348, -6.7972232 ], [ 39.2321923, -6.7971334 ], [ 39.2320552, -6.796905 ], [ 39.2318964, -6.7966912 ], [ 39.2317174, -6.7964939 ], [ 39.2315199, -6.7963152 ], [ 39.2313058, -6.7961566 ], [ 39.2310772, -6.7960198 ], [ 39.2308363, -6.7959061 ], [ 39.2305854, -6.7958165 ], [ 39.2303269, -6.7957519 ], [ 39.2300633, -6.795713 ], [ 39.2297972, -6.7957 ], [ 39.2295311, -6.7957132 ], [ 39.2292676, -6.7957524 ], [ 39.2290092, -6.7958172 ], [ 39.2287583, -6.7959071 ], [ 39.2285175, -6.7960211 ], [ 39.2282891, -6.7961581 ], [ 39.2280752, -6.7963168 ], [ 39.2278778, -6.7964958 ], [ 39.227699, -6.7966932 ], [ 39.2275404, -6.7969072 ], [ 39.2274035, -6.7971357 ], [ 39.2272897, -6.7973765 ], [ 39.2272001, -6.7976273 ], [ 39.2271355, -6.7978856 ], [ 39.2270965, -6.7981491 ], [ 39.2270835, -6.7984151 ], [ 39.2270967, -6.7986811 ], [ 39.227136, -6.7989445 ], [ 39.2272008, -6.7992028 ], [ 39.2272907, -6.7994535 ], [ 39.2274047, -6.7996942 ], [ 39.2275418, -6.7999226 ], [ 39.2277006, -6.8001364 ], [ 39.2278796, -6.8003336 ], [ 39.2280771, -6.8005124 ], [ 39.2282912, -6.8006709 ], [ 39.2285198, -6.8008078 ], [ 39.2287607, -6.8009215 ], [ 39.2290116, -6.8010111 ], [ 39.2292701, -6.8010757 ], [ 39.2295337, -6.8011146 ], [ 39.2297998, -6.8011276 ], [ 39.2300659, -6.8011144 ], [ 39.2303294, -6.8010752 ], [ 39.2305879, -6.8010104 ], [ 39.2308387, -6.8009205 ], [ 39.2310795, -6.8008065 ], [ 39.2313079, -6.8006695 ], [ 39.2315219, -6.8005108 ], [ 39.2317192, -6.8003318 ], [ 39.231898, -6.8001344 ], [ 39.2320566, -6.7999204 ], [ 39.2320611, -6.799913 ], [ 39.2321036, -6.8000028 ], [ 39.2322407, -6.8002312 ], [ 39.2323995, -6.800445 ], [ 39.2325786, -6.8006423 ], [ 39.2327374, -6.8007861 ], [ 39.2327076, -6.8008694 ], [ 39.232643, -6.8011278 ], [ 39.2326041, -6.8013912 ], [ 39.2325911, -6.8016572 ], [ 39.2326043, -6.8019232 ], [ 39.2326435, -6.8021866 ], [ 39.2327084, -6.8024449 ], [ 39.2327983, -6.8026956 ], [ 39.2329123, -6.8029363 ], [ 39.2330494, -6.8031647 ], [ 39.2332082, -6.8033785 ], [ 39.2333872, -6.8035758 ], [ 39.2335847, -6.8037545 ], [ 39.2337988, -6.8039131 ], [ 39.2340274, -6.8040499 ], [ 39.2342683, -6.8041636 ], [ 39.2345192, -6.8042532 ], [ 39.2347777, -6.8043178 ], [ 39.2350413, -6.8043568 ], [ 39.2353074, -6.8043697 ], [ 39.2355735, -6.8043565 ], [ 39.2358371, -6.8043173 ], [ 39.2360955, -6.8042524 ], [ 39.2363463, -6.8041626 ], [ 39.2365871, -6.8040486 ], [ 39.2368156, -6.8039116 ], [ 39.2370295, -6.8037528 ], [ 39.2372268, -6.8035739 ] ] ], [ [ [ 39.2488555, -6.7986385 ], [ 39.2490344, -6.798441 ], [ 39.249193, -6.798227 ], [ 39.2493298, -6.7979985 ], [ 39.2494436, -6.7977577 ], [ 39.2495333, -6.7975069 ], [ 39.2495979, -6.7972486 ], [ 39.2496368, -6.7969851 ], [ 39.2496498, -6.7967191 ], [ 39.2496365, -6.7964531 ], [ 39.2495973, -6.7961897 ], [ 39.2495324, -6.7959314 ], [ 39.2494426, -6.7956807 ], [ 39.2493285, -6.79544 ], [ 39.2491914, -6.7952116 ], [ 39.2490326, -6.7949978 ], [ 39.2488536, -6.7948006 ], [ 39.2486561, -6.7946218 ], [ 39.248442, -6.7944633 ], [ 39.2482134, -6.7943265 ], [ 39.2479725, -6.7942128 ], [ 39.2477216, -6.7941232 ], [ 39.2474631, -6.7940586 ], [ 39.2471995, -6.7940196 ], [ 39.2469334, -6.7940067 ], [ 39.2466673, -6.7940199 ], [ 39.2464038, -6.7940591 ], [ 39.2461454, -6.794124 ], [ 39.2458946, -6.7942138 ], [ 39.2456538, -6.7943278 ], [ 39.2454253, -6.7944648 ], [ 39.2452114, -6.7946236 ], [ 39.2450141, -6.7948025 ], [ 39.2448352, -6.795 ], [ 39.2446766, -6.7952139 ], [ 39.2445398, -6.7954424 ], [ 39.244426, -6.7956833 ], [ 39.2443364, -6.795934 ], [ 39.2442717, -6.7961924 ], [ 39.2442328, -6.7964559 ], [ 39.2442198, -6.7967219 ], [ 39.2442331, -6.7969879 ], [ 39.2442723, -6.7972513 ], [ 39.2443371, -6.7975096 ], [ 39.244427, -6.7977603 ], [ 39.2445411, -6.798001 ], [ 39.2446782, -6.7982293 ], [ 39.244837, -6.7984432 ], [ 39.245016, -6.7986404 ], [ 39.2452135, -6.7988192 ], [ 39.2454276, -6.7989777 ], [ 39.2456562, -6.7991145 ], [ 39.2458971, -6.7992282 ], [ 39.246148, -6.7993178 ], [ 39.2464065, -6.7993824 ], [ 39.2466701, -6.7994214 ], [ 39.2469362, -6.7994343 ], [ 39.2472023, -6.7994211 ], [ 39.2474658, -6.7993819 ], [ 39.2477242, -6.799317 ], [ 39.2479751, -6.7992272 ], [ 39.2482158, -6.7991132 ], [ 39.2484443, -6.7989762 ], [ 39.2486582, -6.7988174 ], [ 39.2488555, -6.7986385 ] ] ], [ [ [ 39.2522115, -6.7896405 ], [ 39.2523701, -6.7894265 ], [ 39.252507, -6.789198 ], [ 39.2526208, -6.7889572 ], [ 39.2527104, -6.7887064 ], [ 39.252775, -6.7884481 ], [ 39.252814, -6.7881846 ], [ 39.2528269, -6.7879186 ], [ 39.2528137, -6.7876526 ], [ 39.2527745, -6.7873892 ], [ 39.2527096, -6.7871309 ], [ 39.2526197, -6.7868802 ], [ 39.2525057, -6.7866395 ], [ 39.2525028, -6.7866346 ], [ 39.2524949, -6.786618 ], [ 39.2523578, -6.7863896 ], [ 39.252199, -6.7861758 ], [ 39.2520199, -6.7859786 ], [ 39.2518224, -6.7857998 ], [ 39.2516083, -6.7856413 ], [ 39.2513798, -6.7855045 ], [ 39.2511388, -6.7853908 ], [ 39.250888, -6.7853012 ], [ 39.2506295, -6.7852366 ], [ 39.2503659, -6.7851976 ], [ 39.2500998, -6.7851847 ], [ 39.2498337, -6.7851979 ], [ 39.2495702, -6.7852371 ], [ 39.2493118, -6.785302 ], [ 39.249061, -6.7853918 ], [ 39.2488202, -6.7855058 ], [ 39.2485917, -6.7856428 ], [ 39.2483778, -6.7858016 ], [ 39.2481805, -6.7859805 ], [ 39.2480017, -6.786178 ], [ 39.2478431, -6.786392 ], [ 39.2477062, -6.7866205 ], [ 39.2475924, -6.7868613 ], [ 39.2475028, -6.7871121 ], [ 39.2474382, -6.7873704 ], [ 39.2473992, -6.7876339 ], [ 39.2473863, -6.7878999 ], [ 39.2473995, -6.7881659 ], [ 39.2474387, -6.7884293 ], [ 39.2475036, -6.7886876 ], [ 39.2475935, -6.7889383 ], [ 39.2477075, -6.789179 ], [ 39.2477104, -6.7891838 ], [ 39.2477183, -6.7892005 ], [ 39.2478554, -6.7894289 ], [ 39.2480142, -6.7896427 ], [ 39.2481933, -6.7898399 ], [ 39.2483908, -6.7900187 ], [ 39.2486048, -6.7901772 ], [ 39.2488334, -6.790314 ], [ 39.2490743, -6.7904277 ], [ 39.2493252, -6.7905173 ], [ 39.2495837, -6.7905819 ], [ 39.2498473, -6.7906209 ], [ 39.2501134, -6.7906338 ], [ 39.2503795, -6.7906206 ], [ 39.250643, -6.7905814 ], [ 39.2509014, -6.7905165 ], [ 39.2511522, -6.7904267 ], [ 39.251393, -6.7903127 ], [ 39.2516215, -6.7901757 ], [ 39.2518354, -6.7900169 ], [ 39.2520327, -6.7898379 ], [ 39.2522115, -6.7896405 ] ] ], [ [ [ 39.2730915, -6.8477208 ], [ 39.2732704, -6.8475234 ], [ 39.273429, -6.8473094 ], [ 39.2735658, -6.8470809 ], [ 39.2736796, -6.8468401 ], [ 39.2737693, -6.8465893 ], [ 39.2738339, -6.8463309 ], [ 39.2738728, -6.8460675 ], [ 39.2738857, -6.8458015 ], [ 39.2738725, -6.8455355 ], [ 39.2738332, -6.8452721 ], [ 39.2737684, -6.8450138 ], [ 39.2736784, -6.8447631 ], [ 39.2735644, -6.8445224 ], [ 39.2734273, -6.844294 ], [ 39.2732684, -6.8440802 ], [ 39.2730894, -6.843883 ], [ 39.2728918, -6.8437042 ], [ 39.2726777, -6.8435457 ], [ 39.2724491, -6.8434089 ], [ 39.2722082, -6.8432952 ], [ 39.2719572, -6.8432056 ], [ 39.2716987, -6.8431411 ], [ 39.2714351, -6.8431021 ], [ 39.271169, -6.8430892 ], [ 39.2709028, -6.8431024 ], [ 39.2706393, -6.8431417 ], [ 39.2703809, -6.8432065 ], [ 39.27013, -6.8432964 ], [ 39.2698892, -6.8434104 ], [ 39.2696607, -6.8435474 ], [ 39.2694468, -6.8437062 ], [ 39.2692495, -6.8438851 ], [ 39.2690706, -6.8440826 ], [ 39.268912, -6.8442966 ], [ 39.2687752, -6.8445251 ], [ 39.2686614, -6.8447659 ], [ 39.2685718, -6.8450167 ], [ 39.2685072, -6.8452751 ], [ 39.2684682, -6.8455385 ], [ 39.2684553, -6.8458045 ], [ 39.2684685, -6.8460705 ], [ 39.2685077, -6.8463339 ], [ 39.2685726, -6.8465922 ], [ 39.2686625, -6.8468429 ], [ 39.2687766, -6.8470836 ], [ 39.2689137, -6.847312 ], [ 39.2690726, -6.8475258 ], [ 39.2692516, -6.847723 ], [ 39.2694492, -6.8479017 ], [ 39.2696633, -6.8480603 ], [ 39.2698919, -6.8481971 ], [ 39.2701328, -6.8483108 ], [ 39.2703838, -6.8484004 ], [ 39.2706423, -6.8484649 ], [ 39.2709059, -6.8485039 ], [ 39.271172, -6.8485168 ], [ 39.2714382, -6.8485036 ], [ 39.2717017, -6.8484643 ], [ 39.2719602, -6.8483995 ], [ 39.272211, -6.8483096 ], [ 39.2724518, -6.8481956 ], [ 39.2726803, -6.8480586 ], [ 39.2728942, -6.8478998 ], [ 39.2730915, -6.8477208 ] ] ], [ [ [ 39.2674011, -6.8309211 ], [ 39.2675799, -6.8307236 ], [ 39.2677385, -6.8305096 ], [ 39.2678753, -6.8302811 ], [ 39.2679891, -6.8300403 ], [ 39.2680788, -6.8297895 ], [ 39.2681434, -6.8295312 ], [ 39.2681823, -6.8292677 ], [ 39.2681952, -6.8290017 ], [ 39.268182, -6.8287357 ], [ 39.2681428, -6.8284723 ], [ 39.2680779, -6.828214 ], [ 39.267988, -6.8279633 ], [ 39.2678739, -6.8277226 ], [ 39.2677368, -6.8274943 ], [ 39.267578, -6.8272804 ], [ 39.2673989, -6.8270832 ], [ 39.2672014, -6.8269045 ], [ 39.2669873, -6.8267459 ], [ 39.2667587, -6.8266092 ], [ 39.2665177, -6.8264954 ], [ 39.2662668, -6.8264058 ], [ 39.2660083, -6.8263413 ], [ 39.2657447, -6.8263023 ], [ 39.2654786, -6.8262894 ], [ 39.2652125, -6.8263026 ], [ 39.2649489, -6.8263419 ], [ 39.2646905, -6.8264067 ], [ 39.2644397, -6.8264966 ], [ 39.2641989, -6.8266106 ], [ 39.2639704, -6.8267476 ], [ 39.2637565, -6.8269064 ], [ 39.2635592, -6.8270853 ], [ 39.2633803, -6.8272827 ], [ 39.2632217, -6.8274967 ], [ 39.2630849, -6.8277252 ], [ 39.2629711, -6.8279661 ], [ 39.2628815, -6.8282169 ], [ 39.2628169, -6.8284752 ], [ 39.2627779, -6.8287387 ], [ 39.262765, -6.8290047 ], [ 39.2627782, -6.8292707 ], [ 39.2628174, -6.8295341 ], [ 39.2628823, -6.8297924 ], [ 39.2629722, -6.8300431 ], [ 39.2630863, -6.8302838 ], [ 39.2632234, -6.8305121 ], [ 39.2633822, -6.830726 ], [ 39.2635613, -6.8309232 ], [ 39.2637588, -6.8311019 ], [ 39.2639729, -6.8312605 ], [ 39.2642015, -6.8313972 ], [ 39.2644424, -6.831511 ], [ 39.2646934, -6.8316006 ], [ 39.2649519, -6.8316651 ], [ 39.2652155, -6.8317041 ], [ 39.2654816, -6.831717 ], [ 39.2657477, -6.8317038 ], [ 39.2660113, -6.8316645 ], [ 39.2662697, -6.8315997 ], [ 39.2665205, -6.8315098 ], [ 39.2667613, -6.8313958 ], [ 39.2669898, -6.8312588 ], [ 39.2672037, -6.8311 ], [ 39.2674011, -6.8309211 ] ] ], [ [ [ 39.2712099, -6.825779 ], [ 39.271476, -6.8257919 ], [ 39.2717421, -6.8257787 ], [ 39.2718349, -6.8257648 ], [ 39.2718981, -6.8258701 ], [ 39.272057, -6.8260839 ], [ 39.272236, -6.8262811 ], [ 39.2724335, -6.8264599 ], [ 39.2726476, -6.8266184 ], [ 39.2728763, -6.8267552 ], [ 39.2731172, -6.8268689 ], [ 39.2733681, -6.8269585 ], [ 39.2736266, -6.827023 ], [ 39.2738902, -6.827062 ], [ 39.2741563, -6.8270749 ], [ 39.2744225, -6.8270617 ], [ 39.274686, -6.8270224 ], [ 39.2749444, -6.8269576 ], [ 39.2751953, -6.8268677 ], [ 39.2754361, -6.8267537 ], [ 39.2756645, -6.8266167 ], [ 39.2758784, -6.8264579 ], [ 39.2760758, -6.8262789 ], [ 39.2762546, -6.8260815 ], [ 39.2764132, -6.8258675 ], [ 39.27655, -6.825639 ], [ 39.2766638, -6.8253982 ], [ 39.2767534, -6.8251474 ], [ 39.276818, -6.824889 ], [ 39.276857, -6.8246256 ], [ 39.2768699, -6.8243595 ], [ 39.2768567, -6.8240936 ], [ 39.2768174, -6.8238301 ], [ 39.2767525, -6.8235718 ], [ 39.2766626, -6.8233212 ], [ 39.2765963, -6.8231812 ], [ 39.2768302, -6.8231225 ], [ 39.2770811, -6.8230326 ], [ 39.2773219, -6.8229186 ], [ 39.2774928, -6.8228161 ], [ 39.2774568, -6.8228922 ], [ 39.2773672, -6.823143 ], [ 39.2773026, -6.8234014 ], [ 39.2772636, -6.8236649 ], [ 39.2772507, -6.8239309 ], [ 39.2772639, -6.8241969 ], [ 39.2773032, -6.8244603 ], [ 39.2773681, -6.8247186 ], [ 39.277458, -6.8249693 ], [ 39.277572, -6.8252099 ], [ 39.2777091, -6.8254383 ], [ 39.277868, -6.8256521 ], [ 39.278047, -6.8258493 ], [ 39.2782446, -6.8260281 ], [ 39.2784587, -6.8261866 ], [ 39.2786873, -6.8263234 ], [ 39.2789282, -6.8264371 ], [ 39.2791792, -6.8265267 ], [ 39.2794377, -6.8265912 ], [ 39.2797012, -6.8266302 ], [ 39.2799674, -6.8266431 ], [ 39.2802335, -6.8266299 ], [ 39.280497, -6.8265906 ], [ 39.2807555, -6.8265258 ], [ 39.2810063, -6.8264359 ], [ 39.2812471, -6.8263219 ], [ 39.2814755, -6.8261848 ], [ 39.2816895, -6.8260261 ], [ 39.2818868, -6.8258471 ], [ 39.2820656, -6.8256497 ], [ 39.2822242, -6.8254357 ], [ 39.2823611, -6.8252072 ], [ 39.2824748, -6.8249664 ], [ 39.2825644, -6.8247156 ], [ 39.282629, -6.8244572 ], [ 39.282668, -6.8241937 ], [ 39.2826809, -6.8239277 ], [ 39.2826677, -6.8236617 ], [ 39.2826284, -6.8233983 ], [ 39.2825635, -6.82314 ], [ 39.2824736, -6.8228893 ], [ 39.2823596, -6.8226486 ], [ 39.2822224, -6.8224203 ], [ 39.2820636, -6.8222065 ], [ 39.2818845, -6.8220093 ], [ 39.281687, -6.8218305 ], [ 39.2814729, -6.821672 ], [ 39.2812443, -6.8215352 ], [ 39.2810034, -6.8214215 ], [ 39.2807524, -6.8213319 ], [ 39.2804939, -6.8212674 ], [ 39.2802304, -6.8212284 ], [ 39.2799642, -6.8212155 ], [ 39.2796981, -6.8212287 ], [ 39.2794346, -6.821268 ], [ 39.2791761, -6.8213328 ], [ 39.2789253, -6.8214227 ], [ 39.2786845, -6.8215367 ], [ 39.2785136, -6.8216392 ], [ 39.2785496, -6.8215631 ], [ 39.2786392, -6.8213123 ], [ 39.2787038, -6.8210539 ], [ 39.2787428, -6.8207904 ], [ 39.2787557, -6.8205244 ], [ 39.2787425, -6.8202585 ], [ 39.2787032, -6.819995 ], [ 39.2786383, -6.8197367 ], [ 39.2785484, -6.819486 ], [ 39.2784343, -6.8192454 ], [ 39.2782972, -6.819017 ], [ 39.2781384, -6.8188032 ], [ 39.2779593, -6.818606 ], [ 39.2777618, -6.8184272 ], [ 39.2775477, -6.8182687 ], [ 39.2773191, -6.8181319 ], [ 39.2770782, -6.8180182 ], [ 39.2768273, -6.8179286 ], [ 39.2765688, -6.8178641 ], [ 39.2763472, -6.8178313 ], [ 39.2763656, -6.8178066 ], [ 39.2765024, -6.8175781 ], [ 39.2766162, -6.8173373 ], [ 39.2767058, -6.8170865 ], [ 39.2767704, -6.8168281 ], [ 39.2768093, -6.8165647 ], [ 39.2768223, -6.8162987 ], [ 39.276809, -6.8160327 ], [ 39.2767698, -6.8157692 ], [ 39.2767049, -6.815511 ], [ 39.276615, -6.8152603 ], [ 39.2765009, -6.8150196 ], [ 39.2763638, -6.8147912 ], [ 39.276307, -6.8147148 ], [ 39.2762726, -6.8145777 ], [ 39.2761827, -6.814327 ], [ 39.2760686, -6.8140863 ], [ 39.2759315, -6.8138579 ], [ 39.2757727, -6.8136441 ], [ 39.2755936, -6.8134469 ], [ 39.2753961, -6.8132681 ], [ 39.275182, -6.8131096 ], [ 39.2749534, -6.8129728 ], [ 39.2747125, -6.8128591 ], [ 39.2744616, -6.8127695 ], [ 39.2742031, -6.812705 ], [ 39.2739395, -6.812666 ], [ 39.2736734, -6.8126531 ], [ 39.2734072, -6.8126663 ], [ 39.2731437, -6.8127056 ], [ 39.2729275, -6.8127598 ], [ 39.272888, -6.8127306 ], [ 39.2726594, -6.8125938 ], [ 39.2724185, -6.8124801 ], [ 39.2721676, -6.8123905 ], [ 39.2719091, -6.812326 ], [ 39.2716455, -6.812287 ], [ 39.2713794, -6.8122741 ], [ 39.2711133, -6.8122873 ], [ 39.2708497, -6.8123266 ], [ 39.2705913, -6.8123914 ], [ 39.2703405, -6.8124813 ], [ 39.2700997, -6.8125953 ], [ 39.2698712, -6.8127323 ], [ 39.2696573, -6.8128911 ], [ 39.26946, -6.81307 ], [ 39.2692812, -6.8132675 ], [ 39.2692547, -6.8133033 ], [ 39.2692356, -6.8133205 ], [ 39.2690568, -6.813518 ], [ 39.2689687, -6.8136368 ], [ 39.2688971, -6.8136475 ], [ 39.2686387, -6.8137123 ], [ 39.2683879, -6.8138022 ], [ 39.2681471, -6.8139162 ], [ 39.2679186, -6.8140532 ], [ 39.2677047, -6.814212 ], [ 39.2675074, -6.8143909 ], [ 39.2673286, -6.8145884 ], [ 39.26717, -6.8148024 ], [ 39.2670331, -6.8150309 ], [ 39.2669193, -6.8152717 ], [ 39.2668297, -6.8155225 ], [ 39.2667651, -6.8157808 ], [ 39.2667262, -6.8160443 ], [ 39.2667132, -6.8163103 ], [ 39.2667265, -6.8165763 ], [ 39.2667657, -6.8168397 ], [ 39.2668306, -6.817098 ], [ 39.2669205, -6.8173487 ], [ 39.2670345, -6.8175894 ], [ 39.2671716, -6.8178177 ], [ 39.2673305, -6.8180316 ], [ 39.2675095, -6.8182288 ], [ 39.267707, -6.8184075 ], [ 39.2679211, -6.8185661 ], [ 39.2681498, -6.8187029 ], [ 39.2683907, -6.8188166 ], [ 39.2686416, -6.8189062 ], [ 39.2689001, -6.8189707 ], [ 39.2691637, -6.8190097 ], [ 39.2694298, -6.8190226 ], [ 39.2696959, -6.8190094 ], [ 39.2699595, -6.8189701 ], [ 39.2702179, -6.8189053 ], [ 39.2704687, -6.8188154 ], [ 39.2707095, -6.8187014 ], [ 39.270938, -6.8185644 ], [ 39.2711519, -6.8184056 ], [ 39.2713492, -6.8182267 ], [ 39.271528, -6.8180292 ], [ 39.2716161, -6.8179104 ], [ 39.2716877, -6.8178997 ], [ 39.2718817, -6.8178511 ], [ 39.2720094, -6.818023 ], [ 39.2721884, -6.8182202 ], [ 39.272386, -6.818399 ], [ 39.2725414, -6.8185141 ], [ 39.2724587, -6.8185892 ], [ 39.2722798, -6.8187866 ], [ 39.2721212, -6.8190006 ], [ 39.2719844, -6.8192291 ], [ 39.2718706, -6.8194699 ], [ 39.271781, -6.8197207 ], [ 39.2717164, -6.8199791 ], [ 39.2716774, -6.8202425 ], [ 39.2716711, -6.8203739 ], [ 39.271473, -6.8203643 ], [ 39.2712069, -6.8203775 ], [ 39.2709433, -6.8204168 ], [ 39.2706849, -6.8204816 ], [ 39.2704341, -6.8205715 ], [ 39.2701933, -6.8206855 ], [ 39.2699648, -6.8208225 ], [ 39.2697509, -6.8209813 ], [ 39.2695536, -6.8211602 ], [ 39.2693747, -6.8213577 ], [ 39.2692161, -6.8215717 ], [ 39.2690793, -6.8218002 ], [ 39.2689655, -6.822041 ], [ 39.2688759, -6.8222918 ], [ 39.2688113, -6.8225502 ], [ 39.2687723, -6.8228136 ], [ 39.2687594, -6.8230796 ], [ 39.2687726, -6.8233456 ], [ 39.2688119, -6.823609 ], [ 39.2688768, -6.8238673 ], [ 39.2689667, -6.824118 ], [ 39.2690807, -6.8243587 ], [ 39.2692178, -6.8245871 ], [ 39.2693767, -6.8248009 ], [ 39.2695557, -6.8249981 ], [ 39.2697532, -6.8251768 ], [ 39.2699673, -6.8253354 ], [ 39.270196, -6.8254722 ], [ 39.2704369, -6.8255859 ], [ 39.2706878, -6.8256755 ], [ 39.2709463, -6.82574 ], [ 39.2712099, -6.825779 ] ] ], [ [ [ 39.2606892, -6.8100673 ], [ 39.2608478, -6.8098533 ], [ 39.2609846, -6.8096248 ], [ 39.2610984, -6.809384 ], [ 39.261188, -6.8091332 ], [ 39.2612526, -6.8088748 ], [ 39.2612916, -6.8086113 ], [ 39.2613045, -6.8083453 ], [ 39.2612913, -6.8080794 ], [ 39.2612521, -6.8078159 ], [ 39.2611872, -6.8075576 ], [ 39.2610973, -6.8073069 ], [ 39.2609832, -6.8070662 ], [ 39.2608461, -6.8068379 ], [ 39.2606873, -6.8066241 ], [ 39.2605083, -6.8064268 ], [ 39.2603108, -6.8062481 ], [ 39.2600967, -6.8060896 ], [ 39.2598681, -6.8059528 ], [ 39.2596271, -6.805839 ], [ 39.2593762, -6.8057494 ], [ 39.2591177, -6.8056849 ], [ 39.2588542, -6.8056459 ], [ 39.258588, -6.805633 ], [ 39.2583219, -6.8056462 ], [ 39.2580584, -6.8056854 ], [ 39.2578, -6.8057503 ], [ 39.2575492, -6.8058401 ], [ 39.2573084, -6.8059541 ], [ 39.2570799, -6.8060912 ], [ 39.256866, -6.8062499 ], [ 39.2566687, -6.8064289 ], [ 39.2564899, -6.8066263 ], [ 39.2563312, -6.8068403 ], [ 39.2561944, -6.8070688 ], [ 39.2560806, -6.8073096 ], [ 39.255991, -6.8075604 ], [ 39.2559264, -6.8078188 ], [ 39.2558874, -6.8080822 ], [ 39.2558745, -6.8083482 ], [ 39.2558877, -6.8086142 ], [ 39.2559269, -6.8088776 ], [ 39.2559918, -6.809136 ], [ 39.2560817, -6.8093867 ], [ 39.2561957, -6.8096273 ], [ 39.2563328, -6.8098557 ], [ 39.2564917, -6.8100695 ], [ 39.2566707, -6.8102668 ], [ 39.2568682, -6.8104455 ], [ 39.2570823, -6.810604 ], [ 39.2573109, -6.8107408 ], [ 39.2575518, -6.8108546 ], [ 39.2578028, -6.8109441 ], [ 39.2580612, -6.8110087 ], [ 39.2583248, -6.8110477 ], [ 39.258591, -6.8110606 ], [ 39.2588571, -6.8110474 ], [ 39.2591206, -6.8110082 ], [ 39.259379, -6.8109433 ], [ 39.2596298, -6.8108535 ], [ 39.2598706, -6.8107395 ], [ 39.2600991, -6.8106024 ], [ 39.260313, -6.8104437 ], [ 39.2605103, -6.8102647 ], [ 39.2606892, -6.8100673 ] ] ], [ [ [ 39.2569739, -6.8043829 ], [ 39.25724, -6.8043958 ], [ 39.2575062, -6.8043826 ], [ 39.2577697, -6.8043434 ], [ 39.2580281, -6.8042785 ], [ 39.2582789, -6.8041887 ], [ 39.2585197, -6.8040747 ], [ 39.2587482, -6.8039376 ], [ 39.2587776, -6.8039158 ], [ 39.2589591, -6.8038888 ], [ 39.2592175, -6.8038239 ], [ 39.2594683, -6.8037341 ], [ 39.2597091, -6.8036201 ], [ 39.2599376, -6.803483 ], [ 39.2601515, -6.8033243 ], [ 39.2603488, -6.8031453 ], [ 39.2605276, -6.8029479 ], [ 39.2606862, -6.8027339 ], [ 39.2608231, -6.8025054 ], [ 39.2609369, -6.8022646 ], [ 39.2610265, -6.8020138 ], [ 39.2610911, -6.8017554 ], [ 39.26113, -6.8014919 ], [ 39.261143, -6.8012259 ], [ 39.2611298, -6.80096 ], [ 39.2610905, -6.8006965 ], [ 39.2610256, -6.8004382 ], [ 39.2609357, -6.8001875 ], [ 39.2609035, -6.8001195 ], [ 39.2608779, -6.7999476 ], [ 39.260813, -6.7996893 ], [ 39.2607231, -6.7994386 ], [ 39.2606091, -6.7991979 ], [ 39.260472, -6.7989696 ], [ 39.2603132, -6.7987558 ], [ 39.2602212, -6.7986544 ], [ 39.2602101, -6.7984321 ], [ 39.2601709, -6.7981686 ], [ 39.260106, -6.7979103 ], [ 39.2600161, -6.7976596 ], [ 39.2599021, -6.797419 ], [ 39.259765, -6.7971906 ], [ 39.2596062, -6.7969768 ], [ 39.2594271, -6.7967795 ], [ 39.2592296, -6.7966008 ], [ 39.2590155, -6.7964423 ], [ 39.2587869, -6.7963055 ], [ 39.258546, -6.7961917 ], [ 39.2582951, -6.7961022 ], [ 39.2580366, -6.7960376 ], [ 39.2577731, -6.7959986 ], [ 39.257507, -6.7959857 ], [ 39.2572409, -6.7959989 ], [ 39.2569773, -6.7960381 ], [ 39.2567189, -6.796103 ], [ 39.2564681, -6.7961928 ], [ 39.2562273, -6.7963068 ], [ 39.2559989, -6.7964439 ], [ 39.2557849, -6.7966026 ], [ 39.2555876, -6.7967816 ], [ 39.2554088, -6.796979 ], [ 39.2552502, -6.797193 ], [ 39.2551133, -6.7974215 ], [ 39.255076, -6.7975006 ], [ 39.255064, -6.7975205 ], [ 39.2549503, -6.7977613 ], [ 39.2548606, -6.7980121 ], [ 39.254796, -6.7982705 ], [ 39.2547571, -6.7985339 ], [ 39.2547441, -6.7987999 ], [ 39.2547574, -6.7990659 ], [ 39.2547966, -6.7993293 ], [ 39.2548615, -6.7995876 ], [ 39.2549513, -6.7998383 ], [ 39.2550601, -6.8000679 ], [ 39.2549804, -6.8001755 ], [ 39.2548435, -6.800404 ], [ 39.2547297, -6.8006448 ], [ 39.2546401, -6.8008956 ], [ 39.2545755, -6.801154 ], [ 39.2545366, -6.8014174 ], [ 39.2545236, -6.8016834 ], [ 39.2545368, -6.8019494 ], [ 39.2545761, -6.8022128 ], [ 39.2546409, -6.8024711 ], [ 39.2547308, -6.8027218 ], [ 39.2548449, -6.8029625 ], [ 39.254982, -6.8031909 ], [ 39.2551408, -6.8034047 ], [ 39.2553198, -6.803602 ], [ 39.2555173, -6.8037807 ], [ 39.2557314, -6.8039392 ], [ 39.25596, -6.804076 ], [ 39.256201, -6.8041898 ], [ 39.2564519, -6.8042793 ], [ 39.2567103, -6.8043439 ], [ 39.2569739, -6.8043829 ] ] ], [ [ [ 39.2686772, -6.8013628 ], [ 39.2688561, -6.8011653 ], [ 39.2690146, -6.8009513 ], [ 39.2691515, -6.8007228 ], [ 39.2692653, -6.800482 ], [ 39.2693549, -6.8002312 ], [ 39.2694195, -6.7999729 ], [ 39.2694584, -6.7997094 ], [ 39.2694714, -6.7994434 ], [ 39.2694581, -6.7991774 ], [ 39.2694189, -6.798914 ], [ 39.269354, -6.7986557 ], [ 39.2692641, -6.798405 ], [ 39.2691501, -6.7981643 ], [ 39.269013, -6.797936 ], [ 39.2688541, -6.7977221 ], [ 39.2688004, -6.797663 ], [ 39.2689152, -6.7975362 ], [ 39.2690738, -6.7973222 ], [ 39.2692107, -6.7970937 ], [ 39.2693245, -6.7968529 ], [ 39.2694141, -6.7966021 ], [ 39.2694787, -6.7963438 ], [ 39.2695176, -6.7960803 ], [ 39.2695305, -6.7958143 ], [ 39.2695173, -6.7955483 ], [ 39.2694781, -6.7952849 ], [ 39.2694132, -6.7950266 ], [ 39.2693233, -6.7947759 ], [ 39.2692093, -6.7945352 ], [ 39.2690722, -6.7943069 ], [ 39.2689133, -6.794093 ], [ 39.2687343, -6.7938958 ], [ 39.2685368, -6.7937171 ], [ 39.2683227, -6.7935585 ], [ 39.2680941, -6.7934218 ], [ 39.2678532, -6.793308 ], [ 39.2676023, -6.7932184 ], [ 39.2673438, -6.7931539 ], [ 39.2670802, -6.7931149 ], [ 39.2668141, -6.793102 ], [ 39.266548, -6.7931152 ], [ 39.2662845, -6.7931545 ], [ 39.2660261, -6.7932193 ], [ 39.2657753, -6.7933092 ], [ 39.2655345, -6.7934232 ], [ 39.265306, -6.7935602 ], [ 39.2650921, -6.793719 ], [ 39.2648948, -6.7938979 ], [ 39.264716, -6.7940953 ], [ 39.2645574, -6.7943093 ], [ 39.2644205, -6.7945378 ], [ 39.2643068, -6.7947787 ], [ 39.2642171, -6.7950295 ], [ 39.2641525, -6.7952878 ], [ 39.2641136, -6.7955513 ], [ 39.2641007, -6.7958173 ], [ 39.2641139, -6.7960833 ], [ 39.2641531, -6.7963467 ], [ 39.264218, -6.796605 ], [ 39.2643079, -6.7968557 ], [ 39.2644219, -6.7970964 ], [ 39.264559, -6.7973247 ], [ 39.2647179, -6.7975386 ], [ 39.2647716, -6.7975977 ], [ 39.2646568, -6.7977244 ], [ 39.2644982, -6.7979384 ], [ 39.2643613, -6.7981669 ], [ 39.2642475, -6.7984078 ], [ 39.2641579, -6.7986586 ], [ 39.2640933, -6.7989169 ], [ 39.2640544, -6.7991804 ], [ 39.2640414, -6.7994464 ], [ 39.2640547, -6.7997124 ], [ 39.2640939, -6.7999758 ], [ 39.2641588, -6.8002341 ], [ 39.2642487, -6.8004848 ], [ 39.2643627, -6.8007255 ], [ 39.2644998, -6.8009538 ], [ 39.2646586, -6.8011677 ], [ 39.2648377, -6.8013649 ], [ 39.2650352, -6.8015436 ], [ 39.2652493, -6.8017022 ], [ 39.2654779, -6.8018389 ], [ 39.2657188, -6.8019527 ], [ 39.2659697, -6.8020423 ], [ 39.2662282, -6.8021068 ], [ 39.2664918, -6.8021458 ], [ 39.2667579, -6.8021587 ], [ 39.267024, -6.8021455 ], [ 39.2672875, -6.8021062 ], [ 39.2675459, -6.8020414 ], [ 39.2677968, -6.8019515 ], [ 39.2680376, -6.8018375 ], [ 39.268266, -6.8017005 ], [ 39.2684799, -6.8015417 ], [ 39.2686772, -6.8013628 ] ] ], [ [ [ 39.2660218, -6.7921719 ], [ 39.2662006, -6.7919745 ], [ 39.2663592, -6.7917605 ], [ 39.266496, -6.791532 ], [ 39.2666098, -6.7912911 ], [ 39.2666994, -6.7910403 ], [ 39.266764, -6.790782 ], [ 39.266803, -6.7905185 ], [ 39.2668159, -6.7902525 ], [ 39.2668027, -6.7899865 ], [ 39.2667635, -6.7897231 ], [ 39.2666986, -6.7894648 ], [ 39.2666087, -6.7892141 ], [ 39.2664946, -6.7889734 ], [ 39.2663575, -6.7887451 ], [ 39.2661987, -6.7885312 ], [ 39.2660197, -6.788334 ], [ 39.2658222, -6.7881553 ], [ 39.2656081, -6.7879967 ], [ 39.2653795, -6.78786 ], [ 39.2651386, -6.7877462 ], [ 39.2648877, -6.7876566 ], [ 39.2646292, -6.7875921 ], [ 39.2643656, -6.7875531 ], [ 39.2640995, -6.7875402 ], [ 39.2638334, -6.7875534 ], [ 39.2635699, -6.7875926 ], [ 39.2633115, -6.7876575 ], [ 39.2630607, -6.7877474 ], [ 39.2628199, -6.7878614 ], [ 39.2625915, -6.7879984 ], [ 39.2623775, -6.7881572 ], [ 39.2621802, -6.7883361 ], [ 39.2620014, -6.7885335 ], [ 39.2618428, -6.7887475 ], [ 39.261706, -6.788976 ], [ 39.2615922, -6.7892168 ], [ 39.2615026, -6.7894676 ], [ 39.261438, -6.789726 ], [ 39.261399, -6.7899895 ], [ 39.2613861, -6.7902555 ], [ 39.2613993, -6.7905215 ], [ 39.2614385, -6.7907849 ], [ 39.2615034, -6.7910432 ], [ 39.2615933, -6.7912939 ], [ 39.2617074, -6.7915346 ], [ 39.2618444, -6.7917629 ], [ 39.2620033, -6.7919767 ], [ 39.2621823, -6.792174 ], [ 39.2623798, -6.7923527 ], [ 39.2625939, -6.7925112 ], [ 39.2628225, -6.792648 ], [ 39.2630634, -6.7927618 ], [ 39.2633143, -6.7928514 ], [ 39.2635728, -6.7929159 ], [ 39.2638364, -6.7929549 ], [ 39.2641025, -6.7929678 ], [ 39.2643686, -6.7929546 ], [ 39.2646321, -6.7929154 ], [ 39.2648905, -6.7928505 ], [ 39.2651413, -6.7927606 ], [ 39.2653821, -6.7926466 ], [ 39.2656106, -6.7925096 ], [ 39.2658245, -6.7923508 ], [ 39.2660218, -6.7921719 ] ] ], [ [ [ 39.2583088, -6.7845398 ], [ 39.2584876, -6.7843424 ], [ 39.2586462, -6.7841284 ], [ 39.2587831, -6.7838999 ], [ 39.2588969, -6.7836591 ], [ 39.2589865, -6.7834083 ], [ 39.2590511, -6.7831499 ], [ 39.25909, -6.7828865 ], [ 39.259103, -6.7826205 ], [ 39.2590898, -6.7823545 ], [ 39.2590505, -6.7820911 ], [ 39.2589856, -6.7818328 ], [ 39.2588958, -6.781582 ], [ 39.2587817, -6.7813414 ], [ 39.2586446, -6.781113 ], [ 39.2584858, -6.7808992 ], [ 39.2583068, -6.7807019 ], [ 39.2581093, -6.7805232 ], [ 39.2578952, -6.7803647 ], [ 39.2576666, -6.7802279 ], [ 39.2574257, -6.7801141 ], [ 39.2571748, -6.7800246 ], [ 39.2570831, -6.7800016 ], [ 39.2556933, -6.7800016 ], [ 39.2555986, -6.7800254 ], [ 39.2553478, -6.7801152 ], [ 39.2551071, -6.7802292 ], [ 39.2548786, -6.7803663 ], [ 39.2546647, -6.780525 ], [ 39.2544674, -6.780704 ], [ 39.2542886, -6.7809014 ], [ 39.25413, -6.7811154 ], [ 39.2539931, -6.7813439 ], [ 39.2538793, -6.7815847 ], [ 39.2537897, -6.7818355 ], [ 39.2537251, -6.7820939 ], [ 39.2536862, -6.7823573 ], [ 39.2536732, -6.7826233 ], [ 39.2536864, -6.7828893 ], [ 39.2537257, -6.7831527 ], [ 39.2537905, -6.783411 ], [ 39.2538804, -6.7836617 ], [ 39.2539945, -6.7839024 ], [ 39.2541316, -6.7841308 ], [ 39.2542904, -6.7843446 ], [ 39.2544694, -6.7845418 ], [ 39.2546669, -6.7847206 ], [ 39.254881, -6.7848791 ], [ 39.2551096, -6.7850159 ], [ 39.2553505, -6.7851297 ], [ 39.2556014, -6.7852192 ], [ 39.2558599, -6.7852838 ], [ 39.2561234, -6.7853228 ], [ 39.2563895, -6.7853357 ], [ 39.2566556, -6.7853225 ], [ 39.2569192, -6.7852833 ], [ 39.2571776, -6.7852184 ], [ 39.2574284, -6.7851286 ], [ 39.2576692, -6.7850146 ], [ 39.2578976, -6.7848775 ], [ 39.2581115, -6.7847188 ], [ 39.2583088, -6.7845398 ] ] ], [ [ [ 39.2932987, -6.8107103 ], [ 39.2934775, -6.8105128 ], [ 39.2936361, -6.8102988 ], [ 39.2937729, -6.8100703 ], [ 39.2938867, -6.8098295 ], [ 39.2939763, -6.8095787 ], [ 39.2940409, -6.8093203 ], [ 39.2940798, -6.8090569 ], [ 39.2940927, -6.8087909 ], [ 39.2940795, -6.8085249 ], [ 39.2940402, -6.8082615 ], [ 39.2939753, -6.8080032 ], [ 39.2938854, -6.8077525 ], [ 39.2937713, -6.8075118 ], [ 39.2936342, -6.8072834 ], [ 39.2934754, -6.8070696 ], [ 39.2932963, -6.8068724 ], [ 39.2930988, -6.8066937 ], [ 39.2930477, -6.8066558 ], [ 39.2929713, -6.8064948 ], [ 39.2928342, -6.8062664 ], [ 39.2926754, -6.8060526 ], [ 39.2924963, -6.8058554 ], [ 39.2922988, -6.8056767 ], [ 39.2920847, -6.8055182 ], [ 39.2918561, -6.8053814 ], [ 39.2916152, -6.8052677 ], [ 39.2913643, -6.8051781 ], [ 39.2911058, -6.8051135 ], [ 39.2908422, -6.8050746 ], [ 39.2905761, -6.8050617 ], [ 39.29031, -6.805075 ], [ 39.2900464, -6.8051142 ], [ 39.289788, -6.8051791 ], [ 39.2895372, -6.8052689 ], [ 39.2892964, -6.8053829 ], [ 39.289068, -6.80552 ], [ 39.2888541, -6.8056788 ], [ 39.2886568, -6.8058577 ], [ 39.2884888, -6.8060431 ], [ 39.288332, -6.8060665 ], [ 39.2880736, -6.8061313 ], [ 39.2878228, -6.8062212 ], [ 39.287582, -6.8063352 ], [ 39.2873536, -6.8064723 ], [ 39.2871397, -6.806631 ], [ 39.2869424, -6.80681 ], [ 39.2867635, -6.8070074 ], [ 39.286605, -6.8072214 ], [ 39.2864681, -6.80745 ], [ 39.2863543, -6.8076908 ], [ 39.2862647, -6.8079416 ], [ 39.2862001, -6.8082 ], [ 39.2861612, -6.8084634 ], [ 39.2861483, -6.8087294 ], [ 39.2861615, -6.8089954 ], [ 39.2862008, -6.8092588 ], [ 39.2862657, -6.8095171 ], [ 39.2863556, -6.8097678 ], [ 39.2864696, -6.8100085 ], [ 39.2866067, -6.8102368 ], [ 39.2867656, -6.8104507 ], [ 39.2869446, -6.8106479 ], [ 39.2871422, -6.8108266 ], [ 39.2873563, -6.8109851 ], [ 39.2875849, -6.8111219 ], [ 39.2878258, -6.8112356 ], [ 39.2880767, -6.8113252 ], [ 39.2883352, -6.8113897 ], [ 39.2885988, -6.8114287 ], [ 39.2887451, -6.8114358 ], [ 39.2888027, -6.8114443 ], [ 39.2890688, -6.8114572 ], [ 39.2893349, -6.8114439 ], [ 39.2895985, -6.8114047 ], [ 39.2898569, -6.8113398 ], [ 39.2901077, -6.81125 ], [ 39.2901705, -6.8112202 ], [ 39.2903402, -6.8113003 ], [ 39.2905911, -6.8113899 ], [ 39.2908496, -6.8114545 ], [ 39.2911132, -6.8114934 ], [ 39.2913793, -6.8115063 ], [ 39.2916454, -6.811493 ], [ 39.291909, -6.8114538 ], [ 39.2921674, -6.8113889 ], [ 39.2924182, -6.8112991 ], [ 39.292659, -6.8111851 ], [ 39.2928874, -6.811048 ], [ 39.2931014, -6.8108892 ], [ 39.2932987, -6.8107103 ] ] ], [ [ [ 39.2807283, -6.8092113 ], [ 39.2809071, -6.8090139 ], [ 39.2810657, -6.8087999 ], [ 39.2812026, -6.8085714 ], [ 39.2813163, -6.8083306 ], [ 39.281406, -6.8080798 ], [ 39.2814705, -6.8078214 ], [ 39.2815095, -6.8075579 ], [ 39.2815224, -6.8072919 ], [ 39.2815092, -6.8070259 ], [ 39.2814699, -6.8067625 ], [ 39.281405, -6.8065042 ], [ 39.2813151, -6.8062535 ], [ 39.2812011, -6.8060128 ], [ 39.281064, -6.8057845 ], [ 39.2809051, -6.8055707 ], [ 39.2807261, -6.8053735 ], [ 39.2805286, -6.8051947 ], [ 39.2803145, -6.8050362 ], [ 39.2800859, -6.8048994 ], [ 39.2798449, -6.8047857 ], [ 39.279594, -6.8046961 ], [ 39.2793355, -6.8046316 ], [ 39.279072, -6.8045926 ], [ 39.2788058, -6.8045797 ], [ 39.2785397, -6.8045929 ], [ 39.2782762, -6.8046322 ], [ 39.2781531, -6.8046631 ], [ 39.2781966, -6.8046236 ], [ 39.2783754, -6.8044262 ], [ 39.278534, -6.8042122 ], [ 39.2786708, -6.8039837 ], [ 39.2787846, -6.8037429 ], [ 39.2788742, -6.8034921 ], [ 39.2789388, -6.8032337 ], [ 39.2789778, -6.8029702 ], [ 39.2789907, -6.8027042 ], [ 39.2789775, -6.8024383 ], [ 39.2789382, -6.8021748 ], [ 39.2788733, -6.8019165 ], [ 39.2787834, -6.8016658 ], [ 39.2786694, -6.8014252 ], [ 39.2785323, -6.8011968 ], [ 39.2783734, -6.800983 ], [ 39.2781944, -6.8007858 ], [ 39.2779969, -6.800607 ], [ 39.2777828, -6.8004485 ], [ 39.2775542, -6.8003117 ], [ 39.2773132, -6.800198 ], [ 39.2770623, -6.8001084 ], [ 39.2768038, -6.8000439 ], [ 39.2765403, -6.8000049 ], [ 39.2762741, -6.799992 ], [ 39.276008, -6.8000052 ], [ 39.2757445, -6.8000445 ], [ 39.2754861, -6.8001093 ], [ 39.2752353, -6.8001992 ], [ 39.2749945, -6.8003132 ], [ 39.2747661, -6.8004502 ], [ 39.2745521, -6.800609 ], [ 39.2743548, -6.800788 ], [ 39.274176, -6.8009854 ], [ 39.2740174, -6.8011994 ], [ 39.2738806, -6.8014279 ], [ 39.2737668, -6.8016687 ], [ 39.2736772, -6.8019195 ], [ 39.2736126, -6.8021779 ], [ 39.2735736, -6.8024413 ], [ 39.2735607, -6.8027073 ], [ 39.2735739, -6.8029733 ], [ 39.2736132, -6.8032367 ], [ 39.2736781, -6.803495 ], [ 39.273768, -6.8037457 ], [ 39.273882, -6.8039864 ], [ 39.2740191, -6.8042148 ], [ 39.274178, -6.8044286 ], [ 39.274357, -6.8046258 ], [ 39.2745545, -6.8048046 ], [ 39.2747686, -6.8049631 ], [ 39.2749972, -6.8050999 ], [ 39.2752381, -6.8052136 ], [ 39.2754891, -6.8053032 ], [ 39.2757476, -6.8053677 ], [ 39.2760111, -6.8054067 ], [ 39.2762773, -6.8054196 ], [ 39.2765434, -6.8054064 ], [ 39.2768069, -6.8053671 ], [ 39.27693, -6.8053362 ], [ 39.2768865, -6.8053757 ], [ 39.2767077, -6.8055731 ], [ 39.2765491, -6.8057871 ], [ 39.2764122, -6.8060156 ], [ 39.2762985, -6.8062564 ], [ 39.2762089, -6.8065072 ], [ 39.2761443, -6.8067656 ], [ 39.2761053, -6.8070291 ], [ 39.2760924, -6.8072951 ], [ 39.2761056, -6.807561 ], [ 39.2761449, -6.8078245 ], [ 39.2762098, -6.8080828 ], [ 39.2762997, -6.8083335 ], [ 39.2764137, -6.8085741 ], [ 39.2765508, -6.8088025 ], [ 39.2767097, -6.8090163 ], [ 39.2768887, -6.8092135 ], [ 39.2770862, -6.8093923 ], [ 39.2773003, -6.8095508 ], [ 39.2775289, -6.8096876 ], [ 39.2777699, -6.8098013 ], [ 39.2780208, -6.8098909 ], [ 39.2782793, -6.8099554 ], [ 39.2785428, -6.8099944 ], [ 39.278809, -6.8100073 ], [ 39.2790751, -6.8099941 ], [ 39.2793386, -6.8099548 ], [ 39.279597, -6.80989 ], [ 39.2798478, -6.8098001 ], [ 39.2800886, -6.8096861 ], [ 39.2803171, -6.8095491 ], [ 39.280531, -6.8093903 ], [ 39.2807283, -6.8092113 ] ] ], [ [ [ 39.2765044, -6.7888827 ], [ 39.2766832, -6.7886853 ], [ 39.2768418, -6.7884713 ], [ 39.2769787, -6.7882428 ], [ 39.2770924, -6.788002 ], [ 39.277182, -6.7877512 ], [ 39.2772466, -6.7874928 ], [ 39.2772856, -6.7872294 ], [ 39.2772985, -6.7869634 ], [ 39.2772853, -6.7866974 ], [ 39.277246, -6.786434 ], [ 39.2771811, -6.7861757 ], [ 39.2770912, -6.785925 ], [ 39.2769772, -6.7856843 ], [ 39.2768401, -6.7854559 ], [ 39.2766813, -6.7852421 ], [ 39.2765022, -6.7850449 ], [ 39.2763047, -6.7848661 ], [ 39.2760906, -6.7847076 ], [ 39.275862, -6.7845708 ], [ 39.2756211, -6.7844571 ], [ 39.2753702, -6.7843675 ], [ 39.2751117, -6.784303 ], [ 39.2748482, -6.784264 ], [ 39.2745821, -6.7842511 ], [ 39.274316, -6.7842643 ], [ 39.2740524, -6.7843036 ], [ 39.273794, -6.7843684 ], [ 39.2735432, -6.7844583 ], [ 39.2733025, -6.7845723 ], [ 39.273074, -6.7847093 ], [ 39.2728601, -6.7848681 ], [ 39.2726628, -6.785047 ], [ 39.272484, -6.7852445 ], [ 39.2723254, -6.7854585 ], [ 39.2721886, -6.785687 ], [ 39.2720748, -6.7859278 ], [ 39.2719852, -6.7861786 ], [ 39.2719206, -6.786437 ], [ 39.2718816, -6.7867004 ], [ 39.2718687, -6.7869664 ], [ 39.2718819, -6.7872324 ], [ 39.2719212, -6.7874958 ], [ 39.2719861, -6.7877541 ], [ 39.2720759, -6.7880048 ], [ 39.27219, -6.7882455 ], [ 39.2723271, -6.7884739 ], [ 39.2724859, -6.7886877 ], [ 39.272665, -6.7888849 ], [ 39.2728625, -6.7890637 ], [ 39.2730766, -6.7892222 ], [ 39.2733052, -6.789359 ], [ 39.2735461, -6.7894727 ], [ 39.273797, -6.7895623 ], [ 39.2740555, -6.7896268 ], [ 39.274319, -6.7896658 ], [ 39.2745851, -6.7896787 ], [ 39.2748512, -6.7896655 ], [ 39.2751148, -6.7896262 ], [ 39.2753732, -6.7895614 ], [ 39.275624, -6.7894715 ], [ 39.2758648, -6.7893575 ], [ 39.2760932, -6.7892205 ], [ 39.2763071, -6.7890617 ], [ 39.2765044, -6.7888827 ] ] ] ] } },
{ "type": "Feature", "properties": { "index": "1", "label": "Beyond 300 m", "color": "#d9d9d9" }, "geometry": { "type": "Polygon", "coordinates": [ [ [ 39.22, -6.78 ], [ 39.22, -6.85 ], [ 39.3, -6.85 ], [ 39.3, -6.78 ], [ 39.22, -6.78 ] ], [ [ 39.2305263, -6.8419809 ], [ 39.2304125, -6.8422217 ], [ 39.2302756, -6.8424502 ], [ 39.230117, -6.8426642 ], [ 39.2299382, -6.8428616 ], [ 39.2297408, -6.8430406 ], [ 39.2295269, -6.8431993 ], [ 39.2292984, -6.8433363 ], [ 39.2290576, -6.8434503 ], [ 39.2288067, -6.8435402 ], [ 39.2285483, -6.843605 ], [ 39.2282847, -6.8436442 ], [ 39.2280186, -6.8436574 ], [ 39.2277524, -6.8436444 ], [ 39.2274888, -6.8436055 ], [ 39.2272303, -6.8435409 ], [ 39.2269794, -6.8434513 ], [ 39.2267385, -6.8433376 ], [ 39.2265099, -6.8432007 ], [ 39.2262958, -6.8430422 ], [ 39.2260983, -6.8428634 ], [ 39.2259192, -6.8426662 ], [ 39.2257604, -6.8424524 ], [ 39.2256233, -6.842224 ], [ 39.2255093, -6.8419833 ], [ 39.2254194, -6.8417326 ], [ 39.2253545, -6.8414743 ], [ 39.2253153, -6.8412109 ], [ 39.2253021, -6.8409449 ], [ 39.225315, -6.8406789 ], [ 39.225354, -6.8404154 ], [ 39.2254186, -6.8401571 ], [ 39.2255083, -6.8399063 ], [ 39.2256221, -6.8396655 ], [ 39.225759, -6.839437 ], [ 39.2259176, -6.839223 ], [ 39.2260965, -6.8390256 ], [ 39.2262938, -6.8388466 ], [ 39.2265077, -6.8386879 ], [ 39.2267362, -6.8385509 ], [ 39.2269771, -6.8384369 ], [ 39.2272279, -6.838347 ], [ 39.2274863, -6.8382822 ], [ 39.2277499, -6.838243 ], [ 39.228016, -6.8382298 ], [ 39.2282822, -6.8382428 ], [ 39.2285457, -6.8382817 ], [ 39.2288042, -6.8383463 ], [ 39.2290552, -6.8384359 ], [ 39.2292961, -6.8385496 ], [ 39.2295247, -6.8386865 ], [ 39.2297388, -6.838845 ], [ 39.2299363, -6.8390238 ], [ 39.2301154, -6.839221 ], [ 39.2302742, -6.8394348 ], [ 39.2304113, -6.8396632 ], [ 39.2305253, -6.8399039 ], [ 39.2306152, -6.8401546 ], [ 39.2306801, -6.8404129 ], [ 39.2307193, -6.8406763 ], [ 39.2307325, -6.8409423 ], [ 39.2307196, -6.8412083 ], [ 39.2306806, -6.8414718 ], [ 39.230616, -6.8417301 ], [ 39.2305263, -6.8419809 ] ], [ [ 39.247588, -6.8394334 ], [ 39.2474294, -6.8396474 ], [ 39.2472505, -6.8398449 ], [ 39.2470532, -6.8400238 ], [ 39.2468392, -6.8401826 ], [ 39.2466108, -6.8403196 ], [ 39.2463699, -6.8404336 ], [ 39.2461191, -6.8405234 ], [ 39.2458607, -6.8405883 ], [ 39.2455971, -6.8406275 ], [ 39.245331, -6.8406407 ], [ 39.2450648, -6.8406278 ], [ 39.2448012, -6.8405888 ], [ 39.2445427, -6.8405242 ], [ 39.2443896, -6.8404696 ], [ 39.2441796, -6.84048 ], [ 39.2439134, -6.8404671 ], [ 39.2436498, -6.8404281 ], [ 39.2433913, -6.8403635 ], [ 39.2431404, -6.8402739 ], [ 39.2428995, -6.8401602 ], [ 39.2426709, -6.8400234 ], [ 39.2424568, -6.8398649 ], [ 39.2422592, -6.8396861 ], [ 39.2420802, -6.8394889 ], [ 39.2419214, -6.839275 ], [ 39.2417843, -6.8390467 ], [ 39.2416702, -6.838806 ], [ 39.2415803, -6.8385553 ], [ 39.2415155, -6.838297 ], [ 39.2414762, -6.8380336 ], [ 39.241463, -6.8377676 ], [ 39.241476, -6.8375016 ], [ 39.2415149, -6.8372381 ], [ 39.2415795, -6.8369797 ], [ 39.2416692, -6.8367289 ], [ 39.241783, -6.8364881 ], [ 39.2418644, -6.8363521 ], [ 39.2418645, -6.836352 ], [ 39.2419783, -6.8361112 ], [ 39.2421151, -6.8358827 ], [ 39.2422738, -6.8356688 ], [ 39.2424526, -6.8354713 ], [ 39.2426499, -6.8352924 ], [ 39.2428639, -6.8351336 ], [ 39.2430924, -6.8349966 ], [ 39.2433332, -6.8348826 ], [ 39.243584, -6.8347928 ], [ 39.2438424, -6.8347279 ], [ 39.244106, -6.8346887 ], [ 39.2443721, -6.8346755 ], [ 39.2445953, -6.8346864 ], [ 39.2447082, -6.834658 ], [ 39.2449718, -6.8346188 ], [ 39.2452379, -6.8346056 ], [ 39.2454637, -6.8346166 ], [ 39.2456506, -6.8346073 ], [ 39.2459168, -6.8346202 ], [ 39.2461803, -6.8346592 ], [ 39.2464388, -6.8347238 ], [ 39.2466898, -6.8348134 ], [ 39.2469307, -6.8349271 ], [ 39.2471593, -6.8350639 ], [ 39.2473734, -6.8352224 ], [ 39.2475709, -6.8354012 ], [ 39.24775, -6.8355984 ], [ 39.2479088, -6.8358122 ], [ 39.2480459, -6.8360406 ], [ 39.24816, -6.8362813 ], [ 39.2482499, -6.836532 ], [ 39.2483147, -6.8367903 ], [ 39.248354, -6.8370537 ], [ 39.2483672, -6.8373197 ], [ 39.2483542, -6.8375857 ], [ 39.2483153, -6.8378492 ], [ 39.2482507, -6.8381075 ], [ 39.248161, -6.8383583 ], [ 39.2480472, -6.8385991 ], [ 39.2479104, -6.8388276 ], [ 39.2478661, -6.8388874 ], [ 39.2478386, -6.8389641 ], [ 39.2477248, -6.8392049 ], [ 39.247588, -6.8394334 ] ], [ [ 39.2535766, -6.83102 ], [ 39.2534628, -6.8312608 ], [ 39.2533259, -6.8314893 ], [ 39.2531673, -6.8317033 ], [ 39.2529885, -6.8319007 ], [ 39.2527912, -6.8320797 ], [ 39.2525772, -6.8322384 ], [ 39.2523488, -6.8323755 ], [ 39.252108, -6.8324895 ], [ 39.2518571, -6.8325793 ], [ 39.2515987, -6.8326442 ], [ 39.2513351, -6.8326834 ], [ 39.251069, -6.8326966 ], [ 39.2508029, -6.8326837 ], [ 39.2505393, -6.8326447 ], [ 39.2502808, -6.8325801 ], [ 39.2500299, -6.8324905 ], [ 39.2497889, -6.8323768 ], [ 39.2495603, -6.83224 ], [ 39.2493462, -6.8320815 ], [ 39.2491487, -6.8319027 ], [ 39.2489697, -6.8317055 ], [ 39.2488108, -6.8314917 ], [ 39.2486737, -6.8312633 ], [ 39.2485597, -6.8310226 ], [ 39.2484698, -6.8307719 ], [ 39.2484049, -6.8305136 ], [ 39.2483657, -6.8302502 ], [ 39.2483525, -6.8299842 ], [ 39.2483654, -6.8297182 ], [ 39.2484044, -6.8294547 ], [ 39.248469, -6.8291964 ], [ 39.2485586, -6.8289456 ], [ 39.2486724, -6.8287048 ], [ 39.2488093, -6.8284763 ], [ 39.2489679, -6.8282623 ], [ 39.2491467, -6.8280649 ], [ 39.249344, -6.8278859 ], [ 39.249558, -6.8277272 ], [ 39.2497865, -6.8275901 ], [ 39.2500273, -6.8274761 ], [ 39.2502781, -6.8273863 ], [ 39.2505365, -6.8273214 ], [ 39.2508001, -6.8272822 ], [ 39.2510662, -6.827269 ], [ 39.2513323, -6.8272819 ], [ 39.2515959, -6.8273209 ], [ 39.2518544, -6.8273855 ], [ 39.2521053, -6.827475 ], [ 39.2523463, -6.8275888 ], [ 39.2525749, -6.8277256 ], [ 39.252789, -6.8278841 ], [ 39.2529865, -6.8280629 ], [ 39.2531655, -6.8282601 ], [ 39.2532276, -6.8283436 ], [ 39.2532109, -6.8283084 ], [ 39.253121, -6.8280577 ], [ 39.2530561, -6.8277994 ], [ 39.2530169, -6.827536 ], [ 39.2530037, -6.82727 ], [ 39.2530166, -6.827004 ], [ 39.2530556, -6.8267406 ], [ 39.2531202, -6.8264822 ], [ 39.2532098, -6.8262314 ], [ 39.2533236, -6.8259906 ], [ 39.2534605, -6.8257621 ], [ 39.2536191, -6.8255481 ], [ 39.2537979, -6.8253507 ], [ 39.2539952, -6.8251717 ], [ 39.2542092, -6.825013 ], [ 39.2544376, -6.8248759 ], [ 39.2546784, -6.8247619 ], [ 39.2549293, -6.8246721 ], [ 39.2551877, -6.8246072 ], [ 39.2554512, -6.824568 ], [ 39.2557174, -6.8245548 ], [ 39.2559835, -6.8245677 ], [ 39.2562471, -6.8246067 ], [ 39.2565056, -6.8246713 ], [ 39.2567565, -6.8247608 ], [ 39.2569974, -6.8248746 ], [ 39.257226, -6.8250114 ], [ 39.2574401, -6.8251699 ], [ 39.2576377, -6.8253486 ], [ 39.2578167, -6.8255459 ], [ 39.2579755, -6.8257597 ], [ 39.2581126, -6.8259881 ], [ 39.2582267, -6.8262287 ], [ 39.2583166, -6.8264794 ], [ 39.2583478, -6.8266038 ], [ 39.2583963, -6.8265809 ], [ 39.2586471, -6.826491 ], [ 39.2589056, -6.8264261 ], [ 39.2591691, -6.8263869 ], [ 39.2594352, -6.8263737 ], [ 39.2597014, -6.8263866 ], [ 39.259965, -6.8264256 ], [ 39.2602235, -6.8264901 ], [ 39.2604744, -6.8265797 ], [ 39.2607153, -6.8266935 ], [ 39.2609439, -6.8268303 ], [ 39.261158, -6.8269888 ], [ 39.2613555, -6.8271675 ], [ 39.2615346, -6.8273648 ], [ 39.2616934, -6.8275786 ], [ 39.2618305, -6.8278069 ], [ 39.2619446, -6.8280476 ], [ 39.2620345, -6.8282983 ], [ 39.2620994, -6.8285566 ], [ 39.2621386, -6.82882 ], [ 39.2621518, -6.829086 ], [ 39.2621389, -6.829352 ], [ 39.2620999, -6.8296155 ], [ 39.2620353, -6.8298739 ], [ 39.2619457, -6.8301247 ], [ 39.2618319, -6.8303655 ], [ 39.2616951, -6.830594 ], [ 39.2615365, -6.830808 ], [ 39.2613576, -6.8310054 ], [ 39.2611603, -6.8311844 ], [ 39.2609464, -6.8313431 ], [ 39.2607179, -6.8314802 ], [ 39.2604771, -6.8315941 ], [ 39.2602263, -6.831684 ], [ 39.2599678, -6.8317489 ], [ 39.2597043, -6.8317881 ], [ 39.2594382, -6.8318013 ], [ 39.259172, -6.8317884 ], [ 39.2589084, -6.8317494 ], [ 39.2586499, -6.8316848 ], [ 39.258399, -6.8315953 ], [ 39.2581581, -6.8314815 ], [ 39.2579295, -6.8313447 ], [ 39.2577154, -6.8311862 ], [ 39.2575178, -6.8310075 ], [ 39.2573388, -6.8308102 ], [ 39.25718, -6.8305964 ], [ 39.2570428, -6.8303681 ], [ 39.2569288, -6.8301274 ], [ 39.2568389, -6.8298767 ], [ 39.2568077, -6.8297523 ], [ 39.2567592, -6.8297753 ], [ 39.2565083, -6.8298651 ], [ 39.2562499, -6.82993 ], [ 39.2559864, -6.8299692 ], [ 39.2557202, -6.8299824 ], [ 39.2554541, -6.8299695 ], [ 39.2551905, -6.8299305 ], [ 39.254932, -6.8298659 ], [ 39.2546811, -6.8297764 ], [ 39.2544402, -6.8296626 ], [ 39.2542115, -6.8295258 ], [ 39.2539975, -6.8293673 ], [ 39.2537999, -6.8291885 ], [ 39.2536209, -6.8289913 ], [ 39.2535588, -6.8289078 ], [ 39.2535755, -6.828943 ], [ 39.2536654, -6.8291937 ], [ 39.2537303, -6.829452 ], [ 39.2537695, -6.8297154 ], [ 39.2537827, -6.8299814 ], [ 39.2537698, -6.8302474 ], [ 39.2537308, -6.8305108 ], [ 39.2536662, -6.8307692 ], [ 39.2535766, -6.83102 ] ], [ [ 39.2496062, -6.820169 ], [ 39.2493477, -6.8201044 ], [ 39.2490968, -6.8200148 ], [ 39.2488559, -6.8199011 ], [ 39.2486273, -6.8197643 ], [ 39.2484132, -6.8196058 ], [ 39.2482156, -6.819427 ], [ 39.2480366, -6.8192298 ], [ 39.2478778, -6.819016 ], [ 39.2477407, -6.8187876 ], [ 39.2476266, -6.8185469 ], [ 39.2475367, -6.8182962 ], [ 39.2474719, -6.8180379 ], [ 39.2474326, -6.8177745 ], [ 39.2474194, -6.8175085 ], [ 39.2474324, -6.8172425 ], [ 39.2474713, -6.816979 ], [ 39.2475359, -6.8167207 ], [ 39.2476256, -6.8164699 ], [ 39.2477394, -6.8162291 ], [ 39.2478762, -6.8160006 ], [ 39.2480348, -6.8157866 ], [ 39.2482137, -6.8155892 ], [ 39.248411, -6.8154102 ], [ 39.2486249, -6.8152514 ], [ 39.2488534, -6.8151144 ], [ 39.2490942, -6.8150004 ], [ 39.249345, -6.8149106 ], [ 39.2496034, -6.8148457 ], [ 39.249867, -6.8148065 ], [ 39.2501331, -6.8147933 ], [ 39.2503992, -6.8148062 ], [ 39.2504322, -6.8148111 ], [ 39.2504393, -6.8148093 ], [ 39.2507029, -6.8147701 ], [ 39.250969, -6.8147569 ], [ 39.251134, -6.8147649 ], [ 39.2511404, -6.8147591 ], [ 39.2513543, -6.8146004 ], [ 39.2515828, -6.8144633 ], [ 39.2518236, -6.8143493 ], [ 39.2520744, -6.8142595 ], [ 39.2523328, -6.8141946 ], [ 39.2525964, -6.8141554 ], [ 39.2528625, -6.8141422 ], [ 39.2531286, -6.8141551 ], [ 39.2533922, -6.8141941 ], [ 39.2536507, -6.8142587 ], [ 39.2539016, -6.8143482 ], [ 39.2541425, -6.814462 ], [ 39.2543711, -6.8145988 ], [ 39.2545852, -6.8147573 ], [ 39.2547827, -6.8149361 ], [ 39.2549618, -6.8151333 ], [ 39.2551206, -6.8153471 ], [ 39.2552577, -6.8155755 ], [ 39.2553717, -6.8158162 ], [ 39.2554616, -6.8160669 ], [ 39.2555265, -6.8163252 ], [ 39.2555657, -6.8165886 ], [ 39.255579, -6.8168546 ], [ 39.255566, -6.8171206 ], [ 39.2555271, -6.817384 ], [ 39.2554625, -6.8176424 ], [ 39.2553728, -6.8178932 ], [ 39.255259, -6.818134 ], [ 39.2551222, -6.8183625 ], [ 39.2549636, -6.8185765 ], [ 39.2547848, -6.8187739 ], [ 39.2545874, -6.8189529 ], [ 39.2543735, -6.8191116 ], [ 39.254145, -6.8192487 ], [ 39.2539042, -6.8193627 ], [ 39.2536534, -6.8194525 ], [ 39.253395, -6.8195174 ], [ 39.2531314, -6.8195566 ], [ 39.2528653, -6.8195698 ], [ 39.2527003, -6.8195618 ], [ 39.2526939, -6.8195676 ], [ 39.25248, -6.8197263 ], [ 39.2522515, -6.8198634 ], [ 39.2520107, -6.8199774 ], [ 39.2517599, -6.8200672 ], [ 39.2515015, -6.8201321 ], [ 39.2512379, -6.8201713 ], [ 39.2509718, -6.8201845 ], [ 39.2507057, -6.8201716 ], [ 39.2506727, -6.8201667 ], [ 39.2506656, -6.8201685 ], [ 39.250402, -6.8202077 ], [ 39.2501359, -6.8202209 ], [ 39.2498698, -6.820208 ], [ 39.2496062, -6.820169 ] ], [ [ 39.2430227, -6.8102102 ], [ 39.2428858, -6.8104387 ], [ 39.2427272, -6.8106527 ], [ 39.2425484, -6.8108501 ], [ 39.242351, -6.811029 ], [ 39.2421371, -6.8111878 ], [ 39.2419087, -6.8113248 ], [ 39.2416678, -6.8114388 ], [ 39.241417, -6.8115286 ], [ 39.2411586, -6.8115935 ], [ 39.2408951, -6.8116327 ], [ 39.240629, -6.8116459 ], [ 39.2403628, -6.811633 ], [ 39.2400992, -6.811594 ], [ 39.2398408, -6.8115294 ], [ 39.2395898, -6.8114398 ], [ 39.2393489, -6.8113261 ], [ 39.2391203, -6.8111893 ], [ 39.2389062, -6.8110307 ], [ 39.2387087, -6.810852 ], [ 39.2385297, -6.8106547 ], [ 39.2383709, -6.8104409 ], [ 39.2382338, -6.8102126 ], [ 39.2381198, -6.8099719 ], [ 39.2380299, -6.8097212 ], [ 39.237965, -6.8094629 ], [ 39.2379258, -6.8091994 ], [ 39.2379126, -6.8089334 ], [ 39.2379255, -6.8086674 ], [ 39.2379645, -6.808404 ], [ 39.2380291, -6.8081456 ], [ 39.2381187, -6.8078948 ], [ 39.2382325, -6.807654 ], [ 39.2383694, -6.8074255 ], [ 39.238528, -6.8072115 ], [ 39.2387068, -6.8070141 ], [ 39.2389042, -6.8068352 ], [ 39.2391181, -6.8066764 ], [ 39.2393466, -6.8065394 ], [ 39.2395874, -6.8064254 ], [ 39.2398382, -6.8063356 ], [ 39.2400966, -6.8062707 ], [ 39.2403601, -6.8062315 ], [ 39.2406262, -6.8062183 ], [ 39.2408924, -6.8062312 ], [ 39.2411559, -6.8062702 ], [ 39.2414144, -6.8063348 ], [ 39.2416653, -6.8064244 ], [ 39.2419063, -6.8065381 ], [ 39.2421349, -6.8066749 ], [ 39.2423489, -6.8068335 ], [ 39.2425464, -6.8070122 ], [ 39.2427255, -6.8072094 ], [ 39.2428843, -6.8074233 ], [ 39.2430214, -6.8076516 ], [ 39.2431354, -6.8078923 ], [ 39.2432253, -6.808143 ], [ 39.2432902, -6.8084013 ], [ 39.2433294, -6.8086648 ], [ 39.2433426, -6.8089307 ], [ 39.2433297, -6.8091967 ], [ 39.2432907, -6.8094602 ], [ 39.2432261, -6.8097186 ], [ 39.2431365, -6.8099694 ], [ 39.2430227, -6.8102102 ] ], [ [ 39.2377011, -6.802934 ], [ 39.2375643, -6.8031625 ], [ 39.2374057, -6.8033765 ], [ 39.2372268, -6.8035739 ], [ 39.2370295, -6.8037528 ], [ 39.2368156, -6.8039116 ], [ 39.2365871, -6.8040486 ], [ 39.2363463, -6.8041626 ], [ 39.2360955, -6.8042524 ], [ 39.2358371, -6.8043173 ], [ 39.2355735, -6.8043565 ], [ 39.2353074, -6.8043697 ], [ 39.2350413, -6.8043568 ], [ 39.2347777, -6.8043178 ], [ 39.2345192, -6.8042532 ], [ 39.2342683, -6.8041636 ], [ 39.2340274, -6.8040499 ], [ 39.2337988, -6.8039131 ], [ 39.2335847, -6.8037545 ], [ 39.2333872, -6.8035758 ], [ 39.2332082, -6.8033785 ], [ 39.2330494, -6.8031647 ], [ 39.2329123, -6.8029363 ], [ 39.2327983, -6.8026956 ], [ 39.2327084, -6.8024449 ], [ 39.2326435, -6.8021866 ], [ 39.2326043, -6.8019232 ], [ 39.2325911, -6.8016572 ], [ 39.2326041, -6.8013912 ], [ 39.232643, -6.8011278 ], [ 39.2327076, -6.8008694 ], [ 39.2327374, -6.8007861 ], [ 39.2325786, -6.8006423 ], [ 39.2323995, -6.800445 ], [ 39.2322407, -6.8002312 ], [ 39.2321036, -6.8000028 ], [ 39.2320611, -6.799913 ], [ 39.2320566, -6.7999204 ], [ 39.231898, -6.8001344 ], [ 39.2317192, -6.8003318 ], [ 39.2315219, -6.8005108 ], [ 39.2313079, -6.8006695 ], [ 39.2310795, -6.8008065 ], [ 39.2308387, -6.8009205 ], [ 39.2305879, -6.8010104 ], [ 39.2303294, -6.8010752 ], [ 39.2300659, -6.8011144 ], [ 39.2297998, -6.8011276 ], [ 39.2295337, -6.8011146 ], [ 39.2292701, -6.8010757 ], [ 39.2290116, -6.8010111 ], [ 39.2287607, -6.8009215 ], [ 39.2285198, -6.8008078 ], [ 39.2282912, -6.8006709 ], [ 39.2280771, -6.8005124 ], [ 39.2278796, -6.8003336 ], [ 39.2277006, -6.8001364 ], [ 39.2275418, -6.7999226 ], [ 39.2274047, -6.7996942 ], [ 39.2272907, -6.7994535 ], [ 39.2272008, -6.7992028 ], [ 39.227136, -6.7989445 ], [ 39.2270967, -6.7986811 ], [ 39.2270835, -6.7984151 ], [ 39.2270965, -6.7981491 ], [ 39.2271355, -6.7978856 ], [ 39.2272001, -6.7976273 ], [ 39.2272897, -6.7973765 ], [ 39.2274035, -6.7971357 ], [ 39.2275404, -6.7969072 ], [ 39.227699, -6.7966932 ], [ 39.2278778, -6.7964958 ], [ 39.2280752, -6.7963168 ], [ 39.2282891, -6.7961581 ], [ 39.2285175, -6.7960211 ], [ 39.2287583, -6.7959071 ], [ 39.2290092, -6.7958172 ], [ 39.2292676, -6.7957524 ], [ 39.2295311, -6.7957132 ], [ 39.2297972, -6.7957 ], [ 39.2300633, -6.795713 ], [ 39.2303269, -6.7957519 ], [ 39.2305854, -6.7958165 ], [ 39.2308363, -6.7959061 ], [ 39.2310772, -6.7960198 ], [ 39.2313058, -6.7961566 ], [ 39.2315199, -6.7963152 ], [ 39.2317174, -6.7964939 ], [ 39.2318964, -6.7966912 ], [ 39.2320552, -6.796905 ], [ 39.2321923, -6.7971334 ], [ 39.2322348, -6.7972232 ], [ 39.2322393, -6.7972158 ], [ 39.2323979, -6.7970018 ], [ 39.2325767, -6.7968044 ], [ 39.232774, -6.7966254 ], [ 39.232988, -6.7964667 ], [ 39.2332164, -6.7963297 ], [ 39.2334572, -6.7962157 ], [ 39.233708, -6.7961258 ], [ 39.2339664, -6.796061 ], [ 39.23423, -6.7960218 ], [ 39.2344961, -6.7960086 ], [ 39.2347622, -6.7960215 ], [ 39.2350258, -6.7960605 ], [ 39.2352843, -6.7961251 ], [ 39.2355352, -6.7962147 ], [ 39.2357761, -6.7963284 ], [ 39.2360047, -6.7964652 ], [ 39.2362187, -6.7966238 ], [ 39.2364162, -6.7968025 ], [ 39.2365953, -6.7969998 ], [ 39.2367541, -6.7972136 ], [ 39.2368429, -6.7973616 ], [ 39.2367736, -6.7971683 ], [ 39.2367088, -6.79691 ], [ 39.2366696, -6.7966466 ], [ 39.2366563, -6.7963806 ], [ 39.2366693, -6.7961146 ], [ 39.2367083, -6.7958512 ], [ 39.2367729, -6.7955928 ], [ 39.2368625, -6.795342 ], [ 39.2369763, -6.7951012 ], [ 39.2371132, -6.7948727 ], [ 39.2372718, -6.7946587 ], [ 39.2374506, -6.7944613 ], [ 39.2376479, -6.7942824 ], [ 39.2378618, -6.7941236 ], [ 39.2380903, -6.7939866 ], [ 39.2383311, -6.7938726 ], [ 39.2385819, -6.7937828 ], [ 39.2388403, -6.7937179 ], [ 39.2391039, -6.7936787 ], [ 39.23937, -6.7936655 ], [ 39.2396361, -6.7936784 ], [ 39.2398996, -6.7937174 ], [ 39.2401581, -6.793782 ], [ 39.240409, -6.7938716 ], [ 39.2406499, -6.7939853 ], [ 39.2408785, -6.7941221 ], [ 39.2410926, -6.7942807 ], [ 39.2412901, -6.7944594 ], [ 39.2414691, -6.7946566 ], [ 39.2416279, -6.7948705 ], [ 39.241765, -6.7950988 ], [ 39.2418791, -6.7953395 ], [ 39.241969, -6.7955902 ], [ 39.2420338, -6.7958485 ], [ 39.242073, -6.796112 ], [ 39.2420863, -6.796378 ], [ 39.2420733, -6.796644 ], [ 39.2420343, -6.7969074 ], [ 39.2419697, -6.7971658 ], [ 39.2418801, -6.7974166 ], [ 39.2417663, -6.7976574 ], [ 39.2416295, -6.7978859 ], [ 39.2414708, -6.7980999 ], [ 39.241292, -6.7982973 ], [ 39.2410947, -6.7984762 ], [ 39.2408808, -6.798635 ], [ 39.2406523, -6.798772 ], [ 39.2404115, -6.798886 ], [ 39.2401607, -6.7989758 ], [ 39.2399023, -6.7990407 ], [ 39.2396387, -6.7990799 ], [ 39.2393726, -6.7990931 ], [ 39.2391065, -6.7990802 ], [ 39.238843, -6.7990412 ], [ 39.2385845, -6.7989766 ], [ 39.2383336, -6.798887 ], [ 39.2380927, -6.7987733 ], [ 39.2378641, -6.7986365 ], [ 39.23765, -6.7984779 ], [ 39.2374525, -6.7982992 ], [ 39.2372735, -6.7981019 ], [ 39.2371146, -6.7978881 ], [ 39.2370258, -6.7977401 ], [ 39.2370951, -6.7979334 ], [ 39.2371599, -6.7981917 ], [ 39.2371992, -6.7984551 ], [ 39.2372124, -6.7987211 ], [ 39.2371994, -6.7989871 ], [ 39.2371605, -6.7992505 ], [ 39.2370958, -6.7995089 ], [ 39.2370661, -6.7995922 ], [ 39.2372249, -6.799736 ], [ 39.237404, -6.7999333 ], [ 39.2375628, -6.8001471 ], [ 39.2376999, -6.8003755 ], [ 39.2378139, -6.8006162 ], [ 39.2379038, -6.8008669 ], [ 39.2379687, -6.8011252 ], [ 39.2380079, -6.8013886 ], [ 39.2380211, -6.8016546 ], [ 39.2380081, -6.8019206 ], [ 39.2379692, -6.802184 ], [ 39.2379046, -6.8024424 ], [ 39.2378149, -6.8026932 ], [ 39.2377011, -6.802934 ] ], [ [ 39.2493298, -6.7979985 ], [ 39.249193, -6.798227 ], [ 39.2490344, -6.798441 ], [ 39.2488555, -6.7986385 ], [ 39.2486582, -6.7988174 ], [ 39.2484443, -6.7989762 ], [ 39.2482158, -6.7991132 ], [ 39.2479751, -6.7992272 ], [ 39.2477242, -6.799317 ], [ 39.2474658, -6.7993819 ], [ 39.2472023, -6.7994211 ], [ 39.2469362, -6.7994343 ], [ 39.2466701, -6.7994214 ], [ 39.2464065, -6.7993824 ], [ 39.246148, -6.7993178 ], [ 39.2458971, -6.7992282 ], [ 39.2456562, -6.7991145 ], [ 39.2454276, -6.7989777 ], [ 39.2452135, -6.7988192 ], [ 39.245016, -6.7986404 ], [ 39.244837, -6.7984432 ], [ 39.2446782, -6.7982293 ], [ 39.2445411, -6.798001 ], [ 39.244427, -6.7977603 ], [ 39.2443371, -6.7975096 ], [ 39.2442723, -6.7972513 ], [ 39.2442331, -6.7969879 ], [ 39.2442198, -6.7967219 ], [ 39.2442328, -6.7964559 ], [ 39.2442717, -6.7961924 ], [ 39.2443364, -6.795934 ], [ 39.244426, -6.7956833 ], [ 39.2445398, -6.7954424 ], [ 39.2446766, -6.7952139 ], [ 39.2448352, -6.795 ], [ 39.2450141, -6.7948025 ], [ 39.2452114, -6.7946236 ], [ 39.2454253, -6.7944648 ], [ 39.2456538, -6.7943278 ], [ 39.2458946, -6.7942138 ], [ 39.2461454, -6.794124 ], [ 39.2464038, -6.7940591 ], [ 39.2466673, -6.7940199 ], [ 39.2469334, -6.7940067 ], [ 39.2471995, -6.7940196 ], [ 39.2474631, -6.7940586 ], [ 39.2477216, -6.7941232 ], [ 39.2479725, -6.7942128 ], [ 39.2482134, -6.7943265 ], [ 39.248442, -6.7944633 ], [ 39.2486561, -6.7946218 ], [ 39.2488536, -6.7948006 ], [ 39.2490326, -6.7949978 ], [ 39.2491914, -6.7952116 ], [ 39.2493285, -6.79544 ], [ 39.2494426, -6.7956807 ], [ 39.2495324, -6.7959314 ], [ 39.2495973, -6.7961897 ], [ 39.2496365, -6.7964531 ], [ 39.2496498, -6.7967191 ], [ 39.2496368, -6.7969851 ], [ 39.2495979, -6.7972486 ], [ 39.2495333, -6.7975069 ], [ 39.2494436, -6.7977577 ], [ 39.2493298, -6.7979985 ] ], [ [ 39.2526208, -6.7889572 ], [ 39.252507, -6.789198 ], [ 39.2523701, -6.7894265 ], [ 39.2522115, -6.7896405 ], [ 39.2520327, -6.7898379 ], [ 39.2518354, -6.7900169 ], [ 39.2516215, -6.7901757 ], [ 39.251393, -6.7903127 ], [ 39.2511522, -6.7904267 ], [ 39.2509014, -6.7905165 ], [ 39.250643, -6.7905814 ], [ 39.2503795, -6.7906206 ], [ 39.2501134, -6.7906338 ], [ 39.2498473, -6.7906209 ], [ 39.2495837, -6.7905819 ], [ 39.2493252, -6.7905173 ], [ 39.2490743, -6.7904277 ], [ 39.2488334, -6.790314 ], [ 39.2486048, -6.7901772 ], [ 39.2483908, -6.7900187 ], [ 39.2481933, -6.7898399 ], [ 39.2480142, -6.7896427 ], [ 39.2478554, -6.7894289 ], [ 39.2477183, -6.7892005 ], [ 39.2477104, -6.7891838 ], [ 39.2477075, -6.789179 ], [ 39.2475935, -6.7889383 ], [ 39.2475036, -6.7886876 ], [ 39.2474387, -6.7884293 ], [ 39.2473995, -6.7881659 ], [ 39.2473863, -6.7878999 ], [ 39.2473992, -6.7876339 ], [ 39.2474382, -6.7873704 ], [ 39.2475028, -6.7871121 ], [ 39.2475924, -6.7868613 ], [ 39.2477062, -6.7866205 ], [ 39.2478431, -6.786392 ], [ 39.2480017, -6.786178 ], [ 39.2481805, -6.7859805 ], [ 39.2483778, -6.7858016 ], [ 39.2485917, -6.7856428 ], [ 39.2488202, -6.7855058 ], [ 39.249061, -6.7853918 ], [ 39.2493118, -6.785302 ], [ 39.2495702, -6.7852371 ], [ 39.2498337, -6.7851979 ], [ 39.2500998, -6.7851847 ], [ 39.2503659, -6.7851976 ], [ 39.2506295, -6.7852366 ], [ 39.250888, -6.7853012 ], [ 39.2511388, -6.7853908 ], [ 39.2513798, -6.7855045 ], [ 39.2516083, -6.7856413 ], [ 39.2518224, -6.7857998 ], [ 39.2520199, -6.7859786 ], [ 39.252199, -6.7861758 ], [ 39.2523578, -6.7863896 ], [ 39.2524949, -6.786618 ], [ 39.2525028, -6.7866346 ], [ 39.2525057, -6.7866395 ], [ 39.2526197, -6.7868802 ], [ 39.2527096, -6.7871309 ], [ 39.2527745, -6.7873892 ], [ 39.2528137, -6.7876526 ], [ 39.2528269, -6.7879186 ], [ 39.252814, -6.7881846 ], [ 39.252775, -6.7884481 ], [ 39.2527104, -6.7887064 ], [ 39.2526208, -6.7889572 ] ], [ [ 39.2735658, -6.8470809 ], [ 39.273429, -6.8473094 ], [ 39.2732704, -6.8475234 ], [ 39.2730915, -6.8477208 ], [ 39.2728942, -6.8478998 ], [ 39.2726803, -6.8480586 ], [ 39.2724518, -6.8481956 ], [ 39.272211, -6.8483096 ], [ 39.2719602, -6.8483995 ], [ 39.2717017, -6.8484643 ], [ 39.2714382, -6.8485036 ], [ 39.271172, -6.8485168 ], [ 39.2709059, -6.8485039 ], [ 39.2706423, -6.8484649 ], [ 39.2703838, -6.8484004 ], [ 39.2701328, -6.8483108 ], [ 39.2698919, -6.8481971 ], [ 39.2696633, -6.8480603 ], [ 39.2694492, -6.8479017 ], [ 39.2692516, -6.847723 ], [ 39.2690726, -6.8475258 ], [ 39.2689137, -6.847312 ], [ 39.2687766, -6.8470836 ], [ 39.2686625, -6.8468429 ], [ 39.2685726, -6.8465922 ], [ 39.2685077, -6.8463339 ], [ 39.2684685, -6.8460705 ], [ 39.2684553, -6.8458045 ], [ 39.2684682, -6.8455385 ], [ 39.2685072, -6.8452751 ], [ 39.2685718, -6.8450167 ], [ 39.2686614, -6.8447659 ], [ 39.2687752, -6.8445251 ], [ 39.268912, -6.8442966 ], [ 39.2690706, -6.8440826 ], [ 39.2692495, -6.8438851 ], [ 39.2694468, -6.8437062 ], [ 39.2696607, -6.8435474 ], [ 39.2698892, -6.8434104 ], [ 39.27013, -6.8432964 ], [ 39.2703809, -6.8432065 ], [ 39.2706393, -6.8431417 ], [ 39.2709028, -6.8431024 ], [ 39.271169, -6.8430892 ], [ 39.2714351, -6.8431021 ], [ 39.2716987, -6.8431411 ], [ 39.2719572, -6.8432056 ], [ 39.2722082, -6.8432952 ], [ 39.2724491, -6.8434089 ], [ 39.2726777, -6.8435457 ], [ 39.2728918, -6.8437042 ], [ 39.2730894, -6.843883 ], [ 39.2732684, -6.8440802 ], [ 39.2734273, -6.844294 ], [ 39.2735644, -6.8445224 ], [ 39.2736784, -6.8447631 ], [ 39.2737684, -6.8450138 ], [ 39.2738332, -6.8452721 ], [ 39.2738725, -6.8455355 ], [ 39.2738857, -6.8458015 ], [ 39.2738728, -6.8460675 ], [ 39.2738339, -6.8463309 ], [ 39.2737693, -6.8465893 ], [ 39.2736796, -6.8468401 ], [ 39.2735658, -6.8470809 ] ], [ [ 39.2678753, -6.8302811 ], [ 39.2677385, -6.8305096 ], [ 39.2675799, -6.8307236 ], [ 39.2674011, -6.8309211 ], [ 39.2672037, -6.8311 ], [ 39.2669898, -6.8312588 ], [ 39.2667613, -6.8313958 ], [ 39.2665205, -6.8315098 ], [ 39.2662697, -6.8315997 ], [ 39.2660113, -6.8316645 ], [ 39.2657477, -6.8317038 ], [ 39.2654816, -6.831717 ], [ 39.2652155, -6.8317041 ], [ 39.2649519, -6.8316651 ], [ 39.2646934, -6.8316006 ], [ 39.2644424, -6.831511 ], [ 39.2642015, -6.8313972 ], [ 39.2639729, -6.8312605 ], [ 39.2637588, -6.8311019 ], [ 39.2635613, -6.8309232 ], [ 39.2633822, -6.830726 ], [ 39.2632234, -6.8305121 ], [ 39.2630863, -6.8302838 ], [ 39.2629722, -6.8300431 ], [ 39.2628823, -6.8297924 ], [ 39.2628174, -6.8295341 ], [ 39.2627782, -6.8292707 ], [ 39.262765, -6.8290047 ], [ 39.2627779, -6.8287387 ], [ 39.2628169, -6.8284752 ], [ 39.2628815, -6.8282169 ], [ 39.2629711, -6.8279661 ], [ 39.2630849, -6.8277252 ], [ 39.2632217, -6.8274967 ], [ 39.2633803, -6.8272827 ], [ 39.2635592, -6.8270853 ], [ 39.2637565, -6.8269064 ], [ 39.2639704, -6.8267476 ], [ 39.2641989, -6.8266106 ], [ 39.2644397, -6.8264966 ], [ 39.2646905, -6.8264067 ], [ 39.2649489, -6.8263419 ], [ 39.2652125, -6.8263026 ], [ 39.2654786, -6.8262894 ], [ 39.2657447, -6.8263023 ], [ 39.2660083, -6.8263413 ], [ 39.2662668, -6.8264058 ], [ 39.2665177, -6.8264954 ], [ 39.2667587, -6.8266092 ], [ 39.2669873, -6.8267459 ], [ 39.2672014, -6.8269045 ], [ 39.2673989, -6.8270832 ], [ 39.267578, -6.8272804 ], [ 39.2677368, -6.8274943 ], [ 39.2678739, -6.8277226 ], [ 39.267988, -6.8279633 ], [ 39.2680779, -6.828214 ], [ 39.2681428, -6.8284723 ], [ 39.268182, -6.8287357 ], [ 39.2681952, -6.8290017 ], [ 39.2681823, -6.8292677 ], [ 39.2681434, -6.8295312 ], [ 39.2680788, -6.8297895 ], [ 39.2679891, -6.8300403 ], [ 39.2678753, -6.8302811 ] ], [ [ 39.2718349, -6.8257648 ], [ 39.2717421, -6.8257787 ], [ 39.271476, -6.8257919 ], [ 39.2712099, -6.825779 ], [ 39.2709463, -6.82574 ], [ 39.2706878, -6.8256755 ], [ 39.2704369, -6.8255859 ], [ 39.270196, -6.8254722 ], [ 39.2699673, -6.8253354 ], [ 39.2697532, -6.8251768 ], [ 39.2695557, -6.8249981 ], [ 39.2693767, -6.8248009 ], [ 39.2692178, -6.8245871 ], [ 39.2690807, -6.8243587 ], [ 39.2689667, -6.824118 ], [ 39.2688768, -6.8238673 ], [ 39.2688119, -6.823609 ], [ 39.2687726, -6.8233456 ], [ 39.2687594, -6.8230796 ], [ 39.2687723, -6.8228136 ], [ 39.2688113, -6.8225502 ], [ 39.2688759, -6.8222918 ], [ 39.2689655, -6.822041 ], [ 39.2690793, -6.8218002 ], [ 39.2692161, -6.8215717 ], [ 39.2693747, -6.8213577 ], [ 39.2695536, -6.8211602 ], [ 39.2697509, -6.8209813 ], [ 39.2699648, -6.8208225 ], [ 39.2701933, -6.8206855 ], [ 39.2704341, -6.8205715 ], [ 39.2706849, -6.8204816 ], [ 39.2709433, -6.8204168 ], [ 39.2712069, -6.8203775 ], [ 39.271473, -6.8203643 ], [ 39.2716711, -6.8203739 ], [ 39.2716774, -6.8202425 ], [ 39.2717164, -6.8199791 ], [ 39.271781, -6.8197207 ], [ 39.2718706, -6.8194699 ], [ 39.2719844, -6.8192291 ], [ 39.2721212, -6.8190006 ], [ 39.2722798, -6.8187866 ], [ 39.2724587, -6.8185892 ], [ 39.2725414, -6.8185141 ], [ 39.272386, -6.818399 ], [ 39.2721884, -6.8182202 ], [ 39.2720094, -6.818023 ], [ 39.2718817, -6.8178511 ], [ 39.2716877, -6.8178997 ], [ 39.2716161, -6.8179104 ], [ 39.271528, -6.8180292 ], [ 39.2713492, -6.8182267 ], [ 39.2711519, -6.8184056 ], [ 39.270938, -6.8185644 ], [ 39.2707095, -6.8187014 ], [ 39.2704687, -6.8188154 ], [ 39.2702179, -6.8189053 ], [ 39.2699595, -6.8189701 ], [ 39.2696959, -6.8190094 ], [ 39.2694298, -6.8190226 ], [ 39.2691637, -6.8190097 ], [ 39.2689001, -6.8189707 ], [ 39.2686416, -6.8189062 ], [ 39.2683907, -6.8188166 ], [ 39.2681498, -6.8187029 ], [ 39.2679211, -6.8185661 ], [ 39.267707, -6.8184075 ], [ 39.2675095, -6.8182288 ], [ 39.2673305, -6.8180316 ], [ 39.2671716, -6.8178177 ], [ 39.2670345, -6.8175894 ], [ 39.2669205, -6.8173487 ], [ 39.2668306, -6.817098 ], [ 39.2667657, -6.8168397 ], [ 39.2667265, -6.8165763 ], [ 39.2667132, -6.8163103 ], [ 39.2667262, -6.8160443 ], [ 39.2667651, -6.8157808 ], [ 39.2668297, -6.8155225 ], [ 39.2669193, -6.8152717 ], [ 39.2670331, -6.8150309 ], [ 39.26717, -6.8148024 ], [ 39.2673286, -6.8145884 ], [ 39.2675074, -6.8143909 ], [ 39.2677047, -6.814212 ], [ 39.2679186, -6.8140532 ], [ 39.2681471, -6.8139162 ], [ 39.2683879, -6.8138022 ], [ 39.2686387, -6.8137123 ], [ 39.2688971, -6.8136475 ], [ 39.2689687, -6.8136368 ], [ 39.2690568, -6.813518 ], [ 39.2692356, -6.8133205 ], [ 39.2692547, -6.8133033 ], [ 39.2692812, -6.8132675 ], [ 39.26946, -6.81307 ], [ 39.2696573, -6.8128911 ], [ 39.2698712, -6.8127323 ], [ 39.2700997, -6.8125953 ], [ 39.2703405, -6.8124813 ], [ 39.2705913, -6.8123914 ], [ 39.2708497, -6.8123266 ], [ 39.2711133, -6.8122873 ], [ 39.2713794, -6.8122741 ], [ 39.2716455, -6.812287 ], [ 39.2719091, -6.812326 ], [ 39.2721676, -6.8123905 ], [ 39.2724185, -6.8124801 ], [ 39.2726594, -6.8125938 ], [ 39.272888, -6.8127306 ], [ 39.2729275, -6.8127598 ], [ 39.2731437, -6.8127056 ], [ 39.2734072, -6.8126663 ], [ 39.2736734, -6.8126531 ], [ 39.2739395, -6.812666 ], [ 39.2742031, -6.812705 ], [ 39.2744616, -6.8127695 ], [ 39.2747125, -6.8128591 ], [ 39.2749534, -6.8129728 ], [ 39.275182, -6.8131096 ], [ 39.2753961, -6.8132681 ], [ 39.2755936, -6.8134469 ], [ 39.2757727, -6.8136441 ], [ 39.2759315, -6.8138579 ], [ 39.2760686, -6.8140863 ], [ 39.2761827, -6.814327 ], [ 39.2762726, -6.8145777 ], [ 39.276307, -6.8147148 ], [ 39.2763638, -6.8147912 ], [ 39.2765009, -6.8150196 ], [ 39.276615, -6.8152603 ], [ 39.2767049, -6.815511 ], [ 39.2767698, -6.8157692 ], [ 39.276809, -6.8160327 ], [ 39.2768223, -6.8162987 ], [ 39.2768093, -6.8165647 ], [ 39.2767704, -6.8168281 ], [ 39.2767058, -6.8170865 ], [ 39.2766162, -6.8173373 ], [ 39.2765024, -6.8175781 ], [ 39.2763656, -6.8178066 ], [ 39.2763472, -6.8178313 ], [ 39.2765688, -6.8178641 ], [ 39.2768273, -6.8179286 ], [ 39.2770782, -6.8180182 ], [ 39.2773191, -6.8181319 ], [ 39.2775477, -6.8182687 ], [ 39.2777618, -6.8184272 ], [ 39.2779593, -6.818606 ], [ 39.2781384, -6.8188032 ], [ 39.2782972, -6.819017 ], [ 39.2784343, -6.8192454 ], [ 39.2785484, -6.819486 ], [ 39.2786383, -6.8197367 ], [ 39.2787032, -6.819995 ], [ 39.2787425, -6.8202585 ], [ 39.2787557, -6.8205244 ], [ 39.2787428, -6.8207904 ], [ 39.2787038, -6.8210539 ], [ 39.2786392, -6.8213123 ], [ 39.2785496, -6.8215631 ], [ 39.2785136, -6.8216392 ], [ 39.2786845, -6.8215367 ], [ 39.2789253, -6.8214227 ], [ 39.2791761, -6.8213328 ], [ 39.2794346, -6.821268 ], [ 39.2796981, -6.8212287 ], [ 39.2799642, -6.8212155 ], [ 39.2802304, -6.8212284 ], [ 39.2804939, -6.8212674 ], [ 39.2807524, -6.8213319 ], [ 39.2810034, -6.8214215 ], [ 39.2812443, -6.8215352 ], [ 39.2814729, -6.821672 ], [ 39.281687, -6.8218305 ], [ 39.2818845, -6.8220093 ], [ 39.2820636, -6.8222065 ], [ 39.2822224, -6.8224203 ], [ 39.2823596, -6.8226486 ], [ 39.2824736, -6.8228893 ], [ 39.2825635, -6.82314 ], [ 39.2826284, -6.8233983 ], [ 39.2826677, -6.8236617 ], [ 39.2826809, -6.8239277 ], [ 39.282668, -6.8241937 ], [ 39.282629, -6.8244572 ], [ 39.2825644, -6.8247156 ], [ 39.2824748, -6.8249664 ], [ 39.2823611, -6.8252072 ], [ 39.2822242, -6.8254357 ], [ 39.2820656, -6.8256497 ], [ 39.2818868, -6.8258471 ], [ 39.2816895, -6.8260261 ], [ 39.2814755, -6.8261848 ], [ 39.2812471, -6.8263219 ], [ 39.2810063, -6.8264359 ], [ 39.2807555, -6.8265258 ], [ 39.280497, -6.8265906 ], [ 39.2802335, -6.8266299 ], [ 39.2799674, -6.8266431 ], [ 39.2797012, -6.8266302 ], [ 39.2794377, -6.8265912 ], [ 39.2791792, -6.8265267 ], [ 39.2789282, -6.8264371 ], [ 39.2786873, -6.8263234 ], [ 39.2784587, -6.8261866 ], [ 39.2782446, -6.8260281 ], [ 39.278047, -6.8258493 ], [ 39.277868, -6.8256521 ], [ 39.2777091, -6.8254383 ], [ 39.277572, -6.8252099 ], [ 39.277458, -6.8249693 ], [ 39.2773681, -6.8247186 ], [ 39.2773032, -6.8244603 ], [ 39.2772639, -6.8241969 ], [ 39.2772507, -6.8239309 ], [ 39.2772636, -6.8236649 ], [ 39.2773026, -6.8234014 ], [ 39.2773672, -6.823143 ], [ 39.2774568, -6.8228922 ], [ 39.2774928, -6.8228161 ], [ 39.2773219, -6.8229186 ], [ 39.2770811, -6.8230326 ], [ 39.2768302, -6.8231225 ], [ 39.2765963, -6.8231812 ], [ 39.2766626, -6.8233212 ], [ 39.2767525, -6.8235718 ], [ 39.2768174, -6.8238301 ], [ 39.2768567, -6.8240936 ], [ 39.2768699, -6.8243595 ], [ 39.276857, -6.8246256 ], [ 39.276818, -6.824889 ], [ 39.2767534, -6.8251474 ], [ 39.2766638, -6.8253982 ], [ 39.27655, -6.825639 ], [ 39.2764132, -6.8258675 ], [ 39.2762546, -6.8260815 ], [ 39.2760758, -6.8262789 ], [ 39.2758784, -6.8264579 ], [ 39.2756645, -6.8266167 ], [ 39.2754361, -6.8267537 ], [ 39.2751953, -6.8268677 ], [ 39.2749444, -6.8269576 ], [ 39.274686, -6.8270224 ], [ 39.2744225, -6.8270617 ], [ 39.2741563, -6.8270749 ], [ 39.2738902, -6.827062 ], [ 39.2736266, -6.827023 ], [ 39.2733681, -6.8269585 ], [ 39.2731172, -6.8268689 ], [ 39.2728763, -6.8267552 ], [ 39.2726476, -6.8266184 ], [ 39.2724335, -6.8264599 ], [ 39.272236, -6.8262811 ], [ 39.272057, -6.8260839 ], [ 39.2718981, -6.8258701 ], [ 39.2718349, -6.8257648 ] ], [ [ 39.2610984, -6.809384 ], [ 39.2609846, -6.8096248 ], [ 39.2608478, -6.8098533 ], [ 39.2606892, -6.8100673 ], [ 39.2605103, -6.8102647 ], [ 39.260313, -6.8104437 ], [ 39.2600991, -6.8106024 ], [ 39.2598706, -6.8107395 ], [ 39.2596298, -6.8108535 ], [ 39.259379, -6.8109433 ], [ 39.2591206, -6.8110082 ], [ 39.2588571, -6.8110474 ], [ 39.258591, -6.8110606 ], [ 39.2583248, -6.8110477 ], [ 39.2580612, -6.8110087 ], [ 39.2578028, -6.8109441 ], [ 39.2575518, -6.8108546 ], [ 39.2573109, -6.8107408 ], [ 39.2570823, -6.810604 ], [ 39.2568682, -6.8104455 ], [ 39.2566707, -6.8102668 ], [ 39.2564917, -6.8100695 ], [ 39.2563328, -6.8098557 ], [ 39.2561957, -6.8096273 ], [ 39.2560817, -6.8093867 ], [ 39.2559918, -6.809136 ], [ 39.2559269, -6.8088776 ], [ 39.2558877, -6.8086142 ], [ 39.2558745, -6.8083482 ], [ 39.2558874, -6.8080822 ], [ 39.2559264, -6.8078188 ], [ 39.255991, -6.8075604 ], [ 39.2560806, -6.8073096 ], [ 39.2561944, -6.8070688 ], [ 39.2563312, -6.8068403 ], [ 39.2564899, -6.8066263 ], [ 39.2566687, -6.8064289 ], [ 39.256866, -6.8062499 ], [ 39.2570799, -6.8060912 ], [ 39.2573084, -6.8059541 ], [ 39.2575492, -6.8058401 ], [ 39.2578, -6.8057503 ], [ 39.2580584, -6.8056854 ], [ 39.2583219, -6.8056462 ], [ 39.258588, -6.805633 ], [ 39.2588542, -6.8056459 ], [ 39.2591177, -6.8056849 ], [ 39.2593762, -6.8057494 ], [ 39.2596271, -6.805839 ], [ 39.2598681, -6.8059528 ], [ 39.2600967, -6.8060896 ], [ 39.2603108, -6.8062481 ], [ 39.2605083, -6.8064268 ], [ 39.2606873, -6.8066241 ], [ 39.2608461, -6.8068379 ], [ 39.2609832, -6.8070662 ], [ 39.2610973, -6.8073069 ], [ 39.2611872, -6.8075576 ], [ 39.2612521, -6.8078159 ], [ 39.2612913, -6.8080794 ], [ 39.2613045, -6.8083453 ], [ 39.2612916, -6.8086113 ], [ 39.2612526, -6.8088748 ], [ 39.261188, -6.8091332 ], [ 39.2610984, -6.809384 ] ], [ [ 39.2577697, -6.8043434 ], [ 39.2575062, -6.8043826 ], [ 39.25724, -6.8043958 ], [ 39.2569739, -6.8043829 ], [ 39.2567103, -6.8043439 ], [ 39.2564519, -6.8042793 ], [ 39.256201, -6.8041898 ], [ 39.25596, -6.804076 ], [ 39.2557314, -6.8039392 ], [ 39.2555173, -6.8037807 ], [ 39.2553198, -6.803602 ], [ 39.2551408, -6.8034047 ], [ 39.254982, -6.8031909 ], [ 39.2548449, -6.8029625 ], [ 39.2547308, -6.8027218 ], [ 39.2546409, -6.8024711 ], [ 39.2545761, -6.8022128 ], [ 39.2545368, -6.8019494 ], [ 39.2545236, -6.8016834 ], [ 39.2545366, -6.8014174 ], [ 39.2545755, -6.801154 ], [ 39.2546401, -6.8008956 ], [ 39.2547297, -6.8006448 ], [ 39.2548435, -6.800404 ], [ 39.2549804, -6.8001755 ], [ 39.2550601, -6.8000679 ], [ 39.2549513, -6.7998383 ], [ 39.2548615, -6.7995876 ], [ 39.2547966, -6.7993293 ], [ 39.2547574, -6.7990659 ], [ 39.2547441, -6.7987999 ], [ 39.2547571, -6.7985339 ], [ 39.254796, -6.7982705 ], [ 39.2548606, -6.7980121 ], [ 39.2549503, -6.7977613 ], [ 39.255064, -6.7975205 ], [ 39.255076, -6.7975006 ], [ 39.2551133, -6.7974215 ], [ 39.2552502, -6.797193 ], [ 39.2554088, -6.796979 ], [ 39.2555876, -6.7967816 ], [ 39.2557849, -6.7966026 ], [ 39.2559989, -6.7964439 ], [ 39.2562273, -6.7963068 ], [ 39.2564681, -6.7961928 ], [ 39.2567189, -6.796103 ], [ 39.2569773, -6.7960381 ], [ 39.2572409, -6.7959989 ], [ 39.257507, -6.7959857 ], [ 39.2577731, -6.7959986 ], [ 39.2580366, -6.7960376 ], [ 39.2582951, -6.7961022 ], [ 39.258546, -6.7961917 ], [ 39.2587869, -6.7963055 ], [ 39.2590155, -6.7964423 ], [ 39.2592296, -6.7966008 ], [ 39.2594271, -6.7967795 ], [ 39.2596062, -6.7969768 ], [ 39.259765, -6.7971906 ], [ 39.2599021, -6.797419 ], [ 39.2600161, -6.7976596 ], [ 39.260106, -6.7979103 ], [ 39.2601709, -6.7981686 ], [ 39.2602101, -6.7984321 ], [ 39.2602212, -6.7986544 ], [ 39.2603132, -6.7987558 ], [ 39.260472, -6.7989696 ], [ 39.2606091, -6.7991979 ], [ 39.2607231, -6.7994386 ], [ 39.260813, -6.7996893 ], [ 39.2608779, -6.7999476 ], [ 39.2609035, -6.8001195 ], [ 39.2609357, -6.8001875 ], [ 39.2610256, -6.8004382 ], [ 39.2610905, -6.8006965 ], [ 39.2611298, -6.80096 ], [ 39.261143, -6.8012259 ], [ 39.26113, -6.8014919 ], [ 39.2610911, -6.8017554 ], [ 39.2610265, -6.8020138 ], [ 39.2609369, -6.8022646 ], [ 39.2608231, -6.8025054 ], [ 39.2606862, -6.8027339 ], [ 39.2605276, -6.8029479 ], [ 39.2603488, -6.8031453 ], [ 39.2601515, -6.8033243 ], [ 39.2599376, -6.803483 ], [ 39.2597091, -6.8036201 ], [ 39.2594683, -6.8037341 ], [ 39.2592175, -6.8038239 ], [ 39.2589591, -6.8038888 ], [ 39.2587776, -6.8039158 ], [ 39.2587482, -6.8039376 ], [ 39.2585197, -6.8040747 ], [ 39.2582789, -6.8041887 ], [ 39.2580281, -6.8042785 ], [ 39.2577697, -6.8043434 ] ], [ [ 39.2691515, -6.8007228 ], [ 39.2690146, -6.8009513 ], [ 39.2688561, -6.8011653 ], [ 39.2686772, -6.8013628 ], [ 39.2684799, -6.8015417 ], [ 39.268266, -6.8017005 ], [ 39.2680376, -6.8018375 ], [ 39.2677968, -6.8019515 ], [ 39.2675459, -6.8020414 ], [ 39.2672875, -6.8021062 ], [ 39.267024, -6.8021455 ], [ 39.2667579, -6.8021587 ], [ 39.2664918, -6.8021458 ], [ 39.2662282, -6.8021068 ], [ 39.2659697, -6.8020423 ], [ 39.2657188, -6.8019527 ], [ 39.2654779, -6.8018389 ], [ 39.2652493, -6.8017022 ], [ 39.2650352, -6.8015436 ], [ 39.2648377, -6.8013649 ], [ 39.2646586, -6.8011677 ], [ 39.2644998, -6.8009538 ], [ 39.2643627, -6.8007255 ], [ 39.2642487, -6.8004848 ], [ 39.2641588, -6.8002341 ], [ 39.2640939, -6.7999758 ], [ 39.2640547, -6.7997124 ], [ 39.2640414, -6.7994464 ], [ 39.2640544, -6.7991804 ], [ 39.2640933, -6.7989169 ], [ 39.2641579, -6.7986586 ], [ 39.2642475, -6.7984078 ], [ 39.2643613, -6.7981669 ], [ 39.2644982, -6.7979384 ], [ 39.2646568, -6.7977244 ], [ 39.2647716, -6.7975977 ], [ 39.2647179, -6.7975386 ], [ 39.264559, -6.7973247 ], [ 39.2644219, -6.7970964 ], [ 39.2643079, -6.7968557 ], [ 39.264218, -6.796605 ], [ 39.2641531, -6.7963467 ], [ 39.2641139, -6.7960833 ], [ 39.2641007, -6.7958173 ], [ 39.2641136, -6.7955513 ], [ 39.2641525, -6.7952878 ], [ 39.2642171, -6.7950295 ], [ 39.2643068, -6.7947787 ], [ 39.2644205, -6.7945378 ], [ 39.2645574, -6.7943093 ], [ 39.264716, -6.7940953 ], [ 39.2648948, -6.7938979 ], [ 39.2650921, -6.793719 ], [ 39.265306, -6.7935602 ], [ 39.2655345, -6.7934232 ], [ 39.2657753, -6.7933092 ], [ 39.2660261, -6.7932193 ], [ 39.2662845, -6.7931545 ], [ 39.266548, -6.7931152 ], [ 39.2668141, -6.793102 ], [ 39.2670802, -6.7931149 ], [ 39.2673438, -6.7931539 ], [ 39.2676023, -6.7932184 ], [ 39.2678532, -6.793308 ], [ 39.2680941, -6.7934218 ], [ 39.2683227, -6.7935585 ], [ 39.2685368, -6.7937171 ], [ 39.2687343, -6.7938958 ], [ 39.2689133, -6.794093 ], [ 39.2690722, -6.7943069 ], [ 39.2692093, -6.7945352 ], [ 39.2693233, -6.7947759 ], [ 39.2694132, -6.7950266 ], [ 39.2694781, -6.7952849 ], [ 39.2695173, -6.7955483 ], [ 39.2695305, -6.7958143 ], [ 39.2695176, -6.7960803 ], [ 39.2694787, -6.7963438 ], [ 39.2694141, -6.7966021 ], [ 39.2693245, -6.7968529 ], [ 39.2692107, -6.7970937 ], [ 39.2690738, -6.7973222 ], [ 39.2689152, -6.7975362 ], [ 39.2688004, -6.797663 ], [ 39.2688541, -6.7977221 ], [ 39.269013, -6.797936 ], [ 39.2691501, -6.7981643 ], [ 39.2692641, -6.798405 ], [ 39.269354, -6.7986557 ], [ 39.2694189, -6.798914 ], [ 39.2694581, -6.7991774 ], [ 39.2694714, -6.7994434 ], [ 39.2694584, -6.7997094 ], [ 39.2694195, -6.7999729 ], [ 39.2693549, -6.8002312 ], [ 39.2692653, -6.800482 ], [ 39.2691515, -6.8007228 ] ], [ [ 39.266496, -6.791532 ], [ 39.2663592, -6.7917605 ], [ 39.2662006, -6.7919745 ], [ 39.2660218, -6.7921719 ], [ 39.2658245, -6.7923508 ], [ 39.2656106, -6.7925096 ], [ 39.2653821, -6.7926466 ], [ 39.2651413, -6.7927606 ], [ 39.2648905, -6.7928505 ], [ 39.2646321, -6.7929154 ], [ 39.2643686, -6.7929546 ], [ 39.2641025, -6.7929678 ], [ 39.2638364, -6.7929549 ], [ 39.2635728, -6.7929159 ], [ 39.2633143, -6.7928514 ], [ 39.2630634, -6.7927618 ], [ 39.2628225, -6.792648 ], [ 39.2625939, -6.7925112 ], [ 39.2623798, -6.7923527 ], [ 39.2621823, -6.792174 ], [ 39.2620033, -6.7919767 ], [ 39.2618444, -6.7917629 ], [ 39.2617074, -6.7915346 ], [ 39.2615933, -6.7912939 ], [ 39.2615034, -6.7910432 ], [ 39.2614385, -6.7907849 ], [ 39.2613993, -6.7905215 ], [ 39.2613861, -6.7902555 ], [ 39.261399, -6.7899895 ], [ 39.261438, -6.789726 ], [ 39.2615026, -6.7894676 ], [ 39.2615922, -6.7892168 ], [ 39.261706, -6.788976 ], [ 39.2618428, -6.7887475 ], [ 39.2620014, -6.7885335 ], [ 39.2621802, -6.7883361 ], [ 39.2623775, -6.7881572 ], [ 39.2625915, -6.7879984 ], [ 39.2628199, -6.7878614 ], [ 39.2630607, -6.7877474 ], [ 39.2633115, -6.7876575 ], [ 39.2635699, -6.7875926 ], [ 39.2638334, -6.7875534 ], [ 39.2640995, -6.7875402 ], [ 39.2643656, -6.7875531 ], [ 39.2646292, -6.7875921 ], [ 39.2648877, -6.7876566 ], [ 39.2651386, -6.7877462 ], [ 39.2653795, -6.78786 ], [ 39.2656081, -6.7879967 ], [ 39.2658222, -6.7881553 ], [ 39.2660197, -6.788334 ], [ 39.2661987, -6.7885312 ], [ 39.2663575, -6.7887451 ], [ 39.2664946, -6.7889734 ], [ 39.2666087, -6.7892141 ], [ 39.2666986, -6.7894648 ], [ 39.2667635, -6.7897231 ], [ 39.2668027, -6.7899865 ], [ 39.2668159, -6.7902525 ], [ 39.266803, -6.7905185 ], [ 39.266764, -6.790782 ], [ 39.2666994, -6.7910403 ], [ 39.2666098, -6.7912911 ], [ 39.266496, -6.791532 ] ], [ [ 39.2587831, -6.7838999 ], [ 39.2586462, -6.7841284 ], [ 39.2584876, -6.7843424 ], [ 39.2583088, -6.7845398 ], [ 39.2581115, -6.7847188 ], [ 39.2578976, -6.7848775 ], [ 39.2576692, -6.7850146 ], [ 39.2574284, -6.7851286 ], [ 39.2571776, -6.7852184 ], [ 39.2569192, -6.7852833 ], [ 39.2566556, -6.7853225 ], [ 39.2563895, -6.7853357 ], [ 39.2561234, -6.7853228 ], [ 39.2558599, -6.7852838 ], [ 39.2556014, -6.7852192 ], [ 39.2553505, -6.7851297 ], [ 39.2551096, -6.7850159 ], [ 39.254881, -6.7848791 ], [ 39.2546669, -6.7847206 ], [ 39.2544694, -6.7845418 ], [ 39.2542904, -6.7843446 ], [ 39.2541316, -6.7841308 ], [ 39.2539945, -6.7839024 ], [ 39.2538804, -6.7836617 ], [ 39.2537905, -6.783411 ], [ 39.2537257, -6.7831527 ], [ 39.2536864, -6.7828893 ], [ 39.2536732, -6.7826233 ], [ 39.2536862, -6.7823573 ], [ 39.2537251, -6.7820939 ], [ 39.2537897, -6.7818355 ], [ 39.2538793, -6.7815847 ], [ 39.2539931, -6.7813439 ], [ 39.25413, -6.7811154 ], [ 39.2542886, -6.7809014 ], [ 39.2544674, -6.780704 ], [ 39.2546647, -6.780525 ], [ 39.2548786, -6.7803663 ], [ 39.2551071, -6.7802292 ], [ 39.2553478, -6.7801152 ], [ 39.2555986, -6.7800254 ], [ 39.2556933, -6.7800016 ], [ 39.2570831, -6.7800016 ], [ 39.2571748, -6.7800246 ], [ 39.2574257, -6.7801141 ], [ 39.2576666, -6.7802279 ], [ 39.2578952, -6.7803647 ], [ 39.2581093, -6.7805232 ], [ 39.2583068, -6.7807019 ], [ 39.2584858, -6.7808992 ], [ 39.2586446, -6.781113 ], [ 39.2587817, -6.7813414 ], [ 39.2588958, -6.781582 ], [ 39.2589856, -6.7818328 ], [ 39.2590505, -6.7820911 ], [ 39.2590898, -6.7823545 ], [ 39.259103, -6.7826205 ], [ 39.25909, -6.7828865 ], [ 39.2590511, -6.7831499 ], [ 39.2589865, -6.7834083 ], [ 39.2588969, -6.7836591 ], [ 39.2587831, -6.7838999 ] ], [ [ 39.2937729, -6.8100703 ], [ 39.2936361, -6.8102988 ], [ 39.2934775, -6.8105128 ], [ 39.2932987, -6.8107103 ], [ 39.2931014, -6.8108892 ], [ 39.2928874, -6.811048 ], [ 39.292659, -6.8111851 ], [ 39.2924182, -6.8112991 ], [ 39.2921674, -6.8113889 ], [ 39.291909, -6.8114538 ], [ 39.2916454, -6.811493 ], [ 39.2913793, -6.8115063 ], [ 39.2911132, -6.8114934 ], [ 39.2908496, -6.8114545 ], [ 39.2905911, -6.8113899 ], [ 39.2903402, -6.8113003 ], [ 39.2901705, -6.8112202 ], [ 39.2901077, -6.81125 ], [ 39.2898569, -6.8113398 ], [ 39.2895985, -6.8114047 ], [ 39.2893349, -6.8114439 ], [ 39.2890688, -6.8114572 ], [ 39.2888027, -6.8114443 ], [ 39.2887451, -6.8114358 ], [ 39.2885988, -6.8114287 ], [ 39.2883352, -6.8113897 ], [ 39.2880767, -6.8113252 ], [ 39.2878258, -6.8112356 ], [ 39.2875849, -6.8111219 ], [ 39.2873563, -6.8109851 ], [ 39.2871422, -6.8108266 ], [ 39.2869446, -6.8106479 ], [ 39.2867656, -6.8104507 ], [ 39.2866067, -6.8102368 ], [ 39.2864696, -6.8100085 ], [ 39.2863556, -6.8097678 ], [ 39.2862657, -6.8095171 ], [ 39.2862008, -6.8092588 ], [ 39.2861615, -6.8089954 ], [ 39.2861483, -6.8087294 ], [ 39.2861612, -6.8084634 ], [ 39.2862001, -6.8082 ], [ 39.2862647, -6.8079416 ], [ 39.2863543, -6.8076908 ], [ 39.2864681, -6.80745 ], [ 39.286605, -6.8072214 ], [ 39.2867635, -6.8070074 ], [ 39.2869424, -6.80681 ], [ 39.2871397, -6.806631 ], [ 39.2873536, -6.8064723 ], [ 39.287582, -6.8063352 ], [ 39.2878228, -6.8062212 ], [ 39.2880736, -6.8061313 ], [ 39.288332, -6.8060665 ], [ 39.2884888, -6.8060431 ], [ 39.2886568, -6.8058577 ], [ 39.2888541, -6.8056788 ], [ 39.289068, -6.80552 ], [ 39.2892964, -6.8053829 ], [ 39.2895372, -6.8052689 ], [ 39.289788, -6.8051791 ], [ 39.2900464, -6.8051142 ], [ 39.29031, -6.805075 ], [ 39.2905761, -6.8050617 ], [ 39.2908422, -6.8050746 ], [ 39.2911058, -6.8051135 ], [ 39.2913643, -6.8051781 ], [ 39.2916152, -6.8052677 ], [ 39.2918561, -6.8053814 ], [ 39.2920847, -6.8055182 ], [ 39.2922988, -6.8056767 ], [ 39.2924963, -6.8058554 ], [ 39.2926754, -6.8060526 ], [ 39.2928342, -6.8062664 ], [ 39.2929713, -6.8064948 ], [ 39.2930477, -6.8066558 ], [ 39.2930988, -6.8066937 ], [ 39.2932963, -6.8068724 ], [ 39.2934754, -6.8070696 ], [ 39.2936342, -6.8072834 ], [ 39.2937713, -6.8075118 ], [ 39.2938854, -6.8077525 ], [ 39.2939753, -6.8080032 ], [ 39.2940402, -6.8082615 ], [ 39.2940795, -6.8085249 ], [ 39.2940927, -6.8087909 ], [ 39.2940798, -6.8090569 ], [ 39.2940409, -6.8093203 ], [ 39.2939763, -6.8095787 ], [ 39.2938867, -6.8098295 ], [ 39.2937729, -6.8100703 ] ], [ [ 39.2812026, -6.8085714 ], [ 39.2810657, -6.8087999 ], [ 39.2809071, -6.8090139 ], [ 39.2807283, -6.8092113 ], [ 39.280531, -6.8093903 ], [ 39.2803171, -6.8095491 ], [ 39.2800886, -6.8096861 ], [ 39.2798478, -6.8098001 ], [ 39.279597, -6.80989 ], [ 39.2793386, -6.8099548 ], [ 39.2790751, -6.8099941 ], [ 39.278809, -6.8100073 ], [ 39.2785428, -6.8099944 ], [ 39.2782793, -6.8099554 ], [ 39.2780208, -6.8098909 ], [ 39.2777699, -6.8098013 ], [ 39.2775289, -6.8096876 ], [ 39.2773003, -6.8095508 ], [ 39.2770862, -6.8093923 ], [ 39.2768887, -6.8092135 ], [ 39.2767097, -6.8090163 ], [ 39.2765508, -6.8088025 ], [ 39.2764137, -6.8085741 ], [ 39.2762997, -6.8083335 ], [ 39.2762098, -6.8080828 ], [ 39.2761449, -6.8078245 ], [ 39.2761056, -6.807561 ], [ 39.2760924, -6.8072951 ], [ 39.2761053, -6.8070291 ], [ 39.2761443, -6.8067656 ], [ 39.2762089, -6.8065072 ], [ 39.2762985, -6.8062564 ], [ 39.2764122, -6.8060156 ], [ 39.2765491, -6.8057871 ], [ 39.2767077, -6.8055731 ], [ 39.2768865, -6.8053757 ], [ 39.27693, -6.8053362 ], [ 39.2768069, -6.8053671 ], [ 39.2765434, -6.8054064 ], [ 39.2762773, -6.8054196 ], [ 39.2760111, -6.8054067 ], [ 39.2757476, -6.8053677 ], [ 39.2754891, -6.8053032 ], [ 39.2752381, -6.8052136 ], [ 39.2749972, -6.8050999 ], [ 39.2747686, -6.8049631 ], [ 39.2745545, -6.8048046 ], [ 39.274357, -6.8046258 ], [ 39.274178, -6.8044286 ], [ 39.2740191, -6.8042148 ], [ 39.273882, -6.8039864 ], [ 39.273768, -6.8037457 ], [ 39.2736781, -6.803495 ], [ 39.2736132, -6.8032367 ], [ 39.2735739, -6.8029733 ], [ 39.2735607, -6.8027073 ], [ 39.2735736, -6.8024413 ], [ 39.2736126, -6.8021779 ], [ 39.2736772, -6.8019195 ], [ 39.2737668, -6.8016687 ], [ 39.2738806, -6.8014279 ], [ 39.2740174, -6.8011994 ], [ 39.274176, -6.8009854 ], [ 39.2743548, -6.800788 ], [ 39.2745521, -6.800609 ], [ 39.2747661, -6.8004502 ], [ 39.2749945, -6.8003132 ], [ 39.2752353, -6.8001992 ], [ 39.2754861, -6.8001093 ], [ 39.2757445, -6.8000445 ], [ 39.276008, -6.8000052 ], [ 39.2762741, -6.799992 ], [ 39.2765403, -6.8000049 ], [ 39.2768038, -6.8000439 ], [ 39.2770623, -6.8001084 ], [ 39.2773132, -6.800198 ], [ 39.2775542, -6.8003117 ], [ 39.2777828, -6.8004485 ], [ 39.2779969, -6.800607 ], [ 39.2781944, -6.8007858 ], [ 39.2783734, -6.800983 ], [ 39.2785323, -6.8011968 ], [ 39.2786694, -6.8014252 ], [ 39.2787834, -6.8016658 ], [ 39.2788733, -6.8019165 ], [ 39.2789382, -6.8021748 ], [ 39.2789775, -6.8024383 ], [ 39.2789907, -6.8027042 ], [ 39.2789778, -6.8029702 ], [ 39.2789388, -6.8032337 ], [ 39.2788742, -6.8034921 ], [ 39.2787846, -6.8037429 ], [ 39.2786708, -6.8039837 ], [ 39.278534, -6.8042122 ], [ 39.2783754, -6.8044262 ], [ 39.2781966, -6.8046236 ], [ 39.2781531, -6.8046631 ], [ 39.2782762, -6.8046322 ], [ 39.2785397, -6.8045929 ], [ 39.2788058, -6.8045797 ], [ 39.279072, -6.8045926 ], [ 39.2793355, -6.8046316 ], [ 39.279594, -6.8046961 ], [ 39.2798449, -6.8047857 ], [ 39.2800859, -6.8048994 ], [ 39.2803145, -6.8050362 ], [ 39.2805286, -6.8051947 ], [ 39.2807261, -6.8053735 ], [ 39.2809051, -6.8055707 ], [ 39.281064, -6.8057845 ], [ 39.2812011, -6.8060128 ], [ 39.2813151, -6.8062535 ], [ 39.281405, -6.8065042 ], [ 39.2814699, -6.8067625 ], [ 39.2815092, -6.8070259 ], [ 39.2815224, -6.8072919 ], [ 39.2815095, -6.8075579 ], [ 39.2814705, -6.8078214 ], [ 39.281406, -6.8080798 ], [ 39.2813163, -6.8083306 ], [ 39.2812026, -6.8085714 ] ], [ [ 39.2769787, -6.7882428 ], [ 39.2768418, -6.7884713 ], [ 39.2766832, -6.7886853 ], [ 39.2765044, -6.7888827 ], [ 39.2763071, -6.7890617 ], [ 39.2760932, -6.7892205 ], [ 39.2758648, -6.7893575 ], [ 39.275624, -6.7894715 ], [ 39.2753732, -6.7895614 ], [ 39.2751148, -6.7896262 ], [ 39.2748512, -6.7896655 ], [ 39.2745851, -6.7896787 ], [ 39.274319, -6.7896658 ], [ 39.2740555, -6.7896268 ], [ 39.273797, -6.7895623 ], [ 39.2735461, -6.7894727 ], [ 39.2733052, -6.789359 ], [ 39.2730766, -6.7892222 ], [ 39.2728625, -6.7890637 ], [ 39.272665, -6.7888849 ], [ 39.2724859, -6.7886877 ], [ 39.2723271, -6.7884739 ], [ 39.27219, -6.7882455 ], [ 39.2720759, -6.7880048 ], [ 39.2719861, -6.7877541 ], [ 39.2719212, -6.7874958 ], [ 39.2718819, -6.7872324 ], [ 39.2718687, -6.7869664 ], [ 39.2718816, -6.7867004 ], [ 39.2719206, -6.786437 ], [ 39.2719852, -6.7861786 ], [ 39.2720748, -6.7859278 ], [ 39.2721886, -6.785687 ], [ 39.2723254, -6.7854585 ], [ 39.272484, -6.7852445 ], [ 39.2726628, -6.785047 ], [ 39.2728601, -6.7848681 ], [ 39.273074, -6.7847093 ], [ 39.2733025, -6.7845723 ], [ 39.2735432, -6.7844583 ], [ 39.273794, -6.7843684 ], [ 39.2740524, -6.7843036 ], [ 39.274316, -6.7842643 ], [ 39.2745821, -6.7842511 ], [ 39.2748482, -6.784264 ], [ 39.2751117, -6.784303 ], [ 39.2753702, -6.7843675 ], [ 39.2756211, -6.7844571 ], [ 39.275862, -6.7845708 ], [ 39.2760906, -6.7847076 ], [ 39.2763047, -6.7848661 ], [ 39.2765022, -6.7850449 ], [ 39.2766813, -6.7852421 ], [ 39.2768401, -6.7854559 ], [ 39.2769772, -6.7856843 ], [ 39.2770912, -6.785925 ], [ 39.2771811, -6.7861757 ], [ 39.277246, -6.786434 ], [ 39.2772853, -6.7866974 ], [ 39.2772985, -6.7869634 ], [ 39.2772856, -6.7872294 ], [ 39.2772466, -6.7874928 ], [ 39.277182, -6.7877512 ], [ 39.2770924, -6.788002 ], [ 39.2769787, -6.7882428 ] ] ] } }
]
}
