{
"type": "FeatureCollection",
"features": [
{ "type": "Feature", "properties": { "index": "0", "label": "Within 200 m on foot", "color": "#2b8cbe" }, "geometry": { "type": "MultiPolygon", "coordinates": [ [ [ [ 3.8567581, 43.6002847 ], [ 3.8567437, 43.6001083 ], [ 3.8567495, 43.6000004 ], [ 3.8625291, 43.6000014 ], [ 3.8625303, 43.6000156 ], [ 3.8625209, 43.6001922 ], [ 3.8624877, 43.6003673 ], [ 3.8624311, 43.6005391 ], [ 3.8623515, 43.6007061 ], [ 3.8622499, 43.6008666 ], [ 3.862127, 43.6010192 ], [ 3.8619842, 43.6011622 ], [ 3.8618228, 43.6012943 ], [ 3.8616443, 43.6014144 ], [ 3.8614505, 43.6015211 ], [ 3.8612432, 43.6016135 ], [ 3.8610245, 43.6016907 ], [ 3.8607964, 43.601752 ], [ 3.8605611, 43.6017967 ], [ 3.860321, 43.6018244 ], [ 3.8600783, 43.6018349 ], [ 3.8598536, 43.6018286 ], [ 3.8597299, 43.6018521 ], [ 3.8594898, 43.6018798 ], [ 3.859247, 43.6018903 ], [ 3.859004, 43.6018835 ], [ 3.8587631, 43.6018594 ], [ 3.8585267, 43.6018182 ], [ 3.8582969, 43.6017604 ], [ 3.858076, 43.6016865 ], [ 3.8578661, 43.6015972 ], [ 3.8576693, 43.6014934 ], [ 3.8574875, 43.6013761 ], [ 3.8573223, 43.6012464 ], [ 3.8571755, 43.6011055 ], [ 3.8570483, 43.6009549 ], [ 3.8569421, 43.600796 ], [ 3.8568578, 43.6006302 ], [ 3.8567963, 43.6004592 ], [ 3.8567581, 43.6002847 ] ] ], [ [ [ 3.8651346, 43.6002449 ], [ 3.865144, 43.6000683 ], [ 3.8651566, 43.6000018 ], [ 3.8700693, 43.6000023 ], [ 3.8700755, 43.6000309 ], [ 3.87009, 43.6002073 ], [ 3.8700806, 43.6003839 ], [ 3.8700475, 43.6005589 ], [ 3.8699909, 43.6007308 ], [ 3.8699113, 43.6008978 ], [ 3.8698097, 43.6010583 ], [ 3.8696868, 43.6012108 ], [ 3.869544, 43.6013538 ], [ 3.8693826, 43.601486 ], [ 3.8692042, 43.6016061 ], [ 3.8690104, 43.6017128 ], [ 3.8688031, 43.6018052 ], [ 3.8685844, 43.6018825 ], [ 3.8683563, 43.6019437 ], [ 3.8681211, 43.6019885 ], [ 3.8678809, 43.6020162 ], [ 3.8676382, 43.6020267 ], [ 3.8673952, 43.6020199 ], [ 3.8671543, 43.6019958 ], [ 3.8669178, 43.6019546 ], [ 3.866688, 43.6018968 ], [ 3.8664671, 43.601823 ], [ 3.8662572, 43.6017337 ], [ 3.8660604, 43.6016299 ], [ 3.8658786, 43.6015126 ], [ 3.8657134, 43.6013829 ], [ 3.8655665, 43.6012421 ], [ 3.8654393, 43.6010915 ], [ 3.8653331, 43.6009325 ], [ 3.8652488, 43.6007668 ], [ 3.8651872, 43.6005958 ], [ 3.8651491, 43.6004213 ], [ 3.8651346, 43.6002449 ] ] ], [ [ [ 3.8683041, 43.6039974 ], [ 3.8685228, 43.6039202 ], [ 3.8687509, 43.6038589 ], [ 3.8689862, 43.6038142 ], [ 3.8692263, 43.6037864 ], [ 3.8692974, 43.6037833 ], [ 3.8692977, 43.6037817 ], [ 3.8693543, 43.6036099 ], [ 3.8694338, 43.6034429 ], [ 3.8695355, 43.6032823 ], [ 3.8696583, 43.6031298 ], [ 3.8698011, 43.6029868 ], [ 3.8699625, 43.6028546 ], [ 3.870141, 43.6027346 ], [ 3.8703348, 43.6026278 ], [ 3.870542, 43.6025354 ], [ 3.8707608, 43.6024582 ], [ 3.8709889, 43.6023969 ], [ 3.8712241, 43.6023522 ], [ 3.8714643, 43.6023244 ], [ 3.871707, 43.6023139 ], [ 3.87195, 43.6023207 ], [ 3.8721909, 43.6023448 ], [ 3.8724274, 43.6023859 ], [ 3.8726399, 43.6024394 ], [ 3.8726765, 43.6024457 ], [ 3.8729063, 43.6025035 ], [ 3.8731272, 43.6025774 ], [ 3.8733371, 43.6026666 ], [ 3.8735339, 43.6027704 ], [ 3.8737158, 43.6028877 ], [ 3.873881, 43.6030174 ], [ 3.8740279, 43.6031582 ], [ 3.8741173, 43.6032641 ], [ 3.8742784, 43.6032335 ], [ 3.8744624, 43.6032122 ], [ 3.874369, 43.6031015 ], [ 3.8743194, 43.6030849 ], [ 3.8741095, 43.6029957 ], [ 3.8739127, 43.6028919 ], [ 3.8737308, 43.6027746 ], [ 3.8735656, 43.602645 ], [ 3.8734187, 43.6025041 ], [ 3.8732915, 43.6023535 ], [ 3.8731852, 43.6021946 ], [ 3.8731009, 43.6020288 ], [ 3.8730393, 43.6018579 ], [ 3.8730379, 43.6018515 ], [ 3.8729867, 43.6018343 ], [ 3.8727768, 43.6017451 ], [ 3.87258, 43.6016413 ], [ 3.8723981, 43.601524 ], [ 3.8722329, 43.6013943 ], [ 3.872086, 43.6012535 ], [ 3.8719588, 43.6011029 ], [ 3.8718525, 43.6009439 ], [ 3.8717682, 43.6007782 ], [ 3.8717067, 43.6006072 ], [ 3.8716685, 43.6004327 ], [ 3.871654, 43.6002563 ], [ 3.8716634, 43.6000797 ], [ 3.871678, 43.6000024 ], [ 3.877937, 43.6000027 ], [ 3.8780075, 43.6000703 ], [ 3.8781347, 43.6002209 ], [ 3.878241, 43.6003799 ], [ 3.8783253, 43.6005456 ], [ 3.8783869, 43.6007166 ], [ 3.8784251, 43.6008911 ], [ 3.8784396, 43.6010675 ], [ 3.8784393, 43.6010747 ], [ 3.8785744, 43.6012043 ], [ 3.8787017, 43.6013549 ], [ 3.8788079, 43.6015139 ], [ 3.8788923, 43.6016796 ], [ 3.8788938, 43.6016838 ], [ 3.879051, 43.6016416 ], [ 3.8792863, 43.6015968 ], [ 3.8795264, 43.601569 ], [ 3.8797692, 43.6015585 ], [ 3.8800121, 43.6015653 ], [ 3.880253, 43.6015894 ], [ 3.8804895, 43.6016305 ], [ 3.8807194, 43.6016882 ], [ 3.8809403, 43.6017621 ], [ 3.8811502, 43.6018513 ], [ 3.8812314, 43.6018942 ], [ 3.8812503, 43.6018752 ], [ 3.8814117, 43.601743 ], [ 3.8815902, 43.6016229 ], [ 3.8817839, 43.6015162 ], [ 3.8819912, 43.6014237 ], [ 3.8822099, 43.6013465 ], [ 3.8824379, 43.6012852 ], [ 3.8826732, 43.6012404 ], [ 3.8829133, 43.6012126 ], [ 3.8831561, 43.6012021 ], [ 3.883399, 43.6012089 ], [ 3.8836399, 43.6012329 ], [ 3.8838764, 43.6012741 ], [ 3.8841063, 43.6013318 ], [ 3.8843272, 43.6014057 ], [ 3.8845371, 43.6014949 ], [ 3.8847339, 43.6015987 ], [ 3.8849158, 43.6017159 ], [ 3.8849837, 43.6017692 ], [ 3.885083, 43.6017024 ], [ 3.8852767, 43.6015956 ], [ 3.885484, 43.6015032 ], [ 3.8857027, 43.6014259 ], [ 3.8859307, 43.6013646 ], [ 3.886166, 43.6013198 ], [ 3.8864061, 43.601292 ], [ 3.8866489, 43.6012815 ], [ 3.8868918, 43.6012883 ], [ 3.8871327, 43.6013123 ], [ 3.8873692, 43.6013534 ], [ 3.8875991, 43.6014112 ], [ 3.88782, 43.601485 ], [ 3.8880299, 43.6015743 ], [ 3.8882267, 43.601678 ], [ 3.8884086, 43.6017953 ], [ 3.8885739, 43.6019249 ], [ 3.8886441, 43.6019923 ], [ 3.8887011, 43.6019898 ], [ 3.8889441, 43.6019966 ], [ 3.889185, 43.6020206 ], [ 3.8894215, 43.6020617 ], [ 3.8896513, 43.6021195 ], [ 3.8898722, 43.6021933 ], [ 3.8900821, 43.6022825 ], [ 3.890279, 43.6023863 ], [ 3.8903483, 43.602431 ], [ 3.8905536, 43.6025182 ], [ 3.8907505, 43.602622 ], [ 3.8909324, 43.6027392 ], [ 3.8910976, 43.6028689 ], [ 3.8912446, 43.6030097 ], [ 3.8913718, 43.6031603 ], [ 3.8914782, 43.6033192 ], [ 3.8915625, 43.6034849 ], [ 3.8916241, 43.6036559 ], [ 3.8916624, 43.6038304 ], [ 3.8916769, 43.6040068 ], [ 3.8916676, 43.6041834 ], [ 3.8916345, 43.6043585 ], [ 3.891578, 43.6045303 ], [ 3.8914985, 43.6046973 ], [ 3.8914751, 43.6047344 ], [ 3.8914499, 43.6047872 ], [ 3.8913483, 43.6049478 ], [ 3.8912255, 43.6051003 ], [ 3.8910828, 43.6052434 ], [ 3.8909214, 43.6053756 ], [ 3.890743, 43.6054957 ], [ 3.8905588, 43.6055972 ], [ 3.8906885, 43.6056101 ], [ 3.890925, 43.6056512 ], [ 3.8911548, 43.605709 ], [ 3.8913758, 43.6057828 ], [ 3.8915857, 43.605872 ], [ 3.8917826, 43.6059758 ], [ 3.8918317, 43.6060074 ], [ 3.8918901, 43.6060049 ], [ 3.8921331, 43.6060117 ], [ 3.892374, 43.6060357 ], [ 3.8926105, 43.6060768 ], [ 3.8928404, 43.6061346 ], [ 3.8930613, 43.6062084 ], [ 3.8932712, 43.6062976 ], [ 3.8934681, 43.6064013 ], [ 3.8936501, 43.6065186 ], [ 3.8937405, 43.6065895 ], [ 3.8939062, 43.6065942 ], [ 3.8941471, 43.6066182 ], [ 3.8943836, 43.6066593 ], [ 3.8946134, 43.606717 ], [ 3.8948344, 43.6067909 ], [ 3.8950443, 43.6068801 ], [ 3.8952412, 43.6069838 ], [ 3.8954231, 43.6071011 ], [ 3.8955884, 43.6072307 ], [ 3.8957354, 43.6073715 ], [ 3.8958626, 43.6075221 ], [ 3.895969, 43.607681 ], [ 3.8960534, 43.6078467 ], [ 3.896115, 43.6080177 ], [ 3.8961533, 43.6081922 ], [ 3.8961678, 43.6083686 ], [ 3.8961585, 43.6085452 ], [ 3.8961254, 43.6087203 ], [ 3.8960689, 43.6088921 ], [ 3.8959894, 43.6090591 ], [ 3.8958878, 43.6092197 ], [ 3.895765, 43.6093722 ], [ 3.8956223, 43.6095153 ], [ 3.8954609, 43.6096475 ], [ 3.8952825, 43.6097676 ], [ 3.8950887, 43.6098744 ], [ 3.8948815, 43.6099669 ], [ 3.8946628, 43.6100441 ], [ 3.8944347, 43.6101054 ], [ 3.8941994, 43.6101502 ], [ 3.8939592, 43.610178 ], [ 3.8937165, 43.6101886 ], [ 3.8936402, 43.6101865 ], [ 3.8935723, 43.6101943 ], [ 3.8933296, 43.6102049 ], [ 3.8930865, 43.6101981 ], [ 3.8928456, 43.6101741 ], [ 3.8927727, 43.6101614 ], [ 3.8928198, 43.6102318 ], [ 3.8929042, 43.6103975 ], [ 3.8929658, 43.6105685 ], [ 3.8930041, 43.610743 ], [ 3.8930186, 43.6109194 ], [ 3.8930093, 43.611096 ], [ 3.8929762, 43.611271 ], [ 3.8929197, 43.6114429 ], [ 3.8928402, 43.6116099 ], [ 3.8927386, 43.6117705 ], [ 3.8926158, 43.611923 ], [ 3.892473, 43.6120661 ], [ 3.8923116, 43.6121983 ], [ 3.8921332, 43.6123183 ], [ 3.8919394, 43.6124251 ], [ 3.8917321, 43.6125176 ], [ 3.8916691, 43.6125399 ], [ 3.8917398, 43.6126787 ], [ 3.8918014, 43.6128497 ], [ 3.8918397, 43.6130242 ], [ 3.8918542, 43.6132006 ], [ 3.8918449, 43.6133772 ], [ 3.8918118, 43.6135522 ], [ 3.8917552, 43.6137241 ], [ 3.8916758, 43.6138911 ], [ 3.8915741, 43.6140517 ], [ 3.8914513, 43.6142042 ], [ 3.8913086, 43.6143473 ], [ 3.8911472, 43.6144795 ], [ 3.8909687, 43.6145995 ], [ 3.8907749, 43.6147063 ], [ 3.8905677, 43.6147988 ], [ 3.8903489, 43.6148761 ], [ 3.8901208, 43.6149374 ], [ 3.8898855, 43.6149821 ], [ 3.8896453, 43.6150099 ], [ 3.8894025, 43.6150205 ], [ 3.8891595, 43.6150137 ], [ 3.8889185, 43.6149897 ], [ 3.888682, 43.6149486 ], [ 3.8884521, 43.6148908 ], [ 3.8882311, 43.614817 ], [ 3.8880212, 43.6147278 ], [ 3.8878243, 43.614624 ], [ 3.8876424, 43.6145067 ], [ 3.8874771, 43.6143771 ], [ 3.8873301, 43.6142363 ], [ 3.8872029, 43.6140857 ], [ 3.8870965, 43.6139268 ], [ 3.8870122, 43.613761 ], [ 3.8869506, 43.6135901 ], [ 3.8869123, 43.6134156 ], [ 3.8868978, 43.6132392 ], [ 3.8869071, 43.6130626 ], [ 3.8869402, 43.6128875 ], [ 3.8869968, 43.6127156 ], [ 3.8870701, 43.6125616 ], [ 3.8869446, 43.6125855 ], [ 3.8867044, 43.6126133 ], [ 3.8864616, 43.6126238 ], [ 3.8862186, 43.612617 ], [ 3.8859777, 43.612593 ], [ 3.8857411, 43.6125519 ], [ 3.8855113, 43.6124941 ], [ 3.8852903, 43.6124202 ], [ 3.8850804, 43.612331 ], [ 3.8848835, 43.6122273 ], [ 3.8847016, 43.61211 ], [ 3.8845363, 43.6119803 ], [ 3.8845057, 43.6119509 ], [ 3.8844403, 43.6120542 ], [ 3.8843175, 43.6122067 ], [ 3.8841747, 43.6123498 ], [ 3.8840133, 43.612482 ], [ 3.8838348, 43.612602 ], [ 3.883641, 43.6127088 ], [ 3.8834337, 43.6128013 ], [ 3.8833505, 43.6128307 ], [ 3.8834, 43.6128892 ], [ 3.8835373, 43.6128631 ], [ 3.8837774, 43.6128353 ], [ 3.8840202, 43.6128248 ], [ 3.8842633, 43.6128316 ], [ 3.8845042, 43.6128556 ], [ 3.8847407, 43.6128968 ], [ 3.8849706, 43.6129545 ], [ 3.8851916, 43.6130284 ], [ 3.8854015, 43.6131176 ], [ 3.8855984, 43.6132213 ], [ 3.8857803, 43.6133386 ], [ 3.8859456, 43.6134683 ], [ 3.8860925, 43.6136091 ], [ 3.8862198, 43.6137597 ], [ 3.8863261, 43.6139186 ], [ 3.8864105, 43.6140843 ], [ 3.8864721, 43.6142553 ], [ 3.8865104, 43.6144298 ], [ 3.8865249, 43.6146062 ], [ 3.8865155, 43.6147828 ], [ 3.8864824, 43.6149579 ], [ 3.8864259, 43.6151297 ], [ 3.8863464, 43.6152967 ], [ 3.8862447, 43.6154573 ], [ 3.8862259, 43.6154806 ], [ 3.8862785, 43.6156263 ], [ 3.8863167, 43.6158008 ], [ 3.8863312, 43.6159772 ], [ 3.8863219, 43.6161538 ], [ 3.8862888, 43.6163289 ], [ 3.8862322, 43.6165007 ], [ 3.8861527, 43.6166677 ], [ 3.8860511, 43.6168283 ], [ 3.8859283, 43.6169808 ], [ 3.8857855, 43.6171239 ], [ 3.8856535, 43.6172319 ], [ 3.8856663, 43.6173872 ], [ 3.885657, 43.6175638 ], [ 3.8856238, 43.6177389 ], [ 3.8855673, 43.6179107 ], [ 3.8854878, 43.6180777 ], [ 3.8853861, 43.6182383 ], [ 3.8852633, 43.6183908 ], [ 3.8851205, 43.6185339 ], [ 3.8849591, 43.6186661 ], [ 3.8847806, 43.6187861 ], [ 3.8847019, 43.6188295 ], [ 3.8846607, 43.6189548 ], [ 3.8845812, 43.6191218 ], [ 3.8844795, 43.6192823 ], [ 3.884422, 43.6193538 ], [ 3.8844825, 43.6194254 ], [ 3.8845889, 43.6195843 ], [ 3.8846732, 43.6197501 ], [ 3.8847348, 43.619921 ], [ 3.8847731, 43.6200955 ], [ 3.8847876, 43.6202719 ], [ 3.8847783, 43.6204485 ], [ 3.8847451, 43.6206236 ], [ 3.8846886, 43.6207955 ], [ 3.8846091, 43.6209625 ], [ 3.8845074, 43.621123 ], [ 3.8843846, 43.6212755 ], [ 3.8842418, 43.6214186 ], [ 3.8840803, 43.6215508 ], [ 3.8839019, 43.6216708 ], [ 3.883708, 43.6217776 ], [ 3.8835007, 43.6218701 ], [ 3.8832819, 43.6219473 ], [ 3.8830538, 43.6220086 ], [ 3.8828185, 43.6220534 ], [ 3.8825783, 43.6220812 ], [ 3.8823354, 43.6220917 ], [ 3.8820924, 43.6220849 ], [ 3.8818514, 43.6220608 ], [ 3.8816148, 43.6220197 ], [ 3.8813849, 43.621962 ], [ 3.8811639, 43.6218881 ], [ 3.880954, 43.6217989 ], [ 3.8807571, 43.6216951 ], [ 3.8805751, 43.6215778 ], [ 3.8804098, 43.6214482 ], [ 3.8802629, 43.6213074 ], [ 3.8801356, 43.6211568 ], [ 3.8800293, 43.6209978 ], [ 3.8799449, 43.6208321 ], [ 3.8798833, 43.6206611 ], [ 3.8798451, 43.6204866 ], [ 3.8798306, 43.6203102 ], [ 3.8798311, 43.6203004 ], [ 3.8798201, 43.6202967 ], [ 3.8796102, 43.6202075 ], [ 3.879596, 43.6202 ], [ 3.8795601, 43.6202127 ], [ 3.879332, 43.6202739 ], [ 3.8790967, 43.6203187 ], [ 3.8788564, 43.6203465 ], [ 3.8786136, 43.620357 ], [ 3.8783706, 43.6203502 ], [ 3.8781296, 43.6203261 ], [ 3.877893, 43.620285 ], [ 3.8776631, 43.6202272 ], [ 3.8774422, 43.6201534 ], [ 3.8772322, 43.6200641 ], [ 3.8770353, 43.6199604 ], [ 3.8768534, 43.6198431 ], [ 3.8767181, 43.6197369 ], [ 3.8765204, 43.6197901 ], [ 3.8762851, 43.6198348 ], [ 3.8761175, 43.6198542 ], [ 3.8760678, 43.620005 ], [ 3.8759882, 43.620172 ], [ 3.8758866, 43.6203326 ], [ 3.8757637, 43.6204851 ], [ 3.8756209, 43.6206281 ], [ 3.8756004, 43.6206449 ], [ 3.8755156, 43.6207298 ], [ 3.8753541, 43.620862 ], [ 3.8751756, 43.6209821 ], [ 3.8749818, 43.6210888 ], [ 3.8747745, 43.6211813 ], [ 3.8745557, 43.6212585 ], [ 3.8743275, 43.6213198 ], [ 3.8740922, 43.6213645 ], [ 3.873852, 43.6213923 ], [ 3.8736092, 43.6214028 ], [ 3.8733661, 43.621396 ], [ 3.8731251, 43.6213719 ], [ 3.8729334, 43.6213386 ], [ 3.8727766, 43.6214085 ], [ 3.8725578, 43.6214857 ], [ 3.8723297, 43.621547 ], [ 3.8720944, 43.6215917 ], [ 3.8718541, 43.6216195 ], [ 3.8717754, 43.6216229 ], [ 3.8716511, 43.6217247 ], [ 3.8714726, 43.6218447 ], [ 3.8712787, 43.6219515 ], [ 3.8710714, 43.6220439 ], [ 3.8708526, 43.6221211 ], [ 3.8706244, 43.6221824 ], [ 3.8704626, 43.6222132 ], [ 3.8704584, 43.6222917 ], [ 3.8704252, 43.6224668 ], [ 3.8703686, 43.6226387 ], [ 3.8702891, 43.6228057 ], [ 3.8701874, 43.6229662 ], [ 3.8700645, 43.6231187 ], [ 3.8699217, 43.6232617 ], [ 3.8697602, 43.6233939 ], [ 3.8695817, 43.6235139 ], [ 3.8693878, 43.6236207 ], [ 3.8691805, 43.6237131 ], [ 3.8689617, 43.6237903 ], [ 3.8687335, 43.6238516 ], [ 3.8684982, 43.6238963 ], [ 3.8682579, 43.6239241 ], [ 3.8680151, 43.6239346 ], [ 3.867772, 43.6239278 ], [ 3.867531, 43.6239037 ], [ 3.8672945, 43.6238625 ], [ 3.8670646, 43.6238047 ], [ 3.8668436, 43.6237309 ], [ 3.8667259, 43.6236808 ], [ 3.8665645, 43.6236647 ], [ 3.8663279, 43.6236235 ], [ 3.8660981, 43.6235657 ], [ 3.8658771, 43.6234919 ], [ 3.8656671, 43.6234026 ], [ 3.8654703, 43.6232988 ], [ 3.8652883, 43.6231815 ], [ 3.8651231, 43.6230518 ], [ 3.8649762, 43.622911 ], [ 3.8648489, 43.6227604 ], [ 3.8647531, 43.6226171 ], [ 3.8647321, 43.6226613 ], [ 3.8646304, 43.6228218 ], [ 3.8645075, 43.6229743 ], [ 3.8643647, 43.6231173 ], [ 3.8642032, 43.6232495 ], [ 3.8640246, 43.6233695 ], [ 3.8638308, 43.6234763 ], [ 3.8636234, 43.6235687 ], [ 3.8634046, 43.6236459 ], [ 3.8631765, 43.6237072 ], [ 3.8629411, 43.6237519 ], [ 3.8627009, 43.6237796 ], [ 3.862458, 43.6237901 ], [ 3.862215, 43.6237833 ], [ 3.861974, 43.6237592 ], [ 3.8617374, 43.623718 ], [ 3.8615075, 43.6236602 ], [ 3.8612866, 43.6235863 ], [ 3.8610766, 43.623497 ], [ 3.8608798, 43.6233932 ], [ 3.8606978, 43.6232759 ], [ 3.8605326, 43.6231462 ], [ 3.8603857, 43.6230054 ], [ 3.8602585, 43.6228548 ], [ 3.8601522, 43.6226958 ], [ 3.8600679, 43.6225301 ], [ 3.8600063, 43.6223591 ], [ 3.8599681, 43.6221846 ], [ 3.8599537, 43.6220082 ], [ 3.8599631, 43.6218316 ], [ 3.8599963, 43.6216565 ], [ 3.860053, 43.6214847 ], [ 3.8601325, 43.6213177 ], [ 3.8602343, 43.6211572 ], [ 3.8603571, 43.6210047 ], [ 3.8605, 43.6208616 ], [ 3.8606615, 43.6207295 ], [ 3.86084, 43.6206095 ], [ 3.8610339, 43.6205027 ], [ 3.8612412, 43.6204103 ], [ 3.86146, 43.6203331 ], [ 3.8616882, 43.6202718 ], [ 3.8619235, 43.6202271 ], [ 3.8621637, 43.6201994 ], [ 3.8624066, 43.6201889 ], [ 3.8626496, 43.6201957 ], [ 3.8628906, 43.6202198 ], [ 3.8631271, 43.620261 ], [ 3.863357, 43.6203188 ], [ 3.863578, 43.6203927 ], [ 3.8637879, 43.6204819 ], [ 3.8639848, 43.6205857 ], [ 3.8641667, 43.620703 ], [ 3.8643319, 43.6208327 ], [ 3.8644788, 43.6209736 ], [ 3.8646061, 43.6211242 ], [ 3.8647019, 43.6212674 ], [ 3.8647229, 43.6212233 ], [ 3.8648246, 43.6210628 ], [ 3.8649475, 43.6209102 ], [ 3.864976, 43.6208817 ], [ 3.8650323, 43.6207635 ], [ 3.865134, 43.620603 ], [ 3.8652569, 43.6204504 ], [ 3.8653997, 43.6203074 ], [ 3.8655612, 43.6201753 ], [ 3.8657397, 43.6200552 ], [ 3.8659336, 43.6199485 ], [ 3.8661409, 43.6198561 ], [ 3.8662157, 43.6198296 ], [ 3.8662597, 43.6196963 ], [ 3.8663392, 43.6195293 ], [ 3.8664357, 43.619377 ], [ 3.866395, 43.6193634 ], [ 3.8661851, 43.6192741 ], [ 3.8659882, 43.6191703 ], [ 3.8658063, 43.619053 ], [ 3.865641, 43.6189233 ], [ 3.8654941, 43.6187825 ], [ 3.8653669, 43.6186319 ], [ 3.8652606, 43.6184729 ], [ 3.8652081, 43.6183697 ], [ 3.8651528, 43.6184251 ], [ 3.8649914, 43.6185573 ], [ 3.8648128, 43.6186773 ], [ 3.864619, 43.6187841 ], [ 3.864567, 43.6188072 ], [ 3.8645628, 43.6188096 ], [ 3.8643555, 43.618902 ], [ 3.8641367, 43.6189792 ], [ 3.8639085, 43.6190404 ], [ 3.8636732, 43.6190852 ], [ 3.863433, 43.6191129 ], [ 3.8631902, 43.6191234 ], [ 3.8629471, 43.6191166 ], [ 3.8627061, 43.6190925 ], [ 3.8624696, 43.6190513 ], [ 3.8622397, 43.6189935 ], [ 3.8620188, 43.6189196 ], [ 3.8618089, 43.6188303 ], [ 3.861612, 43.6187266 ], [ 3.8614301, 43.6186092 ], [ 3.8612649, 43.6184796 ], [ 3.861118, 43.6183387 ], [ 3.8609907, 43.6181881 ], [ 3.8608845, 43.6180291 ], [ 3.8608002, 43.6178634 ], [ 3.8607386, 43.6176924 ], [ 3.8607004, 43.6175179 ], [ 3.860686, 43.6173415 ], [ 3.8606954, 43.6171649 ], [ 3.8607286, 43.6169898 ], [ 3.8607852, 43.616818 ], [ 3.8608648, 43.616651 ], [ 3.8609665, 43.6164905 ], [ 3.8610894, 43.616338 ], [ 3.8612323, 43.6161949 ], [ 3.8613937, 43.6160628 ], [ 3.8615722, 43.6159428 ], [ 3.8617661, 43.615836 ], [ 3.861818, 43.6158129 ], [ 3.8618223, 43.6158105 ], [ 3.8619808, 43.6157399 ], [ 3.8619566, 43.6156293 ], [ 3.8619422, 43.6154529 ], [ 3.8619516, 43.6152763 ], [ 3.8619848, 43.6151013 ], [ 3.8620414, 43.6149294 ], [ 3.862121, 43.6147624 ], [ 3.8622227, 43.6146019 ], [ 3.8623455, 43.6144494 ], [ 3.8624884, 43.6143064 ], [ 3.8626499, 43.6141742 ], [ 3.8628284, 43.6140542 ], [ 3.8630222, 43.6139474 ], [ 3.8632295, 43.613855 ], [ 3.8634483, 43.6137778 ], [ 3.8636764, 43.6137166 ], [ 3.8639117, 43.6136718 ], [ 3.8641519, 43.6136441 ], [ 3.8643947, 43.6136336 ], [ 3.8646377, 43.6136404 ], [ 3.8648787, 43.6136645 ], [ 3.8651152, 43.6137057 ], [ 3.8653451, 43.6137635 ], [ 3.865566, 43.6138374 ], [ 3.8657759, 43.6139266 ], [ 3.8659728, 43.6140304 ], [ 3.8661547, 43.6141477 ], [ 3.8663199, 43.6142774 ], [ 3.8664668, 43.6144182 ], [ 3.866594, 43.6145688 ], [ 3.8667003, 43.6147278 ], [ 3.8667846, 43.6148935 ], [ 3.8668462, 43.6150645 ], [ 3.8668844, 43.615239 ], [ 3.8668988, 43.6154154 ], [ 3.8668894, 43.615592 ], [ 3.8668563, 43.6157671 ], [ 3.8667996, 43.6159389 ], [ 3.8667401, 43.616064 ], [ 3.8667963, 43.6160489 ], [ 3.8670316, 43.6160042 ], [ 3.8672718, 43.6159764 ], [ 3.8675146, 43.6159659 ], [ 3.8677577, 43.6159727 ], [ 3.8679986, 43.6159968 ], [ 3.8682352, 43.616038 ], [ 3.868465, 43.6160957 ], [ 3.868686, 43.6161696 ], [ 3.8688959, 43.6162589 ], [ 3.8690927, 43.6163627 ], [ 3.8692747, 43.61648 ], [ 3.8694399, 43.6166096 ], [ 3.8695868, 43.6167505 ], [ 3.869714, 43.6169011 ], [ 3.8698203, 43.61706 ], [ 3.8699047, 43.6172258 ], [ 3.8699662, 43.6173967 ], [ 3.8700044, 43.6175713 ], [ 3.8700189, 43.6177477 ], [ 3.8700095, 43.6179242 ], [ 3.8699764, 43.6180993 ], [ 3.8699197, 43.6182712 ], [ 3.8698402, 43.6184382 ], [ 3.8697437, 43.6185905 ], [ 3.8697757, 43.6186012 ], [ 3.8698144, 43.6185695 ], [ 3.8699929, 43.6184495 ], [ 3.8701867, 43.6183427 ], [ 3.870394, 43.6182503 ], [ 3.8706128, 43.6181731 ], [ 3.870841, 43.6181118 ], [ 3.8710763, 43.6180671 ], [ 3.8713165, 43.6180393 ], [ 3.8715593, 43.6180288 ], [ 3.8718023, 43.6180356 ], [ 3.8720433, 43.6180597 ], [ 3.8721674, 43.6180813 ], [ 3.8722898, 43.6180139 ], [ 3.8724971, 43.6179214 ], [ 3.8726944, 43.6178518 ], [ 3.8726591, 43.6178429 ], [ 3.8724382, 43.617769 ], [ 3.8722282, 43.6176798 ], [ 3.8720314, 43.617576 ], [ 3.8718494, 43.6174587 ], [ 3.8716842, 43.617329 ], [ 3.8715373, 43.6171882 ], [ 3.87141, 43.6170376 ], [ 3.8713037, 43.6168786 ], [ 3.8712194, 43.6167129 ], [ 3.8711578, 43.6165419 ], [ 3.8711196, 43.6163674 ], [ 3.8711051, 43.616191 ], [ 3.8711145, 43.6160144 ], [ 3.8711365, 43.6158982 ], [ 3.8709297, 43.6158462 ], [ 3.8707088, 43.6157723 ], [ 3.8704988, 43.615683 ], [ 3.870302, 43.6155793 ], [ 3.8701201, 43.615462 ], [ 3.8699548, 43.6153323 ], [ 3.8698079, 43.6151915 ], [ 3.8697679, 43.6151441 ], [ 3.869727, 43.61514 ], [ 3.8697245, 43.6151396 ], [ 3.8694947, 43.6151832 ], [ 3.8692545, 43.615211 ], [ 3.8690117, 43.6152215 ], [ 3.8687687, 43.6152147 ], [ 3.8685277, 43.6151906 ], [ 3.8682912, 43.6151494 ], [ 3.8680613, 43.6150917 ], [ 3.8678404, 43.6150178 ], [ 3.8676305, 43.6149285 ], [ 3.8674336, 43.6148247 ], [ 3.8672517, 43.6147074 ], [ 3.8670865, 43.6145777 ], [ 3.8669396, 43.6144369 ], [ 3.8668124, 43.6142863 ], [ 3.8667061, 43.6141273 ], [ 3.8666218, 43.6139616 ], [ 3.8665602, 43.6137906 ], [ 3.866522, 43.6136161 ], [ 3.8665075, 43.6134397 ], [ 3.8665169, 43.6132631 ], [ 3.8665501, 43.6130881 ], [ 3.8666068, 43.6129162 ], [ 3.8666464, 43.612833 ], [ 3.8664624, 43.6127359 ], [ 3.8662804, 43.6126186 ], [ 3.8661152, 43.6124889 ], [ 3.8659683, 43.6123481 ], [ 3.8658411, 43.6121975 ], [ 3.8657349, 43.6120385 ], [ 3.8656505, 43.6118728 ], [ 3.865589, 43.6117018 ], [ 3.8655508, 43.6115273 ], [ 3.8655363, 43.6113509 ], [ 3.8655457, 43.6111743 ], [ 3.8655789, 43.6109992 ], [ 3.8656355, 43.6108274 ], [ 3.8657151, 43.6106604 ], [ 3.8658168, 43.6104999 ], [ 3.8659396, 43.6103474 ], [ 3.8660825, 43.6102043 ], [ 3.8662439, 43.6100722 ], [ 3.8664224, 43.6099521 ], [ 3.8666162, 43.6098454 ], [ 3.8668235, 43.609753 ], [ 3.8670422, 43.6096757 ], [ 3.8672704, 43.6096145 ], [ 3.8675056, 43.6095698 ], [ 3.8677458, 43.609542 ], [ 3.8679446, 43.6095334 ], [ 3.8679524, 43.6093859 ], [ 3.8679856, 43.6092108 ], [ 3.8680422, 43.6090389 ], [ 3.8681217, 43.6088719 ], [ 3.8682234, 43.6087114 ], [ 3.8683463, 43.6085589 ], [ 3.8684891, 43.6084159 ], [ 3.8685186, 43.6083917 ], [ 3.8683995, 43.6084448 ], [ 3.8681807, 43.6085221 ], [ 3.8679526, 43.6085833 ], [ 3.8677173, 43.6086281 ], [ 3.8674771, 43.6086558 ], [ 3.8672344, 43.6086663 ], [ 3.8669914, 43.6086595 ], [ 3.8667504, 43.6086354 ], [ 3.8667429, 43.6086341 ], [ 3.8665863, 43.6086639 ], [ 3.8663461, 43.6086916 ], [ 3.8661033, 43.6087021 ], [ 3.8658603, 43.6086953 ], [ 3.8656522, 43.6086745 ], [ 3.8656513, 43.6086751 ], [ 3.8654699, 43.608775 ], [ 3.8653894, 43.6089021 ], [ 3.8652665, 43.6090546 ], [ 3.8651237, 43.6091976 ], [ 3.8649623, 43.6093298 ], [ 3.8647838, 43.6094498 ], [ 3.86459, 43.6095566 ], [ 3.8643827, 43.609649 ], [ 3.8641639, 43.6097262 ], [ 3.8639358, 43.6097875 ], [ 3.8637005, 43.6098322 ], [ 3.8634603, 43.6098599 ], [ 3.8632176, 43.6098704 ], [ 3.8629745, 43.6098636 ], [ 3.8627336, 43.6098395 ], [ 3.8624971, 43.6097983 ], [ 3.8622673, 43.6097405 ], [ 3.8620463, 43.6096666 ], [ 3.8618365, 43.6095773 ], [ 3.8616396, 43.6094736 ], [ 3.8614577, 43.6093562 ], [ 3.8612926, 43.6092266 ], [ 3.8611457, 43.6090857 ], [ 3.8610758, 43.6090029 ], [ 3.8608603, 43.6090278 ], [ 3.8606176, 43.6090383 ], [ 3.8603746, 43.6090315 ], [ 3.8601336, 43.6090074 ], [ 3.8598971, 43.6089662 ], [ 3.8596673, 43.6089084 ], [ 3.8594464, 43.6088345 ], [ 3.8592365, 43.6087452 ], [ 3.8590397, 43.6086414 ], [ 3.8588578, 43.6085241 ], [ 3.8586926, 43.6083944 ], [ 3.8585457, 43.6082536 ], [ 3.8584186, 43.6081029 ], [ 3.8583123, 43.607944 ], [ 3.858228, 43.6077782 ], [ 3.8581665, 43.6076073 ], [ 3.8581283, 43.6074327 ], [ 3.8581139, 43.6072563 ], [ 3.8581233, 43.6070797 ], [ 3.8581565, 43.6069047 ], [ 3.8582132, 43.6067328 ], [ 3.8582927, 43.6065658 ], [ 3.8583944, 43.6064053 ], [ 3.8585173, 43.6062528 ], [ 3.8586601, 43.6061098 ], [ 3.8588216, 43.6059776 ], [ 3.8590001, 43.6058576 ], [ 3.859152, 43.605774 ], [ 3.8591546, 43.6057604 ], [ 3.8592112, 43.6055886 ], [ 3.8592908, 43.6054216 ], [ 3.8593925, 43.605261 ], [ 3.8595153, 43.6051085 ], [ 3.8596581, 43.6049655 ], [ 3.8598196, 43.6048334 ], [ 3.8599981, 43.6047133 ], [ 3.8601919, 43.6046066 ], [ 3.8603992, 43.6045142 ], [ 3.8606179, 43.604437 ], [ 3.860846, 43.6043757 ], [ 3.8610813, 43.604331 ], [ 3.8613214, 43.6043033 ], [ 3.8615642, 43.6042928 ], [ 3.8618072, 43.6042996 ], [ 3.8620481, 43.6043237 ], [ 3.8622846, 43.6043649 ], [ 3.8625144, 43.6044227 ], [ 3.8627353, 43.6044966 ], [ 3.8629452, 43.6045859 ], [ 3.863142, 43.6046896 ], [ 3.8633239, 43.6048069 ], [ 3.863489, 43.6049366 ], [ 3.8636359, 43.6050775 ], [ 3.8637631, 43.6052281 ], [ 3.8638694, 43.6053871 ], [ 3.8639264, 43.6054991 ], [ 3.8640335, 43.6054945 ], [ 3.8642765, 43.6055013 ], [ 3.8644846, 43.6055221 ], [ 3.8644855, 43.6055215 ], [ 3.8645948, 43.6054613 ], [ 3.8646, 43.6054578 ], [ 3.864793, 43.6053515 ], [ 3.8647943, 43.6053502 ], [ 3.8649558, 43.605218 ], [ 3.8651342, 43.605098 ], [ 3.8653281, 43.6049913 ], [ 3.8655353, 43.6048988 ], [ 3.8657541, 43.6048216 ], [ 3.8659822, 43.6047604 ], [ 3.8662174, 43.6047156 ], [ 3.8664576, 43.6046879 ], [ 3.8667003, 43.6046774 ], [ 3.8669433, 43.6046842 ], [ 3.8671843, 43.6047083 ], [ 3.867309, 43.60473 ], [ 3.8674203, 43.6045918 ], [ 3.8675631, 43.6044488 ], [ 3.8677245, 43.6043166 ], [ 3.867903, 43.6041965 ], [ 3.8680968, 43.6040898 ], [ 3.8683041, 43.6039974 ] ], [ [ 3.8808186, 43.6076181 ], [ 3.880787, 43.6077851 ], [ 3.8807304, 43.6079569 ], [ 3.8807297, 43.6079584 ], [ 3.8809533, 43.6079325 ], [ 3.8811961, 43.607922 ], [ 3.8814391, 43.6079288 ], [ 3.8816801, 43.6079529 ], [ 3.8817091, 43.6079579 ], [ 3.8818121, 43.6079608 ], [ 3.882053, 43.6079849 ], [ 3.8822896, 43.608026 ], [ 3.8824182, 43.6080583 ], [ 3.8824645, 43.6079176 ], [ 3.882544, 43.6077506 ], [ 3.8826457, 43.6075901 ], [ 3.8827685, 43.6074376 ], [ 3.8829112, 43.6072945 ], [ 3.8830726, 43.6071623 ], [ 3.8832017, 43.6070755 ], [ 3.8830298, 43.607018 ], [ 3.8828198, 43.6069288 ], [ 3.8826585, 43.6068438 ], [ 3.8825499, 43.6069526 ], [ 3.8823885, 43.6070848 ], [ 3.88221, 43.6072049 ], [ 3.8820162, 43.6073116 ], [ 3.881809, 43.6074041 ], [ 3.8815903, 43.6074813 ], [ 3.8813622, 43.6075426 ], [ 3.8811269, 43.6075874 ], [ 3.8808867, 43.6076152 ], [ 3.8808186, 43.6076181 ] ], [ [ 3.8695078, 43.6075374 ], [ 3.8694061, 43.6076979 ], [ 3.8692833, 43.6078504 ], [ 3.8691405, 43.6079935 ], [ 3.869111, 43.6080176 ], [ 3.8692301, 43.6079645 ], [ 3.8694488, 43.6078873 ], [ 3.8696769, 43.607826 ], [ 3.8699122, 43.6077813 ], [ 3.8701524, 43.6077535 ], [ 3.8703951, 43.607743 ], [ 3.8706381, 43.6077498 ], [ 3.8708791, 43.6077739 ], [ 3.8711156, 43.607815 ], [ 3.8713454, 43.6078728 ], [ 3.8715663, 43.6079467 ], [ 3.8717762, 43.608036 ], [ 3.8719731, 43.6081397 ], [ 3.872155, 43.608257 ], [ 3.8723202, 43.6083867 ], [ 3.8724671, 43.6085275 ], [ 3.8725943, 43.6086781 ], [ 3.8727006, 43.6088371 ], [ 3.8727849, 43.6090028 ], [ 3.8728465, 43.6091738 ], [ 3.8728847, 43.6093483 ], [ 3.8728992, 43.6095247 ], [ 3.8728898, 43.6097013 ], [ 3.8728567, 43.6098764 ], [ 3.8728348, 43.6099426 ], [ 3.8729394, 43.610099 ], [ 3.8730238, 43.6102647 ], [ 3.8730853, 43.6104357 ], [ 3.8731236, 43.6106102 ], [ 3.873138, 43.6107866 ], [ 3.8731287, 43.6109632 ], [ 3.8731068, 43.6110788 ], [ 3.8731452, 43.6111543 ], [ 3.8732068, 43.6113253 ], [ 3.8732448, 43.6114991 ], [ 3.8734008, 43.6113714 ], [ 3.8735793, 43.6112513 ], [ 3.8737731, 43.6111446 ], [ 3.8739804, 43.6110521 ], [ 3.8741991, 43.6109749 ], [ 3.8744272, 43.6109136 ], [ 3.8744832, 43.610903 ], [ 3.8745751, 43.6108524 ], [ 3.8747824, 43.6107599 ], [ 3.8750011, 43.6106827 ], [ 3.8752292, 43.6106214 ], [ 3.8754645, 43.6105767 ], [ 3.8757047, 43.6105489 ], [ 3.8758413, 43.610543 ], [ 3.8756512, 43.6104952 ], [ 3.8756272, 43.6104872 ], [ 3.8754124, 43.6104657 ], [ 3.8751758, 43.6104246 ], [ 3.874946, 43.6103668 ], [ 3.8747251, 43.6102929 ], [ 3.8745152, 43.6102037 ], [ 3.8743183, 43.6100999 ], [ 3.8741364, 43.6099826 ], [ 3.8739712, 43.609853 ], [ 3.8738243, 43.6097121 ], [ 3.873697, 43.6095615 ], [ 3.8735908, 43.6094026 ], [ 3.8735064, 43.6092368 ], [ 3.8734448, 43.6090659 ], [ 3.8734066, 43.6088914 ], [ 3.8733921, 43.608715 ], [ 3.8734015, 43.6085384 ], [ 3.8734347, 43.6083633 ], [ 3.8734913, 43.6081915 ], [ 3.8735708, 43.6080245 ], [ 3.8736725, 43.6078639 ], [ 3.8737953, 43.6077114 ], [ 3.8739381, 43.6075684 ], [ 3.8740995, 43.6074362 ], [ 3.874278, 43.6073161 ], [ 3.8744718, 43.6072094 ], [ 3.874679, 43.6071169 ], [ 3.8748978, 43.6070397 ], [ 3.874937, 43.6070292 ], [ 3.8749237, 43.6070031 ], [ 3.8747777, 43.6070683 ], [ 3.874559, 43.6071455 ], [ 3.8743309, 43.6072068 ], [ 3.8740956, 43.6072515 ], [ 3.8738554, 43.6072793 ], [ 3.8736127, 43.6072898 ], [ 3.8733696, 43.607283 ], [ 3.8731287, 43.6072589 ], [ 3.8728922, 43.6072178 ], [ 3.8726624, 43.60716 ], [ 3.8724415, 43.6070861 ], [ 3.8722316, 43.6069969 ], [ 3.8720347, 43.6068931 ], [ 3.8718528, 43.6067758 ], [ 3.8716876, 43.6066461 ], [ 3.8715825, 43.6065454 ], [ 3.8715698, 43.6065612 ], [ 3.871427, 43.6067042 ], [ 3.8712655, 43.6068364 ], [ 3.8710871, 43.6069564 ], [ 3.8708933, 43.6070632 ], [ 3.870686, 43.6071556 ], [ 3.8704673, 43.6072328 ], [ 3.8702391, 43.6072941 ], [ 3.8700039, 43.6073388 ], [ 3.8697637, 43.6073666 ], [ 3.8695854, 43.6073743 ], [ 3.8695078, 43.6075374 ] ], [ [ 3.8871567, 43.605182 ], [ 3.8869942, 43.6050772 ], [ 3.886829, 43.6049476 ], [ 3.8867587, 43.6048802 ], [ 3.8867017, 43.6048827 ], [ 3.8865372, 43.6048781 ], [ 3.8865381, 43.6048799 ], [ 3.8865997, 43.6050509 ], [ 3.886638, 43.6052254 ], [ 3.8866525, 43.6054018 ], [ 3.8866432, 43.6055784 ], [ 3.8866101, 43.6057535 ], [ 3.8865535, 43.6059253 ], [ 3.8865426, 43.6059482 ], [ 3.8865971, 43.6059536 ], [ 3.8868336, 43.6059947 ], [ 3.8870634, 43.6060525 ], [ 3.8872844, 43.6061263 ], [ 3.8874593, 43.6062007 ], [ 3.8876197, 43.6061821 ], [ 3.8878624, 43.6061716 ], [ 3.8879765, 43.6061748 ], [ 3.8880813, 43.6061171 ], [ 3.8882885, 43.6060246 ], [ 3.8885072, 43.6059473 ], [ 3.8887245, 43.6058889 ], [ 3.8886931, 43.6058858 ], [ 3.8884566, 43.6058447 ], [ 3.8882267, 43.6057869 ], [ 3.8880058, 43.6057131 ], [ 3.8877959, 43.6056239 ], [ 3.887599, 43.6055201 ], [ 3.8874171, 43.6054028 ], [ 3.8872519, 43.6052732 ], [ 3.8871567, 43.605182 ] ], [ [ 3.888481, 43.6098068 ], [ 3.8885413, 43.6098782 ], [ 3.8886081, 43.6098113 ], [ 3.8887694, 43.6096791 ], [ 3.8888337, 43.6096359 ], [ 3.8886336, 43.6096897 ], [ 3.8884042, 43.6097333 ], [ 3.888481, 43.6098068 ] ] ], [ [ [ 3.8580782, 43.6088923 ], [ 3.8583191, 43.6089164 ], [ 3.8585557, 43.6089576 ], [ 3.8587855, 43.6090154 ], [ 3.8590064, 43.6090893 ], [ 3.8592163, 43.6091786 ], [ 3.8594131, 43.6092824 ], [ 3.859595, 43.6093997 ], [ 3.8597602, 43.6095294 ], [ 3.8597901, 43.6095581 ], [ 3.8597981, 43.6095615 ], [ 3.8599949, 43.6096653 ], [ 3.8601768, 43.6097826 ], [ 3.860342, 43.6099123 ], [ 3.8604889, 43.6100531 ], [ 3.8606127, 43.6101998 ], [ 3.8607365, 43.6101856 ], [ 3.8608891, 43.6101317 ], [ 3.8611172, 43.6100704 ], [ 3.8613525, 43.6100257 ], [ 3.8615927, 43.609998 ], [ 3.8618355, 43.6099875 ], [ 3.8620785, 43.6099943 ], [ 3.8623194, 43.6100184 ], [ 3.862556, 43.6100596 ], [ 3.8627858, 43.6101174 ], [ 3.8630067, 43.6101913 ], [ 3.8632166, 43.6102806 ], [ 3.8634134, 43.6103843 ], [ 3.8635953, 43.6105016 ], [ 3.8637605, 43.6106313 ], [ 3.8639074, 43.6107722 ], [ 3.8640346, 43.6109228 ], [ 3.8641409, 43.6110817 ], [ 3.8642252, 43.6112475 ], [ 3.8642867, 43.6114185 ], [ 3.8643249, 43.611593 ], [ 3.8643394, 43.6117694 ], [ 3.86433, 43.611946 ], [ 3.8642968, 43.612121 ], [ 3.8642402, 43.6122929 ], [ 3.8641606, 43.6124599 ], [ 3.8640589, 43.6126204 ], [ 3.8639361, 43.6127729 ], [ 3.8637932, 43.6129159 ], [ 3.8636318, 43.6130481 ], [ 3.8634533, 43.6131681 ], [ 3.8632594, 43.6132749 ], [ 3.8630521, 43.6133673 ], [ 3.8628333, 43.6134445 ], [ 3.8627832, 43.613458 ], [ 3.8626773, 43.6135163 ], [ 3.86247, 43.6136087 ], [ 3.8622512, 43.6136859 ], [ 3.8620231, 43.6137472 ], [ 3.8617878, 43.6137919 ], [ 3.8615476, 43.6138196 ], [ 3.8613048, 43.6138301 ], [ 3.8610618, 43.6138233 ], [ 3.8608208, 43.6137992 ], [ 3.8605843, 43.613758 ], [ 3.8603545, 43.6137002 ], [ 3.8601335, 43.6136263 ], [ 3.8600796, 43.6136034 ], [ 3.8599544, 43.6135615 ], [ 3.8597445, 43.6134722 ], [ 3.8595477, 43.6133684 ], [ 3.8593658, 43.6132511 ], [ 3.8592006, 43.6131214 ], [ 3.8590537, 43.6129806 ], [ 3.858972, 43.6128838 ], [ 3.8587518, 43.6129092 ], [ 3.858509, 43.6129197 ], [ 3.858266, 43.6129129 ], [ 3.858025, 43.6128888 ], [ 3.8577885, 43.6128476 ], [ 3.8575587, 43.6127898 ], [ 3.8573378, 43.6127159 ], [ 3.8571279, 43.6126266 ], [ 3.856931, 43.6125228 ], [ 3.8567491, 43.6124055 ], [ 3.856584, 43.6122758 ], [ 3.8564897, 43.6121854 ], [ 3.8563084, 43.6120898 ], [ 3.8561265, 43.6119725 ], [ 3.8559614, 43.6118428 ], [ 3.8558145, 43.6117019 ], [ 3.8556873, 43.6115513 ], [ 3.8555811, 43.6113923 ], [ 3.8554968, 43.6112266 ], [ 3.8554353, 43.6110556 ], [ 3.8553971, 43.6108811 ], [ 3.8553827, 43.6107047 ], [ 3.8553921, 43.6105281 ], [ 3.8554253, 43.610353 ], [ 3.855482, 43.6101812 ], [ 3.8555615, 43.6100142 ], [ 3.8556632, 43.6098537 ], [ 3.8557861, 43.6097012 ], [ 3.855929, 43.6095582 ], [ 3.8560904, 43.609426 ], [ 3.8562689, 43.609306 ], [ 3.8564628, 43.6091993 ], [ 3.8566701, 43.6091069 ], [ 3.8568888, 43.6090297 ], [ 3.857117, 43.6089684 ], [ 3.8573523, 43.6089237 ], [ 3.8575924, 43.608896 ], [ 3.8578352, 43.6088855 ], [ 3.8580782, 43.6088923 ] ] ], [ [ [ 3.8736278, 43.6224514 ], [ 3.8738247, 43.6225552 ], [ 3.8740066, 43.6226725 ], [ 3.874057, 43.622712 ], [ 3.8740798, 43.6226641 ], [ 3.8741815, 43.6225035 ], [ 3.8743044, 43.622351 ], [ 3.8744472, 43.622208 ], [ 3.8746087, 43.6220758 ], [ 3.8747872, 43.6219558 ], [ 3.874981, 43.621849 ], [ 3.8751883, 43.6217566 ], [ 3.8754071, 43.6216793 ], [ 3.8756353, 43.621618 ], [ 3.8758706, 43.6215733 ], [ 3.8761108, 43.6215455 ], [ 3.8763536, 43.621535 ], [ 3.8765967, 43.6215418 ], [ 3.8768377, 43.6215659 ], [ 3.8770743, 43.621607 ], [ 3.8773041, 43.6216648 ], [ 3.8775251, 43.6217386 ], [ 3.8777351, 43.6218279 ], [ 3.877932, 43.6219316 ], [ 3.8781139, 43.6220489 ], [ 3.8782792, 43.6221786 ], [ 3.8784262, 43.6223194 ], [ 3.8785534, 43.62247 ], [ 3.8786597, 43.622629 ], [ 3.8787347, 43.6227762 ], [ 3.8787836, 43.6228146 ], [ 3.8789306, 43.6229554 ], [ 3.8790578, 43.623106 ], [ 3.8791642, 43.6232649 ], [ 3.8792485, 43.6234307 ], [ 3.8793101, 43.6236016 ], [ 3.8793484, 43.6237762 ], [ 3.8793629, 43.6239526 ], [ 3.8793535, 43.6241291 ], [ 3.8793204, 43.6243042 ], [ 3.8792638, 43.6244761 ], [ 3.8791842, 43.6246431 ], [ 3.8790826, 43.6248036 ], [ 3.8789597, 43.6249561 ], [ 3.8789132, 43.6250027 ], [ 3.8748533, 43.6250026 ], [ 3.8748378, 43.6249878 ], [ 3.8747105, 43.6248371 ], [ 3.874641, 43.6247332 ], [ 3.8745725, 43.6248771 ], [ 3.874493, 43.6250026 ], [ 3.8700528, 43.6250023 ], [ 3.8699924, 43.624912 ], [ 3.8699081, 43.6247463 ], [ 3.8698465, 43.6245753 ], [ 3.8698083, 43.6244008 ], [ 3.8697938, 43.6242244 ], [ 3.8698017, 43.6240755 ], [ 3.8697937, 43.623978 ], [ 3.8698031, 43.6238014 ], [ 3.8698363, 43.6236263 ], [ 3.8698929, 43.6234545 ], [ 3.8699725, 43.6232875 ], [ 3.8700742, 43.623127 ], [ 3.870197, 43.6229744 ], [ 3.8703399, 43.6228314 ], [ 3.8705013, 43.6226992 ], [ 3.8706799, 43.6225792 ], [ 3.8708737, 43.6224724 ], [ 3.871081, 43.62238 ], [ 3.8712998, 43.6223028 ], [ 3.871528, 43.6222415 ], [ 3.8717633, 43.6221968 ], [ 3.8720035, 43.622169 ], [ 3.8722464, 43.6221585 ], [ 3.8724894, 43.6221653 ], [ 3.8727304, 43.6221894 ], [ 3.872967, 43.6222305 ], [ 3.8731969, 43.6222883 ], [ 3.8734178, 43.6223622 ], [ 3.8736278, 43.6224514 ] ] ], [ [ [ 3.8894993, 43.6202996 ], [ 3.8897092, 43.6203888 ], [ 3.8899062, 43.6204926 ], [ 3.8900881, 43.6206098 ], [ 3.8902534, 43.6207395 ], [ 3.8904004, 43.6208803 ], [ 3.8905277, 43.6210309 ], [ 3.890634, 43.6211898 ], [ 3.8907184, 43.6213556 ], [ 3.8907801, 43.6215265 ], [ 3.8907875, 43.6215603 ], [ 3.8908093, 43.6215928 ], [ 3.8908937, 43.6217586 ], [ 3.8909553, 43.6219295 ], [ 3.8909936, 43.622104 ], [ 3.8910081, 43.6222804 ], [ 3.8909988, 43.622457 ], [ 3.8909657, 43.6226321 ], [ 3.8909091, 43.6228039 ], [ 3.8908296, 43.6229709 ], [ 3.890728, 43.6231315 ], [ 3.8906051, 43.623284 ], [ 3.8904623, 43.6234271 ], [ 3.8903009, 43.6235593 ], [ 3.8902581, 43.6235881 ], [ 3.8902512, 43.6236245 ], [ 3.8901946, 43.6237963 ], [ 3.8901151, 43.6239634 ], [ 3.8900135, 43.6241239 ], [ 3.8898907, 43.6242764 ], [ 3.8897479, 43.6244195 ], [ 3.8895864, 43.6245517 ], [ 3.889408, 43.6246718 ], [ 3.8892141, 43.6247785 ], [ 3.8890068, 43.624871 ], [ 3.888788, 43.6249483 ], [ 3.8885866, 43.6250024 ], [ 3.8870482, 43.6250025 ], [ 3.8868909, 43.624963 ], [ 3.8866699, 43.6248892 ], [ 3.8864599, 43.6247999 ], [ 3.886263, 43.6246962 ], [ 3.886081, 43.6245789 ], [ 3.8859158, 43.6244493 ], [ 3.8857688, 43.6243085 ], [ 3.8856415, 43.6241579 ], [ 3.8855351, 43.6239989 ], [ 3.8854508, 43.6238332 ], [ 3.8853891, 43.6236622 ], [ 3.8853509, 43.6234877 ], [ 3.8853364, 43.6233113 ], [ 3.8853457, 43.6231347 ], [ 3.8853788, 43.6229597 ], [ 3.8854354, 43.6227878 ], [ 3.8855149, 43.6226208 ], [ 3.8856166, 43.6224603 ], [ 3.8857394, 43.6223077 ], [ 3.8858822, 43.6221647 ], [ 3.8859025, 43.6221481 ], [ 3.8858902, 43.6220923 ], [ 3.8858757, 43.6219159 ], [ 3.8858851, 43.6217394 ], [ 3.8859182, 43.6215643 ], [ 3.8859748, 43.6213924 ], [ 3.8860543, 43.6212254 ], [ 3.8861559, 43.6210649 ], [ 3.8862787, 43.6209123 ], [ 3.8864215, 43.6207693 ], [ 3.886583, 43.6206371 ], [ 3.8867614, 43.620517 ], [ 3.8869553, 43.6204102 ], [ 3.8871626, 43.6203178 ], [ 3.8873813, 43.6202405 ], [ 3.8876095, 43.6201792 ], [ 3.8878448, 43.6201344 ], [ 3.888085, 43.6201067 ], [ 3.8883278, 43.6200961 ], [ 3.8885709, 43.6201029 ], [ 3.8888118, 43.6201269 ], [ 3.8890484, 43.620168 ], [ 3.8892783, 43.6202258 ], [ 3.8894993, 43.6202996 ] ] ], [ [ [ 3.8975965, 43.600032 ], [ 3.8978112, 43.6000693 ], [ 3.8978148, 43.6000013 ], [ 3.905, 43.6 ], [ 3.905, 43.6028188 ], [ 3.9049512, 43.6028517 ], [ 3.9047575, 43.6029585 ], [ 3.9045503, 43.603051 ], [ 3.9043316, 43.6031282 ], [ 3.9041036, 43.6031896 ], [ 3.9038683, 43.6032344 ], [ 3.9036282, 43.6032622 ], [ 3.9033854, 43.6032728 ], [ 3.9031424, 43.6032661 ], [ 3.9031204, 43.6032639 ], [ 3.9031202, 43.6032639 ], [ 3.9028801, 43.6032917 ], [ 3.9026373, 43.6033023 ], [ 3.9023943, 43.6032956 ], [ 3.9021534, 43.6032715 ], [ 3.9019169, 43.6032304 ], [ 3.9016871, 43.6031727 ], [ 3.9014661, 43.6030989 ], [ 3.9012562, 43.6030097 ], [ 3.9010593, 43.602906 ], [ 3.9008774, 43.6027887 ], [ 3.9007121, 43.6026591 ], [ 3.9005652, 43.6025183 ], [ 3.9004379, 43.6023677 ], [ 3.9003315, 43.6022088 ], [ 3.9002471, 43.6020431 ], [ 3.900192, 43.6018902 ], [ 3.9000705, 43.6018868 ], [ 3.8998295, 43.6018628 ], [ 3.8996149, 43.6018255 ], [ 3.8996079, 43.6019589 ], [ 3.8995748, 43.602134 ], [ 3.8995182, 43.6023059 ], [ 3.8994616, 43.6024249 ], [ 3.8994529, 43.6025909 ], [ 3.8994198, 43.602766 ], [ 3.8994005, 43.6028247 ], [ 3.8993963, 43.6029042 ], [ 3.8993637, 43.6030767 ], [ 3.8994237, 43.6030967 ], [ 3.8996336, 43.6031859 ], [ 3.8998303, 43.6032896 ], [ 3.9000472, 43.603362 ], [ 3.9002571, 43.6034512 ], [ 3.900454, 43.6035549 ], [ 3.9004739, 43.6035678 ], [ 3.900479, 43.6035655 ], [ 3.9006977, 43.6034882 ], [ 3.9009258, 43.6034269 ], [ 3.901161, 43.6033821 ], [ 3.9014012, 43.6033543 ], [ 3.9016439, 43.6033437 ], [ 3.9018869, 43.6033505 ], [ 3.9021278, 43.6033745 ], [ 3.9023643, 43.6034156 ], [ 3.9025942, 43.6034733 ], [ 3.9028151, 43.6035471 ], [ 3.903025, 43.6036363 ], [ 3.9032219, 43.60374 ], [ 3.9034039, 43.6038572 ], [ 3.9035691, 43.6039869 ], [ 3.9037161, 43.6041277 ], [ 3.9038434, 43.6042782 ], [ 3.9039497, 43.6044372 ], [ 3.9040342, 43.6046029 ], [ 3.9040958, 43.6047738 ], [ 3.9041341, 43.6049483 ], [ 3.9041487, 43.6051247 ], [ 3.9041394, 43.6053013 ], [ 3.9041063, 43.6054764 ], [ 3.9040498, 43.6056483 ], [ 3.9039704, 43.6058153 ], [ 3.9038688, 43.6059758 ], [ 3.9038515, 43.6059973 ], [ 3.9040142, 43.6059663 ], [ 3.9042544, 43.6059385 ], [ 3.9044971, 43.6059279 ], [ 3.9047401, 43.6059346 ], [ 3.9049811, 43.6059587 ], [ 3.905, 43.605962 ], [ 3.905, 43.6094946 ], [ 3.9047938, 43.6095185 ], [ 3.9045511, 43.6095291 ], [ 3.9043081, 43.6095224 ], [ 3.9040671, 43.6094983 ], [ 3.9039037, 43.60947 ], [ 3.9039835, 43.6095464 ], [ 3.9041108, 43.6096969 ], [ 3.9042172, 43.6098559 ], [ 3.9043016, 43.6100216 ], [ 3.9043632, 43.6101925 ], [ 3.9044015, 43.610367 ], [ 3.9044161, 43.6105434 ], [ 3.9044068, 43.61072 ], [ 3.9043738, 43.6108951 ], [ 3.9043172, 43.611067 ], [ 3.9042378, 43.611234 ], [ 3.9041362, 43.6113945 ], [ 3.9040135, 43.6115471 ], [ 3.9038707, 43.6116902 ], [ 3.9037094, 43.6118224 ], [ 3.9035309, 43.6119425 ], [ 3.9033372, 43.6120493 ], [ 3.9031299, 43.6121418 ], [ 3.9029112, 43.6122191 ], [ 3.9026831, 43.6122804 ], [ 3.9024479, 43.6123252 ], [ 3.9022077, 43.612353 ], [ 3.9019649, 43.6123636 ], [ 3.9017219, 43.6123568 ], [ 3.9014809, 43.6123328 ], [ 3.9012444, 43.6122917 ], [ 3.9010145, 43.612234 ], [ 3.9007935, 43.6121602 ], [ 3.9005836, 43.612071 ], [ 3.9003867, 43.6119673 ], [ 3.9002047, 43.61185 ], [ 3.9000394, 43.6117204 ], [ 3.8998924, 43.6115796 ], [ 3.8997652, 43.611429 ], [ 3.8996588, 43.6112701 ], [ 3.8995744, 43.6111044 ], [ 3.8995127, 43.6109334 ], [ 3.8994745, 43.6107589 ], [ 3.8994599, 43.6105825 ], [ 3.8994692, 43.6104059 ], [ 3.8995023, 43.6102309 ], [ 3.8995588, 43.610059 ], [ 3.8996383, 43.609892 ], [ 3.8997398, 43.6097314 ], [ 3.8998626, 43.6095789 ], [ 3.9000054, 43.6094358 ], [ 3.9001667, 43.6093036 ], [ 3.9003451, 43.6091835 ], [ 3.9005389, 43.6090767 ], [ 3.9007461, 43.6089842 ], [ 3.9009648, 43.6089069 ], [ 3.9011929, 43.6088456 ], [ 3.9014282, 43.6088008 ], [ 3.9016683, 43.608773 ], [ 3.9019111, 43.6087624 ], [ 3.9021541, 43.6087692 ], [ 3.902395, 43.6087932 ], [ 3.9025585, 43.6088216 ], [ 3.9024787, 43.6087451 ], [ 3.9023514, 43.6085946 ], [ 3.902245, 43.6084357 ], [ 3.9021606, 43.6082699 ], [ 3.902099, 43.608099 ], [ 3.9020607, 43.6079245 ], [ 3.9020461, 43.6077481 ], [ 3.9020554, 43.6075715 ], [ 3.9020885, 43.6073964 ], [ 3.902145, 43.6072246 ], [ 3.9022244, 43.6070575 ], [ 3.902326, 43.606897 ], [ 3.9023433, 43.6068755 ], [ 3.9021806, 43.6069065 ], [ 3.9019405, 43.6069343 ], [ 3.9016977, 43.6069449 ], [ 3.9014547, 43.6069381 ], [ 3.9012138, 43.6069141 ], [ 3.9009772, 43.606873 ], [ 3.9007474, 43.6068153 ], [ 3.9005264, 43.6067415 ], [ 3.9003165, 43.6066523 ], [ 3.9001196, 43.6065486 ], [ 3.9000997, 43.6065357 ], [ 3.9000945, 43.606538 ], [ 3.8999544, 43.6065875 ], [ 3.8999022, 43.6066108 ], [ 3.8996835, 43.6066881 ], [ 3.8994555, 43.6067494 ], [ 3.8992202, 43.6067942 ], [ 3.8989801, 43.606822 ], [ 3.8987373, 43.6068326 ], [ 3.8984943, 43.6068258 ], [ 3.8982534, 43.6068018 ], [ 3.8981492, 43.6067837 ], [ 3.8981232, 43.6067867 ], [ 3.8978805, 43.6067973 ], [ 3.8976375, 43.6067905 ], [ 3.8973965, 43.6067665 ], [ 3.89716, 43.6067254 ], [ 3.8969302, 43.6066677 ], [ 3.8967092, 43.6065939 ], [ 3.8964993, 43.6065047 ], [ 3.8963024, 43.6064009 ], [ 3.8961205, 43.6062837 ], [ 3.8959552, 43.606154 ], [ 3.8958083, 43.6060132 ], [ 3.895681, 43.6058626 ], [ 3.8956597, 43.6058309 ], [ 3.895528, 43.6057978 ], [ 3.8953071, 43.6057239 ], [ 3.8950972, 43.6056347 ], [ 3.8949003, 43.605531 ], [ 3.8947184, 43.6054137 ], [ 3.8945531, 43.6052841 ], [ 3.8944912, 43.6052248 ], [ 3.8942838, 43.6052338 ], [ 3.8940408, 43.605227 ], [ 3.8937998, 43.605203 ], [ 3.8935633, 43.6051619 ], [ 3.8933335, 43.6051042 ], [ 3.8931126, 43.6050303 ], [ 3.8929026, 43.6049411 ], [ 3.8927058, 43.6048374 ], [ 3.8925238, 43.6047201 ], [ 3.8923586, 43.6045905 ], [ 3.8922117, 43.6044497 ], [ 3.8920844, 43.6042991 ], [ 3.8919781, 43.6041401 ], [ 3.8918937, 43.6039744 ], [ 3.8918321, 43.6038035 ], [ 3.8917938, 43.603629 ], [ 3.8917793, 43.6034526 ], [ 3.8917886, 43.603276 ], [ 3.8918217, 43.6031009 ], [ 3.8918782, 43.602929 ], [ 3.8919075, 43.6028675 ], [ 3.8918389, 43.6028137 ], [ 3.891692, 43.6026729 ], [ 3.8915648, 43.6025223 ], [ 3.8914584, 43.6023633 ], [ 3.8913741, 43.6021976 ], [ 3.8913124, 43.6020267 ], [ 3.8912742, 43.6018521 ], [ 3.891271, 43.6018129 ], [ 3.8912672, 43.6017957 ], [ 3.8912527, 43.6016193 ], [ 3.891262, 43.6014428 ], [ 3.8912951, 43.6012677 ], [ 3.8913516, 43.6010958 ], [ 3.8914311, 43.6009288 ], [ 3.8915327, 43.6007683 ], [ 3.8916555, 43.6006157 ], [ 3.8917982, 43.6004727 ], [ 3.8919596, 43.6003405 ], [ 3.892138, 43.6002204 ], [ 3.8923317, 43.6001136 ], [ 3.8925389, 43.6000211 ], [ 3.892593, 43.600002 ], [ 3.8948716, 43.6000018 ], [ 3.8948749, 43.6000029 ], [ 3.8950848, 43.6000921 ], [ 3.8952816, 43.6001958 ], [ 3.8952973, 43.6002059 ], [ 3.8953286, 43.6002068 ], [ 3.8955695, 43.6002308 ], [ 3.895806, 43.6002719 ], [ 3.8958266, 43.6002771 ], [ 3.8959478, 43.600223 ], [ 3.8961665, 43.6001457 ], [ 3.8963946, 43.6000844 ], [ 3.8966298, 43.6000396 ], [ 3.8968699, 43.6000118 ], [ 3.8971067, 43.6000015 ], [ 3.8971219, 43.6000015 ], [ 3.8973556, 43.600008 ], [ 3.8975965, 43.600032 ] ] ], [ [ [ 3.8916739, 43.6157231 ], [ 3.8919149, 43.6157471 ], [ 3.8921515, 43.6157882 ], [ 3.8923813, 43.615846 ], [ 3.8926023, 43.6159198 ], [ 3.8928123, 43.616009 ], [ 3.8930092, 43.6161127 ], [ 3.8931179, 43.6161828 ], [ 3.8932933, 43.6161209 ], [ 3.8935214, 43.6160596 ], [ 3.8937567, 43.6160148 ], [ 3.8939969, 43.615987 ], [ 3.8942397, 43.6159764 ], [ 3.8944828, 43.6159832 ], [ 3.8947237, 43.6160072 ], [ 3.8949603, 43.6160483 ], [ 3.8951902, 43.616106 ], [ 3.8954111, 43.6161799 ], [ 3.8956211, 43.6162691 ], [ 3.895818, 43.6163728 ], [ 3.8958903, 43.6164194 ], [ 3.8960512, 43.6164732 ], [ 3.8962612, 43.6165624 ], [ 3.8964581, 43.6166661 ], [ 3.8966401, 43.6167833 ], [ 3.8968054, 43.616913 ], [ 3.8969524, 43.6170538 ], [ 3.8970797, 43.6172044 ], [ 3.897186, 43.6173633 ], [ 3.8972704, 43.617529 ], [ 3.8973321, 43.6177 ], [ 3.8973704, 43.6178745 ], [ 3.8973849, 43.6180509 ], [ 3.8973756, 43.6182275 ], [ 3.8973425, 43.6184025 ], [ 3.897286, 43.6185744 ], [ 3.8972065, 43.6187414 ], [ 3.8971049, 43.618902 ], [ 3.8969821, 43.6190545 ], [ 3.8968393, 43.6191976 ], [ 3.8966779, 43.6193298 ], [ 3.8964995, 43.6194499 ], [ 3.8963057, 43.6195567 ], [ 3.8960984, 43.6196491 ], [ 3.8958797, 43.6197264 ], [ 3.8956515, 43.6197877 ], [ 3.8954162, 43.6198325 ], [ 3.895176, 43.6198603 ], [ 3.8949332, 43.6198709 ], [ 3.8946901, 43.6198641 ], [ 3.8944492, 43.6198401 ], [ 3.8942126, 43.619799 ], [ 3.8939827, 43.6197413 ], [ 3.8937617, 43.6196674 ], [ 3.8935517, 43.6195782 ], [ 3.8933548, 43.6194745 ], [ 3.8932825, 43.6194279 ], [ 3.8931216, 43.6193741 ], [ 3.8929116, 43.6192849 ], [ 3.8927147, 43.6191812 ], [ 3.8926059, 43.6191111 ], [ 3.8924305, 43.619173 ], [ 3.8922024, 43.6192344 ], [ 3.8919671, 43.6192791 ], [ 3.8917269, 43.6193069 ], [ 3.8914841, 43.6193175 ], [ 3.891241, 43.6193107 ], [ 3.8910001, 43.6192867 ], [ 3.8907635, 43.6192456 ], [ 3.8905336, 43.6191878 ], [ 3.8903126, 43.619114 ], [ 3.8901027, 43.6190248 ], [ 3.8899057, 43.618921 ], [ 3.8897238, 43.6188038 ], [ 3.8895585, 43.6186741 ], [ 3.8894115, 43.6185333 ], [ 3.8892843, 43.6183827 ], [ 3.8891779, 43.6182238 ], [ 3.8890935, 43.6180581 ], [ 3.8890319, 43.6178871 ], [ 3.8889936, 43.6177126 ], [ 3.8889791, 43.6175362 ], [ 3.8889884, 43.6173596 ], [ 3.8890215, 43.6171845 ], [ 3.8890781, 43.6170127 ], [ 3.8891576, 43.6168457 ], [ 3.8892592, 43.6166851 ], [ 3.889382, 43.6165326 ], [ 3.8895248, 43.6163895 ], [ 3.8896862, 43.6162573 ], [ 3.8898647, 43.6161373 ], [ 3.8900585, 43.6160305 ], [ 3.8902658, 43.615938 ], [ 3.8904845, 43.6158608 ], [ 3.8907126, 43.6157994 ], [ 3.8909479, 43.6157547 ], [ 3.8911881, 43.6157269 ], [ 3.8914309, 43.6157163 ], [ 3.8916739, 43.6157231 ] ] ], [ [ [ 3.9020648, 43.6182603 ], [ 3.9022617, 43.618364 ], [ 3.9024437, 43.6184813 ], [ 3.902609, 43.6186109 ], [ 3.902756, 43.6187517 ], [ 3.9028833, 43.6189023 ], [ 3.9029897, 43.6190612 ], [ 3.9030741, 43.6192269 ], [ 3.9031358, 43.6193978 ], [ 3.9031741, 43.6195723 ], [ 3.9031887, 43.6197487 ], [ 3.9031794, 43.6199253 ], [ 3.9031463, 43.6201004 ], [ 3.9030898, 43.6202723 ], [ 3.9030103, 43.6204393 ], [ 3.9029087, 43.6205999 ], [ 3.902786, 43.6207524 ], [ 3.9026432, 43.6208955 ], [ 3.9024818, 43.6210277 ], [ 3.9023778, 43.6210977 ], [ 3.9023793, 43.6211167 ], [ 3.90237, 43.6212932 ], [ 3.902337, 43.6214683 ], [ 3.9022804, 43.6216402 ], [ 3.902201, 43.6218072 ], [ 3.9020994, 43.6219678 ], [ 3.9019766, 43.6221203 ], [ 3.9018338, 43.6222634 ], [ 3.9016882, 43.6223827 ], [ 3.9016946, 43.622412 ], [ 3.9017092, 43.6225884 ], [ 3.9016999, 43.622765 ], [ 3.9016668, 43.62294 ], [ 3.9016103, 43.6231119 ], [ 3.9015308, 43.6232789 ], [ 3.9014292, 43.6234395 ], [ 3.9013064, 43.623592 ], [ 3.9011637, 43.6237351 ], [ 3.9010023, 43.6238673 ], [ 3.9008238, 43.6239874 ], [ 3.90063, 43.6240942 ], [ 3.9004227, 43.6241867 ], [ 3.9002039, 43.624264 ], [ 3.8999758, 43.6243253 ], [ 3.8997405, 43.6243701 ], [ 3.8995003, 43.6243979 ], [ 3.8992574, 43.6244085 ], [ 3.8990144, 43.6244017 ], [ 3.8987734, 43.6243777 ], [ 3.8985368, 43.6243366 ], [ 3.8983069, 43.6242789 ], [ 3.8980858, 43.6242051 ], [ 3.8978758, 43.6241159 ], [ 3.8976789, 43.6240121 ], [ 3.8974969, 43.6238949 ], [ 3.8973316, 43.6237652 ], [ 3.8971846, 43.6236245 ], [ 3.8970573, 43.6234739 ], [ 3.8969509, 43.623315 ], [ 3.8968665, 43.6231492 ], [ 3.8968048, 43.6229783 ], [ 3.8967666, 43.6228038 ], [ 3.896752, 43.6226274 ], [ 3.8967613, 43.6224508 ], [ 3.8967944, 43.6222757 ], [ 3.8968509, 43.6221038 ], [ 3.8969304, 43.6219368 ], [ 3.897032, 43.6217763 ], [ 3.8971548, 43.6216237 ], [ 3.8971659, 43.6216126 ], [ 3.897162, 43.6216068 ], [ 3.8970776, 43.621441 ], [ 3.8970159, 43.6212701 ], [ 3.8969776, 43.6210956 ], [ 3.8969631, 43.6209192 ], [ 3.8969724, 43.6207426 ], [ 3.8970055, 43.6205675 ], [ 3.897062, 43.6203957 ], [ 3.8971415, 43.6202286 ], [ 3.8972431, 43.6200681 ], [ 3.8973659, 43.6199155 ], [ 3.8975087, 43.6197725 ], [ 3.8976701, 43.6196403 ], [ 3.8978485, 43.6195202 ], [ 3.8980423, 43.6194134 ], [ 3.8982496, 43.6193209 ], [ 3.8983202, 43.6192959 ], [ 3.8983307, 43.6192643 ], [ 3.8984101, 43.6190973 ], [ 3.8985117, 43.6189367 ], [ 3.8986345, 43.6187842 ], [ 3.8987773, 43.6186411 ], [ 3.8989387, 43.6185089 ], [ 3.8991171, 43.6183888 ], [ 3.8993109, 43.618282 ], [ 3.8995182, 43.6181895 ], [ 3.8997369, 43.6181122 ], [ 3.899965, 43.6180509 ], [ 3.9002003, 43.6180061 ], [ 3.9004405, 43.6179783 ], [ 3.9006833, 43.6179677 ], [ 3.9009264, 43.6179745 ], [ 3.9011674, 43.6179985 ], [ 3.9014039, 43.6180396 ], [ 3.9016338, 43.6180973 ], [ 3.9018548, 43.6181711 ], [ 3.9020648, 43.6182603 ] ] ] ] } },
{ "type": "Feature", "properties": { "index": "1", "label": "Beyond 200 m", "color": "#d9d9d9" }, "geometry": { "type": "MultiPolygon", "coordinates": [ [ [ [ 3.9049512, 43.6028517 ], [ 3.905, 43.6028188 ], [ 3.905, 43.605962 ], [ 3.9049811, 43.6059587 ], [ 3.9047401, 43.6059346 ], [ 3.9044971, 43.6059279 ], [ 3.9042544, 43.6059385 ], [ 3.9040142, 43.6059663 ], [ 3.9038515, 43.6059973 ], [ 3.9038688, 43.6059758 ], [ 3.9039704, 43.6058153 ], [ 3.9040498, 43.6056483 ], [ 3.9041063, 43.6054764 ], [ 3.9041394, 43.6053013 ], [ 3.9041487, 43.6051247 ], [ 3.9041341, 43.6049483 ], [ 3.9040958, 43.6047738 ], [ 3.9040342, 43.6046029 ], [ 3.9039497, 43.6044372 ], [ 3.9038434, 43.6042782 ], [ 3.9037161, 43.6041277 ], [ 3.9035691, 43.6039869 ], [ 3.9034039, 43.6038572 ], [ 3.9032219, 43.60374 ], [ 3.903025, 43.6036363 ], [ 3.9028151, 43.6035471 ], [ 3.9025942, 43.6034733 ], [ 3.9023643, 43.6034156 ], [ 3.9021278, 43.6033745 ], [ 3.9018869, 43.6033505 ], [ 3.9016439, 43.6033437 ], [ 3.9014012, 43.6033543 ], [ 3.901161, 43.6033821 ], [ 3.9009258, 43.6034269 ], [ 3.9006977, 43.6034882 ], [ 3.900479, 43.6035655 ], [ 3.9004739, 43.6035678 ], [ 3.900454, 43.6035549 ], [ 3.9002571, 43.6034512 ], [ 3.9000472, 43.603362 ], [ 3.8998303, 43.6032896 ], [ 3.8996336, 43.6031859 ], [ 3.8994237, 43.6030967 ], [ 3.8993637, 43.6030767 ], [ 3.8993963, 43.6029042 ], [ 3.8994005, 43.6028247 ], [ 3.8994198, 43.602766 ], [ 3.8994529, 43.6025909 ], [ 3.8994616, 43.6024249 ], [ 3.8995182, 43.6023059 ], [ 3.8995748, 43.602134 ], [ 3.8996079, 43.6019589 ], [ 3.8996149, 43.6018255 ], [ 3.8998295, 43.6018628 ], [ 3.9000705, 43.6018868 ], [ 3.900192, 43.6018902 ], [ 3.9002471, 43.6020431 ], [ 3.9003315, 43.6022088 ], [ 3.9004379, 43.6023677 ], [ 3.9005652, 43.6025183 ], [ 3.9007121, 43.6026591 ], [ 3.9008774, 43.6027887 ], [ 3.9010593, 43.602906 ], [ 3.9012562, 43.6030097 ], [ 3.9014661, 43.6030989 ], [ 3.9016871, 43.6031727 ], [ 3.9019169, 43.6032304 ], [ 3.9021534, 43.6032715 ], [ 3.9023943, 43.6032956 ], [ 3.9026373, 43.6033023 ], [ 3.9028801, 43.6032917 ], [ 3.9031202, 43.6032639 ], [ 3.9031204, 43.6032639 ], [ 3.9031424, 43.6032661 ], [ 3.9033854, 43.6032728 ], [ 3.9036282, 43.6032622 ], [ 3.9038683, 43.6032344 ], [ 3.9041036, 43.6031896 ], [ 3.9043316, 43.6031282 ], [ 3.9045503, 43.603051 ], [ 3.9047575, 43.6029585 ], [ 3.9049512, 43.6028517 ] ] ], [ [ [ 3.905, 43.6094946 ], [ 3.905, 43.625 ], [ 3.8885866, 43.6250024 ], [ 3.888788, 43.6249483 ], [ 3.8890068, 43.624871 ], [ 3.8892141, 43.6247785 ], [ 3.889408, 43.6246718 ], [ 3.8895864, 43.6245517 ], [ 3.8897479, 43.6244195 ], [ 3.8898907, 43.6242764 ], [ 3.8900135, 43.6241239 ], [ 3.8901151, 43.6239634 ], [ 3.8901946, 43.6237963 ], [ 3.8902512, 43.6236245 ], [ 3.8902581, 43.6235881 ], [ 3.8903009, 43.6235593 ], [ 3.8904623, 43.6234271 ], [ 3.8906051, 43.623284 ], [ 3.890728, 43.6231315 ], [ 3.8908296, 43.6229709 ], [ 3.8909091, 43.6228039 ], [ 3.8909657, 43.6226321 ], [ 3.8909988, 43.622457 ], [ 3.8910081, 43.6222804 ], [ 3.8909936, 43.622104 ], [ 3.8909553, 43.6219295 ], [ 3.8908937, 43.6217586 ], [ 3.8908093, 43.6215928 ], [ 3.8907875, 43.6215603 ], [ 3.8907801, 43.6215265 ], [ 3.8907184, 43.6213556 ], [ 3.890634, 43.6211898 ], [ 3.8905277, 43.6210309 ], [ 3.8904004, 43.6208803 ], [ 3.8902534, 43.6207395 ], [ 3.8900881, 43.6206098 ], [ 3.8899062, 43.6204926 ], [ 3.8897092, 43.6203888 ], [ 3.8894993, 43.6202996 ], [ 3.8892783, 43.6202258 ], [ 3.8890484, 43.620168 ], [ 3.8888118, 43.6201269 ], [ 3.8885709, 43.6201029 ], [ 3.8883278, 43.6200961 ], [ 3.888085, 43.6201067 ], [ 3.8878448, 43.6201344 ], [ 3.8876095, 43.6201792 ], [ 3.8873813, 43.6202405 ], [ 3.8871626, 43.6203178 ], [ 3.8869553, 43.6204102 ], [ 3.8867614, 43.620517 ], [ 3.886583, 43.6206371 ], [ 3.8864215, 43.6207693 ], [ 3.8862787, 43.6209123 ], [ 3.8861559, 43.6210649 ], [ 3.8860543, 43.6212254 ], [ 3.8859748, 43.6213924 ], [ 3.8859182, 43.6215643 ], [ 3.8858851, 43.6217394 ], [ 3.8858757, 43.6219159 ], [ 3.8858902, 43.6220923 ], [ 3.8859025, 43.6221481 ], [ 3.8858822, 43.6221647 ], [ 3.8857394, 43.6223077 ], [ 3.8856166, 43.6224603 ], [ 3.8855149, 43.6226208 ], [ 3.8854354, 43.6227878 ], [ 3.8853788, 43.6229597 ], [ 3.8853457, 43.6231347 ], [ 3.8853364, 43.6233113 ], [ 3.8853509, 43.6234877 ], [ 3.8853891, 43.6236622 ], [ 3.8854508, 43.6238332 ], [ 3.8855351, 43.6239989 ], [ 3.8856415, 43.6241579 ], [ 3.8857688, 43.6243085 ], [ 3.8859158, 43.6244493 ], [ 3.886081, 43.6245789 ], [ 3.886263, 43.6246962 ], [ 3.8864599, 43.6247999 ], [ 3.8866699, 43.6248892 ], [ 3.8868909, 43.624963 ], [ 3.8870482, 43.6250025 ], [ 3.8789132, 43.6250027 ], [ 3.8789597, 43.6249561 ], [ 3.8790826, 43.6248036 ], [ 3.8791842, 43.6246431 ], [ 3.8792638, 43.6244761 ], [ 3.8793204, 43.6243042 ], [ 3.8793535, 43.6241291 ], [ 3.8793629, 43.6239526 ], [ 3.8793484, 43.6237762 ], [ 3.8793101, 43.6236016 ], [ 3.8792485, 43.6234307 ], [ 3.8791642, 43.6232649 ], [ 3.8790578, 43.623106 ], [ 3.8789306, 43.6229554 ], [ 3.8787836, 43.6228146 ], [ 3.8787347, 43.6227762 ], [ 3.8786597, 43.622629 ], [ 3.8785534, 43.62247 ], [ 3.8784262, 43.6223194 ], [ 3.8782792, 43.6221786 ], [ 3.8781139, 43.6220489 ], [ 3.877932, 43.6219316 ], [ 3.8777351, 43.6218279 ], [ 3.8775251, 43.6217386 ], [ 3.8773041, 43.6216648 ], [ 3.8770743, 43.621607 ], [ 3.8768377, 43.6215659 ], [ 3.8765967, 43.6215418 ], [ 3.8763536, 43.621535 ], [ 3.8761108, 43.6215455 ], [ 3.8758706, 43.6215733 ], [ 3.8756353, 43.621618 ], [ 3.8754071, 43.6216793 ], [ 3.8751883, 43.6217566 ], [ 3.874981, 43.621849 ], [ 3.8747872, 43.6219558 ], [ 3.8746087, 43.6220758 ], [ 3.8744472, 43.622208 ], [ 3.8743044, 43.622351 ], [ 3.8741815, 43.6225035 ], [ 3.8740798, 43.6226641 ], [ 3.874057, 43.622712 ], [ 3.8740066, 43.6226725 ], [ 3.8738247, 43.6225552 ], [ 3.8736278, 43.6224514 ], [ 3.8734178, 43.6223622 ], [ 3.8731969, 43.6222883 ], [ 3.872967, 43.6222305 ], [ 3.8727304, 43.6221894 ], [ 3.8724894, 43.6221653 ], [ 3.8722464, 43.6221585 ], [ 3.8720035, 43.622169 ], [ 3.8717633, 43.6221968 ], [ 3.871528, 43.6222415 ], [ 3.8712998, 43.6223028 ], [ 3.871081, 43.62238 ], [ 3.8708737, 43.6224724 ], [ 3.8706799, 43.6225792 ], [ 3.8705013, 43.6226992 ], [ 3.8703399, 43.6228314 ], [ 3.870197, 43.6229744 ], [ 3.8700742, 43.623127 ], [ 3.8699725, 43.6232875 ], [ 3.8698929, 43.6234545 ], [ 3.8698363, 43.6236263 ], [ 3.8698031, 43.6238014 ], [ 3.8697937, 43.623978 ], [ 3.8698017, 43.6240755 ], [ 3.8697938, 43.6242244 ], [ 3.8698083, 43.6244008 ], [ 3.8698465, 43.6245753 ], [ 3.8699081, 43.6247463 ], [ 3.8699924, 43.624912 ], [ 3.8700528, 43.6250023 ], [ 3.855, 43.625 ], [ 3.855, 43.6 ], [ 3.8567495, 43.6000004 ], [ 3.8567437, 43.6001083 ], [ 3.8567581, 43.6002847 ], [ 3.8567963, 43.6004592 ], [ 3.8568578, 43.6006302 ], [ 3.8569421, 43.600796 ], [ 3.8570483, 43.6009549 ], [ 3.8571755, 43.6011055 ], [ 3.8573223, 43.6012464 ], [ 3.8574875, 43.6013761 ], [ 3.8576693, 43.6014934 ], [ 3.8578661, 43.6015972 ], [ 3.858076, 43.6016865 ], [ 3.8582969, 43.6017604 ], [ 3.8585267, 43.6018182 ], [ 3.8587631, 43.6018594 ], [ 3.859004, 43.6018835 ], [ 3.859247, 43.6018903 ], [ 3.8594898, 43.6018798 ], [ 3.8597299, 43.6018521 ], [ 3.8598536, 43.6018286 ], [ 3.8600783, 43.6018349 ], [ 3.860321, 43.6018244 ], [ 3.8605611, 43.6017967 ], [ 3.8607964, 43.601752 ], [ 3.8610245, 43.6016907 ], [ 3.8612432, 43.6016135 ], [ 3.8614505, 43.6015211 ], [ 3.8616443, 43.6014144 ], [ 3.8618228, 43.6012943 ], [ 3.8619842, 43.6011622 ], [ 3.862127, 43.6010192 ], [ 3.8622499, 43.6008666 ], [ 3.8623515, 43.6007061 ], [ 3.8624311, 43.6005391 ], [ 3.8624877, 43.6003673 ], [ 3.8625209, 43.6001922 ], [ 3.8625303, 43.6000156 ], [ 3.8625291, 43.6000014 ], [ 3.8651566, 43.6000018 ], [ 3.865144, 43.6000683 ], [ 3.8651346, 43.6002449 ], [ 3.8651491, 43.6004213 ], [ 3.8651872, 43.6005958 ], [ 3.8652488, 43.6007668 ], [ 3.8653331, 43.6009325 ], [ 3.8654393, 43.6010915 ], [ 3.8655665, 43.6012421 ], [ 3.8657134, 43.6013829 ], [ 3.8658786, 43.6015126 ], [ 3.8660604, 43.6016299 ], [ 3.8662572, 43.6017337 ], [ 3.8664671, 43.601823 ], [ 3.866688, 43.6018968 ], [ 3.8669178, 43.6019546 ], [ 3.8671543, 43.6019958 ], [ 3.8673952, 43.6020199 ], [ 3.8676382, 43.6020267 ], [ 3.8678809, 43.6020162 ], [ 3.8681211, 43.6019885 ], [ 3.8683563, 43.6019437 ], [ 3.8685844, 43.6018825 ], [ 3.8688031, 43.6018052 ], [ 3.8690104, 43.6017128 ], [ 3.8692042, 43.6016061 ], [ 3.8693826, 43.601486 ], [ 3.869544, 43.6013538 ], [ 3.8696868, 43.6012108 ], [ 3.8698097, 43.6010583 ], [ 3.8699113, 43.6008978 ], [ 3.8699909, 43.6007308 ], [ 3.8700475, 43.6005589 ], [ 3.8700806, 43.6003839 ], [ 3.87009, 43.6002073 ], [ 3.8700755, 43.6000309 ], [ 3.8700693, 43.6000023 ], [ 3.871678, 43.6000024 ], [ 3.8716634, 43.6000797 ], [ 3.871654, 43.6002563 ], [ 3.8716685, 43.6004327 ], [ 3.8717067, 43.6006072 ], [ 3.8717682, 43.6007782 ], [ 3.8718525, 43.6009439 ], [ 3.8719588, 43.6011029 ], [ 3.872086, 43.6012535 ], [ 3.8722329, 43.6013943 ], [ 3.8723981, 43.601524 ], [ 3.87258, 43.6016413 ], [ 3.8727768, 43.6017451 ], [ 3.8729867, 43.6018343 ], [ 3.8730379, 43.6018515 ], [ 3.8730393, 43.6018579 ], [ 3.8731009, 43.6020288 ], [ 3.8731852, 43.6021946 ], [ 3.8732915, 43.6023535 ], [ 3.8734187, 43.6025041 ], [ 3.8735656, 43.602645 ], [ 3.8737308, 43.6027746 ], [ 3.8739127, 43.6028919 ], [ 3.8741095, 43.6029957 ], [ 3.8743194, 43.6030849 ], [ 3.874369, 43.6031015 ], [ 3.8744624, 43.6032122 ], [ 3.8742784, 43.6032335 ], [ 3.8741173, 43.6032641 ], [ 3.8740279, 43.6031582 ], [ 3.873881, 43.6030174 ], [ 3.8737158, 43.6028877 ], [ 3.8735339, 43.6027704 ], [ 3.8733371, 43.6026666 ], [ 3.8731272, 43.6025774 ], [ 3.8729063, 43.6025035 ], [ 3.8726765, 43.6024457 ], [ 3.8726399, 43.6024394 ], [ 3.8724274, 43.6023859 ], [ 3.8721909, 43.6023448 ], [ 3.87195, 43.6023207 ], [ 3.871707, 43.6023139 ], [ 3.8714643, 43.6023244 ], [ 3.8712241, 43.6023522 ], [ 3.8709889, 43.6023969 ], [ 3.8707608, 43.6024582 ], [ 3.870542, 43.6025354 ], [ 3.8703348, 43.6026278 ], [ 3.870141, 43.6027346 ], [ 3.8699625, 43.6028546 ], [ 3.8698011, 43.6029868 ], [ 3.8696583, 43.6031298 ], [ 3.8695355, 43.6032823 ], [ 3.8694338, 43.6034429 ], [ 3.8693543, 43.6036099 ], [ 3.8692977, 43.6037817 ], [ 3.8692974, 43.6037833 ], [ 3.8692263, 43.6037864 ], [ 3.8689862, 43.6038142 ], [ 3.8687509, 43.6038589 ], [ 3.8685228, 43.6039202 ], [ 3.8683041, 43.6039974 ], [ 3.8680968, 43.6040898 ], [ 3.867903, 43.6041965 ], [ 3.8677245, 43.6043166 ], [ 3.8675631, 43.6044488 ], [ 3.8674203, 43.6045918 ], [ 3.867309, 43.60473 ], [ 3.8671843, 43.6047083 ], [ 3.8669433, 43.6046842 ], [ 3.8667003, 43.6046774 ], [ 3.8664576, 43.6046879 ], [ 3.8662174, 43.6047156 ], [ 3.8659822, 43.6047604 ], [ 3.8657541, 43.6048216 ], [ 3.8655353, 43.6048988 ], [ 3.8653281, 43.6049913 ], [ 3.8651342, 43.605098 ], [ 3.8649558, 43.605218 ], [ 3.8647943, 43.6053502 ], [ 3.864793, 43.6053515 ], [ 3.8646, 43.6054578 ], [ 3.8645948, 43.6054613 ], [ 3.8644855, 43.6055215 ], [ 3.8644846, 43.6055221 ], [ 3.8642765, 43.6055013 ], [ 3.8640335, 43.6054945 ], [ 3.8639264, 43.6054991 ], [ 3.8638694, 43.6053871 ], [ 3.8637631, 43.6052281 ], [ 3.8636359, 43.6050775 ], [ 3.863489, 43.6049366 ], [ 3.8633239, 43.6048069 ], [ 3.863142, 43.6046896 ], [ 3.8629452, 43.6045859 ], [ 3.8627353, 43.6044966 ], [ 3.8625144, 43.6044227 ], [ 3.8622846, 43.6043649 ], [ 3.8620481, 43.6043237 ], [ 3.8618072, 43.6042996 ], [ 3.8615642, 43.6042928 ], [ 3.8613214, 43.6043033 ], [ 3.8610813, 43.604331 ], [ 3.860846, 43.6043757 ], [ 3.8606179, 43.604437 ], [ 3.8603992, 43.6045142 ], [ 3.8601919, 43.6046066 ], [ 3.8599981, 43.6047133 ], [ 3.8598196, 43.6048334 ], [ 3.8596581, 43.6049655 ], [ 3.8595153, 43.6051085 ], [ 3.8593925, 43.605261 ], [ 3.8592908, 43.6054216 ], [ 3.8592112, 43.6055886 ], [ 3.8591546, 43.6057604 ], [ 3.859152, 43.605774 ], [ 3.8590001, 43.6058576 ], [ 3.8588216, 43.6059776 ], [ 3.8586601, 43.6061098 ], [ 3.8585173, 43.6062528 ], [ 3.8583944, 43.6064053 ], [ 3.8582927, 43.6065658 ], [ 3.8582132, 43.6067328 ], [ 3.8581565, 43.6069047 ], [ 3.8581233, 43.6070797 ], [ 3.8581139, 43.6072563 ], [ 3.8581283, 43.6074327 ], [ 3.8581665, 43.6076073 ], [ 3.858228, 43.6077782 ], [ 3.8583123, 43.607944 ], [ 3.8584186, 43.6081029 ], [ 3.8585457, 43.6082536 ], [ 3.8586926, 43.6083944 ], [ 3.8588578, 43.6085241 ], [ 3.8590397, 43.6086414 ], [ 3.8592365, 43.6087452 ], [ 3.8594464, 43.6088345 ], [ 3.8596673, 43.6089084 ], [ 3.8598971, 43.6089662 ], [ 3.8601336, 43.6090074 ], [ 3.8603746, 43.6090315 ], [ 3.8606176, 43.6090383 ], [ 3.8608603, 43.6090278 ], [ 3.8610758, 43.6090029 ], [ 3.8611457, 43.6090857 ], [ 3.8612926, 43.6092266 ], [ 3.8614577, 43.6093562 ], [ 3.8616396, 43.6094736 ], [ 3.8618365, 43.6095773 ], [ 3.8620463, 43.6096666 ], [ 3.8622673, 43.6097405 ], [ 3.8624971, 43.6097983 ], [ 3.8627336, 43.6098395 ], [ 3.8629745, 43.6098636 ], [ 3.8632176, 43.6098704 ], [ 3.8634603, 43.6098599 ], [ 3.8637005, 43.6098322 ], [ 3.8639358, 43.6097875 ], [ 3.8641639, 43.6097262 ], [ 3.8643827, 43.609649 ], [ 3.86459, 43.6095566 ], [ 3.8647838, 43.6094498 ], [ 3.8649623, 43.6093298 ], [ 3.8651237, 43.6091976 ], [ 3.8652665, 43.6090546 ], [ 3.8653894, 43.6089021 ], [ 3.8654699, 43.608775 ], [ 3.8656513, 43.6086751 ], [ 3.8656522, 43.6086745 ], [ 3.8658603, 43.6086953 ], [ 3.8661033, 43.6087021 ], [ 3.8663461, 43.6086916 ], [ 3.8665863, 43.6086639 ], [ 3.8667429, 43.6086341 ], [ 3.8667504, 43.6086354 ], [ 3.8669914, 43.6086595 ], [ 3.8672344, 43.6086663 ], [ 3.8674771, 43.6086558 ], [ 3.8677173, 43.6086281 ], [ 3.8679526, 43.6085833 ], [ 3.8681807, 43.6085221 ], [ 3.8683995, 43.6084448 ], [ 3.8685186, 43.6083917 ], [ 3.8684891, 43.6084159 ], [ 3.8683463, 43.6085589 ], [ 3.8682234, 43.6087114 ], [ 3.8681217, 43.6088719 ], [ 3.8680422, 43.6090389 ], [ 3.8679856, 43.6092108 ], [ 3.8679524, 43.6093859 ], [ 3.8679446, 43.6095334 ], [ 3.8677458, 43.609542 ], [ 3.8675056, 43.6095698 ], [ 3.8672704, 43.6096145 ], [ 3.8670422, 43.6096757 ], [ 3.8668235, 43.609753 ], [ 3.8666162, 43.6098454 ], [ 3.8664224, 43.6099521 ], [ 3.8662439, 43.6100722 ], [ 3.8660825, 43.6102043 ], [ 3.8659396, 43.6103474 ], [ 3.8658168, 43.6104999 ], [ 3.8657151, 43.6106604 ], [ 3.8656355, 43.6108274 ], [ 3.8655789, 43.6109992 ], [ 3.8655457, 43.6111743 ], [ 3.8655363, 43.6113509 ], [ 3.8655508, 43.6115273 ], [ 3.865589, 43.6117018 ], [ 3.8656505, 43.6118728 ], [ 3.8657349, 43.6120385 ], [ 3.8658411, 43.6121975 ], [ 3.8659683, 43.6123481 ], [ 3.8661152, 43.6124889 ], [ 3.8662804, 43.6126186 ], [ 3.8664624, 43.6127359 ], [ 3.8666464, 43.612833 ], [ 3.8666068, 43.6129162 ], [ 3.8665501, 43.6130881 ], [ 3.8665169, 43.6132631 ], [ 3.8665075, 43.6134397 ], [ 3.866522, 43.6136161 ], [ 3.8665602, 43.6137906 ], [ 3.8666218, 43.6139616 ], [ 3.8667061, 43.6141273 ], [ 3.8668124, 43.6142863 ], [ 3.8669396, 43.6144369 ], [ 3.8670865, 43.6145777 ], [ 3.8672517, 43.6147074 ], [ 3.8674336, 43.6148247 ], [ 3.8676305, 43.6149285 ], [ 3.8678404, 43.6150178 ], [ 3.8680613, 43.6150917 ], [ 3.8682912, 43.6151494 ], [ 3.8685277, 43.6151906 ], [ 3.8687687, 43.6152147 ], [ 3.8690117, 43.6152215 ], [ 3.8692545, 43.615211 ], [ 3.8694947, 43.6151832 ], [ 3.8697245, 43.6151396 ], [ 3.869727, 43.61514 ], [ 3.8697679, 43.6151441 ], [ 3.8698079, 43.6151915 ], [ 3.8699548, 43.6153323 ], [ 3.8701201, 43.615462 ], [ 3.870302, 43.6155793 ], [ 3.8704988, 43.615683 ], [ 3.8707088, 43.6157723 ], [ 3.8709297, 43.6158462 ], [ 3.8711365, 43.6158982 ], [ 3.8711145, 43.6160144 ], [ 3.8711051, 43.616191 ], [ 3.8711196, 43.6163674 ], [ 3.8711578, 43.6165419 ], [ 3.8712194, 43.6167129 ], [ 3.8713037, 43.6168786 ], [ 3.87141, 43.6170376 ], [ 3.8715373, 43.6171882 ], [ 3.8716842, 43.617329 ], [ 3.8718494, 43.6174587 ], [ 3.8720314, 43.617576 ], [ 3.8722282, 43.6176798 ], [ 3.8724382, 43.617769 ], [ 3.8726591, 43.6178429 ], [ 3.8726944, 43.6178518 ], [ 3.8724971, 43.6179214 ], [ 3.8722898, 43.6180139 ], [ 3.8721674, 43.6180813 ], [ 3.8720433, 43.6180597 ], [ 3.8718023, 43.6180356 ], [ 3.8715593, 43.6180288 ], [ 3.8713165, 43.6180393 ], [ 3.8710763, 43.6180671 ], [ 3.870841, 43.6181118 ], [ 3.8706128, 43.6181731 ], [ 3.870394, 43.6182503 ], [ 3.8701867, 43.6183427 ], [ 3.8699929, 43.6184495 ], [ 3.8698144, 43.6185695 ], [ 3.8697757, 43.6186012 ], [ 3.8697437, 43.6185905 ], [ 3.8698402, 43.6184382 ], [ 3.8699197, 43.6182712 ], [ 3.8699764, 43.6180993 ], [ 3.8700095, 43.6179242 ], [ 3.8700189, 43.6177477 ], [ 3.8700044, 43.6175713 ], [ 3.8699662, 43.6173967 ], [ 3.8699047, 43.6172258 ], [ 3.8698203, 43.61706 ], [ 3.869714, 43.6169011 ], [ 3.8695868, 43.6167505 ], [ 3.8694399, 43.6166096 ], [ 3.8692747, 43.61648 ], [ 3.8690927, 43.6163627 ], [ 3.8688959, 43.6162589 ], [ 3.868686, 43.6161696 ], [ 3.868465, 43.6160957 ], [ 3.8682352, 43.616038 ], [ 3.8679986, 43.6159968 ], [ 3.8677577, 43.6159727 ], [ 3.8675146, 43.6159659 ], [ 3.8672718, 43.6159764 ], [ 3.8670316, 43.6160042 ], [ 3.8667963, 43.6160489 ], [ 3.8667401, 43.616064 ], [ 3.8667996, 43.6159389 ], [ 3.8668563, 43.6157671 ], [ 3.8668894, 43.615592 ], [ 3.8668988, 43.6154154 ], [ 3.8668844, 43.615239 ], [ 3.8668462, 43.6150645 ], [ 3.8667846, 43.6148935 ], [ 3.8667003, 43.6147278 ], [ 3.866594, 43.6145688 ], [ 3.8664668, 43.6144182 ], [ 3.8663199, 43.6142774 ], [ 3.8661547, 43.6141477 ], [ 3.8659728, 43.6140304 ], [ 3.8657759, 43.6139266 ], [ 3.865566, 43.6138374 ], [ 3.8653451, 43.6137635 ], [ 3.8651152, 43.6137057 ], [ 3.8648787, 43.6136645 ], [ 3.8646377, 43.6136404 ], [ 3.8643947, 43.6136336 ], [ 3.8641519, 43.6136441 ], [ 3.8639117, 43.6136718 ], [ 3.8636764, 43.6137166 ], [ 3.8634483, 43.6137778 ], [ 3.8632295, 43.613855 ], [ 3.8630222, 43.6139474 ], [ 3.8628284, 43.6140542 ], [ 3.8626499, 43.6141742 ], [ 3.8624884, 43.6143064 ], [ 3.8623455, 43.6144494 ], [ 3.8622227, 43.6146019 ], [ 3.862121, 43.6147624 ], [ 3.8620414, 43.6149294 ], [ 3.8619848, 43.6151013 ], [ 3.8619516, 43.6152763 ], [ 3.8619422, 43.6154529 ], [ 3.8619566, 43.6156293 ], [ 3.8619808, 43.6157399 ], [ 3.8618223, 43.6158105 ], [ 3.861818, 43.6158129 ], [ 3.8617661, 43.615836 ], [ 3.8615722, 43.6159428 ], [ 3.8613937, 43.6160628 ], [ 3.8612323, 43.6161949 ], [ 3.8610894, 43.616338 ], [ 3.8609665, 43.6164905 ], [ 3.8608648, 43.616651 ], [ 3.8607852, 43.616818 ], [ 3.8607286, 43.6169898 ], [ 3.8606954, 43.6171649 ], [ 3.860686, 43.6173415 ], [ 3.8607004, 43.6175179 ], [ 3.8607386, 43.6176924 ], [ 3.8608002, 43.6178634 ], [ 3.8608845, 43.6180291 ], [ 3.8609907, 43.6181881 ], [ 3.861118, 43.6183387 ], [ 3.8612649, 43.6184796 ], [ 3.8614301, 43.6186092 ], [ 3.861612, 43.6187266 ], [ 3.8618089, 43.6188303 ], [ 3.8620188, 43.6189196 ], [ 3.8622397, 43.6189935 ], [ 3.8624696, 43.6190513 ], [ 3.8627061, 43.6190925 ], [ 3.8629471, 43.6191166 ], [ 3.8631902, 43.6191234 ], [ 3.863433, 43.6191129 ], [ 3.8636732, 43.6190852 ], [ 3.8639085, 43.6190404 ], [ 3.8641367, 43.6189792 ], [ 3.8643555, 43.618902 ], [ 3.8645628, 43.6188096 ], [ 3.864567, 43.6188072 ], [ 3.864619, 43.6187841 ], [ 3.8648128, 43.6186773 ], [ 3.8649914, 43.6185573 ], [ 3.8651528, 43.6184251 ], [ 3.8652081, 43.6183697 ], [ 3.8652606, 43.6184729 ], [ 3.8653669, 43.6186319 ], [ 3.8654941, 43.6187825 ], [ 3.865641, 43.6189233 ], [ 3.8658063, 43.619053 ], [ 3.8659882, 43.6191703 ], [ 3.8661851, 43.6192741 ], [ 3.866395, 43.6193634 ], [ 3.8664357, 43.619377 ], [ 3.8663392, 43.6195293 ], [ 3.8662597, 43.6196963 ], [ 3.8662157, 43.6198296 ], [ 3.8661409, 43.6198561 ], [ 3.8659336, 43.6199485 ], [ 3.8657397, 43.6200552 ], [ 3.8655612, 43.6201753 ], [ 3.8653997, 43.6203074 ], [ 3.8652569, 43.6204504 ], [ 3.865134, 43.620603 ], [ 3.8650323, 43.6207635 ], [ 3.864976, 43.6208817 ], [ 3.8649475, 43.6209102 ], [ 3.8648246, 43.6210628 ], [ 3.8647229, 43.6212233 ], [ 3.8647019, 43.6212674 ], [ 3.8646061, 43.6211242 ], [ 3.8644788, 43.6209736 ], [ 3.8643319, 43.6208327 ], [ 3.8641667, 43.620703 ], [ 3.8639848, 43.6205857 ], [ 3.8637879, 43.6204819 ], [ 3.863578, 43.6203927 ], [ 3.863357, 43.6203188 ], [ 3.8631271, 43.620261 ], [ 3.8628906, 43.6202198 ], [ 3.8626496, 43.6201957 ], [ 3.8624066, 43.6201889 ], [ 3.8621637, 43.6201994 ], [ 3.8619235, 43.6202271 ], [ 3.8616882, 43.6202718 ], [ 3.86146, 43.6203331 ], [ 3.8612412, 43.6204103 ], [ 3.8610339, 43.6205027 ], [ 3.86084, 43.6206095 ], [ 3.8606615, 43.6207295 ], [ 3.8605, 43.6208616 ], [ 3.8603571, 43.6210047 ], [ 3.8602343, 43.6211572 ], [ 3.8601325, 43.6213177 ], [ 3.860053, 43.6214847 ], [ 3.8599963, 43.6216565 ], [ 3.8599631, 43.6218316 ], [ 3.8599537, 43.6220082 ], [ 3.8599681, 43.6221846 ], [ 3.8600063, 43.6223591 ], [ 3.8600679, 43.6225301 ], [ 3.8601522, 43.6226958 ], [ 3.8602585, 43.6228548 ], [ 3.8603857, 43.6230054 ], [ 3.8605326, 43.6231462 ], [ 3.8606978, 43.6232759 ], [ 3.8608798, 43.6233932 ], [ 3.8610766, 43.623497 ], [ 3.8612866, 43.6235863 ], [ 3.8615075, 43.6236602 ], [ 3.8617374, 43.623718 ], [ 3.861974, 43.6237592 ], [ 3.862215, 43.6237833 ], [ 3.862458, 43.6237901 ], [ 3.8627009, 43.6237796 ], [ 3.8629411, 43.6237519 ], [ 3.8631765, 43.6237072 ], [ 3.8634046, 43.6236459 ], [ 3.8636234, 43.6235687 ], [ 3.8638308, 43.6234763 ], [ 3.8640246, 43.6233695 ], [ 3.8642032, 43.6232495 ], [ 3.8643647, 43.6231173 ], [ 3.8645075, 43.6229743 ], [ 3.8646304, 43.6228218 ], [ 3.8647321, 43.6226613 ], [ 3.8647531, 43.6226171 ], [ 3.8648489, 43.6227604 ], [ 3.8649762, 43.622911 ], [ 3.8651231, 43.6230518 ], [ 3.8652883, 43.6231815 ], [ 3.8654703, 43.6232988 ], [ 3.8656671, 43.6234026 ], [ 3.8658771, 43.6234919 ], [ 3.8660981, 43.6235657 ], [ 3.8663279, 43.6236235 ], [ 3.8665645, 43.6236647 ], [ 3.8667259, 43.6236808 ], [ 3.8668436, 43.6237309 ], [ 3.8670646, 43.6238047 ], [ 3.8672945, 43.6238625 ], [ 3.867531, 43.6239037 ], [ 3.867772, 43.6239278 ], [ 3.8680151, 43.6239346 ], [ 3.8682579, 43.6239241 ], [ 3.8684982, 43.6238963 ], [ 3.8687335, 43.6238516 ], [ 3.8689617, 43.6237903 ], [ 3.8691805, 43.6237131 ], [ 3.8693878, 43.6236207 ], [ 3.8695817, 43.6235139 ], [ 3.8697602, 43.6233939 ], [ 3.8699217, 43.6232617 ], [ 3.8700645, 43.6231187 ], [ 3.8701874, 43.6229662 ], [ 3.8702891, 43.6228057 ], [ 3.8703686, 43.6226387 ], [ 3.8704252, 43.6224668 ], [ 3.8704584, 43.6222917 ], [ 3.8704626, 43.6222132 ], [ 3.8706244, 43.6221824 ], [ 3.8708526, 43.6221211 ], [ 3.8710714, 43.6220439 ], [ 3.8712787, 43.6219515 ], [ 3.8714726, 43.6218447 ], [ 3.8716511, 43.6217247 ], [ 3.8717754, 43.6216229 ], [ 3.8718541, 43.6216195 ], [ 3.8720944, 43.6215917 ], [ 3.8723297, 43.621547 ], [ 3.8725578, 43.6214857 ], [ 3.8727766, 43.6214085 ], [ 3.8729334, 43.6213386 ], [ 3.8731251, 43.6213719 ], [ 3.8733661, 43.621396 ], [ 3.8736092, 43.6214028 ], [ 3.873852, 43.6213923 ], [ 3.8740922, 43.6213645 ], [ 3.8743275, 43.6213198 ], [ 3.8745557, 43.6212585 ], [ 3.8747745, 43.6211813 ], [ 3.8749818, 43.6210888 ], [ 3.8751756, 43.6209821 ], [ 3.8753541, 43.620862 ], [ 3.8755156, 43.6207298 ], [ 3.8756004, 43.6206449 ], [ 3.8756209, 43.6206281 ], [ 3.8757637, 43.6204851 ], [ 3.8758866, 43.6203326 ], [ 3.8759882, 43.620172 ], [ 3.8760678, 43.620005 ], [ 3.8761175, 43.6198542 ], [ 3.8762851, 43.6198348 ], [ 3.8765204, 43.6197901 ], [ 3.8767181, 43.6197369 ], [ 3.8768534, 43.6198431 ], [ 3.8770353, 43.6199604 ], [ 3.8772322, 43.6200641 ], [ 3.8774422, 43.6201534 ], [ 3.8776631, 43.6202272 ], [ 3.877893, 43.620285 ], [ 3.8781296, 43.6203261 ], [ 3.8783706, 43.6203502 ], [ 3.8786136, 43.620357 ], [ 3.8788564, 43.6203465 ], [ 3.8790967, 43.6203187 ], [ 3.879332, 43.6202739 ], [ 3.8795601, 43.6202127 ], [ 3.879596, 43.6202 ], [ 3.8796102, 43.6202075 ], [ 3.8798201, 43.6202967 ], [ 3.8798311, 43.6203004 ], [ 3.8798306, 43.6203102 ], [ 3.8798451, 43.6204866 ], [ 3.8798833, 43.6206611 ], [ 3.8799449, 43.6208321 ], [ 3.8800293, 43.6209978 ], [ 3.8801356, 43.6211568 ], [ 3.8802629, 43.6213074 ], [ 3.8804098, 43.6214482 ], [ 3.8805751, 43.6215778 ], [ 3.8807571, 43.6216951 ], [ 3.880954, 43.6217989 ], [ 3.8811639, 43.6218881 ], [ 3.8813849, 43.621962 ], [ 3.8816148, 43.6220197 ], [ 3.8818514, 43.6220608 ], [ 3.8820924, 43.6220849 ], [ 3.8823354, 43.6220917 ], [ 3.8825783, 43.6220812 ], [ 3.8828185, 43.6220534 ], [ 3.8830538, 43.6220086 ], [ 3.8832819, 43.6219473 ], [ 3.8835007, 43.6218701 ], [ 3.883708, 43.6217776 ], [ 3.8839019, 43.6216708 ], [ 3.8840803, 43.6215508 ], [ 3.8842418, 43.6214186 ], [ 3.8843846, 43.6212755 ], [ 3.8845074, 43.621123 ], [ 3.8846091, 43.6209625 ], [ 3.8846886, 43.6207955 ], [ 3.8847451, 43.6206236 ], [ 3.8847783, 43.6204485 ], [ 3.8847876, 43.6202719 ], [ 3.8847731, 43.6200955 ], [ 3.8847348, 43.619921 ], [ 3.8846732, 43.6197501 ], [ 3.8845889, 43.6195843 ], [ 3.8844825, 43.6194254 ], [ 3.884422, 43.6193538 ], [ 3.8844795, 43.6192823 ], [ 3.8845812, 43.6191218 ], [ 3.8846607, 43.6189548 ], [ 3.8847019, 43.6188295 ], [ 3.8847806, 43.6187861 ], [ 3.8849591, 43.6186661 ], [ 3.8851205, 43.6185339 ], [ 3.8852633, 43.6183908 ], [ 3.8853861, 43.6182383 ], [ 3.8854878, 43.6180777 ], [ 3.8855673, 43.6179107 ], [ 3.8856238, 43.6177389 ], [ 3.885657, 43.6175638 ], [ 3.8856663, 43.6173872 ], [ 3.8856535, 43.6172319 ], [ 3.8857855, 43.6171239 ], [ 3.8859283, 43.6169808 ], [ 3.8860511, 43.6168283 ], [ 3.8861527, 43.6166677 ], [ 3.8862322, 43.6165007 ], [ 3.8862888, 43.6163289 ], [ 3.8863219, 43.6161538 ], [ 3.8863312, 43.6159772 ], [ 3.8863167, 43.6158008 ], [ 3.8862785, 43.6156263 ], [ 3.8862259, 43.6154806 ], [ 3.8862447, 43.6154573 ], [ 3.8863464, 43.6152967 ], [ 3.8864259, 43.6151297 ], [ 3.8864824, 43.6149579 ], [ 3.8865155, 43.6147828 ], [ 3.8865249, 43.6146062 ], [ 3.8865104, 43.6144298 ], [ 3.8864721, 43.6142553 ], [ 3.8864105, 43.6140843 ], [ 3.8863261, 43.6139186 ], [ 3.8862198, 43.6137597 ], [ 3.8860925, 43.6136091 ], [ 3.8859456, 43.6134683 ], [ 3.8857803, 43.6133386 ], [ 3.8855984, 43.6132213 ], [ 3.8854015, 43.6131176 ], [ 3.8851916, 43.6130284 ], [ 3.8849706, 43.6129545 ], [ 3.8847407, 43.6128968 ], [ 3.8845042, 43.6128556 ], [ 3.8842633, 43.6128316 ], [ 3.8840202, 43.6128248 ], [ 3.8837774, 43.6128353 ], [ 3.8835373, 43.6128631 ], [ 3.8834, 43.6128892 ], [ 3.8833505, 43.6128307 ], [ 3.8834337, 43.6128013 ], [ 3.883641, 43.6127088 ], [ 3.8838348, 43.612602 ], [ 3.8840133, 43.612482 ], [ 3.8841747, 43.6123498 ], [ 3.8843175, 43.6122067 ], [ 3.8844403, 43.6120542 ], [ 3.8845057, 43.6119509 ], [ 3.8845363, 43.6119803 ], [ 3.8847016, 43.61211 ], [ 3.8848835, 43.6122273 ], [ 3.8850804, 43.612331 ], [ 3.8852903, 43.6124202 ], [ 3.8855113, 43.6124941 ], [ 3.8857411, 43.6125519 ], [ 3.8859777, 43.612593 ], [ 3.8862186, 43.612617 ], [ 3.8864616, 43.6126238 ], [ 3.8867044, 43.6126133 ], [ 3.8869446, 43.6125855 ], [ 3.8870701, 43.6125616 ], [ 3.8869968, 43.6127156 ], [ 3.8869402, 43.6128875 ], [ 3.8869071, 43.6130626 ], [ 3.8868978, 43.6132392 ], [ 3.8869123, 43.6134156 ], [ 3.8869506, 43.6135901 ], [ 3.8870122, 43.613761 ], [ 3.8870965, 43.6139268 ], [ 3.8872029, 43.6140857 ], [ 3.8873301, 43.6142363 ], [ 3.8874771, 43.6143771 ], [ 3.8876424, 43.6145067 ], [ 3.8878243, 43.614624 ], [ 3.8880212, 43.6147278 ], [ 3.8882311, 43.614817 ], [ 3.8884521, 43.6148908 ], [ 3.888682, 43.6149486 ], [ 3.8889185, 43.6149897 ], [ 3.8891595, 43.6150137 ], [ 3.8894025, 43.6150205 ], [ 3.8896453, 43.6150099 ], [ 3.8898855, 43.6149821 ], [ 3.8901208, 43.6149374 ], [ 3.8903489, 43.6148761 ], [ 3.8905677, 43.6147988 ], [ 3.8907749, 43.6147063 ], [ 3.8909687, 43.6145995 ], [ 3.8911472, 43.6144795 ], [ 3.8913086, 43.6143473 ], [ 3.8914513, 43.6142042 ], [ 3.8915741, 43.6140517 ], [ 3.8916758, 43.6138911 ], [ 3.8917552, 43.6137241 ], [ 3.8918118, 43.6135522 ], [ 3.8918449, 43.6133772 ], [ 3.8918542, 43.6132006 ], [ 3.8918397, 43.6130242 ], [ 3.8918014, 43.6128497 ], [ 3.8917398, 43.6126787 ], [ 3.8916691, 43.6125399 ], [ 3.8917321, 43.6125176 ], [ 3.8919394, 43.6124251 ], [ 3.8921332, 43.6123183 ], [ 3.8923116, 43.6121983 ], [ 3.892473, 43.6120661 ], [ 3.8926158, 43.611923 ], [ 3.8927386, 43.6117705 ], [ 3.8928402, 43.6116099 ], [ 3.8929197, 43.6114429 ], [ 3.8929762, 43.611271 ], [ 3.8930093, 43.611096 ], [ 3.8930186, 43.6109194 ], [ 3.8930041, 43.610743 ], [ 3.8929658, 43.6105685 ], [ 3.8929042, 43.6103975 ], [ 3.8928198, 43.6102318 ], [ 3.8927727, 43.6101614 ], [ 3.8928456, 43.6101741 ], [ 3.8930865, 43.6101981 ], [ 3.8933296, 43.6102049 ], [ 3.8935723, 43.6101943 ], [ 3.8936402, 43.6101865 ], [ 3.8937165, 43.6101886 ], [ 3.8939592, 43.610178 ], [ 3.8941994, 43.6101502 ], [ 3.8944347, 43.6101054 ], [ 3.8946628, 43.6100441 ], [ 3.8948815, 43.6099669 ], [ 3.8950887, 43.6098744 ], [ 3.8952825, 43.6097676 ], [ 3.8954609, 43.6096475 ], [ 3.8956223, 43.6095153 ], [ 3.895765, 43.6093722 ], [ 3.8958878, 43.6092197 ], [ 3.8959894, 43.6090591 ], [ 3.8960689, 43.6088921 ], [ 3.8961254, 43.6087203 ], [ 3.8961585, 43.6085452 ], [ 3.8961678, 43.6083686 ], [ 3.8961533, 43.6081922 ], [ 3.896115, 43.6080177 ], [ 3.8960534, 43.6078467 ], [ 3.895969, 43.607681 ], [ 3.8958626, 43.6075221 ], [ 3.8957354, 43.6073715 ], [ 3.8955884, 43.6072307 ], [ 3.8954231, 43.6071011 ], [ 3.8952412, 43.6069838 ], [ 3.8950443, 43.6068801 ], [ 3.8948344, 43.6067909 ], [ 3.8946134, 43.606717 ], [ 3.8943836, 43.6066593 ], [ 3.8941471, 43.6066182 ], [ 3.8939062, 43.6065942 ], [ 3.8937405, 43.6065895 ], [ 3.8936501, 43.6065186 ], [ 3.8934681, 43.6064013 ], [ 3.8932712, 43.6062976 ], [ 3.8930613, 43.6062084 ], [ 3.8928404, 43.6061346 ], [ 3.8926105, 43.6060768 ], [ 3.892374, 43.6060357 ], [ 3.8921331, 43.6060117 ], [ 3.8918901, 43.6060049 ], [ 3.8918317, 43.6060074 ], [ 3.8917826, 43.6059758 ], [ 3.8915857, 43.605872 ], [ 3.8913758, 43.6057828 ], [ 3.8911548, 43.605709 ], [ 3.890925, 43.6056512 ], [ 3.8906885, 43.6056101 ], [ 3.8905588, 43.6055972 ], [ 3.890743, 43.6054957 ], [ 3.8909214, 43.6053756 ], [ 3.8910828, 43.6052434 ], [ 3.8912255, 43.6051003 ], [ 3.8913483, 43.6049478 ], [ 3.8914499, 43.6047872 ], [ 3.8914751, 43.6047344 ], [ 3.8914985, 43.6046973 ], [ 3.891578, 43.6045303 ], [ 3.8916345, 43.6043585 ], [ 3.8916676, 43.6041834 ], [ 3.8916769, 43.6040068 ], [ 3.8916624, 43.6038304 ], [ 3.8916241, 43.6036559 ], [ 3.8915625, 43.6034849 ], [ 3.8914782, 43.6033192 ], [ 3.8913718, 43.6031603 ], [ 3.8912446, 43.6030097 ], [ 3.8910976, 43.6028689 ], [ 3.8909324, 43.6027392 ], [ 3.8907505, 43.602622 ], [ 3.8905536, 43.6025182 ], [ 3.8903483, 43.602431 ], [ 3.890279, 43.6023863 ], [ 3.8900821, 43.6022825 ], [ 3.8898722, 43.6021933 ], [ 3.8896513, 43.6021195 ], [ 3.8894215, 43.6020617 ], [ 3.889185, 43.6020206 ], [ 3.8889441, 43.6019966 ], [ 3.8887011, 43.6019898 ], [ 3.8886441, 43.6019923 ], [ 3.8885739, 43.6019249 ], [ 3.8884086, 43.6017953 ], [ 3.8882267, 43.601678 ], [ 3.8880299, 43.6015743 ], [ 3.88782, 43.601485 ], [ 3.8875991, 43.6014112 ], [ 3.8873692, 43.6013534 ], [ 3.8871327, 43.6013123 ], [ 3.8868918, 43.6012883 ], [ 3.8866489, 43.6012815 ], [ 3.8864061, 43.601292 ], [ 3.886166, 43.6013198 ], [ 3.8859307, 43.6013646 ], [ 3.8857027, 43.6014259 ], [ 3.885484, 43.6015032 ], [ 3.8852767, 43.6015956 ], [ 3.885083, 43.6017024 ], [ 3.8849837, 43.6017692 ], [ 3.8849158, 43.6017159 ], [ 3.8847339, 43.6015987 ], [ 3.8845371, 43.6014949 ], [ 3.8843272, 43.6014057 ], [ 3.8841063, 43.6013318 ], [ 3.8838764, 43.6012741 ], [ 3.8836399, 43.6012329 ], [ 3.883399, 43.6012089 ], [ 3.8831561, 43.6012021 ], [ 3.8829133, 43.6012126 ], [ 3.8826732, 43.6012404 ], [ 3.8824379, 43.6012852 ], [ 3.8822099, 43.6013465 ], [ 3.8819912, 43.6014237 ], [ 3.8817839, 43.6015162 ], [ 3.8815902, 43.6016229 ], [ 3.8814117, 43.601743 ], [ 3.8812503, 43.6018752 ], [ 3.8812314, 43.6018942 ], [ 3.8811502, 43.6018513 ], [ 3.8809403, 43.6017621 ], [ 3.8807194, 43.6016882 ], [ 3.8804895, 43.6016305 ], [ 3.880253, 43.6015894 ], [ 3.8800121, 43.6015653 ], [ 3.8797692, 43.6015585 ], [ 3.8795264, 43.601569 ], [ 3.8792863, 43.6015968 ], [ 3.879051, 43.6016416 ], [ 3.8788938, 43.6016838 ], [ 3.8788923, 43.6016796 ], [ 3.8788079, 43.6015139 ], [ 3.8787017, 43.6013549 ], [ 3.8785744, 43.6012043 ], [ 3.8784393, 43.6010747 ], [ 3.8784396, 43.6010675 ], [ 3.8784251, 43.6008911 ], [ 3.8783869, 43.6007166 ], [ 3.8783253, 43.6005456 ], [ 3.878241, 43.6003799 ], [ 3.8781347, 43.6002209 ], [ 3.8780075, 43.6000703 ], [ 3.877937, 43.6000027 ], [ 3.892593, 43.600002 ], [ 3.8925389, 43.6000211 ], [ 3.8923317, 43.6001136 ], [ 3.892138, 43.6002204 ], [ 3.8919596, 43.6003405 ], [ 3.8917982, 43.6004727 ], [ 3.8916555, 43.6006157 ], [ 3.8915327, 43.6007683 ], [ 3.8914311, 43.6009288 ], [ 3.8913516, 43.6010958 ], [ 3.8912951, 43.6012677 ], [ 3.891262, 43.6014428 ], [ 3.8912527, 43.6016193 ], [ 3.8912672, 43.6017957 ], [ 3.891271, 43.6018129 ], [ 3.8912742, 43.6018521 ], [ 3.8913124, 43.6020267 ], [ 3.8913741, 43.6021976 ], [ 3.8914584, 43.6023633 ], [ 3.8915648, 43.6025223 ], [ 3.891692, 43.6026729 ], [ 3.8918389, 43.6028137 ], [ 3.8919075, 43.6028675 ], [ 3.8918782, 43.602929 ], [ 3.8918217, 43.6031009 ], [ 3.8917886, 43.603276 ], [ 3.8917793, 43.6034526 ], [ 3.8917938, 43.603629 ], [ 3.8918321, 43.6038035 ], [ 3.8918937, 43.6039744 ], [ 3.8919781, 43.6041401 ], [ 3.8920844, 43.6042991 ], [ 3.8922117, 43.6044497 ], [ 3.8923586, 43.6045905 ], [ 3.8925238, 43.6047201 ], [ 3.8927058, 43.6048374 ], [ 3.8929026, 43.6049411 ], [ 3.8931126, 43.6050303 ], [ 3.8933335, 43.6051042 ], [ 3.8935633, 43.6051619 ], [ 3.8937998, 43.605203 ], [ 3.8940408, 43.605227 ], [ 3.8942838, 43.6052338 ], [ 3.8944912, 43.6052248 ], [ 3.8945531, 43.6052841 ], [ 3.8947184, 43.6054137 ], [ 3.8949003, 43.605531 ], [ 3.8950972, 43.6056347 ], [ 3.8953071, 43.6057239 ], [ 3.895528, 43.6057978 ], [ 3.8956597, 43.6058309 ], [ 3.895681, 43.6058626 ], [ 3.8958083, 43.6060132 ], [ 3.8959552, 43.606154 ], [ 3.8961205, 43.6062837 ], [ 3.8963024, 43.6064009 ], [ 3.8964993, 43.6065047 ], [ 3.8967092, 43.6065939 ], [ 3.8969302, 43.6066677 ], [ 3.89716, 43.6067254 ], [ 3.8973965, 43.6067665 ], [ 3.8976375, 43.6067905 ], [ 3.8978805, 43.6067973 ], [ 3.8981232, 43.6067867 ], [ 3.8981492, 43.6067837 ], [ 3.8982534, 43.6068018 ], [ 3.8984943, 43.6068258 ], [ 3.8987373, 43.6068326 ], [ 3.8989801, 43.606822 ], [ 3.8992202, 43.6067942 ], [ 3.8994555, 43.6067494 ], [ 3.8996835, 43.6066881 ], [ 3.8999022, 43.6066108 ], [ 3.8999544, 43.6065875 ], [ 3.9000945, 43.606538 ], [ 3.9000997, 43.6065357 ], [ 3.9001196, 43.6065486 ], [ 3.9003165, 43.6066523 ], [ 3.9005264, 43.6067415 ], [ 3.9007474, 43.6068153 ], [ 3.9009772, 43.606873 ], [ 3.9012138, 43.6069141 ], [ 3.9014547, 43.6069381 ], [ 3.9016977, 43.6069449 ], [ 3.9019405, 43.6069343 ], [ 3.9021806, 43.6069065 ], [ 3.9023433, 43.6068755 ], [ 3.902326, 43.606897 ], [ 3.9022244, 43.6070575 ], [ 3.902145, 43.6072246 ], [ 3.9020885, 43.6073964 ], [ 3.9020554, 43.6075715 ], [ 3.9020461, 43.6077481 ], [ 3.9020607, 43.6079245 ], [ 3.902099, 43.608099 ], [ 3.9021606, 43.6082699 ], [ 3.902245, 43.6084357 ], [ 3.9023514, 43.6085946 ], [ 3.9024787, 43.6087451 ], [ 3.9025585, 43.6088216 ], [ 3.902395, 43.6087932 ], [ 3.9021541, 43.6087692 ], [ 3.9019111, 43.6087624 ], [ 3.9016683, 43.608773 ], [ 3.9014282, 43.6088008 ], [ 3.9011929, 43.6088456 ], [ 3.9009648, 43.6089069 ], [ 3.9007461, 43.6089842 ], [ 3.9005389, 43.6090767 ], [ 3.9003451, 43.6091835 ], [ 3.9001667, 43.6093036 ], [ 3.9000054, 43.6094358 ], [ 3.8998626, 43.6095789 ], [ 3.8997398, 43.6097314 ], [ 3.8996383, 43.609892 ], [ 3.8995588, 43.610059 ], [ 3.8995023, 43.6102309 ], [ 3.8994692, 43.6104059 ], [ 3.8994599, 43.6105825 ], [ 3.8994745, 43.6107589 ], [ 3.8995127, 43.6109334 ], [ 3.8995744, 43.6111044 ], [ 3.8996588, 43.6112701 ], [ 3.8997652, 43.611429 ], [ 3.8998924, 43.6115796 ], [ 3.9000394, 43.6117204 ], [ 3.9002047, 43.61185 ], [ 3.9003867, 43.6119673 ], [ 3.9005836, 43.612071 ], [ 3.9007935, 43.6121602 ], [ 3.9010145, 43.612234 ], [ 3.9012444, 43.6122917 ], [ 3.9014809, 43.6123328 ], [ 3.9017219, 43.6123568 ], [ 3.9019649, 43.6123636 ], [ 3.9022077, 43.612353 ], [ 3.9024479, 43.6123252 ], [ 3.9026831, 43.6122804 ], [ 3.9029112, 43.6122191 ], [ 3.9031299, 43.6121418 ], [ 3.9033372, 43.6120493 ], [ 3.9035309, 43.6119425 ], [ 3.9037094, 43.6118224 ], [ 3.9038707, 43.6116902 ], [ 3.9040135, 43.6115471 ], [ 3.9041362, 43.6113945 ], [ 3.9042378, 43.611234 ], [ 3.9043172, 43.611067 ], [ 3.9043738, 43.6108951 ], [ 3.9044068, 43.61072 ], [ 3.9044161, 43.6105434 ], [ 3.9044015, 43.610367 ], [ 3.9043632, 43.6101925 ], [ 3.9043016, 43.6100216 ], [ 3.9042172, 43.6098559 ], [ 3.9041108, 43.6096969 ], [ 3.9039835, 43.6095464 ], [ 3.9039037, 43.60947 ], [ 3.9040671, 43.6094983 ], [ 3.9043081, 43.6095224 ], [ 3.9045511, 43.6095291 ], [ 3.9047938, 43.6095185 ], [ 3.905, 43.6094946 ] ], [ [ 3.8587855, 43.6090154 ], [ 3.8585557, 43.6089576 ], [ 3.8583191, 43.6089164 ], [ 3.8580782, 43.6088923 ], [ 3.8578352, 43.6088855 ], [ 3.8575924, 43.608896 ], [ 3.8573523, 43.6089237 ], [ 3.857117, 43.6089684 ], [ 3.8568888, 43.6090297 ], [ 3.8566701, 43.6091069 ], [ 3.8564628, 43.6091993 ], [ 3.8562689, 43.609306 ], [ 3.8560904, 43.609426 ], [ 3.855929, 43.6095582 ], [ 3.8557861, 43.6097012 ], [ 3.8556632, 43.6098537 ], [ 3.8555615, 43.6100142 ], [ 3.855482, 43.6101812 ], [ 3.8554253, 43.610353 ], [ 3.8553921, 43.6105281 ], [ 3.8553827, 43.6107047 ], [ 3.8553971, 43.6108811 ], [ 3.8554353, 43.6110556 ], [ 3.8554968, 43.6112266 ], [ 3.8555811, 43.6113923 ], [ 3.8556873, 43.6115513 ], [ 3.8558145, 43.6117019 ], [ 3.8559614, 43.6118428 ], [ 3.8561265, 43.6119725 ], [ 3.8563084, 43.6120898 ], [ 3.8564897, 43.6121854 ], [ 3.856584, 43.6122758 ], [ 3.8567491, 43.6124055 ], [ 3.856931, 43.6125228 ], [ 3.8571279, 43.6126266 ], [ 3.8573378, 43.6127159 ], [ 3.8575587, 43.6127898 ], [ 3.8577885, 43.6128476 ], [ 3.858025, 43.6128888 ], [ 3.858266, 43.6129129 ], [ 3.858509, 43.6129197 ], [ 3.8587518, 43.6129092 ], [ 3.858972, 43.6128838 ], [ 3.8590537, 43.6129806 ], [ 3.8592006, 43.6131214 ], [ 3.8593658, 43.6132511 ], [ 3.8595477, 43.6133684 ], [ 3.8597445, 43.6134722 ], [ 3.8599544, 43.6135615 ], [ 3.8600796, 43.6136034 ], [ 3.8601335, 43.6136263 ], [ 3.8603545, 43.6137002 ], [ 3.8605843, 43.613758 ], [ 3.8608208, 43.6137992 ], [ 3.8610618, 43.6138233 ], [ 3.8613048, 43.6138301 ], [ 3.8615476, 43.6138196 ], [ 3.8617878, 43.6137919 ], [ 3.8620231, 43.6137472 ], [ 3.8622512, 43.6136859 ], [ 3.86247, 43.6136087 ], [ 3.8626773, 43.6135163 ], [ 3.8627832, 43.613458 ], [ 3.8628333, 43.6134445 ], [ 3.8630521, 43.6133673 ], [ 3.8632594, 43.6132749 ], [ 3.8634533, 43.6131681 ], [ 3.8636318, 43.6130481 ], [ 3.8637932, 43.6129159 ], [ 3.8639361, 43.6127729 ], [ 3.8640589, 43.6126204 ], [ 3.8641606, 43.6124599 ], [ 3.8642402, 43.6122929 ], [ 3.8642968, 43.612121 ], [ 3.86433, 43.611946 ], [ 3.8643394, 43.6117694 ], [ 3.8643249, 43.611593 ], [ 3.8642867, 43.6114185 ], [ 3.8642252, 43.6112475 ], [ 3.8641409, 43.6110817 ], [ 3.8640346, 43.6109228 ], [ 3.8639074, 43.6107722 ], [ 3.8637605, 43.6106313 ], [ 3.8635953, 43.6105016 ], [ 3.8634134, 43.6103843 ], [ 3.8632166, 43.6102806 ], [ 3.8630067, 43.6101913 ], [ 3.8627858, 43.6101174 ], [ 3.862556, 43.6100596 ], [ 3.8623194, 43.6100184 ], [ 3.8620785, 43.6099943 ], [ 3.8618355, 43.6099875 ], [ 3.8615927, 43.609998 ], [ 3.8613525, 43.6100257 ], [ 3.8611172, 43.6100704 ], [ 3.8608891, 43.6101317 ], [ 3.8607365, 43.6101856 ], [ 3.8606127, 43.6101998 ], [ 3.8604889, 43.6100531 ], [ 3.860342, 43.6099123 ], [ 3.8601768, 43.6097826 ], [ 3.8599949, 43.6096653 ], [ 3.8597981, 43.6095615 ], [ 3.8597901, 43.6095581 ], [ 3.8597602, 43.6095294 ], [ 3.859595, 43.6093997 ], [ 3.8594131, 43.6092824 ], [ 3.8592163, 43.6091786 ], [ 3.8590064, 43.6090893 ], [ 3.8587855, 43.6090154 ] ], [ [ 3.8923813, 43.615846 ], [ 3.8921515, 43.6157882 ], [ 3.8919149, 43.6157471 ], [ 3.8916739, 43.6157231 ], [ 3.8914309, 43.6157163 ], [ 3.8911881, 43.6157269 ], [ 3.8909479, 43.6157547 ], [ 3.8907126, 43.6157994 ], [ 3.8904845, 43.6158608 ], [ 3.8902658, 43.615938 ], [ 3.8900585, 43.6160305 ], [ 3.8898647, 43.6161373 ], [ 3.8896862, 43.6162573 ], [ 3.8895248, 43.6163895 ], [ 3.889382, 43.6165326 ], [ 3.8892592, 43.6166851 ], [ 3.8891576, 43.6168457 ], [ 3.8890781, 43.6170127 ], [ 3.8890215, 43.6171845 ], [ 3.8889884, 43.6173596 ], [ 3.8889791, 43.6175362 ], [ 3.8889936, 43.6177126 ], [ 3.8890319, 43.6178871 ], [ 3.8890935, 43.6180581 ], [ 3.8891779, 43.6182238 ], [ 3.8892843, 43.6183827 ], [ 3.8894115, 43.6185333 ], [ 3.8895585, 43.6186741 ], [ 3.8897238, 43.6188038 ], [ 3.8899057, 43.618921 ], [ 3.8901027, 43.6190248 ], [ 3.8903126, 43.619114 ], [ 3.8905336, 43.6191878 ], [ 3.8907635, 43.6192456 ], [ 3.8910001, 43.6192867 ], [ 3.891241, 43.6193107 ], [ 3.8914841, 43.6193175 ], [ 3.8917269, 43.6193069 ], [ 3.8919671, 43.6192791 ], [ 3.8922024, 43.6192344 ], [ 3.8924305, 43.619173 ], [ 3.8926059, 43.6191111 ], [ 3.8927147, 43.6191812 ], [ 3.8929116, 43.6192849 ], [ 3.8931216, 43.6193741 ], [ 3.8932825, 43.6194279 ], [ 3.8933548, 43.6194745 ], [ 3.8935517, 43.6195782 ], [ 3.8937617, 43.6196674 ], [ 3.8939827, 43.6197413 ], [ 3.8942126, 43.619799 ], [ 3.8944492, 43.6198401 ], [ 3.8946901, 43.6198641 ], [ 3.8949332, 43.6198709 ], [ 3.895176, 43.6198603 ], [ 3.8954162, 43.6198325 ], [ 3.8956515, 43.6197877 ], [ 3.8958797, 43.6197264 ], [ 3.8960984, 43.6196491 ], [ 3.8963057, 43.6195567 ], [ 3.8964995, 43.6194499 ], [ 3.8966779, 43.6193298 ], [ 3.8968393, 43.6191976 ], [ 3.8969821, 43.6190545 ], [ 3.8971049, 43.618902 ], [ 3.8972065, 43.6187414 ], [ 3.897286, 43.6185744 ], [ 3.8973425, 43.6184025 ], [ 3.8973756, 43.6182275 ], [ 3.8973849, 43.6180509 ], [ 3.8973704, 43.6178745 ], [ 3.8973321, 43.6177 ], [ 3.8972704, 43.617529 ], [ 3.897186, 43.6173633 ], [ 3.8970797, 43.6172044 ], [ 3.8969524, 43.6170538 ], [ 3.8968054, 43.616913 ], [ 3.8966401, 43.6167833 ], [ 3.8964581, 43.6166661 ], [ 3.8962612, 43.6165624 ], [ 3.8960512, 43.6164732 ], [ 3.8958903, 43.6164194 ], [ 3.895818, 43.6163728 ], [ 3.8956211, 43.6162691 ], [ 3.8954111, 43.6161799 ], [ 3.8951902, 43.616106 ], [ 3.8949603, 43.6160483 ], [ 3.8947237, 43.6160072 ], [ 3.8944828, 43.6159832 ], [ 3.8942397, 43.6159764 ], [ 3.8939969, 43.615987 ], [ 3.8937567, 43.6160148 ], [ 3.8935214, 43.6160596 ], [ 3.8932933, 43.6161209 ], [ 3.8931179, 43.6161828 ], [ 3.8930092, 43.6161127 ], [ 3.8928123, 43.616009 ], [ 3.8926023, 43.6159198 ], [ 3.8923813, 43.615846 ] ], [ [ 3.902609, 43.6186109 ], [ 3.9024437, 43.6184813 ], [ 3.9022617, 43.618364 ], [ 3.9020648, 43.6182603 ], [ 3.9018548, 43.6181711 ], [ 3.9016338, 43.6180973 ], [ 3.9014039, 43.6180396 ], [ 3.9011674, 43.6179985 ], [ 3.9009264, 43.6179745 ], [ 3.9006833, 43.6179677 ], [ 3.9004405, 43.6179783 ], [ 3.9002003, 43.6180061 ], [ 3.899965, 43.6180509 ], [ 3.8997369, 43.6181122 ], [ 3.8995182, 43.6181895 ], [ 3.8993109, 43.618282 ], [ 3.8991171, 43.6183888 ], [ 3.8989387, 43.6185089 ], [ 3.8987773, 43.6186411 ], [ 3.8986345, 43.6187842 ], [ 3.8985117, 43.6189367 ], [ 3.8984101, 43.6190973 ], [ 3.8983307, 43.6192643 ], [ 3.8983202, 43.6192959 ], [ 3.8982496, 43.6193209 ], [ 3.8980423, 43.6194134 ], [ 3.8978485, 43.6195202 ], [ 3.8976701, 43.6196403 ], [ 3.8975087, 43.6197725 ], [ 3.8973659, 43.6199155 ], [ 3.8972431, 43.6200681 ], [ 3.8971415, 43.6202286 ], [ 3.897062, 43.6203957 ], [ 3.8970055, 43.6205675 ], [ 3.8969724, 43.6207426 ], [ 3.8969631, 43.6209192 ], [ 3.8969776, 43.6210956 ], [ 3.8970159, 43.6212701 ], [ 3.8970776, 43.621441 ], [ 3.897162, 43.6216068 ], [ 3.8971659, 43.6216126 ], [ 3.8971548, 43.6216237 ], [ 3.897032, 43.6217763 ], [ 3.8969304, 43.6219368 ], [ 3.8968509, 43.6221038 ], [ 3.8967944, 43.6222757 ], [ 3.8967613, 43.6224508 ], [ 3.896752, 43.6226274 ], [ 3.8967666, 43.6228038 ], [ 3.8968048, 43.6229783 ], [ 3.8968665, 43.6231492 ], [ 3.8969509, 43.623315 ], [ 3.8970573, 43.6234739 ], [ 3.8971846, 43.6236245 ], [ 3.8973316, 43.6237652 ], [ 3.8974969, 43.6238949 ], [ 3.8976789, 43.6240121 ], [ 3.8978758, 43.6241159 ], [ 3.8980858, 43.6242051 ], [ 3.8983069, 43.6242789 ], [ 3.8985368, 43.6243366 ], [ 3.8987734, 43.6243777 ], [ 3.8990144, 43.6244017 ], [ 3.8992574, 43.6244085 ], [ 3.8995003, 43.6243979 ], [ 3.8997405, 43.6243701 ], [ 3.8999758, 43.6243253 ], [ 3.9002039, 43.624264 ], [ 3.9004227, 43.6241867 ], [ 3.90063, 43.6240942 ], [ 3.9008238, 43.6239874 ], [ 3.9010023, 43.6238673 ], [ 3.9011637, 43.6237351 ], [ 3.9013064, 43.623592 ], [ 3.9014292, 43.6234395 ], [ 3.9015308, 43.6232789 ], [ 3.9016103, 43.6231119 ], [ 3.9016668, 43.62294 ], [ 3.9016999, 43.622765 ], [ 3.9017092, 43.6225884 ], [ 3.9016946, 43.622412 ], [ 3.9016882, 43.6223827 ], [ 3.9018338, 43.6222634 ], [ 3.9019766, 43.6221203 ], [ 3.9020994, 43.6219678 ], [ 3.902201, 43.6218072 ], [ 3.9022804, 43.6216402 ], [ 3.902337, 43.6214683 ], [ 3.90237, 43.6212932 ], [ 3.9023793, 43.6211167 ], [ 3.9023778, 43.6210977 ], [ 3.9024818, 43.6210277 ], [ 3.9026432, 43.6208955 ], [ 3.902786, 43.6207524 ], [ 3.9029087, 43.6205999 ], [ 3.9030103, 43.6204393 ], [ 3.9030898, 43.6202723 ], [ 3.9031463, 43.6201004 ], [ 3.9031794, 43.6199253 ], [ 3.9031887, 43.6197487 ], [ 3.9031741, 43.6195723 ], [ 3.9031358, 43.6193978 ], [ 3.9030741, 43.6192269 ], [ 3.9029897, 43.6190612 ], [ 3.9028833, 43.6189023 ], [ 3.902756, 43.6187517 ], [ 3.902609, 43.6186109 ] ] ], [ [ [ 3.8748378, 43.6249878 ], [ 3.8748533, 43.6250026 ], [ 3.874493, 43.6250026 ], [ 3.8745725, 43.6248771 ], [ 3.874641, 43.6247332 ], [ 3.8747105, 43.6248371 ], [ 3.8748378, 43.6249878 ] ] ], [ [ [ 3.8948749, 43.6000029 ], [ 3.8948716, 43.6000018 ], [ 3.8971067, 43.6000015 ], [ 3.8968699, 43.6000118 ], [ 3.8966298, 43.6000396 ], [ 3.8963946, 43.6000844 ], [ 3.8961665, 43.6001457 ], [ 3.8959478, 43.600223 ], [ 3.8958266, 43.6002771 ], [ 3.895806, 43.6002719 ], [ 3.8955695, 43.6002308 ], [ 3.8953286, 43.6002068 ], [ 3.8952973, 43.6002059 ], [ 3.8952816, 43.6001958 ], [ 3.8950848, 43.6000921 ], [ 3.8948749, 43.6000029 ] ] ], [ [ [ 3.8973556, 43.600008 ], [ 3.8971219, 43.6000015 ], [ 3.8978148, 43.6000013 ], [ 3.8978112, 43.6000693 ], [ 3.8975965, 43.600032 ], [ 3.8973556, 43.600008 ] ] ], [ [ [ 3.8807297, 43.6079584 ], [ 3.8807304, 43.6079569 ], [ 3.880787, 43.6077851 ], [ 3.8808186, 43.6076181 ], [ 3.8808867, 43.6076152 ], [ 3.8811269, 43.6075874 ], [ 3.8813622, 43.6075426 ], [ 3.8815903, 43.6074813 ], [ 3.881809, 43.6074041 ], [ 3.8820162, 43.6073116 ], [ 3.88221, 43.6072049 ], [ 3.8823885, 43.6070848 ], [ 3.8825499, 43.6069526 ], [ 3.8826585, 43.6068438 ], [ 3.8828198, 43.6069288 ], [ 3.8830298, 43.607018 ], [ 3.8832017, 43.6070755 ], [ 3.8830726, 43.6071623 ], [ 3.8829112, 43.6072945 ], [ 3.8827685, 43.6074376 ], [ 3.8826457, 43.6075901 ], [ 3.882544, 43.6077506 ], [ 3.8824645, 43.6079176 ], [ 3.8824182, 43.6080583 ], [ 3.8822896, 43.608026 ], [ 3.882053, 43.6079849 ], [ 3.8818121, 43.6079608 ], [ 3.8817091, 43.6079579 ], [ 3.8816801, 43.6079529 ], [ 3.8814391, 43.6079288 ], [ 3.8811961, 43.607922 ], [ 3.8809533, 43.6079325 ], [ 3.8807297, 43.6079584 ] ] ], [ [ [ 3.8691405, 43.6079935 ], [ 3.8692833, 43.6078504 ], [ 3.8694061, 43.6076979 ], [ 3.8695078, 43.6075374 ], [ 3.8695854, 43.6073743 ], [ 3.8697637, 43.6073666 ], [ 3.8700039, 43.6073388 ], [ 3.8702391, 43.6072941 ], [ 3.8704673, 43.6072328 ], [ 3.870686, 43.6071556 ], [ 3.8708933, 43.6070632 ], [ 3.8710871, 43.6069564 ], [ 3.8712655, 43.6068364 ], [ 3.871427, 43.6067042 ], [ 3.8715698, 43.6065612 ], [ 3.8715825, 43.6065454 ], [ 3.8716876, 43.6066461 ], [ 3.8718528, 43.6067758 ], [ 3.8720347, 43.6068931 ], [ 3.8722316, 43.6069969 ], [ 3.8724415, 43.6070861 ], [ 3.8726624, 43.60716 ], [ 3.8728922, 43.6072178 ], [ 3.8731287, 43.6072589 ], [ 3.8733696, 43.607283 ], [ 3.8736127, 43.6072898 ], [ 3.8738554, 43.6072793 ], [ 3.8740956, 43.6072515 ], [ 3.8743309, 43.6072068 ], [ 3.874559, 43.6071455 ], [ 3.8747777, 43.6070683 ], [ 3.8749237, 43.6070031 ], [ 3.874937, 43.6070292 ], [ 3.8748978, 43.6070397 ], [ 3.874679, 43.6071169 ], [ 3.8744718, 43.6072094 ], [ 3.874278, 43.6073161 ], [ 3.8740995, 43.6074362 ], [ 3.8739381, 43.6075684 ], [ 3.8737953, 43.6077114 ], [ 3.8736725, 43.6078639 ], [ 3.8735708, 43.6080245 ], [ 3.8734913, 43.6081915 ], [ 3.8734347, 43.6083633 ], [ 3.8734015, 43.6085384 ], [ 3.8733921, 43.608715 ], [ 3.8734066, 43.6088914 ], [ 3.8734448, 43.6090659 ], [ 3.8735064, 43.6092368 ], [ 3.8735908, 43.6094026 ], [ 3.873697, 43.6095615 ], [ 3.8738243, 43.6097121 ], [ 3.8739712, 43.609853 ], [ 3.8741364, 43.6099826 ], [ 3.8743183, 43.6100999 ], [ 3.8745152, 43.6102037 ], [ 3.8747251, 43.6102929 ], [ 3.874946, 43.6103668 ], [ 3.8751758, 43.6104246 ], [ 3.8754124, 43.6104657 ], [ 3.8756272, 43.6104872 ], [ 3.8756512, 43.6104952 ], [ 3.8758413, 43.610543 ], [ 3.8757047, 43.6105489 ], [ 3.8754645, 43.6105767 ], [ 3.8752292, 43.6106214 ], [ 3.8750011, 43.6106827 ], [ 3.8747824, 43.6107599 ], [ 3.8745751, 43.6108524 ], [ 3.8744832, 43.610903 ], [ 3.8744272, 43.6109136 ], [ 3.8741991, 43.6109749 ], [ 3.8739804, 43.6110521 ], [ 3.8737731, 43.6111446 ], [ 3.8735793, 43.6112513 ], [ 3.8734008, 43.6113714 ], [ 3.8732448, 43.6114991 ], [ 3.8732068, 43.6113253 ], [ 3.8731452, 43.6111543 ], [ 3.8731068, 43.6110788 ], [ 3.8731287, 43.6109632 ], [ 3.873138, 43.6107866 ], [ 3.8731236, 43.6106102 ], [ 3.8730853, 43.6104357 ], [ 3.8730238, 43.6102647 ], [ 3.8729394, 43.610099 ], [ 3.8728348, 43.6099426 ], [ 3.8728567, 43.6098764 ], [ 3.8728898, 43.6097013 ], [ 3.8728992, 43.6095247 ], [ 3.8728847, 43.6093483 ], [ 3.8728465, 43.6091738 ], [ 3.8727849, 43.6090028 ], [ 3.8727006, 43.6088371 ], [ 3.8725943, 43.6086781 ], [ 3.8724671, 43.6085275 ], [ 3.8723202, 43.6083867 ], [ 3.872155, 43.608257 ], [ 3.8719731, 43.6081397 ], [ 3.8717762, 43.608036 ], [ 3.8715663, 43.6079467 ], [ 3.8713454, 43.6078728 ], [ 3.8711156, 43.607815 ], [ 3.8708791, 43.6077739 ], [ 3.8706381, 43.6077498 ], [ 3.8703951, 43.607743 ], [ 3.8701524, 43.6077535 ], [ 3.8699122, 43.6077813 ], [ 3.8696769, 43.607826 ], [ 3.8694488, 43.6078873 ], [ 3.8692301, 43.6079645 ], [ 3.869111, 43.6080176 ], [ 3.8691405, 43.6079935 ] ] ], [ [ [ 3.8867587, 43.6048802 ], [ 3.886829, 43.6049476 ], [ 3.8869942, 43.6050772 ], [ 3.8871567, 43.605182 ], [ 3.8872519, 43.6052732 ], [ 3.8874171, 43.6054028 ], [ 3.887599, 43.6055201 ], [ 3.8877959, 43.6056239 ], [ 3.8880058, 43.6057131 ], [ 3.8882267, 43.6057869 ], [ 3.8884566, 43.6058447 ], [ 3.8886931, 43.6058858 ], [ 3.8887245, 43.6058889 ], [ 3.8885072, 43.6059473 ], [ 3.8882885, 43.6060246 ], [ 3.8880813, 43.6061171 ], [ 3.8879765, 43.6061748 ], [ 3.8878624, 43.6061716 ], [ 3.8876197, 43.6061821 ], [ 3.8874593, 43.6062007 ], [ 3.8872844, 43.6061263 ], [ 3.8870634, 43.6060525 ], [ 3.8868336, 43.6059947 ], [ 3.8865971, 43.6059536 ], [ 3.8865426, 43.6059482 ], [ 3.8865535, 43.6059253 ], [ 3.8866101, 43.6057535 ], [ 3.8866432, 43.6055784 ], [ 3.8866525, 43.6054018 ], [ 3.886638, 43.6052254 ], [ 3.8865997, 43.6050509 ], [ 3.8865381, 43.6048799 ], [ 3.8865372, 43.6048781 ], [ 3.8867017, 43.6048827 ], [ 3.8867587, 43.6048802 ] ] ], [ [ [ 3.8887694, 43.6096791 ], [ 3.8886081, 43.6098113 ], [ 3.8885413, 43.6098782 ], [ 3.888481, 43.6098068 ], [ 3.8884042, 43.6097333 ], [ 3.8886336, 43.6096897 ], [ 3.8888337, 43.6096359 ], [ 3.8887694, 43.6096791 ] ] ] ] } }
]
}
