{
"type": "FeatureCollection",
"features": [
{ "type": "Feature", "properties": { "index": "0", "label": "Within 300 m on foot", "color": "#2b8cbe" }, "geometry": { "type": "MultiPolygon", "coordinates": [ [ [ [ 39.2254554, -6.8482232 ], [ 39.225719, -6.848184 ], [ 39.2259774, -6.8481192 ], [ 39.2262283, -6.8480293 ], [ 39.2264691, -6.8479153 ], [ 39.2266976, -6.8477783 ], [ 39.2269115, -6.8476196 ], [ 39.2271089, -6.8474406 ], [ 39.2272877, -6.8472432 ], [ 39.2274463, -6.8470292 ], [ 39.2275805, -6.8468054 ], [ 39.2277586, -6.846912 ], [ 39.2279995, -6.8470257 ], [ 39.2282504, -6.8471153 ], [ 39.228509, -6.8471799 ], [ 39.2287725, -6.8472188 ], [ 39.2290387, -6.8472318 ], [ 39.2293048, -6.8472186 ], [ 39.2295684, -6.8471794 ], [ 39.2298268, -6.8471146 ], [ 39.2300777, -6.8470247 ], [ 39.2303185, -6.8469107 ], [ 39.230547, -6.8467737 ], [ 39.2307609, -6.846615 ], [ 39.2309583, -6.846436 ], [ 39.2311371, -6.8462386 ], [ 39.2312958, -6.8460246 ], [ 39.2314326, -6.8457961 ], [ 39.2315464, -6.8455553 ], [ 39.2316361, -6.8453045 ], [ 39.2317007, -6.8450462 ], [ 39.2317397, -6.8447827 ], [ 39.2317526, -6.8445167 ], [ 39.2317394, -6.8442507 ], [ 39.2317097, -6.8440512 ], [ 39.2318366, -6.8440323 ], [ 39.232095, -6.8439675 ], [ 39.2323459, -6.8438776 ], [ 39.2325867, -6.8437636 ], [ 39.2328152, -6.8436266 ], [ 39.2330291, -6.8434679 ], [ 39.2332265, -6.8432889 ], [ 39.2334053, -6.8430915 ], [ 39.2335639, -6.8428775 ], [ 39.2337008, -6.842649 ], [ 39.2338146, -6.8424082 ], [ 39.2338808, -6.8422231 ], [ 39.233897, -6.8422052 ], [ 39.2340556, -6.8419912 ], [ 39.2341925, -6.8417627 ], [ 39.2343063, -6.8415219 ], [ 39.234396, -6.8412711 ], [ 39.2344606, -6.8410127 ], [ 39.2344996, -6.8407493 ], [ 39.2345125, -6.8404833 ], [ 39.2344993, -6.8402173 ], [ 39.2344601, -6.8399539 ], [ 39.2343952, -6.8396956 ], [ 39.2343053, -6.8394449 ], [ 39.2341913, -6.8392042 ], [ 39.2340542, -6.8389758 ], [ 39.2338953, -6.838762 ], [ 39.2337163, -6.8385647 ], [ 39.2335188, -6.838386 ], [ 39.2333047, -6.8382274 ], [ 39.2330761, -6.8380906 ], [ 39.2328351, -6.8379769 ], [ 39.2325842, -6.8378873 ], [ 39.2323257, -6.8378227 ], [ 39.2320621, -6.8377838 ], [ 39.231796, -6.8377708 ], [ 39.2315299, -6.837784 ], [ 39.2312663, -6.8378232 ], [ 39.2310079, -6.837888 ], [ 39.230757, -6.8379779 ], [ 39.2305162, -6.8380919 ], [ 39.2302877, -6.8382289 ], [ 39.2300738, -6.8383876 ], [ 39.2298764, -6.8385666 ], [ 39.2296976, -6.838764 ], [ 39.229539, -6.838978 ], [ 39.2294021, -6.8392065 ], [ 39.2292883, -6.8394473 ], [ 39.2292221, -6.8396324 ], [ 39.2292059, -6.8396503 ], [ 39.2290473, -6.8398643 ], [ 39.2289634, -6.8400043 ], [ 39.2288248, -6.8398177 ], [ 39.2286457, -6.8396205 ], [ 39.2284482, -6.8394417 ], [ 39.2282341, -6.8392832 ], [ 39.2280055, -6.8391463 ], [ 39.2277646, -6.8390326 ], [ 39.2275137, -6.838943 ], [ 39.2272552, -6.8388784 ], [ 39.2269916, -6.8388395 ], [ 39.2269404, -6.838837 ], [ 39.2270352, -6.8386365 ], [ 39.2271811, -6.8385842 ], [ 39.227422, -6.8384702 ], [ 39.2276504, -6.8383332 ], [ 39.2278644, -6.8381745 ], [ 39.2280617, -6.8379955 ], [ 39.2282406, -6.8377981 ], [ 39.2283992, -6.8375841 ], [ 39.2285361, -6.8373556 ], [ 39.2286499, -6.8371148 ], [ 39.2287395, -6.836864 ], [ 39.2288042, -6.8366057 ], [ 39.2288089, -6.8365739 ], [ 39.2289064, -6.8365154 ], [ 39.2291204, -6.8363567 ], [ 39.2293177, -6.8361777 ], [ 39.2294966, -6.8359803 ], [ 39.2295644, -6.8358889 ], [ 39.2296992, -6.835937 ], [ 39.2299577, -6.8360016 ], [ 39.2302213, -6.8360405 ], [ 39.2304874, -6.8360535 ], [ 39.2307535, -6.8360403 ], [ 39.2310171, -6.8360011 ], [ 39.2312755, -6.8359363 ], [ 39.2315264, -6.8358464 ], [ 39.2317672, -6.8357324 ], [ 39.2319957, -6.8355954 ], [ 39.2322096, -6.8354367 ], [ 39.2324069, -6.8352577 ], [ 39.2325858, -6.8350603 ], [ 39.2327444, -6.8348463 ], [ 39.2328813, -6.8346178 ], [ 39.2329951, -6.834377 ], [ 39.2330847, -6.8341262 ], [ 39.2331493, -6.8338679 ], [ 39.2331883, -6.8336044 ], [ 39.2332013, -6.8333384 ], [ 39.2331881, -6.8330724 ], [ 39.2331488, -6.832809 ], [ 39.233084, -6.8325507 ], [ 39.2329941, -6.8323 ], [ 39.23288, -6.8320593 ], [ 39.2327429, -6.8318309 ], [ 39.2325841, -6.8316171 ], [ 39.2324051, -6.8314198 ], [ 39.2323672, -6.8313856 ], [ 39.2322562, -6.8312007 ], [ 39.2320974, -6.8309869 ], [ 39.2319184, -6.8307896 ], [ 39.2317209, -6.8306109 ], [ 39.2315068, -6.8304523 ], [ 39.2312782, -6.8303155 ], [ 39.2310372, -6.8302018 ], [ 39.2307863, -6.8301122 ], [ 39.2305278, -6.8300476 ], [ 39.2302642, -6.8300087 ], [ 39.2299981, -6.8299957 ], [ 39.229732, -6.8300089 ], [ 39.2294684, -6.8300481 ], [ 39.22921, -6.8301129 ], [ 39.2289592, -6.8302028 ], [ 39.2287183, -6.8303168 ], [ 39.2284899, -6.8304538 ], [ 39.2282759, -6.8306125 ], [ 39.2280786, -6.8307915 ], [ 39.2278997, -6.8309889 ], [ 39.2277411, -6.8312029 ], [ 39.2276389, -6.8313735 ], [ 39.2274506, -6.8313643 ], [ 39.2271845, -6.8313775 ], [ 39.2269209, -6.8314167 ], [ 39.2266625, -6.8314815 ], [ 39.2264117, -6.8315714 ], [ 39.2261709, -6.8316854 ], [ 39.2259424, -6.8318224 ], [ 39.2257284, -6.8319811 ], [ 39.2255311, -6.8321601 ], [ 39.2253522, -6.8323575 ], [ 39.2251936, -6.8325715 ], [ 39.2250567, -6.8328 ], [ 39.2249429, -6.8330408 ], [ 39.2248533, -6.8332915 ], [ 39.2248302, -6.8333839 ], [ 39.2247983, -6.8334731 ], [ 39.2247896, -6.8335079 ], [ 39.2246757, -6.8334398 ], [ 39.2244348, -6.833326 ], [ 39.2241839, -6.8332364 ], [ 39.2239254, -6.8331718 ], [ 39.2236618, -6.8331329 ], [ 39.2233956, -6.8331199 ], [ 39.2231295, -6.8331331 ], [ 39.222866, -6.8331723 ], [ 39.2226075, -6.8332371 ], [ 39.2223567, -6.833327 ], [ 39.2221159, -6.8334409 ], [ 39.2218874, -6.833578 ], [ 39.2216734, -6.8337367 ], [ 39.2214761, -6.8339156 ], [ 39.2212972, -6.8341131 ], [ 39.2211386, -6.834327 ], [ 39.2210017, -6.8345555 ], [ 39.2208879, -6.8347963 ], [ 39.2207983, -6.8350471 ], [ 39.2207337, -6.8353055 ], [ 39.2206947, -6.8355689 ], [ 39.2206817, -6.835835 ], [ 39.2206849, -6.8358993 ], [ 39.2205302, -6.8358606 ], [ 39.2202666, -6.8358217 ], [ 39.2200005, -6.8358087 ], [ 39.22, -6.8358087 ], [ 39.22, -6.8444141 ], [ 39.2202165, -6.8444914 ], [ 39.2202276, -6.8444942 ], [ 39.2202351, -6.8444986 ], [ 39.220476, -6.8446124 ], [ 39.2207269, -6.844702 ], [ 39.2209854, -6.8447666 ], [ 39.221249, -6.8448055 ], [ 39.2215152, -6.8448185 ], [ 39.2217813, -6.8448053 ], [ 39.2220448, -6.8447661 ], [ 39.2223033, -6.8447013 ], [ 39.2225541, -6.8446114 ], [ 39.2226501, -6.844566 ], [ 39.2225893, -6.844736 ], [ 39.2225247, -6.8449944 ], [ 39.2224857, -6.8452579 ], [ 39.2224728, -6.8455239 ], [ 39.222486, -6.8457899 ], [ 39.2225252, -6.8460533 ], [ 39.2225901, -6.8463116 ], [ 39.2226799, -6.8465623 ], [ 39.222794, -6.846803 ], [ 39.2229311, -6.8470314 ], [ 39.2230899, -6.8472452 ], [ 39.2232689, -6.8474424 ], [ 39.2234665, -6.8476212 ], [ 39.2236805, -6.8477797 ], [ 39.2239092, -6.8479165 ], [ 39.2241501, -6.8480303 ], [ 39.224401, -6.8481199 ], [ 39.2246595, -6.8481845 ], [ 39.2249231, -6.8482234 ], [ 39.2251893, -6.8482364 ], [ 39.2254554, -6.8482232 ] ], [ [ 39.2241779, -6.8426283 ], [ 39.2242142, -6.8426014 ], [ 39.2242244, -6.8425921 ], [ 39.2243327, -6.8428207 ], [ 39.2243964, -6.8429268 ], [ 39.2241478, -6.8430159 ], [ 39.2240518, -6.8430613 ], [ 39.2241126, -6.8428913 ], [ 39.2241772, -6.8426329 ], [ 39.2241779, -6.8426283 ] ] ], [ [ [ 39.2217512, -6.822053 ], [ 39.2219797, -6.8219159 ], [ 39.2221936, -6.8217572 ], [ 39.2223909, -6.8215783 ], [ 39.2225698, -6.8213808 ], [ 39.2227284, -6.8211669 ], [ 39.2228653, -6.8209384 ], [ 39.2229791, -6.8206976 ], [ 39.2230687, -6.8204468 ], [ 39.2231334, -6.8201884 ], [ 39.2231723, -6.819925 ], [ 39.2231853, -6.819659 ], [ 39.2231721, -6.819393 ], [ 39.2231329, -6.8191295 ], [ 39.223068, -6.8188712 ], [ 39.2229781, -6.8186205 ], [ 39.2228641, -6.8183798 ], [ 39.222727, -6.8181515 ], [ 39.2225682, -6.8179376 ], [ 39.2223892, -6.8177404 ], [ 39.2221917, -6.8175616 ], [ 39.2219776, -6.8174031 ], [ 39.221749, -6.8172663 ], [ 39.2215081, -6.8171525 ], [ 39.2212572, -6.8170629 ], [ 39.2209987, -6.8169983 ], [ 39.2207351, -6.8169594 ], [ 39.220469, -6.8169464 ], [ 39.2202028, -6.8169596 ], [ 39.22, -6.8169898 ], [ 39.22, -6.8223307 ], [ 39.2202053, -6.822361 ], [ 39.2204714, -6.822374 ], [ 39.2207376, -6.8223608 ], [ 39.2210011, -6.8223216 ], [ 39.2212595, -6.8222568 ], [ 39.2215104, -6.8221669 ], [ 39.2217512, -6.822053 ] ] ], [ [ [ 39.2245505, -6.8108122 ], [ 39.2247789, -6.8106751 ], [ 39.2249929, -6.8105164 ], [ 39.2251902, -6.8103374 ], [ 39.225369, -6.81014 ], [ 39.2255277, -6.8099261 ], [ 39.2256645, -6.8096976 ], [ 39.2257783, -6.8094568 ], [ 39.225868, -6.809206 ], [ 39.2259326, -6.8089476 ], [ 39.2259716, -6.8086841 ], [ 39.2259845, -6.8084181 ], [ 39.2259713, -6.8081521 ], [ 39.2259321, -6.8078887 ], [ 39.2258672, -6.8076304 ], [ 39.2257774, -6.8073797 ], [ 39.2256633, -6.807139 ], [ 39.2255263, -6.8069107 ], [ 39.2253674, -6.8066968 ], [ 39.2251884, -6.8064996 ], [ 39.2249909, -6.8063208 ], [ 39.2247768, -6.8061623 ], [ 39.2245482, -6.8060255 ], [ 39.2243073, -6.8059117 ], [ 39.2240564, -6.8058221 ], [ 39.2237979, -6.8057575 ], [ 39.2235344, -6.8057186 ], [ 39.2232682, -6.8057056 ], [ 39.2230021, -6.8057188 ], [ 39.2227386, -6.805758 ], [ 39.2224802, -6.8058228 ], [ 39.2222294, -6.8059127 ], [ 39.2219885, -6.8060266 ], [ 39.2217601, -6.8061637 ], [ 39.2215461, -6.8063224 ], [ 39.2213488, -6.8065013 ], [ 39.22117, -6.8066988 ], [ 39.2210114, -6.8069127 ], [ 39.2208745, -6.8071412 ], [ 39.2207607, -6.807382 ], [ 39.220671, -6.8076328 ], [ 39.2206064, -6.8078912 ], [ 39.2205674, -6.8081546 ], [ 39.2205545, -6.8084206 ], [ 39.2205677, -6.8086866 ], [ 39.2206069, -6.8089501 ], [ 39.2206717, -6.8092084 ], [ 39.2207616, -6.8094591 ], [ 39.2208756, -6.8096998 ], [ 39.2210127, -6.8099281 ], [ 39.2211715, -6.810142 ], [ 39.2213506, -6.8103392 ], [ 39.2215481, -6.810518 ], [ 39.2217622, -6.8106765 ], [ 39.2219907, -6.8108133 ], [ 39.2222317, -6.8109271 ], [ 39.2224826, -6.8110167 ], [ 39.2227411, -6.8110813 ], [ 39.2230046, -6.8111202 ], [ 39.2232708, -6.8111332 ], [ 39.2235369, -6.81112 ], [ 39.2238004, -6.8110808 ], [ 39.2240588, -6.811016 ], [ 39.2243097, -6.8109261 ], [ 39.2245505, -6.8108122 ] ] ], [ [ [ 39.23098, -6.8071508 ], [ 39.2312309, -6.8072404 ], [ 39.2314894, -6.807305 ], [ 39.231753, -6.8073439 ], [ 39.2320191, -6.8073569 ], [ 39.2320889, -6.8073534 ], [ 39.2321929, -6.807573 ], [ 39.23233, -6.8078014 ], [ 39.2324888, -6.8080152 ], [ 39.2326678, -6.8082125 ], [ 39.2328653, -6.8083912 ], [ 39.2329689, -6.8084679 ], [ 39.2330388, -6.808663 ], [ 39.2330192, -6.8086809 ], [ 39.2328403, -6.8088783 ], [ 39.2326817, -6.8090923 ], [ 39.2325448, -6.8093208 ], [ 39.232431, -6.8095616 ], [ 39.2323414, -6.8098124 ], [ 39.2322768, -6.8100708 ], [ 39.2322378, -6.8103342 ], [ 39.2322249, -6.8106002 ], [ 39.2322381, -6.8108662 ], [ 39.2322773, -6.8111296 ], [ 39.2323422, -6.8113879 ], [ 39.232432, -6.8116386 ], [ 39.2325264, -6.8118377 ], [ 39.2325781, -6.8119821 ], [ 39.2326922, -6.8122228 ], [ 39.2328293, -6.8124512 ], [ 39.2329881, -6.812665 ], [ 39.2331671, -6.8128623 ], [ 39.2332896, -6.8129731 ], [ 39.2333469, -6.813094 ], [ 39.233484, -6.8133224 ], [ 39.2336428, -6.8135362 ], [ 39.2338218, -6.8137335 ], [ 39.2340193, -6.8139122 ], [ 39.2342334, -6.8140708 ], [ 39.234462, -6.8142076 ], [ 39.2347029, -6.8143213 ], [ 39.2349538, -6.8144109 ], [ 39.2352123, -6.8144755 ], [ 39.2354759, -6.8145144 ], [ 39.2355761, -6.8145193 ], [ 39.2355094, -6.814706 ], [ 39.2354448, -6.8149644 ], [ 39.2354058, -6.8152278 ], [ 39.2353928, -6.8154938 ], [ 39.235406, -6.8157598 ], [ 39.2354453, -6.8160232 ], [ 39.2355101, -6.8162815 ], [ 39.2356, -6.8165323 ], [ 39.2357141, -6.8167729 ], [ 39.2358511, -6.8170013 ], [ 39.23601, -6.8172151 ], [ 39.236189, -6.8174124 ], [ 39.2363865, -6.8175911 ], [ 39.2366006, -6.8177497 ], [ 39.2368292, -6.8178865 ], [ 39.2370701, -6.8180002 ], [ 39.237321, -6.8180898 ], [ 39.2375795, -6.8181544 ], [ 39.2377005, -6.8181723 ], [ 39.2378888, -6.8183427 ], [ 39.2381029, -6.8185013 ], [ 39.2383315, -6.8186381 ], [ 39.2385724, -6.8187518 ], [ 39.2388233, -6.8188414 ], [ 39.2390818, -6.818906 ], [ 39.2393454, -6.818945 ], [ 39.2396115, -6.8189579 ], [ 39.2398777, -6.8189447 ], [ 39.2401412, -6.8189055 ], [ 39.2403996, -6.8188406 ], [ 39.2406505, -6.8187508 ], [ 39.2406633, -6.8187447 ], [ 39.2407309, -6.8187852 ], [ 39.2409718, -6.8188989 ], [ 39.2412228, -6.8189885 ], [ 39.2414812, -6.8190531 ], [ 39.2417448, -6.8190921 ], [ 39.242011, -6.819105 ], [ 39.2422771, -6.8190918 ], [ 39.2425406, -6.8190526 ], [ 39.242799, -6.8189877 ], [ 39.2430499, -6.8188979 ], [ 39.2432907, -6.8187839 ], [ 39.2435191, -6.8186469 ], [ 39.2436765, -6.8185301 ], [ 39.2438244, -6.8184414 ], [ 39.2439655, -6.8183367 ], [ 39.2440421, -6.8183404 ], [ 39.2443082, -6.8183272 ], [ 39.2443818, -6.8183162 ], [ 39.2443726, -6.818505 ], [ 39.2443858, -6.818771 ], [ 39.2444251, -6.8190344 ], [ 39.2444899, -6.8192927 ], [ 39.2445798, -6.8195434 ], [ 39.2446939, -6.8197841 ], [ 39.244831, -6.8200124 ], [ 39.2449898, -6.8202263 ], [ 39.2451688, -6.8204235 ], [ 39.2453663, -6.8206023 ], [ 39.2455804, -6.8207608 ], [ 39.245809, -6.8208976 ], [ 39.24605, -6.8210113 ], [ 39.2463009, -6.8211009 ], [ 39.2465594, -6.8211655 ], [ 39.246823, -6.8212045 ], [ 39.2470891, -6.8212174 ], [ 39.2473552, -6.8212042 ], [ 39.2476188, -6.821165 ], [ 39.2478772, -6.8211001 ], [ 39.248128, -6.8210103 ], [ 39.2483688, -6.8208963 ], [ 39.2485973, -6.8207593 ], [ 39.2488112, -6.8206005 ], [ 39.2490085, -6.8204215 ], [ 39.2491874, -6.8202241 ], [ 39.249346, -6.8200101 ], [ 39.2494828, -6.8197816 ], [ 39.2495966, -6.8195408 ], [ 39.2496863, -6.81929 ], [ 39.249715, -6.8191751 ], [ 39.2497932, -6.8192459 ], [ 39.2500073, -6.8194044 ], [ 39.2502359, -6.8195412 ], [ 39.2504768, -6.8196549 ], [ 39.2507277, -6.8197445 ], [ 39.2509862, -6.8198091 ], [ 39.2512498, -6.8198481 ], [ 39.2515159, -6.819861 ], [ 39.251782, -6.8198478 ], [ 39.2520456, -6.8198086 ], [ 39.252304, -6.8197437 ], [ 39.2525548, -6.8196539 ], [ 39.2527956, -6.8195399 ], [ 39.2530241, -6.8194028 ], [ 39.253238, -6.8192441 ], [ 39.2534353, -6.8190651 ], [ 39.2536142, -6.8188677 ], [ 39.2537728, -6.8186537 ], [ 39.2539096, -6.8184252 ], [ 39.2540234, -6.8181844 ], [ 39.2541131, -6.8179336 ], [ 39.2541777, -6.8176752 ], [ 39.2542166, -6.8174118 ], [ 39.2542296, -6.8171458 ], [ 39.2542164, -6.8168798 ], [ 39.2541771, -6.8166164 ], [ 39.2541769, -6.8166157 ], [ 39.254169, -6.8165625 ], [ 39.2541041, -6.8163042 ], [ 39.2540142, -6.8160535 ], [ 39.2539196, -6.8158537 ], [ 39.2539271, -6.8158468 ], [ 39.254106, -6.8156494 ], [ 39.2542053, -6.8155154 ], [ 39.2544677, -6.8155024 ], [ 39.2547313, -6.8154632 ], [ 39.2549897, -6.8153983 ], [ 39.2552405, -6.8153085 ], [ 39.2554813, -6.8151945 ], [ 39.2557098, -6.8150574 ], [ 39.2557354, -6.8150384 ], [ 39.2557909, -6.8150795 ], [ 39.2560195, -6.8152163 ], [ 39.2562604, -6.8153301 ], [ 39.2565113, -6.8154196 ], [ 39.2567698, -6.8154842 ], [ 39.2570334, -6.8155232 ], [ 39.2572995, -6.8155361 ], [ 39.2575657, -6.8155229 ], [ 39.2577017, -6.8155026 ], [ 39.2578981, -6.8156804 ], [ 39.2581122, -6.8158389 ], [ 39.2583193, -6.8159628 ], [ 39.258341, -6.8160234 ], [ 39.258455, -6.8162641 ], [ 39.2585921, -6.8164924 ], [ 39.258751, -6.8167062 ], [ 39.25893, -6.8169035 ], [ 39.2591275, -6.8170822 ], [ 39.2593416, -6.8172407 ], [ 39.2595702, -6.8173775 ], [ 39.2598111, -6.8174913 ], [ 39.2600621, -6.8175809 ], [ 39.2603206, -6.8176454 ], [ 39.2605841, -6.8176844 ], [ 39.2608503, -6.8176973 ], [ 39.2611164, -6.8176841 ], [ 39.2612133, -6.8176697 ], [ 39.261146, -6.8177439 ], [ 39.2609874, -6.8179579 ], [ 39.2608695, -6.8181547 ], [ 39.2607845, -6.8181335 ], [ 39.260521, -6.8180945 ], [ 39.2602548, -6.8180816 ], [ 39.2599887, -6.8180948 ], [ 39.2597252, -6.818134 ], [ 39.2594668, -6.8181989 ], [ 39.2592159, -6.8182888 ], [ 39.2589751, -6.8184027 ], [ 39.2587467, -6.8185398 ], [ 39.2585327, -6.8186985 ], [ 39.2584705, -6.818755 ], [ 39.2583044, -6.8187469 ], [ 39.2580383, -6.8187601 ], [ 39.2577748, -6.8187993 ], [ 39.2575164, -6.8188642 ], [ 39.2572655, -6.818954 ], [ 39.2570247, -6.819068 ], [ 39.2567963, -6.8192051 ], [ 39.2565823, -6.8193638 ], [ 39.256385, -6.8195428 ], [ 39.2562062, -6.8197402 ], [ 39.2560476, -6.8199542 ], [ 39.2559107, -6.8201827 ], [ 39.2557969, -6.8204235 ], [ 39.2557073, -6.8206743 ], [ 39.2556427, -6.8209327 ], [ 39.2556037, -6.8211961 ], [ 39.2555908, -6.8214621 ], [ 39.255604, -6.8217281 ], [ 39.2556433, -6.8219916 ], [ 39.2557081, -6.8222499 ], [ 39.255798, -6.8225006 ], [ 39.2559121, -6.8227412 ], [ 39.2560492, -6.8229696 ], [ 39.256208, -6.8231834 ], [ 39.2563871, -6.8233807 ], [ 39.2565846, -6.8235594 ], [ 39.2567987, -6.8237179 ], [ 39.2570273, -6.8238547 ], [ 39.2572682, -6.8239685 ], [ 39.2575191, -6.824058 ], [ 39.2577776, -6.8241226 ], [ 39.2580412, -6.8241616 ], [ 39.2583074, -6.8241745 ], [ 39.2585735, -6.8241613 ], [ 39.258837, -6.8241221 ], [ 39.2590954, -6.8240572 ], [ 39.2592742, -6.8239932 ], [ 39.2594869, -6.8240692 ], [ 39.2597454, -6.8241337 ], [ 39.260009, -6.8241727 ], [ 39.2602752, -6.8241856 ], [ 39.2605413, -6.8241724 ], [ 39.2608048, -6.8241332 ], [ 39.2610633, -6.8240683 ], [ 39.2613141, -6.8239784 ], [ 39.2615549, -6.8238644 ], [ 39.2617833, -6.8237274 ], [ 39.2619973, -6.8235686 ], [ 39.2621946, -6.8233897 ], [ 39.2623734, -6.8231923 ], [ 39.262532, -6.8229783 ], [ 39.2626689, -6.8227498 ], [ 39.2627827, -6.822509 ], [ 39.2628723, -6.8222582 ], [ 39.2628986, -6.8221531 ], [ 39.2629684, -6.8221634 ], [ 39.2629252, -6.8222355 ], [ 39.2628114, -6.8224764 ], [ 39.2627218, -6.8227272 ], [ 39.2626572, -6.8229855 ], [ 39.2626182, -6.823249 ], [ 39.2626053, -6.823515 ], [ 39.2626185, -6.823781 ], [ 39.2626578, -6.8240444 ], [ 39.2627226, -6.8243027 ], [ 39.2628125, -6.8245534 ], [ 39.2629266, -6.8247941 ], [ 39.2630637, -6.8250224 ], [ 39.2632225, -6.8252363 ], [ 39.2634016, -6.8254335 ], [ 39.2635991, -6.8256122 ], [ 39.2638132, -6.8257708 ], [ 39.2640418, -6.8259075 ], [ 39.2640954, -6.8259328 ], [ 39.2639814, -6.8260012 ], [ 39.2637675, -6.82616 ], [ 39.2635702, -6.8263389 ], [ 39.2633913, -6.8265363 ], [ 39.2632327, -6.8267503 ], [ 39.2630959, -6.8269788 ], [ 39.2629821, -6.8272197 ], [ 39.2629659, -6.8272649 ], [ 39.262939, -6.8270838 ], [ 39.2628741, -6.8268255 ], [ 39.2627842, -6.8265748 ], [ 39.2626701, -6.8263341 ], [ 39.262533, -6.8261058 ], [ 39.2623742, -6.825892 ], [ 39.2621951, -6.8256947 ], [ 39.2619976, -6.825516 ], [ 39.2617835, -6.8253575 ], [ 39.2615549, -6.8252207 ], [ 39.261314, -6.8251069 ], [ 39.2610631, -6.8250173 ], [ 39.2608046, -6.8249528 ], [ 39.260541, -6.8249138 ], [ 39.2602748, -6.8249009 ], [ 39.2600087, -6.8249141 ], [ 39.2597452, -6.8249533 ], [ 39.2594867, -6.8250182 ], [ 39.2592359, -6.8251081 ], [ 39.2589951, -6.825222 ], [ 39.2587666, -6.8253591 ], [ 39.2585527, -6.8255178 ], [ 39.2583554, -6.8256968 ], [ 39.2581766, -6.8258942 ], [ 39.2580179, -6.8261082 ], [ 39.2578811, -6.8263367 ], [ 39.2577673, -6.8265775 ], [ 39.257741, -6.8266512 ], [ 39.2577359, -6.8265494 ], [ 39.2576967, -6.826286 ], [ 39.2576318, -6.8260276 ], [ 39.2575419, -6.8257769 ], [ 39.2574278, -6.8255363 ], [ 39.2572907, -6.8253079 ], [ 39.2571319, -6.8250941 ], [ 39.2569529, -6.8248968 ], [ 39.2567553, -6.8247181 ], [ 39.2565412, -6.8245596 ], [ 39.2565139, -6.8245432 ], [ 39.2564967, -6.8245069 ], [ 39.2564751, -6.8244467 ], [ 39.256361, -6.824206 ], [ 39.2562239, -6.8239776 ], [ 39.2560651, -6.8237638 ], [ 39.2558861, -6.8235666 ], [ 39.2556885, -6.8233878 ], [ 39.2554744, -6.8232293 ], [ 39.2552458, -6.8230925 ], [ 39.2550049, -6.8229787 ], [ 39.254754, -6.8228892 ], [ 39.2544955, -6.8228246 ], [ 39.2542319, -6.8227856 ], [ 39.2539658, -6.8227727 ], [ 39.2536997, -6.8227859 ], [ 39.2534361, -6.8228251 ], [ 39.2531777, -6.82289 ], [ 39.2529269, -6.8229798 ], [ 39.2527868, -6.8230461 ], [ 39.2527658, -6.8230451 ], [ 39.2524997, -6.8230583 ], [ 39.2522361, -6.8230975 ], [ 39.2519777, -6.8231624 ], [ 39.2517269, -6.8232522 ], [ 39.2514861, -6.8233662 ], [ 39.2512576, -6.8235033 ], [ 39.2510437, -6.823662 ], [ 39.2508463, -6.823841 ], [ 39.2506675, -6.8240384 ], [ 39.2505089, -6.8242524 ], [ 39.250372, -6.8244809 ], [ 39.2502582, -6.8247217 ], [ 39.2501686, -6.8249725 ], [ 39.250104, -6.8252309 ], [ 39.250065, -6.8254943 ], [ 39.2500521, -6.8257603 ], [ 39.2500653, -6.8260263 ], [ 39.2501045, -6.8262897 ], [ 39.2501694, -6.826548 ], [ 39.2502593, -6.8267987 ], [ 39.2503733, -6.8270394 ], [ 39.2505104, -6.8272678 ], [ 39.2506542, -6.8274612 ], [ 39.2506659, -6.8274861 ], [ 39.250803, -6.8277145 ], [ 39.2509619, -6.8279283 ], [ 39.2511409, -6.8281255 ], [ 39.2513384, -6.8283043 ], [ 39.2515525, -6.8284628 ], [ 39.2517812, -6.8285996 ], [ 39.2520221, -6.8287134 ], [ 39.252273, -6.8288029 ], [ 39.2525315, -6.8288675 ], [ 39.2527951, -6.8289065 ], [ 39.2530612, -6.8289194 ], [ 39.2533037, -6.8289074 ], [ 39.2533126, -6.8289155 ], [ 39.2535267, -6.829074 ], [ 39.2535403, -6.8290821 ], [ 39.2534295, -6.8291486 ], [ 39.2532155, -6.8293073 ], [ 39.2530182, -6.8294863 ], [ 39.2528394, -6.8296837 ], [ 39.2526807, -6.8298977 ], [ 39.2525439, -6.8301262 ], [ 39.2524301, -6.830367 ], [ 39.2523405, -6.8306178 ], [ 39.2522758, -6.8308762 ], [ 39.2522369, -6.8311396 ], [ 39.252224, -6.8314056 ], [ 39.2522372, -6.8316716 ], [ 39.2522764, -6.831935 ], [ 39.2523149, -6.8320882 ], [ 39.2521413, -6.8319597 ], [ 39.2519127, -6.8318229 ], [ 39.2516717, -6.8317092 ], [ 39.2514208, -6.8316196 ], [ 39.2511623, -6.831555 ], [ 39.2508987, -6.831516 ], [ 39.2507025, -6.8315065 ], [ 39.2506125, -6.8314074 ], [ 39.250415, -6.8312286 ], [ 39.2502009, -6.8310701 ], [ 39.2500471, -6.8309781 ], [ 39.2499829, -6.8308426 ], [ 39.2498458, -6.8306142 ], [ 39.2496869, -6.8304004 ], [ 39.2495079, -6.8302032 ], [ 39.2493104, -6.8300244 ], [ 39.2490963, -6.8298659 ], [ 39.2488677, -6.8297291 ], [ 39.2486267, -6.8296154 ], [ 39.2483758, -6.8295258 ], [ 39.2481173, -6.8294612 ], [ 39.2478537, -6.8294222 ], [ 39.2475876, -6.8294093 ], [ 39.2473215, -6.8294225 ], [ 39.2470579, -6.8294617 ], [ 39.2467995, -6.8295266 ], [ 39.2465487, -6.8296164 ], [ 39.2463079, -6.8297304 ], [ 39.2460794, -6.8298674 ], [ 39.2458655, -6.8300262 ], [ 39.2456681, -6.8302051 ], [ 39.2454893, -6.8304026 ], [ 39.2453307, -6.8306166 ], [ 39.2451938, -6.8308451 ], [ 39.24508, -6.8310859 ], [ 39.2449904, -6.8313367 ], [ 39.2449257, -6.831595 ], [ 39.2448868, -6.8318585 ], [ 39.2448738, -6.8321245 ], [ 39.2448871, -6.8323905 ], [ 39.2449263, -6.8326539 ], [ 39.2449912, -6.8329122 ], [ 39.2450811, -6.8331629 ], [ 39.2451951, -6.8334036 ], [ 39.2453322, -6.833632 ], [ 39.245491, -6.8338458 ], [ 39.2456701, -6.834043 ], [ 39.2458676, -6.8342218 ], [ 39.2460817, -6.8343803 ], [ 39.2462355, -6.8344723 ], [ 39.2462997, -6.8346078 ], [ 39.2464368, -6.8348362 ], [ 39.2464996, -6.8349207 ], [ 39.246449, -6.8351228 ], [ 39.2464101, -6.8353863 ], [ 39.2463971, -6.8356523 ], [ 39.2464103, -6.8359183 ], [ 39.2464496, -6.8361817 ], [ 39.2465144, -6.83644 ], [ 39.2466043, -6.8366907 ], [ 39.2467184, -6.8369314 ], [ 39.2468555, -6.8371598 ], [ 39.2470143, -6.8373736 ], [ 39.2471934, -6.8375708 ], [ 39.2473909, -6.8377496 ], [ 39.247605, -6.8379081 ], [ 39.2478336, -6.8380449 ], [ 39.2480745, -6.8381586 ], [ 39.2483255, -6.8382482 ], [ 39.248584, -6.8383128 ], [ 39.2488476, -6.8383518 ], [ 39.2491137, -6.8383647 ], [ 39.2493798, -6.8383515 ], [ 39.2496434, -6.8383123 ], [ 39.2499018, -6.8382474 ], [ 39.2501527, -6.8381576 ], [ 39.2503534, -6.8380625 ], [ 39.2504638, -6.8381286 ], [ 39.2507048, -6.8382423 ], [ 39.2509557, -6.8383319 ], [ 39.2512142, -6.8383965 ], [ 39.2514778, -6.8384355 ], [ 39.2517439, -6.8384484 ], [ 39.25201, -6.8384352 ], [ 39.2522736, -6.838396 ], [ 39.252532, -6.8383311 ], [ 39.2527829, -6.8382413 ], [ 39.2530237, -6.8381273 ], [ 39.2532522, -6.8379902 ], [ 39.2534661, -6.8378315 ], [ 39.2536634, -6.8376525 ], [ 39.2538423, -6.8374551 ], [ 39.2540009, -6.8372411 ], [ 39.2541377, -6.8370126 ], [ 39.2542515, -6.8367718 ], [ 39.2543412, -6.836521 ], [ 39.2544058, -6.8362626 ], [ 39.2544447, -6.8359992 ], [ 39.2544577, -6.8357332 ], [ 39.2544445, -6.8354672 ], [ 39.2544052, -6.8352038 ], [ 39.2543403, -6.8349455 ], [ 39.2542504, -6.8346948 ], [ 39.2541364, -6.8344541 ], [ 39.2539993, -6.8342257 ], [ 39.2538404, -6.8340119 ], [ 39.2536614, -6.8338147 ], [ 39.2536096, -6.8337678 ], [ 39.2536605, -6.8337982 ], [ 39.2539014, -6.833912 ], [ 39.2541523, -6.8340015 ], [ 39.2544108, -6.8340661 ], [ 39.2546744, -6.8341051 ], [ 39.2549405, -6.834118 ], [ 39.2552067, -6.8341048 ], [ 39.2554702, -6.8340656 ], [ 39.2557286, -6.8340007 ], [ 39.2559795, -6.8339109 ], [ 39.2562203, -6.8337969 ], [ 39.2564488, -6.8336598 ], [ 39.2566627, -6.8335011 ], [ 39.25686, -6.8333221 ], [ 39.2570389, -6.8331247 ], [ 39.2571975, -6.8329107 ], [ 39.2572562, -6.8328126 ], [ 39.2572832, -6.8328697 ], [ 39.2574203, -6.833098 ], [ 39.2575792, -6.8333118 ], [ 39.2575832, -6.8333163 ], [ 39.2575939, -6.8333306 ], [ 39.2577729, -6.8335279 ], [ 39.2579705, -6.8337066 ], [ 39.2581846, -6.8338651 ], [ 39.2584132, -6.8340019 ], [ 39.2586541, -6.8341157 ], [ 39.258905, -6.8342053 ], [ 39.2591635, -6.8342698 ], [ 39.2594271, -6.8343088 ], [ 39.2596933, -6.8343217 ], [ 39.2599594, -6.8343085 ], [ 39.2602229, -6.8342692 ], [ 39.2604814, -6.8342044 ], [ 39.2607322, -6.8341145 ], [ 39.260973, -6.8340005 ], [ 39.2609794, -6.8339967 ], [ 39.2610203, -6.8339773 ], [ 39.2612488, -6.8338403 ], [ 39.2612577, -6.8338337 ], [ 39.2612787, -6.8338211 ], [ 39.2614926, -6.8336623 ], [ 39.2615099, -6.8336467 ], [ 39.2616728, -6.8335695 ], [ 39.261676, -6.8335676 ], [ 39.2616918, -6.8335601 ], [ 39.2619203, -6.8334231 ], [ 39.261933, -6.8334137 ], [ 39.2619473, -6.8334051 ], [ 39.2619522, -6.8334014 ], [ 39.2619608, -6.8333963 ], [ 39.2621747, -6.8332375 ], [ 39.262372, -6.8330586 ], [ 39.2625509, -6.8328612 ], [ 39.2627095, -6.8326472 ], [ 39.2628463, -6.8324187 ], [ 39.2629601, -6.8321779 ], [ 39.2630498, -6.8319271 ], [ 39.2631144, -6.8316687 ], [ 39.2631533, -6.8314052 ], [ 39.2631662, -6.8311392 ], [ 39.263153, -6.8308732 ], [ 39.2631138, -6.8306098 ], [ 39.2630489, -6.8303515 ], [ 39.262959, -6.8301008 ], [ 39.2628449, -6.8298601 ], [ 39.2627078, -6.8296318 ], [ 39.262549, -6.829418 ], [ 39.26242, -6.8292759 ], [ 39.2625347, -6.8291212 ], [ 39.2626715, -6.8288927 ], [ 39.2627853, -6.8286519 ], [ 39.2628015, -6.8286067 ], [ 39.2628284, -6.8287877 ], [ 39.2628933, -6.829046 ], [ 39.2629832, -6.8292967 ], [ 39.2630973, -6.8295374 ], [ 39.2632344, -6.8297657 ], [ 39.2633932, -6.8299796 ], [ 39.2635723, -6.8301768 ], [ 39.2637698, -6.8303555 ], [ 39.2639839, -6.8305141 ], [ 39.2642125, -6.8306508 ], [ 39.2644534, -6.8307646 ], [ 39.2647044, -6.8308542 ], [ 39.2649629, -6.8309187 ], [ 39.2652265, -6.8309577 ], [ 39.2654926, -6.8309706 ], [ 39.2657587, -6.8309574 ], [ 39.2660223, -6.8309181 ], [ 39.2662807, -6.8308533 ], [ 39.2665315, -6.8307634 ], [ 39.2667723, -6.8306494 ], [ 39.2670008, -6.8305124 ], [ 39.2672147, -6.8303536 ], [ 39.267412, -6.8301747 ], [ 39.2675909, -6.8299772 ], [ 39.2677495, -6.8297632 ], [ 39.2678863, -6.8295347 ], [ 39.2680001, -6.8292939 ], [ 39.2680898, -6.8290431 ], [ 39.2681544, -6.8287848 ], [ 39.2681933, -6.8285213 ], [ 39.2682062, -6.8282553 ], [ 39.268193, -6.8279893 ], [ 39.2681538, -6.8277259 ], [ 39.2680889, -6.8274676 ], [ 39.267999, -6.8272169 ], [ 39.2678849, -6.8269762 ], [ 39.2677478, -6.8267479 ], [ 39.267589, -6.826534 ], [ 39.2674099, -6.8263368 ], [ 39.2672124, -6.8261581 ], [ 39.2669983, -6.8259995 ], [ 39.2667697, -6.8258628 ], [ 39.2667161, -6.8258375 ], [ 39.2668301, -6.8257691 ], [ 39.267044, -6.8256103 ], [ 39.2672413, -6.8254314 ], [ 39.2674202, -6.8252339 ], [ 39.2675788, -6.8250199 ], [ 39.2677156, -6.8247914 ], [ 39.2677359, -6.8247484 ], [ 39.2677427, -6.8247627 ], [ 39.2678798, -6.8249911 ], [ 39.2680387, -6.8252049 ], [ 39.2682177, -6.8254021 ], [ 39.2684152, -6.8255808 ], [ 39.2686293, -6.8257394 ], [ 39.2688579, -6.8258762 ], [ 39.2690989, -6.8259899 ], [ 39.2693498, -6.8260795 ], [ 39.2696083, -6.826144 ], [ 39.2698719, -6.826183 ], [ 39.270138, -6.8261959 ], [ 39.2704041, -6.8261827 ], [ 39.2706677, -6.8261434 ], [ 39.2709261, -6.8260786 ], [ 39.2711769, -6.8259887 ], [ 39.2714177, -6.8258747 ], [ 39.2716462, -6.8257377 ], [ 39.2718601, -6.8255789 ], [ 39.2720574, -6.8254 ], [ 39.2722363, -6.8252025 ], [ 39.2723949, -6.8249885 ], [ 39.2725317, -6.82476 ], [ 39.2726455, -6.8245192 ], [ 39.2727351, -6.8242684 ], [ 39.2727997, -6.82401 ], [ 39.2728387, -6.8237466 ], [ 39.2728516, -6.8234806 ], [ 39.2728384, -6.8232146 ], [ 39.2727991, -6.8229512 ], [ 39.2727342, -6.8226929 ], [ 39.2727065, -6.8226155 ], [ 39.2727053, -6.8225907 ], [ 39.272666, -6.8223273 ], [ 39.2726011, -6.822069 ], [ 39.2725903, -6.8220387 ], [ 39.2725843, -6.8219987 ], [ 39.2725194, -6.8217404 ], [ 39.2724295, -6.8214897 ], [ 39.2723155, -6.821249 ], [ 39.2721784, -6.8210206 ], [ 39.2720195, -6.8208068 ], [ 39.2718405, -6.8206096 ], [ 39.271643, -6.8204309 ], [ 39.2714289, -6.8202723 ], [ 39.2712002, -6.8201355 ], [ 39.2709593, -6.8200218 ], [ 39.2707084, -6.8199322 ], [ 39.2704499, -6.8198677 ], [ 39.2701863, -6.8198287 ], [ 39.2699202, -6.8198158 ], [ 39.2696541, -6.819829 ], [ 39.2693905, -6.8198683 ], [ 39.2691321, -6.8199331 ], [ 39.2688813, -6.820023 ], [ 39.2686405, -6.820137 ], [ 39.268412, -6.820274 ], [ 39.2681981, -6.8204328 ], [ 39.2680008, -6.8206117 ], [ 39.2678219, -6.8208092 ], [ 39.267742, -6.8209171 ], [ 39.2677231, -6.8208963 ], [ 39.2675256, -6.8207176 ], [ 39.2673115, -6.820559 ], [ 39.2670829, -6.8204223 ], [ 39.2668419, -6.8203085 ], [ 39.266591, -6.8202189 ], [ 39.2663325, -6.8201544 ], [ 39.2660689, -6.8201154 ], [ 39.2659181, -6.8201081 ], [ 39.2659543, -6.8199635 ], [ 39.2659932, -6.8197 ], [ 39.2660062, -6.819434 ], [ 39.265993, -6.819168 ], [ 39.2659537, -6.8189046 ], [ 39.2658888, -6.8186463 ], [ 39.2657989, -6.8183956 ], [ 39.2656849, -6.8181549 ], [ 39.2655478, -6.8179266 ], [ 39.2653889, -6.8177127 ], [ 39.2652099, -6.8175155 ], [ 39.2650124, -6.8173368 ], [ 39.2647983, -6.8171782 ], [ 39.2645697, -6.8170415 ], [ 39.2643287, -6.8169277 ], [ 39.2640778, -6.8168381 ], [ 39.2638624, -6.8167843 ], [ 39.2640327, -6.8166579 ], [ 39.26423, -6.816479 ], [ 39.2644088, -6.8162816 ], [ 39.2645674, -6.8160676 ], [ 39.2647043, -6.8158391 ], [ 39.264818, -6.8155983 ], [ 39.2649077, -6.8153475 ], [ 39.2649723, -6.8150891 ], [ 39.2650112, -6.8148256 ], [ 39.2650241, -6.8145596 ], [ 39.2650109, -6.8142936 ], [ 39.2649876, -6.8141372 ], [ 39.2651392, -6.8139998 ], [ 39.265318, -6.8138024 ], [ 39.2654766, -6.8135884 ], [ 39.2656135, -6.8133599 ], [ 39.2657272, -6.813119 ], [ 39.2658169, -6.8128682 ], [ 39.2658815, -6.8126099 ], [ 39.2659204, -6.8123464 ], [ 39.2659333, -6.8120804 ], [ 39.2659201, -6.8118144 ], [ 39.2658809, -6.811551 ], [ 39.265865, -6.8114877 ], [ 39.2658761, -6.8114125 ], [ 39.265889, -6.8111465 ], [ 39.2658758, -6.8108805 ], [ 39.2658366, -6.8106171 ], [ 39.2657717, -6.8103588 ], [ 39.2656818, -6.8101081 ], [ 39.2655677, -6.8098674 ], [ 39.2654306, -6.8096391 ], [ 39.2652718, -6.8094252 ], [ 39.2650928, -6.809228 ], [ 39.2648952, -6.8090493 ], [ 39.2646812, -6.8088907 ], [ 39.2644525, -6.808754 ], [ 39.2642116, -6.8086402 ], [ 39.2639607, -6.8085506 ], [ 39.263859, -6.8085252 ], [ 39.2637936, -6.8084661 ], [ 39.2635796, -6.8083076 ], [ 39.2633509, -6.8081708 ], [ 39.263184, -6.808092 ], [ 39.2630979, -6.8080282 ], [ 39.2630951, -6.8080265 ], [ 39.2629521, -6.8078689 ], [ 39.2627546, -6.8076902 ], [ 39.2625405, -6.8075317 ], [ 39.2623119, -6.8073949 ], [ 39.2620709, -6.8072811 ], [ 39.26182, -6.8071915 ], [ 39.2615615, -6.807127 ], [ 39.261298, -6.807088 ], [ 39.2610318, -6.8070751 ], [ 39.2608862, -6.8070823 ], [ 39.2608366, -6.8070374 ], [ 39.2606225, -6.8068789 ], [ 39.2603939, -6.8067421 ], [ 39.2601529, -6.8066283 ], [ 39.259902, -6.8065387 ], [ 39.2596435, -6.8064742 ], [ 39.25938, -6.8064352 ], [ 39.2591138, -6.8064223 ], [ 39.2588477, -6.8064355 ], [ 39.2585842, -6.8064747 ], [ 39.2583258, -6.8065396 ], [ 39.258075, -6.8066294 ], [ 39.2578342, -6.8067434 ], [ 39.2576057, -6.8068805 ], [ 39.2575823, -6.8068979 ], [ 39.2575566, -6.8068634 ], [ 39.2573776, -6.8066661 ], [ 39.2571801, -6.8064874 ], [ 39.256966, -6.8063289 ], [ 39.2567374, -6.8061921 ], [ 39.2564965, -6.8060783 ], [ 39.2562456, -6.8059888 ], [ 39.2559871, -6.8059242 ], [ 39.2557235, -6.8058852 ], [ 39.2554574, -6.8058723 ], [ 39.2551913, -6.8058855 ], [ 39.2551132, -6.8058971 ], [ 39.2550963, -6.8058744 ], [ 39.2549173, -6.8056772 ], [ 39.2547198, -6.8054984 ], [ 39.2545057, -6.8053399 ], [ 39.2542771, -6.8052031 ], [ 39.2540362, -6.8050893 ], [ 39.2537853, -6.8049998 ], [ 39.2535268, -6.8049352 ], [ 39.2534604, -6.8049254 ], [ 39.2535913, -6.8048283 ], [ 39.2537886, -6.8046493 ], [ 39.2539674, -6.8044519 ], [ 39.254126, -6.8042379 ], [ 39.2542629, -6.8040094 ], [ 39.2543767, -6.8037686 ], [ 39.2544663, -6.8035178 ], [ 39.2545309, -6.8032594 ], [ 39.2545699, -6.802996 ], [ 39.2545828, -6.80273 ], [ 39.2545696, -6.802464 ], [ 39.2545303, -6.8022006 ], [ 39.2544655, -6.8019423 ], [ 39.2543756, -6.8016916 ], [ 39.2542615, -6.8014509 ], [ 39.2541244, -6.8012225 ], [ 39.2539656, -6.8010087 ], [ 39.2537866, -6.8008115 ], [ 39.2536975, -6.8007308 ], [ 39.2537705, -6.8007344 ], [ 39.2540366, -6.8007212 ], [ 39.2543002, -6.800682 ], [ 39.2545586, -6.8006171 ], [ 39.2548094, -6.8005273 ], [ 39.2550502, -6.8004133 ], [ 39.2552786, -6.8002762 ], [ 39.2554926, -6.8001175 ], [ 39.2556899, -6.7999385 ], [ 39.2558687, -6.7997411 ], [ 39.2560273, -6.7995271 ], [ 39.2561642, -6.7992986 ], [ 39.2562779, -6.7990578 ], [ 39.2563676, -6.798807 ], [ 39.2564322, -6.7985486 ], [ 39.2564711, -6.7982852 ], [ 39.2564747, -6.7982109 ], [ 39.2567195, -6.7981495 ], [ 39.2569703, -6.7980597 ], [ 39.2570858, -6.798005 ], [ 39.2571419, -6.7979909 ], [ 39.2573927, -6.7979011 ], [ 39.2574052, -6.7978951 ], [ 39.2574452, -6.797914 ], [ 39.2576961, -6.7980035 ], [ 39.2579546, -6.7980681 ], [ 39.2582181, -6.7981071 ], [ 39.2582814, -6.7981101 ], [ 39.258323, -6.7981298 ], [ 39.2585739, -6.7982194 ], [ 39.2585745, -6.7982195 ], [ 39.2586054, -6.7982847 ], [ 39.2587425, -6.798513 ], [ 39.2589013, -6.7987268 ], [ 39.2590804, -6.7989241 ], [ 39.2591201, -6.79896 ], [ 39.2591209, -6.7989609 ], [ 39.2593184, -6.7991396 ], [ 39.2595325, -6.7992981 ], [ 39.2597611, -6.7994349 ], [ 39.260002, -6.7995487 ], [ 39.2602529, -6.7996383 ], [ 39.2605114, -6.7997028 ], [ 39.2605171, -6.7997037 ], [ 39.2607119, -6.7997523 ], [ 39.2609754, -6.7997913 ], [ 39.2612416, -6.7998042 ], [ 39.2615077, -6.799791 ], [ 39.2616181, -6.7997745 ], [ 39.2617541, -6.7999577 ], [ 39.2619332, -6.800155 ], [ 39.2621307, -6.8003337 ], [ 39.2623448, -6.8004922 ], [ 39.2624893, -6.8005787 ], [ 39.2624663, -6.8006706 ], [ 39.2623774, -6.8008586 ], [ 39.2622897, -6.801104 ], [ 39.262224, -6.8011765 ], [ 39.2621605, -6.8011607 ], [ 39.261897, -6.8011217 ], [ 39.2616308, -6.8011088 ], [ 39.2613647, -6.801122 ], [ 39.2611012, -6.8011612 ], [ 39.2608428, -6.8012261 ], [ 39.260592, -6.801316 ], [ 39.2603512, -6.8014299 ], [ 39.2601227, -6.801567 ], [ 39.2599088, -6.8017257 ], [ 39.2597115, -6.8019047 ], [ 39.2595327, -6.8021021 ], [ 39.2593741, -6.8023161 ], [ 39.2592372, -6.8025446 ], [ 39.2591234, -6.8027854 ], [ 39.2590338, -6.8030362 ], [ 39.2589692, -6.8032946 ], [ 39.2589302, -6.8035581 ], [ 39.2589173, -6.8038241 ], [ 39.2589305, -6.8040901 ], [ 39.2589698, -6.8043535 ], [ 39.2590346, -6.8046118 ], [ 39.2591245, -6.8048625 ], [ 39.2592386, -6.8051032 ], [ 39.2593757, -6.8053315 ], [ 39.2595345, -6.8055453 ], [ 39.2597135, -6.8057426 ], [ 39.2599111, -6.8059213 ], [ 39.2601251, -6.8060798 ], [ 39.2603538, -6.8062166 ], [ 39.2605947, -6.8063304 ], [ 39.2608456, -6.80642 ], [ 39.2611041, -6.8064845 ], [ 39.2613676, -6.8065235 ], [ 39.2616338, -6.8065364 ], [ 39.2618999, -6.8065232 ], [ 39.2621634, -6.806484 ], [ 39.2624218, -6.8064191 ], [ 39.2626726, -6.8063292 ], [ 39.2629134, -6.8062152 ], [ 39.2631419, -6.8060782 ], [ 39.2633558, -6.8059194 ], [ 39.2635531, -6.8057405 ], [ 39.2636618, -6.8056206 ], [ 39.2637253, -6.8056364 ], [ 39.2639889, -6.8056754 ], [ 39.264255, -6.8056883 ], [ 39.2645211, -6.8056751 ], [ 39.2646663, -6.8056535 ], [ 39.2649064, -6.8057134 ], [ 39.26517, -6.8057524 ], [ 39.2654361, -6.8057653 ], [ 39.265672, -6.8057536 ], [ 39.2657568, -6.8057839 ], [ 39.2660153, -6.8058484 ], [ 39.2662789, -6.8058874 ], [ 39.266545, -6.8059003 ], [ 39.2668111, -6.8058871 ], [ 39.2670746, -6.8058478 ], [ 39.2673331, -6.805783 ], [ 39.2675839, -6.8056931 ], [ 39.2678247, -6.8055791 ], [ 39.2680531, -6.8054421 ], [ 39.268267, -6.8052833 ], [ 39.2684643, -6.8051044 ], [ 39.2686432, -6.8049069 ], [ 39.2686553, -6.8048906 ], [ 39.2688021, -6.8047285 ], [ 39.2689607, -6.8045145 ], [ 39.2690975, -6.804286 ], [ 39.2692113, -6.8040452 ], [ 39.2693009, -6.8037944 ], [ 39.2693655, -6.8035361 ], [ 39.2694045, -6.8032726 ], [ 39.269414, -6.803076 ], [ 39.2694721, -6.8030233 ], [ 39.269651, -6.8028258 ], [ 39.2698096, -6.8026118 ], [ 39.2698884, -6.8024801 ], [ 39.2699194, -6.8024571 ], [ 39.2701167, -6.8022782 ], [ 39.2702956, -6.8020807 ], [ 39.2704542, -6.8018667 ], [ 39.270591, -6.8016382 ], [ 39.2706154, -6.8015865 ], [ 39.2706783, -6.8015295 ], [ 39.2708572, -6.801332 ], [ 39.2710158, -6.801118 ], [ 39.2711526, -6.8008895 ], [ 39.2712664, -6.8006487 ], [ 39.271356, -6.8003979 ], [ 39.2714206, -6.8001395 ], [ 39.2714595, -6.7998761 ], [ 39.2714725, -6.7996101 ], [ 39.2714665, -6.7994909 ], [ 39.2714919, -6.7993191 ], [ 39.2715049, -6.7990531 ], [ 39.2714916, -6.7987871 ], [ 39.2714524, -6.7985237 ], [ 39.2713943, -6.7982926 ], [ 39.2713957, -6.7982872 ], [ 39.2714346, -6.7980238 ], [ 39.2714476, -6.7977578 ], [ 39.2714343, -6.7974918 ], [ 39.2713951, -6.7972284 ], [ 39.2713302, -6.7969701 ], [ 39.2712403, -6.7967194 ], [ 39.2711263, -6.7964787 ], [ 39.2709892, -6.7962503 ], [ 39.2708303, -6.7960365 ], [ 39.2706513, -6.7958393 ], [ 39.2704538, -6.7956606 ], [ 39.2702397, -6.795502 ], [ 39.2701349, -6.7954394 ], [ 39.2699578, -6.7952442 ], [ 39.2697603, -6.7950655 ], [ 39.2695462, -6.7949069 ], [ 39.2695413, -6.794904 ], [ 39.2696118, -6.7948089 ], [ 39.2697487, -6.7945804 ], [ 39.2698624, -6.7943396 ], [ 39.2699521, -6.7940888 ], [ 39.2700167, -6.7938305 ], [ 39.2700556, -6.793567 ], [ 39.2700661, -6.7933501 ], [ 39.2702625, -6.793172 ], [ 39.2704413, -6.7929745 ], [ 39.2705999, -6.7927605 ], [ 39.2707368, -6.792532 ], [ 39.2708505, -6.7922912 ], [ 39.2709402, -6.7920404 ], [ 39.2710047, -6.7917821 ], [ 39.2710437, -6.7915186 ], [ 39.2710566, -6.7912526 ], [ 39.2710434, -6.7909866 ], [ 39.2710042, -6.7907232 ], [ 39.2709393, -6.7904649 ], [ 39.2708494, -6.7902142 ], [ 39.2707353, -6.7899735 ], [ 39.2705982, -6.7897451 ], [ 39.2704394, -6.7895313 ], [ 39.2702604, -6.7893341 ], [ 39.2700629, -6.7891554 ], [ 39.2698488, -6.7889968 ], [ 39.2696202, -6.78886 ], [ 39.2693793, -6.7887463 ], [ 39.2691284, -6.7886567 ], [ 39.2688699, -6.7885922 ], [ 39.2686063, -6.7885532 ], [ 39.2683402, -6.7885403 ], [ 39.2680741, -6.7885535 ], [ 39.2678106, -6.7885928 ], [ 39.2675522, -6.7886576 ], [ 39.2673014, -6.7887475 ], [ 39.2670606, -6.7888615 ], [ 39.2668321, -6.7889985 ], [ 39.2666182, -6.7891573 ], [ 39.2664209, -6.7893362 ], [ 39.2662421, -6.7895337 ], [ 39.2660835, -6.7897476 ], [ 39.2659467, -6.7899762 ], [ 39.2658329, -6.790217 ], [ 39.2657433, -6.7904678 ], [ 39.2656787, -6.7907261 ], [ 39.2656397, -6.7909896 ], [ 39.2656292, -6.7912065 ], [ 39.2654328, -6.7913846 ], [ 39.265254, -6.791582 ], [ 39.2652509, -6.7915862 ], [ 39.2650997, -6.7916769 ], [ 39.2648858, -6.7918357 ], [ 39.2646885, -6.7920146 ], [ 39.2645754, -6.7921395 ], [ 39.2644696, -6.7920229 ], [ 39.2642721, -6.7918442 ], [ 39.264058, -6.7916857 ], [ 39.2639829, -6.7916407 ], [ 39.2640167, -6.7914119 ], [ 39.2640296, -6.7911459 ], [ 39.2640164, -6.7908799 ], [ 39.2639772, -6.7906165 ], [ 39.2639123, -6.7903582 ], [ 39.2638224, -6.7901075 ], [ 39.2637083, -6.7898668 ], [ 39.2635713, -6.7896385 ], [ 39.2634124, -6.7894247 ], [ 39.2632334, -6.7892274 ], [ 39.2630359, -6.7890487 ], [ 39.2628218, -6.7888902 ], [ 39.2625932, -6.7887534 ], [ 39.2625457, -6.7887309 ], [ 39.2625101, -6.7886831 ], [ 39.2623311, -6.7884858 ], [ 39.2621336, -6.7883071 ], [ 39.2619195, -6.7881486 ], [ 39.2616909, -6.7880118 ], [ 39.26145, -6.787898 ], [ 39.2611991, -6.7878084 ], [ 39.2609406, -6.7877439 ], [ 39.2606771, -6.7877049 ], [ 39.2606282, -6.7877026 ], [ 39.2605234, -6.7875871 ], [ 39.2603259, -6.7874084 ], [ 39.2601118, -6.7872499 ], [ 39.2598832, -6.7871131 ], [ 39.2596423, -6.7869993 ], [ 39.2593914, -6.7869097 ], [ 39.2593369, -6.7868961 ], [ 39.2592851, -6.7867517 ], [ 39.259171, -6.7865111 ], [ 39.259034, -6.7862827 ], [ 39.2590241, -6.7862694 ], [ 39.2590653, -6.7862714 ], [ 39.2593313, -6.7862582 ], [ 39.2595949, -6.786219 ], [ 39.2598533, -6.7861541 ], [ 39.2601041, -6.7860643 ], [ 39.2603449, -6.7859503 ], [ 39.2605733, -6.7858132 ], [ 39.2607872, -6.7856545 ], [ 39.2609845, -6.7854755 ], [ 39.2611634, -6.7852781 ], [ 39.2613219, -6.7850641 ], [ 39.2614588, -6.7848356 ], [ 39.2615726, -6.7845948 ], [ 39.2616622, -6.784344 ], [ 39.2617268, -6.7840856 ], [ 39.2617657, -6.7838221 ], [ 39.2617787, -6.7835561 ], [ 39.2617655, -6.7832902 ], [ 39.2617262, -6.7830267 ], [ 39.2616613, -6.7827684 ], [ 39.2615715, -6.7825177 ], [ 39.2614574, -6.782277 ], [ 39.2613203, -6.7820487 ], [ 39.2611615, -6.7818349 ], [ 39.2609825, -6.7816376 ], [ 39.260785, -6.7814589 ], [ 39.2605709, -6.7813004 ], [ 39.2603423, -6.7811636 ], [ 39.2601014, -6.7810498 ], [ 39.2598505, -6.7809602 ], [ 39.259592, -6.7808957 ], [ 39.2593285, -6.7808567 ], [ 39.2590857, -6.7808449 ], [ 39.2590801, -6.7808399 ], [ 39.258866, -6.7806814 ], [ 39.2586374, -6.7805446 ], [ 39.2583965, -6.7804308 ], [ 39.2581456, -6.7803412 ], [ 39.2578871, -6.7802767 ], [ 39.2576236, -6.7802377 ], [ 39.2573575, -6.7802248 ], [ 39.2570914, -6.780238 ], [ 39.2568278, -6.7802772 ], [ 39.2565694, -6.7803421 ], [ 39.2563186, -6.7804319 ], [ 39.2560779, -6.7805459 ], [ 39.2558494, -6.780683 ], [ 39.2556355, -6.7808417 ], [ 39.2554382, -6.7810207 ], [ 39.2552594, -6.7812181 ], [ 39.2551008, -6.7814321 ], [ 39.2549639, -6.7816606 ], [ 39.2548501, -6.7819014 ], [ 39.2547605, -6.7821522 ], [ 39.2546959, -6.7824106 ], [ 39.254657, -6.782674 ], [ 39.254644, -6.78294 ], [ 39.2546446, -6.782952 ], [ 39.2546442, -6.7829601 ], [ 39.2546574, -6.7832261 ], [ 39.2546591, -6.7832373 ], [ 39.2546596, -6.783248 ], [ 39.2546989, -6.7835114 ], [ 39.2547469, -6.7837026 ], [ 39.2545328, -6.7837344 ], [ 39.2542743, -6.7837993 ], [ 39.2540235, -6.7838891 ], [ 39.2537828, -6.7840031 ], [ 39.2535543, -6.7841402 ], [ 39.2533404, -6.7842989 ], [ 39.2531431, -6.7844779 ], [ 39.2529643, -6.7846753 ], [ 39.2528057, -6.7848893 ], [ 39.2526688, -6.7851178 ], [ 39.252555, -6.7853586 ], [ 39.2524654, -6.7856094 ], [ 39.2524008, -6.7858678 ], [ 39.2523618, -6.7861312 ], [ 39.2523489, -6.7863972 ], [ 39.2523621, -6.7866632 ], [ 39.2524013, -6.7869266 ], [ 39.2524662, -6.7871849 ], [ 39.2525561, -6.7874356 ], [ 39.2526701, -6.7876763 ], [ 39.2528072, -6.7879047 ], [ 39.2529661, -6.7881185 ], [ 39.2531451, -6.7883157 ], [ 39.2533426, -6.7884945 ], [ 39.253542, -6.7886422 ], [ 39.2535342, -6.788802 ], [ 39.2533521, -6.7888477 ], [ 39.2531013, -6.7889375 ], [ 39.2528605, -6.7890515 ], [ 39.2526321, -6.7891886 ], [ 39.2524182, -6.7893473 ], [ 39.2522209, -6.7895263 ], [ 39.2522098, -6.7895385 ], [ 39.2520749, -6.7895185 ], [ 39.2518088, -6.7895056 ], [ 39.2515427, -6.7895188 ], [ 39.2512792, -6.789558 ], [ 39.2510208, -6.7896229 ], [ 39.2507699, -6.7897127 ], [ 39.2505292, -6.7898267 ], [ 39.2503007, -6.7899637 ], [ 39.2502637, -6.7899912 ], [ 39.2502159, -6.7899687 ], [ 39.249965, -6.7898791 ], [ 39.2497065, -6.7898145 ], [ 39.2494429, -6.7897755 ], [ 39.2491768, -6.7897626 ], [ 39.2491675, -6.7897631 ], [ 39.2490267, -6.7895735 ], [ 39.2488477, -6.7893763 ], [ 39.2486502, -6.7891975 ], [ 39.2484361, -6.789039 ], [ 39.2482075, -6.7889022 ], [ 39.2479666, -6.7887885 ], [ 39.2477157, -6.7886989 ], [ 39.2474572, -6.7886343 ], [ 39.2471936, -6.7885953 ], [ 39.2469275, -6.7885824 ], [ 39.2466614, -6.7885956 ], [ 39.2463979, -6.7886348 ], [ 39.2461395, -6.7886997 ], [ 39.2458887, -6.7887895 ], [ 39.2458146, -6.7888246 ], [ 39.2457361, -6.7887381 ], [ 39.2455386, -6.7885593 ], [ 39.2453245, -6.7884008 ], [ 39.2450959, -6.788264 ], [ 39.244855, -6.7881503 ], [ 39.2446041, -6.7880607 ], [ 39.2444059, -6.7880112 ], [ 39.2441993, -6.7878875 ], [ 39.2441738, -6.7878755 ], [ 39.2440927, -6.7877861 ], [ 39.2438952, -6.7876073 ], [ 39.2436811, -6.7874488 ], [ 39.2434525, -6.787312 ], [ 39.2432116, -6.7871983 ], [ 39.2429607, -6.7871087 ], [ 39.2427022, -6.7870441 ], [ 39.2424387, -6.7870051 ], [ 39.2421725, -6.7869922 ], [ 39.2419064, -6.7870054 ], [ 39.2416429, -6.7870446 ], [ 39.2414353, -6.7870967 ], [ 39.2413901, -6.7870754 ], [ 39.2411392, -6.7869858 ], [ 39.2411166, -6.7869801 ], [ 39.2410506, -6.7867961 ], [ 39.2409366, -6.7865554 ], [ 39.2407995, -6.7863271 ], [ 39.2406407, -6.7861133 ], [ 39.2404617, -6.785916 ], [ 39.2402642, -6.7857373 ], [ 39.2400501, -6.7855787 ], [ 39.2398215, -6.7854419 ], [ 39.2395806, -6.7853282 ], [ 39.2393297, -6.7852386 ], [ 39.2390712, -6.785174 ], [ 39.2388077, -6.785135 ], [ 39.2385416, -6.7851221 ], [ 39.2382755, -6.7851353 ], [ 39.2380119, -6.7851745 ], [ 39.2377535, -6.7852394 ], [ 39.2375027, -6.7853292 ], [ 39.2372619, -6.7854432 ], [ 39.2370335, -6.7855802 ], [ 39.2368196, -6.785739 ], [ 39.2366222, -6.7859179 ], [ 39.2364434, -6.7861153 ], [ 39.2362848, -6.7863293 ], [ 39.2361765, -6.7865102 ], [ 39.2360174, -6.7864534 ], [ 39.235759, -6.7863888 ], [ 39.2354954, -6.7863498 ], [ 39.2352293, -6.7863369 ], [ 39.2349632, -6.7863501 ], [ 39.2347443, -6.7863827 ], [ 39.2345394, -6.7863727 ], [ 39.2342733, -6.7863859 ], [ 39.2340098, -6.7864251 ], [ 39.2337513, -6.7864899 ], [ 39.2335005, -6.7865798 ], [ 39.2332597, -6.7866938 ], [ 39.2330313, -6.7868308 ], [ 39.2328174, -6.7869895 ], [ 39.23262, -6.7871685 ], [ 39.2324412, -6.7873659 ], [ 39.2322826, -6.7875799 ], [ 39.2321457, -6.7878084 ], [ 39.232032, -6.7880492 ], [ 39.2319423, -6.7883 ], [ 39.2318777, -6.7885583 ], [ 39.2318387, -6.7888218 ], [ 39.2318258, -6.7890878 ], [ 39.231839, -6.7893538 ], [ 39.2318782, -6.7896172 ], [ 39.2319431, -6.7898755 ], [ 39.2320329, -6.7901262 ], [ 39.232147, -6.7903669 ], [ 39.2322841, -6.7905953 ], [ 39.2324429, -6.7908091 ], [ 39.2326219, -6.7910064 ], [ 39.2328194, -6.7911851 ], [ 39.2330335, -6.7913437 ], [ 39.2332621, -6.7914805 ], [ 39.233503, -6.7915942 ], [ 39.2337539, -6.7916838 ], [ 39.2340123, -6.7917484 ], [ 39.2342759, -6.7917874 ], [ 39.234542, -6.7918003 ], [ 39.2348081, -6.7917871 ], [ 39.235027, -6.7917545 ], [ 39.2352319, -6.7917645 ], [ 39.235498, -6.7917513 ], [ 39.2357615, -6.7917121 ], [ 39.23602, -6.7916473 ], [ 39.2362708, -6.7915574 ], [ 39.2365116, -6.7914434 ], [ 39.23674, -6.7913064 ], [ 39.2369539, -6.7911476 ], [ 39.2371513, -6.7909687 ], [ 39.2373301, -6.7907713 ], [ 39.2374887, -6.7905573 ], [ 39.237597, -6.7903764 ], [ 39.2377067, -6.7904156 ], [ 39.2376677, -6.7904509 ], [ 39.2374889, -6.7906483 ], [ 39.2373303, -6.7908623 ], [ 39.2371934, -6.7910908 ], [ 39.2370796, -6.7913316 ], [ 39.23699, -6.7915824 ], [ 39.2369254, -6.7918408 ], [ 39.2368864, -6.7921042 ], [ 39.2368735, -6.7923702 ], [ 39.2368847, -6.792596 ], [ 39.2367954, -6.7926383 ], [ 39.2366059, -6.7927519 ], [ 39.2365875, -6.7927473 ], [ 39.2364169, -6.7927221 ], [ 39.2364132, -6.7927199 ], [ 39.2361723, -6.7926062 ], [ 39.2359214, -6.7925166 ], [ 39.235663, -6.792452 ], [ 39.2353994, -6.792413 ], [ 39.2351333, -6.7924001 ], [ 39.2348672, -6.7924133 ], [ 39.2346037, -6.7924525 ], [ 39.2343452, -6.7925173 ], [ 39.234126, -6.7925959 ], [ 39.2338781, -6.7925592 ], [ 39.233612, -6.7925463 ], [ 39.2333459, -6.7925595 ], [ 39.2330936, -6.792597 ], [ 39.2330764, -6.7925608 ], [ 39.2329394, -6.7923324 ], [ 39.2327805, -6.7921186 ], [ 39.2326015, -6.7919213 ], [ 39.232404, -6.7917426 ], [ 39.23219, -6.791584 ], [ 39.2319614, -6.7914472 ], [ 39.2317205, -6.7913335 ], [ 39.2314696, -6.7912439 ], [ 39.2314547, -6.7912402 ], [ 39.2313159, -6.7910534 ], [ 39.2311369, -6.7908561 ], [ 39.2309394, -6.7906774 ], [ 39.2307254, -6.7905188 ], [ 39.2304968, -6.790382 ], [ 39.2302559, -6.7902683 ], [ 39.230005, -6.7901787 ], [ 39.2297465, -6.7901141 ], [ 39.2296969, -6.7901068 ], [ 39.2296814, -6.7900953 ], [ 39.2294528, -6.7899584 ], [ 39.2292119, -6.7898447 ], [ 39.228961, -6.7897551 ], [ 39.2287025, -6.7896905 ], [ 39.2284389, -6.7896516 ], [ 39.2281728, -6.7896386 ], [ 39.2279067, -6.7896518 ], [ 39.2276432, -6.789691 ], [ 39.2273848, -6.7897558 ], [ 39.227134, -6.7898457 ], [ 39.2268932, -6.7899597 ], [ 39.2266647, -6.7900967 ], [ 39.2264508, -6.7902554 ], [ 39.2262535, -6.7904344 ], [ 39.2260746, -6.7906318 ], [ 39.225916, -6.7908458 ], [ 39.2257791, -6.7910742 ], [ 39.2256653, -6.7913151 ], [ 39.2255949, -6.7915122 ], [ 39.2254121, -6.7915033 ], [ 39.225146, -6.7915165 ], [ 39.2248825, -6.7915557 ], [ 39.2246241, -6.7916205 ], [ 39.2243733, -6.7917104 ], [ 39.2241325, -6.7918243 ], [ 39.223904, -6.7919614 ], [ 39.2236901, -6.7921201 ], [ 39.2234928, -6.792299 ], [ 39.2233139, -6.7924965 ], [ 39.2231553, -6.7927104 ], [ 39.2230184, -6.7929389 ], [ 39.2229199, -6.7931475 ], [ 39.2228565, -6.7930137 ], [ 39.2227194, -6.7927854 ], [ 39.2225606, -6.7925715 ], [ 39.2223816, -6.7923743 ], [ 39.2221841, -6.7921955 ], [ 39.22197, -6.792037 ], [ 39.2217414, -6.7919002 ], [ 39.2215005, -6.7917864 ], [ 39.2212496, -6.7916968 ], [ 39.2209911, -6.7916322 ], [ 39.2207276, -6.7915933 ], [ 39.2204615, -6.7915803 ], [ 39.2201954, -6.7915935 ], [ 39.22, -6.7916226 ], [ 39.22, -6.7970345 ], [ 39.2201359, -6.7970545 ], [ 39.220402, -6.7970675 ], [ 39.2206681, -6.7970543 ], [ 39.2209317, -6.7970151 ], [ 39.2211901, -6.7969503 ], [ 39.2214409, -6.7968604 ], [ 39.2216817, -6.7967465 ], [ 39.2219102, -6.7966094 ], [ 39.2221241, -6.7964507 ], [ 39.2223214, -6.7962718 ], [ 39.222339, -6.7962523 ], [ 39.2223833, -6.7962122 ], [ 39.2225622, -6.7960148 ], [ 39.2227208, -6.7958008 ], [ 39.2228577, -6.7955723 ], [ 39.2229562, -6.7953637 ], [ 39.2230196, -6.7954975 ], [ 39.2230685, -6.7955789 ], [ 39.2230141, -6.7956938 ], [ 39.2229245, -6.7959446 ], [ 39.2228599, -6.796203 ], [ 39.2228209, -6.7964665 ], [ 39.2228079, -6.7967325 ], [ 39.2228211, -6.7969984 ], [ 39.2228604, -6.7972619 ], [ 39.2229252, -6.7975202 ], [ 39.2230151, -6.7977709 ], [ 39.2231291, -6.7980116 ], [ 39.2232662, -6.7982399 ], [ 39.223425, -6.7984538 ], [ 39.223604, -6.798651 ], [ 39.2236954, -6.7987338 ], [ 39.2236662, -6.7989315 ], [ 39.223658, -6.7991001 ], [ 39.223494, -6.7992811 ], [ 39.2233354, -6.799495 ], [ 39.2231985, -6.7997235 ], [ 39.2230847, -6.7999643 ], [ 39.2229951, -6.8002151 ], [ 39.2229304, -6.8004735 ], [ 39.2228915, -6.800737 ], [ 39.2228785, -6.801003 ], [ 39.2228917, -6.8012689 ], [ 39.2229309, -6.8015324 ], [ 39.2229958, -6.8017907 ], [ 39.2230857, -6.8020414 ], [ 39.2231997, -6.8022821 ], [ 39.2233368, -6.8025104 ], [ 39.2234956, -6.8027243 ], [ 39.2236746, -6.8029215 ], [ 39.2238721, -6.8031003 ], [ 39.2240862, -6.8032588 ], [ 39.2243148, -6.8033956 ], [ 39.2245557, -6.8035094 ], [ 39.2248066, -6.803599 ], [ 39.2250651, -6.8036636 ], [ 39.2253286, -6.8037025 ], [ 39.2255948, -6.8037155 ], [ 39.2258609, -6.8037023 ], [ 39.2261244, -6.8036631 ], [ 39.2262507, -6.8036314 ], [ 39.2264042, -6.8036238 ], [ 39.2266677, -6.8035846 ], [ 39.2269261, -6.8035198 ], [ 39.227177, -6.8034299 ], [ 39.2274178, -6.8033159 ], [ 39.2276462, -6.8031789 ], [ 39.2278602, -6.8030202 ], [ 39.2280575, -6.8028412 ], [ 39.2281028, -6.8027913 ], [ 39.2281205, -6.8027976 ], [ 39.228379, -6.8028622 ], [ 39.2286426, -6.8029011 ], [ 39.2289087, -6.8029141 ], [ 39.2291748, -6.8029009 ], [ 39.2293262, -6.8028784 ], [ 39.2292376, -6.8030264 ], [ 39.2291238, -6.8032672 ], [ 39.2291173, -6.8032853 ], [ 39.2291127, -6.8032951 ], [ 39.229023, -6.8035459 ], [ 39.2289584, -6.8038042 ], [ 39.2289194, -6.8040677 ], [ 39.2289065, -6.8043337 ], [ 39.2289197, -6.8045997 ], [ 39.2289589, -6.8048631 ], [ 39.2290238, -6.8051214 ], [ 39.2291137, -6.8053721 ], [ 39.2292277, -6.8056128 ], [ 39.2293648, -6.8058412 ], [ 39.2295236, -6.806055 ], [ 39.2297026, -6.8062523 ], [ 39.2299001, -6.806431 ], [ 39.2301142, -6.8065896 ], [ 39.2301558, -6.8066145 ], [ 39.2302964, -6.8067417 ], [ 39.2305105, -6.8069003 ], [ 39.2307391, -6.8070371 ], [ 39.23098, -6.8071508 ] ], [ [ 39.2477115, -6.8080275 ], [ 39.247514, -6.8078487 ], [ 39.2472999, -6.8076902 ], [ 39.2470956, -6.8075679 ], [ 39.2471244, -6.8074529 ], [ 39.2471634, -6.8071894 ], [ 39.2471763, -6.8069234 ], [ 39.2471631, -6.8066574 ], [ 39.2471239, -6.806394 ], [ 39.247059, -6.8061357 ], [ 39.2470039, -6.8059821 ], [ 39.2471311, -6.8058106 ], [ 39.247268, -6.8055821 ], [ 39.2473818, -6.8053412 ], [ 39.2474714, -6.8050904 ], [ 39.2474771, -6.8050677 ], [ 39.2474809, -6.805057 ], [ 39.2475024, -6.804971 ], [ 39.247569, -6.8051568 ], [ 39.247683, -6.8053975 ], [ 39.2478201, -6.8056259 ], [ 39.247979, -6.8058397 ], [ 39.248158, -6.8060369 ], [ 39.248235, -6.8061066 ], [ 39.2482108, -6.806147 ], [ 39.248097, -6.8063878 ], [ 39.2480074, -6.8066386 ], [ 39.2479428, -6.8068969 ], [ 39.2479038, -6.8071604 ], [ 39.2478909, -6.8074264 ], [ 39.2479041, -6.8076924 ], [ 39.2479433, -6.8079558 ], [ 39.2480082, -6.8082141 ], [ 39.2480981, -6.8084648 ], [ 39.2482121, -6.8087055 ], [ 39.2483492, -6.8089339 ], [ 39.2485081, -6.8091477 ], [ 39.2486871, -6.8093449 ], [ 39.2488846, -6.8095237 ], [ 39.2490987, -6.8096822 ], [ 39.2493273, -6.809819 ], [ 39.2495682, -6.8099327 ], [ 39.2498191, -6.8100223 ], [ 39.2498898, -6.81004 ], [ 39.2499657, -6.8102002 ], [ 39.2501028, -6.8104286 ], [ 39.2502617, -6.8106424 ], [ 39.2502787, -6.8106612 ], [ 39.2501736, -6.8106237 ], [ 39.2499151, -6.8105591 ], [ 39.2496815, -6.8105246 ], [ 39.249667, -6.8105159 ], [ 39.2494261, -6.8104022 ], [ 39.2491752, -6.8103126 ], [ 39.2489167, -6.810248 ], [ 39.2486531, -6.810209 ], [ 39.2484953, -6.8102014 ], [ 39.2485077, -6.809946 ], [ 39.2484945, -6.80968 ], [ 39.2484553, -6.8094166 ], [ 39.2483904, -6.8091583 ], [ 39.2483005, -6.8089076 ], [ 39.2481865, -6.8086669 ], [ 39.2480494, -6.8084385 ], [ 39.2478906, -6.8082247 ], [ 39.2477115, -6.8080275 ] ], [ [ 39.2288992, -6.796752 ], [ 39.2289191, -6.7967788 ], [ 39.2288102, -6.7967399 ], [ 39.2286127, -6.7966905 ], [ 39.2286481, -6.7964512 ], [ 39.2286545, -6.7963189 ], [ 39.2287295, -6.7964772 ], [ 39.2288666, -6.7967056 ], [ 39.2288914, -6.7967389 ], [ 39.2288992, -6.796752 ] ], [ [ 39.23028, -6.7978284 ], [ 39.2302601, -6.7978016 ], [ 39.2303564, -6.797836 ], [ 39.2303005, -6.7978625 ], [ 39.23028, -6.7978284 ] ], [ [ 39.2510185, -6.7958155 ], [ 39.2510047, -6.7957926 ], [ 39.2510438, -6.7956831 ], [ 39.2511084, -6.7954248 ], [ 39.2511474, -6.7951613 ], [ 39.2511603, -6.7948953 ], [ 39.2511581, -6.7948504 ], [ 39.2512819, -6.7948813 ], [ 39.2515455, -6.7949203 ], [ 39.2518116, -6.7949332 ], [ 39.2520777, -6.79492 ], [ 39.2522968, -6.7948874 ], [ 39.2523464, -6.7950849 ], [ 39.2524363, -6.7953356 ], [ 39.2525246, -6.7955221 ], [ 39.2525281, -6.7955917 ], [ 39.2525305, -6.7956078 ], [ 39.252488, -6.7956279 ], [ 39.2522596, -6.795765 ], [ 39.2520457, -6.7959237 ], [ 39.2518483, -6.7961027 ], [ 39.2516695, -6.7963001 ], [ 39.2515109, -6.7965141 ], [ 39.2513741, -6.7967426 ], [ 39.2513272, -6.7968417 ], [ 39.2513265, -6.7968286 ], [ 39.2512873, -6.7965652 ], [ 39.2512224, -6.7963069 ], [ 39.2511326, -6.7960562 ], [ 39.2510185, -6.7958155 ] ], [ [ 39.2513367, -6.80007 ], [ 39.2510783, -6.8001349 ], [ 39.2508414, -6.8002198 ], [ 39.2509055, -6.8001616 ], [ 39.2510843, -6.7999642 ], [ 39.2512429, -6.7997502 ], [ 39.2513797, -6.7995217 ], [ 39.2514362, -6.7994024 ], [ 39.2515125, -6.7995295 ], [ 39.2516713, -6.7997433 ], [ 39.2518503, -6.7999405 ], [ 39.2519394, -6.8000212 ], [ 39.2518664, -6.8000176 ], [ 39.2516003, -6.8000308 ], [ 39.2513367, -6.80007 ] ], [ [ 39.2569549, -6.8287347 ], [ 39.2571337, -6.8285373 ], [ 39.2572923, -6.8283233 ], [ 39.2574292, -6.8280948 ], [ 39.257543, -6.827854 ], [ 39.2575693, -6.8277803 ], [ 39.2575744, -6.8278821 ], [ 39.2576136, -6.8281456 ], [ 39.2576785, -6.8284039 ], [ 39.2577684, -6.8286546 ], [ 39.2578825, -6.8288953 ], [ 39.2580196, -6.8291236 ], [ 39.258173, -6.8293302 ], [ 39.2581674, -6.8293335 ], [ 39.2579535, -6.8294922 ], [ 39.2577562, -6.8296712 ], [ 39.2575773, -6.8298686 ], [ 39.2574187, -6.8300826 ], [ 39.25736, -6.8301807 ], [ 39.257333, -6.8301237 ], [ 39.2571959, -6.8298953 ], [ 39.257037, -6.8296815 ], [ 39.256858, -6.8294842 ], [ 39.2566605, -6.8293055 ], [ 39.2564464, -6.829147 ], [ 39.2564328, -6.8291389 ], [ 39.2565436, -6.8290724 ], [ 39.2567576, -6.8289137 ], [ 39.2569549, -6.8287347 ] ] ], [ [ [ 39.2356686, -6.8483392 ], [ 39.2358971, -6.8482022 ], [ 39.2361111, -6.8480434 ], [ 39.2363084, -6.8478645 ], [ 39.2364873, -6.8476671 ], [ 39.2366459, -6.8474531 ], [ 39.2367828, -6.8472246 ], [ 39.2368966, -6.8469838 ], [ 39.2369862, -6.846733 ], [ 39.2370508, -6.8464746 ], [ 39.2370898, -6.8462112 ], [ 39.2371027, -6.8459452 ], [ 39.2370895, -6.8456792 ], [ 39.2370503, -6.8454158 ], [ 39.2369854, -6.8451575 ], [ 39.2368955, -6.8449068 ], [ 39.2367815, -6.8446661 ], [ 39.2366444, -6.8444377 ], [ 39.2364856, -6.8442239 ], [ 39.2363065, -6.8440266 ], [ 39.236109, -6.8438479 ], [ 39.2358949, -6.8436893 ], [ 39.2356663, -6.8435525 ], [ 39.2354253, -6.8434388 ], [ 39.2351744, -6.8433492 ], [ 39.2349159, -6.8432846 ], [ 39.2346523, -6.8432457 ], [ 39.2343862, -6.8432327 ], [ 39.23412, -6.8432459 ], [ 39.2338565, -6.8432851 ], [ 39.233598, -6.84335 ], [ 39.2333472, -6.8434398 ], [ 39.2331064, -6.8435538 ], [ 39.2328779, -6.8436908 ], [ 39.232664, -6.8438496 ], [ 39.2324666, -6.8440285 ], [ 39.2322878, -6.8442259 ], [ 39.2321291, -6.8444399 ], [ 39.2319923, -6.8446684 ], [ 39.2318785, -6.8449092 ], [ 39.2317888, -6.84516 ], [ 39.2317242, -6.8454184 ], [ 39.2316852, -6.8456818 ], [ 39.2316723, -6.8459478 ], [ 39.2316855, -6.8462138 ], [ 39.2317247, -6.8464772 ], [ 39.2317896, -6.8467355 ], [ 39.2318795, -6.8469862 ], [ 39.2319935, -6.8472269 ], [ 39.2321306, -6.8474553 ], [ 39.2322894, -6.8476691 ], [ 39.2324685, -6.8478664 ], [ 39.232666, -6.8480451 ], [ 39.2328801, -6.8482037 ], [ 39.2331087, -6.8483405 ], [ 39.2333496, -6.8484542 ], [ 39.2336006, -6.8485438 ], [ 39.2338591, -6.8486084 ], [ 39.2341227, -6.8486473 ], [ 39.2343888, -6.8486603 ], [ 39.234655, -6.8486471 ], [ 39.2349185, -6.8486079 ], [ 39.235177, -6.848543 ], [ 39.2354278, -6.8484532 ], [ 39.2356686, -6.8483392 ] ] ], [ [ [ 39.2372581, -6.8250375 ], [ 39.2374865, -6.8249005 ], [ 39.2377005, -6.8247417 ], [ 39.2378978, -6.8245628 ], [ 39.2380767, -6.8243654 ], [ 39.2382353, -6.8241514 ], [ 39.2383721, -6.8239229 ], [ 39.2384859, -6.8236821 ], [ 39.2385756, -6.8234313 ], [ 39.2386402, -6.8231729 ], [ 39.2386792, -6.8229095 ], [ 39.2386921, -6.8226435 ], [ 39.2386789, -6.8223775 ], [ 39.2386397, -6.8221141 ], [ 39.2385748, -6.8218558 ], [ 39.2384849, -6.821605 ], [ 39.2383709, -6.8213644 ], [ 39.2382338, -6.821136 ], [ 39.238075, -6.8209222 ], [ 39.2378959, -6.8207249 ], [ 39.2376984, -6.8205462 ], [ 39.2374843, -6.8203876 ], [ 39.2372557, -6.8202508 ], [ 39.2370148, -6.8201371 ], [ 39.2367639, -6.8200475 ], [ 39.2365054, -6.8199829 ], [ 39.2362418, -6.819944 ], [ 39.2359757, -6.819931 ], [ 39.2357096, -6.8199442 ], [ 39.235446, -6.8199834 ], [ 39.2351876, -6.8200483 ], [ 39.2349368, -6.8201381 ], [ 39.2346959, -6.8202521 ], [ 39.2344675, -6.8203891 ], [ 39.2342535, -6.8205479 ], [ 39.2340562, -6.8207268 ], [ 39.2338774, -6.8209242 ], [ 39.2337187, -6.8211382 ], [ 39.2335819, -6.8213667 ], [ 39.2334681, -6.8216075 ], [ 39.2333784, -6.8218583 ], [ 39.2333138, -6.8221167 ], [ 39.2332748, -6.8223801 ], [ 39.2332619, -6.8226461 ], [ 39.2332751, -6.8229121 ], [ 39.2333143, -6.8231755 ], [ 39.2333792, -6.8234338 ], [ 39.2334691, -6.8236845 ], [ 39.2335831, -6.8239252 ], [ 39.2337202, -6.8241536 ], [ 39.233879, -6.8243674 ], [ 39.2340581, -6.8245647 ], [ 39.2342556, -6.8247434 ], [ 39.2344697, -6.824902 ], [ 39.2346983, -6.8250388 ], [ 39.2349392, -6.8251525 ], [ 39.2351901, -6.8252421 ], [ 39.2354486, -6.8253067 ], [ 39.2357122, -6.8253456 ], [ 39.2359783, -6.8253586 ], [ 39.2362445, -6.8253454 ], [ 39.236508, -6.8253062 ], [ 39.2367664, -6.8252413 ], [ 39.2370173, -6.8251515 ], [ 39.2372581, -6.8250375 ] ] ], [ [ [ 39.2430771, -6.8445535 ], [ 39.2433055, -6.8444165 ], [ 39.2435195, -6.8442577 ], [ 39.2437168, -6.8440788 ], [ 39.2438957, -6.8438813 ], [ 39.2440543, -6.8436674 ], [ 39.2441912, -6.8434389 ], [ 39.244305, -6.8431981 ], [ 39.2443946, -6.8429473 ], [ 39.2444592, -6.8426889 ], [ 39.2444982, -6.8424254 ], [ 39.2445111, -6.8421594 ], [ 39.2444979, -6.8418934 ], [ 39.2444587, -6.84163 ], [ 39.2443938, -6.8413717 ], [ 39.2443039, -6.841121 ], [ 39.2442502, -6.8410077 ], [ 39.2442666, -6.8409929 ], [ 39.2444454, -6.8407954 ], [ 39.2446041, -6.8405815 ], [ 39.2447409, -6.840353 ], [ 39.2448547, -6.8401122 ], [ 39.2449444, -6.8398614 ], [ 39.245009, -6.839603 ], [ 39.245048, -6.8393395 ], [ 39.2450609, -6.8390735 ], [ 39.2450477, -6.8388075 ], [ 39.2450085, -6.8385441 ], [ 39.2449436, -6.8382858 ], [ 39.2448537, -6.8380351 ], [ 39.2447396, -6.8377944 ], [ 39.2446025, -6.8375661 ], [ 39.2444437, -6.8373522 ], [ 39.2442647, -6.837155 ], [ 39.2440671, -6.8369762 ], [ 39.243853, -6.8368177 ], [ 39.2436244, -6.8366809 ], [ 39.2433835, -6.8365672 ], [ 39.2431326, -6.8364776 ], [ 39.2428741, -6.836413 ], [ 39.2426105, -6.8363741 ], [ 39.2423443, -6.8363611 ], [ 39.2420782, -6.8363743 ], [ 39.2418147, -6.8364135 ], [ 39.2415562, -6.8364784 ], [ 39.2413054, -6.8365682 ], [ 39.2410646, -6.8366822 ], [ 39.2408361, -6.8368192 ], [ 39.2406222, -6.836978 ], [ 39.2404248, -6.8371569 ], [ 39.240246, -6.8373543 ], [ 39.2400873, -6.8375683 ], [ 39.2399505, -6.8377968 ], [ 39.2398367, -6.8380376 ], [ 39.239747, -6.8382884 ], [ 39.2396824, -6.8385468 ], [ 39.2396434, -6.8388103 ], [ 39.2396305, -6.8390763 ], [ 39.2396437, -6.8393423 ], [ 39.2396829, -6.8396057 ], [ 39.2397478, -6.839864 ], [ 39.2398377, -6.8401147 ], [ 39.2398914, -6.840228 ], [ 39.239875, -6.8402428 ], [ 39.2396962, -6.8404402 ], [ 39.2395375, -6.8406542 ], [ 39.2394007, -6.8408827 ], [ 39.2392869, -6.8411235 ], [ 39.2391972, -6.8413743 ], [ 39.2391326, -6.8416327 ], [ 39.2390936, -6.8418962 ], [ 39.2390807, -6.8421622 ], [ 39.2390939, -6.8424281 ], [ 39.2391331, -6.8426916 ], [ 39.239198, -6.8429499 ], [ 39.2392879, -6.8432006 ], [ 39.2394019, -6.8434413 ], [ 39.239539, -6.8436696 ], [ 39.2396979, -6.8438835 ], [ 39.2398769, -6.8440807 ], [ 39.2400744, -6.8442594 ], [ 39.2402885, -6.844418 ], [ 39.2405172, -6.8445548 ], [ 39.2407581, -6.8446685 ], [ 39.241009, -6.8447581 ], [ 39.2412675, -6.8448227 ], [ 39.2415311, -6.8448616 ], [ 39.2417973, -6.8448746 ], [ 39.2420634, -6.8448614 ], [ 39.242327, -6.8448222 ], [ 39.2425854, -6.8447573 ], [ 39.2428362, -6.8446675 ], [ 39.2430771, -6.8445535 ] ] ], [ [ [ 39.2524021, -6.7832279 ], [ 39.2526306, -6.7830908 ], [ 39.2528445, -6.7829321 ], [ 39.2530418, -6.7827531 ], [ 39.2532206, -6.7825557 ], [ 39.2533792, -6.7823417 ], [ 39.2535161, -6.7821132 ], [ 39.2536298, -6.7818724 ], [ 39.2537195, -6.7816216 ], [ 39.2537841, -6.7813632 ], [ 39.253823, -6.7810998 ], [ 39.253836, -6.7808338 ], [ 39.2538228, -6.7805678 ], [ 39.2537835, -6.7803044 ], [ 39.2537186, -6.7800461 ], [ 39.2537027, -6.7800016 ], [ 39.2485396, -6.7800015 ], [ 39.2485227, -6.7800488 ], [ 39.2484581, -6.7803071 ], [ 39.2484192, -6.7805706 ], [ 39.2484062, -6.7808366 ], [ 39.2484194, -6.7811026 ], [ 39.2484587, -6.781366 ], [ 39.2485235, -6.7816243 ], [ 39.2486134, -6.781875 ], [ 39.2487275, -6.7821157 ], [ 39.2488645, -6.7823441 ], [ 39.2490234, -6.7825579 ], [ 39.2492024, -6.7827551 ], [ 39.2493999, -6.7829339 ], [ 39.249614, -6.7830924 ], [ 39.2498426, -6.7832292 ], [ 39.2500835, -6.7833429 ], [ 39.2503344, -6.7834325 ], [ 39.2505928, -6.7834971 ], [ 39.2508564, -6.7835361 ], [ 39.2511225, -6.783549 ], [ 39.2513886, -6.7835358 ], [ 39.2516521, -6.7834966 ], [ 39.2519105, -6.7834317 ], [ 39.2521613, -6.7833419 ], [ 39.2524021, -6.7832279 ] ] ], [ [ [ 39.2777923, -6.8483061 ], [ 39.2780508, -6.8483706 ], [ 39.2783144, -6.8484096 ], [ 39.2785806, -6.8484225 ], [ 39.2788467, -6.8484093 ], [ 39.2791103, -6.84837 ], [ 39.2793687, -6.8483052 ], [ 39.2796195, -6.8482153 ], [ 39.2798603, -6.8481013 ], [ 39.2800888, -6.8479642 ], [ 39.280096, -6.8479589 ], [ 39.2801247, -6.8479546 ], [ 39.2803831, -6.8478898 ], [ 39.2806339, -6.8477999 ], [ 39.2808747, -6.8476859 ], [ 39.2811032, -6.8475488 ], [ 39.2813171, -6.8473901 ], [ 39.2815145, -6.8472111 ], [ 39.2816933, -6.8470137 ], [ 39.2818519, -6.8467997 ], [ 39.2819888, -6.8465712 ], [ 39.2821025, -6.8463304 ], [ 39.2821922, -6.8460795 ], [ 39.2822568, -6.8458212 ], [ 39.2822957, -6.8455577 ], [ 39.2823086, -6.8452917 ], [ 39.2822954, -6.8450257 ], [ 39.2822561, -6.8447623 ], [ 39.2821912, -6.844504 ], [ 39.2821013, -6.8442533 ], [ 39.2819873, -6.8440126 ], [ 39.2818501, -6.8437843 ], [ 39.2816913, -6.8435705 ], [ 39.2815122, -6.8433733 ], [ 39.2813147, -6.8431945 ], [ 39.2811006, -6.843036 ], [ 39.2808719, -6.8428992 ], [ 39.280631, -6.8427855 ], [ 39.2803801, -6.8426959 ], [ 39.2801216, -6.8426314 ], [ 39.279858, -6.8425924 ], [ 39.2795918, -6.8425795 ], [ 39.2793257, -6.8425927 ], [ 39.2790621, -6.842632 ], [ 39.2788037, -6.8426968 ], [ 39.2785529, -6.8427867 ], [ 39.2783121, -6.8429007 ], [ 39.2780836, -6.8430378 ], [ 39.2780764, -6.8430431 ], [ 39.2780477, -6.8430474 ], [ 39.2777893, -6.8431122 ], [ 39.2775385, -6.8432021 ], [ 39.2772977, -6.8433161 ], [ 39.2770692, -6.8434531 ], [ 39.2768553, -6.8436119 ], [ 39.2766579, -6.8437909 ], [ 39.2764791, -6.8439883 ], [ 39.2763205, -6.8442023 ], [ 39.2761837, -6.8444308 ], [ 39.2760699, -6.8446716 ], [ 39.2759802, -6.8449224 ], [ 39.2759156, -6.8451808 ], [ 39.2758767, -6.8454443 ], [ 39.2758638, -6.8457103 ], [ 39.275877, -6.8459763 ], [ 39.2759163, -6.8462397 ], [ 39.2759811, -6.846498 ], [ 39.2760711, -6.8467487 ], [ 39.2761851, -6.8469893 ], [ 39.2763222, -6.8472177 ], [ 39.2764811, -6.8474315 ], [ 39.2766602, -6.8476287 ], [ 39.2768577, -6.8478075 ], [ 39.2770718, -6.847966 ], [ 39.2773004, -6.8481028 ], [ 39.2775414, -6.8482165 ], [ 39.2777923, -6.8483061 ] ] ], [ [ [ 39.2724011, -6.8196866 ], [ 39.2726519, -6.8195967 ], [ 39.2728927, -6.8194827 ], [ 39.2731212, -6.8193457 ], [ 39.2733351, -6.8191869 ], [ 39.2735324, -6.8190079 ], [ 39.2737112, -6.8188105 ], [ 39.2738698, -6.8185965 ], [ 39.2740067, -6.818368 ], [ 39.2741205, -6.8181272 ], [ 39.2741805, -6.8179591 ], [ 39.2743097, -6.8180053 ], [ 39.2745682, -6.8180698 ], [ 39.2748318, -6.8181088 ], [ 39.2750979, -6.8181217 ], [ 39.2753641, -6.8181085 ], [ 39.2756276, -6.8180692 ], [ 39.275886, -6.8180044 ], [ 39.2761368, -6.8179145 ], [ 39.2763776, -6.8178005 ], [ 39.2766061, -6.8176635 ], [ 39.27682, -6.8175047 ], [ 39.2770173, -6.8173257 ], [ 39.2771962, -6.8171283 ], [ 39.2773547, -6.8169143 ], [ 39.2774916, -6.8166858 ], [ 39.2776054, -6.816445 ], [ 39.277695, -6.8161942 ], [ 39.2777596, -6.8159358 ], [ 39.2777985, -6.8156724 ], [ 39.2778115, -6.8154063 ], [ 39.2777982, -6.8151404 ], [ 39.2777666, -6.8149279 ], [ 39.2777938, -6.8148703 ], [ 39.2778834, -6.8146195 ], [ 39.277948, -6.8143611 ], [ 39.2779869, -6.8140976 ], [ 39.2779998, -6.8138316 ], [ 39.2779866, -6.8135657 ], [ 39.2779474, -6.8133022 ], [ 39.2778825, -6.8130439 ], [ 39.2777926, -6.8127932 ], [ 39.2776785, -6.8125526 ], [ 39.2775414, -6.8123242 ], [ 39.2773826, -6.8121104 ], [ 39.2772035, -6.8119132 ], [ 39.277006, -6.8117344 ], [ 39.2767919, -6.8115759 ], [ 39.2765633, -6.8114391 ], [ 39.2763224, -6.8113254 ], [ 39.2760715, -6.8112358 ], [ 39.275813, -6.8111713 ], [ 39.2755494, -6.8111323 ], [ 39.2752833, -6.8111194 ], [ 39.2750171, -6.8111326 ], [ 39.2747536, -6.8111719 ], [ 39.2744952, -6.8112367 ], [ 39.2742444, -6.8113266 ], [ 39.2740036, -6.8114406 ], [ 39.2737785, -6.8115756 ], [ 39.2737423, -6.8114994 ], [ 39.2736052, -6.811271 ], [ 39.2734464, -6.8110572 ], [ 39.2732673, -6.81086 ], [ 39.2730698, -6.8106812 ], [ 39.2728557, -6.8105227 ], [ 39.2726271, -6.8103859 ], [ 39.2723862, -6.8102722 ], [ 39.2721353, -6.8101826 ], [ 39.2718768, -6.8101181 ], [ 39.2716132, -6.8100791 ], [ 39.2713471, -6.8100662 ], [ 39.271081, -6.8100794 ], [ 39.2708174, -6.8101187 ], [ 39.270559, -6.8101835 ], [ 39.2703082, -6.8102734 ], [ 39.2700674, -6.8103874 ], [ 39.2698389, -6.8105244 ], [ 39.269625, -6.8106832 ], [ 39.2694277, -6.8108621 ], [ 39.2692489, -6.8110596 ], [ 39.2690903, -6.8112736 ], [ 39.2689534, -6.8115021 ], [ 39.2688397, -6.8117429 ], [ 39.26875, -6.8119937 ], [ 39.2686854, -6.8122521 ], [ 39.2686465, -6.8125155 ], [ 39.2686336, -6.8127815 ], [ 39.2686468, -6.8130475 ], [ 39.268686, -6.8133109 ], [ 39.2687509, -6.8135692 ], [ 39.2688408, -6.8138199 ], [ 39.2689549, -6.8140606 ], [ 39.269092, -6.814289 ], [ 39.2692508, -6.8145028 ], [ 39.2694298, -6.8147 ], [ 39.2696138, -6.8148664 ], [ 39.2695497, -6.8151227 ], [ 39.2695135, -6.8153678 ], [ 39.2695118, -6.8153697 ], [ 39.2693532, -6.8155837 ], [ 39.2692163, -6.8158122 ], [ 39.2691025, -6.816053 ], [ 39.2690129, -6.8163038 ], [ 39.2689483, -6.8165622 ], [ 39.2689094, -6.8168256 ], [ 39.2688964, -6.8170916 ], [ 39.2689097, -6.8173576 ], [ 39.2689489, -6.817621 ], [ 39.2690138, -6.8178793 ], [ 39.2691037, -6.81813 ], [ 39.2692177, -6.8183707 ], [ 39.2693549, -6.8185991 ], [ 39.2695137, -6.8188129 ], [ 39.2696927, -6.8190101 ], [ 39.2698903, -6.8191888 ], [ 39.2701044, -6.8193474 ], [ 39.270333, -6.8194842 ], [ 39.2705739, -6.8195979 ], [ 39.2708248, -6.8196875 ], [ 39.2710833, -6.819752 ], [ 39.2713469, -6.819791 ], [ 39.271613, -6.8198039 ], [ 39.2718791, -6.8197907 ], [ 39.2721427, -6.8197514 ], [ 39.2724011, -6.8196866 ] ] ] ] } },
{ "type": "Feature", "properties": { "index": "1", "label": "Beyond 300 m", "color": "#d9d9d9" }, "geometry": { "type": "MultiPolygon", "coordinates": [ [ [ [ 39.2201359, -6.7970545 ], [ 39.22, -6.7970345 ], [ 39.22, -6.8169898 ], [ 39.2202028, -6.8169596 ], [ 39.220469, -6.8169464 ], [ 39.2207351, -6.8169594 ], [ 39.2209987, -6.8169983 ], [ 39.2212572, -6.8170629 ], [ 39.2215081, -6.8171525 ], [ 39.221749, -6.8172663 ], [ 39.2219776, -6.8174031 ], [ 39.2221917, -6.8175616 ], [ 39.2223892, -6.8177404 ], [ 39.2225682, -6.8179376 ], [ 39.222727, -6.8181515 ], [ 39.2228641, -6.8183798 ], [ 39.2229781, -6.8186205 ], [ 39.223068, -6.8188712 ], [ 39.2231329, -6.8191295 ], [ 39.2231721, -6.819393 ], [ 39.2231853, -6.819659 ], [ 39.2231723, -6.819925 ], [ 39.2231334, -6.8201884 ], [ 39.2230687, -6.8204468 ], [ 39.2229791, -6.8206976 ], [ 39.2228653, -6.8209384 ], [ 39.2227284, -6.8211669 ], [ 39.2225698, -6.8213808 ], [ 39.2223909, -6.8215783 ], [ 39.2221936, -6.8217572 ], [ 39.2219797, -6.8219159 ], [ 39.2217512, -6.822053 ], [ 39.2215104, -6.8221669 ], [ 39.2212595, -6.8222568 ], [ 39.2210011, -6.8223216 ], [ 39.2207376, -6.8223608 ], [ 39.2204714, -6.822374 ], [ 39.2202053, -6.822361 ], [ 39.22, -6.8223307 ], [ 39.22, -6.8358087 ], [ 39.2200005, -6.8358087 ], [ 39.2202666, -6.8358217 ], [ 39.2205302, -6.8358606 ], [ 39.2206849, -6.8358993 ], [ 39.2206817, -6.835835 ], [ 39.2206947, -6.8355689 ], [ 39.2207337, -6.8353055 ], [ 39.2207983, -6.8350471 ], [ 39.2208879, -6.8347963 ], [ 39.2210017, -6.8345555 ], [ 39.2211386, -6.834327 ], [ 39.2212972, -6.8341131 ], [ 39.2214761, -6.8339156 ], [ 39.2216734, -6.8337367 ], [ 39.2218874, -6.833578 ], [ 39.2221159, -6.8334409 ], [ 39.2223567, -6.833327 ], [ 39.2226075, -6.8332371 ], [ 39.222866, -6.8331723 ], [ 39.2231295, -6.8331331 ], [ 39.2233956, -6.8331199 ], [ 39.2236618, -6.8331329 ], [ 39.2239254, -6.8331718 ], [ 39.2241839, -6.8332364 ], [ 39.2244348, -6.833326 ], [ 39.2246757, -6.8334398 ], [ 39.2247896, -6.8335079 ], [ 39.2247983, -6.8334731 ], [ 39.2248302, -6.8333839 ], [ 39.2248533, -6.8332915 ], [ 39.2249429, -6.8330408 ], [ 39.2250567, -6.8328 ], [ 39.2251936, -6.8325715 ], [ 39.2253522, -6.8323575 ], [ 39.2255311, -6.8321601 ], [ 39.2257284, -6.8319811 ], [ 39.2259424, -6.8318224 ], [ 39.2261709, -6.8316854 ], [ 39.2264117, -6.8315714 ], [ 39.2266625, -6.8314815 ], [ 39.2269209, -6.8314167 ], [ 39.2271845, -6.8313775 ], [ 39.2274506, -6.8313643 ], [ 39.2276389, -6.8313735 ], [ 39.2277411, -6.8312029 ], [ 39.2278997, -6.8309889 ], [ 39.2280786, -6.8307915 ], [ 39.2282759, -6.8306125 ], [ 39.2284899, -6.8304538 ], [ 39.2287183, -6.8303168 ], [ 39.2289592, -6.8302028 ], [ 39.22921, -6.8301129 ], [ 39.2294684, -6.8300481 ], [ 39.229732, -6.8300089 ], [ 39.2299981, -6.8299957 ], [ 39.2302642, -6.8300087 ], [ 39.2305278, -6.8300476 ], [ 39.2307863, -6.8301122 ], [ 39.2310372, -6.8302018 ], [ 39.2312782, -6.8303155 ], [ 39.2315068, -6.8304523 ], [ 39.2317209, -6.8306109 ], [ 39.2319184, -6.8307896 ], [ 39.2320974, -6.8309869 ], [ 39.2322562, -6.8312007 ], [ 39.2323672, -6.8313856 ], [ 39.2324051, -6.8314198 ], [ 39.2325841, -6.8316171 ], [ 39.2327429, -6.8318309 ], [ 39.23288, -6.8320593 ], [ 39.2329941, -6.8323 ], [ 39.233084, -6.8325507 ], [ 39.2331488, -6.832809 ], [ 39.2331881, -6.8330724 ], [ 39.2332013, -6.8333384 ], [ 39.2331883, -6.8336044 ], [ 39.2331493, -6.8338679 ], [ 39.2330847, -6.8341262 ], [ 39.2329951, -6.834377 ], [ 39.2328813, -6.8346178 ], [ 39.2327444, -6.8348463 ], [ 39.2325858, -6.8350603 ], [ 39.2324069, -6.8352577 ], [ 39.2322096, -6.8354367 ], [ 39.2319957, -6.8355954 ], [ 39.2317672, -6.8357324 ], [ 39.2315264, -6.8358464 ], [ 39.2312755, -6.8359363 ], [ 39.2310171, -6.8360011 ], [ 39.2307535, -6.8360403 ], [ 39.2304874, -6.8360535 ], [ 39.2302213, -6.8360405 ], [ 39.2299577, -6.8360016 ], [ 39.2296992, -6.835937 ], [ 39.2295644, -6.8358889 ], [ 39.2294966, -6.8359803 ], [ 39.2293177, -6.8361777 ], [ 39.2291204, -6.8363567 ], [ 39.2289064, -6.8365154 ], [ 39.2288089, -6.8365739 ], [ 39.2288042, -6.8366057 ], [ 39.2287395, -6.836864 ], [ 39.2286499, -6.8371148 ], [ 39.2285361, -6.8373556 ], [ 39.2283992, -6.8375841 ], [ 39.2282406, -6.8377981 ], [ 39.2280617, -6.8379955 ], [ 39.2278644, -6.8381745 ], [ 39.2276504, -6.8383332 ], [ 39.227422, -6.8384702 ], [ 39.2271811, -6.8385842 ], [ 39.2270352, -6.8386365 ], [ 39.2269404, -6.838837 ], [ 39.2269916, -6.8388395 ], [ 39.2272552, -6.8388784 ], [ 39.2275137, -6.838943 ], [ 39.2277646, -6.8390326 ], [ 39.2280055, -6.8391463 ], [ 39.2282341, -6.8392832 ], [ 39.2284482, -6.8394417 ], [ 39.2286457, -6.8396205 ], [ 39.2288248, -6.8398177 ], [ 39.2289634, -6.8400043 ], [ 39.2290473, -6.8398643 ], [ 39.2292059, -6.8396503 ], [ 39.2292221, -6.8396324 ], [ 39.2292883, -6.8394473 ], [ 39.2294021, -6.8392065 ], [ 39.229539, -6.838978 ], [ 39.2296976, -6.838764 ], [ 39.2298764, -6.8385666 ], [ 39.2300738, -6.8383876 ], [ 39.2302877, -6.8382289 ], [ 39.2305162, -6.8380919 ], [ 39.230757, -6.8379779 ], [ 39.2310079, -6.837888 ], [ 39.2312663, -6.8378232 ], [ 39.2315299, -6.837784 ], [ 39.231796, -6.8377708 ], [ 39.2320621, -6.8377838 ], [ 39.2323257, -6.8378227 ], [ 39.2325842, -6.8378873 ], [ 39.2328351, -6.8379769 ], [ 39.2330761, -6.8380906 ], [ 39.2333047, -6.8382274 ], [ 39.2335188, -6.838386 ], [ 39.2337163, -6.8385647 ], [ 39.2338953, -6.838762 ], [ 39.2340542, -6.8389758 ], [ 39.2341913, -6.8392042 ], [ 39.2343053, -6.8394449 ], [ 39.2343952, -6.8396956 ], [ 39.2344601, -6.8399539 ], [ 39.2344993, -6.8402173 ], [ 39.2345125, -6.8404833 ], [ 39.2344996, -6.8407493 ], [ 39.2344606, -6.8410127 ], [ 39.234396, -6.8412711 ], [ 39.2343063, -6.8415219 ], [ 39.2341925, -6.8417627 ], [ 39.2340556, -6.8419912 ], [ 39.233897, -6.8422052 ], [ 39.2338808, -6.8422231 ], [ 39.2338146, -6.8424082 ], [ 39.2337008, -6.842649 ], [ 39.2335639, -6.8428775 ], [ 39.2334053, -6.8430915 ], [ 39.2332265, -6.8432889 ], [ 39.2330291, -6.8434679 ], [ 39.2328152, -6.8436266 ], [ 39.2325867, -6.8437636 ], [ 39.2323459, -6.8438776 ], [ 39.232095, -6.8439675 ], [ 39.2318366, -6.8440323 ], [ 39.2317097, -6.8440512 ], [ 39.2317394, -6.8442507 ], [ 39.2317526, -6.8445167 ], [ 39.2317397, -6.8447827 ], [ 39.2317007, -6.8450462 ], [ 39.2316361, -6.8453045 ], [ 39.2315464, -6.8455553 ], [ 39.2314326, -6.8457961 ], [ 39.2312958, -6.8460246 ], [ 39.2311371, -6.8462386 ], [ 39.2309583, -6.846436 ], [ 39.2307609, -6.846615 ], [ 39.230547, -6.8467737 ], [ 39.2303185, -6.8469107 ], [ 39.2300777, -6.8470247 ], [ 39.2298268, -6.8471146 ], [ 39.2295684, -6.8471794 ], [ 39.2293048, -6.8472186 ], [ 39.2290387, -6.8472318 ], [ 39.2287725, -6.8472188 ], [ 39.228509, -6.8471799 ], [ 39.2282504, -6.8471153 ], [ 39.2279995, -6.8470257 ], [ 39.2277586, -6.846912 ], [ 39.2275805, -6.8468054 ], [ 39.2274463, -6.8470292 ], [ 39.2272877, -6.8472432 ], [ 39.2271089, -6.8474406 ], [ 39.2269115, -6.8476196 ], [ 39.2266976, -6.8477783 ], [ 39.2264691, -6.8479153 ], [ 39.2262283, -6.8480293 ], [ 39.2259774, -6.8481192 ], [ 39.225719, -6.848184 ], [ 39.2254554, -6.8482232 ], [ 39.2251893, -6.8482364 ], [ 39.2249231, -6.8482234 ], [ 39.2246595, -6.8481845 ], [ 39.224401, -6.8481199 ], [ 39.2241501, -6.8480303 ], [ 39.2239092, -6.8479165 ], [ 39.2236805, -6.8477797 ], [ 39.2234665, -6.8476212 ], [ 39.2232689, -6.8474424 ], [ 39.2230899, -6.8472452 ], [ 39.2229311, -6.8470314 ], [ 39.222794, -6.846803 ], [ 39.2226799, -6.8465623 ], [ 39.2225901, -6.8463116 ], [ 39.2225252, -6.8460533 ], [ 39.222486, -6.8457899 ], [ 39.2224728, -6.8455239 ], [ 39.2224857, -6.8452579 ], [ 39.2225247, -6.8449944 ], [ 39.2225893, -6.844736 ], [ 39.2226501, -6.844566 ], [ 39.2225541, -6.8446114 ], [ 39.2223033, -6.8447013 ], [ 39.2220448, -6.8447661 ], [ 39.2217813, -6.8448053 ], [ 39.2215152, -6.8448185 ], [ 39.221249, -6.8448055 ], [ 39.2209854, -6.8447666 ], [ 39.2207269, -6.844702 ], [ 39.220476, -6.8446124 ], [ 39.2202351, -6.8444986 ], [ 39.2202276, -6.8444942 ], [ 39.2202165, -6.8444914 ], [ 39.22, -6.8444141 ], [ 39.22, -6.85 ], [ 39.3, -6.85 ], [ 39.3, -6.78 ], [ 39.2490031, -6.7800015 ], [ 39.2537027, -6.7800016 ], [ 39.2537186, -6.7800461 ], [ 39.2537835, -6.7803044 ], [ 39.2538228, -6.7805678 ], [ 39.253836, -6.7808338 ], [ 39.253823, -6.7810998 ], [ 39.2537841, -6.7813632 ], [ 39.2537195, -6.7816216 ], [ 39.2536298, -6.7818724 ], [ 39.2535161, -6.7821132 ], [ 39.2533792, -6.7823417 ], [ 39.2532206, -6.7825557 ], [ 39.2530418, -6.7827531 ], [ 39.2528445, -6.7829321 ], [ 39.2526306, -6.7830908 ], [ 39.2524021, -6.7832279 ], [ 39.2521613, -6.7833419 ], [ 39.2519105, -6.7834317 ], [ 39.2516521, -6.7834966 ], [ 39.2513886, -6.7835358 ], [ 39.2511225, -6.783549 ], [ 39.2508564, -6.7835361 ], [ 39.2505928, -6.7834971 ], [ 39.2503344, -6.7834325 ], [ 39.2500835, -6.7833429 ], [ 39.2498426, -6.7832292 ], [ 39.249614, -6.7830924 ], [ 39.2493999, -6.7829339 ], [ 39.2492024, -6.7827551 ], [ 39.2490234, -6.7825579 ], [ 39.2488645, -6.7823441 ], [ 39.2487275, -6.7821157 ], [ 39.2486134, -6.781875 ], [ 39.2485235, -6.7816243 ], [ 39.2484587, -6.781366 ], [ 39.2484194, -6.7811026 ], [ 39.2484062, -6.7808366 ], [ 39.2484192, -6.7805706 ], [ 39.2484581, -6.7803071 ], [ 39.2485227, -6.7800488 ], [ 39.2485396, -6.7800015 ], [ 39.22, -6.78 ], [ 39.22, -6.7916226 ], [ 39.2201954, -6.7915935 ], [ 39.2204615, -6.7915803 ], [ 39.2207276, -6.7915933 ], [ 39.2209911, -6.7916322 ], [ 39.2212496, -6.7916968 ], [ 39.2215005, -6.7917864 ], [ 39.2217414, -6.7919002 ], [ 39.22197, -6.792037 ], [ 39.2221841, -6.7921955 ], [ 39.2223816, -6.7923743 ], [ 39.2225606, -6.7925715 ], [ 39.2227194, -6.7927854 ], [ 39.2228565, -6.7930137 ], [ 39.2229199, -6.7931475 ], [ 39.2230184, -6.7929389 ], [ 39.2231553, -6.7927104 ], [ 39.2233139, -6.7924965 ], [ 39.2234928, -6.792299 ], [ 39.2236901, -6.7921201 ], [ 39.223904, -6.7919614 ], [ 39.2241325, -6.7918243 ], [ 39.2243733, -6.7917104 ], [ 39.2246241, -6.7916205 ], [ 39.2248825, -6.7915557 ], [ 39.225146, -6.7915165 ], [ 39.2254121, -6.7915033 ], [ 39.2255949, -6.7915122 ], [ 39.2256653, -6.7913151 ], [ 39.2257791, -6.7910742 ], [ 39.225916, -6.7908458 ], [ 39.2260746, -6.7906318 ], [ 39.2262535, -6.7904344 ], [ 39.2264508, -6.7902554 ], [ 39.2266647, -6.7900967 ], [ 39.2268932, -6.7899597 ], [ 39.227134, -6.7898457 ], [ 39.2273848, -6.7897558 ], [ 39.2276432, -6.789691 ], [ 39.2279067, -6.7896518 ], [ 39.2281728, -6.7896386 ], [ 39.2284389, -6.7896516 ], [ 39.2287025, -6.7896905 ], [ 39.228961, -6.7897551 ], [ 39.2292119, -6.7898447 ], [ 39.2294528, -6.7899584 ], [ 39.2296814, -6.7900953 ], [ 39.2296969, -6.7901068 ], [ 39.2297465, -6.7901141 ], [ 39.230005, -6.7901787 ], [ 39.2302559, -6.7902683 ], [ 39.2304968, -6.790382 ], [ 39.2307254, -6.7905188 ], [ 39.2309394, -6.7906774 ], [ 39.2311369, -6.7908561 ], [ 39.2313159, -6.7910534 ], [ 39.2314547, -6.7912402 ], [ 39.2314696, -6.7912439 ], [ 39.2317205, -6.7913335 ], [ 39.2319614, -6.7914472 ], [ 39.23219, -6.791584 ], [ 39.232404, -6.7917426 ], [ 39.2326015, -6.7919213 ], [ 39.2327805, -6.7921186 ], [ 39.2329394, -6.7923324 ], [ 39.2330764, -6.7925608 ], [ 39.2330936, -6.792597 ], [ 39.2333459, -6.7925595 ], [ 39.233612, -6.7925463 ], [ 39.2338781, -6.7925592 ], [ 39.234126, -6.7925959 ], [ 39.2343452, -6.7925173 ], [ 39.2346037, -6.7924525 ], [ 39.2348672, -6.7924133 ], [ 39.2351333, -6.7924001 ], [ 39.2353994, -6.792413 ], [ 39.235663, -6.792452 ], [ 39.2359214, -6.7925166 ], [ 39.2361723, -6.7926062 ], [ 39.2364132, -6.7927199 ], [ 39.2364169, -6.7927221 ], [ 39.2365875, -6.7927473 ], [ 39.2366059, -6.7927519 ], [ 39.2367954, -6.7926383 ], [ 39.2368847, -6.792596 ], [ 39.2368735, -6.7923702 ], [ 39.2368864, -6.7921042 ], [ 39.2369254, -6.7918408 ], [ 39.23699, -6.7915824 ], [ 39.2370796, -6.7913316 ], [ 39.2371934, -6.7910908 ], [ 39.2373303, -6.7908623 ], [ 39.2374889, -6.7906483 ], [ 39.2376677, -6.7904509 ], [ 39.2377067, -6.7904156 ], [ 39.237597, -6.7903764 ], [ 39.2374887, -6.7905573 ], [ 39.2373301, -6.7907713 ], [ 39.2371513, -6.7909687 ], [ 39.2369539, -6.7911476 ], [ 39.23674, -6.7913064 ], [ 39.2365116, -6.7914434 ], [ 39.2362708, -6.7915574 ], [ 39.23602, -6.7916473 ], [ 39.2357615, -6.7917121 ], [ 39.235498, -6.7917513 ], [ 39.2352319, -6.7917645 ], [ 39.235027, -6.7917545 ], [ 39.2348081, -6.7917871 ], [ 39.234542, -6.7918003 ], [ 39.2342759, -6.7917874 ], [ 39.2340123, -6.7917484 ], [ 39.2337539, -6.7916838 ], [ 39.233503, -6.7915942 ], [ 39.2332621, -6.7914805 ], [ 39.2330335, -6.7913437 ], [ 39.2328194, -6.7911851 ], [ 39.2326219, -6.7910064 ], [ 39.2324429, -6.7908091 ], [ 39.2322841, -6.7905953 ], [ 39.232147, -6.7903669 ], [ 39.2320329, -6.7901262 ], [ 39.2319431, -6.7898755 ], [ 39.2318782, -6.7896172 ], [ 39.231839, -6.7893538 ], [ 39.2318258, -6.7890878 ], [ 39.2318387, -6.7888218 ], [ 39.2318777, -6.7885583 ], [ 39.2319423, -6.7883 ], [ 39.232032, -6.7880492 ], [ 39.2321457, -6.7878084 ], [ 39.2322826, -6.7875799 ], [ 39.2324412, -6.7873659 ], [ 39.23262, -6.7871685 ], [ 39.2328174, -6.7869895 ], [ 39.2330313, -6.7868308 ], [ 39.2332597, -6.7866938 ], [ 39.2335005, -6.7865798 ], [ 39.2337513, -6.7864899 ], [ 39.2340098, -6.7864251 ], [ 39.2342733, -6.7863859 ], [ 39.2345394, -6.7863727 ], [ 39.2347443, -6.7863827 ], [ 39.2349632, -6.7863501 ], [ 39.2352293, -6.7863369 ], [ 39.2354954, -6.7863498 ], [ 39.235759, -6.7863888 ], [ 39.2360174, -6.7864534 ], [ 39.2361765, -6.7865102 ], [ 39.2362848, -6.7863293 ], [ 39.2364434, -6.7861153 ], [ 39.2366222, -6.7859179 ], [ 39.2368196, -6.785739 ], [ 39.2370335, -6.7855802 ], [ 39.2372619, -6.7854432 ], [ 39.2375027, -6.7853292 ], [ 39.2377535, -6.7852394 ], [ 39.2380119, -6.7851745 ], [ 39.2382755, -6.7851353 ], [ 39.2385416, -6.7851221 ], [ 39.2388077, -6.785135 ], [ 39.2390712, -6.785174 ], [ 39.2393297, -6.7852386 ], [ 39.2395806, -6.7853282 ], [ 39.2398215, -6.7854419 ], [ 39.2400501, -6.7855787 ], [ 39.2402642, -6.7857373 ], [ 39.2404617, -6.785916 ], [ 39.2406407, -6.7861133 ], [ 39.2407995, -6.7863271 ], [ 39.2409366, -6.7865554 ], [ 39.2410506, -6.7867961 ], [ 39.2411166, -6.7869801 ], [ 39.2411392, -6.7869858 ], [ 39.2413901, -6.7870754 ], [ 39.2414353, -6.7870967 ], [ 39.2416429, -6.7870446 ], [ 39.2419064, -6.7870054 ], [ 39.2421725, -6.7869922 ], [ 39.2424387, -6.7870051 ], [ 39.2427022, -6.7870441 ], [ 39.2429607, -6.7871087 ], [ 39.2432116, -6.7871983 ], [ 39.2434525, -6.787312 ], [ 39.2436811, -6.7874488 ], [ 39.2438952, -6.7876073 ], [ 39.2440927, -6.7877861 ], [ 39.2441738, -6.7878755 ], [ 39.2441993, -6.7878875 ], [ 39.2444059, -6.7880112 ], [ 39.2446041, -6.7880607 ], [ 39.244855, -6.7881503 ], [ 39.2450959, -6.788264 ], [ 39.2453245, -6.7884008 ], [ 39.2455386, -6.7885593 ], [ 39.2457361, -6.7887381 ], [ 39.2458146, -6.7888246 ], [ 39.2458887, -6.7887895 ], [ 39.2461395, -6.7886997 ], [ 39.2463979, -6.7886348 ], [ 39.2466614, -6.7885956 ], [ 39.2469275, -6.7885824 ], [ 39.2471936, -6.7885953 ], [ 39.2474572, -6.7886343 ], [ 39.2477157, -6.7886989 ], [ 39.2479666, -6.7887885 ], [ 39.2482075, -6.7889022 ], [ 39.2484361, -6.789039 ], [ 39.2486502, -6.7891975 ], [ 39.2488477, -6.7893763 ], [ 39.2490267, -6.7895735 ], [ 39.2491675, -6.7897631 ], [ 39.2491768, -6.7897626 ], [ 39.2494429, -6.7897755 ], [ 39.2497065, -6.7898145 ], [ 39.249965, -6.7898791 ], [ 39.2502159, -6.7899687 ], [ 39.2502637, -6.7899912 ], [ 39.2503007, -6.7899637 ], [ 39.2505292, -6.7898267 ], [ 39.2507699, -6.7897127 ], [ 39.2510208, -6.7896229 ], [ 39.2512792, -6.789558 ], [ 39.2515427, -6.7895188 ], [ 39.2518088, -6.7895056 ], [ 39.2520749, -6.7895185 ], [ 39.2522098, -6.7895385 ], [ 39.2522209, -6.7895263 ], [ 39.2524182, -6.7893473 ], [ 39.2526321, -6.7891886 ], [ 39.2528605, -6.7890515 ], [ 39.2531013, -6.7889375 ], [ 39.2533521, -6.7888477 ], [ 39.2535342, -6.788802 ], [ 39.253542, -6.7886422 ], [ 39.2533426, -6.7884945 ], [ 39.2531451, -6.7883157 ], [ 39.2529661, -6.7881185 ], [ 39.2528072, -6.7879047 ], [ 39.2526701, -6.7876763 ], [ 39.2525561, -6.7874356 ], [ 39.2524662, -6.7871849 ], [ 39.2524013, -6.7869266 ], [ 39.2523621, -6.7866632 ], [ 39.2523489, -6.7863972 ], [ 39.2523618, -6.7861312 ], [ 39.2524008, -6.7858678 ], [ 39.2524654, -6.7856094 ], [ 39.252555, -6.7853586 ], [ 39.2526688, -6.7851178 ], [ 39.2528057, -6.7848893 ], [ 39.2529643, -6.7846753 ], [ 39.2531431, -6.7844779 ], [ 39.2533404, -6.7842989 ], [ 39.2535543, -6.7841402 ], [ 39.2537828, -6.7840031 ], [ 39.2540235, -6.7838891 ], [ 39.2542743, -6.7837993 ], [ 39.2545328, -6.7837344 ], [ 39.2547469, -6.7837026 ], [ 39.2546989, -6.7835114 ], [ 39.2546596, -6.783248 ], [ 39.2546591, -6.7832373 ], [ 39.2546574, -6.7832261 ], [ 39.2546442, -6.7829601 ], [ 39.2546446, -6.782952 ], [ 39.254644, -6.78294 ], [ 39.254657, -6.782674 ], [ 39.2546959, -6.7824106 ], [ 39.2547605, -6.7821522 ], [ 39.2548501, -6.7819014 ], [ 39.2549639, -6.7816606 ], [ 39.2551008, -6.7814321 ], [ 39.2552594, -6.7812181 ], [ 39.2554382, -6.7810207 ], [ 39.2556355, -6.7808417 ], [ 39.2558494, -6.780683 ], [ 39.2560779, -6.7805459 ], [ 39.2563186, -6.7804319 ], [ 39.2565694, -6.7803421 ], [ 39.2568278, -6.7802772 ], [ 39.2570914, -6.780238 ], [ 39.2573575, -6.7802248 ], [ 39.2576236, -6.7802377 ], [ 39.2578871, -6.7802767 ], [ 39.2581456, -6.7803412 ], [ 39.2583965, -6.7804308 ], [ 39.2586374, -6.7805446 ], [ 39.258866, -6.7806814 ], [ 39.2590801, -6.7808399 ], [ 39.2590857, -6.7808449 ], [ 39.2593285, -6.7808567 ], [ 39.259592, -6.7808957 ], [ 39.2598505, -6.7809602 ], [ 39.2601014, -6.7810498 ], [ 39.2603423, -6.7811636 ], [ 39.2605709, -6.7813004 ], [ 39.260785, -6.7814589 ], [ 39.2609825, -6.7816376 ], [ 39.2611615, -6.7818349 ], [ 39.2613203, -6.7820487 ], [ 39.2614574, -6.782277 ], [ 39.2615715, -6.7825177 ], [ 39.2616613, -6.7827684 ], [ 39.2617262, -6.7830267 ], [ 39.2617655, -6.7832902 ], [ 39.2617787, -6.7835561 ], [ 39.2617657, -6.7838221 ], [ 39.2617268, -6.7840856 ], [ 39.2616622, -6.784344 ], [ 39.2615726, -6.7845948 ], [ 39.2614588, -6.7848356 ], [ 39.2613219, -6.7850641 ], [ 39.2611634, -6.7852781 ], [ 39.2609845, -6.7854755 ], [ 39.2607872, -6.7856545 ], [ 39.2605733, -6.7858132 ], [ 39.2603449, -6.7859503 ], [ 39.2601041, -6.7860643 ], [ 39.2598533, -6.7861541 ], [ 39.2595949, -6.786219 ], [ 39.2593313, -6.7862582 ], [ 39.2590653, -6.7862714 ], [ 39.2590241, -6.7862694 ], [ 39.259034, -6.7862827 ], [ 39.259171, -6.7865111 ], [ 39.2592851, -6.7867517 ], [ 39.2593369, -6.7868961 ], [ 39.2593914, -6.7869097 ], [ 39.2596423, -6.7869993 ], [ 39.2598832, -6.7871131 ], [ 39.2601118, -6.7872499 ], [ 39.2603259, -6.7874084 ], [ 39.2605234, -6.7875871 ], [ 39.2606282, -6.7877026 ], [ 39.2606771, -6.7877049 ], [ 39.2609406, -6.7877439 ], [ 39.2611991, -6.7878084 ], [ 39.26145, -6.787898 ], [ 39.2616909, -6.7880118 ], [ 39.2619195, -6.7881486 ], [ 39.2621336, -6.7883071 ], [ 39.2623311, -6.7884858 ], [ 39.2625101, -6.7886831 ], [ 39.2625457, -6.7887309 ], [ 39.2625932, -6.7887534 ], [ 39.2628218, -6.7888902 ], [ 39.2630359, -6.7890487 ], [ 39.2632334, -6.7892274 ], [ 39.2634124, -6.7894247 ], [ 39.2635713, -6.7896385 ], [ 39.2637083, -6.7898668 ], [ 39.2638224, -6.7901075 ], [ 39.2639123, -6.7903582 ], [ 39.2639772, -6.7906165 ], [ 39.2640164, -6.7908799 ], [ 39.2640296, -6.7911459 ], [ 39.2640167, -6.7914119 ], [ 39.2639829, -6.7916407 ], [ 39.264058, -6.7916857 ], [ 39.2642721, -6.7918442 ], [ 39.2644696, -6.7920229 ], [ 39.2645754, -6.7921395 ], [ 39.2646885, -6.7920146 ], [ 39.2648858, -6.7918357 ], [ 39.2650997, -6.7916769 ], [ 39.2652509, -6.7915862 ], [ 39.265254, -6.791582 ], [ 39.2654328, -6.7913846 ], [ 39.2656292, -6.7912065 ], [ 39.2656397, -6.7909896 ], [ 39.2656787, -6.7907261 ], [ 39.2657433, -6.7904678 ], [ 39.2658329, -6.790217 ], [ 39.2659467, -6.7899762 ], [ 39.2660835, -6.7897476 ], [ 39.2662421, -6.7895337 ], [ 39.2664209, -6.7893362 ], [ 39.2666182, -6.7891573 ], [ 39.2668321, -6.7889985 ], [ 39.2670606, -6.7888615 ], [ 39.2673014, -6.7887475 ], [ 39.2675522, -6.7886576 ], [ 39.2678106, -6.7885928 ], [ 39.2680741, -6.7885535 ], [ 39.2683402, -6.7885403 ], [ 39.2686063, -6.7885532 ], [ 39.2688699, -6.7885922 ], [ 39.2691284, -6.7886567 ], [ 39.2693793, -6.7887463 ], [ 39.2696202, -6.78886 ], [ 39.2698488, -6.7889968 ], [ 39.2700629, -6.7891554 ], [ 39.2702604, -6.7893341 ], [ 39.2704394, -6.7895313 ], [ 39.2705982, -6.7897451 ], [ 39.2707353, -6.7899735 ], [ 39.2708494, -6.7902142 ], [ 39.2709393, -6.7904649 ], [ 39.2710042, -6.7907232 ], [ 39.2710434, -6.7909866 ], [ 39.2710566, -6.7912526 ], [ 39.2710437, -6.7915186 ], [ 39.2710047, -6.7917821 ], [ 39.2709402, -6.7920404 ], [ 39.2708505, -6.7922912 ], [ 39.2707368, -6.792532 ], [ 39.2705999, -6.7927605 ], [ 39.2704413, -6.7929745 ], [ 39.2702625, -6.793172 ], [ 39.2700661, -6.7933501 ], [ 39.2700556, -6.793567 ], [ 39.2700167, -6.7938305 ], [ 39.2699521, -6.7940888 ], [ 39.2698624, -6.7943396 ], [ 39.2697487, -6.7945804 ], [ 39.2696118, -6.7948089 ], [ 39.2695413, -6.794904 ], [ 39.2695462, -6.7949069 ], [ 39.2697603, -6.7950655 ], [ 39.2699578, -6.7952442 ], [ 39.2701349, -6.7954394 ], [ 39.2702397, -6.795502 ], [ 39.2704538, -6.7956606 ], [ 39.2706513, -6.7958393 ], [ 39.2708303, -6.7960365 ], [ 39.2709892, -6.7962503 ], [ 39.2711263, -6.7964787 ], [ 39.2712403, -6.7967194 ], [ 39.2713302, -6.7969701 ], [ 39.2713951, -6.7972284 ], [ 39.2714343, -6.7974918 ], [ 39.2714476, -6.7977578 ], [ 39.2714346, -6.7980238 ], [ 39.2713957, -6.7982872 ], [ 39.2713943, -6.7982926 ], [ 39.2714524, -6.7985237 ], [ 39.2714916, -6.7987871 ], [ 39.2715049, -6.7990531 ], [ 39.2714919, -6.7993191 ], [ 39.2714665, -6.7994909 ], [ 39.2714725, -6.7996101 ], [ 39.2714595, -6.7998761 ], [ 39.2714206, -6.8001395 ], [ 39.271356, -6.8003979 ], [ 39.2712664, -6.8006487 ], [ 39.2711526, -6.8008895 ], [ 39.2710158, -6.801118 ], [ 39.2708572, -6.801332 ], [ 39.2706783, -6.8015295 ], [ 39.2706154, -6.8015865 ], [ 39.270591, -6.8016382 ], [ 39.2704542, -6.8018667 ], [ 39.2702956, -6.8020807 ], [ 39.2701167, -6.8022782 ], [ 39.2699194, -6.8024571 ], [ 39.2698884, -6.8024801 ], [ 39.2698096, -6.8026118 ], [ 39.269651, -6.8028258 ], [ 39.2694721, -6.8030233 ], [ 39.269414, -6.803076 ], [ 39.2694045, -6.8032726 ], [ 39.2693655, -6.8035361 ], [ 39.2693009, -6.8037944 ], [ 39.2692113, -6.8040452 ], [ 39.2690975, -6.804286 ], [ 39.2689607, -6.8045145 ], [ 39.2688021, -6.8047285 ], [ 39.2686553, -6.8048906 ], [ 39.2686432, -6.8049069 ], [ 39.2684643, -6.8051044 ], [ 39.268267, -6.8052833 ], [ 39.2680531, -6.8054421 ], [ 39.2678247, -6.8055791 ], [ 39.2675839, -6.8056931 ], [ 39.2673331, -6.805783 ], [ 39.2670746, -6.8058478 ], [ 39.2668111, -6.8058871 ], [ 39.266545, -6.8059003 ], [ 39.2662789, -6.8058874 ], [ 39.2660153, -6.8058484 ], [ 39.2657568, -6.8057839 ], [ 39.265672, -6.8057536 ], [ 39.2654361, -6.8057653 ], [ 39.26517, -6.8057524 ], [ 39.2649064, -6.8057134 ], [ 39.2646663, -6.8056535 ], [ 39.2645211, -6.8056751 ], [ 39.264255, -6.8056883 ], [ 39.2639889, -6.8056754 ], [ 39.2637253, -6.8056364 ], [ 39.2636618, -6.8056206 ], [ 39.2635531, -6.8057405 ], [ 39.2633558, -6.8059194 ], [ 39.2631419, -6.8060782 ], [ 39.2629134, -6.8062152 ], [ 39.2626726, -6.8063292 ], [ 39.2624218, -6.8064191 ], [ 39.2621634, -6.806484 ], [ 39.2618999, -6.8065232 ], [ 39.2616338, -6.8065364 ], [ 39.2613676, -6.8065235 ], [ 39.2611041, -6.8064845 ], [ 39.2608456, -6.80642 ], [ 39.2605947, -6.8063304 ], [ 39.2603538, -6.8062166 ], [ 39.2601251, -6.8060798 ], [ 39.2599111, -6.8059213 ], [ 39.2597135, -6.8057426 ], [ 39.2595345, -6.8055453 ], [ 39.2593757, -6.8053315 ], [ 39.2592386, -6.8051032 ], [ 39.2591245, -6.8048625 ], [ 39.2590346, -6.8046118 ], [ 39.2589698, -6.8043535 ], [ 39.2589305, -6.8040901 ], [ 39.2589173, -6.8038241 ], [ 39.2589302, -6.8035581 ], [ 39.2589692, -6.8032946 ], [ 39.2590338, -6.8030362 ], [ 39.2591234, -6.8027854 ], [ 39.2592372, -6.8025446 ], [ 39.2593741, -6.8023161 ], [ 39.2595327, -6.8021021 ], [ 39.2597115, -6.8019047 ], [ 39.2599088, -6.8017257 ], [ 39.2601227, -6.801567 ], [ 39.2603512, -6.8014299 ], [ 39.260592, -6.801316 ], [ 39.2608428, -6.8012261 ], [ 39.2611012, -6.8011612 ], [ 39.2613647, -6.801122 ], [ 39.2616308, -6.8011088 ], [ 39.261897, -6.8011217 ], [ 39.2621605, -6.8011607 ], [ 39.262224, -6.8011765 ], [ 39.2622897, -6.801104 ], [ 39.2623774, -6.8008586 ], [ 39.2624663, -6.8006706 ], [ 39.2624893, -6.8005787 ], [ 39.2623448, -6.8004922 ], [ 39.2621307, -6.8003337 ], [ 39.2619332, -6.800155 ], [ 39.2617541, -6.7999577 ], [ 39.2616181, -6.7997745 ], [ 39.2615077, -6.799791 ], [ 39.2612416, -6.7998042 ], [ 39.2609754, -6.7997913 ], [ 39.2607119, -6.7997523 ], [ 39.2605171, -6.7997037 ], [ 39.2605114, -6.7997028 ], [ 39.2602529, -6.7996383 ], [ 39.260002, -6.7995487 ], [ 39.2597611, -6.7994349 ], [ 39.2595325, -6.7992981 ], [ 39.2593184, -6.7991396 ], [ 39.2591209, -6.7989609 ], [ 39.2591201, -6.79896 ], [ 39.2590804, -6.7989241 ], [ 39.2589013, -6.7987268 ], [ 39.2587425, -6.798513 ], [ 39.2586054, -6.7982847 ], [ 39.2585745, -6.7982195 ], [ 39.2585739, -6.7982194 ], [ 39.258323, -6.7981298 ], [ 39.2582814, -6.7981101 ], [ 39.2582181, -6.7981071 ], [ 39.2579546, -6.7980681 ], [ 39.2576961, -6.7980035 ], [ 39.2574452, -6.797914 ], [ 39.2574052, -6.7978951 ], [ 39.2573927, -6.7979011 ], [ 39.2571419, -6.7979909 ], [ 39.2570858, -6.798005 ], [ 39.2569703, -6.7980597 ], [ 39.2567195, -6.7981495 ], [ 39.2564747, -6.7982109 ], [ 39.2564711, -6.7982852 ], [ 39.2564322, -6.7985486 ], [ 39.2563676, -6.798807 ], [ 39.2562779, -6.7990578 ], [ 39.2561642, -6.7992986 ], [ 39.2560273, -6.7995271 ], [ 39.2558687, -6.7997411 ], [ 39.2556899, -6.7999385 ], [ 39.2554926, -6.8001175 ], [ 39.2552786, -6.8002762 ], [ 39.2550502, -6.8004133 ], [ 39.2548094, -6.8005273 ], [ 39.2545586, -6.8006171 ], [ 39.2543002, -6.800682 ], [ 39.2540366, -6.8007212 ], [ 39.2537705, -6.8007344 ], [ 39.2536975, -6.8007308 ], [ 39.2537866, -6.8008115 ], [ 39.2539656, -6.8010087 ], [ 39.2541244, -6.8012225 ], [ 39.2542615, -6.8014509 ], [ 39.2543756, -6.8016916 ], [ 39.2544655, -6.8019423 ], [ 39.2545303, -6.8022006 ], [ 39.2545696, -6.802464 ], [ 39.2545828, -6.80273 ], [ 39.2545699, -6.802996 ], [ 39.2545309, -6.8032594 ], [ 39.2544663, -6.8035178 ], [ 39.2543767, -6.8037686 ], [ 39.2542629, -6.8040094 ], [ 39.254126, -6.8042379 ], [ 39.2539674, -6.8044519 ], [ 39.2537886, -6.8046493 ], [ 39.2535913, -6.8048283 ], [ 39.2534604, -6.8049254 ], [ 39.2535268, -6.8049352 ], [ 39.2537853, -6.8049998 ], [ 39.2540362, -6.8050893 ], [ 39.2542771, -6.8052031 ], [ 39.2545057, -6.8053399 ], [ 39.2547198, -6.8054984 ], [ 39.2549173, -6.8056772 ], [ 39.2550963, -6.8058744 ], [ 39.2551132, -6.8058971 ], [ 39.2551913, -6.8058855 ], [ 39.2554574, -6.8058723 ], [ 39.2557235, -6.8058852 ], [ 39.2559871, -6.8059242 ], [ 39.2562456, -6.8059888 ], [ 39.2564965, -6.8060783 ], [ 39.2567374, -6.8061921 ], [ 39.256966, -6.8063289 ], [ 39.2571801, -6.8064874 ], [ 39.2573776, -6.8066661 ], [ 39.2575566, -6.8068634 ], [ 39.2575823, -6.8068979 ], [ 39.2576057, -6.8068805 ], [ 39.2578342, -6.8067434 ], [ 39.258075, -6.8066294 ], [ 39.2583258, -6.8065396 ], [ 39.2585842, -6.8064747 ], [ 39.2588477, -6.8064355 ], [ 39.2591138, -6.8064223 ], [ 39.25938, -6.8064352 ], [ 39.2596435, -6.8064742 ], [ 39.259902, -6.8065387 ], [ 39.2601529, -6.8066283 ], [ 39.2603939, -6.8067421 ], [ 39.2606225, -6.8068789 ], [ 39.2608366, -6.8070374 ], [ 39.2608862, -6.8070823 ], [ 39.2610318, -6.8070751 ], [ 39.261298, -6.807088 ], [ 39.2615615, -6.807127 ], [ 39.26182, -6.8071915 ], [ 39.2620709, -6.8072811 ], [ 39.2623119, -6.8073949 ], [ 39.2625405, -6.8075317 ], [ 39.2627546, -6.8076902 ], [ 39.2629521, -6.8078689 ], [ 39.2630951, -6.8080265 ], [ 39.2630979, -6.8080282 ], [ 39.263184, -6.808092 ], [ 39.2633509, -6.8081708 ], [ 39.2635796, -6.8083076 ], [ 39.2637936, -6.8084661 ], [ 39.263859, -6.8085252 ], [ 39.2639607, -6.8085506 ], [ 39.2642116, -6.8086402 ], [ 39.2644525, -6.808754 ], [ 39.2646812, -6.8088907 ], [ 39.2648952, -6.8090493 ], [ 39.2650928, -6.809228 ], [ 39.2652718, -6.8094252 ], [ 39.2654306, -6.8096391 ], [ 39.2655677, -6.8098674 ], [ 39.2656818, -6.8101081 ], [ 39.2657717, -6.8103588 ], [ 39.2658366, -6.8106171 ], [ 39.2658758, -6.8108805 ], [ 39.265889, -6.8111465 ], [ 39.2658761, -6.8114125 ], [ 39.265865, -6.8114877 ], [ 39.2658809, -6.811551 ], [ 39.2659201, -6.8118144 ], [ 39.2659333, -6.8120804 ], [ 39.2659204, -6.8123464 ], [ 39.2658815, -6.8126099 ], [ 39.2658169, -6.8128682 ], [ 39.2657272, -6.813119 ], [ 39.2656135, -6.8133599 ], [ 39.2654766, -6.8135884 ], [ 39.265318, -6.8138024 ], [ 39.2651392, -6.8139998 ], [ 39.2649876, -6.8141372 ], [ 39.2650109, -6.8142936 ], [ 39.2650241, -6.8145596 ], [ 39.2650112, -6.8148256 ], [ 39.2649723, -6.8150891 ], [ 39.2649077, -6.8153475 ], [ 39.264818, -6.8155983 ], [ 39.2647043, -6.8158391 ], [ 39.2645674, -6.8160676 ], [ 39.2644088, -6.8162816 ], [ 39.26423, -6.816479 ], [ 39.2640327, -6.8166579 ], [ 39.2638624, -6.8167843 ], [ 39.2640778, -6.8168381 ], [ 39.2643287, -6.8169277 ], [ 39.2645697, -6.8170415 ], [ 39.2647983, -6.8171782 ], [ 39.2650124, -6.8173368 ], [ 39.2652099, -6.8175155 ], [ 39.2653889, -6.8177127 ], [ 39.2655478, -6.8179266 ], [ 39.2656849, -6.8181549 ], [ 39.2657989, -6.8183956 ], [ 39.2658888, -6.8186463 ], [ 39.2659537, -6.8189046 ], [ 39.265993, -6.819168 ], [ 39.2660062, -6.819434 ], [ 39.2659932, -6.8197 ], [ 39.2659543, -6.8199635 ], [ 39.2659181, -6.8201081 ], [ 39.2660689, -6.8201154 ], [ 39.2663325, -6.8201544 ], [ 39.266591, -6.8202189 ], [ 39.2668419, -6.8203085 ], [ 39.2670829, -6.8204223 ], [ 39.2673115, -6.820559 ], [ 39.2675256, -6.8207176 ], [ 39.2677231, -6.8208963 ], [ 39.267742, -6.8209171 ], [ 39.2678219, -6.8208092 ], [ 39.2680008, -6.8206117 ], [ 39.2681981, -6.8204328 ], [ 39.268412, -6.820274 ], [ 39.2686405, -6.820137 ], [ 39.2688813, -6.820023 ], [ 39.2691321, -6.8199331 ], [ 39.2693905, -6.8198683 ], [ 39.2696541, -6.819829 ], [ 39.2699202, -6.8198158 ], [ 39.2701863, -6.8198287 ], [ 39.2704499, -6.8198677 ], [ 39.2707084, -6.8199322 ], [ 39.2709593, -6.8200218 ], [ 39.2712002, -6.8201355 ], [ 39.2714289, -6.8202723 ], [ 39.271643, -6.8204309 ], [ 39.2718405, -6.8206096 ], [ 39.2720195, -6.8208068 ], [ 39.2721784, -6.8210206 ], [ 39.2723155, -6.821249 ], [ 39.2724295, -6.8214897 ], [ 39.2725194, -6.8217404 ], [ 39.2725843, -6.8219987 ], [ 39.2725903, -6.8220387 ], [ 39.2726011, -6.822069 ], [ 39.272666, -6.8223273 ], [ 39.2727053, -6.8225907 ], [ 39.2727065, -6.8226155 ], [ 39.2727342, -6.8226929 ], [ 39.2727991, -6.8229512 ], [ 39.2728384, -6.8232146 ], [ 39.2728516, -6.8234806 ], [ 39.2728387, -6.8237466 ], [ 39.2727997, -6.82401 ], [ 39.2727351, -6.8242684 ], [ 39.2726455, -6.8245192 ], [ 39.2725317, -6.82476 ], [ 39.2723949, -6.8249885 ], [ 39.2722363, -6.8252025 ], [ 39.2720574, -6.8254 ], [ 39.2718601, -6.8255789 ], [ 39.2716462, -6.8257377 ], [ 39.2714177, -6.8258747 ], [ 39.2711769, -6.8259887 ], [ 39.2709261, -6.8260786 ], [ 39.2706677, -6.8261434 ], [ 39.2704041, -6.8261827 ], [ 39.270138, -6.8261959 ], [ 39.2698719, -6.826183 ], [ 39.2696083, -6.826144 ], [ 39.2693498, -6.8260795 ], [ 39.2690989, -6.8259899 ], [ 39.2688579, -6.8258762 ], [ 39.2686293, -6.8257394 ], [ 39.2684152, -6.8255808 ], [ 39.2682177, -6.8254021 ], [ 39.2680387, -6.8252049 ], [ 39.2678798, -6.8249911 ], [ 39.2677427, -6.8247627 ], [ 39.2677359, -6.8247484 ], [ 39.2677156, -6.8247914 ], [ 39.2675788, -6.8250199 ], [ 39.2674202, -6.8252339 ], [ 39.2672413, -6.8254314 ], [ 39.267044, -6.8256103 ], [ 39.2668301, -6.8257691 ], [ 39.2667161, -6.8258375 ], [ 39.2667697, -6.8258628 ], [ 39.2669983, -6.8259995 ], [ 39.2672124, -6.8261581 ], [ 39.2674099, -6.8263368 ], [ 39.267589, -6.826534 ], [ 39.2677478, -6.8267479 ], [ 39.2678849, -6.8269762 ], [ 39.267999, -6.8272169 ], [ 39.2680889, -6.8274676 ], [ 39.2681538, -6.8277259 ], [ 39.268193, -6.8279893 ], [ 39.2682062, -6.8282553 ], [ 39.2681933, -6.8285213 ], [ 39.2681544, -6.8287848 ], [ 39.2680898, -6.8290431 ], [ 39.2680001, -6.8292939 ], [ 39.2678863, -6.8295347 ], [ 39.2677495, -6.8297632 ], [ 39.2675909, -6.8299772 ], [ 39.267412, -6.8301747 ], [ 39.2672147, -6.8303536 ], [ 39.2670008, -6.8305124 ], [ 39.2667723, -6.8306494 ], [ 39.2665315, -6.8307634 ], [ 39.2662807, -6.8308533 ], [ 39.2660223, -6.8309181 ], [ 39.2657587, -6.8309574 ], [ 39.2654926, -6.8309706 ], [ 39.2652265, -6.8309577 ], [ 39.2649629, -6.8309187 ], [ 39.2647044, -6.8308542 ], [ 39.2644534, -6.8307646 ], [ 39.2642125, -6.8306508 ], [ 39.2639839, -6.8305141 ], [ 39.2637698, -6.8303555 ], [ 39.2635723, -6.8301768 ], [ 39.2633932, -6.8299796 ], [ 39.2632344, -6.8297657 ], [ 39.2630973, -6.8295374 ], [ 39.2629832, -6.8292967 ], [ 39.2628933, -6.829046 ], [ 39.2628284, -6.8287877 ], [ 39.2628015, -6.8286067 ], [ 39.2627853, -6.8286519 ], [ 39.2626715, -6.8288927 ], [ 39.2625347, -6.8291212 ], [ 39.26242, -6.8292759 ], [ 39.262549, -6.829418 ], [ 39.2627078, -6.8296318 ], [ 39.2628449, -6.8298601 ], [ 39.262959, -6.8301008 ], [ 39.2630489, -6.8303515 ], [ 39.2631138, -6.8306098 ], [ 39.263153, -6.8308732 ], [ 39.2631662, -6.8311392 ], [ 39.2631533, -6.8314052 ], [ 39.2631144, -6.8316687 ], [ 39.2630498, -6.8319271 ], [ 39.2629601, -6.8321779 ], [ 39.2628463, -6.8324187 ], [ 39.2627095, -6.8326472 ], [ 39.2625509, -6.8328612 ], [ 39.262372, -6.8330586 ], [ 39.2621747, -6.8332375 ], [ 39.2619608, -6.8333963 ], [ 39.2619522, -6.8334014 ], [ 39.2619473, -6.8334051 ], [ 39.261933, -6.8334137 ], [ 39.2619203, -6.8334231 ], [ 39.2616918, -6.8335601 ], [ 39.261676, -6.8335676 ], [ 39.2616728, -6.8335695 ], [ 39.2615099, -6.8336467 ], [ 39.2614926, -6.8336623 ], [ 39.2612787, -6.8338211 ], [ 39.2612577, -6.8338337 ], [ 39.2612488, -6.8338403 ], [ 39.2610203, -6.8339773 ], [ 39.2609794, -6.8339967 ], [ 39.260973, -6.8340005 ], [ 39.2607322, -6.8341145 ], [ 39.2604814, -6.8342044 ], [ 39.2602229, -6.8342692 ], [ 39.2599594, -6.8343085 ], [ 39.2596933, -6.8343217 ], [ 39.2594271, -6.8343088 ], [ 39.2591635, -6.8342698 ], [ 39.258905, -6.8342053 ], [ 39.2586541, -6.8341157 ], [ 39.2584132, -6.8340019 ], [ 39.2581846, -6.8338651 ], [ 39.2579705, -6.8337066 ], [ 39.2577729, -6.8335279 ], [ 39.2575939, -6.8333306 ], [ 39.2575832, -6.8333163 ], [ 39.2575792, -6.8333118 ], [ 39.2574203, -6.833098 ], [ 39.2572832, -6.8328697 ], [ 39.2572562, -6.8328126 ], [ 39.2571975, -6.8329107 ], [ 39.2570389, -6.8331247 ], [ 39.25686, -6.8333221 ], [ 39.2566627, -6.8335011 ], [ 39.2564488, -6.8336598 ], [ 39.2562203, -6.8337969 ], [ 39.2559795, -6.8339109 ], [ 39.2557286, -6.8340007 ], [ 39.2554702, -6.8340656 ], [ 39.2552067, -6.8341048 ], [ 39.2549405, -6.834118 ], [ 39.2546744, -6.8341051 ], [ 39.2544108, -6.8340661 ], [ 39.2541523, -6.8340015 ], [ 39.2539014, -6.833912 ], [ 39.2536605, -6.8337982 ], [ 39.2536096, -6.8337678 ], [ 39.2536614, -6.8338147 ], [ 39.2538404, -6.8340119 ], [ 39.2539993, -6.8342257 ], [ 39.2541364, -6.8344541 ], [ 39.2542504, -6.8346948 ], [ 39.2543403, -6.8349455 ], [ 39.2544052, -6.8352038 ], [ 39.2544445, -6.8354672 ], [ 39.2544577, -6.8357332 ], [ 39.2544447, -6.8359992 ], [ 39.2544058, -6.8362626 ], [ 39.2543412, -6.836521 ], [ 39.2542515, -6.8367718 ], [ 39.2541377, -6.8370126 ], [ 39.2540009, -6.8372411 ], [ 39.2538423, -6.8374551 ], [ 39.2536634, -6.8376525 ], [ 39.2534661, -6.8378315 ], [ 39.2532522, -6.8379902 ], [ 39.2530237, -6.8381273 ], [ 39.2527829, -6.8382413 ], [ 39.252532, -6.8383311 ], [ 39.2522736, -6.838396 ], [ 39.25201, -6.8384352 ], [ 39.2517439, -6.8384484 ], [ 39.2514778, -6.8384355 ], [ 39.2512142, -6.8383965 ], [ 39.2509557, -6.8383319 ], [ 39.2507048, -6.8382423 ], [ 39.2504638, -6.8381286 ], [ 39.2503534, -6.8380625 ], [ 39.2501527, -6.8381576 ], [ 39.2499018, -6.8382474 ], [ 39.2496434, -6.8383123 ], [ 39.2493798, -6.8383515 ], [ 39.2491137, -6.8383647 ], [ 39.2488476, -6.8383518 ], [ 39.248584, -6.8383128 ], [ 39.2483255, -6.8382482 ], [ 39.2480745, -6.8381586 ], [ 39.2478336, -6.8380449 ], [ 39.247605, -6.8379081 ], [ 39.2473909, -6.8377496 ], [ 39.2471934, -6.8375708 ], [ 39.2470143, -6.8373736 ], [ 39.2468555, -6.8371598 ], [ 39.2467184, -6.8369314 ], [ 39.2466043, -6.8366907 ], [ 39.2465144, -6.83644 ], [ 39.2464496, -6.8361817 ], [ 39.2464103, -6.8359183 ], [ 39.2463971, -6.8356523 ], [ 39.2464101, -6.8353863 ], [ 39.246449, -6.8351228 ], [ 39.2464996, -6.8349207 ], [ 39.2464368, -6.8348362 ], [ 39.2462997, -6.8346078 ], [ 39.2462355, -6.8344723 ], [ 39.2460817, -6.8343803 ], [ 39.2458676, -6.8342218 ], [ 39.2456701, -6.834043 ], [ 39.245491, -6.8338458 ], [ 39.2453322, -6.833632 ], [ 39.2451951, -6.8334036 ], [ 39.2450811, -6.8331629 ], [ 39.2449912, -6.8329122 ], [ 39.2449263, -6.8326539 ], [ 39.2448871, -6.8323905 ], [ 39.2448738, -6.8321245 ], [ 39.2448868, -6.8318585 ], [ 39.2449257, -6.831595 ], [ 39.2449904, -6.8313367 ], [ 39.24508, -6.8310859 ], [ 39.2451938, -6.8308451 ], [ 39.2453307, -6.8306166 ], [ 39.2454893, -6.8304026 ], [ 39.2456681, -6.8302051 ], [ 39.2458655, -6.8300262 ], [ 39.2460794, -6.8298674 ], [ 39.2463079, -6.8297304 ], [ 39.2465487, -6.8296164 ], [ 39.2467995, -6.8295266 ], [ 39.2470579, -6.8294617 ], [ 39.2473215, -6.8294225 ], [ 39.2475876, -6.8294093 ], [ 39.2478537, -6.8294222 ], [ 39.2481173, -6.8294612 ], [ 39.2483758, -6.8295258 ], [ 39.2486267, -6.8296154 ], [ 39.2488677, -6.8297291 ], [ 39.2490963, -6.8298659 ], [ 39.2493104, -6.8300244 ], [ 39.2495079, -6.8302032 ], [ 39.2496869, -6.8304004 ], [ 39.2498458, -6.8306142 ], [ 39.2499829, -6.8308426 ], [ 39.2500471, -6.8309781 ], [ 39.2502009, -6.8310701 ], [ 39.250415, -6.8312286 ], [ 39.2506125, -6.8314074 ], [ 39.2507025, -6.8315065 ], [ 39.2508987, -6.831516 ], [ 39.2511623, -6.831555 ], [ 39.2514208, -6.8316196 ], [ 39.2516717, -6.8317092 ], [ 39.2519127, -6.8318229 ], [ 39.2521413, -6.8319597 ], [ 39.2523149, -6.8320882 ], [ 39.2522764, -6.831935 ], [ 39.2522372, -6.8316716 ], [ 39.252224, -6.8314056 ], [ 39.2522369, -6.8311396 ], [ 39.2522758, -6.8308762 ], [ 39.2523405, -6.8306178 ], [ 39.2524301, -6.830367 ], [ 39.2525439, -6.8301262 ], [ 39.2526807, -6.8298977 ], [ 39.2528394, -6.8296837 ], [ 39.2530182, -6.8294863 ], [ 39.2532155, -6.8293073 ], [ 39.2534295, -6.8291486 ], [ 39.2535403, -6.8290821 ], [ 39.2535267, -6.829074 ], [ 39.2533126, -6.8289155 ], [ 39.2533037, -6.8289074 ], [ 39.2530612, -6.8289194 ], [ 39.2527951, -6.8289065 ], [ 39.2525315, -6.8288675 ], [ 39.252273, -6.8288029 ], [ 39.2520221, -6.8287134 ], [ 39.2517812, -6.8285996 ], [ 39.2515525, -6.8284628 ], [ 39.2513384, -6.8283043 ], [ 39.2511409, -6.8281255 ], [ 39.2509619, -6.8279283 ], [ 39.250803, -6.8277145 ], [ 39.2506659, -6.8274861 ], [ 39.2506542, -6.8274612 ], [ 39.2505104, -6.8272678 ], [ 39.2503733, -6.8270394 ], [ 39.2502593, -6.8267987 ], [ 39.2501694, -6.826548 ], [ 39.2501045, -6.8262897 ], [ 39.2500653, -6.8260263 ], [ 39.2500521, -6.8257603 ], [ 39.250065, -6.8254943 ], [ 39.250104, -6.8252309 ], [ 39.2501686, -6.8249725 ], [ 39.2502582, -6.8247217 ], [ 39.250372, -6.8244809 ], [ 39.2505089, -6.8242524 ], [ 39.2506675, -6.8240384 ], [ 39.2508463, -6.823841 ], [ 39.2510437, -6.823662 ], [ 39.2512576, -6.8235033 ], [ 39.2514861, -6.8233662 ], [ 39.2517269, -6.8232522 ], [ 39.2519777, -6.8231624 ], [ 39.2522361, -6.8230975 ], [ 39.2524997, -6.8230583 ], [ 39.2527658, -6.8230451 ], [ 39.2527868, -6.8230461 ], [ 39.2529269, -6.8229798 ], [ 39.2531777, -6.82289 ], [ 39.2534361, -6.8228251 ], [ 39.2536997, -6.8227859 ], [ 39.2539658, -6.8227727 ], [ 39.2542319, -6.8227856 ], [ 39.2544955, -6.8228246 ], [ 39.254754, -6.8228892 ], [ 39.2550049, -6.8229787 ], [ 39.2552458, -6.8230925 ], [ 39.2554744, -6.8232293 ], [ 39.2556885, -6.8233878 ], [ 39.2558861, -6.8235666 ], [ 39.2560651, -6.8237638 ], [ 39.2562239, -6.8239776 ], [ 39.256361, -6.824206 ], [ 39.2564751, -6.8244467 ], [ 39.2564967, -6.8245069 ], [ 39.2565139, -6.8245432 ], [ 39.2565412, -6.8245596 ], [ 39.2567553, -6.8247181 ], [ 39.2569529, -6.8248968 ], [ 39.2571319, -6.8250941 ], [ 39.2572907, -6.8253079 ], [ 39.2574278, -6.8255363 ], [ 39.2575419, -6.8257769 ], [ 39.2576318, -6.8260276 ], [ 39.2576967, -6.826286 ], [ 39.2577359, -6.8265494 ], [ 39.257741, -6.8266512 ], [ 39.2577673, -6.8265775 ], [ 39.2578811, -6.8263367 ], [ 39.2580179, -6.8261082 ], [ 39.2581766, -6.8258942 ], [ 39.2583554, -6.8256968 ], [ 39.2585527, -6.8255178 ], [ 39.2587666, -6.8253591 ], [ 39.2589951, -6.825222 ], [ 39.2592359, -6.8251081 ], [ 39.2594867, -6.8250182 ], [ 39.2597452, -6.8249533 ], [ 39.2600087, -6.8249141 ], [ 39.2602748, -6.8249009 ], [ 39.260541, -6.8249138 ], [ 39.2608046, -6.8249528 ], [ 39.2610631, -6.8250173 ], [ 39.261314, -6.8251069 ], [ 39.2615549, -6.8252207 ], [ 39.2617835, -6.8253575 ], [ 39.2619976, -6.825516 ], [ 39.2621951, -6.8256947 ], [ 39.2623742, -6.825892 ], [ 39.262533, -6.8261058 ], [ 39.2626701, -6.8263341 ], [ 39.2627842, -6.8265748 ], [ 39.2628741, -6.8268255 ], [ 39.262939, -6.8270838 ], [ 39.2629659, -6.8272649 ], [ 39.2629821, -6.8272197 ], [ 39.2630959, -6.8269788 ], [ 39.2632327, -6.8267503 ], [ 39.2633913, -6.8265363 ], [ 39.2635702, -6.8263389 ], [ 39.2637675, -6.82616 ], [ 39.2639814, -6.8260012 ], [ 39.2640954, -6.8259328 ], [ 39.2640418, -6.8259075 ], [ 39.2638132, -6.8257708 ], [ 39.2635991, -6.8256122 ], [ 39.2634016, -6.8254335 ], [ 39.2632225, -6.8252363 ], [ 39.2630637, -6.8250224 ], [ 39.2629266, -6.8247941 ], [ 39.2628125, -6.8245534 ], [ 39.2627226, -6.8243027 ], [ 39.2626578, -6.8240444 ], [ 39.2626185, -6.823781 ], [ 39.2626053, -6.823515 ], [ 39.2626182, -6.823249 ], [ 39.2626572, -6.8229855 ], [ 39.2627218, -6.8227272 ], [ 39.2628114, -6.8224764 ], [ 39.2629252, -6.8222355 ], [ 39.2629684, -6.8221634 ], [ 39.2628986, -6.8221531 ], [ 39.2628723, -6.8222582 ], [ 39.2627827, -6.822509 ], [ 39.2626689, -6.8227498 ], [ 39.262532, -6.8229783 ], [ 39.2623734, -6.8231923 ], [ 39.2621946, -6.8233897 ], [ 39.2619973, -6.8235686 ], [ 39.2617833, -6.8237274 ], [ 39.2615549, -6.8238644 ], [ 39.2613141, -6.8239784 ], [ 39.2610633, -6.8240683 ], [ 39.2608048, -6.8241332 ], [ 39.2605413, -6.8241724 ], [ 39.2602752, -6.8241856 ], [ 39.260009, -6.8241727 ], [ 39.2597454, -6.8241337 ], [ 39.2594869, -6.8240692 ], [ 39.2592742, -6.8239932 ], [ 39.2590954, -6.8240572 ], [ 39.258837, -6.8241221 ], [ 39.2585735, -6.8241613 ], [ 39.2583074, -6.8241745 ], [ 39.2580412, -6.8241616 ], [ 39.2577776, -6.8241226 ], [ 39.2575191, -6.824058 ], [ 39.2572682, -6.8239685 ], [ 39.2570273, -6.8238547 ], [ 39.2567987, -6.8237179 ], [ 39.2565846, -6.8235594 ], [ 39.2563871, -6.8233807 ], [ 39.256208, -6.8231834 ], [ 39.2560492, -6.8229696 ], [ 39.2559121, -6.8227412 ], [ 39.255798, -6.8225006 ], [ 39.2557081, -6.8222499 ], [ 39.2556433, -6.8219916 ], [ 39.255604, -6.8217281 ], [ 39.2555908, -6.8214621 ], [ 39.2556037, -6.8211961 ], [ 39.2556427, -6.8209327 ], [ 39.2557073, -6.8206743 ], [ 39.2557969, -6.8204235 ], [ 39.2559107, -6.8201827 ], [ 39.2560476, -6.8199542 ], [ 39.2562062, -6.8197402 ], [ 39.256385, -6.8195428 ], [ 39.2565823, -6.8193638 ], [ 39.2567963, -6.8192051 ], [ 39.2570247, -6.819068 ], [ 39.2572655, -6.818954 ], [ 39.2575164, -6.8188642 ], [ 39.2577748, -6.8187993 ], [ 39.2580383, -6.8187601 ], [ 39.2583044, -6.8187469 ], [ 39.2584705, -6.818755 ], [ 39.2585327, -6.8186985 ], [ 39.2587467, -6.8185398 ], [ 39.2589751, -6.8184027 ], [ 39.2592159, -6.8182888 ], [ 39.2594668, -6.8181989 ], [ 39.2597252, -6.818134 ], [ 39.2599887, -6.8180948 ], [ 39.2602548, -6.8180816 ], [ 39.260521, -6.8180945 ], [ 39.2607845, -6.8181335 ], [ 39.2608695, -6.8181547 ], [ 39.2609874, -6.8179579 ], [ 39.261146, -6.8177439 ], [ 39.2612133, -6.8176697 ], [ 39.2611164, -6.8176841 ], [ 39.2608503, -6.8176973 ], [ 39.2605841, -6.8176844 ], [ 39.2603206, -6.8176454 ], [ 39.2600621, -6.8175809 ], [ 39.2598111, -6.8174913 ], [ 39.2595702, -6.8173775 ], [ 39.2593416, -6.8172407 ], [ 39.2591275, -6.8170822 ], [ 39.25893, -6.8169035 ], [ 39.258751, -6.8167062 ], [ 39.2585921, -6.8164924 ], [ 39.258455, -6.8162641 ], [ 39.258341, -6.8160234 ], [ 39.2583193, -6.8159628 ], [ 39.2581122, -6.8158389 ], [ 39.2578981, -6.8156804 ], [ 39.2577017, -6.8155026 ], [ 39.2575657, -6.8155229 ], [ 39.2572995, -6.8155361 ], [ 39.2570334, -6.8155232 ], [ 39.2567698, -6.8154842 ], [ 39.2565113, -6.8154196 ], [ 39.2562604, -6.8153301 ], [ 39.2560195, -6.8152163 ], [ 39.2557909, -6.8150795 ], [ 39.2557354, -6.8150384 ], [ 39.2557098, -6.8150574 ], [ 39.2554813, -6.8151945 ], [ 39.2552405, -6.8153085 ], [ 39.2549897, -6.8153983 ], [ 39.2547313, -6.8154632 ], [ 39.2544677, -6.8155024 ], [ 39.2542053, -6.8155154 ], [ 39.254106, -6.8156494 ], [ 39.2539271, -6.8158468 ], [ 39.2539196, -6.8158537 ], [ 39.2540142, -6.8160535 ], [ 39.2541041, -6.8163042 ], [ 39.254169, -6.8165625 ], [ 39.2541769, -6.8166157 ], [ 39.2541771, -6.8166164 ], [ 39.2542164, -6.8168798 ], [ 39.2542296, -6.8171458 ], [ 39.2542166, -6.8174118 ], [ 39.2541777, -6.8176752 ], [ 39.2541131, -6.8179336 ], [ 39.2540234, -6.8181844 ], [ 39.2539096, -6.8184252 ], [ 39.2537728, -6.8186537 ], [ 39.2536142, -6.8188677 ], [ 39.2534353, -6.8190651 ], [ 39.253238, -6.8192441 ], [ 39.2530241, -6.8194028 ], [ 39.2527956, -6.8195399 ], [ 39.2525548, -6.8196539 ], [ 39.252304, -6.8197437 ], [ 39.2520456, -6.8198086 ], [ 39.251782, -6.8198478 ], [ 39.2515159, -6.819861 ], [ 39.2512498, -6.8198481 ], [ 39.2509862, -6.8198091 ], [ 39.2507277, -6.8197445 ], [ 39.2504768, -6.8196549 ], [ 39.2502359, -6.8195412 ], [ 39.2500073, -6.8194044 ], [ 39.2497932, -6.8192459 ], [ 39.249715, -6.8191751 ], [ 39.2496863, -6.81929 ], [ 39.2495966, -6.8195408 ], [ 39.2494828, -6.8197816 ], [ 39.249346, -6.8200101 ], [ 39.2491874, -6.8202241 ], [ 39.2490085, -6.8204215 ], [ 39.2488112, -6.8206005 ], [ 39.2485973, -6.8207593 ], [ 39.2483688, -6.8208963 ], [ 39.248128, -6.8210103 ], [ 39.2478772, -6.8211001 ], [ 39.2476188, -6.821165 ], [ 39.2473552, -6.8212042 ], [ 39.2470891, -6.8212174 ], [ 39.246823, -6.8212045 ], [ 39.2465594, -6.8211655 ], [ 39.2463009, -6.8211009 ], [ 39.24605, -6.8210113 ], [ 39.245809, -6.8208976 ], [ 39.2455804, -6.8207608 ], [ 39.2453663, -6.8206023 ], [ 39.2451688, -6.8204235 ], [ 39.2449898, -6.8202263 ], [ 39.244831, -6.8200124 ], [ 39.2446939, -6.8197841 ], [ 39.2445798, -6.8195434 ], [ 39.2444899, -6.8192927 ], [ 39.2444251, -6.8190344 ], [ 39.2443858, -6.818771 ], [ 39.2443726, -6.818505 ], [ 39.2443818, -6.8183162 ], [ 39.2443082, -6.8183272 ], [ 39.2440421, -6.8183404 ], [ 39.2439655, -6.8183367 ], [ 39.2438244, -6.8184414 ], [ 39.2436765, -6.8185301 ], [ 39.2435191, -6.8186469 ], [ 39.2432907, -6.8187839 ], [ 39.2430499, -6.8188979 ], [ 39.242799, -6.8189877 ], [ 39.2425406, -6.8190526 ], [ 39.2422771, -6.8190918 ], [ 39.242011, -6.819105 ], [ 39.2417448, -6.8190921 ], [ 39.2414812, -6.8190531 ], [ 39.2412228, -6.8189885 ], [ 39.2409718, -6.8188989 ], [ 39.2407309, -6.8187852 ], [ 39.2406633, -6.8187447 ], [ 39.2406505, -6.8187508 ], [ 39.2403996, -6.8188406 ], [ 39.2401412, -6.8189055 ], [ 39.2398777, -6.8189447 ], [ 39.2396115, -6.8189579 ], [ 39.2393454, -6.818945 ], [ 39.2390818, -6.818906 ], [ 39.2388233, -6.8188414 ], [ 39.2385724, -6.8187518 ], [ 39.2383315, -6.8186381 ], [ 39.2381029, -6.8185013 ], [ 39.2378888, -6.8183427 ], [ 39.2377005, -6.8181723 ], [ 39.2375795, -6.8181544 ], [ 39.237321, -6.8180898 ], [ 39.2370701, -6.8180002 ], [ 39.2368292, -6.8178865 ], [ 39.2366006, -6.8177497 ], [ 39.2363865, -6.8175911 ], [ 39.236189, -6.8174124 ], [ 39.23601, -6.8172151 ], [ 39.2358511, -6.8170013 ], [ 39.2357141, -6.8167729 ], [ 39.2356, -6.8165323 ], [ 39.2355101, -6.8162815 ], [ 39.2354453, -6.8160232 ], [ 39.235406, -6.8157598 ], [ 39.2353928, -6.8154938 ], [ 39.2354058, -6.8152278 ], [ 39.2354448, -6.8149644 ], [ 39.2355094, -6.814706 ], [ 39.2355761, -6.8145193 ], [ 39.2354759, -6.8145144 ], [ 39.2352123, -6.8144755 ], [ 39.2349538, -6.8144109 ], [ 39.2347029, -6.8143213 ], [ 39.234462, -6.8142076 ], [ 39.2342334, -6.8140708 ], [ 39.2340193, -6.8139122 ], [ 39.2338218, -6.8137335 ], [ 39.2336428, -6.8135362 ], [ 39.233484, -6.8133224 ], [ 39.2333469, -6.813094 ], [ 39.2332896, -6.8129731 ], [ 39.2331671, -6.8128623 ], [ 39.2329881, -6.812665 ], [ 39.2328293, -6.8124512 ], [ 39.2326922, -6.8122228 ], [ 39.2325781, -6.8119821 ], [ 39.2325264, -6.8118377 ], [ 39.232432, -6.8116386 ], [ 39.2323422, -6.8113879 ], [ 39.2322773, -6.8111296 ], [ 39.2322381, -6.8108662 ], [ 39.2322249, -6.8106002 ], [ 39.2322378, -6.8103342 ], [ 39.2322768, -6.8100708 ], [ 39.2323414, -6.8098124 ], [ 39.232431, -6.8095616 ], [ 39.2325448, -6.8093208 ], [ 39.2326817, -6.8090923 ], [ 39.2328403, -6.8088783 ], [ 39.2330192, -6.8086809 ], [ 39.2330388, -6.808663 ], [ 39.2329689, -6.8084679 ], [ 39.2328653, -6.8083912 ], [ 39.2326678, -6.8082125 ], [ 39.2324888, -6.8080152 ], [ 39.23233, -6.8078014 ], [ 39.2321929, -6.807573 ], [ 39.2320889, -6.8073534 ], [ 39.2320191, -6.8073569 ], [ 39.231753, -6.8073439 ], [ 39.2314894, -6.807305 ], [ 39.2312309, -6.8072404 ], [ 39.23098, -6.8071508 ], [ 39.2307391, -6.8070371 ], [ 39.2305105, -6.8069003 ], [ 39.2302964, -6.8067417 ], [ 39.2301558, -6.8066145 ], [ 39.2301142, -6.8065896 ], [ 39.2299001, -6.806431 ], [ 39.2297026, -6.8062523 ], [ 39.2295236, -6.806055 ], [ 39.2293648, -6.8058412 ], [ 39.2292277, -6.8056128 ], [ 39.2291137, -6.8053721 ], [ 39.2290238, -6.8051214 ], [ 39.2289589, -6.8048631 ], [ 39.2289197, -6.8045997 ], [ 39.2289065, -6.8043337 ], [ 39.2289194, -6.8040677 ], [ 39.2289584, -6.8038042 ], [ 39.229023, -6.8035459 ], [ 39.2291127, -6.8032951 ], [ 39.2291173, -6.8032853 ], [ 39.2291238, -6.8032672 ], [ 39.2292376, -6.8030264 ], [ 39.2293262, -6.8028784 ], [ 39.2291748, -6.8029009 ], [ 39.2289087, -6.8029141 ], [ 39.2286426, -6.8029011 ], [ 39.228379, -6.8028622 ], [ 39.2281205, -6.8027976 ], [ 39.2281028, -6.8027913 ], [ 39.2280575, -6.8028412 ], [ 39.2278602, -6.8030202 ], [ 39.2276462, -6.8031789 ], [ 39.2274178, -6.8033159 ], [ 39.227177, -6.8034299 ], [ 39.2269261, -6.8035198 ], [ 39.2266677, -6.8035846 ], [ 39.2264042, -6.8036238 ], [ 39.2262507, -6.8036314 ], [ 39.2261244, -6.8036631 ], [ 39.2258609, -6.8037023 ], [ 39.2255948, -6.8037155 ], [ 39.2253286, -6.8037025 ], [ 39.2250651, -6.8036636 ], [ 39.2248066, -6.803599 ], [ 39.2245557, -6.8035094 ], [ 39.2243148, -6.8033956 ], [ 39.2240862, -6.8032588 ], [ 39.2238721, -6.8031003 ], [ 39.2236746, -6.8029215 ], [ 39.2234956, -6.8027243 ], [ 39.2233368, -6.8025104 ], [ 39.2231997, -6.8022821 ], [ 39.2230857, -6.8020414 ], [ 39.2229958, -6.8017907 ], [ 39.2229309, -6.8015324 ], [ 39.2228917, -6.8012689 ], [ 39.2228785, -6.801003 ], [ 39.2228915, -6.800737 ], [ 39.2229304, -6.8004735 ], [ 39.2229951, -6.8002151 ], [ 39.2230847, -6.7999643 ], [ 39.2231985, -6.7997235 ], [ 39.2233354, -6.799495 ], [ 39.223494, -6.7992811 ], [ 39.223658, -6.7991001 ], [ 39.2236662, -6.7989315 ], [ 39.2236954, -6.7987338 ], [ 39.223604, -6.798651 ], [ 39.223425, -6.7984538 ], [ 39.2232662, -6.7982399 ], [ 39.2231291, -6.7980116 ], [ 39.2230151, -6.7977709 ], [ 39.2229252, -6.7975202 ], [ 39.2228604, -6.7972619 ], [ 39.2228211, -6.7969984 ], [ 39.2228079, -6.7967325 ], [ 39.2228209, -6.7964665 ], [ 39.2228599, -6.796203 ], [ 39.2229245, -6.7959446 ], [ 39.2230141, -6.7956938 ], [ 39.2230685, -6.7955789 ], [ 39.2230196, -6.7954975 ], [ 39.2229562, -6.7953637 ], [ 39.2228577, -6.7955723 ], [ 39.2227208, -6.7958008 ], [ 39.2225622, -6.7960148 ], [ 39.2223833, -6.7962122 ], [ 39.222339, -6.7962523 ], [ 39.2223214, -6.7962718 ], [ 39.2221241, -6.7964507 ], [ 39.2219102, -6.7966094 ], [ 39.2216817, -6.7967465 ], [ 39.2214409, -6.7968604 ], [ 39.2211901, -6.7969503 ], [ 39.2209317, -6.7970151 ], [ 39.2206681, -6.7970543 ], [ 39.220402, -6.7970675 ], [ 39.2201359, -6.7970545 ] ], [ [ 39.2259326, -6.8089476 ], [ 39.225868, -6.809206 ], [ 39.2257783, -6.8094568 ], [ 39.2256645, -6.8096976 ], [ 39.2255277, -6.8099261 ], [ 39.225369, -6.81014 ], [ 39.2251902, -6.8103374 ], [ 39.2249929, -6.8105164 ], [ 39.2247789, -6.8106751 ], [ 39.2245505, -6.8108122 ], [ 39.2243097, -6.8109261 ], [ 39.2240588, -6.811016 ], [ 39.2238004, -6.8110808 ], [ 39.2235369, -6.81112 ], [ 39.2232708, -6.8111332 ], [ 39.2230046, -6.8111202 ], [ 39.2227411, -6.8110813 ], [ 39.2224826, -6.8110167 ], [ 39.2222317, -6.8109271 ], [ 39.2219907, -6.8108133 ], [ 39.2217622, -6.8106765 ], [ 39.2215481, -6.810518 ], [ 39.2213506, -6.8103392 ], [ 39.2211715, -6.810142 ], [ 39.2210127, -6.8099281 ], [ 39.2208756, -6.8096998 ], [ 39.2207616, -6.8094591 ], [ 39.2206717, -6.8092084 ], [ 39.2206069, -6.8089501 ], [ 39.2205677, -6.8086866 ], [ 39.2205545, -6.8084206 ], [ 39.2205674, -6.8081546 ], [ 39.2206064, -6.8078912 ], [ 39.220671, -6.8076328 ], [ 39.2207607, -6.807382 ], [ 39.2208745, -6.8071412 ], [ 39.2210114, -6.8069127 ], [ 39.22117, -6.8066988 ], [ 39.2213488, -6.8065013 ], [ 39.2215461, -6.8063224 ], [ 39.2217601, -6.8061637 ], [ 39.2219885, -6.8060266 ], [ 39.2222294, -6.8059127 ], [ 39.2224802, -6.8058228 ], [ 39.2227386, -6.805758 ], [ 39.2230021, -6.8057188 ], [ 39.2232682, -6.8057056 ], [ 39.2235344, -6.8057186 ], [ 39.2237979, -6.8057575 ], [ 39.2240564, -6.8058221 ], [ 39.2243073, -6.8059117 ], [ 39.2245482, -6.8060255 ], [ 39.2247768, -6.8061623 ], [ 39.2249909, -6.8063208 ], [ 39.2251884, -6.8064996 ], [ 39.2253674, -6.8066968 ], [ 39.2255263, -6.8069107 ], [ 39.2256633, -6.807139 ], [ 39.2257774, -6.8073797 ], [ 39.2258672, -6.8076304 ], [ 39.2259321, -6.8078887 ], [ 39.2259713, -6.8081521 ], [ 39.2259845, -6.8084181 ], [ 39.2259716, -6.8086841 ], [ 39.2259326, -6.8089476 ] ], [ [ 39.2370508, -6.8464746 ], [ 39.2369862, -6.846733 ], [ 39.2368966, -6.8469838 ], [ 39.2367828, -6.8472246 ], [ 39.2366459, -6.8474531 ], [ 39.2364873, -6.8476671 ], [ 39.2363084, -6.8478645 ], [ 39.2361111, -6.8480434 ], [ 39.2358971, -6.8482022 ], [ 39.2356686, -6.8483392 ], [ 39.2354278, -6.8484532 ], [ 39.235177, -6.848543 ], [ 39.2349185, -6.8486079 ], [ 39.234655, -6.8486471 ], [ 39.2343888, -6.8486603 ], [ 39.2341227, -6.8486473 ], [ 39.2338591, -6.8486084 ], [ 39.2336006, -6.8485438 ], [ 39.2333496, -6.8484542 ], [ 39.2331087, -6.8483405 ], [ 39.2328801, -6.8482037 ], [ 39.232666, -6.8480451 ], [ 39.2324685, -6.8478664 ], [ 39.2322894, -6.8476691 ], [ 39.2321306, -6.8474553 ], [ 39.2319935, -6.8472269 ], [ 39.2318795, -6.8469862 ], [ 39.2317896, -6.8467355 ], [ 39.2317247, -6.8464772 ], [ 39.2316855, -6.8462138 ], [ 39.2316723, -6.8459478 ], [ 39.2316852, -6.8456818 ], [ 39.2317242, -6.8454184 ], [ 39.2317888, -6.84516 ], [ 39.2318785, -6.8449092 ], [ 39.2319923, -6.8446684 ], [ 39.2321291, -6.8444399 ], [ 39.2322878, -6.8442259 ], [ 39.2324666, -6.8440285 ], [ 39.232664, -6.8438496 ], [ 39.2328779, -6.8436908 ], [ 39.2331064, -6.8435538 ], [ 39.2333472, -6.8434398 ], [ 39.233598, -6.84335 ], [ 39.2338565, -6.8432851 ], [ 39.23412, -6.8432459 ], [ 39.2343862, -6.8432327 ], [ 39.2346523, -6.8432457 ], [ 39.2349159, -6.8432846 ], [ 39.2351744, -6.8433492 ], [ 39.2354253, -6.8434388 ], [ 39.2356663, -6.8435525 ], [ 39.2358949, -6.8436893 ], [ 39.236109, -6.8438479 ], [ 39.2363065, -6.8440266 ], [ 39.2364856, -6.8442239 ], [ 39.2366444, -6.8444377 ], [ 39.2367815, -6.8446661 ], [ 39.2368955, -6.8449068 ], [ 39.2369854, -6.8451575 ], [ 39.2370503, -6.8454158 ], [ 39.2370895, -6.8456792 ], [ 39.2371027, -6.8459452 ], [ 39.2370898, -6.8462112 ], [ 39.2370508, -6.8464746 ] ], [ [ 39.2386402, -6.8231729 ], [ 39.2385756, -6.8234313 ], [ 39.2384859, -6.8236821 ], [ 39.2383721, -6.8239229 ], [ 39.2382353, -6.8241514 ], [ 39.2380767, -6.8243654 ], [ 39.2378978, -6.8245628 ], [ 39.2377005, -6.8247417 ], [ 39.2374865, -6.8249005 ], [ 39.2372581, -6.8250375 ], [ 39.2370173, -6.8251515 ], [ 39.2367664, -6.8252413 ], [ 39.236508, -6.8253062 ], [ 39.2362445, -6.8253454 ], [ 39.2359783, -6.8253586 ], [ 39.2357122, -6.8253456 ], [ 39.2354486, -6.8253067 ], [ 39.2351901, -6.8252421 ], [ 39.2349392, -6.8251525 ], [ 39.2346983, -6.8250388 ], [ 39.2344697, -6.824902 ], [ 39.2342556, -6.8247434 ], [ 39.2340581, -6.8245647 ], [ 39.233879, -6.8243674 ], [ 39.2337202, -6.8241536 ], [ 39.2335831, -6.8239252 ], [ 39.2334691, -6.8236845 ], [ 39.2333792, -6.8234338 ], [ 39.2333143, -6.8231755 ], [ 39.2332751, -6.8229121 ], [ 39.2332619, -6.8226461 ], [ 39.2332748, -6.8223801 ], [ 39.2333138, -6.8221167 ], [ 39.2333784, -6.8218583 ], [ 39.2334681, -6.8216075 ], [ 39.2335819, -6.8213667 ], [ 39.2337187, -6.8211382 ], [ 39.2338774, -6.8209242 ], [ 39.2340562, -6.8207268 ], [ 39.2342535, -6.8205479 ], [ 39.2344675, -6.8203891 ], [ 39.2346959, -6.8202521 ], [ 39.2349368, -6.8201381 ], [ 39.2351876, -6.8200483 ], [ 39.235446, -6.8199834 ], [ 39.2357096, -6.8199442 ], [ 39.2359757, -6.819931 ], [ 39.2362418, -6.819944 ], [ 39.2365054, -6.8199829 ], [ 39.2367639, -6.8200475 ], [ 39.2370148, -6.8201371 ], [ 39.2372557, -6.8202508 ], [ 39.2374843, -6.8203876 ], [ 39.2376984, -6.8205462 ], [ 39.2378959, -6.8207249 ], [ 39.238075, -6.8209222 ], [ 39.2382338, -6.821136 ], [ 39.2383709, -6.8213644 ], [ 39.2384849, -6.821605 ], [ 39.2385748, -6.8218558 ], [ 39.2386397, -6.8221141 ], [ 39.2386789, -6.8223775 ], [ 39.2386921, -6.8226435 ], [ 39.2386792, -6.8229095 ], [ 39.2386402, -6.8231729 ] ], [ [ 39.2444592, -6.8426889 ], [ 39.2443946, -6.8429473 ], [ 39.244305, -6.8431981 ], [ 39.2441912, -6.8434389 ], [ 39.2440543, -6.8436674 ], [ 39.2438957, -6.8438813 ], [ 39.2437168, -6.8440788 ], [ 39.2435195, -6.8442577 ], [ 39.2433055, -6.8444165 ], [ 39.2430771, -6.8445535 ], [ 39.2428362, -6.8446675 ], [ 39.2425854, -6.8447573 ], [ 39.242327, -6.8448222 ], [ 39.2420634, -6.8448614 ], [ 39.2417973, -6.8448746 ], [ 39.2415311, -6.8448616 ], [ 39.2412675, -6.8448227 ], [ 39.241009, -6.8447581 ], [ 39.2407581, -6.8446685 ], [ 39.2405172, -6.8445548 ], [ 39.2402885, -6.844418 ], [ 39.2400744, -6.8442594 ], [ 39.2398769, -6.8440807 ], [ 39.2396979, -6.8438835 ], [ 39.239539, -6.8436696 ], [ 39.2394019, -6.8434413 ], [ 39.2392879, -6.8432006 ], [ 39.239198, -6.8429499 ], [ 39.2391331, -6.8426916 ], [ 39.2390939, -6.8424281 ], [ 39.2390807, -6.8421622 ], [ 39.2390936, -6.8418962 ], [ 39.2391326, -6.8416327 ], [ 39.2391972, -6.8413743 ], [ 39.2392869, -6.8411235 ], [ 39.2394007, -6.8408827 ], [ 39.2395375, -6.8406542 ], [ 39.2396962, -6.8404402 ], [ 39.239875, -6.8402428 ], [ 39.2398914, -6.840228 ], [ 39.2398377, -6.8401147 ], [ 39.2397478, -6.839864 ], [ 39.2396829, -6.8396057 ], [ 39.2396437, -6.8393423 ], [ 39.2396305, -6.8390763 ], [ 39.2396434, -6.8388103 ], [ 39.2396824, -6.8385468 ], [ 39.239747, -6.8382884 ], [ 39.2398367, -6.8380376 ], [ 39.2399505, -6.8377968 ], [ 39.2400873, -6.8375683 ], [ 39.240246, -6.8373543 ], [ 39.2404248, -6.8371569 ], [ 39.2406222, -6.836978 ], [ 39.2408361, -6.8368192 ], [ 39.2410646, -6.8366822 ], [ 39.2413054, -6.8365682 ], [ 39.2415562, -6.8364784 ], [ 39.2418147, -6.8364135 ], [ 39.2420782, -6.8363743 ], [ 39.2423443, -6.8363611 ], [ 39.2426105, -6.8363741 ], [ 39.2428741, -6.836413 ], [ 39.2431326, -6.8364776 ], [ 39.2433835, -6.8365672 ], [ 39.2436244, -6.8366809 ], [ 39.243853, -6.8368177 ], [ 39.2440671, -6.8369762 ], [ 39.2442647, -6.837155 ], [ 39.2444437, -6.8373522 ], [ 39.2446025, -6.8375661 ], [ 39.2447396, -6.8377944 ], [ 39.2448537, -6.8380351 ], [ 39.2449436, -6.8382858 ], [ 39.2450085, -6.8385441 ], [ 39.2450477, -6.8388075 ], [ 39.2450609, -6.8390735 ], [ 39.245048, -6.8393395 ], [ 39.245009, -6.839603 ], [ 39.2449444, -6.8398614 ], [ 39.2448547, -6.8401122 ], [ 39.2447409, -6.840353 ], [ 39.2446041, -6.8405815 ], [ 39.2444454, -6.8407954 ], [ 39.2442666, -6.8409929 ], [ 39.2442502, -6.8410077 ], [ 39.2443039, -6.841121 ], [ 39.2443938, -6.8413717 ], [ 39.2444587, -6.84163 ], [ 39.2444979, -6.8418934 ], [ 39.2445111, -6.8421594 ], [ 39.2444982, -6.8424254 ], [ 39.2444592, -6.8426889 ] ], [ [ 39.2800888, -6.8479642 ], [ 39.2798603, -6.8481013 ], [ 39.2796195, -6.8482153 ], [ 39.2793687, -6.8483052 ], [ 39.2791103, -6.84837 ], [ 39.2788467, -6.8484093 ], [ 39.2785806, -6.8484225 ], [ 39.2783144, -6.8484096 ], [ 39.2780508, -6.8483706 ], [ 39.2777923, -6.8483061 ], [ 39.2775414, -6.8482165 ], [ 39.2773004, -6.8481028 ], [ 39.2770718, -6.847966 ], [ 39.2768577, -6.8478075 ], [ 39.2766602, -6.8476287 ], [ 39.2764811, -6.8474315 ], [ 39.2763222, -6.8472177 ], [ 39.2761851, -6.8469893 ], [ 39.2760711, -6.8467487 ], [ 39.2759811, -6.846498 ], [ 39.2759163, -6.8462397 ], [ 39.275877, -6.8459763 ], [ 39.2758638, -6.8457103 ], [ 39.2758767, -6.8454443 ], [ 39.2759156, -6.8451808 ], [ 39.2759802, -6.8449224 ], [ 39.2760699, -6.8446716 ], [ 39.2761837, -6.8444308 ], [ 39.2763205, -6.8442023 ], [ 39.2764791, -6.8439883 ], [ 39.2766579, -6.8437909 ], [ 39.2768553, -6.8436119 ], [ 39.2770692, -6.8434531 ], [ 39.2772977, -6.8433161 ], [ 39.2775385, -6.8432021 ], [ 39.2777893, -6.8431122 ], [ 39.2780477, -6.8430474 ], [ 39.2780764, -6.8430431 ], [ 39.2780836, -6.8430378 ], [ 39.2783121, -6.8429007 ], [ 39.2785529, -6.8427867 ], [ 39.2788037, -6.8426968 ], [ 39.2790621, -6.842632 ], [ 39.2793257, -6.8425927 ], [ 39.2795918, -6.8425795 ], [ 39.279858, -6.8425924 ], [ 39.2801216, -6.8426314 ], [ 39.2803801, -6.8426959 ], [ 39.280631, -6.8427855 ], [ 39.2808719, -6.8428992 ], [ 39.2811006, -6.843036 ], [ 39.2813147, -6.8431945 ], [ 39.2815122, -6.8433733 ], [ 39.2816913, -6.8435705 ], [ 39.2818501, -6.8437843 ], [ 39.2819873, -6.8440126 ], [ 39.2821013, -6.8442533 ], [ 39.2821912, -6.844504 ], [ 39.2822561, -6.8447623 ], [ 39.2822954, -6.8450257 ], [ 39.2823086, -6.8452917 ], [ 39.2822957, -6.8455577 ], [ 39.2822568, -6.8458212 ], [ 39.2821922, -6.8460795 ], [ 39.2821025, -6.8463304 ], [ 39.2819888, -6.8465712 ], [ 39.2818519, -6.8467997 ], [ 39.2816933, -6.8470137 ], [ 39.2815145, -6.8472111 ], [ 39.2813171, -6.8473901 ], [ 39.2811032, -6.8475488 ], [ 39.2808747, -6.8476859 ], [ 39.2806339, -6.8477999 ], [ 39.2803831, -6.8478898 ], [ 39.2801247, -6.8479546 ], [ 39.280096, -6.8479589 ], [ 39.2800888, -6.8479642 ] ], [ [ 39.2741205, -6.8181272 ], [ 39.2740067, -6.818368 ], [ 39.2738698, -6.8185965 ], [ 39.2737112, -6.8188105 ], [ 39.2735324, -6.8190079 ], [ 39.2733351, -6.8191869 ], [ 39.2731212, -6.8193457 ], [ 39.2728927, -6.8194827 ], [ 39.2726519, -6.8195967 ], [ 39.2724011, -6.8196866 ], [ 39.2721427, -6.8197514 ], [ 39.2718791, -6.8197907 ], [ 39.271613, -6.8198039 ], [ 39.2713469, -6.819791 ], [ 39.2710833, -6.819752 ], [ 39.2708248, -6.8196875 ], [ 39.2705739, -6.8195979 ], [ 39.270333, -6.8194842 ], [ 39.2701044, -6.8193474 ], [ 39.2698903, -6.8191888 ], [ 39.2696927, -6.8190101 ], [ 39.2695137, -6.8188129 ], [ 39.2693549, -6.8185991 ], [ 39.2692177, -6.8183707 ], [ 39.2691037, -6.81813 ], [ 39.2690138, -6.8178793 ], [ 39.2689489, -6.817621 ], [ 39.2689097, -6.8173576 ], [ 39.2688964, -6.8170916 ], [ 39.2689094, -6.8168256 ], [ 39.2689483, -6.8165622 ], [ 39.2690129, -6.8163038 ], [ 39.2691025, -6.816053 ], [ 39.2692163, -6.8158122 ], [ 39.2693532, -6.8155837 ], [ 39.2695118, -6.8153697 ], [ 39.2695135, -6.8153678 ], [ 39.2695497, -6.8151227 ], [ 39.2696138, -6.8148664 ], [ 39.2694298, -6.8147 ], [ 39.2692508, -6.8145028 ], [ 39.269092, -6.814289 ], [ 39.2689549, -6.8140606 ], [ 39.2688408, -6.8138199 ], [ 39.2687509, -6.8135692 ], [ 39.268686, -6.8133109 ], [ 39.2686468, -6.8130475 ], [ 39.2686336, -6.8127815 ], [ 39.2686465, -6.8125155 ], [ 39.2686854, -6.8122521 ], [ 39.26875, -6.8119937 ], [ 39.2688397, -6.8117429 ], [ 39.2689534, -6.8115021 ], [ 39.2690903, -6.8112736 ], [ 39.2692489, -6.8110596 ], [ 39.2694277, -6.8108621 ], [ 39.269625, -6.8106832 ], [ 39.2698389, -6.8105244 ], [ 39.2700674, -6.8103874 ], [ 39.2703082, -6.8102734 ], [ 39.270559, -6.8101835 ], [ 39.2708174, -6.8101187 ], [ 39.271081, -6.8100794 ], [ 39.2713471, -6.8100662 ], [ 39.2716132, -6.8100791 ], [ 39.2718768, -6.8101181 ], [ 39.2721353, -6.8101826 ], [ 39.2723862, -6.8102722 ], [ 39.2726271, -6.8103859 ], [ 39.2728557, -6.8105227 ], [ 39.2730698, -6.8106812 ], [ 39.2732673, -6.81086 ], [ 39.2734464, -6.8110572 ], [ 39.2736052, -6.811271 ], [ 39.2737423, -6.8114994 ], [ 39.2737785, -6.8115756 ], [ 39.2740036, -6.8114406 ], [ 39.2742444, -6.8113266 ], [ 39.2744952, -6.8112367 ], [ 39.2747536, -6.8111719 ], [ 39.2750171, -6.8111326 ], [ 39.2752833, -6.8111194 ], [ 39.2755494, -6.8111323 ], [ 39.275813, -6.8111713 ], [ 39.2760715, -6.8112358 ], [ 39.2763224, -6.8113254 ], [ 39.2765633, -6.8114391 ], [ 39.2767919, -6.8115759 ], [ 39.277006, -6.8117344 ], [ 39.2772035, -6.8119132 ], [ 39.2773826, -6.8121104 ], [ 39.2775414, -6.8123242 ], [ 39.2776785, -6.8125526 ], [ 39.2777926, -6.8127932 ], [ 39.2778825, -6.8130439 ], [ 39.2779474, -6.8133022 ], [ 39.2779866, -6.8135657 ], [ 39.2779998, -6.8138316 ], [ 39.2779869, -6.8140976 ], [ 39.277948, -6.8143611 ], [ 39.2778834, -6.8146195 ], [ 39.2777938, -6.8148703 ], [ 39.2777666, -6.8149279 ], [ 39.2777982, -6.8151404 ], [ 39.2778115, -6.8154063 ], [ 39.2777985, -6.8156724 ], [ 39.2777596, -6.8159358 ], [ 39.277695, -6.8161942 ], [ 39.2776054, -6.816445 ], [ 39.2774916, -6.8166858 ], [ 39.2773547, -6.8169143 ], [ 39.2771962, -6.8171283 ], [ 39.2770173, -6.8173257 ], [ 39.27682, -6.8175047 ], [ 39.2766061, -6.8176635 ], [ 39.2763776, -6.8178005 ], [ 39.2761368, -6.8179145 ], [ 39.275886, -6.8180044 ], [ 39.2756276, -6.8180692 ], [ 39.2753641, -6.8181085 ], [ 39.2750979, -6.8181217 ], [ 39.2748318, -6.8181088 ], [ 39.2745682, -6.8180698 ], [ 39.2743097, -6.8180053 ], [ 39.2741805, -6.8179591 ], [ 39.2741205, -6.8181272 ] ] ], [ [ [ 39.2241779, -6.8426283 ], [ 39.2241772, -6.8426329 ], [ 39.2241126, -6.8428913 ], [ 39.2240518, -6.8430613 ], [ 39.2241478, -6.8430159 ], [ 39.2243964, -6.8429268 ], [ 39.2243327, -6.8428207 ], [ 39.2242244, -6.8425921 ], [ 39.2242142, -6.8426014 ], [ 39.2241779, -6.8426283 ] ] ], [ [ [ 39.2302601, -6.7978016 ], [ 39.23028, -6.7978284 ], [ 39.2303005, -6.7978625 ], [ 39.2303564, -6.797836 ], [ 39.2302601, -6.7978016 ] ] ], [ [ [ 39.2288914, -6.7967389 ], [ 39.2288666, -6.7967056 ], [ 39.2287295, -6.7964772 ], [ 39.2286545, -6.7963189 ], [ 39.2286481, -6.7964512 ], [ 39.2286127, -6.7966905 ], [ 39.2288102, -6.7967399 ], [ 39.2289191, -6.7967788 ], [ 39.2288992, -6.796752 ], [ 39.2288914, -6.7967389 ] ] ], [ [ [ 39.2577684, -6.8286546 ], [ 39.2576785, -6.8284039 ], [ 39.2576136, -6.8281456 ], [ 39.2575744, -6.8278821 ], [ 39.2575693, -6.8277803 ], [ 39.257543, -6.827854 ], [ 39.2574292, -6.8280948 ], [ 39.2572923, -6.8283233 ], [ 39.2571337, -6.8285373 ], [ 39.2569549, -6.8287347 ], [ 39.2567576, -6.8289137 ], [ 39.2565436, -6.8290724 ], [ 39.2564328, -6.8291389 ], [ 39.2564464, -6.829147 ], [ 39.2566605, -6.8293055 ], [ 39.256858, -6.8294842 ], [ 39.257037, -6.8296815 ], [ 39.2571959, -6.8298953 ], [ 39.257333, -6.8301237 ], [ 39.25736, -6.8301807 ], [ 39.2574187, -6.8300826 ], [ 39.2575773, -6.8298686 ], [ 39.2577562, -6.8296712 ], [ 39.2579535, -6.8294922 ], [ 39.2581674, -6.8293335 ], [ 39.258173, -6.8293302 ], [ 39.2580196, -6.8291236 ], [ 39.2578825, -6.8288953 ], [ 39.2577684, -6.8286546 ] ] ], [ [ [ 39.2471239, -6.806394 ], [ 39.2471631, -6.8066574 ], [ 39.2471763, -6.8069234 ], [ 39.2471634, -6.8071894 ], [ 39.2471244, -6.8074529 ], [ 39.2470956, -6.8075679 ], [ 39.2472999, -6.8076902 ], [ 39.247514, -6.8078487 ], [ 39.2477115, -6.8080275 ], [ 39.2478906, -6.8082247 ], [ 39.2480494, -6.8084385 ], [ 39.2481865, -6.8086669 ], [ 39.2483005, -6.8089076 ], [ 39.2483904, -6.8091583 ], [ 39.2484553, -6.8094166 ], [ 39.2484945, -6.80968 ], [ 39.2485077, -6.809946 ], [ 39.2484953, -6.8102014 ], [ 39.2486531, -6.810209 ], [ 39.2489167, -6.810248 ], [ 39.2491752, -6.8103126 ], [ 39.2494261, -6.8104022 ], [ 39.249667, -6.8105159 ], [ 39.2496815, -6.8105246 ], [ 39.2499151, -6.8105591 ], [ 39.2501736, -6.8106237 ], [ 39.2502787, -6.8106612 ], [ 39.2502617, -6.8106424 ], [ 39.2501028, -6.8104286 ], [ 39.2499657, -6.8102002 ], [ 39.2498898, -6.81004 ], [ 39.2498191, -6.8100223 ], [ 39.2495682, -6.8099327 ], [ 39.2493273, -6.809819 ], [ 39.2490987, -6.8096822 ], [ 39.2488846, -6.8095237 ], [ 39.2486871, -6.8093449 ], [ 39.2485081, -6.8091477 ], [ 39.2483492, -6.8089339 ], [ 39.2482121, -6.8087055 ], [ 39.2480981, -6.8084648 ], [ 39.2480082, -6.8082141 ], [ 39.2479433, -6.8079558 ], [ 39.2479041, -6.8076924 ], [ 39.2478909, -6.8074264 ], [ 39.2479038, -6.8071604 ], [ 39.2479428, -6.8068969 ], [ 39.2480074, -6.8066386 ], [ 39.248097, -6.8063878 ], [ 39.2482108, -6.806147 ], [ 39.248235, -6.8061066 ], [ 39.248158, -6.8060369 ], [ 39.247979, -6.8058397 ], [ 39.2478201, -6.8056259 ], [ 39.247683, -6.8053975 ], [ 39.247569, -6.8051568 ], [ 39.2475024, -6.804971 ], [ 39.2474809, -6.805057 ], [ 39.2474771, -6.8050677 ], [ 39.2474714, -6.8050904 ], [ 39.2473818, -6.8053412 ], [ 39.247268, -6.8055821 ], [ 39.2471311, -6.8058106 ], [ 39.2470039, -6.8059821 ], [ 39.247059, -6.8061357 ], [ 39.2471239, -6.806394 ] ] ], [ [ [ 39.2516713, -6.7997433 ], [ 39.2515125, -6.7995295 ], [ 39.2514362, -6.7994024 ], [ 39.2513797, -6.7995217 ], [ 39.2512429, -6.7997502 ], [ 39.2510843, -6.7999642 ], [ 39.2509055, -6.8001616 ], [ 39.2508414, -6.8002198 ], [ 39.2510783, -6.8001349 ], [ 39.2513367, -6.80007 ], [ 39.2516003, -6.8000308 ], [ 39.2518664, -6.8000176 ], [ 39.2519394, -6.8000212 ], [ 39.2518503, -6.7999405 ], [ 39.2516713, -6.7997433 ] ] ], [ [ [ 39.2518116, -6.7949332 ], [ 39.2515455, -6.7949203 ], [ 39.2512819, -6.7948813 ], [ 39.2511581, -6.7948504 ], [ 39.2511603, -6.7948953 ], [ 39.2511474, -6.7951613 ], [ 39.2511084, -6.7954248 ], [ 39.2510438, -6.7956831 ], [ 39.2510047, -6.7957926 ], [ 39.2510185, -6.7958155 ], [ 39.2511326, -6.7960562 ], [ 39.2512224, -6.7963069 ], [ 39.2512873, -6.7965652 ], [ 39.2513265, -6.7968286 ], [ 39.2513272, -6.7968417 ], [ 39.2513741, -6.7967426 ], [ 39.2515109, -6.7965141 ], [ 39.2516695, -6.7963001 ], [ 39.2518483, -6.7961027 ], [ 39.2520457, -6.7959237 ], [ 39.2522596, -6.795765 ], [ 39.252488, -6.7956279 ], [ 39.2525305, -6.7956078 ], [ 39.2525281, -6.7955917 ], [ 39.2525246, -6.7955221 ], [ 39.2524363, -6.7953356 ], [ 39.2523464, -6.7950849 ], [ 39.2522968, -6.7948874 ], [ 39.2520777, -6.79492 ], [ 39.2518116, -6.7949332 ] ] ] ] } }
]
}
