{
"type": "FeatureCollection",
"features": [
{ "type": "Feature", "properties": { "index": "0", "last_edit_year": 2012, "years_since_edit": 14, "label": "5.0–14.0 yr", "color": "#006d2c" }, "geometry": { "type": "Point", "coordinates": [ 8.7127391, 49.4070645 ] } },
{ "type": "Feature", "properties": { "index": "1", "last_edit_year": 2024, "years_since_edit": 2, "label": "1.0–3.0 yr", "color": "#a3d99f" }, "geometry": { "type": "Point", "coordinates": [ 8.7096517, 49.400363 ] } },
{ "type": "Feature", "properties": { "index": "2", "last_edit_year": 2025, "years_since_edit": 1, "label": "1.0–3.0 yr", "color": "#a3d99f" }, "geometry": { "type": "Point", "coordinates": [ 8.6883061, 49.4075867 ] } },
{ "type": "Feature", "properties": { "index": "3", "last_edit_year": 2025, "years_since_edit": 1, "label": "1.0–3.0 yr", "color": "#a3d99f" }, "geometry": { "type": "Point", "coordinates": [ 8.6982961, 49.4099427 ] } },
{ "type": "Feature", "properties": { "index": "4", "last_edit_year": 2025, "years_since_edit": 1, "label": "1.0–3.0 yr", "color": "#a3d99f" }, "geometry": { "type": "Point", "coordinates": [ 8.6983661, 49.40977 ] } },
{ "type": "Feature", "properties": { "index": "5", "last_edit_year": 2025, "years_since_edit": 1, "label": "1.0–3.0 yr", "color": "#a3d99f" }, "geometry": { "type": "Point", "coordinates": [ 8.6720822, 49.4165631 ] } },
{ "type": "Feature", "properties": { "index": "6", "last_edit_year": 2026, "years_since_edit": 0, "label": "0.0–1.0 yr", "color": "#edf8e9" }, "geometry": { "type": "Point", "coordinates": [ 8.6715611, 49.415736 ] } },
{ "type": "Feature", "properties": { "index": "7", "last_edit_year": 2025, "years_since_edit": 1, "label": "1.0–3.0 yr", "color": "#a3d99f" }, "geometry": { "type": "Point", "coordinates": [ 8.6730031, 49.4165635 ] } },
{ "type": "Feature", "properties": { "index": "8", "last_edit_year": 2021, "years_since_edit": 5, "label": "5.0–14.0 yr", "color": "#006d2c" }, "geometry": { "type": "Point", "coordinates": [ 8.6655212, 49.4018055 ] } },
{ "type": "Feature", "properties": { "index": "9", "last_edit_year": 2021, "years_since_edit": 5, "label": "5.0–14.0 yr", "color": "#006d2c" }, "geometry": { "type": "Point", "coordinates": [ 8.6657353, 49.4020014 ] } },
{ "type": "Feature", "properties": { "index": "10", "last_edit_year": 2025, "years_since_edit": 1, "label": "1.0–3.0 yr", "color": "#a3d99f" }, "geometry": { "type": "Point", "coordinates": [ 8.6711282, 49.4004385 ] } },
{ "type": "Feature", "properties": { "index": "11", "last_edit_year": 2026, "years_since_edit": 0, "label": "0.0–1.0 yr", "color": "#edf8e9" }, "geometry": { "type": "Point", "coordinates": [ 8.6617756, 49.4042986 ] } },
{ "type": "Feature", "properties": { "index": "12", "last_edit_year": 2026, "years_since_edit": 0, "label": "0.0–1.0 yr", "color": "#edf8e9" }, "geometry": { "type": "Point", "coordinates": [ 8.6609611, 49.4034602 ] } },
{ "type": "Feature", "properties": { "index": "13", "last_edit_year": 2026, "years_since_edit": 0, "label": "0.0–1.0 yr", "color": "#edf8e9" }, "geometry": { "type": "Point", "coordinates": [ 8.6610015, 49.4034652 ] } },
{ "type": "Feature", "properties": { "index": "14", "last_edit_year": 2026, "years_since_edit": 0, "label": "0.0–1.0 yr", "color": "#edf8e9" }, "geometry": { "type": "Point", "coordinates": [ 8.6609507, 49.4034806 ] } },
{ "type": "Feature", "properties": { "index": "15", "last_edit_year": 2026, "years_since_edit": 0, "label": "0.0–1.0 yr", "color": "#edf8e9" }, "geometry": { "type": "Point", "coordinates": [ 8.6610118, 49.4034448 ] } },
{ "type": "Feature", "properties": { "index": "16", "last_edit_year": 2024, "years_since_edit": 2, "label": "1.0–3.0 yr", "color": "#a3d99f" }, "geometry": { "type": "Point", "coordinates": [ 8.6764777, 49.4091554 ] } },
{ "type": "Feature", "properties": { "index": "17", "last_edit_year": 2025, "years_since_edit": 1, "label": "1.0–3.0 yr", "color": "#a3d99f" }, "geometry": { "type": "Point", "coordinates": [ 8.6763958, 49.4091077 ] } },
{ "type": "Feature", "properties": { "index": "18", "last_edit_year": 2025, "years_since_edit": 1, "label": "1.0–3.0 yr", "color": "#a3d99f" }, "geometry": { "type": "Point", "coordinates": [ 8.6763962, 49.4090703 ] } },
{ "type": "Feature", "properties": { "index": "19", "last_edit_year": 2025, "years_since_edit": 1, "label": "1.0–3.0 yr", "color": "#a3d99f" }, "geometry": { "type": "Point", "coordinates": [ 8.6763974, 49.409035 ] } },
{ "type": "Feature", "properties": { "index": "20", "last_edit_year": 2025, "years_since_edit": 1, "label": "1.0–3.0 yr", "color": "#a3d99f" }, "geometry": { "type": "Point", "coordinates": [ 8.692224, 49.4109403 ] } },
{ "type": "Feature", "properties": { "index": "21", "last_edit_year": 2025, "years_since_edit": 1, "label": "1.0–3.0 yr", "color": "#a3d99f" }, "geometry": { "type": "Point", "coordinates": [ 8.6924326, 49.411087 ] } },
{ "type": "Feature", "properties": { "index": "22", "last_edit_year": 2021, "years_since_edit": 5, "label": "5.0–14.0 yr", "color": "#006d2c" }, "geometry": { "type": "Point", "coordinates": [ 8.6897493, 49.4132155 ] } },
{ "type": "Feature", "properties": { "index": "23", "last_edit_year": 2021, "years_since_edit": 5, "label": "5.0–14.0 yr", "color": "#006d2c" }, "geometry": { "type": "Point", "coordinates": [ 8.6910756, 49.4131959 ] } },
{ "type": "Feature", "properties": { "index": "24", "last_edit_year": 2021, "years_since_edit": 5, "label": "5.0–14.0 yr", "color": "#006d2c" }, "geometry": { "type": "Point", "coordinates": [ 8.7084837, 49.4182087 ] } },
{ "type": "Feature", "properties": { "index": "25", "last_edit_year": 2021, "years_since_edit": 5, "label": "5.0–14.0 yr", "color": "#006d2c" }, "geometry": { "type": "Point", "coordinates": [ 8.7096873, 49.4188431 ] } },
{ "type": "Feature", "properties": { "index": "26", "last_edit_year": 2025, "years_since_edit": 1, "label": "1.0–3.0 yr", "color": "#a3d99f" }, "geometry": { "type": "Point", "coordinates": [ 8.7112146, 49.4198801 ] } },
{ "type": "Feature", "properties": { "index": "27", "last_edit_year": 2021, "years_since_edit": 5, "label": "5.0–14.0 yr", "color": "#006d2c" }, "geometry": { "type": "Point", "coordinates": [ 8.6977012, 49.4197171 ] } },
{ "type": "Feature", "properties": { "index": "28", "last_edit_year": 2025, "years_since_edit": 1, "label": "1.0–3.0 yr", "color": "#a3d99f" }, "geometry": { "type": "Point", "coordinates": [ 8.7004883, 49.4178197 ] } },
{ "type": "Feature", "properties": { "index": "29", "last_edit_year": 2025, "years_since_edit": 1, "label": "1.0–3.0 yr", "color": "#a3d99f" }, "geometry": { "type": "Point", "coordinates": [ 8.7006163, 49.4177799 ] } },
{ "type": "Feature", "properties": { "index": "30", "last_edit_year": 2024, "years_since_edit": 2, "label": "1.0–3.0 yr", "color": "#a3d99f" }, "geometry": { "type": "Point", "coordinates": [ 8.7088362, 49.4169622 ] } },
{ "type": "Feature", "properties": { "index": "31", "last_edit_year": 2025, "years_since_edit": 1, "label": "1.0–3.0 yr", "color": "#a3d99f" }, "geometry": { "type": "Point", "coordinates": [ 8.7003128, 49.4154835 ] } },
{ "type": "Feature", "properties": { "index": "32", "last_edit_year": 2021, "years_since_edit": 5, "label": "5.0–14.0 yr", "color": "#006d2c" }, "geometry": { "type": "Point", "coordinates": [ 8.6981061, 49.4176075 ] } },
{ "type": "Feature", "properties": { "index": "33", "last_edit_year": 2024, "years_since_edit": 2, "label": "1.0–3.0 yr", "color": "#a3d99f" }, "geometry": { "type": "Point", "coordinates": [ 8.7041877, 49.4195393 ] } },
{ "type": "Feature", "properties": { "index": "34", "last_edit_year": 2021, "years_since_edit": 5, "label": "5.0–14.0 yr", "color": "#006d2c" }, "geometry": { "type": "Point", "coordinates": [ 8.6965502, 49.4044791 ] } },
{ "type": "Feature", "properties": { "index": "35", "last_edit_year": 2025, "years_since_edit": 1, "label": "1.0–3.0 yr", "color": "#a3d99f" }, "geometry": { "type": "Point", "coordinates": [ 8.7166704, 49.4192547 ] } },
{ "type": "Feature", "properties": { "index": "36", "last_edit_year": 2021, "years_since_edit": 5, "label": "5.0–14.0 yr", "color": "#006d2c" }, "geometry": { "type": "Point", "coordinates": [ 8.6816721, 49.4173344 ] } },
{ "type": "Feature", "properties": { "index": "37", "last_edit_year": 2021, "years_since_edit": 5, "label": "5.0–14.0 yr", "color": "#006d2c" }, "geometry": { "type": "Point", "coordinates": [ 8.681745, 49.4173389 ] } },
{ "type": "Feature", "properties": { "index": "38", "last_edit_year": 2021, "years_since_edit": 5, "label": "5.0–14.0 yr", "color": "#006d2c" }, "geometry": { "type": "Point", "coordinates": [ 8.6967109, 49.4044555 ] } },
{ "type": "Feature", "properties": { "index": "39", "last_edit_year": 2025, "years_since_edit": 1, "label": "1.0–3.0 yr", "color": "#a3d99f" }, "geometry": { "type": "Point", "coordinates": [ 8.6871745, 49.4004443 ] } },
{ "type": "Feature", "properties": { "index": "40", "last_edit_year": 2023, "years_since_edit": 3, "label": "3.0–5.0 yr", "color": "#47ae5f" }, "geometry": { "type": "Point", "coordinates": [ 8.7171649, 49.4109497 ] } },
{ "type": "Feature", "properties": { "index": "41", "last_edit_year": 2026, "years_since_edit": 0, "label": "0.0–1.0 yr", "color": "#edf8e9" }, "geometry": { "type": "Point", "coordinates": [ 8.7189811, 49.4111908 ] } },
{ "type": "Feature", "properties": { "index": "42", "last_edit_year": 2026, "years_since_edit": 0, "label": "0.0–1.0 yr", "color": "#edf8e9" }, "geometry": { "type": "Point", "coordinates": [ 8.7167201, 49.4098504 ] } },
{ "type": "Feature", "properties": { "index": "43", "last_edit_year": 2026, "years_since_edit": 0, "label": "0.0–1.0 yr", "color": "#edf8e9" }, "geometry": { "type": "Point", "coordinates": [ 8.7169721, 49.4098664 ] } },
{ "type": "Feature", "properties": { "index": "44", "last_edit_year": 2026, "years_since_edit": 0, "label": "0.0–1.0 yr", "color": "#edf8e9" }, "geometry": { "type": "Point", "coordinates": [ 8.7180155, 49.4099413 ] } },
{ "type": "Feature", "properties": { "index": "45", "last_edit_year": 2026, "years_since_edit": 0, "label": "0.0–1.0 yr", "color": "#edf8e9" }, "geometry": { "type": "Point", "coordinates": [ 8.7193735, 49.4103257 ] } },
{ "type": "Feature", "properties": { "index": "46", "last_edit_year": 2023, "years_since_edit": 3, "label": "3.0–5.0 yr", "color": "#47ae5f" }, "geometry": { "type": "Point", "coordinates": [ 8.7191644, 49.4107587 ] } },
{ "type": "Feature", "properties": { "index": "47", "last_edit_year": 2023, "years_since_edit": 3, "label": "3.0–5.0 yr", "color": "#47ae5f" }, "geometry": { "type": "Point", "coordinates": [ 8.7191879, 49.4106414 ] } },
{ "type": "Feature", "properties": { "index": "48", "last_edit_year": 2023, "years_since_edit": 3, "label": "3.0–5.0 yr", "color": "#47ae5f" }, "geometry": { "type": "Point", "coordinates": [ 8.7195394, 49.4106668 ] } },
{ "type": "Feature", "properties": { "index": "49", "last_edit_year": 2023, "years_since_edit": 3, "label": "3.0–5.0 yr", "color": "#47ae5f" }, "geometry": { "type": "Point", "coordinates": [ 8.719573, 49.4105303 ] } },
{ "type": "Feature", "properties": { "index": "50", "last_edit_year": 2022, "years_since_edit": 4, "label": "3.0–5.0 yr", "color": "#47ae5f" }, "geometry": { "type": "Point", "coordinates": [ 8.6877602, 49.4032626 ] } },
{ "type": "Feature", "properties": { "index": "51", "last_edit_year": 2022, "years_since_edit": 4, "label": "3.0–5.0 yr", "color": "#47ae5f" }, "geometry": { "type": "Point", "coordinates": [ 8.6877541, 49.403171 ] } },
{ "type": "Feature", "properties": { "index": "52", "last_edit_year": 2022, "years_since_edit": 4, "label": "3.0–5.0 yr", "color": "#47ae5f" }, "geometry": { "type": "Point", "coordinates": [ 8.6877452, 49.4030533 ] } },
{ "type": "Feature", "properties": { "index": "53", "last_edit_year": 2022, "years_since_edit": 4, "label": "3.0–5.0 yr", "color": "#47ae5f" }, "geometry": { "type": "Point", "coordinates": [ 8.6872088, 49.4032481 ] } },
{ "type": "Feature", "properties": { "index": "54", "last_edit_year": 2022, "years_since_edit": 4, "label": "3.0–5.0 yr", "color": "#47ae5f" }, "geometry": { "type": "Point", "coordinates": [ 8.6872089, 49.4030175 ] } },
{ "type": "Feature", "properties": { "index": "55", "last_edit_year": 2022, "years_since_edit": 4, "label": "3.0–5.0 yr", "color": "#47ae5f" }, "geometry": { "type": "Point", "coordinates": [ 8.6872048, 49.4031526 ] } },
{ "type": "Feature", "properties": { "index": "56", "last_edit_year": 2025, "years_since_edit": 1, "label": "1.0–3.0 yr", "color": "#a3d99f" }, "geometry": { "type": "Point", "coordinates": [ 8.709394, 49.4012903 ] } },
{ "type": "Feature", "properties": { "index": "57", "last_edit_year": 2025, "years_since_edit": 1, "label": "1.0–3.0 yr", "color": "#a3d99f" }, "geometry": { "type": "Point", "coordinates": [ 8.7127326, 49.401767 ] } },
{ "type": "Feature", "properties": { "index": "58", "last_edit_year": 2025, "years_since_edit": 1, "label": "1.0–3.0 yr", "color": "#a3d99f" }, "geometry": { "type": "Point", "coordinates": [ 8.7092094, 49.4013233 ] } },
{ "type": "Feature", "properties": { "index": "59", "last_edit_year": 2025, "years_since_edit": 1, "label": "1.0–3.0 yr", "color": "#a3d99f" }, "geometry": { "type": "Point", "coordinates": [ 8.7098733, 49.4001517 ] } },
{ "type": "Feature", "properties": { "index": "60", "last_edit_year": 2025, "years_since_edit": 1, "label": "1.0–3.0 yr", "color": "#a3d99f" }, "geometry": { "type": "Point", "coordinates": [ 8.7103091, 49.4004203 ] } },
{ "type": "Feature", "properties": { "index": "61", "last_edit_year": 2025, "years_since_edit": 1, "label": "1.0–3.0 yr", "color": "#a3d99f" }, "geometry": { "type": "Point", "coordinates": [ 8.7107408, 49.4005295 ] } },
{ "type": "Feature", "properties": { "index": "62", "last_edit_year": 2025, "years_since_edit": 1, "label": "1.0–3.0 yr", "color": "#a3d99f" }, "geometry": { "type": "Point", "coordinates": [ 8.7098821, 49.4005582 ] } },
{ "type": "Feature", "properties": { "index": "63", "last_edit_year": 2021, "years_since_edit": 5, "label": "5.0–14.0 yr", "color": "#006d2c" }, "geometry": { "type": "Point", "coordinates": [ 8.6680539, 49.4144368 ] } },
{ "type": "Feature", "properties": { "index": "64", "last_edit_year": 2025, "years_since_edit": 1, "label": "1.0–3.0 yr", "color": "#a3d99f" }, "geometry": { "type": "Point", "coordinates": [ 8.6684161, 49.415354 ] } },
{ "type": "Feature", "properties": { "index": "65", "last_edit_year": 2025, "years_since_edit": 1, "label": "1.0–3.0 yr", "color": "#a3d99f" }, "geometry": { "type": "Point", "coordinates": [ 8.6684387, 49.415311 ] } },
{ "type": "Feature", "properties": { "index": "66", "last_edit_year": 2025, "years_since_edit": 1, "label": "1.0–3.0 yr", "color": "#a3d99f" }, "geometry": { "type": "Point", "coordinates": [ 8.6683947, 49.4155467 ] } },
{ "type": "Feature", "properties": { "index": "67", "last_edit_year": 2025, "years_since_edit": 1, "label": "1.0–3.0 yr", "color": "#a3d99f" }, "geometry": { "type": "Point", "coordinates": [ 8.6683919, 49.4153944 ] } },
{ "type": "Feature", "properties": { "index": "68", "last_edit_year": 2021, "years_since_edit": 5, "label": "5.0–14.0 yr", "color": "#006d2c" }, "geometry": { "type": "Point", "coordinates": [ 8.6685342, 49.4150637 ] } },
{ "type": "Feature", "properties": { "index": "69", "last_edit_year": 2020, "years_since_edit": 6, "label": "5.0–14.0 yr", "color": "#006d2c" }, "geometry": { "type": "Point", "coordinates": [ 8.6685459, 49.4150296 ] } },
{ "type": "Feature", "properties": { "index": "70", "last_edit_year": 2025, "years_since_edit": 1, "label": "1.0–3.0 yr", "color": "#a3d99f" }, "geometry": { "type": "Point", "coordinates": [ 8.6684843, 49.4154125 ] } },
{ "type": "Feature", "properties": { "index": "71", "last_edit_year": 2021, "years_since_edit": 5, "label": "5.0–14.0 yr", "color": "#006d2c" }, "geometry": { "type": "Point", "coordinates": [ 8.6687904, 49.4152747 ] } },
{ "type": "Feature", "properties": { "index": "72", "last_edit_year": 2021, "years_since_edit": 5, "label": "5.0–14.0 yr", "color": "#006d2c" }, "geometry": { "type": "Point", "coordinates": [ 8.6687226, 49.415413 ] } },
{ "type": "Feature", "properties": { "index": "73", "last_edit_year": 2021, "years_since_edit": 5, "label": "5.0–14.0 yr", "color": "#006d2c" }, "geometry": { "type": "Point", "coordinates": [ 8.6688092, 49.4152253 ] } },
{ "type": "Feature", "properties": { "index": "74", "last_edit_year": 2021, "years_since_edit": 5, "label": "5.0–14.0 yr", "color": "#006d2c" }, "geometry": { "type": "Point", "coordinates": [ 8.6686164, 49.415437 ] } },
{ "type": "Feature", "properties": { "index": "75", "last_edit_year": 2021, "years_since_edit": 5, "label": "5.0–14.0 yr", "color": "#006d2c" }, "geometry": { "type": "Point", "coordinates": [ 8.6685646, 49.4154269 ] } },
{ "type": "Feature", "properties": { "index": "76", "last_edit_year": 2021, "years_since_edit": 5, "label": "5.0–14.0 yr", "color": "#006d2c" }, "geometry": { "type": "Point", "coordinates": [ 8.6689057, 49.4150207 ] } },
{ "type": "Feature", "properties": { "index": "77", "last_edit_year": 2021, "years_since_edit": 5, "label": "5.0–14.0 yr", "color": "#006d2c" }, "geometry": { "type": "Point", "coordinates": [ 8.6688669, 49.4151115 ] } },
{ "type": "Feature", "properties": { "index": "78", "last_edit_year": 2021, "years_since_edit": 5, "label": "5.0–14.0 yr", "color": "#006d2c" }, "geometry": { "type": "Point", "coordinates": [ 8.6688465, 49.4151513 ] } },
{ "type": "Feature", "properties": { "index": "79", "last_edit_year": 2012, "years_since_edit": 14, "label": "5.0–14.0 yr", "color": "#006d2c" }, "geometry": { "type": "Point", "coordinates": [ 8.718223, 49.4086409 ] } },
{ "type": "Feature", "properties": { "index": "80", "last_edit_year": 2023, "years_since_edit": 3, "label": "3.0–5.0 yr", "color": "#47ae5f" }, "geometry": { "type": "Point", "coordinates": [ 8.7175452, 49.4109895 ] } },
{ "type": "Feature", "properties": { "index": "81", "last_edit_year": 2025, "years_since_edit": 1, "label": "1.0–3.0 yr", "color": "#a3d99f" }, "geometry": { "type": "Point", "coordinates": [ 8.7032864, 49.4127157 ] } },
{ "type": "Feature", "properties": { "index": "82", "last_edit_year": 2025, "years_since_edit": 1, "label": "1.0–3.0 yr", "color": "#a3d99f" }, "geometry": { "type": "Point", "coordinates": [ 8.7034786, 49.4127487 ] } },
{ "type": "Feature", "properties": { "index": "83", "last_edit_year": 2025, "years_since_edit": 1, "label": "1.0–3.0 yr", "color": "#a3d99f" }, "geometry": { "type": "Point", "coordinates": [ 8.7032184, 49.4128699 ] } },
{ "type": "Feature", "properties": { "index": "84", "last_edit_year": 2023, "years_since_edit": 3, "label": "3.0–5.0 yr", "color": "#47ae5f" }, "geometry": { "type": "Point", "coordinates": [ 8.7141799, 49.4123947 ] } },
{ "type": "Feature", "properties": { "index": "85", "last_edit_year": 2024, "years_since_edit": 2, "label": "1.0–3.0 yr", "color": "#a3d99f" }, "geometry": { "type": "Point", "coordinates": [ 8.7141998, 49.412607 ] } },
{ "type": "Feature", "properties": { "index": "86", "last_edit_year": 2021, "years_since_edit": 5, "label": "5.0–14.0 yr", "color": "#006d2c" }, "geometry": { "type": "Point", "coordinates": [ 8.6926975, 49.4167026 ] } },
{ "type": "Feature", "properties": { "index": "87", "last_edit_year": 2021, "years_since_edit": 5, "label": "5.0–14.0 yr", "color": "#006d2c" }, "geometry": { "type": "Point", "coordinates": [ 8.6927532, 49.416708 ] } },
{ "type": "Feature", "properties": { "index": "88", "last_edit_year": 2025, "years_since_edit": 1, "label": "1.0–3.0 yr", "color": "#a3d99f" }, "geometry": { "type": "Point", "coordinates": [ 8.692456, 49.4170911 ] } },
{ "type": "Feature", "properties": { "index": "89", "last_edit_year": 2025, "years_since_edit": 1, "label": "1.0–3.0 yr", "color": "#a3d99f" }, "geometry": { "type": "Point", "coordinates": [ 8.6925164, 49.4170997 ] } },
{ "type": "Feature", "properties": { "index": "90", "last_edit_year": 2021, "years_since_edit": 5, "label": "5.0–14.0 yr", "color": "#006d2c" }, "geometry": { "type": "Point", "coordinates": [ 8.6978662, 49.411205 ] } },
{ "type": "Feature", "properties": { "index": "91", "last_edit_year": 2024, "years_since_edit": 2, "label": "1.0–3.0 yr", "color": "#a3d99f" }, "geometry": { "type": "Point", "coordinates": [ 8.6981227, 49.4112056 ] } },
{ "type": "Feature", "properties": { "index": "92", "last_edit_year": 2021, "years_since_edit": 5, "label": "5.0–14.0 yr", "color": "#006d2c" }, "geometry": { "type": "Point", "coordinates": [ 8.6947989, 49.4075531 ] } },
{ "type": "Feature", "properties": { "index": "93", "last_edit_year": 2021, "years_since_edit": 5, "label": "5.0–14.0 yr", "color": "#006d2c" }, "geometry": { "type": "Point", "coordinates": [ 8.6947239, 49.407547 ] } },
{ "type": "Feature", "properties": { "index": "94", "last_edit_year": 2025, "years_since_edit": 1, "label": "1.0–3.0 yr", "color": "#a3d99f" }, "geometry": { "type": "Point", "coordinates": [ 8.694471, 49.4072696 ] } },
{ "type": "Feature", "properties": { "index": "95", "last_edit_year": 2021, "years_since_edit": 5, "label": "5.0–14.0 yr", "color": "#006d2c" }, "geometry": { "type": "Point", "coordinates": [ 8.6944681, 49.4073244 ] } },
{ "type": "Feature", "properties": { "index": "96", "last_edit_year": 2021, "years_since_edit": 5, "label": "5.0–14.0 yr", "color": "#006d2c" }, "geometry": { "type": "Point", "coordinates": [ 8.6944672, 49.4073527 ] } },
{ "type": "Feature", "properties": { "index": "97", "last_edit_year": 2023, "years_since_edit": 3, "label": "3.0–5.0 yr", "color": "#47ae5f" }, "geometry": { "type": "Point", "coordinates": [ 8.6953008, 49.4075897 ] } },
{ "type": "Feature", "properties": { "index": "98", "last_edit_year": 2021, "years_since_edit": 5, "label": "5.0–14.0 yr", "color": "#006d2c" }, "geometry": { "type": "Point", "coordinates": [ 8.6952288, 49.4075829 ] } },
{ "type": "Feature", "properties": { "index": "99", "last_edit_year": 2021, "years_since_edit": 5, "label": "5.0–14.0 yr", "color": "#006d2c" }, "geometry": { "type": "Point", "coordinates": [ 8.6949094, 49.4075619 ] } },
{ "type": "Feature", "properties": { "index": "100", "last_edit_year": 2021, "years_since_edit": 5, "label": "5.0–14.0 yr", "color": "#006d2c" }, "geometry": { "type": "Point", "coordinates": [ 8.6982578, 49.4135158 ] } },
{ "type": "Feature", "properties": { "index": "101", "last_edit_year": 2021, "years_since_edit": 5, "label": "5.0–14.0 yr", "color": "#006d2c" }, "geometry": { "type": "Point", "coordinates": [ 8.6983207, 49.4135219 ] } },
{ "type": "Feature", "properties": { "index": "102", "last_edit_year": 2021, "years_since_edit": 5, "label": "5.0–14.0 yr", "color": "#006d2c" }, "geometry": { "type": "Point", "coordinates": [ 8.6995683, 49.4136541 ] } },
{ "type": "Feature", "properties": { "index": "103", "last_edit_year": 2021, "years_since_edit": 5, "label": "5.0–14.0 yr", "color": "#006d2c" }, "geometry": { "type": "Point", "coordinates": [ 8.6996357, 49.4136662 ] } },
{ "type": "Feature", "properties": { "index": "104", "last_edit_year": 2021, "years_since_edit": 5, "label": "5.0–14.0 yr", "color": "#006d2c" }, "geometry": { "type": "Point", "coordinates": [ 8.6997032, 49.4136784 ] } },
{ "type": "Feature", "properties": { "index": "105", "last_edit_year": 2025, "years_since_edit": 1, "label": "1.0–3.0 yr", "color": "#a3d99f" }, "geometry": { "type": "Point", "coordinates": [ 8.7058931, 49.4147926 ] } },
{ "type": "Feature", "properties": { "index": "106", "last_edit_year": 2025, "years_since_edit": 1, "label": "1.0–3.0 yr", "color": "#a3d99f" }, "geometry": { "type": "Point", "coordinates": [ 8.7063419, 49.4148824 ] } },
{ "type": "Feature", "properties": { "index": "107", "last_edit_year": 2025, "years_since_edit": 1, "label": "1.0–3.0 yr", "color": "#a3d99f" }, "geometry": { "type": "Point", "coordinates": [ 8.7065669, 49.4148871 ] } },
{ "type": "Feature", "properties": { "index": "108", "last_edit_year": 2025, "years_since_edit": 1, "label": "1.0–3.0 yr", "color": "#a3d99f" }, "geometry": { "type": "Point", "coordinates": [ 8.7068882, 49.4149309 ] } },
{ "type": "Feature", "properties": { "index": "109", "last_edit_year": 2025, "years_since_edit": 1, "label": "1.0–3.0 yr", "color": "#a3d99f" }, "geometry": { "type": "Point", "coordinates": [ 8.7066797, 49.4149475 ] } },
{ "type": "Feature", "properties": { "index": "110", "last_edit_year": 2025, "years_since_edit": 1, "label": "1.0–3.0 yr", "color": "#a3d99f" }, "geometry": { "type": "Point", "coordinates": [ 8.7071687, 49.4149479 ] } },
{ "type": "Feature", "properties": { "index": "111", "last_edit_year": 2025, "years_since_edit": 1, "label": "1.0–3.0 yr", "color": "#a3d99f" }, "geometry": { "type": "Point", "coordinates": [ 8.7071051, 49.4149919 ] } },
{ "type": "Feature", "properties": { "index": "112", "last_edit_year": 2025, "years_since_edit": 1, "label": "1.0–3.0 yr", "color": "#a3d99f" }, "geometry": { "type": "Point", "coordinates": [ 8.7074241, 49.4149927 ] } },
{ "type": "Feature", "properties": { "index": "113", "last_edit_year": 2024, "years_since_edit": 2, "label": "1.0–3.0 yr", "color": "#a3d99f" }, "geometry": { "type": "Point", "coordinates": [ 8.7081913, 49.4150256 ] } },
{ "type": "Feature", "properties": { "index": "114", "last_edit_year": 2025, "years_since_edit": 1, "label": "1.0–3.0 yr", "color": "#a3d99f" }, "geometry": { "type": "Point", "coordinates": [ 8.7078285, 49.4150258 ] } },
{ "type": "Feature", "properties": { "index": "115", "last_edit_year": 2024, "years_since_edit": 2, "label": "1.0–3.0 yr", "color": "#a3d99f" }, "geometry": { "type": "Point", "coordinates": [ 8.7002381, 49.4150661 ] } },
{ "type": "Feature", "properties": { "index": "116", "last_edit_year": 2025, "years_since_edit": 1, "label": "1.0–3.0 yr", "color": "#a3d99f" }, "geometry": { "type": "Point", "coordinates": [ 8.7004806, 49.4150887 ] } },
{ "type": "Feature", "properties": { "index": "117", "last_edit_year": 2021, "years_since_edit": 5, "label": "5.0–14.0 yr", "color": "#006d2c" }, "geometry": { "type": "Point", "coordinates": [ 8.7002894, 49.4150921 ] } },
{ "type": "Feature", "properties": { "index": "118", "last_edit_year": 2024, "years_since_edit": 2, "label": "1.0–3.0 yr", "color": "#a3d99f" }, "geometry": { "type": "Point", "coordinates": [ 8.7008826, 49.4150951 ] } },
{ "type": "Feature", "properties": { "index": "119", "last_edit_year": 2024, "years_since_edit": 2, "label": "1.0–3.0 yr", "color": "#a3d99f" }, "geometry": { "type": "Point", "coordinates": [ 8.700345, 49.4151219 ] } },
{ "type": "Feature", "properties": { "index": "120", "last_edit_year": 2021, "years_since_edit": 5, "label": "5.0–14.0 yr", "color": "#006d2c" }, "geometry": { "type": "Point", "coordinates": [ 8.7002313, 49.4151264 ] } },
{ "type": "Feature", "properties": { "index": "121", "last_edit_year": 2021, "years_since_edit": 5, "label": "5.0–14.0 yr", "color": "#006d2c" }, "geometry": { "type": "Point", "coordinates": [ 8.7000359, 49.4151436 ] } },
{ "type": "Feature", "properties": { "index": "122", "last_edit_year": 2024, "years_since_edit": 2, "label": "1.0–3.0 yr", "color": "#a3d99f" }, "geometry": { "type": "Point", "coordinates": [ 8.7100283, 49.4151777 ] } },
{ "type": "Feature", "properties": { "index": "123", "last_edit_year": 2021, "years_since_edit": 5, "label": "5.0–14.0 yr", "color": "#006d2c" }, "geometry": { "type": "Point", "coordinates": [ 8.7001091, 49.415178 ] } },
{ "type": "Feature", "properties": { "index": "124", "last_edit_year": 2021, "years_since_edit": 5, "label": "5.0–14.0 yr", "color": "#006d2c" }, "geometry": { "type": "Point", "coordinates": [ 8.7004488, 49.4152021 ] } },
{ "type": "Feature", "properties": { "index": "125", "last_edit_year": 2021, "years_since_edit": 5, "label": "5.0–14.0 yr", "color": "#006d2c" }, "geometry": { "type": "Point", "coordinates": [ 8.7001791, 49.4152124 ] } },
{ "type": "Feature", "properties": { "index": "126", "last_edit_year": 2021, "years_since_edit": 5, "label": "5.0–14.0 yr", "color": "#006d2c" }, "geometry": { "type": "Point", "coordinates": [ 8.700651, 49.4152148 ] } },
{ "type": "Feature", "properties": { "index": "127", "last_edit_year": 2021, "years_since_edit": 5, "label": "5.0–14.0 yr", "color": "#006d2c" }, "geometry": { "type": "Point", "coordinates": [ 8.7007316, 49.4152225 ] } },
{ "type": "Feature", "properties": { "index": "128", "last_edit_year": 2021, "years_since_edit": 5, "label": "5.0–14.0 yr", "color": "#006d2c" }, "geometry": { "type": "Point", "coordinates": [ 8.7008332, 49.4152342 ] } },
{ "type": "Feature", "properties": { "index": "129", "last_edit_year": 2025, "years_since_edit": 1, "label": "1.0–3.0 yr", "color": "#a3d99f" }, "geometry": { "type": "Point", "coordinates": [ 8.710063, 49.4152346 ] } },
{ "type": "Feature", "properties": { "index": "130", "last_edit_year": 2024, "years_since_edit": 2, "label": "1.0–3.0 yr", "color": "#a3d99f" }, "geometry": { "type": "Point", "coordinates": [ 8.7009821, 49.4152382 ] } },
{ "type": "Feature", "properties": { "index": "131", "last_edit_year": 2025, "years_since_edit": 1, "label": "1.0–3.0 yr", "color": "#a3d99f" }, "geometry": { "type": "Point", "coordinates": [ 8.7101049, 49.4152388 ] } },
{ "type": "Feature", "properties": { "index": "132", "last_edit_year": 2021, "years_since_edit": 5, "label": "5.0–14.0 yr", "color": "#006d2c" }, "geometry": { "type": "Point", "coordinates": [ 8.7002439, 49.4152399 ] } },
{ "type": "Feature", "properties": { "index": "133", "last_edit_year": 2025, "years_since_edit": 1, "label": "1.0–3.0 yr", "color": "#a3d99f" }, "geometry": { "type": "Point", "coordinates": [ 8.710148, 49.4152431 ] } },
{ "type": "Feature", "properties": { "index": "134", "last_edit_year": 2021, "years_since_edit": 5, "label": "5.0–14.0 yr", "color": "#006d2c" }, "geometry": { "type": "Point", "coordinates": [ 8.7003151, 49.415261 ] } },
{ "type": "Feature", "properties": { "index": "135", "last_edit_year": 2021, "years_since_edit": 5, "label": "5.0–14.0 yr", "color": "#006d2c" }, "geometry": { "type": "Point", "coordinates": [ 8.7003947, 49.4152767 ] } },
{ "type": "Feature", "properties": { "index": "136", "last_edit_year": 2021, "years_since_edit": 5, "label": "5.0–14.0 yr", "color": "#006d2c" }, "geometry": { "type": "Point", "coordinates": [ 8.7108153, 49.4152793 ] } },
{ "type": "Feature", "properties": { "index": "137", "last_edit_year": 2021, "years_since_edit": 5, "label": "5.0–14.0 yr", "color": "#006d2c" }, "geometry": { "type": "Point", "coordinates": [ 8.710851, 49.4152805 ] } },
{ "type": "Feature", "properties": { "index": "138", "last_edit_year": 2021, "years_since_edit": 5, "label": "5.0–14.0 yr", "color": "#006d2c" }, "geometry": { "type": "Point", "coordinates": [ 8.7109028, 49.4152818 ] } },
{ "type": "Feature", "properties": { "index": "139", "last_edit_year": 2021, "years_since_edit": 5, "label": "5.0–14.0 yr", "color": "#006d2c" }, "geometry": { "type": "Point", "coordinates": [ 8.7109393, 49.4152835 ] } },
{ "type": "Feature", "properties": { "index": "140", "last_edit_year": 2021, "years_since_edit": 5, "label": "5.0–14.0 yr", "color": "#006d2c" }, "geometry": { "type": "Point", "coordinates": [ 8.7116465, 49.4152853 ] } },
{ "type": "Feature", "properties": { "index": "141", "last_edit_year": 2021, "years_since_edit": 5, "label": "5.0–14.0 yr", "color": "#006d2c" }, "geometry": { "type": "Point", "coordinates": [ 8.7112655, 49.415312 ] } },
{ "type": "Feature", "properties": { "index": "142", "last_edit_year": 2021, "years_since_edit": 5, "label": "5.0–14.0 yr", "color": "#006d2c" }, "geometry": { "type": "Point", "coordinates": [ 8.7113003, 49.4153138 ] } },
{ "type": "Feature", "properties": { "index": "143", "last_edit_year": 2021, "years_since_edit": 5, "label": "5.0–14.0 yr", "color": "#006d2c" }, "geometry": { "type": "Point", "coordinates": [ 8.7113538, 49.415315 ] } },
{ "type": "Feature", "properties": { "index": "144", "last_edit_year": 2021, "years_since_edit": 5, "label": "5.0–14.0 yr", "color": "#006d2c" }, "geometry": { "type": "Point", "coordinates": [ 8.7113912, 49.4153174 ] } },
{ "type": "Feature", "properties": { "index": "145", "last_edit_year": 2021, "years_since_edit": 5, "label": "5.0–14.0 yr", "color": "#006d2c" }, "geometry": { "type": "Point", "coordinates": [ 8.7120597, 49.4153517 ] } },
{ "type": "Feature", "properties": { "index": "146", "last_edit_year": 2021, "years_since_edit": 5, "label": "5.0–14.0 yr", "color": "#006d2c" }, "geometry": { "type": "Point", "coordinates": [ 8.7120937, 49.4153529 ] } },
{ "type": "Feature", "properties": { "index": "147", "last_edit_year": 2021, "years_since_edit": 5, "label": "5.0–14.0 yr", "color": "#006d2c" }, "geometry": { "type": "Point", "coordinates": [ 8.7121489, 49.415358 ] } },
{ "type": "Feature", "properties": { "index": "148", "last_edit_year": 2021, "years_since_edit": 5, "label": "5.0–14.0 yr", "color": "#006d2c" }, "geometry": { "type": "Point", "coordinates": [ 8.7121854, 49.4153581 ] } },
{ "type": "Feature", "properties": { "index": "149", "last_edit_year": 2021, "years_since_edit": 5, "label": "5.0–14.0 yr", "color": "#006d2c" }, "geometry": { "type": "Point", "coordinates": [ 8.7125295, 49.4153767 ] } },
{ "type": "Feature", "properties": { "index": "150", "last_edit_year": 2021, "years_since_edit": 5, "label": "5.0–14.0 yr", "color": "#006d2c" }, "geometry": { "type": "Point", "coordinates": [ 8.712566, 49.415379 ] } },
{ "type": "Feature", "properties": { "index": "151", "last_edit_year": 2021, "years_since_edit": 5, "label": "5.0–14.0 yr", "color": "#006d2c" }, "geometry": { "type": "Point", "coordinates": [ 8.7126204, 49.4153819 ] } },
{ "type": "Feature", "properties": { "index": "152", "last_edit_year": 2021, "years_since_edit": 5, "label": "5.0–14.0 yr", "color": "#006d2c" }, "geometry": { "type": "Point", "coordinates": [ 8.712656, 49.4153843 ] } },
{ "type": "Feature", "properties": { "index": "153", "last_edit_year": 2024, "years_since_edit": 2, "label": "1.0–3.0 yr", "color": "#a3d99f" }, "geometry": { "type": "Point", "coordinates": [ 8.7015005, 49.4154931 ] } },
{ "type": "Feature", "properties": { "index": "154", "last_edit_year": 2025, "years_since_edit": 1, "label": "1.0–3.0 yr", "color": "#a3d99f" }, "geometry": { "type": "Point", "coordinates": [ 8.7022442, 49.4155882 ] } },
{ "type": "Feature", "properties": { "index": "155", "last_edit_year": 2025, "years_since_edit": 1, "label": "1.0–3.0 yr", "color": "#a3d99f" }, "geometry": { "type": "Point", "coordinates": [ 8.7021984, 49.4155908 ] } },
{ "type": "Feature", "properties": { "index": "156", "last_edit_year": 2025, "years_since_edit": 1, "label": "1.0–3.0 yr", "color": "#a3d99f" }, "geometry": { "type": "Point", "coordinates": [ 8.7022867, 49.4156212 ] } },
{ "type": "Feature", "properties": { "index": "157", "last_edit_year": 2025, "years_since_edit": 1, "label": "1.0–3.0 yr", "color": "#a3d99f" }, "geometry": { "type": "Point", "coordinates": [ 8.7060775, 49.4167778 ] } },
{ "type": "Feature", "properties": { "index": "158", "last_edit_year": 2025, "years_since_edit": 1, "label": "1.0–3.0 yr", "color": "#a3d99f" }, "geometry": { "type": "Point", "coordinates": [ 8.7061607, 49.4168014 ] } },
{ "type": "Feature", "properties": { "index": "159", "last_edit_year": 2025, "years_since_edit": 1, "label": "1.0–3.0 yr", "color": "#a3d99f" }, "geometry": { "type": "Point", "coordinates": [ 8.7062291, 49.416821 ] } },
{ "type": "Feature", "properties": { "index": "160", "last_edit_year": 2025, "years_since_edit": 1, "label": "1.0–3.0 yr", "color": "#a3d99f" }, "geometry": { "type": "Point", "coordinates": [ 8.7062779, 49.4168346 ] } },
{ "type": "Feature", "properties": { "index": "161", "last_edit_year": 2025, "years_since_edit": 1, "label": "1.0–3.0 yr", "color": "#a3d99f" }, "geometry": { "type": "Point", "coordinates": [ 8.7063376, 49.4168538 ] } },
{ "type": "Feature", "properties": { "index": "162", "last_edit_year": 2025, "years_since_edit": 1, "label": "1.0–3.0 yr", "color": "#a3d99f" }, "geometry": { "type": "Point", "coordinates": [ 8.706396, 49.4168695 ] } },
{ "type": "Feature", "properties": { "index": "163", "last_edit_year": 2025, "years_since_edit": 1, "label": "1.0–3.0 yr", "color": "#a3d99f" }, "geometry": { "type": "Point", "coordinates": [ 8.7064668, 49.4168894 ] } },
{ "type": "Feature", "properties": { "index": "164", "last_edit_year": 2025, "years_since_edit": 1, "label": "1.0–3.0 yr", "color": "#a3d99f" }, "geometry": { "type": "Point", "coordinates": [ 8.7065366, 49.416909 ] } },
{ "type": "Feature", "properties": { "index": "165", "last_edit_year": 2024, "years_since_edit": 2, "label": "1.0–3.0 yr", "color": "#a3d99f" }, "geometry": { "type": "Point", "coordinates": [ 8.7066251, 49.4169314 ] } },
{ "type": "Feature", "properties": { "index": "166", "last_edit_year": 2025, "years_since_edit": 1, "label": "1.0–3.0 yr", "color": "#a3d99f" }, "geometry": { "type": "Point", "coordinates": [ 8.7067031, 49.4169507 ] } },
{ "type": "Feature", "properties": { "index": "167", "last_edit_year": 2024, "years_since_edit": 2, "label": "1.0–3.0 yr", "color": "#a3d99f" }, "geometry": { "type": "Point", "coordinates": [ 8.7083456, 49.4171469 ] } },
{ "type": "Feature", "properties": { "index": "168", "last_edit_year": 2024, "years_since_edit": 2, "label": "1.0–3.0 yr", "color": "#a3d99f" }, "geometry": { "type": "Point", "coordinates": [ 8.7083064, 49.4171545 ] } },
{ "type": "Feature", "properties": { "index": "169", "last_edit_year": 2023, "years_since_edit": 3, "label": "3.0–5.0 yr", "color": "#47ae5f" }, "geometry": { "type": "Point", "coordinates": [ 8.7086778, 49.4174329 ] } },
{ "type": "Feature", "properties": { "index": "170", "last_edit_year": 2023, "years_since_edit": 3, "label": "3.0–5.0 yr", "color": "#47ae5f" }, "geometry": { "type": "Point", "coordinates": [ 8.7087119, 49.4174385 ] } },
{ "type": "Feature", "properties": { "index": "171", "last_edit_year": 2023, "years_since_edit": 3, "label": "3.0–5.0 yr", "color": "#47ae5f" }, "geometry": { "type": "Point", "coordinates": [ 8.70875, 49.4174472 ] } },
{ "type": "Feature", "properties": { "index": "172", "last_edit_year": 2023, "years_since_edit": 3, "label": "3.0–5.0 yr", "color": "#47ae5f" }, "geometry": { "type": "Point", "coordinates": [ 8.7087854, 49.4174541 ] } },
{ "type": "Feature", "properties": { "index": "173", "last_edit_year": 2021, "years_since_edit": 5, "label": "5.0–14.0 yr", "color": "#006d2c" }, "geometry": { "type": "Point", "coordinates": [ 8.6778206, 49.4115434 ] } },
{ "type": "Feature", "properties": { "index": "174", "last_edit_year": 2021, "years_since_edit": 5, "label": "5.0–14.0 yr", "color": "#006d2c" }, "geometry": { "type": "Point", "coordinates": [ 8.6781093, 49.4115719 ] } },
{ "type": "Feature", "properties": { "index": "175", "last_edit_year": 2021, "years_since_edit": 5, "label": "5.0–14.0 yr", "color": "#006d2c" }, "geometry": { "type": "Point", "coordinates": [ 8.6783728, 49.4116018 ] } },
{ "type": "Feature", "properties": { "index": "176", "last_edit_year": 2021, "years_since_edit": 5, "label": "5.0–14.0 yr", "color": "#006d2c" }, "geometry": { "type": "Point", "coordinates": [ 8.6788246, 49.4116636 ] } },
{ "type": "Feature", "properties": { "index": "177", "last_edit_year": 2021, "years_since_edit": 5, "label": "5.0–14.0 yr", "color": "#006d2c" }, "geometry": { "type": "Point", "coordinates": [ 8.6788615, 49.4116683 ] } },
{ "type": "Feature", "properties": { "index": "178", "last_edit_year": 2021, "years_since_edit": 5, "label": "5.0–14.0 yr", "color": "#006d2c" }, "geometry": { "type": "Point", "coordinates": [ 8.6790212, 49.4116892 ] } },
{ "type": "Feature", "properties": { "index": "179", "last_edit_year": 2026, "years_since_edit": 0, "label": "0.0–1.0 yr", "color": "#edf8e9" }, "geometry": { "type": "Point", "coordinates": [ 8.6792756, 49.4117304 ] } },
{ "type": "Feature", "properties": { "index": "180", "last_edit_year": 2024, "years_since_edit": 2, "label": "1.0–3.0 yr", "color": "#a3d99f" }, "geometry": { "type": "Point", "coordinates": [ 8.6795176, 49.4116673 ] } },
{ "type": "Feature", "properties": { "index": "181", "last_edit_year": 2021, "years_since_edit": 5, "label": "5.0–14.0 yr", "color": "#006d2c" }, "geometry": { "type": "Point", "coordinates": [ 8.6795878, 49.4117809 ] } },
{ "type": "Feature", "properties": { "index": "182", "last_edit_year": 2021, "years_since_edit": 5, "label": "5.0–14.0 yr", "color": "#006d2c" }, "geometry": { "type": "Point", "coordinates": [ 8.6797843, 49.4118179 ] } },
{ "type": "Feature", "properties": { "index": "183", "last_edit_year": 2021, "years_since_edit": 5, "label": "5.0–14.0 yr", "color": "#006d2c" }, "geometry": { "type": "Point", "coordinates": [ 8.6798157, 49.4118243 ] } },
{ "type": "Feature", "properties": { "index": "184", "last_edit_year": 2021, "years_since_edit": 5, "label": "5.0–14.0 yr", "color": "#006d2c" }, "geometry": { "type": "Point", "coordinates": [ 8.6802066, 49.4119051 ] } },
{ "type": "Feature", "properties": { "index": "185", "last_edit_year": 2021, "years_since_edit": 5, "label": "5.0–14.0 yr", "color": "#006d2c" }, "geometry": { "type": "Point", "coordinates": [ 8.6802546, 49.4119175 ] } },
{ "type": "Feature", "properties": { "index": "186", "last_edit_year": 2021, "years_since_edit": 5, "label": "5.0–14.0 yr", "color": "#006d2c" }, "geometry": { "type": "Point", "coordinates": [ 8.6806991, 49.4120239 ] } },
{ "type": "Feature", "properties": { "index": "187", "last_edit_year": 2021, "years_since_edit": 5, "label": "5.0–14.0 yr", "color": "#006d2c" }, "geometry": { "type": "Point", "coordinates": [ 8.6807451, 49.4120359 ] } },
{ "type": "Feature", "properties": { "index": "188", "last_edit_year": 2021, "years_since_edit": 5, "label": "5.0–14.0 yr", "color": "#006d2c" }, "geometry": { "type": "Point", "coordinates": [ 8.6808168, 49.4120534 ] } },
{ "type": "Feature", "properties": { "index": "189", "last_edit_year": 2021, "years_since_edit": 5, "label": "5.0–14.0 yr", "color": "#006d2c" }, "geometry": { "type": "Point", "coordinates": [ 8.6812577, 49.4121583 ] } },
{ "type": "Feature", "properties": { "index": "190", "last_edit_year": 2021, "years_since_edit": 5, "label": "5.0–14.0 yr", "color": "#006d2c" }, "geometry": { "type": "Point", "coordinates": [ 8.6861916, 49.4123521 ] } },
{ "type": "Feature", "properties": { "index": "191", "last_edit_year": 2021, "years_since_edit": 5, "label": "5.0–14.0 yr", "color": "#006d2c" }, "geometry": { "type": "Point", "coordinates": [ 8.6861595, 49.4123603 ] } },
{ "type": "Feature", "properties": { "index": "192", "last_edit_year": 2021, "years_since_edit": 5, "label": "5.0–14.0 yr", "color": "#006d2c" }, "geometry": { "type": "Point", "coordinates": [ 8.6832462, 49.4124038 ] } },
{ "type": "Feature", "properties": { "index": "193", "last_edit_year": 2021, "years_since_edit": 5, "label": "5.0–14.0 yr", "color": "#006d2c" }, "geometry": { "type": "Point", "coordinates": [ 8.6832971, 49.4124084 ] } },
{ "type": "Feature", "properties": { "index": "194", "last_edit_year": 2021, "years_since_edit": 5, "label": "5.0–14.0 yr", "color": "#006d2c" }, "geometry": { "type": "Point", "coordinates": [ 8.6833654, 49.4124141 ] } },
{ "type": "Feature", "properties": { "index": "195", "last_edit_year": 2021, "years_since_edit": 5, "label": "5.0–14.0 yr", "color": "#006d2c" }, "geometry": { "type": "Point", "coordinates": [ 8.6834114, 49.4124183 ] } },
{ "type": "Feature", "properties": { "index": "196", "last_edit_year": 2021, "years_since_edit": 5, "label": "5.0–14.0 yr", "color": "#006d2c" }, "geometry": { "type": "Point", "coordinates": [ 8.6834819, 49.4124235 ] } },
{ "type": "Feature", "properties": { "index": "197", "last_edit_year": 2021, "years_since_edit": 5, "label": "5.0–14.0 yr", "color": "#006d2c" }, "geometry": { "type": "Point", "coordinates": [ 8.6835272, 49.4124287 ] } },
{ "type": "Feature", "properties": { "index": "198", "last_edit_year": 2021, "years_since_edit": 5, "label": "5.0–14.0 yr", "color": "#006d2c" }, "geometry": { "type": "Point", "coordinates": [ 8.6836716, 49.4124409 ] } },
{ "type": "Feature", "properties": { "index": "199", "last_edit_year": 2021, "years_since_edit": 5, "label": "5.0–14.0 yr", "color": "#006d2c" }, "geometry": { "type": "Point", "coordinates": [ 8.6837162, 49.4124451 ] } },
{ "type": "Feature", "properties": { "index": "200", "last_edit_year": 2021, "years_since_edit": 5, "label": "5.0–14.0 yr", "color": "#006d2c" }, "geometry": { "type": "Point", "coordinates": [ 8.6837845, 49.4124512 ] } },
{ "type": "Feature", "properties": { "index": "201", "last_edit_year": 2021, "years_since_edit": 5, "label": "5.0–14.0 yr", "color": "#006d2c" }, "geometry": { "type": "Point", "coordinates": [ 8.6838326, 49.4124563 ] } },
{ "type": "Feature", "properties": { "index": "202", "last_edit_year": 2021, "years_since_edit": 5, "label": "5.0–14.0 yr", "color": "#006d2c" }, "geometry": { "type": "Point", "coordinates": [ 8.6838968, 49.4124602 ] } },
{ "type": "Feature", "properties": { "index": "203", "last_edit_year": 2021, "years_since_edit": 5, "label": "5.0–14.0 yr", "color": "#006d2c" }, "geometry": { "type": "Point", "coordinates": [ 8.6839456, 49.4124649 ] } },
{ "type": "Feature", "properties": { "index": "204", "last_edit_year": 2021, "years_since_edit": 5, "label": "5.0–14.0 yr", "color": "#006d2c" }, "geometry": { "type": "Point", "coordinates": [ 8.6840649, 49.4124752 ] } },
{ "type": "Feature", "properties": { "index": "205", "last_edit_year": 2021, "years_since_edit": 5, "label": "5.0–14.0 yr", "color": "#006d2c" }, "geometry": { "type": "Point", "coordinates": [ 8.6841137, 49.4124785 ] } },
{ "type": "Feature", "properties": { "index": "206", "last_edit_year": 2021, "years_since_edit": 5, "label": "5.0–14.0 yr", "color": "#006d2c" }, "geometry": { "type": "Point", "coordinates": [ 8.6841841, 49.412486 ] } },
{ "type": "Feature", "properties": { "index": "207", "last_edit_year": 2021, "years_since_edit": 5, "label": "5.0–14.0 yr", "color": "#006d2c" }, "geometry": { "type": "Point", "coordinates": [ 8.6842343, 49.4124898 ] } },
{ "type": "Feature", "properties": { "index": "208", "last_edit_year": 2021, "years_since_edit": 5, "label": "5.0–14.0 yr", "color": "#006d2c" }, "geometry": { "type": "Point", "coordinates": [ 8.6843375, 49.4125014 ] } },
{ "type": "Feature", "properties": { "index": "209", "last_edit_year": 2021, "years_since_edit": 5, "label": "5.0–14.0 yr", "color": "#006d2c" }, "geometry": { "type": "Point", "coordinates": [ 8.6843842, 49.4125043 ] } },
{ "type": "Feature", "properties": { "index": "210", "last_edit_year": 2021, "years_since_edit": 5, "label": "5.0–14.0 yr", "color": "#006d2c" }, "geometry": { "type": "Point", "coordinates": [ 8.6844533, 49.4125099 ] } },
{ "type": "Feature", "properties": { "index": "211", "last_edit_year": 2021, "years_since_edit": 5, "label": "5.0–14.0 yr", "color": "#006d2c" }, "geometry": { "type": "Point", "coordinates": [ 8.6844986, 49.4125137 ] } },
{ "type": "Feature", "properties": { "index": "212", "last_edit_year": 2021, "years_since_edit": 5, "label": "5.0–14.0 yr", "color": "#006d2c" }, "geometry": { "type": "Point", "coordinates": [ 8.6845704, 49.4125203 ] } },
{ "type": "Feature", "properties": { "index": "213", "last_edit_year": 2021, "years_since_edit": 5, "label": "5.0–14.0 yr", "color": "#006d2c" }, "geometry": { "type": "Point", "coordinates": [ 8.6846932, 49.4125288 ] } },
{ "type": "Feature", "properties": { "index": "214", "last_edit_year": 2021, "years_since_edit": 5, "label": "5.0–14.0 yr", "color": "#006d2c" }, "geometry": { "type": "Point", "coordinates": [ 8.6847406, 49.4125339 ] } },
{ "type": "Feature", "properties": { "index": "215", "last_edit_year": 2021, "years_since_edit": 5, "label": "5.0–14.0 yr", "color": "#006d2c" }, "geometry": { "type": "Point", "coordinates": [ 8.684804, 49.4125414 ] } },
{ "type": "Feature", "properties": { "index": "216", "last_edit_year": 2021, "years_since_edit": 5, "label": "5.0–14.0 yr", "color": "#006d2c" }, "geometry": { "type": "Point", "coordinates": [ 8.6848543, 49.4125438 ] } },
{ "type": "Feature", "properties": { "index": "217", "last_edit_year": 2021, "years_since_edit": 5, "label": "5.0–14.0 yr", "color": "#006d2c" }, "geometry": { "type": "Point", "coordinates": [ 8.6858946, 49.4125448 ] } },
{ "type": "Feature", "properties": { "index": "218", "last_edit_year": 2021, "years_since_edit": 5, "label": "5.0–14.0 yr", "color": "#006d2c" }, "geometry": { "type": "Point", "coordinates": [ 8.6859301, 49.4125467 ] } },
{ "type": "Feature", "properties": { "index": "219", "last_edit_year": 2021, "years_since_edit": 5, "label": "5.0–14.0 yr", "color": "#006d2c" }, "geometry": { "type": "Point", "coordinates": [ 8.6859685, 49.4125496 ] } },
{ "type": "Feature", "properties": { "index": "220", "last_edit_year": 2021, "years_since_edit": 5, "label": "5.0–14.0 yr", "color": "#006d2c" }, "geometry": { "type": "Point", "coordinates": [ 8.6849205, 49.4125517 ] } },
{ "type": "Feature", "properties": { "index": "221", "last_edit_year": 2021, "years_since_edit": 5, "label": "5.0–14.0 yr", "color": "#006d2c" }, "geometry": { "type": "Point", "coordinates": [ 8.68497, 49.4125551 ] } },
{ "type": "Feature", "properties": { "index": "222", "last_edit_year": 2021, "years_since_edit": 5, "label": "5.0–14.0 yr", "color": "#006d2c" }, "geometry": { "type": "Point", "coordinates": [ 8.6860815, 49.4125576 ] } },
{ "type": "Feature", "properties": { "index": "223", "last_edit_year": 2021, "years_since_edit": 5, "label": "5.0–14.0 yr", "color": "#006d2c" }, "geometry": { "type": "Point", "coordinates": [ 8.6861275, 49.41256 ] } },
{ "type": "Feature", "properties": { "index": "224", "last_edit_year": 2021, "years_since_edit": 5, "label": "5.0–14.0 yr", "color": "#006d2c" }, "geometry": { "type": "Point", "coordinates": [ 8.6850934, 49.4125659 ] } },
{ "type": "Feature", "properties": { "index": "225", "last_edit_year": 2021, "years_since_edit": 5, "label": "5.0–14.0 yr", "color": "#006d2c" }, "geometry": { "type": "Point", "coordinates": [ 8.6851402, 49.4125705 ] } },
{ "type": "Feature", "properties": { "index": "226", "last_edit_year": 2021, "years_since_edit": 5, "label": "5.0–14.0 yr", "color": "#006d2c" }, "geometry": { "type": "Point", "coordinates": [ 8.6852113, 49.4125748 ] } },
{ "type": "Feature", "properties": { "index": "227", "last_edit_year": 2021, "years_since_edit": 5, "label": "5.0–14.0 yr", "color": "#006d2c" }, "geometry": { "type": "Point", "coordinates": [ 8.6866215, 49.4125752 ] } },
{ "type": "Feature", "properties": { "index": "228", "last_edit_year": 2021, "years_since_edit": 5, "label": "5.0–14.0 yr", "color": "#006d2c" }, "geometry": { "type": "Point", "coordinates": [ 8.6866675, 49.412579 ] } },
{ "type": "Feature", "properties": { "index": "229", "last_edit_year": 2021, "years_since_edit": 5, "label": "5.0–14.0 yr", "color": "#006d2c" }, "geometry": { "type": "Point", "coordinates": [ 8.6852587, 49.4125791 ] } },
{ "type": "Feature", "properties": { "index": "230", "last_edit_year": 2021, "years_since_edit": 5, "label": "5.0–14.0 yr", "color": "#006d2c" }, "geometry": { "type": "Point", "coordinates": [ 8.6867073, 49.4125823 ] } },
{ "type": "Feature", "properties": { "index": "231", "last_edit_year": 2021, "years_since_edit": 5, "label": "5.0–14.0 yr", "color": "#006d2c" }, "geometry": { "type": "Point", "coordinates": [ 8.6867519, 49.4125851 ] } },
{ "type": "Feature", "properties": { "index": "232", "last_edit_year": 2021, "years_since_edit": 5, "label": "5.0–14.0 yr", "color": "#006d2c" }, "geometry": { "type": "Point", "coordinates": [ 8.6858957, 49.4125867 ] } },
{ "type": "Feature", "properties": { "index": "233", "last_edit_year": 2021, "years_since_edit": 5, "label": "5.0–14.0 yr", "color": "#006d2c" }, "geometry": { "type": "Point", "coordinates": [ 8.6859382, 49.4125896 ] } },
{ "type": "Feature", "properties": { "index": "234", "last_edit_year": 2021, "years_since_edit": 5, "label": "5.0–14.0 yr", "color": "#006d2c" }, "geometry": { "type": "Point", "coordinates": [ 8.6860457, 49.4125967 ] } },
{ "type": "Feature", "properties": { "index": "235", "last_edit_year": 2021, "years_since_edit": 5, "label": "5.0–14.0 yr", "color": "#006d2c" }, "geometry": { "type": "Point", "coordinates": [ 8.6860924, 49.4125986 ] } },
{ "type": "Feature", "properties": { "index": "236", "last_edit_year": 2021, "years_since_edit": 5, "label": "5.0–14.0 yr", "color": "#006d2c" }, "geometry": { "type": "Point", "coordinates": [ 8.6868721, 49.412649 ] } },
{ "type": "Feature", "properties": { "index": "237", "last_edit_year": 2021, "years_since_edit": 5, "label": "5.0–14.0 yr", "color": "#006d2c" }, "geometry": { "type": "Point", "coordinates": [ 8.6870059, 49.4126762 ] } },
{ "type": "Feature", "properties": { "index": "238", "last_edit_year": 2021, "years_since_edit": 5, "label": "5.0–14.0 yr", "color": "#006d2c" }, "geometry": { "type": "Point", "coordinates": [ 8.6872338, 49.4127269 ] } },
{ "type": "Feature", "properties": { "index": "239", "last_edit_year": 2021, "years_since_edit": 5, "label": "5.0–14.0 yr", "color": "#006d2c" }, "geometry": { "type": "Point", "coordinates": [ 8.6872693, 49.4127361 ] } },
{ "type": "Feature", "properties": { "index": "240", "last_edit_year": 2021, "years_since_edit": 5, "label": "5.0–14.0 yr", "color": "#006d2c" }, "geometry": { "type": "Point", "coordinates": [ 8.6876817, 49.4128419 ] } },
{ "type": "Feature", "properties": { "index": "241", "last_edit_year": 2021, "years_since_edit": 5, "label": "5.0–14.0 yr", "color": "#006d2c" }, "geometry": { "type": "Point", "coordinates": [ 8.6880328, 49.4129289 ] } },
{ "type": "Feature", "properties": { "index": "242", "last_edit_year": 2021, "years_since_edit": 5, "label": "5.0–14.0 yr", "color": "#006d2c" }, "geometry": { "type": "Point", "coordinates": [ 8.6881728, 49.4129625 ] } },
{ "type": "Feature", "properties": { "index": "243", "last_edit_year": 2021, "years_since_edit": 5, "label": "5.0–14.0 yr", "color": "#006d2c" }, "geometry": { "type": "Point", "coordinates": [ 8.6884328, 49.4130142 ] } },
{ "type": "Feature", "properties": { "index": "244", "last_edit_year": 2021, "years_since_edit": 5, "label": "5.0–14.0 yr", "color": "#006d2c" }, "geometry": { "type": "Point", "coordinates": [ 8.6885561, 49.4130359 ] } },
{ "type": "Feature", "properties": { "index": "245", "last_edit_year": 2021, "years_since_edit": 5, "label": "5.0–14.0 yr", "color": "#006d2c" }, "geometry": { "type": "Point", "coordinates": [ 8.6888343, 49.4130704 ] } },
{ "type": "Feature", "properties": { "index": "246", "last_edit_year": 2021, "years_since_edit": 5, "label": "5.0–14.0 yr", "color": "#006d2c" }, "geometry": { "type": "Point", "coordinates": [ 8.688978, 49.4130808 ] } },
{ "type": "Feature", "properties": { "index": "247", "last_edit_year": 2021, "years_since_edit": 5, "label": "5.0–14.0 yr", "color": "#006d2c" }, "geometry": { "type": "Point", "coordinates": [ 8.6892249, 49.4130969 ] } },
{ "type": "Feature", "properties": { "index": "248", "last_edit_year": 2021, "years_since_edit": 5, "label": "5.0–14.0 yr", "color": "#006d2c" }, "geometry": { "type": "Point", "coordinates": [ 8.6893686, 49.4131 ] } },
{ "type": "Feature", "properties": { "index": "249", "last_edit_year": 2021, "years_since_edit": 5, "label": "5.0–14.0 yr", "color": "#006d2c" }, "geometry": { "type": "Point", "coordinates": [ 8.6896616, 49.4131099 ] } },
{ "type": "Feature", "properties": { "index": "250", "last_edit_year": 2021, "years_since_edit": 5, "label": "5.0–14.0 yr", "color": "#006d2c" }, "geometry": { "type": "Point", "coordinates": [ 8.6899148, 49.4131211 ] } },
{ "type": "Feature", "properties": { "index": "251", "last_edit_year": 2021, "years_since_edit": 5, "label": "5.0–14.0 yr", "color": "#006d2c" }, "geometry": { "type": "Point", "coordinates": [ 8.6901896, 49.4131314 ] } },
{ "type": "Feature", "properties": { "index": "252", "last_edit_year": 2021, "years_since_edit": 5, "label": "5.0–14.0 yr", "color": "#006d2c" }, "geometry": { "type": "Point", "coordinates": [ 8.6906061, 49.4131457 ] } },
{ "type": "Feature", "properties": { "index": "253", "last_edit_year": 2021, "years_since_edit": 5, "label": "5.0–14.0 yr", "color": "#006d2c" }, "geometry": { "type": "Point", "coordinates": [ 8.6908911, 49.4131567 ] } },
{ "type": "Feature", "properties": { "index": "254", "last_edit_year": 2021, "years_since_edit": 5, "label": "5.0–14.0 yr", "color": "#006d2c" }, "geometry": { "type": "Point", "coordinates": [ 8.6911593, 49.4131677 ] } },
{ "type": "Feature", "properties": { "index": "255", "last_edit_year": 2021, "years_since_edit": 5, "label": "5.0–14.0 yr", "color": "#006d2c" }, "geometry": { "type": "Point", "coordinates": [ 8.6932346, 49.4132849 ] } },
{ "type": "Feature", "properties": { "index": "256", "last_edit_year": 2021, "years_since_edit": 5, "label": "5.0–14.0 yr", "color": "#006d2c" }, "geometry": { "type": "Point", "coordinates": [ 8.6935078, 49.4132985 ] } },
{ "type": "Feature", "properties": { "index": "257", "last_edit_year": 2015, "years_since_edit": 11, "label": "5.0–14.0 yr", "color": "#006d2c" }, "geometry": { "type": "Point", "coordinates": [ 8.7099575, 49.4095152 ] } },
{ "type": "Feature", "properties": { "index": "258", "last_edit_year": 2026, "years_since_edit": 0, "label": "0.0–1.0 yr", "color": "#edf8e9" }, "geometry": { "type": "Point", "coordinates": [ 8.7110293, 49.418232 ] } },
{ "type": "Feature", "properties": { "index": "259", "last_edit_year": 2025, "years_since_edit": 1, "label": "1.0–3.0 yr", "color": "#a3d99f" }, "geometry": { "type": "Point", "coordinates": [ 8.7111173, 49.4182836 ] } },
{ "type": "Feature", "properties": { "index": "260", "last_edit_year": 2025, "years_since_edit": 1, "label": "1.0–3.0 yr", "color": "#a3d99f" }, "geometry": { "type": "Point", "coordinates": [ 8.7111822, 49.418323 ] } },
{ "type": "Feature", "properties": { "index": "261", "last_edit_year": 2025, "years_since_edit": 1, "label": "1.0–3.0 yr", "color": "#a3d99f" }, "geometry": { "type": "Point", "coordinates": [ 8.7112183, 49.4183415 ] } },
{ "type": "Feature", "properties": { "index": "262", "last_edit_year": 2026, "years_since_edit": 0, "label": "0.0–1.0 yr", "color": "#edf8e9" }, "geometry": { "type": "Point", "coordinates": [ 8.7109497, 49.4183583 ] } },
{ "type": "Feature", "properties": { "index": "263", "last_edit_year": 2026, "years_since_edit": 0, "label": "0.0–1.0 yr", "color": "#edf8e9" }, "geometry": { "type": "Point", "coordinates": [ 8.7109735, 49.4183664 ] } },
{ "type": "Feature", "properties": { "index": "264", "last_edit_year": 2025, "years_since_edit": 1, "label": "1.0–3.0 yr", "color": "#a3d99f" }, "geometry": { "type": "Point", "coordinates": [ 8.7111913, 49.4183905 ] } },
{ "type": "Feature", "properties": { "index": "265", "last_edit_year": 2025, "years_since_edit": 1, "label": "1.0–3.0 yr", "color": "#a3d99f" }, "geometry": { "type": "Point", "coordinates": [ 8.7111579, 49.4185184 ] } },
{ "type": "Feature", "properties": { "index": "266", "last_edit_year": 2025, "years_since_edit": 1, "label": "1.0–3.0 yr", "color": "#a3d99f" }, "geometry": { "type": "Point", "coordinates": [ 8.7111685, 49.4185723 ] } },
{ "type": "Feature", "properties": { "index": "267", "last_edit_year": 2017, "years_since_edit": 9, "label": "5.0–14.0 yr", "color": "#006d2c" }, "geometry": { "type": "Point", "coordinates": [ 8.7130968, 49.4091999 ] } },
{ "type": "Feature", "properties": { "index": "268", "last_edit_year": 2017, "years_since_edit": 9, "label": "5.0–14.0 yr", "color": "#006d2c" }, "geometry": { "type": "Point", "coordinates": [ 8.7130604, 49.409202 ] } },
{ "type": "Feature", "properties": { "index": "269", "last_edit_year": 2025, "years_since_edit": 1, "label": "1.0–3.0 yr", "color": "#a3d99f" }, "geometry": { "type": "Point", "coordinates": [ 8.7172239, 49.4047409 ] } },
{ "type": "Feature", "properties": { "index": "270", "last_edit_year": 2026, "years_since_edit": 0, "label": "0.0–1.0 yr", "color": "#edf8e9" }, "geometry": { "type": "Point", "coordinates": [ 8.7173388, 49.409893 ] } },
{ "type": "Feature", "properties": { "index": "271", "last_edit_year": 2023, "years_since_edit": 3, "label": "3.0–5.0 yr", "color": "#47ae5f" }, "geometry": { "type": "Point", "coordinates": [ 8.7144797, 49.4099678 ] } },
{ "type": "Feature", "properties": { "index": "272", "last_edit_year": 2026, "years_since_edit": 0, "label": "0.0–1.0 yr", "color": "#edf8e9" }, "geometry": { "type": "Point", "coordinates": [ 8.7184411, 49.4099731 ] } },
{ "type": "Feature", "properties": { "index": "273", "last_edit_year": 2023, "years_since_edit": 3, "label": "3.0–5.0 yr", "color": "#47ae5f" }, "geometry": { "type": "Point", "coordinates": [ 8.714107, 49.4100699 ] } },
{ "type": "Feature", "properties": { "index": "274", "last_edit_year": 2026, "years_since_edit": 0, "label": "0.0–1.0 yr", "color": "#edf8e9" }, "geometry": { "type": "Point", "coordinates": [ 8.7194216, 49.4100786 ] } },
{ "type": "Feature", "properties": { "index": "275", "last_edit_year": 2023, "years_since_edit": 3, "label": "3.0–5.0 yr", "color": "#47ae5f" }, "geometry": { "type": "Point", "coordinates": [ 8.7144342, 49.4101316 ] } },
{ "type": "Feature", "properties": { "index": "276", "last_edit_year": 2023, "years_since_edit": 3, "label": "3.0–5.0 yr", "color": "#47ae5f" }, "geometry": { "type": "Point", "coordinates": [ 8.7141426, 49.4101411 ] } },
{ "type": "Feature", "properties": { "index": "277", "last_edit_year": 2023, "years_since_edit": 3, "label": "3.0–5.0 yr", "color": "#47ae5f" }, "geometry": { "type": "Point", "coordinates": [ 8.7141381, 49.4101988 ] } },
{ "type": "Feature", "properties": { "index": "278", "last_edit_year": 2026, "years_since_edit": 0, "label": "0.0–1.0 yr", "color": "#edf8e9" }, "geometry": { "type": "Point", "coordinates": [ 8.7193974, 49.4102039 ] } },
{ "type": "Feature", "properties": { "index": "279", "last_edit_year": 2026, "years_since_edit": 0, "label": "0.0–1.0 yr", "color": "#edf8e9" }, "geometry": { "type": "Point", "coordinates": [ 8.7168624, 49.4103026 ] } },
{ "type": "Feature", "properties": { "index": "280", "last_edit_year": 2023, "years_since_edit": 3, "label": "3.0–5.0 yr", "color": "#47ae5f" }, "geometry": { "type": "Point", "coordinates": [ 8.7143794, 49.4103129 ] } },
{ "type": "Feature", "properties": { "index": "281", "last_edit_year": 2023, "years_since_edit": 3, "label": "3.0–5.0 yr", "color": "#47ae5f" }, "geometry": { "type": "Point", "coordinates": [ 8.7141258, 49.4103608 ] } },
{ "type": "Feature", "properties": { "index": "282", "last_edit_year": 2026, "years_since_edit": 0, "label": "0.0–1.0 yr", "color": "#edf8e9" }, "geometry": { "type": "Point", "coordinates": [ 8.7168615, 49.4104686 ] } },
{ "type": "Feature", "properties": { "index": "283", "last_edit_year": 2023, "years_since_edit": 3, "label": "3.0–5.0 yr", "color": "#47ae5f" }, "geometry": { "type": "Point", "coordinates": [ 8.714331, 49.4104859 ] } },
{ "type": "Feature", "properties": { "index": "284", "last_edit_year": 2023, "years_since_edit": 3, "label": "3.0–5.0 yr", "color": "#47ae5f" }, "geometry": { "type": "Point", "coordinates": [ 8.7191828, 49.4106648 ] } },
{ "type": "Feature", "properties": { "index": "285", "last_edit_year": 2023, "years_since_edit": 3, "label": "3.0–5.0 yr", "color": "#47ae5f" }, "geometry": { "type": "Point", "coordinates": [ 8.7170959, 49.4107429 ] } },
{ "type": "Feature", "properties": { "index": "286", "last_edit_year": 2023, "years_since_edit": 3, "label": "3.0–5.0 yr", "color": "#47ae5f" }, "geometry": { "type": "Point", "coordinates": [ 8.719162, 49.4107823 ] } },
{ "type": "Feature", "properties": { "index": "287", "last_edit_year": 2026, "years_since_edit": 0, "label": "0.0–1.0 yr", "color": "#edf8e9" }, "geometry": { "type": "Point", "coordinates": [ 8.7081431, 49.4069912 ] } },
{ "type": "Feature", "properties": { "index": "288", "last_edit_year": 2025, "years_since_edit": 1, "label": "1.0–3.0 yr", "color": "#a3d99f" }, "geometry": { "type": "Point", "coordinates": [ 8.7089388, 49.4058518 ] } },
{ "type": "Feature", "properties": { "index": "289", "last_edit_year": 2025, "years_since_edit": 1, "label": "1.0–3.0 yr", "color": "#a3d99f" }, "geometry": { "type": "Point", "coordinates": [ 8.7090021, 49.4058771 ] } },
{ "type": "Feature", "properties": { "index": "290", "last_edit_year": 2025, "years_since_edit": 1, "label": "1.0–3.0 yr", "color": "#a3d99f" }, "geometry": { "type": "Point", "coordinates": [ 8.7090643, 49.4058928 ] } },
{ "type": "Feature", "properties": { "index": "291", "last_edit_year": 2025, "years_since_edit": 1, "label": "1.0–3.0 yr", "color": "#a3d99f" }, "geometry": { "type": "Point", "coordinates": [ 8.7094006, 49.4060909 ] } },
{ "type": "Feature", "properties": { "index": "292", "last_edit_year": 2025, "years_since_edit": 1, "label": "1.0–3.0 yr", "color": "#a3d99f" }, "geometry": { "type": "Point", "coordinates": [ 8.7087272, 49.4061921 ] } },
{ "type": "Feature", "properties": { "index": "293", "last_edit_year": 2025, "years_since_edit": 1, "label": "1.0–3.0 yr", "color": "#a3d99f" }, "geometry": { "type": "Point", "coordinates": [ 8.7088405, 49.4062967 ] } },
{ "type": "Feature", "properties": { "index": "294", "last_edit_year": 2025, "years_since_edit": 1, "label": "1.0–3.0 yr", "color": "#a3d99f" }, "geometry": { "type": "Point", "coordinates": [ 8.7084278, 49.4065461 ] } },
{ "type": "Feature", "properties": { "index": "295", "last_edit_year": 2026, "years_since_edit": 0, "label": "0.0–1.0 yr", "color": "#edf8e9" }, "geometry": { "type": "Point", "coordinates": [ 8.7112307, 49.409154 ] } },
{ "type": "Feature", "properties": { "index": "296", "last_edit_year": 2026, "years_since_edit": 0, "label": "0.0–1.0 yr", "color": "#edf8e9" }, "geometry": { "type": "Point", "coordinates": [ 8.7112356, 49.4091709 ] } },
{ "type": "Feature", "properties": { "index": "297", "last_edit_year": 2015, "years_since_edit": 11, "label": "5.0–14.0 yr", "color": "#006d2c" }, "geometry": { "type": "Point", "coordinates": [ 8.7125621, 49.409915 ] } },
{ "type": "Feature", "properties": { "index": "298", "last_edit_year": 2015, "years_since_edit": 11, "label": "5.0–14.0 yr", "color": "#006d2c" }, "geometry": { "type": "Point", "coordinates": [ 8.7126396, 49.409923 ] } },
{ "type": "Feature", "properties": { "index": "299", "last_edit_year": 2015, "years_since_edit": 11, "label": "5.0–14.0 yr", "color": "#006d2c" }, "geometry": { "type": "Point", "coordinates": [ 8.7127121, 49.4099313 ] } },
{ "type": "Feature", "properties": { "index": "300", "last_edit_year": 2015, "years_since_edit": 11, "label": "5.0–14.0 yr", "color": "#006d2c" }, "geometry": { "type": "Point", "coordinates": [ 8.7127305, 49.4099549 ] } },
{ "type": "Feature", "properties": { "index": "301", "last_edit_year": 2026, "years_since_edit": 0, "label": "0.0–1.0 yr", "color": "#edf8e9" }, "geometry": { "type": "Point", "coordinates": [ 8.7111524, 49.4101802 ] } },
{ "type": "Feature", "properties": { "index": "302", "last_edit_year": 2024, "years_since_edit": 2, "label": "1.0–3.0 yr", "color": "#a3d99f" }, "geometry": { "type": "Point", "coordinates": [ 8.7111824, 49.4102848 ] } },
{ "type": "Feature", "properties": { "index": "303", "last_edit_year": 2015, "years_since_edit": 11, "label": "5.0–14.0 yr", "color": "#006d2c" }, "geometry": { "type": "Point", "coordinates": [ 8.7127307, 49.4091076 ] } },
{ "type": "Feature", "properties": { "index": "304", "last_edit_year": 2015, "years_since_edit": 11, "label": "5.0–14.0 yr", "color": "#006d2c" }, "geometry": { "type": "Point", "coordinates": [ 8.7127837, 49.4091485 ] } },
{ "type": "Feature", "properties": { "index": "305", "last_edit_year": 2015, "years_since_edit": 11, "label": "5.0–14.0 yr", "color": "#006d2c" }, "geometry": { "type": "Point", "coordinates": [ 8.7128493, 49.4091615 ] } },
{ "type": "Feature", "properties": { "index": "306", "last_edit_year": 2025, "years_since_edit": 1, "label": "1.0–3.0 yr", "color": "#a3d99f" }, "geometry": { "type": "Point", "coordinates": [ 8.6993035, 49.4057183 ] } },
{ "type": "Feature", "properties": { "index": "307", "last_edit_year": 2021, "years_since_edit": 5, "label": "5.0–14.0 yr", "color": "#006d2c" }, "geometry": { "type": "Point", "coordinates": [ 8.7003178, 49.4095075 ] } },
{ "type": "Feature", "properties": { "index": "308", "last_edit_year": 2021, "years_since_edit": 5, "label": "5.0–14.0 yr", "color": "#006d2c" }, "geometry": { "type": "Point", "coordinates": [ 8.7003605, 49.4095086 ] } },
{ "type": "Feature", "properties": { "index": "309", "last_edit_year": 2025, "years_since_edit": 1, "label": "1.0–3.0 yr", "color": "#a3d99f" }, "geometry": { "type": "Point", "coordinates": [ 8.7001578, 49.4096306 ] } },
{ "type": "Feature", "properties": { "index": "310", "last_edit_year": 2025, "years_since_edit": 1, "label": "1.0–3.0 yr", "color": "#a3d99f" }, "geometry": { "type": "Point", "coordinates": [ 8.7001275, 49.4098521 ] } },
{ "type": "Feature", "properties": { "index": "311", "last_edit_year": 2021, "years_since_edit": 5, "label": "5.0–14.0 yr", "color": "#006d2c" }, "geometry": { "type": "Point", "coordinates": [ 8.6950922, 49.4135211 ] } },
{ "type": "Feature", "properties": { "index": "312", "last_edit_year": 2021, "years_since_edit": 5, "label": "5.0–14.0 yr", "color": "#006d2c" }, "geometry": { "type": "Point", "coordinates": [ 8.6952172, 49.413523 ] } },
{ "type": "Feature", "properties": { "index": "313", "last_edit_year": 2021, "years_since_edit": 5, "label": "5.0–14.0 yr", "color": "#006d2c" }, "geometry": { "type": "Point", "coordinates": [ 8.6780601, 49.411769 ] } },
{ "type": "Feature", "properties": { "index": "314", "last_edit_year": 2021, "years_since_edit": 5, "label": "5.0–14.0 yr", "color": "#006d2c" }, "geometry": { "type": "Point", "coordinates": [ 8.6780806, 49.4117809 ] } },
{ "type": "Feature", "properties": { "index": "315", "last_edit_year": 2025, "years_since_edit": 1, "label": "1.0–3.0 yr", "color": "#a3d99f" }, "geometry": { "type": "Point", "coordinates": [ 8.7009358, 49.4139258 ] } },
{ "type": "Feature", "properties": { "index": "316", "last_edit_year": 2025, "years_since_edit": 1, "label": "1.0–3.0 yr", "color": "#a3d99f" }, "geometry": { "type": "Point", "coordinates": [ 8.7009741, 49.4139425 ] } },
{ "type": "Feature", "properties": { "index": "317", "last_edit_year": 2023, "years_since_edit": 3, "label": "3.0–5.0 yr", "color": "#47ae5f" }, "geometry": { "type": "Point", "coordinates": [ 8.7180807, 49.4118037 ] } },
{ "type": "Feature", "properties": { "index": "318", "last_edit_year": 2026, "years_since_edit": 0, "label": "0.0–1.0 yr", "color": "#edf8e9" }, "geometry": { "type": "Point", "coordinates": [ 8.7183659, 49.4121867 ] } },
{ "type": "Feature", "properties": { "index": "319", "last_edit_year": 2023, "years_since_edit": 3, "label": "3.0–5.0 yr", "color": "#47ae5f" }, "geometry": { "type": "Point", "coordinates": [ 8.7180384, 49.4124287 ] } },
{ "type": "Feature", "properties": { "index": "320", "last_edit_year": 2023, "years_since_edit": 3, "label": "3.0–5.0 yr", "color": "#47ae5f" }, "geometry": { "type": "Point", "coordinates": [ 8.7184053, 49.4124516 ] } },
{ "type": "Feature", "properties": { "index": "321", "last_edit_year": 2023, "years_since_edit": 3, "label": "3.0–5.0 yr", "color": "#47ae5f" }, "geometry": { "type": "Point", "coordinates": [ 8.7181158, 49.4124711 ] } },
{ "type": "Feature", "properties": { "index": "322", "last_edit_year": 2023, "years_since_edit": 3, "label": "3.0–5.0 yr", "color": "#47ae5f" }, "geometry": { "type": "Point", "coordinates": [ 8.7183175, 49.4124828 ] } },
{ "type": "Feature", "properties": { "index": "323", "last_edit_year": 2023, "years_since_edit": 3, "label": "3.0–5.0 yr", "color": "#47ae5f" }, "geometry": { "type": "Point", "coordinates": [ 8.7179385, 49.4125484 ] } },
{ "type": "Feature", "properties": { "index": "324", "last_edit_year": 2023, "years_since_edit": 3, "label": "3.0–5.0 yr", "color": "#47ae5f" }, "geometry": { "type": "Point", "coordinates": [ 8.7179222, 49.4126276 ] } },
{ "type": "Feature", "properties": { "index": "325", "last_edit_year": 2023, "years_since_edit": 3, "label": "3.0–5.0 yr", "color": "#47ae5f" }, "geometry": { "type": "Point", "coordinates": [ 8.7179082, 49.4127021 ] } },
{ "type": "Feature", "properties": { "index": "326", "last_edit_year": 2023, "years_since_edit": 3, "label": "3.0–5.0 yr", "color": "#47ae5f" }, "geometry": { "type": "Point", "coordinates": [ 8.7179408, 49.4127329 ] } },
{ "type": "Feature", "properties": { "index": "327", "last_edit_year": 2025, "years_since_edit": 1, "label": "1.0–3.0 yr", "color": "#a3d99f" }, "geometry": { "type": "Point", "coordinates": [ 8.7188677, 49.4115944 ] } },
{ "type": "Feature", "properties": { "index": "328", "last_edit_year": 2025, "years_since_edit": 1, "label": "1.0–3.0 yr", "color": "#a3d99f" }, "geometry": { "type": "Point", "coordinates": [ 8.6936854, 49.4116009 ] } },
{ "type": "Feature", "properties": { "index": "329", "last_edit_year": 2025, "years_since_edit": 1, "label": "1.0–3.0 yr", "color": "#a3d99f" }, "geometry": { "type": "Point", "coordinates": [ 8.6939477, 49.4116366 ] } },
{ "type": "Feature", "properties": { "index": "330", "last_edit_year": 2021, "years_since_edit": 5, "label": "5.0–14.0 yr", "color": "#006d2c" }, "geometry": { "type": "Point", "coordinates": [ 8.6964756, 49.4119847 ] } },
{ "type": "Feature", "properties": { "index": "331", "last_edit_year": 2024, "years_since_edit": 2, "label": "1.0–3.0 yr", "color": "#a3d99f" }, "geometry": { "type": "Point", "coordinates": [ 8.6968678, 49.4120403 ] } },
{ "type": "Feature", "properties": { "index": "332", "last_edit_year": 2024, "years_since_edit": 2, "label": "1.0–3.0 yr", "color": "#a3d99f" }, "geometry": { "type": "Point", "coordinates": [ 8.6971143, 49.4120737 ] } },
{ "type": "Feature", "properties": { "index": "333", "last_edit_year": 2021, "years_since_edit": 5, "label": "5.0–14.0 yr", "color": "#006d2c" }, "geometry": { "type": "Point", "coordinates": [ 8.7117927, 49.4152947 ] } },
{ "type": "Feature", "properties": { "index": "334", "last_edit_year": 2024, "years_since_edit": 2, "label": "1.0–3.0 yr", "color": "#a3d99f" }, "geometry": { "type": "Point", "coordinates": [ 8.7041307, 49.4131467 ] } },
{ "type": "Feature", "properties": { "index": "335", "last_edit_year": 2020, "years_since_edit": 6, "label": "5.0–14.0 yr", "color": "#006d2c" }, "geometry": { "type": "Point", "coordinates": [ 8.707197, 49.4185367 ] } },
{ "type": "Feature", "properties": { "index": "336", "last_edit_year": 2025, "years_since_edit": 1, "label": "1.0–3.0 yr", "color": "#a3d99f" }, "geometry": { "type": "Point", "coordinates": [ 8.7123456, 49.4135727 ] } },
{ "type": "Feature", "properties": { "index": "337", "last_edit_year": 2025, "years_since_edit": 1, "label": "1.0–3.0 yr", "color": "#a3d99f" }, "geometry": { "type": "Point", "coordinates": [ 8.7123918, 49.4135795 ] } },
{ "type": "Feature", "properties": { "index": "338", "last_edit_year": 2021, "years_since_edit": 5, "label": "5.0–14.0 yr", "color": "#006d2c" }, "geometry": { "type": "Point", "coordinates": [ 8.714547, 49.4138154 ] } },
{ "type": "Feature", "properties": { "index": "339", "last_edit_year": 2021, "years_since_edit": 5, "label": "5.0–14.0 yr", "color": "#006d2c" }, "geometry": { "type": "Point", "coordinates": [ 8.7145799, 49.4138443 ] } },
{ "type": "Feature", "properties": { "index": "340", "last_edit_year": 2021, "years_since_edit": 5, "label": "5.0–14.0 yr", "color": "#006d2c" }, "geometry": { "type": "Point", "coordinates": [ 8.714738, 49.4138789 ] } },
{ "type": "Feature", "properties": { "index": "341", "last_edit_year": 2021, "years_since_edit": 5, "label": "5.0–14.0 yr", "color": "#006d2c" }, "geometry": { "type": "Point", "coordinates": [ 8.7148371, 49.413892 ] } },
{ "type": "Feature", "properties": { "index": "342", "last_edit_year": 2013, "years_since_edit": 13, "label": "5.0–14.0 yr", "color": "#006d2c" }, "geometry": { "type": "Point", "coordinates": [ 8.7197754, 49.4210047 ] } },
{ "type": "Feature", "properties": { "index": "343", "last_edit_year": 2024, "years_since_edit": 2, "label": "1.0–3.0 yr", "color": "#a3d99f" }, "geometry": { "type": "Point", "coordinates": [ 8.704228, 49.4195555 ] } },
{ "type": "Feature", "properties": { "index": "344", "last_edit_year": 2021, "years_since_edit": 5, "label": "5.0–14.0 yr", "color": "#006d2c" }, "geometry": { "type": "Point", "coordinates": [ 8.6946238, 49.4071931 ] } },
{ "type": "Feature", "properties": { "index": "345", "last_edit_year": 2021, "years_since_edit": 5, "label": "5.0–14.0 yr", "color": "#006d2c" }, "geometry": { "type": "Point", "coordinates": [ 8.694667, 49.4071953 ] } },
{ "type": "Feature", "properties": { "index": "346", "last_edit_year": 2021, "years_since_edit": 5, "label": "5.0–14.0 yr", "color": "#006d2c" }, "geometry": { "type": "Point", "coordinates": [ 8.6948346, 49.4072038 ] } },
{ "type": "Feature", "properties": { "index": "347", "last_edit_year": 2021, "years_since_edit": 5, "label": "5.0–14.0 yr", "color": "#006d2c" }, "geometry": { "type": "Point", "coordinates": [ 8.6948709, 49.4072056 ] } },
{ "type": "Feature", "properties": { "index": "348", "last_edit_year": 2021, "years_since_edit": 5, "label": "5.0–14.0 yr", "color": "#006d2c" }, "geometry": { "type": "Point", "coordinates": [ 8.6950113, 49.4072127 ] } },
{ "type": "Feature", "properties": { "index": "349", "last_edit_year": 2021, "years_since_edit": 5, "label": "5.0–14.0 yr", "color": "#006d2c" }, "geometry": { "type": "Point", "coordinates": [ 8.6950487, 49.4072145 ] } },
{ "type": "Feature", "properties": { "index": "350", "last_edit_year": 2025, "years_since_edit": 1, "label": "1.0–3.0 yr", "color": "#a3d99f" }, "geometry": { "type": "Point", "coordinates": [ 8.6944723, 49.4072403 ] } },
{ "type": "Feature", "properties": { "index": "351", "last_edit_year": 2021, "years_since_edit": 5, "label": "5.0–14.0 yr", "color": "#006d2c" }, "geometry": { "type": "Point", "coordinates": [ 8.6952644, 49.4073498 ] } },
{ "type": "Feature", "properties": { "index": "352", "last_edit_year": 2021, "years_since_edit": 5, "label": "5.0–14.0 yr", "color": "#006d2c" }, "geometry": { "type": "Point", "coordinates": [ 8.6951274, 49.4073616 ] } },
{ "type": "Feature", "properties": { "index": "353", "last_edit_year": 2021, "years_since_edit": 5, "label": "5.0–14.0 yr", "color": "#006d2c" }, "geometry": { "type": "Point", "coordinates": [ 8.6951213, 49.407411 ] } },
{ "type": "Feature", "properties": { "index": "354", "last_edit_year": 2021, "years_since_edit": 5, "label": "5.0–14.0 yr", "color": "#006d2c" }, "geometry": { "type": "Point", "coordinates": [ 8.6953062, 49.4074113 ] } },
{ "type": "Feature", "properties": { "index": "355", "last_edit_year": 2023, "years_since_edit": 3, "label": "3.0–5.0 yr", "color": "#47ae5f" }, "geometry": { "type": "Point", "coordinates": [ 8.6955166, 49.4076208 ] } },
{ "type": "Feature", "properties": { "index": "356", "last_edit_year": 2024, "years_since_edit": 2, "label": "1.0–3.0 yr", "color": "#a3d99f" }, "geometry": { "type": "Point", "coordinates": [ 8.6984721, 49.4085567 ] } },
{ "type": "Feature", "properties": { "index": "357", "last_edit_year": 2024, "years_since_edit": 2, "label": "1.0–3.0 yr", "color": "#a3d99f" }, "geometry": { "type": "Point", "coordinates": [ 8.6986718, 49.4085838 ] } },
{ "type": "Feature", "properties": { "index": "358", "last_edit_year": 2024, "years_since_edit": 2, "label": "1.0–3.0 yr", "color": "#a3d99f" }, "geometry": { "type": "Point", "coordinates": [ 8.69842, 49.4086914 ] } },
{ "type": "Feature", "properties": { "index": "359", "last_edit_year": 2024, "years_since_edit": 2, "label": "1.0–3.0 yr", "color": "#a3d99f" }, "geometry": { "type": "Point", "coordinates": [ 8.698632, 49.4087341 ] } },
{ "type": "Feature", "properties": { "index": "360", "last_edit_year": 2024, "years_since_edit": 2, "label": "1.0–3.0 yr", "color": "#a3d99f" }, "geometry": { "type": "Point", "coordinates": [ 8.6983628, 49.4088395 ] } },
{ "type": "Feature", "properties": { "index": "361", "last_edit_year": 2024, "years_since_edit": 2, "label": "1.0–3.0 yr", "color": "#a3d99f" }, "geometry": { "type": "Point", "coordinates": [ 8.6985932, 49.4088807 ] } },
{ "type": "Feature", "properties": { "index": "362", "last_edit_year": 2021, "years_since_edit": 5, "label": "5.0–14.0 yr", "color": "#006d2c" }, "geometry": { "type": "Point", "coordinates": [ 8.6781964, 49.4214887 ] } },
{ "type": "Feature", "properties": { "index": "363", "last_edit_year": 2021, "years_since_edit": 5, "label": "5.0–14.0 yr", "color": "#006d2c" }, "geometry": { "type": "Point", "coordinates": [ 8.6781535, 49.4215513 ] } },
{ "type": "Feature", "properties": { "index": "364", "last_edit_year": 2023, "years_since_edit": 3, "label": "3.0–5.0 yr", "color": "#47ae5f" }, "geometry": { "type": "Point", "coordinates": [ 8.6757929, 49.4113281 ] } },
{ "type": "Feature", "properties": { "index": "365", "last_edit_year": 2021, "years_since_edit": 5, "label": "5.0–14.0 yr", "color": "#006d2c" }, "geometry": { "type": "Point", "coordinates": [ 8.6988133, 49.4119964 ] } },
{ "type": "Feature", "properties": { "index": "366", "last_edit_year": 2021, "years_since_edit": 5, "label": "5.0–14.0 yr", "color": "#006d2c" }, "geometry": { "type": "Point", "coordinates": [ 8.6989349, 49.4120018 ] } },
{ "type": "Feature", "properties": { "index": "367", "last_edit_year": 2021, "years_since_edit": 5, "label": "5.0–14.0 yr", "color": "#006d2c" }, "geometry": { "type": "Point", "coordinates": [ 8.6990566, 49.4120072 ] } },
{ "type": "Feature", "properties": { "index": "368", "last_edit_year": 2025, "years_since_edit": 1, "label": "1.0–3.0 yr", "color": "#a3d99f" }, "geometry": { "type": "Point", "coordinates": [ 8.6718566, 49.3981341 ] } },
{ "type": "Feature", "properties": { "index": "369", "last_edit_year": 2025, "years_since_edit": 1, "label": "1.0–3.0 yr", "color": "#a3d99f" }, "geometry": { "type": "Point", "coordinates": [ 8.6716628, 49.3982198 ] } },
{ "type": "Feature", "properties": { "index": "370", "last_edit_year": 2022, "years_since_edit": 4, "label": "3.0–5.0 yr", "color": "#47ae5f" }, "geometry": { "type": "Point", "coordinates": [ 8.6708228, 49.398279 ] } },
{ "type": "Feature", "properties": { "index": "371", "last_edit_year": 2025, "years_since_edit": 1, "label": "1.0–3.0 yr", "color": "#a3d99f" }, "geometry": { "type": "Point", "coordinates": [ 8.6714852, 49.3983008 ] } },
{ "type": "Feature", "properties": { "index": "372", "last_edit_year": 2025, "years_since_edit": 1, "label": "1.0–3.0 yr", "color": "#a3d99f" }, "geometry": { "type": "Point", "coordinates": [ 8.6709157, 49.3983632 ] } },
{ "type": "Feature", "properties": { "index": "373", "last_edit_year": 2022, "years_since_edit": 4, "label": "3.0–5.0 yr", "color": "#47ae5f" }, "geometry": { "type": "Point", "coordinates": [ 8.6706821, 49.3983678 ] } },
{ "type": "Feature", "properties": { "index": "374", "last_edit_year": 2025, "years_since_edit": 1, "label": "1.0–3.0 yr", "color": "#a3d99f" }, "geometry": { "type": "Point", "coordinates": [ 8.6709632, 49.3983957 ] } },
{ "type": "Feature", "properties": { "index": "375", "last_edit_year": 2022, "years_since_edit": 4, "label": "3.0–5.0 yr", "color": "#47ae5f" }, "geometry": { "type": "Point", "coordinates": [ 8.6707537, 49.3983841 ] } },
{ "type": "Feature", "properties": { "index": "376", "last_edit_year": 2022, "years_since_edit": 4, "label": "3.0–5.0 yr", "color": "#47ae5f" }, "geometry": { "type": "Point", "coordinates": [ 8.6713313, 49.3983607 ] } },
{ "type": "Feature", "properties": { "index": "377", "last_edit_year": 2025, "years_since_edit": 1, "label": "1.0–3.0 yr", "color": "#a3d99f" }, "geometry": { "type": "Point", "coordinates": [ 8.6712607, 49.3983919 ] } },
{ "type": "Feature", "properties": { "index": "378", "last_edit_year": 2022, "years_since_edit": 4, "label": "3.0–5.0 yr", "color": "#47ae5f" }, "geometry": { "type": "Point", "coordinates": [ 8.6707387, 49.3984215 ] } },
{ "type": "Feature", "properties": { "index": "379", "last_edit_year": 2022, "years_since_edit": 4, "label": "3.0–5.0 yr", "color": "#47ae5f" }, "geometry": { "type": "Point", "coordinates": [ 8.6706407, 49.3984343 ] } },
{ "type": "Feature", "properties": { "index": "380", "last_edit_year": 2025, "years_since_edit": 1, "label": "1.0–3.0 yr", "color": "#a3d99f" }, "geometry": { "type": "Point", "coordinates": [ 8.6708554, 49.398446 ] } },
{ "type": "Feature", "properties": { "index": "381", "last_edit_year": 2025, "years_since_edit": 1, "label": "1.0–3.0 yr", "color": "#a3d99f" }, "geometry": { "type": "Point", "coordinates": [ 8.6708106, 49.3984947 ] } },
{ "type": "Feature", "properties": { "index": "382", "last_edit_year": 2025, "years_since_edit": 1, "label": "1.0–3.0 yr", "color": "#a3d99f" }, "geometry": { "type": "Point", "coordinates": [ 8.6706848, 49.3985078 ] } },
{ "type": "Feature", "properties": { "index": "383", "last_edit_year": 2022, "years_since_edit": 4, "label": "3.0–5.0 yr", "color": "#47ae5f" }, "geometry": { "type": "Point", "coordinates": [ 8.6709472, 49.3985624 ] } },
{ "type": "Feature", "properties": { "index": "384", "last_edit_year": 2022, "years_since_edit": 4, "label": "3.0–5.0 yr", "color": "#47ae5f" }, "geometry": { "type": "Point", "coordinates": [ 8.6709209, 49.3985691 ] } },
{ "type": "Feature", "properties": { "index": "385", "last_edit_year": 2022, "years_since_edit": 4, "label": "3.0–5.0 yr", "color": "#47ae5f" }, "geometry": { "type": "Point", "coordinates": [ 8.6710959, 49.3985753 ] } },
{ "type": "Feature", "properties": { "index": "386", "last_edit_year": 2022, "years_since_edit": 4, "label": "3.0–5.0 yr", "color": "#47ae5f" }, "geometry": { "type": "Point", "coordinates": [ 8.6708764, 49.3985811 ] } },
{ "type": "Feature", "properties": { "index": "387", "last_edit_year": 2022, "years_since_edit": 4, "label": "3.0–5.0 yr", "color": "#47ae5f" }, "geometry": { "type": "Point", "coordinates": [ 8.6710684, 49.3985879 ] } },
{ "type": "Feature", "properties": { "index": "388", "last_edit_year": 2022, "years_since_edit": 4, "label": "3.0–5.0 yr", "color": "#47ae5f" }, "geometry": { "type": "Point", "coordinates": [ 8.670857, 49.3985901 ] } },
{ "type": "Feature", "properties": { "index": "389", "last_edit_year": 2021, "years_since_edit": 5, "label": "5.0–14.0 yr", "color": "#006d2c" }, "geometry": { "type": "Point", "coordinates": [ 8.6707479, 49.3985795 ] } },
{ "type": "Feature", "properties": { "index": "390", "last_edit_year": 2022, "years_since_edit": 4, "label": "3.0–5.0 yr", "color": "#47ae5f" }, "geometry": { "type": "Point", "coordinates": [ 8.6710316, 49.398704 ] } },
{ "type": "Feature", "properties": { "index": "391", "last_edit_year": 2022, "years_since_edit": 4, "label": "3.0–5.0 yr", "color": "#47ae5f" }, "geometry": { "type": "Point", "coordinates": [ 8.6709695, 49.3987368 ] } },
{ "type": "Feature", "properties": { "index": "392", "last_edit_year": 2022, "years_since_edit": 4, "label": "3.0–5.0 yr", "color": "#47ae5f" }, "geometry": { "type": "Point", "coordinates": [ 8.6711204, 49.3987613 ] } },
{ "type": "Feature", "properties": { "index": "393", "last_edit_year": 2022, "years_since_edit": 4, "label": "3.0–5.0 yr", "color": "#47ae5f" }, "geometry": { "type": "Point", "coordinates": [ 8.6709404, 49.3987509 ] } },
{ "type": "Feature", "properties": { "index": "394", "last_edit_year": 2022, "years_since_edit": 4, "label": "3.0–5.0 yr", "color": "#47ae5f" }, "geometry": { "type": "Point", "coordinates": [ 8.6711043, 49.3987733 ] } },
{ "type": "Feature", "properties": { "index": "395", "last_edit_year": 2022, "years_since_edit": 4, "label": "3.0–5.0 yr", "color": "#47ae5f" }, "geometry": { "type": "Point", "coordinates": [ 8.6710767, 49.3987886 ] } },
{ "type": "Feature", "properties": { "index": "396", "last_edit_year": 2022, "years_since_edit": 4, "label": "3.0–5.0 yr", "color": "#47ae5f" }, "geometry": { "type": "Point", "coordinates": [ 8.6712539, 49.3987537 ] } },
{ "type": "Feature", "properties": { "index": "397", "last_edit_year": 2022, "years_since_edit": 4, "label": "3.0–5.0 yr", "color": "#47ae5f" }, "geometry": { "type": "Point", "coordinates": [ 8.6712836, 49.3987676 ] } },
{ "type": "Feature", "properties": { "index": "398", "last_edit_year": 2022, "years_since_edit": 4, "label": "3.0–5.0 yr", "color": "#47ae5f" }, "geometry": { "type": "Point", "coordinates": [ 8.6710509, 49.3988102 ] } },
{ "type": "Feature", "properties": { "index": "399", "last_edit_year": 2022, "years_since_edit": 4, "label": "3.0–5.0 yr", "color": "#47ae5f" }, "geometry": { "type": "Point", "coordinates": [ 8.6713104, 49.3987807 ] } },
{ "type": "Feature", "properties": { "index": "400", "last_edit_year": 2022, "years_since_edit": 4, "label": "3.0–5.0 yr", "color": "#47ae5f" }, "geometry": { "type": "Point", "coordinates": [ 8.6710358, 49.3988224 ] } },
{ "type": "Feature", "properties": { "index": "401", "last_edit_year": 2022, "years_since_edit": 4, "label": "3.0–5.0 yr", "color": "#47ae5f" }, "geometry": { "type": "Point", "coordinates": [ 8.6710092, 49.3988428 ] } },
{ "type": "Feature", "properties": { "index": "402", "last_edit_year": 2022, "years_since_edit": 4, "label": "3.0–5.0 yr", "color": "#47ae5f" }, "geometry": { "type": "Point", "coordinates": [ 8.6709749, 49.3989333 ] } },
{ "type": "Feature", "properties": { "index": "403", "last_edit_year": 2022, "years_since_edit": 4, "label": "3.0–5.0 yr", "color": "#47ae5f" }, "geometry": { "type": "Point", "coordinates": [ 8.6709845, 49.3989501 ] } },
{ "type": "Feature", "properties": { "index": "404", "last_edit_year": 2022, "years_since_edit": 4, "label": "3.0–5.0 yr", "color": "#47ae5f" }, "geometry": { "type": "Point", "coordinates": [ 8.6709966, 49.3989717 ] } },
{ "type": "Feature", "properties": { "index": "405", "last_edit_year": 2026, "years_since_edit": 0, "label": "0.0–1.0 yr", "color": "#edf8e9" }, "geometry": { "type": "Point", "coordinates": [ 8.6715197, 49.3992576 ] } },
{ "type": "Feature", "properties": { "index": "406", "last_edit_year": 2026, "years_since_edit": 0, "label": "0.0–1.0 yr", "color": "#edf8e9" }, "geometry": { "type": "Point", "coordinates": [ 8.6714936, 49.3992778 ] } },
{ "type": "Feature", "properties": { "index": "407", "last_edit_year": 2026, "years_since_edit": 0, "label": "0.0–1.0 yr", "color": "#edf8e9" }, "geometry": { "type": "Point", "coordinates": [ 8.6714581, 49.3992959 ] } },
{ "type": "Feature", "properties": { "index": "408", "last_edit_year": 2026, "years_since_edit": 0, "label": "0.0–1.0 yr", "color": "#edf8e9" }, "geometry": { "type": "Point", "coordinates": [ 8.6714435, 49.399306 ] } },
{ "type": "Feature", "properties": { "index": "409", "last_edit_year": 2026, "years_since_edit": 0, "label": "0.0–1.0 yr", "color": "#edf8e9" }, "geometry": { "type": "Point", "coordinates": [ 8.6714191, 49.3993228 ] } },
{ "type": "Feature", "properties": { "index": "410", "last_edit_year": 2026, "years_since_edit": 0, "label": "0.0–1.0 yr", "color": "#edf8e9" }, "geometry": { "type": "Point", "coordinates": [ 8.6740364, 49.4133577 ] } },
{ "type": "Feature", "properties": { "index": "411", "last_edit_year": 2026, "years_since_edit": 0, "label": "0.0–1.0 yr", "color": "#edf8e9" }, "geometry": { "type": "Point", "coordinates": [ 8.6740357, 49.4133973 ] } },
{ "type": "Feature", "properties": { "index": "412", "last_edit_year": 2021, "years_since_edit": 5, "label": "5.0–14.0 yr", "color": "#006d2c" }, "geometry": { "type": "Point", "coordinates": [ 8.6715847, 49.4116946 ] } },
{ "type": "Feature", "properties": { "index": "413", "last_edit_year": 2026, "years_since_edit": 0, "label": "0.0–1.0 yr", "color": "#edf8e9" }, "geometry": { "type": "Point", "coordinates": [ 8.6664775, 49.4077379 ] } },
{ "type": "Feature", "properties": { "index": "414", "last_edit_year": 2026, "years_since_edit": 0, "label": "0.0–1.0 yr", "color": "#edf8e9" }, "geometry": { "type": "Point", "coordinates": [ 8.6626255, 49.4088159 ] } },
{ "type": "Feature", "properties": { "index": "415", "last_edit_year": 2020, "years_since_edit": 6, "label": "5.0–14.0 yr", "color": "#006d2c" }, "geometry": { "type": "Point", "coordinates": [ 8.711157, 49.4137233 ] } },
{ "type": "Feature", "properties": { "index": "416", "last_edit_year": 2020, "years_since_edit": 6, "label": "5.0–14.0 yr", "color": "#006d2c" }, "geometry": { "type": "Point", "coordinates": [ 8.7112673, 49.41373 ] } },
{ "type": "Feature", "properties": { "index": "417", "last_edit_year": 2020, "years_since_edit": 6, "label": "5.0–14.0 yr", "color": "#006d2c" }, "geometry": { "type": "Point", "coordinates": [ 8.7114283, 49.413742 ] } },
{ "type": "Feature", "properties": { "index": "418", "last_edit_year": 2020, "years_since_edit": 6, "label": "5.0–14.0 yr", "color": "#006d2c" }, "geometry": { "type": "Point", "coordinates": [ 8.7115893, 49.4137539 ] } },
{ "type": "Feature", "properties": { "index": "419", "last_edit_year": 2020, "years_since_edit": 6, "label": "5.0–14.0 yr", "color": "#006d2c" }, "geometry": { "type": "Point", "coordinates": [ 8.7118309, 49.4137719 ] } },
{ "type": "Feature", "properties": { "index": "420", "last_edit_year": 2020, "years_since_edit": 6, "label": "5.0–14.0 yr", "color": "#006d2c" }, "geometry": { "type": "Point", "coordinates": [ 8.7119624, 49.4137793 ] } },
{ "type": "Feature", "properties": { "index": "421", "last_edit_year": 2025, "years_since_edit": 1, "label": "1.0–3.0 yr", "color": "#a3d99f" }, "geometry": { "type": "Point", "coordinates": [ 8.6852302, 49.4018269 ] } },
{ "type": "Feature", "properties": { "index": "422", "last_edit_year": 2025, "years_since_edit": 1, "label": "1.0–3.0 yr", "color": "#a3d99f" }, "geometry": { "type": "Point", "coordinates": [ 8.6852432, 49.4018057 ] } },
{ "type": "Feature", "properties": { "index": "423", "last_edit_year": 2024, "years_since_edit": 2, "label": "1.0–3.0 yr", "color": "#a3d99f" }, "geometry": { "type": "Point", "coordinates": [ 8.6962602, 49.410969 ] } },
{ "type": "Feature", "properties": { "index": "424", "last_edit_year": 2022, "years_since_edit": 4, "label": "3.0–5.0 yr", "color": "#47ae5f" }, "geometry": { "type": "Point", "coordinates": [ 8.7104053, 49.4120722 ] } },
{ "type": "Feature", "properties": { "index": "425", "last_edit_year": 2022, "years_since_edit": 4, "label": "3.0–5.0 yr", "color": "#47ae5f" }, "geometry": { "type": "Point", "coordinates": [ 8.710573, 49.4120974 ] } },
{ "type": "Feature", "properties": { "index": "426", "last_edit_year": 2022, "years_since_edit": 4, "label": "3.0–5.0 yr", "color": "#47ae5f" }, "geometry": { "type": "Point", "coordinates": [ 8.7103849, 49.4121297 ] } },
{ "type": "Feature", "properties": { "index": "427", "last_edit_year": 2022, "years_since_edit": 4, "label": "3.0–5.0 yr", "color": "#47ae5f" }, "geometry": { "type": "Point", "coordinates": [ 8.7105527, 49.4121549 ] } },
{ "type": "Feature", "properties": { "index": "428", "last_edit_year": 2022, "years_since_edit": 4, "label": "3.0–5.0 yr", "color": "#47ae5f" }, "geometry": { "type": "Point", "coordinates": [ 8.6658943, 49.4009728 ] } },
{ "type": "Feature", "properties": { "index": "429", "last_edit_year": 2025, "years_since_edit": 1, "label": "1.0–3.0 yr", "color": "#a3d99f" }, "geometry": { "type": "Point", "coordinates": [ 8.6658117, 49.4010235 ] } },
{ "type": "Feature", "properties": { "index": "430", "last_edit_year": 2025, "years_since_edit": 1, "label": "1.0–3.0 yr", "color": "#a3d99f" }, "geometry": { "type": "Point", "coordinates": [ 8.6654761, 49.4011786 ] } },
{ "type": "Feature", "properties": { "index": "431", "last_edit_year": 2021, "years_since_edit": 5, "label": "5.0–14.0 yr", "color": "#006d2c" }, "geometry": { "type": "Point", "coordinates": [ 8.7092113, 49.4136159 ] } },
{ "type": "Feature", "properties": { "index": "432", "last_edit_year": 2023, "years_since_edit": 3, "label": "3.0–5.0 yr", "color": "#47ae5f" }, "geometry": { "type": "Point", "coordinates": [ 8.7182119, 49.4121627 ] } },
{ "type": "Feature", "properties": { "index": "433", "last_edit_year": 2023, "years_since_edit": 3, "label": "3.0–5.0 yr", "color": "#47ae5f" }, "geometry": { "type": "Point", "coordinates": [ 8.7181162, 49.4121842 ] } },
{ "type": "Feature", "properties": { "index": "434", "last_edit_year": 2026, "years_since_edit": 0, "label": "0.0–1.0 yr", "color": "#edf8e9" }, "geometry": { "type": "Point", "coordinates": [ 8.7184396, 49.4122273 ] } },
{ "type": "Feature", "properties": { "index": "435", "last_edit_year": 2026, "years_since_edit": 0, "label": "0.0–1.0 yr", "color": "#edf8e9" }, "geometry": { "type": "Point", "coordinates": [ 8.7165322, 49.409939 ] } },
{ "type": "Feature", "properties": { "index": "436", "last_edit_year": 2023, "years_since_edit": 3, "label": "3.0–5.0 yr", "color": "#47ae5f" }, "geometry": { "type": "Point", "coordinates": [ 8.7192261, 49.4103829 ] } },
{ "type": "Feature", "properties": { "index": "437", "last_edit_year": 2023, "years_since_edit": 3, "label": "3.0–5.0 yr", "color": "#47ae5f" }, "geometry": { "type": "Point", "coordinates": [ 8.7195552, 49.4105993 ] } },
{ "type": "Feature", "properties": { "index": "438", "last_edit_year": 2023, "years_since_edit": 3, "label": "3.0–5.0 yr", "color": "#47ae5f" }, "geometry": { "type": "Point", "coordinates": [ 8.7182381, 49.4109716 ] } },
{ "type": "Feature", "properties": { "index": "439", "last_edit_year": 2026, "years_since_edit": 0, "label": "0.0–1.0 yr", "color": "#edf8e9" }, "geometry": { "type": "Point", "coordinates": [ 8.714728, 49.4109972 ] } },
{ "type": "Feature", "properties": { "index": "440", "last_edit_year": 2026, "years_since_edit": 0, "label": "0.0–1.0 yr", "color": "#edf8e9" }, "geometry": { "type": "Point", "coordinates": [ 8.7147576, 49.4110065 ] } },
{ "type": "Feature", "properties": { "index": "441", "last_edit_year": 2026, "years_since_edit": 0, "label": "0.0–1.0 yr", "color": "#edf8e9" }, "geometry": { "type": "Point", "coordinates": [ 8.7151424, 49.4111457 ] } },
{ "type": "Feature", "properties": { "index": "442", "last_edit_year": 2023, "years_since_edit": 3, "label": "3.0–5.0 yr", "color": "#47ae5f" }, "geometry": { "type": "Point", "coordinates": [ 8.7185068, 49.4112128 ] } },
{ "type": "Feature", "properties": { "index": "443", "last_edit_year": 2023, "years_since_edit": 3, "label": "3.0–5.0 yr", "color": "#47ae5f" }, "geometry": { "type": "Point", "coordinates": [ 8.7181572, 49.4114288 ] } },
{ "type": "Feature", "properties": { "index": "444", "last_edit_year": 2026, "years_since_edit": 0, "label": "0.0–1.0 yr", "color": "#edf8e9" }, "geometry": { "type": "Point", "coordinates": [ 8.7156766, 49.4097556 ] } },
{ "type": "Feature", "properties": { "index": "445", "last_edit_year": 2026, "years_since_edit": 0, "label": "0.0–1.0 yr", "color": "#edf8e9" }, "geometry": { "type": "Point", "coordinates": [ 8.7162338, 49.409828 ] } },
{ "type": "Feature", "properties": { "index": "446", "last_edit_year": 2023, "years_since_edit": 3, "label": "3.0–5.0 yr", "color": "#47ae5f" }, "geometry": { "type": "Point", "coordinates": [ 8.7194657, 49.4104877 ] } },
{ "type": "Feature", "properties": { "index": "447", "last_edit_year": 2023, "years_since_edit": 3, "label": "3.0–5.0 yr", "color": "#47ae5f" }, "geometry": { "type": "Point", "coordinates": [ 8.7160197, 49.4097217 ] } },
{ "type": "Feature", "properties": { "index": "448", "last_edit_year": 2015, "years_since_edit": 11, "label": "5.0–14.0 yr", "color": "#006d2c" }, "geometry": { "type": "Point", "coordinates": [ 8.7191803, 49.4099988 ] } },
{ "type": "Feature", "properties": { "index": "449", "last_edit_year": 2023, "years_since_edit": 3, "label": "3.0–5.0 yr", "color": "#47ae5f" }, "geometry": { "type": "Point", "coordinates": [ 8.7192234, 49.4104064 ] } },
{ "type": "Feature", "properties": { "index": "450", "last_edit_year": 2023, "years_since_edit": 3, "label": "3.0–5.0 yr", "color": "#47ae5f" }, "geometry": { "type": "Point", "coordinates": [ 8.7182486, 49.4104415 ] } },
{ "type": "Feature", "properties": { "index": "451", "last_edit_year": 2023, "years_since_edit": 3, "label": "3.0–5.0 yr", "color": "#47ae5f" }, "geometry": { "type": "Point", "coordinates": [ 8.7194392, 49.4106272 ] } },
{ "type": "Feature", "properties": { "index": "452", "last_edit_year": 2026, "years_since_edit": 0, "label": "0.0–1.0 yr", "color": "#edf8e9" }, "geometry": { "type": "Point", "coordinates": [ 8.7148607, 49.4110551 ] } },
{ "type": "Feature", "properties": { "index": "453", "last_edit_year": 2026, "years_since_edit": 0, "label": "0.0–1.0 yr", "color": "#edf8e9" }, "geometry": { "type": "Point", "coordinates": [ 8.7149133, 49.411072 ] } },
{ "type": "Feature", "properties": { "index": "454", "last_edit_year": 2015, "years_since_edit": 11, "label": "5.0–14.0 yr", "color": "#006d2c" }, "geometry": { "type": "Point", "coordinates": [ 8.7153334, 49.4116103 ] } },
{ "type": "Feature", "properties": { "index": "455", "last_edit_year": 2023, "years_since_edit": 3, "label": "3.0–5.0 yr", "color": "#47ae5f" }, "geometry": { "type": "Point", "coordinates": [ 8.7181133, 49.4116341 ] } },
{ "type": "Feature", "properties": { "index": "456", "last_edit_year": 2023, "years_since_edit": 3, "label": "3.0–5.0 yr", "color": "#47ae5f" }, "geometry": { "type": "Point", "coordinates": [ 8.7175902, 49.4109379 ] } },
{ "type": "Feature", "properties": { "index": "457", "last_edit_year": 2026, "years_since_edit": 0, "label": "0.0–1.0 yr", "color": "#edf8e9" }, "geometry": { "type": "Point", "coordinates": [ 8.7149751, 49.4110919 ] } },
{ "type": "Feature", "properties": { "index": "458", "last_edit_year": 2026, "years_since_edit": 0, "label": "0.0–1.0 yr", "color": "#edf8e9" }, "geometry": { "type": "Point", "coordinates": [ 8.7150277, 49.4111088 ] } },
{ "type": "Feature", "properties": { "index": "459", "last_edit_year": 2026, "years_since_edit": 0, "label": "0.0–1.0 yr", "color": "#edf8e9" }, "geometry": { "type": "Point", "coordinates": [ 8.7150897, 49.4111288 ] } },
{ "type": "Feature", "properties": { "index": "460", "last_edit_year": 2023, "years_since_edit": 3, "label": "3.0–5.0 yr", "color": "#47ae5f" }, "geometry": { "type": "Point", "coordinates": [ 8.7182111, 49.411132 ] } },
{ "type": "Feature", "properties": { "index": "461", "last_edit_year": 2024, "years_since_edit": 2, "label": "1.0–3.0 yr", "color": "#a3d99f" }, "geometry": { "type": "Point", "coordinates": [ 8.7153655, 49.4116665 ] } },
{ "type": "Feature", "properties": { "index": "462", "last_edit_year": 2023, "years_since_edit": 3, "label": "3.0–5.0 yr", "color": "#47ae5f" }, "geometry": { "type": "Point", "coordinates": [ 8.7184156, 49.4116823 ] } },
{ "type": "Feature", "properties": { "index": "463", "last_edit_year": 2015, "years_since_edit": 11, "label": "5.0–14.0 yr", "color": "#006d2c" }, "geometry": { "type": "Point", "coordinates": [ 8.7154301, 49.4116844 ] } },
{ "type": "Feature", "properties": { "index": "464", "last_edit_year": 2025, "years_since_edit": 1, "label": "1.0–3.0 yr", "color": "#a3d99f" }, "geometry": { "type": "Point", "coordinates": [ 8.6759022, 49.4041278 ] } },
{ "type": "Feature", "properties": { "index": "465", "last_edit_year": 2025, "years_since_edit": 1, "label": "1.0–3.0 yr", "color": "#a3d99f" }, "geometry": { "type": "Point", "coordinates": [ 8.6759159, 49.4041286 ] } },
{ "type": "Feature", "properties": { "index": "466", "last_edit_year": 2025, "years_since_edit": 1, "label": "1.0–3.0 yr", "color": "#a3d99f" }, "geometry": { "type": "Point", "coordinates": [ 8.6752554, 49.40349 ] } },
{ "type": "Feature", "properties": { "index": "467", "last_edit_year": 2025, "years_since_edit": 1, "label": "1.0–3.0 yr", "color": "#a3d99f" }, "geometry": { "type": "Point", "coordinates": [ 8.6754761, 49.4034342 ] } },
{ "type": "Feature", "properties": { "index": "468", "last_edit_year": 2025, "years_since_edit": 1, "label": "1.0–3.0 yr", "color": "#a3d99f" }, "geometry": { "type": "Point", "coordinates": [ 8.6754667, 49.4037022 ] } },
{ "type": "Feature", "properties": { "index": "469", "last_edit_year": 2025, "years_since_edit": 1, "label": "1.0–3.0 yr", "color": "#a3d99f" }, "geometry": { "type": "Point", "coordinates": [ 8.6759069, 49.4040942 ] } },
{ "type": "Feature", "properties": { "index": "470", "last_edit_year": 2025, "years_since_edit": 1, "label": "1.0–3.0 yr", "color": "#a3d99f" }, "geometry": { "type": "Point", "coordinates": [ 8.6759205, 49.404095 ] } },
{ "type": "Feature", "properties": { "index": "471", "last_edit_year": 2024, "years_since_edit": 2, "label": "1.0–3.0 yr", "color": "#a3d99f" }, "geometry": { "type": "Point", "coordinates": [ 8.7148316, 49.4124762 ] } },
{ "type": "Feature", "properties": { "index": "472", "last_edit_year": 2025, "years_since_edit": 1, "label": "1.0–3.0 yr", "color": "#a3d99f" }, "geometry": { "type": "Point", "coordinates": [ 8.7115271, 49.4117022 ] } },
{ "type": "Feature", "properties": { "index": "473", "last_edit_year": 2025, "years_since_edit": 1, "label": "1.0–3.0 yr", "color": "#a3d99f" }, "geometry": { "type": "Point", "coordinates": [ 8.711506, 49.4117363 ] } },
{ "type": "Feature", "properties": { "index": "474", "last_edit_year": 2025, "years_since_edit": 1, "label": "1.0–3.0 yr", "color": "#a3d99f" }, "geometry": { "type": "Point", "coordinates": [ 8.711876, 49.4117978 ] } },
{ "type": "Feature", "properties": { "index": "475", "last_edit_year": 2025, "years_since_edit": 1, "label": "1.0–3.0 yr", "color": "#a3d99f" }, "geometry": { "type": "Point", "coordinates": [ 8.7118576, 49.4118218 ] } },
{ "type": "Feature", "properties": { "index": "476", "last_edit_year": 2025, "years_since_edit": 1, "label": "1.0–3.0 yr", "color": "#a3d99f" }, "geometry": { "type": "Point", "coordinates": [ 8.711439, 49.4118443 ] } },
{ "type": "Feature", "properties": { "index": "477", "last_edit_year": 2025, "years_since_edit": 1, "label": "1.0–3.0 yr", "color": "#a3d99f" }, "geometry": { "type": "Point", "coordinates": [ 8.7118261, 49.4118631 ] } },
{ "type": "Feature", "properties": { "index": "478", "last_edit_year": 2025, "years_since_edit": 1, "label": "1.0–3.0 yr", "color": "#a3d99f" }, "geometry": { "type": "Point", "coordinates": [ 8.7114251, 49.4118667 ] } },
{ "type": "Feature", "properties": { "index": "479", "last_edit_year": 2025, "years_since_edit": 1, "label": "1.0–3.0 yr", "color": "#a3d99f" }, "geometry": { "type": "Point", "coordinates": [ 8.7118078, 49.4118869 ] } },
{ "type": "Feature", "properties": { "index": "480", "last_edit_year": 2025, "years_since_edit": 1, "label": "1.0–3.0 yr", "color": "#a3d99f" }, "geometry": { "type": "Point", "coordinates": [ 8.7113972, 49.4119117 ] } },
{ "type": "Feature", "properties": { "index": "481", "last_edit_year": 2025, "years_since_edit": 1, "label": "1.0–3.0 yr", "color": "#a3d99f" }, "geometry": { "type": "Point", "coordinates": [ 8.7113833, 49.4119342 ] } },
{ "type": "Feature", "properties": { "index": "482", "last_edit_year": 2025, "years_since_edit": 1, "label": "1.0–3.0 yr", "color": "#a3d99f" }, "geometry": { "type": "Point", "coordinates": [ 8.6927255, 49.4102449 ] } },
{ "type": "Feature", "properties": { "index": "483", "last_edit_year": 2025, "years_since_edit": 1, "label": "1.0–3.0 yr", "color": "#a3d99f" }, "geometry": { "type": "Point", "coordinates": [ 8.6927328, 49.4102297 ] } },
{ "type": "Feature", "properties": { "index": "484", "last_edit_year": 2024, "years_since_edit": 2, "label": "1.0–3.0 yr", "color": "#a3d99f" }, "geometry": { "type": "Point", "coordinates": [ 8.6928631, 49.4103412 ] } },
{ "type": "Feature", "properties": { "index": "485", "last_edit_year": 2025, "years_since_edit": 1, "label": "1.0–3.0 yr", "color": "#a3d99f" }, "geometry": { "type": "Point", "coordinates": [ 8.6922504, 49.4109654 ] } },
{ "type": "Feature", "properties": { "index": "486", "last_edit_year": 2025, "years_since_edit": 1, "label": "1.0–3.0 yr", "color": "#a3d99f" }, "geometry": { "type": "Point", "coordinates": [ 8.6923977, 49.4110751 ] } },
{ "type": "Feature", "properties": { "index": "487", "last_edit_year": 2022, "years_since_edit": 4, "label": "3.0–5.0 yr", "color": "#47ae5f" }, "geometry": { "type": "Point", "coordinates": [ 8.6738468, 49.4040132 ] } },
{ "type": "Feature", "properties": { "index": "488", "last_edit_year": 2022, "years_since_edit": 4, "label": "3.0–5.0 yr", "color": "#47ae5f" }, "geometry": { "type": "Point", "coordinates": [ 8.6738532, 49.4040195 ] } },
{ "type": "Feature", "properties": { "index": "489", "last_edit_year": 2022, "years_since_edit": 4, "label": "3.0–5.0 yr", "color": "#47ae5f" }, "geometry": { "type": "Point", "coordinates": [ 8.6738315, 49.40402 ] } },
{ "type": "Feature", "properties": { "index": "490", "last_edit_year": 2022, "years_since_edit": 4, "label": "3.0–5.0 yr", "color": "#47ae5f" }, "geometry": { "type": "Point", "coordinates": [ 8.6738379, 49.4040263 ] } },
{ "type": "Feature", "properties": { "index": "491", "last_edit_year": 2025, "years_since_edit": 1, "label": "1.0–3.0 yr", "color": "#a3d99f" }, "geometry": { "type": "Point", "coordinates": [ 8.6743517, 49.4040563 ] } },
{ "type": "Feature", "properties": { "index": "492", "last_edit_year": 2025, "years_since_edit": 1, "label": "1.0–3.0 yr", "color": "#a3d99f" }, "geometry": { "type": "Point", "coordinates": [ 8.674358, 49.4040626 ] } },
{ "type": "Feature", "properties": { "index": "493", "last_edit_year": 2025, "years_since_edit": 1, "label": "1.0–3.0 yr", "color": "#a3d99f" }, "geometry": { "type": "Point", "coordinates": [ 8.6743363, 49.4040631 ] } },
{ "type": "Feature", "properties": { "index": "494", "last_edit_year": 2025, "years_since_edit": 1, "label": "1.0–3.0 yr", "color": "#a3d99f" }, "geometry": { "type": "Point", "coordinates": [ 8.6743427, 49.4040694 ] } },
{ "type": "Feature", "properties": { "index": "495", "last_edit_year": 2025, "years_since_edit": 1, "label": "1.0–3.0 yr", "color": "#a3d99f" }, "geometry": { "type": "Point", "coordinates": [ 8.6740312, 49.4041965 ] } },
{ "type": "Feature", "properties": { "index": "496", "last_edit_year": 2025, "years_since_edit": 1, "label": "1.0–3.0 yr", "color": "#a3d99f" }, "geometry": { "type": "Point", "coordinates": [ 8.6745027, 49.4042027 ] } },
{ "type": "Feature", "properties": { "index": "497", "last_edit_year": 2025, "years_since_edit": 1, "label": "1.0–3.0 yr", "color": "#a3d99f" }, "geometry": { "type": "Point", "coordinates": [ 8.6740376, 49.4042029 ] } },
{ "type": "Feature", "properties": { "index": "498", "last_edit_year": 2021, "years_since_edit": 5, "label": "5.0–14.0 yr", "color": "#006d2c" }, "geometry": { "type": "Point", "coordinates": [ 8.6756393, 49.4030063 ] } },
{ "type": "Feature", "properties": { "index": "499", "last_edit_year": 2025, "years_since_edit": 1, "label": "1.0–3.0 yr", "color": "#a3d99f" }, "geometry": { "type": "Point", "coordinates": [ 8.6743213, 49.4035897 ] } },
{ "type": "Feature", "properties": { "index": "500", "last_edit_year": 2025, "years_since_edit": 1, "label": "1.0–3.0 yr", "color": "#a3d99f" }, "geometry": { "type": "Point", "coordinates": [ 8.6743276, 49.403596 ] } },
{ "type": "Feature", "properties": { "index": "501", "last_edit_year": 2025, "years_since_edit": 1, "label": "1.0–3.0 yr", "color": "#a3d99f" }, "geometry": { "type": "Point", "coordinates": [ 8.674306, 49.4035964 ] } },
{ "type": "Feature", "properties": { "index": "502", "last_edit_year": 2025, "years_since_edit": 1, "label": "1.0–3.0 yr", "color": "#a3d99f" }, "geometry": { "type": "Point", "coordinates": [ 8.6741646, 49.4038725 ] } },
{ "type": "Feature", "properties": { "index": "503", "last_edit_year": 2025, "years_since_edit": 1, "label": "1.0–3.0 yr", "color": "#a3d99f" }, "geometry": { "type": "Point", "coordinates": [ 8.6741709, 49.4038789 ] } },
{ "type": "Feature", "properties": { "index": "504", "last_edit_year": 2025, "years_since_edit": 1, "label": "1.0–3.0 yr", "color": "#a3d99f" }, "geometry": { "type": "Point", "coordinates": [ 8.6741493, 49.4038793 ] } },
{ "type": "Feature", "properties": { "index": "505", "last_edit_year": 2025, "years_since_edit": 1, "label": "1.0–3.0 yr", "color": "#a3d99f" }, "geometry": { "type": "Point", "coordinates": [ 8.6741556, 49.4038856 ] } },
{ "type": "Feature", "properties": { "index": "506", "last_edit_year": 2021, "years_since_edit": 5, "label": "5.0–14.0 yr", "color": "#006d2c" }, "geometry": { "type": "Point", "coordinates": [ 8.6756456, 49.4030126 ] } },
{ "type": "Feature", "properties": { "index": "507", "last_edit_year": 2021, "years_since_edit": 5, "label": "5.0–14.0 yr", "color": "#006d2c" }, "geometry": { "type": "Point", "coordinates": [ 8.6756239, 49.4030131 ] } },
{ "type": "Feature", "properties": { "index": "508", "last_edit_year": 2021, "years_since_edit": 5, "label": "5.0–14.0 yr", "color": "#006d2c" }, "geometry": { "type": "Point", "coordinates": [ 8.6756303, 49.4030194 ] } },
{ "type": "Feature", "properties": { "index": "509", "last_edit_year": 2025, "years_since_edit": 1, "label": "1.0–3.0 yr", "color": "#a3d99f" }, "geometry": { "type": "Point", "coordinates": [ 8.6743123, 49.4036028 ] } },
{ "type": "Feature", "properties": { "index": "510", "last_edit_year": 2025, "years_since_edit": 1, "label": "1.0–3.0 yr", "color": "#a3d99f" }, "geometry": { "type": "Point", "coordinates": [ 8.6740159, 49.4042033 ] } },
{ "type": "Feature", "properties": { "index": "511", "last_edit_year": 2025, "years_since_edit": 1, "label": "1.0–3.0 yr", "color": "#a3d99f" }, "geometry": { "type": "Point", "coordinates": [ 8.674509, 49.4042091 ] } },
{ "type": "Feature", "properties": { "index": "512", "last_edit_year": 2025, "years_since_edit": 1, "label": "1.0–3.0 yr", "color": "#a3d99f" }, "geometry": { "type": "Point", "coordinates": [ 8.6744874, 49.4042095 ] } },
{ "type": "Feature", "properties": { "index": "513", "last_edit_year": 2025, "years_since_edit": 1, "label": "1.0–3.0 yr", "color": "#a3d99f" }, "geometry": { "type": "Point", "coordinates": [ 8.6740222, 49.4042096 ] } },
{ "type": "Feature", "properties": { "index": "514", "last_edit_year": 2025, "years_since_edit": 1, "label": "1.0–3.0 yr", "color": "#a3d99f" }, "geometry": { "type": "Point", "coordinates": [ 8.6744937, 49.4042158 ] } },
{ "type": "Feature", "properties": { "index": "515", "last_edit_year": 2025, "years_since_edit": 1, "label": "1.0–3.0 yr", "color": "#a3d99f" }, "geometry": { "type": "Point", "coordinates": [ 8.6741825, 49.4043441 ] } },
{ "type": "Feature", "properties": { "index": "516", "last_edit_year": 2025, "years_since_edit": 1, "label": "1.0–3.0 yr", "color": "#a3d99f" }, "geometry": { "type": "Point", "coordinates": [ 8.6741889, 49.4043504 ] } },
{ "type": "Feature", "properties": { "index": "517", "last_edit_year": 2025, "years_since_edit": 1, "label": "1.0–3.0 yr", "color": "#a3d99f" }, "geometry": { "type": "Point", "coordinates": [ 8.6741672, 49.4043508 ] } },
{ "type": "Feature", "properties": { "index": "518", "last_edit_year": 2025, "years_since_edit": 1, "label": "1.0–3.0 yr", "color": "#a3d99f" }, "geometry": { "type": "Point", "coordinates": [ 8.6741735, 49.4043572 ] } },
{ "type": "Feature", "properties": { "index": "519", "last_edit_year": 2023, "years_since_edit": 3, "label": "3.0–5.0 yr", "color": "#47ae5f" }, "geometry": { "type": "Point", "coordinates": [ 8.7064854, 49.4091845 ] } },
{ "type": "Feature", "properties": { "index": "520", "last_edit_year": 2023, "years_since_edit": 3, "label": "3.0–5.0 yr", "color": "#47ae5f" }, "geometry": { "type": "Point", "coordinates": [ 8.706544, 49.4092097 ] } },
{ "type": "Feature", "properties": { "index": "521", "last_edit_year": 2023, "years_since_edit": 3, "label": "3.0–5.0 yr", "color": "#47ae5f" }, "geometry": { "type": "Point", "coordinates": [ 8.7065936, 49.4092511 ] } },
{ "type": "Feature", "properties": { "index": "522", "last_edit_year": 2023, "years_since_edit": 3, "label": "3.0–5.0 yr", "color": "#47ae5f" }, "geometry": { "type": "Point", "coordinates": [ 8.705521, 49.4092866 ] } },
{ "type": "Feature", "properties": { "index": "523", "last_edit_year": 2023, "years_since_edit": 3, "label": "3.0–5.0 yr", "color": "#47ae5f" }, "geometry": { "type": "Point", "coordinates": [ 8.706617, 49.4092886 ] } },
{ "type": "Feature", "properties": { "index": "524", "last_edit_year": 2023, "years_since_edit": 3, "label": "3.0–5.0 yr", "color": "#47ae5f" }, "geometry": { "type": "Point", "coordinates": [ 8.7055248, 49.4093711 ] } },
{ "type": "Feature", "properties": { "index": "525", "last_edit_year": 2024, "years_since_edit": 2, "label": "1.0–3.0 yr", "color": "#a3d99f" }, "geometry": { "type": "Point", "coordinates": [ 8.7065708, 49.4094097 ] } },
{ "type": "Feature", "properties": { "index": "526", "last_edit_year": 2024, "years_since_edit": 2, "label": "1.0–3.0 yr", "color": "#a3d99f" }, "geometry": { "type": "Point", "coordinates": [ 8.7065117, 49.4094423 ] } },
{ "type": "Feature", "properties": { "index": "527", "last_edit_year": 2024, "years_since_edit": 2, "label": "1.0–3.0 yr", "color": "#a3d99f" }, "geometry": { "type": "Point", "coordinates": [ 8.7057637, 49.4094561 ] } },
{ "type": "Feature", "properties": { "index": "528", "last_edit_year": 2024, "years_since_edit": 2, "label": "1.0–3.0 yr", "color": "#a3d99f" }, "geometry": { "type": "Point", "coordinates": [ 8.7064511, 49.4094675 ] } },
{ "type": "Feature", "properties": { "index": "529", "last_edit_year": 2022, "years_since_edit": 4, "label": "3.0–5.0 yr", "color": "#47ae5f" }, "geometry": { "type": "Point", "coordinates": [ 8.7093282, 49.4122326 ] } },
{ "type": "Feature", "properties": { "index": "530", "last_edit_year": 2022, "years_since_edit": 4, "label": "3.0–5.0 yr", "color": "#47ae5f" }, "geometry": { "type": "Point", "coordinates": [ 8.7095117, 49.4122389 ] } },
{ "type": "Feature", "properties": { "index": "531", "last_edit_year": 2025, "years_since_edit": 1, "label": "1.0–3.0 yr", "color": "#a3d99f" }, "geometry": { "type": "Point", "coordinates": [ 8.6977244, 49.410573 ] } },
{ "type": "Feature", "properties": { "index": "532", "last_edit_year": 2025, "years_since_edit": 1, "label": "1.0–3.0 yr", "color": "#a3d99f" }, "geometry": { "type": "Point", "coordinates": [ 8.6978108, 49.4105869 ] } },
{ "type": "Feature", "properties": { "index": "533", "last_edit_year": 2025, "years_since_edit": 1, "label": "1.0–3.0 yr", "color": "#a3d99f" }, "geometry": { "type": "Point", "coordinates": [ 8.6978942, 49.4106002 ] } },
{ "type": "Feature", "properties": { "index": "534", "last_edit_year": 2024, "years_since_edit": 2, "label": "1.0–3.0 yr", "color": "#a3d99f" }, "geometry": { "type": "Point", "coordinates": [ 8.7082136, 49.411016 ] } },
{ "type": "Feature", "properties": { "index": "535", "last_edit_year": 2020, "years_since_edit": 6, "label": "5.0–14.0 yr", "color": "#006d2c" }, "geometry": { "type": "Point", "coordinates": [ 8.7129995, 49.4136499 ] } },
{ "type": "Feature", "properties": { "index": "536", "last_edit_year": 2020, "years_since_edit": 6, "label": "5.0–14.0 yr", "color": "#006d2c" }, "geometry": { "type": "Point", "coordinates": [ 8.7129481, 49.4136447 ] } },
{ "type": "Feature", "properties": { "index": "537", "last_edit_year": 2022, "years_since_edit": 4, "label": "3.0–5.0 yr", "color": "#47ae5f" }, "geometry": { "type": "Point", "coordinates": [ 8.7087607, 49.4133587 ] } },
{ "type": "Feature", "properties": { "index": "538", "last_edit_year": 2022, "years_since_edit": 4, "label": "3.0–5.0 yr", "color": "#47ae5f" }, "geometry": { "type": "Point", "coordinates": [ 8.7086551, 49.4133667 ] } },
{ "type": "Feature", "properties": { "index": "539", "last_edit_year": 2022, "years_since_edit": 4, "label": "3.0–5.0 yr", "color": "#47ae5f" }, "geometry": { "type": "Point", "coordinates": [ 8.7083814, 49.4133289 ] } },
{ "type": "Feature", "properties": { "index": "540", "last_edit_year": 2025, "years_since_edit": 1, "label": "1.0–3.0 yr", "color": "#a3d99f" }, "geometry": { "type": "Point", "coordinates": [ 8.6876796, 49.3981396 ] } },
{ "type": "Feature", "properties": { "index": "541", "last_edit_year": 2025, "years_since_edit": 1, "label": "1.0–3.0 yr", "color": "#a3d99f" }, "geometry": { "type": "Point", "coordinates": [ 8.6882762, 49.398194 ] } },
{ "type": "Feature", "properties": { "index": "542", "last_edit_year": 2025, "years_since_edit": 1, "label": "1.0–3.0 yr", "color": "#a3d99f" }, "geometry": { "type": "Point", "coordinates": [ 8.6886213, 49.3982411 ] } },
{ "type": "Feature", "properties": { "index": "543", "last_edit_year": 2024, "years_since_edit": 2, "label": "1.0–3.0 yr", "color": "#a3d99f" }, "geometry": { "type": "Point", "coordinates": [ 8.7184777, 49.4097316 ] } },
{ "type": "Feature", "properties": { "index": "544", "last_edit_year": 2024, "years_since_edit": 2, "label": "1.0–3.0 yr", "color": "#a3d99f" }, "geometry": { "type": "Point", "coordinates": [ 8.7185692, 49.4097383 ] } },
{ "type": "Feature", "properties": { "index": "545", "last_edit_year": 2026, "years_since_edit": 0, "label": "0.0–1.0 yr", "color": "#edf8e9" }, "geometry": { "type": "Point", "coordinates": [ 8.7191846, 49.4097802 ] } },
{ "type": "Feature", "properties": { "index": "546", "last_edit_year": 2024, "years_since_edit": 2, "label": "1.0–3.0 yr", "color": "#a3d99f" }, "geometry": { "type": "Point", "coordinates": [ 8.7178616, 49.409685 ] } },
{ "type": "Feature", "properties": { "index": "547", "last_edit_year": 2024, "years_since_edit": 2, "label": "1.0–3.0 yr", "color": "#a3d99f" }, "geometry": { "type": "Point", "coordinates": [ 8.7179471, 49.4096917 ] } },
{ "type": "Feature", "properties": { "index": "548", "last_edit_year": 2026, "years_since_edit": 0, "label": "0.0–1.0 yr", "color": "#edf8e9" }, "geometry": { "type": "Point", "coordinates": [ 8.7137969, 49.4111802 ] } },
{ "type": "Feature", "properties": { "index": "549", "last_edit_year": 2023, "years_since_edit": 3, "label": "3.0–5.0 yr", "color": "#47ae5f" }, "geometry": { "type": "Point", "coordinates": [ 8.7148494, 49.4115075 ] } },
{ "type": "Feature", "properties": { "index": "550", "last_edit_year": 2023, "years_since_edit": 3, "label": "3.0–5.0 yr", "color": "#47ae5f" }, "geometry": { "type": "Point", "coordinates": [ 8.7149351, 49.4115474 ] } },
{ "type": "Feature", "properties": { "index": "551", "last_edit_year": 2025, "years_since_edit": 1, "label": "1.0–3.0 yr", "color": "#a3d99f" }, "geometry": { "type": "Point", "coordinates": [ 8.6894996, 49.3990124 ] } },
{ "type": "Feature", "properties": { "index": "552", "last_edit_year": 2025, "years_since_edit": 1, "label": "1.0–3.0 yr", "color": "#a3d99f" }, "geometry": { "type": "Point", "coordinates": [ 8.6895639, 49.3990508 ] } },
{ "type": "Feature", "properties": { "index": "553", "last_edit_year": 2026, "years_since_edit": 0, "label": "0.0–1.0 yr", "color": "#edf8e9" }, "geometry": { "type": "Point", "coordinates": [ 8.6892537, 49.399082 ] } },
{ "type": "Feature", "properties": { "index": "554", "last_edit_year": 2021, "years_since_edit": 5, "label": "5.0–14.0 yr", "color": "#006d2c" }, "geometry": { "type": "Point", "coordinates": [ 8.6999977, 49.4151013 ] } },
{ "type": "Feature", "properties": { "index": "555", "last_edit_year": 2024, "years_since_edit": 2, "label": "1.0–3.0 yr", "color": "#a3d99f" }, "geometry": { "type": "Point", "coordinates": [ 8.7009839, 49.4151223 ] } },
{ "type": "Feature", "properties": { "index": "556", "last_edit_year": 2021, "years_since_edit": 5, "label": "5.0–14.0 yr", "color": "#006d2c" }, "geometry": { "type": "Point", "coordinates": [ 8.7006192, 49.4153038 ] } },
{ "type": "Feature", "properties": { "index": "557", "last_edit_year": 2021, "years_since_edit": 5, "label": "5.0–14.0 yr", "color": "#006d2c" }, "geometry": { "type": "Point", "coordinates": [ 8.7006561, 49.4153106 ] } },
{ "type": "Feature", "properties": { "index": "558", "last_edit_year": 2024, "years_since_edit": 2, "label": "1.0–3.0 yr", "color": "#a3d99f" }, "geometry": { "type": "Point", "coordinates": [ 8.7008859, 49.4154174 ] } },
{ "type": "Feature", "properties": { "index": "559", "last_edit_year": 2021, "years_since_edit": 5, "label": "5.0–14.0 yr", "color": "#006d2c" }, "geometry": { "type": "Point", "coordinates": [ 8.6999873, 49.4159997 ] } },
{ "type": "Feature", "properties": { "index": "560", "last_edit_year": 2021, "years_since_edit": 5, "label": "5.0–14.0 yr", "color": "#006d2c" }, "geometry": { "type": "Point", "coordinates": [ 8.6999422, 49.4160002 ] } },
{ "type": "Feature", "properties": { "index": "561", "last_edit_year": 2024, "years_since_edit": 2, "label": "1.0–3.0 yr", "color": "#a3d99f" }, "geometry": { "type": "Point", "coordinates": [ 8.7016249, 49.4155205 ] } },
{ "type": "Feature", "properties": { "index": "562", "last_edit_year": 2025, "years_since_edit": 1, "label": "1.0–3.0 yr", "color": "#a3d99f" }, "geometry": { "type": "Point", "coordinates": [ 8.6998427, 49.41553 ] } },
{ "type": "Feature", "properties": { "index": "563", "last_edit_year": 2025, "years_since_edit": 1, "label": "1.0–3.0 yr", "color": "#a3d99f" }, "geometry": { "type": "Point", "coordinates": [ 8.6998466, 49.4155507 ] } },
{ "type": "Feature", "properties": { "index": "564", "last_edit_year": 2015, "years_since_edit": 11, "label": "5.0–14.0 yr", "color": "#006d2c" }, "geometry": { "type": "Point", "coordinates": [ 8.7003287, 49.4156878 ] } },
{ "type": "Feature", "properties": { "index": "565", "last_edit_year": 2015, "years_since_edit": 11, "label": "5.0–14.0 yr", "color": "#006d2c" }, "geometry": { "type": "Point", "coordinates": [ 8.7006069, 49.4157546 ] } },
{ "type": "Feature", "properties": { "index": "566", "last_edit_year": 2015, "years_since_edit": 11, "label": "5.0–14.0 yr", "color": "#006d2c" }, "geometry": { "type": "Point", "coordinates": [ 8.7006775, 49.4157705 ] } },
{ "type": "Feature", "properties": { "index": "567", "last_edit_year": 2024, "years_since_edit": 2, "label": "1.0–3.0 yr", "color": "#a3d99f" }, "geometry": { "type": "Point", "coordinates": [ 8.6998067, 49.4148466 ] } },
{ "type": "Feature", "properties": { "index": "568", "last_edit_year": 2024, "years_since_edit": 2, "label": "1.0–3.0 yr", "color": "#a3d99f" }, "geometry": { "type": "Point", "coordinates": [ 8.6998382, 49.4148765 ] } },
{ "type": "Feature", "properties": { "index": "569", "last_edit_year": 2025, "years_since_edit": 1, "label": "1.0–3.0 yr", "color": "#a3d99f" }, "geometry": { "type": "Point", "coordinates": [ 8.698659, 49.4142527 ] } },
{ "type": "Feature", "properties": { "index": "570", "last_edit_year": 2021, "years_since_edit": 5, "label": "5.0–14.0 yr", "color": "#006d2c" }, "geometry": { "type": "Point", "coordinates": [ 8.6997094, 49.4147969 ] } },
{ "type": "Feature", "properties": { "index": "571", "last_edit_year": 2021, "years_since_edit": 5, "label": "5.0–14.0 yr", "color": "#006d2c" }, "geometry": { "type": "Point", "coordinates": [ 8.6997575, 49.414814 ] } },
{ "type": "Feature", "properties": { "index": "572", "last_edit_year": 2024, "years_since_edit": 2, "label": "1.0–3.0 yr", "color": "#a3d99f" }, "geometry": { "type": "Point", "coordinates": [ 8.7088894, 49.4167321 ] } },
{ "type": "Feature", "properties": { "index": "573", "last_edit_year": 2025, "years_since_edit": 1, "label": "1.0–3.0 yr", "color": "#a3d99f" }, "geometry": { "type": "Point", "coordinates": [ 8.6696932, 49.3993472 ] } },
{ "type": "Feature", "properties": { "index": "574", "last_edit_year": 2024, "years_since_edit": 2, "label": "1.0–3.0 yr", "color": "#a3d99f" }, "geometry": { "type": "Point", "coordinates": [ 8.6678938, 49.4000506 ] } },
{ "type": "Feature", "properties": { "index": "575", "last_edit_year": 2024, "years_since_edit": 2, "label": "1.0–3.0 yr", "color": "#a3d99f" }, "geometry": { "type": "Point", "coordinates": [ 8.6678046, 49.4000938 ] } },
{ "type": "Feature", "properties": { "index": "576", "last_edit_year": 2025, "years_since_edit": 1, "label": "1.0–3.0 yr", "color": "#a3d99f" }, "geometry": { "type": "Point", "coordinates": [ 8.6679973, 49.400141 ] } },
{ "type": "Feature", "properties": { "index": "577", "last_edit_year": 2025, "years_since_edit": 1, "label": "1.0–3.0 yr", "color": "#a3d99f" }, "geometry": { "type": "Point", "coordinates": [ 8.667908, 49.4001842 ] } },
{ "type": "Feature", "properties": { "index": "578", "last_edit_year": 2021, "years_since_edit": 5, "label": "5.0–14.0 yr", "color": "#006d2c" }, "geometry": { "type": "Point", "coordinates": [ 8.6661535, 49.4008992 ] } },
{ "type": "Feature", "properties": { "index": "579", "last_edit_year": 2021, "years_since_edit": 5, "label": "5.0–14.0 yr", "color": "#006d2c" }, "geometry": { "type": "Point", "coordinates": [ 8.6660643, 49.4009424 ] } },
{ "type": "Feature", "properties": { "index": "580", "last_edit_year": 2021, "years_since_edit": 5, "label": "5.0–14.0 yr", "color": "#006d2c" }, "geometry": { "type": "Point", "coordinates": [ 8.666257, 49.4009896 ] } },
{ "type": "Feature", "properties": { "index": "581", "last_edit_year": 2021, "years_since_edit": 5, "label": "5.0–14.0 yr", "color": "#006d2c" }, "geometry": { "type": "Point", "coordinates": [ 8.6661678, 49.4010328 ] } },
{ "type": "Feature", "properties": { "index": "582", "last_edit_year": 2025, "years_since_edit": 1, "label": "1.0–3.0 yr", "color": "#a3d99f" }, "geometry": { "type": "Point", "coordinates": [ 8.6696454, 49.3992047 ] } },
{ "type": "Feature", "properties": { "index": "583", "last_edit_year": 2025, "years_since_edit": 1, "label": "1.0–3.0 yr", "color": "#a3d99f" }, "geometry": { "type": "Point", "coordinates": [ 8.6695716, 49.3992453 ] } },
{ "type": "Feature", "properties": { "index": "584", "last_edit_year": 2025, "years_since_edit": 1, "label": "1.0–3.0 yr", "color": "#a3d99f" }, "geometry": { "type": "Point", "coordinates": [ 8.6697704, 49.399307 ] } },
{ "type": "Feature", "properties": { "index": "585", "last_edit_year": 2026, "years_since_edit": 0, "label": "0.0–1.0 yr", "color": "#edf8e9" }, "geometry": { "type": "Point", "coordinates": [ 8.7003276, 49.409423 ] } },
{ "type": "Feature", "properties": { "index": "586", "last_edit_year": 2021, "years_since_edit": 5, "label": "5.0–14.0 yr", "color": "#006d2c" }, "geometry": { "type": "Point", "coordinates": [ 8.6917935, 49.4131256 ] } },
{ "type": "Feature", "properties": { "index": "587", "last_edit_year": 2021, "years_since_edit": 5, "label": "5.0–14.0 yr", "color": "#006d2c" }, "geometry": { "type": "Point", "coordinates": [ 8.6918313, 49.4131267 ] } },
{ "type": "Feature", "properties": { "index": "588", "last_edit_year": 2021, "years_since_edit": 5, "label": "5.0–14.0 yr", "color": "#006d2c" }, "geometry": { "type": "Point", "coordinates": [ 8.6916452, 49.4131525 ] } },
{ "type": "Feature", "properties": { "index": "589", "last_edit_year": 2021, "years_since_edit": 5, "label": "5.0–14.0 yr", "color": "#006d2c" }, "geometry": { "type": "Point", "coordinates": [ 8.6916812, 49.4131525 ] } },
{ "type": "Feature", "properties": { "index": "590", "last_edit_year": 2021, "years_since_edit": 5, "label": "5.0–14.0 yr", "color": "#006d2c" }, "geometry": { "type": "Point", "coordinates": [ 8.6917912, 49.4131589 ] } },
{ "type": "Feature", "properties": { "index": "591", "last_edit_year": 2021, "years_since_edit": 5, "label": "5.0–14.0 yr", "color": "#006d2c" }, "geometry": { "type": "Point", "coordinates": [ 8.6916403, 49.4131211 ] } },
{ "type": "Feature", "properties": { "index": "592", "last_edit_year": 2021, "years_since_edit": 5, "label": "5.0–14.0 yr", "color": "#006d2c" }, "geometry": { "type": "Point", "coordinates": [ 8.6916824, 49.4131223 ] } },
{ "type": "Feature", "properties": { "index": "593", "last_edit_year": 2021, "years_since_edit": 5, "label": "5.0–14.0 yr", "color": "#006d2c" }, "geometry": { "type": "Point", "coordinates": [ 8.6917266, 49.4131236 ] } },
{ "type": "Feature", "properties": { "index": "594", "last_edit_year": 2022, "years_since_edit": 4, "label": "3.0–5.0 yr", "color": "#47ae5f" }, "geometry": { "type": "Point", "coordinates": [ 8.7074508, 49.4117197 ] } },
{ "type": "Feature", "properties": { "index": "595", "last_edit_year": 2021, "years_since_edit": 5, "label": "5.0–14.0 yr", "color": "#006d2c" }, "geometry": { "type": "Point", "coordinates": [ 8.6959685, 49.4133831 ] } },
{ "type": "Feature", "properties": { "index": "596", "last_edit_year": 2021, "years_since_edit": 5, "label": "5.0–14.0 yr", "color": "#006d2c" }, "geometry": { "type": "Point", "coordinates": [ 8.696112, 49.4133975 ] } },
{ "type": "Feature", "properties": { "index": "597", "last_edit_year": 2021, "years_since_edit": 5, "label": "5.0–14.0 yr", "color": "#006d2c" }, "geometry": { "type": "Point", "coordinates": [ 8.6965472, 49.4134402 ] } },
{ "type": "Feature", "properties": { "index": "598", "last_edit_year": 2021, "years_since_edit": 5, "label": "5.0–14.0 yr", "color": "#006d2c" }, "geometry": { "type": "Point", "coordinates": [ 8.7057852, 49.4110622 ] } },
{ "type": "Feature", "properties": { "index": "599", "last_edit_year": 2021, "years_since_edit": 5, "label": "5.0–14.0 yr", "color": "#006d2c" }, "geometry": { "type": "Point", "coordinates": [ 8.705738, 49.411176 ] } },
{ "type": "Feature", "properties": { "index": "600", "last_edit_year": 2026, "years_since_edit": 0, "label": "0.0–1.0 yr", "color": "#edf8e9" }, "geometry": { "type": "Point", "coordinates": [ 8.7060315, 49.4116298 ] } },
{ "type": "Feature", "properties": { "index": "601", "last_edit_year": 2026, "years_since_edit": 0, "label": "0.0–1.0 yr", "color": "#edf8e9" }, "geometry": { "type": "Point", "coordinates": [ 8.7060985, 49.411638 ] } },
{ "type": "Feature", "properties": { "index": "602", "last_edit_year": 2022, "years_since_edit": 4, "label": "3.0–5.0 yr", "color": "#47ae5f" }, "geometry": { "type": "Point", "coordinates": [ 8.7073714, 49.4117165 ] } },
{ "type": "Feature", "properties": { "index": "603", "last_edit_year": 2024, "years_since_edit": 2, "label": "1.0–3.0 yr", "color": "#a3d99f" }, "geometry": { "type": "Point", "coordinates": [ 8.6775223, 49.4093277 ] } },
{ "type": "Feature", "properties": { "index": "604", "last_edit_year": 2025, "years_since_edit": 1, "label": "1.0–3.0 yr", "color": "#a3d99f" }, "geometry": { "type": "Point", "coordinates": [ 8.6857625, 49.4102472 ] } },
{ "type": "Feature", "properties": { "index": "605", "last_edit_year": 2025, "years_since_edit": 1, "label": "1.0–3.0 yr", "color": "#a3d99f" }, "geometry": { "type": "Point", "coordinates": [ 8.6859876, 49.4102673 ] } },
{ "type": "Feature", "properties": { "index": "606", "last_edit_year": 2025, "years_since_edit": 1, "label": "1.0–3.0 yr", "color": "#a3d99f" }, "geometry": { "type": "Point", "coordinates": [ 8.686225, 49.4102994 ] } },
{ "type": "Feature", "properties": { "index": "607", "last_edit_year": 2025, "years_since_edit": 1, "label": "1.0–3.0 yr", "color": "#a3d99f" }, "geometry": { "type": "Point", "coordinates": [ 8.6773005, 49.4093135 ] } },
{ "type": "Feature", "properties": { "index": "608", "last_edit_year": 2024, "years_since_edit": 2, "label": "1.0–3.0 yr", "color": "#a3d99f" }, "geometry": { "type": "Point", "coordinates": [ 8.6776864, 49.4094189 ] } },
{ "type": "Feature", "properties": { "index": "609", "last_edit_year": 2025, "years_since_edit": 1, "label": "1.0–3.0 yr", "color": "#a3d99f" }, "geometry": { "type": "Point", "coordinates": [ 8.6771664, 49.4093627 ] } },
{ "type": "Feature", "properties": { "index": "610", "last_edit_year": 2024, "years_since_edit": 2, "label": "1.0–3.0 yr", "color": "#a3d99f" }, "geometry": { "type": "Point", "coordinates": [ 8.6780238, 49.4094815 ] } },
{ "type": "Feature", "properties": { "index": "611", "last_edit_year": 2025, "years_since_edit": 1, "label": "1.0–3.0 yr", "color": "#a3d99f" }, "geometry": { "type": "Point", "coordinates": [ 8.6788413, 49.4095378 ] } },
{ "type": "Feature", "properties": { "index": "612", "last_edit_year": 2024, "years_since_edit": 2, "label": "1.0–3.0 yr", "color": "#a3d99f" }, "geometry": { "type": "Point", "coordinates": [ 8.6788866, 49.4095928 ] } },
{ "type": "Feature", "properties": { "index": "613", "last_edit_year": 2024, "years_since_edit": 2, "label": "1.0–3.0 yr", "color": "#a3d99f" }, "geometry": { "type": "Point", "coordinates": [ 8.6789212, 49.4096116 ] } },
{ "type": "Feature", "properties": { "index": "614", "last_edit_year": 2024, "years_since_edit": 2, "label": "1.0–3.0 yr", "color": "#a3d99f" }, "geometry": { "type": "Point", "coordinates": [ 8.6839361, 49.4100754 ] } },
{ "type": "Feature", "properties": { "index": "615", "last_edit_year": 2024, "years_since_edit": 2, "label": "1.0–3.0 yr", "color": "#a3d99f" }, "geometry": { "type": "Point", "coordinates": [ 8.6840693, 49.4100819 ] } },
{ "type": "Feature", "properties": { "index": "616", "last_edit_year": 2024, "years_since_edit": 2, "label": "1.0–3.0 yr", "color": "#a3d99f" }, "geometry": { "type": "Point", "coordinates": [ 8.6836458, 49.4101135 ] } },
{ "type": "Feature", "properties": { "index": "617", "last_edit_year": 2025, "years_since_edit": 1, "label": "1.0–3.0 yr", "color": "#a3d99f" }, "geometry": { "type": "Point", "coordinates": [ 8.685302, 49.4102351 ] } },
{ "type": "Feature", "properties": { "index": "618", "last_edit_year": 2025, "years_since_edit": 1, "label": "1.0–3.0 yr", "color": "#a3d99f" }, "geometry": { "type": "Point", "coordinates": [ 8.6864553, 49.4103261 ] } },
{ "type": "Feature", "properties": { "index": "619", "last_edit_year": 2021, "years_since_edit": 5, "label": "5.0–14.0 yr", "color": "#006d2c" }, "geometry": { "type": "Point", "coordinates": [ 8.691609, 49.4131382 ] } },
{ "type": "Feature", "properties": { "index": "620", "last_edit_year": 2026, "years_since_edit": 0, "label": "0.0–1.0 yr", "color": "#edf8e9" }, "geometry": { "type": "Point", "coordinates": [ 8.7040993, 49.4114411 ] } },
{ "type": "Feature", "properties": { "index": "621", "last_edit_year": 2024, "years_since_edit": 2, "label": "1.0–3.0 yr", "color": "#a3d99f" }, "geometry": { "type": "Point", "coordinates": [ 8.7086171, 49.4117245 ] } },
{ "type": "Feature", "properties": { "index": "622", "last_edit_year": 2021, "years_since_edit": 5, "label": "5.0–14.0 yr", "color": "#006d2c" }, "geometry": { "type": "Point", "coordinates": [ 8.7042252, 49.4106308 ] } },
{ "type": "Feature", "properties": { "index": "623", "last_edit_year": 2021, "years_since_edit": 5, "label": "5.0–14.0 yr", "color": "#006d2c" }, "geometry": { "type": "Point", "coordinates": [ 8.7043121, 49.4105958 ] } },
{ "type": "Feature", "properties": { "index": "624", "last_edit_year": 2021, "years_since_edit": 5, "label": "5.0–14.0 yr", "color": "#006d2c" }, "geometry": { "type": "Point", "coordinates": [ 8.7041178, 49.4107484 ] } },
{ "type": "Feature", "properties": { "index": "625", "last_edit_year": 2026, "years_since_edit": 0, "label": "0.0–1.0 yr", "color": "#edf8e9" }, "geometry": { "type": "Point", "coordinates": [ 8.7043379, 49.4107344 ] } },
{ "type": "Feature", "properties": { "index": "626", "last_edit_year": 2021, "years_since_edit": 5, "label": "5.0–14.0 yr", "color": "#006d2c" }, "geometry": { "type": "Point", "coordinates": [ 8.7040645, 49.4107431 ] } },
{ "type": "Feature", "properties": { "index": "627", "last_edit_year": 2026, "years_since_edit": 0, "label": "0.0–1.0 yr", "color": "#edf8e9" }, "geometry": { "type": "Point", "coordinates": [ 8.7042891, 49.4107302 ] } },
{ "type": "Feature", "properties": { "index": "628", "last_edit_year": 2026, "years_since_edit": 0, "label": "0.0–1.0 yr", "color": "#edf8e9" }, "geometry": { "type": "Point", "coordinates": [ 8.7026968, 49.4112117 ] } },
{ "type": "Feature", "properties": { "index": "629", "last_edit_year": 2026, "years_since_edit": 0, "label": "0.0–1.0 yr", "color": "#edf8e9" }, "geometry": { "type": "Point", "coordinates": [ 8.7027255, 49.4112164 ] } },
{ "type": "Feature", "properties": { "index": "630", "last_edit_year": 2026, "years_since_edit": 0, "label": "0.0–1.0 yr", "color": "#edf8e9" }, "geometry": { "type": "Point", "coordinates": [ 8.7031659, 49.4112864 ] } },
{ "type": "Feature", "properties": { "index": "631", "last_edit_year": 2021, "years_since_edit": 5, "label": "5.0–14.0 yr", "color": "#006d2c" }, "geometry": { "type": "Point", "coordinates": [ 8.7077022, 49.4179494 ] } },
{ "type": "Feature", "properties": { "index": "632", "last_edit_year": 2025, "years_since_edit": 1, "label": "1.0–3.0 yr", "color": "#a3d99f" }, "geometry": { "type": "Point", "coordinates": [ 8.697927, 49.4104767 ] } },
{ "type": "Feature", "properties": { "index": "633", "last_edit_year": 2025, "years_since_edit": 1, "label": "1.0–3.0 yr", "color": "#a3d99f" }, "geometry": { "type": "Point", "coordinates": [ 8.6979445, 49.4104802 ] } },
{ "type": "Feature", "properties": { "index": "634", "last_edit_year": 2025, "years_since_edit": 1, "label": "1.0–3.0 yr", "color": "#a3d99f" }, "geometry": { "type": "Point", "coordinates": [ 8.699358, 49.4107247 ] } },
{ "type": "Feature", "properties": { "index": "635", "last_edit_year": 2025, "years_since_edit": 1, "label": "1.0–3.0 yr", "color": "#a3d99f" }, "geometry": { "type": "Point", "coordinates": [ 8.6994233, 49.4107355 ] } },
{ "type": "Feature", "properties": { "index": "636", "last_edit_year": 2026, "years_since_edit": 0, "label": "0.0–1.0 yr", "color": "#edf8e9" }, "geometry": { "type": "Point", "coordinates": [ 8.7001648, 49.4108506 ] } },
{ "type": "Feature", "properties": { "index": "637", "last_edit_year": 2026, "years_since_edit": 0, "label": "0.0–1.0 yr", "color": "#edf8e9" }, "geometry": { "type": "Point", "coordinates": [ 8.7002186, 49.4108592 ] } },
{ "type": "Feature", "properties": { "index": "638", "last_edit_year": 2023, "years_since_edit": 3, "label": "3.0–5.0 yr", "color": "#47ae5f" }, "geometry": { "type": "Point", "coordinates": [ 8.7097386, 49.4118483 ] } },
{ "type": "Feature", "properties": { "index": "639", "last_edit_year": 2023, "years_since_edit": 3, "label": "3.0–5.0 yr", "color": "#47ae5f" }, "geometry": { "type": "Point", "coordinates": [ 8.7097653, 49.4118499 ] } },
{ "type": "Feature", "properties": { "index": "640", "last_edit_year": 2026, "years_since_edit": 0, "label": "0.0–1.0 yr", "color": "#edf8e9" }, "geometry": { "type": "Point", "coordinates": [ 8.6756058, 49.4178684 ] } },
{ "type": "Feature", "properties": { "index": "641", "last_edit_year": 2026, "years_since_edit": 0, "label": "0.0–1.0 yr", "color": "#edf8e9" }, "geometry": { "type": "Point", "coordinates": [ 8.6756621, 49.417869 ] } },
{ "type": "Feature", "properties": { "index": "642", "last_edit_year": 2026, "years_since_edit": 0, "label": "0.0–1.0 yr", "color": "#edf8e9" }, "geometry": { "type": "Point", "coordinates": [ 8.675223, 49.4179841 ] } },
{ "type": "Feature", "properties": { "index": "643", "last_edit_year": 2026, "years_since_edit": 0, "label": "0.0–1.0 yr", "color": "#edf8e9" }, "geometry": { "type": "Point", "coordinates": [ 8.6752793, 49.4179843 ] } },
{ "type": "Feature", "properties": { "index": "644", "last_edit_year": 2026, "years_since_edit": 0, "label": "0.0–1.0 yr", "color": "#edf8e9" }, "geometry": { "type": "Point", "coordinates": [ 8.6755644, 49.4179551 ] } },
{ "type": "Feature", "properties": { "index": "645", "last_edit_year": 2026, "years_since_edit": 0, "label": "0.0–1.0 yr", "color": "#edf8e9" }, "geometry": { "type": "Point", "coordinates": [ 8.6756207, 49.4179556 ] } },
{ "type": "Feature", "properties": { "index": "646", "last_edit_year": 2026, "years_since_edit": 0, "label": "0.0–1.0 yr", "color": "#edf8e9" }, "geometry": { "type": "Point", "coordinates": [ 8.6758597, 49.4179852 ] } },
{ "type": "Feature", "properties": { "index": "647", "last_edit_year": 2026, "years_since_edit": 0, "label": "0.0–1.0 yr", "color": "#edf8e9" }, "geometry": { "type": "Point", "coordinates": [ 8.6758034, 49.4179861 ] } },
{ "type": "Feature", "properties": { "index": "648", "last_edit_year": 2025, "years_since_edit": 1, "label": "1.0–3.0 yr", "color": "#a3d99f" }, "geometry": { "type": "Point", "coordinates": [ 8.7199078, 49.4150412 ] } },
{ "type": "Feature", "properties": { "index": "649", "last_edit_year": 2025, "years_since_edit": 1, "label": "1.0–3.0 yr", "color": "#a3d99f" }, "geometry": { "type": "Point", "coordinates": [ 8.7199299, 49.4150492 ] } },
{ "type": "Feature", "properties": { "index": "650", "last_edit_year": 2021, "years_since_edit": 5, "label": "5.0–14.0 yr", "color": "#006d2c" }, "geometry": { "type": "Point", "coordinates": [ 8.7061568, 49.4107509 ] } },
{ "type": "Feature", "properties": { "index": "651", "last_edit_year": 2021, "years_since_edit": 5, "label": "5.0–14.0 yr", "color": "#006d2c" }, "geometry": { "type": "Point", "coordinates": [ 8.7061679, 49.4107525 ] } },
{ "type": "Feature", "properties": { "index": "652", "last_edit_year": 2022, "years_since_edit": 4, "label": "3.0–5.0 yr", "color": "#47ae5f" }, "geometry": { "type": "Point", "coordinates": [ 8.7068288, 49.4107526 ] } },
{ "type": "Feature", "properties": { "index": "653", "last_edit_year": 2022, "years_since_edit": 4, "label": "3.0–5.0 yr", "color": "#47ae5f" }, "geometry": { "type": "Point", "coordinates": [ 8.70684, 49.4107542 ] } },
{ "type": "Feature", "properties": { "index": "654", "last_edit_year": 2021, "years_since_edit": 5, "label": "5.0–14.0 yr", "color": "#006d2c" }, "geometry": { "type": "Point", "coordinates": [ 8.7061533, 49.4107614 ] } },
{ "type": "Feature", "properties": { "index": "655", "last_edit_year": 2021, "years_since_edit": 5, "label": "5.0–14.0 yr", "color": "#006d2c" }, "geometry": { "type": "Point", "coordinates": [ 8.7061644, 49.410763 ] } },
{ "type": "Feature", "properties": { "index": "656", "last_edit_year": 2022, "years_since_edit": 4, "label": "3.0–5.0 yr", "color": "#47ae5f" }, "geometry": { "type": "Point", "coordinates": [ 8.7068136, 49.4107998 ] } },
{ "type": "Feature", "properties": { "index": "657", "last_edit_year": 2022, "years_since_edit": 4, "label": "3.0–5.0 yr", "color": "#47ae5f" }, "geometry": { "type": "Point", "coordinates": [ 8.7068247, 49.4108013 ] } },
{ "type": "Feature", "properties": { "index": "658", "last_edit_year": 2022, "years_since_edit": 4, "label": "3.0–5.0 yr", "color": "#47ae5f" }, "geometry": { "type": "Point", "coordinates": [ 8.70681, 49.4108102 ] } },
{ "type": "Feature", "properties": { "index": "659", "last_edit_year": 2022, "years_since_edit": 4, "label": "3.0–5.0 yr", "color": "#47ae5f" }, "geometry": { "type": "Point", "coordinates": [ 8.7067552, 49.4109655 ] } },
{ "type": "Feature", "properties": { "index": "660", "last_edit_year": 2022, "years_since_edit": 4, "label": "3.0–5.0 yr", "color": "#47ae5f" }, "geometry": { "type": "Point", "coordinates": [ 8.7067664, 49.4109671 ] } },
{ "type": "Feature", "properties": { "index": "661", "last_edit_year": 2022, "years_since_edit": 4, "label": "3.0–5.0 yr", "color": "#47ae5f" }, "geometry": { "type": "Point", "coordinates": [ 8.7067517, 49.410976 ] } },
{ "type": "Feature", "properties": { "index": "662", "last_edit_year": 2022, "years_since_edit": 4, "label": "3.0–5.0 yr", "color": "#47ae5f" }, "geometry": { "type": "Point", "coordinates": [ 8.7067629, 49.4109776 ] } },
{ "type": "Feature", "properties": { "index": "663", "last_edit_year": 2025, "years_since_edit": 1, "label": "1.0–3.0 yr", "color": "#a3d99f" }, "geometry": { "type": "Point", "coordinates": [ 8.7035292, 49.4101108 ] } },
{ "type": "Feature", "properties": { "index": "664", "last_edit_year": 2025, "years_since_edit": 1, "label": "1.0–3.0 yr", "color": "#a3d99f" }, "geometry": { "type": "Point", "coordinates": [ 8.7034082, 49.4101193 ] } },
{ "type": "Feature", "properties": { "index": "665", "last_edit_year": 2021, "years_since_edit": 5, "label": "5.0–14.0 yr", "color": "#006d2c" }, "geometry": { "type": "Point", "coordinates": [ 8.7062086, 49.410633 ] } },
{ "type": "Feature", "properties": { "index": "666", "last_edit_year": 2021, "years_since_edit": 5, "label": "5.0–14.0 yr", "color": "#006d2c" }, "geometry": { "type": "Point", "coordinates": [ 8.7062051, 49.4106435 ] } },
{ "type": "Feature", "properties": { "index": "667", "last_edit_year": 2022, "years_since_edit": 4, "label": "3.0–5.0 yr", "color": "#47ae5f" }, "geometry": { "type": "Point", "coordinates": [ 8.7068323, 49.4107422 ] } },
{ "type": "Feature", "properties": { "index": "668", "last_edit_year": 2022, "years_since_edit": 4, "label": "3.0–5.0 yr", "color": "#47ae5f" }, "geometry": { "type": "Point", "coordinates": [ 8.7068435, 49.4107438 ] } },
{ "type": "Feature", "properties": { "index": "669", "last_edit_year": 2025, "years_since_edit": 1, "label": "1.0–3.0 yr", "color": "#a3d99f" }, "geometry": { "type": "Point", "coordinates": [ 8.7034324, 49.4100888 ] } },
{ "type": "Feature", "properties": { "index": "670", "last_edit_year": 2025, "years_since_edit": 1, "label": "1.0–3.0 yr", "color": "#a3d99f" }, "geometry": { "type": "Point", "coordinates": [ 8.7034163, 49.4100966 ] } },
{ "type": "Feature", "properties": { "index": "671", "last_edit_year": 2025, "years_since_edit": 1, "label": "1.0–3.0 yr", "color": "#a3d99f" }, "geometry": { "type": "Point", "coordinates": [ 8.7034009, 49.4101075 ] } },
{ "type": "Feature", "properties": { "index": "672", "last_edit_year": 2025, "years_since_edit": 1, "label": "1.0–3.0 yr", "color": "#a3d99f" }, "geometry": { "type": "Point", "coordinates": [ 8.7034203, 49.4101101 ] } },
{ "type": "Feature", "properties": { "index": "673", "last_edit_year": 2022, "years_since_edit": 4, "label": "3.0–5.0 yr", "color": "#47ae5f" }, "geometry": { "type": "Point", "coordinates": [ 8.7068212, 49.4108118 ] } },
{ "type": "Feature", "properties": { "index": "674", "last_edit_year": 2021, "years_since_edit": 5, "label": "5.0–14.0 yr", "color": "#006d2c" }, "geometry": { "type": "Point", "coordinates": [ 8.7061332, 49.4108123 ] } },
{ "type": "Feature", "properties": { "index": "675", "last_edit_year": 2021, "years_since_edit": 5, "label": "5.0–14.0 yr", "color": "#006d2c" }, "geometry": { "type": "Point", "coordinates": [ 8.7061443, 49.4108139 ] } },
{ "type": "Feature", "properties": { "index": "676", "last_edit_year": 2021, "years_since_edit": 5, "label": "5.0–14.0 yr", "color": "#006d2c" }, "geometry": { "type": "Point", "coordinates": [ 8.7061297, 49.4108227 ] } },
{ "type": "Feature", "properties": { "index": "677", "last_edit_year": 2021, "years_since_edit": 5, "label": "5.0–14.0 yr", "color": "#006d2c" }, "geometry": { "type": "Point", "coordinates": [ 8.7061408, 49.4108243 ] } },
{ "type": "Feature", "properties": { "index": "678", "last_edit_year": 2022, "years_since_edit": 4, "label": "3.0–5.0 yr", "color": "#47ae5f" }, "geometry": { "type": "Point", "coordinates": [ 8.7067961, 49.4108482 ] } },
{ "type": "Feature", "properties": { "index": "679", "last_edit_year": 2022, "years_since_edit": 4, "label": "3.0–5.0 yr", "color": "#47ae5f" }, "geometry": { "type": "Point", "coordinates": [ 8.7068073, 49.4108498 ] } },
{ "type": "Feature", "properties": { "index": "680", "last_edit_year": 2022, "years_since_edit": 4, "label": "3.0–5.0 yr", "color": "#47ae5f" }, "geometry": { "type": "Point", "coordinates": [ 8.7067926, 49.4108587 ] } },
{ "type": "Feature", "properties": { "index": "681", "last_edit_year": 2022, "years_since_edit": 4, "label": "3.0–5.0 yr", "color": "#47ae5f" }, "geometry": { "type": "Point", "coordinates": [ 8.7068038, 49.4108602 ] } },
{ "type": "Feature", "properties": { "index": "682", "last_edit_year": 2025, "years_since_edit": 1, "label": "1.0–3.0 yr", "color": "#a3d99f" }, "geometry": { "type": "Point", "coordinates": [ 8.6976474, 49.4104965 ] } },
{ "type": "Feature", "properties": { "index": "683", "last_edit_year": 2021, "years_since_edit": 5, "label": "5.0–14.0 yr", "color": "#006d2c" }, "geometry": { "type": "Point", "coordinates": [ 8.6774978, 49.4047558 ] } },
{ "type": "Feature", "properties": { "index": "684", "last_edit_year": 2021, "years_since_edit": 5, "label": "5.0–14.0 yr", "color": "#006d2c" }, "geometry": { "type": "Point", "coordinates": [ 8.677759, 49.4047605 ] } },
{ "type": "Feature", "properties": { "index": "685", "last_edit_year": 2021, "years_since_edit": 5, "label": "5.0–14.0 yr", "color": "#006d2c" }, "geometry": { "type": "Point", "coordinates": [ 8.6777976, 49.4047673 ] } },
{ "type": "Feature", "properties": { "index": "686", "last_edit_year": 2021, "years_since_edit": 5, "label": "5.0–14.0 yr", "color": "#006d2c" }, "geometry": { "type": "Point", "coordinates": [ 8.6773253, 49.4048515 ] } },
{ "type": "Feature", "properties": { "index": "687", "last_edit_year": 2021, "years_since_edit": 5, "label": "5.0–14.0 yr", "color": "#006d2c" }, "geometry": { "type": "Point", "coordinates": [ 8.6772859, 49.4049551 ] } },
{ "type": "Feature", "properties": { "index": "688", "last_edit_year": 2021, "years_since_edit": 5, "label": "5.0–14.0 yr", "color": "#006d2c" }, "geometry": { "type": "Point", "coordinates": [ 8.6772718, 49.4049909 ] } },
{ "type": "Feature", "properties": { "index": "689", "last_edit_year": 2024, "years_since_edit": 2, "label": "1.0–3.0 yr", "color": "#a3d99f" }, "geometry": { "type": "Point", "coordinates": [ 8.6772609, 49.4050211 ] } },
{ "type": "Feature", "properties": { "index": "690", "last_edit_year": 2024, "years_since_edit": 2, "label": "1.0–3.0 yr", "color": "#a3d99f" }, "geometry": { "type": "Point", "coordinates": [ 8.6772106, 49.4050165 ] } },
{ "type": "Feature", "properties": { "index": "691", "last_edit_year": 2024, "years_since_edit": 2, "label": "1.0–3.0 yr", "color": "#a3d99f" }, "geometry": { "type": "Point", "coordinates": [ 8.6773176, 49.4050658 ] } },
{ "type": "Feature", "properties": { "index": "692", "last_edit_year": 2026, "years_since_edit": 0, "label": "0.0–1.0 yr", "color": "#edf8e9" }, "geometry": { "type": "Point", "coordinates": [ 8.6755145, 49.4178896 ] } },
{ "type": "Feature", "properties": { "index": "693", "last_edit_year": 2026, "years_since_edit": 0, "label": "0.0–1.0 yr", "color": "#edf8e9" }, "geometry": { "type": "Point", "coordinates": [ 8.6755708, 49.4178898 ] } },
{ "type": "Feature", "properties": { "index": "694", "last_edit_year": 2026, "years_since_edit": 0, "label": "0.0–1.0 yr", "color": "#edf8e9" }, "geometry": { "type": "Point", "coordinates": [ 8.6758486, 49.4178683 ] } },
{ "type": "Feature", "properties": { "index": "695", "last_edit_year": 2026, "years_since_edit": 0, "label": "0.0–1.0 yr", "color": "#edf8e9" }, "geometry": { "type": "Point", "coordinates": [ 8.6759049, 49.4178685 ] } },
{ "type": "Feature", "properties": { "index": "696", "last_edit_year": 2026, "years_since_edit": 0, "label": "0.0–1.0 yr", "color": "#edf8e9" }, "geometry": { "type": "Point", "coordinates": [ 8.6757027, 49.4179135 ] } },
{ "type": "Feature", "properties": { "index": "697", "last_edit_year": 2026, "years_since_edit": 0, "label": "0.0–1.0 yr", "color": "#edf8e9" }, "geometry": { "type": "Point", "coordinates": [ 8.675759, 49.4179137 ] } },
{ "type": "Feature", "properties": { "index": "698", "last_edit_year": 2016, "years_since_edit": 10, "label": "5.0–14.0 yr", "color": "#006d2c" }, "geometry": { "type": "Point", "coordinates": [ 8.7044777, 49.400103 ] } },
{ "type": "Feature", "properties": { "index": "699", "last_edit_year": 2021, "years_since_edit": 5, "label": "5.0–14.0 yr", "color": "#006d2c" }, "geometry": { "type": "Point", "coordinates": [ 8.7000888, 49.4055887 ] } },
{ "type": "Feature", "properties": { "index": "700", "last_edit_year": 2023, "years_since_edit": 3, "label": "3.0–5.0 yr", "color": "#47ae5f" }, "geometry": { "type": "Point", "coordinates": [ 8.709219, 49.4109782 ] } },
{ "type": "Feature", "properties": { "index": "701", "last_edit_year": 2023, "years_since_edit": 3, "label": "3.0–5.0 yr", "color": "#47ae5f" }, "geometry": { "type": "Point", "coordinates": [ 8.7093392, 49.4109885 ] } },
{ "type": "Feature", "properties": { "index": "702", "last_edit_year": 2022, "years_since_edit": 4, "label": "3.0–5.0 yr", "color": "#47ae5f" }, "geometry": { "type": "Point", "coordinates": [ 8.7169285, 49.4137624 ] } },
{ "type": "Feature", "properties": { "index": "703", "last_edit_year": 2022, "years_since_edit": 4, "label": "3.0–5.0 yr", "color": "#47ae5f" }, "geometry": { "type": "Point", "coordinates": [ 8.7169547, 49.4137723 ] } },
{ "type": "Feature", "properties": { "index": "704", "last_edit_year": 2021, "years_since_edit": 5, "label": "5.0–14.0 yr", "color": "#006d2c" }, "geometry": { "type": "Point", "coordinates": [ 8.7169904, 49.4137856 ] } },
{ "type": "Feature", "properties": { "index": "705", "last_edit_year": 2021, "years_since_edit": 5, "label": "5.0–14.0 yr", "color": "#006d2c" }, "geometry": { "type": "Point", "coordinates": [ 8.7170143, 49.4137945 ] } },
{ "type": "Feature", "properties": { "index": "706", "last_edit_year": 2021, "years_since_edit": 5, "label": "5.0–14.0 yr", "color": "#006d2c" }, "geometry": { "type": "Point", "coordinates": [ 8.664745, 49.4187819 ] } },
{ "type": "Feature", "properties": { "index": "707", "last_edit_year": 2025, "years_since_edit": 1, "label": "1.0–3.0 yr", "color": "#a3d99f" }, "geometry": { "type": "Point", "coordinates": [ 8.6620644, 49.4139261 ] } },
{ "type": "Feature", "properties": { "index": "708", "last_edit_year": 2025, "years_since_edit": 1, "label": "1.0–3.0 yr", "color": "#a3d99f" }, "geometry": { "type": "Point", "coordinates": [ 8.6733106, 49.4170578 ] } },
{ "type": "Feature", "properties": { "index": "709", "last_edit_year": 2025, "years_since_edit": 1, "label": "1.0–3.0 yr", "color": "#a3d99f" }, "geometry": { "type": "Point", "coordinates": [ 8.6696619, 49.3991083 ] } },
{ "type": "Feature", "properties": { "index": "710", "last_edit_year": 2024, "years_since_edit": 2, "label": "1.0–3.0 yr", "color": "#a3d99f" }, "geometry": { "type": "Point", "coordinates": [ 8.6696158, 49.3990801 ] } },
{ "type": "Feature", "properties": { "index": "711", "last_edit_year": 2024, "years_since_edit": 2, "label": "1.0–3.0 yr", "color": "#a3d99f" }, "geometry": { "type": "Point", "coordinates": [ 8.6694173, 49.399174 ] } },
{ "type": "Feature", "properties": { "index": "712", "last_edit_year": 2024, "years_since_edit": 2, "label": "1.0–3.0 yr", "color": "#a3d99f" }, "geometry": { "type": "Point", "coordinates": [ 8.6676685, 49.3999711 ] } },
{ "type": "Feature", "properties": { "index": "713", "last_edit_year": 2024, "years_since_edit": 2, "label": "1.0–3.0 yr", "color": "#a3d99f" }, "geometry": { "type": "Point", "coordinates": [ 8.6677356, 49.3999916 ] } },
{ "type": "Feature", "properties": { "index": "714", "last_edit_year": 2024, "years_since_edit": 2, "label": "1.0–3.0 yr", "color": "#a3d99f" }, "geometry": { "type": "Point", "coordinates": [ 8.666149, 49.4007624 ] } },
{ "type": "Feature", "properties": { "index": "715", "last_edit_year": 2024, "years_since_edit": 2, "label": "1.0–3.0 yr", "color": "#a3d99f" }, "geometry": { "type": "Point", "coordinates": [ 8.6660813, 49.4007903 ] } },
{ "type": "Feature", "properties": { "index": "716", "last_edit_year": 2024, "years_since_edit": 2, "label": "1.0–3.0 yr", "color": "#a3d99f" }, "geometry": { "type": "Point", "coordinates": [ 8.6689963, 49.4008156 ] } },
{ "type": "Feature", "properties": { "index": "717", "last_edit_year": 2025, "years_since_edit": 1, "label": "1.0–3.0 yr", "color": "#a3d99f" }, "geometry": { "type": "Point", "coordinates": [ 8.6627231, 49.4162615 ] } },
{ "type": "Feature", "properties": { "index": "718", "last_edit_year": 2025, "years_since_edit": 1, "label": "1.0–3.0 yr", "color": "#a3d99f" }, "geometry": { "type": "Point", "coordinates": [ 8.6627432, 49.4162244 ] } },
{ "type": "Feature", "properties": { "index": "719", "last_edit_year": 2025, "years_since_edit": 1, "label": "1.0–3.0 yr", "color": "#a3d99f" }, "geometry": { "type": "Point", "coordinates": [ 8.6627633, 49.4161873 ] } },
{ "type": "Feature", "properties": { "index": "720", "last_edit_year": 2021, "years_since_edit": 5, "label": "5.0–14.0 yr", "color": "#006d2c" }, "geometry": { "type": "Point", "coordinates": [ 8.7038604, 49.4058894 ] } },
{ "type": "Feature", "properties": { "index": "721", "last_edit_year": 2024, "years_since_edit": 2, "label": "1.0–3.0 yr", "color": "#a3d99f" }, "geometry": { "type": "Point", "coordinates": [ 8.709892, 49.4119515 ] } },
{ "type": "Feature", "properties": { "index": "722", "last_edit_year": 2026, "years_since_edit": 0, "label": "0.0–1.0 yr", "color": "#edf8e9" }, "geometry": { "type": "Point", "coordinates": [ 8.7151506, 49.4106722 ] } },
{ "type": "Feature", "properties": { "index": "723", "last_edit_year": 2026, "years_since_edit": 0, "label": "0.0–1.0 yr", "color": "#edf8e9" }, "geometry": { "type": "Point", "coordinates": [ 8.7151108, 49.4107185 ] } },
{ "type": "Feature", "properties": { "index": "724", "last_edit_year": 2021, "years_since_edit": 5, "label": "5.0–14.0 yr", "color": "#006d2c" }, "geometry": { "type": "Point", "coordinates": [ 8.7092477, 49.4136159 ] } },
{ "type": "Feature", "properties": { "index": "725", "last_edit_year": 2021, "years_since_edit": 5, "label": "5.0–14.0 yr", "color": "#006d2c" }, "geometry": { "type": "Point", "coordinates": [ 8.7079452, 49.4133432 ] } },
{ "type": "Feature", "properties": { "index": "726", "last_edit_year": 2017, "years_since_edit": 9, "label": "5.0–14.0 yr", "color": "#006d2c" }, "geometry": { "type": "Point", "coordinates": [ 8.7141477, 49.4102871 ] } },
{ "type": "Feature", "properties": { "index": "727", "last_edit_year": 2021, "years_since_edit": 5, "label": "5.0–14.0 yr", "color": "#006d2c" }, "geometry": { "type": "Point", "coordinates": [ 8.7068747, 49.4135478 ] } },
{ "type": "Feature", "properties": { "index": "728", "last_edit_year": 2021, "years_since_edit": 5, "label": "5.0–14.0 yr", "color": "#006d2c" }, "geometry": { "type": "Point", "coordinates": [ 8.7068151, 49.4135406 ] } },
{ "type": "Feature", "properties": { "index": "729", "last_edit_year": 2023, "years_since_edit": 3, "label": "3.0–5.0 yr", "color": "#47ae5f" }, "geometry": { "type": "Point", "coordinates": [ 8.7107795, 49.4120683 ] } },
{ "type": "Feature", "properties": { "index": "730", "last_edit_year": 2023, "years_since_edit": 3, "label": "3.0–5.0 yr", "color": "#47ae5f" }, "geometry": { "type": "Point", "coordinates": [ 8.7107125, 49.4122434 ] } },
{ "type": "Feature", "properties": { "index": "731", "last_edit_year": 2024, "years_since_edit": 2, "label": "1.0–3.0 yr", "color": "#a3d99f" }, "geometry": { "type": "Point", "coordinates": [ 8.7081197, 49.4103486 ] } },
{ "type": "Feature", "properties": { "index": "732", "last_edit_year": 2023, "years_since_edit": 3, "label": "3.0–5.0 yr", "color": "#47ae5f" }, "geometry": { "type": "Point", "coordinates": [ 8.6685522, 49.4180884 ] } },
{ "type": "Feature", "properties": { "index": "733", "last_edit_year": 2021, "years_since_edit": 5, "label": "5.0–14.0 yr", "color": "#006d2c" }, "geometry": { "type": "Point", "coordinates": [ 8.6688218, 49.4145427 ] } },
{ "type": "Feature", "properties": { "index": "734", "last_edit_year": 2021, "years_since_edit": 5, "label": "5.0–14.0 yr", "color": "#006d2c" }, "geometry": { "type": "Point", "coordinates": [ 8.6688593, 49.4145501 ] } },
{ "type": "Feature", "properties": { "index": "735", "last_edit_year": 2021, "years_since_edit": 5, "label": "5.0–14.0 yr", "color": "#006d2c" }, "geometry": { "type": "Point", "coordinates": [ 8.6693763, 49.4153419 ] } },
{ "type": "Feature", "properties": { "index": "736", "last_edit_year": 2021, "years_since_edit": 5, "label": "5.0–14.0 yr", "color": "#006d2c" }, "geometry": { "type": "Point", "coordinates": [ 8.6693488, 49.4154056 ] } },
{ "type": "Feature", "properties": { "index": "737", "last_edit_year": 2021, "years_since_edit": 5, "label": "5.0–14.0 yr", "color": "#006d2c" }, "geometry": { "type": "Point", "coordinates": [ 8.6694192, 49.4152298 ] } },
{ "type": "Feature", "properties": { "index": "738", "last_edit_year": 2021, "years_since_edit": 5, "label": "5.0–14.0 yr", "color": "#006d2c" }, "geometry": { "type": "Point", "coordinates": [ 8.6695071, 49.4150523 ] } },
{ "type": "Feature", "properties": { "index": "739", "last_edit_year": 2021, "years_since_edit": 5, "label": "5.0–14.0 yr", "color": "#006d2c" }, "geometry": { "type": "Point", "coordinates": [ 8.6694719, 49.4151229 ] } },
{ "type": "Feature", "properties": { "index": "740", "last_edit_year": 2021, "years_since_edit": 5, "label": "5.0–14.0 yr", "color": "#006d2c" }, "geometry": { "type": "Point", "coordinates": [ 8.6692932, 49.4155134 ] } },
{ "type": "Feature", "properties": { "index": "741", "last_edit_year": 2021, "years_since_edit": 5, "label": "5.0–14.0 yr", "color": "#006d2c" }, "geometry": { "type": "Point", "coordinates": [ 8.6694373, 49.4151912 ] } },
{ "type": "Feature", "properties": { "index": "742", "last_edit_year": 2025, "years_since_edit": 1, "label": "1.0–3.0 yr", "color": "#a3d99f" }, "geometry": { "type": "Point", "coordinates": [ 8.6952355, 49.4098921 ] } },
{ "type": "Feature", "properties": { "index": "743", "last_edit_year": 2021, "years_since_edit": 5, "label": "5.0–14.0 yr", "color": "#006d2c" }, "geometry": { "type": "Point", "coordinates": [ 8.6951805, 49.4100186 ] } },
{ "type": "Feature", "properties": { "index": "744", "last_edit_year": 2026, "years_since_edit": 0, "label": "0.0–1.0 yr", "color": "#edf8e9" }, "geometry": { "type": "Point", "coordinates": [ 8.7152329, 49.4104299 ] } },
{ "type": "Feature", "properties": { "index": "745", "last_edit_year": 2026, "years_since_edit": 0, "label": "0.0–1.0 yr", "color": "#edf8e9" }, "geometry": { "type": "Point", "coordinates": [ 8.7152261, 49.410455 ] } },
{ "type": "Feature", "properties": { "index": "746", "last_edit_year": 2026, "years_since_edit": 0, "label": "0.0–1.0 yr", "color": "#edf8e9" }, "geometry": { "type": "Point", "coordinates": [ 8.7152193, 49.41048 ] } },
{ "type": "Feature", "properties": { "index": "747", "last_edit_year": 2026, "years_since_edit": 0, "label": "0.0–1.0 yr", "color": "#edf8e9" }, "geometry": { "type": "Point", "coordinates": [ 8.7152665, 49.4103051 ] } },
{ "type": "Feature", "properties": { "index": "748", "last_edit_year": 2026, "years_since_edit": 0, "label": "0.0–1.0 yr", "color": "#edf8e9" }, "geometry": { "type": "Point", "coordinates": [ 8.7026696, 49.4116551 ] } },
{ "type": "Feature", "properties": { "index": "749", "last_edit_year": 2025, "years_since_edit": 1, "label": "1.0–3.0 yr", "color": "#a3d99f" }, "geometry": { "type": "Point", "coordinates": [ 8.7023018, 49.4117847 ] } },
{ "type": "Feature", "properties": { "index": "750", "last_edit_year": 2025, "years_since_edit": 1, "label": "1.0–3.0 yr", "color": "#a3d99f" }, "geometry": { "type": "Point", "coordinates": [ 8.702292, 49.4118518 ] } },
{ "type": "Feature", "properties": { "index": "751", "last_edit_year": 2026, "years_since_edit": 0, "label": "0.0–1.0 yr", "color": "#edf8e9" }, "geometry": { "type": "Point", "coordinates": [ 8.7024962, 49.4116431 ] } },
{ "type": "Feature", "properties": { "index": "752", "last_edit_year": 2026, "years_since_edit": 0, "label": "0.0–1.0 yr", "color": "#edf8e9" }, "geometry": { "type": "Point", "coordinates": [ 8.7025321, 49.4116448 ] } },
{ "type": "Feature", "properties": { "index": "753", "last_edit_year": 2023, "years_since_edit": 3, "label": "3.0–5.0 yr", "color": "#47ae5f" }, "geometry": { "type": "Point", "coordinates": [ 8.7147945, 49.4071877 ] } },
{ "type": "Feature", "properties": { "index": "754", "last_edit_year": 2026, "years_since_edit": 0, "label": "0.0–1.0 yr", "color": "#edf8e9" }, "geometry": { "type": "Point", "coordinates": [ 8.71482, 49.4071648 ] } },
{ "type": "Feature", "properties": { "index": "755", "last_edit_year": 2020, "years_since_edit": 6, "label": "5.0–14.0 yr", "color": "#006d2c" }, "geometry": { "type": "Point", "coordinates": [ 8.7149437, 49.4071739 ] } },
{ "type": "Feature", "properties": { "index": "756", "last_edit_year": 2020, "years_since_edit": 6, "label": "5.0–14.0 yr", "color": "#006d2c" }, "geometry": { "type": "Point", "coordinates": [ 8.7149942, 49.4071972 ] } },
{ "type": "Feature", "properties": { "index": "757", "last_edit_year": 2026, "years_since_edit": 0, "label": "0.0–1.0 yr", "color": "#edf8e9" }, "geometry": { "type": "Point", "coordinates": [ 8.7150593, 49.4072272 ] } },
{ "type": "Feature", "properties": { "index": "758", "last_edit_year": 2026, "years_since_edit": 0, "label": "0.0–1.0 yr", "color": "#edf8e9" }, "geometry": { "type": "Point", "coordinates": [ 8.714992, 49.4072424 ] } },
{ "type": "Feature", "properties": { "index": "759", "last_edit_year": 2023, "years_since_edit": 3, "label": "3.0–5.0 yr", "color": "#47ae5f" }, "geometry": { "type": "Point", "coordinates": [ 8.7068015, 49.4086735 ] } },
{ "type": "Feature", "properties": { "index": "760", "last_edit_year": 2023, "years_since_edit": 3, "label": "3.0–5.0 yr", "color": "#47ae5f" }, "geometry": { "type": "Point", "coordinates": [ 8.6865495, 49.4199403 ] } },
{ "type": "Feature", "properties": { "index": "761", "last_edit_year": 2023, "years_since_edit": 3, "label": "3.0–5.0 yr", "color": "#47ae5f" }, "geometry": { "type": "Point", "coordinates": [ 8.6865367, 49.4200001 ] } },
{ "type": "Feature", "properties": { "index": "762", "last_edit_year": 2023, "years_since_edit": 3, "label": "3.0–5.0 yr", "color": "#47ae5f" }, "geometry": { "type": "Point", "coordinates": [ 8.6865649, 49.4198679 ] } },
{ "type": "Feature", "properties": { "index": "763", "last_edit_year": 2023, "years_since_edit": 3, "label": "3.0–5.0 yr", "color": "#47ae5f" }, "geometry": { "type": "Point", "coordinates": [ 8.6868978, 49.4198969 ] } },
{ "type": "Feature", "properties": { "index": "764", "last_edit_year": 2023, "years_since_edit": 3, "label": "3.0–5.0 yr", "color": "#47ae5f" }, "geometry": { "type": "Point", "coordinates": [ 8.6864209, 49.4205866 ] } },
{ "type": "Feature", "properties": { "index": "765", "last_edit_year": 2023, "years_since_edit": 3, "label": "3.0–5.0 yr", "color": "#47ae5f" }, "geometry": { "type": "Point", "coordinates": [ 8.6864331, 49.4205303 ] } },
{ "type": "Feature", "properties": { "index": "766", "last_edit_year": 2023, "years_since_edit": 3, "label": "3.0–5.0 yr", "color": "#47ae5f" }, "geometry": { "type": "Point", "coordinates": [ 8.6864454, 49.420474 ] } },
{ "type": "Feature", "properties": { "index": "767", "last_edit_year": 2023, "years_since_edit": 3, "label": "3.0–5.0 yr", "color": "#47ae5f" }, "geometry": { "type": "Point", "coordinates": [ 8.6864576, 49.4204177 ] } },
{ "type": "Feature", "properties": { "index": "768", "last_edit_year": 2023, "years_since_edit": 3, "label": "3.0–5.0 yr", "color": "#47ae5f" }, "geometry": { "type": "Point", "coordinates": [ 8.6864087, 49.4206429 ] } },
{ "type": "Feature", "properties": { "index": "769", "last_edit_year": 2023, "years_since_edit": 3, "label": "3.0–5.0 yr", "color": "#47ae5f" }, "geometry": { "type": "Point", "coordinates": [ 8.6867844, 49.4206166 ] } },
{ "type": "Feature", "properties": { "index": "770", "last_edit_year": 2023, "years_since_edit": 3, "label": "3.0–5.0 yr", "color": "#47ae5f" }, "geometry": { "type": "Point", "coordinates": [ 8.6867966, 49.4205602 ] } },
{ "type": "Feature", "properties": { "index": "771", "last_edit_year": 2023, "years_since_edit": 3, "label": "3.0–5.0 yr", "color": "#47ae5f" }, "geometry": { "type": "Point", "coordinates": [ 8.6868088, 49.4205039 ] } },
{ "type": "Feature", "properties": { "index": "772", "last_edit_year": 2023, "years_since_edit": 3, "label": "3.0–5.0 yr", "color": "#47ae5f" }, "geometry": { "type": "Point", "coordinates": [ 8.6868211, 49.4204476 ] } },
{ "type": "Feature", "properties": { "index": "773", "last_edit_year": 2023, "years_since_edit": 3, "label": "3.0–5.0 yr", "color": "#47ae5f" }, "geometry": { "type": "Point", "coordinates": [ 8.6867722, 49.4206729 ] } },
{ "type": "Feature", "properties": { "index": "774", "last_edit_year": 2023, "years_since_edit": 3, "label": "3.0–5.0 yr", "color": "#47ae5f" }, "geometry": { "type": "Point", "coordinates": [ 8.6868888, 49.4199748 ] } },
{ "type": "Feature", "properties": { "index": "775", "last_edit_year": 2023, "years_since_edit": 3, "label": "3.0–5.0 yr", "color": "#47ae5f" }, "geometry": { "type": "Point", "coordinates": [ 8.686876, 49.4200346 ] } },
{ "type": "Feature", "properties": { "index": "776", "last_edit_year": 2023, "years_since_edit": 3, "label": "3.0–5.0 yr", "color": "#47ae5f" }, "geometry": { "type": "Point", "coordinates": [ 8.6865931, 49.4197358 ] } },
{ "type": "Feature", "properties": { "index": "777", "last_edit_year": 2023, "years_since_edit": 3, "label": "3.0–5.0 yr", "color": "#47ae5f" }, "geometry": { "type": "Point", "coordinates": [ 8.6865803, 49.4197955 ] } },
{ "type": "Feature", "properties": { "index": "778", "last_edit_year": 2023, "years_since_edit": 3, "label": "3.0–5.0 yr", "color": "#47ae5f" }, "geometry": { "type": "Point", "coordinates": [ 8.6869196, 49.4197593 ] } },
{ "type": "Feature", "properties": { "index": "779", "last_edit_year": 2023, "years_since_edit": 3, "label": "3.0–5.0 yr", "color": "#47ae5f" }, "geometry": { "type": "Point", "coordinates": [ 8.6869069, 49.4198191 ] } },
{ "type": "Feature", "properties": { "index": "780", "last_edit_year": 2023, "years_since_edit": 3, "label": "3.0–5.0 yr", "color": "#47ae5f" }, "geometry": { "type": "Point", "coordinates": [ 8.6869027, 49.4195514 ] } },
{ "type": "Feature", "properties": { "index": "781", "last_edit_year": 2023, "years_since_edit": 3, "label": "3.0–5.0 yr", "color": "#47ae5f" }, "geometry": { "type": "Point", "coordinates": [ 8.6868264, 49.4195454 ] } },
{ "type": "Feature", "properties": { "index": "782", "last_edit_year": 2023, "years_since_edit": 3, "label": "3.0–5.0 yr", "color": "#47ae5f" }, "geometry": { "type": "Point", "coordinates": [ 8.68675, 49.4195393 ] } },
{ "type": "Feature", "properties": { "index": "783", "last_edit_year": 2023, "years_since_edit": 3, "label": "3.0–5.0 yr", "color": "#47ae5f" }, "geometry": { "type": "Point", "coordinates": [ 8.6866736, 49.4195332 ] } },
{ "type": "Feature", "properties": { "index": "784", "last_edit_year": 2023, "years_since_edit": 3, "label": "3.0–5.0 yr", "color": "#47ae5f" }, "geometry": { "type": "Point", "coordinates": [ 8.6869367, 49.4196152 ] } },
{ "type": "Feature", "properties": { "index": "785", "last_edit_year": 2023, "years_since_edit": 3, "label": "3.0–5.0 yr", "color": "#47ae5f" }, "geometry": { "type": "Point", "coordinates": [ 8.686924, 49.4196749 ] } },
{ "type": "Feature", "properties": { "index": "786", "last_edit_year": 2023, "years_since_edit": 3, "label": "3.0–5.0 yr", "color": "#47ae5f" }, "geometry": { "type": "Point", "coordinates": [ 8.6866222, 49.4195968 ] } },
{ "type": "Feature", "properties": { "index": "787", "last_edit_year": 2023, "years_since_edit": 3, "label": "3.0–5.0 yr", "color": "#47ae5f" }, "geometry": { "type": "Point", "coordinates": [ 8.6866115, 49.4196527 ] } },
{ "type": "Feature", "properties": { "index": "788", "last_edit_year": 2026, "years_since_edit": 0, "label": "0.0–1.0 yr", "color": "#edf8e9" }, "geometry": { "type": "Point", "coordinates": [ 8.7068907, 49.4083958 ] } },
{ "type": "Feature", "properties": { "index": "789", "last_edit_year": 2026, "years_since_edit": 0, "label": "0.0–1.0 yr", "color": "#edf8e9" }, "geometry": { "type": "Point", "coordinates": [ 8.7012946, 49.4124182 ] } },
{ "type": "Feature", "properties": { "index": "790", "last_edit_year": 2022, "years_since_edit": 4, "label": "3.0–5.0 yr", "color": "#47ae5f" }, "geometry": { "type": "Point", "coordinates": [ 8.6873598, 49.4065029 ] } },
{ "type": "Feature", "properties": { "index": "791", "last_edit_year": 2022, "years_since_edit": 4, "label": "3.0–5.0 yr", "color": "#47ae5f" }, "geometry": { "type": "Point", "coordinates": [ 8.6874162, 49.4065133 ] } },
{ "type": "Feature", "properties": { "index": "792", "last_edit_year": 2022, "years_since_edit": 4, "label": "3.0–5.0 yr", "color": "#47ae5f" }, "geometry": { "type": "Point", "coordinates": [ 8.68727, 49.4065609 ] } },
{ "type": "Feature", "properties": { "index": "793", "last_edit_year": 2022, "years_since_edit": 4, "label": "3.0–5.0 yr", "color": "#47ae5f" }, "geometry": { "type": "Point", "coordinates": [ 8.6873263, 49.4065757 ] } },
{ "type": "Feature", "properties": { "index": "794", "last_edit_year": 2022, "years_since_edit": 4, "label": "3.0–5.0 yr", "color": "#47ae5f" }, "geometry": { "type": "Point", "coordinates": [ 8.6880317, 49.4068659 ] } },
{ "type": "Feature", "properties": { "index": "795", "last_edit_year": 2022, "years_since_edit": 4, "label": "3.0–5.0 yr", "color": "#47ae5f" }, "geometry": { "type": "Point", "coordinates": [ 8.6880492, 49.4068336 ] } },
{ "type": "Feature", "properties": { "index": "796", "last_edit_year": 2022, "years_since_edit": 4, "label": "3.0–5.0 yr", "color": "#47ae5f" }, "geometry": { "type": "Point", "coordinates": [ 8.6878748, 49.4068598 ] } },
{ "type": "Feature", "properties": { "index": "797", "last_edit_year": 2022, "years_since_edit": 4, "label": "3.0–5.0 yr", "color": "#47ae5f" }, "geometry": { "type": "Point", "coordinates": [ 8.6881938, 49.4071795 ] } },
{ "type": "Feature", "properties": { "index": "798", "last_edit_year": 2022, "years_since_edit": 4, "label": "3.0–5.0 yr", "color": "#47ae5f" }, "geometry": { "type": "Point", "coordinates": [ 8.688213, 49.407205 ] } },
{ "type": "Feature", "properties": { "index": "799", "last_edit_year": 2022, "years_since_edit": 4, "label": "3.0–5.0 yr", "color": "#47ae5f" }, "geometry": { "type": "Point", "coordinates": [ 8.6876576, 49.4066722 ] } },
{ "type": "Feature", "properties": { "index": "800", "last_edit_year": 2022, "years_since_edit": 4, "label": "3.0–5.0 yr", "color": "#47ae5f" }, "geometry": { "type": "Point", "coordinates": [ 8.6877139, 49.406687 ] } },
{ "type": "Feature", "properties": { "index": "801", "last_edit_year": 2026, "years_since_edit": 0, "label": "0.0–1.0 yr", "color": "#edf8e9" }, "geometry": { "type": "Point", "coordinates": [ 8.6873223, 49.4070832 ] } },
{ "type": "Feature", "properties": { "index": "802", "last_edit_year": 2026, "years_since_edit": 0, "label": "0.0–1.0 yr", "color": "#edf8e9" }, "geometry": { "type": "Point", "coordinates": [ 8.687333, 49.4071032 ] } },
{ "type": "Feature", "properties": { "index": "803", "last_edit_year": 2022, "years_since_edit": 4, "label": "3.0–5.0 yr", "color": "#47ae5f" }, "geometry": { "type": "Point", "coordinates": [ 8.6876053, 49.4070605 ] } },
{ "type": "Feature", "properties": { "index": "804", "last_edit_year": 2022, "years_since_edit": 4, "label": "3.0–5.0 yr", "color": "#47ae5f" }, "geometry": { "type": "Point", "coordinates": [ 8.6882946, 49.4069689 ] } },
{ "type": "Feature", "properties": { "index": "805", "last_edit_year": 2022, "years_since_edit": 4, "label": "3.0–5.0 yr", "color": "#47ae5f" }, "geometry": { "type": "Point", "coordinates": [ 8.6882812, 49.4069418 ] } },
{ "type": "Feature", "properties": { "index": "806", "last_edit_year": 2023, "years_since_edit": 3, "label": "3.0–5.0 yr", "color": "#47ae5f" }, "geometry": { "type": "Point", "coordinates": [ 8.6889477, 49.4068061 ] } },
{ "type": "Feature", "properties": { "index": "807", "last_edit_year": 2023, "years_since_edit": 3, "label": "3.0–5.0 yr", "color": "#47ae5f" }, "geometry": { "type": "Point", "coordinates": [ 8.6889162, 49.4068004 ] } },
{ "type": "Feature", "properties": { "index": "808", "last_edit_year": 2022, "years_since_edit": 4, "label": "3.0–5.0 yr", "color": "#47ae5f" }, "geometry": { "type": "Point", "coordinates": [ 8.6886721, 49.4067668 ] } },
{ "type": "Feature", "properties": { "index": "809", "last_edit_year": 2022, "years_since_edit": 4, "label": "3.0–5.0 yr", "color": "#47ae5f" }, "geometry": { "type": "Point", "coordinates": [ 8.6888062, 49.4067996 ] } },
{ "type": "Feature", "properties": { "index": "810", "last_edit_year": 2022, "years_since_edit": 4, "label": "3.0–5.0 yr", "color": "#47ae5f" }, "geometry": { "type": "Point", "coordinates": [ 8.688768, 49.406786 ] } },
{ "type": "Feature", "properties": { "index": "811", "last_edit_year": 2024, "years_since_edit": 2, "label": "1.0–3.0 yr", "color": "#a3d99f" }, "geometry": { "type": "Point", "coordinates": [ 8.6996492, 49.4125352 ] } },
{ "type": "Feature", "properties": { "index": "812", "last_edit_year": 2023, "years_since_edit": 3, "label": "3.0–5.0 yr", "color": "#47ae5f" }, "geometry": { "type": "Point", "coordinates": [ 8.7142242, 49.4124037 ] } },
{ "type": "Feature", "properties": { "index": "813", "last_edit_year": 2023, "years_since_edit": 3, "label": "3.0–5.0 yr", "color": "#47ae5f" }, "geometry": { "type": "Point", "coordinates": [ 8.7142014, 49.4123994 ] } },
{ "type": "Feature", "properties": { "index": "814", "last_edit_year": 2024, "years_since_edit": 2, "label": "1.0–3.0 yr", "color": "#a3d99f" }, "geometry": { "type": "Point", "coordinates": [ 8.7140921, 49.4126057 ] } },
{ "type": "Feature", "properties": { "index": "815", "last_edit_year": 2024, "years_since_edit": 2, "label": "1.0–3.0 yr", "color": "#a3d99f" }, "geometry": { "type": "Point", "coordinates": [ 8.7140593, 49.4125978 ] } },
{ "type": "Feature", "properties": { "index": "816", "last_edit_year": 2024, "years_since_edit": 2, "label": "1.0–3.0 yr", "color": "#a3d99f" }, "geometry": { "type": "Point", "coordinates": [ 8.7141568, 49.4126158 ] } },
{ "type": "Feature", "properties": { "index": "817", "last_edit_year": 2024, "years_since_edit": 2, "label": "1.0–3.0 yr", "color": "#a3d99f" }, "geometry": { "type": "Point", "coordinates": [ 8.7141809, 49.4126127 ] } },
{ "type": "Feature", "properties": { "index": "818", "last_edit_year": 2024, "years_since_edit": 2, "label": "1.0–3.0 yr", "color": "#a3d99f" }, "geometry": { "type": "Point", "coordinates": [ 8.7004986, 49.4126598 ] } },
{ "type": "Feature", "properties": { "index": "819", "last_edit_year": 2025, "years_since_edit": 1, "label": "1.0–3.0 yr", "color": "#a3d99f" }, "geometry": { "type": "Point", "coordinates": [ 8.6722102, 49.4013026 ] } },
{ "type": "Feature", "properties": { "index": "820", "last_edit_year": 2022, "years_since_edit": 4, "label": "3.0–5.0 yr", "color": "#47ae5f" }, "geometry": { "type": "Point", "coordinates": [ 8.6722235, 49.4013863 ] } },
{ "type": "Feature", "properties": { "index": "821", "last_edit_year": 2021, "years_since_edit": 5, "label": "5.0–14.0 yr", "color": "#006d2c" }, "geometry": { "type": "Point", "coordinates": [ 8.6661416, 49.4025653 ] } },
{ "type": "Feature", "properties": { "index": "822", "last_edit_year": 2025, "years_since_edit": 1, "label": "1.0–3.0 yr", "color": "#a3d99f" }, "geometry": { "type": "Point", "coordinates": [ 8.6664797, 49.4036371 ] } },
{ "type": "Feature", "properties": { "index": "823", "last_edit_year": 2025, "years_since_edit": 1, "label": "1.0–3.0 yr", "color": "#a3d99f" }, "geometry": { "type": "Point", "coordinates": [ 8.6668564, 49.4035532 ] } },
{ "type": "Feature", "properties": { "index": "824", "last_edit_year": 2025, "years_since_edit": 1, "label": "1.0–3.0 yr", "color": "#a3d99f" }, "geometry": { "type": "Point", "coordinates": [ 8.6671422, 49.4034905 ] } },
{ "type": "Feature", "properties": { "index": "825", "last_edit_year": 2025, "years_since_edit": 1, "label": "1.0–3.0 yr", "color": "#a3d99f" }, "geometry": { "type": "Point", "coordinates": [ 8.6661872, 49.402452 ] } },
{ "type": "Feature", "properties": { "index": "826", "last_edit_year": 2025, "years_since_edit": 1, "label": "1.0–3.0 yr", "color": "#a3d99f" }, "geometry": { "type": "Point", "coordinates": [ 8.6661586, 49.4024638 ] } },
{ "type": "Feature", "properties": { "index": "827", "last_edit_year": 2025, "years_since_edit": 1, "label": "1.0–3.0 yr", "color": "#a3d99f" }, "geometry": { "type": "Point", "coordinates": [ 8.6661729, 49.4024579 ] } },
{ "type": "Feature", "properties": { "index": "828", "last_edit_year": 2025, "years_since_edit": 1, "label": "1.0–3.0 yr", "color": "#a3d99f" }, "geometry": { "type": "Point", "coordinates": [ 8.6661443, 49.4024697 ] } },
{ "type": "Feature", "properties": { "index": "829", "last_edit_year": 2025, "years_since_edit": 1, "label": "1.0–3.0 yr", "color": "#a3d99f" }, "geometry": { "type": "Point", "coordinates": [ 8.6662904, 49.402434 ] } },
{ "type": "Feature", "properties": { "index": "830", "last_edit_year": 2025, "years_since_edit": 1, "label": "1.0–3.0 yr", "color": "#a3d99f" }, "geometry": { "type": "Point", "coordinates": [ 8.6662754, 49.4024398 ] } },
{ "type": "Feature", "properties": { "index": "831", "last_edit_year": 2025, "years_since_edit": 1, "label": "1.0–3.0 yr", "color": "#a3d99f" }, "geometry": { "type": "Point", "coordinates": [ 8.6662604, 49.4024457 ] } },
{ "type": "Feature", "properties": { "index": "832", "last_edit_year": 2025, "years_since_edit": 1, "label": "1.0–3.0 yr", "color": "#a3d99f" }, "geometry": { "type": "Point", "coordinates": [ 8.6662455, 49.4024515 ] } },
{ "type": "Feature", "properties": { "index": "833", "last_edit_year": 2022, "years_since_edit": 4, "label": "3.0–5.0 yr", "color": "#47ae5f" }, "geometry": { "type": "Point", "coordinates": [ 8.6885067, 49.4071064 ] } },
{ "type": "Feature", "properties": { "index": "834", "last_edit_year": 2022, "years_since_edit": 4, "label": "3.0–5.0 yr", "color": "#47ae5f" }, "geometry": { "type": "Point", "coordinates": [ 8.6884665, 49.4070956 ] } },
{ "type": "Feature", "properties": { "index": "835", "last_edit_year": 2023, "years_since_edit": 3, "label": "3.0–5.0 yr", "color": "#47ae5f" }, "geometry": { "type": "Point", "coordinates": [ 8.6953501, 49.4075954 ] } },
{ "type": "Feature", "properties": { "index": "836", "last_edit_year": 2017, "years_since_edit": 9, "label": "5.0–14.0 yr", "color": "#006d2c" }, "geometry": { "type": "Point", "coordinates": [ 8.6969994, 49.4051356 ] } },
{ "type": "Feature", "properties": { "index": "837", "last_edit_year": 2017, "years_since_edit": 9, "label": "5.0–14.0 yr", "color": "#006d2c" }, "geometry": { "type": "Point", "coordinates": [ 8.6969729, 49.4051219 ] } },
{ "type": "Feature", "properties": { "index": "838", "last_edit_year": 2023, "years_since_edit": 3, "label": "3.0–5.0 yr", "color": "#47ae5f" }, "geometry": { "type": "Point", "coordinates": [ 8.6940529, 49.4096956 ] } },
{ "type": "Feature", "properties": { "index": "839", "last_edit_year": 2025, "years_since_edit": 1, "label": "1.0–3.0 yr", "color": "#a3d99f" }, "geometry": { "type": "Point", "coordinates": [ 8.6659375, 49.4028897 ] } },
{ "type": "Feature", "properties": { "index": "840", "last_edit_year": 2025, "years_since_edit": 1, "label": "1.0–3.0 yr", "color": "#a3d99f" }, "geometry": { "type": "Point", "coordinates": [ 8.6658758, 49.4028132 ] } },
{ "type": "Feature", "properties": { "index": "841", "last_edit_year": 2025, "years_since_edit": 1, "label": "1.0–3.0 yr", "color": "#a3d99f" }, "geometry": { "type": "Point", "coordinates": [ 8.6657952, 49.4027072 ] } },
{ "type": "Feature", "properties": { "index": "842", "last_edit_year": 2022, "years_since_edit": 4, "label": "3.0–5.0 yr", "color": "#47ae5f" }, "geometry": { "type": "Point", "coordinates": [ 8.7054088, 49.4126491 ] } },
{ "type": "Feature", "properties": { "index": "843", "last_edit_year": 2022, "years_since_edit": 4, "label": "3.0–5.0 yr", "color": "#47ae5f" }, "geometry": { "type": "Point", "coordinates": [ 8.7053756, 49.4126439 ] } },
{ "type": "Feature", "properties": { "index": "844", "last_edit_year": 2026, "years_since_edit": 0, "label": "0.0–1.0 yr", "color": "#edf8e9" }, "geometry": { "type": "Point", "coordinates": [ 8.7003927, 49.4094301 ] } },
{ "type": "Feature", "properties": { "index": "845", "last_edit_year": 2026, "years_since_edit": 0, "label": "0.0–1.0 yr", "color": "#edf8e9" }, "geometry": { "type": "Point", "coordinates": [ 8.7004255, 49.4094318 ] } },
{ "type": "Feature", "properties": { "index": "846", "last_edit_year": 2021, "years_since_edit": 5, "label": "5.0–14.0 yr", "color": "#006d2c" }, "geometry": { "type": "Point", "coordinates": [ 8.7005288, 49.4095727 ] } },
{ "type": "Feature", "properties": { "index": "847", "last_edit_year": 2026, "years_since_edit": 0, "label": "0.0–1.0 yr", "color": "#edf8e9" }, "geometry": { "type": "Point", "coordinates": [ 8.7005918, 49.409427 ] } },
{ "type": "Feature", "properties": { "index": "848", "last_edit_year": 2026, "years_since_edit": 0, "label": "0.0–1.0 yr", "color": "#edf8e9" }, "geometry": { "type": "Point", "coordinates": [ 8.7005865, 49.4094767 ] } },
{ "type": "Feature", "properties": { "index": "849", "last_edit_year": 2025, "years_since_edit": 1, "label": "1.0–3.0 yr", "color": "#a3d99f" }, "geometry": { "type": "Point", "coordinates": [ 8.7116801, 49.4116856 ] } },
{ "type": "Feature", "properties": { "index": "850", "last_edit_year": 2025, "years_since_edit": 1, "label": "1.0–3.0 yr", "color": "#a3d99f" }, "geometry": { "type": "Point", "coordinates": [ 8.7117096, 49.4116939 ] } },
{ "type": "Feature", "properties": { "index": "851", "last_edit_year": 2025, "years_since_edit": 1, "label": "1.0–3.0 yr", "color": "#a3d99f" }, "geometry": { "type": "Point", "coordinates": [ 8.7117686, 49.4117087 ] } },
{ "type": "Feature", "properties": { "index": "852", "last_edit_year": 2025, "years_since_edit": 1, "label": "1.0–3.0 yr", "color": "#a3d99f" }, "geometry": { "type": "Point", "coordinates": [ 8.7117927, 49.4117162 ] } },
{ "type": "Feature", "properties": { "index": "853", "last_edit_year": 2025, "years_since_edit": 1, "label": "1.0–3.0 yr", "color": "#a3d99f" }, "geometry": { "type": "Point", "coordinates": [ 8.6935316, 49.4073197 ] } },
{ "type": "Feature", "properties": { "index": "854", "last_edit_year": 2025, "years_since_edit": 1, "label": "1.0–3.0 yr", "color": "#a3d99f" }, "geometry": { "type": "Point", "coordinates": [ 8.6935041, 49.4072913 ] } },
{ "type": "Feature", "properties": { "index": "855", "last_edit_year": 2025, "years_since_edit": 1, "label": "1.0–3.0 yr", "color": "#a3d99f" }, "geometry": { "type": "Point", "coordinates": [ 8.700103, 49.4077189 ] } },
{ "type": "Feature", "properties": { "index": "856", "last_edit_year": 2025, "years_since_edit": 1, "label": "1.0–3.0 yr", "color": "#a3d99f" }, "geometry": { "type": "Point", "coordinates": [ 8.6934766, 49.4072629 ] } },
{ "type": "Feature", "properties": { "index": "857", "last_edit_year": 2022, "years_since_edit": 4, "label": "3.0–5.0 yr", "color": "#47ae5f" }, "geometry": { "type": "Point", "coordinates": [ 8.6779185, 49.4039538 ] } },
{ "type": "Feature", "properties": { "index": "858", "last_edit_year": 2022, "years_since_edit": 4, "label": "3.0–5.0 yr", "color": "#47ae5f" }, "geometry": { "type": "Point", "coordinates": [ 8.6778688, 49.4039442 ] } },
{ "type": "Feature", "properties": { "index": "859", "last_edit_year": 2022, "years_since_edit": 4, "label": "3.0–5.0 yr", "color": "#47ae5f" }, "geometry": { "type": "Point", "coordinates": [ 8.6778192, 49.4039346 ] } },
{ "type": "Feature", "properties": { "index": "860", "last_edit_year": 2019, "years_since_edit": 7, "label": "5.0–14.0 yr", "color": "#006d2c" }, "geometry": { "type": "Point", "coordinates": [ 8.6743605, 49.4114173 ] } },
{ "type": "Feature", "properties": { "index": "861", "last_edit_year": 2025, "years_since_edit": 1, "label": "1.0–3.0 yr", "color": "#a3d99f" }, "geometry": { "type": "Point", "coordinates": [ 8.6731911, 49.4114876 ] } },
{ "type": "Feature", "properties": { "index": "862", "last_edit_year": 2019, "years_since_edit": 7, "label": "5.0–14.0 yr", "color": "#006d2c" }, "geometry": { "type": "Point", "coordinates": [ 8.6957151, 49.4186451 ] } },
{ "type": "Feature", "properties": { "index": "863", "last_edit_year": 2019, "years_since_edit": 7, "label": "5.0–14.0 yr", "color": "#006d2c" }, "geometry": { "type": "Point", "coordinates": [ 8.6928838, 49.420804 ] } },
{ "type": "Feature", "properties": { "index": "864", "last_edit_year": 2019, "years_since_edit": 7, "label": "5.0–14.0 yr", "color": "#006d2c" }, "geometry": { "type": "Point", "coordinates": [ 8.6829676, 49.4190382 ] } },
{ "type": "Feature", "properties": { "index": "865", "last_edit_year": 2024, "years_since_edit": 2, "label": "1.0–3.0 yr", "color": "#a3d99f" }, "geometry": { "type": "Point", "coordinates": [ 8.6691198, 49.4200798 ] } },
{ "type": "Feature", "properties": { "index": "866", "last_edit_year": 2024, "years_since_edit": 2, "label": "1.0–3.0 yr", "color": "#a3d99f" }, "geometry": { "type": "Point", "coordinates": [ 8.6689572, 49.4201752 ] } },
{ "type": "Feature", "properties": { "index": "867", "last_edit_year": 2025, "years_since_edit": 1, "label": "1.0–3.0 yr", "color": "#a3d99f" }, "geometry": { "type": "Point", "coordinates": [ 8.6688754, 49.4201808 ] } },
{ "type": "Feature", "properties": { "index": "868", "last_edit_year": 2024, "years_since_edit": 2, "label": "1.0–3.0 yr", "color": "#a3d99f" }, "geometry": { "type": "Point", "coordinates": [ 8.6690567, 49.4200759 ] } },
{ "type": "Feature", "properties": { "index": "869", "last_edit_year": 2024, "years_since_edit": 2, "label": "1.0–3.0 yr", "color": "#a3d99f" }, "geometry": { "type": "Point", "coordinates": [ 8.6690175, 49.4201752 ] } },
{ "type": "Feature", "properties": { "index": "870", "last_edit_year": 2021, "years_since_edit": 5, "label": "5.0–14.0 yr", "color": "#006d2c" }, "geometry": { "type": "Point", "coordinates": [ 8.6767777, 49.4170548 ] } },
{ "type": "Feature", "properties": { "index": "871", "last_edit_year": 2021, "years_since_edit": 5, "label": "5.0–14.0 yr", "color": "#006d2c" }, "geometry": { "type": "Point", "coordinates": [ 8.6768334, 49.4168728 ] } },
{ "type": "Feature", "properties": { "index": "872", "last_edit_year": 2023, "years_since_edit": 3, "label": "3.0–5.0 yr", "color": "#47ae5f" }, "geometry": { "type": "Point", "coordinates": [ 8.6767622, 49.4185934 ] } },
{ "type": "Feature", "properties": { "index": "873", "last_edit_year": 2026, "years_since_edit": 0, "label": "0.0–1.0 yr", "color": "#edf8e9" }, "geometry": { "type": "Point", "coordinates": [ 8.6620995, 49.4031584 ] } },
{ "type": "Feature", "properties": { "index": "874", "last_edit_year": 2026, "years_since_edit": 0, "label": "0.0–1.0 yr", "color": "#edf8e9" }, "geometry": { "type": "Point", "coordinates": [ 8.6620291, 49.4031933 ] } },
{ "type": "Feature", "properties": { "index": "875", "last_edit_year": 2026, "years_since_edit": 0, "label": "0.0–1.0 yr", "color": "#edf8e9" }, "geometry": { "type": "Point", "coordinates": [ 8.6619084, 49.4030951 ] } },
{ "type": "Feature", "properties": { "index": "876", "last_edit_year": 2026, "years_since_edit": 0, "label": "0.0–1.0 yr", "color": "#edf8e9" }, "geometry": { "type": "Point", "coordinates": [ 8.6619788, 49.4030563 ] } },
{ "type": "Feature", "properties": { "index": "877", "last_edit_year": 2025, "years_since_edit": 1, "label": "1.0–3.0 yr", "color": "#a3d99f" }, "geometry": { "type": "Point", "coordinates": [ 8.6636176, 49.402184 ] } },
{ "type": "Feature", "properties": { "index": "878", "last_edit_year": 2025, "years_since_edit": 1, "label": "1.0–3.0 yr", "color": "#a3d99f" }, "geometry": { "type": "Point", "coordinates": [ 8.6636867, 49.4021508 ] } },
{ "type": "Feature", "properties": { "index": "879", "last_edit_year": 2025, "years_since_edit": 1, "label": "1.0–3.0 yr", "color": "#a3d99f" }, "geometry": { "type": "Point", "coordinates": [ 8.663796, 49.4022494 ] } },
{ "type": "Feature", "properties": { "index": "880", "last_edit_year": 2025, "years_since_edit": 1, "label": "1.0–3.0 yr", "color": "#a3d99f" }, "geometry": { "type": "Point", "coordinates": [ 8.6637296, 49.4022835 ] } },
{ "type": "Feature", "properties": { "index": "881", "last_edit_year": 2024, "years_since_edit": 2, "label": "1.0–3.0 yr", "color": "#a3d99f" }, "geometry": { "type": "Point", "coordinates": [ 8.6674833, 49.4001985 ] } },
{ "type": "Feature", "properties": { "index": "882", "last_edit_year": 2024, "years_since_edit": 2, "label": "1.0–3.0 yr", "color": "#a3d99f" }, "geometry": { "type": "Point", "coordinates": [ 8.6675799, 49.4001505 ] } },
{ "type": "Feature", "properties": { "index": "883", "last_edit_year": 2024, "years_since_edit": 2, "label": "1.0–3.0 yr", "color": "#a3d99f" }, "geometry": { "type": "Point", "coordinates": [ 8.6676523, 49.4001165 ] } },
{ "type": "Feature", "properties": { "index": "884", "last_edit_year": 2024, "years_since_edit": 2, "label": "1.0–3.0 yr", "color": "#a3d99f" }, "geometry": { "type": "Point", "coordinates": [ 8.6681002, 49.3998987 ] } },
{ "type": "Feature", "properties": { "index": "885", "last_edit_year": 2024, "years_since_edit": 2, "label": "1.0–3.0 yr", "color": "#a3d99f" }, "geometry": { "type": "Point", "coordinates": [ 8.6680117, 49.3999437 ] } },
{ "type": "Feature", "properties": { "index": "886", "last_edit_year": 2024, "years_since_edit": 2, "label": "1.0–3.0 yr", "color": "#a3d99f" }, "geometry": { "type": "Point", "coordinates": [ 8.6683128, 49.3997997 ] } },
{ "type": "Feature", "properties": { "index": "887", "last_edit_year": 2024, "years_since_edit": 2, "label": "1.0–3.0 yr", "color": "#a3d99f" }, "geometry": { "type": "Point", "coordinates": [ 8.6683725, 49.3997695 ] } },
{ "type": "Feature", "properties": { "index": "888", "last_edit_year": 2024, "years_since_edit": 2, "label": "1.0–3.0 yr", "color": "#a3d99f" }, "geometry": { "type": "Point", "coordinates": [ 8.6686052, 49.3996543 ] } },
{ "type": "Feature", "properties": { "index": "889", "last_edit_year": 2025, "years_since_edit": 1, "label": "1.0–3.0 yr", "color": "#a3d99f" }, "geometry": { "type": "Point", "coordinates": [ 8.6688754, 49.3995226 ] } },
{ "type": "Feature", "properties": { "index": "890", "last_edit_year": 2025, "years_since_edit": 1, "label": "1.0–3.0 yr", "color": "#a3d99f" }, "geometry": { "type": "Point", "coordinates": [ 8.6690839, 49.3994204 ] } },
{ "type": "Feature", "properties": { "index": "891", "last_edit_year": 2025, "years_since_edit": 1, "label": "1.0–3.0 yr", "color": "#a3d99f" }, "geometry": { "type": "Point", "coordinates": [ 8.6641078, 49.401872 ] } },
{ "type": "Feature", "properties": { "index": "892", "last_edit_year": 2025, "years_since_edit": 1, "label": "1.0–3.0 yr", "color": "#a3d99f" }, "geometry": { "type": "Point", "coordinates": [ 8.6642405, 49.4018022 ] } },
{ "type": "Feature", "properties": { "index": "893", "last_edit_year": 2025, "years_since_edit": 1, "label": "1.0–3.0 yr", "color": "#a3d99f" }, "geometry": { "type": "Point", "coordinates": [ 8.6643921, 49.4017206 ] } },
{ "type": "Feature", "properties": { "index": "894", "last_edit_year": 2025, "years_since_edit": 1, "label": "1.0–3.0 yr", "color": "#a3d99f" }, "geometry": { "type": "Point", "coordinates": [ 8.6662059, 49.4008138 ] } },
{ "type": "Feature", "properties": { "index": "895", "last_edit_year": 2025, "years_since_edit": 1, "label": "1.0–3.0 yr", "color": "#a3d99f" }, "geometry": { "type": "Point", "coordinates": [ 8.6663179, 49.4007606 ] } },
{ "type": "Feature", "properties": { "index": "896", "last_edit_year": 2025, "years_since_edit": 1, "label": "1.0–3.0 yr", "color": "#a3d99f" }, "geometry": { "type": "Point", "coordinates": [ 8.6663555, 49.4007422 ] } },
{ "type": "Feature", "properties": { "index": "897", "last_edit_year": 2025, "years_since_edit": 1, "label": "1.0–3.0 yr", "color": "#a3d99f" }, "geometry": { "type": "Point", "coordinates": [ 8.6664855, 49.4006798 ] } },
{ "type": "Feature", "properties": { "index": "898", "last_edit_year": 2024, "years_since_edit": 2, "label": "1.0–3.0 yr", "color": "#a3d99f" }, "geometry": { "type": "Point", "coordinates": [ 8.667028, 49.4004184 ] } },
{ "type": "Feature", "properties": { "index": "899", "last_edit_year": 2024, "years_since_edit": 2, "label": "1.0–3.0 yr", "color": "#a3d99f" }, "geometry": { "type": "Point", "coordinates": [ 8.6672392, 49.4003155 ] } },
{ "type": "Feature", "properties": { "index": "900", "last_edit_year": 2024, "years_since_edit": 2, "label": "1.0–3.0 yr", "color": "#a3d99f" }, "geometry": { "type": "Point", "coordinates": [ 8.6673311, 49.4002731 ] } },
{ "type": "Feature", "properties": { "index": "901", "last_edit_year": 2025, "years_since_edit": 1, "label": "1.0–3.0 yr", "color": "#a3d99f" }, "geometry": { "type": "Point", "coordinates": [ 8.6617293, 49.4031431 ] } },
{ "type": "Feature", "properties": { "index": "902", "last_edit_year": 2025, "years_since_edit": 1, "label": "1.0–3.0 yr", "color": "#a3d99f" }, "geometry": { "type": "Point", "coordinates": [ 8.6621571, 49.4029053 ] } },
{ "type": "Feature", "properties": { "index": "903", "last_edit_year": 2025, "years_since_edit": 1, "label": "1.0–3.0 yr", "color": "#a3d99f" }, "geometry": { "type": "Point", "coordinates": [ 8.6620512, 49.4029603 ] } },
{ "type": "Feature", "properties": { "index": "904", "last_edit_year": 2025, "years_since_edit": 1, "label": "1.0–3.0 yr", "color": "#a3d99f" }, "geometry": { "type": "Point", "coordinates": [ 8.6624596, 49.4027451 ] } },
{ "type": "Feature", "properties": { "index": "905", "last_edit_year": 2025, "years_since_edit": 1, "label": "1.0–3.0 yr", "color": "#a3d99f" }, "geometry": { "type": "Point", "coordinates": [ 8.6625957, 49.4026714 ] } },
{ "type": "Feature", "properties": { "index": "906", "last_edit_year": 2025, "years_since_edit": 1, "label": "1.0–3.0 yr", "color": "#a3d99f" }, "geometry": { "type": "Point", "coordinates": [ 8.6629014, 49.4025064 ] } },
{ "type": "Feature", "properties": { "index": "907", "last_edit_year": 2025, "years_since_edit": 1, "label": "1.0–3.0 yr", "color": "#a3d99f" }, "geometry": { "type": "Point", "coordinates": [ 8.6629799, 49.4024628 ] } },
{ "type": "Feature", "properties": { "index": "908", "last_edit_year": 2025, "years_since_edit": 1, "label": "1.0–3.0 yr", "color": "#a3d99f" }, "geometry": { "type": "Point", "coordinates": [ 8.6631395, 49.4023782 ] } },
{ "type": "Feature", "properties": { "index": "909", "last_edit_year": 2025, "years_since_edit": 1, "label": "1.0–3.0 yr", "color": "#a3d99f" }, "geometry": { "type": "Point", "coordinates": [ 8.6634037, 49.4022359 ] } },
{ "type": "Feature", "properties": { "index": "910", "last_edit_year": 2025, "years_since_edit": 1, "label": "1.0–3.0 yr", "color": "#a3d99f" }, "geometry": { "type": "Point", "coordinates": [ 8.6637685, 49.4020491 ] } },
{ "type": "Feature", "properties": { "index": "911", "last_edit_year": 2025, "years_since_edit": 1, "label": "1.0–3.0 yr", "color": "#a3d99f" }, "geometry": { "type": "Point", "coordinates": [ 8.6691886, 49.3993704 ] } },
{ "type": "Feature", "properties": { "index": "912", "last_edit_year": 2025, "years_since_edit": 1, "label": "1.0–3.0 yr", "color": "#a3d99f" }, "geometry": { "type": "Point", "coordinates": [ 8.6693072, 49.3993175 ] } },
{ "type": "Feature", "properties": { "index": "913", "last_edit_year": 2025, "years_since_edit": 1, "label": "1.0–3.0 yr", "color": "#a3d99f" }, "geometry": { "type": "Point", "coordinates": [ 8.669733, 49.3991128 ] } },
{ "type": "Feature", "properties": { "index": "914", "last_edit_year": 2025, "years_since_edit": 1, "label": "1.0–3.0 yr", "color": "#a3d99f" }, "geometry": { "type": "Point", "coordinates": [ 8.6698068, 49.3990783 ] } },
{ "type": "Feature", "properties": { "index": "915", "last_edit_year": 2025, "years_since_edit": 1, "label": "1.0–3.0 yr", "color": "#a3d99f" }, "geometry": { "type": "Point", "coordinates": [ 8.6698544, 49.3990539 ] } },
{ "type": "Feature", "properties": { "index": "916", "last_edit_year": 2025, "years_since_edit": 1, "label": "1.0–3.0 yr", "color": "#a3d99f" }, "geometry": { "type": "Point", "coordinates": [ 8.6701883, 49.3988968 ] } },
{ "type": "Feature", "properties": { "index": "917", "last_edit_year": 2025, "years_since_edit": 1, "label": "1.0–3.0 yr", "color": "#a3d99f" }, "geometry": { "type": "Point", "coordinates": [ 8.6701582, 49.3989125 ] } },
{ "type": "Feature", "properties": { "index": "918", "last_edit_year": 2025, "years_since_edit": 1, "label": "1.0–3.0 yr", "color": "#a3d99f" }, "geometry": { "type": "Point", "coordinates": [ 8.6704659, 49.3987637 ] } },
{ "type": "Feature", "properties": { "index": "919", "last_edit_year": 2025, "years_since_edit": 1, "label": "1.0–3.0 yr", "color": "#a3d99f" }, "geometry": { "type": "Point", "coordinates": [ 8.6612318, 49.4034162 ] } },
{ "type": "Feature", "properties": { "index": "920", "last_edit_year": 2025, "years_since_edit": 1, "label": "1.0–3.0 yr", "color": "#a3d99f" }, "geometry": { "type": "Point", "coordinates": [ 8.6614101, 49.4033185 ] } },
{ "type": "Feature", "properties": { "index": "921", "last_edit_year": 2025, "years_since_edit": 1, "label": "1.0–3.0 yr", "color": "#a3d99f" }, "geometry": { "type": "Point", "coordinates": [ 8.661498, 49.4032692 ] } },
{ "type": "Feature", "properties": { "index": "922", "last_edit_year": 2023, "years_since_edit": 3, "label": "3.0–5.0 yr", "color": "#47ae5f" }, "geometry": { "type": "Point", "coordinates": [ 8.6809181, 49.4143032 ] } },
{ "type": "Feature", "properties": { "index": "923", "last_edit_year": 2023, "years_since_edit": 3, "label": "3.0–5.0 yr", "color": "#47ae5f" }, "geometry": { "type": "Point", "coordinates": [ 8.6811752, 49.4144867 ] } },
{ "type": "Feature", "properties": { "index": "924", "last_edit_year": 2023, "years_since_edit": 3, "label": "3.0–5.0 yr", "color": "#47ae5f" }, "geometry": { "type": "Point", "coordinates": [ 8.6809143, 49.414332 ] } },
{ "type": "Feature", "properties": { "index": "925", "last_edit_year": 2023, "years_since_edit": 3, "label": "3.0–5.0 yr", "color": "#47ae5f" }, "geometry": { "type": "Point", "coordinates": [ 8.6811297, 49.4144845 ] } },
{ "type": "Feature", "properties": { "index": "926", "last_edit_year": 2022, "years_since_edit": 4, "label": "3.0–5.0 yr", "color": "#47ae5f" }, "geometry": { "type": "Point", "coordinates": [ 8.6808721, 49.4144647 ] } },
{ "type": "Feature", "properties": { "index": "927", "last_edit_year": 2025, "years_since_edit": 1, "label": "1.0–3.0 yr", "color": "#a3d99f" }, "geometry": { "type": "Point", "coordinates": [ 8.6816687, 49.4172528 ] } },
{ "type": "Feature", "properties": { "index": "928", "last_edit_year": 2025, "years_since_edit": 1, "label": "1.0–3.0 yr", "color": "#a3d99f" }, "geometry": { "type": "Point", "coordinates": [ 8.6816781, 49.4171961 ] } },
{ "type": "Feature", "properties": { "index": "929", "last_edit_year": 2022, "years_since_edit": 4, "label": "3.0–5.0 yr", "color": "#47ae5f" }, "geometry": { "type": "Point", "coordinates": [ 8.6903778, 49.4145428 ] } },
{ "type": "Feature", "properties": { "index": "930", "last_edit_year": 2025, "years_since_edit": 1, "label": "1.0–3.0 yr", "color": "#a3d99f" }, "geometry": { "type": "Point", "coordinates": [ 8.6904275, 49.4148169 ] } },
{ "type": "Feature", "properties": { "index": "931", "last_edit_year": 2023, "years_since_edit": 3, "label": "3.0–5.0 yr", "color": "#47ae5f" }, "geometry": { "type": "Point", "coordinates": [ 8.6906897, 49.4148267 ] } },
{ "type": "Feature", "properties": { "index": "932", "last_edit_year": 2024, "years_since_edit": 2, "label": "1.0–3.0 yr", "color": "#a3d99f" }, "geometry": { "type": "Point", "coordinates": [ 8.6746314, 49.4185911 ] } },
{ "type": "Feature", "properties": { "index": "933", "last_edit_year": 2025, "years_since_edit": 1, "label": "1.0–3.0 yr", "color": "#a3d99f" }, "geometry": { "type": "Point", "coordinates": [ 8.672654, 49.4187961 ] } },
{ "type": "Feature", "properties": { "index": "934", "last_edit_year": 2024, "years_since_edit": 2, "label": "1.0–3.0 yr", "color": "#a3d99f" }, "geometry": { "type": "Point", "coordinates": [ 8.6746877, 49.4185889 ] } },
{ "type": "Feature", "properties": { "index": "935", "last_edit_year": 2025, "years_since_edit": 1, "label": "1.0–3.0 yr", "color": "#a3d99f" }, "geometry": { "type": "Point", "coordinates": [ 8.6740614, 49.4185146 ] } },
{ "type": "Feature", "properties": { "index": "936", "last_edit_year": 2025, "years_since_edit": 1, "label": "1.0–3.0 yr", "color": "#a3d99f" }, "geometry": { "type": "Point", "coordinates": [ 8.674047, 49.4184978 ] } },
{ "type": "Feature", "properties": { "index": "937", "last_edit_year": 2025, "years_since_edit": 1, "label": "1.0–3.0 yr", "color": "#a3d99f" }, "geometry": { "type": "Point", "coordinates": [ 8.6727093, 49.4187648 ] } },
{ "type": "Feature", "properties": { "index": "938", "last_edit_year": 2025, "years_since_edit": 1, "label": "1.0–3.0 yr", "color": "#a3d99f" }, "geometry": { "type": "Point", "coordinates": [ 8.6725889, 49.4186599 ] } },
{ "type": "Feature", "properties": { "index": "939", "last_edit_year": 2025, "years_since_edit": 1, "label": "1.0–3.0 yr", "color": "#a3d99f" }, "geometry": { "type": "Point", "coordinates": [ 8.6724977, 49.4186564 ] } },
{ "type": "Feature", "properties": { "index": "940", "last_edit_year": 2025, "years_since_edit": 1, "label": "1.0–3.0 yr", "color": "#a3d99f" }, "geometry": { "type": "Point", "coordinates": [ 8.6724991, 49.4187057 ] } },
{ "type": "Feature", "properties": { "index": "941", "last_edit_year": 2025, "years_since_edit": 1, "label": "1.0–3.0 yr", "color": "#a3d99f" }, "geometry": { "type": "Point", "coordinates": [ 8.677709, 49.4122317 ] } },
{ "type": "Feature", "properties": { "index": "942", "last_edit_year": 2025, "years_since_edit": 1, "label": "1.0–3.0 yr", "color": "#a3d99f" }, "geometry": { "type": "Point", "coordinates": [ 8.6782991, 49.4125445 ] } },
{ "type": "Feature", "properties": { "index": "943", "last_edit_year": 2025, "years_since_edit": 1, "label": "1.0–3.0 yr", "color": "#a3d99f" }, "geometry": { "type": "Point", "coordinates": [ 8.6777924, 49.4121174 ] } },
{ "type": "Feature", "properties": { "index": "944", "last_edit_year": 2025, "years_since_edit": 1, "label": "1.0–3.0 yr", "color": "#a3d99f" }, "geometry": { "type": "Point", "coordinates": [ 8.6777449, 49.4122525 ] } },
{ "type": "Feature", "properties": { "index": "945", "last_edit_year": 2024, "years_since_edit": 2, "label": "1.0–3.0 yr", "color": "#a3d99f" }, "geometry": { "type": "Point", "coordinates": [ 8.6777706, 49.412103 ] } },
{ "type": "Feature", "properties": { "index": "946", "last_edit_year": 2025, "years_since_edit": 1, "label": "1.0–3.0 yr", "color": "#a3d99f" }, "geometry": { "type": "Point", "coordinates": [ 8.6777288, 49.4122423 ] } },
{ "type": "Feature", "properties": { "index": "947", "last_edit_year": 2024, "years_since_edit": 2, "label": "1.0–3.0 yr", "color": "#a3d99f" }, "geometry": { "type": "Point", "coordinates": [ 8.6797171, 49.4046988 ] } },
{ "type": "Feature", "properties": { "index": "948", "last_edit_year": 2024, "years_since_edit": 2, "label": "1.0–3.0 yr", "color": "#a3d99f" }, "geometry": { "type": "Point", "coordinates": [ 8.6795758, 49.4046739 ] } },
{ "type": "Feature", "properties": { "index": "949", "last_edit_year": 2025, "years_since_edit": 1, "label": "1.0–3.0 yr", "color": "#a3d99f" }, "geometry": { "type": "Point", "coordinates": [ 8.6733174, 49.4191039 ] } },
{ "type": "Feature", "properties": { "index": "950", "last_edit_year": 2021, "years_since_edit": 5, "label": "5.0–14.0 yr", "color": "#006d2c" }, "geometry": { "type": "Point", "coordinates": [ 8.6741247, 49.4214808 ] } },
{ "type": "Feature", "properties": { "index": "951", "last_edit_year": 2024, "years_since_edit": 2, "label": "1.0–3.0 yr", "color": "#a3d99f" }, "geometry": { "type": "Point", "coordinates": [ 8.7178917, 49.4140476 ] } },
{ "type": "Feature", "properties": { "index": "952", "last_edit_year": 2026, "years_since_edit": 0, "label": "0.0–1.0 yr", "color": "#edf8e9" }, "geometry": { "type": "Point", "coordinates": [ 8.6774504, 49.4114766 ] } },
{ "type": "Feature", "properties": { "index": "953", "last_edit_year": 2026, "years_since_edit": 0, "label": "0.0–1.0 yr", "color": "#edf8e9" }, "geometry": { "type": "Point", "coordinates": [ 8.7130743, 49.4122413 ] } },
{ "type": "Feature", "properties": { "index": "954", "last_edit_year": 2026, "years_since_edit": 0, "label": "0.0–1.0 yr", "color": "#edf8e9" }, "geometry": { "type": "Point", "coordinates": [ 8.7124797, 49.4121966 ] } },
{ "type": "Feature", "properties": { "index": "955", "last_edit_year": 2026, "years_since_edit": 0, "label": "0.0–1.0 yr", "color": "#edf8e9" }, "geometry": { "type": "Point", "coordinates": [ 8.7129708, 49.412371 ] } },
{ "type": "Feature", "properties": { "index": "956", "last_edit_year": 2026, "years_since_edit": 0, "label": "0.0–1.0 yr", "color": "#edf8e9" }, "geometry": { "type": "Point", "coordinates": [ 8.7125738, 49.4120761 ] } },
{ "type": "Feature", "properties": { "index": "957", "last_edit_year": 2025, "years_since_edit": 1, "label": "1.0–3.0 yr", "color": "#a3d99f" }, "geometry": { "type": "Point", "coordinates": [ 8.6761265, 49.4032859 ] } },
{ "type": "Feature", "properties": { "index": "958", "last_edit_year": 2025, "years_since_edit": 1, "label": "1.0–3.0 yr", "color": "#a3d99f" }, "geometry": { "type": "Point", "coordinates": [ 8.6759399, 49.4031003 ] } },
{ "type": "Feature", "properties": { "index": "959", "last_edit_year": 2025, "years_since_edit": 1, "label": "1.0–3.0 yr", "color": "#a3d99f" }, "geometry": { "type": "Point", "coordinates": [ 8.6764267, 49.4031546 ] } },
{ "type": "Feature", "properties": { "index": "960", "last_edit_year": 2025, "years_since_edit": 1, "label": "1.0–3.0 yr", "color": "#a3d99f" }, "geometry": { "type": "Point", "coordinates": [ 8.6762345, 49.4029748 ] } },
{ "type": "Feature", "properties": { "index": "961", "last_edit_year": 2025, "years_since_edit": 1, "label": "1.0–3.0 yr", "color": "#a3d99f" }, "geometry": { "type": "Point", "coordinates": [ 8.6765902, 49.4033011 ] } },
{ "type": "Feature", "properties": { "index": "962", "last_edit_year": 2025, "years_since_edit": 1, "label": "1.0–3.0 yr", "color": "#a3d99f" }, "geometry": { "type": "Point", "coordinates": [ 8.676282, 49.4034371 ] } },
{ "type": "Feature", "properties": { "index": "963", "last_edit_year": 2024, "years_since_edit": 2, "label": "1.0–3.0 yr", "color": "#a3d99f" }, "geometry": { "type": "Point", "coordinates": [ 8.7138029, 49.4135644 ] } },
{ "type": "Feature", "properties": { "index": "964", "last_edit_year": 2024, "years_since_edit": 2, "label": "1.0–3.0 yr", "color": "#a3d99f" }, "geometry": { "type": "Point", "coordinates": [ 8.7138423, 49.4135726 ] } },
{ "type": "Feature", "properties": { "index": "965", "last_edit_year": 2024, "years_since_edit": 2, "label": "1.0–3.0 yr", "color": "#a3d99f" }, "geometry": { "type": "Point", "coordinates": [ 8.7139308, 49.4135817 ] } },
{ "type": "Feature", "properties": { "index": "966", "last_edit_year": 2024, "years_since_edit": 2, "label": "1.0–3.0 yr", "color": "#a3d99f" }, "geometry": { "type": "Point", "coordinates": [ 8.7138718, 49.4135756 ] } },
{ "type": "Feature", "properties": { "index": "967", "last_edit_year": 2024, "years_since_edit": 2, "label": "1.0–3.0 yr", "color": "#a3d99f" }, "geometry": { "type": "Point", "coordinates": [ 8.7139013, 49.4135787 ] } },
{ "type": "Feature", "properties": { "index": "968", "last_edit_year": 2024, "years_since_edit": 2, "label": "1.0–3.0 yr", "color": "#a3d99f" }, "geometry": { "type": "Point", "coordinates": [ 8.7141692, 49.4136113 ] } },
{ "type": "Feature", "properties": { "index": "969", "last_edit_year": 2024, "years_since_edit": 2, "label": "1.0–3.0 yr", "color": "#a3d99f" }, "geometry": { "type": "Point", "coordinates": [ 8.7141988, 49.4136144 ] } },
{ "type": "Feature", "properties": { "index": "970", "last_edit_year": 2024, "years_since_edit": 2, "label": "1.0–3.0 yr", "color": "#a3d99f" }, "geometry": { "type": "Point", "coordinates": [ 8.7142283, 49.4136174 ] } },
{ "type": "Feature", "properties": { "index": "971", "last_edit_year": 2024, "years_since_edit": 2, "label": "1.0–3.0 yr", "color": "#a3d99f" }, "geometry": { "type": "Point", "coordinates": [ 8.7142578, 49.4136205 ] } },
{ "type": "Feature", "properties": { "index": "972", "last_edit_year": 2024, "years_since_edit": 2, "label": "1.0–3.0 yr", "color": "#a3d99f" }, "geometry": { "type": "Point", "coordinates": [ 8.7143408, 49.4136288 ] } },
{ "type": "Feature", "properties": { "index": "973", "last_edit_year": 2024, "years_since_edit": 2, "label": "1.0–3.0 yr", "color": "#a3d99f" }, "geometry": { "type": "Point", "coordinates": [ 8.7143067, 49.4136253 ] } },
{ "type": "Feature", "properties": { "index": "974", "last_edit_year": 2020, "years_since_edit": 6, "label": "5.0–14.0 yr", "color": "#006d2c" }, "geometry": { "type": "Point", "coordinates": [ 8.7116699, 49.4137599 ] } },
{ "type": "Feature", "properties": { "index": "975", "last_edit_year": 2020, "years_since_edit": 6, "label": "5.0–14.0 yr", "color": "#006d2c" }, "geometry": { "type": "Point", "coordinates": [ 8.7115088, 49.413748 ] } },
{ "type": "Feature", "properties": { "index": "976", "last_edit_year": 2020, "years_since_edit": 6, "label": "5.0–14.0 yr", "color": "#006d2c" }, "geometry": { "type": "Point", "coordinates": [ 8.7113478, 49.413736 ] } },
{ "type": "Feature", "properties": { "index": "977", "last_edit_year": 2024, "years_since_edit": 2, "label": "1.0–3.0 yr", "color": "#a3d99f" }, "geometry": { "type": "Point", "coordinates": [ 8.7137687, 49.4135609 ] } },
{ "type": "Feature", "properties": { "index": "978", "last_edit_year": 2020, "years_since_edit": 6, "label": "5.0–14.0 yr", "color": "#006d2c" }, "geometry": { "type": "Point", "coordinates": [ 8.7117504, 49.4137659 ] } },
{ "type": "Feature", "properties": { "index": "979", "last_edit_year": 2020, "years_since_edit": 6, "label": "5.0–14.0 yr", "color": "#006d2c" }, "geometry": { "type": "Point", "coordinates": [ 8.7059087, 49.4186442 ] } },
{ "type": "Feature", "properties": { "index": "980", "last_edit_year": 2025, "years_since_edit": 1, "label": "1.0–3.0 yr", "color": "#a3d99f" }, "geometry": { "type": "Point", "coordinates": [ 8.7055989, 49.4174145 ] } },
{ "type": "Feature", "properties": { "index": "981", "last_edit_year": 2020, "years_since_edit": 6, "label": "5.0–14.0 yr", "color": "#006d2c" }, "geometry": { "type": "Point", "coordinates": [ 8.6606424, 49.4042968 ] } },
{ "type": "Feature", "properties": { "index": "982", "last_edit_year": 2020, "years_since_edit": 6, "label": "5.0–14.0 yr", "color": "#006d2c" }, "geometry": { "type": "Point", "coordinates": [ 8.66024, 49.4040952 ] } },
{ "type": "Feature", "properties": { "index": "983", "last_edit_year": 2020, "years_since_edit": 6, "label": "5.0–14.0 yr", "color": "#006d2c" }, "geometry": { "type": "Point", "coordinates": [ 8.6603312, 49.4040411 ] } },
{ "type": "Feature", "properties": { "index": "984", "last_edit_year": 2020, "years_since_edit": 6, "label": "5.0–14.0 yr", "color": "#006d2c" }, "geometry": { "type": "Point", "coordinates": [ 8.6605297, 49.4043465 ] } },
{ "type": "Feature", "properties": { "index": "985", "last_edit_year": 2025, "years_since_edit": 1, "label": "1.0–3.0 yr", "color": "#a3d99f" }, "geometry": { "type": "Point", "coordinates": [ 8.6886084, 49.398356 ] } },
{ "type": "Feature", "properties": { "index": "986", "last_edit_year": 2020, "years_since_edit": 6, "label": "5.0–14.0 yr", "color": "#006d2c" }, "geometry": { "type": "Point", "coordinates": [ 8.7147988, 49.4072224 ] } },
{ "type": "Feature", "properties": { "index": "987", "last_edit_year": 2025, "years_since_edit": 1, "label": "1.0–3.0 yr", "color": "#a3d99f" }, "geometry": { "type": "Point", "coordinates": [ 8.667482, 49.404432 ] } },
{ "type": "Feature", "properties": { "index": "988", "last_edit_year": 2025, "years_since_edit": 1, "label": "1.0–3.0 yr", "color": "#a3d99f" }, "geometry": { "type": "Point", "coordinates": [ 8.6674623, 49.4043988 ] } },
{ "type": "Feature", "properties": { "index": "989", "last_edit_year": 2020, "years_since_edit": 6, "label": "5.0–14.0 yr", "color": "#006d2c" }, "geometry": { "type": "Point", "coordinates": [ 8.7148263, 49.4071992 ] } },
{ "type": "Feature", "properties": { "index": "990", "last_edit_year": 2020, "years_since_edit": 6, "label": "5.0–14.0 yr", "color": "#006d2c" }, "geometry": { "type": "Point", "coordinates": [ 8.7149055, 49.4072012 ] } },
{ "type": "Feature", "properties": { "index": "991", "last_edit_year": 2020, "years_since_edit": 6, "label": "5.0–14.0 yr", "color": "#006d2c" }, "geometry": { "type": "Point", "coordinates": [ 8.6672875, 49.4183912 ] } },
{ "type": "Feature", "properties": { "index": "992", "last_edit_year": 2020, "years_since_edit": 6, "label": "5.0–14.0 yr", "color": "#006d2c" }, "geometry": { "type": "Point", "coordinates": [ 8.6671286, 49.4186703 ] } },
{ "type": "Feature", "properties": { "index": "993", "last_edit_year": 2020, "years_since_edit": 6, "label": "5.0–14.0 yr", "color": "#006d2c" }, "geometry": { "type": "Point", "coordinates": [ 8.6670468, 49.4186747 ] } },
{ "type": "Feature", "properties": { "index": "994", "last_edit_year": 2020, "years_since_edit": 6, "label": "5.0–14.0 yr", "color": "#006d2c" }, "geometry": { "type": "Point", "coordinates": [ 8.6673888, 49.4185534 ] } },
{ "type": "Feature", "properties": { "index": "995", "last_edit_year": 2020, "years_since_edit": 6, "label": "5.0–14.0 yr", "color": "#006d2c" }, "geometry": { "type": "Point", "coordinates": [ 8.6673653, 49.4185713 ] } },
{ "type": "Feature", "properties": { "index": "996", "last_edit_year": 2020, "years_since_edit": 6, "label": "5.0–14.0 yr", "color": "#006d2c" }, "geometry": { "type": "Point", "coordinates": [ 8.6661663, 49.4186578 ] } },
{ "type": "Feature", "properties": { "index": "997", "last_edit_year": 2020, "years_since_edit": 6, "label": "5.0–14.0 yr", "color": "#006d2c" }, "geometry": { "type": "Point", "coordinates": [ 8.6664689, 49.4184776 ] } },
{ "type": "Feature", "properties": { "index": "998", "last_edit_year": 2020, "years_since_edit": 6, "label": "5.0–14.0 yr", "color": "#006d2c" }, "geometry": { "type": "Point", "coordinates": [ 8.6667087, 49.4185806 ] } },
{ "type": "Feature", "properties": { "index": "999", "last_edit_year": 2020, "years_since_edit": 6, "label": "5.0–14.0 yr", "color": "#006d2c" }, "geometry": { "type": "Point", "coordinates": [ 8.6661644, 49.4185121 ] } },
{ "type": "Feature", "properties": { "index": "1000", "last_edit_year": 2020, "years_since_edit": 6, "label": "5.0–14.0 yr", "color": "#006d2c" }, "geometry": { "type": "Point", "coordinates": [ 8.666165, 49.418553 ] } },
{ "type": "Feature", "properties": { "index": "1001", "last_edit_year": 2020, "years_since_edit": 6, "label": "5.0–14.0 yr", "color": "#006d2c" }, "geometry": { "type": "Point", "coordinates": [ 8.6661655, 49.4185982 ] } },
{ "type": "Feature", "properties": { "index": "1002", "last_edit_year": 2020, "years_since_edit": 6, "label": "5.0–14.0 yr", "color": "#006d2c" }, "geometry": { "type": "Point", "coordinates": [ 8.6668648, 49.4186614 ] } },
{ "type": "Feature", "properties": { "index": "1003", "last_edit_year": 2025, "years_since_edit": 1, "label": "1.0–3.0 yr", "color": "#a3d99f" }, "geometry": { "type": "Point", "coordinates": [ 8.6736289, 49.4191739 ] } },
{ "type": "Feature", "properties": { "index": "1004", "last_edit_year": 2021, "years_since_edit": 5, "label": "5.0–14.0 yr", "color": "#006d2c" }, "geometry": { "type": "Point", "coordinates": [ 8.6736678, 49.4191049 ] } },
{ "type": "Feature", "properties": { "index": "1005", "last_edit_year": 2020, "years_since_edit": 6, "label": "5.0–14.0 yr", "color": "#006d2c" }, "geometry": { "type": "Point", "coordinates": [ 8.6709352, 49.4188238 ] } },
{ "type": "Feature", "properties": { "index": "1006", "last_edit_year": 2021, "years_since_edit": 5, "label": "5.0–14.0 yr", "color": "#006d2c" }, "geometry": { "type": "Point", "coordinates": [ 8.6734848, 49.4191245 ] } },
{ "type": "Feature", "properties": { "index": "1007", "last_edit_year": 2020, "years_since_edit": 6, "label": "5.0–14.0 yr", "color": "#006d2c" }, "geometry": { "type": "Point", "coordinates": [ 8.6712372, 49.419035 ] } },
{ "type": "Feature", "properties": { "index": "1008", "last_edit_year": 2020, "years_since_edit": 6, "label": "5.0–14.0 yr", "color": "#006d2c" }, "geometry": { "type": "Point", "coordinates": [ 8.6676858, 49.4183026 ] } },
{ "type": "Feature", "properties": { "index": "1009", "last_edit_year": 2020, "years_since_edit": 6, "label": "5.0–14.0 yr", "color": "#006d2c" }, "geometry": { "type": "Point", "coordinates": [ 8.6672721, 49.4186346 ] } },
{ "type": "Feature", "properties": { "index": "1010", "last_edit_year": 2020, "years_since_edit": 6, "label": "5.0–14.0 yr", "color": "#006d2c" }, "geometry": { "type": "Point", "coordinates": [ 8.6674267, 49.4185903 ] } },
{ "type": "Feature", "properties": { "index": "1011", "last_edit_year": 2020, "years_since_edit": 6, "label": "5.0–14.0 yr", "color": "#006d2c" }, "geometry": { "type": "Point", "coordinates": [ 8.6674294, 49.4186069 ] } },
{ "type": "Feature", "properties": { "index": "1012", "last_edit_year": 2021, "years_since_edit": 5, "label": "5.0–14.0 yr", "color": "#006d2c" }, "geometry": { "type": "Point", "coordinates": [ 8.6779121, 49.411687 ] } },
{ "type": "Feature", "properties": { "index": "1013", "last_edit_year": 2021, "years_since_edit": 5, "label": "5.0–14.0 yr", "color": "#006d2c" }, "geometry": { "type": "Point", "coordinates": [ 8.6779501, 49.4116896 ] } },
{ "type": "Feature", "properties": { "index": "1014", "last_edit_year": 2021, "years_since_edit": 5, "label": "5.0–14.0 yr", "color": "#006d2c" }, "geometry": { "type": "Point", "coordinates": [ 8.6779812, 49.4116917 ] } },
{ "type": "Feature", "properties": { "index": "1015", "last_edit_year": 2020, "years_since_edit": 6, "label": "5.0–14.0 yr", "color": "#006d2c" }, "geometry": { "type": "Point", "coordinates": [ 8.7147815, 49.4094902 ] } },
{ "type": "Feature", "properties": { "index": "1016", "last_edit_year": 2020, "years_since_edit": 6, "label": "5.0–14.0 yr", "color": "#006d2c" }, "geometry": { "type": "Point", "coordinates": [ 8.6894117, 49.3984026 ] } },
{ "type": "Feature", "properties": { "index": "1017", "last_edit_year": 2020, "years_since_edit": 6, "label": "5.0–14.0 yr", "color": "#006d2c" }, "geometry": { "type": "Point", "coordinates": [ 8.6894055, 49.3984628 ] } },
{ "type": "Feature", "properties": { "index": "1018", "last_edit_year": 2020, "years_since_edit": 6, "label": "5.0–14.0 yr", "color": "#006d2c" }, "geometry": { "type": "Point", "coordinates": [ 8.680427, 49.4118999 ] } },
{ "type": "Feature", "properties": { "index": "1019", "last_edit_year": 2020, "years_since_edit": 6, "label": "5.0–14.0 yr", "color": "#006d2c" }, "geometry": { "type": "Point", "coordinates": [ 8.6804813, 49.4119134 ] } },
{ "type": "Feature", "properties": { "index": "1020", "last_edit_year": 2020, "years_since_edit": 6, "label": "5.0–14.0 yr", "color": "#006d2c" }, "geometry": { "type": "Point", "coordinates": [ 8.6809903, 49.4120334 ] } },
{ "type": "Feature", "properties": { "index": "1021", "last_edit_year": 2020, "years_since_edit": 6, "label": "5.0–14.0 yr", "color": "#006d2c" }, "geometry": { "type": "Point", "coordinates": [ 8.6809359, 49.4120224 ] } },
{ "type": "Feature", "properties": { "index": "1022", "last_edit_year": 2021, "years_since_edit": 5, "label": "5.0–14.0 yr", "color": "#006d2c" }, "geometry": { "type": "Point", "coordinates": [ 8.7114481, 49.4119958 ] } },
{ "type": "Feature", "properties": { "index": "1023", "last_edit_year": 2021, "years_since_edit": 5, "label": "5.0–14.0 yr", "color": "#006d2c" }, "geometry": { "type": "Point", "coordinates": [ 8.7113998, 49.4119858 ] } },
{ "type": "Feature", "properties": { "index": "1024", "last_edit_year": 2021, "years_since_edit": 5, "label": "5.0–14.0 yr", "color": "#006d2c" }, "geometry": { "type": "Point", "coordinates": [ 8.7115454, 49.4120181 ] } },
{ "type": "Feature", "properties": { "index": "1025", "last_edit_year": 2021, "years_since_edit": 5, "label": "5.0–14.0 yr", "color": "#006d2c" }, "geometry": { "type": "Point", "coordinates": [ 8.6908699, 49.3986883 ] } },
{ "type": "Feature", "properties": { "index": "1026", "last_edit_year": 2021, "years_since_edit": 5, "label": "5.0–14.0 yr", "color": "#006d2c" }, "geometry": { "type": "Point", "coordinates": [ 8.6913427, 49.4000566 ] } },
{ "type": "Feature", "properties": { "index": "1027", "last_edit_year": 2021, "years_since_edit": 5, "label": "5.0–14.0 yr", "color": "#006d2c" }, "geometry": { "type": "Point", "coordinates": [ 8.6913316, 49.4000492 ] } },
{ "type": "Feature", "properties": { "index": "1028", "last_edit_year": 2021, "years_since_edit": 5, "label": "5.0–14.0 yr", "color": "#006d2c" }, "geometry": { "type": "Point", "coordinates": [ 8.6913488, 49.4000653 ] } },
{ "type": "Feature", "properties": { "index": "1029", "last_edit_year": 2025, "years_since_edit": 1, "label": "1.0–3.0 yr", "color": "#a3d99f" }, "geometry": { "type": "Point", "coordinates": [ 8.6822048, 49.4212097 ] } },
{ "type": "Feature", "properties": { "index": "1030", "last_edit_year": 2025, "years_since_edit": 1, "label": "1.0–3.0 yr", "color": "#a3d99f" }, "geometry": { "type": "Point", "coordinates": [ 8.6821774, 49.4212516 ] } },
{ "type": "Feature", "properties": { "index": "1031", "last_edit_year": 2021, "years_since_edit": 5, "label": "5.0–14.0 yr", "color": "#006d2c" }, "geometry": { "type": "Point", "coordinates": [ 8.6903568, 49.3983221 ] } },
{ "type": "Feature", "properties": { "index": "1032", "last_edit_year": 2025, "years_since_edit": 1, "label": "1.0–3.0 yr", "color": "#a3d99f" }, "geometry": { "type": "Point", "coordinates": [ 8.667987, 49.4041004 ] } },
{ "type": "Feature", "properties": { "index": "1033", "last_edit_year": 2025, "years_since_edit": 1, "label": "1.0–3.0 yr", "color": "#a3d99f" }, "geometry": { "type": "Point", "coordinates": [ 8.6680621, 49.4042257 ] } },
{ "type": "Feature", "properties": { "index": "1034", "last_edit_year": 2025, "years_since_edit": 1, "label": "1.0–3.0 yr", "color": "#a3d99f" }, "geometry": { "type": "Point", "coordinates": [ 8.6680245, 49.404163 ] } },
{ "type": "Feature", "properties": { "index": "1035", "last_edit_year": 2024, "years_since_edit": 2, "label": "1.0–3.0 yr", "color": "#a3d99f" }, "geometry": { "type": "Point", "coordinates": [ 8.6924773, 49.4103808 ] } },
{ "type": "Feature", "properties": { "index": "1036", "last_edit_year": 2024, "years_since_edit": 2, "label": "1.0–3.0 yr", "color": "#a3d99f" }, "geometry": { "type": "Point", "coordinates": [ 8.6924669, 49.4103999 ] } },
{ "type": "Feature", "properties": { "index": "1037", "last_edit_year": 2023, "years_since_edit": 3, "label": "3.0–5.0 yr", "color": "#47ae5f" }, "geometry": { "type": "Point", "coordinates": [ 8.7035736, 49.4194667 ] } },
{ "type": "Feature", "properties": { "index": "1038", "last_edit_year": 2021, "years_since_edit": 5, "label": "5.0–14.0 yr", "color": "#006d2c" }, "geometry": { "type": "Point", "coordinates": [ 8.6863275, 49.4207634 ] } },
{ "type": "Feature", "properties": { "index": "1039", "last_edit_year": 2021, "years_since_edit": 5, "label": "5.0–14.0 yr", "color": "#006d2c" }, "geometry": { "type": "Point", "coordinates": [ 8.6867589, 49.4209626 ] } },
{ "type": "Feature", "properties": { "index": "1040", "last_edit_year": 2021, "years_since_edit": 5, "label": "5.0–14.0 yr", "color": "#006d2c" }, "geometry": { "type": "Point", "coordinates": [ 8.6865294, 49.4207534 ] } },
{ "type": "Feature", "properties": { "index": "1041", "last_edit_year": 2021, "years_since_edit": 5, "label": "5.0–14.0 yr", "color": "#006d2c" }, "geometry": { "type": "Point", "coordinates": [ 8.6866192, 49.4207634 ] } },
{ "type": "Feature", "properties": { "index": "1042", "last_edit_year": 2021, "years_since_edit": 5, "label": "5.0–14.0 yr", "color": "#006d2c" }, "geometry": { "type": "Point", "coordinates": [ 8.6867896, 49.4208123 ] } },
{ "type": "Feature", "properties": { "index": "1043", "last_edit_year": 2025, "years_since_edit": 1, "label": "1.0–3.0 yr", "color": "#a3d99f" }, "geometry": { "type": "Point", "coordinates": [ 8.6833403, 49.408091 ] } },
{ "type": "Feature", "properties": { "index": "1044", "last_edit_year": 2025, "years_since_edit": 1, "label": "1.0–3.0 yr", "color": "#a3d99f" }, "geometry": { "type": "Point", "coordinates": [ 8.6833548, 49.4080817 ] } },
{ "type": "Feature", "properties": { "index": "1045", "last_edit_year": 2021, "years_since_edit": 5, "label": "5.0–14.0 yr", "color": "#006d2c" }, "geometry": { "type": "Point", "coordinates": [ 8.6835567, 49.4081364 ] } },
{ "type": "Feature", "properties": { "index": "1046", "last_edit_year": 2021, "years_since_edit": 5, "label": "5.0–14.0 yr", "color": "#006d2c" }, "geometry": { "type": "Point", "coordinates": [ 8.6865465, 49.4018278 ] } },
{ "type": "Feature", "properties": { "index": "1047", "last_edit_year": 2026, "years_since_edit": 0, "label": "0.0–1.0 yr", "color": "#edf8e9" }, "geometry": { "type": "Point", "coordinates": [ 8.6894754, 49.3991118 ] } },
{ "type": "Feature", "properties": { "index": "1048", "last_edit_year": 2023, "years_since_edit": 3, "label": "3.0–5.0 yr", "color": "#47ae5f" }, "geometry": { "type": "Point", "coordinates": [ 8.6657525, 49.4023231 ] } },
{ "type": "Feature", "properties": { "index": "1049", "last_edit_year": 2023, "years_since_edit": 3, "label": "3.0–5.0 yr", "color": "#47ae5f" }, "geometry": { "type": "Point", "coordinates": [ 8.665767, 49.4023168 ] } },
{ "type": "Feature", "properties": { "index": "1050", "last_edit_year": 2023, "years_since_edit": 3, "label": "3.0–5.0 yr", "color": "#47ae5f" }, "geometry": { "type": "Point", "coordinates": [ 8.6657816, 49.4023105 ] } },
{ "type": "Feature", "properties": { "index": "1051", "last_edit_year": 2023, "years_since_edit": 3, "label": "3.0–5.0 yr", "color": "#47ae5f" }, "geometry": { "type": "Point", "coordinates": [ 8.665738, 49.4023294 ] } },
{ "type": "Feature", "properties": { "index": "1052", "last_edit_year": 2023, "years_since_edit": 3, "label": "3.0–5.0 yr", "color": "#47ae5f" }, "geometry": { "type": "Point", "coordinates": [ 8.6658523, 49.4022756 ] } },
{ "type": "Feature", "properties": { "index": "1053", "last_edit_year": 2023, "years_since_edit": 3, "label": "3.0–5.0 yr", "color": "#47ae5f" }, "geometry": { "type": "Point", "coordinates": [ 8.6658673, 49.4022697 ] } },
{ "type": "Feature", "properties": { "index": "1054", "last_edit_year": 2023, "years_since_edit": 3, "label": "3.0–5.0 yr", "color": "#47ae5f" }, "geometry": { "type": "Point", "coordinates": [ 8.6658823, 49.4022639 ] } },
{ "type": "Feature", "properties": { "index": "1055", "last_edit_year": 2023, "years_since_edit": 3, "label": "3.0–5.0 yr", "color": "#47ae5f" }, "geometry": { "type": "Point", "coordinates": [ 8.6658374, 49.4022814 ] } },
{ "type": "Feature", "properties": { "index": "1056", "last_edit_year": 2021, "years_since_edit": 5, "label": "5.0–14.0 yr", "color": "#006d2c" }, "geometry": { "type": "Point", "coordinates": [ 8.6652533, 49.4021956 ] } },
{ "type": "Feature", "properties": { "index": "1057", "last_edit_year": 2021, "years_since_edit": 5, "label": "5.0–14.0 yr", "color": "#006d2c" }, "geometry": { "type": "Point", "coordinates": [ 8.6649816, 49.4017964 ] } },
{ "type": "Feature", "properties": { "index": "1058", "last_edit_year": 2024, "years_since_edit": 2, "label": "1.0–3.0 yr", "color": "#a3d99f" }, "geometry": { "type": "Point", "coordinates": [ 8.665201, 49.402113 ] } },
{ "type": "Feature", "properties": { "index": "1059", "last_edit_year": 2025, "years_since_edit": 1, "label": "1.0–3.0 yr", "color": "#a3d99f" }, "geometry": { "type": "Point", "coordinates": [ 8.6655488, 49.4024174 ] } },
{ "type": "Feature", "properties": { "index": "1060", "last_edit_year": 2024, "years_since_edit": 2, "label": "1.0–3.0 yr", "color": "#a3d99f" }, "geometry": { "type": "Point", "coordinates": [ 8.6652168, 49.4021336 ] } },
{ "type": "Feature", "properties": { "index": "1061", "last_edit_year": 2025, "years_since_edit": 1, "label": "1.0–3.0 yr", "color": "#a3d99f" }, "geometry": { "type": "Point", "coordinates": [ 8.6655078, 49.4024386 ] } },
{ "type": "Feature", "properties": { "index": "1062", "last_edit_year": 2021, "years_since_edit": 5, "label": "5.0–14.0 yr", "color": "#006d2c" }, "geometry": { "type": "Point", "coordinates": [ 8.6649734, 49.4017856 ] } },
{ "type": "Feature", "properties": { "index": "1063", "last_edit_year": 2021, "years_since_edit": 5, "label": "5.0–14.0 yr", "color": "#006d2c" }, "geometry": { "type": "Point", "coordinates": [ 8.6652609, 49.4022054 ] } },
{ "type": "Feature", "properties": { "index": "1064", "last_edit_year": 2024, "years_since_edit": 2, "label": "1.0–3.0 yr", "color": "#a3d99f" }, "geometry": { "type": "Point", "coordinates": [ 8.6651915, 49.4021012 ] } },
{ "type": "Feature", "properties": { "index": "1065", "last_edit_year": 2025, "years_since_edit": 1, "label": "1.0–3.0 yr", "color": "#a3d99f" }, "geometry": { "type": "Point", "coordinates": [ 8.6655214, 49.4024316 ] } },
{ "type": "Feature", "properties": { "index": "1066", "last_edit_year": 2025, "years_since_edit": 1, "label": "1.0–3.0 yr", "color": "#a3d99f" }, "geometry": { "type": "Point", "coordinates": [ 8.6649639, 49.4017738 ] } },
{ "type": "Feature", "properties": { "index": "1067", "last_edit_year": 2025, "years_since_edit": 1, "label": "1.0–3.0 yr", "color": "#a3d99f" }, "geometry": { "type": "Point", "coordinates": [ 8.6655351, 49.4024244 ] } },
{ "type": "Feature", "properties": { "index": "1068", "last_edit_year": 2021, "years_since_edit": 5, "label": "5.0–14.0 yr", "color": "#006d2c" }, "geometry": { "type": "Point", "coordinates": [ 8.6652451, 49.4021848 ] } },
{ "type": "Feature", "properties": { "index": "1069", "last_edit_year": 2021, "years_since_edit": 5, "label": "5.0–14.0 yr", "color": "#006d2c" }, "geometry": { "type": "Point", "coordinates": [ 8.6652356, 49.402173 ] } },
{ "type": "Feature", "properties": { "index": "1070", "last_edit_year": 2021, "years_since_edit": 5, "label": "5.0–14.0 yr", "color": "#006d2c" }, "geometry": { "type": "Point", "coordinates": [ 8.6649892, 49.4018062 ] } },
{ "type": "Feature", "properties": { "index": "1071", "last_edit_year": 2024, "years_since_edit": 2, "label": "1.0–3.0 yr", "color": "#a3d99f" }, "geometry": { "type": "Point", "coordinates": [ 8.6652092, 49.4021238 ] } },
{ "type": "Feature", "properties": { "index": "1072", "last_edit_year": 2021, "years_since_edit": 5, "label": "5.0–14.0 yr", "color": "#006d2c" }, "geometry": { "type": "Point", "coordinates": [ 8.6928269, 49.4100064 ] } },
{ "type": "Feature", "properties": { "index": "1073", "last_edit_year": 2021, "years_since_edit": 5, "label": "5.0–14.0 yr", "color": "#006d2c" }, "geometry": { "type": "Point", "coordinates": [ 8.6928248, 49.409978 ] } },
{ "type": "Feature", "properties": { "index": "1074", "last_edit_year": 2024, "years_since_edit": 2, "label": "1.0–3.0 yr", "color": "#a3d99f" }, "geometry": { "type": "Point", "coordinates": [ 8.6927926, 49.4103279 ] } },
{ "type": "Feature", "properties": { "index": "1075", "last_edit_year": 2026, "years_since_edit": 0, "label": "0.0–1.0 yr", "color": "#edf8e9" }, "geometry": { "type": "Point", "coordinates": [ 8.6755185, 49.417985 ] } },
{ "type": "Feature", "properties": { "index": "1076", "last_edit_year": 2026, "years_since_edit": 0, "label": "0.0–1.0 yr", "color": "#edf8e9" }, "geometry": { "type": "Point", "coordinates": [ 8.6754622, 49.4179859 ] } },
{ "type": "Feature", "properties": { "index": "1077", "last_edit_year": 2026, "years_since_edit": 0, "label": "0.0–1.0 yr", "color": "#edf8e9" }, "geometry": { "type": "Point", "coordinates": [ 8.675418, 49.4178684 ] } },
{ "type": "Feature", "properties": { "index": "1078", "last_edit_year": 2026, "years_since_edit": 0, "label": "0.0–1.0 yr", "color": "#edf8e9" }, "geometry": { "type": "Point", "coordinates": [ 8.6754743, 49.417869 ] } },
{ "type": "Feature", "properties": { "index": "1079", "last_edit_year": 2022, "years_since_edit": 4, "label": "3.0–5.0 yr", "color": "#47ae5f" }, "geometry": { "type": "Point", "coordinates": [ 8.6998583, 49.4056538 ] } },
{ "type": "Feature", "properties": { "index": "1080", "last_edit_year": 2022, "years_since_edit": 4, "label": "3.0–5.0 yr", "color": "#47ae5f" }, "geometry": { "type": "Point", "coordinates": [ 8.6879042, 49.3980701 ] } },
{ "type": "Feature", "properties": { "index": "1081", "last_edit_year": 2022, "years_since_edit": 4, "label": "3.0–5.0 yr", "color": "#47ae5f" }, "geometry": { "type": "Point", "coordinates": [ 8.687967, 49.3980693 ] } },
{ "type": "Feature", "properties": { "index": "1082", "last_edit_year": 2022, "years_since_edit": 4, "label": "3.0–5.0 yr", "color": "#47ae5f" }, "geometry": { "type": "Point", "coordinates": [ 8.6880335, 49.3980741 ] } },
{ "type": "Feature", "properties": { "index": "1083", "last_edit_year": 2022, "years_since_edit": 4, "label": "3.0–5.0 yr", "color": "#47ae5f" }, "geometry": { "type": "Point", "coordinates": [ 8.6881122, 49.3980789 ] } },
{ "type": "Feature", "properties": { "index": "1084", "last_edit_year": 2022, "years_since_edit": 4, "label": "3.0–5.0 yr", "color": "#47ae5f" }, "geometry": { "type": "Point", "coordinates": [ 8.6881676, 49.3980805 ] } },
{ "type": "Feature", "properties": { "index": "1085", "last_edit_year": 2022, "years_since_edit": 4, "label": "3.0–5.0 yr", "color": "#47ae5f" }, "geometry": { "type": "Point", "coordinates": [ 8.6882144, 49.3980813 ] } },
{ "type": "Feature", "properties": { "index": "1086", "last_edit_year": 2022, "years_since_edit": 4, "label": "3.0–5.0 yr", "color": "#47ae5f" }, "geometry": { "type": "Point", "coordinates": [ 8.6872063, 49.403284 ] } },
{ "type": "Feature", "properties": { "index": "1087", "last_edit_year": 2022, "years_since_edit": 4, "label": "3.0–5.0 yr", "color": "#47ae5f" }, "geometry": { "type": "Point", "coordinates": [ 8.6872076, 49.4031876 ] } },
{ "type": "Feature", "properties": { "index": "1088", "last_edit_year": 2022, "years_since_edit": 4, "label": "3.0–5.0 yr", "color": "#47ae5f" }, "geometry": { "type": "Point", "coordinates": [ 8.6877641, 49.4033735 ] } },
{ "type": "Feature", "properties": { "index": "1089", "last_edit_year": 2022, "years_since_edit": 4, "label": "3.0–5.0 yr", "color": "#47ae5f" }, "geometry": { "type": "Point", "coordinates": [ 8.6877441, 49.4030292 ] } },
{ "type": "Feature", "properties": { "index": "1090", "last_edit_year": 2022, "years_since_edit": 4, "label": "3.0–5.0 yr", "color": "#47ae5f" }, "geometry": { "type": "Point", "coordinates": [ 8.6874644, 49.4029991 ] } },
{ "type": "Feature", "properties": { "index": "1091", "last_edit_year": 2022, "years_since_edit": 4, "label": "3.0–5.0 yr", "color": "#47ae5f" }, "geometry": { "type": "Point", "coordinates": [ 8.6874946, 49.4030183 ] } },
{ "type": "Feature", "properties": { "index": "1092", "last_edit_year": 2022, "years_since_edit": 4, "label": "3.0–5.0 yr", "color": "#47ae5f" }, "geometry": { "type": "Point", "coordinates": [ 8.6875241, 49.4029986 ] } },
{ "type": "Feature", "properties": { "index": "1093", "last_edit_year": 2022, "years_since_edit": 4, "label": "3.0–5.0 yr", "color": "#47ae5f" }, "geometry": { "type": "Point", "coordinates": [ 8.6874939, 49.4029794 ] } },
{ "type": "Feature", "properties": { "index": "1094", "last_edit_year": 2022, "years_since_edit": 4, "label": "3.0–5.0 yr", "color": "#47ae5f" }, "geometry": { "type": "Point", "coordinates": [ 8.6875556, 49.4033997 ] } },
{ "type": "Feature", "properties": { "index": "1095", "last_edit_year": 2022, "years_since_edit": 4, "label": "3.0–5.0 yr", "color": "#47ae5f" }, "geometry": { "type": "Point", "coordinates": [ 8.6874329, 49.4034005 ] } },
{ "type": "Feature", "properties": { "index": "1096", "last_edit_year": 2022, "years_since_edit": 4, "label": "3.0–5.0 yr", "color": "#47ae5f" }, "geometry": { "type": "Point", "coordinates": [ 8.6877464, 49.4030774 ] } },
{ "type": "Feature", "properties": { "index": "1097", "last_edit_year": 2022, "years_since_edit": 4, "label": "3.0–5.0 yr", "color": "#47ae5f" }, "geometry": { "type": "Point", "coordinates": [ 8.6877608, 49.4032914 ] } },
{ "type": "Feature", "properties": { "index": "1098", "last_edit_year": 2022, "years_since_edit": 4, "label": "3.0–5.0 yr", "color": "#47ae5f" }, "geometry": { "type": "Point", "coordinates": [ 8.6877561, 49.4031959 ] } },
{ "type": "Feature", "properties": { "index": "1099", "last_edit_year": 2024, "years_since_edit": 2, "label": "1.0–3.0 yr", "color": "#a3d99f" }, "geometry": { "type": "Point", "coordinates": [ 8.6860914, 49.3984311 ] } },
{ "type": "Feature", "properties": { "index": "1100", "last_edit_year": 2024, "years_since_edit": 2, "label": "1.0–3.0 yr", "color": "#a3d99f" }, "geometry": { "type": "Point", "coordinates": [ 8.6860654, 49.3984254 ] } },
{ "type": "Feature", "properties": { "index": "1101", "last_edit_year": 2022, "years_since_edit": 4, "label": "3.0–5.0 yr", "color": "#47ae5f" }, "geometry": { "type": "Point", "coordinates": [ 8.6877628, 49.4033503 ] } },
{ "type": "Feature", "properties": { "index": "1102", "last_edit_year": 2022, "years_since_edit": 4, "label": "3.0–5.0 yr", "color": "#47ae5f" }, "geometry": { "type": "Point", "coordinates": [ 8.6877535, 49.4031457 ] } },
{ "type": "Feature", "properties": { "index": "1103", "last_edit_year": 2022, "years_since_edit": 4, "label": "3.0–5.0 yr", "color": "#47ae5f" }, "geometry": { "type": "Point", "coordinates": [ 8.687209, 49.4029171 ] } },
{ "type": "Feature", "properties": { "index": "1104", "last_edit_year": 2022, "years_since_edit": 4, "label": "3.0–5.0 yr", "color": "#47ae5f" }, "geometry": { "type": "Point", "coordinates": [ 8.6877367, 49.4029637 ] } },
{ "type": "Feature", "properties": { "index": "1105", "last_edit_year": 2022, "years_since_edit": 4, "label": "3.0–5.0 yr", "color": "#47ae5f" }, "geometry": { "type": "Point", "coordinates": [ 8.6872056, 49.4031016 ] } },
{ "type": "Feature", "properties": { "index": "1106", "last_edit_year": 2022, "years_since_edit": 4, "label": "3.0–5.0 yr", "color": "#47ae5f" }, "geometry": { "type": "Point", "coordinates": [ 8.6875553, 49.4034066 ] } },
{ "type": "Feature", "properties": { "index": "1107", "last_edit_year": 2022, "years_since_edit": 4, "label": "3.0–5.0 yr", "color": "#47ae5f" }, "geometry": { "type": "Point", "coordinates": [ 8.6874323, 49.4034084 ] } },
{ "type": "Feature", "properties": { "index": "1108", "last_edit_year": 2024, "years_since_edit": 2, "label": "1.0–3.0 yr", "color": "#a3d99f" }, "geometry": { "type": "Point", "coordinates": [ 8.6870948, 49.4004461 ] } },
{ "type": "Feature", "properties": { "index": "1109", "last_edit_year": 2025, "years_since_edit": 1, "label": "1.0–3.0 yr", "color": "#a3d99f" }, "geometry": { "type": "Point", "coordinates": [ 8.687216, 49.4003704 ] } },
{ "type": "Feature", "properties": { "index": "1110", "last_edit_year": 2025, "years_since_edit": 1, "label": "1.0–3.0 yr", "color": "#a3d99f" }, "geometry": { "type": "Point", "coordinates": [ 8.6872136, 49.4004054 ] } },
{ "type": "Feature", "properties": { "index": "1111", "last_edit_year": 2024, "years_since_edit": 2, "label": "1.0–3.0 yr", "color": "#a3d99f" }, "geometry": { "type": "Point", "coordinates": [ 8.6639268, 49.412837 ] } },
{ "type": "Feature", "properties": { "index": "1112", "last_edit_year": 2025, "years_since_edit": 1, "label": "1.0–3.0 yr", "color": "#a3d99f" }, "geometry": { "type": "Point", "coordinates": [ 8.6652076, 49.417175 ] } },
{ "type": "Feature", "properties": { "index": "1113", "last_edit_year": 2022, "years_since_edit": 4, "label": "3.0–5.0 yr", "color": "#47ae5f" }, "geometry": { "type": "Point", "coordinates": [ 8.6651126, 49.4171045 ] } },
{ "type": "Feature", "properties": { "index": "1114", "last_edit_year": 2022, "years_since_edit": 4, "label": "3.0–5.0 yr", "color": "#47ae5f" }, "geometry": { "type": "Point", "coordinates": [ 8.6649423, 49.4172054 ] } },
{ "type": "Feature", "properties": { "index": "1115", "last_edit_year": 2022, "years_since_edit": 4, "label": "3.0–5.0 yr", "color": "#47ae5f" }, "geometry": { "type": "Point", "coordinates": [ 8.6649919, 49.4171735 ] } },
{ "type": "Feature", "properties": { "index": "1116", "last_edit_year": 2025, "years_since_edit": 1, "label": "1.0–3.0 yr", "color": "#a3d99f" }, "geometry": { "type": "Point", "coordinates": [ 8.6651581, 49.4172032 ] } },
{ "type": "Feature", "properties": { "index": "1117", "last_edit_year": 2022, "years_since_edit": 4, "label": "3.0–5.0 yr", "color": "#47ae5f" }, "geometry": { "type": "Point", "coordinates": [ 8.6648429, 49.4172669 ] } },
{ "type": "Feature", "properties": { "index": "1118", "last_edit_year": 2022, "years_since_edit": 4, "label": "3.0–5.0 yr", "color": "#47ae5f" }, "geometry": { "type": "Point", "coordinates": [ 8.6650517, 49.4171393 ] } },
{ "type": "Feature", "properties": { "index": "1119", "last_edit_year": 2025, "years_since_edit": 1, "label": "1.0–3.0 yr", "color": "#a3d99f" }, "geometry": { "type": "Point", "coordinates": [ 8.6651268, 49.4172212 ] } },
{ "type": "Feature", "properties": { "index": "1120", "last_edit_year": 2025, "years_since_edit": 1, "label": "1.0–3.0 yr", "color": "#a3d99f" }, "geometry": { "type": "Point", "coordinates": [ 8.6930397, 49.4091128 ] } },
{ "type": "Feature", "properties": { "index": "1121", "last_edit_year": 2023, "years_since_edit": 3, "label": "3.0–5.0 yr", "color": "#47ae5f" }, "geometry": { "type": "Point", "coordinates": [ 8.6981299, 49.4058728 ] } },
{ "type": "Feature", "properties": { "index": "1122", "last_edit_year": 2023, "years_since_edit": 3, "label": "3.0–5.0 yr", "color": "#47ae5f" }, "geometry": { "type": "Point", "coordinates": [ 8.6921221, 49.4082869 ] } },
{ "type": "Feature", "properties": { "index": "1123", "last_edit_year": 2026, "years_since_edit": 0, "label": "0.0–1.0 yr", "color": "#edf8e9" }, "geometry": { "type": "Point", "coordinates": [ 8.6895123, 49.4078214 ] } },
{ "type": "Feature", "properties": { "index": "1124", "last_edit_year": 2026, "years_since_edit": 0, "label": "0.0–1.0 yr", "color": "#edf8e9" }, "geometry": { "type": "Point", "coordinates": [ 8.6904906, 49.4080012 ] } },
{ "type": "Feature", "properties": { "index": "1125", "last_edit_year": 2026, "years_since_edit": 0, "label": "0.0–1.0 yr", "color": "#edf8e9" }, "geometry": { "type": "Point", "coordinates": [ 8.6905865, 49.4080191 ] } },
{ "type": "Feature", "properties": { "index": "1126", "last_edit_year": 2026, "years_since_edit": 0, "label": "0.0–1.0 yr", "color": "#edf8e9" }, "geometry": { "type": "Point", "coordinates": [ 8.691304, 49.4081434 ] } },
{ "type": "Feature", "properties": { "index": "1127", "last_edit_year": 2023, "years_since_edit": 3, "label": "3.0–5.0 yr", "color": "#47ae5f" }, "geometry": { "type": "Point", "coordinates": [ 8.6910586, 49.408102 ] } },
{ "type": "Feature", "properties": { "index": "1128", "last_edit_year": 2023, "years_since_edit": 3, "label": "3.0–5.0 yr", "color": "#47ae5f" }, "geometry": { "type": "Point", "coordinates": [ 8.7112432, 49.4110711 ] } },
{ "type": "Feature", "properties": { "index": "1129", "last_edit_year": 2023, "years_since_edit": 3, "label": "3.0–5.0 yr", "color": "#47ae5f" }, "geometry": { "type": "Point", "coordinates": [ 8.7112888, 49.4110908 ] } },
{ "type": "Feature", "properties": { "index": "1130", "last_edit_year": 2023, "years_since_edit": 3, "label": "3.0–5.0 yr", "color": "#47ae5f" }, "geometry": { "type": "Point", "coordinates": [ 8.7089315, 49.4012403 ] } },
{ "type": "Feature", "properties": { "index": "1131", "last_edit_year": 2023, "years_since_edit": 3, "label": "3.0–5.0 yr", "color": "#47ae5f" }, "geometry": { "type": "Point", "coordinates": [ 8.7089114, 49.4012929 ] } },
{ "type": "Feature", "properties": { "index": "1132", "last_edit_year": 2023, "years_since_edit": 3, "label": "3.0–5.0 yr", "color": "#47ae5f" }, "geometry": { "type": "Point", "coordinates": [ 8.6927229, 49.4186928 ] } },
{ "type": "Feature", "properties": { "index": "1133", "last_edit_year": 2026, "years_since_edit": 0, "label": "0.0–1.0 yr", "color": "#edf8e9" }, "geometry": { "type": "Point", "coordinates": [ 8.6659991, 49.4098336 ] } },
{ "type": "Feature", "properties": { "index": "1134", "last_edit_year": 2024, "years_since_edit": 2, "label": "1.0–3.0 yr", "color": "#a3d99f" }, "geometry": { "type": "Point", "coordinates": [ 8.67141, 49.4095194 ] } },
{ "type": "Feature", "properties": { "index": "1135", "last_edit_year": 2024, "years_since_edit": 2, "label": "1.0–3.0 yr", "color": "#a3d99f" }, "geometry": { "type": "Point", "coordinates": [ 8.6713685, 49.4095256 ] } },
{ "type": "Feature", "properties": { "index": "1136", "last_edit_year": 2024, "years_since_edit": 2, "label": "1.0–3.0 yr", "color": "#a3d99f" }, "geometry": { "type": "Point", "coordinates": [ 8.6713289, 49.4095448 ] } },
{ "type": "Feature", "properties": { "index": "1137", "last_edit_year": 2024, "years_since_edit": 2, "label": "1.0–3.0 yr", "color": "#a3d99f" }, "geometry": { "type": "Point", "coordinates": [ 8.6713108, 49.4095696 ] } },
{ "type": "Feature", "properties": { "index": "1138", "last_edit_year": 2023, "years_since_edit": 3, "label": "3.0–5.0 yr", "color": "#47ae5f" }, "geometry": { "type": "Point", "coordinates": [ 8.6712036, 49.4091321 ] } },
{ "type": "Feature", "properties": { "index": "1139", "last_edit_year": 2023, "years_since_edit": 3, "label": "3.0–5.0 yr", "color": "#47ae5f" }, "geometry": { "type": "Point", "coordinates": [ 8.6711405, 49.4091417 ] } },
{ "type": "Feature", "properties": { "index": "1140", "last_edit_year": 2023, "years_since_edit": 3, "label": "3.0–5.0 yr", "color": "#47ae5f" }, "geometry": { "type": "Point", "coordinates": [ 8.6837643, 49.4101216 ] } },
{ "type": "Feature", "properties": { "index": "1141", "last_edit_year": 2023, "years_since_edit": 3, "label": "3.0–5.0 yr", "color": "#47ae5f" }, "geometry": { "type": "Point", "coordinates": [ 8.6840574, 49.4101486 ] } },
{ "type": "Feature", "properties": { "index": "1142", "last_edit_year": 2024, "years_since_edit": 2, "label": "1.0–3.0 yr", "color": "#a3d99f" }, "geometry": { "type": "Point", "coordinates": [ 8.7042031, 49.4195696 ] } },
{ "type": "Feature", "properties": { "index": "1143", "last_edit_year": 2024, "years_since_edit": 2, "label": "1.0–3.0 yr", "color": "#a3d99f" }, "geometry": { "type": "Point", "coordinates": [ 8.70421, 49.4195769 ] } },
{ "type": "Feature", "properties": { "index": "1144", "last_edit_year": 2024, "years_since_edit": 2, "label": "1.0–3.0 yr", "color": "#a3d99f" }, "geometry": { "type": "Point", "coordinates": [ 8.6702141, 49.4074002 ] } },
{ "type": "Feature", "properties": { "index": "1145", "last_edit_year": 2024, "years_since_edit": 2, "label": "1.0–3.0 yr", "color": "#a3d99f" }, "geometry": { "type": "Point", "coordinates": [ 8.6702282, 49.4075315 ] } },
{ "type": "Feature", "properties": { "index": "1146", "last_edit_year": 2025, "years_since_edit": 1, "label": "1.0–3.0 yr", "color": "#a3d99f" }, "geometry": { "type": "Point", "coordinates": [ 8.6661274, 49.4154547 ] } },
{ "type": "Feature", "properties": { "index": "1147", "last_edit_year": 2025, "years_since_edit": 1, "label": "1.0–3.0 yr", "color": "#a3d99f" }, "geometry": { "type": "Point", "coordinates": [ 8.6661833, 49.4154544 ] } },
{ "type": "Feature", "properties": { "index": "1148", "last_edit_year": 2025, "years_since_edit": 1, "label": "1.0–3.0 yr", "color": "#a3d99f" }, "geometry": { "type": "Point", "coordinates": [ 8.6662439, 49.4154573 ] } },
{ "type": "Feature", "properties": { "index": "1149", "last_edit_year": 2025, "years_since_edit": 1, "label": "1.0–3.0 yr", "color": "#a3d99f" }, "geometry": { "type": "Point", "coordinates": [ 8.6662923, 49.4154488 ] } },
{ "type": "Feature", "properties": { "index": "1150", "last_edit_year": 2025, "years_since_edit": 1, "label": "1.0–3.0 yr", "color": "#a3d99f" }, "geometry": { "type": "Point", "coordinates": [ 8.6663416, 49.4154574 ] } },
{ "type": "Feature", "properties": { "index": "1151", "last_edit_year": 2025, "years_since_edit": 1, "label": "1.0–3.0 yr", "color": "#a3d99f" }, "geometry": { "type": "Point", "coordinates": [ 8.6663803, 49.4154493 ] } },
{ "type": "Feature", "properties": { "index": "1152", "last_edit_year": 2025, "years_since_edit": 1, "label": "1.0–3.0 yr", "color": "#a3d99f" }, "geometry": { "type": "Point", "coordinates": [ 8.6664224, 49.4154513 ] } },
{ "type": "Feature", "properties": { "index": "1153", "last_edit_year": 2025, "years_since_edit": 1, "label": "1.0–3.0 yr", "color": "#a3d99f" }, "geometry": { "type": "Point", "coordinates": [ 8.665955, 49.4150961 ] } },
{ "type": "Feature", "properties": { "index": "1154", "last_edit_year": 2025, "years_since_edit": 1, "label": "1.0–3.0 yr", "color": "#a3d99f" }, "geometry": { "type": "Point", "coordinates": [ 8.6659479, 49.4150392 ] } },
{ "type": "Feature", "properties": { "index": "1155", "last_edit_year": 2025, "years_since_edit": 1, "label": "1.0–3.0 yr", "color": "#a3d99f" }, "geometry": { "type": "Point", "coordinates": [ 8.6659348, 49.4150737 ] } },
{ "type": "Feature", "properties": { "index": "1156", "last_edit_year": 2025, "years_since_edit": 1, "label": "1.0–3.0 yr", "color": "#a3d99f" }, "geometry": { "type": "Point", "coordinates": [ 8.6659332, 49.415006 ] } },
{ "type": "Feature", "properties": { "index": "1157", "last_edit_year": 2025, "years_since_edit": 1, "label": "1.0–3.0 yr", "color": "#a3d99f" }, "geometry": { "type": "Point", "coordinates": [ 8.6659914, 49.415354 ] } },
{ "type": "Feature", "properties": { "index": "1158", "last_edit_year": 2023, "years_since_edit": 3, "label": "3.0–5.0 yr", "color": "#47ae5f" }, "geometry": { "type": "Point", "coordinates": [ 8.6808743, 49.4118911 ] } },
{ "type": "Feature", "properties": { "index": "1159", "last_edit_year": 2023, "years_since_edit": 3, "label": "3.0–5.0 yr", "color": "#47ae5f" }, "geometry": { "type": "Point", "coordinates": [ 8.702739, 49.4158837 ] } },
{ "type": "Feature", "properties": { "index": "1160", "last_edit_year": 2023, "years_since_edit": 3, "label": "3.0–5.0 yr", "color": "#47ae5f" }, "geometry": { "type": "Point", "coordinates": [ 8.702688, 49.4106211 ] } },
{ "type": "Feature", "properties": { "index": "1161", "last_edit_year": 2023, "years_since_edit": 3, "label": "3.0–5.0 yr", "color": "#47ae5f" }, "geometry": { "type": "Point", "coordinates": [ 8.7026759, 49.4104994 ] } },
{ "type": "Feature", "properties": { "index": "1162", "last_edit_year": 2023, "years_since_edit": 3, "label": "3.0–5.0 yr", "color": "#47ae5f" }, "geometry": { "type": "Point", "coordinates": [ 8.7026129, 49.4104357 ] } },
{ "type": "Feature", "properties": { "index": "1163", "last_edit_year": 2023, "years_since_edit": 3, "label": "3.0–5.0 yr", "color": "#47ae5f" }, "geometry": { "type": "Point", "coordinates": [ 8.7023983, 49.4103764 ] } },
{ "type": "Feature", "properties": { "index": "1164", "last_edit_year": 2023, "years_since_edit": 3, "label": "3.0–5.0 yr", "color": "#47ae5f" }, "geometry": { "type": "Point", "coordinates": [ 8.7023634, 49.4103724 ] } },
{ "type": "Feature", "properties": { "index": "1165", "last_edit_year": 2023, "years_since_edit": 3, "label": "3.0–5.0 yr", "color": "#47ae5f" }, "geometry": { "type": "Point", "coordinates": [ 8.686969, 49.405357 ] } },
{ "type": "Feature", "properties": { "index": "1166", "last_edit_year": 2023, "years_since_edit": 3, "label": "3.0–5.0 yr", "color": "#47ae5f" }, "geometry": { "type": "Point", "coordinates": [ 8.7063655, 49.4111161 ] } },
{ "type": "Feature", "properties": { "index": "1167", "last_edit_year": 2023, "years_since_edit": 3, "label": "3.0–5.0 yr", "color": "#47ae5f" }, "geometry": { "type": "Point", "coordinates": [ 8.7062599, 49.4111017 ] } },
{ "type": "Feature", "properties": { "index": "1168", "last_edit_year": 2023, "years_since_edit": 3, "label": "3.0–5.0 yr", "color": "#47ae5f" }, "geometry": { "type": "Point", "coordinates": [ 8.6750491, 49.4114071 ] } },
{ "type": "Feature", "properties": { "index": "1169", "last_edit_year": 2024, "years_since_edit": 2, "label": "1.0–3.0 yr", "color": "#a3d99f" }, "geometry": { "type": "Point", "coordinates": [ 8.7053018, 49.4109719 ] } },
{ "type": "Feature", "properties": { "index": "1170", "last_edit_year": 2024, "years_since_edit": 2, "label": "1.0–3.0 yr", "color": "#a3d99f" }, "geometry": { "type": "Point", "coordinates": [ 8.7053467, 49.4109187 ] } },
{ "type": "Feature", "properties": { "index": "1171", "last_edit_year": 2024, "years_since_edit": 2, "label": "1.0–3.0 yr", "color": "#a3d99f" }, "geometry": { "type": "Point", "coordinates": [ 8.7053635, 49.4110221 ] } },
{ "type": "Feature", "properties": { "index": "1172", "last_edit_year": 2024, "years_since_edit": 2, "label": "1.0–3.0 yr", "color": "#a3d99f" }, "geometry": { "type": "Point", "coordinates": [ 8.705281, 49.4110164 ] } },
{ "type": "Feature", "properties": { "index": "1173", "last_edit_year": 2024, "years_since_edit": 2, "label": "1.0–3.0 yr", "color": "#a3d99f" }, "geometry": { "type": "Point", "coordinates": [ 8.705277, 49.4110644 ] } },
{ "type": "Feature", "properties": { "index": "1174", "last_edit_year": 2024, "years_since_edit": 2, "label": "1.0–3.0 yr", "color": "#a3d99f" }, "geometry": { "type": "Point", "coordinates": [ 8.7053534, 49.4110722 ] } },
{ "type": "Feature", "properties": { "index": "1175", "last_edit_year": 2024, "years_since_edit": 2, "label": "1.0–3.0 yr", "color": "#a3d99f" }, "geometry": { "type": "Point", "coordinates": [ 8.7053233, 49.4111002 ] } },
{ "type": "Feature", "properties": { "index": "1176", "last_edit_year": 2024, "years_since_edit": 2, "label": "1.0–3.0 yr", "color": "#a3d99f" }, "geometry": { "type": "Point", "coordinates": [ 8.7053554, 49.4111617 ] } },
{ "type": "Feature", "properties": { "index": "1177", "last_edit_year": 2024, "years_since_edit": 2, "label": "1.0–3.0 yr", "color": "#a3d99f" }, "geometry": { "type": "Point", "coordinates": [ 8.7053259, 49.4111996 ] } },
{ "type": "Feature", "properties": { "index": "1178", "last_edit_year": 2024, "years_since_edit": 2, "label": "1.0–3.0 yr", "color": "#a3d99f" }, "geometry": { "type": "Point", "coordinates": [ 8.705277, 49.4111652 ] } },
{ "type": "Feature", "properties": { "index": "1179", "last_edit_year": 2024, "years_since_edit": 2, "label": "1.0–3.0 yr", "color": "#a3d99f" }, "geometry": { "type": "Point", "coordinates": [ 8.7052669, 49.411132 ] } },
{ "type": "Feature", "properties": { "index": "1180", "last_edit_year": 2024, "years_since_edit": 2, "label": "1.0–3.0 yr", "color": "#a3d99f" }, "geometry": { "type": "Point", "coordinates": [ 8.7052321, 49.4111002 ] } },
{ "type": "Feature", "properties": { "index": "1181", "last_edit_year": 2024, "years_since_edit": 2, "label": "1.0–3.0 yr", "color": "#a3d99f" }, "geometry": { "type": "Point", "coordinates": [ 8.7050825, 49.4111285 ] } },
{ "type": "Feature", "properties": { "index": "1182", "last_edit_year": 2026, "years_since_edit": 0, "label": "0.0–1.0 yr", "color": "#edf8e9" }, "geometry": { "type": "Point", "coordinates": [ 8.667254, 49.404189 ] } },
{ "type": "Feature", "properties": { "index": "1183", "last_edit_year": 2024, "years_since_edit": 2, "label": "1.0–3.0 yr", "color": "#a3d99f" }, "geometry": { "type": "Point", "coordinates": [ 8.6696713, 49.4034871 ] } },
{ "type": "Feature", "properties": { "index": "1184", "last_edit_year": 2024, "years_since_edit": 2, "label": "1.0–3.0 yr", "color": "#a3d99f" }, "geometry": { "type": "Point", "coordinates": [ 8.6696954, 49.4034603 ] } },
{ "type": "Feature", "properties": { "index": "1185", "last_edit_year": 2024, "years_since_edit": 2, "label": "1.0–3.0 yr", "color": "#a3d99f" }, "geometry": { "type": "Point", "coordinates": [ 8.6694984, 49.4034845 ] } },
{ "type": "Feature", "properties": { "index": "1186", "last_edit_year": 2024, "years_since_edit": 2, "label": "1.0–3.0 yr", "color": "#a3d99f" }, "geometry": { "type": "Point", "coordinates": [ 8.6695189, 49.4034652 ] } },
{ "type": "Feature", "properties": { "index": "1187", "last_edit_year": 2025, "years_since_edit": 1, "label": "1.0–3.0 yr", "color": "#a3d99f" }, "geometry": { "type": "Point", "coordinates": [ 8.6665475, 49.4039438 ] } },
{ "type": "Feature", "properties": { "index": "1188", "last_edit_year": 2024, "years_since_edit": 2, "label": "1.0–3.0 yr", "color": "#a3d99f" }, "geometry": { "type": "Point", "coordinates": [ 8.6750347, 49.4030314 ] } },
{ "type": "Feature", "properties": { "index": "1189", "last_edit_year": 2024, "years_since_edit": 2, "label": "1.0–3.0 yr", "color": "#a3d99f" }, "geometry": { "type": "Point", "coordinates": [ 8.6748678, 49.4031056 ] } },
{ "type": "Feature", "properties": { "index": "1190", "last_edit_year": 2025, "years_since_edit": 1, "label": "1.0–3.0 yr", "color": "#a3d99f" }, "geometry": { "type": "Point", "coordinates": [ 8.7011102, 49.406995 ] } },
{ "type": "Feature", "properties": { "index": "1191", "last_edit_year": 2025, "years_since_edit": 1, "label": "1.0–3.0 yr", "color": "#a3d99f" }, "geometry": { "type": "Point", "coordinates": [ 8.667092, 49.4046078 ] } },
{ "type": "Feature", "properties": { "index": "1192", "last_edit_year": 2025, "years_since_edit": 1, "label": "1.0–3.0 yr", "color": "#a3d99f" }, "geometry": { "type": "Point", "coordinates": [ 8.6677714, 49.4046755 ] } },
{ "type": "Feature", "properties": { "index": "1193", "last_edit_year": 2025, "years_since_edit": 1, "label": "1.0–3.0 yr", "color": "#a3d99f" }, "geometry": { "type": "Point", "coordinates": [ 8.6673016, 49.404783 ] } },
{ "type": "Feature", "properties": { "index": "1194", "last_edit_year": 2025, "years_since_edit": 1, "label": "1.0–3.0 yr", "color": "#a3d99f" }, "geometry": { "type": "Point", "coordinates": [ 8.6678166, 49.4046645 ] } },
{ "type": "Feature", "properties": { "index": "1195", "last_edit_year": 2025, "years_since_edit": 1, "label": "1.0–3.0 yr", "color": "#a3d99f" }, "geometry": { "type": "Point", "coordinates": [ 8.6674215, 49.4047513 ] } },
{ "type": "Feature", "properties": { "index": "1196", "last_edit_year": 2025, "years_since_edit": 1, "label": "1.0–3.0 yr", "color": "#a3d99f" }, "geometry": { "type": "Point", "coordinates": [ 8.667561, 49.4047063 ] } },
{ "type": "Feature", "properties": { "index": "1197", "last_edit_year": 2025, "years_since_edit": 1, "label": "1.0–3.0 yr", "color": "#a3d99f" }, "geometry": { "type": "Point", "coordinates": [ 8.6671307, 49.404607 ] } },
{ "type": "Feature", "properties": { "index": "1198", "last_edit_year": 2025, "years_since_edit": 1, "label": "1.0–3.0 yr", "color": "#a3d99f" }, "geometry": { "type": "Point", "coordinates": [ 8.6673635, 49.4047748 ] } },
{ "type": "Feature", "properties": { "index": "1199", "last_edit_year": 2025, "years_since_edit": 1, "label": "1.0–3.0 yr", "color": "#a3d99f" }, "geometry": { "type": "Point", "coordinates": [ 8.6678605, 49.4046529 ] } },
{ "type": "Feature", "properties": { "index": "1200", "last_edit_year": 2024, "years_since_edit": 2, "label": "1.0–3.0 yr", "color": "#a3d99f" }, "geometry": { "type": "Point", "coordinates": [ 8.7068067, 49.4086722 ] } },
{ "type": "Feature", "properties": { "index": "1201", "last_edit_year": 2024, "years_since_edit": 2, "label": "1.0–3.0 yr", "color": "#a3d99f" }, "geometry": { "type": "Point", "coordinates": [ 8.6930611, 49.4098595 ] } },
{ "type": "Feature", "properties": { "index": "1202", "last_edit_year": 2024, "years_since_edit": 2, "label": "1.0–3.0 yr", "color": "#a3d99f" }, "geometry": { "type": "Point", "coordinates": [ 8.6930175, 49.4098512 ] } },
{ "type": "Feature", "properties": { "index": "1203", "last_edit_year": 2024, "years_since_edit": 2, "label": "1.0–3.0 yr", "color": "#a3d99f" }, "geometry": { "type": "Point", "coordinates": [ 8.6929965, 49.4098981 ] } },
{ "type": "Feature", "properties": { "index": "1204", "last_edit_year": 2024, "years_since_edit": 2, "label": "1.0–3.0 yr", "color": "#a3d99f" }, "geometry": { "type": "Point", "coordinates": [ 8.69304, 49.4099064 ] } },
{ "type": "Feature", "properties": { "index": "1205", "last_edit_year": 2024, "years_since_edit": 2, "label": "1.0–3.0 yr", "color": "#a3d99f" }, "geometry": { "type": "Point", "coordinates": [ 8.684611, 49.4101431 ] } },
{ "type": "Feature", "properties": { "index": "1206", "last_edit_year": 2024, "years_since_edit": 2, "label": "1.0–3.0 yr", "color": "#a3d99f" }, "geometry": { "type": "Point", "coordinates": [ 8.6846951, 49.410159 ] } },
{ "type": "Feature", "properties": { "index": "1207", "last_edit_year": 2024, "years_since_edit": 2, "label": "1.0–3.0 yr", "color": "#a3d99f" }, "geometry": { "type": "Point", "coordinates": [ 8.684741, 49.4101512 ] } },
{ "type": "Feature", "properties": { "index": "1208", "last_edit_year": 2024, "years_since_edit": 2, "label": "1.0–3.0 yr", "color": "#a3d99f" }, "geometry": { "type": "Point", "coordinates": [ 8.6845838, 49.4101373 ] } },
{ "type": "Feature", "properties": { "index": "1209", "last_edit_year": 2024, "years_since_edit": 2, "label": "1.0–3.0 yr", "color": "#a3d99f" }, "geometry": { "type": "Point", "coordinates": [ 8.6847237, 49.4101739 ] } },
{ "type": "Feature", "properties": { "index": "1210", "last_edit_year": 2024, "years_since_edit": 2, "label": "1.0–3.0 yr", "color": "#a3d99f" }, "geometry": { "type": "Point", "coordinates": [ 8.6846551, 49.4101518 ] } },
{ "type": "Feature", "properties": { "index": "1211", "last_edit_year": 2024, "years_since_edit": 2, "label": "1.0–3.0 yr", "color": "#a3d99f" }, "geometry": { "type": "Point", "coordinates": [ 8.6726043, 49.4070836 ] } },
{ "type": "Feature", "properties": { "index": "1212", "last_edit_year": 2024, "years_since_edit": 2, "label": "1.0–3.0 yr", "color": "#a3d99f" }, "geometry": { "type": "Point", "coordinates": [ 8.6726051, 49.4071145 ] } },
{ "type": "Feature", "properties": { "index": "1213", "last_edit_year": 2024, "years_since_edit": 2, "label": "1.0–3.0 yr", "color": "#a3d99f" }, "geometry": { "type": "Point", "coordinates": [ 8.6726332, 49.4071024 ] } },
{ "type": "Feature", "properties": { "index": "1214", "last_edit_year": 2024, "years_since_edit": 2, "label": "1.0–3.0 yr", "color": "#a3d99f" }, "geometry": { "type": "Point", "coordinates": [ 8.6726338, 49.4070841 ] } },
{ "type": "Feature", "properties": { "index": "1215", "last_edit_year": 2024, "years_since_edit": 2, "label": "1.0–3.0 yr", "color": "#a3d99f" }, "geometry": { "type": "Point", "coordinates": [ 8.7161426, 49.4138654 ] } },
{ "type": "Feature", "properties": { "index": "1216", "last_edit_year": 2024, "years_since_edit": 2, "label": "1.0–3.0 yr", "color": "#a3d99f" }, "geometry": { "type": "Point", "coordinates": [ 8.6926476, 49.3982806 ] } },
{ "type": "Feature", "properties": { "index": "1217", "last_edit_year": 2025, "years_since_edit": 1, "label": "1.0–3.0 yr", "color": "#a3d99f" }, "geometry": { "type": "Point", "coordinates": [ 8.673885, 49.4178624 ] } },
{ "type": "Feature", "properties": { "index": "1218", "last_edit_year": 2025, "years_since_edit": 1, "label": "1.0–3.0 yr", "color": "#a3d99f" }, "geometry": { "type": "Point", "coordinates": [ 8.6738855, 49.4178875 ] } },
{ "type": "Feature", "properties": { "index": "1219", "last_edit_year": 2024, "years_since_edit": 2, "label": "1.0–3.0 yr", "color": "#a3d99f" }, "geometry": { "type": "Point", "coordinates": [ 8.6740064, 49.4182009 ] } },
{ "type": "Feature", "properties": { "index": "1220", "last_edit_year": 2024, "years_since_edit": 2, "label": "1.0–3.0 yr", "color": "#a3d99f" }, "geometry": { "type": "Point", "coordinates": [ 8.673999, 49.4181577 ] } },
{ "type": "Feature", "properties": { "index": "1221", "last_edit_year": 2024, "years_since_edit": 2, "label": "1.0–3.0 yr", "color": "#a3d99f" }, "geometry": { "type": "Point", "coordinates": [ 8.6738817, 49.4181685 ] } },
{ "type": "Feature", "properties": { "index": "1222", "last_edit_year": 2024, "years_since_edit": 2, "label": "1.0–3.0 yr", "color": "#a3d99f" }, "geometry": { "type": "Point", "coordinates": [ 8.6739073, 49.4181576 ] } },
{ "type": "Feature", "properties": { "index": "1223", "last_edit_year": 2024, "years_since_edit": 2, "label": "1.0–3.0 yr", "color": "#a3d99f" }, "geometry": { "type": "Point", "coordinates": [ 8.6739132, 49.4181737 ] } },
{ "type": "Feature", "properties": { "index": "1224", "last_edit_year": 2025, "years_since_edit": 1, "label": "1.0–3.0 yr", "color": "#a3d99f" }, "geometry": { "type": "Point", "coordinates": [ 8.6739866, 49.4186295 ] } },
{ "type": "Feature", "properties": { "index": "1225", "last_edit_year": 2025, "years_since_edit": 1, "label": "1.0–3.0 yr", "color": "#a3d99f" }, "geometry": { "type": "Point", "coordinates": [ 8.6740073, 49.4186411 ] } },
{ "type": "Feature", "properties": { "index": "1226", "last_edit_year": 2024, "years_since_edit": 2, "label": "1.0–3.0 yr", "color": "#a3d99f" }, "geometry": { "type": "Point", "coordinates": [ 8.6741064, 49.4185002 ] } },
{ "type": "Feature", "properties": { "index": "1227", "last_edit_year": 2024, "years_since_edit": 2, "label": "1.0–3.0 yr", "color": "#a3d99f" }, "geometry": { "type": "Point", "coordinates": [ 8.6741042, 49.4184819 ] } },
{ "type": "Feature", "properties": { "index": "1228", "last_edit_year": 2026, "years_since_edit": 0, "label": "0.0–1.0 yr", "color": "#edf8e9" }, "geometry": { "type": "Point", "coordinates": [ 8.6656612, 49.4098939 ] } },
{ "type": "Feature", "properties": { "index": "1229", "last_edit_year": 2024, "years_since_edit": 2, "label": "1.0–3.0 yr", "color": "#a3d99f" }, "geometry": { "type": "Point", "coordinates": [ 8.6962792, 49.4110221 ] } },
{ "type": "Feature", "properties": { "index": "1230", "last_edit_year": 2024, "years_since_edit": 2, "label": "1.0–3.0 yr", "color": "#a3d99f" }, "geometry": { "type": "Point", "coordinates": [ 8.7082564, 49.4110383 ] } },
{ "type": "Feature", "properties": { "index": "1231", "last_edit_year": 2024, "years_since_edit": 2, "label": "1.0–3.0 yr", "color": "#a3d99f" }, "geometry": { "type": "Point", "coordinates": [ 8.7081086, 49.4110154 ] } },
{ "type": "Feature", "properties": { "index": "1232", "last_edit_year": 2024, "years_since_edit": 2, "label": "1.0–3.0 yr", "color": "#a3d99f" }, "geometry": { "type": "Point", "coordinates": [ 8.7080724, 49.4110353 ] } },
{ "type": "Feature", "properties": { "index": "1233", "last_edit_year": 2024, "years_since_edit": 2, "label": "1.0–3.0 yr", "color": "#a3d99f" }, "geometry": { "type": "Point", "coordinates": [ 8.7083086, 49.4103454 ] } },
{ "type": "Feature", "properties": { "index": "1234", "last_edit_year": 2024, "years_since_edit": 2, "label": "1.0–3.0 yr", "color": "#a3d99f" }, "geometry": { "type": "Point", "coordinates": [ 8.7082573, 49.4103735 ] } },
{ "type": "Feature", "properties": { "index": "1235", "last_edit_year": 2024, "years_since_edit": 2, "label": "1.0–3.0 yr", "color": "#a3d99f" }, "geometry": { "type": "Point", "coordinates": [ 8.7081989, 49.4102937 ] } },
{ "type": "Feature", "properties": { "index": "1236", "last_edit_year": 2024, "years_since_edit": 2, "label": "1.0–3.0 yr", "color": "#a3d99f" }, "geometry": { "type": "Point", "coordinates": [ 8.707988, 49.4108676 ] } },
{ "type": "Feature", "properties": { "index": "1237", "last_edit_year": 2024, "years_since_edit": 2, "label": "1.0–3.0 yr", "color": "#a3d99f" }, "geometry": { "type": "Point", "coordinates": [ 8.70798, 49.4107258 ] } },
{ "type": "Feature", "properties": { "index": "1238", "last_edit_year": 2024, "years_since_edit": 2, "label": "1.0–3.0 yr", "color": "#a3d99f" }, "geometry": { "type": "Point", "coordinates": [ 8.6930709, 49.4099682 ] } },
{ "type": "Feature", "properties": { "index": "1239", "last_edit_year": 2025, "years_since_edit": 1, "label": "1.0–3.0 yr", "color": "#a3d99f" }, "geometry": { "type": "Point", "coordinates": [ 8.6904114, 49.4097454 ] } },
{ "type": "Feature", "properties": { "index": "1240", "last_edit_year": 2025, "years_since_edit": 1, "label": "1.0–3.0 yr", "color": "#a3d99f" }, "geometry": { "type": "Point", "coordinates": [ 8.6904395, 49.4097677 ] } },
{ "type": "Feature", "properties": { "index": "1241", "last_edit_year": 2024, "years_since_edit": 2, "label": "1.0–3.0 yr", "color": "#a3d99f" }, "geometry": { "type": "Point", "coordinates": [ 8.6636999, 49.410268 ] } },
{ "type": "Feature", "properties": { "index": "1242", "last_edit_year": 2024, "years_since_edit": 2, "label": "1.0–3.0 yr", "color": "#a3d99f" }, "geometry": { "type": "Point", "coordinates": [ 8.6634076, 49.4103307 ] } },
{ "type": "Feature", "properties": { "index": "1243", "last_edit_year": 2025, "years_since_edit": 1, "label": "1.0–3.0 yr", "color": "#a3d99f" }, "geometry": { "type": "Point", "coordinates": [ 8.6720746, 49.4141078 ] } },
{ "type": "Feature", "properties": { "index": "1244", "last_edit_year": 2025, "years_since_edit": 1, "label": "1.0–3.0 yr", "color": "#a3d99f" }, "geometry": { "type": "Point", "coordinates": [ 8.6720474, 49.4141081 ] } },
{ "type": "Feature", "properties": { "index": "1245", "last_edit_year": 2025, "years_since_edit": 1, "label": "1.0–3.0 yr", "color": "#a3d99f" }, "geometry": { "type": "Point", "coordinates": [ 8.6720201, 49.4141083 ] } },
{ "type": "Feature", "properties": { "index": "1246", "last_edit_year": 2025, "years_since_edit": 1, "label": "1.0–3.0 yr", "color": "#a3d99f" }, "geometry": { "type": "Point", "coordinates": [ 8.6719587, 49.4141089 ] } },
{ "type": "Feature", "properties": { "index": "1247", "last_edit_year": 2025, "years_since_edit": 1, "label": "1.0–3.0 yr", "color": "#a3d99f" }, "geometry": { "type": "Point", "coordinates": [ 8.6719302, 49.4141092 ] } },
{ "type": "Feature", "properties": { "index": "1248", "last_edit_year": 2025, "years_since_edit": 1, "label": "1.0–3.0 yr", "color": "#a3d99f" }, "geometry": { "type": "Point", "coordinates": [ 8.6719016, 49.4141095 ] } },
{ "type": "Feature", "properties": { "index": "1249", "last_edit_year": 2025, "years_since_edit": 1, "label": "1.0–3.0 yr", "color": "#a3d99f" }, "geometry": { "type": "Point", "coordinates": [ 8.6721155, 49.4140912 ] } },
{ "type": "Feature", "properties": { "index": "1250", "last_edit_year": 2025, "years_since_edit": 1, "label": "1.0–3.0 yr", "color": "#a3d99f" }, "geometry": { "type": "Point", "coordinates": [ 8.6721154, 49.4140746 ] } },
{ "type": "Feature", "properties": { "index": "1251", "last_edit_year": 2025, "years_since_edit": 1, "label": "1.0–3.0 yr", "color": "#a3d99f" }, "geometry": { "type": "Point", "coordinates": [ 8.6721152, 49.4140323 ] } },
{ "type": "Feature", "properties": { "index": "1252", "last_edit_year": 2025, "years_since_edit": 1, "label": "1.0–3.0 yr", "color": "#a3d99f" }, "geometry": { "type": "Point", "coordinates": [ 8.6721151, 49.4140118 ] } },
{ "type": "Feature", "properties": { "index": "1253", "last_edit_year": 2025, "years_since_edit": 1, "label": "1.0–3.0 yr", "color": "#a3d99f" }, "geometry": { "type": "Point", "coordinates": [ 8.6721149, 49.4139677 ] } },
{ "type": "Feature", "properties": { "index": "1254", "last_edit_year": 2025, "years_since_edit": 1, "label": "1.0–3.0 yr", "color": "#a3d99f" }, "geometry": { "type": "Point", "coordinates": [ 8.6721148, 49.4139464 ] } },
{ "type": "Feature", "properties": { "index": "1255", "last_edit_year": 2024, "years_since_edit": 2, "label": "1.0–3.0 yr", "color": "#a3d99f" }, "geometry": { "type": "Point", "coordinates": [ 8.6925356, 49.4102802 ] } },
{ "type": "Feature", "properties": { "index": "1256", "last_edit_year": 2024, "years_since_edit": 2, "label": "1.0–3.0 yr", "color": "#a3d99f" }, "geometry": { "type": "Point", "coordinates": [ 8.6925252, 49.4102993 ] } },
{ "type": "Feature", "properties": { "index": "1257", "last_edit_year": 2024, "years_since_edit": 2, "label": "1.0–3.0 yr", "color": "#a3d99f" }, "geometry": { "type": "Point", "coordinates": [ 8.69303, 49.4100688 ] } },
{ "type": "Feature", "properties": { "index": "1258", "last_edit_year": 2024, "years_since_edit": 2, "label": "1.0–3.0 yr", "color": "#a3d99f" }, "geometry": { "type": "Point", "coordinates": [ 8.6930817, 49.4100923 ] } },
{ "type": "Feature", "properties": { "index": "1259", "last_edit_year": 2024, "years_since_edit": 2, "label": "1.0–3.0 yr", "color": "#a3d99f" }, "geometry": { "type": "Point", "coordinates": [ 8.6931983, 49.4096975 ] } },
{ "type": "Feature", "properties": { "index": "1260", "last_edit_year": 2024, "years_since_edit": 2, "label": "1.0–3.0 yr", "color": "#a3d99f" }, "geometry": { "type": "Point", "coordinates": [ 8.6932104, 49.40967 ] } },
{ "type": "Feature", "properties": { "index": "1261", "last_edit_year": 2024, "years_since_edit": 2, "label": "1.0–3.0 yr", "color": "#a3d99f" }, "geometry": { "type": "Point", "coordinates": [ 8.6723755, 49.4019313 ] } },
{ "type": "Feature", "properties": { "index": "1262", "last_edit_year": 2024, "years_since_edit": 2, "label": "1.0–3.0 yr", "color": "#a3d99f" }, "geometry": { "type": "Point", "coordinates": [ 8.6714471, 49.4021334 ] } },
{ "type": "Feature", "properties": { "index": "1263", "last_edit_year": 2024, "years_since_edit": 2, "label": "1.0–3.0 yr", "color": "#a3d99f" }, "geometry": { "type": "Point", "coordinates": [ 8.6723046, 49.4019475 ] } },
{ "type": "Feature", "properties": { "index": "1264", "last_edit_year": 2024, "years_since_edit": 2, "label": "1.0–3.0 yr", "color": "#a3d99f" }, "geometry": { "type": "Point", "coordinates": [ 8.6712369, 49.4021797 ] } },
{ "type": "Feature", "properties": { "index": "1265", "last_edit_year": 2025, "years_since_edit": 1, "label": "1.0–3.0 yr", "color": "#a3d99f" }, "geometry": { "type": "Point", "coordinates": [ 8.6876711, 49.3982513 ] } },
{ "type": "Feature", "properties": { "index": "1266", "last_edit_year": 2025, "years_since_edit": 1, "label": "1.0–3.0 yr", "color": "#a3d99f" }, "geometry": { "type": "Point", "coordinates": [ 8.6880771, 49.3982865 ] } },
{ "type": "Feature", "properties": { "index": "1267", "last_edit_year": 2025, "years_since_edit": 1, "label": "1.0–3.0 yr", "color": "#a3d99f" }, "geometry": { "type": "Point", "coordinates": [ 8.6741218, 49.4189382 ] } },
{ "type": "Feature", "properties": { "index": "1268", "last_edit_year": 2026, "years_since_edit": 0, "label": "0.0–1.0 yr", "color": "#edf8e9" }, "geometry": { "type": "Point", "coordinates": [ 8.6662113, 49.4078917 ] } },
{ "type": "Feature", "properties": { "index": "1269", "last_edit_year": 2026, "years_since_edit": 0, "label": "0.0–1.0 yr", "color": "#edf8e9" }, "geometry": { "type": "Point", "coordinates": [ 8.6661704, 49.4078738 ] } },
{ "type": "Feature", "properties": { "index": "1270", "last_edit_year": 2025, "years_since_edit": 1, "label": "1.0–3.0 yr", "color": "#a3d99f" }, "geometry": { "type": "Point", "coordinates": [ 8.7034339, 49.4128981 ] } },
{ "type": "Feature", "properties": { "index": "1271", "last_edit_year": 2025, "years_since_edit": 1, "label": "1.0–3.0 yr", "color": "#a3d99f" }, "geometry": { "type": "Point", "coordinates": [ 8.7031472, 49.4127672 ] } },
{ "type": "Feature", "properties": { "index": "1272", "last_edit_year": 2025, "years_since_edit": 1, "label": "1.0–3.0 yr", "color": "#a3d99f" }, "geometry": { "type": "Point", "coordinates": [ 8.6898845, 49.4047528 ] } },
{ "type": "Feature", "properties": { "index": "1273", "last_edit_year": 2024, "years_since_edit": 2, "label": "1.0–3.0 yr", "color": "#a3d99f" }, "geometry": { "type": "Point", "coordinates": [ 8.6942036, 49.4116708 ] } },
{ "type": "Feature", "properties": { "index": "1274", "last_edit_year": 2024, "years_since_edit": 2, "label": "1.0–3.0 yr", "color": "#a3d99f" }, "geometry": { "type": "Point", "coordinates": [ 8.6862079, 49.4019804 ] } },
{ "type": "Feature", "properties": { "index": "1275", "last_edit_year": 2025, "years_since_edit": 1, "label": "1.0–3.0 yr", "color": "#a3d99f" }, "geometry": { "type": "Point", "coordinates": [ 8.6738227, 49.4024689 ] } },
{ "type": "Feature", "properties": { "index": "1276", "last_edit_year": 2025, "years_since_edit": 1, "label": "1.0–3.0 yr", "color": "#a3d99f" }, "geometry": { "type": "Point", "coordinates": [ 8.6739092, 49.4025514 ] } },
{ "type": "Feature", "properties": { "index": "1277", "last_edit_year": 2025, "years_since_edit": 1, "label": "1.0–3.0 yr", "color": "#a3d99f" }, "geometry": { "type": "Point", "coordinates": [ 8.6740474, 49.4026893 ] } },
{ "type": "Feature", "properties": { "index": "1278", "last_edit_year": 2025, "years_since_edit": 1, "label": "1.0–3.0 yr", "color": "#a3d99f" }, "geometry": { "type": "Point", "coordinates": [ 8.6759436, 49.4047728 ] } },
{ "type": "Feature", "properties": { "index": "1279", "last_edit_year": 2025, "years_since_edit": 1, "label": "1.0–3.0 yr", "color": "#a3d99f" }, "geometry": { "type": "Point", "coordinates": [ 8.6759468, 49.4047836 ] } },
{ "type": "Feature", "properties": { "index": "1280", "last_edit_year": 2025, "years_since_edit": 1, "label": "1.0–3.0 yr", "color": "#a3d99f" }, "geometry": { "type": "Point", "coordinates": [ 8.6758777, 49.4047986 ] } },
{ "type": "Feature", "properties": { "index": "1281", "last_edit_year": 2025, "years_since_edit": 1, "label": "1.0–3.0 yr", "color": "#a3d99f" }, "geometry": { "type": "Point", "coordinates": [ 8.6758737, 49.4047874 ] } },
{ "type": "Feature", "properties": { "index": "1282", "last_edit_year": 2025, "years_since_edit": 1, "label": "1.0–3.0 yr", "color": "#a3d99f" }, "geometry": { "type": "Point", "coordinates": [ 8.6856351, 49.4089585 ] } },
{ "type": "Feature", "properties": { "index": "1283", "last_edit_year": 2025, "years_since_edit": 1, "label": "1.0–3.0 yr", "color": "#a3d99f" }, "geometry": { "type": "Point", "coordinates": [ 8.6864679, 49.4078813 ] } },
{ "type": "Feature", "properties": { "index": "1284", "last_edit_year": 2025, "years_since_edit": 1, "label": "1.0–3.0 yr", "color": "#a3d99f" }, "geometry": { "type": "Point", "coordinates": [ 8.6893904, 49.4098546 ] } },
{ "type": "Feature", "properties": { "index": "1285", "last_edit_year": 2025, "years_since_edit": 1, "label": "1.0–3.0 yr", "color": "#a3d99f" }, "geometry": { "type": "Point", "coordinates": [ 8.6893603, 49.4098185 ] } },
{ "type": "Feature", "properties": { "index": "1286", "last_edit_year": 2025, "years_since_edit": 1, "label": "1.0–3.0 yr", "color": "#a3d99f" }, "geometry": { "type": "Point", "coordinates": [ 8.6895151, 49.4098831 ] } },
{ "type": "Feature", "properties": { "index": "1287", "last_edit_year": 2025, "years_since_edit": 1, "label": "1.0–3.0 yr", "color": "#a3d99f" }, "geometry": { "type": "Point", "coordinates": [ 8.6895698, 49.4098631 ] } },
{ "type": "Feature", "properties": { "index": "1288", "last_edit_year": 2025, "years_since_edit": 1, "label": "1.0–3.0 yr", "color": "#a3d99f" }, "geometry": { "type": "Point", "coordinates": [ 8.6923085, 49.4110325 ] } },
{ "type": "Feature", "properties": { "index": "1289", "last_edit_year": 2025, "years_since_edit": 1, "label": "1.0–3.0 yr", "color": "#a3d99f" }, "geometry": { "type": "Point", "coordinates": [ 8.6727385, 49.3985308 ] } },
{ "type": "Feature", "properties": { "index": "1290", "last_edit_year": 2025, "years_since_edit": 1, "label": "1.0–3.0 yr", "color": "#a3d99f" }, "geometry": { "type": "Point", "coordinates": [ 8.6680894, 49.3981916 ] } },
{ "type": "Feature", "properties": { "index": "1291", "last_edit_year": 2025, "years_since_edit": 1, "label": "1.0–3.0 yr", "color": "#a3d99f" }, "geometry": { "type": "Point", "coordinates": [ 8.7050463, 49.4100433 ] } },
{ "type": "Feature", "properties": { "index": "1292", "last_edit_year": 2025, "years_since_edit": 1, "label": "1.0–3.0 yr", "color": "#a3d99f" }, "geometry": { "type": "Point", "coordinates": [ 8.705178, 49.4099581 ] } },
{ "type": "Feature", "properties": { "index": "1293", "last_edit_year": 2025, "years_since_edit": 1, "label": "1.0–3.0 yr", "color": "#a3d99f" }, "geometry": { "type": "Point", "coordinates": [ 8.7051154, 49.409946 ] } },
{ "type": "Feature", "properties": { "index": "1294", "last_edit_year": 2025, "years_since_edit": 1, "label": "1.0–3.0 yr", "color": "#a3d99f" }, "geometry": { "type": "Point", "coordinates": [ 8.7050488, 49.4099296 ] } },
{ "type": "Feature", "properties": { "index": "1295", "last_edit_year": 2025, "years_since_edit": 1, "label": "1.0–3.0 yr", "color": "#a3d99f" }, "geometry": { "type": "Point", "coordinates": [ 8.6983217, 49.4105467 ] } },
{ "type": "Feature", "properties": { "index": "1296", "last_edit_year": 2025, "years_since_edit": 1, "label": "1.0–3.0 yr", "color": "#a3d99f" }, "geometry": { "type": "Point", "coordinates": [ 8.6982775, 49.4105373 ] } },
{ "type": "Feature", "properties": { "index": "1297", "last_edit_year": 2025, "years_since_edit": 1, "label": "1.0–3.0 yr", "color": "#a3d99f" }, "geometry": { "type": "Point", "coordinates": [ 8.6834252, 49.4084907 ] } },
{ "type": "Feature", "properties": { "index": "1298", "last_edit_year": 2025, "years_since_edit": 1, "label": "1.0–3.0 yr", "color": "#a3d99f" }, "geometry": { "type": "Point", "coordinates": [ 8.6874817, 49.409005 ] } },
{ "type": "Feature", "properties": { "index": "1299", "last_edit_year": 2025, "years_since_edit": 1, "label": "1.0–3.0 yr", "color": "#a3d99f" }, "geometry": { "type": "Point", "coordinates": [ 8.6874682, 49.4090127 ] } },
{ "type": "Feature", "properties": { "index": "1300", "last_edit_year": 2025, "years_since_edit": 1, "label": "1.0–3.0 yr", "color": "#a3d99f" }, "geometry": { "type": "Point", "coordinates": [ 8.670178, 49.4001314 ] } },
{ "type": "Feature", "properties": { "index": "1301", "last_edit_year": 2025, "years_since_edit": 1, "label": "1.0–3.0 yr", "color": "#a3d99f" }, "geometry": { "type": "Point", "coordinates": [ 8.6933831, 49.4090997 ] } },
{ "type": "Feature", "properties": { "index": "1302", "last_edit_year": 2025, "years_since_edit": 1, "label": "1.0–3.0 yr", "color": "#a3d99f" }, "geometry": { "type": "Point", "coordinates": [ 8.6937449, 49.4092663 ] } },
{ "type": "Feature", "properties": { "index": "1303", "last_edit_year": 2025, "years_since_edit": 1, "label": "1.0–3.0 yr", "color": "#a3d99f" }, "geometry": { "type": "Point", "coordinates": [ 8.6933452, 49.4090896 ] } },
{ "type": "Feature", "properties": { "index": "1304", "last_edit_year": 2025, "years_since_edit": 1, "label": "1.0–3.0 yr", "color": "#a3d99f" }, "geometry": { "type": "Point", "coordinates": [ 8.6953473, 49.4075543 ] } },
{ "type": "Feature", "properties": { "index": "1305", "last_edit_year": 2025, "years_since_edit": 1, "label": "1.0–3.0 yr", "color": "#a3d99f" }, "geometry": { "type": "Point", "coordinates": [ 8.6738442, 49.4017607 ] } },
{ "type": "Feature", "properties": { "index": "1306", "last_edit_year": 2025, "years_since_edit": 1, "label": "1.0–3.0 yr", "color": "#a3d99f" }, "geometry": { "type": "Point", "coordinates": [ 8.690614, 49.409814 ] } },
{ "type": "Feature", "properties": { "index": "1307", "last_edit_year": 2025, "years_since_edit": 1, "label": "1.0–3.0 yr", "color": "#a3d99f" }, "geometry": { "type": "Point", "coordinates": [ 8.6906667, 49.4099872 ] } },
{ "type": "Feature", "properties": { "index": "1308", "last_edit_year": 2025, "years_since_edit": 1, "label": "1.0–3.0 yr", "color": "#a3d99f" }, "geometry": { "type": "Point", "coordinates": [ 8.6905957, 49.4099736 ] } },
{ "type": "Feature", "properties": { "index": "1309", "last_edit_year": 2025, "years_since_edit": 1, "label": "1.0–3.0 yr", "color": "#a3d99f" }, "geometry": { "type": "Point", "coordinates": [ 8.6904106, 49.4102334 ] } },
{ "type": "Feature", "properties": { "index": "1310", "last_edit_year": 2025, "years_since_edit": 1, "label": "1.0–3.0 yr", "color": "#a3d99f" }, "geometry": { "type": "Point", "coordinates": [ 8.6779062, 49.4094708 ] } },
{ "type": "Feature", "properties": { "index": "1311", "last_edit_year": 2026, "years_since_edit": 0, "label": "0.0–1.0 yr", "color": "#edf8e9" }, "geometry": { "type": "Point", "coordinates": [ 8.6657805, 49.4098684 ] } },
{ "type": "Feature", "properties": { "index": "1312", "last_edit_year": 2025, "years_since_edit": 1, "label": "1.0–3.0 yr", "color": "#a3d99f" }, "geometry": { "type": "Point", "coordinates": [ 8.6678366, 49.400661 ] } },
{ "type": "Feature", "properties": { "index": "1313", "last_edit_year": 2025, "years_since_edit": 1, "label": "1.0–3.0 yr", "color": "#a3d99f" }, "geometry": { "type": "Point", "coordinates": [ 8.6669752, 49.4007107 ] } },
{ "type": "Feature", "properties": { "index": "1314", "last_edit_year": 2025, "years_since_edit": 1, "label": "1.0–3.0 yr", "color": "#a3d99f" }, "geometry": { "type": "Point", "coordinates": [ 8.6666662, 49.4009854 ] } },
{ "type": "Feature", "properties": { "index": "1315", "last_edit_year": 2025, "years_since_edit": 1, "label": "1.0–3.0 yr", "color": "#a3d99f" }, "geometry": { "type": "Point", "coordinates": [ 8.6669537, 49.4008319 ] } },
{ "type": "Feature", "properties": { "index": "1316", "last_edit_year": 2025, "years_since_edit": 1, "label": "1.0–3.0 yr", "color": "#a3d99f" }, "geometry": { "type": "Point", "coordinates": [ 8.6670678, 49.4009202 ] } },
{ "type": "Feature", "properties": { "index": "1317", "last_edit_year": 2025, "years_since_edit": 1, "label": "1.0–3.0 yr", "color": "#a3d99f" }, "geometry": { "type": "Point", "coordinates": [ 8.6671927, 49.4010358 ] } },
{ "type": "Feature", "properties": { "index": "1318", "last_edit_year": 2025, "years_since_edit": 1, "label": "1.0–3.0 yr", "color": "#a3d99f" }, "geometry": { "type": "Point", "coordinates": [ 8.6669042, 49.4011809 ] } },
{ "type": "Feature", "properties": { "index": "1319", "last_edit_year": 2025, "years_since_edit": 1, "label": "1.0–3.0 yr", "color": "#a3d99f" }, "geometry": { "type": "Point", "coordinates": [ 8.6667706, 49.4010659 ] } },
{ "type": "Feature", "properties": { "index": "1320", "last_edit_year": 2025, "years_since_edit": 1, "label": "1.0–3.0 yr", "color": "#a3d99f" }, "geometry": { "type": "Point", "coordinates": [ 8.6670829, 49.4011234 ] } },
{ "type": "Feature", "properties": { "index": "1321", "last_edit_year": 2025, "years_since_edit": 1, "label": "1.0–3.0 yr", "color": "#a3d99f" }, "geometry": { "type": "Point", "coordinates": [ 8.6666855, 49.4018101 ] } },
{ "type": "Feature", "properties": { "index": "1322", "last_edit_year": 2025, "years_since_edit": 1, "label": "1.0–3.0 yr", "color": "#a3d99f" }, "geometry": { "type": "Point", "coordinates": [ 8.6662917, 49.4020005 ] } },
{ "type": "Feature", "properties": { "index": "1323", "last_edit_year": 2025, "years_since_edit": 1, "label": "1.0–3.0 yr", "color": "#a3d99f" }, "geometry": { "type": "Point", "coordinates": [ 8.666393, 49.4021228 ] } },
{ "type": "Feature", "properties": { "index": "1324", "last_edit_year": 2025, "years_since_edit": 1, "label": "1.0–3.0 yr", "color": "#a3d99f" }, "geometry": { "type": "Point", "coordinates": [ 8.6628224, 49.4033146 ] } },
{ "type": "Feature", "properties": { "index": "1325", "last_edit_year": 2025, "years_since_edit": 1, "label": "1.0–3.0 yr", "color": "#a3d99f" }, "geometry": { "type": "Point", "coordinates": [ 8.6629075, 49.4031832 ] } },
{ "type": "Feature", "properties": { "index": "1326", "last_edit_year": 2025, "years_since_edit": 1, "label": "1.0–3.0 yr", "color": "#a3d99f" }, "geometry": { "type": "Point", "coordinates": [ 8.6627105, 49.4030995 ] } },
{ "type": "Feature", "properties": { "index": "1327", "last_edit_year": 2025, "years_since_edit": 1, "label": "1.0–3.0 yr", "color": "#a3d99f" }, "geometry": { "type": "Point", "coordinates": [ 8.6625036, 49.4030919 ] } },
{ "type": "Feature", "properties": { "index": "1328", "last_edit_year": 2025, "years_since_edit": 1, "label": "1.0–3.0 yr", "color": "#a3d99f" }, "geometry": { "type": "Point", "coordinates": [ 8.6626304, 49.4029453 ] } },
{ "type": "Feature", "properties": { "index": "1329", "last_edit_year": 2025, "years_since_edit": 1, "label": "1.0–3.0 yr", "color": "#a3d99f" }, "geometry": { "type": "Point", "coordinates": [ 8.6627222, 49.4028736 ] } },
{ "type": "Feature", "properties": { "index": "1330", "last_edit_year": 2025, "years_since_edit": 1, "label": "1.0–3.0 yr", "color": "#a3d99f" }, "geometry": { "type": "Point", "coordinates": [ 8.6626638, 49.4029757 ] } },
{ "type": "Feature", "properties": { "index": "1331", "last_edit_year": 2025, "years_since_edit": 1, "label": "1.0–3.0 yr", "color": "#a3d99f" }, "geometry": { "type": "Point", "coordinates": [ 8.6728273, 49.4014825 ] } },
{ "type": "Feature", "properties": { "index": "1332", "last_edit_year": 2025, "years_since_edit": 1, "label": "1.0–3.0 yr", "color": "#a3d99f" }, "geometry": { "type": "Point", "coordinates": [ 8.6697736, 49.400186 ] } },
{ "type": "Feature", "properties": { "index": "1333", "last_edit_year": 2025, "years_since_edit": 1, "label": "1.0–3.0 yr", "color": "#a3d99f" }, "geometry": { "type": "Point", "coordinates": [ 8.6690423, 49.4005735 ] } },
{ "type": "Feature", "properties": { "index": "1334", "last_edit_year": 2025, "years_since_edit": 1, "label": "1.0–3.0 yr", "color": "#a3d99f" }, "geometry": { "type": "Point", "coordinates": [ 8.668901, 49.4006561 ] } },
{ "type": "Feature", "properties": { "index": "1335", "last_edit_year": 2025, "years_since_edit": 1, "label": "1.0–3.0 yr", "color": "#a3d99f" }, "geometry": { "type": "Point", "coordinates": [ 8.6700686, 49.4000231 ] } },
{ "type": "Feature", "properties": { "index": "1336", "last_edit_year": 2025, "years_since_edit": 1, "label": "1.0–3.0 yr", "color": "#a3d99f" }, "geometry": { "type": "Point", "coordinates": [ 8.6705954, 49.3997446 ] } },
{ "type": "Feature", "properties": { "index": "1337", "last_edit_year": 2025, "years_since_edit": 1, "label": "1.0–3.0 yr", "color": "#a3d99f" }, "geometry": { "type": "Point", "coordinates": [ 8.6709766, 49.3995482 ] } },
{ "type": "Feature", "properties": { "index": "1338", "last_edit_year": 2025, "years_since_edit": 1, "label": "1.0–3.0 yr", "color": "#a3d99f" }, "geometry": { "type": "Point", "coordinates": [ 8.6703491, 49.400006 ] } },
{ "type": "Feature", "properties": { "index": "1339", "last_edit_year": 2025, "years_since_edit": 1, "label": "1.0–3.0 yr", "color": "#a3d99f" }, "geometry": { "type": "Point", "coordinates": [ 8.6694798, 49.4005126 ] } },
{ "type": "Feature", "properties": { "index": "1340", "last_edit_year": 2025, "years_since_edit": 1, "label": "1.0–3.0 yr", "color": "#a3d99f" }, "geometry": { "type": "Point", "coordinates": [ 8.6689687, 49.4007631 ] } },
{ "type": "Feature", "properties": { "index": "1341", "last_edit_year": 2025, "years_since_edit": 1, "label": "1.0–3.0 yr", "color": "#a3d99f" }, "geometry": { "type": "Point", "coordinates": [ 8.66864, 49.4009419 ] } },
{ "type": "Feature", "properties": { "index": "1342", "last_edit_year": 2025, "years_since_edit": 1, "label": "1.0–3.0 yr", "color": "#a3d99f" }, "geometry": { "type": "Point", "coordinates": [ 8.6680484, 49.4012553 ] } },
{ "type": "Feature", "properties": { "index": "1343", "last_edit_year": 2025, "years_since_edit": 1, "label": "1.0–3.0 yr", "color": "#a3d99f" }, "geometry": { "type": "Point", "coordinates": [ 8.6678508, 49.4013601 ] } },
{ "type": "Feature", "properties": { "index": "1344", "last_edit_year": 2025, "years_since_edit": 1, "label": "1.0–3.0 yr", "color": "#a3d99f" }, "geometry": { "type": "Point", "coordinates": [ 8.6672975, 49.4016529 ] } },
{ "type": "Feature", "properties": { "index": "1345", "last_edit_year": 2025, "years_since_edit": 1, "label": "1.0–3.0 yr", "color": "#a3d99f" }, "geometry": { "type": "Point", "coordinates": [ 8.666939, 49.4018364 ] } },
{ "type": "Feature", "properties": { "index": "1346", "last_edit_year": 2025, "years_since_edit": 1, "label": "1.0–3.0 yr", "color": "#a3d99f" }, "geometry": { "type": "Point", "coordinates": [ 8.7181399, 49.4193811 ] } },
{ "type": "Feature", "properties": { "index": "1347", "last_edit_year": 2025, "years_since_edit": 1, "label": "1.0–3.0 yr", "color": "#a3d99f" }, "geometry": { "type": "Point", "coordinates": [ 8.718098, 49.4193759 ] } },
{ "type": "Feature", "properties": { "index": "1348", "last_edit_year": 2026, "years_since_edit": 0, "label": "0.0–1.0 yr", "color": "#edf8e9" }, "geometry": { "type": "Point", "coordinates": [ 8.6917089, 49.3980164 ] } },
{ "type": "Feature", "properties": { "index": "1349", "last_edit_year": 2026, "years_since_edit": 0, "label": "0.0–1.0 yr", "color": "#edf8e9" }, "geometry": { "type": "Point", "coordinates": [ 8.7098506, 49.4008067 ] } },
{ "type": "Feature", "properties": { "index": "1350", "last_edit_year": 2025, "years_since_edit": 1, "label": "1.0–3.0 yr", "color": "#a3d99f" }, "geometry": { "type": "Point", "coordinates": [ 8.6701138, 49.4001359 ] } },
{ "type": "Feature", "properties": { "index": "1351", "last_edit_year": 2025, "years_since_edit": 1, "label": "1.0–3.0 yr", "color": "#a3d99f" }, "geometry": { "type": "Point", "coordinates": [ 8.6711276, 49.3995644 ] } },
{ "type": "Feature", "properties": { "index": "1352", "last_edit_year": 2025, "years_since_edit": 1, "label": "1.0–3.0 yr", "color": "#a3d99f" }, "geometry": { "type": "Point", "coordinates": [ 8.6694583, 49.4004969 ] } },
{ "type": "Feature", "properties": { "index": "1353", "last_edit_year": 2025, "years_since_edit": 1, "label": "1.0–3.0 yr", "color": "#a3d99f" }, "geometry": { "type": "Point", "coordinates": [ 8.6701334, 49.4001246 ] } },
{ "type": "Feature", "properties": { "index": "1354", "last_edit_year": 2025, "years_since_edit": 1, "label": "1.0–3.0 yr", "color": "#a3d99f" }, "geometry": { "type": "Point", "coordinates": [ 8.6708917, 49.3996844 ] } },
{ "type": "Feature", "properties": { "index": "1355", "last_edit_year": 2025, "years_since_edit": 1, "label": "1.0–3.0 yr", "color": "#a3d99f" }, "geometry": { "type": "Point", "coordinates": [ 8.6696888, 49.4003687 ] } },
{ "type": "Feature", "properties": { "index": "1356", "last_edit_year": 2025, "years_since_edit": 1, "label": "1.0–3.0 yr", "color": "#a3d99f" }, "geometry": { "type": "Point", "coordinates": [ 8.6692609, 49.4006043 ] } },
{ "type": "Feature", "properties": { "index": "1357", "last_edit_year": 2025, "years_since_edit": 1, "label": "1.0–3.0 yr", "color": "#a3d99f" }, "geometry": { "type": "Point", "coordinates": [ 8.6690038, 49.4007439 ] } },
{ "type": "Feature", "properties": { "index": "1358", "last_edit_year": 2025, "years_since_edit": 1, "label": "1.0–3.0 yr", "color": "#a3d99f" }, "geometry": { "type": "Point", "coordinates": [ 8.6693058, 49.4004226 ] } },
{ "type": "Feature", "properties": { "index": "1359", "last_edit_year": 2025, "years_since_edit": 1, "label": "1.0–3.0 yr", "color": "#a3d99f" }, "geometry": { "type": "Point", "coordinates": [ 8.6710314, 49.3996538 ] } },
{ "type": "Feature", "properties": { "index": "1360", "last_edit_year": 2025, "years_since_edit": 1, "label": "1.0–3.0 yr", "color": "#a3d99f" }, "geometry": { "type": "Point", "coordinates": [ 8.670389, 49.3999822 ] } },
{ "type": "Feature", "properties": { "index": "1361", "last_edit_year": 2025, "years_since_edit": 1, "label": "1.0–3.0 yr", "color": "#a3d99f" }, "geometry": { "type": "Point", "coordinates": [ 8.670994, 49.3996455 ] } },
{ "type": "Feature", "properties": { "index": "1362", "last_edit_year": 2025, "years_since_edit": 1, "label": "1.0–3.0 yr", "color": "#a3d99f" }, "geometry": { "type": "Point", "coordinates": [ 8.6706742, 49.3998527 ] } },
{ "type": "Feature", "properties": { "index": "1363", "last_edit_year": 2025, "years_since_edit": 1, "label": "1.0–3.0 yr", "color": "#a3d99f" }, "geometry": { "type": "Point", "coordinates": [ 8.6707192, 49.3997974 ] } },
{ "type": "Feature", "properties": { "index": "1364", "last_edit_year": 2025, "years_since_edit": 1, "label": "1.0–3.0 yr", "color": "#a3d99f" }, "geometry": { "type": "Point", "coordinates": [ 8.6693348, 49.4004045 ] } },
{ "type": "Feature", "properties": { "index": "1365", "last_edit_year": 2025, "years_since_edit": 1, "label": "1.0–3.0 yr", "color": "#a3d99f" }, "geometry": { "type": "Point", "coordinates": [ 8.6699732, 49.4002133 ] } },
{ "type": "Feature", "properties": { "index": "1366", "last_edit_year": 2025, "years_since_edit": 1, "label": "1.0–3.0 yr", "color": "#a3d99f" }, "geometry": { "type": "Point", "coordinates": [ 8.6699932, 49.4002044 ] } },
{ "type": "Feature", "properties": { "index": "1367", "last_edit_year": 2025, "years_since_edit": 1, "label": "1.0–3.0 yr", "color": "#a3d99f" }, "geometry": { "type": "Point", "coordinates": [ 8.6699125, 49.4002461 ] } },
{ "type": "Feature", "properties": { "index": "1368", "last_edit_year": 2025, "years_since_edit": 1, "label": "1.0–3.0 yr", "color": "#a3d99f" }, "geometry": { "type": "Point", "coordinates": [ 8.6687685, 49.4022317 ] } },
{ "type": "Feature", "properties": { "index": "1369", "last_edit_year": 2025, "years_since_edit": 1, "label": "1.0–3.0 yr", "color": "#a3d99f" }, "geometry": { "type": "Point", "coordinates": [ 8.6692102, 49.4006305 ] } },
{ "type": "Feature", "properties": { "index": "1370", "last_edit_year": 2025, "years_since_edit": 1, "label": "1.0–3.0 yr", "color": "#a3d99f" }, "geometry": { "type": "Point", "coordinates": [ 8.6685927, 49.4020716 ] } },
{ "type": "Feature", "properties": { "index": "1371", "last_edit_year": 2025, "years_since_edit": 1, "label": "1.0–3.0 yr", "color": "#a3d99f" }, "geometry": { "type": "Point", "coordinates": [ 8.6691822, 49.4019519 ] } },
{ "type": "Feature", "properties": { "index": "1372", "last_edit_year": 2025, "years_since_edit": 1, "label": "1.0–3.0 yr", "color": "#a3d99f" }, "geometry": { "type": "Point", "coordinates": [ 8.6688618, 49.40221 ] } },
{ "type": "Feature", "properties": { "index": "1373", "last_edit_year": 2025, "years_since_edit": 1, "label": "1.0–3.0 yr", "color": "#a3d99f" }, "geometry": { "type": "Point", "coordinates": [ 8.6686857, 49.4022478 ] } },
{ "type": "Feature", "properties": { "index": "1374", "last_edit_year": 2025, "years_since_edit": 1, "label": "1.0–3.0 yr", "color": "#a3d99f" }, "geometry": { "type": "Point", "coordinates": [ 8.6748554, 49.4177089 ] } },
{ "type": "Feature", "properties": { "index": "1375", "last_edit_year": 2025, "years_since_edit": 1, "label": "1.0–3.0 yr", "color": "#a3d99f" }, "geometry": { "type": "Point", "coordinates": [ 8.7031339, 49.4128047 ] } },
{ "type": "Feature", "properties": { "index": "1376", "last_edit_year": 2025, "years_since_edit": 1, "label": "1.0–3.0 yr", "color": "#a3d99f" }, "geometry": { "type": "Point", "coordinates": [ 8.7100272, 49.4152316 ] } },
{ "type": "Feature", "properties": { "index": "1377", "last_edit_year": 2025, "years_since_edit": 1, "label": "1.0–3.0 yr", "color": "#a3d99f" }, "geometry": { "type": "Point", "coordinates": [ 8.6862316, 49.407928 ] } },
{ "type": "Feature", "properties": { "index": "1378", "last_edit_year": 2025, "years_since_edit": 1, "label": "1.0–3.0 yr", "color": "#a3d99f" }, "geometry": { "type": "Point", "coordinates": [ 8.6862905, 49.4079352 ] } },
{ "type": "Feature", "properties": { "index": "1379", "last_edit_year": 2025, "years_since_edit": 1, "label": "1.0–3.0 yr", "color": "#a3d99f" }, "geometry": { "type": "Point", "coordinates": [ 8.6863457, 49.4079419 ] } },
{ "type": "Feature", "properties": { "index": "1380", "last_edit_year": 2025, "years_since_edit": 1, "label": "1.0–3.0 yr", "color": "#a3d99f" }, "geometry": { "type": "Point", "coordinates": [ 8.6864002, 49.4079485 ] } },
{ "type": "Feature", "properties": { "index": "1381", "last_edit_year": 2026, "years_since_edit": 0, "label": "0.0–1.0 yr", "color": "#edf8e9" }, "geometry": { "type": "Point", "coordinates": [ 8.7103209, 49.3992978 ] } },
{ "type": "Feature", "properties": { "index": "1382", "last_edit_year": 2025, "years_since_edit": 1, "label": "1.0–3.0 yr", "color": "#a3d99f" }, "geometry": { "type": "Point", "coordinates": [ 8.6887225, 49.3983804 ] } },
{ "type": "Feature", "properties": { "index": "1383", "last_edit_year": 2025, "years_since_edit": 1, "label": "1.0–3.0 yr", "color": "#a3d99f" }, "geometry": { "type": "Point", "coordinates": [ 8.688763, 49.3982669 ] } },
{ "type": "Feature", "properties": { "index": "1384", "last_edit_year": 2025, "years_since_edit": 1, "label": "1.0–3.0 yr", "color": "#a3d99f" }, "geometry": { "type": "Point", "coordinates": [ 8.6771227, 49.4128408 ] } },
{ "type": "Feature", "properties": { "index": "1385", "last_edit_year": 2026, "years_since_edit": 0, "label": "0.0–1.0 yr", "color": "#edf8e9" }, "geometry": { "type": "Point", "coordinates": [ 8.6870292, 49.4041116 ] } },
{ "type": "Feature", "properties": { "index": "1386", "last_edit_year": 2025, "years_since_edit": 1, "label": "1.0–3.0 yr", "color": "#a3d99f" }, "geometry": { "type": "Point", "coordinates": [ 8.6733889, 49.4033428 ] } },
{ "type": "Feature", "properties": { "index": "1387", "last_edit_year": 2025, "years_since_edit": 1, "label": "1.0–3.0 yr", "color": "#a3d99f" }, "geometry": { "type": "Point", "coordinates": [ 8.6609132, 49.4140866 ] } },
{ "type": "Feature", "properties": { "index": "1388", "last_edit_year": 2025, "years_since_edit": 1, "label": "1.0–3.0 yr", "color": "#a3d99f" }, "geometry": { "type": "Point", "coordinates": [ 8.6608804, 49.414089 ] } },
{ "type": "Feature", "properties": { "index": "1389", "last_edit_year": 2025, "years_since_edit": 1, "label": "1.0–3.0 yr", "color": "#a3d99f" }, "geometry": { "type": "Point", "coordinates": [ 8.6608672, 49.4141088 ] } },
{ "type": "Feature", "properties": { "index": "1390", "last_edit_year": 2025, "years_since_edit": 1, "label": "1.0–3.0 yr", "color": "#a3d99f" }, "geometry": { "type": "Point", "coordinates": [ 8.6608869, 49.4141261 ] } },
{ "type": "Feature", "properties": { "index": "1391", "last_edit_year": 2025, "years_since_edit": 1, "label": "1.0–3.0 yr", "color": "#a3d99f" }, "geometry": { "type": "Point", "coordinates": [ 8.6609198, 49.4141237 ] } },
{ "type": "Feature", "properties": { "index": "1392", "last_edit_year": 2025, "years_since_edit": 1, "label": "1.0–3.0 yr", "color": "#a3d99f" }, "geometry": { "type": "Point", "coordinates": [ 8.660933, 49.4141039 ] } },
{ "type": "Feature", "properties": { "index": "1393", "last_edit_year": 2025, "years_since_edit": 1, "label": "1.0–3.0 yr", "color": "#a3d99f" }, "geometry": { "type": "Point", "coordinates": [ 8.6675794, 49.4187553 ] } },
{ "type": "Feature", "properties": { "index": "1394", "last_edit_year": 2026, "years_since_edit": 0, "label": "0.0–1.0 yr", "color": "#edf8e9" }, "geometry": { "type": "Point", "coordinates": [ 8.6851758, 49.4020347 ] } },
{ "type": "Feature", "properties": { "index": "1395", "last_edit_year": 2025, "years_since_edit": 1, "label": "1.0–3.0 yr", "color": "#a3d99f" }, "geometry": { "type": "Point", "coordinates": [ 8.6733382, 49.4157321 ] } },
{ "type": "Feature", "properties": { "index": "1396", "last_edit_year": 2025, "years_since_edit": 1, "label": "1.0–3.0 yr", "color": "#a3d99f" }, "geometry": { "type": "Point", "coordinates": [ 8.6702577, 49.4017221 ] } },
{ "type": "Feature", "properties": { "index": "1397", "last_edit_year": 2025, "years_since_edit": 1, "label": "1.0–3.0 yr", "color": "#a3d99f" }, "geometry": { "type": "Point", "coordinates": [ 8.6711133, 49.4015406 ] } },
{ "type": "Feature", "properties": { "index": "1398", "last_edit_year": 2025, "years_since_edit": 1, "label": "1.0–3.0 yr", "color": "#a3d99f" }, "geometry": { "type": "Point", "coordinates": [ 8.6721717, 49.4014463 ] } },
{ "type": "Feature", "properties": { "index": "1399", "last_edit_year": 2025, "years_since_edit": 1, "label": "1.0–3.0 yr", "color": "#a3d99f" }, "geometry": { "type": "Point", "coordinates": [ 8.6757671, 49.4044472 ] } },
{ "type": "Feature", "properties": { "index": "1400", "last_edit_year": 2025, "years_since_edit": 1, "label": "1.0–3.0 yr", "color": "#a3d99f" }, "geometry": { "type": "Point", "coordinates": [ 8.6757783, 49.4043607 ] } },
{ "type": "Feature", "properties": { "index": "1401", "last_edit_year": 2025, "years_since_edit": 1, "label": "1.0–3.0 yr", "color": "#a3d99f" }, "geometry": { "type": "Point", "coordinates": [ 8.6750039, 49.4032969 ] } },
{ "type": "Feature", "properties": { "index": "1402", "last_edit_year": 2025, "years_since_edit": 1, "label": "1.0–3.0 yr", "color": "#a3d99f" }, "geometry": { "type": "Point", "coordinates": [ 8.6749992, 49.4032926 ] } },
{ "type": "Feature", "properties": { "index": "1403", "last_edit_year": 2025, "years_since_edit": 1, "label": "1.0–3.0 yr", "color": "#a3d99f" }, "geometry": { "type": "Point", "coordinates": [ 8.6747796, 49.4033984 ] } },
{ "type": "Feature", "properties": { "index": "1404", "last_edit_year": 2025, "years_since_edit": 1, "label": "1.0–3.0 yr", "color": "#a3d99f" }, "geometry": { "type": "Point", "coordinates": [ 8.6747741, 49.4033878 ] } },
{ "type": "Feature", "properties": { "index": "1405", "last_edit_year": 2025, "years_since_edit": 1, "label": "1.0–3.0 yr", "color": "#a3d99f" }, "geometry": { "type": "Point", "coordinates": [ 8.674537, 49.4037049 ] } },
{ "type": "Feature", "properties": { "index": "1406", "last_edit_year": 2025, "years_since_edit": 1, "label": "1.0–3.0 yr", "color": "#a3d99f" }, "geometry": { "type": "Point", "coordinates": [ 8.6745483, 49.4037176 ] } },
{ "type": "Feature", "properties": { "index": "1407", "last_edit_year": 2025, "years_since_edit": 1, "label": "1.0–3.0 yr", "color": "#a3d99f" }, "geometry": { "type": "Point", "coordinates": [ 8.6746486, 49.4036652 ] } },
{ "type": "Feature", "properties": { "index": "1408", "last_edit_year": 2025, "years_since_edit": 1, "label": "1.0–3.0 yr", "color": "#a3d99f" }, "geometry": { "type": "Point", "coordinates": [ 8.6746546, 49.4036728 ] } },
{ "type": "Feature", "properties": { "index": "1409", "last_edit_year": 2025, "years_since_edit": 1, "label": "1.0–3.0 yr", "color": "#a3d99f" }, "geometry": { "type": "Point", "coordinates": [ 8.6746982, 49.4038987 ] } },
{ "type": "Feature", "properties": { "index": "1410", "last_edit_year": 2025, "years_since_edit": 1, "label": "1.0–3.0 yr", "color": "#a3d99f" }, "geometry": { "type": "Point", "coordinates": [ 8.6747095, 49.4039114 ] } },
{ "type": "Feature", "properties": { "index": "1411", "last_edit_year": 2025, "years_since_edit": 1, "label": "1.0–3.0 yr", "color": "#a3d99f" }, "geometry": { "type": "Point", "coordinates": [ 8.6748253, 49.4038473 ] } },
{ "type": "Feature", "properties": { "index": "1412", "last_edit_year": 2025, "years_since_edit": 1, "label": "1.0–3.0 yr", "color": "#a3d99f" }, "geometry": { "type": "Point", "coordinates": [ 8.6748314, 49.4038549 ] } },
{ "type": "Feature", "properties": { "index": "1413", "last_edit_year": 2025, "years_since_edit": 1, "label": "1.0–3.0 yr", "color": "#a3d99f" }, "geometry": { "type": "Point", "coordinates": [ 8.6762841, 49.4036106 ] } },
{ "type": "Feature", "properties": { "index": "1414", "last_edit_year": 2025, "years_since_edit": 1, "label": "1.0–3.0 yr", "color": "#a3d99f" }, "geometry": { "type": "Point", "coordinates": [ 8.67487, 49.4040409 ] } },
{ "type": "Feature", "properties": { "index": "1415", "last_edit_year": 2025, "years_since_edit": 1, "label": "1.0–3.0 yr", "color": "#a3d99f" }, "geometry": { "type": "Point", "coordinates": [ 8.6748813, 49.4040536 ] } },
{ "type": "Feature", "properties": { "index": "1416", "last_edit_year": 2025, "years_since_edit": 1, "label": "1.0–3.0 yr", "color": "#a3d99f" }, "geometry": { "type": "Point", "coordinates": [ 8.6749972, 49.4039895 ] } },
{ "type": "Feature", "properties": { "index": "1417", "last_edit_year": 2025, "years_since_edit": 1, "label": "1.0–3.0 yr", "color": "#a3d99f" }, "geometry": { "type": "Point", "coordinates": [ 8.6750033, 49.4039971 ] } },
{ "type": "Feature", "properties": { "index": "1418", "last_edit_year": 2025, "years_since_edit": 1, "label": "1.0–3.0 yr", "color": "#a3d99f" }, "geometry": { "type": "Point", "coordinates": [ 8.6755412, 49.4037614 ] } },
{ "type": "Feature", "properties": { "index": "1419", "last_edit_year": 2025, "years_since_edit": 1, "label": "1.0–3.0 yr", "color": "#a3d99f" }, "geometry": { "type": "Point", "coordinates": [ 8.6755322, 49.4037532 ] } },
{ "type": "Feature", "properties": { "index": "1420", "last_edit_year": 2025, "years_since_edit": 1, "label": "1.0–3.0 yr", "color": "#a3d99f" }, "geometry": { "type": "Point", "coordinates": [ 8.675389, 49.4036068 ] } },
{ "type": "Feature", "properties": { "index": "1421", "last_edit_year": 2025, "years_since_edit": 1, "label": "1.0–3.0 yr", "color": "#a3d99f" }, "geometry": { "type": "Point", "coordinates": [ 8.6753937, 49.4036111 ] } },
{ "type": "Feature", "properties": { "index": "1422", "last_edit_year": 2025, "years_since_edit": 1, "label": "1.0–3.0 yr", "color": "#a3d99f" }, "geometry": { "type": "Point", "coordinates": [ 8.6761618, 49.4034784 ] } },
{ "type": "Feature", "properties": { "index": "1423", "last_edit_year": 2025, "years_since_edit": 1, "label": "1.0–3.0 yr", "color": "#a3d99f" }, "geometry": { "type": "Point", "coordinates": [ 8.6761714, 49.403487 ] } },
{ "type": "Feature", "properties": { "index": "1424", "last_edit_year": 2025, "years_since_edit": 1, "label": "1.0–3.0 yr", "color": "#a3d99f" }, "geometry": { "type": "Point", "coordinates": [ 8.6762661, 49.4034195 ] } },
{ "type": "Feature", "properties": { "index": "1425", "last_edit_year": 2025, "years_since_edit": 1, "label": "1.0–3.0 yr", "color": "#a3d99f" }, "geometry": { "type": "Point", "coordinates": [ 8.6765704, 49.4032831 ] } },
{ "type": "Feature", "properties": { "index": "1426", "last_edit_year": 2025, "years_since_edit": 1, "label": "1.0–3.0 yr", "color": "#a3d99f" }, "geometry": { "type": "Point", "coordinates": [ 8.6759953, 49.4033248 ] } },
{ "type": "Feature", "properties": { "index": "1427", "last_edit_year": 2025, "years_since_edit": 1, "label": "1.0–3.0 yr", "color": "#a3d99f" }, "geometry": { "type": "Point", "coordinates": [ 8.6760049, 49.4033334 ] } },
{ "type": "Feature", "properties": { "index": "1428", "last_edit_year": 2025, "years_since_edit": 1, "label": "1.0–3.0 yr", "color": "#a3d99f" }, "geometry": { "type": "Point", "coordinates": [ 8.6761169, 49.4032772 ] } },
{ "type": "Feature", "properties": { "index": "1429", "last_edit_year": 2025, "years_since_edit": 1, "label": "1.0–3.0 yr", "color": "#a3d99f" }, "geometry": { "type": "Point", "coordinates": [ 8.6764123, 49.4031396 ] } },
{ "type": "Feature", "properties": { "index": "1430", "last_edit_year": 2025, "years_since_edit": 1, "label": "1.0–3.0 yr", "color": "#a3d99f" }, "geometry": { "type": "Point", "coordinates": [ 8.6758051, 49.4029447 ] } },
{ "type": "Feature", "properties": { "index": "1431", "last_edit_year": 2025, "years_since_edit": 1, "label": "1.0–3.0 yr", "color": "#a3d99f" }, "geometry": { "type": "Point", "coordinates": [ 8.6762176, 49.4029579 ] } },
{ "type": "Feature", "properties": { "index": "1432", "last_edit_year": 2025, "years_since_edit": 1, "label": "1.0–3.0 yr", "color": "#a3d99f" }, "geometry": { "type": "Point", "coordinates": [ 8.675927, 49.4030905 ] } },
{ "type": "Feature", "properties": { "index": "1433", "last_edit_year": 2025, "years_since_edit": 1, "label": "1.0–3.0 yr", "color": "#a3d99f" }, "geometry": { "type": "Point", "coordinates": [ 8.6741859, 49.4036488 ] } },
{ "type": "Feature", "properties": { "index": "1434", "last_edit_year": 2025, "years_since_edit": 1, "label": "1.0–3.0 yr", "color": "#a3d99f" }, "geometry": { "type": "Point", "coordinates": [ 8.6741455, 49.4036679 ] } },
{ "type": "Feature", "properties": { "index": "1435", "last_edit_year": 2025, "years_since_edit": 1, "label": "1.0–3.0 yr", "color": "#a3d99f" }, "geometry": { "type": "Point", "coordinates": [ 8.6741496, 49.403675 ] } },
{ "type": "Feature", "properties": { "index": "1436", "last_edit_year": 2025, "years_since_edit": 1, "label": "1.0–3.0 yr", "color": "#a3d99f" }, "geometry": { "type": "Point", "coordinates": [ 8.6741937, 49.4036541 ] } },
{ "type": "Feature", "properties": { "index": "1437", "last_edit_year": 2025, "years_since_edit": 1, "label": "1.0–3.0 yr", "color": "#a3d99f" }, "geometry": { "type": "Point", "coordinates": [ 8.6659424, 49.4152102 ] } },
{ "type": "Feature", "properties": { "index": "1438", "last_edit_year": 2025, "years_since_edit": 1, "label": "1.0–3.0 yr", "color": "#a3d99f" }, "geometry": { "type": "Point", "coordinates": [ 8.6659403, 49.4151766 ] } },
{ "type": "Feature", "properties": { "index": "1439", "last_edit_year": 2025, "years_since_edit": 1, "label": "1.0–3.0 yr", "color": "#a3d99f" }, "geometry": { "type": "Point", "coordinates": [ 8.7025717, 49.4129228 ] } },
{ "type": "Feature", "properties": { "index": "1440", "last_edit_year": 2025, "years_since_edit": 1, "label": "1.0–3.0 yr", "color": "#a3d99f" }, "geometry": { "type": "Point", "coordinates": [ 8.6716519, 49.4092241 ] } },
{ "type": "Feature", "properties": { "index": "1441", "last_edit_year": 2025, "years_since_edit": 1, "label": "1.0–3.0 yr", "color": "#a3d99f" }, "geometry": { "type": "Point", "coordinates": [ 8.6716049, 49.4091874 ] } },
{ "type": "Feature", "properties": { "index": "1442", "last_edit_year": 2025, "years_since_edit": 1, "label": "1.0–3.0 yr", "color": "#a3d99f" }, "geometry": { "type": "Point", "coordinates": [ 8.6723488, 49.4140081 ] } },
{ "type": "Feature", "properties": { "index": "1443", "last_edit_year": 2025, "years_since_edit": 1, "label": "1.0–3.0 yr", "color": "#a3d99f" }, "geometry": { "type": "Point", "coordinates": [ 8.6723426, 49.4140466 ] } },
{ "type": "Feature", "properties": { "index": "1444", "last_edit_year": 2025, "years_since_edit": 1, "label": "1.0–3.0 yr", "color": "#a3d99f" }, "geometry": { "type": "Point", "coordinates": [ 8.6723435, 49.4141078 ] } },
{ "type": "Feature", "properties": { "index": "1445", "last_edit_year": 2025, "years_since_edit": 1, "label": "1.0–3.0 yr", "color": "#a3d99f" }, "geometry": { "type": "Point", "coordinates": [ 8.6723458, 49.4141366 ] } },
{ "type": "Feature", "properties": { "index": "1446", "last_edit_year": 2025, "years_since_edit": 1, "label": "1.0–3.0 yr", "color": "#a3d99f" }, "geometry": { "type": "Point", "coordinates": [ 8.6723477, 49.413978 ] } },
{ "type": "Feature", "properties": { "index": "1447", "last_edit_year": 2025, "years_since_edit": 1, "label": "1.0–3.0 yr", "color": "#a3d99f" }, "geometry": { "type": "Point", "coordinates": [ 8.6723527, 49.4139497 ] } },
{ "type": "Feature", "properties": { "index": "1448", "last_edit_year": 2025, "years_since_edit": 1, "label": "1.0–3.0 yr", "color": "#a3d99f" }, "geometry": { "type": "Point", "coordinates": [ 8.672344, 49.4141569 ] } },
{ "type": "Feature", "properties": { "index": "1449", "last_edit_year": 2025, "years_since_edit": 1, "label": "1.0–3.0 yr", "color": "#a3d99f" }, "geometry": { "type": "Point", "coordinates": [ 8.6723434, 49.4140737 ] } },
{ "type": "Feature", "properties": { "index": "1450", "last_edit_year": 2026, "years_since_edit": 0, "label": "0.0–1.0 yr", "color": "#edf8e9" }, "geometry": { "type": "Point", "coordinates": [ 8.6766198, 49.4086189 ] } },
{ "type": "Feature", "properties": { "index": "1451", "last_edit_year": 2026, "years_since_edit": 0, "label": "0.0–1.0 yr", "color": "#edf8e9" }, "geometry": { "type": "Point", "coordinates": [ 8.6766329, 49.4084794 ] } },
{ "type": "Feature", "properties": { "index": "1452", "last_edit_year": 2026, "years_since_edit": 0, "label": "0.0–1.0 yr", "color": "#edf8e9" }, "geometry": { "type": "Point", "coordinates": [ 8.6766358, 49.4086442 ] } },
{ "type": "Feature", "properties": { "index": "1453", "last_edit_year": 2026, "years_since_edit": 0, "label": "0.0–1.0 yr", "color": "#edf8e9" }, "geometry": { "type": "Point", "coordinates": [ 8.6914798, 49.4081677 ] } },
{ "type": "Feature", "properties": { "index": "1454", "last_edit_year": 2026, "years_since_edit": 0, "label": "0.0–1.0 yr", "color": "#edf8e9" }, "geometry": { "type": "Point", "coordinates": [ 8.7009714, 49.4122825 ] } },
{ "type": "Feature", "properties": { "index": "1455", "last_edit_year": 2026, "years_since_edit": 0, "label": "0.0–1.0 yr", "color": "#edf8e9" }, "geometry": { "type": "Point", "coordinates": [ 8.7008802, 49.412395 ] } },
{ "type": "Feature", "properties": { "index": "1456", "last_edit_year": 2026, "years_since_edit": 0, "label": "0.0–1.0 yr", "color": "#edf8e9" }, "geometry": { "type": "Point", "coordinates": [ 8.7008916, 49.4125176 ] } },
{ "type": "Feature", "properties": { "index": "1457", "last_edit_year": 2026, "years_since_edit": 0, "label": "0.0–1.0 yr", "color": "#edf8e9" }, "geometry": { "type": "Point", "coordinates": [ 8.6723515, 49.4026718 ] } },
{ "type": "Feature", "properties": { "index": "1458", "last_edit_year": 2026, "years_since_edit": 0, "label": "0.0–1.0 yr", "color": "#edf8e9" }, "geometry": { "type": "Point", "coordinates": [ 8.6723582, 49.4026535 ] } },
{ "type": "Feature", "properties": { "index": "1459", "last_edit_year": 2026, "years_since_edit": 0, "label": "0.0–1.0 yr", "color": "#edf8e9" }, "geometry": { "type": "Point", "coordinates": [ 8.6723797, 49.4026273 ] } },
{ "type": "Feature", "properties": { "index": "1460", "last_edit_year": 2026, "years_since_edit": 0, "label": "0.0–1.0 yr", "color": "#edf8e9" }, "geometry": { "type": "Point", "coordinates": [ 8.6723998, 49.4026134 ] } },
{ "type": "Feature", "properties": { "index": "1461", "last_edit_year": 2026, "years_since_edit": 0, "label": "0.0–1.0 yr", "color": "#edf8e9" }, "geometry": { "type": "Point", "coordinates": [ 8.67231, 49.4026072 ] } },
{ "type": "Feature", "properties": { "index": "1462", "last_edit_year": 2026, "years_since_edit": 0, "label": "0.0–1.0 yr", "color": "#edf8e9" }, "geometry": { "type": "Point", "coordinates": [ 8.6722845, 49.4026112 ] } },
{ "type": "Feature", "properties": { "index": "1463", "last_edit_year": 2026, "years_since_edit": 0, "label": "0.0–1.0 yr", "color": "#edf8e9" }, "geometry": { "type": "Point", "coordinates": [ 8.672259, 49.4026151 ] } },
{ "type": "Feature", "properties": { "index": "1464", "last_edit_year": 2026, "years_since_edit": 0, "label": "0.0–1.0 yr", "color": "#edf8e9" }, "geometry": { "type": "Point", "coordinates": [ 8.6677367, 49.4065218 ] } },
{ "type": "Feature", "properties": { "index": "1465", "last_edit_year": 2026, "years_since_edit": 0, "label": "0.0–1.0 yr", "color": "#edf8e9" }, "geometry": { "type": "Point", "coordinates": [ 8.6940767, 49.4132999 ] } },
{ "type": "Feature", "properties": { "index": "1466", "last_edit_year": 2026, "years_since_edit": 0, "label": "0.0–1.0 yr", "color": "#edf8e9" }, "geometry": { "type": "Point", "coordinates": [ 8.6941207, 49.4133011 ] } },
{ "type": "Feature", "properties": { "index": "1467", "last_edit_year": 2026, "years_since_edit": 0, "label": "0.0–1.0 yr", "color": "#edf8e9" }, "geometry": { "type": "Point", "coordinates": [ 8.6941647, 49.4133023 ] } },
{ "type": "Feature", "properties": { "index": "1468", "last_edit_year": 2026, "years_since_edit": 0, "label": "0.0–1.0 yr", "color": "#edf8e9" }, "geometry": { "type": "Point", "coordinates": [ 8.6841949, 49.4073629 ] } },
{ "type": "Feature", "properties": { "index": "1469", "last_edit_year": 2026, "years_since_edit": 0, "label": "0.0–1.0 yr", "color": "#edf8e9" }, "geometry": { "type": "Point", "coordinates": [ 8.6840935, 49.4073609 ] } },
{ "type": "Feature", "properties": { "index": "1470", "last_edit_year": 2026, "years_since_edit": 0, "label": "0.0–1.0 yr", "color": "#edf8e9" }, "geometry": { "type": "Point", "coordinates": [ 8.6648502, 49.402891 ] } },
{ "type": "Feature", "properties": { "index": "1471", "last_edit_year": 2026, "years_since_edit": 0, "label": "0.0–1.0 yr", "color": "#edf8e9" }, "geometry": { "type": "Point", "coordinates": [ 8.6631884, 49.4036814 ] } },
{ "type": "Feature", "properties": { "index": "1472", "last_edit_year": 2026, "years_since_edit": 0, "label": "0.0–1.0 yr", "color": "#edf8e9" }, "geometry": { "type": "Point", "coordinates": [ 8.6648283, 49.4029015 ] } },
{ "type": "Feature", "properties": { "index": "1473", "last_edit_year": 2026, "years_since_edit": 0, "label": "0.0–1.0 yr", "color": "#edf8e9" }, "geometry": { "type": "Point", "coordinates": [ 8.663404, 49.4035776 ] } },
{ "type": "Feature", "properties": { "index": "1474", "last_edit_year": 2026, "years_since_edit": 0, "label": "0.0–1.0 yr", "color": "#edf8e9" }, "geometry": { "type": "Point", "coordinates": [ 8.6619009, 49.4042216 ] } },
{ "type": "Feature", "properties": { "index": "1475", "last_edit_year": 2026, "years_since_edit": 0, "label": "0.0–1.0 yr", "color": "#edf8e9" }, "geometry": { "type": "Point", "coordinates": [ 8.6643414, 49.4031326 ] } },
{ "type": "Feature", "properties": { "index": "1476", "last_edit_year": 2026, "years_since_edit": 0, "label": "0.0–1.0 yr", "color": "#edf8e9" }, "geometry": { "type": "Point", "coordinates": [ 8.6638275, 49.403378 ] } },
{ "type": "Feature", "properties": { "index": "1477", "last_edit_year": 2026, "years_since_edit": 0, "label": "0.0–1.0 yr", "color": "#edf8e9" }, "geometry": { "type": "Point", "coordinates": [ 8.6648942, 49.40287 ] } },
{ "type": "Feature", "properties": { "index": "1478", "last_edit_year": 2026, "years_since_edit": 0, "label": "0.0–1.0 yr", "color": "#edf8e9" }, "geometry": { "type": "Point", "coordinates": [ 8.6631726, 49.403689 ] } },
{ "type": "Feature", "properties": { "index": "1479", "last_edit_year": 2026, "years_since_edit": 0, "label": "0.0–1.0 yr", "color": "#edf8e9" }, "geometry": { "type": "Point", "coordinates": [ 8.663883, 49.4033515 ] } },
{ "type": "Feature", "properties": { "index": "1480", "last_edit_year": 2026, "years_since_edit": 0, "label": "0.0–1.0 yr", "color": "#edf8e9" }, "geometry": { "type": "Point", "coordinates": [ 8.6630211, 49.4028613 ] } },
{ "type": "Feature", "properties": { "index": "1481", "last_edit_year": 2026, "years_since_edit": 0, "label": "0.0–1.0 yr", "color": "#edf8e9" }, "geometry": { "type": "Point", "coordinates": [ 8.6632154, 49.4030396 ] } },
{ "type": "Feature", "properties": { "index": "1482", "last_edit_year": 2026, "years_since_edit": 0, "label": "0.0–1.0 yr", "color": "#edf8e9" }, "geometry": { "type": "Point", "coordinates": [ 8.6638466, 49.4033688 ] } },
{ "type": "Feature", "properties": { "index": "1483", "last_edit_year": 2026, "years_since_edit": 0, "label": "0.0–1.0 yr", "color": "#edf8e9" }, "geometry": { "type": "Point", "coordinates": [ 8.6633844, 49.4035868 ] } },
{ "type": "Feature", "properties": { "index": "1484", "last_edit_year": 2026, "years_since_edit": 0, "label": "0.0–1.0 yr", "color": "#edf8e9" }, "geometry": { "type": "Point", "coordinates": [ 8.6643228, 49.4031414 ] } },
{ "type": "Feature", "properties": { "index": "1485", "last_edit_year": 2026, "years_since_edit": 0, "label": "0.0–1.0 yr", "color": "#edf8e9" }, "geometry": { "type": "Point", "coordinates": [ 8.6638644, 49.4033604 ] } },
{ "type": "Feature", "properties": { "index": "1486", "last_edit_year": 2026, "years_since_edit": 0, "label": "0.0–1.0 yr", "color": "#edf8e9" }, "geometry": { "type": "Point", "coordinates": [ 8.664871, 49.4028811 ] } },
{ "type": "Feature", "properties": { "index": "1487", "last_edit_year": 2026, "years_since_edit": 0, "label": "0.0–1.0 yr", "color": "#edf8e9" }, "geometry": { "type": "Point", "coordinates": [ 8.6643594, 49.403124 ] } },
{ "type": "Feature", "properties": { "index": "1488", "last_edit_year": 2026, "years_since_edit": 0, "label": "0.0–1.0 yr", "color": "#edf8e9" }, "geometry": { "type": "Point", "coordinates": [ 8.6631534, 49.4036981 ] } },
{ "type": "Feature", "properties": { "index": "1489", "last_edit_year": 2026, "years_since_edit": 0, "label": "0.0–1.0 yr", "color": "#edf8e9" }, "geometry": { "type": "Point", "coordinates": [ 8.6643006, 49.403152 ] } },
{ "type": "Feature", "properties": { "index": "1490", "last_edit_year": 2026, "years_since_edit": 0, "label": "0.0–1.0 yr", "color": "#edf8e9" }, "geometry": { "type": "Point", "coordinates": [ 8.6631319, 49.4037084 ] } },
{ "type": "Feature", "properties": { "index": "1491", "last_edit_year": 2026, "years_since_edit": 0, "label": "0.0–1.0 yr", "color": "#edf8e9" }, "geometry": { "type": "Point", "coordinates": [ 8.6634222, 49.4035691 ] } },
{ "type": "Feature", "properties": { "index": "1492", "last_edit_year": 2026, "years_since_edit": 0, "label": "0.0–1.0 yr", "color": "#edf8e9" }, "geometry": { "type": "Point", "coordinates": [ 8.6633643, 49.4035962 ] } },
{ "type": "Feature", "properties": { "index": "1493", "last_edit_year": 2026, "years_since_edit": 0, "label": "0.0–1.0 yr", "color": "#edf8e9" }, "geometry": { "type": "Point", "coordinates": [ 8.6617721, 49.4029628 ] } },
{ "type": "Feature", "properties": { "index": "1494", "last_edit_year": 2026, "years_since_edit": 0, "label": "0.0–1.0 yr", "color": "#edf8e9" }, "geometry": { "type": "Point", "coordinates": [ 8.6618339, 49.4029292 ] } },
{ "type": "Feature", "properties": { "index": "1495", "last_edit_year": 2026, "years_since_edit": 0, "label": "0.0–1.0 yr", "color": "#edf8e9" }, "geometry": { "type": "Point", "coordinates": [ 8.661751, 49.4029739 ] } },
{ "type": "Feature", "properties": { "index": "1496", "last_edit_year": 2026, "years_since_edit": 0, "label": "0.0–1.0 yr", "color": "#edf8e9" }, "geometry": { "type": "Point", "coordinates": [ 8.6617014, 49.4030039 ] } },
{ "type": "Feature", "properties": { "index": "1497", "last_edit_year": 2026, "years_since_edit": 0, "label": "0.0–1.0 yr", "color": "#edf8e9" }, "geometry": { "type": "Point", "coordinates": [ 8.6617265, 49.4030448 ] } },
{ "type": "Feature", "properties": { "index": "1498", "last_edit_year": 2026, "years_since_edit": 0, "label": "0.0–1.0 yr", "color": "#edf8e9" }, "geometry": { "type": "Point", "coordinates": [ 8.6676028, 49.4074821 ] } },
{ "type": "Feature", "properties": { "index": "1499", "last_edit_year": 2026, "years_since_edit": 0, "label": "0.0–1.0 yr", "color": "#edf8e9" }, "geometry": { "type": "Point", "coordinates": [ 8.6773186, 49.4061763 ] } },
{ "type": "Feature", "properties": { "index": "1500", "last_edit_year": 2026, "years_since_edit": 0, "label": "0.0–1.0 yr", "color": "#edf8e9" }, "geometry": { "type": "Point", "coordinates": [ 8.672303, 49.4167804 ] } },
{ "type": "Feature", "properties": { "index": "1501", "last_edit_year": 2026, "years_since_edit": 0, "label": "0.0–1.0 yr", "color": "#edf8e9" }, "geometry": { "type": "Point", "coordinates": [ 8.6721675, 49.4167772 ] } },
{ "type": "Feature", "properties": { "index": "1502", "last_edit_year": 2026, "years_since_edit": 0, "label": "0.0–1.0 yr", "color": "#edf8e9" }, "geometry": { "type": "Point", "coordinates": [ 8.672191, 49.4167749 ] } },
{ "type": "Feature", "properties": { "index": "1503", "last_edit_year": 2026, "years_since_edit": 0, "label": "0.0–1.0 yr", "color": "#edf8e9" }, "geometry": { "type": "Point", "coordinates": [ 8.6721011, 49.4167811 ] } },
{ "type": "Feature", "properties": { "index": "1504", "last_edit_year": 2026, "years_since_edit": 0, "label": "0.0–1.0 yr", "color": "#edf8e9" }, "geometry": { "type": "Point", "coordinates": [ 8.6944592, 49.4099801 ] } },
{ "type": "Feature", "properties": { "index": "1505", "last_edit_year": 2026, "years_since_edit": 0, "label": "0.0–1.0 yr", "color": "#edf8e9" }, "geometry": { "type": "Point", "coordinates": [ 8.6801267, 49.4201715 ] } },
{ "type": "Feature", "properties": { "index": "1506", "last_edit_year": 2026, "years_since_edit": 0, "label": "0.0–1.0 yr", "color": "#edf8e9" }, "geometry": { "type": "Point", "coordinates": [ 8.6801731, 49.4201523 ] } }
]
}
