{
"type": "FeatureCollection",
"features": [
{ "type": "Feature", "properties": { "index": "0", "label": "Within 300 m on foot", "color": "#2b8cbe" }, "geometry": { "type": "MultiPolygon", "coordinates": [ [ [ [ 39.2275751, -6.8496309 ], [ 39.2277725, -6.8494519 ], [ 39.2279513, -6.8492545 ], [ 39.22811, -6.8490405 ], [ 39.2282468, -6.848812 ], [ 39.2283607, -6.8485712 ], [ 39.2284503, -6.8483204 ], [ 39.2285149, -6.8480621 ], [ 39.2285539, -6.8477986 ], [ 39.2285668, -6.8475326 ], [ 39.2285536, -6.8472666 ], [ 39.2285144, -6.8470032 ], [ 39.2284496, -6.8467449 ], [ 39.2283597, -6.8464942 ], [ 39.2282456, -6.8462535 ], [ 39.2281085, -6.8460251 ], [ 39.2279497, -6.8458113 ], [ 39.2277707, -6.8456141 ], [ 39.2275731, -6.8454353 ], [ 39.227359, -6.8452768 ], [ 39.2271304, -6.84514 ], [ 39.2268895, -6.8450262 ], [ 39.2267111, -6.8449625 ], [ 39.2267865, -6.8448028 ], [ 39.2268762, -6.8445521 ], [ 39.2269408, -6.8442937 ], [ 39.2269798, -6.8440302 ], [ 39.2269927, -6.8437642 ], [ 39.2269795, -6.8434982 ], [ 39.2269403, -6.8432348 ], [ 39.2268754, -6.8429765 ], [ 39.2267855, -6.8427258 ], [ 39.2266715, -6.8424851 ], [ 39.2265344, -6.8422567 ], [ 39.2263756, -6.8420429 ], [ 39.2261965, -6.8418457 ], [ 39.225999, -6.8416669 ], [ 39.2257849, -6.8415084 ], [ 39.2255563, -6.8413716 ], [ 39.2253154, -6.8412578 ], [ 39.2250645, -6.8411682 ], [ 39.224806, -6.8411036 ], [ 39.2245424, -6.8410647 ], [ 39.2242762, -6.8410517 ], [ 39.2240101, -6.8410649 ], [ 39.2237465, -6.8411041 ], [ 39.2234881, -6.8411689 ], [ 39.2232373, -6.8412588 ], [ 39.2229964, -6.8413727 ], [ 39.222768, -6.8415098 ], [ 39.222554, -6.8416685 ], [ 39.2223567, -6.8418475 ], [ 39.2221778, -6.8420449 ], [ 39.2220192, -6.8422588 ], [ 39.2218823, -6.8424873 ], [ 39.2217685, -6.8427281 ], [ 39.2216788, -6.8429789 ], [ 39.2216142, -6.8432373 ], [ 39.2215752, -6.8435008 ], [ 39.2215623, -6.8437668 ], [ 39.2215755, -6.8440327 ], [ 39.2216147, -6.8442962 ], [ 39.2216796, -6.8445545 ], [ 39.2217694, -6.8448052 ], [ 39.2218835, -6.8450459 ], [ 39.2220206, -6.8452742 ], [ 39.2221794, -6.8454881 ], [ 39.2223584, -6.8456853 ], [ 39.222556, -6.8458641 ], [ 39.22277, -6.8460226 ], [ 39.2229987, -6.8461594 ], [ 39.2232396, -6.8462732 ], [ 39.223418, -6.8463369 ], [ 39.2233426, -6.8464966 ], [ 39.2232529, -6.8467473 ], [ 39.2231883, -6.8470057 ], [ 39.2231493, -6.8472692 ], [ 39.2231364, -6.8475352 ], [ 39.2231496, -6.8478012 ], [ 39.2231888, -6.8480646 ], [ 39.2232536, -6.8483229 ], [ 39.2233435, -6.8485736 ], [ 39.2234576, -6.8488143 ], [ 39.2235947, -6.8490427 ], [ 39.2237535, -6.8492565 ], [ 39.2239325, -6.8494537 ], [ 39.22413, -6.8496325 ], [ 39.2243441, -6.849791 ], [ 39.2245728, -6.8499278 ], [ 39.2247264, -6.8500004 ], [ 39.2269766, -6.8500005 ], [ 39.2271327, -6.8499266 ], [ 39.2273612, -6.8497896 ], [ 39.2275751, -6.8496309 ] ] ], [ [ [ 39.2306465, -6.8450882 ], [ 39.230844, -6.8452669 ], [ 39.2310581, -6.8454255 ], [ 39.2312867, -6.8455623 ], [ 39.2315276, -6.845676 ], [ 39.2317786, -6.8457656 ], [ 39.2320371, -6.8458302 ], [ 39.2323007, -6.8458691 ], [ 39.2325668, -6.8458821 ], [ 39.2328201, -6.8458695 ], [ 39.2328214, -6.8458696 ], [ 39.2330875, -6.8458564 ], [ 39.2333511, -6.8458172 ], [ 39.2336095, -6.8457523 ], [ 39.2338604, -6.8456625 ], [ 39.2341012, -6.8455485 ], [ 39.2343297, -6.8454115 ], [ 39.2345436, -6.8452527 ], [ 39.234741, -6.8450738 ], [ 39.2349198, -6.8448764 ], [ 39.2350785, -6.8446624 ], [ 39.2352153, -6.8444339 ], [ 39.2353291, -6.8441931 ], [ 39.2354188, -6.8439423 ], [ 39.2354834, -6.8436839 ], [ 39.2355224, -6.8434205 ], [ 39.2355353, -6.8431545 ], [ 39.2355221, -6.8428885 ], [ 39.2354829, -6.8426251 ], [ 39.235418, -6.8423668 ], [ 39.2353281, -6.8421161 ], [ 39.2352141, -6.8418754 ], [ 39.235077, -6.841647 ], [ 39.2349181, -6.8414332 ], [ 39.2347391, -6.8412359 ], [ 39.2345416, -6.8410572 ], [ 39.2343275, -6.8408986 ], [ 39.2340989, -6.8407618 ], [ 39.2338579, -6.8406481 ], [ 39.233607, -6.8405585 ], [ 39.2333485, -6.8404939 ], [ 39.2330849, -6.840455 ], [ 39.2328188, -6.840442 ], [ 39.2325655, -6.8404546 ], [ 39.2325642, -6.8404545 ], [ 39.2322981, -6.8404677 ], [ 39.2320345, -6.8405069 ], [ 39.2317761, -6.8405718 ], [ 39.2315252, -6.8406616 ], [ 39.2312844, -6.8407756 ], [ 39.2310559, -6.8409126 ], [ 39.230842, -6.8410713 ], [ 39.2306446, -6.8412503 ], [ 39.2304658, -6.8414477 ], [ 39.2303072, -6.8416617 ], [ 39.2301703, -6.8418902 ], [ 39.2300565, -6.842131 ], [ 39.2299668, -6.8423818 ], [ 39.2299022, -6.8426401 ], [ 39.2298632, -6.8429036 ], [ 39.2298503, -6.8431696 ], [ 39.2298635, -6.8434356 ], [ 39.2299027, -6.843699 ], [ 39.2299676, -6.8439573 ], [ 39.2300575, -6.844208 ], [ 39.2301715, -6.8444487 ], [ 39.2303086, -6.8446771 ], [ 39.2304674, -6.8448909 ], [ 39.2306465, -6.8450882 ] ] ], [ [ [ 39.2400601, -6.8447722 ], [ 39.2402574, -6.8445933 ], [ 39.2404362, -6.8443959 ], [ 39.2405949, -6.8441819 ], [ 39.2407317, -6.8439534 ], [ 39.2408455, -6.8437126 ], [ 39.2409352, -6.8434618 ], [ 39.2409998, -6.8432034 ], [ 39.2410388, -6.84294 ], [ 39.2410517, -6.8426739 ], [ 39.2410385, -6.842408 ], [ 39.2409993, -6.8421445 ], [ 39.240938, -6.8419005 ], [ 39.2411621, -6.8418672 ], [ 39.2414206, -6.8418023 ], [ 39.2416714, -6.8417125 ], [ 39.2419122, -6.8415985 ], [ 39.2421407, -6.8414615 ], [ 39.2423547, -6.8413027 ], [ 39.242552, -6.8411238 ], [ 39.2427308, -6.8409264 ], [ 39.2428895, -6.8407124 ], [ 39.2430263, -6.8404839 ], [ 39.2431401, -6.8402431 ], [ 39.2432298, -6.8399923 ], [ 39.2432944, -6.8397339 ], [ 39.2433334, -6.8394704 ], [ 39.2433463, -6.8392044 ], [ 39.2433331, -6.8389384 ], [ 39.2432939, -6.838675 ], [ 39.243229, -6.8384167 ], [ 39.2431391, -6.838166 ], [ 39.243025, -6.8379253 ], [ 39.2428879, -6.837697 ], [ 39.2427291, -6.8374831 ], [ 39.2425501, -6.8372859 ], [ 39.2423525, -6.8371072 ], [ 39.2421384, -6.8369486 ], [ 39.2419098, -6.8368118 ], [ 39.2416689, -6.8366981 ], [ 39.241418, -6.8366085 ], [ 39.2411595, -6.8365439 ], [ 39.2408959, -6.836505 ], [ 39.2406297, -6.836492 ], [ 39.2403636, -6.8365052 ], [ 39.2401001, -6.8365444 ], [ 39.2398416, -6.8366093 ], [ 39.2395908, -6.8366991 ], [ 39.23935, -6.8368131 ], [ 39.2391215, -6.8369501 ], [ 39.2389076, -6.8371089 ], [ 39.2387102, -6.8372878 ], [ 39.2385314, -6.8374852 ], [ 39.2383728, -6.8376992 ], [ 39.2382359, -6.8379277 ], [ 39.2381221, -6.8381685 ], [ 39.2380324, -6.8384193 ], [ 39.2379678, -6.8386777 ], [ 39.2379288, -6.8389411 ], [ 39.2379159, -6.8392071 ], [ 39.2379291, -6.8394731 ], [ 39.2379683, -6.8397366 ], [ 39.2380296, -6.8399806 ], [ 39.2378055, -6.8400139 ], [ 39.237547, -6.8400788 ], [ 39.2372962, -6.8401686 ], [ 39.2370554, -6.8402826 ], [ 39.2368269, -6.8404196 ], [ 39.236613, -6.8405784 ], [ 39.2364156, -6.8407573 ], [ 39.2362368, -6.8409547 ], [ 39.2360781, -6.8411687 ], [ 39.2359413, -6.8413972 ], [ 39.2358275, -6.841638 ], [ 39.2357378, -6.8418888 ], [ 39.2356732, -6.8421472 ], [ 39.2356342, -6.8424106 ], [ 39.2356213, -6.8426766 ], [ 39.2356345, -6.8429426 ], [ 39.2356737, -6.843206 ], [ 39.2357386, -6.8434643 ], [ 39.2358285, -6.8437151 ], [ 39.2359425, -6.8439557 ], [ 39.2360796, -6.8441841 ], [ 39.2362385, -6.8443979 ], [ 39.2364175, -6.8445952 ], [ 39.236615, -6.8447739 ], [ 39.2368291, -6.8449325 ], [ 39.2370577, -6.8450693 ], [ 39.2372987, -6.845183 ], [ 39.2375496, -6.8452726 ], [ 39.2378081, -6.8453372 ], [ 39.2380717, -6.8453761 ], [ 39.2383378, -6.8453891 ], [ 39.238604, -6.8453759 ], [ 39.2388675, -6.8453367 ], [ 39.239126, -6.8452718 ], [ 39.2393768, -6.845182 ], [ 39.2396176, -6.845068 ], [ 39.2398461, -6.844931 ], [ 39.2400601, -6.8447722 ] ] ], [ [ [ 39.2233716, -6.8403846 ], [ 39.2235689, -6.8402056 ], [ 39.2237478, -6.8400082 ], [ 39.2239064, -6.8397943 ], [ 39.2240433, -6.8395658 ], [ 39.2241571, -6.839325 ], [ 39.2242467, -6.8390742 ], [ 39.2243114, -6.8388158 ], [ 39.2243503, -6.8385523 ], [ 39.2243633, -6.8382863 ], [ 39.2243501, -6.8380204 ], [ 39.2243109, -6.8377569 ], [ 39.224246, -6.8374986 ], [ 39.2241561, -6.8372479 ], [ 39.2240421, -6.8370072 ], [ 39.223905, -6.8367789 ], [ 39.2237462, -6.836565 ], [ 39.2235671, -6.8363678 ], [ 39.2233696, -6.836189 ], [ 39.2231555, -6.8360305 ], [ 39.2229269, -6.8358937 ], [ 39.222686, -6.8357799 ], [ 39.2224351, -6.8356903 ], [ 39.2221766, -6.8356257 ], [ 39.221913, -6.8355868 ], [ 39.2216468, -6.8355738 ], [ 39.2213807, -6.835587 ], [ 39.2211172, -6.8356262 ], [ 39.2208587, -6.835691 ], [ 39.2206079, -6.8357809 ], [ 39.2203671, -6.8358948 ], [ 39.2201386, -6.8360319 ], [ 39.22, -6.8361347 ], [ 39.22, -6.8404405 ], [ 39.2201407, -6.8405447 ], [ 39.2203693, -6.8406815 ], [ 39.2206102, -6.8407953 ], [ 39.2208611, -6.8408849 ], [ 39.2211196, -6.8409495 ], [ 39.2213832, -6.8409884 ], [ 39.2216494, -6.8410014 ], [ 39.2219155, -6.8409882 ], [ 39.222179, -6.840949 ], [ 39.2224375, -6.8408842 ], [ 39.2226883, -6.8407943 ], [ 39.2229291, -6.8406804 ], [ 39.2231576, -6.8405433 ], [ 39.2233716, -6.8403846 ] ] ], [ [ [ 39.2257643, -6.837173 ], [ 39.2260152, -6.8372626 ], [ 39.2262737, -6.8373272 ], [ 39.2265373, -6.8373661 ], [ 39.2268035, -6.8373791 ], [ 39.2270696, -6.8373659 ], [ 39.2273332, -6.8373267 ], [ 39.2275916, -6.8372619 ], [ 39.2278424, -6.837172 ], [ 39.2280833, -6.837058 ], [ 39.2280841, -6.8370576 ], [ 39.2281059, -6.8370472 ], [ 39.2283343, -6.8369102 ], [ 39.2285483, -6.8367515 ], [ 39.2287456, -6.8365725 ], [ 39.2289245, -6.8363751 ], [ 39.2290831, -6.8361611 ], [ 39.22922, -6.8359326 ], [ 39.2293338, -6.8356918 ], [ 39.2294234, -6.835441 ], [ 39.2294881, -6.8351827 ], [ 39.229527, -6.8349192 ], [ 39.22954, -6.8346532 ], [ 39.2295268, -6.8343872 ], [ 39.2294875, -6.8341238 ], [ 39.2294227, -6.8338655 ], [ 39.2293328, -6.8336148 ], [ 39.2292188, -6.8333741 ], [ 39.2290817, -6.8331457 ], [ 39.229075, -6.8331368 ], [ 39.2291903, -6.8329813 ], [ 39.2293272, -6.8327528 ], [ 39.229441, -6.832512 ], [ 39.2295306, -6.8322612 ], [ 39.2295952, -6.8320029 ], [ 39.2296342, -6.8317394 ], [ 39.2296472, -6.8314734 ], [ 39.229634, -6.8312074 ], [ 39.2295947, -6.830944 ], [ 39.2295299, -6.8306857 ], [ 39.22944, -6.830435 ], [ 39.2293259, -6.8301943 ], [ 39.2291888, -6.8299659 ], [ 39.22903, -6.8297521 ], [ 39.228851, -6.8295549 ], [ 39.2286535, -6.8293761 ], [ 39.2284394, -6.8292176 ], [ 39.2282108, -6.8290807 ], [ 39.2279699, -6.828967 ], [ 39.2277189, -6.8288774 ], [ 39.2274604, -6.8288128 ], [ 39.2271969, -6.8287739 ], [ 39.2269307, -6.8287609 ], [ 39.2266646, -6.8287741 ], [ 39.226401, -6.8288133 ], [ 39.2261426, -6.8288781 ], [ 39.2260265, -6.8289197 ], [ 39.2258572, -6.8287333 ], [ 39.2257903, -6.8286727 ], [ 39.2257891, -6.8286706 ], [ 39.2256302, -6.8284568 ], [ 39.2254512, -6.8282596 ], [ 39.2252537, -6.8280808 ], [ 39.2250396, -6.8279223 ], [ 39.224811, -6.8277855 ], [ 39.2245701, -6.8276717 ], [ 39.2243192, -6.8275821 ], [ 39.2240607, -6.8275175 ], [ 39.2237971, -6.8274786 ], [ 39.2235309, -6.8274656 ], [ 39.2232648, -6.8274788 ], [ 39.2230013, -6.827518 ], [ 39.2227428, -6.8275828 ], [ 39.222492, -6.8276727 ], [ 39.2222512, -6.8277866 ], [ 39.2220227, -6.8279237 ], [ 39.2218088, -6.8280824 ], [ 39.2216114, -6.8282613 ], [ 39.2214326, -6.8284588 ], [ 39.2212739, -6.8286727 ], [ 39.2211371, -6.8289012 ], [ 39.2210233, -6.829142 ], [ 39.2209336, -6.8293928 ], [ 39.220869, -6.8296512 ], [ 39.22083, -6.8299146 ], [ 39.2208171, -6.8301807 ], [ 39.2208303, -6.8304466 ], [ 39.2208695, -6.8307101 ], [ 39.2209343, -6.8309684 ], [ 39.2210242, -6.8312191 ], [ 39.2211382, -6.8314598 ], [ 39.2212753, -6.8316881 ], [ 39.2214342, -6.831902 ], [ 39.2216132, -6.8320992 ], [ 39.2216801, -6.8321598 ], [ 39.2216813, -6.8321618 ], [ 39.2218402, -6.8323757 ], [ 39.2220192, -6.8325729 ], [ 39.2222167, -6.8327517 ], [ 39.2224308, -6.8329102 ], [ 39.2226594, -6.833047 ], [ 39.2229003, -6.8331608 ], [ 39.2231512, -6.8332504 ], [ 39.2234097, -6.833315 ], [ 39.2236733, -6.8333539 ], [ 39.2239395, -6.8333669 ], [ 39.2242056, -6.8333537 ], [ 39.2244487, -6.8333175 ], [ 39.224407, -6.8333872 ], [ 39.2242932, -6.833628 ], [ 39.2242036, -6.8338787 ], [ 39.224139, -6.8341371 ], [ 39.2241, -6.8344006 ], [ 39.224087, -6.8346666 ], [ 39.2241002, -6.8349326 ], [ 39.2241394, -6.835196 ], [ 39.2242043, -6.8354543 ], [ 39.2242942, -6.835705 ], [ 39.2244082, -6.8359457 ], [ 39.2245453, -6.8361741 ], [ 39.2247041, -6.8363879 ], [ 39.2248832, -6.8365851 ], [ 39.2250807, -6.8367639 ], [ 39.2252948, -6.8369224 ], [ 39.2255234, -6.8370592 ], [ 39.2257643, -6.837173 ] ] ], [ [ [ 39.2414097, -6.8226392 ], [ 39.241607, -6.8224603 ], [ 39.2417859, -6.8222629 ], [ 39.2419445, -6.8220489 ], [ 39.2420813, -6.8218204 ], [ 39.2421951, -6.8215796 ], [ 39.2422848, -6.8213288 ], [ 39.2423494, -6.8210704 ], [ 39.2423883, -6.8208069 ], [ 39.2424013, -6.8205409 ], [ 39.2423881, -6.820275 ], [ 39.2423489, -6.8200115 ], [ 39.242284, -6.8197532 ], [ 39.2421941, -6.8195025 ], [ 39.2420801, -6.8192618 ], [ 39.241943, -6.8190335 ], [ 39.2417841, -6.8188196 ], [ 39.2416051, -6.8186224 ], [ 39.2414076, -6.8184437 ], [ 39.2411935, -6.8182851 ], [ 39.2409649, -6.8181483 ], [ 39.240724, -6.8180346 ], [ 39.2404731, -6.817945 ], [ 39.2402146, -6.8178804 ], [ 39.239951, -6.8178414 ], [ 39.2396849, -6.8178285 ], [ 39.2394187, -6.8178417 ], [ 39.2391552, -6.8178809 ], [ 39.2388968, -6.8179458 ], [ 39.2386459, -6.8180356 ], [ 39.2384051, -6.8181496 ], [ 39.2381767, -6.8182866 ], [ 39.2379627, -6.8184454 ], [ 39.2377654, -6.8186243 ], [ 39.2375866, -6.8188217 ], [ 39.2374279, -6.8190357 ], [ 39.2372911, -6.8192642 ], [ 39.2371773, -6.819505 ], [ 39.2370876, -6.8197558 ], [ 39.237023, -6.8200142 ], [ 39.2369841, -6.8202776 ], [ 39.2369711, -6.8205436 ], [ 39.2369843, -6.8208096 ], [ 39.2370235, -6.821073 ], [ 39.2370884, -6.8213314 ], [ 39.2371783, -6.8215821 ], [ 39.2372923, -6.8218228 ], [ 39.2374294, -6.8220511 ], [ 39.2375883, -6.8222649 ], [ 39.2377673, -6.8224622 ], [ 39.2379648, -6.8226409 ], [ 39.2381789, -6.8227995 ], [ 39.2384075, -6.8229363 ], [ 39.2386484, -6.82305 ], [ 39.2388993, -6.8231396 ], [ 39.2391578, -6.8232042 ], [ 39.2394214, -6.8232432 ], [ 39.2396875, -6.8232561 ], [ 39.2399537, -6.8232429 ], [ 39.2402172, -6.8232037 ], [ 39.2404756, -6.8231388 ], [ 39.2407265, -6.823049 ], [ 39.2409673, -6.822935 ], [ 39.2411958, -6.822798 ], [ 39.2414097, -6.8226392 ] ] ], [ [ [ 39.2372629, -6.8177477 ], [ 39.2374603, -6.8175688 ], [ 39.2376391, -6.8173714 ], [ 39.2377977, -6.8171574 ], [ 39.2379346, -6.8169289 ], [ 39.2380484, -6.8166881 ], [ 39.238138, -6.8164373 ], [ 39.2382027, -6.8161789 ], [ 39.2382416, -6.8159155 ], [ 39.2382546, -6.8156495 ], [ 39.2382414, -6.8153835 ], [ 39.2382021, -6.8151201 ], [ 39.2381373, -6.8148618 ], [ 39.2380474, -6.814611 ], [ 39.2379333, -6.8143704 ], [ 39.2377962, -6.814142 ], [ 39.2376374, -6.8139282 ], [ 39.2374584, -6.8137309 ], [ 39.2372609, -6.8135522 ], [ 39.2370468, -6.8133936 ], [ 39.2368182, -6.8132568 ], [ 39.2365773, -6.8131431 ], [ 39.2363264, -6.8130535 ], [ 39.2360679, -6.8129889 ], [ 39.2358043, -6.81295 ], [ 39.2355382, -6.812937 ], [ 39.2352721, -6.8129502 ], [ 39.2350085, -6.8129894 ], [ 39.2347501, -6.8130543 ], [ 39.2344993, -6.8131441 ], [ 39.2342585, -6.8132581 ], [ 39.23403, -6.8133951 ], [ 39.2338161, -6.8135539 ], [ 39.2336187, -6.8137328 ], [ 39.2334399, -6.8139302 ], [ 39.2332813, -6.8141442 ], [ 39.2331444, -6.8143727 ], [ 39.2330306, -6.8146135 ], [ 39.232941, -6.8148643 ], [ 39.2328764, -6.8151227 ], [ 39.2328374, -6.8153861 ], [ 39.2328244, -6.8156521 ], [ 39.2328376, -6.8159181 ], [ 39.2328769, -6.8161815 ], [ 39.2329417, -6.8164398 ], [ 39.2330316, -6.8166905 ], [ 39.2331456, -6.8169312 ], [ 39.2332827, -6.8171596 ], [ 39.2334416, -6.8173734 ], [ 39.2336206, -6.8175707 ], [ 39.2338181, -6.8177494 ], [ 39.2340322, -6.817908 ], [ 39.2342608, -6.8180448 ], [ 39.2345017, -6.8181585 ], [ 39.2347526, -6.8182481 ], [ 39.2350111, -6.8183127 ], [ 39.2352747, -6.8183516 ], [ 39.2355408, -6.8183646 ], [ 39.2358069, -6.8183514 ], [ 39.2360705, -6.8183122 ], [ 39.2363289, -6.8182473 ], [ 39.2365797, -6.8181575 ], [ 39.2368205, -6.8180435 ], [ 39.237049, -6.8179065 ], [ 39.2372629, -6.8177477 ] ] ], [ [ [ 39.2379649, -6.8126577 ], [ 39.238231, -6.8126706 ], [ 39.2384972, -6.8126574 ], [ 39.2387607, -6.8126182 ], [ 39.2390191, -6.8125533 ], [ 39.2392699, -6.8124635 ], [ 39.2395107, -6.8123495 ], [ 39.2397392, -6.8122125 ], [ 39.2398919, -6.8120992 ], [ 39.2400506, -6.812004 ], [ 39.2402645, -6.8118452 ], [ 39.2404619, -6.8116663 ], [ 39.2406407, -6.8114689 ], [ 39.2407993, -6.8112549 ], [ 39.2409362, -6.8110264 ], [ 39.24105, -6.8107856 ], [ 39.2411396, -6.8105348 ], [ 39.2412042, -6.8102764 ], [ 39.2412432, -6.810013 ], [ 39.2412561, -6.809747 ], [ 39.2412429, -6.809481 ], [ 39.2412037, -6.8092175 ], [ 39.2411388, -6.8089592 ], [ 39.2410489, -6.8087085 ], [ 39.2409349, -6.8084678 ], [ 39.2407978, -6.8082395 ], [ 39.240639, -6.8080257 ], [ 39.24046, -6.8078284 ], [ 39.2402625, -6.8076497 ], [ 39.2400484, -6.8074911 ], [ 39.2398198, -6.8073543 ], [ 39.2396367, -6.8072679 ], [ 39.2397802, -6.8070744 ], [ 39.2399171, -6.8068459 ], [ 39.2400309, -6.8066051 ], [ 39.2401205, -6.8063543 ], [ 39.2401582, -6.8062035 ], [ 39.2403186, -6.8060265 ], [ 39.2404772, -6.8058125 ], [ 39.2406141, -6.805584 ], [ 39.2407278, -6.8053432 ], [ 39.2408175, -6.8050924 ], [ 39.2408821, -6.804834 ], [ 39.2409211, -6.8045706 ], [ 39.2409268, -6.8044528 ], [ 39.2411379, -6.804484 ], [ 39.2414041, -6.8044969 ], [ 39.2416702, -6.8044837 ], [ 39.2419337, -6.8044445 ], [ 39.2421921, -6.8043796 ], [ 39.2424429, -6.8042898 ], [ 39.2426837, -6.8041758 ], [ 39.2429122, -6.8040388 ], [ 39.2431261, -6.80388 ], [ 39.2433234, -6.8037011 ], [ 39.2435023, -6.8035037 ], [ 39.2436609, -6.8032897 ], [ 39.2437977, -6.8030612 ], [ 39.2439115, -6.8028204 ], [ 39.2440012, -6.8025696 ], [ 39.2440658, -6.8023112 ], [ 39.2441047, -6.8020477 ], [ 39.2441177, -6.8017817 ], [ 39.2441045, -6.8015157 ], [ 39.2440652, -6.8012523 ], [ 39.2440004, -6.800994 ], [ 39.2439105, -6.8007433 ], [ 39.2437965, -6.8005026 ], [ 39.2436594, -6.8002743 ], [ 39.2435005, -6.8000604 ], [ 39.2433215, -6.7998632 ], [ 39.243124, -6.7996845 ], [ 39.2429099, -6.7995259 ], [ 39.2426813, -6.7993891 ], [ 39.2424404, -6.7992754 ], [ 39.2421895, -6.7991858 ], [ 39.241931, -6.7991212 ], [ 39.2416675, -6.7990822 ], [ 39.2414013, -6.7990693 ], [ 39.2411352, -6.7990825 ], [ 39.2408903, -6.7991189 ], [ 39.2411188, -6.7989819 ], [ 39.2413327, -6.7988231 ], [ 39.24153, -6.7986442 ], [ 39.2417088, -6.7984468 ], [ 39.2418675, -6.7982328 ], [ 39.2420043, -6.7980043 ], [ 39.2421181, -6.7977635 ], [ 39.2422077, -6.7975127 ], [ 39.2422724, -6.7972543 ], [ 39.2423113, -6.7969909 ], [ 39.2423243, -6.7967248 ], [ 39.242311, -6.7964589 ], [ 39.2422718, -6.7961954 ], [ 39.242207, -6.7959371 ], [ 39.2421171, -6.7956864 ], [ 39.242003, -6.7954457 ], [ 39.2419685, -6.7953881 ], [ 39.2420336, -6.7954044 ], [ 39.2422971, -6.7954434 ], [ 39.2425633, -6.7954563 ], [ 39.2427467, -6.7954472 ], [ 39.242809, -6.7956952 ], [ 39.2428988, -6.7959459 ], [ 39.2430129, -6.7961866 ], [ 39.24315, -6.7964149 ], [ 39.2433088, -6.7966288 ], [ 39.2434878, -6.796826 ], [ 39.2436853, -6.7970048 ], [ 39.2438994, -6.7971633 ], [ 39.244128, -6.7973001 ], [ 39.2443689, -6.7974138 ], [ 39.2446198, -6.7975034 ], [ 39.2448783, -6.797568 ], [ 39.2451419, -6.797607 ], [ 39.245408, -6.7976199 ], [ 39.2456741, -6.7976067 ], [ 39.2456995, -6.7976029 ], [ 39.2458197, -6.7978032 ], [ 39.2459785, -6.798017 ], [ 39.2461575, -6.7982142 ], [ 39.246355, -6.798393 ], [ 39.2465691, -6.7985515 ], [ 39.2467977, -6.7986883 ], [ 39.2470386, -6.798802 ], [ 39.2472895, -6.7988916 ], [ 39.247548, -6.7989562 ], [ 39.2478116, -6.7989952 ], [ 39.2480777, -6.7990081 ], [ 39.2483438, -6.7989949 ], [ 39.2486073, -6.7989557 ], [ 39.2488657, -6.7988908 ], [ 39.2491166, -6.798801 ], [ 39.2493574, -6.798687 ], [ 39.2495858, -6.79855 ], [ 39.2497997, -6.7983912 ], [ 39.2499971, -6.7982122 ], [ 39.2501759, -6.7980148 ], [ 39.2503345, -6.7978008 ], [ 39.2504713, -6.7975723 ], [ 39.2505851, -6.7973315 ], [ 39.2506748, -6.7970807 ], [ 39.2507394, -6.7968224 ], [ 39.2507588, -6.7966909 ], [ 39.250991, -6.7967738 ], [ 39.2512495, -6.7968384 ], [ 39.2515131, -6.7968774 ], [ 39.2517792, -6.7968903 ], [ 39.2520453, -6.7968771 ], [ 39.2523088, -6.7968379 ], [ 39.2525673, -6.796773 ], [ 39.2528181, -6.7966832 ], [ 39.2530589, -6.7965692 ], [ 39.2532873, -6.7964321 ], [ 39.2535012, -6.7962734 ], [ 39.2536986, -6.7960944 ], [ 39.2538774, -6.795897 ], [ 39.254036, -6.795683 ], [ 39.2541728, -6.7954545 ], [ 39.2542866, -6.7952137 ], [ 39.2543762, -6.7949629 ], [ 39.2544408, -6.7947045 ], [ 39.2544798, -6.7944411 ], [ 39.2544927, -6.7941751 ], [ 39.2544795, -6.7939091 ], [ 39.2544403, -6.7936457 ], [ 39.2543754, -6.7933874 ], [ 39.2542855, -6.7931367 ], [ 39.2541715, -6.792896 ], [ 39.2540344, -6.7926676 ], [ 39.2538756, -6.7924538 ], [ 39.2537645, -6.7923315 ], [ 39.2537582, -6.7923229 ], [ 39.2535791, -6.7921257 ], [ 39.2533816, -6.7919469 ], [ 39.2531676, -6.7917884 ], [ 39.252939, -6.7916516 ], [ 39.2526981, -6.7915378 ], [ 39.2524472, -6.7914483 ], [ 39.2521887, -6.7913837 ], [ 39.2519251, -6.7913447 ], [ 39.251659, -6.7913318 ], [ 39.2513929, -6.791345 ], [ 39.2511294, -6.7913842 ], [ 39.2508709, -6.7914491 ], [ 39.2506201, -6.7915389 ], [ 39.2503794, -6.7916529 ], [ 39.2501509, -6.7917899 ], [ 39.249937, -6.7919487 ], [ 39.2497397, -6.7921277 ], [ 39.2495608, -6.7923251 ], [ 39.2494022, -6.7925391 ], [ 39.2492654, -6.7927676 ], [ 39.2491516, -6.7930084 ], [ 39.249062, -6.7932592 ], [ 39.2489974, -6.7935175 ], [ 39.2489654, -6.7937335 ], [ 39.2488631, -6.793697 ], [ 39.2488276, -6.7936881 ], [ 39.2488367, -6.7935012 ], [ 39.2488235, -6.7932352 ], [ 39.2487843, -6.7929718 ], [ 39.2487194, -6.7927135 ], [ 39.2486295, -6.7924628 ], [ 39.2485155, -6.7922221 ], [ 39.2483784, -6.7919937 ], [ 39.2482196, -6.7917799 ], [ 39.2480406, -6.7915827 ], [ 39.2478431, -6.7914039 ], [ 39.247629, -6.7912454 ], [ 39.2474004, -6.7911086 ], [ 39.2471595, -6.7909949 ], [ 39.2469086, -6.7909053 ], [ 39.2466501, -6.7908407 ], [ 39.2466244, -6.7908369 ], [ 39.2466125, -6.7908172 ], [ 39.2464537, -6.7906033 ], [ 39.2462747, -6.7904061 ], [ 39.2460772, -6.7902273 ], [ 39.2458631, -6.7900688 ], [ 39.2456345, -6.789932 ], [ 39.2453936, -6.7898183 ], [ 39.2451427, -6.7897287 ], [ 39.2448842, -6.7896641 ], [ 39.2446206, -6.7896251 ], [ 39.2443545, -6.7896122 ], [ 39.2440884, -6.7896254 ], [ 39.2438249, -6.7896646 ], [ 39.2435665, -6.7897295 ], [ 39.2433157, -6.7898193 ], [ 39.2432837, -6.7898345 ], [ 39.2430625, -6.7898237 ], [ 39.2427964, -6.7898369 ], [ 39.2425329, -6.7898761 ], [ 39.2422745, -6.789941 ], [ 39.2420237, -6.7900308 ], [ 39.2417894, -6.7901417 ], [ 39.2417725, -6.790146 ], [ 39.2415217, -6.7902358 ], [ 39.2412809, -6.7903498 ], [ 39.2410524, -6.7904868 ], [ 39.2410212, -6.79051 ], [ 39.2410153, -6.7904706 ], [ 39.2409504, -6.7902123 ], [ 39.2408605, -6.7899616 ], [ 39.2407465, -6.7897209 ], [ 39.2406094, -6.7894926 ], [ 39.2404506, -6.7892788 ], [ 39.2402716, -6.7890815 ], [ 39.2400741, -6.7889028 ], [ 39.23986, -6.7887442 ], [ 39.2396314, -6.7886074 ], [ 39.2393905, -6.7884937 ], [ 39.2391396, -6.7884041 ], [ 39.2388811, -6.7883395 ], [ 39.2386176, -6.7883005 ], [ 39.2383515, -6.7882876 ], [ 39.2380854, -6.7883008 ], [ 39.2378218, -6.78834 ], [ 39.2378083, -6.7883434 ], [ 39.2379808, -6.788187 ], [ 39.2381596, -6.7879896 ], [ 39.2383182, -6.7877756 ], [ 39.2384551, -6.7875471 ], [ 39.2385688, -6.7873063 ], [ 39.2386585, -6.7870555 ], [ 39.2387231, -6.7867971 ], [ 39.2387621, -6.7865337 ], [ 39.2387677, -6.7864182 ], [ 39.2387881, -6.7864192 ], [ 39.2390542, -6.786406 ], [ 39.2393178, -6.7863668 ], [ 39.2395762, -6.7863019 ], [ 39.239827, -6.7862121 ], [ 39.2400678, -6.7860981 ], [ 39.2402962, -6.7859611 ], [ 39.2405101, -6.7858023 ], [ 39.2407075, -6.7856234 ], [ 39.2408863, -6.785426 ], [ 39.2410449, -6.785212 ], [ 39.2411817, -6.7849835 ], [ 39.2412955, -6.7847427 ], [ 39.2413852, -6.7844919 ], [ 39.2414498, -6.7842335 ], [ 39.2414887, -6.7839701 ], [ 39.2415017, -6.7837041 ], [ 39.2414885, -6.7834381 ], [ 39.2414493, -6.7831746 ], [ 39.2413844, -6.7829163 ], [ 39.2412945, -6.7826656 ], [ 39.2411805, -6.7824249 ], [ 39.2410434, -6.7821966 ], [ 39.2408846, -6.7819828 ], [ 39.2407056, -6.7817855 ], [ 39.2405081, -6.7816068 ], [ 39.240294, -6.7814482 ], [ 39.2400654, -6.7813114 ], [ 39.2398245, -6.7811977 ], [ 39.2395736, -6.7811081 ], [ 39.2393151, -6.7810435 ], [ 39.2390516, -6.7810045 ], [ 39.2387855, -6.7809916 ], [ 39.2385194, -6.7810048 ], [ 39.2382558, -6.781044 ], [ 39.2379974, -6.7811089 ], [ 39.2377466, -6.7811987 ], [ 39.2375058, -6.7813127 ], [ 39.2372774, -6.7814497 ], [ 39.2370635, -6.7816085 ], [ 39.2368662, -6.7817874 ], [ 39.2366873, -6.7819848 ], [ 39.2365287, -6.7821988 ], [ 39.2363919, -6.7824273 ], [ 39.2362781, -6.7826681 ], [ 39.2361884, -6.7829189 ], [ 39.2361238, -6.7831773 ], [ 39.2360849, -6.7834407 ], [ 39.2360792, -6.7835562 ], [ 39.2360588, -6.7835552 ], [ 39.2357927, -6.7835684 ], [ 39.2355292, -6.7836076 ], [ 39.2352707, -6.7836724 ], [ 39.2350199, -6.7837623 ], [ 39.2347791, -6.7838763 ], [ 39.2345507, -6.7840133 ], [ 39.2343368, -6.784172 ], [ 39.2341395, -6.784351 ], [ 39.2339606, -6.7845484 ], [ 39.233802, -6.7847624 ], [ 39.2336652, -6.7849909 ], [ 39.2335514, -6.7852317 ], [ 39.2334617, -6.7854825 ], [ 39.2333971, -6.7857409 ], [ 39.2333581, -6.7860043 ], [ 39.2333452, -6.7862703 ], [ 39.2333584, -6.7865363 ], [ 39.2333976, -6.7867997 ], [ 39.2334625, -6.787058 ], [ 39.2335524, -6.7873087 ], [ 39.2336664, -6.7875494 ], [ 39.2338035, -6.7877778 ], [ 39.2339623, -6.7879916 ], [ 39.2341413, -6.7881889 ], [ 39.2343388, -6.7883676 ], [ 39.2345529, -6.7885262 ], [ 39.2347815, -6.788663 ], [ 39.2350224, -6.7887767 ], [ 39.2352733, -6.7888663 ], [ 39.2355317, -6.7889309 ], [ 39.2357953, -6.7889699 ], [ 39.2360614, -6.7889828 ], [ 39.2363275, -6.7889696 ], [ 39.236591, -6.7889304 ], [ 39.2366046, -6.788927 ], [ 39.2364321, -6.7890834 ], [ 39.2362533, -6.7892808 ], [ 39.2360947, -6.7894948 ], [ 39.2359578, -6.7897233 ], [ 39.235844, -6.7899641 ], [ 39.2357544, -6.7902149 ], [ 39.2356898, -6.7904733 ], [ 39.2356508, -6.7907367 ], [ 39.2356379, -6.7910027 ], [ 39.2356511, -6.7912687 ], [ 39.2356903, -6.7915321 ], [ 39.2357552, -6.7917904 ], [ 39.235845, -6.7920411 ], [ 39.2359591, -6.7922818 ], [ 39.2360962, -6.7925102 ], [ 39.236255, -6.792724 ], [ 39.236434, -6.7929213 ], [ 39.2366315, -6.7931 ], [ 39.2368456, -6.7932586 ], [ 39.2370742, -6.7933954 ], [ 39.2373151, -6.7935091 ], [ 39.237566, -6.7935987 ], [ 39.2378245, -6.7936633 ], [ 39.238088, -6.7937023 ], [ 39.2383541, -6.7937152 ], [ 39.2386202, -6.793702 ], [ 39.2388838, -6.7936628 ], [ 39.2391422, -6.7935979 ], [ 39.239393, -6.7935081 ], [ 39.2396338, -6.7933941 ], [ 39.2398622, -6.7932571 ], [ 39.2398935, -6.7932339 ], [ 39.2398994, -6.7932733 ], [ 39.2399643, -6.7935316 ], [ 39.2400541, -6.7937823 ], [ 39.2401682, -6.794023 ], [ 39.2402028, -6.7940806 ], [ 39.2401376, -6.7940643 ], [ 39.2398741, -6.7940253 ], [ 39.239608, -6.7940124 ], [ 39.2393419, -6.7940256 ], [ 39.2390783, -6.7940648 ], [ 39.2388199, -6.7941297 ], [ 39.2385691, -6.7942195 ], [ 39.2383283, -6.7943335 ], [ 39.2380998, -6.7944705 ], [ 39.2378859, -6.7946293 ], [ 39.2376886, -6.7948082 ], [ 39.2375098, -6.7950056 ], [ 39.2373512, -6.7952196 ], [ 39.2372143, -6.7954481 ], [ 39.2371005, -6.7956889 ], [ 39.2370109, -6.7959397 ], [ 39.2369463, -6.7961981 ], [ 39.2369073, -6.7964615 ], [ 39.2368982, -6.7966486 ], [ 39.2366731, -6.7967051 ], [ 39.2364223, -6.7967949 ], [ 39.2361815, -6.7969089 ], [ 39.235953, -6.7970459 ], [ 39.2357391, -6.7972047 ], [ 39.2355418, -6.7973836 ], [ 39.235363, -6.797581 ], [ 39.2352044, -6.797795 ], [ 39.2350675, -6.7980235 ], [ 39.2349537, -6.7982643 ], [ 39.2348774, -6.7984778 ], [ 39.2346717, -6.7984678 ], [ 39.2344056, -6.798481 ], [ 39.234142, -6.7985202 ], [ 39.2338836, -6.798585 ], [ 39.2336328, -6.7986749 ], [ 39.233392, -6.7987889 ], [ 39.2331636, -6.7989259 ], [ 39.2329496, -6.7990846 ], [ 39.2327523, -6.7992636 ], [ 39.2325735, -6.799461 ], [ 39.2324149, -6.799675 ], [ 39.232278, -6.7999035 ], [ 39.2321642, -6.8001443 ], [ 39.2320745, -6.8003951 ], [ 39.2320099, -6.8006534 ], [ 39.231971, -6.8009169 ], [ 39.231958, -6.8011829 ], [ 39.2319712, -6.8014489 ], [ 39.2320104, -6.8017123 ], [ 39.2320753, -6.8019706 ], [ 39.2321652, -6.8022213 ], [ 39.2322792, -6.802462 ], [ 39.2324163, -6.8026904 ], [ 39.2325751, -6.8029042 ], [ 39.2327541, -6.8031015 ], [ 39.2329516, -6.8032802 ], [ 39.2331657, -6.8034388 ], [ 39.2333943, -6.8035756 ], [ 39.2336352, -6.8036893 ], [ 39.2338861, -6.8037789 ], [ 39.2341446, -6.8038435 ], [ 39.2344082, -6.8038825 ], [ 39.2346743, -6.8038954 ], [ 39.2349404, -6.8038822 ], [ 39.235204, -6.803843 ], [ 39.2353277, -6.803812 ], [ 39.2351695, -6.8040253 ], [ 39.2350327, -6.8042538 ], [ 39.2349189, -6.8044946 ], [ 39.2348292, -6.8047454 ], [ 39.2347646, -6.8050038 ], [ 39.2347256, -6.8052672 ], [ 39.2347127, -6.8055332 ], [ 39.2347134, -6.8055468 ], [ 39.2347083, -6.8056511 ], [ 39.2347215, -6.8059171 ], [ 39.2347607, -6.8061805 ], [ 39.2348256, -6.8064388 ], [ 39.2349155, -6.8066895 ], [ 39.2350295, -6.8069302 ], [ 39.2351666, -6.8071586 ], [ 39.2353254, -6.8073724 ], [ 39.2355044, -6.8075697 ], [ 39.2357019, -6.8077484 ], [ 39.235916, -6.807907 ], [ 39.2361446, -6.8080438 ], [ 39.2362566, -6.8080966 ], [ 39.2361301, -6.8082362 ], [ 39.2359715, -6.8084502 ], [ 39.2358346, -6.8086787 ], [ 39.2357208, -6.8089195 ], [ 39.2356312, -6.8091703 ], [ 39.2355666, -6.8094287 ], [ 39.2355276, -6.8096921 ], [ 39.2355147, -6.8099581 ], [ 39.2355279, -6.8102241 ], [ 39.2355671, -6.8104875 ], [ 39.235632, -6.8107458 ], [ 39.2357218, -6.8109966 ], [ 39.2358359, -6.8112372 ], [ 39.235973, -6.8114656 ], [ 39.2361318, -6.8116794 ], [ 39.2363108, -6.8118767 ], [ 39.2365083, -6.8120554 ], [ 39.2367224, -6.812214 ], [ 39.236951, -6.8123508 ], [ 39.2371919, -6.8124645 ], [ 39.2374428, -6.8125541 ], [ 39.2377013, -6.8126187 ], [ 39.2379649, -6.8126577 ] ] ], [ [ [ 39.2253227, -6.8081464 ], [ 39.2255367, -6.8079877 ], [ 39.225734, -6.8078087 ], [ 39.2259128, -6.8076113 ], [ 39.2260715, -6.8073974 ], [ 39.2262083, -6.8071689 ], [ 39.2263221, -6.8069281 ], [ 39.2264118, -6.8066773 ], [ 39.2264764, -6.8064189 ], [ 39.2265154, -6.8061554 ], [ 39.2265283, -6.8058894 ], [ 39.2265151, -6.8056234 ], [ 39.2264759, -6.80536 ], [ 39.226411, -6.8051017 ], [ 39.2263212, -6.804851 ], [ 39.2262071, -6.8046103 ], [ 39.22607, -6.8043819 ], [ 39.2259112, -6.8041681 ], [ 39.2257322, -6.8039709 ], [ 39.2255347, -6.8037921 ], [ 39.2253206, -6.8036336 ], [ 39.225092, -6.8034968 ], [ 39.2249264, -6.8034185 ], [ 39.2250006, -6.8034075 ], [ 39.225259, -6.8033427 ], [ 39.2255098, -6.8032528 ], [ 39.2257506, -6.8031389 ], [ 39.2259791, -6.8030018 ], [ 39.226193, -6.8028431 ], [ 39.2263904, -6.8026641 ], [ 39.2265692, -6.8024667 ], [ 39.2267278, -6.8022527 ], [ 39.2268647, -6.8020243 ], [ 39.2269785, -6.8017835 ], [ 39.2270681, -6.8015327 ], [ 39.2271328, -6.8012743 ], [ 39.2271717, -6.8010108 ], [ 39.2271847, -6.8007448 ], [ 39.2271715, -6.8004788 ], [ 39.2271323, -6.8002154 ], [ 39.2270674, -6.7999571 ], [ 39.2269775, -6.7997064 ], [ 39.2268635, -6.7994657 ], [ 39.22675, -6.7992766 ], [ 39.2268393, -6.7992343 ], [ 39.2270678, -6.7990972 ], [ 39.2272817, -6.7989385 ], [ 39.2274791, -6.7987595 ], [ 39.2276579, -6.7985621 ], [ 39.2278165, -6.7983481 ], [ 39.2279534, -6.7981197 ], [ 39.2280672, -6.7978788 ], [ 39.2281568, -6.7976281 ], [ 39.2282214, -6.7973697 ], [ 39.2282604, -6.7971062 ], [ 39.2282734, -6.7968402 ], [ 39.2282602, -6.7965742 ], [ 39.2282209, -6.7963108 ], [ 39.2281561, -6.7960525 ], [ 39.2280662, -6.7958018 ], [ 39.2279522, -6.7955611 ], [ 39.2278151, -6.7953327 ], [ 39.2276563, -6.7951189 ], [ 39.2274773, -6.7949217 ], [ 39.2272798, -6.7947429 ], [ 39.2270657, -6.7945844 ], [ 39.2268371, -6.7944476 ], [ 39.2265962, -6.7943338 ], [ 39.2263453, -6.7942442 ], [ 39.2260868, -6.7941796 ], [ 39.2258233, -6.7941407 ], [ 39.2255571, -6.7941277 ], [ 39.225291, -6.7941409 ], [ 39.2250275, -6.7941801 ], [ 39.2247691, -6.7942449 ], [ 39.2245183, -6.7943348 ], [ 39.2242775, -6.7944487 ], [ 39.224049, -6.7945858 ], [ 39.2238351, -6.7947445 ], [ 39.2236377, -6.7949234 ], [ 39.2234589, -6.7951209 ], [ 39.2233003, -6.7953348 ], [ 39.2231634, -6.7955633 ], [ 39.2230496, -6.7958041 ], [ 39.22296, -6.7960549 ], [ 39.2228954, -6.7963133 ], [ 39.2228564, -6.7965768 ], [ 39.2228434, -6.7968428 ], [ 39.2228566, -6.7971087 ], [ 39.2228959, -6.7973722 ], [ 39.2229607, -6.7976305 ], [ 39.2230506, -6.7978812 ], [ 39.2231646, -6.7981219 ], [ 39.2232782, -6.798311 ], [ 39.2231888, -6.7983533 ], [ 39.2229603, -6.7984904 ], [ 39.2227464, -6.7986491 ], [ 39.222549, -6.798828 ], [ 39.2223702, -6.7990255 ], [ 39.2222116, -6.7992394 ], [ 39.2220747, -6.7994679 ], [ 39.2219609, -6.7997087 ], [ 39.2218713, -6.7999595 ], [ 39.2218066, -6.8002179 ], [ 39.2217677, -6.8004813 ], [ 39.2217547, -6.8007474 ], [ 39.2217679, -6.8010133 ], [ 39.2218071, -6.8012768 ], [ 39.221872, -6.8015351 ], [ 39.2219619, -6.8017858 ], [ 39.2220759, -6.8020265 ], [ 39.222213, -6.8022548 ], [ 39.2223718, -6.8024687 ], [ 39.2225508, -6.8026659 ], [ 39.2227483, -6.8028447 ], [ 39.2229624, -6.8030032 ], [ 39.223191, -6.80314 ], [ 39.2233566, -6.8032183 ], [ 39.2232824, -6.8032293 ], [ 39.223024, -6.8032941 ], [ 39.2227732, -6.803384 ], [ 39.2225324, -6.8034979 ], [ 39.2223039, -6.803635 ], [ 39.22209, -6.8037937 ], [ 39.2218926, -6.8039726 ], [ 39.2217138, -6.8041701 ], [ 39.2215552, -6.804384 ], [ 39.2214183, -6.8046125 ], [ 39.2213045, -6.8048533 ], [ 39.2212148, -6.8051041 ], [ 39.2211502, -6.8053625 ], [ 39.2211112, -6.8056259 ], [ 39.2210983, -6.8058919 ], [ 39.2211115, -6.8061579 ], [ 39.2211507, -6.8064214 ], [ 39.2212156, -6.8066797 ], [ 39.2213054, -6.8069304 ], [ 39.2214195, -6.8071711 ], [ 39.2215565, -6.8073994 ], [ 39.2217154, -6.8076133 ], [ 39.2218944, -6.8078105 ], [ 39.2220919, -6.8079893 ], [ 39.222306, -6.8081478 ], [ 39.2225346, -6.8082846 ], [ 39.2227755, -6.8083984 ], [ 39.2230264, -6.808488 ], [ 39.2232849, -6.8085526 ], [ 39.2235484, -6.8085915 ], [ 39.2238146, -6.8086045 ], [ 39.2240807, -6.8085913 ], [ 39.2243442, -6.8085521 ], [ 39.2246026, -6.8084873 ], [ 39.2248535, -6.8083974 ], [ 39.2250943, -6.8082835 ], [ 39.2253227, -6.8081464 ] ] ], [ [ [ 39.2202217, -6.7895753 ], [ 39.2204878, -6.7895883 ], [ 39.2207539, -6.7895751 ], [ 39.2210175, -6.7895359 ], [ 39.2212759, -6.7894711 ], [ 39.2215267, -6.7893812 ], [ 39.2217675, -6.7892673 ], [ 39.221996, -6.7891302 ], [ 39.2222099, -6.7889715 ], [ 39.2223285, -6.7888639 ], [ 39.2225445, -6.7889179 ], [ 39.222808, -6.7889568 ], [ 39.2230741, -6.7889698 ], [ 39.2233403, -6.7889566 ], [ 39.2236038, -6.7889174 ], [ 39.2238622, -6.7888526 ], [ 39.224113, -6.7887627 ], [ 39.2243538, -6.7886488 ], [ 39.2245823, -6.7885117 ], [ 39.2247962, -6.788353 ], [ 39.2249935, -6.7881741 ], [ 39.2251723, -6.7879766 ], [ 39.225331, -6.7877627 ], [ 39.2254678, -6.7875342 ], [ 39.2255816, -6.7872934 ], [ 39.2256713, -6.7870426 ], [ 39.2257359, -6.7867842 ], [ 39.2257748, -6.7865207 ], [ 39.2257878, -6.7862547 ], [ 39.2257746, -6.7859888 ], [ 39.2257354, -6.7857253 ], [ 39.2256705, -6.785467 ], [ 39.2255807, -6.7852163 ], [ 39.2254666, -6.7849756 ], [ 39.2253296, -6.7847473 ], [ 39.2251707, -6.7845334 ], [ 39.2249917, -6.7843362 ], [ 39.2247942, -6.7841574 ], [ 39.2245802, -6.7839989 ], [ 39.2243516, -6.7838621 ], [ 39.2241107, -6.7837483 ], [ 39.2238598, -6.7836587 ], [ 39.2236013, -6.7835941 ], [ 39.2233378, -6.7835552 ], [ 39.2230717, -6.7835422 ], [ 39.2228056, -6.7835554 ], [ 39.222542, -6.7835946 ], [ 39.2222836, -6.7836594 ], [ 39.2220328, -6.7837493 ], [ 39.221792, -6.7838632 ], [ 39.2215636, -6.7840003 ], [ 39.2213496, -6.784159 ], [ 39.221231, -6.7842666 ], [ 39.221015, -6.7842126 ], [ 39.2207515, -6.7841737 ], [ 39.2204854, -6.7841607 ], [ 39.2202193, -6.7841739 ], [ 39.22, -6.7842065 ], [ 39.22, -6.7895426 ], [ 39.2202217, -6.7895753 ] ] ], [ [ [ 39.2508443, -6.8499767 ], [ 39.2510417, -6.8497977 ], [ 39.2512205, -6.8496003 ], [ 39.2513791, -6.8493863 ], [ 39.251516, -6.8491578 ], [ 39.2516298, -6.848917 ], [ 39.2517194, -6.8486662 ], [ 39.251784, -6.8484078 ], [ 39.251823, -6.8481444 ], [ 39.2518359, -6.8478784 ], [ 39.2518227, -6.8476124 ], [ 39.2517835, -6.847349 ], [ 39.2517186, -6.8470907 ], [ 39.2516287, -6.84684 ], [ 39.2515147, -6.8465993 ], [ 39.2513776, -6.8463709 ], [ 39.2512187, -6.8461571 ], [ 39.2510397, -6.8459599 ], [ 39.2508421, -6.8457811 ], [ 39.250628, -6.8456226 ], [ 39.2503994, -6.8454858 ], [ 39.2501585, -6.8453721 ], [ 39.2499075, -6.8452825 ], [ 39.249649, -6.8452179 ], [ 39.2493854, -6.8451789 ], [ 39.2491193, -6.845166 ], [ 39.2488532, -6.8451792 ], [ 39.2485896, -6.8452184 ], [ 39.2483312, -6.8452833 ], [ 39.2480803, -6.8453731 ], [ 39.2478395, -6.8454871 ], [ 39.247611, -6.8456242 ], [ 39.2473971, -6.8457829 ], [ 39.2471997, -6.8459619 ], [ 39.2470209, -6.8461593 ], [ 39.2468623, -6.8463733 ], [ 39.2467254, -6.8466018 ], [ 39.2466116, -6.8468426 ], [ 39.246522, -6.8470934 ], [ 39.2464574, -6.8473517 ], [ 39.2464184, -6.8476152 ], [ 39.2464055, -6.8478812 ], [ 39.2464187, -6.8481472 ], [ 39.2464579, -6.8484106 ], [ 39.2465228, -6.8486689 ], [ 39.2466127, -6.8489196 ], [ 39.2467267, -6.8491603 ], [ 39.2468638, -6.8493887 ], [ 39.2470227, -6.8496025 ], [ 39.2472017, -6.8497997 ], [ 39.2473993, -6.8499785 ], [ 39.2474304, -6.8500015 ], [ 39.2508108, -6.8500016 ], [ 39.2508443, -6.8499767 ] ] ], [ [ [ 39.2488495, -6.8370515 ], [ 39.2490468, -6.8368725 ], [ 39.2492256, -6.8366751 ], [ 39.2493843, -6.8364611 ], [ 39.2495211, -6.8362326 ], [ 39.2496349, -6.8359918 ], [ 39.2497246, -6.835741 ], [ 39.2497892, -6.8354827 ], [ 39.2498281, -6.8352192 ], [ 39.2498411, -6.8349532 ], [ 39.2498279, -6.8346872 ], [ 39.2497886, -6.8344238 ], [ 39.2497237, -6.8341655 ], [ 39.2496338, -6.8339148 ], [ 39.2495198, -6.8336741 ], [ 39.2493827, -6.8334457 ], [ 39.2492239, -6.8332319 ], [ 39.2490448, -6.8330347 ], [ 39.2488473, -6.8328559 ], [ 39.2486332, -6.8326974 ], [ 39.2484046, -6.8325606 ], [ 39.2481637, -6.8324469 ], [ 39.2479127, -6.8323573 ], [ 39.2476542, -6.8322927 ], [ 39.2473906, -6.8322537 ], [ 39.2471245, -6.8322408 ], [ 39.2468584, -6.832254 ], [ 39.2465948, -6.8322932 ], [ 39.2463364, -6.8323581 ], [ 39.2460856, -6.8324479 ], [ 39.2458448, -6.8325619 ], [ 39.2456163, -6.8326989 ], [ 39.2454023, -6.8328577 ], [ 39.245205, -6.8330366 ], [ 39.2450262, -6.8332341 ], [ 39.2448676, -6.8334481 ], [ 39.2447307, -6.8336766 ], [ 39.2446169, -6.8339174 ], [ 39.2445272, -6.8341682 ], [ 39.2444626, -6.8344265 ], [ 39.2444237, -6.83469 ], [ 39.2444107, -6.834956 ], [ 39.2444239, -6.835222 ], [ 39.2444632, -6.8354854 ], [ 39.244528, -6.8357437 ], [ 39.2446179, -6.8359944 ], [ 39.244732, -6.8362351 ], [ 39.2448691, -6.8364635 ], [ 39.2450279, -6.8366773 ], [ 39.245207, -6.8368745 ], [ 39.2454045, -6.8370533 ], [ 39.2456186, -6.8372118 ], [ 39.2458472, -6.8373486 ], [ 39.2460881, -6.8374623 ], [ 39.2463391, -6.8375519 ], [ 39.2465976, -6.8376165 ], [ 39.2468612, -6.8376555 ], [ 39.2471273, -6.8376684 ], [ 39.2473934, -6.8376552 ], [ 39.247657, -6.837616 ], [ 39.2479154, -6.8375511 ], [ 39.2481662, -6.8374613 ], [ 39.2484071, -6.8373473 ], [ 39.2486355, -6.8372103 ], [ 39.2488495, -6.8370515 ] ] ], [ [ [ 39.2610917, -6.8242271 ], [ 39.2613325, -6.8241131 ], [ 39.2615609, -6.8239761 ], [ 39.26175, -6.8238358 ], [ 39.2617908, -6.8238378 ], [ 39.2620569, -6.8238246 ], [ 39.2623204, -6.8237853 ], [ 39.2625789, -6.8237205 ], [ 39.2628297, -6.8236306 ], [ 39.2630705, -6.8235166 ], [ 39.263299, -6.8233796 ], [ 39.2635129, -6.8232208 ], [ 39.2637102, -6.8230419 ], [ 39.263889, -6.8228445 ], [ 39.2640476, -6.8226305 ], [ 39.2641845, -6.822402 ], [ 39.2642983, -6.8221612 ], [ 39.2643879, -6.8219104 ], [ 39.2644525, -6.821652 ], [ 39.2644915, -6.8213885 ], [ 39.2645044, -6.8211225 ], [ 39.2644912, -6.8208565 ], [ 39.2644519, -6.8205931 ], [ 39.264387, -6.8203348 ], [ 39.2642971, -6.8200841 ], [ 39.2641831, -6.8198434 ], [ 39.264046, -6.8196151 ], [ 39.2638871, -6.8194013 ], [ 39.2637081, -6.819204 ], [ 39.2635106, -6.8190253 ], [ 39.2632965, -6.8188668 ], [ 39.2630679, -6.81873 ], [ 39.262827, -6.8186162 ], [ 39.262576, -6.8185266 ], [ 39.2623175, -6.8184621 ], [ 39.262054, -6.8184231 ], [ 39.2617878, -6.8184102 ], [ 39.2615217, -6.8184234 ], [ 39.2612582, -6.8184627 ], [ 39.2609997, -6.8185275 ], [ 39.2607489, -6.8186174 ], [ 39.2605081, -6.8187314 ], [ 39.2602797, -6.8188684 ], [ 39.2600906, -6.8190087 ], [ 39.2600498, -6.8190067 ], [ 39.259818, -6.8190182 ], [ 39.2597595, -6.8188947 ], [ 39.2596224, -6.8186664 ], [ 39.2594636, -6.8184526 ], [ 39.2592845, -6.8182553 ], [ 39.259087, -6.8180766 ], [ 39.2588729, -6.8179181 ], [ 39.2586443, -6.8177813 ], [ 39.2584034, -6.8176675 ], [ 39.2582338, -6.817607 ], [ 39.258348, -6.8174164 ], [ 39.2584617, -6.8171756 ], [ 39.2585514, -6.8169248 ], [ 39.258616, -6.8166664 ], [ 39.2586549, -6.816403 ], [ 39.2586679, -6.816137 ], [ 39.2586546, -6.815871 ], [ 39.2586154, -6.8156075 ], [ 39.2585505, -6.8153492 ], [ 39.2584606, -6.8150985 ], [ 39.2583466, -6.8148579 ], [ 39.2582095, -6.8146295 ], [ 39.2580506, -6.8144157 ], [ 39.2578716, -6.8142184 ], [ 39.2576741, -6.8140397 ], [ 39.25746, -6.8138812 ], [ 39.2572314, -6.8137444 ], [ 39.2569905, -6.8136306 ], [ 39.2567396, -6.8135411 ], [ 39.2564811, -6.8134765 ], [ 39.2562175, -6.8134375 ], [ 39.2559514, -6.8134246 ], [ 39.2556852, -6.8134378 ], [ 39.2554217, -6.813477 ], [ 39.2551633, -6.8135419 ], [ 39.2549125, -6.8136317 ], [ 39.2546717, -6.8137457 ], [ 39.2544832, -6.8138587 ], [ 39.2543722, -6.8138423 ], [ 39.2541061, -6.8138294 ], [ 39.25384, -6.8138426 ], [ 39.2537648, -6.8138538 ], [ 39.253561, -6.8138639 ], [ 39.2532974, -6.8139031 ], [ 39.2530781, -6.8139582 ], [ 39.2530185, -6.813967 ], [ 39.2527601, -6.8140319 ], [ 39.2527353, -6.8140408 ], [ 39.2525252, -6.8139151 ], [ 39.2522843, -6.8138013 ], [ 39.2520334, -6.8137118 ], [ 39.2517749, -6.8136472 ], [ 39.2515113, -6.8136082 ], [ 39.2512452, -6.8135953 ], [ 39.2509791, -6.8136085 ], [ 39.2507155, -6.8136477 ], [ 39.2506652, -6.8136604 ], [ 39.2504282, -6.8136721 ], [ 39.2501646, -6.8137113 ], [ 39.2499062, -6.8137762 ], [ 39.2496554, -6.813866 ], [ 39.2494146, -6.81398 ], [ 39.2491861, -6.8141171 ], [ 39.2489722, -6.8142758 ], [ 39.2487749, -6.8144548 ], [ 39.248596, -6.8146522 ], [ 39.2484374, -6.8148662 ], [ 39.2483006, -6.8150947 ], [ 39.2481868, -6.8153355 ], [ 39.2480971, -6.8155863 ], [ 39.2480325, -6.8158446 ], [ 39.2479936, -6.8161081 ], [ 39.2479806, -6.8163741 ], [ 39.2479938, -6.8166401 ], [ 39.2480331, -6.8169035 ], [ 39.248098, -6.8171618 ], [ 39.2481878, -6.8174125 ], [ 39.2483019, -6.8176532 ], [ 39.248439, -6.8178816 ], [ 39.2485978, -6.8180954 ], [ 39.2487769, -6.8182926 ], [ 39.2489744, -6.8184714 ], [ 39.2491885, -6.8186299 ], [ 39.2494171, -6.8187667 ], [ 39.249658, -6.8188804 ], [ 39.2499089, -6.81897 ], [ 39.2501674, -6.8190346 ], [ 39.250431, -6.8190736 ], [ 39.250473, -6.8190756 ], [ 39.2505618, -6.8191413 ], [ 39.2507904, -6.8192781 ], [ 39.2510313, -6.8193919 ], [ 39.2512822, -6.8194814 ], [ 39.2515407, -6.819546 ], [ 39.2518043, -6.819585 ], [ 39.2520704, -6.8195979 ], [ 39.2523365, -6.8195847 ], [ 39.2526001, -6.8195455 ], [ 39.2526025, -6.8195449 ], [ 39.2526584, -6.8195421 ], [ 39.2529162, -6.8195037 ], [ 39.2530017, -6.8194995 ], [ 39.2532653, -6.8194603 ], [ 39.253273, -6.8194583 ], [ 39.2533021, -6.8194569 ], [ 39.2535657, -6.8194177 ], [ 39.2538241, -6.8193528 ], [ 39.2539429, -6.8193103 ], [ 39.2540807, -6.8192898 ], [ 39.2542366, -6.8192506 ], [ 39.254375, -6.8192438 ], [ 39.2546386, -6.8192046 ], [ 39.2548521, -6.819151 ], [ 39.2547671, -6.8193889 ], [ 39.2547025, -6.8196473 ], [ 39.2546636, -6.8199107 ], [ 39.2546506, -6.8201767 ], [ 39.2546638, -6.8204427 ], [ 39.2547031, -6.8207061 ], [ 39.2547679, -6.8209644 ], [ 39.2548578, -6.8212152 ], [ 39.2549719, -6.8214558 ], [ 39.255109, -6.8216842 ], [ 39.2552678, -6.821898 ], [ 39.2554469, -6.8220953 ], [ 39.2556074, -6.8222406 ], [ 39.2556663, -6.8224751 ], [ 39.2557562, -6.8227258 ], [ 39.2558703, -6.8229664 ], [ 39.2560074, -6.8231948 ], [ 39.2561662, -6.8234086 ], [ 39.2563453, -6.8236059 ], [ 39.2565428, -6.8237846 ], [ 39.2567569, -6.8239431 ], [ 39.2569855, -6.8240799 ], [ 39.2572264, -6.8241937 ], [ 39.2574773, -6.8242832 ], [ 39.2577358, -6.8243478 ], [ 39.2579994, -6.8243868 ], [ 39.2582656, -6.8243997 ], [ 39.2585317, -6.8243865 ], [ 39.2587952, -6.8243473 ], [ 39.2590536, -6.8242824 ], [ 39.2591094, -6.8242624 ], [ 39.2592645, -6.8243179 ], [ 39.259523, -6.8243824 ], [ 39.2597866, -6.8244214 ], [ 39.2600528, -6.8244343 ], [ 39.2603189, -6.8244211 ], [ 39.2605824, -6.8243819 ], [ 39.2608409, -6.824317 ], [ 39.2610917, -6.8242271 ] ] ], [ [ [ 39.2620135, -6.8128554 ], [ 39.2622109, -6.8126764 ], [ 39.2623897, -6.812479 ], [ 39.2625483, -6.812265 ], [ 39.2626851, -6.8120365 ], [ 39.2627989, -6.8117957 ], [ 39.2628885, -6.8115449 ], [ 39.2629531, -6.8112865 ], [ 39.2629921, -6.811023 ], [ 39.2629934, -6.8109956 ], [ 39.2629964, -6.8109916 ], [ 39.263084, -6.8110229 ], [ 39.2633425, -6.8110874 ], [ 39.2636061, -6.8111264 ], [ 39.2638722, -6.8111393 ], [ 39.2641383, -6.8111261 ], [ 39.2644018, -6.8110868 ], [ 39.2646603, -6.811022 ], [ 39.2649111, -6.8109321 ], [ 39.2651519, -6.8108181 ], [ 39.2653803, -6.8106811 ], [ 39.2655942, -6.8105223 ], [ 39.2657916, -6.8103434 ], [ 39.2659704, -6.810146 ], [ 39.266129, -6.809932 ], [ 39.2662658, -6.8097035 ], [ 39.2663796, -6.8094626 ], [ 39.2664692, -6.8092118 ], [ 39.2665338, -6.8089535 ], [ 39.2665728, -6.80869 ], [ 39.2665857, -6.808424 ], [ 39.2665725, -6.808158 ], [ 39.2665333, -6.8078946 ], [ 39.2664684, -6.8076363 ], [ 39.2663785, -6.8073856 ], [ 39.2662644, -6.8071449 ], [ 39.2661273, -6.8069166 ], [ 39.2659685, -6.8067027 ], [ 39.2657894, -6.8065055 ], [ 39.2655919, -6.8063268 ], [ 39.2653778, -6.8061682 ], [ 39.2651492, -6.8060315 ], [ 39.2649083, -6.8059177 ], [ 39.2646574, -6.8058281 ], [ 39.2643989, -6.8057636 ], [ 39.2641353, -6.8057246 ], [ 39.2638692, -6.8057117 ], [ 39.2636031, -6.8057249 ], [ 39.2634848, -6.8057425 ], [ 39.2634704, -6.8056463 ], [ 39.2634056, -6.805388 ], [ 39.2633157, -6.8051373 ], [ 39.2632016, -6.8048966 ], [ 39.2630645, -6.8046683 ], [ 39.2629057, -6.8044545 ], [ 39.2627267, -6.8042572 ], [ 39.2625291, -6.8040785 ], [ 39.262315, -6.80392 ], [ 39.2620864, -6.8037832 ], [ 39.2618455, -6.8036694 ], [ 39.2616289, -6.8035921 ], [ 39.2616415, -6.8035417 ], [ 39.2616805, -6.8032782 ], [ 39.2616934, -6.8030122 ], [ 39.2616802, -6.8027462 ], [ 39.2616409, -6.8024828 ], [ 39.2615761, -6.8022245 ], [ 39.2614862, -6.8019738 ], [ 39.2613721, -6.8017331 ], [ 39.261235, -6.8015048 ], [ 39.2610762, -6.801291 ], [ 39.2608971, -6.8010937 ], [ 39.2606996, -6.800915 ], [ 39.2604855, -6.8007565 ], [ 39.2602569, -6.8006197 ], [ 39.260016, -6.8005059 ], [ 39.2597651, -6.8004163 ], [ 39.2595066, -6.8003518 ], [ 39.2592431, -6.8003128 ], [ 39.2589769, -6.8002999 ], [ 39.2587108, -6.8003131 ], [ 39.2584473, -6.8003523 ], [ 39.2581889, -6.8004172 ], [ 39.2579381, -6.800507 ], [ 39.2576973, -6.800621 ], [ 39.2574688, -6.8007581 ], [ 39.2572549, -6.8009168 ], [ 39.2570576, -6.8010958 ], [ 39.2568788, -6.8012932 ], [ 39.2567202, -6.8015072 ], [ 39.2565833, -6.8017357 ], [ 39.2564695, -6.8019765 ], [ 39.2563799, -6.8022273 ], [ 39.2563153, -6.8024857 ], [ 39.2562763, -6.8027491 ], [ 39.2562634, -6.8030151 ], [ 39.2562766, -6.8032811 ], [ 39.2563159, -6.8035446 ], [ 39.2563807, -6.8038029 ], [ 39.2564706, -6.8040536 ], [ 39.2565847, -6.8042942 ], [ 39.2567218, -6.8045226 ], [ 39.2568806, -6.8047364 ], [ 39.2569458, -6.8048082 ], [ 39.2568467, -6.8047835 ], [ 39.2565831, -6.8047445 ], [ 39.256317, -6.8047316 ], [ 39.2560509, -6.8047448 ], [ 39.2557873, -6.804784 ], [ 39.2555289, -6.8048489 ], [ 39.2552781, -6.8049387 ], [ 39.2550373, -6.8050527 ], [ 39.2548088, -6.8051898 ], [ 39.2545949, -6.8053485 ], [ 39.2543976, -6.8055275 ], [ 39.2542188, -6.8057249 ], [ 39.2540602, -6.8059389 ], [ 39.2539233, -6.8061674 ], [ 39.2538095, -6.8064082 ], [ 39.2537199, -6.806659 ], [ 39.2536984, -6.8067451 ], [ 39.2536612, -6.8068237 ], [ 39.2535716, -6.8070745 ], [ 39.253507, -6.8073329 ], [ 39.253468, -6.8075963 ], [ 39.2534551, -6.8078623 ], [ 39.2534683, -6.8081283 ], [ 39.2535075, -6.8083917 ], [ 39.2535724, -6.80865 ], [ 39.2536623, -6.8089007 ], [ 39.2537763, -6.8091414 ], [ 39.2539134, -6.8093698 ], [ 39.2540723, -6.8095836 ], [ 39.2542513, -6.8097808 ], [ 39.2544488, -6.8099596 ], [ 39.2546629, -6.8101181 ], [ 39.2548915, -6.8102549 ], [ 39.2551324, -6.8103687 ], [ 39.2553833, -6.8104582 ], [ 39.2556418, -6.8105228 ], [ 39.2559054, -6.8105618 ], [ 39.2561715, -6.8105747 ], [ 39.2563851, -6.8105641 ], [ 39.2564043, -6.8106929 ], [ 39.2564692, -6.8109512 ], [ 39.2565591, -6.8112019 ], [ 39.2566731, -6.8114425 ], [ 39.2568102, -6.8116709 ], [ 39.2569691, -6.8118847 ], [ 39.2571481, -6.812082 ], [ 39.2573456, -6.8122607 ], [ 39.2575597, -6.8124192 ], [ 39.2577883, -6.812556 ], [ 39.2580292, -6.8126698 ], [ 39.2582802, -6.8127594 ], [ 39.2585294, -6.8128216 ], [ 39.2585687, -6.8128572 ], [ 39.2587828, -6.8130157 ], [ 39.2590114, -6.8131525 ], [ 39.2592523, -6.8132663 ], [ 39.2595033, -6.8133559 ], [ 39.2597618, -6.8134204 ], [ 39.2600253, -6.8134594 ], [ 39.2602915, -6.8134723 ], [ 39.2605576, -6.8134591 ], [ 39.2608211, -6.8134199 ], [ 39.2610795, -6.813355 ], [ 39.2613304, -6.8132651 ], [ 39.2615712, -6.8131512 ], [ 39.2617996, -6.8130141 ], [ 39.2620135, -6.8128554 ] ] ], [ [ [ 39.250094, -6.8086424 ], [ 39.2502913, -6.8084634 ], [ 39.2504701, -6.808266 ], [ 39.2506287, -6.808052 ], [ 39.2507656, -6.8078235 ], [ 39.2508794, -6.8075827 ], [ 39.250969, -6.8073319 ], [ 39.2510336, -6.8070736 ], [ 39.2510726, -6.8068101 ], [ 39.2510855, -6.8065441 ], [ 39.2510723, -6.8062781 ], [ 39.2510331, -6.8060147 ], [ 39.2509682, -6.8057564 ], [ 39.2508783, -6.8055057 ], [ 39.2507643, -6.805265 ], [ 39.2506272, -6.8050366 ], [ 39.2504683, -6.8048228 ], [ 39.2502893, -6.8046256 ], [ 39.2500918, -6.8044468 ], [ 39.2498777, -6.8042883 ], [ 39.2496491, -6.8041515 ], [ 39.2496015, -6.804129 ], [ 39.2494455, -6.8039878 ], [ 39.2492314, -6.8038293 ], [ 39.2490028, -6.8036925 ], [ 39.2487619, -6.8035788 ], [ 39.248511, -6.8034892 ], [ 39.2482525, -6.8034246 ], [ 39.2479889, -6.8033856 ], [ 39.2477228, -6.8033727 ], [ 39.2474567, -6.8033859 ], [ 39.2471932, -6.8034251 ], [ 39.2469347, -6.80349 ], [ 39.2466839, -6.8035798 ], [ 39.2464431, -6.8036938 ], [ 39.2462147, -6.8038308 ], [ 39.2460008, -6.8039896 ], [ 39.2458034, -6.8041685 ], [ 39.2456246, -6.804366 ], [ 39.245466, -6.80458 ], [ 39.2453291, -6.8048085 ], [ 39.2452153, -6.8050493 ], [ 39.2451257, -6.8053001 ], [ 39.2450611, -6.8055584 ], [ 39.2450221, -6.8058219 ], [ 39.2450092, -6.8060879 ], [ 39.2450224, -6.8063539 ], [ 39.2450616, -6.8066173 ], [ 39.2451265, -6.8068756 ], [ 39.2452164, -6.8071263 ], [ 39.2453304, -6.807367 ], [ 39.2454675, -6.8075953 ], [ 39.2456263, -6.8078092 ], [ 39.2458054, -6.8080064 ], [ 39.2460029, -6.8081852 ], [ 39.246217, -6.8083437 ], [ 39.2464456, -6.8084805 ], [ 39.2464932, -6.808503 ], [ 39.2466492, -6.8086442 ], [ 39.2468633, -6.8088027 ], [ 39.2470919, -6.8089395 ], [ 39.2473328, -6.8090532 ], [ 39.2475837, -6.8091428 ], [ 39.2478422, -6.8092074 ], [ 39.2481058, -6.8092464 ], [ 39.2483719, -6.8092593 ], [ 39.248638, -6.8092461 ], [ 39.2489015, -6.8092069 ], [ 39.24916, -6.809142 ], [ 39.2494108, -6.8090522 ], [ 39.2496516, -6.8089382 ], [ 39.24988, -6.8088012 ], [ 39.250094, -6.8086424 ] ] ], [ [ [ 39.2496998, -6.8032274 ], [ 39.2499284, -6.8033642 ], [ 39.2501693, -6.8034779 ], [ 39.2504202, -6.8035675 ], [ 39.2506787, -6.8036321 ], [ 39.2509423, -6.8036711 ], [ 39.2512084, -6.803684 ], [ 39.2514745, -6.8036708 ], [ 39.2517381, -6.8036316 ], [ 39.2518994, -6.8035911 ], [ 39.251978, -6.8035872 ], [ 39.2522416, -6.803548 ], [ 39.2525, -6.8034831 ], [ 39.2527508, -6.8033933 ], [ 39.2529916, -6.8032793 ], [ 39.25322, -6.8031422 ], [ 39.253434, -6.8029835 ], [ 39.2536313, -6.8028045 ], [ 39.2538101, -6.8026071 ], [ 39.2539687, -6.8023931 ], [ 39.2541056, -6.8021646 ], [ 39.2542194, -6.8019238 ], [ 39.254309, -6.801673 ], [ 39.2543736, -6.8014146 ], [ 39.2544125, -6.8011512 ], [ 39.2544255, -6.8008852 ], [ 39.2544123, -6.8006192 ], [ 39.254373, -6.8003558 ], [ 39.2543082, -6.8000975 ], [ 39.2542183, -6.7998468 ], [ 39.2541042, -6.7996061 ], [ 39.2539671, -6.7993777 ], [ 39.2538083, -6.7991639 ], [ 39.2536293, -6.7989667 ], [ 39.2534318, -6.7987879 ], [ 39.2532177, -6.7986294 ], [ 39.2529891, -6.7984926 ], [ 39.2527482, -6.7983788 ], [ 39.2524973, -6.7982893 ], [ 39.2522388, -6.7982247 ], [ 39.2519752, -6.7981857 ], [ 39.2517091, -6.7981728 ], [ 39.251443, -6.798186 ], [ 39.2511795, -6.7982252 ], [ 39.2510181, -6.7982657 ], [ 39.2509395, -6.7982696 ], [ 39.250676, -6.7983088 ], [ 39.2504175, -6.7983737 ], [ 39.2501667, -6.7984635 ], [ 39.2499259, -6.7985775 ], [ 39.2496975, -6.7987145 ], [ 39.2494836, -6.7988733 ], [ 39.2492862, -6.7990523 ], [ 39.2491074, -6.7992497 ], [ 39.2489488, -6.7994637 ], [ 39.2488119, -6.7996922 ], [ 39.2486982, -6.799933 ], [ 39.2486085, -6.8001838 ], [ 39.2485439, -6.8004421 ], [ 39.248505, -6.8007056 ], [ 39.248492, -6.8009716 ], [ 39.2485052, -6.8012376 ], [ 39.2485445, -6.801501 ], [ 39.2486093, -6.8017593 ], [ 39.2486992, -6.80201 ], [ 39.2488133, -6.8022507 ], [ 39.2489504, -6.8024791 ], [ 39.2491092, -6.8026929 ], [ 39.2492882, -6.8028901 ], [ 39.2494857, -6.8030689 ], [ 39.2496998, -6.8032274 ] ] ], [ [ [ 39.2612815, -6.7851448 ], [ 39.2614788, -6.7849658 ], [ 39.2616577, -6.7847684 ], [ 39.2618162, -6.7845544 ], [ 39.2619531, -6.7843259 ], [ 39.2620669, -6.7840851 ], [ 39.2621565, -6.7838343 ], [ 39.2622211, -6.7835759 ], [ 39.26226, -6.7833124 ], [ 39.262273, -6.7830464 ], [ 39.2622598, -6.7827804 ], [ 39.2622205, -6.782517 ], [ 39.2621556, -6.7822587 ], [ 39.2620658, -6.782008 ], [ 39.2619517, -6.7817673 ], [ 39.2618146, -6.781539 ], [ 39.2616558, -6.7813252 ], [ 39.2614768, -6.7811279 ], [ 39.2612793, -6.7809492 ], [ 39.2610652, -6.7807907 ], [ 39.2608366, -6.7806539 ], [ 39.2605957, -6.7805401 ], [ 39.2603448, -6.7804505 ], [ 39.2600863, -6.780386 ], [ 39.2598228, -6.780347 ], [ 39.2595566, -6.7803341 ], [ 39.2592906, -6.7803473 ], [ 39.259027, -6.7803865 ], [ 39.2587686, -6.7804514 ], [ 39.2585178, -6.7805412 ], [ 39.258277, -6.7806552 ], [ 39.2580486, -6.7807923 ], [ 39.2578347, -6.780951 ], [ 39.2576374, -6.78113 ], [ 39.2574586, -6.7813274 ], [ 39.2573, -6.7815414 ], [ 39.2571631, -6.7817699 ], [ 39.2570493, -6.7820107 ], [ 39.2569597, -6.7822615 ], [ 39.2568951, -6.7825199 ], [ 39.2568562, -6.7827833 ], [ 39.2568432, -6.7830493 ], [ 39.2568564, -6.7833153 ], [ 39.2568957, -6.7835788 ], [ 39.2569605, -6.7838371 ], [ 39.2570504, -6.7840878 ], [ 39.2571645, -6.7843284 ], [ 39.2573016, -6.7845568 ], [ 39.2574604, -6.7847706 ], [ 39.2576394, -6.7849679 ], [ 39.2578369, -6.7851466 ], [ 39.258051, -6.7853051 ], [ 39.2582796, -6.7854419 ], [ 39.2585205, -6.7855557 ], [ 39.2587714, -6.7856453 ], [ 39.2590299, -6.7857098 ], [ 39.2592934, -6.7857488 ], [ 39.2595596, -6.7857617 ], [ 39.2598257, -6.7857485 ], [ 39.2600892, -6.7857093 ], [ 39.2603476, -6.7856444 ], [ 39.2605984, -6.7855546 ], [ 39.2608392, -6.7854406 ], [ 39.2610676, -6.7853035 ], [ 39.2612815, -6.7851448 ] ] ], [ [ [ 39.267555, -6.8314276 ], [ 39.2677835, -6.8312906 ], [ 39.2679974, -6.8311318 ], [ 39.2681948, -6.8309529 ], [ 39.2683736, -6.8307554 ], [ 39.2685322, -6.8305414 ], [ 39.268669, -6.8303129 ], [ 39.2686888, -6.8302711 ], [ 39.2688278, -6.8302213 ], [ 39.2690686, -6.8301073 ], [ 39.2692971, -6.8299703 ], [ 39.269511, -6.8298115 ], [ 39.2697084, -6.8296326 ], [ 39.2698872, -6.8294351 ], [ 39.2700458, -6.8292211 ], [ 39.2701826, -6.8289926 ], [ 39.2702964, -6.8287518 ], [ 39.2703861, -6.828501 ], [ 39.2704506, -6.8282426 ], [ 39.2704896, -6.8279792 ], [ 39.2705025, -6.8277132 ], [ 39.2704893, -6.8274472 ], [ 39.2704501, -6.8271838 ], [ 39.2703852, -6.8269255 ], [ 39.2702953, -6.8266748 ], [ 39.2701812, -6.8264341 ], [ 39.2700441, -6.8262057 ], [ 39.2700387, -6.8261984 ], [ 39.2701054, -6.8260115 ], [ 39.27017, -6.8257531 ], [ 39.2702082, -6.8254951 ], [ 39.2703458, -6.8255971 ], [ 39.2703594, -6.8256052 ], [ 39.2704106, -6.8256515 ], [ 39.2706247, -6.8258101 ], [ 39.2708534, -6.8259469 ], [ 39.2710943, -6.8260606 ], [ 39.2713452, -6.8261502 ], [ 39.2716037, -6.8262147 ], [ 39.2718673, -6.8262537 ], [ 39.2721334, -6.8262666 ], [ 39.2723996, -6.8262534 ], [ 39.2726631, -6.8262141 ], [ 39.2729215, -6.8261493 ], [ 39.2731723, -6.8260594 ], [ 39.2731777, -6.8260569 ], [ 39.2731792, -6.8260563 ], [ 39.2732639, -6.8260437 ], [ 39.2735223, -6.8259789 ], [ 39.2737731, -6.825889 ], [ 39.2738462, -6.8258544 ], [ 39.2739877, -6.8258037 ], [ 39.2742285, -6.8256897 ], [ 39.274457, -6.8255527 ], [ 39.2746709, -6.8253939 ], [ 39.2748051, -6.8252722 ], [ 39.2750142, -6.825117 ], [ 39.2752116, -6.824938 ], [ 39.2753904, -6.8247406 ], [ 39.275549, -6.8245266 ], [ 39.2756858, -6.8242981 ], [ 39.2757996, -6.8240573 ], [ 39.2758892, -6.8238065 ], [ 39.2759538, -6.8235481 ], [ 39.2759928, -6.8232847 ], [ 39.2760057, -6.8230187 ], [ 39.2759925, -6.8227527 ], [ 39.2759823, -6.8226845 ], [ 39.2760555, -6.8225622 ], [ 39.2761693, -6.8223214 ], [ 39.2762589, -6.8220706 ], [ 39.2763235, -6.8218122 ], [ 39.2763255, -6.8217991 ], [ 39.2763437, -6.8217926 ], [ 39.2765844, -6.8216786 ], [ 39.2768129, -6.8215416 ], [ 39.2770268, -6.8213828 ], [ 39.2772241, -6.8212038 ], [ 39.277403, -6.8210064 ], [ 39.2775616, -6.8207924 ], [ 39.2776984, -6.8205639 ], [ 39.2778122, -6.8203231 ], [ 39.2779018, -6.8200723 ], [ 39.2779664, -6.8198139 ], [ 39.2780054, -6.8195504 ], [ 39.2780183, -6.8192844 ], [ 39.278005, -6.8190185 ], [ 39.2779658, -6.818755 ], [ 39.2779009, -6.8184967 ], [ 39.277811, -6.818246 ], [ 39.2776969, -6.8180054 ], [ 39.2776954, -6.8180027 ], [ 39.2777047, -6.8179983 ], [ 39.2777548, -6.8179683 ], [ 39.277779, -6.8179671 ], [ 39.2778054, -6.8180723 ], [ 39.2778953, -6.818323 ], [ 39.2780094, -6.8185637 ], [ 39.2781465, -6.818792 ], [ 39.2783053, -6.8190058 ], [ 39.2784844, -6.819203 ], [ 39.2786819, -6.8193818 ], [ 39.278896, -6.8195403 ], [ 39.2791246, -6.8196771 ], [ 39.2793655, -6.8197908 ], [ 39.2796165, -6.8198804 ], [ 39.279875, -6.8199449 ], [ 39.2801385, -6.8199839 ], [ 39.2804047, -6.8199968 ], [ 39.2806708, -6.8199836 ], [ 39.2809343, -6.8199443 ], [ 39.2811928, -6.8198795 ], [ 39.2814436, -6.8197896 ], [ 39.2816844, -6.8196756 ], [ 39.2819128, -6.8195385 ], [ 39.2821267, -6.8193798 ], [ 39.2823241, -6.8192008 ], [ 39.2825029, -6.8190034 ], [ 39.2826615, -6.8187894 ], [ 39.2827983, -6.8185609 ], [ 39.2829121, -6.8183201 ], [ 39.2830017, -6.8180693 ], [ 39.2830663, -6.8178109 ], [ 39.2831052, -6.8175474 ], [ 39.2831182, -6.8172814 ], [ 39.2831049, -6.8170154 ], [ 39.2830657, -6.816752 ], [ 39.2830008, -6.8164937 ], [ 39.2829109, -6.816243 ], [ 39.2827968, -6.8160023 ], [ 39.2826597, -6.815774 ], [ 39.2825009, -6.8155602 ], [ 39.2823815, -6.8154287 ], [ 39.2823544, -6.8153206 ], [ 39.2822645, -6.8150699 ], [ 39.2821504, -6.8148292 ], [ 39.2820133, -6.8146009 ], [ 39.2818545, -6.8143871 ], [ 39.2816754, -6.8141899 ], [ 39.2814779, -6.8140111 ], [ 39.2812638, -6.8138526 ], [ 39.2810352, -6.8137158 ], [ 39.2807942, -6.8136021 ], [ 39.2805433, -6.8135125 ], [ 39.2802848, -6.813448 ], [ 39.2800213, -6.813409 ], [ 39.2797551, -6.8133961 ], [ 39.2795274, -6.8134074 ], [ 39.2794702, -6.8133445 ], [ 39.2792727, -6.8131657 ], [ 39.2790586, -6.8130072 ], [ 39.27883, -6.8128704 ], [ 39.278772, -6.8128431 ], [ 39.2787605, -6.8126111 ], [ 39.2787213, -6.8123476 ], [ 39.2786564, -6.8120893 ], [ 39.2785665, -6.8118386 ], [ 39.2784524, -6.811598 ], [ 39.2783376, -6.8114067 ], [ 39.2784557, -6.8113508 ], [ 39.2786842, -6.8112138 ], [ 39.2788981, -6.811055 ], [ 39.2790954, -6.810876 ], [ 39.2792742, -6.8106786 ], [ 39.2794328, -6.8104646 ], [ 39.2795697, -6.8102361 ], [ 39.2796834, -6.8099953 ], [ 39.2797731, -6.8097445 ], [ 39.2798377, -6.8094861 ], [ 39.2798766, -6.8092226 ], [ 39.2798895, -6.8089566 ], [ 39.2798763, -6.8086906 ], [ 39.279837, -6.8084272 ], [ 39.2797722, -6.8081689 ], [ 39.2796822, -6.8079182 ], [ 39.2795682, -6.8076776 ], [ 39.2794311, -6.8074492 ], [ 39.2792722, -6.8072354 ], [ 39.2790932, -6.8070382 ], [ 39.2788957, -6.8068594 ], [ 39.2786816, -6.8067009 ], [ 39.278453, -6.8065641 ], [ 39.278212, -6.8064504 ], [ 39.2779611, -6.8063608 ], [ 39.2778321, -6.8063286 ], [ 39.2778358, -6.8063182 ], [ 39.2779004, -6.8060598 ], [ 39.2779394, -6.8057964 ], [ 39.2779523, -6.8055303 ], [ 39.2779391, -6.8052644 ], [ 39.2778998, -6.8050009 ], [ 39.2778349, -6.8047426 ], [ 39.277745, -6.8044919 ], [ 39.277631, -6.8042513 ], [ 39.2774939, -6.8040229 ], [ 39.277335, -6.8038091 ], [ 39.277156, -6.8036119 ], [ 39.2769585, -6.8034331 ], [ 39.2767444, -6.8032746 ], [ 39.2765158, -6.8031378 ], [ 39.2762749, -6.8030241 ], [ 39.2760239, -6.8029345 ], [ 39.2757655, -6.80287 ], [ 39.2755019, -6.802831 ], [ 39.2752358, -6.8028181 ], [ 39.2749696, -6.8028313 ], [ 39.2747061, -6.8028706 ], [ 39.2744477, -6.8029354 ], [ 39.27441, -6.8029489 ], [ 39.2743338, -6.8029299 ], [ 39.2740702, -6.8028909 ], [ 39.2738041, -6.802878 ], [ 39.273538, -6.8028912 ], [ 39.2732744, -6.8029305 ], [ 39.273016, -6.8029953 ], [ 39.2727652, -6.8030852 ], [ 39.2725244, -6.8031992 ], [ 39.272296, -6.8033362 ], [ 39.272082, -6.803495 ], [ 39.2718847, -6.803674 ], [ 39.2717059, -6.8038714 ], [ 39.2715473, -6.8040854 ], [ 39.2714105, -6.8043139 ], [ 39.2712967, -6.8045547 ], [ 39.2712071, -6.8048055 ], [ 39.2711425, -6.8050639 ], [ 39.2711035, -6.8053273 ], [ 39.2710906, -6.8055933 ], [ 39.2711038, -6.8058593 ], [ 39.2711431, -6.8061227 ], [ 39.2711989, -6.8063449 ], [ 39.271201, -6.8063882 ], [ 39.2712403, -6.8066516 ], [ 39.2713051, -6.8069099 ], [ 39.2713951, -6.8071606 ], [ 39.2715091, -6.8074013 ], [ 39.2716462, -6.8076297 ], [ 39.271805, -6.8078435 ], [ 39.2719841, -6.8080407 ], [ 39.2721816, -6.8082195 ], [ 39.2723957, -6.808378 ], [ 39.2726243, -6.8085148 ], [ 39.2728652, -6.8086285 ], [ 39.2731161, -6.8087181 ], [ 39.2733746, -6.8087826 ], [ 39.2736382, -6.8088216 ], [ 39.2739043, -6.8088345 ], [ 39.2741165, -6.8088239 ], [ 39.2743074, -6.8088716 ], [ 39.2744627, -6.8088946 ], [ 39.2744595, -6.8089597 ], [ 39.2744727, -6.8092257 ], [ 39.274512, -6.8094892 ], [ 39.2745768, -6.8097475 ], [ 39.2746667, -6.8099981 ], [ 39.2747808, -6.8102388 ], [ 39.2748956, -6.8104301 ], [ 39.2747775, -6.810486 ], [ 39.274549, -6.810623 ], [ 39.2743351, -6.8107818 ], [ 39.2741378, -6.8109608 ], [ 39.273959, -6.8111582 ], [ 39.2738004, -6.8113722 ], [ 39.2736635, -6.8116007 ], [ 39.2735497, -6.8118415 ], [ 39.2735215, -6.8119206 ], [ 39.273405, -6.8119034 ], [ 39.2731389, -6.8118905 ], [ 39.2728728, -6.8119037 ], [ 39.2726092, -6.811943 ], [ 39.2723508, -6.8120078 ], [ 39.2721, -6.8120977 ], [ 39.2718592, -6.8122117 ], [ 39.2716307, -6.8123487 ], [ 39.2714168, -6.8125075 ], [ 39.2712195, -6.8126864 ], [ 39.2710407, -6.8128839 ], [ 39.2710141, -6.8129198 ], [ 39.2707939, -6.8130518 ], [ 39.27058, -6.8132106 ], [ 39.2703827, -6.8133895 ], [ 39.2702039, -6.813587 ], [ 39.2700453, -6.813801 ], [ 39.2699084, -6.8140295 ], [ 39.2698518, -6.8141492 ], [ 39.2696566, -6.8142663 ], [ 39.2694427, -6.8144251 ], [ 39.2692454, -6.814604 ], [ 39.2690666, -6.8148015 ], [ 39.268908, -6.8150155 ], [ 39.2687711, -6.815244 ], [ 39.2686573, -6.8154848 ], [ 39.2685677, -6.8157356 ], [ 39.2685031, -6.815994 ], [ 39.2684642, -6.8162574 ], [ 39.2684512, -6.8165234 ], [ 39.2684645, -6.8167894 ], [ 39.2685037, -6.8170528 ], [ 39.2685686, -6.8173111 ], [ 39.2686585, -6.8175618 ], [ 39.2687725, -6.8178025 ], [ 39.2689097, -6.8180309 ], [ 39.2690685, -6.8182447 ], [ 39.2692475, -6.8184419 ], [ 39.2694451, -6.8186206 ], [ 39.2696592, -6.8187792 ], [ 39.2698878, -6.818916 ], [ 39.2701287, -6.8190297 ], [ 39.2703796, -6.8191193 ], [ 39.2704918, -6.8191473 ], [ 39.2705065, -6.8191883 ], [ 39.2706205, -6.819429 ], [ 39.2707577, -6.8196574 ], [ 39.2707957, -6.8197086 ], [ 39.2706229, -6.8198368 ], [ 39.2704256, -6.8200157 ], [ 39.2703726, -6.8200742 ], [ 39.2702761, -6.8201088 ], [ 39.2700353, -6.8202228 ], [ 39.2698068, -6.8203598 ], [ 39.2695929, -6.8205186 ], [ 39.2693956, -6.8206975 ], [ 39.2692167, -6.820895 ], [ 39.2690581, -6.821109 ], [ 39.2689213, -6.8213375 ], [ 39.2688075, -6.8215783 ], [ 39.2687179, -6.8218291 ], [ 39.2686533, -6.8220875 ], [ 39.2686143, -6.8223509 ], [ 39.2686014, -6.8226169 ], [ 39.2686079, -6.8227474 ], [ 39.2685444, -6.8227174 ], [ 39.2682935, -6.8226278 ], [ 39.268035, -6.8225633 ], [ 39.2677714, -6.8225243 ], [ 39.2675053, -6.8225114 ], [ 39.2674837, -6.8225125 ], [ 39.2673306, -6.8224578 ], [ 39.2670721, -6.8223933 ], [ 39.2668085, -6.8223543 ], [ 39.2665424, -6.8223414 ], [ 39.2662763, -6.8223546 ], [ 39.2660127, -6.8223939 ], [ 39.2657543, -6.8224587 ], [ 39.2655035, -6.8225486 ], [ 39.2652627, -6.8226626 ], [ 39.2650342, -6.8227996 ], [ 39.2648203, -6.8229584 ], [ 39.2647561, -6.8230166 ], [ 39.2645852, -6.8230421 ], [ 39.2643268, -6.8231069 ], [ 39.264076, -6.8231968 ], [ 39.2638352, -6.8233108 ], [ 39.2636067, -6.8234478 ], [ 39.2633928, -6.8236066 ], [ 39.2631955, -6.8237855 ], [ 39.2630167, -6.8239829 ], [ 39.262858, -6.8241969 ], [ 39.2628054, -6.8242848 ], [ 39.2626973, -6.8242901 ], [ 39.2624338, -6.8243294 ], [ 39.2621753, -6.8243942 ], [ 39.2619245, -6.8244841 ], [ 39.2616837, -6.8245981 ], [ 39.2614552, -6.8247351 ], [ 39.2612413, -6.8248939 ], [ 39.261044, -6.8250728 ], [ 39.2608652, -6.8252702 ], [ 39.2607065, -6.8254842 ], [ 39.2605697, -6.8257127 ], [ 39.2604559, -6.8259535 ], [ 39.2603663, -6.8262043 ], [ 39.2603017, -6.8264627 ], [ 39.2602627, -6.8267262 ], [ 39.2602498, -6.8269922 ], [ 39.260263, -6.8272582 ], [ 39.2603022, -6.8275216 ], [ 39.2603671, -6.8277799 ], [ 39.260457, -6.8280306 ], [ 39.2605711, -6.8282713 ], [ 39.2607082, -6.8284996 ], [ 39.260867, -6.8287134 ], [ 39.2610461, -6.8289107 ], [ 39.2612436, -6.8290894 ], [ 39.2614577, -6.8292479 ], [ 39.2616863, -6.8293847 ], [ 39.2619272, -6.8294985 ], [ 39.2621782, -6.8295881 ], [ 39.2624367, -6.8296526 ], [ 39.2627002, -6.8296916 ], [ 39.2629664, -6.8297045 ], [ 39.2632325, -6.8296913 ], [ 39.263496, -6.829652 ], [ 39.2636247, -6.8296198 ], [ 39.263676, -6.8298242 ], [ 39.2637659, -6.8300749 ], [ 39.26388, -6.8303156 ], [ 39.2640171, -6.8305439 ], [ 39.2641759, -6.8307578 ], [ 39.264355, -6.830955 ], [ 39.2645525, -6.8311337 ], [ 39.2647666, -6.8312923 ], [ 39.2649952, -6.831429 ], [ 39.2652361, -6.8315428 ], [ 39.2654871, -6.8316324 ], [ 39.2657456, -6.8316969 ], [ 39.2660092, -6.8317359 ], [ 39.2662753, -6.8317488 ], [ 39.2665414, -6.8317356 ], [ 39.266805, -6.8316963 ], [ 39.2670634, -6.8316315 ], [ 39.2673142, -6.8315416 ], [ 39.267555, -6.8314276 ] ] ], [ [ [ 39.2659805, -6.8027028 ], [ 39.2661778, -6.8025239 ], [ 39.2663566, -6.8023265 ], [ 39.2665152, -6.8021125 ], [ 39.2666521, -6.801884 ], [ 39.2667659, -6.8016431 ], [ 39.2668555, -6.8013923 ], [ 39.2669201, -6.801134 ], [ 39.266959, -6.8008705 ], [ 39.2669622, -6.8008047 ], [ 39.2671606, -6.8006574 ], [ 39.2673579, -6.8004785 ], [ 39.2675367, -6.8002811 ], [ 39.2676953, -6.8000671 ], [ 39.2678322, -6.7998385 ], [ 39.267946, -6.7995977 ], [ 39.2680356, -6.7993469 ], [ 39.2681002, -6.7990886 ], [ 39.2681391, -6.7988251 ], [ 39.2681521, -6.7985591 ], [ 39.2681472, -6.7984621 ], [ 39.2683358, -6.7983728 ], [ 39.2685643, -6.7982358 ], [ 39.2687782, -6.798077 ], [ 39.2689755, -6.7978981 ], [ 39.2691543, -6.7977006 ], [ 39.2693129, -6.7974866 ], [ 39.2694498, -6.7972581 ], [ 39.2695636, -6.7970173 ], [ 39.2696532, -6.7967665 ], [ 39.2697178, -6.7965082 ], [ 39.2697567, -6.7962447 ], [ 39.2697696, -6.7959787 ], [ 39.2697564, -6.7957127 ], [ 39.2697172, -6.7954493 ], [ 39.2696523, -6.795191 ], [ 39.2695624, -6.7949403 ], [ 39.2694484, -6.7946996 ], [ 39.2693113, -6.7944713 ], [ 39.2691925, -6.7943114 ], [ 39.2692007, -6.7941438 ], [ 39.2693532, -6.7943119 ], [ 39.2695507, -6.7944906 ], [ 39.2697648, -6.7946492 ], [ 39.2699934, -6.794786 ], [ 39.2702343, -6.7948997 ], [ 39.2704853, -6.7949893 ], [ 39.2707437, -6.7950538 ], [ 39.2710073, -6.7950928 ], [ 39.2712734, -6.7951057 ], [ 39.2715395, -6.7950925 ], [ 39.271803, -6.7950532 ], [ 39.2720615, -6.7949884 ], [ 39.2723123, -6.7948985 ], [ 39.2725531, -6.7947845 ], [ 39.2727815, -6.7946475 ], [ 39.2729954, -6.7944887 ], [ 39.2731927, -6.7943098 ], [ 39.2733715, -6.7941123 ], [ 39.2735301, -6.7938983 ], [ 39.273667, -6.7936698 ], [ 39.2737807, -6.793429 ], [ 39.2738704, -6.7931782 ], [ 39.273935, -6.7929198 ], [ 39.2739739, -6.7926564 ], [ 39.2739868, -6.7923904 ], [ 39.2739736, -6.7921244 ], [ 39.2739344, -6.791861 ], [ 39.2738695, -6.7916027 ], [ 39.2737796, -6.791352 ], [ 39.2736655, -6.7911113 ], [ 39.2735284, -6.7908829 ], [ 39.2733696, -6.7906691 ], [ 39.2731906, -6.7904719 ], [ 39.2731608, -6.790445 ], [ 39.273154, -6.7903996 ], [ 39.2730892, -6.7901413 ], [ 39.2729993, -6.7898906 ], [ 39.2728852, -6.7896499 ], [ 39.2727481, -6.7894215 ], [ 39.2725893, -6.7892077 ], [ 39.2724103, -6.7890105 ], [ 39.2722127, -6.7888318 ], [ 39.2719987, -6.7886732 ], [ 39.2717701, -6.7885364 ], [ 39.2715291, -6.7884227 ], [ 39.2712782, -6.7883331 ], [ 39.2710198, -6.7882686 ], [ 39.2707562, -6.7882296 ], [ 39.2704901, -6.7882167 ], [ 39.270224, -6.7882299 ], [ 39.2699605, -6.7882692 ], [ 39.2697021, -6.788334 ], [ 39.2694513, -6.7884239 ], [ 39.2692105, -6.7885379 ], [ 39.268982, -6.7886749 ], [ 39.2689325, -6.7887116 ], [ 39.2688437, -6.788592 ], [ 39.2686647, -6.7883948 ], [ 39.2684672, -6.7882161 ], [ 39.2682531, -6.7880575 ], [ 39.2680245, -6.7879208 ], [ 39.2677836, -6.787807 ], [ 39.2675327, -6.7877174 ], [ 39.2672742, -6.7876529 ], [ 39.2672282, -6.7876461 ], [ 39.26722, -6.787481 ], [ 39.2671807, -6.7872176 ], [ 39.2671159, -6.7869593 ], [ 39.267026, -6.7867086 ], [ 39.2669119, -6.7864679 ], [ 39.2667748, -6.7862396 ], [ 39.266616, -6.7860257 ], [ 39.266437, -6.7858285 ], [ 39.2662395, -6.7856498 ], [ 39.2660254, -6.7854912 ], [ 39.2657968, -6.7853545 ], [ 39.2655559, -6.7852407 ], [ 39.265305, -6.7851511 ], [ 39.2650465, -6.7850866 ], [ 39.2647829, -6.7850476 ], [ 39.2645168, -6.7850347 ], [ 39.2642507, -6.7850479 ], [ 39.2639872, -6.7850871 ], [ 39.2637288, -6.785152 ], [ 39.263478, -6.7852419 ], [ 39.2632372, -6.7853559 ], [ 39.2630088, -6.7854929 ], [ 39.2627948, -6.7856517 ], [ 39.2625975, -6.7858306 ], [ 39.2624187, -6.786028 ], [ 39.2622601, -6.786242 ], [ 39.2621233, -6.7864705 ], [ 39.2620095, -6.7867113 ], [ 39.2619199, -6.7869621 ], [ 39.2618553, -6.7872205 ], [ 39.2618163, -6.787484 ], [ 39.2618034, -6.78775 ], [ 39.2618166, -6.788016 ], [ 39.2618559, -6.7882794 ], [ 39.2619207, -6.7885377 ], [ 39.2620106, -6.7887884 ], [ 39.2621247, -6.7890291 ], [ 39.2622618, -6.7892574 ], [ 39.2624206, -6.7894712 ], [ 39.2625996, -6.7896685 ], [ 39.2627971, -6.7898472 ], [ 39.2630112, -6.7900057 ], [ 39.2632398, -6.7901425 ], [ 39.2634807, -6.7902563 ], [ 39.2637316, -6.7903459 ], [ 39.2639901, -6.7904104 ], [ 39.2640361, -6.7904172 ], [ 39.2640443, -6.7905823 ], [ 39.2640835, -6.7908457 ], [ 39.2641484, -6.791104 ], [ 39.2642383, -6.7913547 ], [ 39.2643524, -6.7915954 ], [ 39.2644895, -6.7918237 ], [ 39.2646483, -6.7920376 ], [ 39.264677, -6.7920692 ], [ 39.2645678, -6.7921683 ], [ 39.264389, -6.7923657 ], [ 39.2642304, -6.7925797 ], [ 39.2640935, -6.7928082 ], [ 39.2639798, -6.7930491 ], [ 39.2638901, -6.7932999 ], [ 39.2638255, -6.7935582 ], [ 39.2637866, -6.7938217 ], [ 39.263786, -6.7938344 ], [ 39.2637258, -6.7938433 ], [ 39.2634674, -6.7939082 ], [ 39.2632166, -6.7939981 ], [ 39.2629758, -6.7941121 ], [ 39.2627473, -6.7942491 ], [ 39.2625334, -6.7944079 ], [ 39.2623361, -6.7945868 ], [ 39.2621573, -6.7947842 ], [ 39.2619987, -6.7949982 ], [ 39.2618618, -6.7952267 ], [ 39.2617481, -6.7954675 ], [ 39.2616584, -6.7957183 ], [ 39.2615938, -6.7959767 ], [ 39.2615549, -6.7962402 ], [ 39.261542, -6.7965062 ], [ 39.2615552, -6.7967722 ], [ 39.2615944, -6.7970356 ], [ 39.2616282, -6.7971701 ], [ 39.2616278, -6.7971772 ], [ 39.2616411, -6.7974432 ], [ 39.2616803, -6.7977066 ], [ 39.2617452, -6.7979649 ], [ 39.2618351, -6.7982156 ], [ 39.2619491, -6.7984563 ], [ 39.2620862, -6.7986846 ], [ 39.2622003, -6.7988382 ], [ 39.2621574, -6.7988855 ], [ 39.2619988, -6.7990995 ], [ 39.2618619, -6.799328 ], [ 39.2617481, -6.7995688 ], [ 39.2616585, -6.7998196 ], [ 39.2615939, -6.800078 ], [ 39.261555, -6.8003415 ], [ 39.261542, -6.8006075 ], [ 39.2615552, -6.8008735 ], [ 39.2615945, -6.8011369 ], [ 39.2616594, -6.8013952 ], [ 39.2617493, -6.8016459 ], [ 39.2618633, -6.8018866 ], [ 39.2620004, -6.8021149 ], [ 39.2621592, -6.8023287 ], [ 39.2623383, -6.802526 ], [ 39.2625358, -6.8027047 ], [ 39.2627499, -6.8028632 ], [ 39.2629785, -6.803 ], [ 39.2632194, -6.8031138 ], [ 39.2634703, -6.8032034 ], [ 39.2637288, -6.8032679 ], [ 39.2639924, -6.8033069 ], [ 39.2642585, -6.8033198 ], [ 39.2645246, -6.8033066 ], [ 39.2647881, -6.8032673 ], [ 39.2650465, -6.8032025 ], [ 39.2652973, -6.8031126 ], [ 39.2655381, -6.8029986 ], [ 39.2657666, -6.8028616 ], [ 39.2659805, -6.8027028 ] ] ], [ [ [ 39.2746428, -6.8416076 ], [ 39.2748401, -6.8414286 ], [ 39.275019, -6.8412312 ], [ 39.2751776, -6.8410172 ], [ 39.2753144, -6.8407887 ], [ 39.2754282, -6.8405479 ], [ 39.2755178, -6.8402971 ], [ 39.2755824, -6.8400387 ], [ 39.2756214, -6.8397753 ], [ 39.2756343, -6.8395093 ], [ 39.2756211, -6.8392433 ], [ 39.2755818, -6.8389799 ], [ 39.2755169, -6.8387216 ], [ 39.275427, -6.8384709 ], [ 39.2753129, -6.8382302 ], [ 39.2751758, -6.8380018 ], [ 39.275017, -6.837788 ], [ 39.2748379, -6.8375908 ], [ 39.2746404, -6.837412 ], [ 39.2744263, -6.8372535 ], [ 39.2741977, -6.8371167 ], [ 39.2739567, -6.837003 ], [ 39.2737058, -6.8369134 ], [ 39.2734473, -6.8368489 ], [ 39.2731837, -6.8368099 ], [ 39.2729176, -6.836797 ], [ 39.2726514, -6.8368102 ], [ 39.2723879, -6.8368495 ], [ 39.2721295, -6.8369143 ], [ 39.2718786, -6.8370042 ], [ 39.2716378, -6.8371182 ], [ 39.2714093, -6.8372552 ], [ 39.2711954, -6.837414 ], [ 39.2709981, -6.837593 ], [ 39.2708193, -6.8377904 ], [ 39.2706607, -6.8380044 ], [ 39.2705238, -6.8382329 ], [ 39.27041, -6.8384737 ], [ 39.2703204, -6.8387245 ], [ 39.2702558, -6.8389829 ], [ 39.2702168, -6.8392463 ], [ 39.2702039, -6.8395123 ], [ 39.2702171, -6.8397783 ], [ 39.2702564, -6.8400417 ], [ 39.2703213, -6.8403 ], [ 39.2704112, -6.8405507 ], [ 39.2705252, -6.8407914 ], [ 39.2706624, -6.8410198 ], [ 39.2708212, -6.8412336 ], [ 39.2710003, -6.8414308 ], [ 39.2711978, -6.8416096 ], [ 39.2714119, -6.8417681 ], [ 39.2716405, -6.8419049 ], [ 39.2718815, -6.8420186 ], [ 39.2721324, -6.8421082 ], [ 39.2723909, -6.8421727 ], [ 39.2726545, -6.8422117 ], [ 39.2729206, -6.8422246 ], [ 39.2731868, -6.8422114 ], [ 39.2734503, -6.8421721 ], [ 39.2737088, -6.8421073 ], [ 39.2739596, -6.8420174 ], [ 39.2742004, -6.8419034 ], [ 39.2744289, -6.8417664 ], [ 39.2746428, -6.8416076 ] ] ], [ [ [ 39.299482, -6.8212536 ], [ 39.2997481, -6.8212403 ], [ 39.2999999, -6.8212028 ], [ 39.2999999, -6.8158766 ], [ 39.2997447, -6.8158389 ], [ 39.2994786, -6.815826 ], [ 39.2992125, -6.8158393 ], [ 39.298949, -6.8158785 ], [ 39.2986906, -6.8159434 ], [ 39.2984397, -6.8160332 ], [ 39.2981989, -6.8161473 ], [ 39.2979705, -6.8162843 ], [ 39.2977566, -6.8164431 ], [ 39.2975593, -6.8166221 ], [ 39.2973805, -6.8168195 ], [ 39.2972219, -6.8170335 ], [ 39.297085, -6.817262 ], [ 39.2969713, -6.8175028 ], [ 39.2968817, -6.8177536 ], [ 39.2968171, -6.818012 ], [ 39.2967781, -6.8182755 ], [ 39.2967652, -6.8185415 ], [ 39.2967785, -6.8188075 ], [ 39.2968177, -6.8190709 ], [ 39.2968826, -6.8193292 ], [ 39.2969725, -6.8195799 ], [ 39.2970866, -6.8198205 ], [ 39.2972237, -6.8200489 ], [ 39.2973826, -6.8202627 ], [ 39.2975616, -6.8204599 ], [ 39.2977592, -6.8206386 ], [ 39.2979733, -6.8207972 ], [ 39.2982019, -6.8209339 ], [ 39.2984428, -6.8210476 ], [ 39.2986938, -6.8211372 ], [ 39.2989523, -6.8212018 ], [ 39.2992159, -6.8212407 ], [ 39.299482, -6.8212536 ] ] ] ] } },
{ "type": "Feature", "properties": { "index": "1", "label": "Beyond 300 m", "color": "#d9d9d9" }, "geometry": { "type": "MultiPolygon", "coordinates": [ [ [ [ 39.2269769, -6.8500004 ], [ 39.2247261, -6.8500003 ], [ 39.2247264, -6.8500004 ], [ 39.2269766, -6.8500005 ], [ 39.2269769, -6.8500004 ] ] ], [ [ [ 39.22, -6.8404405 ], [ 39.22, -6.85 ], [ 39.2247261, -6.8500003 ], [ 39.2245728, -6.8499278 ], [ 39.2243441, -6.849791 ], [ 39.22413, -6.8496325 ], [ 39.2239325, -6.8494537 ], [ 39.2237535, -6.8492565 ], [ 39.2235947, -6.8490427 ], [ 39.2234576, -6.8488143 ], [ 39.2233435, -6.8485736 ], [ 39.2232536, -6.8483229 ], [ 39.2231888, -6.8480646 ], [ 39.2231496, -6.8478012 ], [ 39.2231364, -6.8475352 ], [ 39.2231493, -6.8472692 ], [ 39.2231883, -6.8470057 ], [ 39.2232529, -6.8467473 ], [ 39.2233426, -6.8464966 ], [ 39.223418, -6.8463369 ], [ 39.2232396, -6.8462732 ], [ 39.2229987, -6.8461594 ], [ 39.22277, -6.8460226 ], [ 39.222556, -6.8458641 ], [ 39.2223584, -6.8456853 ], [ 39.2221794, -6.8454881 ], [ 39.2220206, -6.8452742 ], [ 39.2218835, -6.8450459 ], [ 39.2217694, -6.8448052 ], [ 39.2216796, -6.8445545 ], [ 39.2216147, -6.8442962 ], [ 39.2215755, -6.8440327 ], [ 39.2215623, -6.8437668 ], [ 39.2215752, -6.8435008 ], [ 39.2216142, -6.8432373 ], [ 39.2216788, -6.8429789 ], [ 39.2217685, -6.8427281 ], [ 39.2218823, -6.8424873 ], [ 39.2220192, -6.8422588 ], [ 39.2221778, -6.8420449 ], [ 39.2223567, -6.8418475 ], [ 39.222554, -6.8416685 ], [ 39.222768, -6.8415098 ], [ 39.2229964, -6.8413727 ], [ 39.2232373, -6.8412588 ], [ 39.2234881, -6.8411689 ], [ 39.2237465, -6.8411041 ], [ 39.2240101, -6.8410649 ], [ 39.2242762, -6.8410517 ], [ 39.2245424, -6.8410647 ], [ 39.224806, -6.8411036 ], [ 39.2250645, -6.8411682 ], [ 39.2253154, -6.8412578 ], [ 39.2255563, -6.8413716 ], [ 39.2257849, -6.8415084 ], [ 39.225999, -6.8416669 ], [ 39.2261965, -6.8418457 ], [ 39.2263756, -6.8420429 ], [ 39.2265344, -6.8422567 ], [ 39.2266715, -6.8424851 ], [ 39.2267855, -6.8427258 ], [ 39.2268754, -6.8429765 ], [ 39.2269403, -6.8432348 ], [ 39.2269795, -6.8434982 ], [ 39.2269927, -6.8437642 ], [ 39.2269798, -6.8440302 ], [ 39.2269408, -6.8442937 ], [ 39.2268762, -6.8445521 ], [ 39.2267865, -6.8448028 ], [ 39.2267111, -6.8449625 ], [ 39.2268895, -6.8450262 ], [ 39.2271304, -6.84514 ], [ 39.227359, -6.8452768 ], [ 39.2275731, -6.8454353 ], [ 39.2277707, -6.8456141 ], [ 39.2279497, -6.8458113 ], [ 39.2281085, -6.8460251 ], [ 39.2282456, -6.8462535 ], [ 39.2283597, -6.8464942 ], [ 39.2284496, -6.8467449 ], [ 39.2285144, -6.8470032 ], [ 39.2285536, -6.8472666 ], [ 39.2285668, -6.8475326 ], [ 39.2285539, -6.8477986 ], [ 39.2285149, -6.8480621 ], [ 39.2284503, -6.8483204 ], [ 39.2283607, -6.8485712 ], [ 39.2282468, -6.848812 ], [ 39.22811, -6.8490405 ], [ 39.2279513, -6.8492545 ], [ 39.2277725, -6.8494519 ], [ 39.2275751, -6.8496309 ], [ 39.2273612, -6.8497896 ], [ 39.2271327, -6.8499266 ], [ 39.2269769, -6.8500004 ], [ 39.2474303, -6.8500015 ], [ 39.2473993, -6.8499785 ], [ 39.2472017, -6.8497997 ], [ 39.2470227, -6.8496025 ], [ 39.2468638, -6.8493887 ], [ 39.2467267, -6.8491603 ], [ 39.2466127, -6.8489196 ], [ 39.2465228, -6.8486689 ], [ 39.2464579, -6.8484106 ], [ 39.2464187, -6.8481472 ], [ 39.2464055, -6.8478812 ], [ 39.2464184, -6.8476152 ], [ 39.2464574, -6.8473517 ], [ 39.246522, -6.8470934 ], [ 39.2466116, -6.8468426 ], [ 39.2467254, -6.8466018 ], [ 39.2468623, -6.8463733 ], [ 39.2470209, -6.8461593 ], [ 39.2471997, -6.8459619 ], [ 39.2473971, -6.8457829 ], [ 39.247611, -6.8456242 ], [ 39.2478395, -6.8454871 ], [ 39.2480803, -6.8453731 ], [ 39.2483312, -6.8452833 ], [ 39.2485896, -6.8452184 ], [ 39.2488532, -6.8451792 ], [ 39.2491193, -6.845166 ], [ 39.2493854, -6.8451789 ], [ 39.249649, -6.8452179 ], [ 39.2499075, -6.8452825 ], [ 39.2501585, -6.8453721 ], [ 39.2503994, -6.8454858 ], [ 39.250628, -6.8456226 ], [ 39.2508421, -6.8457811 ], [ 39.2510397, -6.8459599 ], [ 39.2512187, -6.8461571 ], [ 39.2513776, -6.8463709 ], [ 39.2515147, -6.8465993 ], [ 39.2516287, -6.84684 ], [ 39.2517186, -6.8470907 ], [ 39.2517835, -6.847349 ], [ 39.2518227, -6.8476124 ], [ 39.2518359, -6.8478784 ], [ 39.251823, -6.8481444 ], [ 39.251784, -6.8484078 ], [ 39.2517194, -6.8486662 ], [ 39.2516298, -6.848917 ], [ 39.251516, -6.8491578 ], [ 39.2513791, -6.8493863 ], [ 39.2512205, -6.8496003 ], [ 39.2510417, -6.8497977 ], [ 39.2508443, -6.8499767 ], [ 39.2508108, -6.8500016 ], [ 39.3, -6.85 ], [ 39.2999999, -6.8212028 ], [ 39.2997481, -6.8212403 ], [ 39.299482, -6.8212536 ], [ 39.2992159, -6.8212407 ], [ 39.2989523, -6.8212018 ], [ 39.2986938, -6.8211372 ], [ 39.2984428, -6.8210476 ], [ 39.2982019, -6.8209339 ], [ 39.2979733, -6.8207972 ], [ 39.2977592, -6.8206386 ], [ 39.2975616, -6.8204599 ], [ 39.2973826, -6.8202627 ], [ 39.2972237, -6.8200489 ], [ 39.2970866, -6.8198205 ], [ 39.2969725, -6.8195799 ], [ 39.2968826, -6.8193292 ], [ 39.2968177, -6.8190709 ], [ 39.2967785, -6.8188075 ], [ 39.2967652, -6.8185415 ], [ 39.2967781, -6.8182755 ], [ 39.2968171, -6.818012 ], [ 39.2968817, -6.8177536 ], [ 39.2969713, -6.8175028 ], [ 39.297085, -6.817262 ], [ 39.2972219, -6.8170335 ], [ 39.2973805, -6.8168195 ], [ 39.2975593, -6.8166221 ], [ 39.2977566, -6.8164431 ], [ 39.2979705, -6.8162843 ], [ 39.2981989, -6.8161473 ], [ 39.2984397, -6.8160332 ], [ 39.2986906, -6.8159434 ], [ 39.298949, -6.8158785 ], [ 39.2992125, -6.8158393 ], [ 39.2994786, -6.815826 ], [ 39.2997447, -6.8158389 ], [ 39.2999999, -6.8158766 ], [ 39.3, -6.78 ], [ 39.22, -6.78 ], [ 39.22, -6.7842065 ], [ 39.2202193, -6.7841739 ], [ 39.2204854, -6.7841607 ], [ 39.2207515, -6.7841737 ], [ 39.221015, -6.7842126 ], [ 39.221231, -6.7842666 ], [ 39.2213496, -6.784159 ], [ 39.2215636, -6.7840003 ], [ 39.221792, -6.7838632 ], [ 39.2220328, -6.7837493 ], [ 39.2222836, -6.7836594 ], [ 39.222542, -6.7835946 ], [ 39.2228056, -6.7835554 ], [ 39.2230717, -6.7835422 ], [ 39.2233378, -6.7835552 ], [ 39.2236013, -6.7835941 ], [ 39.2238598, -6.7836587 ], [ 39.2241107, -6.7837483 ], [ 39.2243516, -6.7838621 ], [ 39.2245802, -6.7839989 ], [ 39.2247942, -6.7841574 ], [ 39.2249917, -6.7843362 ], [ 39.2251707, -6.7845334 ], [ 39.2253296, -6.7847473 ], [ 39.2254666, -6.7849756 ], [ 39.2255807, -6.7852163 ], [ 39.2256705, -6.785467 ], [ 39.2257354, -6.7857253 ], [ 39.2257746, -6.7859888 ], [ 39.2257878, -6.7862547 ], [ 39.2257748, -6.7865207 ], [ 39.2257359, -6.7867842 ], [ 39.2256713, -6.7870426 ], [ 39.2255816, -6.7872934 ], [ 39.2254678, -6.7875342 ], [ 39.225331, -6.7877627 ], [ 39.2251723, -6.7879766 ], [ 39.2249935, -6.7881741 ], [ 39.2247962, -6.788353 ], [ 39.2245823, -6.7885117 ], [ 39.2243538, -6.7886488 ], [ 39.224113, -6.7887627 ], [ 39.2238622, -6.7888526 ], [ 39.2236038, -6.7889174 ], [ 39.2233403, -6.7889566 ], [ 39.2230741, -6.7889698 ], [ 39.222808, -6.7889568 ], [ 39.2225445, -6.7889179 ], [ 39.2223285, -6.7888639 ], [ 39.2222099, -6.7889715 ], [ 39.221996, -6.7891302 ], [ 39.2217675, -6.7892673 ], [ 39.2215267, -6.7893812 ], [ 39.2212759, -6.7894711 ], [ 39.2210175, -6.7895359 ], [ 39.2207539, -6.7895751 ], [ 39.2204878, -6.7895883 ], [ 39.2202217, -6.7895753 ], [ 39.22, -6.7895426 ], [ 39.22, -6.8361347 ], [ 39.2201386, -6.8360319 ], [ 39.2203671, -6.8358948 ], [ 39.2206079, -6.8357809 ], [ 39.2208587, -6.835691 ], [ 39.2211172, -6.8356262 ], [ 39.2213807, -6.835587 ], [ 39.2216468, -6.8355738 ], [ 39.221913, -6.8355868 ], [ 39.2221766, -6.8356257 ], [ 39.2224351, -6.8356903 ], [ 39.222686, -6.8357799 ], [ 39.2229269, -6.8358937 ], [ 39.2231555, -6.8360305 ], [ 39.2233696, -6.836189 ], [ 39.2235671, -6.8363678 ], [ 39.2237462, -6.836565 ], [ 39.223905, -6.8367789 ], [ 39.2240421, -6.8370072 ], [ 39.2241561, -6.8372479 ], [ 39.224246, -6.8374986 ], [ 39.2243109, -6.8377569 ], [ 39.2243501, -6.8380204 ], [ 39.2243633, -6.8382863 ], [ 39.2243503, -6.8385523 ], [ 39.2243114, -6.8388158 ], [ 39.2242467, -6.8390742 ], [ 39.2241571, -6.839325 ], [ 39.2240433, -6.8395658 ], [ 39.2239064, -6.8397943 ], [ 39.2237478, -6.8400082 ], [ 39.2235689, -6.8402056 ], [ 39.2233716, -6.8403846 ], [ 39.2231576, -6.8405433 ], [ 39.2229291, -6.8406804 ], [ 39.2226883, -6.8407943 ], [ 39.2224375, -6.8408842 ], [ 39.222179, -6.840949 ], [ 39.2219155, -6.8409882 ], [ 39.2216494, -6.8410014 ], [ 39.2213832, -6.8409884 ], [ 39.2211196, -6.8409495 ], [ 39.2208611, -6.8408849 ], [ 39.2206102, -6.8407953 ], [ 39.2203693, -6.8406815 ], [ 39.2201407, -6.8405447 ], [ 39.22, -6.8404405 ] ], [ [ 39.2325668, -6.8458821 ], [ 39.2323007, -6.8458691 ], [ 39.2320371, -6.8458302 ], [ 39.2317786, -6.8457656 ], [ 39.2315276, -6.845676 ], [ 39.2312867, -6.8455623 ], [ 39.2310581, -6.8454255 ], [ 39.230844, -6.8452669 ], [ 39.2306465, -6.8450882 ], [ 39.2304674, -6.8448909 ], [ 39.2303086, -6.8446771 ], [ 39.2301715, -6.8444487 ], [ 39.2300575, -6.844208 ], [ 39.2299676, -6.8439573 ], [ 39.2299027, -6.843699 ], [ 39.2298635, -6.8434356 ], [ 39.2298503, -6.8431696 ], [ 39.2298632, -6.8429036 ], [ 39.2299022, -6.8426401 ], [ 39.2299668, -6.8423818 ], [ 39.2300565, -6.842131 ], [ 39.2301703, -6.8418902 ], [ 39.2303072, -6.8416617 ], [ 39.2304658, -6.8414477 ], [ 39.2306446, -6.8412503 ], [ 39.230842, -6.8410713 ], [ 39.2310559, -6.8409126 ], [ 39.2312844, -6.8407756 ], [ 39.2315252, -6.8406616 ], [ 39.2317761, -6.8405718 ], [ 39.2320345, -6.8405069 ], [ 39.2322981, -6.8404677 ], [ 39.2325642, -6.8404545 ], [ 39.2325655, -6.8404546 ], [ 39.2328188, -6.840442 ], [ 39.2330849, -6.840455 ], [ 39.2333485, -6.8404939 ], [ 39.233607, -6.8405585 ], [ 39.2338579, -6.8406481 ], [ 39.2340989, -6.8407618 ], [ 39.2343275, -6.8408986 ], [ 39.2345416, -6.8410572 ], [ 39.2347391, -6.8412359 ], [ 39.2349181, -6.8414332 ], [ 39.235077, -6.841647 ], [ 39.2352141, -6.8418754 ], [ 39.2353281, -6.8421161 ], [ 39.235418, -6.8423668 ], [ 39.2354829, -6.8426251 ], [ 39.2355221, -6.8428885 ], [ 39.2355353, -6.8431545 ], [ 39.2355224, -6.8434205 ], [ 39.2354834, -6.8436839 ], [ 39.2354188, -6.8439423 ], [ 39.2353291, -6.8441931 ], [ 39.2352153, -6.8444339 ], [ 39.2350785, -6.8446624 ], [ 39.2349198, -6.8448764 ], [ 39.234741, -6.8450738 ], [ 39.2345436, -6.8452527 ], [ 39.2343297, -6.8454115 ], [ 39.2341012, -6.8455485 ], [ 39.2338604, -6.8456625 ], [ 39.2336095, -6.8457523 ], [ 39.2333511, -6.8458172 ], [ 39.2330875, -6.8458564 ], [ 39.2328214, -6.8458696 ], [ 39.2328201, -6.8458695 ], [ 39.2325668, -6.8458821 ] ], [ [ 39.2410388, -6.84294 ], [ 39.2409998, -6.8432034 ], [ 39.2409352, -6.8434618 ], [ 39.2408455, -6.8437126 ], [ 39.2407317, -6.8439534 ], [ 39.2405949, -6.8441819 ], [ 39.2404362, -6.8443959 ], [ 39.2402574, -6.8445933 ], [ 39.2400601, -6.8447722 ], [ 39.2398461, -6.844931 ], [ 39.2396176, -6.845068 ], [ 39.2393768, -6.845182 ], [ 39.239126, -6.8452718 ], [ 39.2388675, -6.8453367 ], [ 39.238604, -6.8453759 ], [ 39.2383378, -6.8453891 ], [ 39.2380717, -6.8453761 ], [ 39.2378081, -6.8453372 ], [ 39.2375496, -6.8452726 ], [ 39.2372987, -6.845183 ], [ 39.2370577, -6.8450693 ], [ 39.2368291, -6.8449325 ], [ 39.236615, -6.8447739 ], [ 39.2364175, -6.8445952 ], [ 39.2362385, -6.8443979 ], [ 39.2360796, -6.8441841 ], [ 39.2359425, -6.8439557 ], [ 39.2358285, -6.8437151 ], [ 39.2357386, -6.8434643 ], [ 39.2356737, -6.843206 ], [ 39.2356345, -6.8429426 ], [ 39.2356213, -6.8426766 ], [ 39.2356342, -6.8424106 ], [ 39.2356732, -6.8421472 ], [ 39.2357378, -6.8418888 ], [ 39.2358275, -6.841638 ], [ 39.2359413, -6.8413972 ], [ 39.2360781, -6.8411687 ], [ 39.2362368, -6.8409547 ], [ 39.2364156, -6.8407573 ], [ 39.236613, -6.8405784 ], [ 39.2368269, -6.8404196 ], [ 39.2370554, -6.8402826 ], [ 39.2372962, -6.8401686 ], [ 39.237547, -6.8400788 ], [ 39.2378055, -6.8400139 ], [ 39.2380296, -6.8399806 ], [ 39.2379683, -6.8397366 ], [ 39.2379291, -6.8394731 ], [ 39.2379159, -6.8392071 ], [ 39.2379288, -6.8389411 ], [ 39.2379678, -6.8386777 ], [ 39.2380324, -6.8384193 ], [ 39.2381221, -6.8381685 ], [ 39.2382359, -6.8379277 ], [ 39.2383728, -6.8376992 ], [ 39.2385314, -6.8374852 ], [ 39.2387102, -6.8372878 ], [ 39.2389076, -6.8371089 ], [ 39.2391215, -6.8369501 ], [ 39.23935, -6.8368131 ], [ 39.2395908, -6.8366991 ], [ 39.2398416, -6.8366093 ], [ 39.2401001, -6.8365444 ], [ 39.2403636, -6.8365052 ], [ 39.2406297, -6.836492 ], [ 39.2408959, -6.836505 ], [ 39.2411595, -6.8365439 ], [ 39.241418, -6.8366085 ], [ 39.2416689, -6.8366981 ], [ 39.2419098, -6.8368118 ], [ 39.2421384, -6.8369486 ], [ 39.2423525, -6.8371072 ], [ 39.2425501, -6.8372859 ], [ 39.2427291, -6.8374831 ], [ 39.2428879, -6.837697 ], [ 39.243025, -6.8379253 ], [ 39.2431391, -6.838166 ], [ 39.243229, -6.8384167 ], [ 39.2432939, -6.838675 ], [ 39.2433331, -6.8389384 ], [ 39.2433463, -6.8392044 ], [ 39.2433334, -6.8394704 ], [ 39.2432944, -6.8397339 ], [ 39.2432298, -6.8399923 ], [ 39.2431401, -6.8402431 ], [ 39.2430263, -6.8404839 ], [ 39.2428895, -6.8407124 ], [ 39.2427308, -6.8409264 ], [ 39.242552, -6.8411238 ], [ 39.2423547, -6.8413027 ], [ 39.2421407, -6.8414615 ], [ 39.2419122, -6.8415985 ], [ 39.2416714, -6.8417125 ], [ 39.2414206, -6.8418023 ], [ 39.2411621, -6.8418672 ], [ 39.240938, -6.8419005 ], [ 39.2409993, -6.8421445 ], [ 39.2410385, -6.842408 ], [ 39.2410517, -6.8426739 ], [ 39.2410388, -6.84294 ] ], [ [ 39.2278424, -6.837172 ], [ 39.2275916, -6.8372619 ], [ 39.2273332, -6.8373267 ], [ 39.2270696, -6.8373659 ], [ 39.2268035, -6.8373791 ], [ 39.2265373, -6.8373661 ], [ 39.2262737, -6.8373272 ], [ 39.2260152, -6.8372626 ], [ 39.2257643, -6.837173 ], [ 39.2255234, -6.8370592 ], [ 39.2252948, -6.8369224 ], [ 39.2250807, -6.8367639 ], [ 39.2248832, -6.8365851 ], [ 39.2247041, -6.8363879 ], [ 39.2245453, -6.8361741 ], [ 39.2244082, -6.8359457 ], [ 39.2242942, -6.835705 ], [ 39.2242043, -6.8354543 ], [ 39.2241394, -6.835196 ], [ 39.2241002, -6.8349326 ], [ 39.224087, -6.8346666 ], [ 39.2241, -6.8344006 ], [ 39.224139, -6.8341371 ], [ 39.2242036, -6.8338787 ], [ 39.2242932, -6.833628 ], [ 39.224407, -6.8333872 ], [ 39.2244487, -6.8333175 ], [ 39.2242056, -6.8333537 ], [ 39.2239395, -6.8333669 ], [ 39.2236733, -6.8333539 ], [ 39.2234097, -6.833315 ], [ 39.2231512, -6.8332504 ], [ 39.2229003, -6.8331608 ], [ 39.2226594, -6.833047 ], [ 39.2224308, -6.8329102 ], [ 39.2222167, -6.8327517 ], [ 39.2220192, -6.8325729 ], [ 39.2218402, -6.8323757 ], [ 39.2216813, -6.8321618 ], [ 39.2216801, -6.8321598 ], [ 39.2216132, -6.8320992 ], [ 39.2214342, -6.831902 ], [ 39.2212753, -6.8316881 ], [ 39.2211382, -6.8314598 ], [ 39.2210242, -6.8312191 ], [ 39.2209343, -6.8309684 ], [ 39.2208695, -6.8307101 ], [ 39.2208303, -6.8304466 ], [ 39.2208171, -6.8301807 ], [ 39.22083, -6.8299146 ], [ 39.220869, -6.8296512 ], [ 39.2209336, -6.8293928 ], [ 39.2210233, -6.829142 ], [ 39.2211371, -6.8289012 ], [ 39.2212739, -6.8286727 ], [ 39.2214326, -6.8284588 ], [ 39.2216114, -6.8282613 ], [ 39.2218088, -6.8280824 ], [ 39.2220227, -6.8279237 ], [ 39.2222512, -6.8277866 ], [ 39.222492, -6.8276727 ], [ 39.2227428, -6.8275828 ], [ 39.2230013, -6.827518 ], [ 39.2232648, -6.8274788 ], [ 39.2235309, -6.8274656 ], [ 39.2237971, -6.8274786 ], [ 39.2240607, -6.8275175 ], [ 39.2243192, -6.8275821 ], [ 39.2245701, -6.8276717 ], [ 39.224811, -6.8277855 ], [ 39.2250396, -6.8279223 ], [ 39.2252537, -6.8280808 ], [ 39.2254512, -6.8282596 ], [ 39.2256302, -6.8284568 ], [ 39.2257891, -6.8286706 ], [ 39.2257903, -6.8286727 ], [ 39.2258572, -6.8287333 ], [ 39.2260265, -6.8289197 ], [ 39.2261426, -6.8288781 ], [ 39.226401, -6.8288133 ], [ 39.2266646, -6.8287741 ], [ 39.2269307, -6.8287609 ], [ 39.2271969, -6.8287739 ], [ 39.2274604, -6.8288128 ], [ 39.2277189, -6.8288774 ], [ 39.2279699, -6.828967 ], [ 39.2282108, -6.8290807 ], [ 39.2284394, -6.8292176 ], [ 39.2286535, -6.8293761 ], [ 39.228851, -6.8295549 ], [ 39.22903, -6.8297521 ], [ 39.2291888, -6.8299659 ], [ 39.2293259, -6.8301943 ], [ 39.22944, -6.830435 ], [ 39.2295299, -6.8306857 ], [ 39.2295947, -6.830944 ], [ 39.229634, -6.8312074 ], [ 39.2296472, -6.8314734 ], [ 39.2296342, -6.8317394 ], [ 39.2295952, -6.8320029 ], [ 39.2295306, -6.8322612 ], [ 39.229441, -6.832512 ], [ 39.2293272, -6.8327528 ], [ 39.2291903, -6.8329813 ], [ 39.229075, -6.8331368 ], [ 39.2290817, -6.8331457 ], [ 39.2292188, -6.8333741 ], [ 39.2293328, -6.8336148 ], [ 39.2294227, -6.8338655 ], [ 39.2294875, -6.8341238 ], [ 39.2295268, -6.8343872 ], [ 39.22954, -6.8346532 ], [ 39.229527, -6.8349192 ], [ 39.2294881, -6.8351827 ], [ 39.2294234, -6.835441 ], [ 39.2293338, -6.8356918 ], [ 39.22922, -6.8359326 ], [ 39.2290831, -6.8361611 ], [ 39.2289245, -6.8363751 ], [ 39.2287456, -6.8365725 ], [ 39.2285483, -6.8367515 ], [ 39.2283343, -6.8369102 ], [ 39.2281059, -6.8370472 ], [ 39.2280841, -6.8370576 ], [ 39.2280833, -6.837058 ], [ 39.2278424, -6.837172 ] ], [ [ 39.2423883, -6.8208069 ], [ 39.2423494, -6.8210704 ], [ 39.2422848, -6.8213288 ], [ 39.2421951, -6.8215796 ], [ 39.2420813, -6.8218204 ], [ 39.2419445, -6.8220489 ], [ 39.2417859, -6.8222629 ], [ 39.241607, -6.8224603 ], [ 39.2414097, -6.8226392 ], [ 39.2411958, -6.822798 ], [ 39.2409673, -6.822935 ], [ 39.2407265, -6.823049 ], [ 39.2404756, -6.8231388 ], [ 39.2402172, -6.8232037 ], [ 39.2399537, -6.8232429 ], [ 39.2396875, -6.8232561 ], [ 39.2394214, -6.8232432 ], [ 39.2391578, -6.8232042 ], [ 39.2388993, -6.8231396 ], [ 39.2386484, -6.82305 ], [ 39.2384075, -6.8229363 ], [ 39.2381789, -6.8227995 ], [ 39.2379648, -6.8226409 ], [ 39.2377673, -6.8224622 ], [ 39.2375883, -6.8222649 ], [ 39.2374294, -6.8220511 ], [ 39.2372923, -6.8218228 ], [ 39.2371783, -6.8215821 ], [ 39.2370884, -6.8213314 ], [ 39.2370235, -6.821073 ], [ 39.2369843, -6.8208096 ], [ 39.2369711, -6.8205436 ], [ 39.2369841, -6.8202776 ], [ 39.237023, -6.8200142 ], [ 39.2370876, -6.8197558 ], [ 39.2371773, -6.819505 ], [ 39.2372911, -6.8192642 ], [ 39.2374279, -6.8190357 ], [ 39.2375866, -6.8188217 ], [ 39.2377654, -6.8186243 ], [ 39.2379627, -6.8184454 ], [ 39.2381767, -6.8182866 ], [ 39.2384051, -6.8181496 ], [ 39.2386459, -6.8180356 ], [ 39.2388968, -6.8179458 ], [ 39.2391552, -6.8178809 ], [ 39.2394187, -6.8178417 ], [ 39.2396849, -6.8178285 ], [ 39.239951, -6.8178414 ], [ 39.2402146, -6.8178804 ], [ 39.2404731, -6.817945 ], [ 39.240724, -6.8180346 ], [ 39.2409649, -6.8181483 ], [ 39.2411935, -6.8182851 ], [ 39.2414076, -6.8184437 ], [ 39.2416051, -6.8186224 ], [ 39.2417841, -6.8188196 ], [ 39.241943, -6.8190335 ], [ 39.2420801, -6.8192618 ], [ 39.2421941, -6.8195025 ], [ 39.242284, -6.8197532 ], [ 39.2423489, -6.8200115 ], [ 39.2423881, -6.820275 ], [ 39.2424013, -6.8205409 ], [ 39.2423883, -6.8208069 ] ], [ [ 39.2382416, -6.8159155 ], [ 39.2382027, -6.8161789 ], [ 39.238138, -6.8164373 ], [ 39.2380484, -6.8166881 ], [ 39.2379346, -6.8169289 ], [ 39.2377977, -6.8171574 ], [ 39.2376391, -6.8173714 ], [ 39.2374603, -6.8175688 ], [ 39.2372629, -6.8177477 ], [ 39.237049, -6.8179065 ], [ 39.2368205, -6.8180435 ], [ 39.2365797, -6.8181575 ], [ 39.2363289, -6.8182473 ], [ 39.2360705, -6.8183122 ], [ 39.2358069, -6.8183514 ], [ 39.2355408, -6.8183646 ], [ 39.2352747, -6.8183516 ], [ 39.2350111, -6.8183127 ], [ 39.2347526, -6.8182481 ], [ 39.2345017, -6.8181585 ], [ 39.2342608, -6.8180448 ], [ 39.2340322, -6.817908 ], [ 39.2338181, -6.8177494 ], [ 39.2336206, -6.8175707 ], [ 39.2334416, -6.8173734 ], [ 39.2332827, -6.8171596 ], [ 39.2331456, -6.8169312 ], [ 39.2330316, -6.8166905 ], [ 39.2329417, -6.8164398 ], [ 39.2328769, -6.8161815 ], [ 39.2328376, -6.8159181 ], [ 39.2328244, -6.8156521 ], [ 39.2328374, -6.8153861 ], [ 39.2328764, -6.8151227 ], [ 39.232941, -6.8148643 ], [ 39.2330306, -6.8146135 ], [ 39.2331444, -6.8143727 ], [ 39.2332813, -6.8141442 ], [ 39.2334399, -6.8139302 ], [ 39.2336187, -6.8137328 ], [ 39.2338161, -6.8135539 ], [ 39.23403, -6.8133951 ], [ 39.2342585, -6.8132581 ], [ 39.2344993, -6.8131441 ], [ 39.2347501, -6.8130543 ], [ 39.2350085, -6.8129894 ], [ 39.2352721, -6.8129502 ], [ 39.2355382, -6.812937 ], [ 39.2358043, -6.81295 ], [ 39.2360679, -6.8129889 ], [ 39.2363264, -6.8130535 ], [ 39.2365773, -6.8131431 ], [ 39.2368182, -6.8132568 ], [ 39.2370468, -6.8133936 ], [ 39.2372609, -6.8135522 ], [ 39.2374584, -6.8137309 ], [ 39.2376374, -6.8139282 ], [ 39.2377962, -6.814142 ], [ 39.2379333, -6.8143704 ], [ 39.2380474, -6.814611 ], [ 39.2381373, -6.8148618 ], [ 39.2382021, -6.8151201 ], [ 39.2382414, -6.8153835 ], [ 39.2382546, -6.8156495 ], [ 39.2382416, -6.8159155 ] ], [ [ 39.2398919, -6.8120992 ], [ 39.2397392, -6.8122125 ], [ 39.2395107, -6.8123495 ], [ 39.2392699, -6.8124635 ], [ 39.2390191, -6.8125533 ], [ 39.2387607, -6.8126182 ], [ 39.2384972, -6.8126574 ], [ 39.238231, -6.8126706 ], [ 39.2379649, -6.8126577 ], [ 39.2377013, -6.8126187 ], [ 39.2374428, -6.8125541 ], [ 39.2371919, -6.8124645 ], [ 39.236951, -6.8123508 ], [ 39.2367224, -6.812214 ], [ 39.2365083, -6.8120554 ], [ 39.2363108, -6.8118767 ], [ 39.2361318, -6.8116794 ], [ 39.235973, -6.8114656 ], [ 39.2358359, -6.8112372 ], [ 39.2357218, -6.8109966 ], [ 39.235632, -6.8107458 ], [ 39.2355671, -6.8104875 ], [ 39.2355279, -6.8102241 ], [ 39.2355147, -6.8099581 ], [ 39.2355276, -6.8096921 ], [ 39.2355666, -6.8094287 ], [ 39.2356312, -6.8091703 ], [ 39.2357208, -6.8089195 ], [ 39.2358346, -6.8086787 ], [ 39.2359715, -6.8084502 ], [ 39.2361301, -6.8082362 ], [ 39.2362566, -6.8080966 ], [ 39.2361446, -6.8080438 ], [ 39.235916, -6.807907 ], [ 39.2357019, -6.8077484 ], [ 39.2355044, -6.8075697 ], [ 39.2353254, -6.8073724 ], [ 39.2351666, -6.8071586 ], [ 39.2350295, -6.8069302 ], [ 39.2349155, -6.8066895 ], [ 39.2348256, -6.8064388 ], [ 39.2347607, -6.8061805 ], [ 39.2347215, -6.8059171 ], [ 39.2347083, -6.8056511 ], [ 39.2347134, -6.8055468 ], [ 39.2347127, -6.8055332 ], [ 39.2347256, -6.8052672 ], [ 39.2347646, -6.8050038 ], [ 39.2348292, -6.8047454 ], [ 39.2349189, -6.8044946 ], [ 39.2350327, -6.8042538 ], [ 39.2351695, -6.8040253 ], [ 39.2353277, -6.803812 ], [ 39.235204, -6.803843 ], [ 39.2349404, -6.8038822 ], [ 39.2346743, -6.8038954 ], [ 39.2344082, -6.8038825 ], [ 39.2341446, -6.8038435 ], [ 39.2338861, -6.8037789 ], [ 39.2336352, -6.8036893 ], [ 39.2333943, -6.8035756 ], [ 39.2331657, -6.8034388 ], [ 39.2329516, -6.8032802 ], [ 39.2327541, -6.8031015 ], [ 39.2325751, -6.8029042 ], [ 39.2324163, -6.8026904 ], [ 39.2322792, -6.802462 ], [ 39.2321652, -6.8022213 ], [ 39.2320753, -6.8019706 ], [ 39.2320104, -6.8017123 ], [ 39.2319712, -6.8014489 ], [ 39.231958, -6.8011829 ], [ 39.231971, -6.8009169 ], [ 39.2320099, -6.8006534 ], [ 39.2320745, -6.8003951 ], [ 39.2321642, -6.8001443 ], [ 39.232278, -6.7999035 ], [ 39.2324149, -6.799675 ], [ 39.2325735, -6.799461 ], [ 39.2327523, -6.7992636 ], [ 39.2329496, -6.7990846 ], [ 39.2331636, -6.7989259 ], [ 39.233392, -6.7987889 ], [ 39.2336328, -6.7986749 ], [ 39.2338836, -6.798585 ], [ 39.234142, -6.7985202 ], [ 39.2344056, -6.798481 ], [ 39.2346717, -6.7984678 ], [ 39.2348774, -6.7984778 ], [ 39.2349537, -6.7982643 ], [ 39.2350675, -6.7980235 ], [ 39.2352044, -6.797795 ], [ 39.235363, -6.797581 ], [ 39.2355418, -6.7973836 ], [ 39.2357391, -6.7972047 ], [ 39.235953, -6.7970459 ], [ 39.2361815, -6.7969089 ], [ 39.2364223, -6.7967949 ], [ 39.2366731, -6.7967051 ], [ 39.2368982, -6.7966486 ], [ 39.2369073, -6.7964615 ], [ 39.2369463, -6.7961981 ], [ 39.2370109, -6.7959397 ], [ 39.2371005, -6.7956889 ], [ 39.2372143, -6.7954481 ], [ 39.2373512, -6.7952196 ], [ 39.2375098, -6.7950056 ], [ 39.2376886, -6.7948082 ], [ 39.2378859, -6.7946293 ], [ 39.2380998, -6.7944705 ], [ 39.2383283, -6.7943335 ], [ 39.2385691, -6.7942195 ], [ 39.2388199, -6.7941297 ], [ 39.2390783, -6.7940648 ], [ 39.2393419, -6.7940256 ], [ 39.239608, -6.7940124 ], [ 39.2398741, -6.7940253 ], [ 39.2401376, -6.7940643 ], [ 39.2402028, -6.7940806 ], [ 39.2401682, -6.794023 ], [ 39.2400541, -6.7937823 ], [ 39.2399643, -6.7935316 ], [ 39.2398994, -6.7932733 ], [ 39.2398935, -6.7932339 ], [ 39.2398622, -6.7932571 ], [ 39.2396338, -6.7933941 ], [ 39.239393, -6.7935081 ], [ 39.2391422, -6.7935979 ], [ 39.2388838, -6.7936628 ], [ 39.2386202, -6.793702 ], [ 39.2383541, -6.7937152 ], [ 39.238088, -6.7937023 ], [ 39.2378245, -6.7936633 ], [ 39.237566, -6.7935987 ], [ 39.2373151, -6.7935091 ], [ 39.2370742, -6.7933954 ], [ 39.2368456, -6.7932586 ], [ 39.2366315, -6.7931 ], [ 39.236434, -6.7929213 ], [ 39.236255, -6.792724 ], [ 39.2360962, -6.7925102 ], [ 39.2359591, -6.7922818 ], [ 39.235845, -6.7920411 ], [ 39.2357552, -6.7917904 ], [ 39.2356903, -6.7915321 ], [ 39.2356511, -6.7912687 ], [ 39.2356379, -6.7910027 ], [ 39.2356508, -6.7907367 ], [ 39.2356898, -6.7904733 ], [ 39.2357544, -6.7902149 ], [ 39.235844, -6.7899641 ], [ 39.2359578, -6.7897233 ], [ 39.2360947, -6.7894948 ], [ 39.2362533, -6.7892808 ], [ 39.2364321, -6.7890834 ], [ 39.2366046, -6.788927 ], [ 39.236591, -6.7889304 ], [ 39.2363275, -6.7889696 ], [ 39.2360614, -6.7889828 ], [ 39.2357953, -6.7889699 ], [ 39.2355317, -6.7889309 ], [ 39.2352733, -6.7888663 ], [ 39.2350224, -6.7887767 ], [ 39.2347815, -6.788663 ], [ 39.2345529, -6.7885262 ], [ 39.2343388, -6.7883676 ], [ 39.2341413, -6.7881889 ], [ 39.2339623, -6.7879916 ], [ 39.2338035, -6.7877778 ], [ 39.2336664, -6.7875494 ], [ 39.2335524, -6.7873087 ], [ 39.2334625, -6.787058 ], [ 39.2333976, -6.7867997 ], [ 39.2333584, -6.7865363 ], [ 39.2333452, -6.7862703 ], [ 39.2333581, -6.7860043 ], [ 39.2333971, -6.7857409 ], [ 39.2334617, -6.7854825 ], [ 39.2335514, -6.7852317 ], [ 39.2336652, -6.7849909 ], [ 39.233802, -6.7847624 ], [ 39.2339606, -6.7845484 ], [ 39.2341395, -6.784351 ], [ 39.2343368, -6.784172 ], [ 39.2345507, -6.7840133 ], [ 39.2347791, -6.7838763 ], [ 39.2350199, -6.7837623 ], [ 39.2352707, -6.7836724 ], [ 39.2355292, -6.7836076 ], [ 39.2357927, -6.7835684 ], [ 39.2360588, -6.7835552 ], [ 39.2360792, -6.7835562 ], [ 39.2360849, -6.7834407 ], [ 39.2361238, -6.7831773 ], [ 39.2361884, -6.7829189 ], [ 39.2362781, -6.7826681 ], [ 39.2363919, -6.7824273 ], [ 39.2365287, -6.7821988 ], [ 39.2366873, -6.7819848 ], [ 39.2368662, -6.7817874 ], [ 39.2370635, -6.7816085 ], [ 39.2372774, -6.7814497 ], [ 39.2375058, -6.7813127 ], [ 39.2377466, -6.7811987 ], [ 39.2379974, -6.7811089 ], [ 39.2382558, -6.781044 ], [ 39.2385194, -6.7810048 ], [ 39.2387855, -6.7809916 ], [ 39.2390516, -6.7810045 ], [ 39.2393151, -6.7810435 ], [ 39.2395736, -6.7811081 ], [ 39.2398245, -6.7811977 ], [ 39.2400654, -6.7813114 ], [ 39.240294, -6.7814482 ], [ 39.2405081, -6.7816068 ], [ 39.2407056, -6.7817855 ], [ 39.2408846, -6.7819828 ], [ 39.2410434, -6.7821966 ], [ 39.2411805, -6.7824249 ], [ 39.2412945, -6.7826656 ], [ 39.2413844, -6.7829163 ], [ 39.2414493, -6.7831746 ], [ 39.2414885, -6.7834381 ], [ 39.2415017, -6.7837041 ], [ 39.2414887, -6.7839701 ], [ 39.2414498, -6.7842335 ], [ 39.2413852, -6.7844919 ], [ 39.2412955, -6.7847427 ], [ 39.2411817, -6.7849835 ], [ 39.2410449, -6.785212 ], [ 39.2408863, -6.785426 ], [ 39.2407075, -6.7856234 ], [ 39.2405101, -6.7858023 ], [ 39.2402962, -6.7859611 ], [ 39.2400678, -6.7860981 ], [ 39.239827, -6.7862121 ], [ 39.2395762, -6.7863019 ], [ 39.2393178, -6.7863668 ], [ 39.2390542, -6.786406 ], [ 39.2387881, -6.7864192 ], [ 39.2387677, -6.7864182 ], [ 39.2387621, -6.7865337 ], [ 39.2387231, -6.7867971 ], [ 39.2386585, -6.7870555 ], [ 39.2385688, -6.7873063 ], [ 39.2384551, -6.7875471 ], [ 39.2383182, -6.7877756 ], [ 39.2381596, -6.7879896 ], [ 39.2379808, -6.788187 ], [ 39.2378083, -6.7883434 ], [ 39.2378218, -6.78834 ], [ 39.2380854, -6.7883008 ], [ 39.2383515, -6.7882876 ], [ 39.2386176, -6.7883005 ], [ 39.2388811, -6.7883395 ], [ 39.2391396, -6.7884041 ], [ 39.2393905, -6.7884937 ], [ 39.2396314, -6.7886074 ], [ 39.23986, -6.7887442 ], [ 39.2400741, -6.7889028 ], [ 39.2402716, -6.7890815 ], [ 39.2404506, -6.7892788 ], [ 39.2406094, -6.7894926 ], [ 39.2407465, -6.7897209 ], [ 39.2408605, -6.7899616 ], [ 39.2409504, -6.7902123 ], [ 39.2410153, -6.7904706 ], [ 39.2410212, -6.79051 ], [ 39.2410524, -6.7904868 ], [ 39.2412809, -6.7903498 ], [ 39.2415217, -6.7902358 ], [ 39.2417725, -6.790146 ], [ 39.2417894, -6.7901417 ], [ 39.2420237, -6.7900308 ], [ 39.2422745, -6.789941 ], [ 39.2425329, -6.7898761 ], [ 39.2427964, -6.7898369 ], [ 39.2430625, -6.7898237 ], [ 39.2432837, -6.7898345 ], [ 39.2433157, -6.7898193 ], [ 39.2435665, -6.7897295 ], [ 39.2438249, -6.7896646 ], [ 39.2440884, -6.7896254 ], [ 39.2443545, -6.7896122 ], [ 39.2446206, -6.7896251 ], [ 39.2448842, -6.7896641 ], [ 39.2451427, -6.7897287 ], [ 39.2453936, -6.7898183 ], [ 39.2456345, -6.789932 ], [ 39.2458631, -6.7900688 ], [ 39.2460772, -6.7902273 ], [ 39.2462747, -6.7904061 ], [ 39.2464537, -6.7906033 ], [ 39.2466125, -6.7908172 ], [ 39.2466244, -6.7908369 ], [ 39.2466501, -6.7908407 ], [ 39.2469086, -6.7909053 ], [ 39.2471595, -6.7909949 ], [ 39.2474004, -6.7911086 ], [ 39.247629, -6.7912454 ], [ 39.2478431, -6.7914039 ], [ 39.2480406, -6.7915827 ], [ 39.2482196, -6.7917799 ], [ 39.2483784, -6.7919937 ], [ 39.2485155, -6.7922221 ], [ 39.2486295, -6.7924628 ], [ 39.2487194, -6.7927135 ], [ 39.2487843, -6.7929718 ], [ 39.2488235, -6.7932352 ], [ 39.2488367, -6.7935012 ], [ 39.2488276, -6.7936881 ], [ 39.2488631, -6.793697 ], [ 39.2489654, -6.7937335 ], [ 39.2489974, -6.7935175 ], [ 39.249062, -6.7932592 ], [ 39.2491516, -6.7930084 ], [ 39.2492654, -6.7927676 ], [ 39.2494022, -6.7925391 ], [ 39.2495608, -6.7923251 ], [ 39.2497397, -6.7921277 ], [ 39.249937, -6.7919487 ], [ 39.2501509, -6.7917899 ], [ 39.2503794, -6.7916529 ], [ 39.2506201, -6.7915389 ], [ 39.2508709, -6.7914491 ], [ 39.2511294, -6.7913842 ], [ 39.2513929, -6.791345 ], [ 39.251659, -6.7913318 ], [ 39.2519251, -6.7913447 ], [ 39.2521887, -6.7913837 ], [ 39.2524472, -6.7914483 ], [ 39.2526981, -6.7915378 ], [ 39.252939, -6.7916516 ], [ 39.2531676, -6.7917884 ], [ 39.2533816, -6.7919469 ], [ 39.2535791, -6.7921257 ], [ 39.2537582, -6.7923229 ], [ 39.2537645, -6.7923315 ], [ 39.2538756, -6.7924538 ], [ 39.2540344, -6.7926676 ], [ 39.2541715, -6.792896 ], [ 39.2542855, -6.7931367 ], [ 39.2543754, -6.7933874 ], [ 39.2544403, -6.7936457 ], [ 39.2544795, -6.7939091 ], [ 39.2544927, -6.7941751 ], [ 39.2544798, -6.7944411 ], [ 39.2544408, -6.7947045 ], [ 39.2543762, -6.7949629 ], [ 39.2542866, -6.7952137 ], [ 39.2541728, -6.7954545 ], [ 39.254036, -6.795683 ], [ 39.2538774, -6.795897 ], [ 39.2536986, -6.7960944 ], [ 39.2535012, -6.7962734 ], [ 39.2532873, -6.7964321 ], [ 39.2530589, -6.7965692 ], [ 39.2528181, -6.7966832 ], [ 39.2525673, -6.796773 ], [ 39.2523088, -6.7968379 ], [ 39.2520453, -6.7968771 ], [ 39.2517792, -6.7968903 ], [ 39.2515131, -6.7968774 ], [ 39.2512495, -6.7968384 ], [ 39.250991, -6.7967738 ], [ 39.2507588, -6.7966909 ], [ 39.2507394, -6.7968224 ], [ 39.2506748, -6.7970807 ], [ 39.2505851, -6.7973315 ], [ 39.2504713, -6.7975723 ], [ 39.2503345, -6.7978008 ], [ 39.2501759, -6.7980148 ], [ 39.2499971, -6.7982122 ], [ 39.2497997, -6.7983912 ], [ 39.2495858, -6.79855 ], [ 39.2493574, -6.798687 ], [ 39.2491166, -6.798801 ], [ 39.2488657, -6.7988908 ], [ 39.2486073, -6.7989557 ], [ 39.2483438, -6.7989949 ], [ 39.2480777, -6.7990081 ], [ 39.2478116, -6.7989952 ], [ 39.247548, -6.7989562 ], [ 39.2472895, -6.7988916 ], [ 39.2470386, -6.798802 ], [ 39.2467977, -6.7986883 ], [ 39.2465691, -6.7985515 ], [ 39.246355, -6.798393 ], [ 39.2461575, -6.7982142 ], [ 39.2459785, -6.798017 ], [ 39.2458197, -6.7978032 ], [ 39.2456995, -6.7976029 ], [ 39.2456741, -6.7976067 ], [ 39.245408, -6.7976199 ], [ 39.2451419, -6.797607 ], [ 39.2448783, -6.797568 ], [ 39.2446198, -6.7975034 ], [ 39.2443689, -6.7974138 ], [ 39.244128, -6.7973001 ], [ 39.2438994, -6.7971633 ], [ 39.2436853, -6.7970048 ], [ 39.2434878, -6.796826 ], [ 39.2433088, -6.7966288 ], [ 39.24315, -6.7964149 ], [ 39.2430129, -6.7961866 ], [ 39.2428988, -6.7959459 ], [ 39.242809, -6.7956952 ], [ 39.2427467, -6.7954472 ], [ 39.2425633, -6.7954563 ], [ 39.2422971, -6.7954434 ], [ 39.2420336, -6.7954044 ], [ 39.2419685, -6.7953881 ], [ 39.242003, -6.7954457 ], [ 39.2421171, -6.7956864 ], [ 39.242207, -6.7959371 ], [ 39.2422718, -6.7961954 ], [ 39.242311, -6.7964589 ], [ 39.2423243, -6.7967248 ], [ 39.2423113, -6.7969909 ], [ 39.2422724, -6.7972543 ], [ 39.2422077, -6.7975127 ], [ 39.2421181, -6.7977635 ], [ 39.2420043, -6.7980043 ], [ 39.2418675, -6.7982328 ], [ 39.2417088, -6.7984468 ], [ 39.24153, -6.7986442 ], [ 39.2413327, -6.7988231 ], [ 39.2411188, -6.7989819 ], [ 39.2408903, -6.7991189 ], [ 39.2411352, -6.7990825 ], [ 39.2414013, -6.7990693 ], [ 39.2416675, -6.7990822 ], [ 39.241931, -6.7991212 ], [ 39.2421895, -6.7991858 ], [ 39.2424404, -6.7992754 ], [ 39.2426813, -6.7993891 ], [ 39.2429099, -6.7995259 ], [ 39.243124, -6.7996845 ], [ 39.2433215, -6.7998632 ], [ 39.2435005, -6.8000604 ], [ 39.2436594, -6.8002743 ], [ 39.2437965, -6.8005026 ], [ 39.2439105, -6.8007433 ], [ 39.2440004, -6.800994 ], [ 39.2440652, -6.8012523 ], [ 39.2441045, -6.8015157 ], [ 39.2441177, -6.8017817 ], [ 39.2441047, -6.8020477 ], [ 39.2440658, -6.8023112 ], [ 39.2440012, -6.8025696 ], [ 39.2439115, -6.8028204 ], [ 39.2437977, -6.8030612 ], [ 39.2436609, -6.8032897 ], [ 39.2435023, -6.8035037 ], [ 39.2433234, -6.8037011 ], [ 39.2431261, -6.80388 ], [ 39.2429122, -6.8040388 ], [ 39.2426837, -6.8041758 ], [ 39.2424429, -6.8042898 ], [ 39.2421921, -6.8043796 ], [ 39.2419337, -6.8044445 ], [ 39.2416702, -6.8044837 ], [ 39.2414041, -6.8044969 ], [ 39.2411379, -6.804484 ], [ 39.2409268, -6.8044528 ], [ 39.2409211, -6.8045706 ], [ 39.2408821, -6.804834 ], [ 39.2408175, -6.8050924 ], [ 39.2407278, -6.8053432 ], [ 39.2406141, -6.805584 ], [ 39.2404772, -6.8058125 ], [ 39.2403186, -6.8060265 ], [ 39.2401582, -6.8062035 ], [ 39.2401205, -6.8063543 ], [ 39.2400309, -6.8066051 ], [ 39.2399171, -6.8068459 ], [ 39.2397802, -6.8070744 ], [ 39.2396367, -6.8072679 ], [ 39.2398198, -6.8073543 ], [ 39.2400484, -6.8074911 ], [ 39.2402625, -6.8076497 ], [ 39.24046, -6.8078284 ], [ 39.240639, -6.8080257 ], [ 39.2407978, -6.8082395 ], [ 39.2409349, -6.8084678 ], [ 39.2410489, -6.8087085 ], [ 39.2411388, -6.8089592 ], [ 39.2412037, -6.8092175 ], [ 39.2412429, -6.809481 ], [ 39.2412561, -6.809747 ], [ 39.2412432, -6.810013 ], [ 39.2412042, -6.8102764 ], [ 39.2411396, -6.8105348 ], [ 39.24105, -6.8107856 ], [ 39.2409362, -6.8110264 ], [ 39.2407993, -6.8112549 ], [ 39.2406407, -6.8114689 ], [ 39.2404619, -6.8116663 ], [ 39.2402645, -6.8118452 ], [ 39.2400506, -6.812004 ], [ 39.2398919, -6.8120992 ] ], [ [ 39.2264764, -6.8064189 ], [ 39.2264118, -6.8066773 ], [ 39.2263221, -6.8069281 ], [ 39.2262083, -6.8071689 ], [ 39.2260715, -6.8073974 ], [ 39.2259128, -6.8076113 ], [ 39.225734, -6.8078087 ], [ 39.2255367, -6.8079877 ], [ 39.2253227, -6.8081464 ], [ 39.2250943, -6.8082835 ], [ 39.2248535, -6.8083974 ], [ 39.2246026, -6.8084873 ], [ 39.2243442, -6.8085521 ], [ 39.2240807, -6.8085913 ], [ 39.2238146, -6.8086045 ], [ 39.2235484, -6.8085915 ], [ 39.2232849, -6.8085526 ], [ 39.2230264, -6.808488 ], [ 39.2227755, -6.8083984 ], [ 39.2225346, -6.8082846 ], [ 39.222306, -6.8081478 ], [ 39.2220919, -6.8079893 ], [ 39.2218944, -6.8078105 ], [ 39.2217154, -6.8076133 ], [ 39.2215565, -6.8073994 ], [ 39.2214195, -6.8071711 ], [ 39.2213054, -6.8069304 ], [ 39.2212156, -6.8066797 ], [ 39.2211507, -6.8064214 ], [ 39.2211115, -6.8061579 ], [ 39.2210983, -6.8058919 ], [ 39.2211112, -6.8056259 ], [ 39.2211502, -6.8053625 ], [ 39.2212148, -6.8051041 ], [ 39.2213045, -6.8048533 ], [ 39.2214183, -6.8046125 ], [ 39.2215552, -6.804384 ], [ 39.2217138, -6.8041701 ], [ 39.2218926, -6.8039726 ], [ 39.22209, -6.8037937 ], [ 39.2223039, -6.803635 ], [ 39.2225324, -6.8034979 ], [ 39.2227732, -6.803384 ], [ 39.223024, -6.8032941 ], [ 39.2232824, -6.8032293 ], [ 39.2233566, -6.8032183 ], [ 39.223191, -6.80314 ], [ 39.2229624, -6.8030032 ], [ 39.2227483, -6.8028447 ], [ 39.2225508, -6.8026659 ], [ 39.2223718, -6.8024687 ], [ 39.222213, -6.8022548 ], [ 39.2220759, -6.8020265 ], [ 39.2219619, -6.8017858 ], [ 39.221872, -6.8015351 ], [ 39.2218071, -6.8012768 ], [ 39.2217679, -6.8010133 ], [ 39.2217547, -6.8007474 ], [ 39.2217677, -6.8004813 ], [ 39.2218066, -6.8002179 ], [ 39.2218713, -6.7999595 ], [ 39.2219609, -6.7997087 ], [ 39.2220747, -6.7994679 ], [ 39.2222116, -6.7992394 ], [ 39.2223702, -6.7990255 ], [ 39.222549, -6.798828 ], [ 39.2227464, -6.7986491 ], [ 39.2229603, -6.7984904 ], [ 39.2231888, -6.7983533 ], [ 39.2232782, -6.798311 ], [ 39.2231646, -6.7981219 ], [ 39.2230506, -6.7978812 ], [ 39.2229607, -6.7976305 ], [ 39.2228959, -6.7973722 ], [ 39.2228566, -6.7971087 ], [ 39.2228434, -6.7968428 ], [ 39.2228564, -6.7965768 ], [ 39.2228954, -6.7963133 ], [ 39.22296, -6.7960549 ], [ 39.2230496, -6.7958041 ], [ 39.2231634, -6.7955633 ], [ 39.2233003, -6.7953348 ], [ 39.2234589, -6.7951209 ], [ 39.2236377, -6.7949234 ], [ 39.2238351, -6.7947445 ], [ 39.224049, -6.7945858 ], [ 39.2242775, -6.7944487 ], [ 39.2245183, -6.7943348 ], [ 39.2247691, -6.7942449 ], [ 39.2250275, -6.7941801 ], [ 39.225291, -6.7941409 ], [ 39.2255571, -6.7941277 ], [ 39.2258233, -6.7941407 ], [ 39.2260868, -6.7941796 ], [ 39.2263453, -6.7942442 ], [ 39.2265962, -6.7943338 ], [ 39.2268371, -6.7944476 ], [ 39.2270657, -6.7945844 ], [ 39.2272798, -6.7947429 ], [ 39.2274773, -6.7949217 ], [ 39.2276563, -6.7951189 ], [ 39.2278151, -6.7953327 ], [ 39.2279522, -6.7955611 ], [ 39.2280662, -6.7958018 ], [ 39.2281561, -6.7960525 ], [ 39.2282209, -6.7963108 ], [ 39.2282602, -6.7965742 ], [ 39.2282734, -6.7968402 ], [ 39.2282604, -6.7971062 ], [ 39.2282214, -6.7973697 ], [ 39.2281568, -6.7976281 ], [ 39.2280672, -6.7978788 ], [ 39.2279534, -6.7981197 ], [ 39.2278165, -6.7983481 ], [ 39.2276579, -6.7985621 ], [ 39.2274791, -6.7987595 ], [ 39.2272817, -6.7989385 ], [ 39.2270678, -6.7990972 ], [ 39.2268393, -6.7992343 ], [ 39.22675, -6.7992766 ], [ 39.2268635, -6.7994657 ], [ 39.2269775, -6.7997064 ], [ 39.2270674, -6.7999571 ], [ 39.2271323, -6.8002154 ], [ 39.2271715, -6.8004788 ], [ 39.2271847, -6.8007448 ], [ 39.2271717, -6.8010108 ], [ 39.2271328, -6.8012743 ], [ 39.2270681, -6.8015327 ], [ 39.2269785, -6.8017835 ], [ 39.2268647, -6.8020243 ], [ 39.2267278, -6.8022527 ], [ 39.2265692, -6.8024667 ], [ 39.2263904, -6.8026641 ], [ 39.226193, -6.8028431 ], [ 39.2259791, -6.8030018 ], [ 39.2257506, -6.8031389 ], [ 39.2255098, -6.8032528 ], [ 39.225259, -6.8033427 ], [ 39.2250006, -6.8034075 ], [ 39.2249264, -6.8034185 ], [ 39.225092, -6.8034968 ], [ 39.2253206, -6.8036336 ], [ 39.2255347, -6.8037921 ], [ 39.2257322, -6.8039709 ], [ 39.2259112, -6.8041681 ], [ 39.22607, -6.8043819 ], [ 39.2262071, -6.8046103 ], [ 39.2263212, -6.804851 ], [ 39.226411, -6.8051017 ], [ 39.2264759, -6.80536 ], [ 39.2265151, -6.8056234 ], [ 39.2265283, -6.8058894 ], [ 39.2265154, -6.8061554 ], [ 39.2264764, -6.8064189 ] ], [ [ 39.2498281, -6.8352192 ], [ 39.2497892, -6.8354827 ], [ 39.2497246, -6.835741 ], [ 39.2496349, -6.8359918 ], [ 39.2495211, -6.8362326 ], [ 39.2493843, -6.8364611 ], [ 39.2492256, -6.8366751 ], [ 39.2490468, -6.8368725 ], [ 39.2488495, -6.8370515 ], [ 39.2486355, -6.8372103 ], [ 39.2484071, -6.8373473 ], [ 39.2481662, -6.8374613 ], [ 39.2479154, -6.8375511 ], [ 39.247657, -6.837616 ], [ 39.2473934, -6.8376552 ], [ 39.2471273, -6.8376684 ], [ 39.2468612, -6.8376555 ], [ 39.2465976, -6.8376165 ], [ 39.2463391, -6.8375519 ], [ 39.2460881, -6.8374623 ], [ 39.2458472, -6.8373486 ], [ 39.2456186, -6.8372118 ], [ 39.2454045, -6.8370533 ], [ 39.245207, -6.8368745 ], [ 39.2450279, -6.8366773 ], [ 39.2448691, -6.8364635 ], [ 39.244732, -6.8362351 ], [ 39.2446179, -6.8359944 ], [ 39.244528, -6.8357437 ], [ 39.2444632, -6.8354854 ], [ 39.2444239, -6.835222 ], [ 39.2444107, -6.834956 ], [ 39.2444237, -6.83469 ], [ 39.2444626, -6.8344265 ], [ 39.2445272, -6.8341682 ], [ 39.2446169, -6.8339174 ], [ 39.2447307, -6.8336766 ], [ 39.2448676, -6.8334481 ], [ 39.2450262, -6.8332341 ], [ 39.245205, -6.8330366 ], [ 39.2454023, -6.8328577 ], [ 39.2456163, -6.8326989 ], [ 39.2458448, -6.8325619 ], [ 39.2460856, -6.8324479 ], [ 39.2463364, -6.8323581 ], [ 39.2465948, -6.8322932 ], [ 39.2468584, -6.832254 ], [ 39.2471245, -6.8322408 ], [ 39.2473906, -6.8322537 ], [ 39.2476542, -6.8322927 ], [ 39.2479127, -6.8323573 ], [ 39.2481637, -6.8324469 ], [ 39.2484046, -6.8325606 ], [ 39.2486332, -6.8326974 ], [ 39.2488473, -6.8328559 ], [ 39.2490448, -6.8330347 ], [ 39.2492239, -6.8332319 ], [ 39.2493827, -6.8334457 ], [ 39.2495198, -6.8336741 ], [ 39.2496338, -6.8339148 ], [ 39.2497237, -6.8341655 ], [ 39.2497886, -6.8344238 ], [ 39.2498279, -6.8346872 ], [ 39.2498411, -6.8349532 ], [ 39.2498281, -6.8352192 ] ], [ [ 39.2628297, -6.8236306 ], [ 39.2625789, -6.8237205 ], [ 39.2623204, -6.8237853 ], [ 39.2620569, -6.8238246 ], [ 39.2617908, -6.8238378 ], [ 39.26175, -6.8238358 ], [ 39.2615609, -6.8239761 ], [ 39.2613325, -6.8241131 ], [ 39.2610917, -6.8242271 ], [ 39.2608409, -6.824317 ], [ 39.2605824, -6.8243819 ], [ 39.2603189, -6.8244211 ], [ 39.2600528, -6.8244343 ], [ 39.2597866, -6.8244214 ], [ 39.259523, -6.8243824 ], [ 39.2592645, -6.8243179 ], [ 39.2591094, -6.8242624 ], [ 39.2590536, -6.8242824 ], [ 39.2587952, -6.8243473 ], [ 39.2585317, -6.8243865 ], [ 39.2582656, -6.8243997 ], [ 39.2579994, -6.8243868 ], [ 39.2577358, -6.8243478 ], [ 39.2574773, -6.8242832 ], [ 39.2572264, -6.8241937 ], [ 39.2569855, -6.8240799 ], [ 39.2567569, -6.8239431 ], [ 39.2565428, -6.8237846 ], [ 39.2563453, -6.8236059 ], [ 39.2561662, -6.8234086 ], [ 39.2560074, -6.8231948 ], [ 39.2558703, -6.8229664 ], [ 39.2557562, -6.8227258 ], [ 39.2556663, -6.8224751 ], [ 39.2556074, -6.8222406 ], [ 39.2554469, -6.8220953 ], [ 39.2552678, -6.821898 ], [ 39.255109, -6.8216842 ], [ 39.2549719, -6.8214558 ], [ 39.2548578, -6.8212152 ], [ 39.2547679, -6.8209644 ], [ 39.2547031, -6.8207061 ], [ 39.2546638, -6.8204427 ], [ 39.2546506, -6.8201767 ], [ 39.2546636, -6.8199107 ], [ 39.2547025, -6.8196473 ], [ 39.2547671, -6.8193889 ], [ 39.2548521, -6.819151 ], [ 39.2546386, -6.8192046 ], [ 39.254375, -6.8192438 ], [ 39.2542366, -6.8192506 ], [ 39.2540807, -6.8192898 ], [ 39.2539429, -6.8193103 ], [ 39.2538241, -6.8193528 ], [ 39.2535657, -6.8194177 ], [ 39.2533021, -6.8194569 ], [ 39.253273, -6.8194583 ], [ 39.2532653, -6.8194603 ], [ 39.2530017, -6.8194995 ], [ 39.2529162, -6.8195037 ], [ 39.2526584, -6.8195421 ], [ 39.2526025, -6.8195449 ], [ 39.2526001, -6.8195455 ], [ 39.2523365, -6.8195847 ], [ 39.2520704, -6.8195979 ], [ 39.2518043, -6.819585 ], [ 39.2515407, -6.819546 ], [ 39.2512822, -6.8194814 ], [ 39.2510313, -6.8193919 ], [ 39.2507904, -6.8192781 ], [ 39.2505618, -6.8191413 ], [ 39.250473, -6.8190756 ], [ 39.250431, -6.8190736 ], [ 39.2501674, -6.8190346 ], [ 39.2499089, -6.81897 ], [ 39.249658, -6.8188804 ], [ 39.2494171, -6.8187667 ], [ 39.2491885, -6.8186299 ], [ 39.2489744, -6.8184714 ], [ 39.2487769, -6.8182926 ], [ 39.2485978, -6.8180954 ], [ 39.248439, -6.8178816 ], [ 39.2483019, -6.8176532 ], [ 39.2481878, -6.8174125 ], [ 39.248098, -6.8171618 ], [ 39.2480331, -6.8169035 ], [ 39.2479938, -6.8166401 ], [ 39.2479806, -6.8163741 ], [ 39.2479936, -6.8161081 ], [ 39.2480325, -6.8158446 ], [ 39.2480971, -6.8155863 ], [ 39.2481868, -6.8153355 ], [ 39.2483006, -6.8150947 ], [ 39.2484374, -6.8148662 ], [ 39.248596, -6.8146522 ], [ 39.2487749, -6.8144548 ], [ 39.2489722, -6.8142758 ], [ 39.2491861, -6.8141171 ], [ 39.2494146, -6.81398 ], [ 39.2496554, -6.813866 ], [ 39.2499062, -6.8137762 ], [ 39.2501646, -6.8137113 ], [ 39.2504282, -6.8136721 ], [ 39.2506652, -6.8136604 ], [ 39.2507155, -6.8136477 ], [ 39.2509791, -6.8136085 ], [ 39.2512452, -6.8135953 ], [ 39.2515113, -6.8136082 ], [ 39.2517749, -6.8136472 ], [ 39.2520334, -6.8137118 ], [ 39.2522843, -6.8138013 ], [ 39.2525252, -6.8139151 ], [ 39.2527353, -6.8140408 ], [ 39.2527601, -6.8140319 ], [ 39.2530185, -6.813967 ], [ 39.2530781, -6.8139582 ], [ 39.2532974, -6.8139031 ], [ 39.253561, -6.8138639 ], [ 39.2537648, -6.8138538 ], [ 39.25384, -6.8138426 ], [ 39.2541061, -6.8138294 ], [ 39.2543722, -6.8138423 ], [ 39.2544832, -6.8138587 ], [ 39.2546717, -6.8137457 ], [ 39.2549125, -6.8136317 ], [ 39.2551633, -6.8135419 ], [ 39.2554217, -6.813477 ], [ 39.2556852, -6.8134378 ], [ 39.2559514, -6.8134246 ], [ 39.2562175, -6.8134375 ], [ 39.2564811, -6.8134765 ], [ 39.2567396, -6.8135411 ], [ 39.2569905, -6.8136306 ], [ 39.2572314, -6.8137444 ], [ 39.25746, -6.8138812 ], [ 39.2576741, -6.8140397 ], [ 39.2578716, -6.8142184 ], [ 39.2580506, -6.8144157 ], [ 39.2582095, -6.8146295 ], [ 39.2583466, -6.8148579 ], [ 39.2584606, -6.8150985 ], [ 39.2585505, -6.8153492 ], [ 39.2586154, -6.8156075 ], [ 39.2586546, -6.815871 ], [ 39.2586679, -6.816137 ], [ 39.2586549, -6.816403 ], [ 39.258616, -6.8166664 ], [ 39.2585514, -6.8169248 ], [ 39.2584617, -6.8171756 ], [ 39.258348, -6.8174164 ], [ 39.2582338, -6.817607 ], [ 39.2584034, -6.8176675 ], [ 39.2586443, -6.8177813 ], [ 39.2588729, -6.8179181 ], [ 39.259087, -6.8180766 ], [ 39.2592845, -6.8182553 ], [ 39.2594636, -6.8184526 ], [ 39.2596224, -6.8186664 ], [ 39.2597595, -6.8188947 ], [ 39.259818, -6.8190182 ], [ 39.2600498, -6.8190067 ], [ 39.2600906, -6.8190087 ], [ 39.2602797, -6.8188684 ], [ 39.2605081, -6.8187314 ], [ 39.2607489, -6.8186174 ], [ 39.2609997, -6.8185275 ], [ 39.2612582, -6.8184627 ], [ 39.2615217, -6.8184234 ], [ 39.2617878, -6.8184102 ], [ 39.262054, -6.8184231 ], [ 39.2623175, -6.8184621 ], [ 39.262576, -6.8185266 ], [ 39.262827, -6.8186162 ], [ 39.2630679, -6.81873 ], [ 39.2632965, -6.8188668 ], [ 39.2635106, -6.8190253 ], [ 39.2637081, -6.819204 ], [ 39.2638871, -6.8194013 ], [ 39.264046, -6.8196151 ], [ 39.2641831, -6.8198434 ], [ 39.2642971, -6.8200841 ], [ 39.264387, -6.8203348 ], [ 39.2644519, -6.8205931 ], [ 39.2644912, -6.8208565 ], [ 39.2645044, -6.8211225 ], [ 39.2644915, -6.8213885 ], [ 39.2644525, -6.821652 ], [ 39.2643879, -6.8219104 ], [ 39.2642983, -6.8221612 ], [ 39.2641845, -6.822402 ], [ 39.2640476, -6.8226305 ], [ 39.263889, -6.8228445 ], [ 39.2637102, -6.8230419 ], [ 39.2635129, -6.8232208 ], [ 39.263299, -6.8233796 ], [ 39.2630705, -6.8235166 ], [ 39.2628297, -6.8236306 ] ], [ [ 39.2629921, -6.811023 ], [ 39.2629531, -6.8112865 ], [ 39.2628885, -6.8115449 ], [ 39.2627989, -6.8117957 ], [ 39.2626851, -6.8120365 ], [ 39.2625483, -6.812265 ], [ 39.2623897, -6.812479 ], [ 39.2622109, -6.8126764 ], [ 39.2620135, -6.8128554 ], [ 39.2617996, -6.8130141 ], [ 39.2615712, -6.8131512 ], [ 39.2613304, -6.8132651 ], [ 39.2610795, -6.813355 ], [ 39.2608211, -6.8134199 ], [ 39.2605576, -6.8134591 ], [ 39.2602915, -6.8134723 ], [ 39.2600253, -6.8134594 ], [ 39.2597618, -6.8134204 ], [ 39.2595033, -6.8133559 ], [ 39.2592523, -6.8132663 ], [ 39.2590114, -6.8131525 ], [ 39.2587828, -6.8130157 ], [ 39.2585687, -6.8128572 ], [ 39.2585294, -6.8128216 ], [ 39.2582802, -6.8127594 ], [ 39.2580292, -6.8126698 ], [ 39.2577883, -6.812556 ], [ 39.2575597, -6.8124192 ], [ 39.2573456, -6.8122607 ], [ 39.2571481, -6.812082 ], [ 39.2569691, -6.8118847 ], [ 39.2568102, -6.8116709 ], [ 39.2566731, -6.8114425 ], [ 39.2565591, -6.8112019 ], [ 39.2564692, -6.8109512 ], [ 39.2564043, -6.8106929 ], [ 39.2563851, -6.8105641 ], [ 39.2561715, -6.8105747 ], [ 39.2559054, -6.8105618 ], [ 39.2556418, -6.8105228 ], [ 39.2553833, -6.8104582 ], [ 39.2551324, -6.8103687 ], [ 39.2548915, -6.8102549 ], [ 39.2546629, -6.8101181 ], [ 39.2544488, -6.8099596 ], [ 39.2542513, -6.8097808 ], [ 39.2540723, -6.8095836 ], [ 39.2539134, -6.8093698 ], [ 39.2537763, -6.8091414 ], [ 39.2536623, -6.8089007 ], [ 39.2535724, -6.80865 ], [ 39.2535075, -6.8083917 ], [ 39.2534683, -6.8081283 ], [ 39.2534551, -6.8078623 ], [ 39.253468, -6.8075963 ], [ 39.253507, -6.8073329 ], [ 39.2535716, -6.8070745 ], [ 39.2536612, -6.8068237 ], [ 39.2536984, -6.8067451 ], [ 39.2537199, -6.806659 ], [ 39.2538095, -6.8064082 ], [ 39.2539233, -6.8061674 ], [ 39.2540602, -6.8059389 ], [ 39.2542188, -6.8057249 ], [ 39.2543976, -6.8055275 ], [ 39.2545949, -6.8053485 ], [ 39.2548088, -6.8051898 ], [ 39.2550373, -6.8050527 ], [ 39.2552781, -6.8049387 ], [ 39.2555289, -6.8048489 ], [ 39.2557873, -6.804784 ], [ 39.2560509, -6.8047448 ], [ 39.256317, -6.8047316 ], [ 39.2565831, -6.8047445 ], [ 39.2568467, -6.8047835 ], [ 39.2569458, -6.8048082 ], [ 39.2568806, -6.8047364 ], [ 39.2567218, -6.8045226 ], [ 39.2565847, -6.8042942 ], [ 39.2564706, -6.8040536 ], [ 39.2563807, -6.8038029 ], [ 39.2563159, -6.8035446 ], [ 39.2562766, -6.8032811 ], [ 39.2562634, -6.8030151 ], [ 39.2562763, -6.8027491 ], [ 39.2563153, -6.8024857 ], [ 39.2563799, -6.8022273 ], [ 39.2564695, -6.8019765 ], [ 39.2565833, -6.8017357 ], [ 39.2567202, -6.8015072 ], [ 39.2568788, -6.8012932 ], [ 39.2570576, -6.8010958 ], [ 39.2572549, -6.8009168 ], [ 39.2574688, -6.8007581 ], [ 39.2576973, -6.800621 ], [ 39.2579381, -6.800507 ], [ 39.2581889, -6.8004172 ], [ 39.2584473, -6.8003523 ], [ 39.2587108, -6.8003131 ], [ 39.2589769, -6.8002999 ], [ 39.2592431, -6.8003128 ], [ 39.2595066, -6.8003518 ], [ 39.2597651, -6.8004163 ], [ 39.260016, -6.8005059 ], [ 39.2602569, -6.8006197 ], [ 39.2604855, -6.8007565 ], [ 39.2606996, -6.800915 ], [ 39.2608971, -6.8010937 ], [ 39.2610762, -6.801291 ], [ 39.261235, -6.8015048 ], [ 39.2613721, -6.8017331 ], [ 39.2614862, -6.8019738 ], [ 39.2615761, -6.8022245 ], [ 39.2616409, -6.8024828 ], [ 39.2616802, -6.8027462 ], [ 39.2616934, -6.8030122 ], [ 39.2616805, -6.8032782 ], [ 39.2616415, -6.8035417 ], [ 39.2616289, -6.8035921 ], [ 39.2618455, -6.8036694 ], [ 39.2620864, -6.8037832 ], [ 39.262315, -6.80392 ], [ 39.2625291, -6.8040785 ], [ 39.2627267, -6.8042572 ], [ 39.2629057, -6.8044545 ], [ 39.2630645, -6.8046683 ], [ 39.2632016, -6.8048966 ], [ 39.2633157, -6.8051373 ], [ 39.2634056, -6.805388 ], [ 39.2634704, -6.8056463 ], [ 39.2634848, -6.8057425 ], [ 39.2636031, -6.8057249 ], [ 39.2638692, -6.8057117 ], [ 39.2641353, -6.8057246 ], [ 39.2643989, -6.8057636 ], [ 39.2646574, -6.8058281 ], [ 39.2649083, -6.8059177 ], [ 39.2651492, -6.8060315 ], [ 39.2653778, -6.8061682 ], [ 39.2655919, -6.8063268 ], [ 39.2657894, -6.8065055 ], [ 39.2659685, -6.8067027 ], [ 39.2661273, -6.8069166 ], [ 39.2662644, -6.8071449 ], [ 39.2663785, -6.8073856 ], [ 39.2664684, -6.8076363 ], [ 39.2665333, -6.8078946 ], [ 39.2665725, -6.808158 ], [ 39.2665857, -6.808424 ], [ 39.2665728, -6.80869 ], [ 39.2665338, -6.8089535 ], [ 39.2664692, -6.8092118 ], [ 39.2663796, -6.8094626 ], [ 39.2662658, -6.8097035 ], [ 39.266129, -6.809932 ], [ 39.2659704, -6.810146 ], [ 39.2657916, -6.8103434 ], [ 39.2655942, -6.8105223 ], [ 39.2653803, -6.8106811 ], [ 39.2651519, -6.8108181 ], [ 39.2649111, -6.8109321 ], [ 39.2646603, -6.811022 ], [ 39.2644018, -6.8110868 ], [ 39.2641383, -6.8111261 ], [ 39.2638722, -6.8111393 ], [ 39.2636061, -6.8111264 ], [ 39.2633425, -6.8110874 ], [ 39.263084, -6.8110229 ], [ 39.2629964, -6.8109916 ], [ 39.2629934, -6.8109956 ], [ 39.2629921, -6.811023 ] ], [ [ 39.2510726, -6.8068101 ], [ 39.2510336, -6.8070736 ], [ 39.250969, -6.8073319 ], [ 39.2508794, -6.8075827 ], [ 39.2507656, -6.8078235 ], [ 39.2506287, -6.808052 ], [ 39.2504701, -6.808266 ], [ 39.2502913, -6.8084634 ], [ 39.250094, -6.8086424 ], [ 39.24988, -6.8088012 ], [ 39.2496516, -6.8089382 ], [ 39.2494108, -6.8090522 ], [ 39.24916, -6.809142 ], [ 39.2489015, -6.8092069 ], [ 39.248638, -6.8092461 ], [ 39.2483719, -6.8092593 ], [ 39.2481058, -6.8092464 ], [ 39.2478422, -6.8092074 ], [ 39.2475837, -6.8091428 ], [ 39.2473328, -6.8090532 ], [ 39.2470919, -6.8089395 ], [ 39.2468633, -6.8088027 ], [ 39.2466492, -6.8086442 ], [ 39.2464932, -6.808503 ], [ 39.2464456, -6.8084805 ], [ 39.246217, -6.8083437 ], [ 39.2460029, -6.8081852 ], [ 39.2458054, -6.8080064 ], [ 39.2456263, -6.8078092 ], [ 39.2454675, -6.8075953 ], [ 39.2453304, -6.807367 ], [ 39.2452164, -6.8071263 ], [ 39.2451265, -6.8068756 ], [ 39.2450616, -6.8066173 ], [ 39.2450224, -6.8063539 ], [ 39.2450092, -6.8060879 ], [ 39.2450221, -6.8058219 ], [ 39.2450611, -6.8055584 ], [ 39.2451257, -6.8053001 ], [ 39.2452153, -6.8050493 ], [ 39.2453291, -6.8048085 ], [ 39.245466, -6.80458 ], [ 39.2456246, -6.804366 ], [ 39.2458034, -6.8041685 ], [ 39.2460008, -6.8039896 ], [ 39.2462147, -6.8038308 ], [ 39.2464431, -6.8036938 ], [ 39.2466839, -6.8035798 ], [ 39.2469347, -6.80349 ], [ 39.2471932, -6.8034251 ], [ 39.2474567, -6.8033859 ], [ 39.2477228, -6.8033727 ], [ 39.2479889, -6.8033856 ], [ 39.2482525, -6.8034246 ], [ 39.248511, -6.8034892 ], [ 39.2487619, -6.8035788 ], [ 39.2490028, -6.8036925 ], [ 39.2492314, -6.8038293 ], [ 39.2494455, -6.8039878 ], [ 39.2496015, -6.804129 ], [ 39.2496491, -6.8041515 ], [ 39.2498777, -6.8042883 ], [ 39.2500918, -6.8044468 ], [ 39.2502893, -6.8046256 ], [ 39.2504683, -6.8048228 ], [ 39.2506272, -6.8050366 ], [ 39.2507643, -6.805265 ], [ 39.2508783, -6.8055057 ], [ 39.2509682, -6.8057564 ], [ 39.2510331, -6.8060147 ], [ 39.2510723, -6.8062781 ], [ 39.2510855, -6.8065441 ], [ 39.2510726, -6.8068101 ] ], [ [ 39.2517381, -6.8036316 ], [ 39.2514745, -6.8036708 ], [ 39.2512084, -6.803684 ], [ 39.2509423, -6.8036711 ], [ 39.2506787, -6.8036321 ], [ 39.2504202, -6.8035675 ], [ 39.2501693, -6.8034779 ], [ 39.2499284, -6.8033642 ], [ 39.2496998, -6.8032274 ], [ 39.2494857, -6.8030689 ], [ 39.2492882, -6.8028901 ], [ 39.2491092, -6.8026929 ], [ 39.2489504, -6.8024791 ], [ 39.2488133, -6.8022507 ], [ 39.2486992, -6.80201 ], [ 39.2486093, -6.8017593 ], [ 39.2485445, -6.801501 ], [ 39.2485052, -6.8012376 ], [ 39.248492, -6.8009716 ], [ 39.248505, -6.8007056 ], [ 39.2485439, -6.8004421 ], [ 39.2486085, -6.8001838 ], [ 39.2486982, -6.799933 ], [ 39.2488119, -6.7996922 ], [ 39.2489488, -6.7994637 ], [ 39.2491074, -6.7992497 ], [ 39.2492862, -6.7990523 ], [ 39.2494836, -6.7988733 ], [ 39.2496975, -6.7987145 ], [ 39.2499259, -6.7985775 ], [ 39.2501667, -6.7984635 ], [ 39.2504175, -6.7983737 ], [ 39.250676, -6.7983088 ], [ 39.2509395, -6.7982696 ], [ 39.2510181, -6.7982657 ], [ 39.2511795, -6.7982252 ], [ 39.251443, -6.798186 ], [ 39.2517091, -6.7981728 ], [ 39.2519752, -6.7981857 ], [ 39.2522388, -6.7982247 ], [ 39.2524973, -6.7982893 ], [ 39.2527482, -6.7983788 ], [ 39.2529891, -6.7984926 ], [ 39.2532177, -6.7986294 ], [ 39.2534318, -6.7987879 ], [ 39.2536293, -6.7989667 ], [ 39.2538083, -6.7991639 ], [ 39.2539671, -6.7993777 ], [ 39.2541042, -6.7996061 ], [ 39.2542183, -6.7998468 ], [ 39.2543082, -6.8000975 ], [ 39.254373, -6.8003558 ], [ 39.2544123, -6.8006192 ], [ 39.2544255, -6.8008852 ], [ 39.2544125, -6.8011512 ], [ 39.2543736, -6.8014146 ], [ 39.254309, -6.801673 ], [ 39.2542194, -6.8019238 ], [ 39.2541056, -6.8021646 ], [ 39.2539687, -6.8023931 ], [ 39.2538101, -6.8026071 ], [ 39.2536313, -6.8028045 ], [ 39.253434, -6.8029835 ], [ 39.25322, -6.8031422 ], [ 39.2529916, -6.8032793 ], [ 39.2527508, -6.8033933 ], [ 39.2525, -6.8034831 ], [ 39.2522416, -6.803548 ], [ 39.251978, -6.8035872 ], [ 39.2518994, -6.8035911 ], [ 39.2517381, -6.8036316 ] ], [ [ 39.26226, -6.7833124 ], [ 39.2622211, -6.7835759 ], [ 39.2621565, -6.7838343 ], [ 39.2620669, -6.7840851 ], [ 39.2619531, -6.7843259 ], [ 39.2618162, -6.7845544 ], [ 39.2616577, -6.7847684 ], [ 39.2614788, -6.7849658 ], [ 39.2612815, -6.7851448 ], [ 39.2610676, -6.7853035 ], [ 39.2608392, -6.7854406 ], [ 39.2605984, -6.7855546 ], [ 39.2603476, -6.7856444 ], [ 39.2600892, -6.7857093 ], [ 39.2598257, -6.7857485 ], [ 39.2595596, -6.7857617 ], [ 39.2592934, -6.7857488 ], [ 39.2590299, -6.7857098 ], [ 39.2587714, -6.7856453 ], [ 39.2585205, -6.7855557 ], [ 39.2582796, -6.7854419 ], [ 39.258051, -6.7853051 ], [ 39.2578369, -6.7851466 ], [ 39.2576394, -6.7849679 ], [ 39.2574604, -6.7847706 ], [ 39.2573016, -6.7845568 ], [ 39.2571645, -6.7843284 ], [ 39.2570504, -6.7840878 ], [ 39.2569605, -6.7838371 ], [ 39.2568957, -6.7835788 ], [ 39.2568564, -6.7833153 ], [ 39.2568432, -6.7830493 ], [ 39.2568562, -6.7827833 ], [ 39.2568951, -6.7825199 ], [ 39.2569597, -6.7822615 ], [ 39.2570493, -6.7820107 ], [ 39.2571631, -6.7817699 ], [ 39.2573, -6.7815414 ], [ 39.2574586, -6.7813274 ], [ 39.2576374, -6.78113 ], [ 39.2578347, -6.780951 ], [ 39.2580486, -6.7807923 ], [ 39.258277, -6.7806552 ], [ 39.2585178, -6.7805412 ], [ 39.2587686, -6.7804514 ], [ 39.259027, -6.7803865 ], [ 39.2592906, -6.7803473 ], [ 39.2595566, -6.7803341 ], [ 39.2598228, -6.780347 ], [ 39.2600863, -6.780386 ], [ 39.2603448, -6.7804505 ], [ 39.2605957, -6.7805401 ], [ 39.2608366, -6.7806539 ], [ 39.2610652, -6.7807907 ], [ 39.2612793, -6.7809492 ], [ 39.2614768, -6.7811279 ], [ 39.2616558, -6.7813252 ], [ 39.2618146, -6.781539 ], [ 39.2619517, -6.7817673 ], [ 39.2620658, -6.782008 ], [ 39.2621556, -6.7822587 ], [ 39.2622205, -6.782517 ], [ 39.2622598, -6.7827804 ], [ 39.262273, -6.7830464 ], [ 39.26226, -6.7833124 ] ], [ [ 39.2688278, -6.8302213 ], [ 39.2686888, -6.8302711 ], [ 39.268669, -6.8303129 ], [ 39.2685322, -6.8305414 ], [ 39.2683736, -6.8307554 ], [ 39.2681948, -6.8309529 ], [ 39.2679974, -6.8311318 ], [ 39.2677835, -6.8312906 ], [ 39.267555, -6.8314276 ], [ 39.2673142, -6.8315416 ], [ 39.2670634, -6.8316315 ], [ 39.266805, -6.8316963 ], [ 39.2665414, -6.8317356 ], [ 39.2662753, -6.8317488 ], [ 39.2660092, -6.8317359 ], [ 39.2657456, -6.8316969 ], [ 39.2654871, -6.8316324 ], [ 39.2652361, -6.8315428 ], [ 39.2649952, -6.831429 ], [ 39.2647666, -6.8312923 ], [ 39.2645525, -6.8311337 ], [ 39.264355, -6.830955 ], [ 39.2641759, -6.8307578 ], [ 39.2640171, -6.8305439 ], [ 39.26388, -6.8303156 ], [ 39.2637659, -6.8300749 ], [ 39.263676, -6.8298242 ], [ 39.2636247, -6.8296198 ], [ 39.263496, -6.829652 ], [ 39.2632325, -6.8296913 ], [ 39.2629664, -6.8297045 ], [ 39.2627002, -6.8296916 ], [ 39.2624367, -6.8296526 ], [ 39.2621782, -6.8295881 ], [ 39.2619272, -6.8294985 ], [ 39.2616863, -6.8293847 ], [ 39.2614577, -6.8292479 ], [ 39.2612436, -6.8290894 ], [ 39.2610461, -6.8289107 ], [ 39.260867, -6.8287134 ], [ 39.2607082, -6.8284996 ], [ 39.2605711, -6.8282713 ], [ 39.260457, -6.8280306 ], [ 39.2603671, -6.8277799 ], [ 39.2603022, -6.8275216 ], [ 39.260263, -6.8272582 ], [ 39.2602498, -6.8269922 ], [ 39.2602627, -6.8267262 ], [ 39.2603017, -6.8264627 ], [ 39.2603663, -6.8262043 ], [ 39.2604559, -6.8259535 ], [ 39.2605697, -6.8257127 ], [ 39.2607065, -6.8254842 ], [ 39.2608652, -6.8252702 ], [ 39.261044, -6.8250728 ], [ 39.2612413, -6.8248939 ], [ 39.2614552, -6.8247351 ], [ 39.2616837, -6.8245981 ], [ 39.2619245, -6.8244841 ], [ 39.2621753, -6.8243942 ], [ 39.2624338, -6.8243294 ], [ 39.2626973, -6.8242901 ], [ 39.2628054, -6.8242848 ], [ 39.262858, -6.8241969 ], [ 39.2630167, -6.8239829 ], [ 39.2631955, -6.8237855 ], [ 39.2633928, -6.8236066 ], [ 39.2636067, -6.8234478 ], [ 39.2638352, -6.8233108 ], [ 39.264076, -6.8231968 ], [ 39.2643268, -6.8231069 ], [ 39.2645852, -6.8230421 ], [ 39.2647561, -6.8230166 ], [ 39.2648203, -6.8229584 ], [ 39.2650342, -6.8227996 ], [ 39.2652627, -6.8226626 ], [ 39.2655035, -6.8225486 ], [ 39.2657543, -6.8224587 ], [ 39.2660127, -6.8223939 ], [ 39.2662763, -6.8223546 ], [ 39.2665424, -6.8223414 ], [ 39.2668085, -6.8223543 ], [ 39.2670721, -6.8223933 ], [ 39.2673306, -6.8224578 ], [ 39.2674837, -6.8225125 ], [ 39.2675053, -6.8225114 ], [ 39.2677714, -6.8225243 ], [ 39.268035, -6.8225633 ], [ 39.2682935, -6.8226278 ], [ 39.2685444, -6.8227174 ], [ 39.2686079, -6.8227474 ], [ 39.2686014, -6.8226169 ], [ 39.2686143, -6.8223509 ], [ 39.2686533, -6.8220875 ], [ 39.2687179, -6.8218291 ], [ 39.2688075, -6.8215783 ], [ 39.2689213, -6.8213375 ], [ 39.2690581, -6.821109 ], [ 39.2692167, -6.820895 ], [ 39.2693956, -6.8206975 ], [ 39.2695929, -6.8205186 ], [ 39.2698068, -6.8203598 ], [ 39.2700353, -6.8202228 ], [ 39.2702761, -6.8201088 ], [ 39.2703726, -6.8200742 ], [ 39.2704256, -6.8200157 ], [ 39.2706229, -6.8198368 ], [ 39.2707957, -6.8197086 ], [ 39.2707577, -6.8196574 ], [ 39.2706205, -6.819429 ], [ 39.2705065, -6.8191883 ], [ 39.2704918, -6.8191473 ], [ 39.2703796, -6.8191193 ], [ 39.2701287, -6.8190297 ], [ 39.2698878, -6.818916 ], [ 39.2696592, -6.8187792 ], [ 39.2694451, -6.8186206 ], [ 39.2692475, -6.8184419 ], [ 39.2690685, -6.8182447 ], [ 39.2689097, -6.8180309 ], [ 39.2687725, -6.8178025 ], [ 39.2686585, -6.8175618 ], [ 39.2685686, -6.8173111 ], [ 39.2685037, -6.8170528 ], [ 39.2684645, -6.8167894 ], [ 39.2684512, -6.8165234 ], [ 39.2684642, -6.8162574 ], [ 39.2685031, -6.815994 ], [ 39.2685677, -6.8157356 ], [ 39.2686573, -6.8154848 ], [ 39.2687711, -6.815244 ], [ 39.268908, -6.8150155 ], [ 39.2690666, -6.8148015 ], [ 39.2692454, -6.814604 ], [ 39.2694427, -6.8144251 ], [ 39.2696566, -6.8142663 ], [ 39.2698518, -6.8141492 ], [ 39.2699084, -6.8140295 ], [ 39.2700453, -6.813801 ], [ 39.2702039, -6.813587 ], [ 39.2703827, -6.8133895 ], [ 39.27058, -6.8132106 ], [ 39.2707939, -6.8130518 ], [ 39.2710141, -6.8129198 ], [ 39.2710407, -6.8128839 ], [ 39.2712195, -6.8126864 ], [ 39.2714168, -6.8125075 ], [ 39.2716307, -6.8123487 ], [ 39.2718592, -6.8122117 ], [ 39.2721, -6.8120977 ], [ 39.2723508, -6.8120078 ], [ 39.2726092, -6.811943 ], [ 39.2728728, -6.8119037 ], [ 39.2731389, -6.8118905 ], [ 39.273405, -6.8119034 ], [ 39.2735215, -6.8119206 ], [ 39.2735497, -6.8118415 ], [ 39.2736635, -6.8116007 ], [ 39.2738004, -6.8113722 ], [ 39.273959, -6.8111582 ], [ 39.2741378, -6.8109608 ], [ 39.2743351, -6.8107818 ], [ 39.274549, -6.810623 ], [ 39.2747775, -6.810486 ], [ 39.2748956, -6.8104301 ], [ 39.2747808, -6.8102388 ], [ 39.2746667, -6.8099981 ], [ 39.2745768, -6.8097475 ], [ 39.274512, -6.8094892 ], [ 39.2744727, -6.8092257 ], [ 39.2744595, -6.8089597 ], [ 39.2744627, -6.8088946 ], [ 39.2743074, -6.8088716 ], [ 39.2741165, -6.8088239 ], [ 39.2739043, -6.8088345 ], [ 39.2736382, -6.8088216 ], [ 39.2733746, -6.8087826 ], [ 39.2731161, -6.8087181 ], [ 39.2728652, -6.8086285 ], [ 39.2726243, -6.8085148 ], [ 39.2723957, -6.808378 ], [ 39.2721816, -6.8082195 ], [ 39.2719841, -6.8080407 ], [ 39.271805, -6.8078435 ], [ 39.2716462, -6.8076297 ], [ 39.2715091, -6.8074013 ], [ 39.2713951, -6.8071606 ], [ 39.2713051, -6.8069099 ], [ 39.2712403, -6.8066516 ], [ 39.271201, -6.8063882 ], [ 39.2711989, -6.8063449 ], [ 39.2711431, -6.8061227 ], [ 39.2711038, -6.8058593 ], [ 39.2710906, -6.8055933 ], [ 39.2711035, -6.8053273 ], [ 39.2711425, -6.8050639 ], [ 39.2712071, -6.8048055 ], [ 39.2712967, -6.8045547 ], [ 39.2714105, -6.8043139 ], [ 39.2715473, -6.8040854 ], [ 39.2717059, -6.8038714 ], [ 39.2718847, -6.803674 ], [ 39.272082, -6.803495 ], [ 39.272296, -6.8033362 ], [ 39.2725244, -6.8031992 ], [ 39.2727652, -6.8030852 ], [ 39.273016, -6.8029953 ], [ 39.2732744, -6.8029305 ], [ 39.273538, -6.8028912 ], [ 39.2738041, -6.802878 ], [ 39.2740702, -6.8028909 ], [ 39.2743338, -6.8029299 ], [ 39.27441, -6.8029489 ], [ 39.2744477, -6.8029354 ], [ 39.2747061, -6.8028706 ], [ 39.2749696, -6.8028313 ], [ 39.2752358, -6.8028181 ], [ 39.2755019, -6.802831 ], [ 39.2757655, -6.80287 ], [ 39.2760239, -6.8029345 ], [ 39.2762749, -6.8030241 ], [ 39.2765158, -6.8031378 ], [ 39.2767444, -6.8032746 ], [ 39.2769585, -6.8034331 ], [ 39.277156, -6.8036119 ], [ 39.277335, -6.8038091 ], [ 39.2774939, -6.8040229 ], [ 39.277631, -6.8042513 ], [ 39.277745, -6.8044919 ], [ 39.2778349, -6.8047426 ], [ 39.2778998, -6.8050009 ], [ 39.2779391, -6.8052644 ], [ 39.2779523, -6.8055303 ], [ 39.2779394, -6.8057964 ], [ 39.2779004, -6.8060598 ], [ 39.2778358, -6.8063182 ], [ 39.2778321, -6.8063286 ], [ 39.2779611, -6.8063608 ], [ 39.278212, -6.8064504 ], [ 39.278453, -6.8065641 ], [ 39.2786816, -6.8067009 ], [ 39.2788957, -6.8068594 ], [ 39.2790932, -6.8070382 ], [ 39.2792722, -6.8072354 ], [ 39.2794311, -6.8074492 ], [ 39.2795682, -6.8076776 ], [ 39.2796822, -6.8079182 ], [ 39.2797722, -6.8081689 ], [ 39.279837, -6.8084272 ], [ 39.2798763, -6.8086906 ], [ 39.2798895, -6.8089566 ], [ 39.2798766, -6.8092226 ], [ 39.2798377, -6.8094861 ], [ 39.2797731, -6.8097445 ], [ 39.2796834, -6.8099953 ], [ 39.2795697, -6.8102361 ], [ 39.2794328, -6.8104646 ], [ 39.2792742, -6.8106786 ], [ 39.2790954, -6.810876 ], [ 39.2788981, -6.811055 ], [ 39.2786842, -6.8112138 ], [ 39.2784557, -6.8113508 ], [ 39.2783376, -6.8114067 ], [ 39.2784524, -6.811598 ], [ 39.2785665, -6.8118386 ], [ 39.2786564, -6.8120893 ], [ 39.2787213, -6.8123476 ], [ 39.2787605, -6.8126111 ], [ 39.278772, -6.8128431 ], [ 39.27883, -6.8128704 ], [ 39.2790586, -6.8130072 ], [ 39.2792727, -6.8131657 ], [ 39.2794702, -6.8133445 ], [ 39.2795274, -6.8134074 ], [ 39.2797551, -6.8133961 ], [ 39.2800213, -6.813409 ], [ 39.2802848, -6.813448 ], [ 39.2805433, -6.8135125 ], [ 39.2807942, -6.8136021 ], [ 39.2810352, -6.8137158 ], [ 39.2812638, -6.8138526 ], [ 39.2814779, -6.8140111 ], [ 39.2816754, -6.8141899 ], [ 39.2818545, -6.8143871 ], [ 39.2820133, -6.8146009 ], [ 39.2821504, -6.8148292 ], [ 39.2822645, -6.8150699 ], [ 39.2823544, -6.8153206 ], [ 39.2823815, -6.8154287 ], [ 39.2825009, -6.8155602 ], [ 39.2826597, -6.815774 ], [ 39.2827968, -6.8160023 ], [ 39.2829109, -6.816243 ], [ 39.2830008, -6.8164937 ], [ 39.2830657, -6.816752 ], [ 39.2831049, -6.8170154 ], [ 39.2831182, -6.8172814 ], [ 39.2831052, -6.8175474 ], [ 39.2830663, -6.8178109 ], [ 39.2830017, -6.8180693 ], [ 39.2829121, -6.8183201 ], [ 39.2827983, -6.8185609 ], [ 39.2826615, -6.8187894 ], [ 39.2825029, -6.8190034 ], [ 39.2823241, -6.8192008 ], [ 39.2821267, -6.8193798 ], [ 39.2819128, -6.8195385 ], [ 39.2816844, -6.8196756 ], [ 39.2814436, -6.8197896 ], [ 39.2811928, -6.8198795 ], [ 39.2809343, -6.8199443 ], [ 39.2806708, -6.8199836 ], [ 39.2804047, -6.8199968 ], [ 39.2801385, -6.8199839 ], [ 39.279875, -6.8199449 ], [ 39.2796165, -6.8198804 ], [ 39.2793655, -6.8197908 ], [ 39.2791246, -6.8196771 ], [ 39.278896, -6.8195403 ], [ 39.2786819, -6.8193818 ], [ 39.2784844, -6.819203 ], [ 39.2783053, -6.8190058 ], [ 39.2781465, -6.818792 ], [ 39.2780094, -6.8185637 ], [ 39.2778953, -6.818323 ], [ 39.2778054, -6.8180723 ], [ 39.277779, -6.8179671 ], [ 39.2777548, -6.8179683 ], [ 39.2777047, -6.8179983 ], [ 39.2776954, -6.8180027 ], [ 39.2776969, -6.8180054 ], [ 39.277811, -6.818246 ], [ 39.2779009, -6.8184967 ], [ 39.2779658, -6.818755 ], [ 39.278005, -6.8190185 ], [ 39.2780183, -6.8192844 ], [ 39.2780054, -6.8195504 ], [ 39.2779664, -6.8198139 ], [ 39.2779018, -6.8200723 ], [ 39.2778122, -6.8203231 ], [ 39.2776984, -6.8205639 ], [ 39.2775616, -6.8207924 ], [ 39.277403, -6.8210064 ], [ 39.2772241, -6.8212038 ], [ 39.2770268, -6.8213828 ], [ 39.2768129, -6.8215416 ], [ 39.2765844, -6.8216786 ], [ 39.2763437, -6.8217926 ], [ 39.2763255, -6.8217991 ], [ 39.2763235, -6.8218122 ], [ 39.2762589, -6.8220706 ], [ 39.2761693, -6.8223214 ], [ 39.2760555, -6.8225622 ], [ 39.2759823, -6.8226845 ], [ 39.2759925, -6.8227527 ], [ 39.2760057, -6.8230187 ], [ 39.2759928, -6.8232847 ], [ 39.2759538, -6.8235481 ], [ 39.2758892, -6.8238065 ], [ 39.2757996, -6.8240573 ], [ 39.2756858, -6.8242981 ], [ 39.275549, -6.8245266 ], [ 39.2753904, -6.8247406 ], [ 39.2752116, -6.824938 ], [ 39.2750142, -6.825117 ], [ 39.2748051, -6.8252722 ], [ 39.2746709, -6.8253939 ], [ 39.274457, -6.8255527 ], [ 39.2742285, -6.8256897 ], [ 39.2739877, -6.8258037 ], [ 39.2738462, -6.8258544 ], [ 39.2737731, -6.825889 ], [ 39.2735223, -6.8259789 ], [ 39.2732639, -6.8260437 ], [ 39.2731792, -6.8260563 ], [ 39.2731777, -6.8260569 ], [ 39.2731723, -6.8260594 ], [ 39.2729215, -6.8261493 ], [ 39.2726631, -6.8262141 ], [ 39.2723996, -6.8262534 ], [ 39.2721334, -6.8262666 ], [ 39.2718673, -6.8262537 ], [ 39.2716037, -6.8262147 ], [ 39.2713452, -6.8261502 ], [ 39.2710943, -6.8260606 ], [ 39.2708534, -6.8259469 ], [ 39.2706247, -6.8258101 ], [ 39.2704106, -6.8256515 ], [ 39.2703594, -6.8256052 ], [ 39.2703458, -6.8255971 ], [ 39.2702082, -6.8254951 ], [ 39.27017, -6.8257531 ], [ 39.2701054, -6.8260115 ], [ 39.2700387, -6.8261984 ], [ 39.2700441, -6.8262057 ], [ 39.2701812, -6.8264341 ], [ 39.2702953, -6.8266748 ], [ 39.2703852, -6.8269255 ], [ 39.2704501, -6.8271838 ], [ 39.2704893, -6.8274472 ], [ 39.2705025, -6.8277132 ], [ 39.2704896, -6.8279792 ], [ 39.2704506, -6.8282426 ], [ 39.2703861, -6.828501 ], [ 39.2702964, -6.8287518 ], [ 39.2701826, -6.8289926 ], [ 39.2700458, -6.8292211 ], [ 39.2698872, -6.8294351 ], [ 39.2697084, -6.8296326 ], [ 39.269511, -6.8298115 ], [ 39.2692971, -6.8299703 ], [ 39.2690686, -6.8301073 ], [ 39.2688278, -6.8302213 ] ], [ [ 39.266959, -6.8008705 ], [ 39.2669201, -6.801134 ], [ 39.2668555, -6.8013923 ], [ 39.2667659, -6.8016431 ], [ 39.2666521, -6.801884 ], [ 39.2665152, -6.8021125 ], [ 39.2663566, -6.8023265 ], [ 39.2661778, -6.8025239 ], [ 39.2659805, -6.8027028 ], [ 39.2657666, -6.8028616 ], [ 39.2655381, -6.8029986 ], [ 39.2652973, -6.8031126 ], [ 39.2650465, -6.8032025 ], [ 39.2647881, -6.8032673 ], [ 39.2645246, -6.8033066 ], [ 39.2642585, -6.8033198 ], [ 39.2639924, -6.8033069 ], [ 39.2637288, -6.8032679 ], [ 39.2634703, -6.8032034 ], [ 39.2632194, -6.8031138 ], [ 39.2629785, -6.803 ], [ 39.2627499, -6.8028632 ], [ 39.2625358, -6.8027047 ], [ 39.2623383, -6.802526 ], [ 39.2621592, -6.8023287 ], [ 39.2620004, -6.8021149 ], [ 39.2618633, -6.8018866 ], [ 39.2617493, -6.8016459 ], [ 39.2616594, -6.8013952 ], [ 39.2615945, -6.8011369 ], [ 39.2615552, -6.8008735 ], [ 39.261542, -6.8006075 ], [ 39.261555, -6.8003415 ], [ 39.2615939, -6.800078 ], [ 39.2616585, -6.7998196 ], [ 39.2617481, -6.7995688 ], [ 39.2618619, -6.799328 ], [ 39.2619988, -6.7990995 ], [ 39.2621574, -6.7988855 ], [ 39.2622003, -6.7988382 ], [ 39.2620862, -6.7986846 ], [ 39.2619491, -6.7984563 ], [ 39.2618351, -6.7982156 ], [ 39.2617452, -6.7979649 ], [ 39.2616803, -6.7977066 ], [ 39.2616411, -6.7974432 ], [ 39.2616278, -6.7971772 ], [ 39.2616282, -6.7971701 ], [ 39.2615944, -6.7970356 ], [ 39.2615552, -6.7967722 ], [ 39.261542, -6.7965062 ], [ 39.2615549, -6.7962402 ], [ 39.2615938, -6.7959767 ], [ 39.2616584, -6.7957183 ], [ 39.2617481, -6.7954675 ], [ 39.2618618, -6.7952267 ], [ 39.2619987, -6.7949982 ], [ 39.2621573, -6.7947842 ], [ 39.2623361, -6.7945868 ], [ 39.2625334, -6.7944079 ], [ 39.2627473, -6.7942491 ], [ 39.2629758, -6.7941121 ], [ 39.2632166, -6.7939981 ], [ 39.2634674, -6.7939082 ], [ 39.2637258, -6.7938433 ], [ 39.263786, -6.7938344 ], [ 39.2637866, -6.7938217 ], [ 39.2638255, -6.7935582 ], [ 39.2638901, -6.7932999 ], [ 39.2639798, -6.7930491 ], [ 39.2640935, -6.7928082 ], [ 39.2642304, -6.7925797 ], [ 39.264389, -6.7923657 ], [ 39.2645678, -6.7921683 ], [ 39.264677, -6.7920692 ], [ 39.2646483, -6.7920376 ], [ 39.2644895, -6.7918237 ], [ 39.2643524, -6.7915954 ], [ 39.2642383, -6.7913547 ], [ 39.2641484, -6.791104 ], [ 39.2640835, -6.7908457 ], [ 39.2640443, -6.7905823 ], [ 39.2640361, -6.7904172 ], [ 39.2639901, -6.7904104 ], [ 39.2637316, -6.7903459 ], [ 39.2634807, -6.7902563 ], [ 39.2632398, -6.7901425 ], [ 39.2630112, -6.7900057 ], [ 39.2627971, -6.7898472 ], [ 39.2625996, -6.7896685 ], [ 39.2624206, -6.7894712 ], [ 39.2622618, -6.7892574 ], [ 39.2621247, -6.7890291 ], [ 39.2620106, -6.7887884 ], [ 39.2619207, -6.7885377 ], [ 39.2618559, -6.7882794 ], [ 39.2618166, -6.788016 ], [ 39.2618034, -6.78775 ], [ 39.2618163, -6.787484 ], [ 39.2618553, -6.7872205 ], [ 39.2619199, -6.7869621 ], [ 39.2620095, -6.7867113 ], [ 39.2621233, -6.7864705 ], [ 39.2622601, -6.786242 ], [ 39.2624187, -6.786028 ], [ 39.2625975, -6.7858306 ], [ 39.2627948, -6.7856517 ], [ 39.2630088, -6.7854929 ], [ 39.2632372, -6.7853559 ], [ 39.263478, -6.7852419 ], [ 39.2637288, -6.785152 ], [ 39.2639872, -6.7850871 ], [ 39.2642507, -6.7850479 ], [ 39.2645168, -6.7850347 ], [ 39.2647829, -6.7850476 ], [ 39.2650465, -6.7850866 ], [ 39.265305, -6.7851511 ], [ 39.2655559, -6.7852407 ], [ 39.2657968, -6.7853545 ], [ 39.2660254, -6.7854912 ], [ 39.2662395, -6.7856498 ], [ 39.266437, -6.7858285 ], [ 39.266616, -6.7860257 ], [ 39.2667748, -6.7862396 ], [ 39.2669119, -6.7864679 ], [ 39.267026, -6.7867086 ], [ 39.2671159, -6.7869593 ], [ 39.2671807, -6.7872176 ], [ 39.26722, -6.787481 ], [ 39.2672282, -6.7876461 ], [ 39.2672742, -6.7876529 ], [ 39.2675327, -6.7877174 ], [ 39.2677836, -6.787807 ], [ 39.2680245, -6.7879208 ], [ 39.2682531, -6.7880575 ], [ 39.2684672, -6.7882161 ], [ 39.2686647, -6.7883948 ], [ 39.2688437, -6.788592 ], [ 39.2689325, -6.7887116 ], [ 39.268982, -6.7886749 ], [ 39.2692105, -6.7885379 ], [ 39.2694513, -6.7884239 ], [ 39.2697021, -6.788334 ], [ 39.2699605, -6.7882692 ], [ 39.270224, -6.7882299 ], [ 39.2704901, -6.7882167 ], [ 39.2707562, -6.7882296 ], [ 39.2710198, -6.7882686 ], [ 39.2712782, -6.7883331 ], [ 39.2715291, -6.7884227 ], [ 39.2717701, -6.7885364 ], [ 39.2719987, -6.7886732 ], [ 39.2722127, -6.7888318 ], [ 39.2724103, -6.7890105 ], [ 39.2725893, -6.7892077 ], [ 39.2727481, -6.7894215 ], [ 39.2728852, -6.7896499 ], [ 39.2729993, -6.7898906 ], [ 39.2730892, -6.7901413 ], [ 39.273154, -6.7903996 ], [ 39.2731608, -6.790445 ], [ 39.2731906, -6.7904719 ], [ 39.2733696, -6.7906691 ], [ 39.2735284, -6.7908829 ], [ 39.2736655, -6.7911113 ], [ 39.2737796, -6.791352 ], [ 39.2738695, -6.7916027 ], [ 39.2739344, -6.791861 ], [ 39.2739736, -6.7921244 ], [ 39.2739868, -6.7923904 ], [ 39.2739739, -6.7926564 ], [ 39.273935, -6.7929198 ], [ 39.2738704, -6.7931782 ], [ 39.2737807, -6.793429 ], [ 39.273667, -6.7936698 ], [ 39.2735301, -6.7938983 ], [ 39.2733715, -6.7941123 ], [ 39.2731927, -6.7943098 ], [ 39.2729954, -6.7944887 ], [ 39.2727815, -6.7946475 ], [ 39.2725531, -6.7947845 ], [ 39.2723123, -6.7948985 ], [ 39.2720615, -6.7949884 ], [ 39.271803, -6.7950532 ], [ 39.2715395, -6.7950925 ], [ 39.2712734, -6.7951057 ], [ 39.2710073, -6.7950928 ], [ 39.2707437, -6.7950538 ], [ 39.2704853, -6.7949893 ], [ 39.2702343, -6.7948997 ], [ 39.2699934, -6.794786 ], [ 39.2697648, -6.7946492 ], [ 39.2695507, -6.7944906 ], [ 39.2693532, -6.7943119 ], [ 39.2692007, -6.7941438 ], [ 39.2691925, -6.7943114 ], [ 39.2693113, -6.7944713 ], [ 39.2694484, -6.7946996 ], [ 39.2695624, -6.7949403 ], [ 39.2696523, -6.795191 ], [ 39.2697172, -6.7954493 ], [ 39.2697564, -6.7957127 ], [ 39.2697696, -6.7959787 ], [ 39.2697567, -6.7962447 ], [ 39.2697178, -6.7965082 ], [ 39.2696532, -6.7967665 ], [ 39.2695636, -6.7970173 ], [ 39.2694498, -6.7972581 ], [ 39.2693129, -6.7974866 ], [ 39.2691543, -6.7977006 ], [ 39.2689755, -6.7978981 ], [ 39.2687782, -6.798077 ], [ 39.2685643, -6.7982358 ], [ 39.2683358, -6.7983728 ], [ 39.2681472, -6.7984621 ], [ 39.2681521, -6.7985591 ], [ 39.2681391, -6.7988251 ], [ 39.2681002, -6.7990886 ], [ 39.2680356, -6.7993469 ], [ 39.267946, -6.7995977 ], [ 39.2678322, -6.7998385 ], [ 39.2676953, -6.8000671 ], [ 39.2675367, -6.8002811 ], [ 39.2673579, -6.8004785 ], [ 39.2671606, -6.8006574 ], [ 39.2669622, -6.8008047 ], [ 39.266959, -6.8008705 ] ], [ [ 39.2756214, -6.8397753 ], [ 39.2755824, -6.8400387 ], [ 39.2755178, -6.8402971 ], [ 39.2754282, -6.8405479 ], [ 39.2753144, -6.8407887 ], [ 39.2751776, -6.8410172 ], [ 39.275019, -6.8412312 ], [ 39.2748401, -6.8414286 ], [ 39.2746428, -6.8416076 ], [ 39.2744289, -6.8417664 ], [ 39.2742004, -6.8419034 ], [ 39.2739596, -6.8420174 ], [ 39.2737088, -6.8421073 ], [ 39.2734503, -6.8421721 ], [ 39.2731868, -6.8422114 ], [ 39.2729206, -6.8422246 ], [ 39.2726545, -6.8422117 ], [ 39.2723909, -6.8421727 ], [ 39.2721324, -6.8421082 ], [ 39.2718815, -6.8420186 ], [ 39.2716405, -6.8419049 ], [ 39.2714119, -6.8417681 ], [ 39.2711978, -6.8416096 ], [ 39.2710003, -6.8414308 ], [ 39.2708212, -6.8412336 ], [ 39.2706624, -6.8410198 ], [ 39.2705252, -6.8407914 ], [ 39.2704112, -6.8405507 ], [ 39.2703213, -6.8403 ], [ 39.2702564, -6.8400417 ], [ 39.2702171, -6.8397783 ], [ 39.2702039, -6.8395123 ], [ 39.2702168, -6.8392463 ], [ 39.2702558, -6.8389829 ], [ 39.2703204, -6.8387245 ], [ 39.27041, -6.8384737 ], [ 39.2705238, -6.8382329 ], [ 39.2706607, -6.8380044 ], [ 39.2708193, -6.8377904 ], [ 39.2709981, -6.837593 ], [ 39.2711954, -6.837414 ], [ 39.2714093, -6.8372552 ], [ 39.2716378, -6.8371182 ], [ 39.2718786, -6.8370042 ], [ 39.2721295, -6.8369143 ], [ 39.2723879, -6.8368495 ], [ 39.2726514, -6.8368102 ], [ 39.2729176, -6.836797 ], [ 39.2731837, -6.8368099 ], [ 39.2734473, -6.8368489 ], [ 39.2737058, -6.8369134 ], [ 39.2739567, -6.837003 ], [ 39.2741977, -6.8371167 ], [ 39.2744263, -6.8372535 ], [ 39.2746404, -6.837412 ], [ 39.2748379, -6.8375908 ], [ 39.275017, -6.837788 ], [ 39.2751758, -6.8380018 ], [ 39.2753129, -6.8382302 ], [ 39.275427, -6.8384709 ], [ 39.2755169, -6.8387216 ], [ 39.2755818, -6.8389799 ], [ 39.2756211, -6.8392433 ], [ 39.2756343, -6.8395093 ], [ 39.2756214, -6.8397753 ] ] ] ] } }
]
}
