{
"type": "FeatureCollection",
"name": "SO_A_GU_2024_69455744_C",
"crs": { "type": "name", "properties": { "name": "urn:ogc:def:crs:OGC:1.3:CRS84" } },
"features": [
{ "type": "Feature", "properties": { "area_id": "69455872", "confidence_level": 0, "ipc_period": "C", "overall_phase": 3, "population_min": "8680", "population_percentage_min": "0.25", "justification": "", "prolonged_crisis": false, "population_phase_worse": null, "population_percentage_phase_worse": null, "analysis_id": "69455744", "admin_type": null, "area_name": "Qansax dheere (3)", "view_level": "area", "hide_settlement_labels": false, "hide_area_labels": false, "hide_area_borders": false, "show_area_popups": true, "color": "#c80000", "estimated_population": "34717", "phase1_population": 15620, "phase1_percent": 0.45, "phase1_color": "#fae61e", "phase2_population": 10420, "phase2_percent": 0.3, "phase2_color": "#e67800", "phase3_population": 6940, "phase3_percent": 0.2, "phase3_color": "#c80000", "phase4_population": 1740, "phase4_percent": 0.05, "phase4_color": "#640000", "phase5_population": 0, "phase5_percent": 0, "phase5_color": "#640000" }, "geometry": { "type": "GeometryCollection", "geometries": [ { "type": "MultiPolygon", "coordinates": [ [ [ [ 43.1209, 2.6766 ], [ 43.0147, 2.5767 ], [ 42.516, 2.6004 ], [ 42.4009, 1.9517 ], [ 42.5426, 2.751 ], [ 42.6009, 3.0716 ], [ 42.6153, 3.0703 ], [ 42.9309, 3.0416 ], [ 43.1, 3.0615 ], [ 43.1009, 3.0616 ], [ 43.1009, 3.0816 ], [ 43.1209, 3.0816 ], [ 43.1209, 2.68 ], [ 43.1209, 2.6766 ] ] ] ] } ] } },
{ "type": "Feature", "properties": { "area_id": "69455887", "confidence_level": 0, "ipc_period": "C", "overall_phase": 3, "population_min": "8750", "population_percentage_min": "0.25", "justification": "", "prolonged_crisis": false, "population_phase_worse": null, "population_percentage_phase_worse": null, "analysis_id": "69455744", "admin_type": "idp", "area_name": "Qardho IDPS", "view_level": "area", "hide_settlement_labels": false, "hide_area_labels": false, "hide_area_borders": false, "show_area_popups": true, "color": "#c80000", "estimated_population": "34994", "phase1_population": 15750, "phase1_percent": 0.45, "phase1_color": "#fae61e", "phase2_population": 10500, "phase2_percent": 0.3, "phase2_color": "#e67800", "phase3_population": 5250, "phase3_percent": 0.15, "phase3_color": "#c80000", "phase4_population": 3500, "phase4_percent": 0.1, "phase4_color": "#640000", "phase5_population": 0, "phase5_percent": 0, "phase5_color": "#640000" }, "geometry": { "type": "Point", "coordinates": [ 49.068627504, 9.409033133 ] } },
{ "type": "Feature", "properties": { "area_id": "69456334", "confidence_level": 0, "ipc_period": "C", "overall_phase": 3, "population_min": "1960", "population_percentage_min": "0.25", "justification": "", "prolonged_crisis": false, "population_phase_worse": null, "population_percentage_phase_worse": null, "analysis_id": "69455744", "admin_type": null, "area_name": "Owdweyne (1)", "view_level": "area", "hide_settlement_labels": false, "hide_area_labels": false, "hide_area_borders": false, "show_area_popups": true, "color": "#c80000", "estimated_population": "7826", "phase1_population": 3130, "phase1_percent": 0.4, "phase1_color": "#fae61e", "phase2_population": 2740, "phase2_percent": 0.35, "phase2_color": "#e67800", "phase3_population": 1570, "phase3_percent": 0.2, "phase3_color": "#c80000", "phase4_population": 390, "phase4_percent": 0.05, "phase4_color": "#640000", "phase5_population": 0, "phase5_percent": 0, "phase5_color": "#640000" }, "geometry": { "type": "GeometryCollection", "geometries": [ { "type": "MultiPolygon", "coordinates": [ [ [ [ 45.2814, 9.3778 ], [ 44.9924, 9.3183 ], [ 44.9078, 9.5146 ], [ 45.0118, 9.6464 ], [ 45.281, 9.8076 ], [ 45.2814, 9.3778 ] ] ] ] } ] } },
{ "type": "Feature", "properties": { "area_id": "69455901", "confidence_level": 0, "ipc_period": "C", "overall_phase": 2, "population_min": "18310", "population_percentage_min": "0.15", "justification": "", "prolonged_crisis": false, "population_phase_worse": null, "population_percentage_phase_worse": null, "analysis_id": "69455744", "admin_type": null, "area_name": "Qardho (1)", "view_level": "area", "hide_settlement_labels": false, "hide_area_labels": false, "hide_area_borders": false, "show_area_popups": true, "color": "#e67800", "estimated_population": "122091", "phase1_population": 61050, "phase1_percent": 0.5, "phase1_color": "#fae61e", "phase2_population": 42730, "phase2_percent": 0.35, "phase2_color": "#e67800", "phase3_population": 18310, "phase3_percent": 0.15, "phase3_color": "#c80000", "phase4_population": 0, "phase4_percent": 0.0, "phase4_color": "#640000", "phase5_population": 0, "phase5_percent": 0, "phase5_color": "#640000" }, "geometry": { "type": "GeometryCollection", "geometries": [ { "type": "MultiPolygon", "coordinates": [ [ [ [ 49.0611, 9.571 ], [ 49.0411, 10.3509 ], [ 49.1911, 10.5209 ], [ 49.3511, 10.5609 ], [ 49.4611, 10.5009 ], [ 49.5611, 10.5009 ], [ 49.7011, 10.0209 ], [ 50.0111, 9.8109 ], [ 50.0911, 9.8109 ], [ 50.0611, 9.281 ], [ 49.9211, 9.121 ], [ 49.8911, 9.031 ], [ 49.8911, 8.4066 ], [ 49.8553, 8.351 ], [ 49.7811, 8.5311 ], [ 49.6811, 8.5811 ], [ 49.4511, 8.5911 ], [ 49.3001, 8.6854 ], [ 49.1811, 8.771 ], [ 49.1111, 8.901 ], [ 49.0811, 9.1405 ], [ 49.0611, 9.571 ] ] ] ] } ] } },
{ "type": "Feature", "properties": { "area_id": "69456388", "confidence_level": 0, "ipc_period": "C", "overall_phase": 4, "population_min": "31620", "population_percentage_min": "0.5", "justification": "", "prolonged_crisis": false, "population_phase_worse": null, "population_percentage_phase_worse": null, "analysis_id": "69455744", "admin_type": null, "area_name": "Qansax dheere idps", "view_level": "area", "hide_settlement_labels": false, "hide_area_labels": false, "hide_area_borders": false, "show_area_popups": true, "color": "#640000", "estimated_population": "63228", "phase1_population": 12650, "phase1_percent": 0.2, "phase1_color": "#fae61e", "phase2_population": 18970, "phase2_percent": 0.3, "phase2_color": "#e67800", "phase3_population": 18970, "phase3_percent": 0.3, "phase3_color": "#c80000", "phase4_population": 12650, "phase4_percent": 0.2, "phase4_color": "#640000", "phase5_population": 0, "phase5_percent": 0, "phase5_color": "#640000" }, "geometry": { "type": "MultiPoint", "coordinates": [ [ 42.9968, 2.8542 ] ] } },
{ "type": "Feature", "properties": { "area_id": "69455878", "confidence_level": 0, "ipc_period": "C", "overall_phase": 2, "population_min": "2950", "population_percentage_min": "0.15", "justification": "", "prolonged_crisis": false, "population_phase_worse": null, "population_percentage_phase_worse": null, "analysis_id": "69455744", "admin_type": null, "area_name": "Qansax dheere urban", "view_level": "area", "hide_settlement_labels": false, "hide_area_labels": false, "hide_area_borders": false, "show_area_popups": true, "color": "#e67800", "estimated_population": "19668", "phase1_population": 8850, "phase1_percent": 0.45, "phase1_color": "#fae61e", "phase2_population": 7870, "phase2_percent": 0.4, "phase2_color": "#e67800", "phase3_population": 2950, "phase3_percent": 0.15, "phase3_color": "#c80000", "phase4_population": 0, "phase4_percent": 0.0, "phase4_color": "#640000", "phase5_population": 0, "phase5_percent": 0, "phase5_color": "#640000" }, "geometry": { "type": "MultiPoint", "coordinates": [ [ 43.001, 2.8686 ] ] } },
{ "type": "Feature", "properties": { "area_id": "69455856", "confidence_level": 0, "ipc_period": "C", "overall_phase": 2, "population_min": "830", "population_percentage_min": "0.1", "justification": "", "prolonged_crisis": false, "population_phase_worse": null, "population_percentage_phase_worse": null, "analysis_id": "69455744", "admin_type": null, "area_name": "Saakow (1)", "view_level": "area", "hide_settlement_labels": false, "hide_area_labels": false, "hide_area_borders": false, "show_area_popups": true, "color": "#e67800", "estimated_population": "8303", "phase1_population": 4150, "phase1_percent": 0.5, "phase1_color": "#fae61e", "phase2_population": 3320, "phase2_percent": 0.4, "phase2_color": "#e67800", "phase3_population": 830, "phase3_percent": 0.1, "phase3_color": "#c80000", "phase4_population": 0, "phase4_percent": 0.0, "phase4_color": "#640000", "phase5_population": 0, "phase5_percent": 0, "phase5_color": "#640000" }, "geometry": { "type": "GeometryCollection", "geometries": [ { "type": "MultiPolygon", "coordinates": [ [ [ [ 42.375, 1.5059 ], [ 42.2309, 1.5117 ], [ 42.1389, 1.3078 ], [ 42.1177, 1.3064 ], [ 42.139, 1.3605 ], [ 42.1523, 1.6075 ], [ 42.1154, 1.7873 ], [ 42.047, 1.947 ], [ 42.211, 1.9492 ], [ 42.2541, 1.7931 ], [ 42.3522, 1.6592 ], [ 42.375, 1.5059 ] ] ] ] } ] } },
{ "type": "Feature", "properties": { "area_id": "69456269", "confidence_level": 0, "ipc_period": "C", "overall_phase": 4, "population_min": "6160", "population_percentage_min": "0.55", "justification": "", "prolonged_crisis": false, "population_phase_worse": null, "population_percentage_phase_worse": null, "analysis_id": "69455744", "admin_type": null, "area_name": "Waajid idps", "view_level": "area", "hide_settlement_labels": false, "hide_area_labels": false, "hide_area_borders": false, "show_area_popups": true, "color": "#640000", "estimated_population": "11214", "phase1_population": 2240, "phase1_percent": 0.2, "phase1_color": "#fae61e", "phase2_population": 2800, "phase2_percent": 0.25, "phase2_color": "#e67800", "phase3_population": 2800, "phase3_percent": 0.25, "phase3_color": "#c80000", "phase4_population": 3360, "phase4_percent": 0.3, "phase4_color": "#640000", "phase5_population": 0, "phase5_percent": 0, "phase5_color": "#640000" }, "geometry": { "type": "MultiPoint", "coordinates": [ [ 43.25, 3.8034 ] ] } },
{ "type": "Feature", "properties": { "area_id": "69456115", "confidence_level": 0, "ipc_period": "C", "overall_phase": 3, "population_min": "1930", "population_percentage_min": "0.35", "justification": "", "prolonged_crisis": false, "population_phase_worse": null, "population_percentage_phase_worse": null, "analysis_id": "69455744", "admin_type": null, "area_name": "Waajid urban", "view_level": "area", "hide_settlement_labels": false, "hide_area_labels": false, "hide_area_borders": false, "show_area_popups": true, "color": "#c80000", "estimated_population": "5500", "phase1_population": 2200, "phase1_percent": 0.4, "phase1_color": "#fae61e", "phase2_population": 1380, "phase2_percent": 0.25, "phase2_color": "#e67800", "phase3_population": 1100, "phase3_percent": 0.2, "phase3_color": "#c80000", "phase4_population": 830, "phase4_percent": 0.15, "phase4_color": "#640000", "phase5_population": 0, "phase5_percent": 0, "phase5_color": "#640000" }, "geometry": { "type": "MultiPoint", "coordinates": [ [ 43.2414, 3.8027 ] ] } },
{ "type": "Feature", "properties": { "area_id": "69456273", "confidence_level": 0, "ipc_period": "C", "overall_phase": 2, "population_min": "38540", "population_percentage_min": "0.15", "justification": "", "prolonged_crisis": false, "population_phase_worse": null, "population_percentage_phase_worse": null, "analysis_id": "69455744", "admin_type": null, "area_name": "Wanla weyn", "view_level": "area", "hide_settlement_labels": false, "hide_area_labels": false, "hide_area_borders": false, "show_area_popups": true, "color": "#e67800", "estimated_population": "256959", "phase1_population": 141330, "phase1_percent": 0.55, "phase1_color": "#fae61e", "phase2_population": 77090, "phase2_percent": 0.3, "phase2_color": "#e67800", "phase3_population": 38540, "phase3_percent": 0.15, "phase3_color": "#c80000", "phase4_population": 0, "phase4_percent": 0.0, "phase4_color": "#640000", "phase5_population": 0, "phase5_percent": 0, "phase5_color": "#640000" }, "geometry": { "type": "GeometryCollection", "geometries": [ { "type": "MultiPolygon", "coordinates": [ [ [ [ 45.3337, 2.7322 ], [ 45.331, 2.7316 ], [ 44.971, 2.4116 ], [ 44.881, 2.3416 ], [ 44.731, 2.2816 ], [ 44.661, 2.2416 ], [ 44.6494, 2.235 ], [ 44.6383, 2.3313 ], [ 44.8098, 2.6337 ], [ 44.9829, 2.8185 ], [ 45.1409, 2.8766 ], [ 45.2011, 2.925 ], [ 45.333685787, 2.732220665 ], [ 45.3337, 2.7322 ] ] ] ] } ] } },
{ "type": "Feature", "properties": { "area_id": "69456398", "confidence_level": 0, "ipc_period": "C", "overall_phase": 2, "population_min": "2080", "population_percentage_min": "0.05", "justification": "", "prolonged_crisis": false, "population_phase_worse": null, "population_percentage_phase_worse": null, "analysis_id": "69455744", "admin_type": null, "area_name": "Waajid (1)", "view_level": "area", "hide_settlement_labels": false, "hide_area_labels": false, "hide_area_borders": false, "show_area_popups": true, "color": "#e67800", "estimated_population": "41536", "phase1_population": 31150, "phase1_percent": 0.75, "phase1_color": "#fae61e", "phase2_population": 8310, "phase2_percent": 0.2, "phase2_color": "#e67800", "phase3_population": 2080, "phase3_percent": 0.05, "phase3_color": "#c80000", "phase4_population": 0, "phase4_percent": 0.0, "phase4_color": "#640000", "phase5_population": 0, "phase5_percent": 0, "phase5_color": "#640000" }, "geometry": { "type": "GeometryCollection", "geometries": [ { "type": "MultiPolygon", "coordinates": [ [ [ [ 43.1241, 3.7 ], [ 43.1409, 3.8515 ], [ 43.1009, 3.9315 ], [ 43.09144649, 3.947708945 ], [ 43.6309, 4.0515 ], [ 43.6949, 3.9875 ], [ 43.5716, 3.8698 ], [ 43.4217, 3.7867 ], [ 43.1241, 3.7 ] ] ] ] } ] } },
{ "type": "Feature", "properties": { "area_id": "69456446", "confidence_level": 0, "ipc_period": "C", "overall_phase": 2, "population_min": "450", "population_percentage_min": "0.15", "justification": "", "prolonged_crisis": false, "population_phase_worse": null, "population_percentage_phase_worse": null, "analysis_id": "69455744", "admin_type": null, "area_name": "Baki (2)", "view_level": "area", "hide_settlement_labels": false, "hide_area_labels": false, "hide_area_borders": false, "show_area_popups": true, "color": "#e67800", "estimated_population": "2980", "phase1_population": 1490, "phase1_percent": 0.5, "phase1_color": "#fae61e", "phase2_population": 1040, "phase2_percent": 0.35, "phase2_color": "#e67800", "phase3_population": 450, "phase3_percent": 0.15, "phase3_color": "#c80000", "phase4_population": 0, "phase4_percent": 0.0, "phase4_color": "#640000", "phase5_population": 0, "phase5_percent": 0, "phase5_color": "#640000" }, "geometry": { "type": "GeometryCollection", "geometries": [ { "type": "MultiPolygon", "coordinates": [ [ [ [ 44.2373, 10.4743 ], [ 44.2002, 10.4085 ], [ 43.9447, 10.3818 ], [ 43.7908, 10.4979 ], [ 44.0737, 10.5983 ], [ 44.2373, 10.4743 ] ] ], [ [ [ 43.3771, 10.2861 ], [ 43.3909, 10.4109 ], [ 43.4609, 10.3809 ], [ 43.5474, 10.4116 ], [ 43.3771, 10.2861 ] ] ] ] } ] } },
{ "type": "Feature", "properties": { "area_id": "69456283", "confidence_level": 0, "ipc_period": "C", "overall_phase": 2, "population_min": "9910", "population_percentage_min": "0.15", "justification": "", "prolonged_crisis": false, "population_phase_worse": null, "population_percentage_phase_worse": null, "analysis_id": "69455744", "admin_type": null, "area_name": "Berbera (1)", "view_level": "area", "hide_settlement_labels": false, "hide_area_labels": false, "hide_area_borders": false, "show_area_popups": true, "color": "#e67800", "estimated_population": "66069", "phase1_population": 33030, "phase1_percent": 0.5, "phase1_color": "#fae61e", "phase2_population": 23120, "phase2_percent": 0.35, "phase2_color": "#e67800", "phase3_population": 9910, "phase3_percent": 0.15, "phase3_color": "#c80000", "phase4_population": 0, "phase4_percent": 0.0, "phase4_color": "#640000", "phase5_population": 0, "phase5_percent": 0, "phase5_color": "#640000" }, "geometry": { "type": "GeometryCollection", "geometries": [ { "type": "MultiPolygon", "coordinates": [ [ [ [ 46.0265, 10.6078 ], [ 45.8048, 10.5696 ], [ 45.4171, 10.364 ], [ 45.1315, 10.3667 ], [ 44.9307, 10.3551 ], [ 44.7348, 10.3035 ], [ 44.5224, 10.3122 ], [ 44.3889, 10.3388 ], [ 44.2002, 10.4085 ], [ 44.2373, 10.4743 ], [ 44.4114, 10.3927 ], [ 44.6166, 10.383 ], [ 44.7267, 10.4185 ], [ 44.9445, 10.4117 ], [ 45.0889, 10.5094 ], [ 45.2342, 10.5629 ], [ 45.3254, 10.661 ], [ 45.4616, 10.6648 ], [ 45.8112, 10.8682 ], [ 45.9756, 10.782 ], [ 46.0314, 10.7742 ], [ 46.0265, 10.6078 ] ] ] ] } ] } },
{ "type": "Feature", "properties": { "area_id": "69456275", "confidence_level": 0, "ipc_period": "C", "overall_phase": 2, "population_min": "2370", "population_percentage_min": "0.15", "justification": "", "prolonged_crisis": false, "population_phase_worse": null, "population_percentage_phase_worse": null, "analysis_id": "69455744", "admin_type": null, "area_name": "Borama", "view_level": "area", "hide_settlement_labels": false, "hide_area_labels": false, "hide_area_borders": false, "show_area_popups": true, "color": "#e67800", "estimated_population": "15797", "phase1_population": 7900, "phase1_percent": 0.5, "phase1_color": "#fae61e", "phase2_population": 5530, "phase2_percent": 0.35, "phase2_color": "#e67800", "phase3_population": 2370, "phase3_percent": 0.15, "phase3_color": "#c80000", "phase4_population": 0, "phase4_percent": 0.0, "phase4_color": "#640000", "phase5_population": 0, "phase5_percent": 0, "phase5_color": "#640000" }, "geometry": { "type": "GeometryCollection", "geometries": [ { "type": "MultiPolygon", "coordinates": [ [ [ [ 43.0517, 10.4304 ], [ 43.2209, 10.5009 ], [ 43.3709, 10.5309 ], [ 43.3909, 10.4109 ], [ 43.3771, 10.2861 ], [ 43.0517, 10.4304 ] ] ] ] } ] } },
{ "type": "Feature", "properties": { "area_id": "69456159", "confidence_level": 0, "ipc_period": "C", "overall_phase": 3, "population_min": "39490", "population_percentage_min": "0.25", "justification": "", "prolonged_crisis": false, "population_phase_worse": null, "population_percentage_phase_worse": null, "analysis_id": "69455744", "admin_type": null, "area_name": "Borama (1)", "view_level": "area", "hide_settlement_labels": false, "hide_area_labels": false, "hide_area_borders": false, "show_area_popups": true, "color": "#c80000", "estimated_population": "157961", "phase1_population": 63180, "phase1_percent": 0.4, "phase1_color": "#fae61e", "phase2_population": 55290, "phase2_percent": 0.35, "phase2_color": "#e67800", "phase3_population": 31590, "phase3_percent": 0.2, "phase3_color": "#c80000", "phase4_population": 7900, "phase4_percent": 0.05, "phase4_color": "#640000", "phase5_population": 0, "phase5_percent": 0, "phase5_color": "#640000" }, "geometry": { "type": "GeometryCollection", "geometries": [ { "type": "MultiPolygon", "coordinates": [ [ [ [ 43.35, 10.0413 ], [ 43.3309, 9.841 ], [ 43.3709, 9.801 ], [ 43.2905, 9.6585 ], [ 43.2578, 9.8436 ], [ 43.0868, 9.9098 ], [ 43.0183, 10.0817 ], [ 42.9488, 10.1478 ], [ 43.1251, 10.1671 ], [ 43.2793, 10.097 ], [ 43.35, 10.0413 ] ] ] ] } ] } },
{ "type": "Feature", "properties": { "area_id": "69455925", "confidence_level": 0, "ipc_period": "C", "overall_phase": 2, "population_min": "14220", "population_percentage_min": "0.1", "justification": "", "prolonged_crisis": false, "population_phase_worse": null, "population_percentage_phase_worse": null, "analysis_id": "69455744", "admin_type": null, "area_name": "Borama (2)", "view_level": "area", "hide_settlement_labels": false, "hide_area_labels": false, "hide_area_borders": false, "show_area_popups": true, "color": "#e67800", "estimated_population": "142164", "phase1_population": 71080, "phase1_percent": 0.5, "phase1_color": "#fae61e", "phase2_population": 56870, "phase2_percent": 0.4, "phase2_color": "#e67800", "phase3_population": 14220, "phase3_percent": 0.1, "phase3_color": "#c80000", "phase4_population": 0, "phase4_percent": 0.0, "phase4_color": "#640000", "phase5_population": 0, "phase5_percent": 0, "phase5_color": "#640000" }, "geometry": { "type": "GeometryCollection", "geometries": [ { "type": "MultiPolygon", "coordinates": [ [ [ [ 42.8184, 10.319 ], [ 43.0517, 10.4304 ], [ 43.3771, 10.2861 ], [ 43.35, 10.0413 ], [ 43.2793, 10.097 ], [ 43.1251, 10.1671 ], [ 42.9488, 10.1478 ], [ 42.8821, 10.208 ], [ 42.8184, 10.319 ] ] ] ] } ] } },
{ "type": "Feature", "properties": { "area_id": "69456007", "confidence_level": 0, "ipc_period": "C", "overall_phase": 3, "population_min": "1910", "population_percentage_min": "0.25", "justification": "", "prolonged_crisis": false, "population_phase_worse": null, "population_percentage_phase_worse": null, "analysis_id": "69455744", "admin_type": "idp", "area_name": "Borama IDPs", "view_level": "area", "hide_settlement_labels": false, "hide_area_labels": false, "hide_area_borders": false, "show_area_popups": true, "color": "#c80000", "estimated_population": "7630", "phase1_population": 3050, "phase1_percent": 0.4, "phase1_color": "#fae61e", "phase2_population": 2670, "phase2_percent": 0.35, "phase2_color": "#e67800", "phase3_population": 1530, "phase3_percent": 0.2, "phase3_color": "#c80000", "phase4_population": 380, "phase4_percent": 0.05, "phase4_color": "#640000", "phase5_population": 0, "phase5_percent": 0, "phase5_color": "#640000" }, "geometry": { "type": "Point", "coordinates": [ 43.121593341, 9.965767586 ] } },
{ "type": "Feature", "properties": { "area_id": "69456312", "confidence_level": 0, "ipc_period": "C", "overall_phase": 2, "population_min": "320", "population_percentage_min": "0.1", "justification": "", "prolonged_crisis": false, "population_phase_worse": null, "population_percentage_phase_worse": null, "analysis_id": "69455744", "admin_type": null, "area_name": "Bu'aale", "view_level": "area", "hide_settlement_labels": false, "hide_area_labels": false, "hide_area_borders": false, "show_area_popups": true, "color": "#e67800", "estimated_population": "3161", "phase1_population": 2370, "phase1_percent": 0.75, "phase1_color": "#fae61e", "phase2_population": 470, "phase2_percent": 0.15, "phase2_color": "#e67800", "phase3_population": 320, "phase3_percent": 0.1, "phase3_color": "#c80000", "phase4_population": 0, "phase4_percent": 0.0, "phase4_color": "#640000", "phase5_population": 0, "phase5_percent": 0, "phase5_color": "#640000" }, "geometry": { "type": "GeometryCollection", "geometries": [ { "type": "MultiPolygon", "coordinates": [ [ [ [ 43.0743, 1.3233 ], [ 43.2421, 1.0744 ], [ 43.2092, 1.0225 ], [ 42.7167, 0.7959 ], [ 42.6547, 0.9093 ], [ 42.6222, 1.0961 ], [ 42.6148, 1.2333 ], [ 42.5549, 1.3226 ], [ 42.6931, 1.3404 ], [ 42.8905, 1.2612 ], [ 42.9707, 1.2646 ], [ 43.0743, 1.3233 ] ] ] ] } ] } },
{ "type": "Feature", "properties": { "area_id": "69456091", "confidence_level": 0, "ipc_period": "C", "overall_phase": 3, "population_min": "3110", "population_percentage_min": "0.25", "justification": "", "prolonged_crisis": false, "population_phase_worse": null, "population_percentage_phase_worse": null, "analysis_id": "69455744", "admin_type": null, "area_name": "Bulo burto", "view_level": "area", "hide_settlement_labels": false, "hide_area_labels": false, "hide_area_borders": false, "show_area_popups": true, "color": "#c80000", "estimated_population": "12439", "phase1_population": 4350, "phase1_percent": 0.35, "phase1_color": "#fae61e", "phase2_population": 4980, "phase2_percent": 0.4, "phase2_color": "#e67800", "phase3_population": 2490, "phase3_percent": 0.2, "phase3_color": "#c80000", "phase4_population": 620, "phase4_percent": 0.05, "phase4_color": "#640000", "phase5_population": 0, "phase5_percent": 0, "phase5_color": "#640000" }, "geometry": { "type": "GeometryCollection", "geometries": [ { "type": "MultiPolygon", "coordinates": [ [ [ [ 45.7465, 3.5641 ], [ 45.6028, 3.5609 ], [ 45.5898, 3.6155 ], [ 45.4959, 3.7215 ], [ 45.4686, 3.772 ], [ 45.4616, 3.9313 ], [ 45.4924, 4.0748 ], [ 45.3798, 4.1431 ], [ 45.3387, 4.3468 ], [ 45.3845, 4.3605 ], [ 45.4841, 4.1997 ], [ 45.5039, 4.092 ], [ 45.6069, 3.852 ], [ 45.7198, 3.7683 ], [ 45.7445, 3.7086 ], [ 45.7465, 3.5641 ] ] ] ] } ] } },
{ "type": "Feature", "properties": { "area_id": "69456161", "confidence_level": 0, "ipc_period": "C", "overall_phase": 3, "population_min": "420", "population_percentage_min": "0.3", "justification": "", "prolonged_crisis": false, "population_phase_worse": null, "population_percentage_phase_worse": null, "analysis_id": "69455744", "admin_type": null, "area_name": "Berbera idps rural", "view_level": "area", "hide_settlement_labels": false, "hide_area_labels": false, "hide_area_borders": false, "show_area_popups": true, "color": "#c80000", "estimated_population": "1384", "phase1_population": 620, "phase1_percent": 0.45, "phase1_color": "#fae61e", "phase2_population": 350, "phase2_percent": 0.25, "phase2_color": "#e67800", "phase3_population": 280, "phase3_percent": 0.2, "phase3_color": "#c80000", "phase4_population": 140, "phase4_percent": 0.1, "phase4_color": "#640000", "phase5_population": 0, "phase5_percent": 0, "phase5_color": "#640000" }, "geometry": { "type": "MultiPoint", "coordinates": [ [ 45.1061, 10.4311 ] ] } },
{ "type": "Feature", "properties": { "area_id": "69455903", "confidence_level": 0, "ipc_period": "C", "overall_phase": 3, "population_min": "380", "population_percentage_min": "0.5", "justification": "", "prolonged_crisis": false, "population_phase_worse": null, "population_percentage_phase_worse": null, "analysis_id": "69455744", "admin_type": null, "area_name": "Hobyo idps", "view_level": "area", "hide_settlement_labels": false, "hide_area_labels": false, "hide_area_borders": false, "show_area_popups": true, "color": "#c80000", "estimated_population": "750", "phase1_population": 40, "phase1_percent": 0.05, "phase1_color": "#fae61e", "phase2_population": 340, "phase2_percent": 0.45, "phase2_color": "#e67800", "phase3_population": 300, "phase3_percent": 0.4, "phase3_color": "#c80000", "phase4_population": 80, "phase4_percent": 0.1, "phase4_color": "#640000", "phase5_population": 0, "phase5_percent": 0, "phase5_color": "#640000" }, "geometry": { "type": "MultiPoint", "coordinates": [ [ 48.5318, 5.3887 ] ] } },
{ "type": "Feature", "properties": { "area_id": "69456472", "confidence_level": 0, "ipc_period": "C", "overall_phase": 3, "population_min": "5130", "population_percentage_min": "0.35", "justification": "", "prolonged_crisis": false, "population_phase_worse": null, "population_percentage_phase_worse": null, "analysis_id": "69455744", "admin_type": null, "area_name": "Hobyo urban", "view_level": "area", "hide_settlement_labels": false, "hide_area_labels": false, "hide_area_borders": false, "show_area_popups": true, "color": "#c80000", "estimated_population": "14653", "phase1_population": 3660, "phase1_percent": 0.25, "phase1_color": "#fae61e", "phase2_population": 5860, "phase2_percent": 0.4, "phase2_color": "#e67800", "phase3_population": 4400, "phase3_percent": 0.3, "phase3_color": "#c80000", "phase4_population": 730, "phase4_percent": 0.05, "phase4_color": "#640000", "phase5_population": 0, "phase5_percent": 0, "phase5_color": "#640000" }, "geometry": { "type": "MultiPoint", "coordinates": [ [ 48.5259, 5.3481 ] ] } },
{ "type": "Feature", "properties": { "area_id": "69456271", "confidence_level": 0, "ipc_period": "C", "overall_phase": 3, "population_min": "1830", "population_percentage_min": "0.2", "justification": "", "prolonged_crisis": false, "population_phase_worse": null, "population_percentage_phase_worse": null, "analysis_id": "69455744", "admin_type": null, "area_name": "Ceel afweyn idps rural", "view_level": "area", "hide_settlement_labels": false, "hide_area_labels": false, "hide_area_borders": false, "show_area_popups": true, "color": "#c80000", "estimated_population": "9153", "phase1_population": 3660, "phase1_percent": 0.4, "phase1_color": "#fae61e", "phase2_population": 3660, "phase2_percent": 0.4, "phase2_color": "#e67800", "phase3_population": 1830, "phase3_percent": 0.2, "phase3_color": "#c80000", "phase4_population": 0, "phase4_percent": 0.0, "phase4_color": "#640000", "phase5_population": 0, "phase5_percent": 0, "phase5_color": "#640000" }, "geometry": { "type": "MultiPoint", "coordinates": [ [ 47.2334, 9.9448 ] ] } },
{ "type": "Feature", "properties": { "area_id": "69455981", "confidence_level": 0, "ipc_period": "C", "overall_phase": 2, "population_min": "210", "population_percentage_min": "0.15", "justification": "", "prolonged_crisis": false, "population_phase_worse": null, "population_percentage_phase_worse": null, "analysis_id": "69455744", "admin_type": null, "area_name": "Ceel afweyn urban", "view_level": "area", "hide_settlement_labels": false, "hide_area_labels": false, "hide_area_borders": false, "show_area_popups": true, "color": "#e67800", "estimated_population": "1406", "phase1_population": 770, "phase1_percent": 0.55, "phase1_color": "#fae61e", "phase2_population": 420, "phase2_percent": 0.3, "phase2_color": "#e67800", "phase3_population": 210, "phase3_percent": 0.15, "phase3_color": "#c80000", "phase4_population": 0, "phase4_percent": 0.0, "phase4_color": "#640000", "phase5_population": 0, "phase5_percent": 0, "phase5_color": "#640000" }, "geometry": { "type": "MultiPoint", "coordinates": [ [ 47.2146, 9.9277 ] ] } },
{ "type": "Feature", "properties": { "area_id": "69455844", "confidence_level": 0, "ipc_period": "C", "overall_phase": 1, "population_min": "0", "population_percentage_min": "0", "justification": "", "prolonged_crisis": false, "population_phase_worse": null, "population_percentage_phase_worse": null, "analysis_id": "69455744", "admin_type": null, "area_name": "Ceel barde (1)", "view_level": "area", "hide_settlement_labels": false, "hide_area_labels": false, "hide_area_borders": false, "show_area_popups": true, "color": "#fae61e", "estimated_population": "62734", "phase1_population": 53320, "phase1_percent": 0.85, "phase1_color": "#fae61e", "phase2_population": 9410, "phase2_percent": 0.15, "phase2_color": "#e67800", "phase3_population": 0, "phase3_percent": 0.0, "phase3_color": "#c80000", "phase4_population": 0, "phase4_percent": 0.0, "phase4_color": "#640000", "phase5_population": 0, "phase5_percent": 0, "phase5_color": "#640000" }, "geometry": { "type": "GeometryCollection", "geometries": [ { "type": "MultiPolygon", "coordinates": [ [ [ [ 43.2809, 4.4814 ], [ 43.1273, 4.635 ], [ 43.4359, 4.7961 ], [ 43.66, 4.8694 ], [ 44.0161, 4.9618 ], [ 44.5918, 4.9362 ], [ 44.6776, 4.4314 ], [ 44.431, 4.4314 ], [ 44.2909, 4.4314 ], [ 43.509, 4.4701 ], [ 43.2829, 4.479 ], [ 43.2809, 4.4814 ] ] ] ] } ] } },
{ "type": "Feature", "properties": { "area_id": "69456342", "confidence_level": 0, "ipc_period": "C", "overall_phase": 4, "population_min": "7220", "population_percentage_min": "0.55", "justification": "", "prolonged_crisis": false, "population_phase_worse": null, "population_percentage_phase_worse": null, "analysis_id": "69455744", "admin_type": null, "area_name": "Ceel barde idps", "view_level": "area", "hide_settlement_labels": false, "hide_area_labels": false, "hide_area_borders": false, "show_area_popups": true, "color": "#640000", "estimated_population": "13139", "phase1_population": 2630, "phase1_percent": 0.2, "phase1_color": "#fae61e", "phase2_population": 3280, "phase2_percent": 0.25, "phase2_color": "#e67800", "phase3_population": 3280, "phase3_percent": 0.25, "phase3_color": "#c80000", "phase4_population": 3940, "phase4_percent": 0.3, "phase4_color": "#640000", "phase5_population": 0, "phase5_percent": 0, "phase5_color": "#640000" }, "geometry": { "type": "MultiPoint", "coordinates": [ [ 43.6629, 4.8258 ] ] } },
{ "type": "Feature", "properties": { "area_id": "69456444", "confidence_level": 0, "ipc_period": "C", "overall_phase": 3, "population_min": "1560", "population_percentage_min": "0.2", "justification": "", "prolonged_crisis": false, "population_phase_worse": null, "population_percentage_phase_worse": null, "analysis_id": "69455744", "admin_type": null, "area_name": "Jalalaqsi idps", "view_level": "area", "hide_settlement_labels": false, "hide_area_labels": false, "hide_area_borders": false, "show_area_popups": true, "color": "#c80000", "estimated_population": "7776", "phase1_population": 2330, "phase1_percent": 0.3, "phase1_color": "#fae61e", "phase2_population": 3890, "phase2_percent": 0.5, "phase2_color": "#e67800", "phase3_population": 1560, "phase3_percent": 0.2, "phase3_color": "#c80000", "phase4_population": 0, "phase4_percent": 0.0, "phase4_color": "#640000", "phase5_population": 0, "phase5_percent": 0, "phase5_color": "#640000" }, "geometry": { "type": "MultiPoint", "coordinates": [ [ 45.5983, 3.3821 ] ] } },
{ "type": "Feature", "properties": { "area_id": "69456001", "confidence_level": 0, "ipc_period": "C", "overall_phase": 3, "population_min": "21720", "population_percentage_min": "0.2", "justification": "", "prolonged_crisis": false, "population_phase_worse": null, "population_percentage_phase_worse": null, "analysis_id": "69455744", "admin_type": null, "area_name": "Jamaame", "view_level": "area", "hide_settlement_labels": false, "hide_area_labels": false, "hide_area_borders": false, "show_area_popups": true, "color": "#c80000", "estimated_population": "108580", "phase1_population": 43430, "phase1_percent": 0.4, "phase1_color": "#fae61e", "phase2_population": 43430, "phase2_percent": 0.4, "phase2_color": "#e67800", "phase3_population": 21720, "phase3_percent": 0.2, "phase3_color": "#c80000", "phase4_population": 0, "phase4_percent": 0.0, "phase4_color": "#640000", "phase5_population": 0, "phase5_percent": 0, "phase5_color": "#640000" }, "geometry": { "type": "GeometryCollection", "geometries": [ { "type": "MultiPolygon", "coordinates": [ [ [ [ 42.7154, 0.3153 ], [ 42.72678294, 0.328679947 ], [ 42.7309, 0.3118 ], [ 42.9203, 0.3187 ], [ 42.8414, 0.222 ], [ 42.8054, 0.0696 ], [ 42.8769, 0.0536 ], [ 42.8008, -0.0421 ], [ 42.6776, -0.1339 ], [ 42.5309, -0.0182 ], [ 42.5409, 0.1118 ], [ 42.7022, 0.3 ], [ 42.7154, 0.3153 ] ] ] ] } ] } },
{ "type": "Feature", "properties": { "area_id": "69456033", "confidence_level": 0, "ipc_period": "C", "overall_phase": 2, "population_min": "250", "population_percentage_min": "0.1", "justification": "", "prolonged_crisis": false, "population_phase_worse": null, "population_percentage_phase_worse": null, "analysis_id": "69455744", "admin_type": "pnt", "area_name": "Jamaame (1)", "view_level": "area", "hide_settlement_labels": false, "hide_area_labels": false, "hide_area_borders": false, "show_area_popups": true, "color": "#e67800", "estimated_population": "2540", "phase1_population": 1910, "phase1_percent": 0.75, "phase1_color": "#fae61e", "phase2_population": 380, "phase2_percent": 0.15, "phase2_color": "#e67800", "phase3_population": 250, "phase3_percent": 0.1, "phase3_color": "#c80000", "phase4_population": 0, "phase4_percent": 0.0, "phase4_color": "#640000", "phase5_population": 0, "phase5_percent": 0, "phase5_color": "#640000" }, "geometry": { "type": "Point", "coordinates": [ 42.731341317, 0.062662986 ] } },
{ "type": "Feature", "properties": { "area_id": "69455748", "confidence_level": 0, "ipc_period": "C", "overall_phase": 3, "population_min": "53560", "population_percentage_min": "0.35", "justification": "", "prolonged_crisis": false, "population_phase_worse": null, "population_percentage_phase_worse": null, "analysis_id": "69455744", "admin_type": null, "area_name": "Gaalkacyo (1)", "view_level": "area", "hide_settlement_labels": false, "hide_area_labels": false, "hide_area_borders": false, "show_area_popups": true, "color": "#c80000", "estimated_population": "153039", "phase1_population": 45910, "phase1_percent": 0.3, "phase1_color": "#fae61e", "phase2_population": 53560, "phase2_percent": 0.35, "phase2_color": "#e67800", "phase3_population": 38260, "phase3_percent": 0.25, "phase3_color": "#c80000", "phase4_population": 15300, "phase4_percent": 0.1, "phase4_color": "#640000", "phase5_population": 0, "phase5_percent": 0, "phase5_color": "#640000" }, "geometry": { "type": "GeometryCollection", "geometries": [ { "type": "MultiPolygon", "coordinates": [ [ [ [ 47.5936, 6.8685 ], [ 47.397770735, 7.045282233 ], [ 47.531, 7.1912 ], [ 47.3622, 7.3599 ], [ 47.5591, 7.5619 ], [ 48.495196489, 7.412128537 ], [ 48.495324148, 7.412108112 ], [ 48.501, 7.4112 ], [ 48.502093648, 7.411816746 ], [ 48.5315, 7.4284 ], [ 48.525096754, 7.351172193 ], [ 48.521655279, 7.309665489 ], [ 48.5068, 7.1305 ], [ 48.506680574, 7.135469946 ], [ 48.5003, 7.401 ], [ 48.2763, 7.2807 ], [ 48.2041, 7.2585 ], [ 48.2252, 7.1675 ], [ 47.9869, 7.0841 ], [ 47.7489, 6.9614 ], [ 47.5936, 6.8685 ] ] ] ] }, { "type": "MultiPolygon", "coordinates": [ [ [ [ 47.5936, 6.8685 ], [ 47.4844, 6.8189 ], [ 47.2951, 6.6718 ], [ 47.2486, 6.5833 ], [ 47.292, 6.4692 ], [ 47.3949, 6.4007 ], [ 47.4462, 6.3158 ], [ 47.422035331, 6.321194853 ], [ 46.5414, 6.5178 ], [ 46.8985, 6.8842 ], [ 47.111, 6.7312 ], [ 47.397770735, 7.045282233 ], [ 47.5936, 6.8685 ] ] ] ] } ] } },
{ "type": "Feature", "properties": { "area_id": "69456306", "confidence_level": 0, "ipc_period": "C", "overall_phase": 2, "population_min": "28060", "population_percentage_min": "0.15", "justification": "", "prolonged_crisis": false, "population_phase_worse": null, "population_percentage_phase_worse": null, "analysis_id": "69455744", "admin_type": null, "area_name": "Gaalkacyo (2)", "view_level": "area", "hide_settlement_labels": false, "hide_area_labels": false, "hide_area_borders": false, "show_area_popups": true, "color": "#e67800", "estimated_population": "187048", "phase1_population": 102880, "phase1_percent": 0.55, "phase1_color": "#fae61e", "phase2_population": 56110, "phase2_percent": 0.3, "phase2_color": "#e67800", "phase3_population": 28060, "phase3_percent": 0.15, "phase3_color": "#c80000", "phase4_population": 0, "phase4_percent": 0.0, "phase4_color": "#640000", "phase5_population": 0, "phase5_percent": 0, "phase5_color": "#640000" }, "geometry": { "type": "MultiPoint", "coordinates": [ [ 47.2945, 6.8074 ] ] } },
{ "type": "Feature", "properties": { "area_id": "69455750", "confidence_level": 0, "ipc_period": "C", "overall_phase": 2, "population_min": "28050", "population_percentage_min": "0.15", "justification": "", "prolonged_crisis": false, "population_phase_worse": null, "population_percentage_phase_worse": null, "analysis_id": "69455744", "admin_type": null, "area_name": "Gaalkacyo (3)", "view_level": "area", "hide_settlement_labels": false, "hide_area_labels": false, "hide_area_borders": false, "show_area_popups": true, "color": "#e67800", "estimated_population": "187048", "phase1_population": 74820, "phase1_percent": 0.4, "phase1_color": "#fae61e", "phase2_population": 84170, "phase2_percent": 0.45, "phase2_color": "#e67800", "phase3_population": 18700, "phase3_percent": 0.1, "phase3_color": "#c80000", "phase4_population": 9350, "phase4_percent": 0.05, "phase4_color": "#640000", "phase5_population": 0, "phase5_percent": 0, "phase5_color": "#640000" }, "geometry": { "type": "GeometryCollection", "geometries": [ { "type": "MultiPolygon", "coordinates": [ [ [ [ 47.199801532, 7.193298854 ], [ 47.1998, 7.1933 ], [ 47.5591, 7.5619 ], [ 47.3622, 7.3599 ], [ 47.531, 7.1912 ], [ 47.397770735, 7.045282233 ], [ 47.199801532, 7.193298854 ] ] ] ] } ] } },
{ "type": "Feature", "properties": { "area_id": "69456402", "confidence_level": 0, "ipc_period": "C", "overall_phase": 3, "population_min": "7890", "population_percentage_min": "0.5", "justification": "", "prolonged_crisis": false, "population_phase_worse": null, "population_percentage_phase_worse": null, "analysis_id": "69455744", "admin_type": null, "area_name": "Gaalkacyo idps rural", "view_level": "area", "hide_settlement_labels": false, "hide_area_labels": false, "hide_area_borders": false, "show_area_popups": true, "color": "#c80000", "estimated_population": "15768", "phase1_population": 790, "phase1_percent": 0.05, "phase1_color": "#fae61e", "phase2_population": 7100, "phase2_percent": 0.45, "phase2_color": "#e67800", "phase3_population": 6310, "phase3_percent": 0.4, "phase3_color": "#c80000", "phase4_population": 1580, "phase4_percent": 0.1, "phase4_color": "#640000", "phase5_population": 0, "phase5_percent": 0, "phase5_color": "#640000" }, "geometry": { "type": "MultiPoint", "coordinates": [ [ 47.5115, 6.7958 ] ] } },
{ "type": "Feature", "properties": { "area_id": "69456310", "confidence_level": 0, "ipc_period": "C", "overall_phase": 2, "population_min": "20990", "population_percentage_min": "0.15", "justification": "", "prolonged_crisis": false, "population_phase_worse": null, "population_percentage_phase_worse": null, "analysis_id": "69455744", "admin_type": null, "area_name": "Galdogob", "view_level": "area", "hide_settlement_labels": false, "hide_area_labels": false, "hide_area_borders": false, "show_area_popups": true, "color": "#e67800", "estimated_population": "139951", "phase1_population": 76970, "phase1_percent": 0.55, "phase1_color": "#fae61e", "phase2_population": 41990, "phase2_percent": 0.3, "phase2_color": "#e67800", "phase3_population": 20990, "phase3_percent": 0.15, "phase3_color": "#c80000", "phase4_population": 0, "phase4_percent": 0.0, "phase4_color": "#640000", "phase5_population": 0, "phase5_percent": 0, "phase5_color": "#640000" }, "geometry": { "type": "GeometryCollection", "geometries": [ { "type": "MultiPolygon", "coordinates": [ [ [ [ 47.199801532, 7.193298854 ], [ 47.397770735, 7.045282233 ], [ 47.111, 6.7312 ], [ 46.8985, 6.8842 ], [ 47.199801532, 7.193298854 ] ] ] ] } ] } },
{ "type": "Feature", "properties": { "area_id": "69456123", "confidence_level": 0, "ipc_period": "C", "overall_phase": 3, "population_min": "6720", "population_percentage_min": "0.3", "justification": "", "prolonged_crisis": false, "population_phase_worse": null, "population_percentage_phase_worse": null, "analysis_id": "69455744", "admin_type": null, "area_name": "Garbahaarey (2)", "view_level": "area", "hide_settlement_labels": false, "hide_area_labels": false, "hide_area_borders": false, "show_area_popups": true, "color": "#c80000", "estimated_population": "22389", "phase1_population": 5600, "phase1_percent": 0.25, "phase1_color": "#fae61e", "phase2_population": 10080, "phase2_percent": 0.45, "phase2_color": "#e67800", "phase3_population": 5600, "phase3_percent": 0.25, "phase3_color": "#c80000", "phase4_population": 1120, "phase4_percent": 0.05, "phase4_color": "#640000", "phase5_population": 0, "phase5_percent": 0, "phase5_color": "#640000" }, "geometry": { "type": "GeometryCollection", "geometries": [ { "type": "MultiPolygon", "coordinates": [ [ [ [ 43.1009, 3.0616 ], [ 43.1, 3.0615 ], [ 43.1009, 3.0816 ], [ 43.1009, 3.0616 ] ] ], [ [ [ 42.4528, 3.5168 ], [ 42.5777, 3.4668 ], [ 42.5838, 3.3978 ], [ 42.5289, 3.3148 ], [ 42.5528, 3.1701 ], [ 42.5703, 3.1358 ], [ 42.6153, 3.0703 ], [ 42.6009, 3.0716 ], [ 42.5426, 2.751 ], [ 42.4538, 2.7806 ], [ 42.3377, 2.8193 ], [ 42.3379, 2.8207 ], [ 42.3508, 2.8462 ], [ 42.4771, 3.005 ], [ 42.459, 3.141 ], [ 42.4588, 3.1426 ], [ 42.4374, 3.3571 ], [ 42.447, 3.3694 ], [ 42.447140228, 3.369605195 ], [ 42.4688, 3.4013 ], [ 42.4528, 3.5168 ] ] ] ] } ] } },
{ "type": "Feature", "properties": { "area_id": "69456300", "confidence_level": 0, "ipc_period": "C", "overall_phase": 2, "population_min": "51990", "population_percentage_min": "0.15", "justification": "", "prolonged_crisis": false, "population_phase_worse": null, "population_percentage_phase_worse": null, "analysis_id": "69455744", "admin_type": null, "area_name": "Banadir peri-urban", "view_level": "area", "hide_settlement_labels": false, "hide_area_labels": false, "hide_area_borders": false, "show_area_popups": true, "color": "#e67800", "estimated_population": "346628", "phase1_population": 190650, "phase1_percent": 0.55, "phase1_color": "#fae61e", "phase2_population": 103990, "phase2_percent": 0.3, "phase2_color": "#e67800", "phase3_population": 51990, "phase3_percent": 0.15, "phase3_color": "#c80000", "phase4_population": 0, "phase4_percent": 0.0, "phase4_color": "#640000", "phase5_population": 0, "phase5_percent": 0, "phase5_color": "#640000" }, "geometry": { "type": "MultiPoint", "coordinates": [ [ 45.3066, 2.1075 ] ] } },
{ "type": "Feature", "properties": { "area_id": "69456420", "confidence_level": 0, "ipc_period": "C", "overall_phase": 3, "population_min": "1050", "population_percentage_min": "0.25", "justification": "", "prolonged_crisis": false, "population_phase_worse": null, "population_percentage_phase_worse": null, "analysis_id": "69455744", "admin_type": null, "area_name": "Baraawe", "view_level": "area", "hide_settlement_labels": false, "hide_area_labels": false, "hide_area_borders": false, "show_area_popups": true, "color": "#c80000", "estimated_population": "4215", "phase1_population": 1900, "phase1_percent": 0.45, "phase1_color": "#fae61e", "phase2_population": 1260, "phase2_percent": 0.3, "phase2_color": "#e67800", "phase3_population": 1050, "phase3_percent": 0.25, "phase3_color": "#c80000", "phase4_population": 0, "phase4_percent": 0.0, "phase4_color": "#640000", "phase5_population": 0, "phase5_percent": 0, "phase5_color": "#640000" }, "geometry": { "type": "GeometryCollection", "geometries": [ { "type": "MultiPolygon", "coordinates": [ [ [ [ 43.5504, 1.0683 ], [ 43.8283, 1.2411 ], [ 43.7097, 1.0932 ], [ 43.5504, 1.0683 ] ] ], [ [ [ 43.3397, 0.9372 ], [ 43.4915, 1.0316 ], [ 43.3868, 0.8697 ], [ 43.3397, 0.9372 ] ] ] ] } ] } },
{ "type": "Feature", "properties": { "area_id": "69456304", "confidence_level": 0, "ipc_period": "C", "overall_phase": 2, "population_min": "3790", "population_percentage_min": "0.1", "justification": "", "prolonged_crisis": false, "population_phase_worse": null, "population_percentage_phase_worse": null, "analysis_id": "69455744", "admin_type": null, "area_name": "Baraawe (1)", "view_level": "area", "hide_settlement_labels": false, "hide_area_labels": false, "hide_area_borders": false, "show_area_popups": true, "color": "#e67800", "estimated_population": "37930", "phase1_population": 24650, "phase1_percent": 0.65, "phase1_color": "#fae61e", "phase2_population": 9480, "phase2_percent": 0.25, "phase2_color": "#e67800", "phase3_population": 3790, "phase3_percent": 0.1, "phase3_color": "#c80000", "phase4_population": 0, "phase4_percent": 0.0, "phase4_color": "#640000", "phase5_population": 0, "phase5_percent": 0, "phase5_color": "#640000" }, "geometry": { "type": "GeometryCollection", "geometries": [ { "type": "MultiPolygon", "coordinates": [ [ [ [ 43.4915, 1.0316 ], [ 43.5504, 1.0683 ], [ 43.7097, 1.0932 ], [ 43.8283, 1.2411 ], [ 44.1509, 1.4417 ], [ 44.3809, 1.5317 ], [ 44.5014, 1.5135 ], [ 44.2833, 1.3394 ], [ 44.052, 1.1287 ], [ 44.0228, 1.0865 ], [ 43.8475, 0.9618 ], [ 43.5204, 0.6761 ], [ 43.3868, 0.8697 ], [ 43.4915, 1.0316 ] ] ] ] } ] } },
{ "type": "Feature", "properties": { "area_id": "69456205", "confidence_level": 0, "ipc_period": "C", "overall_phase": 3, "population_min": "5170", "population_percentage_min": "0.4", "justification": "", "prolonged_crisis": false, "population_phase_worse": null, "population_percentage_phase_worse": null, "analysis_id": "69455744", "admin_type": null, "area_name": "Ceel dheer urban", "view_level": "area", "hide_settlement_labels": false, "hide_area_labels": false, "hide_area_borders": false, "show_area_popups": true, "color": "#c80000", "estimated_population": "12926", "phase1_population": 2590, "phase1_percent": 0.2, "phase1_color": "#fae61e", "phase2_population": 5170, "phase2_percent": 0.4, "phase2_color": "#e67800", "phase3_population": 4520, "phase3_percent": 0.35, "phase3_color": "#c80000", "phase4_population": 650, "phase4_percent": 0.05, "phase4_color": "#640000", "phase5_population": 0, "phase5_percent": 0, "phase5_color": "#640000" }, "geometry": { "type": "MultiPoint", "coordinates": [ [ 47.158, 3.8228 ] ] } },
{ "type": "Feature", "properties": { "area_id": "69456047", "confidence_level": 0, "ipc_period": "C", "overall_phase": 2, "population_min": "9170", "population_percentage_min": "0.1", "justification": "", "prolonged_crisis": false, "population_phase_worse": null, "population_percentage_phase_worse": null, "analysis_id": "69455744", "admin_type": null, "area_name": "Ceel waaq", "view_level": "area", "hide_settlement_labels": false, "hide_area_labels": false, "hide_area_borders": false, "show_area_popups": true, "color": "#e67800", "estimated_population": "91724", "phase1_population": 59620, "phase1_percent": 0.65, "phase1_color": "#fae61e", "phase2_population": 22930, "phase2_percent": 0.25, "phase2_color": "#e67800", "phase3_population": 9170, "phase3_percent": 0.1, "phase3_color": "#c80000", "phase4_population": 0, "phase4_percent": 0.0, "phase4_color": "#640000", "phase5_population": 0, "phase5_percent": 0, "phase5_color": "#640000" }, "geometry": { "type": "GeometryCollection", "geometries": [ { "type": "MultiPolygon", "coordinates": [ [ [ [ 41.9709, 2.9416 ], [ 41.7809, 2.3016 ], [ 40.9918, 2.3116 ], [ 40.993, 2.8312 ], [ 41.3108, 3.1416 ], [ 41.7209, 3.0016 ], [ 41.9709, 2.9416 ] ], [ [ 41.2676, 2.8525 ], [ 41.2486, 2.8685 ], [ 41.2289, 2.8461 ], [ 41.2106, 2.8178 ], [ 41.1902, 2.7946 ], [ 41.1345, 2.7726 ], [ 41.1088, 2.7871 ], [ 41.097, 2.7792 ], [ 41.0577, 2.7291 ], [ 41.0657, 2.6423 ], [ 41.1221, 2.6611 ], [ 41.1455, 2.6753 ], [ 41.1751, 2.7004 ], [ 41.2777, 2.7037 ], [ 41.3217, 2.7362 ], [ 41.3462, 2.8067 ], [ 41.3679, 2.8258 ], [ 41.3165, 2.8273 ], [ 41.2955, 2.7918 ], [ 41.251, 2.7965 ], [ 41.2676, 2.8525 ] ] ] ] } ] } },
{ "type": "Feature", "properties": { "area_id": "69455870", "confidence_level": 0, "ipc_period": "C", "overall_phase": 2, "population_min": "90", "population_percentage_min": "0.1", "justification": "", "prolonged_crisis": false, "population_phase_worse": null, "population_percentage_phase_worse": null, "analysis_id": "69455744", "admin_type": null, "area_name": "Ceel waaq (1)", "view_level": "area", "hide_settlement_labels": false, "hide_area_labels": false, "hide_area_borders": false, "show_area_popups": true, "color": "#e67800", "estimated_population": "927", "phase1_population": 650, "phase1_percent": 0.7, "phase1_color": "#fae61e", "phase2_population": 190, "phase2_percent": 0.2, "phase2_color": "#e67800", "phase3_population": 90, "phase3_percent": 0.1, "phase3_color": "#c80000", "phase4_population": 0, "phase4_percent": 0.0, "phase4_color": "#640000", "phase5_population": 0, "phase5_percent": 0, "phase5_color": "#640000" }, "geometry": { "type": "GeometryCollection", "geometries": [ { "type": "MultiPolygon", "coordinates": [ [ [ [ 41.2676, 2.8525 ], [ 41.251, 2.7965 ], [ 41.2955, 2.7918 ], [ 41.3165, 2.8273 ], [ 41.3679, 2.8258 ], [ 41.3462, 2.8067 ], [ 41.3217, 2.7362 ], [ 41.2777, 2.7037 ], [ 41.1751, 2.7004 ], [ 41.1455, 2.6753 ], [ 41.1221, 2.6611 ], [ 41.0657, 2.6423 ], [ 41.0577, 2.7291 ], [ 41.097, 2.7792 ], [ 41.1088, 2.7871 ], [ 41.1345, 2.7726 ], [ 41.1902, 2.7946 ], [ 41.2106, 2.8178 ], [ 41.2289, 2.8461 ], [ 41.2486, 2.8685 ], [ 41.2676, 2.8525 ] ] ] ] } ] } },
{ "type": "Feature", "properties": { "area_id": "69455811", "confidence_level": 0, "ipc_period": "C", "overall_phase": 3, "population_min": "9400", "population_percentage_min": "0.3", "justification": "", "prolonged_crisis": false, "population_phase_worse": null, "population_percentage_phase_worse": null, "analysis_id": "69455744", "admin_type": null, "area_name": "Kismaayo idps rural", "view_level": "area", "hide_settlement_labels": false, "hide_area_labels": false, "hide_area_borders": false, "show_area_popups": true, "color": "#c80000", "estimated_population": "31330", "phase1_population": 14100, "phase1_percent": 0.45, "phase1_color": "#fae61e", "phase2_population": 7830, "phase2_percent": 0.25, "phase2_color": "#e67800", "phase3_population": 6270, "phase3_percent": 0.2, "phase3_color": "#c80000", "phase4_population": 3130, "phase4_percent": 0.1, "phase4_color": "#640000", "phase5_population": 0, "phase5_percent": 0, "phase5_color": "#640000" }, "geometry": { "type": "MultiPoint", "coordinates": [ [ 42.3877, -0.327 ] ] } },
{ "type": "Feature", "properties": { "area_id": "69456257", "confidence_level": 0, "ipc_period": "C", "overall_phase": 3, "population_min": "34170", "population_percentage_min": "0.3", "justification": "", "prolonged_crisis": false, "population_phase_worse": null, "population_percentage_phase_worse": null, "analysis_id": "69455744", "admin_type": "idp", "area_name": "Kismayo IDPS", "view_level": "area", "hide_settlement_labels": false, "hide_area_labels": false, "hide_area_borders": false, "show_area_popups": true, "color": "#c80000", "estimated_population": "113895", "phase1_population": 51250, "phase1_percent": 0.45, "phase1_color": "#fae61e", "phase2_population": 28470, "phase2_percent": 0.25, "phase2_color": "#e67800", "phase3_population": 22780, "phase3_percent": 0.2, "phase3_color": "#c80000", "phase4_population": 11390, "phase4_percent": 0.1, "phase4_color": "#640000", "phase5_population": 0, "phase5_percent": 0, "phase5_color": "#640000" }, "geometry": { "type": "Point", "coordinates": [ 42.483837128, -0.383529016 ] } },
{ "type": "Feature", "properties": { "area_id": "69456231", "confidence_level": 0, "ipc_period": "C", "overall_phase": 2, "population_min": "3980", "population_percentage_min": "0.15", "justification": "", "prolonged_crisis": false, "population_phase_worse": null, "population_percentage_phase_worse": null, "analysis_id": "69455744", "admin_type": "urb", "area_name": "Kismayo URBAN", "view_level": "area", "hide_settlement_labels": false, "hide_area_labels": false, "hide_area_borders": false, "show_area_popups": true, "color": "#e67800", "estimated_population": "26515", "phase1_population": 17230, "phase1_percent": 0.65, "phase1_color": "#fae61e", "phase2_population": 5300, "phase2_percent": 0.2, "phase2_color": "#e67800", "phase3_population": 2650, "phase3_percent": 0.1, "phase3_color": "#c80000", "phase4_population": 1330, "phase4_percent": 0.05, "phase4_color": "#640000", "phase5_population": 0, "phase5_percent": 0, "phase5_color": "#640000" }, "geometry": { "type": "Point", "coordinates": [ 42.469182668, -0.438091451 ] } },
{ "type": "Feature", "properties": { "area_id": "69455957", "confidence_level": 0, "ipc_period": "C", "overall_phase": 3, "population_min": "34280", "population_percentage_min": "0.5", "justification": "", "prolonged_crisis": false, "population_phase_worse": null, "population_percentage_phase_worse": null, "analysis_id": "69455744", "admin_type": null, "area_name": "Laas caanood idps rural", "view_level": "area", "hide_settlement_labels": false, "hide_area_labels": false, "hide_area_borders": false, "show_area_popups": true, "color": "#c80000", "estimated_population": "68555", "phase1_population": 10280, "phase1_percent": 0.15, "phase1_color": "#fae61e", "phase2_population": 23990, "phase2_percent": 0.35, "phase2_color": "#e67800", "phase3_population": 30850, "phase3_percent": 0.45, "phase3_color": "#c80000", "phase4_population": 3430, "phase4_percent": 0.05, "phase4_color": "#640000", "phase5_population": 0, "phase5_percent": 0, "phase5_color": "#640000" }, "geometry": { "type": "MultiPoint", "coordinates": [ [ 47.5018, 8.5453 ] ] } },
{ "type": "Feature", "properties": { "area_id": "69455874", "confidence_level": 0, "ipc_period": "C", "overall_phase": 3, "population_min": "8180", "population_percentage_min": "0.5", "justification": "", "prolonged_crisis": false, "population_phase_worse": null, "population_percentage_phase_worse": null, "analysis_id": "69455744", "admin_type": "idp", "area_name": "Laas Canod IDPS", "view_level": "area", "hide_settlement_labels": false, "hide_area_labels": false, "hide_area_borders": false, "show_area_popups": true, "color": "#c80000", "estimated_population": "16358", "phase1_population": 2450, "phase1_percent": 0.15, "phase1_color": "#fae61e", "phase2_population": 5730, "phase2_percent": 0.35, "phase2_color": "#e67800", "phase3_population": 7360, "phase3_percent": 0.45, "phase3_color": "#c80000", "phase4_population": 820, "phase4_percent": 0.05, "phase4_color": "#640000", "phase5_population": 0, "phase5_percent": 0, "phase5_color": "#640000" }, "geometry": { "type": "Point", "coordinates": [ 47.275124759, 8.469399686 ] } },
{ "type": "Feature", "properties": { "area_id": "69456243", "confidence_level": 0, "ipc_period": "C", "overall_phase": 1, "population_min": "3210", "population_percentage_min": "0.05", "justification": "", "prolonged_crisis": false, "population_phase_worse": null, "population_percentage_phase_worse": null, "analysis_id": "69455744", "admin_type": null, "area_name": "Wanla weyn (1)", "view_level": "area", "hide_settlement_labels": false, "hide_area_labels": false, "hide_area_borders": false, "show_area_popups": true, "color": "#fae61e", "estimated_population": "64240", "phase1_population": 54600, "phase1_percent": 0.85, "phase1_color": "#fae61e", "phase2_population": 6420, "phase2_percent": 0.1, "phase2_color": "#e67800", "phase3_population": 3210, "phase3_percent": 0.05, "phase3_color": "#c80000", "phase4_population": 0, "phase4_percent": 0.0, "phase4_color": "#640000", "phase5_population": 0, "phase5_percent": 0, "phase5_color": "#640000" }, "geometry": { "type": "GeometryCollection", "geometries": [ { "type": "MultiPolygon", "coordinates": [ [ [ [ 44.6602, 2.9039 ], [ 44.691, 3.0516 ], [ 44.661126512, 3.250159114 ], [ 44.661021557, 3.251003683 ], [ 44.781, 3.2715 ], [ 45.071, 3.2516 ], [ 45.121, 3.0416 ], [ 45.2011, 2.925 ], [ 45.1409, 2.8766 ], [ 44.9829, 2.8185 ], [ 44.8098, 2.6337 ], [ 44.6383, 2.3313 ], [ 44.621, 2.4816 ], [ 44.661, 2.7516 ], [ 44.6513, 2.8611 ], [ 44.6602, 2.9039 ] ] ] ] } ] } },
{ "type": "Feature", "properties": { "area_id": "69455991", "confidence_level": 0, "ipc_period": "C", "overall_phase": 3, "population_min": "24160", "population_percentage_min": "0.35", "justification": "", "prolonged_crisis": false, "population_phase_worse": null, "population_percentage_phase_worse": null, "analysis_id": "69455744", "admin_type": null, "area_name": "Tayeeglow (1)", "view_level": "area", "hide_settlement_labels": false, "hide_area_labels": false, "hide_area_borders": false, "show_area_popups": true, "color": "#c80000", "estimated_population": "69040", "phase1_population": 20710, "phase1_percent": 0.3, "phase1_color": "#fae61e", "phase2_population": 24160, "phase2_percent": 0.35, "phase2_color": "#e67800", "phase3_population": 17260, "phase3_percent": 0.25, "phase3_color": "#c80000", "phase4_population": 6900, "phase4_percent": 0.1, "phase4_color": "#640000", "phase5_population": 0, "phase5_percent": 0, "phase5_color": "#640000" }, "geometry": { "type": "GeometryCollection", "geometries": [ { "type": "MultiPolygon", "coordinates": [ [ [ [ 44.431, 4.4314 ], [ 44.5921, 4.3257 ], [ 44.7231, 4.2069 ], [ 44.7275, 4.1408 ], [ 44.7579, 4.0134 ], [ 44.7717, 3.9842 ], [ 44.779, 3.9442 ], [ 44.7843, 3.8947 ], [ 44.7159, 3.8559 ], [ 44.5714, 3.7229 ], [ 44.4102, 3.8624 ], [ 44.2909, 3.9281 ], [ 44.2909, 4.4314 ], [ 44.431, 4.4314 ] ] ] ] } ] } },
{ "type": "Feature", "properties": { "area_id": "69455973", "confidence_level": 0, "ipc_period": "C", "overall_phase": 3, "population_min": "7450", "population_percentage_min": "0.35", "justification": "", "prolonged_crisis": false, "population_phase_worse": null, "population_percentage_phase_worse": null, "analysis_id": "69455744", "admin_type": null, "area_name": "Tayeeglow urban", "view_level": "area", "hide_settlement_labels": false, "hide_area_labels": false, "hide_area_borders": false, "show_area_popups": true, "color": "#c80000", "estimated_population": "21298", "phase1_population": 8520, "phase1_percent": 0.4, "phase1_color": "#fae61e", "phase2_population": 5320, "phase2_percent": 0.25, "phase2_color": "#e67800", "phase3_population": 4260, "phase3_percent": 0.2, "phase3_color": "#c80000", "phase4_population": 3190, "phase4_percent": 0.15, "phase4_color": "#640000", "phase5_population": 0, "phase5_percent": 0, "phase5_color": "#640000" }, "geometry": { "type": "MultiPoint", "coordinates": [ [ 44.5085, 4.0159 ] ] } },
{ "type": "Feature", "properties": { "area_id": "69455756", "confidence_level": 0, "ipc_period": "C", "overall_phase": 3, "population_min": "10960", "population_percentage_min": "0.35", "justification": "", "prolonged_crisis": false, "population_phase_worse": null, "population_percentage_phase_worse": null, "analysis_id": "69455744", "admin_type": null, "area_name": "Waajid", "view_level": "area", "hide_settlement_labels": false, "hide_area_labels": false, "hide_area_borders": false, "show_area_popups": true, "color": "#c80000", "estimated_population": "31334", "phase1_population": 9400, "phase1_percent": 0.3, "phase1_color": "#fae61e", "phase2_population": 10970, "phase2_percent": 0.35, "phase2_color": "#e67800", "phase3_population": 7830, "phase3_percent": 0.25, "phase3_color": "#c80000", "phase4_population": 3130, "phase4_percent": 0.1, "phase4_color": "#640000", "phase5_population": 0, "phase5_percent": 0, "phase5_color": "#640000" }, "geometry": { "type": "GeometryCollection", "geometries": [ { "type": "MultiPolygon", "coordinates": [ [ [ [ 43.795536873, 3.886960833 ], [ 43.7909, 3.8849 ], [ 43.7509, 3.8549 ], [ 43.6809, 3.7249 ], [ 43.5809, 3.6149 ], [ 43.4109, 3.5749 ], [ 43.121267525, 3.674773267 ], [ 43.1241, 3.7 ], [ 43.4217, 3.7867 ], [ 43.5716, 3.8698 ], [ 43.6949, 3.9875 ], [ 43.795536873, 3.886960833 ] ] ] ] } ] } },
{ "type": "Feature", "properties": { "area_id": "69456147", "confidence_level": 0, "ipc_period": "C", "overall_phase": 2, "population_min": "22960", "population_percentage_min": "0.15", "justification": "", "prolonged_crisis": false, "population_phase_worse": null, "population_percentage_phase_worse": null, "analysis_id": "69455744", "admin_type": null, "area_name": "Gaalkacyo", "view_level": "area", "hide_settlement_labels": false, "hide_area_labels": false, "hide_area_borders": false, "show_area_popups": true, "color": "#e67800", "estimated_population": "153039", "phase1_population": 68870, "phase1_percent": 0.45, "phase1_color": "#fae61e", "phase2_population": 61220, "phase2_percent": 0.4, "phase2_color": "#e67800", "phase3_population": 22960, "phase3_percent": 0.15, "phase3_color": "#c80000", "phase4_population": 0, "phase4_percent": 0.0, "phase4_color": "#640000", "phase5_population": 0, "phase5_percent": 0, "phase5_color": "#640000" }, "geometry": { "type": "GeometryCollection", "geometries": [ { "type": "MultiPolygon", "coordinates": [ [ [ [ 48.501, 7.4112 ], [ 48.502092994, 7.41181847 ], [ 48.502093648, 7.411816746 ], [ 48.501, 7.4112 ] ] ], [ [ [ 47.444571101, 6.303681711 ], [ 47.4246, 6.3108 ], [ 47.422035331, 6.321194853 ], [ 47.4462, 6.3158 ], [ 47.3949, 6.4007 ], [ 47.292, 6.4692 ], [ 47.2486, 6.5833 ], [ 47.2951, 6.6718 ], [ 47.4844, 6.8189 ], [ 47.5936, 6.8685 ], [ 47.7489, 6.9614 ], [ 47.9869, 7.0841 ], [ 48.2252, 7.1675 ], [ 48.2041, 7.2585 ], [ 48.2763, 7.2807 ], [ 48.5003, 7.401 ], [ 48.506680574, 7.135469946 ], [ 48.472879294, 6.742271385 ], [ 48.462682952, 6.748436615 ], [ 47.894508206, 6.78762108 ], [ 47.679053629, 6.604174446 ], [ 47.591558848, 6.283404133 ], [ 47.589049661, 6.27420504 ], [ 47.580157131, 6.255354855 ], [ 47.444571101, 6.303681711 ] ] ], [ [ [ 48.525096754, 7.351172193 ], [ 48.5252, 7.3509 ], [ 48.521655279, 7.309665489 ], [ 48.525096754, 7.351172193 ] ] ] ] } ] } },
{ "type": "Feature", "properties": { "area_id": "69456201", "confidence_level": 0, "ipc_period": "C", "overall_phase": 3, "population_min": "600", "population_percentage_min": "0.35", "justification": "", "prolonged_crisis": false, "population_phase_worse": null, "population_percentage_phase_worse": null, "analysis_id": "69455744", "admin_type": null, "area_name": "Garbahaarey idps rural", "view_level": "area", "hide_settlement_labels": false, "hide_area_labels": false, "hide_area_borders": false, "show_area_popups": true, "color": "#c80000", "estimated_population": "1710", "phase1_population": 430, "phase1_percent": 0.25, "phase1_color": "#fae61e", "phase2_population": 680, "phase2_percent": 0.4, "phase2_color": "#e67800", "phase3_population": 430, "phase3_percent": 0.25, "phase3_color": "#c80000", "phase4_population": 170, "phase4_percent": 0.1, "phase4_color": "#640000", "phase5_population": 0, "phase5_percent": 0, "phase5_color": "#640000" }, "geometry": { "type": "MultiPoint", "coordinates": [ [ 42.2799, 3.3629 ] ] } },
{ "type": "Feature", "properties": { "area_id": "69456135", "confidence_level": 0, "ipc_period": "C", "overall_phase": 2, "population_min": "35810", "population_percentage_min": "0.1", "justification": "", "prolonged_crisis": false, "population_phase_worse": null, "population_percentage_phase_worse": null, "analysis_id": "69455744", "admin_type": null, "area_name": "Hargeysa (2)", "view_level": "area", "hide_settlement_labels": false, "hide_area_labels": false, "hide_area_borders": false, "show_area_popups": true, "color": "#e67800", "estimated_population": "358081", "phase1_population": 179040, "phase1_percent": 0.5, "phase1_color": "#fae61e", "phase2_population": 143230, "phase2_percent": 0.4, "phase2_color": "#e67800", "phase3_population": 35810, "phase3_percent": 0.1, "phase3_color": "#c80000", "phase4_population": 0, "phase4_percent": 0.0, "phase4_color": "#640000", "phase5_population": 0, "phase5_percent": 0, "phase5_color": "#640000" }, "geometry": { "type": "GeometryCollection", "geometries": [ { "type": "MultiPolygon", "coordinates": [ [ [ [ 44.7707, 9.6244 ], [ 44.7081, 9.3785 ], [ 44.6896, 9.4581 ], [ 44.7077, 9.5982 ], [ 44.723, 9.5957 ], [ 44.7707, 9.6244 ] ] ], [ [ [ 44.691, 9.2905 ], [ 44.691, 8.7731 ], [ 44.0068, 8.9976 ], [ 43.8279, 9.1772 ], [ 44.1583, 9.1931 ], [ 44.3735, 9.2538 ], [ 44.5305, 9.3426 ], [ 44.691, 9.2905 ] ] ] ] } ] } },
{ "type": "Feature", "properties": { "area_id": "69456374", "confidence_level": 0, "ipc_period": "C", "overall_phase": 2, "population_min": "3540", "population_percentage_min": "0.15", "justification": "", "prolonged_crisis": false, "population_phase_worse": null, "population_percentage_phase_worse": null, "analysis_id": "69455744", "admin_type": null, "area_name": "Iskushuban", "view_level": "area", "hide_settlement_labels": false, "hide_area_labels": false, "hide_area_borders": false, "show_area_popups": true, "color": "#e67800", "estimated_population": "23618", "phase1_population": 11810, "phase1_percent": 0.5, "phase1_color": "#fae61e", "phase2_population": 8270, "phase2_percent": 0.35, "phase2_color": "#e67800", "phase3_population": 3540, "phase3_percent": 0.15, "phase3_color": "#c80000", "phase4_population": 0, "phase4_percent": 0.0, "phase4_color": "#640000", "phase5_population": 0, "phase5_percent": 0, "phase5_color": "#640000" }, "geometry": { "type": "GeometryCollection", "geometries": [ { "type": "MultiPolygon", "coordinates": [ [ [ [ 50.9341, 10.409 ], [ 50.8105, 10.4029 ], [ 50.6147, 10.4556 ], [ 50.3607, 10.5782 ], [ 50.2084, 10.6157 ], [ 50.4611, 10.6609 ], [ 50.5511, 10.8308 ], [ 50.3411, 11.1608 ], [ 50.4111, 11.4008 ], [ 50.6911, 11.4108 ], [ 51.1252, 11.5016 ], [ 51.0851, 11.3397 ], [ 51.0875, 11.1877 ], [ 51.1796, 11.1322 ], [ 51.1334, 11.0397 ], [ 51.1226, 10.8855 ], [ 51.0738, 10.891 ], [ 51.0382, 10.6154 ], [ 50.9341, 10.409 ] ] ] ] } ] } },
{ "type": "Feature", "properties": { "area_id": "69456227", "confidence_level": 0, "ipc_period": "C", "overall_phase": 3, "population_min": "5810", "population_percentage_min": "0.35", "justification": "", "prolonged_crisis": false, "population_phase_worse": null, "population_percentage_phase_worse": null, "analysis_id": "69455744", "admin_type": null, "area_name": "Rab dhuure urban", "view_level": "area", "hide_settlement_labels": false, "hide_area_labels": false, "hide_area_borders": false, "show_area_popups": true, "color": "#c80000", "estimated_population": "16624", "phase1_population": 6650, "phase1_percent": 0.4, "phase1_color": "#fae61e", "phase2_population": 4160, "phase2_percent": 0.25, "phase2_color": "#e67800", "phase3_population": 3320, "phase3_percent": 0.2, "phase3_color": "#c80000", "phase4_population": 2490, "phase4_percent": 0.15, "phase4_color": "#640000", "phase5_population": 0, "phase5_percent": 0, "phase5_color": "#640000" }, "geometry": { "type": "MultiPoint", "coordinates": [ [ 43.1607, 4.3428 ] ] } },
{ "type": "Feature", "properties": { "area_id": "69455800", "confidence_level": 0, "ipc_period": "C", "overall_phase": 2, "population_min": "360", "population_percentage_min": "0.15", "justification": "", "prolonged_crisis": false, "population_phase_worse": null, "population_percentage_phase_worse": null, "analysis_id": "69455744", "admin_type": null, "area_name": "Bulo burto (1)", "view_level": "area", "hide_settlement_labels": false, "hide_area_labels": false, "hide_area_borders": false, "show_area_popups": true, "color": "#e67800", "estimated_population": "2363", "phase1_population": 1540, "phase1_percent": 0.65, "phase1_color": "#fae61e", "phase2_population": 470, "phase2_percent": 0.2, "phase2_color": "#e67800", "phase3_population": 240, "phase3_percent": 0.1, "phase3_color": "#c80000", "phase4_population": 120, "phase4_percent": 0.05, "phase4_color": "#640000", "phase5_population": 0, "phase5_percent": 0, "phase5_color": "#640000" }, "geometry": { "type": "GeometryCollection", "geometries": [ { "type": "MultiPolygon", "coordinates": [ [ [ [ 46.3968, 4.2348 ], [ 46.3386, 4.1884 ], [ 46.3745, 4.2527 ], [ 46.3968, 4.2348 ] ] ], [ [ [ 46.3039, 4.0813 ], [ 46.281833982, 3.97239047 ], [ 46.2843, 3.9947 ], [ 46.3039, 4.0813 ] ] ] ] } ] } },
{ "type": "Feature", "properties": { "area_id": "69456464", "confidence_level": 0, "ipc_period": "C", "overall_phase": 2, "population_min": "240", "population_percentage_min": "0.15", "justification": "", "prolonged_crisis": false, "population_phase_worse": null, "population_percentage_phase_worse": null, "analysis_id": "69455744", "admin_type": null, "area_name": "Bulo burto (4)", "view_level": "area", "hide_settlement_labels": false, "hide_area_labels": false, "hide_area_borders": false, "show_area_popups": true, "color": "#e67800", "estimated_population": "1576", "phase1_population": 550, "phase1_percent": 0.35, "phase1_color": "#fae61e", "phase2_population": 790, "phase2_percent": 0.5, "phase2_color": "#e67800", "phase3_population": 240, "phase3_percent": 0.15, "phase3_color": "#c80000", "phase4_population": 0, "phase4_percent": 0.0, "phase4_color": "#640000", "phase5_population": 0, "phase5_percent": 0, "phase5_color": "#640000" }, "geometry": { "type": "MultiPoint", "coordinates": [ [ 45.5188, 3.9365 ] ] } },
{ "type": "Feature", "properties": { "area_id": "69456209", "confidence_level": 0, "ipc_period": "C", "overall_phase": 3, "population_min": "770", "population_percentage_min": "0.2", "justification": "", "prolonged_crisis": false, "population_phase_worse": null, "population_percentage_phase_worse": null, "analysis_id": "69455744", "admin_type": null, "area_name": "Bulo burto idps", "view_level": "area", "hide_settlement_labels": false, "hide_area_labels": false, "hide_area_borders": false, "show_area_popups": true, "color": "#c80000", "estimated_population": "3864", "phase1_population": 1160, "phase1_percent": 0.3, "phase1_color": "#fae61e", "phase2_population": 1930, "phase2_percent": 0.5, "phase2_color": "#e67800", "phase3_population": 770, "phase3_percent": 0.2, "phase3_color": "#c80000", "phase4_population": 0, "phase4_percent": 0.0, "phase4_color": "#640000", "phase5_population": 0, "phase5_percent": 0, "phase5_color": "#640000" }, "geometry": { "type": "MultiPoint", "coordinates": [ [ 45.0855, 4.9047 ] ] } },
{ "type": "Feature", "properties": { "area_id": "69455945", "confidence_level": 0, "ipc_period": "C", "overall_phase": 1, "population_min": "270", "population_percentage_min": "0.05", "justification": "", "prolonged_crisis": false, "population_phase_worse": null, "population_percentage_phase_worse": null, "analysis_id": "69455744", "admin_type": null, "area_name": "Kurtunwaarey (2)", "view_level": "area", "hide_settlement_labels": false, "hide_area_labels": false, "hide_area_borders": false, "show_area_popups": true, "color": "#fae61e", "estimated_population": "5349", "phase1_population": 4550, "phase1_percent": 0.85, "phase1_color": "#fae61e", "phase2_population": 530, "phase2_percent": 0.1, "phase2_color": "#e67800", "phase3_population": 270, "phase3_percent": 0.05, "phase3_color": "#c80000", "phase4_population": 0, "phase4_percent": 0.0, "phase4_color": "#640000", "phase5_population": 0, "phase5_percent": 0, "phase5_color": "#640000" }, "geometry": { "type": "GeometryCollection", "geometries": [ { "type": "MultiPolygon", "coordinates": [ [ [ [ 43.5854, 1.7635 ], [ 43.8809, 1.8817 ], [ 43.900097311, 1.890175626 ], [ 43.9014, 1.8907 ], [ 44.3714, 1.7218 ], [ 44.2788, 1.6865 ], [ 43.9932, 1.5315 ], [ 43.5854, 1.7635 ] ] ] ] } ] } },
{ "type": "Feature", "properties": { "area_id": "69456460", "confidence_level": 0, "ipc_period": "C", "overall_phase": 3, "population_min": "4840", "population_percentage_min": "0.25", "justification": "", "prolonged_crisis": false, "population_phase_worse": null, "population_percentage_phase_worse": null, "analysis_id": "69455744", "admin_type": null, "area_name": "Saakow (2)", "view_level": "area", "hide_settlement_labels": false, "hide_area_labels": false, "hide_area_borders": false, "show_area_popups": true, "color": "#c80000", "estimated_population": "19370", "phase1_population": 5810, "phase1_percent": 0.3, "phase1_color": "#fae61e", "phase2_population": 8720, "phase2_percent": 0.45, "phase2_color": "#e67800", "phase3_population": 3870, "phase3_percent": 0.2, "phase3_color": "#c80000", "phase4_population": 970, "phase4_percent": 0.05, "phase4_color": "#640000", "phase5_population": 0, "phase5_percent": 0, "phase5_color": "#640000" }, "geometry": { "type": "GeometryCollection", "geometries": [ { "type": "MultiPolygon", "coordinates": [ [ [ [ 42.4009, 1.9517 ], [ 42.5209, 1.8817 ], [ 42.9009, 1.5217 ], [ 42.9533, 1.4824 ], [ 42.5279, 1.4997 ], [ 42.4692, 1.7028 ], [ 42.4128, 1.7672 ], [ 42.3431, 1.9509 ], [ 42.4009, 1.9517 ] ] ] ] } ] } },
{ "type": "Feature", "properties": { "area_id": "69456077", "confidence_level": 0, "ipc_period": "C", "overall_phase": 2, "population_min": "270", "population_percentage_min": "0.15", "justification": "", "prolonged_crisis": false, "population_phase_worse": null, "population_percentage_phase_worse": null, "analysis_id": "69455744", "admin_type": null, "area_name": "Baki urban", "view_level": "area", "hide_settlement_labels": false, "hide_area_labels": false, "hide_area_borders": false, "show_area_popups": true, "color": "#e67800", "estimated_population": "1767", "phase1_population": 880, "phase1_percent": 0.5, "phase1_color": "#fae61e", "phase2_population": 620, "phase2_percent": 0.35, "phase2_color": "#e67800", "phase3_population": 180, "phase3_percent": 0.1, "phase3_color": "#c80000", "phase4_population": 90, "phase4_percent": 0.05, "phase4_color": "#640000", "phase5_population": 0, "phase5_percent": 0, "phase5_color": "#640000" }, "geometry": { "type": "MultiPoint", "coordinates": [ [ 43.357, 10.0025 ] ] } },
{ "type": "Feature", "properties": { "area_id": "69456173", "confidence_level": 0, "ipc_period": "C", "overall_phase": 3, "population_min": "820", "population_percentage_min": "0.35", "justification": "", "prolonged_crisis": false, "population_phase_worse": null, "population_percentage_phase_worse": null, "analysis_id": "69455744", "admin_type": null, "area_name": "Belet xaawo idps rural", "view_level": "area", "hide_settlement_labels": false, "hide_area_labels": false, "hide_area_borders": false, "show_area_popups": true, "color": "#c80000", "estimated_population": "2349", "phase1_population": 590, "phase1_percent": 0.25, "phase1_color": "#fae61e", "phase2_population": 940, "phase2_percent": 0.4, "phase2_color": "#e67800", "phase3_population": 590, "phase3_percent": 0.25, "phase3_color": "#c80000", "phase4_population": 230, "phase4_percent": 0.1, "phase4_color": "#640000", "phase5_population": 0, "phase5_percent": 0, "phase5_color": "#640000" }, "geometry": { "type": "MultiPoint", "coordinates": [ [ 41.7958, 3.45 ] ] } },
{ "type": "Feature", "properties": { "area_id": "69456013", "confidence_level": 0, "ipc_period": "C", "overall_phase": 2, "population_min": "900", "population_percentage_min": "0.1", "justification": "", "prolonged_crisis": false, "population_phase_worse": null, "population_percentage_phase_worse": null, "analysis_id": "69455744", "admin_type": null, "area_name": "Belet xaawo urban", "view_level": "area", "hide_settlement_labels": false, "hide_area_labels": false, "hide_area_borders": false, "show_area_popups": true, "color": "#e67800", "estimated_population": "8984", "phase1_population": 4940, "phase1_percent": 0.55, "phase1_color": "#fae61e", "phase2_population": 3140, "phase2_percent": 0.35, "phase2_color": "#e67800", "phase3_population": 900, "phase3_percent": 0.1, "phase3_color": "#c80000", "phase4_population": 0, "phase4_percent": 0.0, "phase4_color": "#640000", "phase5_population": 0, "phase5_percent": 0, "phase5_color": "#640000" }, "geometry": { "type": "MultiPoint", "coordinates": [ [ 41.4078, 3.1138 ] ] } },
{ "type": "Feature", "properties": { "area_id": "69456386", "confidence_level": 0, "ipc_period": "C", "overall_phase": 2, "population_min": "9910", "population_percentage_min": "0.1", "justification": "", "prolonged_crisis": false, "population_phase_worse": null, "population_percentage_phase_worse": null, "analysis_id": "69455744", "admin_type": null, "area_name": "Berbera", "view_level": "area", "hide_settlement_labels": false, "hide_area_labels": false, "hide_area_borders": false, "show_area_popups": true, "color": "#e67800", "estimated_population": "99103", "phase1_population": 49550, "phase1_percent": 0.5, "phase1_color": "#fae61e", "phase2_population": 39640, "phase2_percent": 0.4, "phase2_color": "#e67800", "phase3_population": 9910, "phase3_percent": 0.1, "phase3_color": "#c80000", "phase4_population": 0, "phase4_percent": 0.0, "phase4_color": "#640000", "phase5_population": 0, "phase5_percent": 0, "phase5_color": "#640000" }, "geometry": { "type": "GeometryCollection", "geometries": [ { "type": "MultiPolygon", "coordinates": [ [ [ [ 45.101, 10.1709 ], [ 44.8977, 9.9411 ], [ 44.731, 9.9509 ], [ 44.231, 10.2809 ], [ 44.151, 10.3209 ], [ 44.2002, 10.4085 ], [ 44.3889, 10.3388 ], [ 44.5224, 10.3122 ], [ 44.7348, 10.3035 ], [ 44.9307, 10.3551 ], [ 45.1315, 10.3667 ], [ 45.4171, 10.364 ], [ 45.8048, 10.5696 ], [ 46.0265, 10.6078 ], [ 46.011, 10.0809 ], [ 45.9075, 10.0997 ], [ 45.101, 10.1709 ] ] ] ] } ] } },
{ "type": "Feature", "properties": { "area_id": "69456191", "confidence_level": 0, "ipc_period": "C", "overall_phase": 2, "population_min": "3740", "population_percentage_min": "0.1", "justification": "", "prolonged_crisis": false, "population_phase_worse": null, "population_percentage_phase_worse": null, "analysis_id": "69455744", "admin_type": null, "area_name": "Kismaayo (2)", "view_level": "area", "hide_settlement_labels": false, "hide_area_labels": false, "hide_area_borders": false, "show_area_popups": true, "color": "#e67800", "estimated_population": "37440", "phase1_population": 28080, "phase1_percent": 0.75, "phase1_color": "#fae61e", "phase2_population": 5620, "phase2_percent": 0.15, "phase2_color": "#e67800", "phase3_population": 3740, "phase3_percent": 0.1, "phase3_color": "#c80000", "phase4_population": 0, "phase4_percent": 0.0, "phase4_color": "#640000", "phase5_population": 0, "phase5_percent": 0, "phase5_color": "#640000" }, "geometry": { "type": "GeometryCollection", "geometries": [ { "type": "MultiPolygon", "coordinates": [ [ [ [ 42.1713, -0.3632 ], [ 42.1125, -0.3986 ], [ 42.0747, -0.4271 ], [ 41.941, -0.6199 ], [ 41.9144, -0.9161 ], [ 41.4162, -0.3425 ], [ 41.494, -0.2705 ], [ 41.6299, -0.2136 ], [ 41.7592, -0.2024 ], [ 41.7843, -0.2633 ], [ 42.1713, -0.3632 ] ] ], [ [ [ 42.4286, -0.0212 ], [ 42.4969, -0.2009 ], [ 42.4955, -0.2341 ], [ 42.495477236, -0.234097827 ], [ 42.4756, -0.2322 ], [ 42.4298, -0.2236 ], [ 42.2551, -0.118 ], [ 42.1501, -0.0294 ], [ 42.4286, -0.0212 ] ] ] ] } ] } },
{ "type": "Feature", "properties": { "area_id": "69456448", "confidence_level": 0, "ipc_period": "C", "overall_phase": 3, "population_min": "4990", "population_percentage_min": "0.2", "justification": "", "prolonged_crisis": false, "population_phase_worse": null, "population_percentage_phase_worse": null, "analysis_id": "69455744", "admin_type": null, "area_name": "Kismaayo (1)", "view_level": "area", "hide_settlement_labels": false, "hide_area_labels": false, "hide_area_borders": false, "show_area_popups": true, "color": "#c80000", "estimated_population": "24954", "phase1_population": 9980, "phase1_percent": 0.4, "phase1_color": "#fae61e", "phase2_population": 9980, "phase2_percent": 0.4, "phase2_color": "#e67800", "phase3_population": 4990, "phase3_percent": 0.2, "phase3_color": "#c80000", "phase4_population": 0, "phase4_percent": 0.0, "phase4_color": "#640000", "phase5_population": 0, "phase5_percent": 0, "phase5_color": "#640000" }, "geometry": { "type": "GeometryCollection", "geometries": [ { "type": "MultiPolygon", "coordinates": [ [ [ [ 42.6776, -0.1339 ], [ 42.6406, -0.1707 ], [ 42.6484, -0.2426 ], [ 42.5954, -0.2926 ], [ 42.4954, -0.2359 ], [ 42.495473593, -0.234182821 ], [ 42.4955, -0.2341 ], [ 42.4969, -0.2009 ], [ 42.4286, -0.0212 ], [ 42.5309, -0.0182 ], [ 42.6776, -0.1339 ] ] ] ] } ] } },
{ "type": "Feature", "properties": { "area_id": "69456436", "confidence_level": 0, "ipc_period": "C", "overall_phase": 2, "population_min": "1810", "population_percentage_min": "0.1", "justification": "", "prolonged_crisis": false, "population_phase_worse": null, "population_percentage_phase_worse": null, "analysis_id": "69455744", "admin_type": null, "area_name": "Belet xaawo (1)", "view_level": "area", "hide_settlement_labels": false, "hide_area_labels": false, "hide_area_borders": false, "show_area_popups": true, "color": "#e67800", "estimated_population": "18094", "phase1_population": 12670, "phase1_percent": 0.7, "phase1_color": "#fae61e", "phase2_population": 3620, "phase2_percent": 0.2, "phase2_color": "#e67800", "phase3_population": 1810, "phase3_percent": 0.1, "phase3_color": "#c80000", "phase4_population": 0, "phase4_percent": 0.0, "phase4_color": "#640000", "phase5_population": 0, "phase5_percent": 0, "phase5_color": "#640000" }, "geometry": { "type": "GeometryCollection", "geometries": [ { "type": "MultiPolygon", "coordinates": [ [ [ [ 42.0976, 3.8044 ], [ 42.0409, 3.6815 ], [ 42.0012, 3.5885 ], [ 41.9623, 3.6268 ], [ 41.9867, 3.7256 ], [ 41.9224, 3.8864 ], [ 42.0293, 3.8426 ], [ 42.0976, 3.8044 ] ] ] ] } ] } },
{ "type": "Feature", "properties": { "area_id": "69456143", "confidence_level": 0, "ipc_period": "C", "overall_phase": 3, "population_min": "5980", "population_percentage_min": "0.35", "justification": "", "prolonged_crisis": false, "population_phase_worse": null, "population_percentage_phase_worse": null, "analysis_id": "69455744", "admin_type": null, "area_name": "Belet xaawo idps", "view_level": "area", "hide_settlement_labels": false, "hide_area_labels": false, "hide_area_borders": false, "show_area_popups": true, "color": "#c80000", "estimated_population": "17079", "phase1_population": 4270, "phase1_percent": 0.25, "phase1_color": "#fae61e", "phase2_population": 6830, "phase2_percent": 0.4, "phase2_color": "#e67800", "phase3_population": 4270, "phase3_percent": 0.25, "phase3_color": "#c80000", "phase4_population": 1710, "phase4_percent": 0.1, "phase4_color": "#640000", "phase5_population": 0, "phase5_percent": 0, "phase5_color": "#640000" }, "geometry": { "type": "MultiPoint", "coordinates": [ [ 41.4157, 3.1134 ] ] } },
{ "type": "Feature", "properties": { "area_id": "69456079", "confidence_level": 0, "ipc_period": "C", "overall_phase": 3, "population_min": "1500", "population_percentage_min": "0.3", "justification": "", "prolonged_crisis": false, "population_phase_worse": null, "population_percentage_phase_worse": null, "analysis_id": "69455744", "admin_type": null, "area_name": "Berbera IDPS", "view_level": "area", "hide_settlement_labels": false, "hide_area_labels": false, "hide_area_borders": false, "show_area_popups": true, "color": "#c80000", "estimated_population": "5006", "phase1_population": 2250, "phase1_percent": 0.45, "phase1_color": "#fae61e", "phase2_population": 1250, "phase2_percent": 0.25, "phase2_color": "#e67800", "phase3_population": 1000, "phase3_percent": 0.2, "phase3_color": "#c80000", "phase4_population": 500, "phase4_percent": 0.1, "phase4_color": "#640000", "phase5_population": 0, "phase5_percent": 0, "phase5_color": "#640000" }, "geometry": { "type": "Point", "coordinates": [ 44.998208255, 10.389825773 ] } },
{ "type": "Feature", "properties": { "area_id": "69455969", "confidence_level": 0, "ipc_period": "C", "overall_phase": 2, "population_min": "1840", "population_percentage_min": "0.1", "justification": "", "prolonged_crisis": false, "population_phase_worse": null, "population_percentage_phase_worse": null, "analysis_id": "69455744", "admin_type": null, "area_name": "Berbera urban", "view_level": "area", "hide_settlement_labels": false, "hide_area_labels": false, "hide_area_borders": false, "show_area_popups": true, "color": "#e67800", "estimated_population": "18381", "phase1_population": 8270, "phase1_percent": 0.45, "phase1_color": "#fae61e", "phase2_population": 8270, "phase2_percent": 0.45, "phase2_color": "#e67800", "phase3_population": 1840, "phase3_percent": 0.1, "phase3_color": "#c80000", "phase4_population": 0, "phase4_percent": 0.0, "phase4_color": "#640000", "phase5_population": 0, "phase5_percent": 0, "phase5_color": "#640000" }, "geometry": { "type": "MultiPoint", "coordinates": [ [ 44.955760956, 10.384791046 ] ] } },
{ "type": "Feature", "properties": { "area_id": "69455933", "confidence_level": 0, "ipc_period": "C", "overall_phase": 3, "population_min": "29160", "population_percentage_min": "0.3", "justification": "", "prolonged_crisis": false, "population_phase_worse": null, "population_percentage_phase_worse": null, "analysis_id": "69455744", "admin_type": "idp", "area_name": "Hargeysa IDPs", "view_level": "area", "hide_settlement_labels": false, "hide_area_labels": false, "hide_area_borders": false, "show_area_popups": true, "color": "#c80000", "estimated_population": "97188", "phase1_population": 43730, "phase1_percent": 0.45, "phase1_color": "#fae61e", "phase2_population": 24300, "phase2_percent": 0.25, "phase2_color": "#e67800", "phase3_population": 19440, "phase3_percent": 0.2, "phase3_color": "#c80000", "phase4_population": 9720, "phase4_percent": 0.1, "phase4_color": "#640000", "phase5_population": 0, "phase5_percent": 0, "phase5_color": "#640000" }, "geometry": { "type": "Point", "coordinates": [ 44.041758671, 9.548010891 ] } },
{ "type": "Feature", "properties": { "area_id": "69456193", "confidence_level": 0, "ipc_period": "C", "overall_phase": 3, "population_min": "25610", "population_percentage_min": "0.25", "justification": "", "prolonged_crisis": false, "population_phase_worse": null, "population_percentage_phase_worse": null, "analysis_id": "69455744", "admin_type": null, "area_name": "Jowhar", "view_level": "area", "hide_settlement_labels": false, "hide_area_labels": false, "hide_area_borders": false, "show_area_popups": true, "color": "#c80000", "estimated_population": "102433", "phase1_population": 46090, "phase1_percent": 0.45, "phase1_color": "#fae61e", "phase2_population": 30730, "phase2_percent": 0.3, "phase2_color": "#e67800", "phase3_population": 25610, "phase3_percent": 0.25, "phase3_color": "#c80000", "phase4_population": 0, "phase4_percent": 0.0, "phase4_color": "#640000", "phase5_population": 0, "phase5_percent": 0, "phase5_color": "#640000" }, "geometry": { "type": "GeometryCollection", "geometries": [ { "type": "MultiPolygon", "coordinates": [ [ [ [ 45.5119, 3.2195 ], [ 45.6096, 3.2268 ], [ 45.6086, 3.2256 ], [ 45.608382628, 3.225021987 ], [ 45.6081, 3.225 ], [ 45.591, 3.1788 ], [ 45.5684, 2.7238 ], [ 45.45, 2.7591 ], [ 45.5006, 2.9713 ], [ 45.4482, 3.0126 ], [ 45.5042, 3.0766 ], [ 45.4992, 3.1936 ], [ 45.5119, 3.2195 ] ] ] ] } ] } },
{ "type": "Feature", "properties": { "area_id": "69455971", "confidence_level": 0, "ipc_period": "C", "overall_phase": 2, "population_min": "10140", "population_percentage_min": "0.15", "justification": "", "prolonged_crisis": false, "population_phase_worse": null, "population_percentage_phase_worse": null, "analysis_id": "69455744", "admin_type": null, "area_name": "Taleex", "view_level": "area", "hide_settlement_labels": false, "hide_area_labels": false, "hide_area_borders": false, "show_area_popups": true, "color": "#e67800", "estimated_population": "67576", "phase1_population": 23650, "phase1_percent": 0.35, "phase1_color": "#fae61e", "phase2_population": 33790, "phase2_percent": 0.5, "phase2_color": "#e67800", "phase3_population": 10140, "phase3_percent": 0.15, "phase3_color": "#c80000", "phase4_population": 0, "phase4_percent": 0.0, "phase4_color": "#640000", "phase5_population": 0, "phase5_percent": 0, "phase5_color": "#640000" }, "geometry": { "type": "GeometryCollection", "geometries": [ { "type": "MultiPolygon", "coordinates": [ [ [ [ 49.0611, 9.571 ], [ 49.0811, 9.1405 ], [ 48.731, 8.781 ], [ 48.561, 8.781 ], [ 48.041, 8.781 ], [ 48.079498202, 9.502466299 ], [ 48.5795, 9.5421 ], [ 48.579500315, 9.542109797 ], [ 49.0611, 9.571 ] ] ] ] } ] } },
{ "type": "Feature", "properties": { "area_id": "69455897", "confidence_level": 0, "ipc_period": "C", "overall_phase": 1, "population_min": "0", "population_percentage_min": "0", "justification": "", "prolonged_crisis": false, "population_phase_worse": null, "population_percentage_phase_worse": null, "analysis_id": "69455744", "admin_type": null, "area_name": "Tayeeglow", "view_level": "area", "hide_settlement_labels": false, "hide_area_labels": false, "hide_area_borders": false, "show_area_popups": true, "color": "#fae61e", "estimated_population": "5754", "phase1_population": 4890, "phase1_percent": 0.85, "phase1_color": "#fae61e", "phase2_population": 860, "phase2_percent": 0.15, "phase2_color": "#e67800", "phase3_population": 0, "phase3_percent": 0.0, "phase3_color": "#c80000", "phase4_population": 0, "phase4_percent": 0.0, "phase4_color": "#640000", "phase5_population": 0, "phase5_percent": 0, "phase5_color": "#640000" }, "geometry": { "type": "GeometryCollection", "geometries": [ { "type": "MultiPolygon", "coordinates": [ [ [ [ 44.7231, 4.2069 ], [ 44.5921, 4.3257 ], [ 44.431, 4.4314 ], [ 44.6776, 4.4314 ], [ 44.677603779, 4.431381355 ], [ 44.681, 4.4114 ], [ 44.722245304, 4.211117127 ], [ 44.7231, 4.2069 ] ] ], [ [ [ 44.7579, 4.0134 ], [ 44.7275, 4.1408 ], [ 44.7497, 4.0778 ], [ 44.7716, 3.9846 ], [ 44.7579, 4.0134 ] ] ], [ [ [ 44.7843, 3.8947 ], [ 44.779, 3.9442 ], [ 44.7717, 3.9842 ], [ 44.801, 3.8615 ], [ 44.797, 3.8406 ], [ 44.7909, 3.861 ], [ 44.7843, 3.8947 ] ] ], [ [ [ 44.7639, 3.6708 ], [ 44.7777, 3.7375 ], [ 44.771, 3.7015 ], [ 44.7639, 3.6708 ] ] ] ] } ] } },
{ "type": "Feature", "properties": { "area_id": "69456229", "confidence_level": 0, "ipc_period": "C", "overall_phase": 2, "population_min": "6260", "population_percentage_min": "0.1", "justification": "", "prolonged_crisis": false, "population_phase_worse": null, "population_percentage_phase_worse": null, "analysis_id": "69455744", "admin_type": null, "area_name": "Owdweyne (3)", "view_level": "area", "hide_settlement_labels": false, "hide_area_labels": false, "hide_area_borders": false, "show_area_popups": true, "color": "#e67800", "estimated_population": "62604", "phase1_population": 31300, "phase1_percent": 0.5, "phase1_color": "#fae61e", "phase2_population": 25040, "phase2_percent": 0.4, "phase2_color": "#e67800", "phase3_population": 6260, "phase3_percent": 0.1, "phase3_color": "#c80000", "phase4_population": 0, "phase4_percent": 0.0, "phase4_color": "#640000", "phase5_population": 0, "phase5_percent": 0, "phase5_color": "#640000" }, "geometry": { "type": "GeometryCollection", "geometries": [ { "type": "MultiPolygon", "coordinates": [ [ [ [ 44.9078, 9.5146 ], [ 44.9924, 9.3183 ], [ 45.2814, 9.3778 ], [ 45.291, 8.5726 ], [ 44.691, 8.7731 ], [ 44.691, 9.2905 ], [ 44.7081, 9.3785 ], [ 44.7707, 9.6244 ], [ 44.8117, 9.6287 ], [ 44.9078, 9.5146 ] ] ] ] } ] } },
{ "type": "Feature", "properties": { "area_id": "69456328", "confidence_level": 0, "ipc_period": "C", "overall_phase": 2, "population_min": "27420", "population_percentage_min": "0.15", "justification": "", "prolonged_crisis": false, "population_phase_worse": null, "population_percentage_phase_worse": null, "analysis_id": "69455744", "admin_type": null, "area_name": "Jamaame urban", "view_level": "area", "hide_settlement_labels": false, "hide_area_labels": false, "hide_area_borders": false, "show_area_popups": true, "color": "#e67800", "estimated_population": "182840", "phase1_population": 118850, "phase1_percent": 0.65, "phase1_color": "#fae61e", "phase2_population": 36570, "phase2_percent": 0.2, "phase2_color": "#e67800", "phase3_population": 18280, "phase3_percent": 0.1, "phase3_color": "#c80000", "phase4_population": 9140, "phase4_percent": 0.05, "phase4_color": "#640000", "phase5_population": 0, "phase5_percent": 0, "phase5_color": "#640000" }, "geometry": { "type": "MultiPoint", "coordinates": [ [ 42.7405, 0.0676 ] ] } },
{ "type": "Feature", "properties": { "area_id": "69456087", "confidence_level": 0, "ipc_period": "C", "overall_phase": 3, "population_min": "1240", "population_percentage_min": "0.3", "justification": "", "prolonged_crisis": false, "population_phase_worse": null, "population_percentage_phase_worse": null, "analysis_id": "69455744", "admin_type": null, "area_name": "Owdweyne idps", "view_level": "area", "hide_settlement_labels": false, "hide_area_labels": false, "hide_area_borders": false, "show_area_popups": true, "color": "#c80000", "estimated_population": "4128", "phase1_population": 1240, "phase1_percent": 0.3, "phase1_color": "#fae61e", "phase2_population": 1650, "phase2_percent": 0.4, "phase2_color": "#e67800", "phase3_population": 1030, "phase3_percent": 0.25, "phase3_color": "#c80000", "phase4_population": 210, "phase4_percent": 0.05, "phase4_color": "#640000", "phase5_population": 0, "phase5_percent": 0, "phase5_color": "#640000" }, "geometry": { "type": "MultiPoint", "coordinates": [ [ 45.0668, 9.3981 ] ] } },
{ "type": "Feature", "properties": { "area_id": "69455866", "confidence_level": 0, "ipc_period": "C", "overall_phase": 3, "population_min": "3290", "population_percentage_min": "0.3", "justification": "", "prolonged_crisis": false, "population_phase_worse": null, "population_percentage_phase_worse": null, "analysis_id": "69455744", "admin_type": null, "area_name": "Owdweyne idps rural", "view_level": "area", "hide_settlement_labels": false, "hide_area_labels": false, "hide_area_borders": false, "show_area_popups": true, "color": "#c80000", "estimated_population": "10950", "phase1_population": 3290, "phase1_percent": 0.3, "phase1_color": "#fae61e", "phase2_population": 4380, "phase2_percent": 0.4, "phase2_color": "#e67800", "phase3_population": 2740, "phase3_percent": 0.25, "phase3_color": "#c80000", "phase4_population": 550, "phase4_percent": 0.05, "phase4_color": "#640000", "phase5_population": 0, "phase5_percent": 0, "phase5_color": "#640000" }, "geometry": { "type": "MultiPoint", "coordinates": [ [ 45.0625, 9.3671 ] ] } },
{ "type": "Feature", "properties": { "area_id": "69456183", "confidence_level": 0, "ipc_period": "C", "overall_phase": 2, "population_min": "630", "population_percentage_min": "0.1", "justification": "", "prolonged_crisis": false, "population_phase_worse": null, "population_percentage_phase_worse": null, "analysis_id": "69455744", "admin_type": null, "area_name": "Owdweyne (2)", "view_level": "area", "hide_settlement_labels": false, "hide_area_labels": false, "hide_area_borders": false, "show_area_popups": true, "color": "#e67800", "estimated_population": "6260", "phase1_population": 3130, "phase1_percent": 0.5, "phase1_color": "#fae61e", "phase2_population": 2500, "phase2_percent": 0.4, "phase2_color": "#e67800", "phase3_population": 630, "phase3_percent": 0.1, "phase3_color": "#c80000", "phase4_population": 0, "phase4_percent": 0.0, "phase4_color": "#640000", "phase5_population": 0, "phase5_percent": 0, "phase5_color": "#640000" }, "geometry": { "type": "GeometryCollection", "geometries": [ { "type": "MultiPolygon", "coordinates": [ [ [ [ 44.9078, 9.5146 ], [ 44.8117, 9.6287 ], [ 44.7707, 9.6244 ], [ 44.831, 9.861 ], [ 44.8977, 9.9411 ], [ 45.281, 9.871 ], [ 45.281, 9.8076 ], [ 45.0118, 9.6464 ], [ 44.9078, 9.5146 ] ] ] ] } ] } },
{ "type": "Feature", "properties": { "area_id": "69455941", "confidence_level": 0, "ipc_period": "C", "overall_phase": 2, "population_min": "10560", "population_percentage_min": "0.15", "justification": "", "prolonged_crisis": false, "population_phase_worse": null, "population_percentage_phase_worse": null, "analysis_id": "69455744", "admin_type": null, "area_name": "Garoowe (1)", "view_level": "area", "hide_settlement_labels": false, "hide_area_labels": false, "hide_area_borders": false, "show_area_popups": true, "color": "#e67800", "estimated_population": "70420", "phase1_population": 38730, "phase1_percent": 0.55, "phase1_color": "#fae61e", "phase2_population": 21130, "phase2_percent": 0.3, "phase2_color": "#e67800", "phase3_population": 10560, "phase3_percent": 0.15, "phase3_color": "#c80000", "phase4_population": 0, "phase4_percent": 0.0, "phase4_color": "#640000", "phase5_population": 0, "phase5_percent": 0, "phase5_color": "#640000" }, "geometry": { "type": "GeometryCollection", "geometries": [ { "type": "MultiPolygon", "coordinates": [ [ [ [ 48.131, 8.2111 ], [ 48.051, 8.2411 ], [ 48.1347, 8.3297 ], [ 48.4436, 8.283 ], [ 48.7291, 8.2132 ], [ 48.9067, 8.1815 ], [ 49.2063, 8.1498 ], [ 49.191, 8.0211 ], [ 48.131, 8.2111 ] ] ] ] } ] } },
{ "type": "Feature", "properties": { "area_id": "69456073", "confidence_level": 0, "ipc_period": "C", "overall_phase": 3, "population_min": "21830", "population_percentage_min": "0.2", "justification": "", "prolonged_crisis": false, "population_phase_worse": null, "population_percentage_phase_worse": null, "analysis_id": "69455744", "admin_type": "idp", "area_name": "Garowe IDPS", "view_level": "area", "hide_settlement_labels": false, "hide_area_labels": false, "hide_area_borders": false, "show_area_popups": true, "color": "#c80000", "estimated_population": "109141", "phase1_population": 49110, "phase1_percent": 0.45, "phase1_color": "#fae61e", "phase2_population": 38200, "phase2_percent": 0.35, "phase2_color": "#e67800", "phase3_population": 16370, "phase3_percent": 0.15, "phase3_color": "#c80000", "phase4_population": 5460, "phase4_percent": 0.05, "phase4_color": "#640000", "phase5_population": 0, "phase5_percent": 0, "phase5_color": "#640000" }, "geometry": { "type": "Point", "coordinates": [ 48.461648196, 8.39876085 ] } },
{ "type": "Feature", "properties": { "area_id": "69455985", "confidence_level": 0, "ipc_period": "C", "overall_phase": 3, "population_min": "1770", "population_percentage_min": "0.2", "justification": "", "prolonged_crisis": false, "population_phase_worse": null, "population_percentage_phase_worse": null, "analysis_id": "69455744", "admin_type": null, "area_name": "Jalalaqsi urban", "view_level": "area", "hide_settlement_labels": false, "hide_area_labels": false, "hide_area_borders": false, "show_area_popups": true, "color": "#c80000", "estimated_population": "8859", "phase1_population": 3100, "phase1_percent": 0.35, "phase1_color": "#fae61e", "phase2_population": 3990, "phase2_percent": 0.45, "phase2_color": "#e67800", "phase3_population": 1770, "phase3_percent": 0.2, "phase3_color": "#c80000", "phase4_population": 0, "phase4_percent": 0.0, "phase4_color": "#640000", "phase5_population": 0, "phase5_percent": 0, "phase5_color": "#640000" }, "geometry": { "type": "MultiPoint", "coordinates": [ [ 45.5896, 3.3818 ] ] } },
{ "type": "Feature", "properties": { "area_id": "69456332", "confidence_level": 0, "ipc_period": "C", "overall_phase": 2, "population_min": "7490", "population_percentage_min": "0.1", "justification": "", "prolonged_crisis": false, "population_phase_worse": null, "population_percentage_phase_worse": null, "analysis_id": "69455744", "admin_type": null, "area_name": "Kismaayo (3)", "view_level": "area", "hide_settlement_labels": false, "hide_area_labels": false, "hide_area_borders": false, "show_area_popups": true, "color": "#e67800", "estimated_population": "74880", "phase1_population": 56160, "phase1_percent": 0.75, "phase1_color": "#fae61e", "phase2_population": 11230, "phase2_percent": 0.15, "phase2_color": "#e67800", "phase3_population": 7490, "phase3_percent": 0.1, "phase3_color": "#c80000", "phase4_population": 0, "phase4_percent": 0.0, "phase4_color": "#640000", "phase5_population": 0, "phase5_percent": 0, "phase5_color": "#640000" }, "geometry": { "type": "GeometryCollection", "geometries": [ { "type": "MultiPolygon", "coordinates": [ [ [ [ 42.495477236, -0.234097827 ], [ 42.4955, -0.2341 ], [ 42.495473593, -0.234182821 ], [ 42.4954, -0.2359 ], [ 42.4889, -0.2548 ], [ 42.4391, -0.3065 ], [ 42.2751, -0.3547 ], [ 42.1874, -0.3561 ], [ 42.1713, -0.3632 ], [ 41.7843, -0.2633 ], [ 41.7592, -0.2024 ], [ 41.6299, -0.2136 ], [ 41.494, -0.2705 ], [ 41.4162, -0.3425 ], [ 41.2909, -0.1981 ], [ 41.3109, -0.1481 ], [ 41.8509, -0.0382 ], [ 42.1501, -0.0294 ], [ 42.2551, -0.118 ], [ 42.4298, -0.2236 ], [ 42.4756, -0.2322 ], [ 42.495477236, -0.234097827 ] ] ], [ [ [ 42.106, -0.8327 ], [ 42.2048, -0.6748 ], [ 42.414, -0.5017 ], [ 42.1488, -0.8211 ], [ 42.106, -0.8327 ] ] ] ] } ] } },
{ "type": "Feature", "properties": { "area_id": "69456187", "confidence_level": 0, "ipc_period": "C", "overall_phase": 2, "population_min": "3910", "population_percentage_min": "0.1", "justification": "", "prolonged_crisis": false, "population_phase_worse": null, "population_percentage_phase_worse": null, "analysis_id": "69455744", "admin_type": null, "area_name": "Luuq", "view_level": "area", "hide_settlement_labels": false, "hide_area_labels": false, "hide_area_borders": false, "show_area_popups": true, "color": "#e67800", "estimated_population": "39050", "phase1_population": 25380, "phase1_percent": 0.65, "phase1_color": "#fae61e", "phase2_population": 9760, "phase2_percent": 0.25, "phase2_color": "#e67800", "phase3_population": 3910, "phase3_percent": 0.1, "phase3_color": "#c80000", "phase4_population": 0, "phase4_percent": 0.0, "phase4_color": "#640000", "phase5_population": 0, "phase5_percent": 0, "phase5_color": "#640000" }, "geometry": { "type": "GeometryCollection", "geometries": [ { "type": "MultiPolygon", "coordinates": [ [ [ [ 42.2765, 3.8987 ], [ 42.3427, 3.7586 ], [ 42.4038, 3.6949 ], [ 42.4365, 3.7015 ], [ 42.48343751, 3.701999335 ], [ 42.4835, 3.702 ], [ 42.483391475, 3.701765218 ], [ 42.4682, 3.6689 ], [ 42.438, 3.6194 ], [ 42.4528, 3.5168 ], [ 42.2502, 3.5978 ], [ 42.2406, 3.6614 ], [ 42.1614, 3.7884 ], [ 42.0976, 3.8044 ], [ 42.1009, 3.8115 ], [ 42.2309, 3.7915 ], [ 42.2765, 3.8987 ] ] ], [ [ [ 42.8851, 4.3084 ], [ 42.9625, 4.1688 ], [ 43.002, 4.0747 ], [ 42.9743, 3.9161 ], [ 42.8696, 3.949 ], [ 42.7607, 3.9281 ], [ 42.7246, 3.8797 ], [ 42.6602, 3.9918 ], [ 42.5476, 4.0847 ], [ 42.5609, 4.2095 ], [ 42.7108, 4.2632 ], [ 42.8183, 4.2664 ], [ 42.8851, 4.3084 ] ] ], [ [ [ 42.714, 3.4102 ], [ 42.716, 3.5978 ], [ 42.7547, 3.6758 ], [ 42.9342, 3.7122 ], [ 42.9935, 3.6748 ], [ 43.0086, 3.4895 ], [ 42.9506, 3.4748 ], [ 42.8407, 3.3559 ], [ 42.714, 3.4102 ] ] ] ] } ] } },
{ "type": "Feature", "properties": { "area_id": "69456025", "confidence_level": 0, "ipc_period": "C", "overall_phase": 2, "population_min": "700", "population_percentage_min": "0.1", "justification": "", "prolonged_crisis": false, "population_phase_worse": null, "population_percentage_phase_worse": null, "analysis_id": "69455744", "admin_type": null, "area_name": "Kurtunwaarey (1)", "view_level": "area", "hide_settlement_labels": false, "hide_area_labels": false, "hide_area_borders": false, "show_area_popups": true, "color": "#e67800", "estimated_population": "7017", "phase1_population": 4560, "phase1_percent": 0.65, "phase1_color": "#fae61e", "phase2_population": 1750, "phase2_percent": 0.25, "phase2_color": "#e67800", "phase3_population": 700, "phase3_percent": 0.1, "phase3_color": "#c80000", "phase4_population": 0, "phase4_percent": 0.0, "phase4_color": "#640000", "phase5_population": 0, "phase5_percent": 0, "phase5_color": "#640000" }, "geometry": { "type": "GeometryCollection", "geometries": [ { "type": "MultiPolygon", "coordinates": [ [ [ [ 44.3809, 1.5317 ], [ 44.1509, 1.4417 ], [ 44.079, 1.4827 ], [ 44.2682, 1.5902 ], [ 44.406, 1.5505 ], [ 44.3809, 1.5317 ] ] ] ] } ] } },
{ "type": "Feature", "properties": { "area_id": "69455927", "confidence_level": 0, "ipc_period": "C", "overall_phase": 3, "population_min": "7560", "population_percentage_min": "0.3", "justification": "", "prolonged_crisis": false, "population_phase_worse": null, "population_percentage_phase_worse": null, "analysis_id": "69455744", "admin_type": "urb", "area_name": "Laas Canood URBAN", "view_level": "area", "hide_settlement_labels": false, "hide_area_labels": false, "hide_area_borders": false, "show_area_popups": true, "color": "#c80000", "estimated_population": "25183", "phase1_population": 7550, "phase1_percent": 0.3, "phase1_color": "#fae61e", "phase2_population": 10070, "phase2_percent": 0.4, "phase2_color": "#e67800", "phase3_population": 6300, "phase3_percent": 0.25, "phase3_color": "#c80000", "phase4_population": 1260, "phase4_percent": 0.05, "phase4_color": "#640000", "phase5_population": 0, "phase5_percent": 0, "phase5_color": "#640000" }, "geometry": { "type": "Point", "coordinates": [ 47.275124759, 8.387892193 ] } },
{ "type": "Feature", "properties": { "area_id": "69456051", "confidence_level": 0, "ipc_period": "C", "overall_phase": 3, "population_min": "980", "population_percentage_min": "0.35", "justification": "", "prolonged_crisis": false, "population_phase_worse": null, "population_percentage_phase_worse": null, "analysis_id": "69455744", "admin_type": null, "area_name": "Garbahaarey idps", "view_level": "area", "hide_settlement_labels": false, "hide_area_labels": false, "hide_area_borders": false, "show_area_popups": true, "color": "#c80000", "estimated_population": "2792", "phase1_population": 700, "phase1_percent": 0.25, "phase1_color": "#fae61e", "phase2_population": 1120, "phase2_percent": 0.4, "phase2_color": "#e67800", "phase3_population": 700, "phase3_percent": 0.25, "phase3_color": "#c80000", "phase4_population": 280, "phase4_percent": 0.1, "phase4_color": "#640000", "phase5_population": 0, "phase5_percent": 0, "phase5_color": "#640000" }, "geometry": { "type": "MultiPoint", "coordinates": [ [ 42.2221, 3.3256 ] ] } },
{ "type": "Feature", "properties": { "area_id": "69455832", "confidence_level": 0, "ipc_period": "C", "overall_phase": 2, "population_min": "1640", "population_percentage_min": "0.15", "justification": "", "prolonged_crisis": false, "population_phase_worse": null, "population_percentage_phase_worse": null, "analysis_id": "69455744", "admin_type": null, "area_name": "Zeylac urban", "view_level": "area", "hide_settlement_labels": false, "hide_area_labels": false, "hide_area_borders": false, "show_area_popups": true, "color": "#e67800", "estimated_population": "10935", "phase1_population": 5470, "phase1_percent": 0.5, "phase1_color": "#fae61e", "phase2_population": 3830, "phase2_percent": 0.35, "phase2_color": "#e67800", "phase3_population": 1090, "phase3_percent": 0.1, "phase3_color": "#c80000", "phase4_population": 550, "phase4_percent": 0.05, "phase4_color": "#640000", "phase5_population": 0, "phase5_percent": 0, "phase5_color": "#640000" }, "geometry": { "type": "MultiPoint", "coordinates": [ [ 43.4726, 11.352 ] ] } },
{ "type": "Feature", "properties": { "area_id": "69455834", "confidence_level": 0, "ipc_period": "C", "overall_phase": 2, "population_min": "3450", "population_percentage_min": "0.05", "justification": "", "prolonged_crisis": false, "population_phase_worse": null, "population_percentage_phase_worse": null, "analysis_id": "69455744", "admin_type": null, "area_name": "Tayeeglow (2)", "view_level": "area", "hide_settlement_labels": false, "hide_area_labels": false, "hide_area_borders": false, "show_area_popups": true, "color": "#e67800", "estimated_population": "69040", "phase1_population": 51780, "phase1_percent": 0.75, "phase1_color": "#fae61e", "phase2_population": 13810, "phase2_percent": 0.2, "phase2_color": "#e67800", "phase3_population": 3450, "phase3_percent": 0.05, "phase3_color": "#c80000", "phase4_population": 0, "phase4_percent": 0.0, "phase4_color": "#640000", "phase5_population": 0, "phase5_percent": 0, "phase5_color": "#640000" }, "geometry": { "type": "GeometryCollection", "geometries": [ { "type": "MultiPolygon", "coordinates": [ [ [ [ 44.2909, 3.9281 ], [ 44.4102, 3.8624 ], [ 44.5714, 3.7229 ], [ 44.7159, 3.8559 ], [ 44.7843, 3.8947 ], [ 44.7909, 3.861 ], [ 44.797, 3.8406 ], [ 44.7777, 3.7375 ], [ 44.7639, 3.6708 ], [ 44.771, 3.7015 ], [ 44.781, 3.2715 ], [ 44.661021557, 3.251003683 ], [ 44.660953522, 3.251551151 ], [ 44.626807725, 3.265208526 ], [ 44.610954285, 3.271549463 ], [ 44.511249334, 3.26656481 ], [ 44.4109, 3.2616 ], [ 44.383400407, 3.278501673 ], [ 44.280944824, 3.341543198 ], [ 44.280905142, 3.341508571 ], [ 44.3109, 3.3915 ], [ 44.3109, 3.395 ], [ 44.3109, 3.5715 ], [ 44.3109, 3.5749 ], [ 44.2909, 3.6149 ], [ 44.2909, 3.9281 ] ] ] ] } ] } },
{ "type": "Feature", "properties": { "area_id": "69456418", "confidence_level": 0, "ipc_period": "C", "overall_phase": 2, "population_min": "7270", "population_percentage_min": "0.15", "justification": "", "prolonged_crisis": false, "population_phase_worse": null, "population_percentage_phase_worse": null, "analysis_id": "69455744", "admin_type": null, "area_name": "Qandala", "view_level": "area", "hide_settlement_labels": false, "hide_area_labels": false, "hide_area_borders": false, "show_area_popups": true, "color": "#e67800", "estimated_population": "48463", "phase1_population": 26650, "phase1_percent": 0.55, "phase1_color": "#fae61e", "phase2_population": 14540, "phase2_percent": 0.3, "phase2_color": "#e67800", "phase3_population": 4850, "phase3_percent": 0.1, "phase3_color": "#c80000", "phase4_population": 2420, "phase4_percent": 0.05, "phase4_color": "#640000", "phase5_population": 0, "phase5_percent": 0, "phase5_color": "#640000" }, "geometry": { "type": "GeometryCollection", "geometries": [ { "type": "MultiPolygon", "coordinates": [ [ [ [ 50.2084, 10.6157 ], [ 49.9186, 10.7243 ], [ 49.8232, 10.7202 ], [ 49.9011, 10.8009 ], [ 49.9111, 10.9008 ], [ 49.7611, 11.1408 ], [ 49.7211, 11.1808 ], [ 49.5804, 11.4521 ], [ 49.6932, 11.4781 ], [ 49.8625, 11.469 ], [ 49.9406, 11.5102 ], [ 50.0651, 11.5044 ], [ 50.2168, 11.5624 ], [ 50.3557, 11.6365 ], [ 50.3011, 11.4508 ], [ 50.4111, 11.4008 ], [ 50.3411, 11.1608 ], [ 50.5511, 10.8308 ], [ 50.4611, 10.6609 ], [ 50.2084, 10.6157 ] ] ] ] } ] } },
{ "type": "Feature", "properties": { "area_id": "69456396", "confidence_level": 0, "ipc_period": "C", "overall_phase": 1, "population_min": "0", "population_percentage_min": "0", "justification": "", "prolonged_crisis": false, "population_phase_worse": null, "population_percentage_phase_worse": null, "analysis_id": "69455744", "admin_type": null, "area_name": "Bulo burto (2)", "view_level": "area", "hide_settlement_labels": false, "hide_area_labels": false, "hide_area_borders": false, "show_area_popups": true, "color": "#fae61e", "estimated_population": "20938", "phase1_population": 17800, "phase1_percent": 0.85, "phase1_color": "#fae61e", "phase2_population": 3140, "phase2_percent": 0.15, "phase2_color": "#e67800", "phase3_population": 0, "phase3_percent": 0.0, "phase3_color": "#c80000", "phase4_population": 0, "phase4_percent": 0.0, "phase4_color": "#640000", "phase5_population": 0, "phase5_percent": 0, "phase5_color": "#640000" }, "geometry": { "type": "GeometryCollection", "geometries": [ { "type": "MultiPolygon", "coordinates": [ [ [ [ 44.797, 3.8406 ], [ 44.801, 3.8615 ], [ 44.7717, 3.9842 ], [ 44.7579, 4.0134 ], [ 44.7716, 3.9846 ], [ 44.7497, 4.0778 ], [ 45.001, 4.1215 ], [ 45.071, 4.2615 ], [ 45.1884, 4.3017 ], [ 45.3207, 3.9947 ], [ 45.3377, 3.8509 ], [ 45.3719, 3.7436 ], [ 45.4942, 3.5585 ], [ 45.181, 3.5515 ], [ 45.297, 3.2035 ], [ 45.151, 3.2116 ], [ 45.071, 3.2516 ], [ 44.781, 3.2715 ], [ 44.771, 3.7015 ], [ 44.7777, 3.7375 ], [ 44.797, 3.8406 ] ] ], [ [ [ 46.2636, 3.8202 ], [ 46.2252, 3.7987 ], [ 46.091, 3.5715 ], [ 45.8126, 3.5656 ], [ 45.8067, 3.6899 ], [ 45.7485, 3.7961 ], [ 45.7698, 3.872 ], [ 45.7517, 4.1538 ], [ 45.7121, 4.2601 ], [ 45.607, 4.3396 ], [ 45.741, 4.4214 ], [ 45.8823, 4.4249 ], [ 45.9539, 4.3732 ], [ 46.0569, 4.3285 ], [ 46.1531, 4.3526 ], [ 46.1774, 4.4103 ], [ 46.3745, 4.2527 ], [ 46.3386, 4.1884 ], [ 46.3039, 4.0813 ], [ 46.2843, 3.9947 ], [ 46.281833982, 3.97239047 ], [ 46.278894744, 3.945799823 ], [ 46.2672, 3.84 ], [ 46.2636, 3.8202 ] ] ] ] } ] } },
{ "type": "Feature", "properties": { "area_id": "69456043", "confidence_level": 0, "ipc_period": "C", "overall_phase": 2, "population_min": "4150", "population_percentage_min": "0.1", "justification": "", "prolonged_crisis": false, "population_phase_worse": null, "population_percentage_phase_worse": null, "analysis_id": "69455744", "admin_type": null, "area_name": "Bulo burto (3)", "view_level": "area", "hide_settlement_labels": false, "hide_area_labels": false, "hide_area_borders": false, "show_area_popups": true, "color": "#e67800", "estimated_population": "41458", "phase1_population": 14510, "phase1_percent": 0.35, "phase1_color": "#fae61e", "phase2_population": 22800, "phase2_percent": 0.55, "phase2_color": "#e67800", "phase3_population": 4150, "phase3_percent": 0.1, "phase3_color": "#c80000", "phase4_population": 0, "phase4_percent": 0.0, "phase4_color": "#640000", "phase5_population": 0, "phase5_percent": 0, "phase5_color": "#640000" }, "geometry": { "type": "GeometryCollection", "geometries": [ { "type": "MultiPolygon", "coordinates": [ [ [ [ 45.1884, 4.3017 ], [ 45.3387, 4.3468 ], [ 45.3798, 4.1431 ], [ 45.4924, 4.0748 ], [ 45.4616, 3.9313 ], [ 45.4686, 3.772 ], [ 45.4959, 3.7215 ], [ 45.5898, 3.6155 ], [ 45.6028, 3.5609 ], [ 45.4942, 3.5585 ], [ 45.3719, 3.7436 ], [ 45.3377, 3.8509 ], [ 45.3207, 3.9947 ], [ 45.1884, 4.3017 ] ] ], [ [ [ 45.3845, 4.3605 ], [ 45.421, 4.3714 ], [ 45.561, 4.3115 ], [ 45.607, 4.3396 ], [ 45.7121, 4.2601 ], [ 45.7517, 4.1538 ], [ 45.7698, 3.872 ], [ 45.7485, 3.7961 ], [ 45.8067, 3.6899 ], [ 45.8126, 3.5656 ], [ 45.7465, 3.5641 ], [ 45.7445, 3.7086 ], [ 45.7198, 3.7683 ], [ 45.6069, 3.852 ], [ 45.5039, 4.092 ], [ 45.4841, 4.1997 ], [ 45.3845, 4.3605 ] ] ] ] } ] } },
{ "type": "Feature", "properties": { "area_id": "69456185", "confidence_level": 0, "ipc_period": "C", "overall_phase": 3, "population_min": "3610", "population_percentage_min": "0.2", "justification": "", "prolonged_crisis": false, "population_phase_worse": null, "population_percentage_phase_worse": null, "analysis_id": "69455744", "admin_type": null, "area_name": "Bulo burto urban", "view_level": "area", "hide_settlement_labels": false, "hide_area_labels": false, "hide_area_borders": false, "show_area_popups": true, "color": "#c80000", "estimated_population": "18066", "phase1_population": 6320, "phase1_percent": 0.35, "phase1_color": "#fae61e", "phase2_population": 8130, "phase2_percent": 0.45, "phase2_color": "#e67800", "phase3_population": 3610, "phase3_percent": 0.2, "phase3_color": "#c80000", "phase4_population": 0, "phase4_percent": 0.0, "phase4_color": "#640000", "phase5_population": 0, "phase5_percent": 0, "phase5_color": "#640000" }, "geometry": { "type": "MultiPoint", "coordinates": [ [ 45.077, 4.904 ] ] } },
{ "type": "Feature", "properties": { "area_id": "69456245", "confidence_level": 0, "ipc_period": "C", "overall_phase": 3, "population_min": "23780", "population_percentage_min": "0.35", "justification": "", "prolonged_crisis": false, "population_phase_worse": null, "population_percentage_phase_worse": null, "analysis_id": "69455744", "admin_type": "idp", "area_name": "Burao IDPS", "view_level": "area", "hide_settlement_labels": false, "hide_area_labels": false, "hide_area_borders": false, "show_area_popups": true, "color": "#c80000", "estimated_population": "79267", "phase1_population": 27740, "phase1_percent": 0.25, "phase1_color": "#fae61e", "phase2_population": 27740, "phase2_percent": 0.4, "phase2_color": "#e67800", "phase3_population": 19820, "phase3_percent": 0.3, "phase3_color": "#c80000", "phase4_population": 3960, "phase4_percent": 0.05, "phase4_color": "#640000", "phase5_population": 0, "phase5_percent": 0, "phase5_color": "#640000" }, "geometry": { "type": "Point", "coordinates": [ 45.525552005, 9.497078216 ] } },
{ "type": "Feature", "properties": { "area_id": "69456416", "confidence_level": 0, "ipc_period": "C", "overall_phase": 2, "population_min": "2970", "population_percentage_min": "0.1", "justification": "", "prolonged_crisis": false, "population_phase_worse": null, "population_percentage_phase_worse": null, "analysis_id": "69455744", "admin_type": "urb", "area_name": "Burao URBAN", "view_level": "area", "hide_settlement_labels": false, "hide_area_labels": false, "hide_area_borders": false, "show_area_popups": true, "color": "#e67800", "estimated_population": "29667", "phase1_population": 14830, "phase1_percent": 0.5, "phase1_color": "#fae61e", "phase2_population": 11870, "phase2_percent": 0.4, "phase2_color": "#e67800", "phase3_population": 2970, "phase3_percent": 0.1, "phase3_color": "#c80000", "phase4_population": 0, "phase4_percent": 0.0, "phase4_color": "#640000", "phase5_population": 0, "phase5_percent": 0, "phase5_color": "#640000" }, "geometry": { "type": "Point", "coordinates": [ 45.5372, 9.4581 ] } },
{ "type": "Feature", "properties": { "area_id": "69456031", "confidence_level": 0, "ipc_period": "C", "overall_phase": 3, "population_min": "5410", "population_percentage_min": "0.25", "justification": "", "prolonged_crisis": false, "population_phase_worse": null, "population_percentage_phase_worse": null, "analysis_id": "69455744", "admin_type": null, "area_name": "Burco", "view_level": "area", "hide_settlement_labels": false, "hide_area_labels": false, "hide_area_borders": false, "show_area_popups": true, "color": "#c80000", "estimated_population": "21674", "phase1_population": 8670, "phase1_percent": 0.4, "phase1_color": "#fae61e", "phase2_population": 7590, "phase2_percent": 0.35, "phase2_color": "#e67800", "phase3_population": 4330, "phase3_percent": 0.2, "phase3_color": "#c80000", "phase4_population": 1080, "phase4_percent": 0.05, "phase4_color": "#640000", "phase5_population": 0, "phase5_percent": 0, "phase5_color": "#640000" }, "geometry": { "type": "GeometryCollection", "geometries": [ { "type": "MultiPolygon", "coordinates": [ [ [ [ 45.2814, 9.3778 ], [ 45.281, 9.8076 ], [ 45.3471, 9.8605 ], [ 45.6251, 9.8166 ], [ 45.7209, 9.6768 ], [ 45.769, 9.5046 ], [ 45.769, 9.4337 ], [ 45.781740488, 9.411205077 ], [ 45.7831, 9.3919 ], [ 45.7207, 9.354 ], [ 45.6299, 9.4354 ], [ 45.5372, 9.4581 ], [ 45.2814, 9.3778 ] ] ] ] } ] } },
{ "type": "Feature", "properties": { "area_id": "69456259", "confidence_level": 0, "ipc_period": "C", "overall_phase": 2, "population_min": "2170", "population_percentage_min": "0.1", "justification": "", "prolonged_crisis": false, "population_phase_worse": null, "population_percentage_phase_worse": null, "analysis_id": "69455744", "admin_type": null, "area_name": "Burco (2)", "view_level": "area", "hide_settlement_labels": false, "hide_area_labels": false, "hide_area_borders": false, "show_area_popups": true, "color": "#e67800", "estimated_population": "21674", "phase1_population": 10840, "phase1_percent": 0.5, "phase1_color": "#fae61e", "phase2_population": 8670, "phase2_percent": 0.4, "phase2_color": "#e67800", "phase3_population": 2170, "phase3_percent": 0.1, "phase3_color": "#c80000", "phase4_population": 0, "phase4_percent": 0.0, "phase4_color": "#640000", "phase5_population": 0, "phase5_percent": 0, "phase5_color": "#640000" }, "geometry": { "type": "GeometryCollection", "geometries": [ { "type": "MultiPolygon", "coordinates": [ [ [ [ 46.049405987, 10.050364093 ], [ 46.151, 9.441 ], [ 46.1813, 9.2505 ], [ 46.1802, 9.2478 ], [ 46.07, 9.3157 ], [ 45.9296, 9.4478 ], [ 45.8515, 9.4826 ], [ 45.7806, 9.4274 ], [ 45.781740488, 9.411205077 ], [ 45.769, 9.4337 ], [ 45.769, 9.5046 ], [ 45.7209, 9.6768 ], [ 45.6251, 9.8166 ], [ 45.851, 9.781 ], [ 45.801, 9.9209 ], [ 45.831, 10.0309 ], [ 45.9075, 10.0997 ], [ 46.011, 10.0809 ], [ 46.049405987, 10.050364093 ] ] ], [ [ [ 45.281, 9.871 ], [ 45.3471, 9.8605 ], [ 45.281, 9.8076 ], [ 45.281, 9.871 ] ] ] ] } ] } },
{ "type": "Feature", "properties": { "area_id": "69456015", "confidence_level": 0, "ipc_period": "C", "overall_phase": 2, "population_min": "17810", "population_percentage_min": "0.15", "justification": "", "prolonged_crisis": false, "population_phase_worse": null, "population_percentage_phase_worse": null, "analysis_id": "69455744", "admin_type": null, "area_name": "Burtinle", "view_level": "area", "hide_settlement_labels": false, "hide_area_labels": false, "hide_area_borders": false, "show_area_popups": true, "color": "#e67800", "estimated_population": "118740", "phase1_population": 65310, "phase1_percent": 0.55, "phase1_color": "#fae61e", "phase2_population": 35620, "phase2_percent": 0.3, "phase2_color": "#e67800", "phase3_population": 17810, "phase3_percent": 0.15, "phase3_color": "#c80000", "phase4_population": 0, "phase4_percent": 0.0, "phase4_color": "#640000", "phase5_population": 0, "phase5_percent": 0, "phase5_color": "#640000" }, "geometry": { "type": "GeometryCollection", "geometries": [ { "type": "MultiPolygon", "coordinates": [ [ [ [ 47.921, 8.0011 ], [ 48.131, 8.2111 ], [ 49.191, 8.0211 ], [ 49.0515, 7.7099 ], [ 49.031, 7.7111 ], [ 48.5315, 7.4284 ], [ 48.502093648, 7.411816746 ], [ 48.502092994, 7.41181847 ], [ 48.501, 7.4112 ], [ 48.495324148, 7.412108112 ], [ 48.495196489, 7.412128537 ], [ 47.5591, 7.5619 ], [ 47.9872, 8.0011 ], [ 47.921, 8.0011 ] ] ] ] } ] } },
{ "type": "Feature", "properties": { "area_id": "69455905", "confidence_level": 0, "ipc_period": "C", "overall_phase": 3, "population_min": "690", "population_percentage_min": "0.2", "justification": "", "prolonged_crisis": false, "population_phase_worse": null, "population_percentage_phase_worse": null, "analysis_id": "69455744", "admin_type": null, "area_name": "Burtinle idps", "view_level": "area", "hide_settlement_labels": false, "hide_area_labels": false, "hide_area_borders": false, "show_area_popups": true, "color": "#c80000", "estimated_population": "3471", "phase1_population": 1560, "phase1_percent": 0.45, "phase1_color": "#fae61e", "phase2_population": 1210, "phase2_percent": 0.35, "phase2_color": "#e67800", "phase3_population": 520, "phase3_percent": 0.15, "phase3_color": "#c80000", "phase4_population": 170, "phase4_percent": 0.05, "phase4_color": "#640000", "phase5_population": 0, "phase5_percent": 0, "phase5_color": "#640000" }, "geometry": { "type": "MultiPoint", "coordinates": [ [ 47.8333, 7.6358 ] ] } },
{ "type": "Feature", "properties": { "area_id": "69456372", "confidence_level": 0, "ipc_period": "C", "overall_phase": 3, "population_min": "2480", "population_percentage_min": "0.55", "justification": "", "prolonged_crisis": false, "population_phase_worse": null, "population_percentage_phase_worse": null, "analysis_id": "69455744", "admin_type": null, "area_name": "Cadaado idps", "view_level": "area", "hide_settlement_labels": false, "hide_area_labels": false, "hide_area_borders": false, "show_area_popups": true, "color": "#c80000", "estimated_population": "4500", "phase1_population": 450, "phase1_percent": 0.1, "phase1_color": "#fae61e", "phase2_population": 1580, "phase2_percent": 0.35, "phase2_color": "#e67800", "phase3_population": 1800, "phase3_percent": 0.4, "phase3_color": "#c80000", "phase4_population": 680, "phase4_percent": 0.15, "phase4_color": "#640000", "phase5_population": 0, "phase5_percent": 0, "phase5_color": "#640000" }, "geometry": { "type": "MultiPoint", "coordinates": [ [ 46.6334, 6.133 ] ] } },
{ "type": "Feature", "properties": { "area_id": "69456171", "confidence_level": 0, "ipc_period": "C", "overall_phase": 3, "population_min": "5890", "population_percentage_min": "0.4", "justification": "", "prolonged_crisis": false, "population_phase_worse": null, "population_percentage_phase_worse": null, "analysis_id": "69455744", "admin_type": null, "area_name": "Cadaado urban", "view_level": "area", "hide_settlement_labels": false, "hide_area_labels": false, "hide_area_borders": false, "show_area_popups": true, "color": "#c80000", "estimated_population": "14720", "phase1_population": 2940, "phase1_percent": 0.2, "phase1_color": "#fae61e", "phase2_population": 5890, "phase2_percent": 0.4, "phase2_color": "#e67800", "phase3_population": 5150, "phase3_percent": 0.35, "phase3_color": "#c80000", "phase4_population": 740, "phase4_percent": 0.05, "phase4_color": "#640000", "phase5_population": 0, "phase5_percent": 0, "phase5_color": "#640000" }, "geometry": { "type": "MultiPoint", "coordinates": [ [ 46.6224, 6.1337 ] ] } },
{ "type": "Feature", "properties": { "area_id": "69455858", "confidence_level": 0, "ipc_period": "C", "overall_phase": 3, "population_min": "8270", "population_percentage_min": "0.2", "justification": "", "prolonged_crisis": false, "population_phase_worse": null, "population_percentage_phase_worse": null, "analysis_id": "69455744", "admin_type": null, "area_name": "Cadale", "view_level": "area", "hide_settlement_labels": false, "hide_area_labels": false, "hide_area_borders": false, "show_area_popups": true, "color": "#c80000", "estimated_population": "41321", "phase1_population": 22730, "phase1_percent": 0.55, "phase1_color": "#fae61e", "phase2_population": 10330, "phase2_percent": 0.25, "phase2_color": "#e67800", "phase3_population": 6200, "phase3_percent": 0.15, "phase3_color": "#c80000", "phase4_population": 2070, "phase4_percent": 0.05, "phase4_color": "#640000", "phase5_population": 0, "phase5_percent": 0, "phase5_color": "#640000" }, "geometry": { "type": "GeometryCollection", "geometries": [ { "type": "MultiPolygon", "coordinates": [ [ [ [ 46.0615, 2.6423 ], [ 46.2595, 2.9 ], [ 46.4918, 3.1151 ], [ 46.6639, 3.3141 ], [ 46.7553, 3.1536 ], [ 46.5767, 2.9734 ], [ 46.3462, 2.7882 ], [ 46.2838, 2.7012 ], [ 46.1297, 2.5541 ], [ 46.0615, 2.6423 ] ] ] ] } ] } },
{ "type": "Feature", "properties": { "area_id": "69455951", "confidence_level": 0, "ipc_period": "C", "overall_phase": 3, "population_min": "2960", "population_percentage_min": "0.35", "justification": "", "prolonged_crisis": false, "population_phase_worse": null, "population_percentage_phase_worse": null, "analysis_id": "69455744", "admin_type": null, "area_name": "Ceel barde urban", "view_level": "area", "hide_settlement_labels": false, "hide_area_labels": false, "hide_area_borders": false, "show_area_popups": true, "color": "#c80000", "estimated_population": "8445", "phase1_population": 3380, "phase1_percent": 0.4, "phase1_color": "#fae61e", "phase2_population": 2110, "phase2_percent": 0.25, "phase2_color": "#e67800", "phase3_population": 1690, "phase3_percent": 0.2, "phase3_color": "#c80000", "phase4_population": 1270, "phase4_percent": 0.15, "phase4_color": "#640000", "phase5_population": 0, "phase5_percent": 0, "phase5_color": "#640000" }, "geometry": { "type": "MultiPoint", "coordinates": [ [ 43.6572, 4.8254 ] ] } },
{ "type": "Feature", "properties": { "area_id": "69456215", "confidence_level": 0, "ipc_period": "C", "overall_phase": 2, "population_min": "770", "population_percentage_min": "0.1", "justification": "", "prolonged_crisis": false, "population_phase_worse": null, "population_percentage_phase_worse": null, "analysis_id": "69455744", "admin_type": null, "area_name": "Ceel waaq urban", "view_level": "area", "hide_settlement_labels": false, "hide_area_labels": false, "hide_area_borders": false, "show_area_popups": true, "color": "#e67800", "estimated_population": "7699", "phase1_population": 4230, "phase1_percent": 0.55, "phase1_color": "#fae61e", "phase2_population": 2690, "phase2_percent": 0.35, "phase2_color": "#e67800", "phase3_population": 770, "phase3_percent": 0.1, "phase3_color": "#c80000", "phase4_population": 0, "phase4_percent": 0.0, "phase4_color": "#640000", "phase5_population": 0, "phase5_percent": 0, "phase5_color": "#640000" }, "geometry": { "type": "MultiPoint", "coordinates": [ [ 41.0128, 2.7905 ] ] } },
{ "type": "Feature", "properties": { "area_id": "69456061", "confidence_level": 0, "ipc_period": "C", "overall_phase": 3, "population_min": "29570", "population_percentage_min": "0.35", "justification": "", "prolonged_crisis": false, "population_phase_worse": null, "population_percentage_phase_worse": null, "analysis_id": "69455744", "admin_type": null, "area_name": "Buur hakaba", "view_level": "area", "hide_settlement_labels": false, "hide_area_labels": false, "hide_area_borders": false, "show_area_popups": true, "color": "#c80000", "estimated_population": "84467", "phase1_population": 25340, "phase1_percent": 0.3, "phase1_color": "#fae61e", "phase2_population": 29560, "phase2_percent": 0.35, "phase2_color": "#e67800", "phase3_population": 21120, "phase3_percent": 0.25, "phase3_color": "#c80000", "phase4_population": 8450, "phase4_percent": 0.1, "phase4_color": "#640000", "phase5_population": 0, "phase5_percent": 0, "phase5_color": "#640000" }, "geometry": { "type": "GeometryCollection", "geometries": [ { "type": "MultiPolygon", "coordinates": [ [ [ [ 44.6513, 2.8611 ], [ 44.625294876, 2.779995898 ], [ 44.62523208, 2.779737593 ], [ 44.608612761, 2.733716487 ], [ 44.589170049, 2.679877031 ], [ 44.515398041, 2.548726794 ], [ 44.33847106, 2.303611432 ], [ 44.321435554, 2.26613332 ], [ 44.297634887, 2.213771852 ], [ 44.150624665, 2.091263334 ], [ 44.04858286, 2.043058949 ], [ 43.859930083, 1.953939681 ], [ 43.682558294, 1.870149533 ], [ 43.6813, 1.8695 ], [ 43.640363997, 1.842279397 ], [ 43.603419952, 1.817660977 ], [ 43.578918248, 1.76090292 ], [ 43.577963887, 1.760424999 ], [ 43.5452, 1.7438 ], [ 43.5809, 1.7617 ], [ 43.5854, 1.7635 ], [ 43.3421, 1.6423 ], [ 43.3168, 1.6208 ], [ 43.1524, 1.5475 ], [ 43.3109, 1.6267 ], [ 43.3109, 1.8117 ], [ 43.301124161, 1.826571966 ], [ 43.261561341, 1.886655576 ], [ 43.261605355, 1.886691853 ], [ 43.313608083, 1.929553798 ], [ 43.454391821, 1.971411884 ], [ 43.626879299, 2.022696185 ], [ 43.758937179, 2.091159313 ], [ 43.8487, 2.1377 ], [ 43.873671378, 2.171228548 ], [ 43.91288595, 2.223909917 ], [ 43.869985121, 2.342302433 ], [ 43.6951, 2.3709 ], [ 43.570640411, 2.331086543 ], [ 43.548808209, 2.324099593 ], [ 43.413124793, 2.248237445 ], [ 43.2505068, 2.157315869 ], [ 43.250491215, 2.157307155 ], [ 43.299337873, 2.271271252 ], [ 43.350925445, 2.391630172 ], [ 43.530929565, 2.65160656 ], [ 43.826033077, 2.944572287 ], [ 43.826043049, 2.944582186 ], [ 43.826054209, 2.944554582 ], [ 43.850460052, 2.884185076 ], [ 43.856681824, 2.812231064 ], [ 43.850567877, 2.746740829 ], [ 43.844421386, 2.680902004 ], [ 43.892341614, 2.561089993 ], [ 43.924610324, 2.52799636 ], [ 43.924805072, 2.527927689 ], [ 44.033482021, 2.49746168 ], [ 44.167376423, 2.459926322 ], [ 44.16851631, 2.459606772 ], [ 44.2186, 2.4804 ], [ 44.218826844, 2.480523852 ], [ 44.306638671, 2.535704546 ], [ 44.3069, 2.5359 ], [ 44.307060421, 2.536082654 ], [ 44.380168915, 2.64567709 ], [ 44.409889221, 2.812804937 ], [ 44.408378772, 2.847165934 ], [ 44.4055, 2.9122 ], [ 44.3746, 2.9967 ], [ 44.2755, 3.1099 ], [ 44.273665425, 3.11030958 ], [ 44.194735284, 3.126033802 ], [ 44.126497149, 3.139627996 ], [ 44.125839233, 3.139759064 ], [ 44.042717706, 3.133527963 ], [ 44.042553395, 3.133515646 ], [ 44.280905142, 3.341508571 ], [ 44.280944824, 3.341543198 ], [ 44.383400407, 3.278501673 ], [ 44.4109, 3.2616 ], [ 44.511249334, 3.26656481 ], [ 44.610954285, 3.271549463 ], [ 44.626807725, 3.265208526 ], [ 44.660953522, 3.251551151 ], [ 44.661021557, 3.251003683 ], [ 44.661126512, 3.250159114 ], [ 44.674402445, 3.143328997 ], [ 44.6757, 3.135 ], [ 44.6877, 3.0366 ], [ 44.6602, 2.9039 ], [ 44.6513, 2.8611 ] ] ] ] } ] } },
{ "type": "Feature", "properties": { "area_id": "69456083", "confidence_level": 0, "ipc_period": "C", "overall_phase": 2, "population_min": "4640", "population_percentage_min": "0.1", "justification": "", "prolonged_crisis": false, "population_phase_worse": null, "population_percentage_phase_worse": null, "analysis_id": "69455744", "admin_type": null, "area_name": "Garbahaarey urban", "view_level": "area", "hide_settlement_labels": false, "hide_area_labels": false, "hide_area_borders": false, "show_area_popups": true, "color": "#e67800", "estimated_population": "46384", "phase1_population": 25510, "phase1_percent": 0.55, "phase1_color": "#fae61e", "phase2_population": 16230, "phase2_percent": 0.35, "phase2_color": "#e67800", "phase3_population": 4640, "phase3_percent": 0.1, "phase3_color": "#c80000", "phase4_population": 0, "phase4_percent": 0.0, "phase4_color": "#640000", "phase5_population": 0, "phase5_percent": 0, "phase5_color": "#640000" }, "geometry": { "type": "MultiPoint", "coordinates": [ [ 42.2135, 3.3262 ] ] } },
{ "type": "Feature", "properties": { "area_id": "69456189", "confidence_level": 0, "ipc_period": "C", "overall_phase": 2, "population_min": "0", "population_percentage_min": "0", "justification": "", "prolonged_crisis": false, "population_phase_worse": null, "population_percentage_phase_worse": null, "analysis_id": "69455744", "admin_type": null, "area_name": "Baraawe urban", "view_level": "area", "hide_settlement_labels": false, "hide_area_labels": false, "hide_area_borders": false, "show_area_popups": true, "color": "#e67800", "estimated_population": "4055", "phase1_population": 3240, "phase1_percent": 0.8, "phase1_color": "#fae61e", "phase2_population": 810, "phase2_percent": 0.2, "phase2_color": "#e67800", "phase3_population": 0, "phase3_percent": 0.0, "phase3_color": "#c80000", "phase4_population": 0, "phase4_percent": 0.0, "phase4_color": "#640000", "phase5_population": 0, "phase5_percent": 0, "phase5_color": "#640000" }, "geometry": { "type": "MultiPoint", "coordinates": [ [ 44.0153, 1.1051 ] ] } },
{ "type": "Feature", "properties": { "area_id": "69456348", "confidence_level": 0, "ipc_period": "C", "overall_phase": 3, "population_min": "21110", "population_percentage_min": "0.25", "justification": "", "prolonged_crisis": false, "population_phase_worse": null, "population_percentage_phase_worse": null, "analysis_id": "69455744", "admin_type": null, "area_name": "Buur hakaba (1)", "view_level": "area", "hide_settlement_labels": false, "hide_area_labels": false, "hide_area_borders": false, "show_area_popups": true, "color": "#c80000", "estimated_population": "84467", "phase1_population": 38010, "phase1_percent": 0.45, "phase1_color": "#fae61e", "phase2_population": 25340, "phase2_percent": 0.3, "phase2_color": "#e67800", "phase3_population": 16890, "phase3_percent": 0.2, "phase3_color": "#c80000", "phase4_population": 4220, "phase4_percent": 0.05, "phase4_color": "#640000", "phase5_population": 0, "phase5_percent": 0, "phase5_color": "#640000" }, "geometry": { "type": "GeometryCollection", "geometries": [ { "type": "MultiPolygon", "coordinates": [ [ [ [ 43.2616, 1.8867 ], [ 43.2009, 2.0417 ], [ 43.2505, 2.1573 ], [ 43.2505068, 2.157315869 ], [ 43.413124793, 2.248237445 ], [ 43.548808209, 2.324099593 ], [ 43.570640411, 2.331086543 ], [ 43.6951, 2.3709 ], [ 43.869985121, 2.342302433 ], [ 43.91288595, 2.223909917 ], [ 43.873671378, 2.171228548 ], [ 43.8487, 2.1377 ], [ 43.758937179, 2.091159313 ], [ 43.626879299, 2.022696185 ], [ 43.454391821, 1.971411884 ], [ 43.313608083, 1.929553798 ], [ 43.261605355, 1.886691853 ], [ 43.2616, 1.8867 ] ] ], [ [ [ 43.826, 2.9446 ], [ 44.0426, 3.1335 ], [ 44.042717706, 3.133527963 ], [ 44.125839233, 3.139759064 ], [ 44.126497149, 3.139627996 ], [ 44.194735284, 3.126033802 ], [ 44.273665425, 3.11030958 ], [ 44.2755, 3.1099 ], [ 44.3746, 2.9967 ], [ 44.4055, 2.9122 ], [ 44.408378772, 2.847165934 ], [ 44.409889221, 2.812804937 ], [ 44.380168915, 2.64567709 ], [ 44.307060421, 2.536082654 ], [ 44.3069, 2.5359 ], [ 44.306638671, 2.535704546 ], [ 44.218826844, 2.480523852 ], [ 44.2186, 2.4804 ], [ 44.16851631, 2.459606772 ], [ 44.167376423, 2.459926322 ], [ 44.033482021, 2.49746168 ], [ 43.924805072, 2.527927689 ], [ 43.924610324, 2.52799636 ], [ 43.892341614, 2.561089993 ], [ 43.844421386, 2.680902004 ], [ 43.850567877, 2.746740829 ], [ 43.856681824, 2.812231064 ], [ 43.850460052, 2.884185076 ], [ 43.826054209, 2.944554582 ], [ 43.826043049, 2.944582186 ], [ 43.826033077, 2.944572287 ], [ 43.826, 2.9446 ] ] ] ] } ] } },
{ "type": "Feature", "properties": { "area_id": "69456414", "confidence_level": 0, "ipc_period": "C", "overall_phase": 2, "population_min": "0", "population_percentage_min": "0", "justification": "", "prolonged_crisis": false, "population_phase_worse": null, "population_percentage_phase_worse": null, "analysis_id": "69455744", "admin_type": null, "area_name": "Kurtunwaarey urban", "view_level": "area", "hide_settlement_labels": false, "hide_area_labels": false, "hide_area_borders": false, "show_area_popups": true, "color": "#e67800", "estimated_population": "24912", "phase1_population": 19930, "phase1_percent": 0.8, "phase1_color": "#fae61e", "phase2_population": 4980, "phase2_percent": 0.2, "phase2_color": "#e67800", "phase3_population": 0, "phase3_percent": 0.0, "phase3_color": "#c80000", "phase4_population": 0, "phase4_percent": 0.0, "phase4_color": "#640000", "phase5_population": 0, "phase5_percent": 0, "phase5_color": "#640000" }, "geometry": { "type": "MultiPoint", "coordinates": [ [ 44.3284, 1.6055 ] ] } },
{ "type": "Feature", "properties": { "area_id": "69456023", "confidence_level": 0, "ipc_period": "C", "overall_phase": 2, "population_min": "7700", "population_percentage_min": "0.1", "justification": "", "prolonged_crisis": false, "population_phase_worse": null, "population_percentage_phase_worse": null, "analysis_id": "69455744", "admin_type": null, "area_name": "Laas caanood", "view_level": "area", "hide_settlement_labels": false, "hide_area_labels": false, "hide_area_borders": false, "show_area_popups": true, "color": "#e67800", "estimated_population": "77013", "phase1_population": 38510, "phase1_percent": 0.5, "phase1_color": "#fae61e", "phase2_population": 30810, "phase2_percent": 0.4, "phase2_color": "#e67800", "phase3_population": 7700, "phase3_percent": 0.1, "phase3_color": "#c80000", "phase4_population": 0, "phase4_percent": 0.0, "phase4_color": "#640000", "phase5_population": 0, "phase5_percent": 0, "phase5_color": "#640000" }, "geometry": { "type": "GeometryCollection", "geometries": [ { "type": "MultiPolygon", "coordinates": [ [ [ [ 48.1347, 8.3297 ], [ 48.051, 8.2411 ], [ 48.131, 8.2111 ], [ 47.921, 8.0011 ], [ 47.0128, 8.0011 ], [ 47.0945, 8.5196 ], [ 47.0681, 8.3305 ], [ 47.1223, 8.2984 ], [ 47.3347, 8.27 ], [ 47.541, 8.302 ], [ 47.6471, 8.2954 ], [ 47.7421, 8.2432 ], [ 47.8576, 8.2417 ], [ 47.9525, 8.3102 ], [ 48.1347, 8.3297 ] ] ] ] } ] } },
{ "type": "Feature", "properties": { "area_id": "69456133", "confidence_level": 0, "ipc_period": "C", "overall_phase": 2, "population_min": "14390", "population_percentage_min": "0.15", "justification": "", "prolonged_crisis": false, "population_phase_worse": null, "population_percentage_phase_worse": null, "analysis_id": "69455744", "admin_type": null, "area_name": "Laasqoray", "view_level": "area", "hide_settlement_labels": false, "hide_area_labels": false, "hide_area_borders": false, "show_area_popups": true, "color": "#e67800", "estimated_population": "95909", "phase1_population": 33570, "phase1_percent": 0.35, "phase1_color": "#fae61e", "phase2_population": 47950, "phase2_percent": 0.5, "phase2_color": "#e67800", "phase3_population": 14390, "phase3_percent": 0.15, "phase3_color": "#c80000", "phase4_population": 0, "phase4_percent": 0.0, "phase4_color": "#640000", "phase5_population": 0, "phase5_percent": 0, "phase5_color": "#640000" }, "geometry": { "type": "GeometryCollection", "geometries": [ { "type": "MultiPolygon", "coordinates": [ [ [ [ 49.0411, 10.3509 ], [ 49.0611, 9.571 ], [ 48.579500315, 9.542109797 ], [ 48.611, 10.5209 ], [ 48.431, 10.6509 ], [ 48.3923, 10.7051 ], [ 48.7185, 10.6397 ], [ 48.9349, 10.6511 ], [ 49.0322, 10.7299 ], [ 49.0411, 10.3509 ] ] ] ] } ] } },
{ "type": "Feature", "properties": { "area_id": "69456263", "confidence_level": 0, "ipc_period": "C", "overall_phase": 2, "population_min": "8710", "population_percentage_min": "0.15", "justification": "", "prolonged_crisis": false, "population_phase_worse": null, "population_percentage_phase_worse": null, "analysis_id": "69455744", "admin_type": null, "area_name": "Lughaye", "view_level": "area", "hide_settlement_labels": false, "hide_area_labels": false, "hide_area_borders": false, "show_area_popups": true, "color": "#e67800", "estimated_population": "58056", "phase1_population": 29030, "phase1_percent": 0.5, "phase1_color": "#fae61e", "phase2_population": 20320, "phase2_percent": 0.35, "phase2_color": "#e67800", "phase3_population": 8710, "phase3_percent": 0.15, "phase3_color": "#c80000", "phase4_population": 0, "phase4_percent": 0.0, "phase4_color": "#640000", "phase5_population": 0, "phase5_percent": 0, "phase5_color": "#640000" }, "geometry": { "type": "GeometryCollection", "geometries": [ { "type": "MultiPolygon", "coordinates": [ [ [ [ 43.2209, 10.5009 ], [ 43.1309, 10.6909 ], [ 43.6991, 10.9357 ], [ 43.858, 10.7683 ], [ 44.0737, 10.5983 ], [ 43.7908, 10.4979 ], [ 43.7115, 10.4983 ], [ 43.5474, 10.4116 ], [ 43.4609, 10.3809 ], [ 43.3909, 10.4109 ], [ 43.3709, 10.5309 ], [ 43.2209, 10.5009 ] ] ] ] } ] } },
{ "type": "Feature", "properties": { "area_id": "69456235", "confidence_level": 0, "ipc_period": "C", "overall_phase": 2, "population_min": "4630", "population_percentage_min": "0.1", "justification": "", "prolonged_crisis": false, "population_phase_worse": null, "population_percentage_phase_worse": null, "analysis_id": "69455744", "admin_type": null, "area_name": "Afmadow (3)", "view_level": "area", "hide_settlement_labels": false, "hide_area_labels": false, "hide_area_borders": false, "show_area_popups": true, "color": "#e67800", "estimated_population": "46319", "phase1_population": 23160, "phase1_percent": 0.5, "phase1_color": "#fae61e", "phase2_population": 18530, "phase2_percent": 0.4, "phase2_color": "#e67800", "phase3_population": 4630, "phase3_percent": 0.1, "phase3_color": "#c80000", "phase4_population": 0, "phase4_percent": 0.0, "phase4_color": "#640000", "phase5_population": 0, "phase5_percent": 0, "phase5_color": "#640000" }, "geometry": { "type": "GeometryCollection", "geometries": [ { "type": "MultiPolygon", "coordinates": [ [ [ [ 42.547756992, 0.971131858 ], [ 42.5451, 0.9731 ], [ 42.5318, 0.9615 ], [ 42.5234, 0.951 ], [ 42.5015, 0.8822 ], [ 42.5328, 0.7935 ], [ 42.4863, 0.7559 ], [ 42.3775, 0.7911 ], [ 42.3157, 0.7604 ], [ 42.2101, 0.7604 ], [ 42.1176, 0.7295 ], [ 41.951, 0.7511 ], [ 41.9411, 0.8309 ], [ 41.9809, 0.9007 ], [ 42.0706, 0.9656 ], [ 42.0854, 0.9699 ], [ 42.112365126, 0.984377179 ], [ 42.183319093, 1.016177058 ], [ 42.286838532, 1.022941947 ], [ 42.263003648, 1.056598462 ], [ 42.262851715, 1.056813002 ], [ 42.268205108, 1.11278156 ], [ 42.268211365, 1.112846971 ], [ 42.268120714, 1.112906625 ], [ 42.248844352, 1.125591824 ], [ 42.221710206, 1.143447995 ], [ 42.173753272, 1.218585286 ], [ 42.159611891, 1.240741521 ], [ 42.117707591, 1.30639575 ], [ 42.117698105, 1.306395127 ], [ 42.1177, 1.3064 ], [ 42.1389, 1.3078 ], [ 42.2009, 1.3117 ], [ 42.4235, 1.3214 ], [ 42.4402, 1.2938 ], [ 42.5477, 0.9714 ], [ 42.547700054, 0.971399744 ], [ 42.5478, 0.9711 ], [ 42.547756992, 0.971131858 ] ] ] ] } ] } },
{ "type": "Feature", "properties": { "area_id": "69455821", "confidence_level": 0, "ipc_period": "C", "overall_phase": 3, "population_min": "4510", "population_percentage_min": "0.35", "justification": "", "prolonged_crisis": false, "population_phase_worse": null, "population_percentage_phase_worse": null, "analysis_id": "69455744", "admin_type": null, "area_name": "Xudun idps rural", "view_level": "area", "hide_settlement_labels": false, "hide_area_labels": false, "hide_area_borders": false, "show_area_popups": true, "color": "#c80000", "estimated_population": "12896", "phase1_population": 2580, "phase1_percent": 0.2, "phase1_color": "#fae61e", "phase2_population": 5800, "phase2_percent": 0.45, "phase2_color": "#e67800", "phase3_population": 3870, "phase3_percent": 0.3, "phase3_color": "#c80000", "phase4_population": 640, "phase4_percent": 0.05, "phase4_color": "#640000", "phase5_population": 0, "phase5_percent": 0, "phase5_color": "#640000" }, "geometry": { "type": "MultiPoint", "coordinates": [ [ 47.4791, 9.1532 ] ] } },
{ "type": "Feature", "properties": { "area_id": "69456458", "confidence_level": 0, "ipc_period": "C", "overall_phase": 2, "population_min": "920", "population_percentage_min": "0.15", "justification": "", "prolonged_crisis": false, "population_phase_worse": null, "population_percentage_phase_worse": null, "analysis_id": "69455744", "admin_type": null, "area_name": "Xudun urban", "view_level": "area", "hide_settlement_labels": false, "hide_area_labels": false, "hide_area_borders": false, "show_area_popups": true, "color": "#e67800", "estimated_population": "6137", "phase1_population": 2450, "phase1_percent": 0.4, "phase1_color": "#fae61e", "phase2_population": 2760, "phase2_percent": 0.45, "phase2_color": "#e67800", "phase3_population": 920, "phase3_percent": 0.15, "phase3_color": "#c80000", "phase4_population": 0, "phase4_percent": 0.0, "phase4_color": "#640000", "phase5_population": 0, "phase5_percent": 0, "phase5_color": "#640000" }, "geometry": { "type": "MultiPoint", "coordinates": [ [ 47.4766, 9.153 ] ] } },
{ "type": "Feature", "properties": { "area_id": "69456141", "confidence_level": 0, "ipc_period": "C", "overall_phase": 3, "population_min": "14770", "population_percentage_min": "0.35", "justification": "", "prolonged_crisis": false, "population_phase_worse": null, "population_percentage_phase_worse": null, "analysis_id": "69455744", "admin_type": null, "area_name": "Xudur", "view_level": "area", "hide_settlement_labels": false, "hide_area_labels": false, "hide_area_borders": false, "show_area_popups": true, "color": "#c80000", "estimated_population": "42189", "phase1_population": 12660, "phase1_percent": 0.3, "phase1_color": "#fae61e", "phase2_population": 14770, "phase2_percent": 0.35, "phase2_color": "#e67800", "phase3_population": 10550, "phase3_percent": 0.25, "phase3_color": "#c80000", "phase4_population": 4220, "phase4_percent": 0.1, "phase4_color": "#640000", "phase5_population": 0, "phase5_percent": 0, "phase5_color": "#640000" }, "geometry": { "type": "GeometryCollection", "geometries": [ { "type": "MultiPolygon", "coordinates": [ [ [ [ 44.2909, 4.4314 ], [ 44.2909, 3.9281 ], [ 43.9964, 4.011 ], [ 43.8063, 4.0488 ], [ 43.6949, 3.9875 ], [ 43.6309, 4.0515 ], [ 43.2829, 4.479 ], [ 43.509, 4.4701 ], [ 44.2909, 4.4314 ] ] ] ] } ] } },
{ "type": "Feature", "properties": { "area_id": "69456281", "confidence_level": 0, "ipc_period": "C", "overall_phase": 3, "population_min": "3050", "population_percentage_min": "0.25", "justification": "", "prolonged_crisis": false, "population_phase_worse": null, "population_percentage_phase_worse": null, "analysis_id": "69455744", "admin_type": null, "area_name": "Bu'aale (1)", "view_level": "area", "hide_settlement_labels": false, "hide_area_labels": false, "hide_area_borders": false, "show_area_popups": true, "color": "#c80000", "estimated_population": "12213", "phase1_population": 3660, "phase1_percent": 0.3, "phase1_color": "#fae61e", "phase2_population": 5500, "phase2_percent": 0.45, "phase2_color": "#e67800", "phase3_population": 2440, "phase3_percent": 0.2, "phase3_color": "#c80000", "phase4_population": 610, "phase4_percent": 0.05, "phase4_color": "#640000", "phase5_population": 0, "phase5_percent": 0, "phase5_color": "#640000" }, "geometry": { "type": "GeometryCollection", "geometries": [ { "type": "MultiPolygon", "coordinates": [ [ [ [ 42.5477, 0.9714 ], [ 42.4402, 1.2938 ], [ 42.5003, 1.1739 ], [ 42.5477, 0.9714 ] ] ], [ [ [ 43.0743, 1.3233 ], [ 42.9707, 1.2646 ], [ 42.8905, 1.2612 ], [ 42.6931, 1.3404 ], [ 42.5549, 1.3226 ], [ 42.5279, 1.4997 ], [ 42.9533, 1.4824 ], [ 42.9809, 1.4617 ], [ 43.0743, 1.3233 ] ] ], [ [ [ 42.1389, 1.3078 ], [ 42.2309, 1.5117 ], [ 42.375, 1.5059 ], [ 42.3851, 1.3964 ], [ 42.4235, 1.3214 ], [ 42.2009, 1.3117 ], [ 42.1389, 1.3078 ] ] ] ] } ] } },
{ "type": "Feature", "properties": { "area_id": "69455889", "confidence_level": 0, "ipc_period": "C", "overall_phase": 3, "population_min": "5360", "population_percentage_min": "0.2", "justification": "", "prolonged_crisis": false, "population_phase_worse": null, "population_percentage_phase_worse": null, "analysis_id": "69455744", "admin_type": null, "area_name": "Bu'aale (2)", "view_level": "area", "hide_settlement_labels": false, "hide_area_labels": false, "hide_area_borders": false, "show_area_popups": true, "color": "#c80000", "estimated_population": "26823", "phase1_population": 10730, "phase1_percent": 0.4, "phase1_color": "#fae61e", "phase2_population": 10730, "phase2_percent": 0.4, "phase2_color": "#e67800", "phase3_population": 5360, "phase3_percent": 0.2, "phase3_color": "#c80000", "phase4_population": 0, "phase4_percent": 0.0, "phase4_color": "#640000", "phase5_population": 0, "phase5_percent": 0, "phase5_color": "#640000" }, "geometry": { "type": "GeometryCollection", "geometries": [ { "type": "MultiPolygon", "coordinates": [ [ [ [ 42.5549, 1.3226 ], [ 42.6148, 1.2333 ], [ 42.6222, 1.0961 ], [ 42.6547, 0.9093 ], [ 42.7167, 0.7959 ], [ 42.6209, 0.7518 ], [ 42.5478, 0.9711 ], [ 42.5477, 0.9714 ], [ 42.5003, 1.1739 ], [ 42.4402, 1.2938 ], [ 42.4235, 1.3214 ], [ 42.3851, 1.3964 ], [ 42.375, 1.5059 ], [ 42.5279, 1.4997 ], [ 42.5549, 1.3226 ] ] ] ] } ] } },
{ "type": "Feature", "properties": { "area_id": "69455975", "confidence_level": 0, "ipc_period": "C", "overall_phase": 3, "population_min": "21560", "population_percentage_min": "0.3", "justification": "", "prolonged_crisis": false, "population_phase_worse": null, "population_percentage_phase_worse": null, "analysis_id": "69455744", "admin_type": null, "area_name": "Afmadow idps", "view_level": "area", "hide_settlement_labels": false, "hide_area_labels": false, "hide_area_borders": false, "show_area_popups": true, "color": "#c80000", "estimated_population": "71870", "phase1_population": 32340, "phase1_percent": 0.45, "phase1_color": "#fae61e", "phase2_population": 17970, "phase2_percent": 0.25, "phase2_color": "#e67800", "phase3_population": 14370, "phase3_percent": 0.2, "phase3_color": "#c80000", "phase4_population": 7190, "phase4_percent": 0.1, "phase4_color": "#640000", "phase5_population": 0, "phase5_percent": 0, "phase5_color": "#640000" }, "geometry": { "type": "MultiPoint", "coordinates": [ [ 42.049190521, 0.503607632 ] ] } },
{ "type": "Feature", "properties": { "area_id": "69455963", "confidence_level": 0, "ipc_period": "C", "overall_phase": 3, "population_min": "1890", "population_percentage_min": "0.3", "justification": "", "prolonged_crisis": false, "population_phase_worse": null, "population_percentage_phase_worse": null, "analysis_id": "69455744", "admin_type": null, "area_name": "Afmadow idps rural", "view_level": "area", "hide_settlement_labels": false, "hide_area_labels": false, "hide_area_borders": false, "show_area_popups": true, "color": "#c80000", "estimated_population": "6310", "phase1_population": 2840, "phase1_percent": 0.45, "phase1_color": "#fae61e", "phase2_population": 1580, "phase2_percent": 0.25, "phase2_color": "#e67800", "phase3_population": 1260, "phase3_percent": 0.2, "phase3_color": "#c80000", "phase4_population": 630, "phase4_percent": 0.1, "phase4_color": "#640000", "phase5_population": 0, "phase5_percent": 0, "phase5_color": "#640000" }, "geometry": { "type": "MultiPoint", "coordinates": [ [ 42.0753, 0.5036 ] ] } },
{ "type": "Feature", "properties": { "area_id": "69455830", "confidence_level": 0, "ipc_period": "C", "overall_phase": 2, "population_min": "480", "population_percentage_min": "0.1", "justification": "", "prolonged_crisis": false, "population_phase_worse": null, "population_percentage_phase_worse": null, "analysis_id": "69455744", "admin_type": null, "area_name": "Bu'aale (3)", "view_level": "area", "hide_settlement_labels": false, "hide_area_labels": false, "hide_area_borders": false, "show_area_popups": true, "color": "#e67800", "estimated_population": "4808", "phase1_population": 2400, "phase1_percent": 0.5, "phase1_color": "#fae61e", "phase2_population": 1920, "phase2_percent": 0.4, "phase2_color": "#e67800", "phase3_population": 480, "phase3_percent": 0.1, "phase3_color": "#c80000", "phase4_population": 0, "phase4_percent": 0.0, "phase4_color": "#640000", "phase5_population": 0, "phase5_percent": 0, "phase5_color": "#640000" }, "geometry": { "type": "MultiPoint", "coordinates": [ [ 42.753, 1.1792 ] ] } },
{ "type": "Feature", "properties": { "area_id": "69456265", "confidence_level": 0, "ipc_period": "C", "overall_phase": 3, "population_min": "720", "population_percentage_min": "0.2", "justification": "", "prolonged_crisis": false, "population_phase_worse": null, "population_percentage_phase_worse": null, "analysis_id": "69455744", "admin_type": null, "area_name": "Bu'aale (4)", "view_level": "area", "hide_settlement_labels": false, "hide_area_labels": false, "hide_area_borders": false, "show_area_popups": true, "color": "#c80000", "estimated_population": "3606", "phase1_population": 1440, "phase1_percent": 0.4, "phase1_color": "#fae61e", "phase2_population": 1440, "phase2_percent": 0.4, "phase2_color": "#e67800", "phase3_population": 720, "phase3_percent": 0.2, "phase3_color": "#c80000", "phase4_population": 0, "phase4_percent": 0.0, "phase4_color": "#640000", "phase5_population": 0, "phase5_percent": 0, "phase5_color": "#640000" }, "geometry": { "type": "MultiPoint", "coordinates": [ [ 42.8217, 1.0996 ] ] } },
{ "type": "Feature", "properties": { "area_id": "69456217", "confidence_level": 0, "ipc_period": "C", "overall_phase": 3, "population_min": "40", "population_percentage_min": "0.2", "justification": "", "prolonged_crisis": false, "population_phase_worse": null, "population_percentage_phase_worse": null, "analysis_id": "69455744", "admin_type": null, "area_name": "Laasqoray idps", "view_level": "area", "hide_settlement_labels": false, "hide_area_labels": false, "hide_area_borders": false, "show_area_popups": true, "color": "#c80000", "estimated_population": "221", "phase1_population": 90, "phase1_percent": 0.4, "phase1_color": "#fae61e", "phase2_population": 90, "phase2_percent": 0.4, "phase2_color": "#e67800", "phase3_population": 40, "phase3_percent": 0.2, "phase3_color": "#c80000", "phase4_population": 0, "phase4_percent": 0.0, "phase4_color": "#640000", "phase5_population": 0, "phase5_percent": 0, "phase5_color": "#640000" }, "geometry": { "type": "MultiPoint", "coordinates": [ [ 48.196, 11.1595 ] ] } },
{ "type": "Feature", "properties": { "area_id": "69456155", "confidence_level": 0, "ipc_period": "C", "overall_phase": 3, "population_min": "980", "population_percentage_min": "0.2", "justification": "", "prolonged_crisis": false, "population_phase_worse": null, "population_percentage_phase_worse": null, "analysis_id": "69455744", "admin_type": null, "area_name": "Laasqoray idps rural", "view_level": "area", "hide_settlement_labels": false, "hide_area_labels": false, "hide_area_borders": false, "show_area_popups": true, "color": "#c80000", "estimated_population": "4904", "phase1_population": 1960, "phase1_percent": 0.4, "phase1_color": "#fae61e", "phase2_population": 1960, "phase2_percent": 0.4, "phase2_color": "#e67800", "phase3_population": 980, "phase3_percent": 0.2, "phase3_color": "#c80000", "phase4_population": 0, "phase4_percent": 0.0, "phase4_color": "#640000", "phase5_population": 0, "phase5_percent": 0, "phase5_color": "#640000" }, "geometry": { "type": "MultiPoint", "coordinates": [ [ 48.1998, 11.1272 ] ] } },
{ "type": "Feature", "properties": { "area_id": "69455770", "confidence_level": 0, "ipc_period": "C", "overall_phase": 2, "population_min": "4000", "population_percentage_min": "0.15", "justification": "", "prolonged_crisis": false, "population_phase_worse": null, "population_percentage_phase_worse": null, "analysis_id": "69455744", "admin_type": null, "area_name": "Laasqoray urban", "view_level": "area", "hide_settlement_labels": false, "hide_area_labels": false, "hide_area_borders": false, "show_area_popups": true, "color": "#e67800", "estimated_population": "26683", "phase1_population": 14680, "phase1_percent": 0.55, "phase1_color": "#fae61e", "phase2_population": 8000, "phase2_percent": 0.3, "phase2_color": "#e67800", "phase3_population": 4000, "phase3_percent": 0.15, "phase3_color": "#c80000", "phase4_population": 0, "phase4_percent": 0.0, "phase4_color": "#640000", "phase5_population": 0, "phase5_percent": 0, "phase5_color": "#640000" }, "geometry": { "type": "MultiPoint", "coordinates": [ [ 48.1934, 11.1592 ] ] } },
{ "type": "Feature", "properties": { "area_id": "69456065", "confidence_level": 0, "ipc_period": "C", "overall_phase": 2, "population_min": "11550", "population_percentage_min": "0.15", "justification": "", "prolonged_crisis": false, "population_phase_worse": null, "population_percentage_phase_worse": null, "analysis_id": "69455744", "admin_type": null, "area_name": "Laas caanood (1)", "view_level": "area", "hide_settlement_labels": false, "hide_area_labels": false, "hide_area_borders": false, "show_area_popups": true, "color": "#e67800", "estimated_population": "77013", "phase1_population": 26950, "phase1_percent": 0.35, "phase1_color": "#fae61e", "phase2_population": 38510, "phase2_percent": 0.5, "phase2_color": "#e67800", "phase3_population": 11550, "phase3_percent": 0.15, "phase3_color": "#c80000", "phase4_population": 0, "phase4_percent": 0.0, "phase4_color": "#640000", "phase5_population": 0, "phase5_percent": 0, "phase5_color": "#640000" }, "geometry": { "type": "GeometryCollection", "geometries": [ { "type": "MultiPolygon", "coordinates": [ [ [ [ 46.9694, 8.755 ], [ 46.921, 8.7674 ], [ 46.920919872, 8.782604222 ], [ 46.920878312, 8.790490225 ], [ 46.9206, 8.8433 ], [ 48.041, 8.781 ], [ 48.561, 8.781 ], [ 48.1347, 8.3297 ], [ 47.9525, 8.3102 ], [ 47.8576, 8.2417 ], [ 47.7421, 8.2432 ], [ 47.6471, 8.2954 ], [ 47.541, 8.302 ], [ 47.3347, 8.27 ], [ 47.1223, 8.2984 ], [ 47.0681, 8.3305 ], [ 47.0945, 8.5196 ], [ 47.0915, 8.5791 ], [ 47.0629, 8.6335 ], [ 46.9694, 8.755 ] ] ] ] } ] } },
{ "type": "Feature", "properties": { "area_id": "69456462", "confidence_level": 0, "ipc_period": "C", "overall_phase": 2, "population_min": "4600", "population_percentage_min": "0.15", "justification": "", "prolonged_crisis": false, "population_phase_worse": null, "population_percentage_phase_worse": null, "analysis_id": "69455744", "admin_type": null, "area_name": "Laasqoray (1)", "view_level": "area", "hide_settlement_labels": false, "hide_area_labels": false, "hide_area_borders": false, "show_area_popups": true, "color": "#e67800", "estimated_population": "30666", "phase1_population": 16870, "phase1_percent": 0.55, "phase1_color": "#fae61e", "phase2_population": 9200, "phase2_percent": 0.3, "phase2_color": "#e67800", "phase3_population": 3070, "phase3_percent": 0.1, "phase3_color": "#c80000", "phase4_population": 1530, "phase4_percent": 0.05, "phase4_color": "#640000", "phase5_population": 0, "phase5_percent": 0, "phase5_color": "#640000" }, "geometry": { "type": "GeometryCollection", "geometries": [ { "type": "MultiPolygon", "coordinates": [ [ [ [ 49.0322, 10.7299 ], [ 48.9349, 10.6511 ], [ 48.7185, 10.6397 ], [ 48.3923, 10.7051 ], [ 47.981, 11.0408 ], [ 47.9098, 11.121 ], [ 48.1545, 11.13 ], [ 48.2427, 11.2053 ], [ 48.3611, 11.2706 ], [ 48.6631, 11.3234 ], [ 48.9189, 11.2398 ], [ 49.0311, 10.7809 ], [ 49.0322, 10.7299 ] ] ] ] } ] } },
{ "type": "Feature", "properties": { "area_id": "69456470", "confidence_level": 0, "ipc_period": "C", "overall_phase": 2, "population_min": "6750", "population_percentage_min": "0.15", "justification": "", "prolonged_crisis": false, "population_phase_worse": null, "population_percentage_phase_worse": null, "analysis_id": "69455744", "admin_type": null, "area_name": "Adan yabaal", "view_level": "area", "hide_settlement_labels": false, "hide_area_labels": false, "hide_area_borders": false, "show_area_popups": true, "color": "#e67800", "estimated_population": "45032", "phase1_population": 29270, "phase1_percent": 0.65, "phase1_color": "#fae61e", "phase2_population": 9010, "phase2_percent": 0.2, "phase2_color": "#e67800", "phase3_population": 4500, "phase3_percent": 0.1, "phase3_color": "#c80000", "phase4_population": 2250, "phase4_percent": 0.05, "phase4_color": "#640000", "phase5_population": 0, "phase5_percent": 0, "phase5_color": "#640000" }, "geometry": { "type": "GeometryCollection", "geometries": [ { "type": "MultiPolygon", "coordinates": [ [ [ [ 46.1188, 3.5107 ], [ 46.1764, 3.5954 ], [ 46.2636, 3.8202 ], [ 46.391, 3.8915 ], [ 46.8751, 3.5779 ], [ 46.6639, 3.3141 ], [ 46.1188, 3.5107 ] ] ] ] } ] } },
{ "type": "Feature", "properties": { "area_id": "69456456", "confidence_level": 0, "ipc_period": "C", "overall_phase": 2, "population_min": "3890", "population_percentage_min": "0.1", "justification": "", "prolonged_crisis": false, "population_phase_worse": null, "population_percentage_phase_worse": null, "analysis_id": "69455744", "admin_type": null, "area_name": "Afmadow (1)", "view_level": "area", "hide_settlement_labels": false, "hide_area_labels": false, "hide_area_borders": false, "show_area_popups": true, "color": "#e67800", "estimated_population": "38910", "phase1_population": 29180, "phase1_percent": 0.75, "phase1_color": "#fae61e", "phase2_population": 5840, "phase2_percent": 0.15, "phase2_color": "#e67800", "phase3_population": 3890, "phase3_percent": 0.1, "phase3_color": "#c80000", "phase4_population": 0, "phase4_percent": 0.0, "phase4_color": "#640000", "phase5_population": 0, "phase5_percent": 0, "phase5_color": "#640000" }, "geometry": { "type": "GeometryCollection", "geometries": [ { "type": "MultiPolygon", "coordinates": [ [ [ [ 42.5478, 0.9711 ], [ 42.566, 0.8853 ], [ 42.6388, 0.6242 ], [ 42.6325, 0.5271 ], [ 42.7154, 0.3153 ], [ 42.7022, 0.3 ], [ 42.5672, 0.3406 ], [ 42.4216, 0.3355 ], [ 42.3625, 0.2903 ], [ 42.3589, 0.1337 ], [ 42.4286, -0.0212 ], [ 42.1501, -0.0294 ], [ 42.150044907, -0.029353865 ], [ 42.0763, 0.0324 ], [ 41.9848, 0.1173 ], [ 41.9744301, 0.130461796 ], [ 41.9744043, 0.130485269 ], [ 41.974170707, 0.130421253 ], [ 41.9447, 0.1203 ], [ 41.9157, 0.1064 ], [ 41.877466015, 0.103919375 ], [ 41.772675289, 0.075201522 ], [ 41.7724, 0.0751 ], [ 41.772307232, 0.075119578 ], [ 41.675015003, 0.0822189 ], [ 41.6749, 0.0822 ], [ 41.6373, 0.0652 ], [ 41.5718, -0.0063 ], [ 41.549171107, -0.023370919 ], [ 41.549, -0.0235 ], [ 41.5141, -0.0274 ], [ 41.3755, 0.0099 ], [ 41.375229723, 0.009851658 ], [ 41.2894, -0.0055 ], [ 41.2516, -0.009 ], [ 41.216124165, -0.00571151 ], [ 41.216026899, -0.005702493 ], [ 41.216, -0.0057 ], [ 41.1948, 0.0065 ], [ 41.188727639, 0.02611074 ], [ 41.188702001, 0.026193539 ], [ 41.1887, 0.0262 ], [ 41.2078, 0.0896 ], [ 41.218217613, 0.104292318 ], [ 41.240680698, 0.135995298 ], [ 41.341593106, 0.218599203 ], [ 41.3165, 0.2157 ], [ 41.2935, 0.2172 ], [ 41.2244, 0.2459 ], [ 41.224379787, 0.24592045 ], [ 41.224369053, 0.245924905 ], [ 41.181808476, 0.28896451 ], [ 41.124707181, 0.295875787 ], [ 41.0968, 0.2948 ], [ 41.055728238, 0.30422468 ], [ 41.055437868, 0.304291311 ], [ 41.0554, 0.3043 ], [ 41.0576, 0.3413 ], [ 41.067244772, 0.360092391 ], [ 41.067286077, 0.360172872 ], [ 41.0673, 0.3602 ], [ 41.085329014, 0.36372096 ], [ 41.10976029, 0.368525296 ], [ 41.26169968, 0.588043571 ], [ 41.705581667, 0.952436924 ], [ 41.790976898, 0.998615206 ], [ 41.8218, 1.0153 ], [ 41.8376, 1.015 ], [ 41.878895653, 0.988802758 ], [ 41.970981599, 1.010429025 ], [ 42.070560456, 0.96564132 ], [ 42.112365126, 0.984377179 ], [ 42.0854, 0.9699 ], [ 42.0706, 0.9656 ], [ 41.9809, 0.9007 ], [ 41.9411, 0.8309 ], [ 41.951, 0.7511 ], [ 42.1176, 0.7295 ], [ 42.2101, 0.7604 ], [ 42.3157, 0.7604 ], [ 42.3775, 0.7911 ], [ 42.4863, 0.7559 ], [ 42.5328, 0.7935 ], [ 42.5015, 0.8822 ], [ 42.5234, 0.951 ], [ 42.5318, 0.9615 ], [ 42.5451, 0.9731 ], [ 42.547756992, 0.971131858 ], [ 42.5478, 0.9711 ] ] ] ] } ] } },
{ "type": "Feature", "properties": { "area_id": "69456153", "confidence_level": 0, "ipc_period": "C", "overall_phase": 3, "population_min": "7410", "population_percentage_min": "0.2", "justification": "", "prolonged_crisis": false, "population_phase_worse": null, "population_percentage_phase_worse": null, "analysis_id": "69455744", "admin_type": null, "area_name": "Afmadow (2)", "view_level": "area", "hide_settlement_labels": false, "hide_area_labels": false, "hide_area_borders": false, "show_area_popups": true, "color": "#c80000", "estimated_population": "37045", "phase1_population": 14820, "phase1_percent": 0.4, "phase1_color": "#fae61e", "phase2_population": 14820, "phase2_percent": 0.4, "phase2_color": "#e67800", "phase3_population": 7410, "phase3_percent": 0.2, "phase3_color": "#c80000", "phase4_population": 0, "phase4_percent": 0.0, "phase4_color": "#640000", "phase5_population": 0, "phase5_percent": 0, "phase5_color": "#640000" }, "geometry": { "type": "GeometryCollection", "geometries": [ { "type": "MultiPolygon", "coordinates": [ [ [ [ 42.6209, 0.7518 ], [ 42.6309, 0.7218 ], [ 42.72678294, 0.328679947 ], [ 42.7154, 0.3153 ], [ 42.6325, 0.5271 ], [ 42.6388, 0.6242 ], [ 42.566, 0.8853 ], [ 42.5478, 0.9711 ], [ 42.6209, 0.7518 ] ] ], [ [ [ 42.547700054, 0.971399744 ], [ 42.5477, 0.9714 ], [ 42.5478, 0.9711 ], [ 42.547700054, 0.971399744 ] ] ], [ [ [ 42.7022, 0.3 ], [ 42.5409, 0.1118 ], [ 42.5309, -0.0182 ], [ 42.4286, -0.0212 ], [ 42.3589, 0.1337 ], [ 42.3625, 0.2903 ], [ 42.4216, 0.3355 ], [ 42.5672, 0.3406 ], [ 42.7022, 0.3 ] ] ] ] } ] } },
{ "type": "Feature", "properties": { "area_id": "69456255", "confidence_level": 0, "ipc_period": "C", "overall_phase": 3, "population_min": "5150", "population_percentage_min": "0.4", "justification": "", "prolonged_crisis": false, "population_phase_worse": null, "population_percentage_phase_worse": null, "analysis_id": "69455744", "admin_type": null, "area_name": "Cabudwaaq urban", "view_level": "area", "hide_settlement_labels": false, "hide_area_labels": false, "hide_area_borders": false, "show_area_popups": true, "color": "#c80000", "estimated_population": "12884", "phase1_population": 2580, "phase1_percent": 0.2, "phase1_color": "#fae61e", "phase2_population": 5150, "phase2_percent": 0.4, "phase2_color": "#e67800", "phase3_population": 4510, "phase3_percent": 0.35, "phase3_color": "#c80000", "phase4_population": 640, "phase4_percent": 0.05, "phase4_color": "#640000", "phase5_population": 0, "phase5_percent": 0, "phase5_color": "#640000" }, "geometry": { "type": "MultiPoint", "coordinates": [ [ 46.2237, 6.2401 ] ] } },
{ "type": "Feature", "properties": { "area_id": "69456392", "confidence_level": 0, "ipc_period": "C", "overall_phase": 2, "population_min": "9210", "population_percentage_min": "0.15", "justification": "", "prolonged_crisis": false, "population_phase_worse": null, "population_percentage_phase_worse": null, "analysis_id": "69455744", "admin_type": null, "area_name": "Cadaado", "view_level": "area", "hide_settlement_labels": false, "hide_area_labels": false, "hide_area_borders": false, "show_area_popups": true, "color": "#e67800", "estimated_population": "61426", "phase1_population": 24570, "phase1_percent": 0.4, "phase1_color": "#fae61e", "phase2_population": 27640, "phase2_percent": 0.45, "phase2_color": "#e67800", "phase3_population": 6140, "phase3_percent": 0.1, "phase3_color": "#c80000", "phase4_population": 3070, "phase4_percent": 0.05, "phase4_color": "#640000", "phase5_population": 0, "phase5_percent": 0, "phase5_color": "#640000" }, "geometry": { "type": "GeometryCollection", "geometries": [ { "type": "MultiPolygon", "coordinates": [ [ [ [ 46.8773, 5.8332 ], [ 46.711, 5.8613 ], [ 46.671, 5.9313 ], [ 46.5242, 6.5001 ], [ 46.5414, 6.5178 ], [ 47.422035331, 6.321194853 ], [ 47.4246, 6.3108 ], [ 47.444571101, 6.303681711 ], [ 47.4371, 6.2481 ], [ 47.4271, 6.2089 ], [ 47.4042, 6.1841 ], [ 47.2891, 6.1535 ], [ 47.0914, 6.061 ], [ 47.0486, 6.0589 ], [ 46.8773, 5.8332 ] ] ] ] } ] } },
{ "type": "Feature", "properties": { "area_id": "69456233", "confidence_level": 0, "ipc_period": "C", "overall_phase": 2, "population_min": "1040", "population_percentage_min": "0.15", "justification": "", "prolonged_crisis": false, "population_phase_worse": null, "population_percentage_phase_worse": null, "analysis_id": "69455744", "admin_type": null, "area_name": "Bandarbeyla", "view_level": "area", "hide_settlement_labels": false, "hide_area_labels": false, "hide_area_borders": false, "show_area_popups": true, "color": "#e67800", "estimated_population": "6959", "phase1_population": 3480, "phase1_percent": 0.5, "phase1_color": "#fae61e", "phase2_population": 2440, "phase2_percent": 0.35, "phase2_color": "#e67800", "phase3_population": 1040, "phase3_percent": 0.15, "phase3_color": "#c80000", "phase4_population": 0, "phase4_percent": 0.0, "phase4_color": "#640000", "phase5_population": 0, "phase5_percent": 0, "phase5_color": "#640000" }, "geometry": { "type": "GeometryCollection", "geometries": [ { "type": "MultiPolygon", "coordinates": [ [ [ [ 50.1172, 8.3819 ], [ 50.2674, 8.6523 ], [ 50.3621, 8.8805 ], [ 50.5019, 9.0719 ], [ 50.631, 9.3763 ], [ 50.7129, 9.5332 ], [ 50.7782, 9.9193 ], [ 50.8787, 9.9209 ], [ 50.8525, 9.8556 ], [ 50.7997, 9.5616 ], [ 50.8476, 9.4667 ], [ 50.8112, 9.3856 ], [ 50.6561, 9.2045 ], [ 50.642, 9.078 ], [ 50.4445, 8.8942 ], [ 50.3331, 8.5519 ], [ 50.1757, 8.3296 ], [ 50.1172, 8.3819 ] ] ] ] } ] } },
{ "type": "Feature", "properties": { "area_id": "69455836", "confidence_level": 0, "ipc_period": "C", "overall_phase": 2, "population_min": "5910", "population_percentage_min": "0.15", "justification": "", "prolonged_crisis": false, "population_phase_worse": null, "population_percentage_phase_worse": null, "analysis_id": "69455744", "admin_type": null, "area_name": "Bandarbeyla (1)", "view_level": "area", "hide_settlement_labels": false, "hide_area_labels": false, "hide_area_borders": false, "show_area_popups": true, "color": "#e67800", "estimated_population": "39432", "phase1_population": 19720, "phase1_percent": 0.5, "phase1_color": "#fae61e", "phase2_population": 13800, "phase2_percent": 0.35, "phase2_color": "#e67800", "phase3_population": 5910, "phase3_percent": 0.15, "phase3_color": "#c80000", "phase4_population": 0, "phase4_percent": 0.0, "phase4_color": "#640000", "phase5_population": 0, "phase5_percent": 0, "phase5_color": "#640000" }, "geometry": { "type": "GeometryCollection", "geometries": [ { "type": "MultiPolygon", "coordinates": [ [ [ [ 50.0511, 8.4411 ], [ 49.9311, 8.4611 ], [ 49.9113, 8.4315 ], [ 49.8911, 8.4066 ], [ 49.8911, 9.031 ], [ 49.9211, 9.121 ], [ 50.0611, 9.281 ], [ 50.0911, 9.8109 ], [ 50.5111, 9.9109 ], [ 50.7782, 9.9193 ], [ 50.7129, 9.5332 ], [ 50.631, 9.3763 ], [ 50.5019, 9.0719 ], [ 50.3621, 8.8805 ], [ 50.2674, 8.6523 ], [ 50.1172, 8.3819 ], [ 50.1164, 8.3805 ], [ 50.0791, 8.416 ], [ 50.0511, 8.4411 ] ] ] ] } ] } },
{ "type": "Feature", "properties": { "area_id": "69456322", "confidence_level": 0, "ipc_period": "C", "overall_phase": 3, "population_min": "750", "population_percentage_min": "0.2", "justification": "", "prolonged_crisis": false, "population_phase_worse": null, "population_percentage_phase_worse": null, "analysis_id": "69455744", "admin_type": null, "area_name": "Bandarbeyla urban", "view_level": "area", "hide_settlement_labels": false, "hide_area_labels": false, "hide_area_borders": false, "show_area_popups": true, "color": "#c80000", "estimated_population": "3764", "phase1_population": 2070, "phase1_percent": 0.55, "phase1_color": "#fae61e", "phase2_population": 940, "phase2_percent": 0.25, "phase2_color": "#e67800", "phase3_population": 750, "phase3_percent": 0.2, "phase3_color": "#c80000", "phase4_population": 0, "phase4_percent": 0.0, "phase4_color": "#640000", "phase5_population": 0, "phase5_percent": 0, "phase5_color": "#640000" }, "geometry": { "type": "MultiPoint", "coordinates": [ [ 50.8062, 9.4933 ] ] } },
{ "type": "Feature", "properties": { "area_id": "69455797", "confidence_level": 0, "ipc_period": "C", "overall_phase": 3, "population_min": "1880", "population_percentage_min": "0.2", "justification": "", "prolonged_crisis": false, "population_phase_worse": null, "population_percentage_phase_worse": null, "analysis_id": "69455744", "admin_type": null, "area_name": "Ceerigaabo idps rural", "view_level": "area", "hide_settlement_labels": false, "hide_area_labels": false, "hide_area_borders": false, "show_area_popups": true, "color": "#c80000", "estimated_population": "9406", "phase1_population": 3760, "phase1_percent": 0.4, "phase1_color": "#fae61e", "phase2_population": 3760, "phase2_percent": 0.4, "phase2_color": "#e67800", "phase3_population": 1880, "phase3_percent": 0.2, "phase3_color": "#c80000", "phase4_population": 0, "phase4_percent": 0.0, "phase4_color": "#640000", "phase5_population": 0, "phase5_percent": 0, "phase5_color": "#640000" }, "geometry": { "type": "MultiPoint", "coordinates": [ [ 47.3861, 10.5674 ] ] } },
{ "type": "Feature", "properties": { "area_id": "69456069", "confidence_level": 0, "ipc_period": "C", "overall_phase": 2, "population_min": "9570", "population_percentage_min": "0.15", "justification": "", "prolonged_crisis": false, "population_phase_worse": null, "population_percentage_phase_worse": null, "analysis_id": "69455744", "admin_type": null, "area_name": "Ceerigaabo", "view_level": "area", "hide_settlement_labels": false, "hide_area_labels": false, "hide_area_borders": false, "show_area_popups": true, "color": "#e67800", "estimated_population": "63762", "phase1_population": 35070, "phase1_percent": 0.55, "phase1_color": "#fae61e", "phase2_population": 19130, "phase2_percent": 0.3, "phase2_color": "#e67800", "phase3_population": 6380, "phase3_percent": 0.1, "phase3_color": "#c80000", "phase4_population": 3190, "phase4_percent": 0.05, "phase4_color": "#640000", "phase5_population": 0, "phase5_percent": 0, "phase5_color": "#640000" }, "geometry": { "type": "GeometryCollection", "geometries": [ { "type": "MultiPolygon", "coordinates": [ [ [ [ 47.3132, 10.2423 ], [ 46.941, 10.6309 ], [ 46.7876, 10.8109 ], [ 47.0183, 10.9615 ], [ 47.1085, 10.9934 ], [ 47.1514, 11.0633 ], [ 47.4231, 11.1762 ], [ 47.5585, 11.1703 ], [ 47.6754, 11.0911 ], [ 47.8033, 11.1229 ], [ 47.9098, 11.121 ], [ 47.981, 11.0408 ], [ 48.3923, 10.7051 ], [ 48.0463, 10.765 ], [ 47.6932, 10.6796 ], [ 47.5337, 10.5657 ], [ 47.4255, 10.3321 ], [ 47.3132, 10.2423 ] ] ] ] } ] } },
{ "type": "Feature", "properties": { "area_id": "69456247", "confidence_level": 0, "ipc_period": "C", "overall_phase": 2, "population_min": "9340", "population_percentage_min": "0.15", "justification": "", "prolonged_crisis": false, "population_phase_worse": null, "population_percentage_phase_worse": null, "analysis_id": "69455744", "admin_type": null, "area_name": "Ceerigaabo (1)", "view_level": "area", "hide_settlement_labels": false, "hide_area_labels": false, "hide_area_borders": false, "show_area_popups": true, "color": "#e67800", "estimated_population": "62279", "phase1_population": 21800, "phase1_percent": 0.35, "phase1_color": "#fae61e", "phase2_population": 31140, "phase2_percent": 0.5, "phase2_color": "#e67800", "phase3_population": 9340, "phase3_percent": 0.15, "phase3_color": "#c80000", "phase4_population": 0, "phase4_percent": 0.0, "phase4_color": "#640000", "phase5_population": 0, "phase5_percent": 0, "phase5_color": "#640000" }, "geometry": { "type": "GeometryCollection", "geometries": [ { "type": "MultiPolygon", "coordinates": [ [ [ [ 48.3923, 10.7051 ], [ 48.431, 10.6509 ], [ 48.611, 10.5209 ], [ 48.579500315, 9.542109797 ], [ 48.5795, 9.5421 ], [ 48.079498202, 9.502466299 ], [ 48.061, 9.501 ], [ 47.416386057, 9.46192435 ], [ 47.1009, 9.4428 ], [ 47.361, 9.9109 ], [ 47.381, 10.1709 ], [ 47.3132, 10.2423 ], [ 47.4255, 10.3321 ], [ 47.5337, 10.5657 ], [ 47.6932, 10.6796 ], [ 48.0463, 10.765 ], [ 48.3923, 10.7051 ] ] ] ] } ] } },
{ "type": "Feature", "properties": { "area_id": "69456097", "confidence_level": 0, "ipc_period": "C", "overall_phase": 3, "population_min": "2900", "population_percentage_min": "0.2", "justification": "", "prolonged_crisis": false, "population_phase_worse": null, "population_percentage_phase_worse": null, "analysis_id": "69455744", "admin_type": null, "area_name": "Ceerigaabo idps", "view_level": "area", "hide_settlement_labels": false, "hide_area_labels": false, "hide_area_borders": false, "show_area_popups": true, "color": "#c80000", "estimated_population": "14520", "phase1_population": 5810, "phase1_percent": 0.4, "phase1_color": "#fae61e", "phase2_population": 5810, "phase2_percent": 0.4, "phase2_color": "#e67800", "phase3_population": 2900, "phase3_percent": 0.2, "phase3_color": "#c80000", "phase4_population": 0, "phase4_percent": 0.0, "phase4_color": "#640000", "phase5_population": 0, "phase5_percent": 0, "phase5_color": "#640000" }, "geometry": { "type": "MultiPoint", "coordinates": [ [ 47.3731, 10.6123 ] ] } },
{ "type": "Feature", "properties": { "area_id": "69456101", "confidence_level": 0, "ipc_period": "C", "overall_phase": 2, "population_min": "590", "population_percentage_min": "0.1", "justification": "", "prolonged_crisis": false, "population_phase_worse": null, "population_percentage_phase_worse": null, "analysis_id": "69455744", "admin_type": null, "area_name": "Sheikh urban", "view_level": "area", "hide_settlement_labels": false, "hide_area_labels": false, "hide_area_borders": false, "show_area_popups": true, "color": "#e67800", "estimated_population": "5899", "phase1_population": 2950, "phase1_percent": 0.5, "phase1_color": "#fae61e", "phase2_population": 2360, "phase2_percent": 0.4, "phase2_color": "#e67800", "phase3_population": 590, "phase3_percent": 0.1, "phase3_color": "#c80000", "phase4_population": 0, "phase4_percent": 0.0, "phase4_color": "#640000", "phase5_population": 0, "phase5_percent": 0, "phase5_color": "#640000" }, "geometry": { "type": "MultiPoint", "coordinates": [ [ 45.1869, 9.9256 ] ] } },
{ "type": "Feature", "properties": { "area_id": "69456356", "confidence_level": 0, "ipc_period": "C", "overall_phase": 3, "population_min": "420", "population_percentage_min": "0.35", "justification": "", "prolonged_crisis": false, "population_phase_worse": null, "population_percentage_phase_worse": null, "analysis_id": "69455744", "admin_type": null, "area_name": "Xudun idps", "view_level": "area", "hide_settlement_labels": false, "hide_area_labels": false, "hide_area_borders": false, "show_area_popups": true, "color": "#c80000", "estimated_population": "1204", "phase1_population": 240, "phase1_percent": 0.2, "phase1_color": "#fae61e", "phase2_population": 540, "phase2_percent": 0.45, "phase2_color": "#e67800", "phase3_population": 360, "phase3_percent": 0.3, "phase3_color": "#c80000", "phase4_population": 60, "phase4_percent": 0.05, "phase4_color": "#640000", "phase5_population": 0, "phase5_percent": 0, "phase5_color": "#640000" }, "geometry": { "type": "MultiPoint", "coordinates": [ [ 47.4603, 9.1906 ] ] } },
{ "type": "Feature", "properties": { "area_id": "69456430", "confidence_level": 0, "ipc_period": "C", "overall_phase": 3, "population_min": "2280", "population_percentage_min": "0.2", "justification": "", "prolonged_crisis": false, "population_phase_worse": null, "population_percentage_phase_worse": null, "analysis_id": "69455744", "admin_type": "urb", "area_name": "Qardho URBAN", "view_level": "area", "hide_settlement_labels": false, "hide_area_labels": false, "hide_area_borders": false, "show_area_popups": true, "color": "#c80000", "estimated_population": "11402", "phase1_population": 6270, "phase1_percent": 0.55, "phase1_color": "#fae61e", "phase2_population": 2850, "phase2_percent": 0.25, "phase2_color": "#e67800", "phase3_population": 2280, "phase3_percent": 0.2, "phase3_color": "#c80000", "phase4_population": 0, "phase4_percent": 0.0, "phase4_color": "#640000", "phase5_population": 0, "phase5_percent": 0, "phase5_color": "#640000" }, "geometry": { "type": "Point", "coordinates": [ 49.037731037, 9.434594606 ] } },
{ "type": "Feature", "properties": { "area_id": "69456111", "confidence_level": 0, "ipc_period": "C", "overall_phase": 3, "population_min": "660", "population_percentage_min": "0.25", "justification": "", "prolonged_crisis": false, "population_phase_worse": null, "population_percentage_phase_worse": null, "analysis_id": "69455744", "admin_type": null, "area_name": "Iskushuban IDPs_N", "view_level": "area", "hide_settlement_labels": false, "hide_area_labels": false, "hide_area_borders": false, "show_area_popups": true, "color": "#c80000", "estimated_population": "2640", "phase1_population": 1190, "phase1_percent": 0.45, "phase1_color": "#fae61e", "phase2_population": 790, "phase2_percent": 0.3, "phase2_color": "#e67800", "phase3_population": 400, "phase3_percent": 0.15, "phase3_color": "#c80000", "phase4_population": 260, "phase4_percent": 0.1, "phase4_color": "#640000", "phase5_population": 0, "phase5_percent": 0, "phase5_color": "#640000" }, "geometry": { "type": "Point", "coordinates": [ 50.163829669, 10.422611033 ] } },
{ "type": "Feature", "properties": { "area_id": "69456408", "confidence_level": 0, "ipc_period": "C", "overall_phase": 3, "population_min": "1010", "population_percentage_min": "0.2", "justification": "", "prolonged_crisis": false, "population_phase_worse": null, "population_percentage_phase_worse": null, "analysis_id": "69455744", "admin_type": null, "area_name": "Iskushuban urban", "view_level": "area", "hide_settlement_labels": false, "hide_area_labels": false, "hide_area_borders": false, "show_area_popups": true, "color": "#c80000", "estimated_population": "5036", "phase1_population": 2770, "phase1_percent": 0.55, "phase1_color": "#fae61e", "phase2_population": 1260, "phase2_percent": 0.25, "phase2_color": "#e67800", "phase3_population": 1010, "phase3_percent": 0.2, "phase3_color": "#c80000", "phase4_population": 0, "phase4_percent": 0.0, "phase4_color": "#640000", "phase5_population": 0, "phase5_percent": 0, "phase5_color": "#640000" }, "geometry": { "type": "MultiPoint", "coordinates": [ [ 50.2282, 10.2816 ] ] } },
{ "type": "Feature", "properties": { "area_id": "69455955", "confidence_level": 0, "ipc_period": "C", "overall_phase": 1, "population_min": "0", "population_percentage_min": "0", "justification": "", "prolonged_crisis": false, "population_phase_worse": null, "population_percentage_phase_worse": null, "analysis_id": "69455744", "admin_type": null, "area_name": "Jalalaqsi", "view_level": "area", "hide_settlement_labels": false, "hide_area_labels": false, "hide_area_borders": false, "show_area_popups": true, "color": "#fae61e", "estimated_population": "24170", "phase1_population": 20540, "phase1_percent": 0.85, "phase1_color": "#fae61e", "phase2_population": 3630, "phase2_percent": 0.15, "phase2_color": "#e67800", "phase3_population": 0, "phase3_percent": 0.0, "phase3_color": "#c80000", "phase4_population": 0, "phase4_percent": 0.0, "phase4_color": "#640000", "phase5_population": 0, "phase5_percent": 0, "phase5_color": "#640000" }, "geometry": { "type": "GeometryCollection", "geometries": [ { "type": "MultiPolygon", "coordinates": [ [ [ [ 45.4942, 3.5585 ], [ 45.4899, 3.4339 ], [ 45.4238, 3.2819 ], [ 45.3301, 3.2105 ], [ 45.3245, 3.2055 ], [ 45.297, 3.2035 ], [ 45.181, 3.5515 ], [ 45.4942, 3.5585 ] ] ], [ [ [ 46.091, 3.5715 ], [ 46.061, 3.5315 ], [ 46.0124, 3.4659 ], [ 45.9415, 3.2532 ], [ 45.9403, 3.2515 ], [ 45.879, 3.2469 ], [ 45.8169, 3.3711 ], [ 45.8126, 3.5656 ], [ 46.091, 3.5715 ] ] ] ] } ] } },
{ "type": "Feature", "properties": { "area_id": "69455840", "confidence_level": 0, "ipc_period": "C", "overall_phase": 2, "population_min": "0", "population_percentage_min": "0", "justification": "", "prolonged_crisis": false, "population_phase_worse": null, "population_percentage_phase_worse": null, "analysis_id": "69455744", "admin_type": null, "area_name": "Marka urban", "view_level": "area", "hide_settlement_labels": false, "hide_area_labels": false, "hide_area_borders": false, "show_area_popups": true, "color": "#e67800", "estimated_population": "132045", "phase1_population": 105640, "phase1_percent": 0.8, "phase1_color": "#fae61e", "phase2_population": 26410, "phase2_percent": 0.2, "phase2_color": "#e67800", "phase3_population": 0, "phase3_percent": 0.0, "phase3_color": "#c80000", "phase4_population": 0, "phase4_percent": 0.0, "phase4_color": "#640000", "phase5_population": 0, "phase5_percent": 0, "phase5_color": "#640000" }, "geometry": { "type": "MultiPoint", "coordinates": [ [ 44.7664, 1.7124 ] ] } },
{ "type": "Feature", "properties": { "area_id": "69456225", "confidence_level": 0, "ipc_period": "C", "overall_phase": 2, "population_min": "3540", "population_percentage_min": "0.15", "justification": "", "prolonged_crisis": false, "population_phase_worse": null, "population_percentage_phase_worse": null, "analysis_id": "69455744", "admin_type": null, "area_name": "Iskushuban (2)", "view_level": "area", "hide_settlement_labels": false, "hide_area_labels": false, "hide_area_borders": false, "show_area_popups": true, "color": "#e67800", "estimated_population": "23618", "phase1_population": 12990, "phase1_percent": 0.55, "phase1_color": "#fae61e", "phase2_population": 7090, "phase2_percent": 0.3, "phase2_color": "#e67800", "phase3_population": 2360, "phase3_percent": 0.1, "phase3_color": "#c80000", "phase4_population": 1180, "phase4_percent": 0.05, "phase4_color": "#640000", "phase5_population": 0, "phase5_percent": 0, "phase5_color": "#640000" }, "geometry": { "type": "GeometryCollection", "geometries": [ { "type": "MultiPolygon", "coordinates": [ [ [ [ 50.7782, 9.9193 ], [ 50.5111, 9.9109 ], [ 50.0911, 9.8109 ], [ 50.0111, 9.8109 ], [ 49.7011, 10.0209 ], [ 49.5611, 10.5009 ], [ 49.621846993, 10.511673605 ], [ 50.2084, 10.6157 ], [ 50.3607, 10.5782 ], [ 50.6147, 10.4556 ], [ 50.8105, 10.4029 ], [ 50.9341, 10.409 ], [ 50.8754, 10.347 ], [ 50.7782, 10.0146 ], [ 50.7782, 9.9193 ] ] ] ] } ] } },
{ "type": "Feature", "properties": { "area_id": "69456289", "confidence_level": 0, "ipc_period": "C", "overall_phase": 2, "population_min": "2490", "population_percentage_min": "0.15", "justification": "", "prolonged_crisis": false, "population_phase_worse": null, "population_percentage_phase_worse": null, "analysis_id": "69455744", "admin_type": null, "area_name": "Taleex urban", "view_level": "area", "hide_settlement_labels": false, "hide_area_labels": false, "hide_area_borders": false, "show_area_popups": true, "color": "#e67800", "estimated_population": "16606", "phase1_population": 6640, "phase1_percent": 0.4, "phase1_color": "#fae61e", "phase2_population": 7470, "phase2_percent": 0.45, "phase2_color": "#e67800", "phase3_population": 2490, "phase3_percent": 0.15, "phase3_color": "#c80000", "phase4_population": 0, "phase4_percent": 0.0, "phase4_color": "#640000", "phase5_population": 0, "phase5_percent": 0, "phase5_color": "#640000" }, "geometry": { "type": "MultiPoint", "coordinates": [ [ 48.4198, 9.1445 ] ] } },
{ "type": "Feature", "properties": { "area_id": "69456438", "confidence_level": 0, "ipc_period": "C", "overall_phase": 3, "population_min": "3020", "population_percentage_min": "0.35", "justification": "", "prolonged_crisis": false, "population_phase_worse": null, "population_percentage_phase_worse": null, "analysis_id": "69455744", "admin_type": null, "area_name": "Taleex IDP_N", "view_level": "area", "hide_settlement_labels": false, "hide_area_labels": false, "hide_area_borders": false, "show_area_popups": true, "color": "#c80000", "estimated_population": "8640", "phase1_population": 1730, "phase1_percent": 0.2, "phase1_color": "#fae61e", "phase2_population": 3890, "phase2_percent": 0.45, "phase2_color": "#e67800", "phase3_population": 2590, "phase3_percent": 0.3, "phase3_color": "#c80000", "phase4_population": 430, "phase4_percent": 0.05, "phase4_color": "#640000", "phase5_population": 0, "phase5_percent": 0, "phase5_color": "#640000" }, "geometry": { "type": "Point", "coordinates": [ 48.403270587, 9.149039097 ] } },
{ "type": "Feature", "properties": { "area_id": "69456450", "confidence_level": 0, "ipc_period": "C", "overall_phase": 2, "population_min": "0", "population_percentage_min": "0", "justification": "", "prolonged_crisis": false, "population_phase_worse": null, "population_percentage_phase_worse": null, "analysis_id": "69455744", "admin_type": null, "area_name": "Wanla weyn urban", "view_level": "area", "hide_settlement_labels": false, "hide_area_labels": false, "hide_area_borders": false, "show_area_popups": true, "color": "#e67800", "estimated_population": "55014", "phase1_population": 44010, "phase1_percent": 0.8, "phase1_color": "#fae61e", "phase2_population": 11000, "phase2_percent": 0.2, "phase2_color": "#e67800", "phase3_population": 0, "phase3_percent": 0.0, "phase3_color": "#c80000", "phase4_population": 0, "phase4_percent": 0.0, "phase4_color": "#640000", "phase5_population": 0, "phase5_percent": 0, "phase5_color": "#640000" }, "geometry": { "type": "MultiPoint", "coordinates": [ [ 44.888, 2.6165 ] ] } },
{ "type": "Feature", "properties": { "area_id": "69456109", "confidence_level": 0, "ipc_period": "C", "overall_phase": 2, "population_min": "7020", "population_percentage_min": "0.15", "justification": "", "prolonged_crisis": false, "population_phase_worse": null, "population_percentage_phase_worse": null, "analysis_id": "69455744", "admin_type": null, "area_name": "Xarardheere", "view_level": "area", "hide_settlement_labels": false, "hide_area_labels": false, "hide_area_borders": false, "show_area_popups": true, "color": "#e67800", "estimated_population": "46792", "phase1_population": 21060, "phase1_percent": 0.45, "phase1_color": "#fae61e", "phase2_population": 18720, "phase2_percent": 0.4, "phase2_color": "#e67800", "phase3_population": 4680, "phase3_percent": 0.1, "phase3_color": "#c80000", "phase4_population": 2340, "phase4_percent": 0.05, "phase4_color": "#640000", "phase5_population": 0, "phase5_percent": 0, "phase5_color": "#640000" }, "geometry": { "type": "GeometryCollection", "geometries": [ { "type": "MultiPolygon", "coordinates": [ [ [ [ 47.972057513, 5.103849658 ], [ 47.9178, 5.0088 ], [ 47.7966, 4.7852 ], [ 47.7082, 4.6372 ], [ 47.5478, 4.4692 ], [ 47.501, 4.4914 ], [ 47.5016, 4.4953 ], [ 47.608558679, 5.175866149 ], [ 47.608558962, 5.175866121 ], [ 47.757362578, 5.161465772 ], [ 47.855323741, 5.122281307 ], [ 47.972057513, 5.103849658 ] ] ] ] } ] } },
{ "type": "Feature", "properties": { "area_id": "69456376", "confidence_level": 0, "ipc_period": "C", "overall_phase": 3, "population_min": "4900", "population_percentage_min": "0.25", "justification": "", "prolonged_crisis": false, "population_phase_worse": null, "population_percentage_phase_worse": null, "analysis_id": "69455744", "admin_type": null, "area_name": "Xarardheere (1)", "view_level": "area", "hide_settlement_labels": false, "hide_area_labels": false, "hide_area_borders": false, "show_area_popups": true, "color": "#c80000", "estimated_population": "19614", "phase1_population": 6860, "phase1_percent": 0.35, "phase1_color": "#fae61e", "phase2_population": 7850, "phase2_percent": 0.4, "phase2_color": "#e67800", "phase3_population": 3920, "phase3_percent": 0.2, "phase3_color": "#c80000", "phase4_population": 980, "phase4_percent": 0.05, "phase4_color": "#640000", "phase5_population": 0, "phase5_percent": 0, "phase5_color": "#640000" }, "geometry": { "type": "GeometryCollection", "geometries": [ { "type": "MultiPolygon", "coordinates": [ [ [ [ 47.5478, 4.4692 ], [ 47.7082, 4.6372 ], [ 47.7966, 4.7852 ], [ 47.9178, 5.0088 ], [ 47.972057513, 5.103849658 ], [ 48.025007216, 5.095489179 ], [ 48.221, 5.0414 ], [ 48.2957, 5.0289 ], [ 48.1984, 4.885 ], [ 48.0088, 4.5385 ], [ 47.8346, 4.333 ], [ 47.5478, 4.4692 ] ] ] ] } ] } },
{ "type": "Feature", "properties": { "area_id": "69456466", "confidence_level": 0, "ipc_period": "C", "overall_phase": 3, "population_min": "5420", "population_percentage_min": "0.35", "justification": "", "prolonged_crisis": false, "population_phase_worse": null, "population_percentage_phase_worse": null, "analysis_id": "69455744", "admin_type": null, "area_name": "Xarardheere urban", "view_level": "area", "hide_settlement_labels": false, "hide_area_labels": false, "hide_area_borders": false, "show_area_popups": true, "color": "#c80000", "estimated_population": "15497", "phase1_population": 3870, "phase1_percent": 0.25, "phase1_color": "#fae61e", "phase2_population": 6200, "phase2_percent": 0.4, "phase2_color": "#e67800", "phase3_population": 4650, "phase3_percent": 0.3, "phase3_color": "#c80000", "phase4_population": 770, "phase4_percent": 0.05, "phase4_color": "#640000", "phase5_population": 0, "phase5_percent": 0, "phase5_color": "#640000" }, "geometry": { "type": "MultiPoint", "coordinates": [ [ 47.8553, 4.6529 ] ] } },
{ "type": "Feature", "properties": { "area_id": "69456181", "confidence_level": 0, "ipc_period": "C", "overall_phase": 2, "population_min": "11340", "population_percentage_min": "0.15", "justification": "", "prolonged_crisis": false, "population_phase_worse": null, "population_percentage_phase_worse": null, "analysis_id": "69455744", "admin_type": null, "area_name": "Xudun", "view_level": "area", "hide_settlement_labels": false, "hide_area_labels": false, "hide_area_borders": false, "show_area_popups": true, "color": "#e67800", "estimated_population": "75611", "phase1_population": 26460, "phase1_percent": 0.35, "phase1_color": "#fae61e", "phase2_population": 37810, "phase2_percent": 0.5, "phase2_color": "#e67800", "phase3_population": 11340, "phase3_percent": 0.15, "phase3_color": "#c80000", "phase4_population": 0, "phase4_percent": 0.0, "phase4_color": "#640000", "phase5_population": 0, "phase5_percent": 0, "phase5_color": "#640000" }, "geometry": { "type": "GeometryCollection", "geometries": [ { "type": "MultiPolygon", "coordinates": [ [ [ [ 48.041, 8.781 ], [ 46.9206, 8.8433 ], [ 46.911, 9.431 ], [ 47.1009, 9.4428 ], [ 47.416386057, 9.46192435 ], [ 48.061, 9.501 ], [ 48.079498202, 9.502466299 ], [ 48.041, 8.781 ] ] ] ] } ] } },
{ "type": "Feature", "properties": { "area_id": "69456095", "confidence_level": 0, "ipc_period": "C", "overall_phase": 2, "population_min": "3270", "population_percentage_min": "0.15", "justification": "", "prolonged_crisis": false, "population_phase_worse": null, "population_percentage_phase_worse": null, "analysis_id": "69455744", "admin_type": null, "area_name": "Afmadow urban", "view_level": "area", "hide_settlement_labels": false, "hide_area_labels": false, "hide_area_borders": false, "show_area_popups": true, "color": "#e67800", "estimated_population": "21832", "phase1_population": 14190, "phase1_percent": 0.65, "phase1_color": "#fae61e", "phase2_population": 4370, "phase2_percent": 0.2, "phase2_color": "#e67800", "phase3_population": 2180, "phase3_percent": 0.1, "phase3_color": "#c80000", "phase4_population": 1090, "phase4_percent": 0.05, "phase4_color": "#640000", "phase5_population": 0, "phase5_percent": 0, "phase5_color": "#640000" }, "geometry": { "type": "MultiPoint", "coordinates": [ [ 42.0763, 0.5182 ] ] } },
{ "type": "Feature", "properties": { "area_id": "69456157", "confidence_level": 0, "ipc_period": "C", "overall_phase": 3, "population_min": "6470", "population_percentage_min": "0.25", "justification": "", "prolonged_crisis": false, "population_phase_worse": null, "population_percentage_phase_worse": null, "analysis_id": "69455744", "admin_type": null, "area_name": "Baardheere", "view_level": "area", "hide_settlement_labels": false, "hide_area_labels": false, "hide_area_borders": false, "show_area_popups": true, "color": "#c80000", "estimated_population": "25899", "phase1_population": 11650, "phase1_percent": 0.45, "phase1_color": "#fae61e", "phase2_population": 7770, "phase2_percent": 0.3, "phase2_color": "#e67800", "phase3_population": 5180, "phase3_percent": 0.2, "phase3_color": "#c80000", "phase4_population": 1290, "phase4_percent": 0.05, "phase4_color": "#640000", "phase5_population": 0, "phase5_percent": 0, "phase5_color": "#640000" }, "geometry": { "type": "GeometryCollection", "geometries": [ { "type": "MultiPolygon", "coordinates": [ [ [ [ 42.3431, 1.9509 ], [ 42.3319, 2.0532 ], [ 42.2814, 2.087 ], [ 42.2555, 2.2297 ], [ 42.3594, 2.342 ], [ 42.3929, 2.4639 ], [ 42.3871, 2.5666 ], [ 42.4369, 2.6241 ], [ 42.4538, 2.7806 ], [ 42.5426, 2.751 ], [ 42.4009, 1.9517 ], [ 42.3431, 1.9509 ] ] ] ] } ] } },
{ "type": "Feature", "properties": { "area_id": "69455993", "confidence_level": 0, "ipc_period": "C", "overall_phase": 2, "population_min": "3020", "population_percentage_min": "0.1", "justification": "", "prolonged_crisis": false, "population_phase_worse": null, "population_percentage_phase_worse": null, "analysis_id": "69455744", "admin_type": null, "area_name": "Baardheere (1)", "view_level": "area", "hide_settlement_labels": false, "hide_area_labels": false, "hide_area_borders": false, "show_area_popups": true, "color": "#e67800", "estimated_population": "30215", "phase1_population": 19640, "phase1_percent": 0.65, "phase1_color": "#fae61e", "phase2_population": 7550, "phase2_percent": 0.25, "phase2_color": "#e67800", "phase3_population": 3020, "phase3_percent": 0.1, "phase3_color": "#c80000", "phase4_population": 0, "phase4_percent": 0.0, "phase4_color": "#640000", "phase5_population": 0, "phase5_percent": 0, "phase5_color": "#640000" }, "geometry": { "type": "GeometryCollection", "geometries": [ { "type": "MultiPolygon", "coordinates": [ [ [ [ 42.2296, 2.8554 ], [ 42.1497, 2.7508 ], [ 42.1885, 2.6526 ], [ 41.9444, 2.6319 ], [ 41.8911, 2.5426 ], [ 41.9034, 2.3706 ], [ 41.9593, 2.288 ], [ 42.05, 2.245 ], [ 42.047, 1.947 ], [ 41.6409, 1.9417 ], [ 41.4209, 1.2617 ], [ 40.9916, 1.2325 ], [ 40.9918, 2.3116 ], [ 41.7809, 2.3016 ], [ 41.9709, 2.9416 ], [ 42.2296, 2.8554 ] ] ] ] } ] } },
{ "type": "Feature", "properties": { "area_id": "69456320", "confidence_level": 0, "ipc_period": "C", "overall_phase": 2, "population_min": "430", "population_percentage_min": "0.1", "justification": "", "prolonged_crisis": false, "population_phase_worse": null, "population_percentage_phase_worse": null, "analysis_id": "69455744", "admin_type": null, "area_name": "Baardheere (2)", "view_level": "area", "hide_settlement_labels": false, "hide_area_labels": false, "hide_area_borders": false, "show_area_popups": true, "color": "#e67800", "estimated_population": "4316", "phase1_population": 3020, "phase1_percent": 0.7, "phase1_color": "#fae61e", "phase2_population": 860, "phase2_percent": 0.2, "phase2_color": "#e67800", "phase3_population": 430, "phase3_percent": 0.1, "phase3_color": "#c80000", "phase4_population": 0, "phase4_percent": 0.0, "phase4_color": "#640000", "phase5_population": 0, "phase5_percent": 0, "phase5_color": "#640000" }, "geometry": { "type": "GeometryCollection", "geometries": [ { "type": "MultiPolygon", "coordinates": [ [ [ [ 42.211, 1.9492 ], [ 42.047, 1.947 ], [ 42.05, 2.245 ], [ 41.9593, 2.288 ], [ 41.9034, 2.3706 ], [ 41.8911, 2.5426 ], [ 41.9444, 2.6319 ], [ 42.1885, 2.6526 ], [ 42.1497, 2.7508 ], [ 42.2296, 2.8554 ], [ 42.3015, 2.8338 ], [ 42.3377, 2.8193 ], [ 42.3229, 2.7137 ], [ 42.2603, 2.5689 ], [ 42.254, 2.4531 ], [ 42.1376, 2.3974 ], [ 42.0929, 2.3343 ], [ 42.1258, 2.1009 ], [ 42.211, 1.9492 ] ] ] ] } ] } },
{ "type": "Feature", "properties": { "area_id": "69456358", "confidence_level": 0, "ipc_period": "C", "overall_phase": 2, "population_min": "580", "population_percentage_min": "0.15", "justification": "", "prolonged_crisis": false, "population_phase_worse": null, "population_percentage_phase_worse": null, "analysis_id": "69455744", "admin_type": null, "area_name": "Ceel afweyn", "view_level": "area", "hide_settlement_labels": false, "hide_area_labels": false, "hide_area_borders": false, "show_area_popups": true, "color": "#e67800", "estimated_population": "3862", "phase1_population": 1930, "phase1_percent": 0.5, "phase1_color": "#fae61e", "phase2_population": 1350, "phase2_percent": 0.35, "phase2_color": "#e67800", "phase3_population": 580, "phase3_percent": 0.15, "phase3_color": "#c80000", "phase4_population": 0, "phase4_percent": 0.0, "phase4_color": "#640000", "phase5_population": 0, "phase5_percent": 0, "phase5_color": "#640000" }, "geometry": { "type": "GeometryCollection", "geometries": [ { "type": "MultiPolygon", "coordinates": [ [ [ [ 46.5385, 10.716 ], [ 46.4269, 10.6379 ], [ 46.3492, 10.627 ], [ 46.233, 10.6124 ], [ 46.0265, 10.6078 ], [ 46.0314, 10.7742 ], [ 46.2372, 10.7813 ], [ 46.3457, 10.6906 ], [ 46.4507, 10.6816 ], [ 46.5385, 10.716 ] ] ] ] } ] } },
{ "type": "Feature", "properties": { "area_id": "69456364", "confidence_level": 0, "ipc_period": "C", "overall_phase": 2, "population_min": "3480", "population_percentage_min": "0.15", "justification": "", "prolonged_crisis": false, "population_phase_worse": null, "population_percentage_phase_worse": null, "analysis_id": "69455744", "admin_type": null, "area_name": "Ceel afweyn (1)", "view_level": "area", "hide_settlement_labels": false, "hide_area_labels": false, "hide_area_borders": false, "show_area_popups": true, "color": "#e67800", "estimated_population": "23169", "phase1_population": 12740, "phase1_percent": 0.55, "phase1_color": "#fae61e", "phase2_population": 6950, "phase2_percent": 0.3, "phase2_color": "#e67800", "phase3_population": 2320, "phase3_percent": 0.1, "phase3_color": "#c80000", "phase4_population": 1160, "phase4_percent": 0.05, "phase4_color": "#640000", "phase5_population": 0, "phase5_percent": 0, "phase5_color": "#640000" }, "geometry": { "type": "GeometryCollection", "geometries": [ { "type": "MultiPolygon", "coordinates": [ [ [ [ 47.3132, 10.2423 ], [ 47.1315, 10.1253 ], [ 47.1057, 10.1714 ], [ 46.8935, 10.0489 ], [ 46.4884, 9.9156 ], [ 46.4246, 9.967 ], [ 46.3832, 10.2897 ], [ 46.3492, 10.627 ], [ 46.4269, 10.6379 ], [ 46.5385, 10.716 ], [ 46.6678, 10.7459 ], [ 46.7876, 10.8109 ], [ 46.941, 10.6309 ], [ 47.3132, 10.2423 ] ] ] ] } ] } },
{ "type": "Feature", "properties": { "area_id": "69456454", "confidence_level": 0, "ipc_period": "C", "overall_phase": 2, "population_min": "5840", "population_percentage_min": "0.1", "justification": "", "prolonged_crisis": false, "population_phase_worse": null, "population_percentage_phase_worse": null, "analysis_id": "69455744", "admin_type": null, "area_name": "Garbahaarey (1)", "view_level": "area", "hide_settlement_labels": false, "hide_area_labels": false, "hide_area_borders": false, "show_area_popups": true, "color": "#e67800", "estimated_population": "58406", "phase1_population": 37960, "phase1_percent": 0.65, "phase1_color": "#fae61e", "phase2_population": 14600, "phase2_percent": 0.25, "phase2_color": "#e67800", "phase3_population": 5840, "phase3_percent": 0.1, "phase3_color": "#c80000", "phase4_population": 0, "phase4_percent": 0.0, "phase4_color": "#640000", "phase5_population": 0, "phase5_percent": 0, "phase5_color": "#640000" }, "geometry": { "type": "GeometryCollection", "geometries": [ { "type": "MultiPolygon", "coordinates": [ [ [ [ 42.2296, 2.8554 ], [ 41.9709, 2.9416 ], [ 41.7209, 3.0016 ], [ 42.0012, 3.5885 ], [ 42.0646, 3.5679 ], [ 42.1431, 3.4528 ], [ 42.2339, 3.4677 ], [ 42.3377, 3.4439 ], [ 42.3476, 3.5225 ], [ 42.2502, 3.5978 ], [ 42.4528, 3.5168 ], [ 42.4688, 3.4013 ], [ 42.447140228, 3.369605195 ], [ 42.447, 3.3694 ], [ 42.446981759, 3.369401742 ], [ 42.3622, 3.3775 ], [ 42.3249, 3.3775 ], [ 42.291, 3.3183 ], [ 42.3568, 3.1531 ], [ 42.459, 3.141 ], [ 42.4771, 3.005 ], [ 42.3508, 2.8462 ], [ 42.3379, 2.8207 ], [ 42.3015, 2.8338 ], [ 42.2296, 2.8554 ] ] ], [ [ [ 42.8407, 3.3559 ], [ 42.7192, 3.2547 ], [ 42.714, 3.4102 ], [ 42.8407, 3.3559 ] ] ] ] } ] } },
{ "type": "Feature", "properties": { "area_id": "69456406", "confidence_level": 0, "ipc_period": "C", "overall_phase": 3, "population_min": "49740", "population_percentage_min": "0.25", "justification": "", "prolonged_crisis": false, "population_phase_worse": null, "population_percentage_phase_worse": null, "analysis_id": "69455744", "admin_type": null, "area_name": "Hargeysa (1)", "view_level": "area", "hide_settlement_labels": false, "hide_area_labels": false, "hide_area_borders": false, "show_area_popups": true, "color": "#c80000", "estimated_population": "198935", "phase1_population": 79570, "phase1_percent": 0.4, "phase1_color": "#fae61e", "phase2_population": 69630, "phase2_percent": 0.35, "phase2_color": "#e67800", "phase3_population": 39790, "phase3_percent": 0.2, "phase3_color": "#c80000", "phase4_population": 9950, "phase4_percent": 0.05, "phase4_color": "#640000", "phase5_population": 0, "phase5_percent": 0, "phase5_color": "#640000" }, "geometry": { "type": "GeometryCollection", "geometries": [ { "type": "MultiPolygon", "coordinates": [ [ [ [ 44.7081, 9.3785 ], [ 44.691, 9.2905 ], [ 44.5305, 9.3426 ], [ 44.3735, 9.2538 ], [ 44.1583, 9.1931 ], [ 43.8279, 9.1772 ], [ 43.6476, 9.3593 ], [ 43.5564, 9.3765 ], [ 43.8678, 9.7785 ], [ 43.9034, 9.7287 ], [ 44.0317, 9.7145 ], [ 44.0663, 9.6724 ], [ 44.2703, 9.734 ], [ 44.3493, 9.7347 ], [ 44.5033, 9.6811 ], [ 44.5404, 9.645 ], [ 44.6729, 9.6046 ], [ 44.7077, 9.5982 ], [ 44.6896, 9.4581 ], [ 44.7081, 9.3785 ] ] ] ] } ] } },
{ "type": "Feature", "properties": { "area_id": "69456352", "confidence_level": 0, "ipc_period": "C", "overall_phase": 3, "population_min": "7850", "population_percentage_min": "0.3", "justification": "", "prolonged_crisis": false, "population_phase_worse": null, "population_percentage_phase_worse": null, "analysis_id": "69455744", "admin_type": null, "area_name": "Hargeysa idps rural", "view_level": "area", "hide_settlement_labels": false, "hide_area_labels": false, "hide_area_borders": false, "show_area_popups": true, "color": "#c80000", "estimated_population": "26154", "phase1_population": 11770, "phase1_percent": 0.45, "phase1_color": "#fae61e", "phase2_population": 6540, "phase2_percent": 0.25, "phase2_color": "#e67800", "phase3_population": 5230, "phase3_percent": 0.2, "phase3_color": "#c80000", "phase4_population": 2620, "phase4_percent": 0.1, "phase4_color": "#640000", "phase5_population": 0, "phase5_percent": 0, "phase5_color": "#640000" }, "geometry": { "type": "MultiPoint", "coordinates": [ [ 44.1936, 9.5821 ] ] } },
{ "type": "Feature", "properties": { "area_id": "69456354", "confidence_level": 0, "ipc_period": "C", "overall_phase": 2, "population_min": "4090", "population_percentage_min": "0.15", "justification": "", "prolonged_crisis": false, "population_phase_worse": null, "population_percentage_phase_worse": null, "analysis_id": "69455744", "admin_type": null, "area_name": "Ceel buur (2)", "view_level": "area", "hide_settlement_labels": false, "hide_area_labels": false, "hide_area_borders": false, "show_area_popups": true, "color": "#e67800", "estimated_population": "27270", "phase1_population": 12270, "phase1_percent": 0.45, "phase1_color": "#fae61e", "phase2_population": 10910, "phase2_percent": 0.4, "phase2_color": "#e67800", "phase3_population": 2730, "phase3_percent": 0.1, "phase3_color": "#c80000", "phase4_population": 1360, "phase4_percent": 0.05, "phase4_color": "#640000", "phase5_population": 0, "phase5_percent": 0, "phase5_color": "#640000" }, "geometry": { "type": "GeometryCollection", "geometries": [ { "type": "MultiPolygon", "coordinates": [ [ [ [ 47.5016, 4.4953 ], [ 46.711, 4.3314 ], [ 46.3968, 4.2348 ], [ 46.3745, 4.2527 ], [ 46.3434, 4.506 ], [ 46.4979, 4.6304 ], [ 46.500590119, 4.631615619 ], [ 46.5006, 4.6316 ], [ 46.6174, 4.6844 ], [ 46.8501, 4.5288 ], [ 47.0036, 4.5669 ], [ 47.2554, 4.7152 ], [ 47.3623, 4.8781 ], [ 47.5291, 5.195 ], [ 47.596337997, 5.198834867 ], [ 47.605522775, 5.176159946 ], [ 47.608558679, 5.175866149 ], [ 47.5016, 4.4953 ] ] ] ] } ] } },
{ "type": "Feature", "properties": { "area_id": "69456253", "confidence_level": 0, "ipc_period": "C", "overall_phase": 3, "population_min": "17890", "population_percentage_min": "0.35", "justification": "", "prolonged_crisis": false, "population_phase_worse": null, "population_percentage_phase_worse": null, "analysis_id": "69455744", "admin_type": null, "area_name": "Ceel buur (3)", "view_level": "area", "hide_settlement_labels": false, "hide_area_labels": false, "hide_area_borders": false, "show_area_popups": true, "color": "#c80000", "estimated_population": "51131", "phase1_population": 15340, "phase1_percent": 0.3, "phase1_color": "#fae61e", "phase2_population": 17900, "phase2_percent": 0.35, "phase2_color": "#e67800", "phase3_population": 12780, "phase3_percent": 0.25, "phase3_color": "#c80000", "phase4_population": 5110, "phase4_percent": 0.1, "phase4_color": "#640000", "phase5_population": 0, "phase5_percent": 0, "phase5_color": "#640000" }, "geometry": { "type": "GeometryCollection", "geometries": [ { "type": "MultiPolygon", "coordinates": [ [ [ [ 47.5291, 5.195 ], [ 47.3623, 4.8781 ], [ 47.2554, 4.7152 ], [ 47.0036, 4.5669 ], [ 46.8501, 4.5288 ], [ 46.6174, 4.6844 ], [ 46.5006, 4.6316 ], [ 46.500590119, 4.631615619 ], [ 46.4758, 4.6708 ], [ 46.4443, 4.7298 ], [ 46.4275, 4.8201 ], [ 46.3696, 4.9031 ], [ 46.3474, 5.1039 ], [ 46.491, 5.1414 ], [ 47.111, 5.1714 ], [ 47.5291, 5.195 ] ] ] ] } ] } },
{ "type": "Feature", "properties": { "area_id": "69455805", "confidence_level": 0, "ipc_period": "C", "overall_phase": 3, "population_min": "11610", "population_percentage_min": "0.35", "justification": "", "prolonged_crisis": false, "population_phase_worse": null, "population_percentage_phase_worse": null, "analysis_id": "69455744", "admin_type": null, "area_name": "Jariiban IDP_N", "view_level": "area", "hide_settlement_labels": false, "hide_area_labels": false, "hide_area_borders": false, "show_area_popups": true, "color": "#c80000", "estimated_population": "33166", "phase1_population": 8290, "phase1_percent": 0.25, "phase1_color": "#fae61e", "phase2_population": 13270, "phase2_percent": 0.4, "phase2_color": "#e67800", "phase3_population": 9950, "phase3_percent": 0.3, "phase3_color": "#c80000", "phase4_population": 1660, "phase4_percent": 0.05, "phase4_color": "#640000", "phase5_population": 0, "phase5_percent": 0, "phase5_color": "#640000" }, "geometry": { "type": "Point", "coordinates": [ 48.892162189, 7.195895121 ] } },
{ "type": "Feature", "properties": { "area_id": "69456075", "confidence_level": 0, "ipc_period": "C", "overall_phase": 2, "population_min": "3320", "population_percentage_min": "0.15", "justification": "", "prolonged_crisis": false, "population_phase_worse": null, "population_percentage_phase_worse": null, "analysis_id": "69455744", "admin_type": null, "area_name": "Jariiban", "view_level": "area", "hide_settlement_labels": false, "hide_area_labels": false, "hide_area_borders": false, "show_area_popups": true, "color": "#e67800", "estimated_population": "22146", "phase1_population": 11070, "phase1_percent": 0.5, "phase1_color": "#fae61e", "phase2_population": 7750, "phase2_percent": 0.35, "phase2_color": "#e67800", "phase3_population": 3320, "phase3_percent": 0.15, "phase3_color": "#c80000", "phase4_population": 0, "phase4_percent": 0.0, "phase4_color": "#640000", "phase5_population": 0, "phase5_percent": 0, "phase5_color": "#640000" }, "geometry": { "type": "GeometryCollection", "geometries": [ { "type": "MultiPolygon", "coordinates": [ [ [ [ 49.108, 7.7063 ], [ 49.191, 7.7011 ], [ 49.5321, 7.5354 ], [ 49.6508, 7.399 ], [ 49.3985, 7.0507 ], [ 49.3759, 7.0106 ], [ 49.3134, 6.909 ], [ 49.2466, 6.7922 ], [ 49.2122, 6.7349 ], [ 49.2002, 6.6886 ], [ 49.1645, 6.601 ], [ 49.0379, 6.6088 ], [ 49.037157851, 6.606910801 ], [ 48.673299453, 6.621087103 ], [ 48.472879294, 6.742271385 ], [ 48.506680574, 7.135469946 ], [ 48.5068, 7.1305 ], [ 48.521655279, 7.309665489 ], [ 48.5252, 7.3509 ], [ 48.525096754, 7.351172193 ], [ 48.5315, 7.4284 ], [ 48.5259, 7.3344 ], [ 48.7604, 7.4904 ], [ 48.8445, 7.501 ], [ 49.0333, 7.6065 ], [ 49.108, 7.7063 ] ] ] ] } ] } },
{ "type": "Feature", "properties": { "area_id": "69455953", "confidence_level": 0, "ipc_period": "C", "overall_phase": 2, "population_min": "2910", "population_percentage_min": "0.15", "justification": "", "prolonged_crisis": false, "population_phase_worse": null, "population_percentage_phase_worse": null, "analysis_id": "69455744", "admin_type": null, "area_name": "Jariiban (1)", "view_level": "area", "hide_settlement_labels": false, "hide_area_labels": false, "hide_area_borders": false, "show_area_popups": true, "color": "#e67800", "estimated_population": "19376", "phase1_population": 10660, "phase1_percent": 0.55, "phase1_color": "#fae61e", "phase2_population": 5810, "phase2_percent": 0.3, "phase2_color": "#e67800", "phase3_population": 2910, "phase3_percent": 0.15, "phase3_color": "#c80000", "phase4_population": 0, "phase4_percent": 0.0, "phase4_color": "#640000", "phase5_population": 0, "phase5_percent": 0, "phase5_color": "#640000" }, "geometry": { "type": "GeometryCollection", "geometries": [ { "type": "MultiPolygon", "coordinates": [ [ [ [ 48.5315, 7.4284 ], [ 49.031, 7.7111 ], [ 49.0515, 7.7099 ], [ 49.108, 7.7063 ], [ 49.0333, 7.6065 ], [ 48.8445, 7.501 ], [ 48.7604, 7.4904 ], [ 48.5259, 7.3344 ], [ 48.5315, 7.4284 ] ] ] ] } ] } },
{ "type": "Feature", "properties": { "area_id": "69456434", "confidence_level": 0, "ipc_period": "C", "overall_phase": 2, "population_min": "14250", "population_percentage_min": "0.15", "justification": "", "prolonged_crisis": false, "population_phase_worse": null, "population_percentage_phase_worse": null, "analysis_id": "69455744", "admin_type": "pnt", "area_name": "Jariiban 2", "view_level": "area", "hide_settlement_labels": false, "hide_area_labels": false, "hide_area_borders": false, "show_area_popups": true, "color": "#e67800", "estimated_population": "94985", "phase1_population": 42740, "phase1_percent": 0.45, "phase1_color": "#fae61e", "phase2_population": 37990, "phase2_percent": 0.4, "phase2_color": "#e67800", "phase3_population": 14250, "phase3_percent": 0.15, "phase3_color": "#c80000", "phase4_population": 0, "phase4_percent": 0.0, "phase4_color": "#640000", "phase5_population": 0, "phase5_percent": 0, "phase5_color": "#640000" }, "geometry": { "type": "Point", "coordinates": [ 49.046466822, 6.60827219 ] } },
{ "type": "Feature", "properties": { "area_id": "69456055", "confidence_level": 0, "ipc_period": "C", "overall_phase": 2, "population_min": "21450", "population_percentage_min": "0.15", "justification": "", "prolonged_crisis": false, "population_phase_worse": null, "population_percentage_phase_worse": null, "analysis_id": "69455744", "admin_type": null, "area_name": "Garoowe", "view_level": "area", "hide_settlement_labels": false, "hide_area_labels": false, "hide_area_borders": false, "show_area_popups": true, "color": "#e67800", "estimated_population": "142975", "phase1_population": 71490, "phase1_percent": 0.5, "phase1_color": "#fae61e", "phase2_population": 50040, "phase2_percent": 0.35, "phase2_color": "#e67800", "phase3_population": 21450, "phase3_percent": 0.15, "phase3_color": "#c80000", "phase4_population": 0, "phase4_percent": 0.0, "phase4_color": "#640000", "phase5_population": 0, "phase5_percent": 0, "phase5_color": "#640000" }, "geometry": { "type": "GeometryCollection", "geometries": [ { "type": "MultiPolygon", "coordinates": [ [ [ [ 49.0811, 9.1405 ], [ 49.1111, 8.901 ], [ 49.1811, 8.771 ], [ 49.3001, 8.6854 ], [ 49.1811, 8.4111 ], [ 49.2063, 8.1498 ], [ 48.9067, 8.1815 ], [ 48.7291, 8.2132 ], [ 48.4436, 8.283 ], [ 48.1347, 8.3297 ], [ 48.561, 8.781 ], [ 48.731, 8.781 ], [ 49.0811, 9.1405 ] ] ] ] } ] } },
{ "type": "Feature", "properties": { "area_id": "69456005", "confidence_level": 0, "ipc_period": "C", "overall_phase": 3, "population_min": "3690", "population_percentage_min": "0.2", "justification": "", "prolonged_crisis": false, "population_phase_worse": null, "population_percentage_phase_worse": null, "analysis_id": "69455744", "admin_type": null, "area_name": "Saakow (3)", "view_level": "area", "hide_settlement_labels": false, "hide_area_labels": false, "hide_area_borders": false, "show_area_popups": true, "color": "#c80000", "estimated_population": "18449", "phase1_population": 7380, "phase1_percent": 0.4, "phase1_color": "#fae61e", "phase2_population": 7380, "phase2_percent": 0.4, "phase2_color": "#e67800", "phase3_population": 3690, "phase3_percent": 0.2, "phase3_color": "#c80000", "phase4_population": 0, "phase4_percent": 0.0, "phase4_color": "#640000", "phase5_population": 0, "phase5_percent": 0, "phase5_color": "#640000" }, "geometry": { "type": "GeometryCollection", "geometries": [ { "type": "MultiPolygon", "coordinates": [ [ [ [ 42.375, 1.5059 ], [ 42.3522, 1.6592 ], [ 42.2541, 1.7931 ], [ 42.211, 1.9492 ], [ 42.3431, 1.9509 ], [ 42.4128, 1.7672 ], [ 42.4692, 1.7028 ], [ 42.5279, 1.4997 ], [ 42.375, 1.5059 ] ] ] ] } ] } },
{ "type": "Feature", "properties": { "area_id": "69455913", "confidence_level": 0, "ipc_period": "C", "overall_phase": 3, "population_min": "13360", "population_percentage_min": "0.25", "justification": "", "prolonged_crisis": false, "population_phase_worse": null, "population_percentage_phase_worse": null, "analysis_id": "69455744", "admin_type": "urb", "area_name": "Saakow URBAN", "view_level": "area", "hide_settlement_labels": false, "hide_area_labels": false, "hide_area_borders": false, "show_area_popups": true, "color": "#c80000", "estimated_population": "53443", "phase1_population": 16030, "phase1_percent": 0.3, "phase1_color": "#fae61e", "phase2_population": 24050, "phase2_percent": 0.45, "phase2_color": "#e67800", "phase3_population": 13360, "phase3_percent": 0.25, "phase3_color": "#c80000", "phase4_population": 0, "phase4_percent": 0.0, "phase4_color": "#640000", "phase5_population": 0, "phase5_percent": 0, "phase5_color": "#640000" }, "geometry": { "type": "Point", "coordinates": [ 41.937267304, 1.655574848 ] } },
{ "type": "Feature", "properties": { "area_id": "69456067", "confidence_level": 0, "ipc_period": "C", "overall_phase": 2, "population_min": "12020", "population_percentage_min": "0.1", "justification": "", "prolonged_crisis": false, "population_phase_worse": null, "population_percentage_phase_worse": null, "analysis_id": "69455744", "admin_type": null, "area_name": "Sheikh (1)", "view_level": "area", "hide_settlement_labels": false, "hide_area_labels": false, "hide_area_borders": false, "show_area_popups": true, "color": "#e67800", "estimated_population": "120151", "phase1_population": 60080, "phase1_percent": 0.5, "phase1_color": "#fae61e", "phase2_population": 48060, "phase2_percent": 0.4, "phase2_color": "#e67800", "phase3_population": 12020, "phase3_percent": 0.1, "phase3_color": "#c80000", "phase4_population": 0, "phase4_percent": 0.0, "phase4_color": "#640000", "phase5_population": 0, "phase5_percent": 0, "phase5_color": "#640000" }, "geometry": { "type": "GeometryCollection", "geometries": [ { "type": "MultiPolygon", "coordinates": [ [ [ [ 44.8977, 9.9411 ], [ 45.101, 10.1709 ], [ 45.9075, 10.0997 ], [ 45.831, 10.0309 ], [ 45.801, 9.9209 ], [ 45.851, 9.781 ], [ 45.6251, 9.8166 ], [ 45.5208, 9.9402 ], [ 45.4296, 9.9478 ], [ 45.3471, 9.8605 ], [ 45.281, 9.871 ], [ 44.8977, 9.9411 ] ] ] ] } ] } },
{ "type": "Feature", "properties": { "area_id": "69455937", "confidence_level": 0, "ipc_period": "C", "overall_phase": 2, "population_min": "950", "population_percentage_min": "0.1", "justification": "", "prolonged_crisis": false, "population_phase_worse": null, "population_percentage_phase_worse": null, "analysis_id": "69455744", "admin_type": null, "area_name": "Bu'aale (5)", "view_level": "area", "hide_settlement_labels": false, "hide_area_labels": false, "hide_area_borders": false, "show_area_popups": true, "color": "#e67800", "estimated_population": "9490", "phase1_population": 7120, "phase1_percent": 0.75, "phase1_color": "#fae61e", "phase2_population": 1420, "phase2_percent": 0.15, "phase2_color": "#e67800", "phase3_population": 950, "phase3_percent": 0.1, "phase3_color": "#c80000", "phase4_population": 0, "phase4_percent": 0.0, "phase4_color": "#640000", "phase5_population": 0, "phase5_percent": 0, "phase5_color": "#640000" }, "geometry": { "type": "MultiPoint", "coordinates": [ [ 42.742, 1.0336 ] ] } },
{ "type": "Feature", "properties": { "area_id": "69456037", "confidence_level": 0, "ipc_period": "C", "overall_phase": 3, "population_min": "26770", "population_percentage_min": "0.3", "justification": "", "prolonged_crisis": false, "population_phase_worse": null, "population_percentage_phase_worse": null, "analysis_id": "69455744", "admin_type": "urb", "area_name": "Bu'aale URBAN", "view_level": "area", "hide_settlement_labels": false, "hide_area_labels": false, "hide_area_borders": false, "show_area_popups": true, "color": "#c80000", "estimated_population": "89238", "phase1_population": 26770, "phase1_percent": 0.3, "phase1_color": "#fae61e", "phase2_population": 35700, "phase2_percent": 0.4, "phase2_color": "#e67800", "phase3_population": 17850, "phase3_percent": 0.2, "phase3_color": "#c80000", "phase4_population": 8920, "phase4_percent": 0.1, "phase4_color": "#640000", "phase5_population": 0, "phase5_percent": 0, "phase5_color": "#640000" }, "geometry": { "type": "Point", "coordinates": [ 42.810680389, 1.035021442 ] } },
{ "type": "Feature", "properties": { "area_id": "69456285", "confidence_level": 0, "ipc_period": "C", "overall_phase": 2, "population_min": "200", "population_percentage_min": "0.1", "justification": "", "prolonged_crisis": false, "population_phase_worse": null, "population_percentage_phase_worse": null, "analysis_id": "69455744", "admin_type": null, "area_name": "Caynabo (1)", "view_level": "area", "hide_settlement_labels": false, "hide_area_labels": false, "hide_area_borders": false, "show_area_popups": true, "color": "#e67800", "estimated_population": "1968", "phase1_population": 980, "phase1_percent": 0.5, "phase1_color": "#fae61e", "phase2_population": 790, "phase2_percent": 0.4, "phase2_color": "#e67800", "phase3_population": 200, "phase3_percent": 0.1, "phase3_color": "#c80000", "phase4_population": 0, "phase4_percent": 0.0, "phase4_color": "#640000", "phase5_population": 0, "phase5_percent": 0, "phase5_color": "#640000" }, "geometry": { "type": "GeometryCollection", "geometries": [ { "type": "MultiPolygon", "coordinates": [ [ [ [ 46.2672, 9.8772 ], [ 46.0791, 9.877 ], [ 46.1856, 9.2612 ], [ 46.1813, 9.2505 ], [ 46.151, 9.441 ], [ 46.049405987, 10.050364093 ], [ 46.2672, 9.8772 ] ] ] ] } ] } },
{ "type": "Feature", "properties": { "area_id": "69456390", "confidence_level": 0, "ipc_period": "C", "overall_phase": 2, "population_min": "8860", "population_percentage_min": "0.15", "justification": "", "prolonged_crisis": false, "population_phase_worse": null, "population_percentage_phase_worse": null, "analysis_id": "69455744", "admin_type": null, "area_name": "Caynabo (2)", "view_level": "area", "hide_settlement_labels": false, "hide_area_labels": false, "hide_area_borders": false, "show_area_popups": true, "color": "#e67800", "estimated_population": "59035", "phase1_population": 20660, "phase1_percent": 0.35, "phase1_color": "#fae61e", "phase2_population": 29520, "phase2_percent": 0.5, "phase2_color": "#e67800", "phase3_population": 8860, "phase3_percent": 0.15, "phase3_color": "#c80000", "phase4_population": 0, "phase4_percent": 0.0, "phase4_color": "#640000", "phase5_population": 0, "phase5_percent": 0, "phase5_color": "#640000" }, "geometry": { "type": "GeometryCollection", "geometries": [ { "type": "MultiPolygon", "coordinates": [ [ [ [ 46.1813, 9.2505 ], [ 46.1856, 9.2612 ], [ 46.0791, 9.877 ], [ 46.2672, 9.8772 ], [ 46.841, 9.421 ], [ 46.911, 9.431 ], [ 46.9206, 8.8433 ], [ 46.920878312, 8.790490225 ], [ 46.920919872, 8.782604222 ], [ 46.437, 8.8081 ], [ 46.4046, 8.9905 ], [ 46.3672, 9.0429 ], [ 46.2068, 9.1651 ], [ 46.1832, 9.2386 ], [ 46.1802, 9.2478 ], [ 46.1813, 9.2505 ] ] ] ] } ] } },
{ "type": "Feature", "properties": { "area_id": "69455791", "confidence_level": 0, "ipc_period": "C", "overall_phase": 3, "population_min": "3970", "population_percentage_min": "0.3", "justification": "", "prolonged_crisis": false, "population_phase_worse": null, "population_percentage_phase_worse": null, "analysis_id": "69455744", "admin_type": null, "area_name": "Caynabo idps", "view_level": "area", "hide_settlement_labels": false, "hide_area_labels": false, "hide_area_borders": false, "show_area_popups": true, "color": "#c80000", "estimated_population": "13248", "phase1_population": 3970, "phase1_percent": 0.3, "phase1_color": "#fae61e", "phase2_population": 5300, "phase2_percent": 0.4, "phase2_color": "#e67800", "phase3_population": 3310, "phase3_percent": 0.25, "phase3_color": "#c80000", "phase4_population": 660, "phase4_percent": 0.05, "phase4_color": "#640000", "phase5_population": 0, "phase5_percent": 0, "phase5_color": "#640000" }, "geometry": { "type": "MultiPoint", "coordinates": [ [ 46.4108, 8.954 ] ] } },
{ "type": "Feature", "properties": { "area_id": "69455947", "confidence_level": 0, "ipc_period": "C", "overall_phase": 3, "population_min": "1790", "population_percentage_min": "0.3", "justification": "", "prolonged_crisis": false, "population_phase_worse": null, "population_percentage_phase_worse": null, "analysis_id": "69455744", "admin_type": null, "area_name": "Caynabo idps rural", "view_level": "area", "hide_settlement_labels": false, "hide_area_labels": false, "hide_area_borders": false, "show_area_popups": true, "color": "#c80000", "estimated_population": "5952", "phase1_population": 1790, "phase1_percent": 0.3, "phase1_color": "#fae61e", "phase2_population": 2380, "phase2_percent": 0.4, "phase2_color": "#e67800", "phase3_population": 1490, "phase3_percent": 0.25, "phase3_color": "#c80000", "phase4_population": 300, "phase4_percent": 0.05, "phase4_color": "#640000", "phase5_population": 0, "phase5_percent": 0, "phase5_color": "#640000" }, "geometry": { "type": "MultiPoint", "coordinates": [ [ 46.4705, 9.0251 ] ] } },
{ "type": "Feature", "properties": { "area_id": "69456199", "confidence_level": 0, "ipc_period": "C", "overall_phase": 2, "population_min": "1140", "population_percentage_min": "0.1", "justification": "", "prolonged_crisis": false, "population_phase_worse": null, "population_percentage_phase_worse": null, "analysis_id": "69455744", "admin_type": null, "area_name": "Caynabo urban", "view_level": "area", "hide_settlement_labels": false, "hide_area_labels": false, "hide_area_borders": false, "show_area_popups": true, "color": "#e67800", "estimated_population": "11388", "phase1_population": 5690, "phase1_percent": 0.5, "phase1_color": "#fae61e", "phase2_population": 4560, "phase2_percent": 0.4, "phase2_color": "#e67800", "phase3_population": 1140, "phase3_percent": 0.1, "phase3_color": "#c80000", "phase4_population": 0, "phase4_percent": 0.0, "phase4_color": "#640000", "phase5_population": 0, "phase5_percent": 0, "phase5_color": "#640000" }, "geometry": { "type": "MultiPoint", "coordinates": [ [ 46.408, 8.9538 ] ] } },
{ "type": "Feature", "properties": { "area_id": "69455795", "confidence_level": 0, "ipc_period": "C", "overall_phase": 2, "population_min": "1660", "population_percentage_min": "0.1", "justification": "", "prolonged_crisis": false, "population_phase_worse": null, "population_percentage_phase_worse": null, "analysis_id": "69455744", "admin_type": null, "area_name": "Eyl urban", "view_level": "area", "hide_settlement_labels": false, "hide_area_labels": false, "hide_area_borders": false, "show_area_popups": true, "color": "#e67800", "estimated_population": "16636", "phase1_population": 9150, "phase1_percent": 0.55, "phase1_color": "#fae61e", "phase2_population": 5820, "phase2_percent": 0.35, "phase2_color": "#e67800", "phase3_population": 1660, "phase3_percent": 0.1, "phase3_color": "#c80000", "phase4_population": 0, "phase4_percent": 0.0, "phase4_color": "#640000", "phase5_population": 0, "phase5_percent": 0, "phase5_color": "#640000" }, "geometry": { "type": "MultiPoint", "coordinates": [ [ 49.8181, 7.9803 ] ] } },
{ "type": "Feature", "properties": { "area_id": "69455876", "confidence_level": 0, "ipc_period": "C", "overall_phase": 3, "population_min": "9980", "population_percentage_min": "0.5", "justification": "", "prolonged_crisis": false, "population_phase_worse": null, "population_percentage_phase_worse": null, "analysis_id": "69455744", "admin_type": null, "area_name": "Galdogob idps", "view_level": "area", "hide_settlement_labels": false, "hide_area_labels": false, "hide_area_borders": false, "show_area_popups": true, "color": "#c80000", "estimated_population": "19954", "phase1_population": 1000, "phase1_percent": 0.05, "phase1_color": "#fae61e", "phase2_population": 8980, "phase2_percent": 0.45, "phase2_color": "#e67800", "phase3_population": 7980, "phase3_percent": 0.4, "phase3_color": "#c80000", "phase4_population": 2000, "phase4_percent": 0.1, "phase4_color": "#640000", "phase5_population": 0, "phase5_percent": 0, "phase5_color": "#640000" }, "geometry": { "type": "MultiPoint", "coordinates": [ [ 47.0255, 7.0296 ] ] } },
{ "type": "Feature", "properties": { "area_id": "69456412", "confidence_level": 0, "ipc_period": "C", "overall_phase": 3, "population_min": "8530", "population_percentage_min": "0.35", "justification": "", "prolonged_crisis": false, "population_phase_worse": null, "population_percentage_phase_worse": null, "analysis_id": "69455744", "admin_type": null, "area_name": "Galdogob urban", "view_level": "area", "hide_settlement_labels": false, "hide_area_labels": false, "hide_area_borders": false, "show_area_popups": true, "color": "#c80000", "estimated_population": "24353", "phase1_population": 6090, "phase1_percent": 0.25, "phase1_color": "#fae61e", "phase2_population": 9740, "phase2_percent": 0.4, "phase2_color": "#e67800", "phase3_population": 7310, "phase3_percent": 0.3, "phase3_color": "#c80000", "phase4_population": 1220, "phase4_percent": 0.05, "phase4_color": "#640000", "phase5_population": 0, "phase5_percent": 0, "phase5_color": "#640000" }, "geometry": { "type": "MultiPoint", "coordinates": [ [ 47.0159, 7.0283 ] ] } },
{ "type": "Feature", "properties": { "area_id": "69456177", "confidence_level": 0, "ipc_period": "C", "overall_phase": 3, "population_min": "33260", "population_percentage_min": "0.5", "justification": "", "prolonged_crisis": false, "population_phase_worse": null, "population_percentage_phase_worse": null, "analysis_id": "69455744", "admin_type": "idp", "area_name": "Galkayo IDPS", "view_level": "area", "hide_settlement_labels": false, "hide_area_labels": false, "hide_area_borders": false, "show_area_popups": true, "color": "#c80000", "estimated_population": "66536", "phase1_population": 3330, "phase1_percent": 0.05, "phase1_color": "#fae61e", "phase2_population": 29940, "phase2_percent": 0.45, "phase2_color": "#e67800", "phase3_population": 26610, "phase3_percent": 0.4, "phase3_color": "#c80000", "phase4_population": 6650, "phase4_percent": 0.1, "phase4_color": "#640000", "phase5_population": 0, "phase5_percent": 0, "phase5_color": "#640000" }, "geometry": { "type": "Point", "coordinates": [ 47.380456737, 6.741910182 ] } },
{ "type": "Feature", "properties": { "area_id": "69455949", "confidence_level": 0, "ipc_period": "C", "overall_phase": 3, "population_min": "21230", "population_percentage_min": "0.35", "justification": "", "prolonged_crisis": false, "population_phase_worse": null, "population_percentage_phase_worse": null, "analysis_id": "69455744", "admin_type": "urb", "area_name": "Galkayo URBAN", "view_level": "area", "hide_settlement_labels": false, "hide_area_labels": false, "hide_area_borders": false, "show_area_popups": true, "color": "#c80000", "estimated_population": "60658", "phase1_population": 15160, "phase1_percent": 0.25, "phase1_color": "#fae61e", "phase2_population": 24260, "phase2_percent": 0.4, "phase2_color": "#e67800", "phase3_population": 18200, "phase3_percent": 0.3, "phase3_color": "#c80000", "phase4_population": 3030, "phase4_percent": 0.05, "phase4_color": "#640000", "phase5_population": 0, "phase5_percent": 0, "phase5_color": "#640000" }, "geometry": { "type": "Point", "coordinates": [ 47.38498804, 6.670054554 ] } },
{ "type": "Feature", "properties": { "area_id": "69456203", "confidence_level": 0, "ipc_period": "C", "overall_phase": 2, "population_min": "1460", "population_percentage_min": "0.1", "justification": "", "prolonged_crisis": false, "population_phase_worse": null, "population_percentage_phase_worse": null, "analysis_id": "69455744", "admin_type": null, "area_name": "Garbahaarey", "view_level": "area", "hide_settlement_labels": false, "hide_area_labels": false, "hide_area_borders": false, "show_area_popups": true, "color": "#e67800", "estimated_population": "14601", "phase1_population": 10220, "phase1_percent": 0.7, "phase1_color": "#fae61e", "phase2_population": 2920, "phase2_percent": 0.2, "phase2_color": "#e67800", "phase3_population": 1460, "phase3_percent": 0.1, "phase3_color": "#c80000", "phase4_population": 0, "phase4_percent": 0.0, "phase4_color": "#640000", "phase5_population": 0, "phase5_percent": 0, "phase5_color": "#640000" }, "geometry": { "type": "GeometryCollection", "geometries": [ { "type": "MultiPolygon", "coordinates": [ [ [ [ 42.3379, 2.8207 ], [ 42.3377, 2.8193 ], [ 42.3015, 2.8338 ], [ 42.3379, 2.8207 ] ] ], [ [ [ 42.8407, 3.3559 ], [ 43.1013, 3.2577 ], [ 43.10116122, 3.236754824 ], [ 43.101, 3.2332 ], [ 43.10098478, 3.210125978 ], [ 43.1009, 3.0816 ], [ 43.1, 3.0615 ], [ 42.9309, 3.0416 ], [ 42.6153, 3.0703 ], [ 42.5703, 3.1358 ], [ 42.5528, 3.1701 ], [ 42.5289, 3.3148 ], [ 42.5838, 3.3978 ], [ 42.5777, 3.4668 ], [ 42.714, 3.4102 ], [ 42.7192, 3.2547 ], [ 42.8407, 3.3559 ] ] ], [ [ [ 42.447, 3.3694 ], [ 42.4374, 3.3571 ], [ 42.4588, 3.1426 ], [ 42.459, 3.141 ], [ 42.3568, 3.1531 ], [ 42.291, 3.3183 ], [ 42.3249, 3.3775 ], [ 42.3622, 3.3775 ], [ 42.446981759, 3.369401742 ], [ 42.447, 3.3694 ] ] ], [ [ [ 42.0409, 3.6815 ], [ 42.2502, 3.5978 ], [ 42.3476, 3.5225 ], [ 42.3377, 3.4439 ], [ 42.2339, 3.4677 ], [ 42.1431, 3.4528 ], [ 42.0646, 3.5679 ], [ 42.0012, 3.5885 ], [ 42.0409, 3.6815 ] ] ] ] } ] } },
{ "type": "Feature", "properties": { "area_id": "69455923", "confidence_level": 0, "ipc_period": "C", "overall_phase": 2, "population_min": "18963", "population_percentage_min": "0.15", "justification": "", "prolonged_crisis": false, "population_phase_worse": null, "population_percentage_phase_worse": null, "analysis_id": "69455744", "admin_type": "urb", "area_name": "Hargeysa Urban", "view_level": "area", "hide_settlement_labels": false, "hide_area_labels": false, "hide_area_borders": false, "show_area_popups": true, "color": "#e67800", "estimated_population": "126424", "phase1_population": 56890, "phase1_percent": 0.45, "phase1_color": "#fae61e", "phase2_population": 50569, "phase2_percent": 0.4, "phase2_color": "#e67800", "phase3_population": 12642, "phase3_percent": 0.1, "phase3_color": "#c80000", "phase4_population": 6321, "phase4_percent": 0.05, "phase4_color": "#640000", "phase5_population": 0, "phase5_percent": 0, "phase5_color": "#640000" }, "geometry": { "type": "Point", "coordinates": [ 44.041758671, 9.53807936 ] } },
{ "type": "Feature", "properties": { "area_id": "69455921", "confidence_level": 0, "ipc_period": "C", "overall_phase": 3, "population_min": "32010", "population_percentage_min": "0.25", "justification": "", "prolonged_crisis": false, "population_phase_worse": null, "population_percentage_phase_worse": null, "analysis_id": "69455744", "admin_type": null, "area_name": "Jowhar (1)", "view_level": "area", "hide_settlement_labels": false, "hide_area_labels": false, "hide_area_borders": false, "show_area_popups": true, "color": "#c80000", "estimated_population": "128041", "phase1_population": 57620, "phase1_percent": 0.45, "phase1_color": "#fae61e", "phase2_population": 38410, "phase2_percent": 0.3, "phase2_color": "#e67800", "phase3_population": 32010, "phase3_percent": 0.25, "phase3_color": "#c80000", "phase4_population": 0, "phase4_percent": 0.0, "phase4_color": "#640000", "phase5_population": 0, "phase5_percent": 0, "phase5_color": "#640000" }, "geometry": { "type": "GeometryCollection", "geometries": [ { "type": "MultiPolygon", "coordinates": [ [ [ [ 45.4992, 3.1936 ], [ 45.5042, 3.0766 ], [ 45.4482, 3.0126 ], [ 45.5006, 2.9713 ], [ 45.45, 2.7591 ], [ 45.3337, 2.7322 ], [ 45.333685787, 2.732220665 ], [ 45.2011, 2.925 ], [ 45.2676, 2.9786 ], [ 45.2742, 3.1514 ], [ 45.3245, 3.2055 ], [ 45.3301, 3.2105 ], [ 45.3449, 3.2071 ], [ 45.4992, 3.1936 ] ] ], [ [ [ 45.5684, 2.7238 ], [ 45.591, 3.1788 ], [ 45.6081, 3.225 ], [ 45.608382628, 3.225021987 ], [ 45.6086, 3.2256 ], [ 45.6096, 3.2268 ], [ 45.879, 3.2469 ], [ 45.9389, 3.2496 ], [ 45.9043, 3.1189 ], [ 45.7528, 2.9522 ], [ 45.7031, 2.8227 ], [ 45.7183, 2.7326 ], [ 45.5684, 2.7238 ] ] ] ] } ] } },
{ "type": "Feature", "properties": { "area_id": "69456287", "confidence_level": 0, "ipc_period": "C", "overall_phase": 1, "population_min": "380", "population_percentage_min": "0.05", "justification": "", "prolonged_crisis": false, "population_phase_worse": null, "population_percentage_phase_worse": null, "analysis_id": "69455744", "admin_type": null, "area_name": "Jowhar (2)", "view_level": "area", "hide_settlement_labels": false, "hide_area_labels": false, "hide_area_borders": false, "show_area_popups": true, "color": "#fae61e", "estimated_population": "7682", "phase1_population": 6530, "phase1_percent": 0.85, "phase1_color": "#fae61e", "phase2_population": 770, "phase2_percent": 0.1, "phase2_color": "#e67800", "phase3_population": 380, "phase3_percent": 0.05, "phase3_color": "#c80000", "phase4_population": 0, "phase4_percent": 0.0, "phase4_color": "#640000", "phase5_population": 0, "phase5_percent": 0, "phase5_color": "#640000" }, "geometry": { "type": "GeometryCollection", "geometries": [ { "type": "MultiPolygon", "coordinates": [ [ [ [ 45.297, 3.2035 ], [ 45.3245, 3.2055 ], [ 45.2742, 3.1514 ], [ 45.2676, 2.9786 ], [ 45.2011, 2.925 ], [ 45.121, 3.0416 ], [ 45.071, 3.2516 ], [ 45.151, 3.2116 ], [ 45.297, 3.2035 ] ] ], [ [ [ 45.9389, 3.2496 ], [ 45.879, 3.2469 ], [ 45.9403, 3.2515 ], [ 45.9389, 3.2496 ] ] ] ] } ] } },
{ "type": "Feature", "properties": { "area_id": "69456137", "confidence_level": 0, "ipc_period": "C", "overall_phase": 3, "population_min": "9730", "population_percentage_min": "0.25", "justification": "", "prolonged_crisis": false, "population_phase_worse": null, "population_percentage_phase_worse": null, "analysis_id": "69455744", "admin_type": null, "area_name": "Kurtunwaarey", "view_level": "area", "hide_settlement_labels": false, "hide_area_labels": false, "hide_area_borders": false, "show_area_popups": true, "color": "#c80000", "estimated_population": "38915", "phase1_population": 17510, "phase1_percent": 0.45, "phase1_color": "#fae61e", "phase2_population": 11670, "phase2_percent": 0.3, "phase2_color": "#e67800", "phase3_population": 9730, "phase3_percent": 0.25, "phase3_color": "#c80000", "phase4_population": 0, "phase4_percent": 0.0, "phase4_color": "#640000", "phase5_population": 0, "phase5_percent": 0, "phase5_color": "#640000" }, "geometry": { "type": "GeometryCollection", "geometries": [ { "type": "MultiPolygon", "coordinates": [ [ [ [ 44.079, 1.4827 ], [ 43.9932, 1.5315 ], [ 44.2788, 1.6865 ], [ 44.3714, 1.7218 ], [ 44.5109, 1.6717 ], [ 44.406, 1.5505 ], [ 44.2682, 1.5902 ], [ 44.079, 1.4827 ] ] ] ] } ] } },
{ "type": "Feature", "properties": { "area_id": "69455846", "confidence_level": 0, "ipc_period": "C", "overall_phase": 2, "population_min": "630", "population_percentage_min": "0.15", "justification": "", "prolonged_crisis": false, "population_phase_worse": null, "population_percentage_phase_worse": null, "analysis_id": "69455744", "admin_type": null, "area_name": "Marka (3)", "view_level": "area", "hide_settlement_labels": false, "hide_area_labels": false, "hide_area_borders": false, "show_area_popups": true, "color": "#e67800", "estimated_population": "4191", "phase1_population": 2310, "phase1_percent": 0.55, "phase1_color": "#fae61e", "phase2_population": 1260, "phase2_percent": 0.3, "phase2_color": "#e67800", "phase3_population": 630, "phase3_percent": 0.15, "phase3_color": "#c80000", "phase4_population": 0, "phase4_percent": 0.0, "phase4_color": "#640000", "phase5_population": 0, "phase5_percent": 0, "phase5_color": "#640000" }, "geometry": { "type": "GeometryCollection", "geometries": [ { "type": "MultiPolygon", "coordinates": [ [ [ [ 44.9187, 1.9217 ], [ 45.0524, 1.9217 ], [ 44.962099472, 1.876970827 ], [ 44.909511464, 1.914021468 ], [ 44.9187, 1.9217 ] ] ] ] } ] } },
{ "type": "Feature", "properties": { "area_id": "69456041", "confidence_level": 0, "ipc_period": "C", "overall_phase": 2, "population_min": "1160", "population_percentage_min": "0.1", "justification": "", "prolonged_crisis": false, "population_phase_worse": null, "population_percentage_phase_worse": null, "analysis_id": "69455744", "admin_type": null, "area_name": "Ceel afweyn (2)", "view_level": "area", "hide_settlement_labels": false, "hide_area_labels": false, "hide_area_borders": false, "show_area_popups": true, "color": "#e67800", "estimated_population": "11585", "phase1_population": 5790, "phase1_percent": 0.5, "phase1_color": "#fae61e", "phase2_population": 4630, "phase2_percent": 0.4, "phase2_color": "#e67800", "phase3_population": 1160, "phase3_percent": 0.1, "phase3_color": "#c80000", "phase4_population": 0, "phase4_percent": 0.0, "phase4_color": "#640000", "phase5_population": 0, "phase5_percent": 0, "phase5_color": "#640000" }, "geometry": { "type": "GeometryCollection", "geometries": [ { "type": "MultiPolygon", "coordinates": [ [ [ [ 46.011, 10.0809 ], [ 46.0265, 10.6078 ], [ 46.233, 10.6124 ], [ 46.3492, 10.627 ], [ 46.3832, 10.2897 ], [ 46.4246, 9.967 ], [ 46.4884, 9.9156 ], [ 46.3841, 9.8736 ], [ 46.2672, 9.8772 ], [ 46.049405987, 10.050364093 ], [ 46.011, 10.0809 ] ] ] ] } ] } },
{ "type": "Feature", "properties": { "area_id": "69456145", "confidence_level": 0, "ipc_period": "C", "overall_phase": 3, "population_min": "5410", "population_percentage_min": "0.3", "justification": "", "prolonged_crisis": false, "population_phase_worse": null, "population_percentage_phase_worse": null, "analysis_id": "69455744", "admin_type": null, "area_name": "Baardheere (3)", "view_level": "area", "hide_settlement_labels": false, "hide_area_labels": false, "hide_area_borders": false, "show_area_popups": true, "color": "#c80000", "estimated_population": "18051", "phase1_population": 4510, "phase1_percent": 0.25, "phase1_color": "#fae61e", "phase2_population": 8120, "phase2_percent": 0.45, "phase2_color": "#e67800", "phase3_population": 4510, "phase3_percent": 0.25, "phase3_color": "#c80000", "phase4_population": 900, "phase4_percent": 0.05, "phase4_color": "#640000", "phase5_population": 0, "phase5_percent": 0, "phase5_color": "#640000" }, "geometry": { "type": "GeometryCollection", "geometries": [ { "type": "MultiPolygon", "coordinates": [ [ [ [ 42.4538, 2.7806 ], [ 42.4369, 2.6241 ], [ 42.3871, 2.5666 ], [ 42.3929, 2.4639 ], [ 42.3594, 2.342 ], [ 42.2555, 2.2297 ], [ 42.2814, 2.087 ], [ 42.3319, 2.0532 ], [ 42.3431, 1.9509 ], [ 42.211, 1.9492 ], [ 42.1258, 2.1009 ], [ 42.0929, 2.3343 ], [ 42.1376, 2.3974 ], [ 42.254, 2.4531 ], [ 42.2603, 2.5689 ], [ 42.3229, 2.7137 ], [ 42.3377, 2.8193 ], [ 42.4538, 2.7806 ] ] ] ] } ] } },
{ "type": "Feature", "properties": { "area_id": "69456029", "confidence_level": 0, "ipc_period": "C", "overall_phase": 2, "population_min": "1030", "population_percentage_min": "0.15", "justification": "", "prolonged_crisis": false, "population_phase_worse": null, "population_percentage_phase_worse": null, "analysis_id": "69455744", "admin_type": null, "area_name": "Lughaye urban", "view_level": "area", "hide_settlement_labels": false, "hide_area_labels": false, "hide_area_borders": false, "show_area_popups": true, "color": "#e67800", "estimated_population": "6877", "phase1_population": 3440, "phase1_percent": 0.5, "phase1_color": "#fae61e", "phase2_population": 2410, "phase2_percent": 0.35, "phase2_color": "#e67800", "phase3_population": 690, "phase3_percent": 0.1, "phase3_color": "#c80000", "phase4_population": 340, "phase4_percent": 0.05, "phase4_color": "#640000", "phase5_population": 0, "phase5_percent": 0, "phase5_color": "#640000" }, "geometry": { "type": "MultiPoint", "coordinates": [ [ 43.9417, 10.6843 ] ] } },
{ "type": "Feature", "properties": { "area_id": "69455961", "confidence_level": 0, "ipc_period": "C", "overall_phase": 2, "population_min": "320", "population_percentage_min": "0.1", "justification": "", "prolonged_crisis": false, "population_phase_worse": null, "population_percentage_phase_worse": null, "analysis_id": "69455744", "admin_type": null, "area_name": "Lughaye (1)", "view_level": "area", "hide_settlement_labels": false, "hide_area_labels": false, "hide_area_borders": false, "show_area_popups": true, "color": "#e67800", "estimated_population": "3225", "phase1_population": 1610, "phase1_percent": 0.5, "phase1_color": "#fae61e", "phase2_population": 1290, "phase2_percent": 0.4, "phase2_color": "#e67800", "phase3_population": 320, "phase3_percent": 0.1, "phase3_color": "#c80000", "phase4_population": 0, "phase4_percent": 0.0, "phase4_color": "#640000", "phase5_population": 0, "phase5_percent": 0, "phase5_color": "#640000" }, "geometry": { "type": "GeometryCollection", "geometries": [ { "type": "MultiPolygon", "coordinates": [ [ [ [ 43.7908, 10.4979 ], [ 43.5474, 10.4116 ], [ 43.7115, 10.4983 ], [ 43.7908, 10.4979 ] ] ] ] } ] } },
{ "type": "Feature", "properties": { "area_id": "69456011", "confidence_level": 0, "ipc_period": "C", "overall_phase": 3, "population_min": "240", "population_percentage_min": "0.2", "justification": "", "prolonged_crisis": false, "population_phase_worse": null, "population_percentage_phase_worse": null, "analysis_id": "69455744", "admin_type": null, "area_name": "Lughaye idps", "view_level": "area", "hide_settlement_labels": false, "hide_area_labels": false, "hide_area_borders": false, "show_area_popups": true, "color": "#c80000", "estimated_population": "1172", "phase1_population": 530, "phase1_percent": 0.45, "phase1_color": "#fae61e", "phase2_population": 410, "phase2_percent": 0.35, "phase2_color": "#e67800", "phase3_population": 180, "phase3_percent": 0.15, "phase3_color": "#c80000", "phase4_population": 60, "phase4_percent": 0.05, "phase4_color": "#640000", "phase5_population": 0, "phase5_percent": 0, "phase5_color": "#640000" }, "geometry": { "type": "MultiPoint", "coordinates": [ [ 43.9436, 10.6845 ] ] } },
{ "type": "Feature", "properties": { "area_id": "69455807", "confidence_level": 0, "ipc_period": "C", "overall_phase": 3, "population_min": "520", "population_percentage_min": "0.2", "justification": "", "prolonged_crisis": false, "population_phase_worse": null, "population_percentage_phase_worse": null, "analysis_id": "69455744", "admin_type": null, "area_name": "Lughaye idps rural", "view_level": "area", "hide_settlement_labels": false, "hide_area_labels": false, "hide_area_borders": false, "show_area_popups": true, "color": "#c80000", "estimated_population": "2608", "phase1_population": 1170, "phase1_percent": 0.45, "phase1_color": "#fae61e", "phase2_population": 910, "phase2_percent": 0.35, "phase2_color": "#e67800", "phase3_population": 390, "phase3_percent": 0.15, "phase3_color": "#c80000", "phase4_population": 130, "phase4_percent": 0.05, "phase4_color": "#640000", "phase5_population": 0, "phase5_percent": 0, "phase5_color": "#640000" }, "geometry": { "type": "MultiPoint", "coordinates": [ [ 43.9021, 10.6585 ] ] } },
{ "type": "Feature", "properties": { "area_id": "69455864", "confidence_level": 0, "ipc_period": "C", "overall_phase": 3, "population_min": "24460", "population_percentage_min": "0.25", "justification": "", "prolonged_crisis": false, "population_phase_worse": null, "population_percentage_phase_worse": null, "analysis_id": "69455744", "admin_type": null, "area_name": "Marka (1)", "view_level": "area", "hide_settlement_labels": false, "hide_area_labels": false, "hide_area_borders": false, "show_area_popups": true, "color": "#c80000", "estimated_population": "97823", "phase1_population": 44020, "phase1_percent": 0.45, "phase1_color": "#fae61e", "phase2_population": 29350, "phase2_percent": 0.3, "phase2_color": "#e67800", "phase3_population": 24460, "phase3_percent": 0.25, "phase3_color": "#c80000", "phase4_population": 0, "phase4_percent": 0.0, "phase4_color": "#640000", "phase5_population": 0, "phase5_percent": 0, "phase5_color": "#640000" }, "geometry": { "type": "GeometryCollection", "geometries": [ { "type": "MultiPolygon", "coordinates": [ [ [ [ 44.841, 1.9217 ], [ 44.9187, 1.9217 ], [ 44.909511464, 1.914021468 ], [ 44.8329, 1.85 ], [ 44.78, 1.7611 ], [ 44.5089, 1.5555 ], [ 44.406, 1.5505 ], [ 44.5109, 1.6717 ], [ 44.841, 1.9217 ] ] ] ] } ] } },
{ "type": "Feature", "properties": { "area_id": "69455977", "confidence_level": 0, "ipc_period": "C", "overall_phase": 3, "population_min": "560", "population_percentage_min": "0.2", "justification": "", "prolonged_crisis": false, "population_phase_worse": null, "population_percentage_phase_worse": null, "analysis_id": "69455744", "admin_type": null, "area_name": "Marka (2)", "view_level": "area", "hide_settlement_labels": false, "hide_area_labels": false, "hide_area_borders": false, "show_area_popups": true, "color": "#c80000", "estimated_population": "2793", "phase1_population": 1540, "phase1_percent": 0.55, "phase1_color": "#fae61e", "phase2_population": 700, "phase2_percent": 0.25, "phase2_color": "#e67800", "phase3_population": 420, "phase3_percent": 0.15, "phase3_color": "#c80000", "phase4_population": 140, "phase4_percent": 0.05, "phase4_color": "#640000", "phase5_population": 0, "phase5_percent": 0, "phase5_color": "#640000" }, "geometry": { "type": "GeometryCollection", "geometries": [ { "type": "MultiPolygon", "coordinates": [ [ [ [ 45.1289, 1.9217 ], [ 44.8995, 1.788 ], [ 44.9559, 1.8739 ], [ 44.9622, 1.8769 ], [ 44.962099472, 1.876970827 ], [ 45.0524, 1.9217 ], [ 45.1289, 1.9217 ] ] ] ] } ] } },
{ "type": "Feature", "properties": { "area_id": "69456019", "confidence_level": 0, "ipc_period": "C", "overall_phase": 2, "population_min": "200", "population_percentage_min": "0.1", "justification": "", "prolonged_crisis": false, "population_phase_worse": null, "population_percentage_phase_worse": null, "analysis_id": "69455744", "admin_type": null, "area_name": "Sablaale (1)", "view_level": "area", "hide_settlement_labels": false, "hide_area_labels": false, "hide_area_borders": false, "show_area_popups": true, "color": "#e67800", "estimated_population": "2018", "phase1_population": 1310, "phase1_percent": 0.65, "phase1_color": "#fae61e", "phase2_population": 500, "phase2_percent": 0.25, "phase2_color": "#e67800", "phase3_population": 200, "phase3_percent": 0.1, "phase3_color": "#c80000", "phase4_population": 0, "phase4_percent": 0.0, "phase4_color": "#640000", "phase5_population": 0, "phase5_percent": 0, "phase5_color": "#640000" }, "geometry": { "type": "GeometryCollection", "geometries": [ { "type": "MultiPolygon", "coordinates": [ [ [ [ 43.8283, 1.2411 ], [ 43.9092, 1.349 ], [ 44.079, 1.4827 ], [ 44.1509, 1.4417 ], [ 43.8283, 1.2411 ] ] ] ] } ] } },
{ "type": "Feature", "properties": { "area_id": "69456400", "confidence_level": 0, "ipc_period": "C", "overall_phase": 3, "population_min": "19400", "population_percentage_min": "0.35", "justification": "", "prolonged_crisis": false, "population_phase_worse": null, "population_percentage_phase_worse": null, "analysis_id": "69455744", "admin_type": null, "area_name": "Cadaado (1)", "view_level": "area", "hide_settlement_labels": false, "hide_area_labels": false, "hide_area_borders": false, "show_area_popups": true, "color": "#c80000", "estimated_population": "55428", "phase1_population": 16630, "phase1_percent": 0.3, "phase1_color": "#fae61e", "phase2_population": 19400, "phase2_percent": 0.35, "phase2_color": "#e67800", "phase3_population": 13860, "phase3_percent": 0.25, "phase3_color": "#c80000", "phase4_population": 5540, "phase4_percent": 0.1, "phase4_color": "#640000", "phase5_population": 0, "phase5_percent": 0, "phase5_color": "#640000" }, "geometry": { "type": "GeometryCollection", "geometries": [ { "type": "MultiPolygon", "coordinates": [ [ [ [ 46.8773, 5.8332 ], [ 47.0486, 6.0589 ], [ 47.0914, 6.061 ], [ 47.2891, 6.1535 ], [ 47.4042, 6.1841 ], [ 47.4271, 6.2089 ], [ 47.4371, 6.2481 ], [ 47.444571101, 6.303681711 ], [ 47.580157131, 6.255354855 ], [ 47.343759325, 5.75424409 ], [ 46.8773, 5.8332 ] ] ] ] } ] } },
{ "type": "Feature", "properties": { "area_id": "69455885", "confidence_level": 0, "ipc_period": "C", "overall_phase": 2, "population_min": "5790", "population_percentage_min": "0.15", "justification": "", "prolonged_crisis": false, "population_phase_worse": null, "population_percentage_phase_worse": null, "analysis_id": "69455744", "admin_type": null, "area_name": "Ceel afweyn (3)", "view_level": "area", "hide_settlement_labels": false, "hide_area_labels": false, "hide_area_borders": false, "show_area_popups": true, "color": "#e67800", "estimated_population": "38617", "phase1_population": 13520, "phase1_percent": 0.35, "phase1_color": "#fae61e", "phase2_population": 19310, "phase2_percent": 0.5, "phase2_color": "#e67800", "phase3_population": 5790, "phase3_percent": 0.15, "phase3_color": "#c80000", "phase4_population": 0, "phase4_percent": 0.0, "phase4_color": "#640000", "phase5_population": 0, "phase5_percent": 0, "phase5_color": "#640000" }, "geometry": { "type": "GeometryCollection", "geometries": [ { "type": "MultiPolygon", "coordinates": [ [ [ [ 46.4884, 9.9156 ], [ 46.8935, 10.0489 ], [ 47.1057, 10.1714 ], [ 47.1315, 10.1253 ], [ 47.3132, 10.2423 ], [ 47.381, 10.1709 ], [ 47.361, 9.9109 ], [ 47.1009, 9.4428 ], [ 46.911, 9.431 ], [ 46.841, 9.421 ], [ 46.2672, 9.8772 ], [ 46.3841, 9.8736 ], [ 46.4884, 9.9156 ] ] ] ] } ] } },
{ "type": "Feature", "properties": { "area_id": "69456362", "confidence_level": 0, "ipc_period": "C", "overall_phase": 3, "population_min": "1120", "population_percentage_min": "0.35", "justification": "", "prolonged_crisis": false, "population_phase_worse": null, "population_percentage_phase_worse": null, "analysis_id": "69455744", "admin_type": null, "area_name": "Ceel waaq idps", "view_level": "area", "hide_settlement_labels": false, "hide_area_labels": false, "hide_area_borders": false, "show_area_popups": true, "color": "#c80000", "estimated_population": "3180", "phase1_population": 800, "phase1_percent": 0.25, "phase1_color": "#fae61e", "phase2_population": 1270, "phase2_percent": 0.4, "phase2_color": "#e67800", "phase3_population": 800, "phase3_percent": 0.25, "phase3_color": "#c80000", "phase4_population": 320, "phase4_percent": 0.1, "phase4_color": "#640000", "phase5_population": 0, "phase5_percent": 0, "phase5_color": "#640000" }, "geometry": { "type": "MultiPoint", "coordinates": [ [ 41.0153, 2.7904 ] ] } },
{ "type": "Feature", "properties": { "area_id": "69456336", "confidence_level": 0, "ipc_period": "C", "overall_phase": 3, "population_min": "490", "population_percentage_min": "0.25", "justification": "", "prolonged_crisis": false, "population_phase_worse": null, "population_percentage_phase_worse": null, "analysis_id": "69455744", "admin_type": null, "area_name": "Garbahaarey (3)", "view_level": "area", "hide_settlement_labels": false, "hide_area_labels": false, "hide_area_borders": false, "show_area_popups": true, "color": "#c80000", "estimated_population": "1947", "phase1_population": 880, "phase1_percent": 0.45, "phase1_color": "#fae61e", "phase2_population": 580, "phase2_percent": 0.3, "phase2_color": "#e67800", "phase3_population": 390, "phase3_percent": 0.2, "phase3_color": "#c80000", "phase4_population": 100, "phase4_percent": 0.05, "phase4_color": "#640000", "phase5_population": 0, "phase5_percent": 0, "phase5_color": "#640000" }, "geometry": { "type": "MultiPoint", "coordinates": [ [ 42.0616, 3.3177 ] ] } },
{ "type": "Feature", "properties": { "area_id": "69455803", "confidence_level": 0, "ipc_period": "C", "overall_phase": 2, "population_min": "14290", "population_percentage_min": "0.1", "justification": "", "prolonged_crisis": false, "population_phase_worse": null, "population_percentage_phase_worse": null, "analysis_id": "69455744", "admin_type": null, "area_name": "Jamaame (2)", "view_level": "area", "hide_settlement_labels": false, "hide_area_labels": false, "hide_area_borders": false, "show_area_popups": true, "color": "#e67800", "estimated_population": "142867", "phase1_population": 100010, "phase1_percent": 0.7, "phase1_color": "#fae61e", "phase2_population": 28570, "phase2_percent": 0.2, "phase2_color": "#e67800", "phase3_population": 14290, "phase3_percent": 0.1, "phase3_color": "#c80000", "phase4_population": 0, "phase4_percent": 0.0, "phase4_color": "#640000", "phase5_population": 0, "phase5_percent": 0, "phase5_color": "#640000" }, "geometry": { "type": "GeometryCollection", "geometries": [ { "type": "MultiPolygon", "coordinates": [ [ [ [ 42.724, -0.1706 ], [ 42.6776, -0.1339 ], [ 42.8008, -0.0421 ], [ 42.8769, 0.0536 ], [ 42.8054, 0.0696 ], [ 42.8414, 0.222 ], [ 42.9203, 0.3187 ], [ 43.1907, 0.3285 ], [ 42.886, -0.0102 ], [ 42.724, -0.1706 ] ] ] ] } ] } },
{ "type": "Feature", "properties": { "area_id": "69456165", "confidence_level": 0, "ipc_period": "C", "overall_phase": 3, "population_min": "442800", "population_percentage_min": "0.3", "justification": "", "prolonged_crisis": false, "population_phase_worse": null, "population_percentage_phase_worse": null, "analysis_id": "69455744", "admin_type": "idp", "area_name": "Mogadishu IDPS", "view_level": "area", "hide_settlement_labels": false, "hide_area_labels": false, "hide_area_borders": false, "show_area_popups": true, "color": "#c80000", "estimated_population": "1475981", "phase1_population": 516590, "phase1_percent": 0.35, "phase1_color": "#fae61e", "phase2_population": 516590, "phase2_percent": 0.35, "phase2_color": "#e67800", "phase3_population": 295200, "phase3_percent": 0.2, "phase3_color": "#c80000", "phase4_population": 147600, "phase4_percent": 0.1, "phase4_color": "#640000", "phase5_population": 0, "phase5_percent": 0, "phase5_color": "#640000" }, "geometry": { "type": "Point", "coordinates": [ 45.246435495, 1.99956616 ] } },
{ "type": "Feature", "properties": { "area_id": "69455778", "confidence_level": 0, "ipc_period": "C", "overall_phase": 2, "population_min": "0", "population_percentage_min": "0", "justification": "", "prolonged_crisis": false, "population_phase_worse": null, "population_percentage_phase_worse": null, "analysis_id": "69455744", "admin_type": "urb", "area_name": "Mogadishu URBAN", "view_level": "area", "hide_settlement_labels": false, "hide_area_labels": false, "hide_area_borders": false, "show_area_popups": true, "color": "#e67800", "estimated_population": "1348782", "phase1_population": 1079030, "phase1_percent": 0.8, "phase1_color": "#fae61e", "phase2_population": 269760, "phase2_percent": 0.2, "phase2_color": "#e67800", "phase3_population": 0, "phase3_percent": 0.0, "phase3_color": "#c80000", "phase4_population": 0, "phase4_percent": 0.0, "phase4_color": "#640000", "phase5_population": 0, "phase5_percent": 0, "phase5_color": "#640000" }, "geometry": { "type": "Point", "coordinates": [ 45.268059939, 1.923048511 ] } },
{ "type": "Feature", "properties": { "area_id": "69456003", "confidence_level": 0, "ipc_period": "C", "overall_phase": 3, "population_min": "390", "population_percentage_min": "0.25", "justification": "", "prolonged_crisis": false, "population_phase_worse": null, "population_percentage_phase_worse": null, "analysis_id": "69455744", "admin_type": "pnt", "area_name": "Oodwweyne NEW", "view_level": "area", "hide_settlement_labels": false, "hide_area_labels": false, "hide_area_borders": false, "show_area_popups": true, "color": "#c80000", "estimated_population": "1566", "phase1_population": 630, "phase1_percent": 0.4, "phase1_color": "#fae61e", "phase2_population": 550, "phase2_percent": 0.35, "phase2_color": "#e67800", "phase3_population": 310, "phase3_percent": 0.2, "phase3_color": "#c80000", "phase4_population": 80, "phase4_percent": 0.05, "phase4_color": "#640000", "phase5_population": 0, "phase5_percent": 0, "phase5_color": "#640000" }, "geometry": { "type": "Point", "coordinates": [ 45.01684089, 9.391629121 ] } },
{ "type": "Feature", "properties": { "area_id": "69456404", "confidence_level": 0, "ipc_period": "C", "overall_phase": 3, "population_min": "15200", "population_percentage_min": "0.25", "justification": "", "prolonged_crisis": false, "population_phase_worse": null, "population_percentage_phase_worse": null, "analysis_id": "69455744", "admin_type": null, "area_name": "Jilib urban", "view_level": "area", "hide_settlement_labels": false, "hide_area_labels": false, "hide_area_borders": false, "show_area_popups": true, "color": "#c80000", "estimated_population": "60802", "phase1_population": 18240, "phase1_percent": 0.3, "phase1_color": "#fae61e", "phase2_population": 27360, "phase2_percent": 0.45, "phase2_color": "#e67800", "phase3_population": 15200, "phase3_percent": 0.25, "phase3_color": "#c80000", "phase4_population": 0, "phase4_percent": 0.0, "phase4_color": "#640000", "phase5_population": 0, "phase5_percent": 0, "phase5_color": "#640000" }, "geometry": { "type": "MultiPoint", "coordinates": [ [ 42.7649, 0.4878 ] ] } },
{ "type": "Feature", "properties": { "area_id": "69455781", "confidence_level": 0, "ipc_period": "C", "overall_phase": 2, "population_min": "5930", "population_percentage_min": "0.15", "justification": "", "prolonged_crisis": false, "population_phase_worse": null, "population_percentage_phase_worse": null, "analysis_id": "69455744", "admin_type": null, "area_name": "Eyl (2)", "view_level": "area", "hide_settlement_labels": false, "hide_area_labels": false, "hide_area_borders": false, "show_area_popups": true, "color": "#e67800", "estimated_population": "39511", "phase1_population": 19760, "phase1_percent": 0.5, "phase1_color": "#fae61e", "phase2_population": 13830, "phase2_percent": 0.35, "phase2_color": "#e67800", "phase3_population": 5930, "phase3_percent": 0.15, "phase3_color": "#c80000", "phase4_population": 0, "phase4_percent": 0.0, "phase4_color": "#640000", "phase5_population": 0, "phase5_percent": 0, "phase5_color": "#640000" }, "geometry": { "type": "GeometryCollection", "geometries": [ { "type": "MultiPolygon", "coordinates": [ [ [ [ 49.5321, 7.5354 ], [ 49.6065, 7.6897 ], [ 49.6656, 7.7657 ], [ 49.7141, 7.9375 ], [ 49.7307, 8.1018 ], [ 49.8203, 8.1365 ], [ 49.8608, 8.2687 ], [ 49.8553, 8.351 ], [ 49.8911, 8.4066 ], [ 49.9113, 8.4315 ], [ 49.9572, 8.4567 ], [ 50.0791, 8.416 ], [ 50.1164, 8.3805 ], [ 50.1172, 8.3819 ], [ 50.1757, 8.3296 ], [ 50.1303, 8.1996 ], [ 49.9855, 8.0969 ], [ 49.8364, 7.9359 ], [ 49.8106, 7.8194 ], [ 49.8373, 7.7663 ], [ 49.7431, 7.5609 ], [ 49.6508, 7.399 ], [ 49.5321, 7.5354 ] ] ] ] } ] } },
{ "type": "Feature", "properties": { "area_id": "69456059", "confidence_level": 0, "ipc_period": "C", "overall_phase": 3, "population_min": "1320", "population_percentage_min": "0.3", "justification": "", "prolonged_crisis": false, "population_phase_worse": null, "population_percentage_phase_worse": null, "analysis_id": "69455744", "admin_type": null, "area_name": "Doolow", "view_level": "area", "hide_settlement_labels": false, "hide_area_labels": false, "hide_area_borders": false, "show_area_popups": true, "color": "#c80000", "estimated_population": "4410", "phase1_population": 1100, "phase1_percent": 0.25, "phase1_color": "#fae61e", "phase2_population": 1980, "phase2_percent": 0.45, "phase2_color": "#e67800", "phase3_population": 1100, "phase3_percent": 0.25, "phase3_color": "#c80000", "phase4_population": 220, "phase4_percent": 0.05, "phase4_color": "#640000", "phase5_population": 0, "phase5_percent": 0, "phase5_color": "#640000" }, "geometry": { "type": "GeometryCollection", "geometries": [ { "type": "MultiPolygon", "coordinates": [ [ [ [ 42.371, 4.121 ], [ 42.3213, 4.0042 ], [ 42.1181, 4.1096 ], [ 41.9096, 3.9832 ], [ 41.9471, 4.0571 ], [ 42.0886, 4.1808 ], [ 42.32, 4.1872 ], [ 42.371, 4.121 ] ] ] ] } ] } },
{ "type": "Feature", "properties": { "area_id": "69456426", "confidence_level": 0, "ipc_period": "C", "overall_phase": 2, "population_min": "3090", "population_percentage_min": "0.1", "justification": "", "prolonged_crisis": false, "population_phase_worse": null, "population_percentage_phase_worse": null, "analysis_id": "69455744", "admin_type": null, "area_name": "Doolow (1)", "view_level": "area", "hide_settlement_labels": false, "hide_area_labels": false, "hide_area_borders": false, "show_area_popups": true, "color": "#e67800", "estimated_population": "30856", "phase1_population": 20060, "phase1_percent": 0.65, "phase1_color": "#fae61e", "phase2_population": 7710, "phase2_percent": 0.25, "phase2_color": "#e67800", "phase3_population": 3090, "phase3_percent": 0.1, "phase3_color": "#c80000", "phase4_population": 0, "phase4_percent": 0.0, "phase4_color": "#640000", "phase5_population": 0, "phase5_percent": 0, "phase5_color": "#640000" }, "geometry": { "type": "GeometryCollection", "geometries": [ { "type": "MultiPolygon", "coordinates": [ [ [ [ 41.9224, 3.8864 ], [ 41.8595, 3.9121 ], [ 41.8706, 3.9321 ], [ 41.9224, 3.8864 ] ] ], [ [ [ 42.2765, 3.8987 ], [ 42.2309, 3.7915 ], [ 42.1009, 3.8115 ], [ 42.0293, 3.8426 ], [ 42.0477, 3.8875 ], [ 42.1619, 3.9066 ], [ 42.2765, 3.8987 ] ] ] ] } ] } },
{ "type": "Feature", "properties": { "area_id": "69456169", "confidence_level": 0, "ipc_period": "C", "overall_phase": 2, "population_min": "660", "population_percentage_min": "0.1", "justification": "", "prolonged_crisis": false, "population_phase_worse": null, "population_percentage_phase_worse": null, "analysis_id": "69455744", "admin_type": null, "area_name": "Doolow (2)", "view_level": "area", "hide_settlement_labels": false, "hide_area_labels": false, "hide_area_borders": false, "show_area_popups": true, "color": "#e67800", "estimated_population": "6613", "phase1_population": 4630, "phase1_percent": 0.7, "phase1_color": "#fae61e", "phase2_population": 1320, "phase2_percent": 0.2, "phase2_color": "#e67800", "phase3_population": 660, "phase3_percent": 0.1, "phase3_color": "#c80000", "phase4_population": 0, "phase4_percent": 0.0, "phase4_color": "#640000", "phase5_population": 0, "phase5_percent": 0, "phase5_color": "#640000" }, "geometry": { "type": "GeometryCollection", "geometries": [ { "type": "MultiPolygon", "coordinates": [ [ [ [ 42.3213, 4.0042 ], [ 42.2765, 3.8987 ], [ 42.1619, 3.9066 ], [ 42.0477, 3.8875 ], [ 42.0293, 3.8426 ], [ 41.9224, 3.8864 ], [ 41.8706, 3.9321 ], [ 41.9096, 3.9832 ], [ 42.1181, 4.1096 ], [ 42.3213, 4.0042 ] ] ], [ [ [ 42.4022, 4.1945 ], [ 42.371, 4.121 ], [ 42.32, 4.1872 ], [ 42.4022, 4.1945 ] ] ] ] } ] } },
{ "type": "Feature", "properties": { "area_id": "69456428", "confidence_level": 0, "ipc_period": "C", "overall_phase": 2, "population_min": "7120", "population_percentage_min": "0.15", "justification": "", "prolonged_crisis": false, "population_phase_worse": null, "population_percentage_phase_worse": null, "analysis_id": "69455744", "admin_type": null, "area_name": "Eyl", "view_level": "area", "hide_settlement_labels": false, "hide_area_labels": false, "hide_area_borders": false, "show_area_popups": true, "color": "#e67800", "estimated_population": "47435", "phase1_population": 23720, "phase1_percent": 0.5, "phase1_color": "#fae61e", "phase2_population": 16600, "phase2_percent": 0.35, "phase2_color": "#e67800", "phase3_population": 7120, "phase3_percent": 0.15, "phase3_color": "#c80000", "phase4_population": 0, "phase4_percent": 0.0, "phase4_color": "#640000", "phase5_population": 0, "phase5_percent": 0, "phase5_color": "#640000" }, "geometry": { "type": "GeometryCollection", "geometries": [ { "type": "MultiPolygon", "coordinates": [ [ [ [ 49.3001, 8.6854 ], [ 49.4511, 8.5911 ], [ 49.6811, 8.5811 ], [ 49.7811, 8.5311 ], [ 49.8553, 8.351 ], [ 49.8608, 8.2687 ], [ 49.8203, 8.1365 ], [ 49.7307, 8.1018 ], [ 49.730693247, 8.101800795 ], [ 49.7294, 8.1013 ], [ 49.611, 8.1159 ], [ 49.308, 8.1282 ], [ 49.2063, 8.1498 ], [ 49.1811, 8.4111 ], [ 49.3001, 8.6854 ] ] ], [ [ [ 49.9113, 8.4315 ], [ 49.9311, 8.4611 ], [ 50.0511, 8.4411 ], [ 50.0791, 8.416 ], [ 49.9572, 8.4567 ], [ 49.9113, 8.4315 ] ] ] ] } ] } },
{ "type": "Feature", "properties": { "area_id": "69456326", "confidence_level": 0, "ipc_period": "C", "overall_phase": 2, "population_min": "4740", "population_percentage_min": "0.15", "justification": "", "prolonged_crisis": false, "population_phase_worse": null, "population_percentage_phase_worse": null, "analysis_id": "69455744", "admin_type": null, "area_name": "Eyl (1)", "view_level": "area", "hide_settlement_labels": false, "hide_area_labels": false, "hide_area_borders": false, "show_area_popups": true, "color": "#e67800", "estimated_population": "31615", "phase1_population": 17390, "phase1_percent": 0.55, "phase1_color": "#fae61e", "phase2_population": 9480, "phase2_percent": 0.3, "phase2_color": "#e67800", "phase3_population": 4740, "phase3_percent": 0.15, "phase3_color": "#c80000", "phase4_population": 0, "phase4_percent": 0.0, "phase4_color": "#640000", "phase5_population": 0, "phase5_percent": 0, "phase5_color": "#640000" }, "geometry": { "type": "GeometryCollection", "geometries": [ { "type": "MultiPolygon", "coordinates": [ [ [ [ 49.0515, 7.7099 ], [ 49.191, 8.0211 ], [ 49.2063, 8.1498 ], [ 49.308, 8.1282 ], [ 49.611, 8.1159 ], [ 49.7294, 8.1013 ], [ 49.730693247, 8.101800795 ], [ 49.7307, 8.1018 ], [ 49.7141, 7.9375 ], [ 49.1937, 7.782 ], [ 49.108, 7.7063 ], [ 49.0515, 7.7099 ] ] ] ] } ] } },
{ "type": "Feature", "properties": { "area_id": "69455915", "confidence_level": 0, "ipc_period": "C", "overall_phase": 4, "population_min": "5200", "population_percentage_min": "0.55", "justification": "", "prolonged_crisis": false, "population_phase_worse": null, "population_percentage_phase_worse": null, "analysis_id": "69455744", "admin_type": null, "area_name": "Xudur idps", "view_level": "area", "hide_settlement_labels": false, "hide_area_labels": false, "hide_area_borders": false, "show_area_popups": true, "color": "#640000", "estimated_population": "9458", "phase1_population": 1890, "phase1_percent": 0.2, "phase1_color": "#fae61e", "phase2_population": 2360, "phase2_percent": 0.25, "phase2_color": "#e67800", "phase3_population": 2360, "phase3_percent": 0.25, "phase3_color": "#c80000", "phase4_population": 2840, "phase4_percent": 0.3, "phase4_color": "#640000", "phase5_population": 0, "phase5_percent": 0, "phase5_color": "#640000" }, "geometry": { "type": "MultiPoint", "coordinates": [ [ 43.8919, 4.1221 ] ] } },
{ "type": "Feature", "properties": { "area_id": "69455919", "confidence_level": 0, "ipc_period": "C", "overall_phase": 3, "population_min": "7390", "population_percentage_min": "0.35", "justification": "", "prolonged_crisis": false, "population_phase_worse": null, "population_percentage_phase_worse": null, "analysis_id": "69455744", "admin_type": null, "area_name": "Xudur urban", "view_level": "area", "hide_settlement_labels": false, "hide_area_labels": false, "hide_area_borders": false, "show_area_popups": true, "color": "#c80000", "estimated_population": "21105", "phase1_population": 8440, "phase1_percent": 0.4, "phase1_color": "#fae61e", "phase2_population": 5280, "phase2_percent": 0.25, "phase2_color": "#e67800", "phase3_population": 4220, "phase3_percent": 0.2, "phase3_color": "#c80000", "phase4_population": 3170, "phase4_percent": 0.15, "phase4_color": "#640000", "phase5_population": 0, "phase5_percent": 0, "phase5_color": "#640000" }, "geometry": { "type": "MultiPoint", "coordinates": [ [ 43.8892, 4.122 ] ] } },
{ "type": "Feature", "properties": { "area_id": "69455995", "confidence_level": 0, "ipc_period": "C", "overall_phase": 2, "population_min": "220", "population_percentage_min": "0.1", "justification": "", "prolonged_crisis": false, "population_phase_worse": null, "population_percentage_phase_worse": null, "analysis_id": "69455744", "admin_type": null, "area_name": "Zeylac", "view_level": "area", "hide_settlement_labels": false, "hide_area_labels": false, "hide_area_borders": false, "show_area_popups": true, "color": "#e67800", "estimated_population": "2160", "phase1_population": 1080, "phase1_percent": 0.5, "phase1_color": "#fae61e", "phase2_population": 860, "phase2_percent": 0.4, "phase2_color": "#e67800", "phase3_population": 220, "phase3_percent": 0.1, "phase3_color": "#c80000", "phase4_population": 0, "phase4_percent": 0.0, "phase4_color": "#640000", "phase5_population": 0, "phase5_percent": 0, "phase5_color": "#640000" }, "geometry": { "type": "GeometryCollection", "geometries": [ { "type": "MultiPolygon", "coordinates": [ [ [ [ 43.0517, 10.4304 ], [ 42.8184, 10.319 ], [ 42.7476, 10.5132 ], [ 42.6859, 10.6139 ], [ 42.96, 10.9822 ], [ 43.0094, 10.904 ], [ 42.9518, 10.7455 ], [ 42.8439, 10.5941 ], [ 42.8971, 10.5054 ], [ 43.0517, 10.4304 ] ] ] ] } ] } },
{ "type": "Feature", "properties": { "area_id": "69455895", "confidence_level": 0, "ipc_period": "C", "overall_phase": 2, "population_min": "7780", "population_percentage_min": "0.15", "justification": "", "prolonged_crisis": false, "population_phase_worse": null, "population_percentage_phase_worse": null, "analysis_id": "69455744", "admin_type": null, "area_name": "Zeylac (1)", "view_level": "area", "hide_settlement_labels": false, "hide_area_labels": false, "hide_area_borders": false, "show_area_popups": true, "color": "#e67800", "estimated_population": "51836", "phase1_population": 25920, "phase1_percent": 0.5, "phase1_color": "#fae61e", "phase2_population": 18140, "phase2_percent": 0.35, "phase2_color": "#e67800", "phase3_population": 7780, "phase3_percent": 0.15, "phase3_color": "#c80000", "phase4_population": 0, "phase4_percent": 0.0, "phase4_color": "#640000", "phase5_population": 0, "phase5_percent": 0, "phase5_color": "#640000" }, "geometry": { "type": "GeometryCollection", "geometries": [ { "type": "MultiPolygon", "coordinates": [ [ [ [ 43.0517, 10.4304 ], [ 42.8971, 10.5054 ], [ 42.8439, 10.5941 ], [ 42.9518, 10.7455 ], [ 43.0094, 10.904 ], [ 42.96, 10.9822 ], [ 43.2556, 11.4704 ], [ 43.3161, 11.4658 ], [ 43.3919, 11.3806 ], [ 43.4804, 11.3298 ], [ 43.5171, 11.2005 ], [ 43.6991, 10.9357 ], [ 43.1309, 10.6909 ], [ 43.2209, 10.5009 ], [ 43.0517, 10.4304 ] ] ] ] } ] } },
{ "type": "Feature", "properties": { "area_id": "69455767", "confidence_level": 0, "ipc_period": "C", "overall_phase": 3, "population_min": "310", "population_percentage_min": "0.2", "justification": "", "prolonged_crisis": false, "population_phase_worse": null, "population_percentage_phase_worse": null, "analysis_id": "69455744", "admin_type": null, "area_name": "Zeylac idps", "view_level": "area", "hide_settlement_labels": false, "hide_area_labels": false, "hide_area_borders": false, "show_area_popups": true, "color": "#c80000", "estimated_population": "1530", "phase1_population": 690, "phase1_percent": 0.45, "phase1_color": "#fae61e", "phase2_population": 540, "phase2_percent": 0.35, "phase2_color": "#e67800", "phase3_population": 230, "phase3_percent": 0.15, "phase3_color": "#c80000", "phase4_population": 80, "phase4_percent": 0.05, "phase4_color": "#640000", "phase5_population": 0, "phase5_percent": 0, "phase5_color": "#640000" }, "geometry": { "type": "MultiPoint", "coordinates": [ [ 43.476, 11.3523 ] ] } },
{ "type": "Feature", "properties": { "area_id": "69456314", "confidence_level": 0, "ipc_period": "C", "overall_phase": 3, "population_min": "25100", "population_percentage_min": "0.45", "justification": "", "prolonged_crisis": false, "population_phase_worse": null, "population_percentage_phase_worse": null, "analysis_id": "69455744", "admin_type": null, "area_name": "Luuq idps", "view_level": "area", "hide_settlement_labels": false, "hide_area_labels": false, "hide_area_borders": false, "show_area_popups": true, "color": "#c80000", "estimated_population": "55768", "phase1_population": 19520, "phase1_percent": 0.35, "phase1_color": "#fae61e", "phase2_population": 11150, "phase2_percent": 0.2, "phase2_color": "#e67800", "phase3_population": 16730, "phase3_percent": 0.3, "phase3_color": "#c80000", "phase4_population": 8370, "phase4_percent": 0.15, "phase4_color": "#640000", "phase5_population": 0, "phase5_percent": 0, "phase5_color": "#640000" }, "geometry": { "type": "MultiPoint", "coordinates": [ [ 42.5463, 3.7969 ] ] } },
{ "type": "Feature", "properties": { "area_id": "69455983", "confidence_level": 0, "ipc_period": "C", "overall_phase": 3, "population_min": "440", "population_percentage_min": "0.3", "justification": "", "prolonged_crisis": false, "population_phase_worse": null, "population_percentage_phase_worse": null, "analysis_id": "69455744", "admin_type": null, "area_name": "Wanla weyn idps", "view_level": "area", "hide_settlement_labels": false, "hide_area_labels": false, "hide_area_borders": false, "show_area_popups": true, "color": "#c80000", "estimated_population": "1458", "phase1_population": 510, "phase1_percent": 0.35, "phase1_color": "#fae61e", "phase2_population": 510, "phase2_percent": 0.35, "phase2_color": "#e67800", "phase3_population": 290, "phase3_percent": 0.2, "phase3_color": "#c80000", "phase4_population": 150, "phase4_percent": 0.1, "phase4_color": "#640000", "phase5_population": 0, "phase5_percent": 0, "phase5_color": "#640000" }, "geometry": { "type": "MultiPoint", "coordinates": [ [ 44.8983, 2.6175 ] ] } },
{ "type": "Feature", "properties": { "area_id": "69455788", "confidence_level": 0, "ipc_period": "C", "overall_phase": 2, "population_min": "2160", "population_percentage_min": "0.1", "justification": "", "prolonged_crisis": false, "population_phase_worse": null, "population_percentage_phase_worse": null, "analysis_id": "69455744", "admin_type": null, "area_name": "Luuq urban", "view_level": "area", "hide_settlement_labels": false, "hide_area_labels": false, "hide_area_borders": false, "show_area_popups": true, "color": "#e67800", "estimated_population": "21586", "phase1_population": 11870, "phase1_percent": 0.55, "phase1_color": "#fae61e", "phase2_population": 7560, "phase2_percent": 0.35, "phase2_color": "#e67800", "phase3_population": 2160, "phase3_percent": 0.1, "phase3_color": "#c80000", "phase4_population": 0, "phase4_percent": 0.0, "phase4_color": "#640000", "phase5_population": 0, "phase5_percent": 0, "phase5_color": "#640000" }, "geometry": { "type": "MultiPoint", "coordinates": [ [ 42.5418, 3.7967 ] ] } },
{ "type": "Feature", "properties": { "area_id": "69456127", "confidence_level": 0, "ipc_period": "C", "overall_phase": 2, "population_min": "2110", "population_percentage_min": "0.05", "justification": "", "prolonged_crisis": false, "population_phase_worse": null, "population_percentage_phase_worse": null, "analysis_id": "69455744", "admin_type": null, "area_name": "Xudur (1)", "view_level": "area", "hide_settlement_labels": false, "hide_area_labels": false, "hide_area_borders": false, "show_area_popups": true, "color": "#e67800", "estimated_population": "42189", "phase1_population": 31640, "phase1_percent": 0.75, "phase1_color": "#fae61e", "phase2_population": 8440, "phase2_percent": 0.2, "phase2_color": "#e67800", "phase3_population": 2110, "phase3_percent": 0.05, "phase3_color": "#c80000", "phase4_population": 0, "phase4_percent": 0.0, "phase4_color": "#640000", "phase5_population": 0, "phase5_percent": 0, "phase5_color": "#640000" }, "geometry": { "type": "GeometryCollection", "geometries": [ { "type": "MultiPolygon", "coordinates": [ [ [ [ 44.2909, 3.6149 ], [ 44.1809, 3.8549 ], [ 43.9509, 3.9249 ], [ 43.8809, 3.9249 ], [ 43.795536873, 3.886960833 ], [ 43.6949, 3.9875 ], [ 43.8063, 4.0488 ], [ 43.9964, 4.011 ], [ 44.2909, 3.9281 ], [ 44.2909, 3.6149 ] ] ] ] } ] } },
{ "type": "Feature", "properties": { "area_id": "69455909", "confidence_level": 0, "ipc_period": "C", "overall_phase": 2, "population_min": "1400", "population_percentage_min": "0.1", "justification": "", "prolonged_crisis": false, "population_phase_worse": null, "population_percentage_phase_worse": null, "analysis_id": "69455744", "admin_type": null, "area_name": "Marka", "view_level": "area", "hide_settlement_labels": false, "hide_area_labels": false, "hide_area_borders": false, "show_area_popups": true, "color": "#e67800", "estimated_population": "13977", "phase1_population": 9090, "phase1_percent": 0.65, "phase1_color": "#fae61e", "phase2_population": 3490, "phase2_percent": 0.25, "phase2_color": "#e67800", "phase3_population": 1400, "phase3_percent": 0.1, "phase3_color": "#c80000", "phase4_population": 0, "phase4_percent": 0.0, "phase4_color": "#640000", "phase5_population": 0, "phase5_percent": 0, "phase5_color": "#640000" }, "geometry": { "type": "GeometryCollection", "geometries": [ { "type": "MultiPolygon", "coordinates": [ [ [ [ 44.962099472, 1.876970827 ], [ 44.9622, 1.8769 ], [ 44.9559, 1.8739 ], [ 44.8995, 1.788 ], [ 44.6054, 1.5982 ], [ 44.5014, 1.5135 ], [ 44.3809, 1.5317 ], [ 44.406, 1.5505 ], [ 44.5089, 1.5555 ], [ 44.78, 1.7611 ], [ 44.8329, 1.85 ], [ 44.909511464, 1.914021468 ], [ 44.962099472, 1.876970827 ] ] ] ] } ] } },
{ "type": "Feature", "properties": { "area_id": "69455989", "confidence_level": 0, "ipc_period": "C", "overall_phase": 2, "population_min": "810", "population_percentage_min": "0.15", "justification": "", "prolonged_crisis": false, "population_phase_worse": null, "population_percentage_phase_worse": null, "analysis_id": "69455744", "admin_type": null, "area_name": "Qandala (1)", "view_level": "area", "hide_settlement_labels": false, "hide_area_labels": false, "hide_area_borders": false, "show_area_popups": true, "color": "#e67800", "estimated_population": "5385", "phase1_population": 2690, "phase1_percent": 0.5, "phase1_color": "#fae61e", "phase2_population": 1880, "phase2_percent": 0.35, "phase2_color": "#e67800", "phase3_population": 810, "phase3_percent": 0.15, "phase3_color": "#c80000", "phase4_population": 0, "phase4_percent": 0.0, "phase4_color": "#640000", "phase5_population": 0, "phase5_percent": 0, "phase5_color": "#640000" }, "geometry": { "type": "GeometryCollection", "geometries": [ { "type": "MultiPolygon", "coordinates": [ [ [ [ 49.621846993, 10.511673605 ], [ 49.8232, 10.7202 ], [ 49.9186, 10.7243 ], [ 50.2084, 10.6157 ], [ 49.621846993, 10.511673605 ] ] ] ] } ] } },
{ "type": "Feature", "properties": { "area_id": "69455825", "confidence_level": 0, "ipc_period": "C", "overall_phase": 3, "population_min": "770", "population_percentage_min": "0.25", "justification": "", "prolonged_crisis": false, "population_phase_worse": null, "population_percentage_phase_worse": null, "analysis_id": "69455744", "admin_type": null, "area_name": "Qandala IDP_N", "view_level": "area", "hide_settlement_labels": false, "hide_area_labels": false, "hide_area_borders": false, "show_area_popups": true, "color": "#c80000", "estimated_population": "3090", "phase1_population": 1390, "phase1_percent": 0.45, "phase1_color": "#fae61e", "phase2_population": 930, "phase2_percent": 0.3, "phase2_color": "#e67800", "phase3_population": 460, "phase3_percent": 0.15, "phase3_color": "#c80000", "phase4_population": 310, "phase4_percent": 0.1, "phase4_color": "#640000", "phase5_population": 0, "phase5_percent": 0, "phase5_color": "#640000" }, "geometry": { "type": "Point", "coordinates": [ 49.808147296, 11.441694059 ] } },
{ "type": "Feature", "properties": { "area_id": "69456125", "confidence_level": 0, "ipc_period": "C", "overall_phase": 3, "population_min": "1490", "population_percentage_min": "0.2", "justification": "", "prolonged_crisis": false, "population_phase_worse": null, "population_percentage_phase_worse": null, "analysis_id": "69455744", "admin_type": null, "area_name": "Qandala urban", "view_level": "area", "hide_settlement_labels": false, "hide_area_labels": false, "hide_area_borders": false, "show_area_popups": true, "color": "#c80000", "estimated_population": "7463", "phase1_population": 4100, "phase1_percent": 0.55, "phase1_color": "#fae61e", "phase2_population": 1870, "phase2_percent": 0.25, "phase2_color": "#e67800", "phase3_population": 1490, "phase3_percent": 0.2, "phase3_color": "#c80000", "phase4_population": 0, "phase4_percent": 0.0, "phase4_color": "#640000", "phase5_population": 0, "phase5_percent": 0, "phase5_color": "#640000" }, "geometry": { "type": "MultiPoint", "coordinates": [ [ 49.8603, 11.4597 ] ] } },
{ "type": "Feature", "properties": { "area_id": "69455931", "confidence_level": 0, "ipc_period": "C", "overall_phase": 3, "population_min": "6540", "population_percentage_min": "0.35", "justification": "", "prolonged_crisis": false, "population_phase_worse": null, "population_percentage_phase_worse": null, "analysis_id": "69455744", "admin_type": null, "area_name": "Qansax dheere (1)", "view_level": "area", "hide_settlement_labels": false, "hide_area_labels": false, "hide_area_borders": false, "show_area_popups": true, "color": "#c80000", "estimated_population": "18693", "phase1_population": 5610, "phase1_percent": 0.3, "phase1_color": "#fae61e", "phase2_population": 6540, "phase2_percent": 0.35, "phase2_color": "#e67800", "phase3_population": 4670, "phase3_percent": 0.25, "phase3_color": "#c80000", "phase4_population": 1870, "phase4_percent": 0.1, "phase4_color": "#640000", "phase5_population": 0, "phase5_percent": 0, "phase5_color": "#640000" }, "geometry": { "type": "GeometryCollection", "geometries": [ { "type": "MultiPolygon", "coordinates": [ [ [ [ 43.1209, 2.5716 ], [ 43.0147, 2.5767 ], [ 43.1209, 2.6766 ], [ 43.1209, 2.575 ], [ 43.1209, 2.5716 ] ] ] ] } ] } },
{ "type": "Feature", "properties": { "area_id": "69456151", "confidence_level": 0, "ipc_period": "C", "overall_phase": 3, "population_min": "2210", "population_percentage_min": "0.2", "justification": "", "prolonged_crisis": false, "population_phase_worse": null, "population_percentage_phase_worse": null, "analysis_id": "69455744", "admin_type": null, "area_name": "Eyl IDP_N", "view_level": "area", "hide_settlement_labels": false, "hide_area_labels": false, "hide_area_borders": false, "show_area_popups": true, "color": "#c80000", "estimated_population": "11082", "phase1_population": 4990, "phase1_percent": 0.45, "phase1_color": "#fae61e", "phase2_population": 3880, "phase2_percent": 0.35, "phase2_color": "#e67800", "phase3_population": 1660, "phase3_percent": 0.15, "phase3_color": "#c80000", "phase4_population": 550, "phase4_percent": 0.05, "phase4_color": "#640000", "phase5_population": 0, "phase5_percent": 0, "phase5_color": "#640000" }, "geometry": { "type": "Point", "coordinates": [ 49.112936537, 6.604176911 ] } },
{ "type": "Feature", "properties": { "area_id": "69456081", "confidence_level": 0, "ipc_period": "C", "overall_phase": 3, "population_min": "49880", "population_percentage_min": "0.35", "justification": "", "prolonged_crisis": false, "population_phase_worse": null, "population_percentage_phase_worse": null, "analysis_id": "69455744", "admin_type": "idp", "area_name": "Dolow IDPS", "view_level": "area", "hide_settlement_labels": false, "hide_area_labels": false, "hide_area_borders": false, "show_area_popups": true, "color": "#c80000", "estimated_population": "142512", "phase1_population": 35630, "phase1_percent": 0.25, "phase1_color": "#fae61e", "phase2_population": 57000, "phase2_percent": 0.4, "phase2_color": "#e67800", "phase3_population": 35630, "phase3_percent": 0.25, "phase3_color": "#c80000", "phase4_population": 14250, "phase4_percent": 0.1, "phase4_color": "#640000", "phase5_population": 0, "phase5_percent": 0, "phase5_color": "#640000" }, "geometry": { "type": "Point", "coordinates": [ 42.063565367, 4.158916005 ] } },
{ "type": "Feature", "properties": { "area_id": "69456380", "confidence_level": 0, "ipc_period": "C", "overall_phase": 1, "population_min": "510", "population_percentage_min": "0.05", "justification": "", "prolonged_crisis": false, "population_phase_worse": null, "population_percentage_phase_worse": null, "analysis_id": "69455744", "admin_type": null, "area_name": "Qoryooley (1)", "view_level": "area", "hide_settlement_labels": false, "hide_area_labels": false, "hide_area_borders": false, "show_area_popups": true, "color": "#fae61e", "estimated_population": "10166", "phase1_population": 8640, "phase1_percent": 0.85, "phase1_color": "#fae61e", "phase2_population": 1020, "phase2_percent": 0.1, "phase2_color": "#e67800", "phase3_population": 510, "phase3_percent": 0.05, "phase3_color": "#c80000", "phase4_population": 0, "phase4_percent": 0.0, "phase4_color": "#640000", "phase5_population": 0, "phase5_percent": 0, "phase5_color": "#640000" }, "geometry": { "type": "GeometryCollection", "geometries": [ { "type": "MultiPolygon", "coordinates": [ [ [ [ 44.4433, 2.13 ], [ 44.4726, 2.0213 ], [ 44.5927, 1.9849 ], [ 44.6487, 1.9128 ], [ 44.6135, 1.8857 ], [ 44.5022, 1.8695 ], [ 44.3714, 1.7218 ], [ 43.9014, 1.8907 ], [ 44.4433, 2.13 ] ] ] ] } ] } },
{ "type": "Feature", "properties": { "area_id": "69455911", "confidence_level": 0, "ipc_period": "C", "overall_phase": 2, "population_min": "2130", "population_percentage_min": "0.1", "justification": "", "prolonged_crisis": false, "population_phase_worse": null, "population_percentage_phase_worse": null, "analysis_id": "69455744", "admin_type": "urb", "area_name": "Dolow URBAN", "view_level": "area", "hide_settlement_labels": false, "hide_area_labels": false, "hide_area_borders": false, "show_area_popups": true, "color": "#e67800", "estimated_population": "21345", "phase1_population": 11740, "phase1_percent": 0.55, "phase1_color": "#fae61e", "phase2_population": 7470, "phase2_percent": 0.35, "phase2_color": "#e67800", "phase3_population": 2130, "phase3_percent": 0.1, "phase3_color": "#c80000", "phase4_population": 0, "phase4_percent": 0.0, "phase4_color": "#640000", "phase5_population": 0, "phase5_percent": 0, "phase5_color": "#640000" }, "geometry": { "type": "Point", "coordinates": [ 42.065545291, 4.119119988 ] } },
{ "type": "Feature", "properties": { "area_id": "69455943", "confidence_level": 0, "ipc_period": "C", "overall_phase": 2, "population_min": "3560", "population_percentage_min": "0.15", "justification": "", "prolonged_crisis": false, "population_phase_worse": null, "population_percentage_phase_worse": null, "analysis_id": "69455744", "admin_type": null, "area_name": "Eyl (3)", "view_level": "area", "hide_settlement_labels": false, "hide_area_labels": false, "hide_area_borders": false, "show_area_popups": true, "color": "#e67800", "estimated_population": "23718", "phase1_population": 10670, "phase1_percent": 0.45, "phase1_color": "#fae61e", "phase2_population": 9490, "phase2_percent": 0.4, "phase2_color": "#e67800", "phase3_population": 3560, "phase3_percent": 0.15, "phase3_color": "#c80000", "phase4_population": 0, "phase4_percent": 0.0, "phase4_color": "#640000", "phase5_population": 0, "phase5_percent": 0, "phase5_color": "#640000" }, "geometry": { "type": "GeometryCollection", "geometries": [ { "type": "MultiPolygon", "coordinates": [ [ [ [ 49.5321, 7.5354 ], [ 49.191, 7.7011 ], [ 49.108, 7.7063 ], [ 49.1937, 7.782 ], [ 49.7141, 7.9375 ], [ 49.6656, 7.7657 ], [ 49.6065, 7.6897 ], [ 49.5321, 7.5354 ] ] ] ] } ] } },
{ "type": "Feature", "properties": { "area_id": "69456338", "confidence_level": 0, "ipc_period": "C", "overall_phase": 4, "population_min": "212730", "population_percentage_min": "0.5", "justification": "", "prolonged_crisis": false, "population_phase_worse": null, "population_percentage_phase_worse": null, "analysis_id": "69455744", "admin_type": "idp", "area_name": "Baydoa IDPS", "view_level": "area", "hide_settlement_labels": false, "hide_area_labels": false, "hide_area_borders": false, "show_area_popups": true, "color": "#640000", "estimated_population": "425467", "phase1_population": 85090, "phase1_percent": 0.2, "phase1_color": "#fae61e", "phase2_population": 127640, "phase2_percent": 0.3, "phase2_color": "#e67800", "phase3_population": 127640, "phase3_percent": 0.3, "phase3_color": "#c80000", "phase4_population": 85090, "phase4_percent": 0.2, "phase4_color": "#640000", "phase5_population": 0, "phase5_percent": 0, "phase5_color": "#640000" }, "geometry": { "type": "Point", "coordinates": [ 43.628681049, 3.107257153 ] } },
{ "type": "Feature", "properties": { "area_id": "69455819", "confidence_level": 0, "ipc_period": "C", "overall_phase": 2, "population_min": "3030", "population_percentage_min": "0.15", "justification": "", "prolonged_crisis": false, "population_phase_worse": null, "population_percentage_phase_worse": null, "analysis_id": "69455744", "admin_type": "urb", "area_name": "Baydoa URBAN", "view_level": "area", "hide_settlement_labels": false, "hide_area_labels": false, "hide_area_borders": false, "show_area_popups": true, "color": "#e67800", "estimated_population": "20178", "phase1_population": 9080, "phase1_percent": 0.45, "phase1_color": "#fae61e", "phase2_population": 8070, "phase2_percent": 0.4, "phase2_color": "#e67800", "phase3_population": 3030, "phase3_percent": 0.15, "phase3_color": "#c80000", "phase4_population": 0, "phase4_percent": 0.0, "phase4_color": "#640000", "phase5_population": 0, "phase5_percent": 0, "phase5_color": "#640000" }, "geometry": { "type": "Point", "coordinates": [ 43.625603884, 3.072254817 ] } },
{ "type": "Feature", "properties": { "area_id": "69455999", "confidence_level": 0, "ipc_period": "C", "overall_phase": 2, "population_min": "12010", "population_percentage_min": "0.1", "justification": "", "prolonged_crisis": false, "population_phase_worse": null, "population_percentage_phase_worse": null, "analysis_id": "69455744", "admin_type": null, "area_name": "Belet weyne", "view_level": "area", "hide_settlement_labels": false, "hide_area_labels": false, "hide_area_borders": false, "show_area_popups": true, "color": "#e67800", "estimated_population": "120101", "phase1_population": 42040, "phase1_percent": 0.35, "phase1_color": "#fae61e", "phase2_population": 66060, "phase2_percent": 0.55, "phase2_color": "#e67800", "phase3_population": 12010, "phase3_percent": 0.1, "phase3_color": "#c80000", "phase4_population": 0, "phase4_percent": 0.0, "phase4_color": "#640000", "phase5_population": 0, "phase5_percent": 0, "phase5_color": "#640000" }, "geometry": { "type": "GeometryCollection", "geometries": [ { "type": "MultiPolygon", "coordinates": [ [ [ [ 45.3387, 4.3468 ], [ 45.1884, 4.3017 ], [ 45.111, 4.5385 ], [ 44.9284, 4.9211 ], [ 44.9883, 4.9245 ], [ 45.0092, 4.8633 ], [ 45.1252, 4.8435 ], [ 45.1391, 4.7409 ], [ 45.1799, 4.6775 ], [ 45.2697, 4.448 ], [ 45.3387, 4.3468 ] ] ], [ [ [ 45.607, 4.3396 ], [ 45.561, 4.3115 ], [ 45.421, 4.3714 ], [ 45.3845, 4.3605 ], [ 45.2632, 4.5767 ], [ 45.2044, 4.7871 ], [ 45.1418, 4.923 ], [ 45.0682, 5.0064 ], [ 45.1176, 5.0571 ], [ 45.2135, 4.8894 ], [ 45.2532, 4.7037 ], [ 45.3433, 4.5615 ], [ 45.3879, 4.4057 ], [ 45.607, 4.3396 ] ] ] ] } ] } },
{ "type": "Feature", "properties": { "area_id": "69456241", "confidence_level": 0, "ipc_period": "C", "overall_phase": 3, "population_min": "5900", "population_percentage_min": "0.25", "justification": "", "prolonged_crisis": false, "population_phase_worse": null, "population_percentage_phase_worse": null, "analysis_id": "69455744", "admin_type": null, "area_name": "Belet weyne (1)", "view_level": "area", "hide_settlement_labels": false, "hide_area_labels": false, "hide_area_borders": false, "show_area_popups": true, "color": "#c80000", "estimated_population": "23592", "phase1_population": 8260, "phase1_percent": 0.35, "phase1_color": "#fae61e", "phase2_population": 9440, "phase2_percent": 0.4, "phase2_color": "#e67800", "phase3_population": 4720, "phase3_percent": 0.2, "phase3_color": "#c80000", "phase4_population": 1180, "phase4_percent": 0.05, "phase4_color": "#640000", "phase5_population": 0, "phase5_percent": 0, "phase5_color": "#640000" }, "geometry": { "type": "GeometryCollection", "geometries": [ { "type": "MultiPolygon", "coordinates": [ [ [ [ 44.9284, 4.9211 ], [ 45.111, 4.5385 ], [ 45.1884, 4.3017 ], [ 45.071, 4.2615 ], [ 45.001, 4.1215 ], [ 44.7497, 4.0778 ], [ 44.7275, 4.1408 ], [ 44.7231, 4.2069 ], [ 44.722245304, 4.211117127 ], [ 44.681, 4.4114 ], [ 44.677603779, 4.431381355 ], [ 44.6776, 4.4314 ], [ 44.5918, 4.9362 ], [ 44.9284, 4.9211 ] ] ], [ [ [ 45.607, 4.3396 ], [ 45.3879, 4.4057 ], [ 45.3433, 4.5615 ], [ 45.2532, 4.7037 ], [ 45.2135, 4.8894 ], [ 45.1176, 5.0571 ], [ 45.2395, 5.1821 ], [ 45.3378, 5.0785 ], [ 45.3798, 4.9833 ], [ 45.3784, 4.8569 ], [ 45.5664, 4.681 ], [ 45.8613, 4.4401 ], [ 45.8823, 4.4249 ], [ 45.741, 4.4214 ], [ 45.607, 4.3396 ] ] ] ] } ] } },
{ "type": "Feature", "properties": { "area_id": "69456261", "confidence_level": 0, "ipc_period": "C", "overall_phase": 3, "population_min": "50400", "population_percentage_min": "0.25", "justification": "", "prolonged_crisis": false, "population_phase_worse": null, "population_percentage_phase_worse": null, "analysis_id": "69455744", "admin_type": null, "area_name": "Baydhaba", "view_level": "area", "hide_settlement_labels": false, "hide_area_labels": false, "hide_area_borders": false, "show_area_popups": true, "color": "#c80000", "estimated_population": "201609", "phase1_population": 90720, "phase1_percent": 0.45, "phase1_color": "#fae61e", "phase2_population": 60480, "phase2_percent": 0.3, "phase2_color": "#e67800", "phase3_population": 40320, "phase3_percent": 0.2, "phase3_color": "#c80000", "phase4_population": 10080, "phase4_percent": 0.05, "phase4_color": "#640000", "phase5_population": 0, "phase5_percent": 0, "phase5_color": "#640000" }, "geometry": { "type": "GeometryCollection", "geometries": [ { "type": "MultiPolygon", "coordinates": [ [ [ [ 43.826, 2.9446 ], [ 43.788157438, 2.976770827 ], [ 43.7853, 2.9826 ], [ 43.7595, 3.0103 ], [ 43.4516, 2.9761 ], [ 43.284, 2.8974 ], [ 43.1471, 2.7571 ], [ 43.1209, 2.68 ], [ 43.1209, 3.0816 ], [ 43.1009, 3.0816 ], [ 43.10098478, 3.210125978 ], [ 43.101, 3.2332 ], [ 43.10116122, 3.236754824 ], [ 43.1013, 3.2577 ], [ 43.1179, 3.6233 ], [ 43.12, 3.6982 ], [ 43.1241, 3.7 ], [ 43.121267525, 3.674773267 ], [ 43.1209, 3.6749 ], [ 43.1131, 3.5034 ], [ 43.2244, 3.4907 ], [ 43.3407, 3.3974 ], [ 43.4407, 3.3867 ], [ 43.5192, 3.4106 ], [ 43.5696, 3.5626 ], [ 43.6164, 3.6204 ], [ 43.7959, 3.6922 ], [ 43.8478, 3.6517 ], [ 43.8825, 3.5971 ], [ 43.881958037, 3.594552772 ], [ 43.8705, 3.5407 ], [ 43.8631, 3.4986 ], [ 43.8058, 3.449 ], [ 43.7819, 3.394 ], [ 43.78201516, 3.390765495 ], [ 43.7819, 3.3905 ], [ 43.7842, 3.326 ], [ 43.7975, 3.2609 ], [ 43.833, 3.163 ], [ 43.8935, 3.1073 ], [ 44.0426, 3.1335 ], [ 43.826, 2.9446 ] ] ] ] } ] } },
{ "type": "Feature", "properties": { "area_id": "69456316", "confidence_level": 0, "ipc_period": "C", "overall_phase": 3, "population_min": "30240", "population_percentage_min": "0.35", "justification": "", "prolonged_crisis": false, "population_phase_worse": null, "population_percentage_phase_worse": null, "analysis_id": "69455744", "admin_type": null, "area_name": "Baydhaba (1)", "view_level": "area", "hide_settlement_labels": false, "hide_area_labels": false, "hide_area_borders": false, "show_area_popups": true, "color": "#c80000", "estimated_population": "86405", "phase1_population": 25920, "phase1_percent": 0.3, "phase1_color": "#fae61e", "phase2_population": 30240, "phase2_percent": 0.35, "phase2_color": "#e67800", "phase3_population": 21600, "phase3_percent": 0.25, "phase3_color": "#c80000", "phase4_population": 8640, "phase4_percent": 0.1, "phase4_color": "#640000", "phase5_population": 0, "phase5_percent": 0, "phase5_color": "#640000" }, "geometry": { "type": "GeometryCollection", "geometries": [ { "type": "MultiPolygon", "coordinates": [ [ [ [ 43.1209, 2.5716 ], [ 43.1209, 2.575 ], [ 43.1209, 2.6766 ], [ 43.1209, 2.68 ], [ 43.1471, 2.7571 ], [ 43.284, 2.8974 ], [ 43.4516, 2.9761 ], [ 43.7595, 3.0103 ], [ 43.7853, 2.9826 ], [ 43.788157438, 2.976770827 ], [ 43.826, 2.9446 ], [ 43.826033077, 2.944572287 ], [ 43.530929565, 2.65160656 ], [ 43.350925445, 2.391630172 ], [ 43.299337873, 2.271271252 ], [ 43.3509, 2.3916 ], [ 43.4409, 2.5216 ], [ 43.1209, 2.5716 ] ] ], [ [ [ 43.795536873, 3.886960833 ], [ 43.8809, 3.9249 ], [ 43.9509, 3.9249 ], [ 44.1809, 3.8549 ], [ 44.2909, 3.6149 ], [ 44.3109, 3.5749 ], [ 44.3109, 3.5715 ], [ 44.3109, 3.395 ], [ 44.3109, 3.3915 ], [ 44.280905142, 3.341508571 ], [ 44.042553395, 3.133515646 ], [ 44.042717706, 3.133527963 ], [ 44.0426, 3.1335 ], [ 43.8935, 3.1073 ], [ 43.833, 3.163 ], [ 43.7975, 3.2609 ], [ 43.7842, 3.326 ], [ 43.7819, 3.3905 ], [ 43.78201516, 3.390765495 ], [ 43.7819, 3.394 ], [ 43.8058, 3.449 ], [ 43.8631, 3.4986 ], [ 43.8705, 3.5407 ], [ 43.881958037, 3.594552772 ], [ 43.8825, 3.5971 ], [ 43.8478, 3.6517 ], [ 43.7959, 3.6922 ], [ 43.6164, 3.6204 ], [ 43.5696, 3.5626 ], [ 43.5192, 3.4106 ], [ 43.4407, 3.3867 ], [ 43.3407, 3.3974 ], [ 43.2244, 3.4907 ], [ 43.1131, 3.5034 ], [ 43.1209, 3.6749 ], [ 43.121267525, 3.674773267 ], [ 43.4109, 3.5749 ], [ 43.5809, 3.6149 ], [ 43.6809, 3.7249 ], [ 43.7509, 3.8549 ], [ 43.7909, 3.8849 ], [ 43.795536873, 3.886960833 ] ] ] ] } ] } },
{ "type": "Feature", "properties": { "area_id": "69456237", "confidence_level": 0, "ipc_period": "C", "overall_phase": 1, "population_min": "70", "population_percentage_min": "0.05", "justification": "", "prolonged_crisis": false, "population_phase_worse": null, "population_percentage_phase_worse": null, "analysis_id": "69455744", "admin_type": null, "area_name": "Cadale (1)", "view_level": "area", "hide_settlement_labels": false, "hide_area_labels": false, "hide_area_borders": false, "show_area_popups": true, "color": "#fae61e", "estimated_population": "1475", "phase1_population": 1250, "phase1_percent": 0.85, "phase1_color": "#fae61e", "phase2_population": 150, "phase2_percent": 0.1, "phase2_color": "#e67800", "phase3_population": 70, "phase3_percent": 0.05, "phase3_color": "#c80000", "phase4_population": 0, "phase4_percent": 0.0, "phase4_color": "#640000", "phase5_population": 0, "phase5_percent": 0, "phase5_color": "#640000" }, "geometry": { "type": "GeometryCollection", "geometries": [ { "type": "MultiPolygon", "coordinates": [ [ [ [ 46.061, 3.5315 ], [ 46.1188, 3.5107 ], [ 46.0599, 3.4 ], [ 45.9801, 3.3083 ], [ 45.9415, 3.2532 ], [ 46.0124, 3.4659 ], [ 46.061, 3.5315 ] ] ] ] } ] } },
{ "type": "Feature", "properties": { "area_id": "69456330", "confidence_level": 0, "ipc_period": "C", "overall_phase": 2, "population_min": "4650", "population_percentage_min": "0.15", "justification": "", "prolonged_crisis": false, "population_phase_worse": null, "population_percentage_phase_worse": null, "analysis_id": "69455744", "admin_type": null, "area_name": "Cadale (2)", "view_level": "area", "hide_settlement_labels": false, "hide_area_labels": false, "hide_area_borders": false, "show_area_popups": true, "color": "#e67800", "estimated_population": "30990", "phase1_population": 20140, "phase1_percent": 0.65, "phase1_color": "#fae61e", "phase2_population": 6200, "phase2_percent": 0.2, "phase2_color": "#e67800", "phase3_population": 3100, "phase3_percent": 0.1, "phase3_color": "#c80000", "phase4_population": 1550, "phase4_percent": 0.05, "phase4_color": "#640000", "phase5_population": 0, "phase5_percent": 0, "phase5_color": "#640000" }, "geometry": { "type": "GeometryCollection", "geometries": [ { "type": "MultiPolygon", "coordinates": [ [ [ [ 46.6639, 3.3141 ], [ 46.4918, 3.1151 ], [ 46.2595, 2.9 ], [ 46.0615, 2.6423 ], [ 45.961, 2.7316 ], [ 45.941, 3.2515 ], [ 45.9415, 3.2532 ], [ 45.9801, 3.3083 ], [ 46.0599, 3.4 ], [ 46.1188, 3.5107 ], [ 46.6639, 3.3141 ] ] ] ] } ] } },
{ "type": "Feature", "properties": { "area_id": "69455823", "confidence_level": 0, "ipc_period": "C", "overall_phase": 2, "population_min": "30", "population_percentage_min": "0.15", "justification": "", "prolonged_crisis": false, "population_phase_worse": null, "population_percentage_phase_worse": null, "analysis_id": "69455744", "admin_type": null, "area_name": "Cadale IDP_N", "view_level": "area", "hide_settlement_labels": false, "hide_area_labels": false, "hide_area_borders": false, "show_area_popups": true, "color": "#e67800", "estimated_population": "180", "phase1_population": 90, "phase1_percent": 0.5, "phase1_color": "#fae61e", "phase2_population": 60, "phase2_percent": 0.35, "phase2_color": "#e67800", "phase3_population": 20, "phase3_percent": 0.1, "phase3_color": "#c80000", "phase4_population": 10, "phase4_percent": 0.05, "phase4_color": "#640000", "phase5_population": 0, "phase5_percent": 0, "phase5_color": "#640000" }, "geometry": { "type": "Point", "coordinates": [ 46.276042804, 2.745421958 ] } },
{ "type": "Feature", "properties": { "area_id": "69456053", "confidence_level": 0, "ipc_period": "C", "overall_phase": 2, "population_min": "1480", "population_percentage_min": "0.15", "justification": "", "prolonged_crisis": false, "population_phase_worse": null, "population_percentage_phase_worse": null, "analysis_id": "69455744", "admin_type": null, "area_name": "Cadale urban", "view_level": "area", "hide_settlement_labels": false, "hide_area_labels": false, "hide_area_borders": false, "show_area_popups": true, "color": "#e67800", "estimated_population": "9859", "phase1_population": 4930, "phase1_percent": 0.5, "phase1_color": "#fae61e", "phase2_population": 3450, "phase2_percent": 0.35, "phase2_color": "#e67800", "phase3_population": 990, "phase3_percent": 0.1, "phase3_color": "#c80000", "phase4_population": 490, "phase4_percent": 0.05, "phase4_color": "#640000", "phase5_population": 0, "phase5_percent": 0, "phase5_color": "#640000" }, "geometry": { "type": "MultiPoint", "coordinates": [ [ 46.3211, 2.7586 ] ] } },
{ "type": "Feature", "properties": { "area_id": "69456089", "confidence_level": 0, "ipc_period": "C", "overall_phase": 2, "population_min": "11810", "population_percentage_min": "0.15", "justification": "", "prolonged_crisis": false, "population_phase_worse": null, "population_percentage_phase_worse": null, "analysis_id": "69455744", "admin_type": null, "area_name": "Caluula", "view_level": "area", "hide_settlement_labels": false, "hide_area_labels": false, "hide_area_borders": false, "show_area_popups": true, "color": "#e67800", "estimated_population": "78715", "phase1_population": 43290, "phase1_percent": 0.55, "phase1_color": "#fae61e", "phase2_population": 23610, "phase2_percent": 0.3, "phase2_color": "#e67800", "phase3_population": 7870, "phase3_percent": 0.1, "phase3_color": "#c80000", "phase4_population": 3940, "phase4_percent": 0.05, "phase4_color": "#640000", "phase5_population": 0, "phase5_percent": 0, "phase5_color": "#640000" }, "geometry": { "type": "GeometryCollection", "geometries": [ { "type": "MultiPolygon", "coordinates": [ [ [ [ 51.1252, 11.5016 ], [ 50.6911, 11.4108 ], [ 50.4111, 11.4008 ], [ 50.3011, 11.4508 ], [ 50.3557, 11.6365 ], [ 50.4939, 11.7323 ], [ 50.5826, 11.9129 ], [ 50.7999, 11.9843 ], [ 51.0555, 11.8733 ], [ 51.1414, 11.8746 ], [ 51.2857, 11.8124 ], [ 51.2265, 11.6427 ], [ 51.1252, 11.5016 ] ] ] ] } ] } },
{ "type": "Feature", "properties": { "area_id": "69455848", "confidence_level": 0, "ipc_period": "C", "overall_phase": 3, "population_min": "3370", "population_percentage_min": "0.2", "justification": "", "prolonged_crisis": false, "population_phase_worse": null, "population_percentage_phase_worse": null, "analysis_id": "69455744", "admin_type": null, "area_name": "Caluula urban", "view_level": "area", "hide_settlement_labels": false, "hide_area_labels": false, "hide_area_borders": false, "show_area_popups": true, "color": "#c80000", "estimated_population": "16833", "phase1_population": 9260, "phase1_percent": 0.55, "phase1_color": "#fae61e", "phase2_population": 4210, "phase2_percent": 0.25, "phase2_color": "#e67800", "phase3_population": 3370, "phase3_percent": 0.2, "phase3_color": "#c80000", "phase4_population": 0, "phase4_percent": 0.0, "phase4_color": "#640000", "phase5_population": 0, "phase5_percent": 0, "phase5_color": "#640000" }, "geometry": { "type": "MultiPoint", "coordinates": [ [ 50.7567, 11.966 ] ] } },
{ "type": "Feature", "properties": { "area_id": "69456468", "confidence_level": 0, "ipc_period": "C", "overall_phase": 2, "population_min": "460", "population_percentage_min": "0.1", "justification": "", "prolonged_crisis": false, "population_phase_worse": null, "population_percentage_phase_worse": null, "analysis_id": "69455744", "admin_type": null, "area_name": "Caynabo", "view_level": "area", "hide_settlement_labels": false, "hide_area_labels": false, "hide_area_borders": false, "show_area_popups": true, "color": "#e67800", "estimated_population": "4592", "phase1_population": 2300, "phase1_percent": 0.5, "phase1_color": "#fae61e", "phase2_population": 1840, "phase2_percent": 0.4, "phase2_color": "#e67800", "phase3_population": 460, "phase3_percent": 0.1, "phase3_color": "#c80000", "phase4_population": 0, "phase4_percent": 0.0, "phase4_color": "#640000", "phase5_population": 0, "phase5_percent": 0, "phase5_color": "#640000" }, "geometry": { "type": "GeometryCollection", "geometries": [ { "type": "MultiPolygon", "coordinates": [ [ [ [ 46.1832, 9.2386 ], [ 46.2068, 9.1651 ], [ 46.3672, 9.0429 ], [ 46.4046, 8.9905 ], [ 46.437, 8.8081 ], [ 46.191, 8.821 ], [ 46.221, 9.001 ], [ 46.1832, 9.2386 ] ] ] ] } ] } },
{ "type": "Feature", "properties": { "area_id": "69456131", "confidence_level": 0, "ipc_period": "C", "overall_phase": 3, "population_min": "1030", "population_percentage_min": "0.2", "justification": "", "prolonged_crisis": false, "population_phase_worse": null, "population_percentage_phase_worse": null, "analysis_id": "69455744", "admin_type": null, "area_name": "Ceel afweyn idps", "view_level": "area", "hide_settlement_labels": false, "hide_area_labels": false, "hide_area_borders": false, "show_area_popups": true, "color": "#c80000", "estimated_population": "5169", "phase1_population": 2070, "phase1_percent": 0.4, "phase1_color": "#fae61e", "phase2_population": 2070, "phase2_percent": 0.4, "phase2_color": "#e67800", "phase3_population": 1030, "phase3_percent": 0.2, "phase3_color": "#c80000", "phase4_population": 0, "phase4_percent": 0.0, "phase4_color": "#640000", "phase5_population": 0, "phase5_percent": 0, "phase5_color": "#640000" }, "geometry": { "type": "MultiPoint", "coordinates": [ [ 47.216, 9.9277 ] ] } },
{ "type": "Feature", "properties": { "area_id": "69456368", "confidence_level": 0, "ipc_period": "C", "overall_phase": 3, "population_min": "12360", "population_percentage_min": "0.3", "justification": "", "prolonged_crisis": false, "population_phase_worse": null, "population_percentage_phase_worse": null, "analysis_id": "69455744", "admin_type": null, "area_name": "Marka idps", "view_level": "area", "hide_settlement_labels": false, "hide_area_labels": false, "hide_area_borders": false, "show_area_popups": true, "color": "#c80000", "estimated_population": "41195", "phase1_population": 14420, "phase1_percent": 0.35, "phase1_color": "#fae61e", "phase2_population": 14420, "phase2_percent": 0.35, "phase2_color": "#e67800", "phase3_population": 8240, "phase3_percent": 0.2, "phase3_color": "#c80000", "phase4_population": 4120, "phase4_percent": 0.1, "phase4_color": "#640000", "phase5_population": 0, "phase5_percent": 0, "phase5_color": "#640000" }, "geometry": { "type": "MultiPoint", "coordinates": [ [ 44.7695, 1.7133 ] ] } },
{ "type": "Feature", "properties": { "area_id": "69456027", "confidence_level": 0, "ipc_period": "C", "overall_phase": 2, "population_min": "2250", "population_percentage_min": "0.15", "justification": "", "prolonged_crisis": false, "population_phase_worse": null, "population_percentage_phase_worse": null, "analysis_id": "69455744", "admin_type": null, "area_name": "Qoryooley (2)", "view_level": "area", "hide_settlement_labels": false, "hide_area_labels": false, "hide_area_borders": false, "show_area_popups": true, "color": "#e67800", "estimated_population": "14991", "phase1_population": 8250, "phase1_percent": 0.55, "phase1_color": "#fae61e", "phase2_population": 4500, "phase2_percent": 0.3, "phase2_color": "#e67800", "phase3_population": 2250, "phase3_percent": 0.15, "phase3_color": "#c80000", "phase4_population": 0, "phase4_percent": 0.0, "phase4_color": "#640000", "phase5_population": 0, "phase5_percent": 0, "phase5_color": "#640000" }, "geometry": { "type": "GeometryCollection", "geometries": [ { "type": "MultiPolygon", "coordinates": [ [ [ [ 44.661, 2.2416 ], [ 44.795, 2.0137 ], [ 44.7588, 1.9935 ], [ 44.6487, 1.9128 ], [ 44.5927, 1.9849 ], [ 44.4726, 2.0213 ], [ 44.4433, 2.13 ], [ 44.6494, 2.235 ], [ 44.661, 2.2416 ] ] ] ] } ] } },
{ "type": "Feature", "properties": { "area_id": "69455784", "confidence_level": 0, "ipc_period": "C", "overall_phase": 2, "population_min": "0", "population_percentage_min": "0", "justification": "", "prolonged_crisis": false, "population_phase_worse": null, "population_percentage_phase_worse": null, "analysis_id": "69455744", "admin_type": null, "area_name": "Qoryooley urban", "view_level": "area", "hide_settlement_labels": false, "hide_area_labels": false, "hide_area_borders": false, "show_area_popups": true, "color": "#e67800", "estimated_population": "54384", "phase1_population": 43510, "phase1_percent": 0.8, "phase1_color": "#fae61e", "phase2_population": 10880, "phase2_percent": 0.2, "phase2_color": "#e67800", "phase3_population": 0, "phase3_percent": 0.0, "phase3_color": "#c80000", "phase4_population": 0, "phase4_percent": 0.0, "phase4_color": "#640000", "phase5_population": 0, "phase5_percent": 0, "phase5_color": "#640000" }, "geometry": { "type": "MultiPoint", "coordinates": [ [ 44.5276, 1.7876 ] ] } },
{ "type": "Feature", "properties": { "area_id": "69455917", "confidence_level": 0, "ipc_period": "C", "overall_phase": 2, "population_min": "2910", "population_percentage_min": "0.05", "justification": "", "prolonged_crisis": false, "population_phase_worse": null, "population_percentage_phase_worse": null, "analysis_id": "69455744", "admin_type": null, "area_name": "Rab dhuure", "view_level": "area", "hide_settlement_labels": false, "hide_area_labels": false, "hide_area_borders": false, "show_area_popups": true, "color": "#e67800", "estimated_population": "58218", "phase1_population": 43660, "phase1_percent": 0.75, "phase1_color": "#fae61e", "phase2_population": 11640, "phase2_percent": 0.2, "phase2_color": "#e67800", "phase3_population": 2910, "phase3_percent": 0.05, "phase3_color": "#c80000", "phase4_population": 0, "phase4_percent": 0.0, "phase4_color": "#640000", "phase5_population": 0, "phase5_percent": 0, "phase5_color": "#640000" }, "geometry": { "type": "GeometryCollection", "geometries": [ { "type": "MultiPolygon", "coordinates": [ [ [ [ 42.9625, 4.1688 ], [ 42.962259018, 4.169522115 ], [ 42.9607, 4.1722 ], [ 42.9335, 4.2557 ], [ 43.0396, 4.3181 ], [ 43.1356, 4.5284 ], [ 43.2131, 4.5452 ], [ 43.2829, 4.479 ], [ 43.6309, 4.0515 ], [ 43.09144649, 3.947708945 ], [ 43.062603286, 3.997163369 ], [ 42.9625, 4.1688 ] ] ] ] } ] } },
{ "type": "Feature", "properties": { "area_id": "69456119", "confidence_level": 0, "ipc_period": "C", "overall_phase": 1, "population_min": "0", "population_percentage_min": "0", "justification": "", "prolonged_crisis": false, "population_phase_worse": null, "population_percentage_phase_worse": null, "analysis_id": "69455744", "admin_type": null, "area_name": "Rab dhuure (1)", "view_level": "area", "hide_settlement_labels": false, "hide_area_labels": false, "hide_area_borders": false, "show_area_popups": true, "color": "#fae61e", "estimated_population": "14554", "phase1_population": 12370, "phase1_percent": 0.85, "phase1_color": "#fae61e", "phase2_population": 2180, "phase2_percent": 0.15, "phase2_color": "#e67800", "phase3_population": 0, "phase3_percent": 0.0, "phase3_color": "#c80000", "phase4_population": 0, "phase4_percent": 0.0, "phase4_color": "#640000", "phase5_population": 0, "phase5_percent": 0, "phase5_color": "#640000" }, "geometry": { "type": "GeometryCollection", "geometries": [ { "type": "MultiPolygon", "coordinates": [ [ [ [ 43.2809, 4.4814 ], [ 43.2829, 4.479 ], [ 43.2131, 4.5452 ], [ 43.1356, 4.5284 ], [ 43.0396, 4.3181 ], [ 42.9335, 4.2557 ], [ 42.9607, 4.1722 ], [ 42.962259018, 4.169522115 ], [ 42.9625, 4.1688 ], [ 42.8851, 4.3084 ], [ 42.9702, 4.4048 ], [ 43.0357, 4.5617 ], [ 43.1273, 4.635 ], [ 43.2809, 4.4814 ] ] ] ] } ] } },
{ "type": "Feature", "properties": { "area_id": "69456340", "confidence_level": 0, "ipc_period": "C", "overall_phase": 2, "population_min": "390", "population_percentage_min": "0.15", "justification": "", "prolonged_crisis": false, "population_phase_worse": null, "population_percentage_phase_worse": null, "analysis_id": "69455744", "admin_type": null, "area_name": "Ceel buur", "view_level": "area", "hide_settlement_labels": false, "hide_area_labels": false, "hide_area_borders": false, "show_area_popups": true, "color": "#e67800", "estimated_population": "2557", "phase1_population": 1020, "phase1_percent": 0.4, "phase1_color": "#fae61e", "phase2_population": 1150, "phase2_percent": 0.45, "phase2_color": "#e67800", "phase3_population": 260, "phase3_percent": 0.1, "phase3_color": "#c80000", "phase4_population": 130, "phase4_percent": 0.05, "phase4_color": "#640000", "phase5_population": 0, "phase5_percent": 0, "phase5_color": "#640000" }, "geometry": { "type": "GeometryCollection", "geometries": [ { "type": "MultiPolygon", "coordinates": [ [ [ [ 46.229844509, 5.07331156 ], [ 46.3018, 5.092 ], [ 46.2746, 4.8937 ], [ 46.1774, 4.4103 ], [ 46.151, 4.4314 ], [ 46.111, 4.7414 ], [ 46.211, 4.9414 ], [ 46.229844509, 5.07331156 ] ] ] ] } ] } },
{ "type": "Feature", "properties": { "area_id": "69455883", "confidence_level": 0, "ipc_period": "C", "overall_phase": 1, "population_min": "0", "population_percentage_min": "0", "justification": "", "prolonged_crisis": false, "population_phase_worse": null, "population_percentage_phase_worse": null, "analysis_id": "69455744", "admin_type": null, "area_name": "Ceel buur (1)", "view_level": "area", "hide_settlement_labels": false, "hide_area_labels": false, "hide_area_borders": false, "show_area_popups": true, "color": "#fae61e", "estimated_population": "4261", "phase1_population": 3620, "phase1_percent": 0.85, "phase1_color": "#fae61e", "phase2_population": 640, "phase2_percent": 0.15, "phase2_color": "#e67800", "phase3_population": 0, "phase3_percent": 0.0, "phase3_color": "#c80000", "phase4_population": 0, "phase4_percent": 0.0, "phase4_color": "#640000", "phase5_population": 0, "phase5_percent": 0, "phase5_color": "#640000" }, "geometry": { "type": "GeometryCollection", "geometries": [ { "type": "MultiPolygon", "coordinates": [ [ [ [ 46.3018, 5.092 ], [ 46.3474, 5.1039 ], [ 46.3696, 4.9031 ], [ 46.4275, 4.8201 ], [ 46.4443, 4.7298 ], [ 46.4758, 4.6708 ], [ 46.500590119, 4.631615619 ], [ 46.4979, 4.6304 ], [ 46.3434, 4.506 ], [ 46.3745, 4.2527 ], [ 46.1774, 4.4103 ], [ 46.2746, 4.8937 ], [ 46.3018, 5.092 ] ] ] ] } ] } },
{ "type": "Feature", "properties": { "area_id": "69455899", "confidence_level": 0, "ipc_period": "C", "overall_phase": 2, "population_min": "2560", "population_percentage_min": "0.1", "justification": "", "prolonged_crisis": false, "population_phase_worse": null, "population_percentage_phase_worse": null, "analysis_id": "69455744", "admin_type": null, "area_name": "Jilib (3)", "view_level": "area", "hide_settlement_labels": false, "hide_area_labels": false, "hide_area_borders": false, "show_area_popups": true, "color": "#e67800", "estimated_population": "25615", "phase1_population": 19210, "phase1_percent": 0.75, "phase1_color": "#fae61e", "phase2_population": 3840, "phase2_percent": 0.15, "phase2_color": "#e67800", "phase3_population": 2560, "phase3_percent": 0.1, "phase3_color": "#c80000", "phase4_population": 0, "phase4_percent": 0.0, "phase4_color": "#640000", "phase5_population": 0, "phase5_percent": 0, "phase5_color": "#640000" }, "geometry": { "type": "GeometryCollection", "geometries": [ { "type": "MultiPolygon", "coordinates": [ [ [ [ 42.7167, 0.7959 ], [ 43.2092, 1.0225 ], [ 43.1512, 0.844 ], [ 43.1426, 0.7646 ], [ 43.1417, 0.7642 ], [ 43.1115, 0.6224 ], [ 43.0167, 0.6115 ], [ 42.9224, 0.6248 ], [ 42.9025, 0.5713 ], [ 42.7835, 0.5298 ], [ 42.7665, 0.6872 ], [ 42.7167, 0.7959 ] ] ] ] } ] } },
{ "type": "Feature", "properties": { "area_id": "69455935", "confidence_level": 0, "ipc_period": "C", "overall_phase": 2, "population_min": "1230", "population_percentage_min": "0.1", "justification": "", "prolonged_crisis": false, "population_phase_worse": null, "population_percentage_phase_worse": null, "analysis_id": "69455744", "admin_type": null, "area_name": "Saakow", "view_level": "area", "hide_settlement_labels": false, "hide_area_labels": false, "hide_area_borders": false, "show_area_popups": true, "color": "#e67800", "estimated_population": "12297", "phase1_population": 9220, "phase1_percent": 0.75, "phase1_color": "#fae61e", "phase2_population": 1840, "phase2_percent": 0.15, "phase2_color": "#e67800", "phase3_population": 1230, "phase3_percent": 0.1, "phase3_color": "#c80000", "phase4_population": 0, "phase4_percent": 0.0, "phase4_color": "#640000", "phase5_population": 0, "phase5_percent": 0, "phase5_color": "#640000" }, "geometry": { "type": "GeometryCollection", "geometries": [ { "type": "MultiPolygon", "coordinates": [ [ [ [ 42.047, 1.947 ], [ 42.1154, 1.7873 ], [ 42.1523, 1.6075 ], [ 42.139, 1.3605 ], [ 42.1177, 1.3064 ], [ 41.4209, 1.2617 ], [ 41.6409, 1.9417 ], [ 42.047, 1.947 ] ] ] ] } ] } },
{ "type": "Feature", "properties": { "area_id": "69455929", "confidence_level": 0, "ipc_period": "C", "overall_phase": 3, "population_min": "14240", "population_percentage_min": "0.25", "justification": "", "prolonged_crisis": false, "population_phase_worse": null, "population_percentage_phase_worse": null, "analysis_id": "69455744", "admin_type": null, "area_name": "Sablaale (2)", "view_level": "area", "hide_settlement_labels": false, "hide_area_labels": false, "hide_area_borders": false, "show_area_popups": true, "color": "#c80000", "estimated_population": "56967", "phase1_population": 25640, "phase1_percent": 0.45, "phase1_color": "#fae61e", "phase2_population": 17090, "phase2_percent": 0.3, "phase2_color": "#e67800", "phase3_population": 14240, "phase3_percent": 0.25, "phase3_color": "#c80000", "phase4_population": 0, "phase4_percent": 0.0, "phase4_color": "#640000", "phase5_population": 0, "phase5_percent": 0, "phase5_color": "#640000" }, "geometry": { "type": "GeometryCollection", "geometries": [ { "type": "MultiPolygon", "coordinates": [ [ [ [ 44.079, 1.4827 ], [ 43.9092, 1.349 ], [ 43.8283, 1.2411 ], [ 43.5504, 1.0683 ], [ 43.4915, 1.0316 ], [ 43.3397, 0.9372 ], [ 43.2989, 0.9933 ], [ 43.4508, 1.1228 ], [ 43.5551, 1.1683 ], [ 43.602, 1.2231 ], [ 43.8125, 1.3225 ], [ 43.9369, 1.4856 ], [ 43.9932, 1.5315 ], [ 44.079, 1.4827 ] ] ] ] } ] } },
{ "type": "Feature", "properties": { "area_id": "69456432", "confidence_level": 0, "ipc_period": "C", "overall_phase": 1, "population_min": "160", "population_percentage_min": "0.05", "justification": "", "prolonged_crisis": false, "population_phase_worse": null, "population_percentage_phase_worse": null, "analysis_id": "69455744", "admin_type": null, "area_name": "Sablaale (5)", "view_level": "area", "hide_settlement_labels": false, "hide_area_labels": false, "hide_area_borders": false, "show_area_popups": true, "color": "#fae61e", "estimated_population": "3104", "phase1_population": 2640, "phase1_percent": 0.85, "phase1_color": "#fae61e", "phase2_population": 310, "phase2_percent": 0.1, "phase2_color": "#e67800", "phase3_population": 160, "phase3_percent": 0.05, "phase3_color": "#c80000", "phase4_population": 0, "phase4_percent": 0.0, "phase4_color": "#640000", "phase5_population": 0, "phase5_percent": 0, "phase5_color": "#640000" }, "geometry": { "type": "GeometryCollection", "geometries": [ { "type": "MultiPolygon", "coordinates": [ [ [ [ 43.9932, 1.5315 ], [ 43.9369, 1.4856 ], [ 43.8125, 1.3225 ], [ 43.602, 1.2231 ], [ 43.5551, 1.1683 ], [ 43.4508, 1.1228 ], [ 43.2989, 0.9933 ], [ 43.2092, 1.0225 ], [ 43.2421, 1.0744 ], [ 43.0743, 1.3233 ], [ 42.9809, 1.4617 ], [ 42.9933, 1.4679 ], [ 43.016, 1.4793 ], [ 43.1524, 1.5475 ], [ 43.3168, 1.6208 ], [ 43.3421, 1.6423 ], [ 43.5854, 1.7635 ], [ 43.9932, 1.5315 ] ] ] ] } ] } },
{ "type": "Feature", "properties": { "area_id": "69455860", "confidence_level": 0, "ipc_period": "C", "overall_phase": 2, "population_min": "0", "population_percentage_min": "0", "justification": "", "prolonged_crisis": false, "population_phase_worse": null, "population_percentage_phase_worse": null, "analysis_id": "69455744", "admin_type": null, "area_name": "Sablaale urban", "view_level": "area", "hide_settlement_labels": false, "hide_area_labels": false, "hide_area_borders": false, "show_area_popups": true, "color": "#e67800", "estimated_population": "12719", "phase1_population": 10180, "phase1_percent": 0.8, "phase1_color": "#fae61e", "phase2_population": 2540, "phase2_percent": 0.2, "phase2_color": "#e67800", "phase3_population": 0, "phase3_percent": 0.0, "phase3_color": "#c80000", "phase4_population": 0, "phase4_percent": 0.0, "phase4_color": "#640000", "phase5_population": 0, "phase5_percent": 0, "phase5_color": "#640000" }, "geometry": { "type": "MultiPoint", "coordinates": [ [ 43.803, 1.2465 ] ] } },
{ "type": "Feature", "properties": { "area_id": "69456197", "confidence_level": 0, "ipc_period": "C", "overall_phase": 3, "population_min": "4690", "population_percentage_min": "0.25", "justification": "", "prolonged_crisis": false, "population_phase_worse": null, "population_percentage_phase_worse": null, "analysis_id": "69455744", "admin_type": null, "area_name": "Sheikh", "view_level": "area", "hide_settlement_labels": false, "hide_area_labels": false, "hide_area_borders": false, "show_area_popups": true, "color": "#c80000", "estimated_population": "18767", "phase1_population": 7510, "phase1_percent": 0.4, "phase1_color": "#fae61e", "phase2_population": 6570, "phase2_percent": 0.35, "phase2_color": "#e67800", "phase3_population": 3750, "phase3_percent": 0.2, "phase3_color": "#c80000", "phase4_population": 940, "phase4_percent": 0.05, "phase4_color": "#640000", "phase5_population": 0, "phase5_percent": 0, "phase5_color": "#640000" }, "geometry": { "type": "GeometryCollection", "geometries": [ { "type": "MultiPolygon", "coordinates": [ [ [ [ 45.3471, 9.8605 ], [ 45.4296, 9.9478 ], [ 45.5208, 9.9402 ], [ 45.6251, 9.8166 ], [ 45.3471, 9.8605 ] ] ] ] } ] } },
{ "type": "Feature", "properties": { "area_id": "69456378", "confidence_level": 0, "ipc_period": "C", "overall_phase": 3, "population_min": "40", "population_percentage_min": "0.3", "justification": "", "prolonged_crisis": false, "population_phase_worse": null, "population_percentage_phase_worse": null, "analysis_id": "69455744", "admin_type": null, "area_name": "Sheikh idps", "view_level": "area", "hide_settlement_labels": false, "hide_area_labels": false, "hide_area_borders": false, "show_area_popups": true, "color": "#c80000", "estimated_population": "102", "phase1_population": 30, "phase1_percent": 0.3, "phase1_color": "#fae61e", "phase2_population": 40, "phase2_percent": 0.4, "phase2_color": "#e67800", "phase3_population": 30, "phase3_percent": 0.25, "phase3_color": "#c80000", "phase4_population": 10, "phase4_percent": 0.05, "phase4_color": "#640000", "phase5_population": 0, "phase5_percent": 0, "phase5_color": "#640000" }, "geometry": { "type": "MultiPoint", "coordinates": [ [ 45.1959, 9.9263 ] ] } },
{ "type": "Feature", "properties": { "area_id": "69456350", "confidence_level": 0, "ipc_period": "C", "overall_phase": 3, "population_min": "17510", "population_percentage_min": "0.25", "justification": "", "prolonged_crisis": false, "population_phase_worse": null, "population_percentage_phase_worse": null, "analysis_id": "69455744", "admin_type": null, "area_name": "Qoryooley", "view_level": "area", "hide_settlement_labels": false, "hide_area_labels": false, "hide_area_borders": false, "show_area_popups": true, "color": "#c80000", "estimated_population": "70023", "phase1_population": 31510, "phase1_percent": 0.45, "phase1_color": "#fae61e", "phase2_population": 21010, "phase2_percent": 0.3, "phase2_color": "#e67800", "phase3_population": 17510, "phase3_percent": 0.25, "phase3_color": "#c80000", "phase4_population": 0, "phase4_percent": 0.0, "phase4_color": "#640000", "phase5_population": 0, "phase5_percent": 0, "phase5_color": "#640000" }, "geometry": { "type": "GeometryCollection", "geometries": [ { "type": "MultiPolygon", "coordinates": [ [ [ [ 44.795, 2.0137 ], [ 44.841, 1.9217 ], [ 44.5109, 1.6717 ], [ 44.3714, 1.7218 ], [ 44.5022, 1.8695 ], [ 44.6135, 1.8857 ], [ 44.6487, 1.9128 ], [ 44.7588, 1.9935 ], [ 44.795, 2.0137 ] ] ] ] } ] } },
{ "type": "Feature", "properties": { "area_id": "69456318", "confidence_level": 0, "ipc_period": "C", "overall_phase": 3, "population_min": "10350", "population_percentage_min": "0.25", "justification": "", "prolonged_crisis": false, "population_phase_worse": null, "population_percentage_phase_worse": null, "analysis_id": "69455744", "admin_type": null, "area_name": "Hobyo", "view_level": "area", "hide_settlement_labels": false, "hide_area_labels": false, "hide_area_borders": false, "show_area_popups": true, "color": "#c80000", "estimated_population": "41409", "phase1_population": 14490, "phase1_percent": 0.35, "phase1_color": "#fae61e", "phase2_population": 16560, "phase2_percent": 0.4, "phase2_color": "#e67800", "phase3_population": 8280, "phase3_percent": 0.2, "phase3_color": "#c80000", "phase4_population": 2070, "phase4_percent": 0.05, "phase4_color": "#640000", "phase5_population": 0, "phase5_percent": 0, "phase5_color": "#640000" }, "geometry": { "type": "GeometryCollection", "geometries": [ { "type": "MultiPolygon", "coordinates": [ [ [ [ 48.2957, 5.0289 ], [ 48.221, 5.0414 ], [ 48.025007216, 5.095489179 ], [ 48.134513056, 5.078198783 ], [ 48.109470352, 5.115762838 ], [ 48.095644594, 5.200966241 ], [ 48.101257819, 5.206579466 ], [ 48.117369852, 5.222691499 ], [ 48.242270335, 5.323101691 ], [ 48.325537324, 5.318203633 ], [ 48.384314022, 5.391674506 ], [ 48.526357709, 5.48473761 ], [ 48.634114988, 5.59249489 ], [ 48.648809163, 5.665965762 ], [ 48.712483918, 5.724742461 ], [ 48.785954791, 5.886378379 ], [ 48.849629547, 5.940257019 ], [ 48.94759071, 6.17536381 ], [ 48.962284884, 6.361490021 ], [ 49.030857698, 6.434960894 ], [ 49.050449931, 6.606392928 ], [ 49.037157851, 6.606910801 ], [ 49.0379, 6.6088 ], [ 49.1645, 6.601 ], [ 49.0863, 6.3925 ], [ 49.0848, 6.2838 ], [ 48.9881, 6.0491 ], [ 48.6524, 5.4941 ], [ 48.2957, 5.0289 ] ] ] ] } ] } },
{ "type": "Feature", "properties": { "area_id": "69456219", "confidence_level": 0, "ipc_period": "C", "overall_phase": 3, "population_min": "33820", "population_percentage_min": "0.35", "justification": "", "prolonged_crisis": false, "population_phase_worse": null, "population_percentage_phase_worse": null, "analysis_id": "69455744", "admin_type": "pnt", "area_name": "Hobyo (1)", "view_level": "area", "hide_settlement_labels": false, "hide_area_labels": false, "hide_area_borders": false, "show_area_popups": true, "color": "#c80000", "estimated_population": "96621", "phase1_population": 28990, "phase1_percent": 0.3, "phase1_color": "#fae61e", "phase2_population": 33820, "phase2_percent": 0.35, "phase2_color": "#e67800", "phase3_population": 24160, "phase3_percent": 0.25, "phase3_color": "#c80000", "phase4_population": 9660, "phase4_percent": 0.1, "phase4_color": "#640000", "phase5_population": 0, "phase5_percent": 0, "phase5_color": "#640000" }, "geometry": { "type": "GeometryCollection", "geometries": [ { "type": "MultiPolygon", "coordinates": [ [ [ [ 48.120235475, 5.126129252 ], [ 48.109470352, 5.115762838 ], [ 48.107426144, 5.138601497 ], [ 48.120235475, 5.126129252 ] ] ], [ [ [ 48.163484549, 5.151773869 ], [ 48.15231095, 5.135811586 ], [ 48.150839917, 5.154935028 ], [ 48.163484549, 5.151773869 ] ] ], [ [ [ 48.150839917, 5.154935028 ], [ 48.150291533, 5.155072124 ], [ 48.150792279, 5.155554322 ], [ 48.150839917, 5.154935028 ] ] ], [ [ [ 48.167914271, 5.158102045 ], [ 48.159666828, 5.164100186 ], [ 48.175096966, 5.178958837 ], [ 48.167914271, 5.158102045 ] ] ], [ [ [ 48.178085364, 5.205854424 ], [ 48.166350434, 5.202653988 ], [ 48.170817356, 5.209557413 ], [ 48.178085364, 5.205854424 ] ] ], [ [ [ 48.170817356, 5.209557413 ], [ 48.144375362, 5.208394464 ], [ 48.164601128, 5.246598688 ], [ 48.180916355, 5.225164957 ], [ 48.170817356, 5.209557413 ] ] ], [ [ [ 48.164601128, 5.246598688 ], [ 48.166272439, 5.24975561 ], [ 48.1676487, 5.247614545 ], [ 48.164601128, 5.246598688 ] ] ], [ [ [ 49.037157851, 6.606910801 ], [ 49.050449931, 6.606392928 ], [ 49.030857698, 6.434960894 ], [ 48.962284884, 6.361490021 ], [ 48.94759071, 6.17536381 ], [ 48.849629547, 5.940257019 ], [ 48.785954791, 5.886378379 ], [ 48.712483918, 5.724742461 ], [ 48.648809163, 5.665965762 ], [ 48.634114988, 5.59249489 ], [ 48.526357709, 5.48473761 ], [ 48.384314022, 5.391674506 ], [ 48.325537324, 5.318203633 ], [ 48.242270335, 5.323101691 ], [ 48.117369852, 5.222691499 ], [ 48.101257819, 5.206579466 ], [ 48.095644594, 5.200966241 ], [ 48.109470352, 5.115762838 ], [ 48.134513056, 5.078198783 ], [ 48.025007216, 5.095489179 ], [ 47.972057513, 5.103849658 ], [ 47.855323741, 5.122281307 ], [ 47.757362578, 5.161465772 ], [ 47.608558962, 5.175866121 ], [ 47.608558679, 5.175866149 ], [ 47.605522775, 5.176159946 ], [ 47.596337997, 5.198834867 ], [ 47.569623589, 5.26478606 ], [ 47.448784913, 5.563106541 ], [ 47.339785898, 5.745821308 ], [ 47.343759325, 5.75424409 ], [ 47.580157131, 6.255354855 ], [ 47.589049661, 6.27420504 ], [ 47.591558848, 6.283404133 ], [ 47.679053629, 6.604174446 ], [ 47.894508206, 6.78762108 ], [ 48.462682952, 6.748436615 ], [ 48.472879294, 6.742271385 ], [ 48.673299453, 6.621087103 ], [ 49.037157851, 6.606910801 ] ] ], [ [ [ 48.117295255, 5.157243152 ], [ 48.107426144, 5.138601497 ], [ 48.114692979, 5.1624984 ], [ 48.117295255, 5.157243152 ] ] ], [ [ [ 48.125676, 5.161226007 ], [ 48.129246233, 5.134806279 ], [ 48.117295255, 5.157243152 ], [ 48.125676, 5.161226007 ] ] ], [ [ [ 48.14957005, 5.171443298 ], [ 48.159666828, 5.164100186 ], [ 48.150792279, 5.155554322 ], [ 48.14957005, 5.171443298 ] ] ], [ [ [ 48.131695254, 5.184443149 ], [ 48.125336303, 5.172431797 ], [ 48.121540542, 5.191828394 ], [ 48.131695254, 5.184443149 ] ] ], [ [ [ 48.121540542, 5.191828394 ], [ 48.107165564, 5.202282923 ], [ 48.119930624, 5.203741787 ], [ 48.121540542, 5.191828394 ] ] ], [ [ [ 48.14957005, 5.171443298 ], [ 48.131695254, 5.184443149 ], [ 48.143327808, 5.206415751 ], [ 48.166350434, 5.202653988 ], [ 48.14957005, 5.171443298 ] ] ], [ [ [ 48.143327808, 5.206415751 ], [ 48.119930624, 5.203741787 ], [ 48.121100452, 5.220716476 ], [ 48.144375362, 5.208394464 ], [ 48.143327808, 5.206415751 ] ] ] ] } ] } },
{ "type": "Feature", "properties": { "area_id": "69456440", "confidence_level": 0, "ipc_period": "C", "overall_phase": 2, "population_min": "5180", "population_percentage_min": "0.15", "justification": "", "prolonged_crisis": false, "population_phase_worse": null, "population_percentage_phase_worse": null, "analysis_id": "69455744", "admin_type": null, "area_name": "Hobyo (2)", "view_level": "area", "hide_settlement_labels": false, "hide_area_labels": false, "hide_area_borders": false, "show_area_popups": true, "color": "#e67800", "estimated_population": "34507", "phase1_population": 15530, "phase1_percent": 0.45, "phase1_color": "#fae61e", "phase2_population": 13800, "phase2_percent": 0.4, "phase2_color": "#e67800", "phase3_population": 3450, "phase3_percent": 0.1, "phase3_color": "#c80000", "phase4_population": 1730, "phase4_percent": 0.05, "phase4_color": "#640000", "phase5_population": 0, "phase5_percent": 0, "phase5_color": "#640000" }, "geometry": { "type": "MultiPoint", "coordinates": [ [ 48.3807, 5.2848 ] ] } },
{ "type": "Feature", "properties": { "area_id": "69456360", "confidence_level": 0, "ipc_period": "C", "overall_phase": 2, "population_min": "790", "population_percentage_min": "0.15", "justification": "", "prolonged_crisis": false, "population_phase_worse": null, "population_percentage_phase_worse": null, "analysis_id": "69455744", "admin_type": null, "area_name": "Iskushuban (1)", "view_level": "area", "hide_settlement_labels": false, "hide_area_labels": false, "hide_area_borders": false, "show_area_popups": true, "color": "#e67800", "estimated_population": "5248", "phase1_population": 2620, "phase1_percent": 0.5, "phase1_color": "#fae61e", "phase2_population": 1840, "phase2_percent": 0.35, "phase2_color": "#e67800", "phase3_population": 790, "phase3_percent": 0.15, "phase3_color": "#c80000", "phase4_population": 0, "phase4_percent": 0.0, "phase4_color": "#640000", "phase5_population": 0, "phase5_percent": 0, "phase5_color": "#640000" }, "geometry": { "type": "GeometryCollection", "geometries": [ { "type": "MultiPolygon", "coordinates": [ [ [ [ 50.8787, 9.9209 ], [ 50.7782, 9.9193 ], [ 50.7782, 10.0146 ], [ 50.8754, 10.347 ], [ 50.9341, 10.409 ], [ 51.0382, 10.6154 ], [ 51.0738, 10.891 ], [ 51.1226, 10.8855 ], [ 51.1324, 10.6738 ], [ 51.1669, 10.5672 ], [ 51.1064, 10.5508 ], [ 51.1212, 10.431 ], [ 51.2294, 10.4317 ], [ 51.2378, 10.5075 ], [ 51.4141, 10.4406 ], [ 51.3614, 10.3697 ], [ 51.2904, 10.3693 ], [ 51.2459, 10.4226 ], [ 51.0481, 10.3967 ], [ 50.9002, 10.3109 ], [ 50.8832, 10.0966 ], [ 50.8993, 9.9929 ], [ 50.8787, 9.9209 ] ] ] ] } ] } },
{ "type": "Feature", "properties": { "area_id": "69456410", "confidence_level": 0, "ipc_period": "C", "overall_phase": 3, "population_min": "1210", "population_percentage_min": "0.25", "justification": "", "prolonged_crisis": false, "population_phase_worse": null, "population_percentage_phase_worse": null, "analysis_id": "69455744", "admin_type": null, "area_name": "Jalalaqsi (1)", "view_level": "area", "hide_settlement_labels": false, "hide_area_labels": false, "hide_area_borders": false, "show_area_popups": true, "color": "#c80000", "estimated_population": "4832", "phase1_population": 1690, "phase1_percent": 0.35, "phase1_color": "#fae61e", "phase2_population": 1930, "phase2_percent": 0.4, "phase2_color": "#e67800", "phase3_population": 970, "phase3_percent": 0.2, "phase3_color": "#c80000", "phase4_population": 240, "phase4_percent": 0.05, "phase4_color": "#640000", "phase5_population": 0, "phase5_percent": 0, "phase5_color": "#640000" }, "geometry": { "type": "GeometryCollection", "geometries": [ { "type": "MultiPolygon", "coordinates": [ [ [ [ 45.941, 3.2515 ], [ 45.9403, 3.2515 ], [ 45.9415, 3.2532 ], [ 45.941, 3.2515 ] ] ] ] } ] } },
{ "type": "Feature", "properties": { "area_id": "69456249", "confidence_level": 0, "ipc_period": "C", "overall_phase": 3, "population_min": "470", "population_percentage_min": "0.25", "justification": "", "prolonged_crisis": false, "population_phase_worse": null, "population_percentage_phase_worse": null, "analysis_id": "69455744", "admin_type": null, "area_name": "Jalalaqsi (3)", "view_level": "area", "hide_settlement_labels": false, "hide_area_labels": false, "hide_area_borders": false, "show_area_popups": true, "color": "#c80000", "estimated_population": "1895", "phase1_population": 660, "phase1_percent": 0.35, "phase1_color": "#fae61e", "phase2_population": 760, "phase2_percent": 0.4, "phase2_color": "#e67800", "phase3_population": 380, "phase3_percent": 0.2, "phase3_color": "#c80000", "phase4_population": 90, "phase4_percent": 0.05, "phase4_color": "#640000", "phase5_population": 0, "phase5_percent": 0, "phase5_color": "#640000" }, "geometry": { "type": "GeometryCollection", "geometries": [ { "type": "MultiPolygon", "coordinates": [ [ [ [ 45.6096, 3.2268 ], [ 45.5119, 3.2195 ], [ 45.561, 3.2916 ], [ 45.5764, 3.3343 ], [ 45.6254, 3.4762 ], [ 45.6028, 3.5609 ], [ 45.7465, 3.5641 ], [ 45.7443, 3.4208 ], [ 45.6096, 3.2268 ] ] ] ] } ] } },
{ "type": "Feature", "properties": { "area_id": "69456370", "confidence_level": 0, "ipc_period": "C", "overall_phase": 2, "population_min": "1650", "population_percentage_min": "0.1", "justification": "", "prolonged_crisis": false, "population_phase_worse": null, "population_percentage_phase_worse": null, "analysis_id": "69455744", "admin_type": null, "area_name": "Jalalaqsi (4)", "view_level": "area", "hide_settlement_labels": false, "hide_area_labels": false, "hide_area_borders": false, "show_area_popups": true, "color": "#e67800", "estimated_population": "16476", "phase1_population": 5770, "phase1_percent": 0.35, "phase1_color": "#fae61e", "phase2_population": 9060, "phase2_percent": 0.55, "phase2_color": "#e67800", "phase3_population": 1650, "phase3_percent": 0.1, "phase3_color": "#c80000", "phase4_population": 0, "phase4_percent": 0.0, "phase4_color": "#640000", "phase5_population": 0, "phase5_percent": 0, "phase5_color": "#640000" }, "geometry": { "type": "GeometryCollection", "geometries": [ { "type": "MultiPolygon", "coordinates": [ [ [ [ 45.6028, 3.5609 ], [ 45.6254, 3.4762 ], [ 45.5764, 3.3343 ], [ 45.561, 3.2916 ], [ 45.5119, 3.2195 ], [ 45.4992, 3.1936 ], [ 45.3449, 3.2071 ], [ 45.3301, 3.2105 ], [ 45.4238, 3.2819 ], [ 45.4899, 3.4339 ], [ 45.4942, 3.5585 ], [ 45.6028, 3.5609 ] ] ], [ [ [ 45.6096, 3.2268 ], [ 45.7443, 3.4208 ], [ 45.7465, 3.5641 ], [ 45.8126, 3.5656 ], [ 45.8169, 3.3711 ], [ 45.879, 3.2469 ], [ 45.6096, 3.2268 ] ] ] ] } ] } },
{ "type": "Feature", "properties": { "area_id": "69455862", "confidence_level": 0, "ipc_period": "C", "overall_phase": 3, "population_min": "640", "population_percentage_min": "0.3", "justification": "", "prolonged_crisis": false, "population_phase_worse": null, "population_percentage_phase_worse": null, "analysis_id": "69455744", "admin_type": null, "area_name": "Jamame IDP_N", "view_level": "area", "hide_settlement_labels": false, "hide_area_labels": false, "hide_area_borders": false, "show_area_popups": true, "color": "#c80000", "estimated_population": "2148", "phase1_population": 970, "phase1_percent": 0.45, "phase1_color": "#fae61e", "phase2_population": 540, "phase2_percent": 0.25, "phase2_color": "#e67800", "phase3_population": 430, "phase3_percent": 0.2, "phase3_color": "#c80000", "phase4_population": 210, "phase4_percent": 0.1, "phase4_color": "#640000", "phase5_population": 0, "phase5_percent": 0, "phase5_color": "#640000" }, "geometry": { "type": "Point", "coordinates": [ 42.819579519, 0.129626747 ] } },
{ "type": "Feature", "properties": { "area_id": "69455827", "confidence_level": 0, "ipc_period": "C", "overall_phase": 3, "population_min": "8190", "population_percentage_min": "0.35", "justification": "", "prolonged_crisis": false, "population_phase_worse": null, "population_percentage_phase_worse": null, "analysis_id": "69455744", "admin_type": null, "area_name": "Jariiban urban", "view_level": "area", "hide_settlement_labels": false, "hide_area_labels": false, "hide_area_borders": false, "show_area_popups": true, "color": "#c80000", "estimated_population": "23399", "phase1_population": 5850, "phase1_percent": 0.25, "phase1_color": "#fae61e", "phase2_population": 9360, "phase2_percent": 0.4, "phase2_color": "#e67800", "phase3_population": 7020, "phase3_percent": 0.3, "phase3_color": "#c80000", "phase4_population": 1170, "phase4_percent": 0.05, "phase4_color": "#640000", "phase5_population": 0, "phase5_percent": 0, "phase5_color": "#640000" }, "geometry": { "type": "MultiPoint", "coordinates": [ [ 48.8481, 7.2109 ] ] } },
{ "type": "Feature", "properties": { "area_id": "69456099", "confidence_level": 0, "ipc_period": "C", "overall_phase": 2, "population_min": "1140", "population_percentage_min": "0.1", "justification": "", "prolonged_crisis": false, "population_phase_worse": null, "population_percentage_phase_worse": null, "analysis_id": "69455744", "admin_type": null, "area_name": "Jilib", "view_level": "area", "hide_settlement_labels": false, "hide_area_labels": false, "hide_area_borders": false, "show_area_popups": true, "color": "#e67800", "estimated_population": "11375", "phase1_population": 8530, "phase1_percent": 0.75, "phase1_color": "#fae61e", "phase2_population": 1710, "phase2_percent": 0.15, "phase2_color": "#e67800", "phase3_population": 1140, "phase3_percent": 0.1, "phase3_color": "#c80000", "phase4_population": 0, "phase4_percent": 0.0, "phase4_color": "#640000", "phase5_population": 0, "phase5_percent": 0, "phase5_color": "#640000" }, "geometry": { "type": "GeometryCollection", "geometries": [ { "type": "MultiPolygon", "coordinates": [ [ [ [ 43.194927473, 0.766766545 ], [ 43.1906, 0.7714 ], [ 43.1466, 0.7662 ], [ 43.1426, 0.7646 ], [ 43.1512, 0.844 ], [ 43.2092, 1.0225 ], [ 43.2989, 0.9933 ], [ 43.2508, 0.9454 ], [ 43.2258, 0.8572 ], [ 43.1908, 0.793 ], [ 43.1896, 0.779 ], [ 43.194927473, 0.766766545 ] ] ] ] } ] } },
{ "type": "Feature", "properties": { "area_id": "69456346", "confidence_level": 0, "ipc_period": "C", "overall_phase": 3, "population_min": "7900", "population_percentage_min": "0.25", "justification": "", "prolonged_crisis": false, "population_phase_worse": null, "population_percentage_phase_worse": null, "analysis_id": "69455744", "admin_type": null, "area_name": "Ceel dheer (1)", "view_level": "area", "hide_settlement_labels": false, "hide_area_labels": false, "hide_area_borders": false, "show_area_popups": true, "color": "#c80000", "estimated_population": "31618", "phase1_population": 11070, "phase1_percent": 0.35, "phase1_color": "#fae61e", "phase2_population": 12650, "phase2_percent": 0.4, "phase2_color": "#e67800", "phase3_population": 6320, "phase3_percent": 0.2, "phase3_color": "#c80000", "phase4_population": 1580, "phase4_percent": 0.05, "phase4_color": "#640000", "phase5_population": 0, "phase5_percent": 0, "phase5_color": "#640000" }, "geometry": { "type": "GeometryCollection", "geometries": [ { "type": "MultiPolygon", "coordinates": [ [ [ [ 46.8751, 3.5779 ], [ 47.1285, 3.8882 ], [ 47.1779, 4.1419 ], [ 47.3142, 4.3063 ], [ 47.5478, 4.4692 ], [ 47.8346, 4.333 ], [ 47.4295, 3.871 ], [ 47.2168, 3.6703 ], [ 47.0376, 3.4726 ], [ 46.8751, 3.5779 ] ] ] ] } ] } },
{ "type": "Feature", "properties": { "area_id": "69455907", "confidence_level": 0, "ipc_period": "C", "overall_phase": 2, "population_min": "4110", "population_percentage_min": "0.15", "justification": "", "prolonged_crisis": false, "population_phase_worse": null, "population_percentage_phase_worse": null, "analysis_id": "69455744", "admin_type": null, "area_name": "Ceerigaabo urban", "view_level": "area", "hide_settlement_labels": false, "hide_area_labels": false, "hide_area_borders": false, "show_area_popups": true, "color": "#e67800", "estimated_population": "27388", "phase1_population": 15060, "phase1_percent": 0.55, "phase1_color": "#fae61e", "phase2_population": 8220, "phase2_percent": 0.3, "phase2_color": "#e67800", "phase3_population": 4110, "phase3_percent": 0.15, "phase3_color": "#c80000", "phase4_population": 0, "phase4_percent": 0.0, "phase4_color": "#640000", "phase5_population": 0, "phase5_percent": 0, "phase5_color": "#640000" }, "geometry": { "type": "MultiPoint", "coordinates": [ [ 47.3645, 10.6116 ] ] } },
{ "type": "Feature", "properties": { "area_id": "69455893", "confidence_level": 0, "ipc_period": "C", "overall_phase": 3, "population_min": "15080", "population_percentage_min": "0.55", "justification": "", "prolonged_crisis": false, "population_phase_worse": null, "population_percentage_phase_worse": null, "analysis_id": "69455744", "admin_type": "idp", "area_name": "Dhusamareeb IDPS", "view_level": "area", "hide_settlement_labels": false, "hide_area_labels": false, "hide_area_borders": false, "show_area_popups": true, "color": "#c80000", "estimated_population": "27423", "phase1_population": 2740, "phase1_percent": 0.1, "phase1_color": "#fae61e", "phase2_population": 9600, "phase2_percent": 0.35, "phase2_color": "#e67800", "phase3_population": 10970, "phase3_percent": 0.4, "phase3_color": "#c80000", "phase4_population": 4110, "phase4_percent": 0.15, "phase4_color": "#640000", "phase5_population": 0, "phase5_percent": 0, "phase5_color": "#640000" }, "geometry": { "type": "Point", "coordinates": [ 46.363909025, 5.521566503 ] } },
{ "type": "Feature", "properties": { "area_id": "69456297", "confidence_level": 0, "ipc_period": "C", "overall_phase": 3, "population_min": "58170", "population_percentage_min": "0.35", "justification": "", "prolonged_crisis": false, "population_phase_worse": null, "population_percentage_phase_worse": null, "analysis_id": "69455744", "admin_type": null, "area_name": "Dhuusamarreeb (2)", "view_level": "area", "hide_settlement_labels": false, "hide_area_labels": false, "hide_area_borders": false, "show_area_popups": true, "color": "#c80000", "estimated_population": "166180", "phase1_population": 49850, "phase1_percent": 0.3, "phase1_color": "#fae61e", "phase2_population": 58160, "phase2_percent": 0.35, "phase2_color": "#e67800", "phase3_population": 41550, "phase3_percent": 0.25, "phase3_color": "#c80000", "phase4_population": 16620, "phase4_percent": 0.1, "phase4_color": "#640000", "phase5_population": 0, "phase5_percent": 0, "phase5_color": "#640000" }, "geometry": { "type": "GeometryCollection", "geometries": [ { "type": "MultiPolygon", "coordinates": [ [ [ [ 46.3474, 5.1039 ], [ 46.3075, 5.1938 ], [ 46.3453, 5.4823 ], [ 46.3762, 5.5475 ], [ 46.5891, 5.6024 ], [ 46.7917, 5.726 ], [ 46.8773, 5.8332 ], [ 47.343759325, 5.75424409 ], [ 47.339785898, 5.745821308 ], [ 47.448784913, 5.563106541 ], [ 47.569623589, 5.26478606 ], [ 47.5291, 5.195 ], [ 47.111, 5.1714 ], [ 46.491, 5.1414 ], [ 46.3474, 5.1039 ] ] ] ] } ] } },
{ "type": "Feature", "properties": { "area_id": "69456093", "confidence_level": 0, "ipc_period": "C", "overall_phase": 2, "population_min": "1450", "population_percentage_min": "0.15", "justification": "", "prolonged_crisis": false, "population_phase_worse": null, "population_percentage_phase_worse": null, "analysis_id": "69455744", "admin_type": null, "area_name": "Dhuusamarreeb (3)", "view_level": "area", "hide_settlement_labels": false, "hide_area_labels": false, "hide_area_borders": false, "show_area_popups": true, "color": "#e67800", "estimated_population": "9697", "phase1_population": 3880, "phase1_percent": 0.4, "phase1_color": "#fae61e", "phase2_population": 4360, "phase2_percent": 0.45, "phase2_color": "#e67800", "phase3_population": 970, "phase3_percent": 0.1, "phase3_color": "#c80000", "phase4_population": 480, "phase4_percent": 0.05, "phase4_color": "#640000", "phase5_population": 0, "phase5_percent": 0, "phase5_color": "#640000" }, "geometry": { "type": "GeometryCollection", "geometries": [ { "type": "MultiPolygon", "coordinates": [ [ [ [ 46.3075, 5.1938 ], [ 46.3018, 5.092 ], [ 46.229844509, 5.07331156 ], [ 46.231, 5.0814 ], [ 46.041, 5.0314 ], [ 45.711, 5.1114 ], [ 45.672835188, 5.187729624 ], [ 46.271, 5.6913 ], [ 46.451, 5.9013 ], [ 46.671, 5.9313 ], [ 46.711, 5.8613 ], [ 46.8773, 5.8332 ], [ 46.7917, 5.726 ], [ 46.5891, 5.6024 ], [ 46.3762, 5.5475 ], [ 46.3453, 5.4823 ], [ 46.3075, 5.1938 ] ] ] ] } ] } },
{ "type": "Feature", "properties": { "area_id": "69456382", "confidence_level": 0, "ipc_period": "C", "overall_phase": 3, "population_min": "2930", "population_percentage_min": "0.55", "justification": "", "prolonged_crisis": false, "population_phase_worse": null, "population_percentage_phase_worse": null, "analysis_id": "69455744", "admin_type": null, "area_name": "Dhuusamarreeb idps rural", "view_level": "area", "hide_settlement_labels": false, "hide_area_labels": false, "hide_area_borders": false, "show_area_popups": true, "color": "#c80000", "estimated_population": "5313", "phase1_population": 530, "phase1_percent": 0.1, "phase1_color": "#fae61e", "phase2_population": 1860, "phase2_percent": 0.35, "phase2_color": "#e67800", "phase3_population": 2130, "phase3_percent": 0.4, "phase3_color": "#c80000", "phase4_population": 800, "phase4_percent": 0.15, "phase4_color": "#640000", "phase5_population": 0, "phase5_percent": 0, "phase5_color": "#640000" }, "geometry": { "type": "MultiPoint", "coordinates": [ [ 46.4758, 5.5732 ] ] } },
{ "type": "Feature", "properties": { "area_id": "69456057", "confidence_level": 0, "ipc_period": "C", "overall_phase": 3, "population_min": "20870", "population_percentage_min": "0.25", "justification": "", "prolonged_crisis": false, "population_phase_worse": null, "population_percentage_phase_worse": null, "analysis_id": "69455744", "admin_type": null, "area_name": "Diinsoor", "view_level": "area", "hide_settlement_labels": false, "hide_area_labels": false, "hide_area_borders": false, "show_area_popups": true, "color": "#c80000", "estimated_population": "83490", "phase1_population": 37570, "phase1_percent": 0.45, "phase1_color": "#fae61e", "phase2_population": 25050, "phase2_percent": 0.3, "phase2_color": "#e67800", "phase3_population": 16700, "phase3_percent": 0.2, "phase3_color": "#c80000", "phase4_population": 4170, "phase4_percent": 0.05, "phase4_color": "#640000", "phase5_population": 0, "phase5_percent": 0, "phase5_color": "#640000" }, "geometry": { "type": "GeometryCollection", "geometries": [ { "type": "MultiPolygon", "coordinates": [ [ [ [ 43.0147, 2.5767 ], [ 42.8229, 2.3889 ], [ 42.7807, 2.2545 ], [ 42.7973, 2.0406 ], [ 42.9233, 2.0654 ], [ 43.2505, 2.1573 ], [ 43.2009, 2.0417 ], [ 43.2616, 1.8867 ], [ 43.1583, 1.7972 ], [ 43.0488, 1.7775 ], [ 43.0425, 1.7095 ], [ 42.9445, 1.5549 ], [ 42.9933, 1.4679 ], [ 42.9809, 1.4617 ], [ 42.9533, 1.4824 ], [ 42.9009, 1.5217 ], [ 42.5209, 1.8817 ], [ 42.4009, 1.9517 ], [ 42.516, 2.6004 ], [ 43.0147, 2.5767 ] ] ] ] } ] } },
{ "type": "Feature", "properties": { "area_id": "69455868", "confidence_level": 0, "ipc_period": "C", "overall_phase": 3, "population_min": "19490", "population_percentage_min": "0.35", "justification": "", "prolonged_crisis": false, "population_phase_worse": null, "population_percentage_phase_worse": null, "analysis_id": "69455744", "admin_type": null, "area_name": "Diinsoor (1)", "view_level": "area", "hide_settlement_labels": false, "hide_area_labels": false, "hide_area_borders": false, "show_area_popups": true, "color": "#c80000", "estimated_population": "55660", "phase1_population": 16700, "phase1_percent": 0.3, "phase1_color": "#fae61e", "phase2_population": 19480, "phase2_percent": 0.35, "phase2_color": "#e67800", "phase3_population": 13920, "phase3_percent": 0.25, "phase3_color": "#c80000", "phase4_population": 5570, "phase4_percent": 0.1, "phase4_color": "#640000", "phase5_population": 0, "phase5_percent": 0, "phase5_color": "#640000" }, "geometry": { "type": "GeometryCollection", "geometries": [ { "type": "MultiPolygon", "coordinates": [ [ [ [ 43.0147, 2.5767 ], [ 43.1209, 2.5716 ], [ 43.4409, 2.5216 ], [ 43.3509, 2.3916 ], [ 43.299337873, 2.271271252 ], [ 43.250491215, 2.157307155 ], [ 43.2505068, 2.157315869 ], [ 43.2505, 2.1573 ], [ 42.9233, 2.0654 ], [ 42.7973, 2.0406 ], [ 42.7807, 2.2545 ], [ 42.8229, 2.3889 ], [ 43.0147, 2.5767 ] ] ], [ [ [ 43.1524, 1.5475 ], [ 43.016, 1.4793 ], [ 42.9933, 1.4679 ], [ 42.9445, 1.5549 ], [ 43.0425, 1.7095 ], [ 43.0488, 1.7775 ], [ 43.1583, 1.7972 ], [ 43.2616, 1.8867 ], [ 43.261605355, 1.886691853 ], [ 43.261561341, 1.886655576 ], [ 43.301124161, 1.826571966 ], [ 43.3109, 1.8117 ], [ 43.3109, 1.6267 ], [ 43.1524, 1.5475 ] ] ] ] } ] } },
{ "type": "Feature", "properties": { "area_id": "69455838", "confidence_level": 0, "ipc_period": "C", "overall_phase": 4, "population_min": "12600", "population_percentage_min": "0.55", "justification": "", "prolonged_crisis": false, "population_phase_worse": null, "population_percentage_phase_worse": null, "analysis_id": "69455744", "admin_type": null, "area_name": "Diinsoor idps", "view_level": "area", "hide_settlement_labels": false, "hide_area_labels": false, "hide_area_borders": false, "show_area_popups": true, "color": "#640000", "estimated_population": "22916", "phase1_population": 4580, "phase1_percent": 0.2, "phase1_color": "#fae61e", "phase2_population": 5730, "phase2_percent": 0.25, "phase2_color": "#e67800", "phase3_population": 5730, "phase3_percent": 0.25, "phase3_color": "#c80000", "phase4_population": 6870, "phase4_percent": 0.3, "phase4_color": "#640000", "phase5_population": 0, "phase5_percent": 0, "phase5_color": "#640000" }, "geometry": { "type": "MultiPoint", "coordinates": [ [ 42.9819, 2.3975 ] ] } },
{ "type": "Feature", "properties": { "area_id": "69456293", "confidence_level": 0, "ipc_period": "C", "overall_phase": 3, "population_min": "4100", "population_percentage_min": "0.35", "justification": "", "prolonged_crisis": false, "population_phase_worse": null, "population_percentage_phase_worse": null, "analysis_id": "69455744", "admin_type": null, "area_name": "Diinsoor urban", "view_level": "area", "hide_settlement_labels": false, "hide_area_labels": false, "hide_area_borders": false, "show_area_popups": true, "color": "#c80000", "estimated_population": "11710", "phase1_population": 3510, "phase1_percent": 0.3, "phase1_color": "#fae61e", "phase2_population": 4100, "phase2_percent": 0.35, "phase2_color": "#e67800", "phase3_population": 3510, "phase3_percent": 0.3, "phase3_color": "#c80000", "phase4_population": 590, "phase4_percent": 0.05, "phase4_color": "#640000", "phase5_population": 0, "phase5_percent": 0, "phase5_color": "#640000" }, "geometry": { "type": "MultiPoint", "coordinates": [ [ 42.9661, 2.3962 ] ] } },
{ "type": "Feature", "properties": { "area_id": "69455764", "confidence_level": 0, "ipc_period": "C", "overall_phase": 2, "population_min": "910", "population_percentage_min": "0.1", "justification": "", "prolonged_crisis": false, "population_phase_worse": null, "population_percentage_phase_worse": null, "analysis_id": "69455744", "admin_type": "urb", "area_name": "Garowe URBAN", "view_level": "area", "hide_settlement_labels": false, "hide_area_labels": false, "hide_area_borders": false, "show_area_popups": true, "color": "#e67800", "estimated_population": "9053", "phase1_population": 5430, "phase1_percent": 0.6, "phase1_color": "#fae61e", "phase2_population": 2720, "phase2_percent": 0.3, "phase2_color": "#e67800", "phase3_population": 910, "phase3_percent": 0.1, "phase3_color": "#c80000", "phase4_population": 0, "phase4_percent": 0.0, "phase4_color": "#640000", "phase5_population": 0, "phase5_percent": 0, "phase5_color": "#640000" }, "geometry": { "type": "Point", "coordinates": [ 48.461648196, 8.346884951 ] } },
{ "type": "Feature", "properties": { "area_id": "69456474", "confidence_level": 0, "ipc_period": "C", "overall_phase": 2, "population_min": "570", "population_percentage_min": "0.15", "justification": "", "prolonged_crisis": false, "population_phase_worse": null, "population_percentage_phase_worse": null, "analysis_id": "69455744", "admin_type": null, "area_name": "Dhuusamarreeb", "view_level": "area", "hide_settlement_labels": false, "hide_area_labels": false, "hide_area_borders": false, "show_area_popups": true, "color": "#e67800", "estimated_population": "3810", "phase1_population": 1710, "phase1_percent": 0.45, "phase1_color": "#fae61e", "phase2_population": 1520, "phase2_percent": 0.4, "phase2_color": "#e67800", "phase3_population": 380, "phase3_percent": 0.1, "phase3_color": "#c80000", "phase4_population": 190, "phase4_percent": 0.05, "phase4_color": "#640000", "phase5_population": 0, "phase5_percent": 0, "phase5_color": "#640000" }, "geometry": { "type": "GeometryCollection", "geometries": [ { "type": "MultiPolygon", "coordinates": [ [ [ [ 47.596337997, 5.198834867 ], [ 47.5291, 5.195 ], [ 47.569623589, 5.26478606 ], [ 47.596337997, 5.198834867 ] ] ] ] } ] } },
{ "type": "Feature", "properties": { "area_id": "69456324", "confidence_level": 0, "ipc_period": "C", "overall_phase": 1, "population_min": "0", "population_percentage_min": "0", "justification": "", "prolonged_crisis": false, "population_phase_worse": null, "population_percentage_phase_worse": null, "analysis_id": "69455744", "admin_type": null, "area_name": "Dhuusamarreeb (1)", "view_level": "area", "hide_settlement_labels": false, "hide_area_labels": false, "hide_area_borders": false, "show_area_popups": true, "color": "#fae61e", "estimated_population": "10782", "phase1_population": 9160, "phase1_percent": 0.85, "phase1_color": "#fae61e", "phase2_population": 1620, "phase2_percent": 0.15, "phase2_color": "#e67800", "phase3_population": 0, "phase3_percent": 0.0, "phase3_color": "#c80000", "phase4_population": 0, "phase4_percent": 0.0, "phase4_color": "#640000", "phase5_population": 0, "phase5_percent": 0, "phase5_color": "#640000" }, "geometry": { "type": "GeometryCollection", "geometries": [ { "type": "MultiPolygon", "coordinates": [ [ [ [ 46.3474, 5.1039 ], [ 46.3018, 5.092 ], [ 46.3075, 5.1938 ], [ 46.3474, 5.1039 ] ] ] ] } ] } },
{ "type": "Feature", "properties": { "area_id": "69455776", "confidence_level": 0, "ipc_period": "C", "overall_phase": 3, "population_min": "380", "population_percentage_min": "0.3", "justification": "", "prolonged_crisis": false, "population_phase_worse": null, "population_percentage_phase_worse": null, "analysis_id": "69455744", "admin_type": null, "area_name": "Gebiley idps", "view_level": "area", "hide_settlement_labels": false, "hide_area_labels": false, "hide_area_borders": false, "show_area_popups": true, "color": "#c80000", "estimated_population": "1271", "phase1_population": 570, "phase1_percent": 0.45, "phase1_color": "#fae61e", "phase2_population": 320, "phase2_percent": 0.25, "phase2_color": "#e67800", "phase3_population": 250, "phase3_percent": 0.2, "phase3_color": "#c80000", "phase4_population": 130, "phase4_percent": 0.1, "phase4_color": "#640000", "phase5_population": 0, "phase5_percent": 0, "phase5_color": "#640000" }, "geometry": { "type": "MultiPoint", "coordinates": [ [ 43.6261, 9.7044 ] ] } },
{ "type": "Feature", "properties": { "area_id": "69455979", "confidence_level": 0, "ipc_period": "C", "overall_phase": 3, "population_min": "160", "population_percentage_min": "0.3", "justification": "", "prolonged_crisis": false, "population_phase_worse": null, "population_percentage_phase_worse": null, "analysis_id": "69455744", "admin_type": null, "area_name": "Gebiley idps rural", "view_level": "area", "hide_settlement_labels": false, "hide_area_labels": false, "hide_area_borders": false, "show_area_popups": true, "color": "#c80000", "estimated_population": "529", "phase1_population": 240, "phase1_percent": 0.45, "phase1_color": "#fae61e", "phase2_population": 130, "phase2_percent": 0.25, "phase2_color": "#e67800", "phase3_population": 110, "phase3_percent": 0.2, "phase3_color": "#c80000", "phase4_population": 50, "phase4_percent": 0.1, "phase4_color": "#640000", "phase5_population": 0, "phase5_percent": 0, "phase5_color": "#640000" }, "geometry": { "type": "MultiPoint", "coordinates": [ [ 43.6463, 9.7161 ] ] } },
{ "type": "Feature", "properties": { "area_id": "69456239", "confidence_level": 0, "ipc_period": "C", "overall_phase": 2, "population_min": "3780", "population_percentage_min": "0.1", "justification": "", "prolonged_crisis": false, "population_phase_worse": null, "population_percentage_phase_worse": null, "analysis_id": "69455744", "admin_type": null, "area_name": "Gebiley urban", "view_level": "area", "hide_settlement_labels": false, "hide_area_labels": false, "hide_area_borders": false, "show_area_popups": true, "color": "#e67800", "estimated_population": "37826", "phase1_population": 17020, "phase1_percent": 0.45, "phase1_color": "#fae61e", "phase2_population": 17020, "phase2_percent": 0.45, "phase2_color": "#e67800", "phase3_population": 3780, "phase3_percent": 0.1, "phase3_color": "#c80000", "phase4_population": 0, "phase4_percent": 0.0, "phase4_color": "#640000", "phase5_population": 0, "phase5_percent": 0, "phase5_color": "#640000" }, "geometry": { "type": "MultiPoint", "coordinates": [ [ 43.6222, 9.7042 ] ] } },
{ "type": "Feature", "properties": { "area_id": "69456009", "confidence_level": 0, "ipc_period": "C", "overall_phase": 2, "population_min": "23870", "population_percentage_min": "0.1", "justification": "", "prolonged_crisis": false, "population_phase_worse": null, "population_percentage_phase_worse": null, "analysis_id": "69455744", "admin_type": null, "area_name": "Hargeysa", "view_level": "area", "hide_settlement_labels": false, "hide_area_labels": false, "hide_area_borders": false, "show_area_popups": true, "color": "#e67800", "estimated_population": "238721", "phase1_population": 119360, "phase1_percent": 0.5, "phase1_color": "#fae61e", "phase2_population": 95490, "phase2_percent": 0.4, "phase2_color": "#e67800", "phase3_population": 23870, "phase3_percent": 0.1, "phase3_color": "#c80000", "phase4_population": 0, "phase4_percent": 0.0, "phase4_color": "#640000", "phase5_population": 0, "phase5_percent": 0, "phase5_color": "#640000" }, "geometry": { "type": "GeometryCollection", "geometries": [ { "type": "MultiPolygon", "coordinates": [ [ [ [ 44.151, 10.3209 ], [ 44.231, 10.2809 ], [ 44.731, 9.9509 ], [ 44.8977, 9.9411 ], [ 44.831, 9.861 ], [ 44.7707, 9.6244 ], [ 44.723, 9.5957 ], [ 44.7077, 9.5982 ], [ 44.6729, 9.6046 ], [ 44.5404, 9.645 ], [ 44.5033, 9.6811 ], [ 44.3493, 9.7347 ], [ 44.2703, 9.734 ], [ 44.0663, 9.6724 ], [ 44.0317, 9.7145 ], [ 43.9034, 9.7287 ], [ 43.8678, 9.7785 ], [ 44.101, 10.1309 ], [ 44.041, 10.1709 ], [ 44.151, 10.3209 ] ] ] ] } ] } },
{ "type": "Feature", "properties": { "area_id": "69456103", "confidence_level": 0, "ipc_period": "C", "overall_phase": 2, "population_min": "2870", "population_percentage_min": "0.1", "justification": "", "prolonged_crisis": false, "population_phase_worse": null, "population_percentage_phase_worse": null, "analysis_id": "69455744", "admin_type": null, "area_name": "Gebiley", "view_level": "area", "hide_settlement_labels": false, "hide_area_labels": false, "hide_area_borders": false, "show_area_popups": true, "color": "#e67800", "estimated_population": "28741", "phase1_population": 14370, "phase1_percent": 0.5, "phase1_color": "#fae61e", "phase2_population": 11500, "phase2_percent": 0.4, "phase2_color": "#e67800", "phase3_population": 2870, "phase3_percent": 0.1, "phase3_color": "#c80000", "phase4_population": 0, "phase4_percent": 0.0, "phase4_color": "#640000", "phase5_population": 0, "phase5_percent": 0, "phase5_color": "#640000" }, "geometry": { "type": "GeometryCollection", "geometries": [ { "type": "MultiPolygon", "coordinates": [ [ [ [ 44.041, 10.1709 ], [ 44.101, 10.1309 ], [ 43.8678, 9.7785 ], [ 43.8138, 9.8141 ], [ 43.6513, 9.77 ], [ 43.5902, 9.7916 ], [ 43.5065, 9.9619 ], [ 43.721, 10.2609 ], [ 43.8209, 10.2909 ], [ 44.041, 10.1709 ] ] ] ] } ] } },
{ "type": "Feature", "properties": { "area_id": "69455850", "confidence_level": 0, "ipc_period": "C", "overall_phase": 3, "population_min": "35910", "population_percentage_min": "0.25", "justification": "", "prolonged_crisis": false, "population_phase_worse": null, "population_percentage_phase_worse": null, "analysis_id": "69455744", "admin_type": null, "area_name": "Gebiley (1)", "view_level": "area", "hide_settlement_labels": false, "hide_area_labels": false, "hide_area_borders": false, "show_area_popups": true, "color": "#c80000", "estimated_population": "143671", "phase1_population": 57470, "phase1_percent": 0.4, "phase1_color": "#fae61e", "phase2_population": 50280, "phase2_percent": 0.35, "phase2_color": "#e67800", "phase3_population": 28730, "phase3_percent": 0.2, "phase3_color": "#c80000", "phase4_population": 7180, "phase4_percent": 0.05, "phase4_color": "#640000", "phase5_population": 0, "phase5_percent": 0, "phase5_color": "#640000" }, "geometry": { "type": "GeometryCollection", "geometries": [ { "type": "MultiPolygon", "coordinates": [ [ [ [ 43.8678, 9.7785 ], [ 43.5564, 9.3765 ], [ 43.4465, 9.4459 ], [ 43.3992, 9.5538 ], [ 43.3001, 9.6121 ], [ 43.2905, 9.6585 ], [ 43.3709, 9.801 ], [ 43.5065, 9.9619 ], [ 43.5902, 9.7916 ], [ 43.6513, 9.77 ], [ 43.8138, 9.8141 ], [ 43.8678, 9.7785 ] ] ] ] } ] } },
{ "type": "Feature", "properties": { "area_id": "69456213", "confidence_level": 0, "ipc_period": "C", "overall_phase": 3, "population_min": "10970", "population_percentage_min": "0.4", "justification": "", "prolonged_crisis": false, "population_phase_worse": null, "population_percentage_phase_worse": null, "analysis_id": "69455744", "admin_type": "urb", "area_name": "Dhusamareeb URBAN", "view_level": "area", "hide_settlement_labels": false, "hide_area_labels": false, "hide_area_borders": false, "show_area_popups": true, "color": "#c80000", "estimated_population": "27415", "phase1_population": 5480, "phase1_percent": 0.2, "phase1_color": "#fae61e", "phase2_population": 10970, "phase2_percent": 0.4, "phase2_color": "#e67800", "phase3_population": 9600, "phase3_percent": 0.35, "phase3_color": "#c80000", "phase4_population": 1370, "phase4_percent": 0.05, "phase4_color": "#640000", "phase5_population": 0, "phase5_percent": 0, "phase5_color": "#640000" }, "geometry": { "type": "Point", "coordinates": [ 46.374245852, 5.477302444 ] } },
{ "type": "Feature", "properties": { "area_id": "69456424", "confidence_level": 0, "ipc_period": "C", "overall_phase": 3, "population_min": "9370", "population_percentage_min": "0.4", "justification": "", "prolonged_crisis": false, "population_phase_worse": null, "population_percentage_phase_worse": null, "analysis_id": "69455744", "admin_type": null, "area_name": "Ceel buur urban", "view_level": "area", "hide_settlement_labels": false, "hide_area_labels": false, "hide_area_borders": false, "show_area_popups": true, "color": "#c80000", "estimated_population": "23429", "phase1_population": 4690, "phase1_percent": 0.2, "phase1_color": "#fae61e", "phase2_population": 9370, "phase2_percent": 0.4, "phase2_color": "#e67800", "phase3_population": 8200, "phase3_percent": 0.35, "phase3_color": "#c80000", "phase4_population": 1170, "phase4_percent": 0.05, "phase4_color": "#640000", "phase5_population": 0, "phase5_percent": 0, "phase5_color": "#640000" }, "geometry": { "type": "MultiPoint", "coordinates": [ [ 46.6032, 4.6555 ] ] } },
{ "type": "Feature", "properties": { "area_id": "69456085", "confidence_level": 0, "ipc_period": "C", "overall_phase": 2, "population_min": "9100", "population_percentage_min": "0.15", "justification": "", "prolonged_crisis": false, "population_phase_worse": null, "population_percentage_phase_worse": null, "analysis_id": "69455744", "admin_type": null, "area_name": "Ceel dheer", "view_level": "area", "hide_settlement_labels": false, "hide_area_labels": false, "hide_area_borders": false, "show_area_popups": true, "color": "#e67800", "estimated_population": "60692", "phase1_population": 27310, "phase1_percent": 0.45, "phase1_color": "#fae61e", "phase2_population": 24280, "phase2_percent": 0.4, "phase2_color": "#e67800", "phase3_population": 6070, "phase3_percent": 0.1, "phase3_color": "#c80000", "phase4_population": 3030, "phase4_percent": 0.05, "phase4_color": "#640000", "phase5_population": 0, "phase5_percent": 0, "phase5_color": "#640000" }, "geometry": { "type": "GeometryCollection", "geometries": [ { "type": "MultiPolygon", "coordinates": [ [ [ [ 47.5016, 4.4953 ], [ 47.501, 4.4914 ], [ 47.5478, 4.4692 ], [ 47.3142, 4.3063 ], [ 47.1779, 4.1419 ], [ 47.1285, 3.8882 ], [ 46.8751, 3.5779 ], [ 46.391, 3.8915 ], [ 46.2636, 3.8202 ], [ 46.2672, 3.84 ], [ 46.278894744, 3.945799823 ], [ 46.281833982, 3.97239047 ], [ 46.3039, 4.0813 ], [ 46.3386, 4.1884 ], [ 46.3968, 4.2348 ], [ 46.711, 4.3314 ], [ 47.5016, 4.4953 ] ] ] ] } ] } },
{ "type": "Feature", "properties": { "area_id": "69456179", "confidence_level": 0, "ipc_period": "C", "overall_phase": 1, "population_min": "0", "population_percentage_min": "0", "justification": "", "prolonged_crisis": false, "population_phase_worse": null, "population_percentage_phase_worse": null, "analysis_id": "69455744", "admin_type": null, "area_name": "Belet weyne (3)", "view_level": "area", "hide_settlement_labels": false, "hide_area_labels": false, "hide_area_borders": false, "show_area_popups": true, "color": "#fae61e", "estimated_population": "23592", "phase1_population": 20050, "phase1_percent": 0.85, "phase1_color": "#fae61e", "phase2_population": 3540, "phase2_percent": 0.15, "phase2_color": "#e67800", "phase3_population": 0, "phase3_percent": 0.0, "phase3_color": "#c80000", "phase4_population": 0, "phase4_percent": 0.0, "phase4_color": "#640000", "phase5_population": 0, "phase5_percent": 0, "phase5_color": "#640000" }, "geometry": { "type": "GeometryCollection", "geometries": [ { "type": "MultiPolygon", "coordinates": [ [ [ [ 45.3387, 4.3468 ], [ 45.2697, 4.448 ], [ 45.1799, 4.6775 ], [ 45.1391, 4.7409 ], [ 45.1252, 4.8435 ], [ 45.0092, 4.8633 ], [ 44.9883, 4.9245 ], [ 45.0682, 5.0064 ], [ 45.1418, 4.923 ], [ 45.2044, 4.7871 ], [ 45.2632, 4.5767 ], [ 45.3845, 4.3605 ], [ 45.3387, 4.3468 ] ] ] ] } ] } },
{ "type": "Feature", "properties": { "area_id": "69456267", "confidence_level": 0, "ipc_period": "C", "overall_phase": 3, "population_min": "20170", "population_percentage_min": "0.3", "justification": "", "prolonged_crisis": false, "population_phase_worse": null, "population_percentage_phase_worse": null, "analysis_id": "69455744", "admin_type": "idp", "area_name": "Beletweyn IDPS", "view_level": "area", "hide_settlement_labels": false, "hide_area_labels": false, "hide_area_borders": false, "show_area_popups": true, "color": "#c80000", "estimated_population": "67250", "phase1_population": 16810, "phase1_percent": 0.25, "phase1_color": "#fae61e", "phase2_population": 30260, "phase2_percent": 0.45, "phase2_color": "#e67800", "phase3_population": 16810, "phase3_percent": 0.25, "phase3_color": "#c80000", "phase4_population": 3360, "phase4_percent": 0.05, "phase4_color": "#640000", "phase5_population": 0, "phase5_percent": 0, "phase5_color": "#640000" }, "geometry": { "type": "Point", "coordinates": [ 45.180122145, 4.724314305 ] } },
{ "type": "Feature", "properties": { "area_id": "69455987", "confidence_level": 0, "ipc_period": "C", "overall_phase": 3, "population_min": "12060", "population_percentage_min": "0.2", "justification": "", "prolonged_crisis": false, "population_phase_worse": null, "population_percentage_phase_worse": null, "analysis_id": "69455744", "admin_type": "urb", "area_name": "Beletweyn URBAN", "view_level": "area", "hide_settlement_labels": false, "hide_area_labels": false, "hide_area_borders": false, "show_area_popups": true, "color": "#c80000", "estimated_population": "60317", "phase1_population": 21110, "phase1_percent": 0.35, "phase1_color": "#fae61e", "phase2_population": 27140, "phase2_percent": 0.45, "phase2_color": "#e67800", "phase3_population": 12060, "phase3_percent": 0.2, "phase3_color": "#c80000", "phase4_population": 0, "phase4_percent": 0.0, "phase4_color": "#640000", "phase5_population": 0, "phase5_percent": 0, "phase5_color": "#640000" }, "geometry": { "type": "Point", "coordinates": [ 45.1799, 4.6775 ] } },
{ "type": "Feature", "properties": { "area_id": "69455786", "confidence_level": 0, "ipc_period": "C", "overall_phase": 2, "population_min": "12670", "population_percentage_min": "0.1", "justification": "", "prolonged_crisis": false, "population_phase_worse": null, "population_percentage_phase_worse": null, "analysis_id": "69455744", "admin_type": null, "area_name": "Belet xaawo", "view_level": "area", "hide_settlement_labels": false, "hide_area_labels": false, "hide_area_borders": false, "show_area_popups": true, "color": "#e67800", "estimated_population": "126728", "phase1_population": 82370, "phase1_percent": 0.65, "phase1_color": "#fae61e", "phase2_population": 31680, "phase2_percent": 0.25, "phase2_color": "#e67800", "phase3_population": 12670, "phase3_percent": 0.1, "phase3_color": "#c80000", "phase4_population": 0, "phase4_percent": 0.0, "phase4_color": "#640000", "phase5_population": 0, "phase5_percent": 0, "phase5_color": "#640000" }, "geometry": { "type": "GeometryCollection", "geometries": [ { "type": "MultiPolygon", "coordinates": [ [ [ [ 41.9224, 3.8864 ], [ 41.9867, 3.7256 ], [ 41.9623, 3.6268 ], [ 42.0012, 3.5885 ], [ 41.7209, 3.0016 ], [ 41.3108, 3.1416 ], [ 41.6623, 3.6407 ], [ 41.8595, 3.9121 ], [ 41.9224, 3.8864 ] ] ], [ [ [ 42.0976, 3.8044 ], [ 42.0293, 3.8426 ], [ 42.1009, 3.8115 ], [ 42.0976, 3.8044 ] ] ] ] } ] } },
{ "type": "Feature", "properties": { "area_id": "69455793", "confidence_level": 0, "ipc_period": "C", "overall_phase": 3, "population_min": "490", "population_percentage_min": "0.25", "justification": "", "prolonged_crisis": false, "population_phase_worse": null, "population_percentage_phase_worse": null, "analysis_id": "69455744", "admin_type": null, "area_name": "Borama idps rural", "view_level": "area", "hide_settlement_labels": false, "hide_area_labels": false, "hide_area_borders": false, "show_area_popups": true, "color": "#c80000", "estimated_population": "1928", "phase1_population": 770, "phase1_percent": 0.4, "phase1_color": "#fae61e", "phase2_population": 670, "phase2_percent": 0.35, "phase2_color": "#e67800", "phase3_population": 390, "phase3_percent": 0.2, "phase3_color": "#c80000", "phase4_population": 100, "phase4_percent": 0.05, "phase4_color": "#640000", "phase5_population": 0, "phase5_percent": 0, "phase5_color": "#640000" }, "geometry": { "type": "MultiPoint", "coordinates": [ [ 43.189, 10.0107 ] ] } },
{ "type": "Feature", "properties": { "area_id": "69456308", "confidence_level": 0, "ipc_period": "C", "overall_phase": 2, "population_min": "15920", "population_percentage_min": "0.15", "justification": "", "prolonged_crisis": false, "population_phase_worse": null, "population_percentage_phase_worse": null, "analysis_id": "69455744", "admin_type": "urb", "area_name": "Borama Urban", "view_level": "area", "hide_settlement_labels": false, "hide_area_labels": false, "hide_area_borders": false, "show_area_popups": true, "color": "#e67800", "estimated_population": "106115", "phase1_population": 53060, "phase1_percent": 0.5, "phase1_color": "#fae61e", "phase2_population": 37140, "phase2_percent": 0.35, "phase2_color": "#e67800", "phase3_population": 10610, "phase3_percent": 0.1, "phase3_color": "#c80000", "phase4_population": 5310, "phase4_percent": 0.05, "phase4_color": "#640000", "phase5_population": 0, "phase5_percent": 0, "phase5_color": "#640000" }, "geometry": { "type": "Point", "coordinates": [ 43.113353595, 9.938715068 ] } },
{ "type": "Feature", "properties": { "area_id": "69455753", "confidence_level": 0, "ipc_period": "C", "overall_phase": 2, "population_min": "12580", "population_percentage_min": "0.15", "justification": "", "prolonged_crisis": false, "population_phase_worse": null, "population_percentage_phase_worse": null, "analysis_id": "69455744", "admin_type": null, "area_name": "Bossaso", "view_level": "area", "hide_settlement_labels": false, "hide_area_labels": false, "hide_area_borders": false, "show_area_popups": true, "color": "#e67800", "estimated_population": "83836", "phase1_population": 41920, "phase1_percent": 0.5, "phase1_color": "#fae61e", "phase2_population": 29340, "phase2_percent": 0.35, "phase2_color": "#e67800", "phase3_population": 12580, "phase3_percent": 0.15, "phase3_color": "#c80000", "phase4_population": 0, "phase4_percent": 0.0, "phase4_color": "#640000", "phase5_population": 0, "phase5_percent": 0, "phase5_color": "#640000" }, "geometry": { "type": "GeometryCollection", "geometries": [ { "type": "MultiPolygon", "coordinates": [ [ [ [ 49.0411, 10.3509 ], [ 49.0322, 10.7299 ], [ 49.1343, 10.7764 ], [ 49.4134, 10.822 ], [ 49.8232, 10.7202 ], [ 49.621846993, 10.511673605 ], [ 49.5611, 10.5009 ], [ 49.4611, 10.5009 ], [ 49.3511, 10.5609 ], [ 49.1911, 10.5209 ], [ 49.0411, 10.3509 ] ] ] ] } ] } },
{ "type": "Feature", "properties": { "area_id": "69455880", "confidence_level": 0, "ipc_period": "C", "overall_phase": 2, "population_min": "71260", "population_percentage_min": "0.15", "justification": "", "prolonged_crisis": false, "population_phase_worse": null, "population_percentage_phase_worse": null, "analysis_id": "69455744", "admin_type": null, "area_name": "Bossaso (1)", "view_level": "area", "hide_settlement_labels": false, "hide_area_labels": false, "hide_area_borders": false, "show_area_popups": true, "color": "#e67800", "estimated_population": "475067", "phase1_population": 261290, "phase1_percent": 0.55, "phase1_color": "#fae61e", "phase2_population": 142520, "phase2_percent": 0.3, "phase2_color": "#e67800", "phase3_population": 47510, "phase3_percent": 0.1, "phase3_color": "#c80000", "phase4_population": 23750, "phase4_percent": 0.05, "phase4_color": "#640000", "phase5_population": 0, "phase5_percent": 0, "phase5_color": "#640000" }, "geometry": { "type": "GeometryCollection", "geometries": [ { "type": "MultiPolygon", "coordinates": [ [ [ [ 49.8232, 10.7202 ], [ 49.4134, 10.822 ], [ 49.1343, 10.7764 ], [ 49.0322, 10.7299 ], [ 49.0311, 10.7809 ], [ 48.9189, 11.2398 ], [ 49.2407, 11.2993 ], [ 49.297, 11.3336 ], [ 49.4231, 11.3343 ], [ 49.5804, 11.4521 ], [ 49.7211, 11.1808 ], [ 49.7611, 11.1408 ], [ 49.9111, 10.9008 ], [ 49.9011, 10.8009 ], [ 49.8232, 10.7202 ] ] ] ] } ] } },
{ "type": "Feature", "properties": { "area_id": "69456251", "confidence_level": 0, "ipc_period": "C", "overall_phase": 3, "population_min": "31820", "population_percentage_min": "0.25", "justification": "", "prolonged_crisis": false, "population_phase_worse": null, "population_percentage_phase_worse": null, "analysis_id": "69455744", "admin_type": "idp", "area_name": "Bossaso IDPS", "view_level": "area", "hide_settlement_labels": false, "hide_area_labels": false, "hide_area_borders": false, "show_area_popups": true, "color": "#c80000", "estimated_population": "127270", "phase1_population": 57270, "phase1_percent": 0.45, "phase1_color": "#fae61e", "phase2_population": 38180, "phase2_percent": 0.3, "phase2_color": "#e67800", "phase3_population": 19090, "phase3_percent": 0.15, "phase3_color": "#c80000", "phase4_population": 12730, "phase4_percent": 0.1, "phase4_color": "#640000", "phase5_population": 0, "phase5_percent": 0, "phase5_color": "#640000" }, "geometry": { "type": "Point", "coordinates": [ 49.148293704, 11.180842447 ] } },
{ "type": "Feature", "properties": { "area_id": "69456442", "confidence_level": 0, "ipc_period": "C", "overall_phase": 2, "population_min": "6790", "population_percentage_min": "0.15", "justification": "", "prolonged_crisis": false, "population_phase_worse": null, "population_percentage_phase_worse": null, "analysis_id": "69455744", "admin_type": null, "area_name": "Belet weyne (2)", "view_level": "area", "hide_settlement_labels": false, "hide_area_labels": false, "hide_area_borders": false, "show_area_popups": true, "color": "#e67800", "estimated_population": "45252", "phase1_population": 15840, "phase1_percent": 0.35, "phase1_color": "#fae61e", "phase2_population": 22630, "phase2_percent": 0.5, "phase2_color": "#e67800", "phase3_population": 6790, "phase3_percent": 0.15, "phase3_color": "#c80000", "phase4_population": 0, "phase4_percent": 0.0, "phase4_color": "#640000", "phase5_population": 0, "phase5_percent": 0, "phase5_color": "#640000" }, "geometry": { "type": "GeometryCollection", "geometries": [ { "type": "MultiPolygon", "coordinates": [ [ [ [ 45.672835188, 5.187729624 ], [ 45.711, 5.1114 ], [ 46.041, 5.0314 ], [ 46.231, 5.0814 ], [ 46.229844509, 5.07331156 ], [ 46.211, 4.9414 ], [ 46.111, 4.7414 ], [ 46.151, 4.4314 ], [ 46.1774, 4.4103 ], [ 46.1531, 4.3526 ], [ 46.0569, 4.3285 ], [ 45.9539, 4.3732 ], [ 45.8823, 4.4249 ], [ 45.8613, 4.4401 ], [ 45.5664, 4.681 ], [ 45.3784, 4.8569 ], [ 45.3798, 4.9833 ], [ 45.3378, 5.0785 ], [ 45.2395, 5.1821 ], [ 45.5361, 5.4864 ], [ 45.672259684, 5.188880632 ], [ 45.672835188, 5.187729624 ] ] ] ] } ] } },
{ "type": "Feature", "properties": { "area_id": "69456394", "confidence_level": 0, "ipc_period": "C", "overall_phase": 3, "population_min": "9340", "population_percentage_min": "0.3", "justification": "", "prolonged_crisis": false, "population_phase_worse": null, "population_percentage_phase_worse": null, "analysis_id": "69455744", "admin_type": null, "area_name": "Buuhoodle idps rural", "view_level": "area", "hide_settlement_labels": false, "hide_area_labels": false, "hide_area_borders": false, "show_area_popups": true, "color": "#c80000", "estimated_population": "31129", "phase1_population": 9340, "phase1_percent": 0.3, "phase1_color": "#fae61e", "phase2_population": 12450, "phase2_percent": 0.4, "phase2_color": "#e67800", "phase3_population": 7780, "phase3_percent": 0.25, "phase3_color": "#c80000", "phase4_population": 1560, "phase4_percent": 0.05, "phase4_color": "#640000", "phase5_population": 0, "phase5_percent": 0, "phase5_color": "#640000" }, "geometry": { "type": "MultiPoint", "coordinates": [ [ 46.3632, 8.2363 ] ] } },
{ "type": "Feature", "properties": { "area_id": "69455891", "confidence_level": 0, "ipc_period": "C", "overall_phase": 2, "population_min": "2690", "population_percentage_min": "0.15", "justification": "", "prolonged_crisis": false, "population_phase_worse": null, "population_percentage_phase_worse": null, "analysis_id": "69455744", "admin_type": null, "area_name": "Jowhar (4)", "view_level": "area", "hide_settlement_labels": false, "hide_area_labels": false, "hide_area_borders": false, "show_area_popups": true, "color": "#e67800", "estimated_population": "17926", "phase1_population": 11650, "phase1_percent": 0.65, "phase1_color": "#fae61e", "phase2_population": 3590, "phase2_percent": 0.2, "phase2_color": "#e67800", "phase3_population": 1790, "phase3_percent": 0.1, "phase3_color": "#c80000", "phase4_population": 900, "phase4_percent": 0.05, "phase4_color": "#640000", "phase5_population": 0, "phase5_percent": 0, "phase5_color": "#640000" }, "geometry": { "type": "GeometryCollection", "geometries": [ { "type": "MultiPolygon", "coordinates": [ [ [ [ 45.941, 3.2515 ], [ 45.961, 2.7316 ], [ 45.7183, 2.7326 ], [ 45.7031, 2.8227 ], [ 45.7528, 2.9522 ], [ 45.9043, 3.1189 ], [ 45.9389, 3.2496 ], [ 45.9403, 3.2515 ], [ 45.941, 3.2515 ] ] ] ] } ] } },
{ "type": "Feature", "properties": { "area_id": "69456049", "confidence_level": 0, "ipc_period": "C", "overall_phase": 3, "population_min": "8910", "population_percentage_min": "0.3", "justification": "", "prolonged_crisis": false, "population_phase_worse": null, "population_percentage_phase_worse": null, "analysis_id": "69455744", "admin_type": null, "area_name": "Jowhar idps", "view_level": "area", "hide_settlement_labels": false, "hide_area_labels": false, "hide_area_borders": false, "show_area_popups": true, "color": "#c80000", "estimated_population": "29716", "phase1_population": 10400, "phase1_percent": 0.35, "phase1_color": "#fae61e", "phase2_population": 10400, "phase2_percent": 0.35, "phase2_color": "#e67800", "phase3_population": 5940, "phase3_percent": 0.2, "phase3_color": "#c80000", "phase4_population": 2970, "phase4_percent": 0.1, "phase4_color": "#640000", "phase5_population": 0, "phase5_percent": 0, "phase5_color": "#640000" }, "geometry": { "type": "MultiPoint", "coordinates": [ [ 45.5033, 2.7736 ] ] } },
{ "type": "Feature", "properties": { "area_id": "69455959", "confidence_level": 0, "ipc_period": "C", "overall_phase": 3, "population_min": "1150", "population_percentage_min": "0.3", "justification": "", "prolonged_crisis": false, "population_phase_worse": null, "population_percentage_phase_worse": null, "analysis_id": "69455744", "admin_type": null, "area_name": "Jowhar idps rural", "view_level": "area", "hide_settlement_labels": false, "hide_area_labels": false, "hide_area_borders": false, "show_area_popups": true, "color": "#c80000", "estimated_population": "3836", "phase1_population": 1340, "phase1_percent": 0.35, "phase1_color": "#fae61e", "phase2_population": 1340, "phase2_percent": 0.35, "phase2_color": "#e67800", "phase3_population": 770, "phase3_percent": 0.2, "phase3_color": "#c80000", "phase4_population": 380, "phase4_percent": 0.1, "phase4_color": "#640000", "phase5_population": 0, "phase5_percent": 0, "phase5_color": "#640000" }, "geometry": { "type": "MultiPoint", "coordinates": [ [ 45.5071, 2.7877 ] ] } },
{ "type": "Feature", "properties": { "area_id": "69456422", "confidence_level": 0, "ipc_period": "C", "overall_phase": 3, "population_min": "35700", "population_percentage_min": "0.25", "justification": "", "prolonged_crisis": false, "population_phase_worse": null, "population_percentage_phase_worse": null, "analysis_id": "69455744", "admin_type": null, "area_name": "Jowhar urban", "view_level": "area", "hide_settlement_labels": false, "hide_area_labels": false, "hide_area_borders": false, "show_area_popups": true, "color": "#c80000", "estimated_population": "142823", "phase1_population": 64270, "phase1_percent": 0.45, "phase1_color": "#fae61e", "phase2_population": 42850, "phase2_percent": 0.3, "phase2_color": "#e67800", "phase3_population": 28560, "phase3_percent": 0.2, "phase3_color": "#c80000", "phase4_population": 7140, "phase4_percent": 0.05, "phase4_color": "#640000", "phase5_population": 0, "phase5_percent": 0, "phase5_color": "#640000" }, "geometry": { "type": "MultiPoint", "coordinates": [ [ 45.494, 2.774 ] ] } },
{ "type": "Feature", "properties": { "area_id": "69456045", "confidence_level": 0, "ipc_period": "C", "overall_phase": 3, "population_min": "1160", "population_percentage_min": "0.2", "justification": "", "prolonged_crisis": false, "population_phase_worse": null, "population_percentage_phase_worse": null, "analysis_id": "69455744", "admin_type": null, "area_name": "Adan yabaal urban", "view_level": "area", "hide_settlement_labels": false, "hide_area_labels": false, "hide_area_borders": false, "show_area_popups": true, "color": "#c80000", "estimated_population": "5772", "phase1_population": 2890, "phase1_percent": 0.5, "phase1_color": "#fae61e", "phase2_population": 1730, "phase2_percent": 0.3, "phase2_color": "#e67800", "phase3_population": 870, "phase3_percent": 0.15, "phase3_color": "#c80000", "phase4_population": 290, "phase4_percent": 0.05, "phase4_color": "#640000", "phase5_population": 0, "phase5_percent": 0, "phase5_color": "#640000" }, "geometry": { "type": "MultiPoint", "coordinates": [ [ 46.1848, 3.7304 ] ] } },
{ "type": "Feature", "properties": { "area_id": "69456121", "confidence_level": 0, "ipc_period": "C", "overall_phase": 3, "population_min": "17660", "population_percentage_min": "0.25", "justification": "", "prolonged_crisis": false, "population_phase_worse": null, "population_percentage_phase_worse": null, "analysis_id": "69455744", "admin_type": null, "area_name": "Afgooye", "view_level": "area", "hide_settlement_labels": false, "hide_area_labels": false, "hide_area_borders": false, "show_area_popups": true, "color": "#c80000", "estimated_population": "70658", "phase1_population": 31800, "phase1_percent": 0.45, "phase1_color": "#fae61e", "phase2_population": 21200, "phase2_percent": 0.3, "phase2_color": "#e67800", "phase3_population": 17660, "phase3_percent": 0.25, "phase3_color": "#c80000", "phase4_population": 0, "phase4_percent": 0.0, "phase4_color": "#640000", "phase5_population": 0, "phase5_percent": 0, "phase5_color": "#640000" }, "geometry": { "type": "GeometryCollection", "geometries": [ { "type": "MultiPolygon", "coordinates": [ [ [ [ 45.3322, 2.2506 ], [ 45.0829, 2.0899 ], [ 44.9187, 1.9217 ], [ 44.841, 1.9217 ], [ 44.795, 2.0137 ], [ 44.901, 2.1384 ], [ 45.091, 2.1677 ], [ 45.1922, 2.2485 ], [ 45.2178, 2.3089 ], [ 45.3103, 2.3627 ], [ 45.3363, 2.4725 ], [ 45.3322, 2.2506 ] ] ] ] } ] } },
{ "type": "Feature", "properties": { "area_id": "69456167", "confidence_level": 0, "ipc_period": "C", "overall_phase": 2, "population_min": "38860", "population_percentage_min": "0.15", "justification": "", "prolonged_crisis": false, "population_phase_worse": null, "population_percentage_phase_worse": null, "analysis_id": "69455744", "admin_type": null, "area_name": "Afgooye (1)", "view_level": "area", "hide_settlement_labels": false, "hide_area_labels": false, "hide_area_borders": false, "show_area_popups": true, "color": "#e67800", "estimated_population": "259078", "phase1_population": 142490, "phase1_percent": 0.55, "phase1_color": "#fae61e", "phase2_population": 77720, "phase2_percent": 0.3, "phase2_color": "#e67800", "phase3_population": 38860, "phase3_percent": 0.15, "phase3_color": "#c80000", "phase4_population": 0, "phase4_percent": 0.0, "phase4_color": "#640000", "phase5_population": 0, "phase5_percent": 0, "phase5_color": "#640000" }, "geometry": { "type": "GeometryCollection", "geometries": [ { "type": "MultiPolygon", "coordinates": [ [ [ [ 45.3434, 2.1754 ], [ 45.3169, 2.1461 ], [ 45.2879, 2.1229 ], [ 45.2839, 2.1038 ], [ 45.238, 2.11 ], [ 45.1443, 2.0847 ], [ 45.1733, 2.0564 ], [ 45.2478, 2.0134 ], [ 45.2464, 1.9996 ], [ 45.0524, 1.9217 ], [ 44.9187, 1.9217 ], [ 45.0829, 2.0899 ], [ 45.3322, 2.2506 ], [ 45.3434, 2.1754 ] ] ], [ [ [ 45.3363, 2.4725 ], [ 45.3103, 2.3627 ], [ 45.2178, 2.3089 ], [ 45.1922, 2.2485 ], [ 45.091, 2.1677 ], [ 44.901, 2.1384 ], [ 44.795, 2.0137 ], [ 44.661, 2.2416 ], [ 44.731, 2.2816 ], [ 44.881, 2.3416 ], [ 44.971, 2.4116 ], [ 45.331, 2.7316 ], [ 45.3363, 2.4725 ] ] ] ] } ] } },
{ "type": "Feature", "properties": { "area_id": "69456105", "confidence_level": 0, "ipc_period": "C", "overall_phase": 3, "population_min": "1350", "population_percentage_min": "0.2", "justification": "", "prolonged_crisis": false, "population_phase_worse": null, "population_percentage_phase_worse": null, "analysis_id": "69455744", "admin_type": null, "area_name": "Afgooye (2)", "view_level": "area", "hide_settlement_labels": false, "hide_area_labels": false, "hide_area_borders": false, "show_area_popups": true, "color": "#c80000", "estimated_population": "6729", "phase1_population": 3700, "phase1_percent": 0.55, "phase1_color": "#fae61e", "phase2_population": 1680, "phase2_percent": 0.25, "phase2_color": "#e67800", "phase3_population": 1010, "phase3_percent": 0.15, "phase3_color": "#c80000", "phase4_population": 340, "phase4_percent": 0.05, "phase4_color": "#640000", "phase5_population": 0, "phase5_percent": 0, "phase5_color": "#640000" }, "geometry": { "type": "GeometryCollection", "geometries": [ { "type": "MultiPolygon", "coordinates": [ [ [ [ 45.0524, 1.9217 ], [ 45.2464, 1.9996 ], [ 45.2478, 2.0134 ], [ 45.1733, 2.0564 ], [ 45.1443, 2.0847 ], [ 45.238, 2.11 ], [ 45.2839, 2.1038 ], [ 45.2879, 2.1229 ], [ 45.3169, 2.1461 ], [ 45.3434, 2.1754 ], [ 45.391, 2.1517 ], [ 45.461, 2.1716 ], [ 45.5264, 2.1844 ], [ 45.532, 2.1835 ], [ 45.581, 2.1864 ], [ 45.607106681, 2.186677731 ], [ 45.607775104, 2.186684842 ], [ 45.583, 2.1716 ], [ 45.5597, 2.1579 ], [ 45.5439, 2.1463 ], [ 45.5068, 2.125 ], [ 45.4704, 2.1071 ], [ 45.3915, 2.0516 ], [ 45.2438, 1.9736 ], [ 45.1289, 1.9217 ], [ 45.0524, 1.9217 ] ] ] ] } ] } },
{ "type": "Feature", "properties": { "area_id": "69456195", "confidence_level": 0, "ipc_period": "C", "overall_phase": 3, "population_min": "12660", "population_percentage_min": "0.3", "justification": "", "prolonged_crisis": false, "population_phase_worse": null, "population_percentage_phase_worse": null, "analysis_id": "69455744", "admin_type": null, "area_name": "Afgooye idps", "view_level": "area", "hide_settlement_labels": false, "hide_area_labels": false, "hide_area_borders": false, "show_area_popups": true, "color": "#c80000", "estimated_population": "42182", "phase1_population": 14760, "phase1_percent": 0.35, "phase1_color": "#fae61e", "phase2_population": 14760, "phase2_percent": 0.35, "phase2_color": "#e67800", "phase3_population": 8440, "phase3_percent": 0.2, "phase3_color": "#c80000", "phase4_population": 4220, "phase4_percent": 0.1, "phase4_color": "#640000", "phase5_population": 0, "phase5_percent": 0, "phase5_color": "#640000" }, "geometry": { "type": "MultiPoint", "coordinates": [ [ 45.1293, 2.1341 ] ] } },
{ "type": "Feature", "properties": { "area_id": "69456071", "confidence_level": 0, "ipc_period": "C", "overall_phase": 2, "population_min": "0", "population_percentage_min": "0", "justification": "", "prolonged_crisis": false, "population_phase_worse": null, "population_percentage_phase_worse": null, "analysis_id": "69455744", "admin_type": null, "area_name": "Afgooye urban", "view_level": "area", "hide_settlement_labels": false, "hide_area_labels": false, "hide_area_borders": false, "show_area_popups": true, "color": "#e67800", "estimated_population": "179471", "phase1_population": 143580, "phase1_percent": 0.8, "phase1_color": "#fae61e", "phase2_population": 35890, "phase2_percent": 0.2, "phase2_color": "#e67800", "phase3_population": 0, "phase3_percent": 0.0, "phase3_color": "#c80000", "phase4_population": 0, "phase4_percent": 0.0, "phase4_color": "#640000", "phase5_population": 0, "phase5_percent": 0, "phase5_color": "#640000" }, "geometry": { "type": "MultiPoint", "coordinates": [ [ 45.1074, 2.1341 ] ] } },
{ "type": "Feature", "properties": { "area_id": "69456117", "confidence_level": 0, "ipc_period": "C", "overall_phase": 2, "population_min": "5370", "population_percentage_min": "0.1", "justification": "", "prolonged_crisis": false, "population_phase_worse": null, "population_percentage_phase_worse": null, "analysis_id": "69455744", "admin_type": null, "area_name": "Afmadow", "view_level": "area", "hide_settlement_labels": false, "hide_area_labels": false, "hide_area_borders": false, "show_area_popups": true, "color": "#e67800", "estimated_population": "53710", "phase1_population": 40280, "phase1_percent": 0.75, "phase1_color": "#fae61e", "phase2_population": 8060, "phase2_percent": 0.15, "phase2_color": "#e67800", "phase3_population": 5370, "phase3_percent": 0.1, "phase3_color": "#c80000", "phase4_population": 0, "phase4_percent": 0.0, "phase4_color": "#640000", "phase5_population": 0, "phase5_percent": 0, "phase5_color": "#640000" }, "geometry": { "type": "GeometryCollection", "geometries": [ { "type": "MultiPolygon", "coordinates": [ [ [ [ 42.112365126, 0.984377179 ], [ 42.070560456, 0.96564132 ], [ 41.970981599, 1.010429025 ], [ 41.878895653, 0.988802758 ], [ 41.8376, 1.015 ], [ 41.8218, 1.0153 ], [ 41.790976898, 0.998615206 ], [ 41.705581667, 0.952436924 ], [ 41.26169968, 0.588043571 ], [ 41.10976029, 0.368525296 ], [ 41.085329014, 0.36372096 ], [ 41.0673, 0.3602 ], [ 41.067286077, 0.360172872 ], [ 41.067244772, 0.360092391 ], [ 41.0576, 0.3413 ], [ 41.0554, 0.3043 ], [ 41.055437868, 0.304291311 ], [ 41.055728238, 0.30422468 ], [ 41.0968, 0.2948 ], [ 41.124707181, 0.295875787 ], [ 41.181808476, 0.28896451 ], [ 41.224369053, 0.245924905 ], [ 41.224379787, 0.24592045 ], [ 41.2244, 0.2459 ], [ 41.2935, 0.2172 ], [ 41.3165, 0.2157 ], [ 41.341593106, 0.218599203 ], [ 41.240680698, 0.135995298 ], [ 41.218217613, 0.104292318 ], [ 41.2078, 0.0896 ], [ 41.1887, 0.0262 ], [ 41.188702001, 0.026193539 ], [ 41.188727639, 0.02611074 ], [ 41.1948, 0.0065 ], [ 41.216, -0.0057 ], [ 41.216026899, -0.005702493 ], [ 41.216124165, -0.00571151 ], [ 41.2516, -0.009 ], [ 41.2894, -0.0055 ], [ 41.375229723, 0.009851658 ], [ 41.3755, 0.0099 ], [ 41.5141, -0.0274 ], [ 41.549, -0.0235 ], [ 41.549171107, -0.023370919 ], [ 41.5718, -0.0063 ], [ 41.6373, 0.0652 ], [ 41.6749, 0.0822 ], [ 41.675015003, 0.0822189 ], [ 41.772307232, 0.075119578 ], [ 41.7724, 0.0751 ], [ 41.772675289, 0.075201522 ], [ 41.877466015, 0.103919375 ], [ 41.9157, 0.1064 ], [ 41.9447, 0.1203 ], [ 41.974170707, 0.130421253 ], [ 41.9744043, 0.130485269 ], [ 41.9744301, 0.130461796 ], [ 41.9848, 0.1173 ], [ 42.0763, 0.0324 ], [ 42.150044907, -0.029353865 ], [ 41.850891113, -0.038151524 ], [ 41.001457215, -0.196484297 ], [ 40.989505767, 0.015856918 ], [ 40.991565705, 1.232464433 ], [ 42.117698105, 1.306395127 ], [ 42.117707591, 1.30639575 ], [ 42.159611891, 1.240741521 ], [ 42.173753272, 1.218585286 ], [ 42.221710206, 1.143447995 ], [ 42.248844352, 1.125591824 ], [ 42.268120714, 1.112906625 ], [ 42.268211365, 1.112846971 ], [ 42.268205108, 1.11278156 ], [ 42.262851715, 1.056813002 ], [ 42.263003648, 1.056598462 ], [ 42.286838532, 1.022941947 ], [ 42.183319093, 1.016177058 ], [ 42.112365126, 0.984377179 ] ] ] ] } ] } },
{ "type": "Feature", "properties": { "area_id": "69455852", "confidence_level": 0, "ipc_period": "C", "overall_phase": 2, "population_min": "6300", "population_percentage_min": "0.15", "justification": "", "prolonged_crisis": false, "population_phase_worse": null, "population_percentage_phase_worse": null, "analysis_id": "69455744", "admin_type": null, "area_name": "Baardheere idps", "view_level": "area", "hide_settlement_labels": false, "hide_area_labels": false, "hide_area_borders": false, "show_area_popups": true, "color": "#e67800", "estimated_population": "41960", "phase1_population": 20980, "phase1_percent": 0.5, "phase1_color": "#fae61e", "phase2_population": 14690, "phase2_percent": 0.35, "phase2_color": "#e67800", "phase3_population": 4200, "phase3_percent": 0.1, "phase3_color": "#c80000", "phase4_population": 2100, "phase4_percent": 0.05, "phase4_color": "#640000", "phase5_population": 0, "phase5_percent": 0, "phase5_color": "#640000" }, "geometry": { "type": "MultiPoint", "coordinates": [ [ 42.3288, 2.3092 ] ] } },
{ "type": "Feature", "properties": { "area_id": "69455809", "confidence_level": 0, "ipc_period": "C", "overall_phase": 3, "population_min": "33260", "population_percentage_min": "0.4", "justification": "", "prolonged_crisis": false, "population_phase_worse": null, "population_percentage_phase_worse": null, "analysis_id": "69455744", "admin_type": null, "area_name": "Baardheere urban", "view_level": "area", "hide_settlement_labels": false, "hide_area_labels": false, "hide_area_borders": false, "show_area_popups": true, "color": "#c80000", "estimated_population": "83160", "phase1_population": 29110, "phase1_percent": 0.35, "phase1_color": "#fae61e", "phase2_population": 20790, "phase2_percent": 0.25, "phase2_color": "#e67800", "phase3_population": 20790, "phase3_percent": 0.25, "phase3_color": "#c80000", "phase4_population": 12470, "phase4_percent": 0.15, "phase4_color": "#640000", "phase5_population": 0, "phase5_percent": 0, "phase5_color": "#640000" }, "geometry": { "type": "MultiPoint", "coordinates": [ [ 42.2469, 2.319 ] ] } },
{ "type": "Feature", "properties": { "area_id": "69455939", "confidence_level": 0, "ipc_period": "C", "overall_phase": 2, "population_min": "3080", "population_percentage_min": "0.1", "justification": "", "prolonged_crisis": false, "population_phase_worse": null, "population_percentage_phase_worse": null, "analysis_id": "69455744", "admin_type": null, "area_name": "Badhaadhe", "view_level": "area", "hide_settlement_labels": false, "hide_area_labels": false, "hide_area_borders": false, "show_area_popups": true, "color": "#e67800", "estimated_population": "30846", "phase1_population": 21590, "phase1_percent": 0.7, "phase1_color": "#fae61e", "phase2_population": 6170, "phase2_percent": 0.2, "phase2_color": "#e67800", "phase3_population": 3080, "phase3_percent": 0.1, "phase3_color": "#c80000", "phase4_population": 0, "phase4_percent": 0.0, "phase4_color": "#640000", "phase5_population": 0, "phase5_percent": 0, "phase5_color": "#640000" }, "geometry": { "type": "GeometryCollection", "geometries": [ { "type": "MultiPolygon", "coordinates": [ [ [ [ 41.9144, -0.9161 ], [ 41.963, -0.9721 ], [ 41.9786, -1.0257 ], [ 41.888, -1.2112 ], [ 41.8411, -1.2399 ], [ 41.8, -1.2725 ], [ 41.609, -1.5522 ], [ 41.5635, -1.5821 ], [ 41.4756, -1.4643 ], [ 41.5002, -1.34 ], [ 41.5382, -1.1537 ], [ 41.5759, -1.0692 ], [ 41.6473, -1.0205 ], [ 41.8778, -0.9662 ], [ 41.9144, -0.9161 ] ] ] ] } ] } },
{ "type": "Feature", "properties": { "area_id": "69456163", "confidence_level": 0, "ipc_period": "C", "overall_phase": 2, "population_min": "1290", "population_percentage_min": "0.1", "justification": "", "prolonged_crisis": false, "population_phase_worse": null, "population_percentage_phase_worse": null, "analysis_id": "69455744", "admin_type": null, "area_name": "Badhaadhe (1)", "view_level": "area", "hide_settlement_labels": false, "hide_area_labels": false, "hide_area_borders": false, "show_area_popups": true, "color": "#e67800", "estimated_population": "12942", "phase1_population": 9710, "phase1_percent": 0.75, "phase1_color": "#fae61e", "phase2_population": 1940, "phase2_percent": 0.15, "phase2_color": "#e67800", "phase3_population": 1290, "phase3_percent": 0.1, "phase3_color": "#c80000", "phase4_population": 0, "phase4_percent": 0.0, "phase4_color": "#640000", "phase5_population": 0, "phase5_percent": 0, "phase5_color": "#640000" }, "geometry": { "type": "GeometryCollection", "geometries": [ { "type": "MultiPolygon", "coordinates": [ [ [ [ 41.5635, -1.5821 ], [ 41.609, -1.5522 ], [ 41.8, -1.2725 ], [ 41.8411, -1.2399 ], [ 41.6323, -1.576 ], [ 41.5635, -1.5821 ] ] ], [ [ [ 41.4162, -0.3425 ], [ 41.1615, -0.5222 ], [ 41.08, -0.5019 ], [ 40.9994, -0.4378 ], [ 41.0015, -0.1965 ], [ 41.3109, -0.1481 ], [ 41.2909, -0.1981 ], [ 41.4162, -0.3425 ] ] ] ] } ] } },
{ "type": "Feature", "properties": { "area_id": "69456139", "confidence_level": 0, "ipc_period": "C", "overall_phase": 2, "population_min": "3080", "population_percentage_min": "0.1", "justification": "", "prolonged_crisis": false, "population_phase_worse": null, "population_percentage_phase_worse": null, "analysis_id": "69455744", "admin_type": null, "area_name": "Badhaadhe (2)", "view_level": "area", "hide_settlement_labels": false, "hide_area_labels": false, "hide_area_borders": false, "show_area_popups": true, "color": "#e67800", "estimated_population": "30846", "phase1_population": 23130, "phase1_percent": 0.75, "phase1_color": "#fae61e", "phase2_population": 4630, "phase2_percent": 0.15, "phase2_color": "#e67800", "phase3_population": 3080, "phase3_percent": 0.1, "phase3_color": "#c80000", "phase4_population": 0, "phase4_percent": 0.0, "phase4_color": "#640000", "phase5_population": 0, "phase5_percent": 0, "phase5_color": "#640000" }, "geometry": { "type": "GeometryCollection", "geometries": [ { "type": "MultiPolygon", "coordinates": [ [ [ [ 41.9144, -0.9161 ], [ 41.8778, -0.9662 ], [ 41.6473, -1.0205 ], [ 41.5759, -1.0692 ], [ 41.5382, -1.1537 ], [ 41.5002, -1.34 ], [ 41.4756, -1.4643 ], [ 41.0019, -0.8321 ], [ 40.9994, -0.4378 ], [ 41.08, -0.5019 ], [ 41.1615, -0.5222 ], [ 41.4162, -0.3425 ], [ 41.9144, -0.9161 ] ] ] ] } ] } },
{ "type": "Feature", "properties": { "area_id": "69456221", "confidence_level": 0, "ipc_period": "C", "overall_phase": 2, "population_min": "1460", "population_percentage_min": "0.15", "justification": "", "prolonged_crisis": false, "population_phase_worse": null, "population_percentage_phase_worse": null, "analysis_id": "69455744", "admin_type": null, "area_name": "Badhaadhe urban", "view_level": "area", "hide_settlement_labels": false, "hide_area_labels": false, "hide_area_borders": false, "show_area_popups": true, "color": "#e67800", "estimated_population": "9711", "phase1_population": 6310, "phase1_percent": 0.65, "phase1_color": "#fae61e", "phase2_population": 1940, "phase2_percent": 0.2, "phase2_color": "#e67800", "phase3_population": 970, "phase3_percent": 0.1, "phase3_color": "#c80000", "phase4_population": 490, "phase4_percent": 0.05, "phase4_color": "#640000", "phase5_population": 0, "phase5_percent": 0, "phase5_color": "#640000" }, "geometry": { "type": "MultiPoint", "coordinates": [ [ 41.4679, -1.0516 ] ] } },
{ "type": "Feature", "properties": { "area_id": "69456211", "confidence_level": 0, "ipc_period": "C", "overall_phase": 2, "population_min": "4770", "population_percentage_min": "0.1", "justification": "", "prolonged_crisis": false, "population_phase_worse": null, "population_percentage_phase_worse": null, "analysis_id": "69455744", "admin_type": null, "area_name": "Baki", "view_level": "area", "hide_settlement_labels": false, "hide_area_labels": false, "hide_area_borders": false, "show_area_popups": true, "color": "#e67800", "estimated_population": "47695", "phase1_population": 23850, "phase1_percent": 0.5, "phase1_color": "#fae61e", "phase2_population": 19080, "phase2_percent": 0.4, "phase2_color": "#e67800", "phase3_population": 4770, "phase3_percent": 0.1, "phase3_color": "#c80000", "phase4_population": 0, "phase4_percent": 0.0, "phase4_color": "#640000", "phase5_population": 0, "phase5_percent": 0, "phase5_color": "#640000" }, "geometry": { "type": "GeometryCollection", "geometries": [ { "type": "MultiPolygon", "coordinates": [ [ [ [ 44.2002, 10.4085 ], [ 44.151, 10.3209 ], [ 44.041, 10.1709 ], [ 43.8209, 10.2909 ], [ 43.721, 10.2609 ], [ 43.5065, 9.9619 ], [ 43.35, 10.0413 ], [ 43.3771, 10.2861 ], [ 43.5474, 10.4116 ], [ 43.7908, 10.4979 ], [ 43.9447, 10.3818 ], [ 44.2002, 10.4085 ] ] ] ] } ] } },
{ "type": "Feature", "properties": { "area_id": "69455997", "confidence_level": 0, "ipc_period": "C", "overall_phase": 3, "population_min": "2240", "population_percentage_min": "0.25", "justification": "", "prolonged_crisis": false, "population_phase_worse": null, "population_percentage_phase_worse": null, "analysis_id": "69455744", "admin_type": null, "area_name": "Baki (1)", "view_level": "area", "hide_settlement_labels": false, "hide_area_labels": false, "hide_area_borders": false, "show_area_popups": true, "color": "#c80000", "estimated_population": "8943", "phase1_population": 3580, "phase1_percent": 0.4, "phase1_color": "#fae61e", "phase2_population": 3130, "phase2_percent": 0.35, "phase2_color": "#e67800", "phase3_population": 1790, "phase3_percent": 0.2, "phase3_color": "#c80000", "phase4_population": 450, "phase4_percent": 0.05, "phase4_color": "#640000", "phase5_population": 0, "phase5_percent": 0, "phase5_color": "#640000" }, "geometry": { "type": "GeometryCollection", "geometries": [ { "type": "MultiPolygon", "coordinates": [ [ [ [ 43.5065, 9.9619 ], [ 43.3709, 9.801 ], [ 43.3309, 9.841 ], [ 43.35, 10.0413 ], [ 43.5065, 9.9619 ] ] ] ] } ] } },
{ "type": "Feature", "properties": { "area_id": "69455842", "confidence_level": 0, "ipc_period": "C", "overall_phase": 3, "population_min": "510", "population_percentage_min": "0.2", "justification": "", "prolonged_crisis": false, "population_phase_worse": null, "population_percentage_phase_worse": null, "analysis_id": "69455744", "admin_type": null, "area_name": "Baki idps", "view_level": "area", "hide_settlement_labels": false, "hide_area_labels": false, "hide_area_borders": false, "show_area_popups": true, "color": "#c80000", "estimated_population": "2542", "phase1_population": 1140, "phase1_percent": 0.45, "phase1_color": "#fae61e", "phase2_population": 890, "phase2_percent": 0.35, "phase2_color": "#e67800", "phase3_population": 380, "phase3_percent": 0.15, "phase3_color": "#c80000", "phase4_population": 130, "phase4_percent": 0.05, "phase4_color": "#640000", "phase5_population": 0, "phase5_percent": 0, "phase5_color": "#640000" }, "geometry": { "type": "MultiPoint", "coordinates": [ [ 43.3666, 10.0025 ] ] } },
{ "type": "Feature", "properties": { "area_id": "69456279", "confidence_level": 0, "ipc_period": "C", "overall_phase": 3, "population_min": "440", "population_percentage_min": "0.2", "justification": "", "prolonged_crisis": false, "population_phase_worse": null, "population_percentage_phase_worse": null, "analysis_id": "69455744", "admin_type": null, "area_name": "Baki idps rural", "view_level": "area", "hide_settlement_labels": false, "hide_area_labels": false, "hide_area_borders": false, "show_area_popups": true, "color": "#c80000", "estimated_population": "2187", "phase1_population": 980, "phase1_percent": 0.45, "phase1_color": "#fae61e", "phase2_population": 770, "phase2_percent": 0.35, "phase2_color": "#e67800", "phase3_population": 330, "phase3_percent": 0.15, "phase3_color": "#c80000", "phase4_population": 110, "phase4_percent": 0.05, "phase4_color": "#640000", "phase5_population": 0, "phase5_percent": 0, "phase5_color": "#640000" }, "geometry": { "type": "MultiPoint", "coordinates": [ [ 43.794, 10.3909 ] ] } },
{ "type": "Feature", "properties": { "area_id": "69456277", "confidence_level": 0, "ipc_period": "C", "overall_phase": 3, "population_min": "28810", "population_percentage_min": "0.25", "justification": "", "prolonged_crisis": false, "population_phase_worse": null, "population_percentage_phase_worse": null, "analysis_id": "69455744", "admin_type": null, "area_name": "Balcad", "view_level": "area", "hide_settlement_labels": false, "hide_area_labels": false, "hide_area_borders": false, "show_area_popups": true, "color": "#c80000", "estimated_population": "115253", "phase1_population": 51860, "phase1_percent": 0.45, "phase1_color": "#fae61e", "phase2_population": 34580, "phase2_percent": 0.3, "phase2_color": "#e67800", "phase3_population": 28810, "phase3_percent": 0.25, "phase3_color": "#c80000", "phase4_population": 0, "phase4_percent": 0.0, "phase4_color": "#640000", "phase5_population": 0, "phase5_percent": 0, "phase5_color": "#640000" }, "geometry": { "type": "GeometryCollection", "geometries": [ { "type": "MultiPolygon", "coordinates": [ [ [ [ 45.3434, 2.1754 ], [ 45.3322, 2.2506 ], [ 45.4133, 2.3012 ], [ 45.5311, 2.4573 ], [ 45.5684, 2.7238 ], [ 45.7183, 2.7326 ], [ 45.7688, 2.6237 ], [ 45.6956, 2.4909 ], [ 45.6547, 2.3138 ], [ 45.7169, 2.3249 ], [ 45.8154, 2.3463 ], [ 45.7924, 2.3308 ], [ 45.6196, 2.2625 ], [ 45.5237, 2.2036 ], [ 45.475, 2.1856 ], [ 45.3434, 2.1754 ] ] ], [ [ [ 45.3363, 2.4725 ], [ 45.331, 2.7316 ], [ 45.3337, 2.7322 ], [ 45.45, 2.7591 ], [ 45.4487, 2.6296 ], [ 45.3981, 2.4781 ], [ 45.3363, 2.4725 ] ] ] ] } ] } },
{ "type": "Feature", "properties": { "area_id": "69456017", "confidence_level": 0, "ipc_period": "C", "overall_phase": 2, "population_min": "4990", "population_percentage_min": "0.1", "justification": "", "prolonged_crisis": false, "population_phase_worse": null, "population_percentage_phase_worse": null, "analysis_id": "69455744", "admin_type": null, "area_name": "Kismaayo", "view_level": "area", "hide_settlement_labels": false, "hide_area_labels": false, "hide_area_borders": false, "show_area_popups": true, "color": "#e67800", "estimated_population": "49926", "phase1_population": 34950, "phase1_percent": 0.7, "phase1_color": "#fae61e", "phase2_population": 9990, "phase2_percent": 0.2, "phase2_color": "#e67800", "phase3_population": 4990, "phase3_percent": 0.1, "phase3_color": "#c80000", "phase4_population": 0, "phase4_percent": 0.0, "phase4_color": "#640000", "phase5_population": 0, "phase5_percent": 0, "phase5_color": "#640000" }, "geometry": { "type": "GeometryCollection", "geometries": [ { "type": "MultiPolygon", "coordinates": [ [ [ [ 42.724, -0.1706 ], [ 42.6484, -0.2426 ], [ 42.6406, -0.1707 ], [ 42.6776, -0.1339 ], [ 42.724, -0.1706 ] ] ], [ [ [ 42.5954, -0.2926 ], [ 42.414, -0.5017 ], [ 42.2048, -0.6748 ], [ 42.106, -0.8327 ], [ 41.9836, -1.0042 ], [ 41.963, -0.9721 ], [ 41.9144, -0.9161 ], [ 41.941, -0.6199 ], [ 42.0747, -0.4271 ], [ 42.1125, -0.3986 ], [ 42.1713, -0.3632 ], [ 42.1874, -0.3561 ], [ 42.2751, -0.3547 ], [ 42.4391, -0.3065 ], [ 42.4889, -0.2548 ], [ 42.4954, -0.2359 ], [ 42.5954, -0.2926 ] ] ] ] } ] } },
{ "type": "Feature", "properties": { "area_id": "69455761", "confidence_level": 0, "ipc_period": "C", "overall_phase": 3, "population_min": "3190", "population_percentage_min": "0.3", "justification": "", "prolonged_crisis": false, "population_phase_worse": null, "population_percentage_phase_worse": null, "analysis_id": "69455744", "admin_type": null, "area_name": "Luuq (1)", "view_level": "area", "hide_settlement_labels": false, "hide_area_labels": false, "hide_area_borders": false, "show_area_popups": true, "color": "#c80000", "estimated_population": "10653", "phase1_population": 2660, "phase1_percent": 0.25, "phase1_color": "#fae61e", "phase2_population": 4790, "phase2_percent": 0.45, "phase2_color": "#e67800", "phase3_population": 2660, "phase3_percent": 0.25, "phase3_color": "#c80000", "phase4_population": 530, "phase4_percent": 0.05, "phase4_color": "#640000", "phase5_population": 0, "phase5_percent": 0, "phase5_color": "#640000" }, "geometry": { "type": "GeometryCollection", "geometries": [ { "type": "MultiPolygon", "coordinates": [ [ [ [ 42.5777, 3.4668 ], [ 42.4528, 3.5168 ], [ 42.438, 3.6194 ], [ 42.4682, 3.6689 ], [ 42.483391475, 3.701765218 ], [ 42.4835, 3.702 ], [ 42.4868, 3.7191 ], [ 42.5033, 3.8055 ], [ 42.4627, 3.8969 ], [ 42.3213, 4.0042 ], [ 42.371, 4.121 ], [ 42.5315, 4.0116 ], [ 42.6311, 3.8669 ], [ 42.6531, 3.762 ], [ 42.556, 3.5785 ], [ 42.5777, 3.4668 ] ] ] ] } ] } },
{ "type": "Feature", "properties": { "area_id": "69456291", "confidence_level": 0, "ipc_period": "C", "overall_phase": 2, "population_min": "1420", "population_percentage_min": "0.1", "justification": "", "prolonged_crisis": false, "population_phase_worse": null, "population_percentage_phase_worse": null, "analysis_id": "69455744", "admin_type": null, "area_name": "Luuq (2)", "view_level": "area", "hide_settlement_labels": false, "hide_area_labels": false, "hide_area_borders": false, "show_area_popups": true, "color": "#e67800", "estimated_population": "14199", "phase1_population": 9940, "phase1_percent": 0.7, "phase1_color": "#fae61e", "phase2_population": 2840, "phase2_percent": 0.2, "phase2_color": "#e67800", "phase3_population": 1420, "phase3_percent": 0.1, "phase3_color": "#c80000", "phase4_population": 0, "phase4_percent": 0.0, "phase4_color": "#640000", "phase5_population": 0, "phase5_percent": 0, "phase5_color": "#640000" }, "geometry": { "type": "GeometryCollection", "geometries": [ { "type": "MultiPolygon", "coordinates": [ [ [ [ 42.2502, 3.5978 ], [ 42.0409, 3.6815 ], [ 42.0976, 3.8044 ], [ 42.1614, 3.7884 ], [ 42.2406, 3.6614 ], [ 42.2502, 3.5978 ] ] ], [ [ [ 42.5777, 3.4668 ], [ 42.556, 3.5785 ], [ 42.6531, 3.762 ], [ 42.6311, 3.8669 ], [ 42.5315, 4.0116 ], [ 42.371, 4.121 ], [ 42.4022, 4.1945 ], [ 42.5609, 4.2095 ], [ 42.5476, 4.0847 ], [ 42.6602, 3.9918 ], [ 42.7246, 3.8797 ], [ 42.7607, 3.9281 ], [ 42.8696, 3.949 ], [ 42.9743, 3.9161 ], [ 43.002, 4.0747 ], [ 42.9625, 4.1688 ], [ 43.062603286, 3.997163369 ], [ 43.09144649, 3.947708945 ], [ 43.1009, 3.9315 ], [ 43.1409, 3.8515 ], [ 43.1241, 3.7 ], [ 43.12, 3.6982 ], [ 43.1179, 3.6233 ], [ 43.1013, 3.2577 ], [ 42.8407, 3.3559 ], [ 42.9506, 3.4748 ], [ 43.0086, 3.4895 ], [ 42.9935, 3.6748 ], [ 42.9342, 3.7122 ], [ 42.7547, 3.6758 ], [ 42.716, 3.5978 ], [ 42.714, 3.4102 ], [ 42.5777, 3.4668 ] ] ], [ [ [ 42.3213, 4.0042 ], [ 42.4627, 3.8969 ], [ 42.5033, 3.8055 ], [ 42.4868, 3.7191 ], [ 42.4835, 3.702 ], [ 42.48343751, 3.701999335 ], [ 42.4365, 3.7015 ], [ 42.4038, 3.6949 ], [ 42.3427, 3.7586 ], [ 42.2765, 3.8987 ], [ 42.3213, 4.0042 ] ] ] ] } ] } },
{ "type": "Feature", "properties": { "area_id": "69456384", "confidence_level": 0, "ipc_period": "C", "overall_phase": 2, "population_min": "460", "population_percentage_min": "0.1", "justification": "", "prolonged_crisis": false, "population_phase_worse": null, "population_percentage_phase_worse": null, "analysis_id": "69455744", "admin_type": null, "area_name": "Owdweyne urban", "view_level": "area", "hide_settlement_labels": false, "hide_area_labels": false, "hide_area_borders": false, "show_area_popups": true, "color": "#e67800", "estimated_population": "4633", "phase1_population": 2320, "phase1_percent": 0.5, "phase1_color": "#fae61e", "phase2_population": 1850, "phase2_percent": 0.4, "phase2_color": "#e67800", "phase3_population": 460, "phase3_percent": 0.1, "phase3_color": "#c80000", "phase4_population": 0, "phase4_percent": 0.0, "phase4_color": "#640000", "phase5_population": 0, "phase5_percent": 0, "phase5_color": "#640000" }, "geometry": { "type": "MultiPoint", "coordinates": [ [ 45.0421, 9.3981 ] ] } },
{ "type": "Feature", "properties": { "area_id": "69456302", "confidence_level": 0, "ipc_period": "C", "overall_phase": 3, "population_min": "9110", "population_percentage_min": "0.2", "justification": "", "prolonged_crisis": false, "population_phase_worse": null, "population_percentage_phase_worse": null, "analysis_id": "69455744", "admin_type": null, "area_name": "Jilib (1)", "view_level": "area", "hide_settlement_labels": false, "hide_area_labels": false, "hide_area_borders": false, "show_area_popups": true, "color": "#c80000", "estimated_population": "45532", "phase1_population": 18210, "phase1_percent": 0.4, "phase1_color": "#fae61e", "phase2_population": 18210, "phase2_percent": 0.4, "phase2_color": "#e67800", "phase3_population": 9110, "phase3_percent": 0.2, "phase3_color": "#c80000", "phase4_population": 0, "phase4_percent": 0.0, "phase4_color": "#640000", "phase5_population": 0, "phase5_percent": 0, "phase5_color": "#640000" }, "geometry": { "type": "GeometryCollection", "geometries": [ { "type": "MultiPolygon", "coordinates": [ [ [ [ 42.72678294, 0.328679947 ], [ 42.6309, 0.7218 ], [ 42.6209, 0.7518 ], [ 42.7167, 0.7959 ], [ 42.7665, 0.6872 ], [ 42.7835, 0.5298 ], [ 42.9025, 0.5713 ], [ 42.9224, 0.6248 ], [ 43.0167, 0.6115 ], [ 43.0403, 0.5407 ], [ 42.9203, 0.3187 ], [ 42.7309, 0.3118 ], [ 42.72678294, 0.328679947 ] ] ], [ [ [ 43.2989, 0.9933 ], [ 43.3397, 0.9372 ], [ 43.3868, 0.8697 ], [ 43.2651, 0.7672 ], [ 43.2005, 0.7608 ], [ 43.194927473, 0.766766545 ], [ 43.1896, 0.779 ], [ 43.1908, 0.793 ], [ 43.2258, 0.8572 ], [ 43.2508, 0.9454 ], [ 43.2989, 0.9933 ] ] ] ] } ] } },
{ "type": "Feature", "properties": { "area_id": "69456107", "confidence_level": 0, "ipc_period": "C", "overall_phase": 2, "population_min": "2560", "population_percentage_min": "0.1", "justification": "", "prolonged_crisis": false, "population_phase_worse": null, "population_percentage_phase_worse": null, "analysis_id": "69455744", "admin_type": null, "area_name": "Jilib (2)", "view_level": "area", "hide_settlement_labels": false, "hide_area_labels": false, "hide_area_borders": false, "show_area_popups": true, "color": "#e67800", "estimated_population": "25604", "phase1_population": 17920, "phase1_percent": 0.7, "phase1_color": "#fae61e", "phase2_population": 5120, "phase2_percent": 0.2, "phase2_color": "#e67800", "phase3_population": 2560, "phase3_percent": 0.1, "phase3_color": "#c80000", "phase4_population": 0, "phase4_percent": 0.0, "phase4_color": "#640000", "phase5_population": 0, "phase5_percent": 0, "phase5_color": "#640000" }, "geometry": { "type": "GeometryCollection", "geometries": [ { "type": "MultiPolygon", "coordinates": [ [ [ [ 43.5204, 0.6761 ], [ 43.3774, 0.5351 ], [ 43.1907, 0.3285 ], [ 42.9203, 0.3187 ], [ 43.0403, 0.5407 ], [ 43.0167, 0.6115 ], [ 43.1115, 0.6224 ], [ 43.1417, 0.7642 ], [ 43.1426, 0.7646 ], [ 43.1466, 0.7662 ], [ 43.1906, 0.7714 ], [ 43.194927473, 0.766766545 ], [ 43.2005, 0.7608 ], [ 43.2651, 0.7672 ], [ 43.3868, 0.8697 ], [ 43.5204, 0.6761 ] ] ] ] } ] } },
{ "type": "Feature", "properties": { "area_id": "69456021", "confidence_level": 0, "ipc_period": "C", "overall_phase": 2, "population_min": "820", "population_percentage_min": "0.1", "justification": "", "prolonged_crisis": false, "population_phase_worse": null, "population_percentage_phase_worse": null, "analysis_id": "69455744", "admin_type": null, "area_name": "Buuhoodle urban", "view_level": "area", "hide_settlement_labels": false, "hide_area_labels": false, "hide_area_borders": false, "show_area_popups": true, "color": "#e67800", "estimated_population": "8185", "phase1_population": 4090, "phase1_percent": 0.5, "phase1_color": "#fae61e", "phase2_population": 3270, "phase2_percent": 0.4, "phase2_color": "#e67800", "phase3_population": 820, "phase3_percent": 0.1, "phase3_color": "#c80000", "phase4_population": 0, "phase4_percent": 0.0, "phase4_color": "#640000", "phase5_population": 0, "phase5_percent": 0, "phase5_color": "#640000" }, "geometry": { "type": "GeometryCollection", "geometries": [ { "type": "MultiPolygon", "coordinates": [ [ [ [ 46.437, 8.8081 ], [ 46.920919872, 8.782604222 ], [ 46.921, 8.7674 ], [ 46.437, 8.8081 ] ] ] ] } ] } },
{ "type": "Feature", "properties": { "area_id": "69455758", "confidence_level": 0, "ipc_period": "C", "overall_phase": 3, "population_min": "780", "population_percentage_min": "0.25", "justification": "", "prolonged_crisis": false, "population_phase_worse": null, "population_percentage_phase_worse": null, "analysis_id": "69455744", "admin_type": null, "area_name": "Bossaso idps rural", "view_level": "area", "hide_settlement_labels": false, "hide_area_labels": false, "hide_area_borders": false, "show_area_popups": true, "color": "#c80000", "estimated_population": "3114", "phase1_population": 1400, "phase1_percent": 0.45, "phase1_color": "#fae61e", "phase2_population": 930, "phase2_percent": 0.3, "phase2_color": "#e67800", "phase3_population": 470, "phase3_percent": 0.15, "phase3_color": "#c80000", "phase4_population": 310, "phase4_percent": 0.1, "phase4_color": "#640000", "phase5_population": 0, "phase5_percent": 0, "phase5_color": "#640000" }, "geometry": { "type": "MultiPoint", "coordinates": [ [ 49.2758, 11.2732 ] ] } },
{ "type": "Feature", "properties": { "area_id": "69455773", "confidence_level": 0, "ipc_period": "C", "overall_phase": 1, "population_min": "0", "population_percentage_min": "0", "justification": "", "prolonged_crisis": false, "population_phase_worse": null, "population_percentage_phase_worse": null, "analysis_id": "69455744", "admin_type": null, "area_name": "Buur hakaba (2)", "view_level": "area", "hide_settlement_labels": false, "hide_area_labels": false, "hide_area_borders": false, "show_area_popups": true, "color": "#fae61e", "estimated_population": "18770", "phase1_population": 15950, "phase1_percent": 0.85, "phase1_color": "#fae61e", "phase2_population": 2820, "phase2_percent": 0.15, "phase2_color": "#e67800", "phase3_population": 0, "phase3_percent": 0.0, "phase3_color": "#c80000", "phase4_population": 0, "phase4_percent": 0.0, "phase4_color": "#640000", "phase5_population": 0, "phase5_percent": 0, "phase5_color": "#640000" }, "geometry": { "type": "GeometryCollection", "geometries": [ { "type": "MultiPolygon", "coordinates": [ [ [ [ 44.661, 2.2416 ], [ 44.4433, 2.13 ], [ 43.9014, 1.8907 ], [ 43.900097311, 1.890175626 ], [ 43.8809, 1.8817 ], [ 43.5854, 1.7635 ], [ 43.5809, 1.7617 ], [ 43.5452, 1.7438 ], [ 43.577963887, 1.760424999 ], [ 43.578918248, 1.76090292 ], [ 43.603419952, 1.817660977 ], [ 43.640363997, 1.842279397 ], [ 43.6813, 1.8695 ], [ 43.682558294, 1.870149533 ], [ 43.859930083, 1.953939681 ], [ 44.04858286, 2.043058949 ], [ 44.150624665, 2.091263334 ], [ 44.297634887, 2.213771852 ], [ 44.321435554, 2.26613332 ], [ 44.33847106, 2.303611432 ], [ 44.515398041, 2.548726794 ], [ 44.589170049, 2.679877031 ], [ 44.608612761, 2.733716487 ], [ 44.62523208, 2.779737593 ], [ 44.625294876, 2.779995898 ], [ 44.6513, 2.8611 ], [ 44.661, 2.7516 ], [ 44.621, 2.4816 ], [ 44.661, 2.2416 ] ] ], [ [ [ 44.6602, 2.9039 ], [ 44.6877, 3.0366 ], [ 44.6757, 3.135 ], [ 44.674402445, 3.143328997 ], [ 44.661126512, 3.250159114 ], [ 44.691, 3.0516 ], [ 44.6602, 2.9039 ] ] ] ] } ] } },
{ "type": "Feature", "properties": { "area_id": "69456149", "confidence_level": 0, "ipc_period": "C", "overall_phase": 3, "population_min": "20840", "population_percentage_min": "0.2", "justification": "", "prolonged_crisis": false, "population_phase_worse": null, "population_percentage_phase_worse": null, "analysis_id": "69455744", "admin_type": "urb", "area_name": "Bossaso URBAN", "view_level": "area", "hide_settlement_labels": false, "hide_area_labels": false, "hide_area_borders": false, "show_area_popups": true, "color": "#c80000", "estimated_population": "104193", "phase1_population": 57310, "phase1_percent": 0.55, "phase1_color": "#fae61e", "phase2_population": 26050, "phase2_percent": 0.25, "phase2_color": "#e67800", "phase3_population": 20840, "phase3_percent": 0.2, "phase3_color": "#c80000", "phase4_population": 0, "phase4_percent": 0.0, "phase4_color": "#640000", "phase5_population": 0, "phase5_percent": 0, "phase5_color": "#640000" }, "geometry": { "type": "Point", "coordinates": [ 49.148293704, 11.116168398 ] } },
{ "type": "Feature", "properties": { "area_id": "69456295", "confidence_level": 0, "ipc_period": "C", "overall_phase": 3, "population_min": "9600", "population_percentage_min": "0.2", "justification": "", "prolonged_crisis": false, "population_phase_worse": null, "population_percentage_phase_worse": null, "analysis_id": "69455744", "admin_type": null, "area_name": "Balcad (1)", "view_level": "area", "hide_settlement_labels": false, "hide_area_labels": false, "hide_area_borders": false, "show_area_popups": true, "color": "#c80000", "estimated_population": "48022", "phase1_population": 26410, "phase1_percent": 0.55, "phase1_color": "#fae61e", "phase2_population": 12010, "phase2_percent": 0.25, "phase2_color": "#e67800", "phase3_population": 7200, "phase3_percent": 0.15, "phase3_color": "#c80000", "phase4_population": 2400, "phase4_percent": 0.05, "phase4_color": "#640000", "phase5_population": 0, "phase5_percent": 0, "phase5_color": "#640000" }, "geometry": { "type": "GeometryCollection", "geometries": [ { "type": "MultiPolygon", "coordinates": [ [ [ [ 45.607775104, 2.186684842 ], [ 45.607106681, 2.186677731 ], [ 45.581, 2.1864 ], [ 45.532, 2.1835 ], [ 45.5264, 2.1844 ], [ 45.461, 2.1716 ], [ 45.391, 2.1517 ], [ 45.3434, 2.1754 ], [ 45.475, 2.1856 ], [ 45.5237, 2.2036 ], [ 45.6196, 2.2625 ], [ 45.7924, 2.3308 ], [ 45.8154, 2.3463 ], [ 45.8227, 2.3524 ], [ 45.9344, 2.4252 ], [ 45.9319, 2.4595 ], [ 46.0615, 2.6423 ], [ 46.1297, 2.5541 ], [ 46.0029, 2.4249 ], [ 45.6186, 2.1868 ], [ 45.607775104, 2.186684842 ] ] ] ] } ] } },
{ "type": "Feature", "properties": { "area_id": "69456129", "confidence_level": 0, "ipc_period": "C", "overall_phase": 2, "population_min": "4320", "population_percentage_min": "0.15", "justification": "", "prolonged_crisis": false, "population_phase_worse": null, "population_percentage_phase_worse": null, "analysis_id": "69455744", "admin_type": null, "area_name": "Balcad (2)", "view_level": "area", "hide_settlement_labels": false, "hide_area_labels": false, "hide_area_borders": false, "show_area_popups": true, "color": "#e67800", "estimated_population": "28813", "phase1_population": 18730, "phase1_percent": 0.65, "phase1_color": "#fae61e", "phase2_population": 5760, "phase2_percent": 0.2, "phase2_color": "#e67800", "phase3_population": 2880, "phase3_percent": 0.1, "phase3_color": "#c80000", "phase4_population": 1440, "phase4_percent": 0.05, "phase4_color": "#640000", "phase5_population": 0, "phase5_percent": 0, "phase5_color": "#640000" }, "geometry": { "type": "GeometryCollection", "geometries": [ { "type": "MultiPolygon", "coordinates": [ [ [ [ 45.961, 2.7316 ], [ 46.0615, 2.6423 ], [ 45.9319, 2.4595 ], [ 45.9344, 2.4252 ], [ 45.8227, 2.3524 ], [ 45.8154, 2.3463 ], [ 45.7169, 2.3249 ], [ 45.6547, 2.3138 ], [ 45.6956, 2.4909 ], [ 45.7688, 2.6237 ], [ 45.7183, 2.7326 ], [ 45.961, 2.7316 ] ] ] ] } ] } },
{ "type": "Feature", "properties": { "area_id": "69456223", "confidence_level": 0, "ipc_period": "C", "overall_phase": 3, "population_min": "12010", "population_percentage_min": "0.25", "justification": "", "prolonged_crisis": false, "population_phase_worse": null, "population_percentage_phase_worse": null, "analysis_id": "69455744", "admin_type": null, "area_name": "Balcad (3)", "view_level": "area", "hide_settlement_labels": false, "hide_area_labels": false, "hide_area_borders": false, "show_area_popups": true, "color": "#c80000", "estimated_population": "48022", "phase1_population": 21610, "phase1_percent": 0.45, "phase1_color": "#fae61e", "phase2_population": 14410, "phase2_percent": 0.3, "phase2_color": "#e67800", "phase3_population": 12010, "phase3_percent": 0.25, "phase3_color": "#c80000", "phase4_population": 0, "phase4_percent": 0.0, "phase4_color": "#640000", "phase5_population": 0, "phase5_percent": 0, "phase5_color": "#640000" }, "geometry": { "type": "GeometryCollection", "geometries": [ { "type": "MultiPolygon", "coordinates": [ [ [ [ 45.3322, 2.2506 ], [ 45.3363, 2.4725 ], [ 45.3981, 2.4781 ], [ 45.4487, 2.6296 ], [ 45.45, 2.7591 ], [ 45.5684, 2.7238 ], [ 45.5311, 2.4573 ], [ 45.4133, 2.3012 ], [ 45.3322, 2.2506 ] ] ] ] } ] } },
{ "type": "Feature", "properties": { "area_id": "69456063", "confidence_level": 0, "ipc_period": "C", "overall_phase": 2, "population_min": "11370", "population_percentage_min": "0.15", "justification": "", "prolonged_crisis": false, "population_phase_worse": null, "population_percentage_phase_worse": null, "analysis_id": "69455744", "admin_type": null, "area_name": "Balcad idps", "view_level": "area", "hide_settlement_labels": false, "hide_area_labels": false, "hide_area_borders": false, "show_area_popups": true, "color": "#e67800", "estimated_population": "75799", "phase1_population": 37900, "phase1_percent": 0.5, "phase1_color": "#fae61e", "phase2_population": 26530, "phase2_percent": 0.35, "phase2_color": "#e67800", "phase3_population": 7580, "phase3_percent": 0.1, "phase3_color": "#c80000", "phase4_population": 3790, "phase4_percent": 0.05, "phase4_color": "#640000", "phase5_population": 0, "phase5_percent": 0, "phase5_color": "#640000" }, "geometry": { "type": "MultiPoint", "coordinates": [ [ 45.4004, 2.3408 ] ] } },
{ "type": "Feature", "properties": { "area_id": "69456366", "confidence_level": 0, "ipc_period": "C", "overall_phase": 3, "population_min": "15920", "population_percentage_min": "0.2", "justification": "", "prolonged_crisis": false, "population_phase_worse": null, "population_percentage_phase_worse": null, "analysis_id": "69455744", "admin_type": null, "area_name": "Balcad urban", "view_level": "area", "hide_settlement_labels": false, "hide_area_labels": false, "hide_area_borders": false, "show_area_popups": true, "color": "#c80000", "estimated_population": "79577", "phase1_population": 35810, "phase1_percent": 0.45, "phase1_color": "#fae61e", "phase2_population": 27850, "phase2_percent": 0.35, "phase2_color": "#e67800", "phase3_population": 11940, "phase3_percent": 0.15, "phase3_color": "#c80000", "phase4_population": 3980, "phase4_percent": 0.05, "phase4_color": "#640000", "phase5_population": 0, "phase5_percent": 0, "phase5_color": "#640000" }, "geometry": { "type": "MultiPoint", "coordinates": [ [ 45.3688, 2.3422 ] ] } },
{ "type": "Feature", "properties": { "area_id": "69455817", "confidence_level": 0, "ipc_period": "C", "overall_phase": 1, "population_min": "100", "population_percentage_min": "0.05", "justification": "", "prolonged_crisis": false, "population_phase_worse": null, "population_percentage_phase_worse": null, "analysis_id": "69455744", "admin_type": null, "area_name": "Adan yabaal (1)", "view_level": "area", "hide_settlement_labels": false, "hide_area_labels": false, "hide_area_borders": false, "show_area_popups": true, "color": "#fae61e", "estimated_population": "1916", "phase1_population": 1630, "phase1_percent": 0.85, "phase1_color": "#fae61e", "phase2_population": 190, "phase2_percent": 0.1, "phase2_color": "#e67800", "phase3_population": 100, "phase3_percent": 0.05, "phase3_color": "#c80000", "phase4_population": 0, "phase4_percent": 0.0, "phase4_color": "#640000", "phase5_population": 0, "phase5_percent": 0, "phase5_color": "#640000" }, "geometry": { "type": "GeometryCollection", "geometries": [ { "type": "MultiPolygon", "coordinates": [ [ [ [ 46.1188, 3.5107 ], [ 46.061, 3.5315 ], [ 46.091, 3.5715 ], [ 46.2252, 3.7987 ], [ 46.2636, 3.8202 ], [ 46.1764, 3.5954 ], [ 46.1188, 3.5107 ] ] ] ] } ] } },
{ "type": "Feature", "properties": { "area_id": "69456175", "confidence_level": 0, "ipc_period": "C", "overall_phase": 3, "population_min": "9770", "population_percentage_min": "0.2", "justification": "", "prolonged_crisis": false, "population_phase_worse": null, "population_percentage_phase_worse": null, "analysis_id": "69455744", "admin_type": null, "area_name": "Adan yabaal (2)", "view_level": "area", "hide_settlement_labels": false, "hide_area_labels": false, "hide_area_borders": false, "show_area_popups": true, "color": "#c80000", "estimated_population": "48864", "phase1_population": 26880, "phase1_percent": 0.55, "phase1_color": "#fae61e", "phase2_population": 12220, "phase2_percent": 0.25, "phase2_color": "#e67800", "phase3_population": 7330, "phase3_percent": 0.15, "phase3_color": "#c80000", "phase4_population": 2440, "phase4_percent": 0.05, "phase4_color": "#640000", "phase5_population": 0, "phase5_percent": 0, "phase5_color": "#640000" }, "geometry": { "type": "GeometryCollection", "geometries": [ { "type": "MultiPolygon", "coordinates": [ [ [ [ 46.8751, 3.5779 ], [ 47.0376, 3.4726 ], [ 46.7553, 3.1536 ], [ 46.6639, 3.3141 ], [ 46.8751, 3.5779 ] ] ] ] } ] } },
{ "type": "Feature", "properties": { "area_id": "69455967", "confidence_level": 0, "ipc_period": "C", "overall_phase": 3, "population_min": "5560", "population_percentage_min": "0.3", "justification": "", "prolonged_crisis": false, "population_phase_worse": null, "population_percentage_phase_worse": null, "analysis_id": "69455744", "admin_type": null, "area_name": "Baraawe idps", "view_level": "area", "hide_settlement_labels": false, "hide_area_labels": false, "hide_area_borders": false, "show_area_popups": true, "color": "#c80000", "estimated_population": "18539", "phase1_population": 6490, "phase1_percent": 0.35, "phase1_color": "#fae61e", "phase2_population": 6490, "phase2_percent": 0.35, "phase2_color": "#e67800", "phase3_population": 3710, "phase3_percent": 0.2, "phase3_color": "#c80000", "phase4_population": 1850, "phase4_percent": 0.1, "phase4_color": "#640000", "phase5_population": 0, "phase5_percent": 0, "phase5_color": "#640000" }, "geometry": { "type": "MultiPoint", "coordinates": [ [ 44.0324, 1.1034 ] ] } },
{ "type": "Feature", "properties": { "area_id": "69456452", "confidence_level": 0, "ipc_period": "C", "overall_phase": 4, "population_min": "1490", "population_percentage_min": "0.5", "justification": "", "prolonged_crisis": false, "population_phase_worse": null, "population_percentage_phase_worse": null, "analysis_id": "69455744", "admin_type": null, "area_name": "Buur hakaba idps", "view_level": "area", "hide_settlement_labels": false, "hide_area_labels": false, "hide_area_borders": false, "show_area_popups": true, "color": "#640000", "estimated_population": "2976", "phase1_population": 600, "phase1_percent": 0.2, "phase1_color": "#fae61e", "phase2_population": 890, "phase2_percent": 0.3, "phase2_color": "#e67800", "phase3_population": 890, "phase3_percent": 0.3, "phase3_color": "#c80000", "phase4_population": 600, "phase4_percent": 0.2, "phase4_color": "#640000", "phase5_population": 0, "phase5_percent": 0, "phase5_color": "#640000" }, "geometry": { "type": "MultiPoint", "coordinates": [ [ 44.0123, 2.7438 ] ] } },
{ "type": "Feature", "properties": { "area_id": "69456113", "confidence_level": 0, "ipc_period": "C", "overall_phase": 3, "population_min": "3390", "population_percentage_min": "0.25", "justification": "", "prolonged_crisis": false, "population_phase_worse": null, "population_percentage_phase_worse": null, "analysis_id": "69455744", "admin_type": null, "area_name": "Buur hakaba urban", "view_level": "area", "hide_settlement_labels": false, "hide_area_labels": false, "hide_area_borders": false, "show_area_popups": true, "color": "#c80000", "estimated_population": "13554", "phase1_population": 6100, "phase1_percent": 0.45, "phase1_color": "#fae61e", "phase2_population": 4070, "phase2_percent": 0.3, "phase2_color": "#e67800", "phase3_population": 2710, "phase3_percent": 0.2, "phase3_color": "#c80000", "phase4_population": 680, "phase4_percent": 0.05, "phase4_color": "#640000", "phase5_population": 0, "phase5_percent": 0, "phase5_color": "#640000" }, "geometry": { "type": "MultiPoint", "coordinates": [ [ 44.1618, 2.7651 ] ] } },
{ "type": "Feature", "properties": { "area_id": "69456039", "confidence_level": 0, "ipc_period": "C", "overall_phase": 2, "population_min": "27120", "population_percentage_min": "0.15", "justification": "", "prolonged_crisis": false, "population_phase_worse": null, "population_percentage_phase_worse": null, "analysis_id": "69455744", "admin_type": null, "area_name": "Cabudwaaq", "view_level": "area", "hide_settlement_labels": false, "hide_area_labels": false, "hide_area_borders": false, "show_area_popups": true, "color": "#e67800", "estimated_population": "180759", "phase1_population": 72300, "phase1_percent": 0.4, "phase1_color": "#fae61e", "phase2_population": 81340, "phase2_percent": 0.45, "phase2_color": "#e67800", "phase3_population": 18080, "phase3_percent": 0.1, "phase3_color": "#c80000", "phase4_population": 9040, "phase4_percent": 0.05, "phase4_color": "#640000", "phase5_population": 0, "phase5_percent": 0, "phase5_color": "#640000" }, "geometry": { "type": "GeometryCollection", "geometries": [ { "type": "MultiPolygon", "coordinates": [ [ [ [ 46.671, 5.9313 ], [ 46.451, 5.9013 ], [ 46.271, 5.6913 ], [ 45.672835188, 5.187729624 ], [ 45.672259684, 5.188880632 ], [ 45.5361, 5.4864 ], [ 46.5242, 6.5001 ], [ 46.671, 5.9313 ] ] ] ] } ] } },
{ "type": "Feature", "properties": { "area_id": "69456207", "confidence_level": 0, "ipc_period": "C", "overall_phase": 3, "population_min": "10130", "population_percentage_min": "0.55", "justification": "", "prolonged_crisis": false, "population_phase_worse": null, "population_percentage_phase_worse": null, "analysis_id": "69455744", "admin_type": null, "area_name": "Cabudwaaq idps", "view_level": "area", "hide_settlement_labels": false, "hide_area_labels": false, "hide_area_borders": false, "show_area_popups": true, "color": "#c80000", "estimated_population": "18417", "phase1_population": 1840, "phase1_percent": 0.1, "phase1_color": "#fae61e", "phase2_population": 6450, "phase2_percent": 0.35, "phase2_color": "#e67800", "phase3_population": 7370, "phase3_percent": 0.4, "phase3_color": "#c80000", "phase4_population": 2760, "phase4_percent": 0.15, "phase4_color": "#640000", "phase5_population": 0, "phase5_percent": 0, "phase5_color": "#640000" }, "geometry": { "type": "MultiPoint", "coordinates": [ [ 46.2271, 6.2404 ] ] } },
{ "type": "Feature", "properties": { "area_id": "69456344", "confidence_level": 0, "ipc_period": "C", "overall_phase": 2, "population_min": "30340", "population_percentage_min": "0.1", "justification": "", "prolonged_crisis": false, "population_phase_worse": null, "population_percentage_phase_worse": null, "analysis_id": "69455744", "admin_type": null, "area_name": "Burco (3)", "view_level": "area", "hide_settlement_labels": false, "hide_area_labels": false, "hide_area_borders": false, "show_area_popups": true, "color": "#e67800", "estimated_population": "303443", "phase1_population": 151720, "phase1_percent": 0.5, "phase1_color": "#fae61e", "phase2_population": 121380, "phase2_percent": 0.4, "phase2_color": "#e67800", "phase3_population": 30340, "phase3_percent": 0.1, "phase3_color": "#c80000", "phase4_population": 0, "phase4_percent": 0.0, "phase4_color": "#640000", "phase5_population": 0, "phase5_percent": 0, "phase5_color": "#640000" }, "geometry": { "type": "GeometryCollection", "geometries": [ { "type": "MultiPolygon", "coordinates": [ [ [ [ 45.291, 8.5726 ], [ 45.2814, 9.3778 ], [ 45.5372, 9.4581 ], [ 45.6299, 9.4354 ], [ 45.7207, 9.354 ], [ 45.7831, 9.3919 ], [ 45.781740488, 9.411205077 ], [ 45.7806, 9.4274 ], [ 45.8515, 9.4826 ], [ 45.9296, 9.4478 ], [ 46.07, 9.3157 ], [ 46.1802, 9.2478 ], [ 46.1832, 9.2386 ], [ 46.221, 9.001 ], [ 46.191, 8.821 ], [ 46.251, 8.2567 ], [ 45.291, 8.5726 ] ] ] ] } ] } },
{ "type": "Feature", "properties": { "area_id": "69456035", "confidence_level": 0, "ipc_period": "C", "overall_phase": 3, "population_min": "19400", "population_percentage_min": "0.3", "justification": "", "prolonged_crisis": false, "population_phase_worse": null, "population_percentage_phase_worse": null, "analysis_id": "69455744", "admin_type": null, "area_name": "Burco idps rural", "view_level": "area", "hide_settlement_labels": false, "hide_area_labels": false, "hide_area_borders": false, "show_area_popups": true, "color": "#c80000", "estimated_population": "64685", "phase1_population": 22640, "phase1_percent": 0.35, "phase1_color": "#fae61e", "phase2_population": 22640, "phase2_percent": 0.35, "phase2_color": "#e67800", "phase3_population": 16170, "phase3_percent": 0.25, "phase3_color": "#c80000", "phase4_population": 3230, "phase4_percent": 0.05, "phase4_color": "#640000", "phase5_population": 0, "phase5_percent": 0, "phase5_color": "#640000" }, "geometry": { "type": "MultiPoint", "coordinates": [ [ 45.6314, 9.5543 ] ] } },
{ "type": "Feature", "properties": { "area_id": "69455854", "confidence_level": 0, "ipc_period": "C", "overall_phase": 2, "population_min": "800", "population_percentage_min": "0.1", "justification": "", "prolonged_crisis": false, "population_phase_worse": null, "population_percentage_phase_worse": null, "analysis_id": "69455744", "admin_type": null, "area_name": "Burtinle urban", "view_level": "area", "hide_settlement_labels": false, "hide_area_labels": false, "hide_area_borders": false, "show_area_popups": true, "color": "#e67800", "estimated_population": "8013", "phase1_population": 4410, "phase1_percent": 0.55, "phase1_color": "#fae61e", "phase2_population": 2800, "phase2_percent": 0.35, "phase2_color": "#e67800", "phase3_population": 800, "phase3_percent": 0.1, "phase3_color": "#c80000", "phase4_population": 0, "phase4_percent": 0.0, "phase4_color": "#640000", "phase5_population": 0, "phase5_percent": 0, "phase5_color": "#640000" }, "geometry": { "type": "MultiPoint", "coordinates": [ [ 47.8251, 7.6361 ] ] } },
{ "type": "Feature", "properties": { "area_id": "69455814", "confidence_level": 0, "ipc_period": "C", "overall_phase": 2, "population_min": "4500", "population_percentage_min": "0.1", "justification": "", "prolonged_crisis": false, "population_phase_worse": null, "population_percentage_phase_worse": null, "analysis_id": "69455744", "admin_type": null, "area_name": "Buuhoodle (1)", "view_level": "area", "hide_settlement_labels": false, "hide_area_labels": false, "hide_area_borders": false, "show_area_popups": true, "color": "#e67800", "estimated_population": "44953", "phase1_population": 22480, "phase1_percent": 0.5, "phase1_color": "#fae61e", "phase2_population": 17980, "phase2_percent": 0.4, "phase2_color": "#e67800", "phase3_population": 4500, "phase3_percent": 0.1, "phase3_color": "#c80000", "phase4_population": 0, "phase4_percent": 0.0, "phase4_color": "#640000", "phase5_population": 0, "phase5_percent": 0, "phase5_color": "#640000" }, "geometry": { "type": "GeometryCollection", "geometries": [ { "type": "MultiPolygon", "coordinates": [ [ [ [ 46.921, 8.7674 ], [ 46.9694, 8.755 ], [ 47.0629, 8.6335 ], [ 47.0915, 8.5791 ], [ 47.0945, 8.5196 ], [ 47.0128, 8.0011 ], [ 46.251, 8.2567 ], [ 46.191, 8.821 ], [ 46.437, 8.8081 ], [ 46.921, 8.7674 ] ] ] ] } ] } },
{ "type": "Feature", "properties": { "area_id": "69455965", "confidence_level": 0, "ipc_period": "C", "overall_phase": 3, "population_min": "3940", "population_percentage_min": "0.3", "justification": "", "prolonged_crisis": false, "population_phase_worse": null, "population_percentage_phase_worse": null, "analysis_id": "69455744", "admin_type": null, "area_name": "Buuhoodle idps", "view_level": "area", "hide_settlement_labels": false, "hide_area_labels": false, "hide_area_borders": false, "show_area_popups": true, "color": "#c80000", "estimated_population": "13121", "phase1_population": 3940, "phase1_percent": 0.3, "phase1_color": "#fae61e", "phase2_population": 5250, "phase2_percent": 0.4, "phase2_color": "#e67800", "phase3_population": 3280, "phase3_percent": 0.25, "phase3_color": "#c80000", "phase4_population": 660, "phase4_percent": 0.05, "phase4_color": "#640000", "phase5_population": 0, "phase5_percent": 0, "phase5_color": "#640000" }, "geometry": { "type": "MultiPoint", "coordinates": [ [ 46.3308, 8.2306 ] ] } }
]
}
