{
"type": "FeatureCollection",
"features": [
{ "type": "Feature", "properties": { "index": "0", "@osmId": "way/615774647", "name": null, "opening_hours": null, "label": "Benches", "color": "#756bb1" }, "geometry": { "type": "Point", "coordinates": [ 3.8873072, 43.6083652 ] } },
{ "type": "Feature", "properties": { "index": "1", "@osmId": "way/615774648", "name": null, "opening_hours": null, "label": "Benches", "color": "#756bb1" }, "geometry": { "type": "Point", "coordinates": [ 3.8872762, 43.6081006 ] } },
{ "type": "Feature", "properties": { "index": "2", "@osmId": "way/615774649", "name": null, "opening_hours": null, "label": "Benches", "color": "#756bb1" }, "geometry": { "type": "Point", "coordinates": [ 3.8879707, 43.6080533 ] } },
{ "type": "Feature", "properties": { "index": "3", "@osmId": "way/615774650", "name": null, "opening_hours": null, "label": "Benches", "color": "#756bb1" }, "geometry": { "type": "Point", "coordinates": [ 3.8880032, 43.6083091 ] } },
{ "type": "Feature", "properties": { "index": "4", "@osmId": "way/615774651", "name": null, "opening_hours": null, "label": "Benches", "color": "#756bb1" }, "geometry": { "type": "Point", "coordinates": [ 3.8875226, 43.6084896 ] } },
{ "type": "Feature", "properties": { "index": "5", "@osmId": "way/615774652", "name": null, "opening_hours": null, "label": "Benches", "color": "#756bb1" }, "geometry": { "type": "Point", "coordinates": [ 3.8878139, 43.60847 ] } },
{ "type": "Feature", "properties": { "index": "6", "@osmId": "way/615774653", "name": null, "opening_hours": null, "label": "Benches", "color": "#756bb1" }, "geometry": { "type": "Point", "coordinates": [ 3.8874422, 43.6079553 ] } },
{ "type": "Feature", "properties": { "index": "7", "@osmId": "way/615774654", "name": null, "opening_hours": null, "label": "Benches", "color": "#756bb1" }, "geometry": { "type": "Point", "coordinates": [ 3.8877386, 43.6079315 ] } },
{ "type": "Feature", "properties": { "index": "8", "@osmId": "way/733319528", "name": null, "opening_hours": null, "label": "Benches", "color": "#756bb1" }, "geometry": { "type": "Point", "coordinates": [ 3.8820237, 43.6141077 ] } },
{ "type": "Feature", "properties": { "index": "9", "@osmId": "node/2067012429", "name": null, "opening_hours": null, "label": "Benches", "color": "#756bb1" }, "geometry": { "type": "Point", "coordinates": [ 3.855761, 43.6188268 ] } },
{ "type": "Feature", "properties": { "index": "10", "@osmId": "node/2067012431", "name": null, "opening_hours": null, "label": "Benches", "color": "#756bb1" }, "geometry": { "type": "Point", "coordinates": [ 3.8558072, 43.6188286 ] } },
{ "type": "Feature", "properties": { "index": "11", "@osmId": "node/2067012432", "name": null, "opening_hours": null, "label": "Benches", "color": "#756bb1" }, "geometry": { "type": "Point", "coordinates": [ 3.855848, 43.6188368 ] } },
{ "type": "Feature", "properties": { "index": "12", "@osmId": "node/2067012434", "name": null, "opening_hours": null, "label": "Benches", "color": "#756bb1" }, "geometry": { "type": "Point", "coordinates": [ 3.8558853, 43.6188522 ] } },
{ "type": "Feature", "properties": { "index": "13", "@osmId": "node/2067012435", "name": null, "opening_hours": null, "label": "Benches", "color": "#756bb1" }, "geometry": { "type": "Point", "coordinates": [ 3.8559131, 43.6188765 ] } },
{ "type": "Feature", "properties": { "index": "14", "@osmId": "node/2067012436", "name": null, "opening_hours": null, "label": "Benches", "color": "#756bb1" }, "geometry": { "type": "Point", "coordinates": [ 3.855726, 43.6188984 ] } },
{ "type": "Feature", "properties": { "index": "15", "@osmId": "node/2067012437", "name": null, "opening_hours": null, "label": "Benches", "color": "#756bb1" }, "geometry": { "type": "Point", "coordinates": [ 3.8557532, 43.6189185 ] } },
{ "type": "Feature", "properties": { "index": "16", "@osmId": "node/2067012439", "name": null, "opening_hours": null, "label": "Benches", "color": "#756bb1" }, "geometry": { "type": "Point", "coordinates": [ 3.8557911, 43.6189368 ] } },
{ "type": "Feature", "properties": { "index": "17", "@osmId": "node/2067012440", "name": null, "opening_hours": null, "label": "Benches", "color": "#756bb1" }, "geometry": { "type": "Point", "coordinates": [ 3.8558763, 43.6189416 ] } },
{ "type": "Feature", "properties": { "index": "18", "@osmId": "node/2067012441", "name": null, "opening_hours": null, "label": "Benches", "color": "#756bb1" }, "geometry": { "type": "Point", "coordinates": [ 3.8558308, 43.6189445 ] } },
{ "type": "Feature", "properties": { "index": "19", "@osmId": "node/2481268924", "name": null, "opening_hours": null, "label": "Benches", "color": "#756bb1" }, "geometry": { "type": "Point", "coordinates": [ 3.8662734, 43.6184315 ] } },
{ "type": "Feature", "properties": { "index": "20", "@osmId": "node/2515318052", "name": null, "opening_hours": null, "label": "Benches", "color": "#756bb1" }, "geometry": { "type": "Point", "coordinates": [ 3.8641804, 43.6150853 ] } },
{ "type": "Feature", "properties": { "index": "21", "@osmId": "node/3152422863", "name": null, "opening_hours": null, "label": "Benches", "color": "#756bb1" }, "geometry": { "type": "Point", "coordinates": [ 3.865245, 43.6052376 ] } },
{ "type": "Feature", "properties": { "index": "22", "@osmId": "node/3891430459", "name": null, "opening_hours": null, "label": "Benches", "color": "#756bb1" }, "geometry": { "type": "Point", "coordinates": [ 3.8659954, 43.6114136 ] } },
{ "type": "Feature", "properties": { "index": "23", "@osmId": "node/3891841757", "name": null, "opening_hours": null, "label": "Benches", "color": "#756bb1" }, "geometry": { "type": "Point", "coordinates": [ 3.8641018, 43.6118152 ] } },
{ "type": "Feature", "properties": { "index": "24", "@osmId": "node/3898077360", "name": null, "opening_hours": null, "label": "Benches", "color": "#756bb1" }, "geometry": { "type": "Point", "coordinates": [ 3.8550277, 43.6167886 ] } },
{ "type": "Feature", "properties": { "index": "25", "@osmId": "node/4325169937", "name": null, "opening_hours": null, "label": "Benches", "color": "#756bb1" }, "geometry": { "type": "Point", "coordinates": [ 3.8661208, 43.6068364 ] } },
{ "type": "Feature", "properties": { "index": "26", "@osmId": "node/4325169942", "name": null, "opening_hours": null, "label": "Benches", "color": "#756bb1" }, "geometry": { "type": "Point", "coordinates": [ 3.8662035, 43.6068839 ] } },
{ "type": "Feature", "properties": { "index": "27", "@osmId": "node/4325169943", "name": null, "opening_hours": null, "label": "Benches", "color": "#756bb1" }, "geometry": { "type": "Point", "coordinates": [ 3.8661933, 43.6067765 ] } },
{ "type": "Feature", "properties": { "index": "28", "@osmId": "node/4325169944", "name": null, "opening_hours": null, "label": "Benches", "color": "#756bb1" }, "geometry": { "type": "Point", "coordinates": [ 3.8661948, 43.6067549 ] } },
{ "type": "Feature", "properties": { "index": "29", "@osmId": "node/4821413602", "name": null, "opening_hours": null, "label": "Benches", "color": "#756bb1" }, "geometry": { "type": "Point", "coordinates": [ 3.8622335, 43.6221802 ] } },
{ "type": "Feature", "properties": { "index": "30", "@osmId": "node/4821413603", "name": null, "opening_hours": null, "label": "Benches", "color": "#756bb1" }, "geometry": { "type": "Point", "coordinates": [ 3.8621604, 43.6221327 ] } },
{ "type": "Feature", "properties": { "index": "31", "@osmId": "node/4821413604", "name": null, "opening_hours": null, "label": "Benches", "color": "#756bb1" }, "geometry": { "type": "Point", "coordinates": [ 3.8621081, 43.6220958 ] } },
{ "type": "Feature", "properties": { "index": "32", "@osmId": "node/4821413605", "name": null, "opening_hours": null, "label": "Benches", "color": "#756bb1" }, "geometry": { "type": "Point", "coordinates": [ 3.8619699, 43.6219783 ] } },
{ "type": "Feature", "properties": { "index": "33", "@osmId": "node/6841383462", "name": null, "opening_hours": null, "label": "Benches", "color": "#756bb1" }, "geometry": { "type": "Point", "coordinates": [ 3.8671707, 43.6247641 ] } },
{ "type": "Feature", "properties": { "index": "34", "@osmId": "node/7700552039", "name": null, "opening_hours": null, "label": "Benches", "color": "#756bb1" }, "geometry": { "type": "Point", "coordinates": [ 3.8581875, 43.6170639 ] } },
{ "type": "Feature", "properties": { "index": "35", "@osmId": "node/7700552040", "name": null, "opening_hours": null, "label": "Benches", "color": "#756bb1" }, "geometry": { "type": "Point", "coordinates": [ 3.8583308, 43.6169871 ] } },
{ "type": "Feature", "properties": { "index": "36", "@osmId": "node/7700552042", "name": null, "opening_hours": null, "label": "Benches", "color": "#756bb1" }, "geometry": { "type": "Point", "coordinates": [ 3.8580459, 43.6171575 ] } },
{ "type": "Feature", "properties": { "index": "37", "@osmId": "node/7700552043", "name": null, "opening_hours": null, "label": "Benches", "color": "#756bb1" }, "geometry": { "type": "Point", "coordinates": [ 3.8586477, 43.616782 ] } },
{ "type": "Feature", "properties": { "index": "38", "@osmId": "node/7896370687", "name": null, "opening_hours": null, "label": "Benches", "color": "#756bb1" }, "geometry": { "type": "Point", "coordinates": [ 3.8590868, 43.6198987 ] } },
{ "type": "Feature", "properties": { "index": "39", "@osmId": "node/7896371087", "name": null, "opening_hours": null, "label": "Benches", "color": "#756bb1" }, "geometry": { "type": "Point", "coordinates": [ 3.8590147, 43.6198657 ] } },
{ "type": "Feature", "properties": { "index": "40", "@osmId": "node/7896379487", "name": null, "opening_hours": null, "label": "Benches", "color": "#756bb1" }, "geometry": { "type": "Point", "coordinates": [ 3.8591192, 43.6199202 ] } },
{ "type": "Feature", "properties": { "index": "41", "@osmId": "node/7896379985", "name": null, "opening_hours": null, "label": "Benches", "color": "#756bb1" }, "geometry": { "type": "Point", "coordinates": [ 3.8590504, 43.6198785 ] } },
{ "type": "Feature", "properties": { "index": "42", "@osmId": "node/7899534286", "name": null, "opening_hours": null, "label": "Benches", "color": "#756bb1" }, "geometry": { "type": "Point", "coordinates": [ 3.8611966, 43.6120421 ] } },
{ "type": "Feature", "properties": { "index": "43", "@osmId": "node/7899539886", "name": null, "opening_hours": null, "label": "Benches", "color": "#756bb1" }, "geometry": { "type": "Point", "coordinates": [ 3.8610432, 43.6118529 ] } },
{ "type": "Feature", "properties": { "index": "44", "@osmId": "node/7899540485", "name": null, "opening_hours": null, "label": "Benches", "color": "#756bb1" }, "geometry": { "type": "Point", "coordinates": [ 3.8611112, 43.6120549 ] } },
{ "type": "Feature", "properties": { "index": "45", "@osmId": "node/7899540486", "name": null, "opening_hours": null, "label": "Benches", "color": "#756bb1" }, "geometry": { "type": "Point", "coordinates": [ 3.8612031, 43.6118927 ] } },
{ "type": "Feature", "properties": { "index": "46", "@osmId": "node/7899540488", "name": null, "opening_hours": null, "label": "Benches", "color": "#756bb1" }, "geometry": { "type": "Point", "coordinates": [ 3.8609299, 43.6118616 ] } },
{ "type": "Feature", "properties": { "index": "47", "@osmId": "node/7899540686", "name": null, "opening_hours": null, "label": "Benches", "color": "#756bb1" }, "geometry": { "type": "Point", "coordinates": [ 3.8609242, 43.6119506 ] } },
{ "type": "Feature", "properties": { "index": "48", "@osmId": "node/7899540687", "name": null, "opening_hours": null, "label": "Benches", "color": "#756bb1" }, "geometry": { "type": "Point", "coordinates": [ 3.8609251, 43.6120279 ] } },
{ "type": "Feature", "properties": { "index": "49", "@osmId": "node/9942044918", "name": null, "opening_hours": null, "label": "Benches", "color": "#756bb1" }, "geometry": { "type": "Point", "coordinates": [ 3.8643691, 43.6064574 ] } },
{ "type": "Feature", "properties": { "index": "50", "@osmId": "node/9974498718", "name": null, "opening_hours": null, "label": "Benches", "color": "#756bb1" }, "geometry": { "type": "Point", "coordinates": [ 3.8639332, 43.6151215 ] } },
{ "type": "Feature", "properties": { "index": "51", "@osmId": "node/9974521617", "name": null, "opening_hours": null, "label": "Benches", "color": "#756bb1" }, "geometry": { "type": "Point", "coordinates": [ 3.862106, 43.6164391 ] } },
{ "type": "Feature", "properties": { "index": "52", "@osmId": "node/10576437300", "name": null, "opening_hours": null, "label": "Benches", "color": "#756bb1" }, "geometry": { "type": "Point", "coordinates": [ 3.8630257, 43.6119171 ] } },
{ "type": "Feature", "properties": { "index": "53", "@osmId": "node/10576437301", "name": null, "opening_hours": null, "label": "Benches", "color": "#756bb1" }, "geometry": { "type": "Point", "coordinates": [ 3.8625108, 43.6119601 ] } },
{ "type": "Feature", "properties": { "index": "54", "@osmId": "node/10576478640", "name": null, "opening_hours": null, "label": "Benches", "color": "#756bb1" }, "geometry": { "type": "Point", "coordinates": [ 3.8670439, 43.6069071 ] } },
{ "type": "Feature", "properties": { "index": "55", "@osmId": "node/10576482041", "name": null, "opening_hours": null, "label": "Benches", "color": "#756bb1" }, "geometry": { "type": "Point", "coordinates": [ 3.867012, 43.6070251 ] } },
{ "type": "Feature", "properties": { "index": "56", "@osmId": "node/10683007167", "name": null, "opening_hours": null, "label": "Benches", "color": "#756bb1" }, "geometry": { "type": "Point", "coordinates": [ 3.8653296, 43.6051302 ] } },
{ "type": "Feature", "properties": { "index": "57", "@osmId": "node/10683007168", "name": null, "opening_hours": null, "label": "Benches", "color": "#756bb1" }, "geometry": { "type": "Point", "coordinates": [ 3.8653449, 43.605096 ] } },
{ "type": "Feature", "properties": { "index": "58", "@osmId": "node/10683007169", "name": null, "opening_hours": null, "label": "Benches", "color": "#756bb1" }, "geometry": { "type": "Point", "coordinates": [ 3.8653662, 43.6050607 ] } },
{ "type": "Feature", "properties": { "index": "59", "@osmId": "node/10683007176", "name": null, "opening_hours": null, "label": "Benches", "color": "#756bb1" }, "geometry": { "type": "Point", "coordinates": [ 3.8670718, 43.6079927 ] } },
{ "type": "Feature", "properties": { "index": "60", "@osmId": "node/10768482592", "name": null, "opening_hours": null, "label": "Benches", "color": "#756bb1" }, "geometry": { "type": "Point", "coordinates": [ 3.857826, 43.6059248 ] } },
{ "type": "Feature", "properties": { "index": "61", "@osmId": "node/11396230324", "name": null, "opening_hours": null, "label": "Benches", "color": "#756bb1" }, "geometry": { "type": "Point", "coordinates": [ 3.861554, 43.6171221 ] } },
{ "type": "Feature", "properties": { "index": "62", "@osmId": "node/11396230325", "name": null, "opening_hours": null, "label": "Benches", "color": "#756bb1" }, "geometry": { "type": "Point", "coordinates": [ 3.8617641, 43.6172202 ] } },
{ "type": "Feature", "properties": { "index": "63", "@osmId": "node/11396230326", "name": null, "opening_hours": null, "label": "Benches", "color": "#756bb1" }, "geometry": { "type": "Point", "coordinates": [ 3.8619628, 43.6173291 ] } },
{ "type": "Feature", "properties": { "index": "64", "@osmId": "node/11665028953", "name": null, "opening_hours": null, "label": "Benches", "color": "#756bb1" }, "geometry": { "type": "Point", "coordinates": [ 3.8644442, 43.6063807 ] } },
{ "type": "Feature", "properties": { "index": "65", "@osmId": "node/11673101457", "name": null, "opening_hours": null, "label": "Benches", "color": "#756bb1" }, "geometry": { "type": "Point", "coordinates": [ 3.859092, 43.6111628 ] } },
{ "type": "Feature", "properties": { "index": "66", "@osmId": "node/11673101458", "name": null, "opening_hours": null, "label": "Benches", "color": "#756bb1" }, "geometry": { "type": "Point", "coordinates": [ 3.8584027, 43.6109393 ] } },
{ "type": "Feature", "properties": { "index": "67", "@osmId": "node/11673101459", "name": null, "opening_hours": null, "label": "Benches", "color": "#756bb1" }, "geometry": { "type": "Point", "coordinates": [ 3.8584426, 43.6110192 ] } },
{ "type": "Feature", "properties": { "index": "68", "@osmId": "node/11673101460", "name": null, "opening_hours": null, "label": "Benches", "color": "#756bb1" }, "geometry": { "type": "Point", "coordinates": [ 3.8579254, 43.6107451 ] } },
{ "type": "Feature", "properties": { "index": "69", "@osmId": "node/11673101461", "name": null, "opening_hours": null, "label": "Benches", "color": "#756bb1" }, "geometry": { "type": "Point", "coordinates": [ 3.8578275, 43.6107468 ] } },
{ "type": "Feature", "properties": { "index": "70", "@osmId": "node/11673101465", "name": null, "opening_hours": null, "label": "Benches", "color": "#756bb1" }, "geometry": { "type": "Point", "coordinates": [ 3.8580253, 43.6107447 ] } },
{ "type": "Feature", "properties": { "index": "71", "@osmId": "node/11673101468", "name": null, "opening_hours": null, "label": "Benches", "color": "#756bb1" }, "geometry": { "type": "Point", "coordinates": [ 3.8579247, 43.6107032 ] } },
{ "type": "Feature", "properties": { "index": "72", "@osmId": "node/11673167069", "name": null, "opening_hours": null, "label": "Benches", "color": "#756bb1" }, "geometry": { "type": "Point", "coordinates": [ 3.8579593, 43.6107082 ] } },
{ "type": "Feature", "properties": { "index": "73", "@osmId": "node/11673167070", "name": null, "opening_hours": null, "label": "Benches", "color": "#756bb1" }, "geometry": { "type": "Point", "coordinates": [ 3.8579224, 43.6106965 ] } },
{ "type": "Feature", "properties": { "index": "74", "@osmId": "node/11673167072", "name": null, "opening_hours": null, "label": "Benches", "color": "#756bb1" }, "geometry": { "type": "Point", "coordinates": [ 3.8579732, 43.6106965 ] } },
{ "type": "Feature", "properties": { "index": "75", "@osmId": "node/11673167073", "name": null, "opening_hours": null, "label": "Benches", "color": "#756bb1" }, "geometry": { "type": "Point", "coordinates": [ 3.8588429, 43.610969 ] } },
{ "type": "Feature", "properties": { "index": "76", "@osmId": "node/11673167074", "name": null, "opening_hours": null, "label": "Benches", "color": "#756bb1" }, "geometry": { "type": "Point", "coordinates": [ 3.8587706, 43.6109671 ] } },
{ "type": "Feature", "properties": { "index": "77", "@osmId": "node/11673167075", "name": null, "opening_hours": null, "label": "Benches", "color": "#756bb1" }, "geometry": { "type": "Point", "coordinates": [ 3.8582758, 43.6110039 ] } },
{ "type": "Feature", "properties": { "index": "78", "@osmId": "node/11673167083", "name": null, "opening_hours": null, "label": "Benches", "color": "#756bb1" }, "geometry": { "type": "Point", "coordinates": [ 3.8585674, 43.6110504 ] } },
{ "type": "Feature", "properties": { "index": "79", "@osmId": "node/11673167084", "name": null, "opening_hours": null, "label": "Benches", "color": "#756bb1" }, "geometry": { "type": "Point", "coordinates": [ 3.8586637, 43.6110678 ] } },
{ "type": "Feature", "properties": { "index": "80", "@osmId": "node/11739156676", "name": null, "opening_hours": null, "label": "Benches", "color": "#756bb1" }, "geometry": { "type": "Point", "coordinates": [ 3.867021, 43.6083286 ] } },
{ "type": "Feature", "properties": { "index": "81", "@osmId": "node/11807080556", "name": null, "opening_hours": null, "label": "Benches", "color": "#756bb1" }, "geometry": { "type": "Point", "coordinates": [ 3.8668353, 43.6092627 ] } },
{ "type": "Feature", "properties": { "index": "82", "@osmId": "node/11807080557", "name": null, "opening_hours": null, "label": "Benches", "color": "#756bb1" }, "geometry": { "type": "Point", "coordinates": [ 3.8668431, 43.6092289 ] } },
{ "type": "Feature", "properties": { "index": "83", "@osmId": "node/11807080560", "name": null, "opening_hours": null, "label": "Benches", "color": "#756bb1" }, "geometry": { "type": "Point", "coordinates": [ 3.8667237, 43.6102523 ] } },
{ "type": "Feature", "properties": { "index": "84", "@osmId": "node/11807080561", "name": null, "opening_hours": null, "label": "Benches", "color": "#756bb1" }, "geometry": { "type": "Point", "coordinates": [ 3.8667817, 43.6098413 ] } },
{ "type": "Feature", "properties": { "index": "85", "@osmId": "node/11944697895", "name": null, "opening_hours": null, "label": "Benches", "color": "#756bb1" }, "geometry": { "type": "Point", "coordinates": [ 3.8599809, 43.6005109 ] } },
{ "type": "Feature", "properties": { "index": "86", "@osmId": "node/12486852866", "name": null, "opening_hours": null, "label": "Benches", "color": "#756bb1" }, "geometry": { "type": "Point", "coordinates": [ 3.8553818, 43.617992 ] } },
{ "type": "Feature", "properties": { "index": "87", "@osmId": "node/295142803", "name": null, "opening_hours": null, "label": "Benches", "color": "#756bb1" }, "geometry": { "type": "Point", "coordinates": [ 3.8913508, 43.6080477 ] } },
{ "type": "Feature", "properties": { "index": "88", "@osmId": "node/295142806", "name": null, "opening_hours": null, "label": "Benches", "color": "#756bb1" }, "geometry": { "type": "Point", "coordinates": [ 3.8913142, 43.6080254 ] } },
{ "type": "Feature", "properties": { "index": "89", "@osmId": "node/295142808", "name": null, "opening_hours": null, "label": "Benches", "color": "#756bb1" }, "geometry": { "type": "Point", "coordinates": [ 3.8917541, 43.6080209 ] } },
{ "type": "Feature", "properties": { "index": "90", "@osmId": "node/295142810", "name": null, "opening_hours": null, "label": "Benches", "color": "#756bb1" }, "geometry": { "type": "Point", "coordinates": [ 3.8917843, 43.6079945 ] } },
{ "type": "Feature", "properties": { "index": "91", "@osmId": "node/295142823", "name": null, "opening_hours": null, "label": "Benches", "color": "#756bb1" }, "geometry": { "type": "Point", "coordinates": [ 3.8917261, 43.607811 ] } },
{ "type": "Feature", "properties": { "index": "92", "@osmId": "node/295142828", "name": null, "opening_hours": null, "label": "Benches", "color": "#756bb1" }, "geometry": { "type": "Point", "coordinates": [ 3.8913196, 43.6078398 ] } },
{ "type": "Feature", "properties": { "index": "93", "@osmId": "node/295142836", "name": null, "opening_hours": null, "label": "Benches", "color": "#756bb1" }, "geometry": { "type": "Point", "coordinates": [ 3.8912918, 43.6078646 ] } },
{ "type": "Feature", "properties": { "index": "94", "@osmId": "node/295143679", "name": null, "opening_hours": null, "label": "Benches", "color": "#756bb1" }, "geometry": { "type": "Point", "coordinates": [ 3.8955256, 43.6078075 ] } },
{ "type": "Feature", "properties": { "index": "95", "@osmId": "node/295143683", "name": null, "opening_hours": null, "label": "Benches", "color": "#756bb1" }, "geometry": { "type": "Point", "coordinates": [ 3.8956355, 43.6078799 ] } },
{ "type": "Feature", "properties": { "index": "96", "@osmId": "node/295143690", "name": null, "opening_hours": null, "label": "Benches", "color": "#756bb1" }, "geometry": { "type": "Point", "coordinates": [ 3.8954892, 43.6074927 ] } },
{ "type": "Feature", "properties": { "index": "97", "@osmId": "node/295143696", "name": null, "opening_hours": null, "label": "Benches", "color": "#756bb1" }, "geometry": { "type": "Point", "coordinates": [ 3.8955866, 43.6074142 ] } },
{ "type": "Feature", "properties": { "index": "98", "@osmId": "node/1684506374", "name": null, "opening_hours": null, "label": "Benches", "color": "#756bb1" }, "geometry": { "type": "Point", "coordinates": [ 3.8803873, 43.616506 ] } },
{ "type": "Feature", "properties": { "index": "99", "@osmId": "node/1684506438", "name": null, "opening_hours": null, "label": "Benches", "color": "#756bb1" }, "geometry": { "type": "Point", "coordinates": [ 3.8803605, 43.6164865 ] } },
{ "type": "Feature", "properties": { "index": "100", "@osmId": "node/1873491592", "name": null, "opening_hours": null, "label": "Benches", "color": "#756bb1" }, "geometry": { "type": "Point", "coordinates": [ 3.8899209, 43.6075431 ] } },
{ "type": "Feature", "properties": { "index": "101", "@osmId": "node/1873491595", "name": null, "opening_hours": null, "label": "Benches", "color": "#756bb1" }, "geometry": { "type": "Point", "coordinates": [ 3.889886, 43.607545 ] } },
{ "type": "Feature", "properties": { "index": "102", "@osmId": "node/1873491597", "name": null, "opening_hours": null, "label": "Benches", "color": "#756bb1" }, "geometry": { "type": "Point", "coordinates": [ 3.8898511, 43.607547 ] } },
{ "type": "Feature", "properties": { "index": "103", "@osmId": "node/1873491600", "name": null, "opening_hours": null, "label": "Benches", "color": "#756bb1" }, "geometry": { "type": "Point", "coordinates": [ 3.889803, 43.6075497 ] } },
{ "type": "Feature", "properties": { "index": "104", "@osmId": "node/1873491601", "name": null, "opening_hours": null, "label": "Benches", "color": "#756bb1" }, "geometry": { "type": "Point", "coordinates": [ 3.8897494, 43.6075527 ] } },
{ "type": "Feature", "properties": { "index": "105", "@osmId": "node/1873491602", "name": null, "opening_hours": null, "label": "Benches", "color": "#756bb1" }, "geometry": { "type": "Point", "coordinates": [ 3.8899458, 43.6075684 ] } },
{ "type": "Feature", "properties": { "index": "106", "@osmId": "node/1873491616", "name": null, "opening_hours": null, "label": "Benches", "color": "#756bb1" }, "geometry": { "type": "Point", "coordinates": [ 3.8899492, 43.6075973 ] } },
{ "type": "Feature", "properties": { "index": "107", "@osmId": "node/1873491623", "name": null, "opening_hours": null, "label": "Benches", "color": "#756bb1" }, "geometry": { "type": "Point", "coordinates": [ 3.8899109, 43.6076311 ] } },
{ "type": "Feature", "properties": { "index": "108", "@osmId": "node/1873491626", "name": null, "opening_hours": null, "label": "Benches", "color": "#756bb1" }, "geometry": { "type": "Point", "coordinates": [ 3.8898525, 43.6076361 ] } },
{ "type": "Feature", "properties": { "index": "109", "@osmId": "node/1873491628", "name": null, "opening_hours": null, "label": "Benches", "color": "#756bb1" }, "geometry": { "type": "Point", "coordinates": [ 3.8898045, 43.6076402 ] } },
{ "type": "Feature", "properties": { "index": "110", "@osmId": "node/1873491632", "name": null, "opening_hours": null, "label": "Benches", "color": "#756bb1" }, "geometry": { "type": "Point", "coordinates": [ 3.8897561, 43.6076443 ] } },
{ "type": "Feature", "properties": { "index": "111", "@osmId": "node/1873491722", "name": null, "opening_hours": null, "label": "Benches", "color": "#756bb1" }, "geometry": { "type": "Point", "coordinates": [ 3.8817654, 43.6108973 ] } },
{ "type": "Feature", "properties": { "index": "112", "@osmId": "node/1873491723", "name": null, "opening_hours": null, "label": "Benches", "color": "#756bb1" }, "geometry": { "type": "Point", "coordinates": [ 3.8816292, 43.6108811 ] } },
{ "type": "Feature", "properties": { "index": "113", "@osmId": "node/1873491724", "name": null, "opening_hours": null, "label": "Benches", "color": "#756bb1" }, "geometry": { "type": "Point", "coordinates": [ 3.8816427, 43.6108921 ] } },
{ "type": "Feature", "properties": { "index": "114", "@osmId": "node/1873491725", "name": null, "opening_hours": null, "label": "Benches", "color": "#756bb1" }, "geometry": { "type": "Point", "coordinates": [ 3.8817693, 43.6109376 ] } },
{ "type": "Feature", "properties": { "index": "115", "@osmId": "node/1873491726", "name": null, "opening_hours": null, "label": "Benches", "color": "#756bb1" }, "geometry": { "type": "Point", "coordinates": [ 3.8815316, 43.6108625 ] } },
{ "type": "Feature", "properties": { "index": "116", "@osmId": "node/1873491727", "name": null, "opening_hours": null, "label": "Benches", "color": "#756bb1" }, "geometry": { "type": "Point", "coordinates": [ 3.8817833, 43.6110452 ] } },
{ "type": "Feature", "properties": { "index": "117", "@osmId": "node/1873491729", "name": null, "opening_hours": null, "label": "Benches", "color": "#756bb1" }, "geometry": { "type": "Point", "coordinates": [ 3.8815513, 43.6110864 ] } },
{ "type": "Feature", "properties": { "index": "118", "@osmId": "node/1873491730", "name": null, "opening_hours": null, "label": "Benches", "color": "#756bb1" }, "geometry": { "type": "Point", "coordinates": [ 3.881809, 43.6111514 ] } },
{ "type": "Feature", "properties": { "index": "119", "@osmId": "node/1873491733", "name": null, "opening_hours": null, "label": "Benches", "color": "#756bb1" }, "geometry": { "type": "Point", "coordinates": [ 3.8817877, 43.6112592 ] } },
{ "type": "Feature", "properties": { "index": "120", "@osmId": "node/1873491734", "name": null, "opening_hours": null, "label": "Benches", "color": "#756bb1" }, "geometry": { "type": "Point", "coordinates": [ 3.8816278, 43.6112768 ] } },
{ "type": "Feature", "properties": { "index": "121", "@osmId": "node/1873491735", "name": null, "opening_hours": null, "label": "Benches", "color": "#756bb1" }, "geometry": { "type": "Point", "coordinates": [ 3.8817542, 43.6112838 ] } },
{ "type": "Feature", "properties": { "index": "122", "@osmId": "node/2078140307", "name": null, "opening_hours": null, "label": "Benches", "color": "#756bb1" }, "geometry": { "type": "Point", "coordinates": [ 3.8696225, 43.6194431 ] } },
{ "type": "Feature", "properties": { "index": "123", "@osmId": "node/2078140338", "name": null, "opening_hours": null, "label": "Benches", "color": "#756bb1" }, "geometry": { "type": "Point", "coordinates": [ 3.8672308, 43.6244009 ] } },
{ "type": "Feature", "properties": { "index": "124", "@osmId": "node/2525974003", "name": null, "opening_hours": null, "label": "Benches", "color": "#756bb1" }, "geometry": { "type": "Point", "coordinates": [ 3.8841138, 43.6053805 ] } },
{ "type": "Feature", "properties": { "index": "125", "@osmId": "node/2525974007", "name": null, "opening_hours": null, "label": "Benches", "color": "#756bb1" }, "geometry": { "type": "Point", "coordinates": [ 3.8841446, 43.6053886 ] } },
{ "type": "Feature", "properties": { "index": "126", "@osmId": "node/2525974011", "name": null, "opening_hours": null, "label": "Benches", "color": "#756bb1" }, "geometry": { "type": "Point", "coordinates": [ 3.8840796, 43.6053908 ] } },
{ "type": "Feature", "properties": { "index": "127", "@osmId": "node/2525974015", "name": null, "opening_hours": null, "label": "Benches", "color": "#756bb1" }, "geometry": { "type": "Point", "coordinates": [ 3.8841601, 43.6054142 ] } },
{ "type": "Feature", "properties": { "index": "128", "@osmId": "node/2525974025", "name": null, "opening_hours": null, "label": "Benches", "color": "#756bb1" }, "geometry": { "type": "Point", "coordinates": [ 3.8841448, 43.6054321 ] } },
{ "type": "Feature", "properties": { "index": "129", "@osmId": "node/2525974029", "name": null, "opening_hours": null, "label": "Benches", "color": "#756bb1" }, "geometry": { "type": "Point", "coordinates": [ 3.8841106, 43.6054425 ] } },
{ "type": "Feature", "properties": { "index": "130", "@osmId": "node/2589030546", "name": null, "opening_hours": null, "label": "Benches", "color": "#756bb1" }, "geometry": { "type": "Point", "coordinates": [ 3.8764323, 43.6103891 ] } },
{ "type": "Feature", "properties": { "index": "131", "@osmId": "node/2597367154", "name": null, "opening_hours": null, "label": "Benches", "color": "#756bb1" }, "geometry": { "type": "Point", "coordinates": [ 3.8750233, 43.6031143 ] } },
{ "type": "Feature", "properties": { "index": "132", "@osmId": "node/3758849879", "name": null, "opening_hours": null, "label": "Benches", "color": "#756bb1" }, "geometry": { "type": "Point", "coordinates": [ 3.8798418, 43.6056347 ] } },
{ "type": "Feature", "properties": { "index": "133", "@osmId": "node/3758849880", "name": null, "opening_hours": null, "label": "Benches", "color": "#756bb1" }, "geometry": { "type": "Point", "coordinates": [ 3.8798736, 43.6056411 ] } },
{ "type": "Feature", "properties": { "index": "134", "@osmId": "node/3758849881", "name": null, "opening_hours": null, "label": "Benches", "color": "#756bb1" }, "geometry": { "type": "Point", "coordinates": [ 3.8799037, 43.6056308 ] } },
{ "type": "Feature", "properties": { "index": "135", "@osmId": "node/3802868930", "name": null, "opening_hours": null, "label": "Benches", "color": "#756bb1" }, "geometry": { "type": "Point", "coordinates": [ 3.8942045, 43.607475 ] } },
{ "type": "Feature", "properties": { "index": "136", "@osmId": "node/3802868933", "name": null, "opening_hours": null, "label": "Benches", "color": "#756bb1" }, "geometry": { "type": "Point", "coordinates": [ 3.8942102, 43.607514 ] } },
{ "type": "Feature", "properties": { "index": "137", "@osmId": "node/3802871028", "name": null, "opening_hours": null, "label": "Benches", "color": "#756bb1" }, "geometry": { "type": "Point", "coordinates": [ 3.894344, 43.6076985 ] } },
{ "type": "Feature", "properties": { "index": "138", "@osmId": "node/3802871043", "name": null, "opening_hours": null, "label": "Benches", "color": "#756bb1" }, "geometry": { "type": "Point", "coordinates": [ 3.89435, 43.6077699 ] } },
{ "type": "Feature", "properties": { "index": "139", "@osmId": "node/3802871768", "name": null, "opening_hours": null, "label": "Benches", "color": "#756bb1" }, "geometry": { "type": "Point", "coordinates": [ 3.896271, 43.6066249 ] } },
{ "type": "Feature", "properties": { "index": "140", "@osmId": "node/3802871782", "name": null, "opening_hours": null, "label": "Benches", "color": "#756bb1" }, "geometry": { "type": "Point", "coordinates": [ 3.8968005, 43.6070159 ] } },
{ "type": "Feature", "properties": { "index": "141", "@osmId": "node/3802871786", "name": null, "opening_hours": null, "label": "Benches", "color": "#756bb1" }, "geometry": { "type": "Point", "coordinates": [ 3.8942617, 43.6081037 ] } },
{ "type": "Feature", "properties": { "index": "142", "@osmId": "node/3802871787", "name": null, "opening_hours": null, "label": "Benches", "color": "#756bb1" }, "geometry": { "type": "Point", "coordinates": [ 3.896942, 43.6081182 ] } },
{ "type": "Feature", "properties": { "index": "143", "@osmId": "node/3802871789", "name": null, "opening_hours": null, "label": "Benches", "color": "#756bb1" }, "geometry": { "type": "Point", "coordinates": [ 3.8942648, 43.6081246 ] } },
{ "type": "Feature", "properties": { "index": "144", "@osmId": "node/3802871793", "name": null, "opening_hours": null, "label": "Benches", "color": "#756bb1" }, "geometry": { "type": "Point", "coordinates": [ 3.8942704, 43.6081595 ] } },
{ "type": "Feature", "properties": { "index": "145", "@osmId": "node/3802871796", "name": null, "opening_hours": null, "label": "Benches", "color": "#756bb1" }, "geometry": { "type": "Point", "coordinates": [ 3.8942735, 43.6081755 ] } },
{ "type": "Feature", "properties": { "index": "146", "@osmId": "node/3802871804", "name": null, "opening_hours": null, "label": "Benches", "color": "#756bb1" }, "geometry": { "type": "Point", "coordinates": [ 3.8969567, 43.6082538 ] } },
{ "type": "Feature", "properties": { "index": "147", "@osmId": "node/3802871807", "name": null, "opening_hours": null, "label": "Benches", "color": "#756bb1" }, "geometry": { "type": "Point", "coordinates": [ 3.8942817, 43.6082679 ] } },
{ "type": "Feature", "properties": { "index": "148", "@osmId": "node/3802871810", "name": null, "opening_hours": null, "label": "Benches", "color": "#756bb1" }, "geometry": { "type": "Point", "coordinates": [ 3.8942847, 43.6082888 ] } },
{ "type": "Feature", "properties": { "index": "149", "@osmId": "node/3804190393", "name": null, "opening_hours": null, "label": "Benches", "color": "#756bb1" }, "geometry": { "type": "Point", "coordinates": [ 3.8960762, 43.6037531 ] } },
{ "type": "Feature", "properties": { "index": "150", "@osmId": "node/3804190472", "name": null, "opening_hours": null, "label": "Benches", "color": "#756bb1" }, "geometry": { "type": "Point", "coordinates": [ 3.89627, 43.6041661 ] } },
{ "type": "Feature", "properties": { "index": "151", "@osmId": "node/3804190476", "name": null, "opening_hours": null, "label": "Benches", "color": "#756bb1" }, "geometry": { "type": "Point", "coordinates": [ 3.8963209, 43.6042684 ] } },
{ "type": "Feature", "properties": { "index": "152", "@osmId": "node/3804190478", "name": null, "opening_hours": null, "label": "Benches", "color": "#756bb1" }, "geometry": { "type": "Point", "coordinates": [ 3.8963189, 43.6043858 ] } },
{ "type": "Feature", "properties": { "index": "153", "@osmId": "node/3808365853", "name": null, "opening_hours": null, "label": "Benches", "color": "#756bb1" }, "geometry": { "type": "Point", "coordinates": [ 3.8965544, 43.6043942 ] } },
{ "type": "Feature", "properties": { "index": "154", "@osmId": "node/3808366455", "name": null, "opening_hours": null, "label": "Benches", "color": "#756bb1" }, "geometry": { "type": "Point", "coordinates": [ 3.896022, 43.6032968 ] } },
{ "type": "Feature", "properties": { "index": "155", "@osmId": "node/3808366456", "name": null, "opening_hours": null, "label": "Benches", "color": "#756bb1" }, "geometry": { "type": "Point", "coordinates": [ 3.89603, 43.6033118 ] } },
{ "type": "Feature", "properties": { "index": "156", "@osmId": "node/3808366775", "name": null, "opening_hours": null, "label": "Benches", "color": "#756bb1" }, "geometry": { "type": "Point", "coordinates": [ 3.8964789, 43.6042607 ] } },
{ "type": "Feature", "properties": { "index": "157", "@osmId": "node/3808366864", "name": null, "opening_hours": null, "label": "Benches", "color": "#756bb1" }, "geometry": { "type": "Point", "coordinates": [ 3.8969072, 43.6047331 ] } },
{ "type": "Feature", "properties": { "index": "158", "@osmId": "node/3808366865", "name": null, "opening_hours": null, "label": "Benches", "color": "#756bb1" }, "geometry": { "type": "Point", "coordinates": [ 3.8967706, 43.6048677 ] } },
{ "type": "Feature", "properties": { "index": "159", "@osmId": "node/3808366867", "name": null, "opening_hours": null, "label": "Benches", "color": "#756bb1" }, "geometry": { "type": "Point", "coordinates": [ 3.8968524, 43.6051842 ] } },
{ "type": "Feature", "properties": { "index": "160", "@osmId": "node/3888003323", "name": null, "opening_hours": null, "label": "Benches", "color": "#756bb1" }, "geometry": { "type": "Point", "coordinates": [ 3.8948188, 43.6048813 ] } },
{ "type": "Feature", "properties": { "index": "161", "@osmId": "node/3973552023", "name": null, "opening_hours": null, "label": "Benches", "color": "#756bb1" }, "geometry": { "type": "Point", "coordinates": [ 3.8818081, 43.6106968 ] } },
{ "type": "Feature", "properties": { "index": "162", "@osmId": "node/3973552024", "name": null, "opening_hours": null, "label": "Benches", "color": "#756bb1" }, "geometry": { "type": "Point", "coordinates": [ 3.8821857, 43.6106576 ] } },
{ "type": "Feature", "properties": { "index": "163", "@osmId": "node/3973552025", "name": null, "opening_hours": null, "label": "Benches", "color": "#756bb1" }, "geometry": { "type": "Point", "coordinates": [ 3.882101, 43.6106732 ] } },
{ "type": "Feature", "properties": { "index": "164", "@osmId": "node/3973552026", "name": null, "opening_hours": null, "label": "Benches", "color": "#756bb1" }, "geometry": { "type": "Point", "coordinates": [ 3.8821241, 43.6107033 ] } },
{ "type": "Feature", "properties": { "index": "165", "@osmId": "node/3973552027", "name": null, "opening_hours": null, "label": "Benches", "color": "#756bb1" }, "geometry": { "type": "Point", "coordinates": [ 3.8821642, 43.6106933 ] } },
{ "type": "Feature", "properties": { "index": "166", "@osmId": "node/4133242902", "name": null, "opening_hours": null, "label": "Benches", "color": "#756bb1" }, "geometry": { "type": "Point", "coordinates": [ 3.8768548, 43.623962 ] } },
{ "type": "Feature", "properties": { "index": "167", "@osmId": "node/4181245791", "name": null, "opening_hours": null, "label": "Benches", "color": "#756bb1" }, "geometry": { "type": "Point", "coordinates": [ 3.8769193, 43.6239612 ] } },
{ "type": "Feature", "properties": { "index": "168", "@osmId": "node/4288352821", "name": null, "opening_hours": null, "label": "Benches", "color": "#756bb1" }, "geometry": { "type": "Point", "coordinates": [ 3.8917659, 43.6078356 ] } },
{ "type": "Feature", "properties": { "index": "169", "@osmId": "node/4298163766", "name": null, "opening_hours": null, "label": "Benches", "color": "#756bb1" }, "geometry": { "type": "Point", "coordinates": [ 3.8735128, 43.6197997 ] } },
{ "type": "Feature", "properties": { "index": "170", "@osmId": "node/4298163767", "name": null, "opening_hours": null, "label": "Benches", "color": "#756bb1" }, "geometry": { "type": "Point", "coordinates": [ 3.8734643, 43.6197131 ] } },
{ "type": "Feature", "properties": { "index": "171", "@osmId": "node/4298163768", "name": null, "opening_hours": null, "label": "Benches", "color": "#756bb1" }, "geometry": { "type": "Point", "coordinates": [ 3.8736116, 43.6196194 ] } },
{ "type": "Feature", "properties": { "index": "172", "@osmId": "node/4298163769", "name": null, "opening_hours": null, "label": "Benches", "color": "#756bb1" }, "geometry": { "type": "Point", "coordinates": [ 3.8736335, 43.6196602 ] } },
{ "type": "Feature", "properties": { "index": "173", "@osmId": "node/4322996562", "name": null, "opening_hours": null, "label": "Benches", "color": "#756bb1" }, "geometry": { "type": "Point", "coordinates": [ 3.8823475, 43.6167506 ] } },
{ "type": "Feature", "properties": { "index": "174", "@osmId": "node/4322996563", "name": null, "opening_hours": null, "label": "Benches", "color": "#756bb1" }, "geometry": { "type": "Point", "coordinates": [ 3.8822928, 43.6166894 ] } },
{ "type": "Feature", "properties": { "index": "175", "@osmId": "node/4489004012", "name": null, "opening_hours": null, "label": "Benches", "color": "#756bb1" }, "geometry": { "type": "Point", "coordinates": [ 3.8815285, 43.610944 ] } },
{ "type": "Feature", "properties": { "index": "176", "@osmId": "node/4489004013", "name": null, "opening_hours": null, "label": "Benches", "color": "#756bb1" }, "geometry": { "type": "Point", "coordinates": [ 3.8815959, 43.6112644 ] } },
{ "type": "Feature", "properties": { "index": "177", "@osmId": "node/4489005138", "name": null, "opening_hours": null, "label": "Benches", "color": "#756bb1" }, "geometry": { "type": "Point", "coordinates": [ 3.8812656, 43.6099524 ] } },
{ "type": "Feature", "properties": { "index": "178", "@osmId": "node/4489005140", "name": null, "opening_hours": null, "label": "Benches", "color": "#756bb1" }, "geometry": { "type": "Point", "coordinates": [ 3.8813011, 43.6100984 ] } },
{ "type": "Feature", "properties": { "index": "179", "@osmId": "node/4489005144", "name": null, "opening_hours": null, "label": "Benches", "color": "#756bb1" }, "geometry": { "type": "Point", "coordinates": [ 3.8813364, 43.610242 ] } },
{ "type": "Feature", "properties": { "index": "180", "@osmId": "node/4489005146", "name": null, "opening_hours": null, "label": "Benches", "color": "#756bb1" }, "geometry": { "type": "Point", "coordinates": [ 3.8813721, 43.6103902 ] } },
{ "type": "Feature", "properties": { "index": "181", "@osmId": "node/4489005156", "name": null, "opening_hours": null, "label": "Benches", "color": "#756bb1" }, "geometry": { "type": "Point", "coordinates": [ 3.8814798, 43.6105018 ] } },
{ "type": "Feature", "properties": { "index": "182", "@osmId": "node/4489005157", "name": null, "opening_hours": null, "label": "Benches", "color": "#756bb1" }, "geometry": { "type": "Point", "coordinates": [ 3.8814603, 43.610428 ] } },
{ "type": "Feature", "properties": { "index": "183", "@osmId": "node/4489005158", "name": null, "opening_hours": null, "label": "Benches", "color": "#756bb1" }, "geometry": { "type": "Point", "coordinates": [ 3.8813992, 43.6104635 ] } },
{ "type": "Feature", "properties": { "index": "184", "@osmId": "node/4489006430", "name": null, "opening_hours": null, "label": "Benches", "color": "#756bb1" }, "geometry": { "type": "Point", "coordinates": [ 3.8818319, 43.6111862 ] } },
{ "type": "Feature", "properties": { "index": "185", "@osmId": "node/4489006431", "name": null, "opening_hours": null, "label": "Benches", "color": "#756bb1" }, "geometry": { "type": "Point", "coordinates": [ 3.8817662, 43.6107915 ] } },
{ "type": "Feature", "properties": { "index": "186", "@osmId": "node/4489006432", "name": null, "opening_hours": null, "label": "Benches", "color": "#756bb1" }, "geometry": { "type": "Point", "coordinates": [ 3.881779, 43.6107551 ] } },
{ "type": "Feature", "properties": { "index": "187", "@osmId": "node/4489006433", "name": null, "opening_hours": null, "label": "Benches", "color": "#756bb1" }, "geometry": { "type": "Point", "coordinates": [ 3.8817991, 43.6107275 ] } },
{ "type": "Feature", "properties": { "index": "188", "@osmId": "node/4489006434", "name": null, "opening_hours": null, "label": "Benches", "color": "#756bb1" }, "geometry": { "type": "Point", "coordinates": [ 3.8817582, 43.6108216 ] } },
{ "type": "Feature", "properties": { "index": "189", "@osmId": "node/4489006435", "name": null, "opening_hours": null, "label": "Benches", "color": "#756bb1" }, "geometry": { "type": "Point", "coordinates": [ 3.8817636, 43.6108416 ] } },
{ "type": "Feature", "properties": { "index": "190", "@osmId": "node/4489006436", "name": null, "opening_hours": null, "label": "Benches", "color": "#756bb1" }, "geometry": { "type": "Point", "coordinates": [ 3.8817622, 43.6108741 ] } },
{ "type": "Feature", "properties": { "index": "191", "@osmId": "node/4489006437", "name": null, "opening_hours": null, "label": "Benches", "color": "#756bb1" }, "geometry": { "type": "Point", "coordinates": [ 3.8817736, 43.6109746 ] } },
{ "type": "Feature", "properties": { "index": "192", "@osmId": "node/4489006438", "name": null, "opening_hours": null, "label": "Benches", "color": "#756bb1" }, "geometry": { "type": "Point", "coordinates": [ 3.8817797, 43.611011 ] } },
{ "type": "Feature", "properties": { "index": "193", "@osmId": "node/4489006439", "name": null, "opening_hours": null, "label": "Benches", "color": "#756bb1" }, "geometry": { "type": "Point", "coordinates": [ 3.8817911, 43.6110789 ] } },
{ "type": "Feature", "properties": { "index": "194", "@osmId": "node/4489006440", "name": null, "opening_hours": null, "label": "Benches", "color": "#756bb1" }, "geometry": { "type": "Point", "coordinates": [ 3.8817971, 43.611113 ] } },
{ "type": "Feature", "properties": { "index": "195", "@osmId": "node/4489006447", "name": null, "opening_hours": null, "label": "Benches", "color": "#756bb1" }, "geometry": { "type": "Point", "coordinates": [ 3.8815191, 43.6109095 ] } },
{ "type": "Feature", "properties": { "index": "196", "@osmId": "node/4489006448", "name": null, "opening_hours": null, "label": "Benches", "color": "#756bb1" }, "geometry": { "type": "Point", "coordinates": [ 3.8815359, 43.6109799 ] } },
{ "type": "Feature", "properties": { "index": "197", "@osmId": "node/4489006853", "name": null, "opening_hours": null, "label": "Benches", "color": "#756bb1" }, "geometry": { "type": "Point", "coordinates": [ 3.8812289, 43.6098063 ] } },
{ "type": "Feature", "properties": { "index": "198", "@osmId": "node/4526013595", "name": null, "opening_hours": null, "label": "Benches", "color": "#756bb1" }, "geometry": { "type": "Point", "coordinates": [ 3.8814309, 43.6106751 ] } },
{ "type": "Feature", "properties": { "index": "199", "@osmId": "node/4526013598", "name": null, "opening_hours": null, "label": "Benches", "color": "#756bb1" }, "geometry": { "type": "Point", "coordinates": [ 3.8815637, 43.6107368 ] } },
{ "type": "Feature", "properties": { "index": "200", "@osmId": "node/4533584900", "name": null, "opening_hours": null, "label": "Benches", "color": "#756bb1" }, "geometry": { "type": "Point", "coordinates": [ 3.8963806, 43.6107469 ] } },
{ "type": "Feature", "properties": { "index": "201", "@osmId": "node/5225984614", "name": null, "opening_hours": null, "label": "Benches", "color": "#756bb1" }, "geometry": { "type": "Point", "coordinates": [ 3.8720859, 43.6066042 ] } },
{ "type": "Feature", "properties": { "index": "202", "@osmId": "node/5225984615", "name": null, "opening_hours": null, "label": "Benches", "color": "#756bb1" }, "geometry": { "type": "Point", "coordinates": [ 3.8720436, 43.6066231 ] } },
{ "type": "Feature", "properties": { "index": "203", "@osmId": "node/5576112489", "name": null, "opening_hours": null, "label": "Benches", "color": "#756bb1" }, "geometry": { "type": "Point", "coordinates": [ 3.8955317, 43.6023429 ] } },
{ "type": "Feature", "properties": { "index": "204", "@osmId": "node/5576112491", "name": null, "opening_hours": null, "label": "Benches", "color": "#756bb1" }, "geometry": { "type": "Point", "coordinates": [ 3.8954848, 43.6021797 ] } },
{ "type": "Feature", "properties": { "index": "205", "@osmId": "node/5576116916", "name": null, "opening_hours": null, "label": "Benches", "color": "#756bb1" }, "geometry": { "type": "Point", "coordinates": [ 3.8959046, 43.6034 ] } },
{ "type": "Feature", "properties": { "index": "206", "@osmId": "node/5576116919", "name": null, "opening_hours": null, "label": "Benches", "color": "#756bb1" }, "geometry": { "type": "Point", "coordinates": [ 3.8958067, 43.6032162 ] } },
{ "type": "Feature", "properties": { "index": "207", "@osmId": "node/5576119921", "name": null, "opening_hours": null, "label": "Benches", "color": "#756bb1" }, "geometry": { "type": "Point", "coordinates": [ 3.895741, 43.6030429 ] } },
{ "type": "Feature", "properties": { "index": "208", "@osmId": "node/5576119923", "name": null, "opening_hours": null, "label": "Benches", "color": "#756bb1" }, "geometry": { "type": "Point", "coordinates": [ 3.8956887, 43.6028685 ] } },
{ "type": "Feature", "properties": { "index": "209", "@osmId": "node/5576119925", "name": null, "opening_hours": null, "label": "Benches", "color": "#756bb1" }, "geometry": { "type": "Point", "coordinates": [ 3.8956387, 43.602701 ] } },
{ "type": "Feature", "properties": { "index": "210", "@osmId": "node/5576119927", "name": null, "opening_hours": null, "label": "Benches", "color": "#756bb1" }, "geometry": { "type": "Point", "coordinates": [ 3.8955797, 43.6025146 ] } },
{ "type": "Feature", "properties": { "index": "211", "@osmId": "node/5576120234", "name": null, "opening_hours": null, "label": "Benches", "color": "#756bb1" }, "geometry": { "type": "Point", "coordinates": [ 3.8954285, 43.6019909 ] } },
{ "type": "Feature", "properties": { "index": "212", "@osmId": "node/5576120289", "name": null, "opening_hours": null, "label": "Benches", "color": "#756bb1" }, "geometry": { "type": "Point", "coordinates": [ 3.8954221, 43.6010823 ] } },
{ "type": "Feature", "properties": { "index": "213", "@osmId": "node/5576120291", "name": null, "opening_hours": null, "label": "Benches", "color": "#756bb1" }, "geometry": { "type": "Point", "coordinates": [ 3.8955276, 43.6009098 ] } },
{ "type": "Feature", "properties": { "index": "214", "@osmId": "node/5576120294", "name": null, "opening_hours": null, "label": "Benches", "color": "#756bb1" }, "geometry": { "type": "Point", "coordinates": [ 3.8958047, 43.6006191 ] } },
{ "type": "Feature", "properties": { "index": "215", "@osmId": "node/5576120295", "name": null, "opening_hours": null, "label": "Benches", "color": "#756bb1" }, "geometry": { "type": "Point", "coordinates": [ 3.8959555, 43.6004841 ] } },
{ "type": "Feature", "properties": { "index": "216", "@osmId": "node/5743345610", "name": null, "opening_hours": null, "label": "Benches", "color": "#756bb1" }, "geometry": { "type": "Point", "coordinates": [ 3.8896365, 43.6084958 ] } },
{ "type": "Feature", "properties": { "index": "217", "@osmId": "node/5743345611", "name": null, "opening_hours": null, "label": "Benches", "color": "#756bb1" }, "geometry": { "type": "Point", "coordinates": [ 3.8897033, 43.6084924 ] } },
{ "type": "Feature", "properties": { "index": "218", "@osmId": "node/5818030035", "name": null, "opening_hours": null, "label": "Benches", "color": "#756bb1" }, "geometry": { "type": "Point", "coordinates": [ 3.8998845, 43.600057 ] } },
{ "type": "Feature", "properties": { "index": "219", "@osmId": "node/5818030036", "name": null, "opening_hours": null, "label": "Benches", "color": "#756bb1" }, "geometry": { "type": "Point", "coordinates": [ 3.8999327, 43.6000686 ] } },
{ "type": "Feature", "properties": { "index": "220", "@osmId": "node/5822500665", "name": null, "opening_hours": null, "label": "Benches", "color": "#756bb1" }, "geometry": { "type": "Point", "coordinates": [ 3.882672, 43.6110293 ] } },
{ "type": "Feature", "properties": { "index": "221", "@osmId": "node/5822500666", "name": null, "opening_hours": null, "label": "Benches", "color": "#756bb1" }, "geometry": { "type": "Point", "coordinates": [ 3.882672, 43.6112206 ] } },
{ "type": "Feature", "properties": { "index": "222", "@osmId": "node/5822500667", "name": null, "opening_hours": null, "label": "Benches", "color": "#756bb1" }, "geometry": { "type": "Point", "coordinates": [ 3.8826022, 43.6107419 ] } },
{ "type": "Feature", "properties": { "index": "223", "@osmId": "node/6135921386", "name": null, "opening_hours": null, "label": "Benches", "color": "#756bb1" }, "geometry": { "type": "Point", "coordinates": [ 3.8759668, 43.6088779 ] } },
{ "type": "Feature", "properties": { "index": "224", "@osmId": "node/6234949480", "name": null, "opening_hours": null, "label": "Benches", "color": "#756bb1" }, "geometry": { "type": "Point", "coordinates": [ 3.8872846, 43.6205286 ] } },
{ "type": "Feature", "properties": { "index": "225", "@osmId": "node/6650014452", "name": null, "opening_hours": null, "label": "Benches", "color": "#756bb1" }, "geometry": { "type": "Point", "coordinates": [ 3.8949843, 43.6177355 ] } },
{ "type": "Feature", "properties": { "index": "226", "@osmId": "node/6650014459", "name": null, "opening_hours": null, "label": "Benches", "color": "#756bb1" }, "geometry": { "type": "Point", "coordinates": [ 3.8936251, 43.6175721 ] } },
{ "type": "Feature", "properties": { "index": "227", "@osmId": "node/6843951471", "name": null, "opening_hours": null, "label": "Benches", "color": "#756bb1" }, "geometry": { "type": "Point", "coordinates": [ 3.8681524, 43.62268 ] } },
{ "type": "Feature", "properties": { "index": "228", "@osmId": "node/6867443053", "name": null, "opening_hours": null, "label": "Benches", "color": "#756bb1" }, "geometry": { "type": "Point", "coordinates": [ 3.8818992, 43.6141892 ] } },
{ "type": "Feature", "properties": { "index": "229", "@osmId": "node/6871448891", "name": null, "opening_hours": null, "label": "Benches", "color": "#756bb1" }, "geometry": { "type": "Point", "coordinates": [ 3.8816788, 43.6142403 ] } },
{ "type": "Feature", "properties": { "index": "230", "@osmId": "node/6871448892", "name": null, "opening_hours": null, "label": "Benches", "color": "#756bb1" }, "geometry": { "type": "Point", "coordinates": [ 3.8816855, 43.6142306 ] } },
{ "type": "Feature", "properties": { "index": "231", "@osmId": "node/6871448897", "name": null, "opening_hours": null, "label": "Benches", "color": "#756bb1" }, "geometry": { "type": "Point", "coordinates": [ 3.8819521, 43.6143427 ] } },
{ "type": "Feature", "properties": { "index": "232", "@osmId": "node/6871448898", "name": null, "opening_hours": null, "label": "Benches", "color": "#756bb1" }, "geometry": { "type": "Point", "coordinates": [ 3.8819561, 43.6143362 ] } },
{ "type": "Feature", "properties": { "index": "233", "@osmId": "node/7398605340", "name": null, "opening_hours": null, "label": "Benches", "color": "#756bb1" }, "geometry": { "type": "Point", "coordinates": [ 3.9049825, 43.6019777 ] } },
{ "type": "Feature", "properties": { "index": "234", "@osmId": "node/7398605342", "name": null, "opening_hours": null, "label": "Benches", "color": "#756bb1" }, "geometry": { "type": "Point", "coordinates": [ 3.9047961, 43.60197 ] } },
{ "type": "Feature", "properties": { "index": "235", "@osmId": "node/7398605345", "name": null, "opening_hours": null, "label": "Benches", "color": "#756bb1" }, "geometry": { "type": "Point", "coordinates": [ 3.904501, 43.6018933 ] } },
{ "type": "Feature", "properties": { "index": "236", "@osmId": "node/7398605349", "name": null, "opening_hours": null, "label": "Benches", "color": "#756bb1" }, "geometry": { "type": "Point", "coordinates": [ 3.90432, 43.6018797 ] } },
{ "type": "Feature", "properties": { "index": "237", "@osmId": "node/7398605350", "name": null, "opening_hours": null, "label": "Benches", "color": "#756bb1" }, "geometry": { "type": "Point", "coordinates": [ 3.9041376, 43.6018379 ] } },
{ "type": "Feature", "properties": { "index": "238", "@osmId": "node/7398605353", "name": null, "opening_hours": null, "label": "Benches", "color": "#756bb1" }, "geometry": { "type": "Point", "coordinates": [ 3.9038587, 43.6017689 ] } },
{ "type": "Feature", "properties": { "index": "239", "@osmId": "node/7398613190", "name": null, "opening_hours": null, "label": "Benches", "color": "#756bb1" }, "geometry": { "type": "Point", "coordinates": [ 3.9029541, 43.6011833 ] } },
{ "type": "Feature", "properties": { "index": "240", "@osmId": "node/7398613191", "name": null, "opening_hours": null, "label": "Benches", "color": "#756bb1" }, "geometry": { "type": "Point", "coordinates": [ 3.9029232, 43.6011751 ] } },
{ "type": "Feature", "properties": { "index": "241", "@osmId": "node/7398613192", "name": null, "opening_hours": null, "label": "Benches", "color": "#756bb1" }, "geometry": { "type": "Point", "coordinates": [ 3.903577, 43.6013144 ] } },
{ "type": "Feature", "properties": { "index": "242", "@osmId": "node/7398613218", "name": null, "opening_hours": null, "label": "Benches", "color": "#756bb1" }, "geometry": { "type": "Point", "coordinates": [ 3.9031465, 43.6008143 ] } },
{ "type": "Feature", "properties": { "index": "243", "@osmId": "node/7398613219", "name": null, "opening_hours": null, "label": "Benches", "color": "#756bb1" }, "geometry": { "type": "Point", "coordinates": [ 3.9031117, 43.6008065 ] } },
{ "type": "Feature", "properties": { "index": "244", "@osmId": "node/7398613220", "name": null, "opening_hours": null, "label": "Benches", "color": "#756bb1" }, "geometry": { "type": "Point", "coordinates": [ 3.9037353, 43.6009221 ] } },
{ "type": "Feature", "properties": { "index": "245", "@osmId": "node/7398613221", "name": null, "opening_hours": null, "label": "Benches", "color": "#756bb1" }, "geometry": { "type": "Point", "coordinates": [ 3.903695, 43.6009143 ] } },
{ "type": "Feature", "properties": { "index": "246", "@osmId": "node/7460674531", "name": null, "opening_hours": null, "label": "Benches", "color": "#756bb1" }, "geometry": { "type": "Point", "coordinates": [ 3.8870784, 43.6149382 ] } },
{ "type": "Feature", "properties": { "index": "247", "@osmId": "node/7460676238", "name": null, "opening_hours": null, "label": "Benches", "color": "#756bb1" }, "geometry": { "type": "Point", "coordinates": [ 3.8926005, 43.6168206 ] } },
{ "type": "Feature", "properties": { "index": "248", "@osmId": "node/7460676239", "name": null, "opening_hours": null, "label": "Benches", "color": "#756bb1" }, "geometry": { "type": "Point", "coordinates": [ 3.8923551, 43.6158176 ] } },
{ "type": "Feature", "properties": { "index": "249", "@osmId": "node/7460676240", "name": null, "opening_hours": null, "label": "Benches", "color": "#756bb1" }, "geometry": { "type": "Point", "coordinates": [ 3.8924945, 43.6148486 ] } },
{ "type": "Feature", "properties": { "index": "250", "@osmId": "node/7460676241", "name": null, "opening_hours": null, "label": "Benches", "color": "#756bb1" }, "geometry": { "type": "Point", "coordinates": [ 3.8924664, 43.6148603 ] } },
{ "type": "Feature", "properties": { "index": "251", "@osmId": "node/7466456585", "name": null, "opening_hours": null, "label": "Benches", "color": "#756bb1" }, "geometry": { "type": "Point", "coordinates": [ 3.8938503, 43.6190649 ] } },
{ "type": "Feature", "properties": { "index": "252", "@osmId": "node/7466456586", "name": null, "opening_hours": null, "label": "Benches", "color": "#756bb1" }, "geometry": { "type": "Point", "coordinates": [ 3.8937525, 43.6189065 ] } },
{ "type": "Feature", "properties": { "index": "253", "@osmId": "node/7466456587", "name": null, "opening_hours": null, "label": "Benches", "color": "#756bb1" }, "geometry": { "type": "Point", "coordinates": [ 3.8937473, 43.6188793 ] } },
{ "type": "Feature", "properties": { "index": "254", "@osmId": "node/7500576685", "name": null, "opening_hours": null, "label": "Benches", "color": "#756bb1" }, "geometry": { "type": "Point", "coordinates": [ 3.8899714, 43.6177186 ] } },
{ "type": "Feature", "properties": { "index": "255", "@osmId": "node/7501562987", "name": null, "opening_hours": null, "label": "Benches", "color": "#756bb1" }, "geometry": { "type": "Point", "coordinates": [ 3.8983889, 43.6187161 ] } },
{ "type": "Feature", "properties": { "index": "256", "@osmId": "node/7501563086", "name": null, "opening_hours": null, "label": "Benches", "color": "#756bb1" }, "geometry": { "type": "Point", "coordinates": [ 3.8983009, 43.6186347 ] } },
{ "type": "Feature", "properties": { "index": "257", "@osmId": "node/7537459220", "name": null, "opening_hours": null, "label": "Benches", "color": "#756bb1" }, "geometry": { "type": "Point", "coordinates": [ 3.886661, 43.6174496 ] } },
{ "type": "Feature", "properties": { "index": "258", "@osmId": "node/7896451186", "name": null, "opening_hours": null, "label": "Benches", "color": "#756bb1" }, "geometry": { "type": "Point", "coordinates": [ 3.8726551, 43.6129805 ] } },
{ "type": "Feature", "properties": { "index": "259", "@osmId": "node/7896477085", "name": null, "opening_hours": null, "label": "Benches", "color": "#756bb1" }, "geometry": { "type": "Point", "coordinates": [ 3.8749237, 43.6121592 ] } },
{ "type": "Feature", "properties": { "index": "260", "@osmId": "node/7896477086", "name": null, "opening_hours": null, "label": "Benches", "color": "#756bb1" }, "geometry": { "type": "Point", "coordinates": [ 3.8748937, 43.6121814 ] } },
{ "type": "Feature", "properties": { "index": "261", "@osmId": "node/7896477385", "name": null, "opening_hours": null, "label": "Benches", "color": "#756bb1" }, "geometry": { "type": "Point", "coordinates": [ 3.8747998, 43.6121892 ] } },
{ "type": "Feature", "properties": { "index": "262", "@osmId": "node/7896477386", "name": null, "opening_hours": null, "label": "Benches", "color": "#756bb1" }, "geometry": { "type": "Point", "coordinates": [ 3.8741364, 43.6115807 ] } },
{ "type": "Feature", "properties": { "index": "263", "@osmId": "node/7896477785", "name": null, "opening_hours": null, "label": "Benches", "color": "#756bb1" }, "geometry": { "type": "Point", "coordinates": [ 3.8741177, 43.611553 ] } },
{ "type": "Feature", "properties": { "index": "264", "@osmId": "node/8894752053", "name": null, "opening_hours": null, "label": "Benches", "color": "#756bb1" }, "geometry": { "type": "Point", "coordinates": [ 3.8761196, 43.6085926 ] } },
{ "type": "Feature", "properties": { "index": "265", "@osmId": "node/9685253668", "name": null, "opening_hours": null, "label": "Benches", "color": "#756bb1" }, "geometry": { "type": "Point", "coordinates": [ 3.873044, 43.6141046 ] } },
{ "type": "Feature", "properties": { "index": "266", "@osmId": "node/9775083022", "name": null, "opening_hours": null, "label": "Benches", "color": "#756bb1" }, "geometry": { "type": "Point", "coordinates": [ 3.8844911, 43.6085199 ] } },
{ "type": "Feature", "properties": { "index": "267", "@osmId": "node/9926739887", "name": null, "opening_hours": null, "label": "Benches", "color": "#756bb1" }, "geometry": { "type": "Point", "coordinates": [ 3.8675694, 43.6002297 ] } },
{ "type": "Feature", "properties": { "index": "268", "@osmId": "node/9926739888", "name": null, "opening_hours": null, "label": "Benches", "color": "#756bb1" }, "geometry": { "type": "Point", "coordinates": [ 3.8676036, 43.6002391 ] } },
{ "type": "Feature", "properties": { "index": "269", "@osmId": "node/9926739889", "name": null, "opening_hours": null, "label": "Benches", "color": "#756bb1" }, "geometry": { "type": "Point", "coordinates": [ 3.8676267, 43.6002558 ] } },
{ "type": "Feature", "properties": { "index": "270", "@osmId": "node/9926781309", "name": null, "opening_hours": null, "label": "Benches", "color": "#756bb1" }, "geometry": { "type": "Point", "coordinates": [ 3.8918614, 43.617762 ] } },
{ "type": "Feature", "properties": { "index": "271", "@osmId": "node/9927002923", "name": null, "opening_hours": null, "label": "Benches", "color": "#756bb1" }, "geometry": { "type": "Point", "coordinates": [ 3.8915637, 43.6056117 ] } },
{ "type": "Feature", "properties": { "index": "272", "@osmId": "node/9927013857", "name": null, "opening_hours": null, "label": "Benches", "color": "#756bb1" }, "geometry": { "type": "Point", "coordinates": [ 3.9037895, 43.6233171 ] } },
{ "type": "Feature", "properties": { "index": "273", "@osmId": "node/9927013858", "name": null, "opening_hours": null, "label": "Benches", "color": "#756bb1" }, "geometry": { "type": "Point", "coordinates": [ 3.9038364, 43.623356 ] } },
{ "type": "Feature", "properties": { "index": "274", "@osmId": "node/9927041120", "name": null, "opening_hours": null, "label": "Benches", "color": "#756bb1" }, "geometry": { "type": "Point", "coordinates": [ 3.8919758, 43.6054735 ] } },
{ "type": "Feature", "properties": { "index": "275", "@osmId": "node/9927068618", "name": null, "opening_hours": null, "label": "Benches", "color": "#756bb1" }, "geometry": { "type": "Point", "coordinates": [ 3.8917703, 43.6054233 ] } },
{ "type": "Feature", "properties": { "index": "276", "@osmId": "node/9927071217", "name": null, "opening_hours": null, "label": "Benches", "color": "#756bb1" }, "geometry": { "type": "Point", "coordinates": [ 3.8917658, 43.6055462 ] } },
{ "type": "Feature", "properties": { "index": "277", "@osmId": "node/9927079917", "name": null, "opening_hours": null, "label": "Benches", "color": "#756bb1" }, "geometry": { "type": "Point", "coordinates": [ 3.8919664, 43.6053652 ] } },
{ "type": "Feature", "properties": { "index": "278", "@osmId": "node/9927081717", "name": null, "opening_hours": null, "label": "Benches", "color": "#756bb1" }, "geometry": { "type": "Point", "coordinates": [ 3.8915202, 43.6055158 ] } },
{ "type": "Feature", "properties": { "index": "279", "@osmId": "node/9929493418", "name": null, "opening_hours": null, "label": "Benches", "color": "#756bb1" }, "geometry": { "type": "Point", "coordinates": [ 3.8756882, 43.6150342 ] } },
{ "type": "Feature", "properties": { "index": "280", "@osmId": "node/9929507117", "name": null, "opening_hours": null, "label": "Benches", "color": "#756bb1" }, "geometry": { "type": "Point", "coordinates": [ 3.8754447, 43.6138977 ] } },
{ "type": "Feature", "properties": { "index": "281", "@osmId": "node/9929507217", "name": null, "opening_hours": null, "label": "Benches", "color": "#756bb1" }, "geometry": { "type": "Point", "coordinates": [ 3.8754314, 43.6138175 ] } },
{ "type": "Feature", "properties": { "index": "282", "@osmId": "node/9929524717", "name": null, "opening_hours": null, "label": "Benches", "color": "#756bb1" }, "geometry": { "type": "Point", "coordinates": [ 3.8756632, 43.6149675 ] } },
{ "type": "Feature", "properties": { "index": "283", "@osmId": "node/9929524817", "name": null, "opening_hours": null, "label": "Benches", "color": "#756bb1" }, "geometry": { "type": "Point", "coordinates": [ 3.875754, 43.615016 ] } },
{ "type": "Feature", "properties": { "index": "284", "@osmId": "node/9931204918", "name": null, "opening_hours": null, "label": "Benches", "color": "#756bb1" }, "geometry": { "type": "Point", "coordinates": [ 3.8734405, 43.6196923 ] } },
{ "type": "Feature", "properties": { "index": "285", "@osmId": "node/9931204919", "name": null, "opening_hours": null, "label": "Benches", "color": "#756bb1" }, "geometry": { "type": "Point", "coordinates": [ 3.873456, 43.6197875 ] } },
{ "type": "Feature", "properties": { "index": "286", "@osmId": "node/9931218117", "name": null, "opening_hours": null, "label": "Benches", "color": "#756bb1" }, "geometry": { "type": "Point", "coordinates": [ 3.873433, 43.619685 ] } },
{ "type": "Feature", "properties": { "index": "287", "@osmId": "node/9931218118", "name": null, "opening_hours": null, "label": "Benches", "color": "#756bb1" }, "geometry": { "type": "Point", "coordinates": [ 3.8734438, 43.619778 ] } },
{ "type": "Feature", "properties": { "index": "288", "@osmId": "node/9931233618", "name": null, "opening_hours": null, "label": "Benches", "color": "#756bb1" }, "geometry": { "type": "Point", "coordinates": [ 3.8833784, 43.6193684 ] } },
{ "type": "Feature", "properties": { "index": "289", "@osmId": "node/9931253817", "name": null, "opening_hours": null, "label": "Benches", "color": "#756bb1" }, "geometry": { "type": "Point", "coordinates": [ 3.8833462, 43.6193381 ] } },
{ "type": "Feature", "properties": { "index": "290", "@osmId": "node/9933651318", "name": null, "opening_hours": null, "label": "Benches", "color": "#756bb1" }, "geometry": { "type": "Point", "coordinates": [ 3.8720543, 43.6066166 ] } },
{ "type": "Feature", "properties": { "index": "291", "@osmId": "node/9933664218", "name": null, "opening_hours": null, "label": "Benches", "color": "#756bb1" }, "geometry": { "type": "Point", "coordinates": [ 3.8713525, 43.6069647 ] } },
{ "type": "Feature", "properties": { "index": "292", "@osmId": "node/9933664317", "name": null, "opening_hours": null, "label": "Benches", "color": "#756bb1" }, "geometry": { "type": "Point", "coordinates": [ 3.8720839, 43.6066058 ] } },
{ "type": "Feature", "properties": { "index": "293", "@osmId": "node/9933664417", "name": null, "opening_hours": null, "label": "Benches", "color": "#756bb1" }, "geometry": { "type": "Point", "coordinates": [ 3.8717635, 43.6067458 ] } },
{ "type": "Feature", "properties": { "index": "294", "@osmId": "node/9933664517", "name": null, "opening_hours": null, "label": "Benches", "color": "#756bb1" }, "geometry": { "type": "Point", "coordinates": [ 3.8714673, 43.606895 ] } },
{ "type": "Feature", "properties": { "index": "295", "@osmId": "node/9933664617", "name": null, "opening_hours": null, "label": "Benches", "color": "#756bb1" }, "geometry": { "type": "Point", "coordinates": [ 3.871273, 43.6070158 ] } },
{ "type": "Feature", "properties": { "index": "296", "@osmId": "node/9933673718", "name": null, "opening_hours": null, "label": "Benches", "color": "#756bb1" }, "geometry": { "type": "Point", "coordinates": [ 3.8693113, 43.6080096 ] } },
{ "type": "Feature", "properties": { "index": "297", "@osmId": "node/9933673817", "name": null, "opening_hours": null, "label": "Benches", "color": "#756bb1" }, "geometry": { "type": "Point", "coordinates": [ 3.8705413, 43.6073646 ] } },
{ "type": "Feature", "properties": { "index": "298", "@osmId": "node/9933673818", "name": null, "opening_hours": null, "label": "Benches", "color": "#756bb1" }, "geometry": { "type": "Point", "coordinates": [ 3.8707643, 43.6072658 ] } },
{ "type": "Feature", "properties": { "index": "299", "@osmId": "node/9933673917", "name": null, "opening_hours": null, "label": "Benches", "color": "#756bb1" }, "geometry": { "type": "Point", "coordinates": [ 3.8706168, 43.6073271 ] } },
{ "type": "Feature", "properties": { "index": "300", "@osmId": "node/9933674017", "name": null, "opening_hours": null, "label": "Benches", "color": "#756bb1" }, "geometry": { "type": "Point", "coordinates": [ 3.8706066, 43.6073347 ] } },
{ "type": "Feature", "properties": { "index": "301", "@osmId": "node/9933674618", "name": null, "opening_hours": null, "label": "Benches", "color": "#756bb1" }, "geometry": { "type": "Point", "coordinates": [ 3.8692075, 43.6080637 ] } },
{ "type": "Feature", "properties": { "index": "302", "@osmId": "node/9933681717", "name": null, "opening_hours": null, "label": "Benches", "color": "#756bb1" }, "geometry": { "type": "Point", "coordinates": [ 3.8689459, 43.6081836 ] } },
{ "type": "Feature", "properties": { "index": "303", "@osmId": "node/9933681817", "name": null, "opening_hours": null, "label": "Benches", "color": "#756bb1" }, "geometry": { "type": "Point", "coordinates": [ 3.8690631, 43.6081374 ] } },
{ "type": "Feature", "properties": { "index": "304", "@osmId": "node/9933681917", "name": null, "opening_hours": null, "label": "Benches", "color": "#756bb1" }, "geometry": { "type": "Point", "coordinates": [ 3.8691839, 43.608074 ] } },
{ "type": "Feature", "properties": { "index": "305", "@osmId": "node/9933681918", "name": null, "opening_hours": null, "label": "Benches", "color": "#756bb1" }, "geometry": { "type": "Point", "coordinates": [ 3.8692735, 43.6080288 ] } },
{ "type": "Feature", "properties": { "index": "306", "@osmId": "node/9933681919", "name": null, "opening_hours": null, "label": "Benches", "color": "#756bb1" }, "geometry": { "type": "Point", "coordinates": [ 3.8692926, 43.6080188 ] } },
{ "type": "Feature", "properties": { "index": "307", "@osmId": "node/9933697817", "name": null, "opening_hours": null, "label": "Benches", "color": "#756bb1" }, "geometry": { "type": "Point", "coordinates": [ 3.8684893, 43.6086985 ] } },
{ "type": "Feature", "properties": { "index": "308", "@osmId": "node/9941973517", "name": null, "opening_hours": null, "label": "Benches", "color": "#756bb1" }, "geometry": { "type": "Point", "coordinates": [ 3.8714609, 43.6067243 ] } },
{ "type": "Feature", "properties": { "index": "309", "@osmId": "node/9941985417", "name": null, "opening_hours": null, "label": "Benches", "color": "#756bb1" }, "geometry": { "type": "Point", "coordinates": [ 3.8704167, 43.6074257 ] } },
{ "type": "Feature", "properties": { "index": "310", "@osmId": "node/9988792617", "name": null, "opening_hours": null, "label": "Benches", "color": "#756bb1" }, "geometry": { "type": "Point", "coordinates": [ 3.8898441, 43.611802 ] } },
{ "type": "Feature", "properties": { "index": "311", "@osmId": "node/10018192917", "name": null, "opening_hours": null, "label": "Benches", "color": "#756bb1" }, "geometry": { "type": "Point", "coordinates": [ 3.8928861, 43.6069214 ] } },
{ "type": "Feature", "properties": { "index": "312", "@osmId": "node/10018192918", "name": null, "opening_hours": null, "label": "Benches", "color": "#756bb1" }, "geometry": { "type": "Point", "coordinates": [ 3.8934332, 43.606816 ] } },
{ "type": "Feature", "properties": { "index": "313", "@osmId": "node/10018192919", "name": null, "opening_hours": null, "label": "Benches", "color": "#756bb1" }, "geometry": { "type": "Point", "coordinates": [ 3.8916322, 43.6069652 ] } },
{ "type": "Feature", "properties": { "index": "314", "@osmId": "node/10018193017", "name": null, "opening_hours": null, "label": "Benches", "color": "#756bb1" }, "geometry": { "type": "Point", "coordinates": [ 3.8918349, 43.6069884 ] } },
{ "type": "Feature", "properties": { "index": "315", "@osmId": "node/10018193117", "name": null, "opening_hours": null, "label": "Benches", "color": "#756bb1" }, "geometry": { "type": "Point", "coordinates": [ 3.8914802, 43.6070049 ] } },
{ "type": "Feature", "properties": { "index": "316", "@osmId": "node/10026578317", "name": null, "opening_hours": null, "label": "Benches", "color": "#756bb1" }, "geometry": { "type": "Point", "coordinates": [ 3.8849018, 43.6073156 ] } },
{ "type": "Feature", "properties": { "index": "317", "@osmId": "node/10038819017", "name": null, "opening_hours": null, "label": "Benches", "color": "#756bb1" }, "geometry": { "type": "Point", "coordinates": [ 3.870279, 43.6073283 ] } },
{ "type": "Feature", "properties": { "index": "318", "@osmId": "node/10058164243", "name": null, "opening_hours": null, "label": "Benches", "color": "#756bb1" }, "geometry": { "type": "Point", "coordinates": [ 3.8876665, 43.6104187 ] } },
{ "type": "Feature", "properties": { "index": "319", "@osmId": "node/10058164244", "name": null, "opening_hours": null, "label": "Benches", "color": "#756bb1" }, "geometry": { "type": "Point", "coordinates": [ 3.8877676, 43.6104136 ] } },
{ "type": "Feature", "properties": { "index": "320", "@osmId": "node/10074783797", "name": null, "opening_hours": null, "label": "Benches", "color": "#756bb1" }, "geometry": { "type": "Point", "coordinates": [ 3.8798901, 43.6056348 ] } },
{ "type": "Feature", "properties": { "index": "321", "@osmId": "node/10074783799", "name": null, "opening_hours": null, "label": "Benches", "color": "#756bb1" }, "geometry": { "type": "Point", "coordinates": [ 3.8801021, 43.605583 ] } },
{ "type": "Feature", "properties": { "index": "322", "@osmId": "node/10074783803", "name": null, "opening_hours": null, "label": "Benches", "color": "#756bb1" }, "geometry": { "type": "Point", "coordinates": [ 3.8801673, 43.6053966 ] } },
{ "type": "Feature", "properties": { "index": "323", "@osmId": "node/10074783804", "name": null, "opening_hours": null, "label": "Benches", "color": "#756bb1" }, "geometry": { "type": "Point", "coordinates": [ 3.8801635, 43.6054112 ] } },
{ "type": "Feature", "properties": { "index": "324", "@osmId": "node/10074783805", "name": null, "opening_hours": null, "label": "Benches", "color": "#756bb1" }, "geometry": { "type": "Point", "coordinates": [ 3.8798578, 43.6056371 ] } },
{ "type": "Feature", "properties": { "index": "325", "@osmId": "node/10079453317", "name": null, "opening_hours": null, "label": "Benches", "color": "#756bb1" }, "geometry": { "type": "Point", "coordinates": [ 3.8887801, 43.6241315 ] } },
{ "type": "Feature", "properties": { "index": "326", "@osmId": "node/10079453318", "name": null, "opening_hours": null, "label": "Benches", "color": "#756bb1" }, "geometry": { "type": "Point", "coordinates": [ 3.8889148, 43.6241008 ] } },
{ "type": "Feature", "properties": { "index": "327", "@osmId": "node/10079453518", "name": null, "opening_hours": null, "label": "Benches", "color": "#756bb1" }, "geometry": { "type": "Point", "coordinates": [ 3.8883222, 43.6050264 ] } },
{ "type": "Feature", "properties": { "index": "328", "@osmId": "node/10079453617", "name": null, "opening_hours": null, "label": "Benches", "color": "#756bb1" }, "geometry": { "type": "Point", "coordinates": [ 3.8883335, 43.6050038 ] } },
{ "type": "Feature", "properties": { "index": "329", "@osmId": "node/10095699217", "name": null, "opening_hours": null, "label": "Benches", "color": "#756bb1" }, "geometry": { "type": "Point", "coordinates": [ 3.8781289, 43.6009451 ] } },
{ "type": "Feature", "properties": { "index": "330", "@osmId": "node/10262989509", "name": null, "opening_hours": null, "label": "Benches", "color": "#756bb1" }, "geometry": { "type": "Point", "coordinates": [ 3.8700163, 43.6219893 ] } },
{ "type": "Feature", "properties": { "index": "331", "@osmId": "node/10276045922", "name": null, "opening_hours": null, "label": "Benches", "color": "#756bb1" }, "geometry": { "type": "Point", "coordinates": [ 3.8909839, 43.6110699 ] } },
{ "type": "Feature", "properties": { "index": "332", "@osmId": "node/10276045923", "name": null, "opening_hours": null, "label": "Benches", "color": "#756bb1" }, "geometry": { "type": "Point", "coordinates": [ 3.89104, 43.6110615 ] } },
{ "type": "Feature", "properties": { "index": "333", "@osmId": "node/10276045924", "name": null, "opening_hours": null, "label": "Benches", "color": "#756bb1" }, "geometry": { "type": "Point", "coordinates": [ 3.8907925, 43.6110573 ] } },
{ "type": "Feature", "properties": { "index": "334", "@osmId": "node/10276045925", "name": null, "opening_hours": null, "label": "Benches", "color": "#756bb1" }, "geometry": { "type": "Point", "coordinates": [ 3.8912658, 43.6109815 ] } },
{ "type": "Feature", "properties": { "index": "335", "@osmId": "node/10276045926", "name": null, "opening_hours": null, "label": "Benches", "color": "#756bb1" }, "geometry": { "type": "Point", "coordinates": [ 3.8913197, 43.6109502 ] } },
{ "type": "Feature", "properties": { "index": "336", "@osmId": "node/10276045927", "name": null, "opening_hours": null, "label": "Benches", "color": "#756bb1" }, "geometry": { "type": "Point", "coordinates": [ 3.8909284, 43.6110265 ] } },
{ "type": "Feature", "properties": { "index": "337", "@osmId": "node/10276045928", "name": null, "opening_hours": null, "label": "Benches", "color": "#756bb1" }, "geometry": { "type": "Point", "coordinates": [ 3.891299, 43.6110506 ] } },
{ "type": "Feature", "properties": { "index": "338", "@osmId": "node/10276045929", "name": null, "opening_hours": null, "label": "Benches", "color": "#756bb1" }, "geometry": { "type": "Point", "coordinates": [ 3.892121, 43.6110041 ] } },
{ "type": "Feature", "properties": { "index": "339", "@osmId": "node/10276045930", "name": null, "opening_hours": null, "label": "Benches", "color": "#756bb1" }, "geometry": { "type": "Point", "coordinates": [ 3.8922444, 43.6110157 ] } },
{ "type": "Feature", "properties": { "index": "340", "@osmId": "node/10276045931", "name": null, "opening_hours": null, "label": "Benches", "color": "#756bb1" }, "geometry": { "type": "Point", "coordinates": [ 3.8923657, 43.6110273 ] } },
{ "type": "Feature", "properties": { "index": "341", "@osmId": "node/10276045932", "name": null, "opening_hours": null, "label": "Benches", "color": "#756bb1" }, "geometry": { "type": "Point", "coordinates": [ 3.8924751, 43.6110343 ] } },
{ "type": "Feature", "properties": { "index": "342", "@osmId": "node/10276045933", "name": null, "opening_hours": null, "label": "Benches", "color": "#756bb1" }, "geometry": { "type": "Point", "coordinates": [ 3.8925985, 43.6110409 ] } },
{ "type": "Feature", "properties": { "index": "343", "@osmId": "node/10305113210", "name": null, "opening_hours": null, "label": "Benches", "color": "#756bb1" }, "geometry": { "type": "Point", "coordinates": [ 3.8847137, 43.6029488 ] } },
{ "type": "Feature", "properties": { "index": "344", "@osmId": "node/10305113211", "name": null, "opening_hours": null, "label": "Benches", "color": "#756bb1" }, "geometry": { "type": "Point", "coordinates": [ 3.8847636, 43.6030062 ] } },
{ "type": "Feature", "properties": { "index": "345", "@osmId": "node/10305180409", "name": null, "opening_hours": null, "label": "Benches", "color": "#756bb1" }, "geometry": { "type": "Point", "coordinates": [ 3.8878474, 43.6036453 ] } },
{ "type": "Feature", "properties": { "index": "346", "@osmId": "node/10539703022", "name": null, "opening_hours": null, "label": "Benches", "color": "#756bb1" }, "geometry": { "type": "Point", "coordinates": [ 3.8914447, 43.6086724 ] } },
{ "type": "Feature", "properties": { "index": "347", "@osmId": "node/10539703023", "name": null, "opening_hours": null, "label": "Benches", "color": "#756bb1" }, "geometry": { "type": "Point", "coordinates": [ 3.8917831, 43.6086499 ] } },
{ "type": "Feature", "properties": { "index": "348", "@osmId": "node/10576430180", "name": null, "opening_hours": null, "label": "Benches", "color": "#756bb1" }, "geometry": { "type": "Point", "coordinates": [ 3.8674458, 43.6033441 ] } },
{ "type": "Feature", "properties": { "index": "349", "@osmId": "node/10576430181", "name": null, "opening_hours": null, "label": "Benches", "color": "#756bb1" }, "geometry": { "type": "Point", "coordinates": [ 3.8674606, 43.6033035 ] } },
{ "type": "Feature", "properties": { "index": "350", "@osmId": "node/10576451414", "name": null, "opening_hours": null, "label": "Benches", "color": "#756bb1" }, "geometry": { "type": "Point", "coordinates": [ 3.8676816, 43.6034815 ] } },
{ "type": "Feature", "properties": { "index": "351", "@osmId": "node/10576478639", "name": null, "opening_hours": null, "label": "Benches", "color": "#756bb1" }, "geometry": { "type": "Point", "coordinates": [ 3.867207, 43.606938 ] } },
{ "type": "Feature", "properties": { "index": "352", "@osmId": "node/10581818005", "name": null, "opening_hours": null, "label": "Benches", "color": "#756bb1" }, "geometry": { "type": "Point", "coordinates": [ 3.8896244, 43.617127 ] } },
{ "type": "Feature", "properties": { "index": "353", "@osmId": "node/10620245395", "name": null, "opening_hours": null, "label": "Benches", "color": "#756bb1" }, "geometry": { "type": "Point", "coordinates": [ 3.8759587, 43.6130594 ] } },
{ "type": "Feature", "properties": { "index": "354", "@osmId": "node/10620245396", "name": null, "opening_hours": null, "label": "Benches", "color": "#756bb1" }, "geometry": { "type": "Point", "coordinates": [ 3.8759306, 43.6130938 ] } },
{ "type": "Feature", "properties": { "index": "355", "@osmId": "node/10620308209", "name": null, "opening_hours": null, "label": "Benches", "color": "#756bb1" }, "geometry": { "type": "Point", "coordinates": [ 3.8751866, 43.6127424 ] } },
{ "type": "Feature", "properties": { "index": "356", "@osmId": "node/10620308210", "name": null, "opening_hours": null, "label": "Benches", "color": "#756bb1" }, "geometry": { "type": "Point", "coordinates": [ 3.8751892, 43.6127713 ] } },
{ "type": "Feature", "properties": { "index": "357", "@osmId": "node/10680282321", "name": null, "opening_hours": null, "label": "Benches", "color": "#756bb1" }, "geometry": { "type": "Point", "coordinates": [ 3.8892198, 43.6094164 ] } },
{ "type": "Feature", "properties": { "index": "358", "@osmId": "node/10680282322", "name": null, "opening_hours": null, "label": "Benches", "color": "#756bb1" }, "geometry": { "type": "Point", "coordinates": [ 3.8892188, 43.6093938 ] } },
{ "type": "Feature", "properties": { "index": "359", "@osmId": "node/10837008151", "name": null, "opening_hours": null, "label": "Benches", "color": "#756bb1" }, "geometry": { "type": "Point", "coordinates": [ 3.8956796, 43.6178778 ] } },
{ "type": "Feature", "properties": { "index": "360", "@osmId": "node/10912833080", "name": null, "opening_hours": null, "label": "Benches", "color": "#756bb1" }, "geometry": { "type": "Point", "coordinates": [ 3.8911262, 43.6077995 ] } },
{ "type": "Feature", "properties": { "index": "361", "@osmId": "node/10912833081", "name": null, "opening_hours": null, "label": "Benches", "color": "#756bb1" }, "geometry": { "type": "Point", "coordinates": [ 3.8918538, 43.6081261 ] } },
{ "type": "Feature", "properties": { "index": "362", "@osmId": "node/10912833082", "name": null, "opening_hours": null, "label": "Benches", "color": "#756bb1" }, "geometry": { "type": "Point", "coordinates": [ 3.8919459, 43.6080446 ] } },
{ "type": "Feature", "properties": { "index": "363", "@osmId": "node/10912848245", "name": null, "opening_hours": null, "label": "Benches", "color": "#756bb1" }, "geometry": { "type": "Point", "coordinates": [ 3.8919085, 43.6077625 ] } },
{ "type": "Feature", "properties": { "index": "364", "@osmId": "node/10912848246", "name": null, "opening_hours": null, "label": "Benches", "color": "#756bb1" }, "geometry": { "type": "Point", "coordinates": [ 3.8911694, 43.6081005 ] } },
{ "type": "Feature", "properties": { "index": "365", "@osmId": "node/10912848247", "name": null, "opening_hours": null, "label": "Benches", "color": "#756bb1" }, "geometry": { "type": "Point", "coordinates": [ 3.8917943, 43.6076967 ] } },
{ "type": "Feature", "properties": { "index": "366", "@osmId": "node/10912848249", "name": null, "opening_hours": null, "label": "Benches", "color": "#756bb1" }, "geometry": { "type": "Point", "coordinates": [ 3.8915837, 43.6077101 ] } },
{ "type": "Feature", "properties": { "index": "367", "@osmId": "node/10912848250", "name": null, "opening_hours": null, "label": "Benches", "color": "#756bb1" }, "geometry": { "type": "Point", "coordinates": [ 3.891438, 43.6077202 ] } },
{ "type": "Feature", "properties": { "index": "368", "@osmId": "node/10912848251", "name": null, "opening_hours": null, "label": "Benches", "color": "#756bb1" }, "geometry": { "type": "Point", "coordinates": [ 3.8912248, 43.6077358 ] } },
{ "type": "Feature", "properties": { "index": "369", "@osmId": "node/10912848252", "name": null, "opening_hours": null, "label": "Benches", "color": "#756bb1" }, "geometry": { "type": "Point", "coordinates": [ 3.8916402, 43.6081399 ] } },
{ "type": "Feature", "properties": { "index": "370", "@osmId": "node/10912848253", "name": null, "opening_hours": null, "label": "Benches", "color": "#756bb1" }, "geometry": { "type": "Point", "coordinates": [ 3.8912803, 43.6081607 ] } },
{ "type": "Feature", "properties": { "index": "371", "@osmId": "node/10912848254", "name": null, "opening_hours": null, "label": "Benches", "color": "#756bb1" }, "geometry": { "type": "Point", "coordinates": [ 3.8914936, 43.60815 ] } },
{ "type": "Feature", "properties": { "index": "372", "@osmId": "node/11064482823", "name": null, "opening_hours": null, "label": "Benches", "color": "#756bb1" }, "geometry": { "type": "Point", "coordinates": [ 3.876248, 43.6087546 ] } },
{ "type": "Feature", "properties": { "index": "373", "@osmId": "node/11064482824", "name": null, "opening_hours": null, "label": "Benches", "color": "#756bb1" }, "geometry": { "type": "Point", "coordinates": [ 3.8762052, 43.6087658 ] } },
{ "type": "Feature", "properties": { "index": "374", "@osmId": "node/11072574914", "name": null, "opening_hours": null, "label": "Benches", "color": "#756bb1" }, "geometry": { "type": "Point", "coordinates": [ 3.8799225, 43.6052895 ] } },
{ "type": "Feature", "properties": { "index": "375", "@osmId": "node/11072574915", "name": null, "opening_hours": null, "label": "Benches", "color": "#756bb1" }, "geometry": { "type": "Point", "coordinates": [ 3.8798251, 43.605757 ] } },
{ "type": "Feature", "properties": { "index": "376", "@osmId": "node/11072577304", "name": null, "opening_hours": null, "label": "Benches", "color": "#756bb1" }, "geometry": { "type": "Point", "coordinates": [ 3.8796668, 43.6054009 ] } },
{ "type": "Feature", "properties": { "index": "377", "@osmId": "node/11072582235", "name": null, "opening_hours": null, "label": "Benches", "color": "#756bb1" }, "geometry": { "type": "Point", "coordinates": [ 3.8798143, 43.6057445 ] } },
{ "type": "Feature", "properties": { "index": "378", "@osmId": "node/11072588521", "name": null, "opening_hours": null, "label": "Benches", "color": "#756bb1" }, "geometry": { "type": "Point", "coordinates": [ 3.8799219, 43.6052965 ] } },
{ "type": "Feature", "properties": { "index": "379", "@osmId": "node/11072590643", "name": null, "opening_hours": null, "label": "Benches", "color": "#756bb1" }, "geometry": { "type": "Point", "coordinates": [ 3.8798339, 43.6057784 ] } },
{ "type": "Feature", "properties": { "index": "380", "@osmId": "node/11072594544", "name": null, "opening_hours": null, "label": "Benches", "color": "#756bb1" }, "geometry": { "type": "Point", "coordinates": [ 3.8798444, 43.6057952 ] } },
{ "type": "Feature", "properties": { "index": "381", "@osmId": "node/11072598114", "name": null, "opening_hours": null, "label": "Benches", "color": "#756bb1" }, "geometry": { "type": "Point", "coordinates": [ 3.8798559, 43.6058145 ] } },
{ "type": "Feature", "properties": { "index": "382", "@osmId": "node/11114417786", "name": null, "opening_hours": null, "label": "Benches", "color": "#756bb1" }, "geometry": { "type": "Point", "coordinates": [ 3.8820925, 43.6221982 ] } },
{ "type": "Feature", "properties": { "index": "383", "@osmId": "node/11252774311", "name": null, "opening_hours": null, "label": "Benches", "color": "#756bb1" }, "geometry": { "type": "Point", "coordinates": [ 3.8893136, 43.6078906 ] } },
{ "type": "Feature", "properties": { "index": "384", "@osmId": "node/11252774312", "name": null, "opening_hours": null, "label": "Benches", "color": "#756bb1" }, "geometry": { "type": "Point", "coordinates": [ 3.8895375, 43.6078784 ] } },
{ "type": "Feature", "properties": { "index": "385", "@osmId": "node/11252774313", "name": null, "opening_hours": null, "label": "Benches", "color": "#756bb1" }, "geometry": { "type": "Point", "coordinates": [ 3.8897463, 43.6078646 ] } },
{ "type": "Feature", "properties": { "index": "386", "@osmId": "node/11252774314", "name": null, "opening_hours": null, "label": "Benches", "color": "#756bb1" }, "geometry": { "type": "Point", "coordinates": [ 3.8899436, 43.607848 ] } },
{ "type": "Feature", "properties": { "index": "387", "@osmId": "node/11252774315", "name": null, "opening_hours": null, "label": "Benches", "color": "#756bb1" }, "geometry": { "type": "Point", "coordinates": [ 3.8901988, 43.6078314 ] } },
{ "type": "Feature", "properties": { "index": "388", "@osmId": "node/11252774316", "name": null, "opening_hours": null, "label": "Benches", "color": "#756bb1" }, "geometry": { "type": "Point", "coordinates": [ 3.8902685, 43.6081666 ] } },
{ "type": "Feature", "properties": { "index": "389", "@osmId": "node/11252774317", "name": null, "opening_hours": null, "label": "Benches", "color": "#756bb1" }, "geometry": { "type": "Point", "coordinates": [ 3.8900133, 43.6081832 ] } },
{ "type": "Feature", "properties": { "index": "390", "@osmId": "node/11252774318", "name": null, "opening_hours": null, "label": "Benches", "color": "#756bb1" }, "geometry": { "type": "Point", "coordinates": [ 3.8898159, 43.6081998 ] } },
{ "type": "Feature", "properties": { "index": "391", "@osmId": "node/11252774319", "name": null, "opening_hours": null, "label": "Benches", "color": "#756bb1" }, "geometry": { "type": "Point", "coordinates": [ 3.8896072, 43.6082136 ] } },
{ "type": "Feature", "properties": { "index": "392", "@osmId": "node/11252774320", "name": null, "opening_hours": null, "label": "Benches", "color": "#756bb1" }, "geometry": { "type": "Point", "coordinates": [ 3.8893832, 43.6082258 ] } },
{ "type": "Feature", "properties": { "index": "393", "@osmId": "node/11252774321", "name": null, "opening_hours": null, "label": "Benches", "color": "#756bb1" }, "geometry": { "type": "Point", "coordinates": [ 3.8877422, 43.6079428 ] } },
{ "type": "Feature", "properties": { "index": "394", "@osmId": "node/11252774322", "name": null, "opening_hours": null, "label": "Benches", "color": "#756bb1" }, "geometry": { "type": "Point", "coordinates": [ 3.887951, 43.6080579 ] } },
{ "type": "Feature", "properties": { "index": "395", "@osmId": "node/11252774323", "name": null, "opening_hours": null, "label": "Benches", "color": "#756bb1" }, "geometry": { "type": "Point", "coordinates": [ 3.8879869, 43.6083116 ] } },
{ "type": "Feature", "properties": { "index": "396", "@osmId": "node/11252774324", "name": null, "opening_hours": null, "label": "Benches", "color": "#756bb1" }, "geometry": { "type": "Point", "coordinates": [ 3.8878188, 43.6084563 ] } },
{ "type": "Feature", "properties": { "index": "397", "@osmId": "node/11252774325", "name": null, "opening_hours": null, "label": "Benches", "color": "#756bb1" }, "geometry": { "type": "Point", "coordinates": [ 3.8875272, 43.6084724 ] } },
{ "type": "Feature", "properties": { "index": "398", "@osmId": "node/11252774326", "name": null, "opening_hours": null, "label": "Benches", "color": "#756bb1" }, "geometry": { "type": "Point", "coordinates": [ 3.8873236, 43.6083548 ] } },
{ "type": "Feature", "properties": { "index": "399", "@osmId": "node/11252774327", "name": null, "opening_hours": null, "label": "Benches", "color": "#756bb1" }, "geometry": { "type": "Point", "coordinates": [ 3.8872938, 43.6080941 ] } },
{ "type": "Feature", "properties": { "index": "400", "@osmId": "node/11252774328", "name": null, "opening_hours": null, "label": "Benches", "color": "#756bb1" }, "geometry": { "type": "Point", "coordinates": [ 3.8874343, 43.6079744 ] } },
{ "type": "Feature", "properties": { "index": "401", "@osmId": "node/11268921119", "name": null, "opening_hours": null, "label": "Benches", "color": "#756bb1" }, "geometry": { "type": "Point", "coordinates": [ 3.8968542, 43.6096638 ] } },
{ "type": "Feature", "properties": { "index": "402", "@osmId": "node/11363914345", "name": null, "opening_hours": null, "label": "Benches", "color": "#756bb1" }, "geometry": { "type": "Point", "coordinates": [ 3.8718679, 43.6242152 ] } },
{ "type": "Feature", "properties": { "index": "403", "@osmId": "node/11363914346", "name": null, "opening_hours": null, "label": "Benches", "color": "#756bb1" }, "geometry": { "type": "Point", "coordinates": [ 3.8719033, 43.6242283 ] } },
{ "type": "Feature", "properties": { "index": "404", "@osmId": "node/11363914347", "name": null, "opening_hours": null, "label": "Benches", "color": "#756bb1" }, "geometry": { "type": "Point", "coordinates": [ 3.8718313, 43.6243624 ] } },
{ "type": "Feature", "properties": { "index": "405", "@osmId": "node/11363914348", "name": null, "opening_hours": null, "label": "Benches", "color": "#756bb1" }, "geometry": { "type": "Point", "coordinates": [ 3.871742, 43.6243354 ] } },
{ "type": "Feature", "properties": { "index": "406", "@osmId": "node/11363914349", "name": null, "opening_hours": null, "label": "Benches", "color": "#756bb1" }, "geometry": { "type": "Point", "coordinates": [ 3.8717316, 43.62431 ] } },
{ "type": "Feature", "properties": { "index": "407", "@osmId": "node/11363956797", "name": null, "opening_hours": null, "label": "Benches", "color": "#756bb1" }, "geometry": { "type": "Point", "coordinates": [ 3.8717196, 43.6242026 ] } },
{ "type": "Feature", "properties": { "index": "408", "@osmId": "node/11363956798", "name": null, "opening_hours": null, "label": "Benches", "color": "#756bb1" }, "geometry": { "type": "Point", "coordinates": [ 3.8716881, 43.6242503 ] } },
{ "type": "Feature", "properties": { "index": "409", "@osmId": "node/11363956799", "name": null, "opening_hours": null, "label": "Benches", "color": "#756bb1" }, "geometry": { "type": "Point", "coordinates": [ 3.8716455, 43.6243221 ] } },
{ "type": "Feature", "properties": { "index": "410", "@osmId": "node/11396232576", "name": null, "opening_hours": null, "label": "Benches", "color": "#756bb1" }, "geometry": { "type": "Point", "coordinates": [ 3.8760364, 43.6086222 ] } },
{ "type": "Feature", "properties": { "index": "411", "@osmId": "node/11396232577", "name": null, "opening_hours": null, "label": "Benches", "color": "#756bb1" }, "geometry": { "type": "Point", "coordinates": [ 3.8761723, 43.6086354 ] } },
{ "type": "Feature", "properties": { "index": "412", "@osmId": "node/11412160529", "name": null, "opening_hours": null, "label": "Benches", "color": "#756bb1" }, "geometry": { "type": "Point", "coordinates": [ 3.8862109, 43.6076476 ] } },
{ "type": "Feature", "properties": { "index": "413", "@osmId": "node/11412160530", "name": null, "opening_hours": null, "label": "Benches", "color": "#756bb1" }, "geometry": { "type": "Point", "coordinates": [ 3.8860582, 43.6076407 ] } },
{ "type": "Feature", "properties": { "index": "414", "@osmId": "node/11412167998", "name": null, "opening_hours": null, "label": "Benches", "color": "#756bb1" }, "geometry": { "type": "Point", "coordinates": [ 3.8860672, 43.6077215 ] } },
{ "type": "Feature", "properties": { "index": "415", "@osmId": "node/11412167999", "name": null, "opening_hours": null, "label": "Benches", "color": "#756bb1" }, "geometry": { "type": "Point", "coordinates": [ 3.8862503, 43.6077292 ] } },
{ "type": "Feature", "properties": { "index": "416", "@osmId": "node/11518460013", "name": null, "opening_hours": null, "label": "Benches", "color": "#756bb1" }, "geometry": { "type": "Point", "coordinates": [ 3.8958015, 43.6123821 ] } },
{ "type": "Feature", "properties": { "index": "417", "@osmId": "node/11518460014", "name": null, "opening_hours": null, "label": "Benches", "color": "#756bb1" }, "geometry": { "type": "Point", "coordinates": [ 3.8952393, 43.6128079 ] } },
{ "type": "Feature", "properties": { "index": "418", "@osmId": "node/11518460015", "name": null, "opening_hours": null, "label": "Benches", "color": "#756bb1" }, "geometry": { "type": "Point", "coordinates": [ 3.895331, 43.612875 ] } },
{ "type": "Feature", "properties": { "index": "419", "@osmId": "node/11518460016", "name": null, "opening_hours": null, "label": "Benches", "color": "#756bb1" }, "geometry": { "type": "Point", "coordinates": [ 3.8961833, 43.611485 ] } },
{ "type": "Feature", "properties": { "index": "420", "@osmId": "node/11518460017", "name": null, "opening_hours": null, "label": "Benches", "color": "#756bb1" }, "geometry": { "type": "Point", "coordinates": [ 3.8963581, 43.6110761 ] } },
{ "type": "Feature", "properties": { "index": "421", "@osmId": "node/11518460018", "name": null, "opening_hours": null, "label": "Benches", "color": "#756bb1" }, "geometry": { "type": "Point", "coordinates": [ 3.8963317, 43.6111614 ] } },
{ "type": "Feature", "properties": { "index": "422", "@osmId": "node/11518460019", "name": null, "opening_hours": null, "label": "Benches", "color": "#756bb1" }, "geometry": { "type": "Point", "coordinates": [ 3.8965089, 43.61065 ] } },
{ "type": "Feature", "properties": { "index": "423", "@osmId": "node/11518460020", "name": null, "opening_hours": null, "label": "Benches", "color": "#756bb1" }, "geometry": { "type": "Point", "coordinates": [ 3.8965896, 43.6106509 ] } },
{ "type": "Feature", "properties": { "index": "424", "@osmId": "node/11518460021", "name": null, "opening_hours": null, "label": "Benches", "color": "#756bb1" }, "geometry": { "type": "Point", "coordinates": [ 3.8964388, 43.6103656 ] } },
{ "type": "Feature", "properties": { "index": "425", "@osmId": "node/11518460022", "name": null, "opening_hours": null, "label": "Benches", "color": "#756bb1" }, "geometry": { "type": "Point", "coordinates": [ 3.8961254, 43.6102727 ] } },
{ "type": "Feature", "properties": { "index": "426", "@osmId": "node/11518460023", "name": null, "opening_hours": null, "label": "Benches", "color": "#756bb1" }, "geometry": { "type": "Point", "coordinates": [ 3.8962298, 43.6103234 ] } },
{ "type": "Feature", "properties": { "index": "427", "@osmId": "node/11518460024", "name": null, "opening_hours": null, "label": "Benches", "color": "#756bb1" }, "geometry": { "type": "Point", "coordinates": [ 3.8962444, 43.6101606 ] } },
{ "type": "Feature", "properties": { "index": "428", "@osmId": "node/11518460025", "name": null, "opening_hours": null, "label": "Benches", "color": "#756bb1" }, "geometry": { "type": "Point", "coordinates": [ 3.8961558, 43.6101491 ] } },
{ "type": "Feature", "properties": { "index": "429", "@osmId": "node/11563677669", "name": null, "opening_hours": null, "label": "Benches", "color": "#756bb1" }, "geometry": { "type": "Point", "coordinates": [ 3.8782704, 43.620026 ] } },
{ "type": "Feature", "properties": { "index": "430", "@osmId": "node/11589875169", "name": null, "opening_hours": null, "label": "Benches", "color": "#756bb1" }, "geometry": { "type": "Point", "coordinates": [ 3.8770312, 43.6189813 ] } },
{ "type": "Feature", "properties": { "index": "431", "@osmId": "node/11681438991", "name": null, "opening_hours": null, "label": "Benches", "color": "#756bb1" }, "geometry": { "type": "Point", "coordinates": [ 3.8850753, 43.6084032 ] } },
{ "type": "Feature", "properties": { "index": "432", "@osmId": "node/11818083108", "name": null, "opening_hours": null, "label": "Benches", "color": "#756bb1" }, "geometry": { "type": "Point", "coordinates": [ 3.8759629, 43.6088393 ] } },
{ "type": "Feature", "properties": { "index": "433", "@osmId": "node/11891138906", "name": null, "opening_hours": null, "label": "Benches", "color": "#756bb1" }, "geometry": { "type": "Point", "coordinates": [ 3.8824186, 43.610433 ] } },
{ "type": "Feature", "properties": { "index": "434", "@osmId": "node/12012337643", "name": null, "opening_hours": null, "label": "Benches", "color": "#756bb1" }, "geometry": { "type": "Point", "coordinates": [ 3.8724803, 43.6149732 ] } },
{ "type": "Feature", "properties": { "index": "435", "@osmId": "node/12012337928", "name": null, "opening_hours": null, "label": "Benches", "color": "#756bb1" }, "geometry": { "type": "Point", "coordinates": [ 3.8705665, 43.6148965 ] } },
{ "type": "Feature", "properties": { "index": "436", "@osmId": "node/12012351240", "name": null, "opening_hours": null, "label": "Benches", "color": "#756bb1" }, "geometry": { "type": "Point", "coordinates": [ 3.8710397, 43.6149103 ] } },
{ "type": "Feature", "properties": { "index": "437", "@osmId": "node/12012351241", "name": null, "opening_hours": null, "label": "Benches", "color": "#756bb1" }, "geometry": { "type": "Point", "coordinates": [ 3.8705656, 43.6149196 ] } },
{ "type": "Feature", "properties": { "index": "438", "@osmId": "node/12012355328", "name": null, "opening_hours": null, "label": "Benches", "color": "#756bb1" }, "geometry": { "type": "Point", "coordinates": [ 3.8716511, 43.6149663 ] } },
{ "type": "Feature", "properties": { "index": "439", "@osmId": "node/12012356335", "name": null, "opening_hours": null, "label": "Benches", "color": "#756bb1" }, "geometry": { "type": "Point", "coordinates": [ 3.8707848, 43.6147967 ] } },
{ "type": "Feature", "properties": { "index": "440", "@osmId": "node/12012360534", "name": null, "opening_hours": null, "label": "Benches", "color": "#756bb1" }, "geometry": { "type": "Point", "coordinates": [ 3.8716528, 43.6148176 ] } },
{ "type": "Feature", "properties": { "index": "441", "@osmId": "node/12012364339", "name": null, "opening_hours": null, "label": "Benches", "color": "#756bb1" }, "geometry": { "type": "Point", "coordinates": [ 3.8709968, 43.6149063 ] } },
{ "type": "Feature", "properties": { "index": "442", "@osmId": "node/12012365315", "name": null, "opening_hours": null, "label": "Benches", "color": "#756bb1" }, "geometry": { "type": "Point", "coordinates": [ 3.8707326, 43.6148946 ] } },
{ "type": "Feature", "properties": { "index": "443", "@osmId": "node/12012365881", "name": null, "opening_hours": null, "label": "Benches", "color": "#756bb1" }, "geometry": { "type": "Point", "coordinates": [ 3.8716876, 43.6148923 ] } },
{ "type": "Feature", "properties": { "index": "444", "@osmId": "node/12012376626", "name": null, "opening_hours": null, "label": "Benches", "color": "#756bb1" }, "geometry": { "type": "Point", "coordinates": [ 3.8721025, 43.614129 ] } },
{ "type": "Feature", "properties": { "index": "445", "@osmId": "node/12012387132", "name": null, "opening_hours": null, "label": "Benches", "color": "#756bb1" }, "geometry": { "type": "Point", "coordinates": [ 3.8714335, 43.614413 ] } },
{ "type": "Feature", "properties": { "index": "446", "@osmId": "node/12012388574", "name": null, "opening_hours": null, "label": "Benches", "color": "#756bb1" }, "geometry": { "type": "Point", "coordinates": [ 3.8712031, 43.614096 ] } },
{ "type": "Feature", "properties": { "index": "447", "@osmId": "node/12012393927", "name": null, "opening_hours": null, "label": "Benches", "color": "#756bb1" }, "geometry": { "type": "Point", "coordinates": [ 3.8711377, 43.6140853 ] } },
{ "type": "Feature", "properties": { "index": "448", "@osmId": "node/12013071656", "name": null, "opening_hours": null, "label": "Benches", "color": "#756bb1" }, "geometry": { "type": "Point", "coordinates": [ 3.8786159, 43.6080526 ] } },
{ "type": "Feature", "properties": { "index": "449", "@osmId": "node/12073451823", "name": null, "opening_hours": null, "label": "Benches", "color": "#756bb1" }, "geometry": { "type": "Point", "coordinates": [ 3.8905774, 43.6073542 ] } },
{ "type": "Feature", "properties": { "index": "450", "@osmId": "node/12073451824", "name": null, "opening_hours": null, "label": "Benches", "color": "#756bb1" }, "geometry": { "type": "Point", "coordinates": [ 3.8905476, 43.6071436 ] } },
{ "type": "Feature", "properties": { "index": "451", "@osmId": "node/12073451825", "name": null, "opening_hours": null, "label": "Benches", "color": "#756bb1" }, "geometry": { "type": "Point", "coordinates": [ 3.8906752, 43.6071859 ] } },
{ "type": "Feature", "properties": { "index": "452", "@osmId": "node/12084834366", "name": null, "opening_hours": null, "label": "Benches", "color": "#756bb1" }, "geometry": { "type": "Point", "coordinates": [ 3.893737, 43.6179262 ] } },
{ "type": "Feature", "properties": { "index": "453", "@osmId": "node/12084834367", "name": null, "opening_hours": null, "label": "Benches", "color": "#756bb1" }, "geometry": { "type": "Point", "coordinates": [ 3.8937756, 43.6179486 ] } },
{ "type": "Feature", "properties": { "index": "454", "@osmId": "node/12084834368", "name": null, "opening_hours": null, "label": "Benches", "color": "#756bb1" }, "geometry": { "type": "Point", "coordinates": [ 3.8937898, 43.617998 ] } },
{ "type": "Feature", "properties": { "index": "455", "@osmId": "node/12084846969", "name": null, "opening_hours": null, "label": "Benches", "color": "#756bb1" }, "geometry": { "type": "Point", "coordinates": [ 3.8938001, 43.6180754 ] } },
{ "type": "Feature", "properties": { "index": "456", "@osmId": "node/12084846970", "name": null, "opening_hours": null, "label": "Benches", "color": "#756bb1" }, "geometry": { "type": "Point", "coordinates": [ 3.8938065, 43.6181752 ] } },
{ "type": "Feature", "properties": { "index": "457", "@osmId": "node/12160122609", "name": null, "opening_hours": null, "label": "Benches", "color": "#756bb1" }, "geometry": { "type": "Point", "coordinates": [ 3.8951815, 43.6031346 ] } },
{ "type": "Feature", "properties": { "index": "458", "@osmId": "node/12160122610", "name": null, "opening_hours": null, "label": "Benches", "color": "#756bb1" }, "geometry": { "type": "Point", "coordinates": [ 3.8951504, 43.6030474 ] } },
{ "type": "Feature", "properties": { "index": "459", "@osmId": "node/12160122611", "name": null, "opening_hours": null, "label": "Benches", "color": "#756bb1" }, "geometry": { "type": "Point", "coordinates": [ 3.8950569, 43.6030525 ] } },
{ "type": "Feature", "properties": { "index": "460", "@osmId": "node/12160122612", "name": null, "opening_hours": null, "label": "Benches", "color": "#756bb1" }, "geometry": { "type": "Point", "coordinates": [ 3.8950997, 43.6031894 ] } },
{ "type": "Feature", "properties": { "index": "461", "@osmId": "node/12160152201", "name": null, "opening_hours": null, "label": "Benches", "color": "#756bb1" }, "geometry": { "type": "Point", "coordinates": [ 3.8941061, 43.6015246 ] } },
{ "type": "Feature", "properties": { "index": "462", "@osmId": "node/12160152202", "name": null, "opening_hours": null, "label": "Benches", "color": "#756bb1" }, "geometry": { "type": "Point", "coordinates": [ 3.8940041, 43.6016231 ] } },
{ "type": "Feature", "properties": { "index": "463", "@osmId": "node/12160152203", "name": null, "opening_hours": null, "label": "Benches", "color": "#756bb1" }, "geometry": { "type": "Point", "coordinates": [ 3.8938931, 43.6017304 ] } },
{ "type": "Feature", "properties": { "index": "464", "@osmId": "node/12160152204", "name": null, "opening_hours": null, "label": "Benches", "color": "#756bb1" }, "geometry": { "type": "Point", "coordinates": [ 3.8937731, 43.6018463 ] } },
{ "type": "Feature", "properties": { "index": "465", "@osmId": "node/12160152205", "name": null, "opening_hours": null, "label": "Benches", "color": "#756bb1" }, "geometry": { "type": "Point", "coordinates": [ 3.8936789, 43.6019373 ] } },
{ "type": "Feature", "properties": { "index": "466", "@osmId": "node/12160152206", "name": null, "opening_hours": null, "label": "Benches", "color": "#756bb1" }, "geometry": { "type": "Point", "coordinates": [ 3.8934991, 43.6020016 ] } },
{ "type": "Feature", "properties": { "index": "467", "@osmId": "node/12160152207", "name": null, "opening_hours": null, "label": "Benches", "color": "#756bb1" }, "geometry": { "type": "Point", "coordinates": [ 3.8933671, 43.6017875 ] } },
{ "type": "Feature", "properties": { "index": "468", "@osmId": "node/12160152208", "name": null, "opening_hours": null, "label": "Benches", "color": "#756bb1" }, "geometry": { "type": "Point", "coordinates": [ 3.8934578, 43.6016947 ] } },
{ "type": "Feature", "properties": { "index": "469", "@osmId": "node/12160152209", "name": null, "opening_hours": null, "label": "Benches", "color": "#756bb1" }, "geometry": { "type": "Point", "coordinates": [ 3.8935733, 43.6015764 ] } },
{ "type": "Feature", "properties": { "index": "470", "@osmId": "node/12160152210", "name": null, "opening_hours": null, "label": "Benches", "color": "#756bb1" }, "geometry": { "type": "Point", "coordinates": [ 3.8936802, 43.601467 ] } },
{ "type": "Feature", "properties": { "index": "471", "@osmId": "node/12160152211", "name": null, "opening_hours": null, "label": "Benches", "color": "#756bb1" }, "geometry": { "type": "Point", "coordinates": [ 3.8937783, 43.6013665 ] } },
{ "type": "Feature", "properties": { "index": "472", "@osmId": "node/12192816086", "name": null, "opening_hours": null, "label": "Benches", "color": "#756bb1" }, "geometry": { "type": "Point", "coordinates": [ 3.8803589, 43.6217133 ] } },
{ "type": "Feature", "properties": { "index": "473", "@osmId": "node/12194289175", "name": null, "opening_hours": null, "label": "Benches", "color": "#756bb1" }, "geometry": { "type": "Point", "coordinates": [ 3.8757251, 43.6149528 ] } },
{ "type": "Feature", "properties": { "index": "474", "@osmId": "node/12285265642", "name": null, "opening_hours": null, "label": "Benches", "color": "#756bb1" }, "geometry": { "type": "Point", "coordinates": [ 3.8946387, 43.6087095 ] } },
{ "type": "Feature", "properties": { "index": "475", "@osmId": "node/12285265643", "name": null, "opening_hours": null, "label": "Benches", "color": "#756bb1" }, "geometry": { "type": "Point", "coordinates": [ 3.8946776, 43.6087134 ] } },
{ "type": "Feature", "properties": { "index": "476", "@osmId": "node/12358165738", "name": null, "opening_hours": null, "label": "Benches", "color": "#756bb1" }, "geometry": { "type": "Point", "coordinates": [ 3.8758936, 43.6123566 ] } },
{ "type": "Feature", "properties": { "index": "477", "@osmId": "node/12358167681", "name": null, "opening_hours": null, "label": "Benches", "color": "#756bb1" }, "geometry": { "type": "Point", "coordinates": [ 3.8753643, 43.6138308 ] } },
{ "type": "Feature", "properties": { "index": "478", "@osmId": "node/12358169947", "name": null, "opening_hours": null, "label": "Benches", "color": "#756bb1" }, "geometry": { "type": "Point", "coordinates": [ 3.8758859, 43.6123311 ] } },
{ "type": "Feature", "properties": { "index": "479", "@osmId": "node/12358170040", "name": null, "opening_hours": null, "label": "Benches", "color": "#756bb1" }, "geometry": { "type": "Point", "coordinates": [ 3.8758882, 43.6123892 ] } },
{ "type": "Feature", "properties": { "index": "480", "@osmId": "node/12358172265", "name": null, "opening_hours": null, "label": "Benches", "color": "#756bb1" }, "geometry": { "type": "Point", "coordinates": [ 3.8753994, 43.6138239 ] } },
{ "type": "Feature", "properties": { "index": "481", "@osmId": "node/12358175940", "name": null, "opening_hours": null, "label": "Benches", "color": "#756bb1" }, "geometry": { "type": "Point", "coordinates": [ 3.8758936, 43.6123566 ] } },
{ "type": "Feature", "properties": { "index": "482", "@osmId": "node/12412899993", "name": null, "opening_hours": null, "label": "Benches", "color": "#756bb1" }, "geometry": { "type": "Point", "coordinates": [ 3.8890461, 43.6041161 ] } },
{ "type": "Feature", "properties": { "index": "483", "@osmId": "node/12505102824", "name": null, "opening_hours": null, "label": "Benches", "color": "#756bb1" }, "geometry": { "type": "Point", "coordinates": [ 3.8679753, 43.6201353 ] } },
{ "type": "Feature", "properties": { "index": "484", "@osmId": "node/12505102825", "name": null, "opening_hours": null, "label": "Benches", "color": "#756bb1" }, "geometry": { "type": "Point", "coordinates": [ 3.8679661, 43.620086 ] } },
{ "type": "Feature", "properties": { "index": "485", "@osmId": "node/12505102826", "name": null, "opening_hours": null, "label": "Benches", "color": "#756bb1" }, "geometry": { "type": "Point", "coordinates": [ 3.8680205, 43.6201309 ] } },
{ "type": "Feature", "properties": { "index": "486", "@osmId": "node/12505102827", "name": null, "opening_hours": null, "label": "Benches", "color": "#756bb1" }, "geometry": { "type": "Point", "coordinates": [ 3.8680121, 43.6200821 ] } },
{ "type": "Feature", "properties": { "index": "487", "@osmId": "node/12505102828", "name": null, "opening_hours": null, "label": "Benches", "color": "#756bb1" }, "geometry": { "type": "Point", "coordinates": [ 3.8679331, 43.6200421 ] } },
{ "type": "Feature", "properties": { "index": "488", "@osmId": "node/12505102829", "name": null, "opening_hours": null, "label": "Benches", "color": "#756bb1" }, "geometry": { "type": "Point", "coordinates": [ 3.8680259, 43.6200332 ] } },
{ "type": "Feature", "properties": { "index": "489", "@osmId": "node/12585379859", "name": null, "opening_hours": null, "label": "Benches", "color": "#756bb1" }, "geometry": { "type": "Point", "coordinates": [ 3.8964934, 43.6022755 ] } },
{ "type": "Feature", "properties": { "index": "490", "@osmId": "node/12585379860", "name": null, "opening_hours": null, "label": "Benches", "color": "#756bb1" }, "geometry": { "type": "Point", "coordinates": [ 3.8964513, 43.6021153 ] } },
{ "type": "Feature", "properties": { "index": "491", "@osmId": "node/12585379861", "name": null, "opening_hours": null, "label": "Benches", "color": "#756bb1" }, "geometry": { "type": "Point", "coordinates": [ 3.8963881, 43.6018993 ] } },
{ "type": "Feature", "properties": { "index": "492", "@osmId": "node/12585379862", "name": null, "opening_hours": null, "label": "Benches", "color": "#756bb1" }, "geometry": { "type": "Point", "coordinates": [ 3.8966303, 43.6026859 ] } },
{ "type": "Feature", "properties": { "index": "493", "@osmId": "node/12585379863", "name": null, "opening_hours": null, "label": "Benches", "color": "#756bb1" }, "geometry": { "type": "Point", "coordinates": [ 3.8967075, 43.6028905 ] } },
{ "type": "Feature", "properties": { "index": "494", "@osmId": "node/12585379864", "name": null, "opening_hours": null, "label": "Benches", "color": "#756bb1" }, "geometry": { "type": "Point", "coordinates": [ 3.89732, 43.6036403 ] } },
{ "type": "Feature", "properties": { "index": "495", "@osmId": "node/12585379865", "name": null, "opening_hours": null, "label": "Benches", "color": "#756bb1" }, "geometry": { "type": "Point", "coordinates": [ 3.897055, 43.6034001 ] } },
{ "type": "Feature", "properties": { "index": "496", "@osmId": "node/12639144380", "name": null, "opening_hours": null, "label": "Benches", "color": "#756bb1" }, "geometry": { "type": "Point", "coordinates": [ 3.8676697, 43.620013 ] } },
{ "type": "Feature", "properties": { "index": "497", "@osmId": "node/12639144381", "name": null, "opening_hours": null, "label": "Benches", "color": "#756bb1" }, "geometry": { "type": "Point", "coordinates": [ 3.8677464, 43.6200051 ] } },
{ "type": "Feature", "properties": { "index": "498", "@osmId": "node/12640673097", "name": null, "opening_hours": null, "label": "Benches", "color": "#756bb1" }, "geometry": { "type": "Point", "coordinates": [ 3.8677989, 43.620207 ] } },
{ "type": "Feature", "properties": { "index": "499", "@osmId": "node/12640673098", "name": null, "opening_hours": null, "label": "Benches", "color": "#756bb1" }, "geometry": { "type": "Point", "coordinates": [ 3.8677057, 43.6201 ] } },
{ "type": "Feature", "properties": { "index": "500", "@osmId": "node/12640673099", "name": null, "opening_hours": null, "label": "Benches", "color": "#756bb1" }, "geometry": { "type": "Point", "coordinates": [ 3.8677057, 43.6200847 ] } },
{ "type": "Feature", "properties": { "index": "501", "@osmId": "node/13006024971", "name": null, "opening_hours": null, "label": "Benches", "color": "#756bb1" }, "geometry": { "type": "Point", "coordinates": [ 3.8950452, 43.6031921 ] } },
{ "type": "Feature", "properties": { "index": "502", "@osmId": "node/13012452802", "name": null, "opening_hours": null, "label": "Benches", "color": "#756bb1" }, "geometry": { "type": "Point", "coordinates": [ 3.8675627, 43.6236617 ] } },
{ "type": "Feature", "properties": { "index": "503", "@osmId": "node/13028476143", "name": null, "opening_hours": null, "label": "Benches", "color": "#756bb1" }, "geometry": { "type": "Point", "coordinates": [ 3.8721665, 43.6148953 ] } },
{ "type": "Feature", "properties": { "index": "504", "@osmId": "node/13028476146", "name": null, "opening_hours": null, "label": "Benches", "color": "#756bb1" }, "geometry": { "type": "Point", "coordinates": [ 3.8709907, 43.6138069 ] } },
{ "type": "Feature", "properties": { "index": "505", "@osmId": "node/13112652742", "name": null, "opening_hours": null, "label": "Benches", "color": "#756bb1" }, "geometry": { "type": "Point", "coordinates": [ 3.895307, 43.6179245 ] } },
{ "type": "Feature", "properties": { "index": "506", "@osmId": "node/13112680654", "name": null, "opening_hours": null, "label": "Benches", "color": "#756bb1" }, "geometry": { "type": "Point", "coordinates": [ 3.8947367, 43.6182528 ] } },
{ "type": "Feature", "properties": { "index": "507", "@osmId": "node/13112684470", "name": null, "opening_hours": null, "label": "Benches", "color": "#756bb1" }, "geometry": { "type": "Point", "coordinates": [ 3.8947237, 43.6181198 ] } },
{ "type": "Feature", "properties": { "index": "508", "@osmId": "node/13112687785", "name": null, "opening_hours": null, "label": "Benches", "color": "#756bb1" }, "geometry": { "type": "Point", "coordinates": [ 3.8950136, 43.6179508 ] } },
{ "type": "Feature", "properties": { "index": "509", "@osmId": "node/13112691681", "name": null, "opening_hours": null, "label": "Benches", "color": "#756bb1" }, "geometry": { "type": "Point", "coordinates": [ 3.8951523, 43.6182957 ] } },
{ "type": "Feature", "properties": { "index": "510", "@osmId": "node/13112699393", "name": null, "opening_hours": null, "label": "Benches", "color": "#756bb1" }, "geometry": { "type": "Point", "coordinates": [ 3.895176, 43.6179875 ] } },
{ "type": "Feature", "properties": { "index": "511", "@osmId": "node/13124930079", "name": null, "opening_hours": null, "label": "Benches", "color": "#756bb1" }, "geometry": { "type": "Point", "coordinates": [ 3.871548, 43.6136426 ] } },
{ "type": "Feature", "properties": { "index": "512", "@osmId": "node/13124930080", "name": null, "opening_hours": null, "label": "Benches", "color": "#756bb1" }, "geometry": { "type": "Point", "coordinates": [ 3.8727498, 43.613876 ] } },
{ "type": "Feature", "properties": { "index": "513", "@osmId": "node/13124930081", "name": null, "opening_hours": null, "label": "Benches", "color": "#756bb1" }, "geometry": { "type": "Point", "coordinates": [ 3.8727073, 43.6139169 ] } },
{ "type": "Feature", "properties": { "index": "514", "@osmId": "node/13124930082", "name": null, "opening_hours": null, "label": "Benches", "color": "#756bb1" }, "geometry": { "type": "Point", "coordinates": [ 3.8725892, 43.6138969 ] } },
{ "type": "Feature", "properties": { "index": "515", "@osmId": "node/13124930083", "name": null, "opening_hours": null, "label": "Benches", "color": "#756bb1" }, "geometry": { "type": "Point", "coordinates": [ 3.8728281, 43.6141569 ] } },
{ "type": "Feature", "properties": { "index": "516", "@osmId": "node/13124930085", "name": null, "opening_hours": null, "label": "Benches", "color": "#756bb1" }, "geometry": { "type": "Point", "coordinates": [ 3.8721136, 43.6137443 ] } },
{ "type": "Feature", "properties": { "index": "517", "@osmId": "node/13124930086", "name": null, "opening_hours": null, "label": "Benches", "color": "#756bb1" }, "geometry": { "type": "Point", "coordinates": [ 3.8721848, 43.6139999 ] } },
{ "type": "Feature", "properties": { "index": "518", "@osmId": "node/13124930087", "name": null, "opening_hours": null, "label": "Benches", "color": "#756bb1" }, "geometry": { "type": "Point", "coordinates": [ 3.8716968, 43.613669 ] } },
{ "type": "Feature", "properties": { "index": "519", "@osmId": "node/13124930088", "name": null, "opening_hours": null, "label": "Benches", "color": "#756bb1" }, "geometry": { "type": "Point", "coordinates": [ 3.8725543, 43.6138307 ] } },
{ "type": "Feature", "properties": { "index": "520", "@osmId": "node/13124930089", "name": null, "opening_hours": null, "label": "Benches", "color": "#756bb1" }, "geometry": { "type": "Point", "coordinates": [ 3.8714859, 43.6138965 ] } },
{ "type": "Feature", "properties": { "index": "521", "@osmId": "node/13124930090", "name": null, "opening_hours": null, "label": "Benches", "color": "#756bb1" }, "geometry": { "type": "Point", "coordinates": [ 3.8723319, 43.6137871 ] } },
{ "type": "Feature", "properties": { "index": "522", "@osmId": "node/13124930091", "name": null, "opening_hours": null, "label": "Benches", "color": "#756bb1" }, "geometry": { "type": "Point", "coordinates": [ 3.8712658, 43.6135859 ] } },
{ "type": "Feature", "properties": { "index": "523", "@osmId": "node/13124930092", "name": null, "opening_hours": null, "label": "Benches", "color": "#756bb1" }, "geometry": { "type": "Point", "coordinates": [ 3.872862, 43.6140546 ] } },
{ "type": "Feature", "properties": { "index": "524", "@osmId": "node/13124930093", "name": null, "opening_hours": null, "label": "Benches", "color": "#756bb1" }, "geometry": { "type": "Point", "coordinates": [ 3.8719031, 43.6137073 ] } },
{ "type": "Feature", "properties": { "index": "525", "@osmId": "node/13340485711", "name": null, "opening_hours": null, "label": "Benches", "color": "#756bb1" }, "geometry": { "type": "Point", "coordinates": [ 3.8768407, 43.6107522 ] } },
{ "type": "Feature", "properties": { "index": "526", "@osmId": "node/13340485712", "name": null, "opening_hours": null, "label": "Benches", "color": "#756bb1" }, "geometry": { "type": "Point", "coordinates": [ 3.8767675, 43.6106962 ] } },
{ "type": "Feature", "properties": { "index": "527", "@osmId": "node/13340485713", "name": null, "opening_hours": null, "label": "Benches", "color": "#756bb1" }, "geometry": { "type": "Point", "coordinates": [ 3.8766822, 43.6106285 ] } },
{ "type": "Feature", "properties": { "index": "528", "@osmId": "node/13340485714", "name": null, "opening_hours": null, "label": "Benches", "color": "#756bb1" }, "geometry": { "type": "Point", "coordinates": [ 3.8767472, 43.6107625 ] } },
{ "type": "Feature", "properties": { "index": "529", "@osmId": "node/13340485715", "name": null, "opening_hours": null, "label": "Benches", "color": "#756bb1" }, "geometry": { "type": "Point", "coordinates": [ 3.876674, 43.6107051 ] } },
{ "type": "Feature", "properties": { "index": "530", "@osmId": "node/13340485716", "name": null, "opening_hours": null, "label": "Benches", "color": "#756bb1" }, "geometry": { "type": "Point", "coordinates": [ 3.87655, 43.6107742 ] } },
{ "type": "Feature", "properties": { "index": "531", "@osmId": "node/13340485717", "name": null, "opening_hours": null, "label": "Benches", "color": "#756bb1" }, "geometry": { "type": "Point", "coordinates": [ 3.8764423, 43.6107992 ] } },
{ "type": "Feature", "properties": { "index": "532", "@osmId": "node/13340485719", "name": null, "opening_hours": null, "label": "Benches", "color": "#756bb1" }, "geometry": { "type": "Point", "coordinates": [ 3.8766689, 43.6107544 ] } },
{ "type": "Feature", "properties": { "index": "533", "@osmId": "node/13580023422", "name": null, "opening_hours": null, "label": "Benches", "color": "#756bb1" }, "geometry": { "type": "Point", "coordinates": [ 3.867655, 43.6008649 ] } },
{ "type": "Feature", "properties": { "index": "534", "@osmId": "node/13580025139", "name": null, "opening_hours": null, "label": "Benches", "color": "#756bb1" }, "geometry": { "type": "Point", "coordinates": [ 3.8675806, 43.6007409 ] } },
{ "type": "Feature", "properties": { "index": "535", "@osmId": "node/13580038837", "name": null, "opening_hours": null, "label": "Benches", "color": "#756bb1" }, "geometry": { "type": "Point", "coordinates": [ 3.8677155, 43.6009677 ] } },
{ "type": "Feature", "properties": { "index": "536", "@osmId": "node/13580045564", "name": null, "opening_hours": null, "label": "Benches", "color": "#756bb1" }, "geometry": { "type": "Point", "coordinates": [ 3.8675216, 43.6008284 ] } },
{ "type": "Feature", "properties": { "index": "537", "@osmId": "node/13820359374", "name": null, "opening_hours": null, "label": "Benches", "color": "#756bb1" }, "geometry": { "type": "Point", "coordinates": [ 3.888675, 43.600693 ] } },
{ "type": "Feature", "properties": { "index": "538", "@osmId": "node/13820359375", "name": null, "opening_hours": null, "label": "Benches", "color": "#756bb1" }, "geometry": { "type": "Point", "coordinates": [ 3.8888269, 43.6008014 ] } },
{ "type": "Feature", "properties": { "index": "539", "@osmId": "node/13820359376", "name": null, "opening_hours": null, "label": "Benches", "color": "#756bb1" }, "geometry": { "type": "Point", "coordinates": [ 3.88863, 43.6007741 ] } },
{ "type": "Feature", "properties": { "index": "540", "@osmId": "node/13820359377", "name": null, "opening_hours": null, "label": "Benches", "color": "#756bb1" }, "geometry": { "type": "Point", "coordinates": [ 3.8885938, 43.6007463 ] } },
{ "type": "Feature", "properties": { "index": "541", "@osmId": "node/13876503342", "name": null, "opening_hours": null, "label": "Benches", "color": "#756bb1" }, "geometry": { "type": "Point", "coordinates": [ 3.8753614, 43.6139145 ] } },
{ "type": "Feature", "properties": { "index": "542", "@osmId": "node/13876503344", "name": null, "opening_hours": null, "label": "Benches", "color": "#756bb1" }, "geometry": { "type": "Point", "coordinates": [ 3.8753912, 43.6138745 ] } },
{ "type": "Feature", "properties": { "index": "543", "@osmId": "node/13876503345", "name": null, "opening_hours": null, "label": "Benches", "color": "#756bb1" }, "geometry": { "type": "Point", "coordinates": [ 3.875455, 43.613883 ] } },
{ "type": "Feature", "properties": { "index": "544", "@osmId": "node/13876503346", "name": null, "opening_hours": null, "label": "Benches", "color": "#756bb1" }, "geometry": { "type": "Point", "coordinates": [ 3.8754091, 43.6138512 ] } }
]
}
