{
"type": "FeatureCollection",
"features": [
{ "type": "Feature", "properties": { "index": "0", "last_edit_year": 2024, "years_since_edit": 2, "label": "1.5–2.5 yr", "color": "#9e9ac8" }, "geometry": { "type": "Point", "coordinates": [ 3.8550456, 43.622166 ] } },
{ "type": "Feature", "properties": { "index": "1", "last_edit_year": 2025, "years_since_edit": 1, "label": "0.5–1.5 yr", "color": "#cbc9e2" }, "geometry": { "type": "Point", "coordinates": [ 3.8575091, 43.6201923 ] } },
{ "type": "Feature", "properties": { "index": "2", "last_edit_year": 2025, "years_since_edit": 1, "label": "0.5–1.5 yr", "color": "#cbc9e2" }, "geometry": { "type": "Point", "coordinates": [ 3.8575135, 43.6201893 ] } },
{ "type": "Feature", "properties": { "index": "3", "last_edit_year": 2025, "years_since_edit": 1, "label": "0.5–1.5 yr", "color": "#cbc9e2" }, "geometry": { "type": "Point", "coordinates": [ 3.8550881, 43.610246 ] } },
{ "type": "Feature", "properties": { "index": "4", "last_edit_year": 2025, "years_since_edit": 1, "label": "0.5–1.5 yr", "color": "#cbc9e2" }, "geometry": { "type": "Point", "coordinates": [ 3.8550328, 43.6103092 ] } },
{ "type": "Feature", "properties": { "index": "5", "last_edit_year": 2025, "years_since_edit": 1, "label": "0.5–1.5 yr", "color": "#cbc9e2" }, "geometry": { "type": "Point", "coordinates": [ 3.8550417, 43.6102267 ] } },
{ "type": "Feature", "properties": { "index": "6", "last_edit_year": 2025, "years_since_edit": 1, "label": "0.5–1.5 yr", "color": "#cbc9e2" }, "geometry": { "type": "Point", "coordinates": [ 3.8550804, 43.6103022 ] } },
{ "type": "Feature", "properties": { "index": "7", "last_edit_year": 2025, "years_since_edit": 1, "label": "0.5–1.5 yr", "color": "#cbc9e2" }, "geometry": { "type": "Point", "coordinates": [ 3.8624551, 43.6098486 ] } },
{ "type": "Feature", "properties": { "index": "8", "last_edit_year": 2022, "years_since_edit": 4, "label": "2.5–6.5 yr", "color": "#756bb1" }, "geometry": { "type": "Point", "coordinates": [ 3.8615733, 43.6100321 ] } },
{ "type": "Feature", "properties": { "index": "9", "last_edit_year": 2025, "years_since_edit": 1, "label": "0.5–1.5 yr", "color": "#cbc9e2" }, "geometry": { "type": "Point", "coordinates": [ 3.890731, 43.6242742 ] } },
{ "type": "Feature", "properties": { "index": "10", "last_edit_year": 2025, "years_since_edit": 1, "label": "0.5–1.5 yr", "color": "#cbc9e2" }, "geometry": { "type": "Point", "coordinates": [ 3.8680286, 43.6226473 ] } },
{ "type": "Feature", "properties": { "index": "11", "last_edit_year": 2025, "years_since_edit": 1, "label": "0.5–1.5 yr", "color": "#cbc9e2" }, "geometry": { "type": "Point", "coordinates": [ 3.8680925, 43.6225078 ] } },
{ "type": "Feature", "properties": { "index": "12", "last_edit_year": 2025, "years_since_edit": 1, "label": "0.5–1.5 yr", "color": "#cbc9e2" }, "geometry": { "type": "Point", "coordinates": [ 3.8680561, 43.622599 ] } },
{ "type": "Feature", "properties": { "index": "13", "last_edit_year": 2025, "years_since_edit": 1, "label": "0.5–1.5 yr", "color": "#cbc9e2" }, "geometry": { "type": "Point", "coordinates": [ 3.8681642, 43.6226274 ] } },
{ "type": "Feature", "properties": { "index": "14", "last_edit_year": 2025, "years_since_edit": 1, "label": "0.5–1.5 yr", "color": "#cbc9e2" }, "geometry": { "type": "Point", "coordinates": [ 3.8681472, 43.6226779 ] } },
{ "type": "Feature", "properties": { "index": "15", "last_edit_year": 2025, "years_since_edit": 1, "label": "0.5–1.5 yr", "color": "#cbc9e2" }, "geometry": { "type": "Point", "coordinates": [ 3.8681791, 43.6226079 ] } },
{ "type": "Feature", "properties": { "index": "16", "last_edit_year": 2025, "years_since_edit": 1, "label": "0.5–1.5 yr", "color": "#cbc9e2" }, "geometry": { "type": "Point", "coordinates": [ 3.8682111, 43.6225384 ] } },
{ "type": "Feature", "properties": { "index": "17", "last_edit_year": 2025, "years_since_edit": 1, "label": "0.5–1.5 yr", "color": "#cbc9e2" }, "geometry": { "type": "Point", "coordinates": [ 3.8680606, 43.6225773 ] } },
{ "type": "Feature", "properties": { "index": "18", "last_edit_year": 2026, "years_since_edit": 0, "label": "0.0–0.5 yr", "color": "#f2f0f7" }, "geometry": { "type": "Point", "coordinates": [ 3.8835626, 43.6169809 ] } },
{ "type": "Feature", "properties": { "index": "19", "last_edit_year": 2026, "years_since_edit": 0, "label": "0.0–0.5 yr", "color": "#f2f0f7" }, "geometry": { "type": "Point", "coordinates": [ 3.883494, 43.6170269 ] } },
{ "type": "Feature", "properties": { "index": "20", "last_edit_year": 2025, "years_since_edit": 1, "label": "0.5–1.5 yr", "color": "#cbc9e2" }, "geometry": { "type": "Point", "coordinates": [ 3.8840217, 43.6203912 ] } },
{ "type": "Feature", "properties": { "index": "21", "last_edit_year": 2025, "years_since_edit": 1, "label": "0.5–1.5 yr", "color": "#cbc9e2" }, "geometry": { "type": "Point", "coordinates": [ 3.8841188, 43.6204123 ] } },
{ "type": "Feature", "properties": { "index": "22", "last_edit_year": 2025, "years_since_edit": 1, "label": "0.5–1.5 yr", "color": "#cbc9e2" }, "geometry": { "type": "Point", "coordinates": [ 3.9040448, 43.6027924 ] } },
{ "type": "Feature", "properties": { "index": "23", "last_edit_year": 2025, "years_since_edit": 1, "label": "0.5–1.5 yr", "color": "#cbc9e2" }, "geometry": { "type": "Point", "coordinates": [ 3.9040727, 43.6027329 ] } },
{ "type": "Feature", "properties": { "index": "24", "last_edit_year": 2022, "years_since_edit": 4, "label": "2.5–6.5 yr", "color": "#756bb1" }, "geometry": { "type": "Point", "coordinates": [ 3.8957873, 43.6076474 ] } },
{ "type": "Feature", "properties": { "index": "25", "last_edit_year": 2025, "years_since_edit": 1, "label": "0.5–1.5 yr", "color": "#cbc9e2" }, "geometry": { "type": "Point", "coordinates": [ 3.8951872, 43.6076786 ] } },
{ "type": "Feature", "properties": { "index": "26", "last_edit_year": 2025, "years_since_edit": 1, "label": "0.5–1.5 yr", "color": "#cbc9e2" }, "geometry": { "type": "Point", "coordinates": [ 3.8955914, 43.6006224 ] } },
{ "type": "Feature", "properties": { "index": "27", "last_edit_year": 2025, "years_since_edit": 1, "label": "0.5–1.5 yr", "color": "#cbc9e2" }, "geometry": { "type": "Point", "coordinates": [ 3.8955025, 43.6005763 ] } },
{ "type": "Feature", "properties": { "index": "28", "last_edit_year": 2026, "years_since_edit": 0, "label": "0.0–0.5 yr", "color": "#f2f0f7" }, "geometry": { "type": "Point", "coordinates": [ 3.8995812, 43.6016177 ] } },
{ "type": "Feature", "properties": { "index": "29", "last_edit_year": 2026, "years_since_edit": 0, "label": "0.0–0.5 yr", "color": "#f2f0f7" }, "geometry": { "type": "Point", "coordinates": [ 3.8996152, 43.6015606 ] } },
{ "type": "Feature", "properties": { "index": "30", "last_edit_year": 2025, "years_since_edit": 1, "label": "0.5–1.5 yr", "color": "#cbc9e2" }, "geometry": { "type": "Point", "coordinates": [ 3.9040966, 43.602729 ] } },
{ "type": "Feature", "properties": { "index": "31", "last_edit_year": 2025, "years_since_edit": 1, "label": "0.5–1.5 yr", "color": "#cbc9e2" }, "geometry": { "type": "Point", "coordinates": [ 3.894996, 43.6125804 ] } },
{ "type": "Feature", "properties": { "index": "32", "last_edit_year": 2025, "years_since_edit": 1, "label": "0.5–1.5 yr", "color": "#cbc9e2" }, "geometry": { "type": "Point", "coordinates": [ 3.8948926, 43.6125934 ] } },
{ "type": "Feature", "properties": { "index": "33", "last_edit_year": 2025, "years_since_edit": 1, "label": "0.5–1.5 yr", "color": "#cbc9e2" }, "geometry": { "type": "Point", "coordinates": [ 3.894943, 43.6042235 ] } },
{ "type": "Feature", "properties": { "index": "34", "last_edit_year": 2026, "years_since_edit": 0, "label": "0.0–0.5 yr", "color": "#f2f0f7" }, "geometry": { "type": "Point", "coordinates": [ 3.8948405, 43.6042033 ] } },
{ "type": "Feature", "properties": { "index": "35", "last_edit_year": 2025, "years_since_edit": 1, "label": "0.5–1.5 yr", "color": "#cbc9e2" }, "geometry": { "type": "Point", "coordinates": [ 3.8939516, 43.6039639 ] } },
{ "type": "Feature", "properties": { "index": "36", "last_edit_year": 2025, "years_since_edit": 1, "label": "0.5–1.5 yr", "color": "#cbc9e2" }, "geometry": { "type": "Point", "coordinates": [ 3.8939359, 43.6040481 ] } },
{ "type": "Feature", "properties": { "index": "37", "last_edit_year": 2022, "years_since_edit": 4, "label": "2.5–6.5 yr", "color": "#756bb1" }, "geometry": { "type": "Point", "coordinates": [ 3.894175, 43.6073138 ] } },
{ "type": "Feature", "properties": { "index": "38", "last_edit_year": 2025, "years_since_edit": 1, "label": "0.5–1.5 yr", "color": "#cbc9e2" }, "geometry": { "type": "Point", "coordinates": [ 3.9036634, 43.6026986 ] } },
{ "type": "Feature", "properties": { "index": "39", "last_edit_year": 2025, "years_since_edit": 1, "label": "0.5–1.5 yr", "color": "#cbc9e2" }, "geometry": { "type": "Point", "coordinates": [ 3.9036906, 43.6026395 ] } },
{ "type": "Feature", "properties": { "index": "40", "last_edit_year": 2025, "years_since_edit": 1, "label": "0.5–1.5 yr", "color": "#cbc9e2" }, "geometry": { "type": "Point", "coordinates": [ 3.9043997, 43.6028798 ] } },
{ "type": "Feature", "properties": { "index": "41", "last_edit_year": 2025, "years_since_edit": 1, "label": "0.5–1.5 yr", "color": "#cbc9e2" }, "geometry": { "type": "Point", "coordinates": [ 3.9044285, 43.6028199 ] } },
{ "type": "Feature", "properties": { "index": "42", "last_edit_year": 2025, "years_since_edit": 1, "label": "0.5–1.5 yr", "color": "#cbc9e2" }, "geometry": { "type": "Point", "coordinates": [ 3.8990012, 43.6014284 ] } },
{ "type": "Feature", "properties": { "index": "43", "last_edit_year": 2025, "years_since_edit": 1, "label": "0.5–1.5 yr", "color": "#cbc9e2" }, "geometry": { "type": "Point", "coordinates": [ 3.9001598, 43.601819 ] } },
{ "type": "Feature", "properties": { "index": "44", "last_edit_year": 2025, "years_since_edit": 1, "label": "0.5–1.5 yr", "color": "#cbc9e2" }, "geometry": { "type": "Point", "coordinates": [ 3.9001956, 43.6017548 ] } },
{ "type": "Feature", "properties": { "index": "45", "last_edit_year": 2025, "years_since_edit": 1, "label": "0.5–1.5 yr", "color": "#cbc9e2" }, "geometry": { "type": "Point", "coordinates": [ 3.8861292, 43.6083198 ] } },
{ "type": "Feature", "properties": { "index": "46", "last_edit_year": 2025, "years_since_edit": 1, "label": "0.5–1.5 yr", "color": "#cbc9e2" }, "geometry": { "type": "Point", "coordinates": [ 3.8793455, 43.6085753 ] } },
{ "type": "Feature", "properties": { "index": "47", "last_edit_year": 2025, "years_since_edit": 1, "label": "0.5–1.5 yr", "color": "#cbc9e2" }, "geometry": { "type": "Point", "coordinates": [ 3.8832735, 43.6070394 ] } },
{ "type": "Feature", "properties": { "index": "48", "last_edit_year": 2025, "years_since_edit": 1, "label": "0.5–1.5 yr", "color": "#cbc9e2" }, "geometry": { "type": "Point", "coordinates": [ 3.8802169, 43.6058768 ] } },
{ "type": "Feature", "properties": { "index": "49", "last_edit_year": 2025, "years_since_edit": 1, "label": "0.5–1.5 yr", "color": "#cbc9e2" }, "geometry": { "type": "Point", "coordinates": [ 3.8801225, 43.6057199 ] } },
{ "type": "Feature", "properties": { "index": "50", "last_edit_year": 2025, "years_since_edit": 1, "label": "0.5–1.5 yr", "color": "#cbc9e2" }, "geometry": { "type": "Point", "coordinates": [ 3.8865853, 43.6085845 ] } },
{ "type": "Feature", "properties": { "index": "51", "last_edit_year": 2025, "years_since_edit": 1, "label": "0.5–1.5 yr", "color": "#cbc9e2" }, "geometry": { "type": "Point", "coordinates": [ 3.8782049, 43.6146921 ] } },
{ "type": "Feature", "properties": { "index": "52", "last_edit_year": 2025, "years_since_edit": 1, "label": "0.5–1.5 yr", "color": "#cbc9e2" }, "geometry": { "type": "Point", "coordinates": [ 3.8780404, 43.6147014 ] } },
{ "type": "Feature", "properties": { "index": "53", "last_edit_year": 2025, "years_since_edit": 1, "label": "0.5–1.5 yr", "color": "#cbc9e2" }, "geometry": { "type": "Point", "coordinates": [ 3.8780502, 43.6147899 ] } },
{ "type": "Feature", "properties": { "index": "54", "last_edit_year": 2025, "years_since_edit": 1, "label": "0.5–1.5 yr", "color": "#cbc9e2" }, "geometry": { "type": "Point", "coordinates": [ 3.8782148, 43.6147812 ] } },
{ "type": "Feature", "properties": { "index": "55", "last_edit_year": 2024, "years_since_edit": 2, "label": "1.5–2.5 yr", "color": "#9e9ac8" }, "geometry": { "type": "Point", "coordinates": [ 3.8800642, 43.6039972 ] } },
{ "type": "Feature", "properties": { "index": "56", "last_edit_year": 2024, "years_since_edit": 2, "label": "1.5–2.5 yr", "color": "#9e9ac8" }, "geometry": { "type": "Point", "coordinates": [ 3.8739401, 43.605423 ] } },
{ "type": "Feature", "properties": { "index": "57", "last_edit_year": 2024, "years_since_edit": 2, "label": "1.5–2.5 yr", "color": "#9e9ac8" }, "geometry": { "type": "Point", "coordinates": [ 3.8812901, 43.6050056 ] } },
{ "type": "Feature", "properties": { "index": "58", "last_edit_year": 2024, "years_since_edit": 2, "label": "1.5–2.5 yr", "color": "#9e9ac8" }, "geometry": { "type": "Point", "coordinates": [ 3.8805662, 43.6045752 ] } },
{ "type": "Feature", "properties": { "index": "59", "last_edit_year": 2024, "years_since_edit": 2, "label": "1.5–2.5 yr", "color": "#9e9ac8" }, "geometry": { "type": "Point", "coordinates": [ 3.8810329, 43.6046814 ] } },
{ "type": "Feature", "properties": { "index": "60", "last_edit_year": 2024, "years_since_edit": 2, "label": "1.5–2.5 yr", "color": "#9e9ac8" }, "geometry": { "type": "Point", "coordinates": [ 3.881427, 43.6047569 ] } },
{ "type": "Feature", "properties": { "index": "61", "last_edit_year": 2025, "years_since_edit": 1, "label": "0.5–1.5 yr", "color": "#cbc9e2" }, "geometry": { "type": "Point", "coordinates": [ 3.8801424, 43.6057254 ] } },
{ "type": "Feature", "properties": { "index": "62", "last_edit_year": 2025, "years_since_edit": 1, "label": "0.5–1.5 yr", "color": "#cbc9e2" }, "geometry": { "type": "Point", "coordinates": [ 3.8723489, 43.6115942 ] } },
{ "type": "Feature", "properties": { "index": "63", "last_edit_year": 2026, "years_since_edit": 0, "label": "0.0–0.5 yr", "color": "#f2f0f7" }, "geometry": { "type": "Point", "coordinates": [ 3.8722738, 43.6116842 ] } },
{ "type": "Feature", "properties": { "index": "64", "last_edit_year": 2025, "years_since_edit": 1, "label": "0.5–1.5 yr", "color": "#cbc9e2" }, "geometry": { "type": "Point", "coordinates": [ 3.8785283, 43.6030462 ] } },
{ "type": "Feature", "properties": { "index": "65", "last_edit_year": 2026, "years_since_edit": 0, "label": "0.0–0.5 yr", "color": "#f2f0f7" }, "geometry": { "type": "Point", "coordinates": [ 3.8681008, 43.6085045 ] } },
{ "type": "Feature", "properties": { "index": "66", "last_edit_year": 2026, "years_since_edit": 0, "label": "0.0–0.5 yr", "color": "#f2f0f7" }, "geometry": { "type": "Point", "coordinates": [ 3.8681686, 43.6085733 ] } },
{ "type": "Feature", "properties": { "index": "67", "last_edit_year": 2024, "years_since_edit": 2, "label": "1.5–2.5 yr", "color": "#9e9ac8" }, "geometry": { "type": "Point", "coordinates": [ 3.8809079, 43.6045893 ] } },
{ "type": "Feature", "properties": { "index": "68", "last_edit_year": 2024, "years_since_edit": 2, "label": "1.5–2.5 yr", "color": "#9e9ac8" }, "geometry": { "type": "Point", "coordinates": [ 3.8797403, 43.6039771 ] } },
{ "type": "Feature", "properties": { "index": "69", "last_edit_year": 2025, "years_since_edit": 1, "label": "0.5–1.5 yr", "color": "#cbc9e2" }, "geometry": { "type": "Point", "coordinates": [ 3.8797717, 43.6084491 ] } },
{ "type": "Feature", "properties": { "index": "70", "last_edit_year": 2025, "years_since_edit": 1, "label": "0.5–1.5 yr", "color": "#cbc9e2" }, "geometry": { "type": "Point", "coordinates": [ 3.879858, 43.6083732 ] } },
{ "type": "Feature", "properties": { "index": "71", "last_edit_year": 2018, "years_since_edit": 8, "label": "6.5–14.0 yr", "color": "#54278f" }, "geometry": { "type": "Point", "coordinates": [ 3.8873072, 43.6083652 ] } },
{ "type": "Feature", "properties": { "index": "72", "last_edit_year": 2018, "years_since_edit": 8, "label": "6.5–14.0 yr", "color": "#54278f" }, "geometry": { "type": "Point", "coordinates": [ 3.8872762, 43.6081006 ] } },
{ "type": "Feature", "properties": { "index": "73", "last_edit_year": 2018, "years_since_edit": 8, "label": "6.5–14.0 yr", "color": "#54278f" }, "geometry": { "type": "Point", "coordinates": [ 3.8879707, 43.6080533 ] } },
{ "type": "Feature", "properties": { "index": "74", "last_edit_year": 2018, "years_since_edit": 8, "label": "6.5–14.0 yr", "color": "#54278f" }, "geometry": { "type": "Point", "coordinates": [ 3.8880032, 43.6083091 ] } },
{ "type": "Feature", "properties": { "index": "75", "last_edit_year": 2018, "years_since_edit": 8, "label": "6.5–14.0 yr", "color": "#54278f" }, "geometry": { "type": "Point", "coordinates": [ 3.8875226, 43.6084896 ] } },
{ "type": "Feature", "properties": { "index": "76", "last_edit_year": 2018, "years_since_edit": 8, "label": "6.5–14.0 yr", "color": "#54278f" }, "geometry": { "type": "Point", "coordinates": [ 3.8878139, 43.60847 ] } },
{ "type": "Feature", "properties": { "index": "77", "last_edit_year": 2018, "years_since_edit": 8, "label": "6.5–14.0 yr", "color": "#54278f" }, "geometry": { "type": "Point", "coordinates": [ 3.8874422, 43.6079553 ] } },
{ "type": "Feature", "properties": { "index": "78", "last_edit_year": 2018, "years_since_edit": 8, "label": "6.5–14.0 yr", "color": "#54278f" }, "geometry": { "type": "Point", "coordinates": [ 3.8877386, 43.6079315 ] } },
{ "type": "Feature", "properties": { "index": "79", "last_edit_year": 2026, "years_since_edit": 0, "label": "0.0–0.5 yr", "color": "#f2f0f7" }, "geometry": { "type": "Point", "coordinates": [ 3.8787903, 43.6031071 ] } },
{ "type": "Feature", "properties": { "index": "80", "last_edit_year": 2024, "years_since_edit": 2, "label": "1.5–2.5 yr", "color": "#9e9ac8" }, "geometry": { "type": "Point", "coordinates": [ 3.8787286, 43.6028541 ] } },
{ "type": "Feature", "properties": { "index": "81", "last_edit_year": 2024, "years_since_edit": 2, "label": "1.5–2.5 yr", "color": "#9e9ac8" }, "geometry": { "type": "Point", "coordinates": [ 3.878631, 43.6024811 ] } },
{ "type": "Feature", "properties": { "index": "82", "last_edit_year": 2023, "years_since_edit": 3, "label": "2.5–6.5 yr", "color": "#756bb1" }, "geometry": { "type": "Point", "coordinates": [ 3.880959, 43.6043779 ] } },
{ "type": "Feature", "properties": { "index": "83", "last_edit_year": 2025, "years_since_edit": 1, "label": "0.5–1.5 yr", "color": "#cbc9e2" }, "geometry": { "type": "Point", "coordinates": [ 3.8796573, 43.6052027 ] } },
{ "type": "Feature", "properties": { "index": "84", "last_edit_year": 2026, "years_since_edit": 0, "label": "0.0–0.5 yr", "color": "#f2f0f7" }, "geometry": { "type": "Point", "coordinates": [ 3.8797442, 43.6052615 ] } },
{ "type": "Feature", "properties": { "index": "85", "last_edit_year": 2025, "years_since_edit": 1, "label": "0.5–1.5 yr", "color": "#cbc9e2" }, "geometry": { "type": "Point", "coordinates": [ 3.8802518, 43.6057477 ] } },
{ "type": "Feature", "properties": { "index": "86", "last_edit_year": 2022, "years_since_edit": 4, "label": "2.5–6.5 yr", "color": "#756bb1" }, "geometry": { "type": "Point", "coordinates": [ 3.8740089, 43.6055791 ] } },
{ "type": "Feature", "properties": { "index": "87", "last_edit_year": 2025, "years_since_edit": 1, "label": "0.5–1.5 yr", "color": "#cbc9e2" }, "geometry": { "type": "Point", "coordinates": [ 3.8760698, 43.6031329 ] } },
{ "type": "Feature", "properties": { "index": "88", "last_edit_year": 2025, "years_since_edit": 1, "label": "0.5–1.5 yr", "color": "#cbc9e2" }, "geometry": { "type": "Point", "coordinates": [ 3.8760492, 43.6030637 ] } },
{ "type": "Feature", "properties": { "index": "89", "last_edit_year": 2025, "years_since_edit": 1, "label": "0.5–1.5 yr", "color": "#cbc9e2" }, "geometry": { "type": "Point", "coordinates": [ 3.8882348, 43.6140005 ] } },
{ "type": "Feature", "properties": { "index": "90", "last_edit_year": 2025, "years_since_edit": 1, "label": "0.5–1.5 yr", "color": "#cbc9e2" }, "geometry": { "type": "Point", "coordinates": [ 3.8882285, 43.6139315 ] } },
{ "type": "Feature", "properties": { "index": "91", "last_edit_year": 2026, "years_since_edit": 0, "label": "0.0–0.5 yr", "color": "#f2f0f7" }, "geometry": { "type": "Point", "coordinates": [ 3.8781282, 43.6147115 ] } },
{ "type": "Feature", "properties": { "index": "92", "last_edit_year": 2026, "years_since_edit": 0, "label": "0.0–0.5 yr", "color": "#f2f0f7" }, "geometry": { "type": "Point", "coordinates": [ 3.8781313, 43.6147721 ] } },
{ "type": "Feature", "properties": { "index": "93", "last_edit_year": 2026, "years_since_edit": 0, "label": "0.0–0.5 yr", "color": "#f2f0f7" }, "geometry": { "type": "Point", "coordinates": [ 3.8832887, 43.6071111 ] } },
{ "type": "Feature", "properties": { "index": "94", "last_edit_year": 2025, "years_since_edit": 1, "label": "0.5–1.5 yr", "color": "#cbc9e2" }, "geometry": { "type": "Point", "coordinates": [ 3.8832024, 43.6071307 ] } },
{ "type": "Feature", "properties": { "index": "95", "last_edit_year": 2024, "years_since_edit": 2, "label": "1.5–2.5 yr", "color": "#9e9ac8" }, "geometry": { "type": "Point", "coordinates": [ 3.8772182, 43.6112045 ] } },
{ "type": "Feature", "properties": { "index": "96", "last_edit_year": 2024, "years_since_edit": 2, "label": "1.5–2.5 yr", "color": "#9e9ac8" }, "geometry": { "type": "Point", "coordinates": [ 3.8816912, 43.6142388 ] } },
{ "type": "Feature", "properties": { "index": "97", "last_edit_year": 2025, "years_since_edit": 1, "label": "0.5–1.5 yr", "color": "#cbc9e2" }, "geometry": { "type": "Point", "coordinates": [ 3.8817282, 43.6142376 ] } },
{ "type": "Feature", "properties": { "index": "98", "last_edit_year": 2025, "years_since_edit": 1, "label": "0.5–1.5 yr", "color": "#cbc9e2" }, "geometry": { "type": "Point", "coordinates": [ 3.8818963, 43.6141936 ] } },
{ "type": "Feature", "properties": { "index": "99", "last_edit_year": 2019, "years_since_edit": 7, "label": "6.5–14.0 yr", "color": "#54278f" }, "geometry": { "type": "Point", "coordinates": [ 3.8820237, 43.6141077 ] } },
{ "type": "Feature", "properties": { "index": "100", "last_edit_year": 2025, "years_since_edit": 1, "label": "0.5–1.5 yr", "color": "#cbc9e2" }, "geometry": { "type": "Point", "coordinates": [ 3.8812647, 43.6046602 ] } },
{ "type": "Feature", "properties": { "index": "101", "last_edit_year": 2026, "years_since_edit": 0, "label": "0.0–0.5 yr", "color": "#f2f0f7" }, "geometry": { "type": "Point", "coordinates": [ 3.8797983, 43.604473 ] } },
{ "type": "Feature", "properties": { "index": "102", "last_edit_year": 2026, "years_since_edit": 0, "label": "0.0–0.5 yr", "color": "#f2f0f7" }, "geometry": { "type": "Point", "coordinates": [ 3.879861, 43.6044271 ] } },
{ "type": "Feature", "properties": { "index": "103", "last_edit_year": 2026, "years_since_edit": 0, "label": "0.0–0.5 yr", "color": "#f2f0f7" }, "geometry": { "type": "Point", "coordinates": [ 3.881822, 43.6141707 ] } },
{ "type": "Feature", "properties": { "index": "104", "last_edit_year": 2026, "years_since_edit": 0, "label": "0.0–0.5 yr", "color": "#f2f0f7" }, "geometry": { "type": "Point", "coordinates": [ 3.8819973, 43.6144925 ] } },
{ "type": "Feature", "properties": { "index": "105", "last_edit_year": 2026, "years_since_edit": 0, "label": "0.0–0.5 yr", "color": "#f2f0f7" }, "geometry": { "type": "Point", "coordinates": [ 3.8819798, 43.6143853 ] } },
{ "type": "Feature", "properties": { "index": "106", "last_edit_year": 2026, "years_since_edit": 0, "label": "0.0–0.5 yr", "color": "#f2f0f7" }, "geometry": { "type": "Point", "coordinates": [ 3.8680638, 43.6013459 ] } },
{ "type": "Feature", "properties": { "index": "107", "last_edit_year": 2026, "years_since_edit": 0, "label": "0.0–0.5 yr", "color": "#f2f0f7" }, "geometry": { "type": "Point", "coordinates": [ 3.8681245, 43.6012934 ] } },
{ "type": "Feature", "properties": { "index": "108", "last_edit_year": 2026, "years_since_edit": 0, "label": "0.0–0.5 yr", "color": "#f2f0f7" }, "geometry": { "type": "Point", "coordinates": [ 3.872161, 43.6034248 ] } },
{ "type": "Feature", "properties": { "index": "109", "last_edit_year": 2026, "years_since_edit": 0, "label": "0.0–0.5 yr", "color": "#f2f0f7" }, "geometry": { "type": "Point", "coordinates": [ 3.8745048, 43.6050332 ] } },
{ "type": "Feature", "properties": { "index": "110", "last_edit_year": 2026, "years_since_edit": 0, "label": "0.0–0.5 yr", "color": "#f2f0f7" }, "geometry": { "type": "Point", "coordinates": [ 3.8737049, 43.608003 ] } },
{ "type": "Feature", "properties": { "index": "111", "last_edit_year": 2026, "years_since_edit": 0, "label": "0.0–0.5 yr", "color": "#f2f0f7" }, "geometry": { "type": "Point", "coordinates": [ 3.8736399, 43.607971 ] } },
{ "type": "Feature", "properties": { "index": "112", "last_edit_year": 2025, "years_since_edit": 1, "label": "0.5–1.5 yr", "color": "#cbc9e2" }, "geometry": { "type": "Point", "coordinates": [ 3.855393, 43.6029424 ] } },
{ "type": "Feature", "properties": { "index": "113", "last_edit_year": 2024, "years_since_edit": 2, "label": "1.5–2.5 yr", "color": "#9e9ac8" }, "geometry": { "type": "Point", "coordinates": [ 3.8576016, 43.6206287 ] } },
{ "type": "Feature", "properties": { "index": "114", "last_edit_year": 2024, "years_since_edit": 2, "label": "1.5–2.5 yr", "color": "#9e9ac8" }, "geometry": { "type": "Point", "coordinates": [ 3.8575347, 43.6206989 ] } },
{ "type": "Feature", "properties": { "index": "115", "last_edit_year": 2026, "years_since_edit": 0, "label": "0.0–0.5 yr", "color": "#f2f0f7" }, "geometry": { "type": "Point", "coordinates": [ 3.8637087, 43.6225681 ] } },
{ "type": "Feature", "properties": { "index": "116", "last_edit_year": 2024, "years_since_edit": 2, "label": "1.5–2.5 yr", "color": "#9e9ac8" }, "geometry": { "type": "Point", "coordinates": [ 3.8576113, 43.6208307 ] } },
{ "type": "Feature", "properties": { "index": "117", "last_edit_year": 2024, "years_since_edit": 2, "label": "1.5–2.5 yr", "color": "#9e9ac8" }, "geometry": { "type": "Point", "coordinates": [ 3.8630019, 43.618438 ] } },
{ "type": "Feature", "properties": { "index": "118", "last_edit_year": 2024, "years_since_edit": 2, "label": "1.5–2.5 yr", "color": "#9e9ac8" }, "geometry": { "type": "Point", "coordinates": [ 3.8630427, 43.6184901 ] } },
{ "type": "Feature", "properties": { "index": "119", "last_edit_year": 2024, "years_since_edit": 2, "label": "1.5–2.5 yr", "color": "#9e9ac8" }, "geometry": { "type": "Point", "coordinates": [ 3.8644948, 43.6183822 ] } },
{ "type": "Feature", "properties": { "index": "120", "last_edit_year": 2026, "years_since_edit": 0, "label": "0.0–0.5 yr", "color": "#f2f0f7" }, "geometry": { "type": "Point", "coordinates": [ 3.8643096, 43.6149079 ] } },
{ "type": "Feature", "properties": { "index": "121", "last_edit_year": 2026, "years_since_edit": 0, "label": "0.0–0.5 yr", "color": "#f2f0f7" }, "geometry": { "type": "Point", "coordinates": [ 3.8664466, 43.6135687 ] } },
{ "type": "Feature", "properties": { "index": "122", "last_edit_year": 2024, "years_since_edit": 2, "label": "1.5–2.5 yr", "color": "#9e9ac8" }, "geometry": { "type": "Point", "coordinates": [ 3.8645761, 43.6119618 ] } },
{ "type": "Feature", "properties": { "index": "123", "last_edit_year": 2024, "years_since_edit": 2, "label": "1.5–2.5 yr", "color": "#9e9ac8" }, "geometry": { "type": "Point", "coordinates": [ 3.8580111, 43.6115579 ] } },
{ "type": "Feature", "properties": { "index": "124", "last_edit_year": 2025, "years_since_edit": 1, "label": "0.5–1.5 yr", "color": "#cbc9e2" }, "geometry": { "type": "Point", "coordinates": [ 3.8632413, 43.6071762 ] } },
{ "type": "Feature", "properties": { "index": "125", "last_edit_year": 2024, "years_since_edit": 2, "label": "1.5–2.5 yr", "color": "#9e9ac8" }, "geometry": { "type": "Point", "coordinates": [ 3.8588127, 43.6079321 ] } },
{ "type": "Feature", "properties": { "index": "126", "last_edit_year": 2024, "years_since_edit": 2, "label": "1.5–2.5 yr", "color": "#9e9ac8" }, "geometry": { "type": "Point", "coordinates": [ 3.8553157, 43.6116553 ] } },
{ "type": "Feature", "properties": { "index": "127", "last_edit_year": 2023, "years_since_edit": 3, "label": "2.5–6.5 yr", "color": "#756bb1" }, "geometry": { "type": "Point", "coordinates": [ 3.8616203, 43.62362 ] } },
{ "type": "Feature", "properties": { "index": "128", "last_edit_year": 2023, "years_since_edit": 3, "label": "2.5–6.5 yr", "color": "#756bb1" }, "geometry": { "type": "Point", "coordinates": [ 3.8604863, 43.6226379 ] } },
{ "type": "Feature", "properties": { "index": "129", "last_edit_year": 2023, "years_since_edit": 3, "label": "2.5–6.5 yr", "color": "#756bb1" }, "geometry": { "type": "Point", "coordinates": [ 3.856902, 43.6206125 ] } },
{ "type": "Feature", "properties": { "index": "130", "last_edit_year": 2023, "years_since_edit": 3, "label": "2.5–6.5 yr", "color": "#756bb1" }, "geometry": { "type": "Point", "coordinates": [ 3.8569901, 43.6205134 ] } },
{ "type": "Feature", "properties": { "index": "131", "last_edit_year": 2026, "years_since_edit": 0, "label": "0.0–0.5 yr", "color": "#f2f0f7" }, "geometry": { "type": "Point", "coordinates": [ 3.8550196, 43.6152826 ] } },
{ "type": "Feature", "properties": { "index": "132", "last_edit_year": 2026, "years_since_edit": 0, "label": "0.0–0.5 yr", "color": "#f2f0f7" }, "geometry": { "type": "Point", "coordinates": [ 3.8568513, 43.614987 ] } },
{ "type": "Feature", "properties": { "index": "133", "last_edit_year": 2022, "years_since_edit": 4, "label": "2.5–6.5 yr", "color": "#756bb1" }, "geometry": { "type": "Point", "coordinates": [ 3.8586079, 43.6134726 ] } },
{ "type": "Feature", "properties": { "index": "134", "last_edit_year": 2025, "years_since_edit": 1, "label": "0.5–1.5 yr", "color": "#cbc9e2" }, "geometry": { "type": "Point", "coordinates": [ 3.8611766, 43.6121671 ] } },
{ "type": "Feature", "properties": { "index": "135", "last_edit_year": 2022, "years_since_edit": 4, "label": "2.5–6.5 yr", "color": "#756bb1" }, "geometry": { "type": "Point", "coordinates": [ 3.8631616, 43.6120045 ] } },
{ "type": "Feature", "properties": { "index": "136", "last_edit_year": 2024, "years_since_edit": 2, "label": "1.5–2.5 yr", "color": "#9e9ac8" }, "geometry": { "type": "Point", "coordinates": [ 3.866554, 43.6020368 ] } },
{ "type": "Feature", "properties": { "index": "137", "last_edit_year": 2024, "years_since_edit": 2, "label": "1.5–2.5 yr", "color": "#9e9ac8" }, "geometry": { "type": "Point", "coordinates": [ 3.8573143, 43.6044983 ] } },
{ "type": "Feature", "properties": { "index": "138", "last_edit_year": 2024, "years_since_edit": 2, "label": "1.5–2.5 yr", "color": "#9e9ac8" }, "geometry": { "type": "Point", "coordinates": [ 3.8576143, 43.6043177 ] } },
{ "type": "Feature", "properties": { "index": "139", "last_edit_year": 2025, "years_since_edit": 1, "label": "0.5–1.5 yr", "color": "#cbc9e2" }, "geometry": { "type": "Point", "coordinates": [ 3.8627928, 43.6030655 ] } },
{ "type": "Feature", "properties": { "index": "140", "last_edit_year": 2025, "years_since_edit": 1, "label": "0.5–1.5 yr", "color": "#cbc9e2" }, "geometry": { "type": "Point", "coordinates": [ 3.8626938, 43.6030266 ] } },
{ "type": "Feature", "properties": { "index": "141", "last_edit_year": 2025, "years_since_edit": 1, "label": "0.5–1.5 yr", "color": "#cbc9e2" }, "geometry": { "type": "Point", "coordinates": [ 3.8663961, 43.6172794 ] } },
{ "type": "Feature", "properties": { "index": "142", "last_edit_year": 2024, "years_since_edit": 2, "label": "1.5–2.5 yr", "color": "#9e9ac8" }, "geometry": { "type": "Point", "coordinates": [ 3.8577303, 43.6162815 ] } },
{ "type": "Feature", "properties": { "index": "143", "last_edit_year": 2024, "years_since_edit": 2, "label": "1.5–2.5 yr", "color": "#9e9ac8" }, "geometry": { "type": "Point", "coordinates": [ 3.8586715, 43.6162637 ] } },
{ "type": "Feature", "properties": { "index": "144", "last_edit_year": 2024, "years_since_edit": 2, "label": "1.5–2.5 yr", "color": "#9e9ac8" }, "geometry": { "type": "Point", "coordinates": [ 3.8655822, 43.6141097 ] } },
{ "type": "Feature", "properties": { "index": "145", "last_edit_year": 2025, "years_since_edit": 1, "label": "0.5–1.5 yr", "color": "#cbc9e2" }, "geometry": { "type": "Point", "coordinates": [ 3.8623402, 43.6146808 ] } },
{ "type": "Feature", "properties": { "index": "146", "last_edit_year": 2024, "years_since_edit": 2, "label": "1.5–2.5 yr", "color": "#9e9ac8" }, "geometry": { "type": "Point", "coordinates": [ 3.865427, 43.6198144 ] } },
{ "type": "Feature", "properties": { "index": "147", "last_edit_year": 2026, "years_since_edit": 0, "label": "0.0–0.5 yr", "color": "#f2f0f7" }, "geometry": { "type": "Point", "coordinates": [ 3.8620369, 43.6238268 ] } },
{ "type": "Feature", "properties": { "index": "148", "last_edit_year": 2026, "years_since_edit": 0, "label": "0.0–0.5 yr", "color": "#f2f0f7" }, "geometry": { "type": "Point", "coordinates": [ 3.8621912, 43.6238297 ] } },
{ "type": "Feature", "properties": { "index": "149", "last_edit_year": 2024, "years_since_edit": 2, "label": "1.5–2.5 yr", "color": "#9e9ac8" }, "geometry": { "type": "Point", "coordinates": [ 3.8650679, 43.6115294 ] } },
{ "type": "Feature", "properties": { "index": "150", "last_edit_year": 2024, "years_since_edit": 2, "label": "1.5–2.5 yr", "color": "#9e9ac8" }, "geometry": { "type": "Point", "coordinates": [ 3.8646367, 43.6118512 ] } },
{ "type": "Feature", "properties": { "index": "151", "last_edit_year": 2024, "years_since_edit": 2, "label": "1.5–2.5 yr", "color": "#9e9ac8" }, "geometry": { "type": "Point", "coordinates": [ 3.8633831, 43.6119458 ] } },
{ "type": "Feature", "properties": { "index": "152", "last_edit_year": 2024, "years_since_edit": 2, "label": "1.5–2.5 yr", "color": "#9e9ac8" }, "geometry": { "type": "Point", "coordinates": [ 3.8620536, 43.6117502 ] } },
{ "type": "Feature", "properties": { "index": "153", "last_edit_year": 2024, "years_since_edit": 2, "label": "1.5–2.5 yr", "color": "#9e9ac8" }, "geometry": { "type": "Point", "coordinates": [ 3.8579199, 43.6205857 ] } },
{ "type": "Feature", "properties": { "index": "154", "last_edit_year": 2024, "years_since_edit": 2, "label": "1.5–2.5 yr", "color": "#9e9ac8" }, "geometry": { "type": "Point", "coordinates": [ 3.857991, 43.6206436 ] } },
{ "type": "Feature", "properties": { "index": "155", "last_edit_year": 2024, "years_since_edit": 2, "label": "1.5–2.5 yr", "color": "#9e9ac8" }, "geometry": { "type": "Point", "coordinates": [ 3.8574186, 43.6207367 ] } },
{ "type": "Feature", "properties": { "index": "156", "last_edit_year": 2024, "years_since_edit": 2, "label": "1.5–2.5 yr", "color": "#9e9ac8" }, "geometry": { "type": "Point", "coordinates": [ 3.8575557, 43.6207661 ] } },
{ "type": "Feature", "properties": { "index": "157", "last_edit_year": 2025, "years_since_edit": 1, "label": "0.5–1.5 yr", "color": "#cbc9e2" }, "geometry": { "type": "Point", "coordinates": [ 3.8583571, 43.6104201 ] } },
{ "type": "Feature", "properties": { "index": "158", "last_edit_year": 2024, "years_since_edit": 2, "label": "1.5–2.5 yr", "color": "#9e9ac8" }, "geometry": { "type": "Point", "coordinates": [ 3.8627667, 43.609793 ] } },
{ "type": "Feature", "properties": { "index": "159", "last_edit_year": 2025, "years_since_edit": 1, "label": "0.5–1.5 yr", "color": "#cbc9e2" }, "geometry": { "type": "Point", "coordinates": [ 3.8660241, 43.6092064 ] } },
{ "type": "Feature", "properties": { "index": "160", "last_edit_year": 2024, "years_since_edit": 2, "label": "1.5–2.5 yr", "color": "#9e9ac8" }, "geometry": { "type": "Point", "coordinates": [ 3.866428, 43.6117068 ] } },
{ "type": "Feature", "properties": { "index": "161", "last_edit_year": 2024, "years_since_edit": 2, "label": "1.5–2.5 yr", "color": "#9e9ac8" }, "geometry": { "type": "Point", "coordinates": [ 3.8665268, 43.6118253 ] } },
{ "type": "Feature", "properties": { "index": "162", "last_edit_year": 2024, "years_since_edit": 2, "label": "1.5–2.5 yr", "color": "#9e9ac8" }, "geometry": { "type": "Point", "coordinates": [ 3.8664069, 43.6114401 ] } },
{ "type": "Feature", "properties": { "index": "163", "last_edit_year": 2024, "years_since_edit": 2, "label": "1.5–2.5 yr", "color": "#9e9ac8" }, "geometry": { "type": "Point", "coordinates": [ 3.8659109, 43.611474 ] } },
{ "type": "Feature", "properties": { "index": "164", "last_edit_year": 2024, "years_since_edit": 2, "label": "1.5–2.5 yr", "color": "#9e9ac8" }, "geometry": { "type": "Point", "coordinates": [ 3.8657, 43.6114824 ] } },
{ "type": "Feature", "properties": { "index": "165", "last_edit_year": 2022, "years_since_edit": 4, "label": "2.5–6.5 yr", "color": "#756bb1" }, "geometry": { "type": "Point", "coordinates": [ 3.8609249, 43.6116344 ] } },
{ "type": "Feature", "properties": { "index": "166", "last_edit_year": 2024, "years_since_edit": 2, "label": "1.5–2.5 yr", "color": "#9e9ac8" }, "geometry": { "type": "Point", "coordinates": [ 3.8609881, 43.6116509 ] } },
{ "type": "Feature", "properties": { "index": "167", "last_edit_year": 2024, "years_since_edit": 2, "label": "1.5–2.5 yr", "color": "#9e9ac8" }, "geometry": { "type": "Point", "coordinates": [ 3.8607374, 43.6116866 ] } },
{ "type": "Feature", "properties": { "index": "168", "last_edit_year": 2024, "years_since_edit": 2, "label": "1.5–2.5 yr", "color": "#9e9ac8" }, "geometry": { "type": "Point", "coordinates": [ 3.8611345, 43.6116879 ] } },
{ "type": "Feature", "properties": { "index": "169", "last_edit_year": 2024, "years_since_edit": 2, "label": "1.5–2.5 yr", "color": "#9e9ac8" }, "geometry": { "type": "Point", "coordinates": [ 3.8616617, 43.6118987 ] } },
{ "type": "Feature", "properties": { "index": "170", "last_edit_year": 2024, "years_since_edit": 2, "label": "1.5–2.5 yr", "color": "#9e9ac8" }, "geometry": { "type": "Point", "coordinates": [ 3.8615592, 43.6119554 ] } },
{ "type": "Feature", "properties": { "index": "171", "last_edit_year": 2024, "years_since_edit": 2, "label": "1.5–2.5 yr", "color": "#9e9ac8" }, "geometry": { "type": "Point", "coordinates": [ 3.8614545, 43.6119786 ] } },
{ "type": "Feature", "properties": { "index": "172", "last_edit_year": 2024, "years_since_edit": 2, "label": "1.5–2.5 yr", "color": "#9e9ac8" }, "geometry": { "type": "Point", "coordinates": [ 3.8652328, 43.6198986 ] } },
{ "type": "Feature", "properties": { "index": "173", "last_edit_year": 2026, "years_since_edit": 0, "label": "0.0–0.5 yr", "color": "#f2f0f7" }, "geometry": { "type": "Point", "coordinates": [ 3.8664599, 43.6134344 ] } },
{ "type": "Feature", "properties": { "index": "174", "last_edit_year": 2026, "years_since_edit": 0, "label": "0.0–0.5 yr", "color": "#f2f0f7" }, "geometry": { "type": "Point", "coordinates": [ 3.8665931, 43.6134788 ] } },
{ "type": "Feature", "properties": { "index": "175", "last_edit_year": 2026, "years_since_edit": 0, "label": "0.0–0.5 yr", "color": "#f2f0f7" }, "geometry": { "type": "Point", "coordinates": [ 3.8662998, 43.6136707 ] } },
{ "type": "Feature", "properties": { "index": "176", "last_edit_year": 2026, "years_since_edit": 0, "label": "0.0–0.5 yr", "color": "#f2f0f7" }, "geometry": { "type": "Point", "coordinates": [ 3.8661641, 43.6137559 ] } },
{ "type": "Feature", "properties": { "index": "177", "last_edit_year": 2026, "years_since_edit": 0, "label": "0.0–0.5 yr", "color": "#f2f0f7" }, "geometry": { "type": "Point", "coordinates": [ 3.8665229, 43.613771 ] } },
{ "type": "Feature", "properties": { "index": "178", "last_edit_year": 2024, "years_since_edit": 2, "label": "1.5–2.5 yr", "color": "#9e9ac8" }, "geometry": { "type": "Point", "coordinates": [ 3.8657326, 43.6138531 ] } },
{ "type": "Feature", "properties": { "index": "179", "last_edit_year": 2026, "years_since_edit": 0, "label": "0.0–0.5 yr", "color": "#f2f0f7" }, "geometry": { "type": "Point", "coordinates": [ 3.8656258, 43.6140161 ] } },
{ "type": "Feature", "properties": { "index": "180", "last_edit_year": 2024, "years_since_edit": 2, "label": "1.5–2.5 yr", "color": "#9e9ac8" }, "geometry": { "type": "Point", "coordinates": [ 3.8650281, 43.6144131 ] } },
{ "type": "Feature", "properties": { "index": "181", "last_edit_year": 2024, "years_since_edit": 2, "label": "1.5–2.5 yr", "color": "#9e9ac8" }, "geometry": { "type": "Point", "coordinates": [ 3.8628806, 43.6159917 ] } },
{ "type": "Feature", "properties": { "index": "182", "last_edit_year": 2024, "years_since_edit": 2, "label": "1.5–2.5 yr", "color": "#9e9ac8" }, "geometry": { "type": "Point", "coordinates": [ 3.8627174, 43.6159935 ] } },
{ "type": "Feature", "properties": { "index": "183", "last_edit_year": 2024, "years_since_edit": 2, "label": "1.5–2.5 yr", "color": "#9e9ac8" }, "geometry": { "type": "Point", "coordinates": [ 3.8623116, 43.6162732 ] } },
{ "type": "Feature", "properties": { "index": "184", "last_edit_year": 2025, "years_since_edit": 1, "label": "0.5–1.5 yr", "color": "#cbc9e2" }, "geometry": { "type": "Point", "coordinates": [ 3.8614162, 43.6168913 ] } },
{ "type": "Feature", "properties": { "index": "185", "last_edit_year": 2025, "years_since_edit": 1, "label": "0.5–1.5 yr", "color": "#cbc9e2" }, "geometry": { "type": "Point", "coordinates": [ 3.8611026, 43.6169938 ] } },
{ "type": "Feature", "properties": { "index": "186", "last_edit_year": 2025, "years_since_edit": 1, "label": "0.5–1.5 yr", "color": "#cbc9e2" }, "geometry": { "type": "Point", "coordinates": [ 3.8613146, 43.6170663 ] } },
{ "type": "Feature", "properties": { "index": "187", "last_edit_year": 2025, "years_since_edit": 1, "label": "0.5–1.5 yr", "color": "#cbc9e2" }, "geometry": { "type": "Point", "coordinates": [ 3.8610334, 43.6171453 ] } },
{ "type": "Feature", "properties": { "index": "188", "last_edit_year": 2024, "years_since_edit": 2, "label": "1.5–2.5 yr", "color": "#9e9ac8" }, "geometry": { "type": "Point", "coordinates": [ 3.8666375, 43.6176055 ] } },
{ "type": "Feature", "properties": { "index": "189", "last_edit_year": 2024, "years_since_edit": 2, "label": "1.5–2.5 yr", "color": "#9e9ac8" }, "geometry": { "type": "Point", "coordinates": [ 3.8665943, 43.6177139 ] } },
{ "type": "Feature", "properties": { "index": "190", "last_edit_year": 2024, "years_since_edit": 2, "label": "1.5–2.5 yr", "color": "#9e9ac8" }, "geometry": { "type": "Point", "coordinates": [ 3.8631708, 43.6182086 ] } },
{ "type": "Feature", "properties": { "index": "191", "last_edit_year": 2024, "years_since_edit": 2, "label": "1.5–2.5 yr", "color": "#9e9ac8" }, "geometry": { "type": "Point", "coordinates": [ 3.8630717, 43.6182366 ] } },
{ "type": "Feature", "properties": { "index": "192", "last_edit_year": 2024, "years_since_edit": 2, "label": "1.5–2.5 yr", "color": "#9e9ac8" }, "geometry": { "type": "Point", "coordinates": [ 3.8635319, 43.6183067 ] } },
{ "type": "Feature", "properties": { "index": "193", "last_edit_year": 2024, "years_since_edit": 2, "label": "1.5–2.5 yr", "color": "#9e9ac8" }, "geometry": { "type": "Point", "coordinates": [ 3.8594154, 43.6183349 ] } },
{ "type": "Feature", "properties": { "index": "194", "last_edit_year": 2024, "years_since_edit": 2, "label": "1.5–2.5 yr", "color": "#9e9ac8" }, "geometry": { "type": "Point", "coordinates": [ 3.8635467, 43.6183541 ] } },
{ "type": "Feature", "properties": { "index": "195", "last_edit_year": 2024, "years_since_edit": 2, "label": "1.5–2.5 yr", "color": "#9e9ac8" }, "geometry": { "type": "Point", "coordinates": [ 3.8644396, 43.6184454 ] } },
{ "type": "Feature", "properties": { "index": "196", "last_edit_year": 2024, "years_since_edit": 2, "label": "1.5–2.5 yr", "color": "#9e9ac8" }, "geometry": { "type": "Point", "coordinates": [ 3.8592754, 43.6184406 ] } },
{ "type": "Feature", "properties": { "index": "197", "last_edit_year": 2024, "years_since_edit": 2, "label": "1.5–2.5 yr", "color": "#9e9ac8" }, "geometry": { "type": "Point", "coordinates": [ 3.8645308, 43.6184586 ] } },
{ "type": "Feature", "properties": { "index": "198", "last_edit_year": 2024, "years_since_edit": 2, "label": "1.5–2.5 yr", "color": "#9e9ac8" }, "geometry": { "type": "Point", "coordinates": [ 3.8634225, 43.6184915 ] } },
{ "type": "Feature", "properties": { "index": "199", "last_edit_year": 2024, "years_since_edit": 2, "label": "1.5–2.5 yr", "color": "#9e9ac8" }, "geometry": { "type": "Point", "coordinates": [ 3.8633836, 43.6185349 ] } },
{ "type": "Feature", "properties": { "index": "200", "last_edit_year": 2024, "years_since_edit": 2, "label": "1.5–2.5 yr", "color": "#9e9ac8" }, "geometry": { "type": "Point", "coordinates": [ 3.8637459, 43.618889 ] } },
{ "type": "Feature", "properties": { "index": "201", "last_edit_year": 2024, "years_since_edit": 2, "label": "1.5–2.5 yr", "color": "#9e9ac8" }, "geometry": { "type": "Point", "coordinates": [ 3.8639198, 43.6189391 ] } },
{ "type": "Feature", "properties": { "index": "202", "last_edit_year": 2024, "years_since_edit": 2, "label": "1.5–2.5 yr", "color": "#9e9ac8" }, "geometry": { "type": "Point", "coordinates": [ 3.8637546, 43.619022 ] } },
{ "type": "Feature", "properties": { "index": "203", "last_edit_year": 2024, "years_since_edit": 2, "label": "1.5–2.5 yr", "color": "#9e9ac8" }, "geometry": { "type": "Point", "coordinates": [ 3.8617978, 43.6190939 ] } },
{ "type": "Feature", "properties": { "index": "204", "last_edit_year": 2024, "years_since_edit": 2, "label": "1.5–2.5 yr", "color": "#9e9ac8" }, "geometry": { "type": "Point", "coordinates": [ 3.8609846, 43.6193947 ] } },
{ "type": "Feature", "properties": { "index": "205", "last_edit_year": 2024, "years_since_edit": 2, "label": "1.5–2.5 yr", "color": "#9e9ac8" }, "geometry": { "type": "Point", "coordinates": [ 3.8611368, 43.6194599 ] } },
{ "type": "Feature", "properties": { "index": "206", "last_edit_year": 2024, "years_since_edit": 2, "label": "1.5–2.5 yr", "color": "#9e9ac8" }, "geometry": { "type": "Point", "coordinates": [ 3.8561808, 43.6215211 ] } },
{ "type": "Feature", "properties": { "index": "207", "last_edit_year": 2024, "years_since_edit": 2, "label": "1.5–2.5 yr", "color": "#9e9ac8" }, "geometry": { "type": "Point", "coordinates": [ 3.8555296, 43.6219336 ] } },
{ "type": "Feature", "properties": { "index": "208", "last_edit_year": 2026, "years_since_edit": 0, "label": "0.0–0.5 yr", "color": "#f2f0f7" }, "geometry": { "type": "Point", "coordinates": [ 3.8623233, 43.6240676 ] } },
{ "type": "Feature", "properties": { "index": "209", "last_edit_year": 2026, "years_since_edit": 0, "label": "0.0–0.5 yr", "color": "#f2f0f7" }, "geometry": { "type": "Point", "coordinates": [ 3.8621047, 43.6240112 ] } },
{ "type": "Feature", "properties": { "index": "210", "last_edit_year": 2024, "years_since_edit": 2, "label": "1.5–2.5 yr", "color": "#9e9ac8" }, "geometry": { "type": "Point", "coordinates": [ 3.8626828, 43.6244146 ] } },
{ "type": "Feature", "properties": { "index": "211", "last_edit_year": 2025, "years_since_edit": 1, "label": "0.5–1.5 yr", "color": "#cbc9e2" }, "geometry": { "type": "Point", "coordinates": [ 3.8641441, 43.6218459 ] } },
{ "type": "Feature", "properties": { "index": "212", "last_edit_year": 2026, "years_since_edit": 0, "label": "0.0–0.5 yr", "color": "#f2f0f7" }, "geometry": { "type": "Point", "coordinates": [ 3.86423, 43.6219643 ] } },
{ "type": "Feature", "properties": { "index": "213", "last_edit_year": 2025, "years_since_edit": 1, "label": "0.5–1.5 yr", "color": "#cbc9e2" }, "geometry": { "type": "Point", "coordinates": [ 3.8631501, 43.6231107 ] } },
{ "type": "Feature", "properties": { "index": "214", "last_edit_year": 2026, "years_since_edit": 0, "label": "0.0–0.5 yr", "color": "#f2f0f7" }, "geometry": { "type": "Point", "coordinates": [ 3.8551485, 43.6169137 ] } },
{ "type": "Feature", "properties": { "index": "215", "last_edit_year": 2023, "years_since_edit": 3, "label": "2.5–6.5 yr", "color": "#756bb1" }, "geometry": { "type": "Point", "coordinates": [ 3.855761, 43.6188268 ] } },
{ "type": "Feature", "properties": { "index": "216", "last_edit_year": 2023, "years_since_edit": 3, "label": "2.5–6.5 yr", "color": "#756bb1" }, "geometry": { "type": "Point", "coordinates": [ 3.8558072, 43.6188286 ] } },
{ "type": "Feature", "properties": { "index": "217", "last_edit_year": 2023, "years_since_edit": 3, "label": "2.5–6.5 yr", "color": "#756bb1" }, "geometry": { "type": "Point", "coordinates": [ 3.855848, 43.6188368 ] } },
{ "type": "Feature", "properties": { "index": "218", "last_edit_year": 2023, "years_since_edit": 3, "label": "2.5–6.5 yr", "color": "#756bb1" }, "geometry": { "type": "Point", "coordinates": [ 3.8558853, 43.6188522 ] } },
{ "type": "Feature", "properties": { "index": "219", "last_edit_year": 2023, "years_since_edit": 3, "label": "2.5–6.5 yr", "color": "#756bb1" }, "geometry": { "type": "Point", "coordinates": [ 3.8559131, 43.6188765 ] } },
{ "type": "Feature", "properties": { "index": "220", "last_edit_year": 2023, "years_since_edit": 3, "label": "2.5–6.5 yr", "color": "#756bb1" }, "geometry": { "type": "Point", "coordinates": [ 3.855726, 43.6188984 ] } },
{ "type": "Feature", "properties": { "index": "221", "last_edit_year": 2023, "years_since_edit": 3, "label": "2.5–6.5 yr", "color": "#756bb1" }, "geometry": { "type": "Point", "coordinates": [ 3.8557532, 43.6189185 ] } },
{ "type": "Feature", "properties": { "index": "222", "last_edit_year": 2023, "years_since_edit": 3, "label": "2.5–6.5 yr", "color": "#756bb1" }, "geometry": { "type": "Point", "coordinates": [ 3.8557911, 43.6189368 ] } },
{ "type": "Feature", "properties": { "index": "223", "last_edit_year": 2023, "years_since_edit": 3, "label": "2.5–6.5 yr", "color": "#756bb1" }, "geometry": { "type": "Point", "coordinates": [ 3.8558763, 43.6189416 ] } },
{ "type": "Feature", "properties": { "index": "224", "last_edit_year": 2023, "years_since_edit": 3, "label": "2.5–6.5 yr", "color": "#756bb1" }, "geometry": { "type": "Point", "coordinates": [ 3.8558308, 43.6189445 ] } },
{ "type": "Feature", "properties": { "index": "225", "last_edit_year": 2025, "years_since_edit": 1, "label": "0.5–1.5 yr", "color": "#cbc9e2" }, "geometry": { "type": "Point", "coordinates": [ 3.8599873, 43.6223407 ] } },
{ "type": "Feature", "properties": { "index": "226", "last_edit_year": 2025, "years_since_edit": 1, "label": "0.5–1.5 yr", "color": "#cbc9e2" }, "geometry": { "type": "Point", "coordinates": [ 3.8601104, 43.6223692 ] } },
{ "type": "Feature", "properties": { "index": "227", "last_edit_year": 2024, "years_since_edit": 2, "label": "1.5–2.5 yr", "color": "#9e9ac8" }, "geometry": { "type": "Point", "coordinates": [ 3.8599048, 43.6224031 ] } },
{ "type": "Feature", "properties": { "index": "228", "last_edit_year": 2022, "years_since_edit": 4, "label": "2.5–6.5 yr", "color": "#756bb1" }, "geometry": { "type": "Point", "coordinates": [ 3.8599046, 43.6224765 ] } },
{ "type": "Feature", "properties": { "index": "229", "last_edit_year": 2025, "years_since_edit": 1, "label": "0.5–1.5 yr", "color": "#cbc9e2" }, "geometry": { "type": "Point", "coordinates": [ 3.8601799, 43.6224733 ] } },
{ "type": "Feature", "properties": { "index": "230", "last_edit_year": 2024, "years_since_edit": 2, "label": "1.5–2.5 yr", "color": "#9e9ac8" }, "geometry": { "type": "Point", "coordinates": [ 3.8600922, 43.6225443 ] } },
{ "type": "Feature", "properties": { "index": "231", "last_edit_year": 2025, "years_since_edit": 1, "label": "0.5–1.5 yr", "color": "#cbc9e2" }, "geometry": { "type": "Point", "coordinates": [ 3.8670132, 43.6246511 ] } },
{ "type": "Feature", "properties": { "index": "232", "last_edit_year": 2024, "years_since_edit": 2, "label": "1.5–2.5 yr", "color": "#9e9ac8" }, "geometry": { "type": "Point", "coordinates": [ 3.8586382, 43.6202208 ] } },
{ "type": "Feature", "properties": { "index": "233", "last_edit_year": 2024, "years_since_edit": 2, "label": "1.5–2.5 yr", "color": "#9e9ac8" }, "geometry": { "type": "Point", "coordinates": [ 3.8665385, 43.6161346 ] } },
{ "type": "Feature", "properties": { "index": "234", "last_edit_year": 2024, "years_since_edit": 2, "label": "1.5–2.5 yr", "color": "#9e9ac8" }, "geometry": { "type": "Point", "coordinates": [ 3.8660173, 43.6168584 ] } },
{ "type": "Feature", "properties": { "index": "235", "last_edit_year": 2024, "years_since_edit": 2, "label": "1.5–2.5 yr", "color": "#9e9ac8" }, "geometry": { "type": "Point", "coordinates": [ 3.8660823, 43.6169036 ] } },
{ "type": "Feature", "properties": { "index": "236", "last_edit_year": 2024, "years_since_edit": 2, "label": "1.5–2.5 yr", "color": "#9e9ac8" }, "geometry": { "type": "Point", "coordinates": [ 3.8664023, 43.6170759 ] } },
{ "type": "Feature", "properties": { "index": "237", "last_edit_year": 2024, "years_since_edit": 2, "label": "1.5–2.5 yr", "color": "#9e9ac8" }, "geometry": { "type": "Point", "coordinates": [ 3.865278, 43.6198392 ] } },
{ "type": "Feature", "properties": { "index": "238", "last_edit_year": 2026, "years_since_edit": 0, "label": "0.0–0.5 yr", "color": "#f2f0f7" }, "geometry": { "type": "Point", "coordinates": [ 3.8663955, 43.6210718 ] } },
{ "type": "Feature", "properties": { "index": "239", "last_edit_year": 2024, "years_since_edit": 2, "label": "1.5–2.5 yr", "color": "#9e9ac8" }, "geometry": { "type": "Point", "coordinates": [ 3.8659474, 43.6212381 ] } },
{ "type": "Feature", "properties": { "index": "240", "last_edit_year": 2024, "years_since_edit": 2, "label": "1.5–2.5 yr", "color": "#9e9ac8" }, "geometry": { "type": "Point", "coordinates": [ 3.8671769, 43.6212688 ] } },
{ "type": "Feature", "properties": { "index": "241", "last_edit_year": 2025, "years_since_edit": 1, "label": "0.5–1.5 yr", "color": "#cbc9e2" }, "geometry": { "type": "Point", "coordinates": [ 3.8644724, 43.6213517 ] } },
{ "type": "Feature", "properties": { "index": "242", "last_edit_year": 2024, "years_since_edit": 2, "label": "1.5–2.5 yr", "color": "#9e9ac8" }, "geometry": { "type": "Point", "coordinates": [ 3.8665482, 43.6223865 ] } },
{ "type": "Feature", "properties": { "index": "243", "last_edit_year": 2024, "years_since_edit": 2, "label": "1.5–2.5 yr", "color": "#9e9ac8" }, "geometry": { "type": "Point", "coordinates": [ 3.8667079, 43.622399 ] } },
{ "type": "Feature", "properties": { "index": "244", "last_edit_year": 2026, "years_since_edit": 0, "label": "0.0–0.5 yr", "color": "#f2f0f7" }, "geometry": { "type": "Point", "coordinates": [ 3.8664477, 43.6225086 ] } },
{ "type": "Feature", "properties": { "index": "245", "last_edit_year": 2024, "years_since_edit": 2, "label": "1.5–2.5 yr", "color": "#9e9ac8" }, "geometry": { "type": "Point", "coordinates": [ 3.8667267, 43.6225752 ] } },
{ "type": "Feature", "properties": { "index": "246", "last_edit_year": 2026, "years_since_edit": 0, "label": "0.0–0.5 yr", "color": "#f2f0f7" }, "geometry": { "type": "Point", "coordinates": [ 3.8666024, 43.6226285 ] } },
{ "type": "Feature", "properties": { "index": "247", "last_edit_year": 2026, "years_since_edit": 0, "label": "0.0–0.5 yr", "color": "#f2f0f7" }, "geometry": { "type": "Point", "coordinates": [ 3.8639398, 43.6235059 ] } },
{ "type": "Feature", "properties": { "index": "248", "last_edit_year": 2013, "years_since_edit": 13, "label": "6.5–14.0 yr", "color": "#54278f" }, "geometry": { "type": "Point", "coordinates": [ 3.8662734, 43.6184315 ] } },
{ "type": "Feature", "properties": { "index": "249", "last_edit_year": 2022, "years_since_edit": 4, "label": "2.5–6.5 yr", "color": "#756bb1" }, "geometry": { "type": "Point", "coordinates": [ 3.8641804, 43.6150853 ] } },
{ "type": "Feature", "properties": { "index": "250", "last_edit_year": 2025, "years_since_edit": 1, "label": "0.5–1.5 yr", "color": "#cbc9e2" }, "geometry": { "type": "Point", "coordinates": [ 3.8669545, 43.6089558 ] } },
{ "type": "Feature", "properties": { "index": "251", "last_edit_year": 2025, "years_since_edit": 1, "label": "0.5–1.5 yr", "color": "#cbc9e2" }, "geometry": { "type": "Point", "coordinates": [ 3.8671577, 43.6002344 ] } },
{ "type": "Feature", "properties": { "index": "252", "last_edit_year": 2024, "years_since_edit": 2, "label": "1.5–2.5 yr", "color": "#9e9ac8" }, "geometry": { "type": "Point", "coordinates": [ 3.8647692, 43.617473 ] } },
{ "type": "Feature", "properties": { "index": "253", "last_edit_year": 2024, "years_since_edit": 2, "label": "1.5–2.5 yr", "color": "#9e9ac8" }, "geometry": { "type": "Point", "coordinates": [ 3.8561173, 43.604974 ] } },
{ "type": "Feature", "properties": { "index": "254", "last_edit_year": 2026, "years_since_edit": 0, "label": "0.0–0.5 yr", "color": "#f2f0f7" }, "geometry": { "type": "Point", "coordinates": [ 3.8552483, 43.6152864 ] } },
{ "type": "Feature", "properties": { "index": "255", "last_edit_year": 2023, "years_since_edit": 3, "label": "2.5–6.5 yr", "color": "#756bb1" }, "geometry": { "type": "Point", "coordinates": [ 3.865245, 43.6052376 ] } },
{ "type": "Feature", "properties": { "index": "256", "last_edit_year": 2025, "years_since_edit": 1, "label": "0.5–1.5 yr", "color": "#cbc9e2" }, "geometry": { "type": "Point", "coordinates": [ 3.8590736, 43.6129668 ] } },
{ "type": "Feature", "properties": { "index": "257", "last_edit_year": 2024, "years_since_edit": 2, "label": "1.5–2.5 yr", "color": "#9e9ac8" }, "geometry": { "type": "Point", "coordinates": [ 3.8572852, 43.6158247 ] } },
{ "type": "Feature", "properties": { "index": "258", "last_edit_year": 2026, "years_since_edit": 0, "label": "0.0–0.5 yr", "color": "#f2f0f7" }, "geometry": { "type": "Point", "coordinates": [ 3.858015, 43.6161013 ] } },
{ "type": "Feature", "properties": { "index": "259", "last_edit_year": 2026, "years_since_edit": 0, "label": "0.0–0.5 yr", "color": "#f2f0f7" }, "geometry": { "type": "Point", "coordinates": [ 3.8582871, 43.6161925 ] } },
{ "type": "Feature", "properties": { "index": "260", "last_edit_year": 2026, "years_since_edit": 0, "label": "0.0–0.5 yr", "color": "#f2f0f7" }, "geometry": { "type": "Point", "coordinates": [ 3.8582451, 43.6160791 ] } },
{ "type": "Feature", "properties": { "index": "261", "last_edit_year": 2026, "years_since_edit": 0, "label": "0.0–0.5 yr", "color": "#f2f0f7" }, "geometry": { "type": "Point", "coordinates": [ 3.8579616, 43.6161688 ] } },
{ "type": "Feature", "properties": { "index": "262", "last_edit_year": 2026, "years_since_edit": 0, "label": "0.0–0.5 yr", "color": "#f2f0f7" }, "geometry": { "type": "Point", "coordinates": [ 3.8561139, 43.6156966 ] } },
{ "type": "Feature", "properties": { "index": "263", "last_edit_year": 2025, "years_since_edit": 1, "label": "0.5–1.5 yr", "color": "#cbc9e2" }, "geometry": { "type": "Point", "coordinates": [ 3.856163, 43.615592 ] } },
{ "type": "Feature", "properties": { "index": "264", "last_edit_year": 2024, "years_since_edit": 2, "label": "1.5–2.5 yr", "color": "#9e9ac8" }, "geometry": { "type": "Point", "coordinates": [ 3.8574907, 43.604403 ] } },
{ "type": "Feature", "properties": { "index": "265", "last_edit_year": 2025, "years_since_edit": 1, "label": "0.5–1.5 yr", "color": "#cbc9e2" }, "geometry": { "type": "Point", "coordinates": [ 3.8635614, 43.6028217 ] } },
{ "type": "Feature", "properties": { "index": "266", "last_edit_year": 2024, "years_since_edit": 2, "label": "1.5–2.5 yr", "color": "#9e9ac8" }, "geometry": { "type": "Point", "coordinates": [ 3.8584326, 43.6042305 ] } },
{ "type": "Feature", "properties": { "index": "267", "last_edit_year": 2025, "years_since_edit": 1, "label": "0.5–1.5 yr", "color": "#cbc9e2" }, "geometry": { "type": "Point", "coordinates": [ 3.8636213, 43.6027651 ] } },
{ "type": "Feature", "properties": { "index": "268", "last_edit_year": 2024, "years_since_edit": 2, "label": "1.5–2.5 yr", "color": "#9e9ac8" }, "geometry": { "type": "Point", "coordinates": [ 3.8592794, 43.6037927 ] } },
{ "type": "Feature", "properties": { "index": "269", "last_edit_year": 2025, "years_since_edit": 1, "label": "0.5–1.5 yr", "color": "#cbc9e2" }, "geometry": { "type": "Point", "coordinates": [ 3.8638007, 43.6027634 ] } },
{ "type": "Feature", "properties": { "index": "270", "last_edit_year": 2026, "years_since_edit": 0, "label": "0.0–0.5 yr", "color": "#f2f0f7" }, "geometry": { "type": "Point", "coordinates": [ 3.8638258, 43.601259 ] } },
{ "type": "Feature", "properties": { "index": "271", "last_edit_year": 2025, "years_since_edit": 1, "label": "0.5–1.5 yr", "color": "#cbc9e2" }, "geometry": { "type": "Point", "coordinates": [ 3.8581408, 43.6040125 ] } },
{ "type": "Feature", "properties": { "index": "272", "last_edit_year": 2024, "years_since_edit": 2, "label": "1.5–2.5 yr", "color": "#9e9ac8" }, "geometry": { "type": "Point", "coordinates": [ 3.8646455, 43.602538 ] } },
{ "type": "Feature", "properties": { "index": "273", "last_edit_year": 2026, "years_since_edit": 0, "label": "0.0–0.5 yr", "color": "#f2f0f7" }, "geometry": { "type": "Point", "coordinates": [ 3.8638868, 43.6013733 ] } },
{ "type": "Feature", "properties": { "index": "274", "last_edit_year": 2025, "years_since_edit": 1, "label": "0.5–1.5 yr", "color": "#cbc9e2" }, "geometry": { "type": "Point", "coordinates": [ 3.8565985, 43.6033692 ] } },
{ "type": "Feature", "properties": { "index": "275", "last_edit_year": 2024, "years_since_edit": 2, "label": "1.5–2.5 yr", "color": "#9e9ac8" }, "geometry": { "type": "Point", "coordinates": [ 3.8607422, 43.6002249 ] } },
{ "type": "Feature", "properties": { "index": "276", "last_edit_year": 2024, "years_since_edit": 2, "label": "1.5–2.5 yr", "color": "#9e9ac8" }, "geometry": { "type": "Point", "coordinates": [ 3.8624963, 43.6031218 ] } },
{ "type": "Feature", "properties": { "index": "277", "last_edit_year": 2024, "years_since_edit": 2, "label": "1.5–2.5 yr", "color": "#9e9ac8" }, "geometry": { "type": "Point", "coordinates": [ 3.8561631, 43.6032112 ] } },
{ "type": "Feature", "properties": { "index": "278", "last_edit_year": 2024, "years_since_edit": 2, "label": "1.5–2.5 yr", "color": "#9e9ac8" }, "geometry": { "type": "Point", "coordinates": [ 3.8603109, 43.6037043 ] } },
{ "type": "Feature", "properties": { "index": "279", "last_edit_year": 2025, "years_since_edit": 1, "label": "0.5–1.5 yr", "color": "#cbc9e2" }, "geometry": { "type": "Point", "coordinates": [ 3.863672, 43.6028438 ] } },
{ "type": "Feature", "properties": { "index": "280", "last_edit_year": 2025, "years_since_edit": 1, "label": "0.5–1.5 yr", "color": "#cbc9e2" }, "geometry": { "type": "Point", "coordinates": [ 3.8581824, 43.6041823 ] } },
{ "type": "Feature", "properties": { "index": "281", "last_edit_year": 2024, "years_since_edit": 2, "label": "1.5–2.5 yr", "color": "#9e9ac8" }, "geometry": { "type": "Point", "coordinates": [ 3.8655906, 43.611936 ] } },
{ "type": "Feature", "properties": { "index": "282", "last_edit_year": 2024, "years_since_edit": 2, "label": "1.5–2.5 yr", "color": "#9e9ac8" }, "geometry": { "type": "Point", "coordinates": [ 3.8655823, 43.6127078 ] } },
{ "type": "Feature", "properties": { "index": "283", "last_edit_year": 2024, "years_since_edit": 2, "label": "1.5–2.5 yr", "color": "#9e9ac8" }, "geometry": { "type": "Point", "coordinates": [ 3.8666781, 43.6129928 ] } },
{ "type": "Feature", "properties": { "index": "284", "last_edit_year": 2025, "years_since_edit": 1, "label": "0.5–1.5 yr", "color": "#cbc9e2" }, "geometry": { "type": "Point", "coordinates": [ 3.866644, 43.6121192 ] } },
{ "type": "Feature", "properties": { "index": "285", "last_edit_year": 2024, "years_since_edit": 2, "label": "1.5–2.5 yr", "color": "#9e9ac8" }, "geometry": { "type": "Point", "coordinates": [ 3.8668645, 43.6121029 ] } },
{ "type": "Feature", "properties": { "index": "286", "last_edit_year": 2024, "years_since_edit": 2, "label": "1.5–2.5 yr", "color": "#9e9ac8" }, "geometry": { "type": "Point", "coordinates": [ 3.8666058, 43.6126959 ] } },
{ "type": "Feature", "properties": { "index": "287", "last_edit_year": 2024, "years_since_edit": 2, "label": "1.5–2.5 yr", "color": "#9e9ac8" }, "geometry": { "type": "Point", "coordinates": [ 3.8663907, 43.6121116 ] } },
{ "type": "Feature", "properties": { "index": "288", "last_edit_year": 2024, "years_since_edit": 2, "label": "1.5–2.5 yr", "color": "#9e9ac8" }, "geometry": { "type": "Point", "coordinates": [ 3.8664957, 43.6121805 ] } },
{ "type": "Feature", "properties": { "index": "289", "last_edit_year": 2024, "years_since_edit": 2, "label": "1.5–2.5 yr", "color": "#9e9ac8" }, "geometry": { "type": "Point", "coordinates": [ 3.8656789, 43.6126612 ] } },
{ "type": "Feature", "properties": { "index": "290", "last_edit_year": 2024, "years_since_edit": 2, "label": "1.5–2.5 yr", "color": "#9e9ac8" }, "geometry": { "type": "Point", "coordinates": [ 3.8668308, 43.6122258 ] } },
{ "type": "Feature", "properties": { "index": "291", "last_edit_year": 2024, "years_since_edit": 2, "label": "1.5–2.5 yr", "color": "#9e9ac8" }, "geometry": { "type": "Point", "coordinates": [ 3.8656905, 43.6127626 ] } },
{ "type": "Feature", "properties": { "index": "292", "last_edit_year": 2024, "years_since_edit": 2, "label": "1.5–2.5 yr", "color": "#9e9ac8" }, "geometry": { "type": "Point", "coordinates": [ 3.8587478, 43.620278 ] } },
{ "type": "Feature", "properties": { "index": "293", "last_edit_year": 2025, "years_since_edit": 1, "label": "0.5–1.5 yr", "color": "#cbc9e2" }, "geometry": { "type": "Point", "coordinates": [ 3.8573525, 43.6146964 ] } },
{ "type": "Feature", "properties": { "index": "294", "last_edit_year": 2025, "years_since_edit": 1, "label": "0.5–1.5 yr", "color": "#cbc9e2" }, "geometry": { "type": "Point", "coordinates": [ 3.8571938, 43.6147195 ] } },
{ "type": "Feature", "properties": { "index": "295", "last_edit_year": 2025, "years_since_edit": 1, "label": "0.5–1.5 yr", "color": "#cbc9e2" }, "geometry": { "type": "Point", "coordinates": [ 3.8570357, 43.6148552 ] } },
{ "type": "Feature", "properties": { "index": "296", "last_edit_year": 2025, "years_since_edit": 1, "label": "0.5–1.5 yr", "color": "#cbc9e2" }, "geometry": { "type": "Point", "coordinates": [ 3.8569794, 43.6150104 ] } },
{ "type": "Feature", "properties": { "index": "297", "last_edit_year": 2024, "years_since_edit": 2, "label": "1.5–2.5 yr", "color": "#9e9ac8" }, "geometry": { "type": "Point", "coordinates": [ 3.8552748, 43.6203171 ] } },
{ "type": "Feature", "properties": { "index": "298", "last_edit_year": 2025, "years_since_edit": 1, "label": "0.5–1.5 yr", "color": "#cbc9e2" }, "geometry": { "type": "Point", "coordinates": [ 3.8667815, 43.6020905 ] } },
{ "type": "Feature", "properties": { "index": "299", "last_edit_year": 2025, "years_since_edit": 1, "label": "0.5–1.5 yr", "color": "#cbc9e2" }, "geometry": { "type": "Point", "coordinates": [ 3.8667478, 43.6020278 ] } },
{ "type": "Feature", "properties": { "index": "300", "last_edit_year": 2025, "years_since_edit": 1, "label": "0.5–1.5 yr", "color": "#cbc9e2" }, "geometry": { "type": "Point", "coordinates": [ 3.857167, 43.6018992 ] } },
{ "type": "Feature", "properties": { "index": "301", "last_edit_year": 2026, "years_since_edit": 0, "label": "0.0–0.5 yr", "color": "#f2f0f7" }, "geometry": { "type": "Point", "coordinates": [ 3.8631983, 43.6098214 ] } },
{ "type": "Feature", "properties": { "index": "302", "last_edit_year": 2022, "years_since_edit": 4, "label": "2.5–6.5 yr", "color": "#756bb1" }, "geometry": { "type": "Point", "coordinates": [ 3.8659954, 43.6114136 ] } },
{ "type": "Feature", "properties": { "index": "303", "last_edit_year": 2021, "years_since_edit": 5, "label": "2.5–6.5 yr", "color": "#756bb1" }, "geometry": { "type": "Point", "coordinates": [ 3.8641018, 43.6118152 ] } },
{ "type": "Feature", "properties": { "index": "304", "last_edit_year": 2025, "years_since_edit": 1, "label": "0.5–1.5 yr", "color": "#cbc9e2" }, "geometry": { "type": "Point", "coordinates": [ 3.8550277, 43.6167886 ] } },
{ "type": "Feature", "properties": { "index": "305", "last_edit_year": 2024, "years_since_edit": 2, "label": "1.5–2.5 yr", "color": "#9e9ac8" }, "geometry": { "type": "Point", "coordinates": [ 3.8635552, 43.6061918 ] } },
{ "type": "Feature", "properties": { "index": "306", "last_edit_year": 2024, "years_since_edit": 2, "label": "1.5–2.5 yr", "color": "#9e9ac8" }, "geometry": { "type": "Point", "coordinates": [ 3.8635791, 43.6062376 ] } },
{ "type": "Feature", "properties": { "index": "307", "last_edit_year": 2024, "years_since_edit": 2, "label": "1.5–2.5 yr", "color": "#9e9ac8" }, "geometry": { "type": "Point", "coordinates": [ 3.8607463, 43.6054462 ] } },
{ "type": "Feature", "properties": { "index": "308", "last_edit_year": 2024, "years_since_edit": 2, "label": "1.5–2.5 yr", "color": "#9e9ac8" }, "geometry": { "type": "Point", "coordinates": [ 3.8598987, 43.6064194 ] } },
{ "type": "Feature", "properties": { "index": "309", "last_edit_year": 2025, "years_since_edit": 1, "label": "0.5–1.5 yr", "color": "#cbc9e2" }, "geometry": { "type": "Point", "coordinates": [ 3.8632895, 43.6013788 ] } },
{ "type": "Feature", "properties": { "index": "310", "last_edit_year": 2026, "years_since_edit": 0, "label": "0.0–0.5 yr", "color": "#f2f0f7" }, "geometry": { "type": "Point", "coordinates": [ 3.8646628, 43.6012952 ] } },
{ "type": "Feature", "properties": { "index": "311", "last_edit_year": 2024, "years_since_edit": 2, "label": "1.5–2.5 yr", "color": "#9e9ac8" }, "geometry": { "type": "Point", "coordinates": [ 3.8661208, 43.6068364 ] } },
{ "type": "Feature", "properties": { "index": "312", "last_edit_year": 2025, "years_since_edit": 1, "label": "0.5–1.5 yr", "color": "#cbc9e2" }, "geometry": { "type": "Point", "coordinates": [ 3.8662035, 43.6068839 ] } },
{ "type": "Feature", "properties": { "index": "313", "last_edit_year": 2025, "years_since_edit": 1, "label": "0.5–1.5 yr", "color": "#cbc9e2" }, "geometry": { "type": "Point", "coordinates": [ 3.8661933, 43.6067765 ] } },
{ "type": "Feature", "properties": { "index": "314", "last_edit_year": 2025, "years_since_edit": 1, "label": "0.5–1.5 yr", "color": "#cbc9e2" }, "geometry": { "type": "Point", "coordinates": [ 3.8661948, 43.6067549 ] } },
{ "type": "Feature", "properties": { "index": "315", "last_edit_year": 2024, "years_since_edit": 2, "label": "1.5–2.5 yr", "color": "#9e9ac8" }, "geometry": { "type": "Point", "coordinates": [ 3.8658083, 43.6068955 ] } },
{ "type": "Feature", "properties": { "index": "316", "last_edit_year": 2024, "years_since_edit": 2, "label": "1.5–2.5 yr", "color": "#9e9ac8" }, "geometry": { "type": "Point", "coordinates": [ 3.8658941, 43.6068906 ] } },
{ "type": "Feature", "properties": { "index": "317", "last_edit_year": 2024, "years_since_edit": 2, "label": "1.5–2.5 yr", "color": "#9e9ac8" }, "geometry": { "type": "Point", "coordinates": [ 3.865159, 43.6065713 ] } },
{ "type": "Feature", "properties": { "index": "318", "last_edit_year": 2017, "years_since_edit": 9, "label": "6.5–14.0 yr", "color": "#54278f" }, "geometry": { "type": "Point", "coordinates": [ 3.8622335, 43.6221802 ] } },
{ "type": "Feature", "properties": { "index": "319", "last_edit_year": 2017, "years_since_edit": 9, "label": "6.5–14.0 yr", "color": "#54278f" }, "geometry": { "type": "Point", "coordinates": [ 3.8621604, 43.6221327 ] } },
{ "type": "Feature", "properties": { "index": "320", "last_edit_year": 2017, "years_since_edit": 9, "label": "6.5–14.0 yr", "color": "#54278f" }, "geometry": { "type": "Point", "coordinates": [ 3.8621081, 43.6220958 ] } },
{ "type": "Feature", "properties": { "index": "321", "last_edit_year": 2017, "years_since_edit": 9, "label": "6.5–14.0 yr", "color": "#54278f" }, "geometry": { "type": "Point", "coordinates": [ 3.8619699, 43.6219783 ] } },
{ "type": "Feature", "properties": { "index": "322", "last_edit_year": 2024, "years_since_edit": 2, "label": "1.5–2.5 yr", "color": "#9e9ac8" }, "geometry": { "type": "Point", "coordinates": [ 3.8666712, 43.6120342 ] } },
{ "type": "Feature", "properties": { "index": "323", "last_edit_year": 2024, "years_since_edit": 2, "label": "1.5–2.5 yr", "color": "#9e9ac8" }, "geometry": { "type": "Point", "coordinates": [ 3.8586876, 43.6119982 ] } },
{ "type": "Feature", "properties": { "index": "324", "last_edit_year": 2025, "years_since_edit": 1, "label": "0.5–1.5 yr", "color": "#cbc9e2" }, "geometry": { "type": "Point", "coordinates": [ 3.8601781, 43.6124053 ] } },
{ "type": "Feature", "properties": { "index": "325", "last_edit_year": 2024, "years_since_edit": 2, "label": "1.5–2.5 yr", "color": "#9e9ac8" }, "geometry": { "type": "Point", "coordinates": [ 3.8627007, 43.6116274 ] } },
{ "type": "Feature", "properties": { "index": "326", "last_edit_year": 2024, "years_since_edit": 2, "label": "1.5–2.5 yr", "color": "#9e9ac8" }, "geometry": { "type": "Point", "coordinates": [ 3.8636316, 43.6115541 ] } },
{ "type": "Feature", "properties": { "index": "327", "last_edit_year": 2024, "years_since_edit": 2, "label": "1.5–2.5 yr", "color": "#9e9ac8" }, "geometry": { "type": "Point", "coordinates": [ 3.8642243, 43.6115128 ] } },
{ "type": "Feature", "properties": { "index": "328", "last_edit_year": 2024, "years_since_edit": 2, "label": "1.5–2.5 yr", "color": "#9e9ac8" }, "geometry": { "type": "Point", "coordinates": [ 3.8651413, 43.6114569 ] } },
{ "type": "Feature", "properties": { "index": "329", "last_edit_year": 2024, "years_since_edit": 2, "label": "1.5–2.5 yr", "color": "#9e9ac8" }, "geometry": { "type": "Point", "coordinates": [ 3.8553161, 43.6102347 ] } },
{ "type": "Feature", "properties": { "index": "330", "last_edit_year": 2024, "years_since_edit": 2, "label": "1.5–2.5 yr", "color": "#9e9ac8" }, "geometry": { "type": "Point", "coordinates": [ 3.8552835, 43.6103651 ] } },
{ "type": "Feature", "properties": { "index": "331", "last_edit_year": 2024, "years_since_edit": 2, "label": "1.5–2.5 yr", "color": "#9e9ac8" }, "geometry": { "type": "Point", "coordinates": [ 3.8671282, 43.6074058 ] } },
{ "type": "Feature", "properties": { "index": "332", "last_edit_year": 2024, "years_since_edit": 2, "label": "1.5–2.5 yr", "color": "#9e9ac8" }, "geometry": { "type": "Point", "coordinates": [ 3.8602426, 43.6124042 ] } },
{ "type": "Feature", "properties": { "index": "333", "last_edit_year": 2024, "years_since_edit": 2, "label": "1.5–2.5 yr", "color": "#9e9ac8" }, "geometry": { "type": "Point", "coordinates": [ 3.8606383, 43.6053633 ] } },
{ "type": "Feature", "properties": { "index": "334", "last_edit_year": 2024, "years_since_edit": 2, "label": "1.5–2.5 yr", "color": "#9e9ac8" }, "geometry": { "type": "Point", "coordinates": [ 3.8594348, 43.604967 ] } },
{ "type": "Feature", "properties": { "index": "335", "last_edit_year": 2026, "years_since_edit": 0, "label": "0.0–0.5 yr", "color": "#f2f0f7" }, "geometry": { "type": "Point", "coordinates": [ 3.8593845, 43.6048495 ] } },
{ "type": "Feature", "properties": { "index": "336", "last_edit_year": 2024, "years_since_edit": 2, "label": "1.5–2.5 yr", "color": "#9e9ac8" }, "geometry": { "type": "Point", "coordinates": [ 3.8670442, 43.6058705 ] } },
{ "type": "Feature", "properties": { "index": "337", "last_edit_year": 2024, "years_since_edit": 2, "label": "1.5–2.5 yr", "color": "#9e9ac8" }, "geometry": { "type": "Point", "coordinates": [ 3.86703, 43.6057872 ] } },
{ "type": "Feature", "properties": { "index": "338", "last_edit_year": 2025, "years_since_edit": 1, "label": "0.5–1.5 yr", "color": "#cbc9e2" }, "geometry": { "type": "Point", "coordinates": [ 3.8657109, 43.6023303 ] } },
{ "type": "Feature", "properties": { "index": "339", "last_edit_year": 2025, "years_since_edit": 1, "label": "0.5–1.5 yr", "color": "#cbc9e2" }, "geometry": { "type": "Point", "coordinates": [ 3.8624624, 43.6146962 ] } },
{ "type": "Feature", "properties": { "index": "340", "last_edit_year": 2024, "years_since_edit": 2, "label": "1.5–2.5 yr", "color": "#9e9ac8" }, "geometry": { "type": "Point", "coordinates": [ 3.8651302, 43.6144384 ] } },
{ "type": "Feature", "properties": { "index": "341", "last_edit_year": 2024, "years_since_edit": 2, "label": "1.5–2.5 yr", "color": "#9e9ac8" }, "geometry": { "type": "Point", "coordinates": [ 3.8639179, 43.6190565 ] } },
{ "type": "Feature", "properties": { "index": "342", "last_edit_year": 2025, "years_since_edit": 1, "label": "0.5–1.5 yr", "color": "#cbc9e2" }, "geometry": { "type": "Point", "coordinates": [ 3.8670212, 43.6094455 ] } },
{ "type": "Feature", "properties": { "index": "343", "last_edit_year": 2026, "years_since_edit": 0, "label": "0.0–0.5 yr", "color": "#f2f0f7" }, "geometry": { "type": "Point", "coordinates": [ 3.8667533, 43.6177406 ] } },
{ "type": "Feature", "properties": { "index": "344", "last_edit_year": 2024, "years_since_edit": 2, "label": "1.5–2.5 yr", "color": "#9e9ac8" }, "geometry": { "type": "Point", "coordinates": [ 3.8615093, 43.6056639 ] } },
{ "type": "Feature", "properties": { "index": "345", "last_edit_year": 2024, "years_since_edit": 2, "label": "1.5–2.5 yr", "color": "#9e9ac8" }, "geometry": { "type": "Point", "coordinates": [ 3.8657069, 43.6119264 ] } },
{ "type": "Feature", "properties": { "index": "346", "last_edit_year": 2024, "years_since_edit": 2, "label": "1.5–2.5 yr", "color": "#9e9ac8" }, "geometry": { "type": "Point", "coordinates": [ 3.864429, 43.6094917 ] } },
{ "type": "Feature", "properties": { "index": "347", "last_edit_year": 2024, "years_since_edit": 2, "label": "1.5–2.5 yr", "color": "#9e9ac8" }, "geometry": { "type": "Point", "coordinates": [ 3.8643768, 43.6096171 ] } },
{ "type": "Feature", "properties": { "index": "348", "last_edit_year": 2024, "years_since_edit": 2, "label": "1.5–2.5 yr", "color": "#9e9ac8" }, "geometry": { "type": "Point", "coordinates": [ 3.8644821, 43.6096423 ] } },
{ "type": "Feature", "properties": { "index": "349", "last_edit_year": 2024, "years_since_edit": 2, "label": "1.5–2.5 yr", "color": "#9e9ac8" }, "geometry": { "type": "Point", "coordinates": [ 3.8645601, 43.6095827 ] } },
{ "type": "Feature", "properties": { "index": "350", "last_edit_year": 2024, "years_since_edit": 2, "label": "1.5–2.5 yr", "color": "#9e9ac8" }, "geometry": { "type": "Point", "coordinates": [ 3.865314, 43.6094341 ] } },
{ "type": "Feature", "properties": { "index": "351", "last_edit_year": 2026, "years_since_edit": 0, "label": "0.0–0.5 yr", "color": "#f2f0f7" }, "geometry": { "type": "Point", "coordinates": [ 3.8640416, 43.6220186 ] } },
{ "type": "Feature", "properties": { "index": "352", "last_edit_year": 2024, "years_since_edit": 2, "label": "1.5–2.5 yr", "color": "#9e9ac8" }, "geometry": { "type": "Point", "coordinates": [ 3.858819, 43.6134138 ] } },
{ "type": "Feature", "properties": { "index": "353", "last_edit_year": 2024, "years_since_edit": 2, "label": "1.5–2.5 yr", "color": "#9e9ac8" }, "geometry": { "type": "Point", "coordinates": [ 3.8587458, 43.6133728 ] } },
{ "type": "Feature", "properties": { "index": "354", "last_edit_year": 2026, "years_since_edit": 0, "label": "0.0–0.5 yr", "color": "#f2f0f7" }, "geometry": { "type": "Point", "coordinates": [ 3.8671707, 43.6247641 ] } },
{ "type": "Feature", "properties": { "index": "355", "last_edit_year": 2024, "years_since_edit": 2, "label": "1.5–2.5 yr", "color": "#9e9ac8" }, "geometry": { "type": "Point", "coordinates": [ 3.8672066, 43.6068717 ] } },
{ "type": "Feature", "properties": { "index": "356", "last_edit_year": 2025, "years_since_edit": 1, "label": "0.5–1.5 yr", "color": "#cbc9e2" }, "geometry": { "type": "Point", "coordinates": [ 3.8574922, 43.611245 ] } },
{ "type": "Feature", "properties": { "index": "357", "last_edit_year": 2024, "years_since_edit": 2, "label": "1.5–2.5 yr", "color": "#9e9ac8" }, "geometry": { "type": "Point", "coordinates": [ 3.8578462, 43.6114225 ] } },
{ "type": "Feature", "properties": { "index": "358", "last_edit_year": 2025, "years_since_edit": 1, "label": "0.5–1.5 yr", "color": "#cbc9e2" }, "geometry": { "type": "Point", "coordinates": [ 3.8575206, 43.6112522 ] } },
{ "type": "Feature", "properties": { "index": "359", "last_edit_year": 2025, "years_since_edit": 1, "label": "0.5–1.5 yr", "color": "#cbc9e2" }, "geometry": { "type": "Point", "coordinates": [ 3.8574657, 43.6112341 ] } },
{ "type": "Feature", "properties": { "index": "360", "last_edit_year": 2024, "years_since_edit": 2, "label": "1.5–2.5 yr", "color": "#9e9ac8" }, "geometry": { "type": "Point", "coordinates": [ 3.8657598, 43.6114177 ] } },
{ "type": "Feature", "properties": { "index": "361", "last_edit_year": 2025, "years_since_edit": 1, "label": "0.5–1.5 yr", "color": "#cbc9e2" }, "geometry": { "type": "Point", "coordinates": [ 3.8581462, 43.6112945 ] } },
{ "type": "Feature", "properties": { "index": "362", "last_edit_year": 2024, "years_since_edit": 2, "label": "1.5–2.5 yr", "color": "#9e9ac8" }, "geometry": { "type": "Point", "coordinates": [ 3.8565256, 43.6104903 ] } },
{ "type": "Feature", "properties": { "index": "363", "last_edit_year": 2022, "years_since_edit": 4, "label": "2.5–6.5 yr", "color": "#756bb1" }, "geometry": { "type": "Point", "coordinates": [ 3.8564536, 43.6104704 ] } },
{ "type": "Feature", "properties": { "index": "364", "last_edit_year": 2022, "years_since_edit": 4, "label": "2.5–6.5 yr", "color": "#756bb1" }, "geometry": { "type": "Point", "coordinates": [ 3.8564892, 43.6104709 ] } },
{ "type": "Feature", "properties": { "index": "365", "last_edit_year": 2024, "years_since_edit": 2, "label": "1.5–2.5 yr", "color": "#9e9ac8" }, "geometry": { "type": "Point", "coordinates": [ 3.8564249, 43.6104983 ] } },
{ "type": "Feature", "properties": { "index": "366", "last_edit_year": 2024, "years_since_edit": 2, "label": "1.5–2.5 yr", "color": "#9e9ac8" }, "geometry": { "type": "Point", "coordinates": [ 3.8658069, 43.6117021 ] } },
{ "type": "Feature", "properties": { "index": "367", "last_edit_year": 2022, "years_since_edit": 4, "label": "2.5–6.5 yr", "color": "#756bb1" }, "geometry": { "type": "Point", "coordinates": [ 3.8570333, 43.6191392 ] } },
{ "type": "Feature", "properties": { "index": "368", "last_edit_year": 2023, "years_since_edit": 3, "label": "2.5–6.5 yr", "color": "#756bb1" }, "geometry": { "type": "Point", "coordinates": [ 3.8579924, 43.6162011 ] } },
{ "type": "Feature", "properties": { "index": "369", "last_edit_year": 2023, "years_since_edit": 3, "label": "2.5–6.5 yr", "color": "#756bb1" }, "geometry": { "type": "Point", "coordinates": [ 3.8583021, 43.6161044 ] } },
{ "type": "Feature", "properties": { "index": "370", "last_edit_year": 2023, "years_since_edit": 3, "label": "2.5–6.5 yr", "color": "#756bb1" }, "geometry": { "type": "Point", "coordinates": [ 3.8583083, 43.6161563 ] } },
{ "type": "Feature", "properties": { "index": "371", "last_edit_year": 2023, "years_since_edit": 3, "label": "2.5–6.5 yr", "color": "#756bb1" }, "geometry": { "type": "Point", "coordinates": [ 3.85808, 43.61608 ] } },
{ "type": "Feature", "properties": { "index": "372", "last_edit_year": 2023, "years_since_edit": 3, "label": "2.5–6.5 yr", "color": "#756bb1" }, "geometry": { "type": "Point", "coordinates": [ 3.8591046, 43.6164669 ] } },
{ "type": "Feature", "properties": { "index": "373", "last_edit_year": 2024, "years_since_edit": 2, "label": "1.5–2.5 yr", "color": "#9e9ac8" }, "geometry": { "type": "Point", "coordinates": [ 3.8591303, 43.616417 ] } },
{ "type": "Feature", "properties": { "index": "374", "last_edit_year": 2025, "years_since_edit": 1, "label": "0.5–1.5 yr", "color": "#cbc9e2" }, "geometry": { "type": "Point", "coordinates": [ 3.8617954, 43.6147661 ] } },
{ "type": "Feature", "properties": { "index": "375", "last_edit_year": 2025, "years_since_edit": 1, "label": "0.5–1.5 yr", "color": "#cbc9e2" }, "geometry": { "type": "Point", "coordinates": [ 3.8616754, 43.6147948 ] } },
{ "type": "Feature", "properties": { "index": "376", "last_edit_year": 2025, "years_since_edit": 1, "label": "0.5–1.5 yr", "color": "#cbc9e2" }, "geometry": { "type": "Point", "coordinates": [ 3.8617276, 43.6147823 ] } },
{ "type": "Feature", "properties": { "index": "377", "last_edit_year": 2024, "years_since_edit": 2, "label": "1.5–2.5 yr", "color": "#9e9ac8" }, "geometry": { "type": "Point", "coordinates": [ 3.864039, 43.6141542 ] } },
{ "type": "Feature", "properties": { "index": "378", "last_edit_year": 2026, "years_since_edit": 0, "label": "0.0–0.5 yr", "color": "#f2f0f7" }, "geometry": { "type": "Point", "coordinates": [ 3.8655975, 43.6139509 ] } },
{ "type": "Feature", "properties": { "index": "379", "last_edit_year": 2024, "years_since_edit": 2, "label": "1.5–2.5 yr", "color": "#9e9ac8" }, "geometry": { "type": "Point", "coordinates": [ 3.8640254, 43.614263 ] } },
{ "type": "Feature", "properties": { "index": "380", "last_edit_year": 2025, "years_since_edit": 1, "label": "0.5–1.5 yr", "color": "#cbc9e2" }, "geometry": { "type": "Point", "coordinates": [ 3.862384, 43.6147112 ] } },
{ "type": "Feature", "properties": { "index": "381", "last_edit_year": 2025, "years_since_edit": 1, "label": "0.5–1.5 yr", "color": "#cbc9e2" }, "geometry": { "type": "Point", "coordinates": [ 3.8625141, 43.6146862 ] } },
{ "type": "Feature", "properties": { "index": "382", "last_edit_year": 2025, "years_since_edit": 1, "label": "0.5–1.5 yr", "color": "#cbc9e2" }, "geometry": { "type": "Point", "coordinates": [ 3.8623525, 43.6147046 ] } },
{ "type": "Feature", "properties": { "index": "383", "last_edit_year": 2020, "years_since_edit": 6, "label": "2.5–6.5 yr", "color": "#756bb1" }, "geometry": { "type": "Point", "coordinates": [ 3.8581875, 43.6170639 ] } },
{ "type": "Feature", "properties": { "index": "384", "last_edit_year": 2020, "years_since_edit": 6, "label": "2.5–6.5 yr", "color": "#756bb1" }, "geometry": { "type": "Point", "coordinates": [ 3.8583308, 43.6169871 ] } },
{ "type": "Feature", "properties": { "index": "385", "last_edit_year": 2020, "years_since_edit": 6, "label": "2.5–6.5 yr", "color": "#756bb1" }, "geometry": { "type": "Point", "coordinates": [ 3.8580459, 43.6171575 ] } },
{ "type": "Feature", "properties": { "index": "386", "last_edit_year": 2020, "years_since_edit": 6, "label": "2.5–6.5 yr", "color": "#756bb1" }, "geometry": { "type": "Point", "coordinates": [ 3.8586477, 43.616782 ] } },
{ "type": "Feature", "properties": { "index": "387", "last_edit_year": 2020, "years_since_edit": 6, "label": "2.5–6.5 yr", "color": "#756bb1" }, "geometry": { "type": "Point", "coordinates": [ 3.8590868, 43.6198987 ] } },
{ "type": "Feature", "properties": { "index": "388", "last_edit_year": 2020, "years_since_edit": 6, "label": "2.5–6.5 yr", "color": "#756bb1" }, "geometry": { "type": "Point", "coordinates": [ 3.8590147, 43.6198657 ] } },
{ "type": "Feature", "properties": { "index": "389", "last_edit_year": 2020, "years_since_edit": 6, "label": "2.5–6.5 yr", "color": "#756bb1" }, "geometry": { "type": "Point", "coordinates": [ 3.8591192, 43.6199202 ] } },
{ "type": "Feature", "properties": { "index": "390", "last_edit_year": 2020, "years_since_edit": 6, "label": "2.5–6.5 yr", "color": "#756bb1" }, "geometry": { "type": "Point", "coordinates": [ 3.8590504, 43.6198785 ] } },
{ "type": "Feature", "properties": { "index": "391", "last_edit_year": 2025, "years_since_edit": 1, "label": "0.5–1.5 yr", "color": "#cbc9e2" }, "geometry": { "type": "Point", "coordinates": [ 3.8611966, 43.6120421 ] } },
{ "type": "Feature", "properties": { "index": "392", "last_edit_year": 2025, "years_since_edit": 1, "label": "0.5–1.5 yr", "color": "#cbc9e2" }, "geometry": { "type": "Point", "coordinates": [ 3.8610432, 43.6118529 ] } },
{ "type": "Feature", "properties": { "index": "393", "last_edit_year": 2025, "years_since_edit": 1, "label": "0.5–1.5 yr", "color": "#cbc9e2" }, "geometry": { "type": "Point", "coordinates": [ 3.8611112, 43.6120549 ] } },
{ "type": "Feature", "properties": { "index": "394", "last_edit_year": 2025, "years_since_edit": 1, "label": "0.5–1.5 yr", "color": "#cbc9e2" }, "geometry": { "type": "Point", "coordinates": [ 3.8612031, 43.6118927 ] } },
{ "type": "Feature", "properties": { "index": "395", "last_edit_year": 2025, "years_since_edit": 1, "label": "0.5–1.5 yr", "color": "#cbc9e2" }, "geometry": { "type": "Point", "coordinates": [ 3.8609299, 43.6118616 ] } },
{ "type": "Feature", "properties": { "index": "396", "last_edit_year": 2025, "years_since_edit": 1, "label": "0.5–1.5 yr", "color": "#cbc9e2" }, "geometry": { "type": "Point", "coordinates": [ 3.8609242, 43.6119506 ] } },
{ "type": "Feature", "properties": { "index": "397", "last_edit_year": 2025, "years_since_edit": 1, "label": "0.5–1.5 yr", "color": "#cbc9e2" }, "geometry": { "type": "Point", "coordinates": [ 3.8609251, 43.6120279 ] } },
{ "type": "Feature", "properties": { "index": "398", "last_edit_year": 2025, "years_since_edit": 1, "label": "0.5–1.5 yr", "color": "#cbc9e2" }, "geometry": { "type": "Point", "coordinates": [ 3.8613099, 43.6234054 ] } },
{ "type": "Feature", "properties": { "index": "399", "last_edit_year": 2021, "years_since_edit": 5, "label": "2.5–6.5 yr", "color": "#756bb1" }, "geometry": { "type": "Point", "coordinates": [ 3.8627556, 43.6244549 ] } },
{ "type": "Feature", "properties": { "index": "400", "last_edit_year": 2025, "years_since_edit": 1, "label": "0.5–1.5 yr", "color": "#cbc9e2" }, "geometry": { "type": "Point", "coordinates": [ 3.8601572, 43.6224019 ] } },
{ "type": "Feature", "properties": { "index": "401", "last_edit_year": 2025, "years_since_edit": 1, "label": "0.5–1.5 yr", "color": "#cbc9e2" }, "geometry": { "type": "Point", "coordinates": [ 3.8600661, 43.6223382 ] } },
{ "type": "Feature", "properties": { "index": "402", "last_edit_year": 2026, "years_since_edit": 0, "label": "0.0–0.5 yr", "color": "#f2f0f7" }, "geometry": { "type": "Point", "coordinates": [ 3.8638687, 43.6225364 ] } },
{ "type": "Feature", "properties": { "index": "403", "last_edit_year": 2024, "years_since_edit": 2, "label": "1.5–2.5 yr", "color": "#9e9ac8" }, "geometry": { "type": "Point", "coordinates": [ 3.8664406, 43.6160269 ] } },
{ "type": "Feature", "properties": { "index": "404", "last_edit_year": 2024, "years_since_edit": 2, "label": "1.5–2.5 yr", "color": "#9e9ac8" }, "geometry": { "type": "Point", "coordinates": [ 3.8589323, 43.6134233 ] } },
{ "type": "Feature", "properties": { "index": "405", "last_edit_year": 2025, "years_since_edit": 1, "label": "0.5–1.5 yr", "color": "#cbc9e2" }, "geometry": { "type": "Point", "coordinates": [ 3.8592516, 43.6131004 ] } },
{ "type": "Feature", "properties": { "index": "406", "last_edit_year": 2025, "years_since_edit": 1, "label": "0.5–1.5 yr", "color": "#cbc9e2" }, "geometry": { "type": "Point", "coordinates": [ 3.8551291, 43.6028017 ] } },
{ "type": "Feature", "properties": { "index": "407", "last_edit_year": 2024, "years_since_edit": 2, "label": "1.5–2.5 yr", "color": "#9e9ac8" }, "geometry": { "type": "Point", "coordinates": [ 3.8629458, 43.6051848 ] } },
{ "type": "Feature", "properties": { "index": "408", "last_edit_year": 2024, "years_since_edit": 2, "label": "1.5–2.5 yr", "color": "#9e9ac8" }, "geometry": { "type": "Point", "coordinates": [ 3.8630716, 43.6061036 ] } },
{ "type": "Feature", "properties": { "index": "409", "last_edit_year": 2025, "years_since_edit": 1, "label": "0.5–1.5 yr", "color": "#cbc9e2" }, "geometry": { "type": "Point", "coordinates": [ 3.8591386, 43.6038833 ] } },
{ "type": "Feature", "properties": { "index": "410", "last_edit_year": 2024, "years_since_edit": 2, "label": "1.5–2.5 yr", "color": "#9e9ac8" }, "geometry": { "type": "Point", "coordinates": [ 3.8635282, 43.6061385 ] } },
{ "type": "Feature", "properties": { "index": "411", "last_edit_year": 2024, "years_since_edit": 2, "label": "1.5–2.5 yr", "color": "#9e9ac8" }, "geometry": { "type": "Point", "coordinates": [ 3.8624313, 43.6058183 ] } },
{ "type": "Feature", "properties": { "index": "412", "last_edit_year": 2024, "years_since_edit": 2, "label": "1.5–2.5 yr", "color": "#9e9ac8" }, "geometry": { "type": "Point", "coordinates": [ 3.8666135, 43.6107857 ] } },
{ "type": "Feature", "properties": { "index": "413", "last_edit_year": 2026, "years_since_edit": 0, "label": "0.0–0.5 yr", "color": "#f2f0f7" }, "geometry": { "type": "Point", "coordinates": [ 3.861958, 43.6075308 ] } },
{ "type": "Feature", "properties": { "index": "414", "last_edit_year": 2024, "years_since_edit": 2, "label": "1.5–2.5 yr", "color": "#9e9ac8" }, "geometry": { "type": "Point", "coordinates": [ 3.8667248, 43.6107745 ] } },
{ "type": "Feature", "properties": { "index": "415", "last_edit_year": 2025, "years_since_edit": 1, "label": "0.5–1.5 yr", "color": "#cbc9e2" }, "geometry": { "type": "Point", "coordinates": [ 3.8619368, 43.6120757 ] } },
{ "type": "Feature", "properties": { "index": "416", "last_edit_year": 2025, "years_since_edit": 1, "label": "0.5–1.5 yr", "color": "#cbc9e2" }, "geometry": { "type": "Point", "coordinates": [ 3.86674, 43.6130146 ] } },
{ "type": "Feature", "properties": { "index": "417", "last_edit_year": 2024, "years_since_edit": 2, "label": "1.5–2.5 yr", "color": "#9e9ac8" }, "geometry": { "type": "Point", "coordinates": [ 3.8603854, 43.6166727 ] } },
{ "type": "Feature", "properties": { "index": "418", "last_edit_year": 2026, "years_since_edit": 0, "label": "0.0–0.5 yr", "color": "#f2f0f7" }, "geometry": { "type": "Point", "coordinates": [ 3.86625, 43.621075 ] } },
{ "type": "Feature", "properties": { "index": "419", "last_edit_year": 2023, "years_since_edit": 3, "label": "2.5–6.5 yr", "color": "#756bb1" }, "geometry": { "type": "Point", "coordinates": [ 3.8619243, 43.6118028 ] } },
{ "type": "Feature", "properties": { "index": "420", "last_edit_year": 2024, "years_since_edit": 2, "label": "1.5–2.5 yr", "color": "#9e9ac8" }, "geometry": { "type": "Point", "coordinates": [ 3.8645679, 43.6119141 ] } },
{ "type": "Feature", "properties": { "index": "421", "last_edit_year": 2024, "years_since_edit": 2, "label": "1.5–2.5 yr", "color": "#9e9ac8" }, "geometry": { "type": "Point", "coordinates": [ 3.8667402, 43.6091697 ] } },
{ "type": "Feature", "properties": { "index": "422", "last_edit_year": 2025, "years_since_edit": 1, "label": "0.5–1.5 yr", "color": "#cbc9e2" }, "geometry": { "type": "Point", "coordinates": [ 3.8596405, 43.6003312 ] } },
{ "type": "Feature", "properties": { "index": "423", "last_edit_year": 2025, "years_since_edit": 1, "label": "0.5–1.5 yr", "color": "#cbc9e2" }, "geometry": { "type": "Point", "coordinates": [ 3.8582743, 43.613872 ] } },
{ "type": "Feature", "properties": { "index": "424", "last_edit_year": 2025, "years_since_edit": 1, "label": "0.5–1.5 yr", "color": "#cbc9e2" }, "geometry": { "type": "Point", "coordinates": [ 3.8584043, 43.6138706 ] } },
{ "type": "Feature", "properties": { "index": "425", "last_edit_year": 2024, "years_since_edit": 2, "label": "1.5–2.5 yr", "color": "#9e9ac8" }, "geometry": { "type": "Point", "coordinates": [ 3.8661568, 43.6070239 ] } },
{ "type": "Feature", "properties": { "index": "426", "last_edit_year": 2024, "years_since_edit": 2, "label": "1.5–2.5 yr", "color": "#9e9ac8" }, "geometry": { "type": "Point", "coordinates": [ 3.8661871, 43.607068 ] } },
{ "type": "Feature", "properties": { "index": "427", "last_edit_year": 2025, "years_since_edit": 1, "label": "0.5–1.5 yr", "color": "#cbc9e2" }, "geometry": { "type": "Point", "coordinates": [ 3.8616663, 43.6085072 ] } },
{ "type": "Feature", "properties": { "index": "428", "last_edit_year": 2024, "years_since_edit": 2, "label": "1.5–2.5 yr", "color": "#9e9ac8" }, "geometry": { "type": "Point", "coordinates": [ 3.8644869, 43.6064446 ] } },
{ "type": "Feature", "properties": { "index": "429", "last_edit_year": 2024, "years_since_edit": 2, "label": "1.5–2.5 yr", "color": "#9e9ac8" }, "geometry": { "type": "Point", "coordinates": [ 3.8643691, 43.6064574 ] } },
{ "type": "Feature", "properties": { "index": "430", "last_edit_year": 2024, "years_since_edit": 2, "label": "1.5–2.5 yr", "color": "#9e9ac8" }, "geometry": { "type": "Point", "coordinates": [ 3.8616253, 43.6056508 ] } },
{ "type": "Feature", "properties": { "index": "431", "last_edit_year": 2023, "years_since_edit": 3, "label": "2.5–6.5 yr", "color": "#756bb1" }, "geometry": { "type": "Point", "coordinates": [ 3.8639332, 43.6151215 ] } },
{ "type": "Feature", "properties": { "index": "432", "last_edit_year": 2022, "years_since_edit": 4, "label": "2.5–6.5 yr", "color": "#756bb1" }, "geometry": { "type": "Point", "coordinates": [ 3.862106, 43.6164391 ] } },
{ "type": "Feature", "properties": { "index": "433", "last_edit_year": 2024, "years_since_edit": 2, "label": "1.5–2.5 yr", "color": "#9e9ac8" }, "geometry": { "type": "Point", "coordinates": [ 3.8665196, 43.6137852 ] } },
{ "type": "Feature", "properties": { "index": "434", "last_edit_year": 2024, "years_since_edit": 2, "label": "1.5–2.5 yr", "color": "#9e9ac8" }, "geometry": { "type": "Point", "coordinates": [ 3.8651872, 43.6066303 ] } },
{ "type": "Feature", "properties": { "index": "435", "last_edit_year": 2023, "years_since_edit": 3, "label": "2.5–6.5 yr", "color": "#756bb1" }, "geometry": { "type": "Point", "coordinates": [ 3.8630257, 43.6119171 ] } },
{ "type": "Feature", "properties": { "index": "436", "last_edit_year": 2025, "years_since_edit": 1, "label": "0.5–1.5 yr", "color": "#cbc9e2" }, "geometry": { "type": "Point", "coordinates": [ 3.8625108, 43.6119601 ] } },
{ "type": "Feature", "properties": { "index": "437", "last_edit_year": 2023, "years_since_edit": 3, "label": "2.5–6.5 yr", "color": "#756bb1" }, "geometry": { "type": "Point", "coordinates": [ 3.8670439, 43.6069071 ] } },
{ "type": "Feature", "properties": { "index": "438", "last_edit_year": 2023, "years_since_edit": 3, "label": "2.5–6.5 yr", "color": "#756bb1" }, "geometry": { "type": "Point", "coordinates": [ 3.867012, 43.6070251 ] } },
{ "type": "Feature", "properties": { "index": "439", "last_edit_year": 2023, "years_since_edit": 3, "label": "2.5–6.5 yr", "color": "#756bb1" }, "geometry": { "type": "Point", "coordinates": [ 3.8653296, 43.6051302 ] } },
{ "type": "Feature", "properties": { "index": "440", "last_edit_year": 2023, "years_since_edit": 3, "label": "2.5–6.5 yr", "color": "#756bb1" }, "geometry": { "type": "Point", "coordinates": [ 3.8653449, 43.605096 ] } },
{ "type": "Feature", "properties": { "index": "441", "last_edit_year": 2023, "years_since_edit": 3, "label": "2.5–6.5 yr", "color": "#756bb1" }, "geometry": { "type": "Point", "coordinates": [ 3.8653662, 43.6050607 ] } },
{ "type": "Feature", "properties": { "index": "442", "last_edit_year": 2023, "years_since_edit": 3, "label": "2.5–6.5 yr", "color": "#756bb1" }, "geometry": { "type": "Point", "coordinates": [ 3.8670718, 43.6079927 ] } },
{ "type": "Feature", "properties": { "index": "443", "last_edit_year": 2024, "years_since_edit": 2, "label": "1.5–2.5 yr", "color": "#9e9ac8" }, "geometry": { "type": "Point", "coordinates": [ 3.8665232, 43.6072755 ] } },
{ "type": "Feature", "properties": { "index": "444", "last_edit_year": 2024, "years_since_edit": 2, "label": "1.5–2.5 yr", "color": "#9e9ac8" }, "geometry": { "type": "Point", "coordinates": [ 3.8662278, 43.6069932 ] } },
{ "type": "Feature", "properties": { "index": "445", "last_edit_year": 2023, "years_since_edit": 3, "label": "2.5–6.5 yr", "color": "#756bb1" }, "geometry": { "type": "Point", "coordinates": [ 3.857826, 43.6059248 ] } },
{ "type": "Feature", "properties": { "index": "446", "last_edit_year": 2023, "years_since_edit": 3, "label": "2.5–6.5 yr", "color": "#756bb1" }, "geometry": { "type": "Point", "coordinates": [ 3.8618815, 43.6117908 ] } },
{ "type": "Feature", "properties": { "index": "447", "last_edit_year": 2024, "years_since_edit": 2, "label": "1.5–2.5 yr", "color": "#9e9ac8" }, "geometry": { "type": "Point", "coordinates": [ 3.8648521, 43.6174144 ] } },
{ "type": "Feature", "properties": { "index": "448", "last_edit_year": 2025, "years_since_edit": 1, "label": "0.5–1.5 yr", "color": "#cbc9e2" }, "geometry": { "type": "Point", "coordinates": [ 3.861554, 43.6171221 ] } },
{ "type": "Feature", "properties": { "index": "449", "last_edit_year": 2025, "years_since_edit": 1, "label": "0.5–1.5 yr", "color": "#cbc9e2" }, "geometry": { "type": "Point", "coordinates": [ 3.8617641, 43.6172202 ] } },
{ "type": "Feature", "properties": { "index": "450", "last_edit_year": 2025, "years_since_edit": 1, "label": "0.5–1.5 yr", "color": "#cbc9e2" }, "geometry": { "type": "Point", "coordinates": [ 3.8619628, 43.6173291 ] } },
{ "type": "Feature", "properties": { "index": "451", "last_edit_year": 2024, "years_since_edit": 2, "label": "1.5–2.5 yr", "color": "#9e9ac8" }, "geometry": { "type": "Point", "coordinates": [ 3.8623125, 43.6057949 ] } },
{ "type": "Feature", "properties": { "index": "452", "last_edit_year": 2024, "years_since_edit": 2, "label": "1.5–2.5 yr", "color": "#9e9ac8" }, "geometry": { "type": "Point", "coordinates": [ 3.8624839, 43.6058945 ] } },
{ "type": "Feature", "properties": { "index": "453", "last_edit_year": 2024, "years_since_edit": 2, "label": "1.5–2.5 yr", "color": "#9e9ac8" }, "geometry": { "type": "Point", "coordinates": [ 3.8644442, 43.6063807 ] } },
{ "type": "Feature", "properties": { "index": "454", "last_edit_year": 2024, "years_since_edit": 2, "label": "1.5–2.5 yr", "color": "#9e9ac8" }, "geometry": { "type": "Point", "coordinates": [ 3.859092, 43.6111628 ] } },
{ "type": "Feature", "properties": { "index": "455", "last_edit_year": 2024, "years_since_edit": 2, "label": "1.5–2.5 yr", "color": "#9e9ac8" }, "geometry": { "type": "Point", "coordinates": [ 3.8584027, 43.6109393 ] } },
{ "type": "Feature", "properties": { "index": "456", "last_edit_year": 2024, "years_since_edit": 2, "label": "1.5–2.5 yr", "color": "#9e9ac8" }, "geometry": { "type": "Point", "coordinates": [ 3.8584426, 43.6110192 ] } },
{ "type": "Feature", "properties": { "index": "457", "last_edit_year": 2024, "years_since_edit": 2, "label": "1.5–2.5 yr", "color": "#9e9ac8" }, "geometry": { "type": "Point", "coordinates": [ 3.8579254, 43.6107451 ] } },
{ "type": "Feature", "properties": { "index": "458", "last_edit_year": 2024, "years_since_edit": 2, "label": "1.5–2.5 yr", "color": "#9e9ac8" }, "geometry": { "type": "Point", "coordinates": [ 3.8578275, 43.6107468 ] } },
{ "type": "Feature", "properties": { "index": "459", "last_edit_year": 2024, "years_since_edit": 2, "label": "1.5–2.5 yr", "color": "#9e9ac8" }, "geometry": { "type": "Point", "coordinates": [ 3.8580253, 43.6107447 ] } },
{ "type": "Feature", "properties": { "index": "460", "last_edit_year": 2024, "years_since_edit": 2, "label": "1.5–2.5 yr", "color": "#9e9ac8" }, "geometry": { "type": "Point", "coordinates": [ 3.8579247, 43.6107032 ] } },
{ "type": "Feature", "properties": { "index": "461", "last_edit_year": 2024, "years_since_edit": 2, "label": "1.5–2.5 yr", "color": "#9e9ac8" }, "geometry": { "type": "Point", "coordinates": [ 3.8579593, 43.6107082 ] } },
{ "type": "Feature", "properties": { "index": "462", "last_edit_year": 2024, "years_since_edit": 2, "label": "1.5–2.5 yr", "color": "#9e9ac8" }, "geometry": { "type": "Point", "coordinates": [ 3.8579224, 43.6106965 ] } },
{ "type": "Feature", "properties": { "index": "463", "last_edit_year": 2024, "years_since_edit": 2, "label": "1.5–2.5 yr", "color": "#9e9ac8" }, "geometry": { "type": "Point", "coordinates": [ 3.8579732, 43.6106965 ] } },
{ "type": "Feature", "properties": { "index": "464", "last_edit_year": 2024, "years_since_edit": 2, "label": "1.5–2.5 yr", "color": "#9e9ac8" }, "geometry": { "type": "Point", "coordinates": [ 3.8588429, 43.610969 ] } },
{ "type": "Feature", "properties": { "index": "465", "last_edit_year": 2024, "years_since_edit": 2, "label": "1.5–2.5 yr", "color": "#9e9ac8" }, "geometry": { "type": "Point", "coordinates": [ 3.8587706, 43.6109671 ] } },
{ "type": "Feature", "properties": { "index": "466", "last_edit_year": 2024, "years_since_edit": 2, "label": "1.5–2.5 yr", "color": "#9e9ac8" }, "geometry": { "type": "Point", "coordinates": [ 3.8582758, 43.6110039 ] } },
{ "type": "Feature", "properties": { "index": "467", "last_edit_year": 2024, "years_since_edit": 2, "label": "1.5–2.5 yr", "color": "#9e9ac8" }, "geometry": { "type": "Point", "coordinates": [ 3.8585674, 43.6110504 ] } },
{ "type": "Feature", "properties": { "index": "468", "last_edit_year": 2024, "years_since_edit": 2, "label": "1.5–2.5 yr", "color": "#9e9ac8" }, "geometry": { "type": "Point", "coordinates": [ 3.8586637, 43.6110678 ] } },
{ "type": "Feature", "properties": { "index": "469", "last_edit_year": 2024, "years_since_edit": 2, "label": "1.5–2.5 yr", "color": "#9e9ac8" }, "geometry": { "type": "Point", "coordinates": [ 3.8657618, 43.6068226 ] } },
{ "type": "Feature", "properties": { "index": "470", "last_edit_year": 2024, "years_since_edit": 2, "label": "1.5–2.5 yr", "color": "#9e9ac8" }, "geometry": { "type": "Point", "coordinates": [ 3.8630061, 43.606042 ] } },
{ "type": "Feature", "properties": { "index": "471", "last_edit_year": 2025, "years_since_edit": 1, "label": "0.5–1.5 yr", "color": "#cbc9e2" }, "geometry": { "type": "Point", "coordinates": [ 3.867021, 43.6083286 ] } },
{ "type": "Feature", "properties": { "index": "472", "last_edit_year": 2024, "years_since_edit": 2, "label": "1.5–2.5 yr", "color": "#9e9ac8" }, "geometry": { "type": "Point", "coordinates": [ 3.8648959, 43.6065521 ] } },
{ "type": "Feature", "properties": { "index": "473", "last_edit_year": 2024, "years_since_edit": 2, "label": "1.5–2.5 yr", "color": "#9e9ac8" }, "geometry": { "type": "Point", "coordinates": [ 3.8668353, 43.6092627 ] } },
{ "type": "Feature", "properties": { "index": "474", "last_edit_year": 2024, "years_since_edit": 2, "label": "1.5–2.5 yr", "color": "#9e9ac8" }, "geometry": { "type": "Point", "coordinates": [ 3.8668431, 43.6092289 ] } },
{ "type": "Feature", "properties": { "index": "475", "last_edit_year": 2024, "years_since_edit": 2, "label": "1.5–2.5 yr", "color": "#9e9ac8" }, "geometry": { "type": "Point", "coordinates": [ 3.8667237, 43.6102523 ] } },
{ "type": "Feature", "properties": { "index": "476", "last_edit_year": 2024, "years_since_edit": 2, "label": "1.5–2.5 yr", "color": "#9e9ac8" }, "geometry": { "type": "Point", "coordinates": [ 3.8667817, 43.6098413 ] } },
{ "type": "Feature", "properties": { "index": "477", "last_edit_year": 2025, "years_since_edit": 1, "label": "0.5–1.5 yr", "color": "#cbc9e2" }, "geometry": { "type": "Point", "coordinates": [ 3.8665606, 43.6021202 ] } },
{ "type": "Feature", "properties": { "index": "478", "last_edit_year": 2026, "years_since_edit": 0, "label": "0.0–0.5 yr", "color": "#f2f0f7" }, "geometry": { "type": "Point", "coordinates": [ 3.8645395, 43.6095199 ] } },
{ "type": "Feature", "properties": { "index": "479", "last_edit_year": 2026, "years_since_edit": 0, "label": "0.0–0.5 yr", "color": "#f2f0f7" }, "geometry": { "type": "Point", "coordinates": [ 3.8643536, 43.6095538 ] } },
{ "type": "Feature", "properties": { "index": "480", "last_edit_year": 2024, "years_since_edit": 2, "label": "1.5–2.5 yr", "color": "#9e9ac8" }, "geometry": { "type": "Point", "coordinates": [ 3.8564721, 43.6103811 ] } },
{ "type": "Feature", "properties": { "index": "481", "last_edit_year": 2025, "years_since_edit": 1, "label": "0.5–1.5 yr", "color": "#cbc9e2" }, "geometry": { "type": "Point", "coordinates": [ 3.8599809, 43.6005109 ] } },
{ "type": "Feature", "properties": { "index": "482", "last_edit_year": 2024, "years_since_edit": 2, "label": "1.5–2.5 yr", "color": "#9e9ac8" }, "geometry": { "type": "Point", "coordinates": [ 3.8603244, 43.6059288 ] } },
{ "type": "Feature", "properties": { "index": "483", "last_edit_year": 2024, "years_since_edit": 2, "label": "1.5–2.5 yr", "color": "#9e9ac8" }, "geometry": { "type": "Point", "coordinates": [ 3.8582062, 43.6059761 ] } },
{ "type": "Feature", "properties": { "index": "484", "last_edit_year": 2025, "years_since_edit": 1, "label": "0.5–1.5 yr", "color": "#cbc9e2" }, "geometry": { "type": "Point", "coordinates": [ 3.8597659, 43.6001716 ] } },
{ "type": "Feature", "properties": { "index": "485", "last_edit_year": 2025, "years_since_edit": 1, "label": "0.5–1.5 yr", "color": "#cbc9e2" }, "geometry": { "type": "Point", "coordinates": [ 3.8553818, 43.617992 ] } },
{ "type": "Feature", "properties": { "index": "486", "last_edit_year": 2025, "years_since_edit": 1, "label": "0.5–1.5 yr", "color": "#cbc9e2" }, "geometry": { "type": "Point", "coordinates": [ 3.8658147, 43.6023539 ] } },
{ "type": "Feature", "properties": { "index": "487", "last_edit_year": 2025, "years_since_edit": 1, "label": "0.5–1.5 yr", "color": "#cbc9e2" }, "geometry": { "type": "Point", "coordinates": [ 3.8632398, 43.6072773 ] } },
{ "type": "Feature", "properties": { "index": "488", "last_edit_year": 2025, "years_since_edit": 1, "label": "0.5–1.5 yr", "color": "#cbc9e2" }, "geometry": { "type": "Point", "coordinates": [ 3.864005, 43.6083698 ] } },
{ "type": "Feature", "properties": { "index": "489", "last_edit_year": 2026, "years_since_edit": 0, "label": "0.0–0.5 yr", "color": "#f2f0f7" }, "geometry": { "type": "Point", "coordinates": [ 3.8641312, 43.621867 ] } },
{ "type": "Feature", "properties": { "index": "490", "last_edit_year": 2026, "years_since_edit": 0, "label": "0.0–0.5 yr", "color": "#f2f0f7" }, "geometry": { "type": "Point", "coordinates": [ 3.8643787, 43.6214882 ] } },
{ "type": "Feature", "properties": { "index": "491", "last_edit_year": 2026, "years_since_edit": 0, "label": "0.0–0.5 yr", "color": "#f2f0f7" }, "geometry": { "type": "Point", "coordinates": [ 3.8637776, 43.6224526 ] } },
{ "type": "Feature", "properties": { "index": "492", "last_edit_year": 2025, "years_since_edit": 1, "label": "0.5–1.5 yr", "color": "#cbc9e2" }, "geometry": { "type": "Point", "coordinates": [ 3.8550359, 43.6028815 ] } },
{ "type": "Feature", "properties": { "index": "493", "last_edit_year": 2025, "years_since_edit": 1, "label": "0.5–1.5 yr", "color": "#cbc9e2" }, "geometry": { "type": "Point", "coordinates": [ 3.8595343, 43.6001243 ] } },
{ "type": "Feature", "properties": { "index": "494", "last_edit_year": 2025, "years_since_edit": 1, "label": "0.5–1.5 yr", "color": "#cbc9e2" }, "geometry": { "type": "Point", "coordinates": [ 3.8596033, 43.6001861 ] } },
{ "type": "Feature", "properties": { "index": "495", "last_edit_year": 2026, "years_since_edit": 0, "label": "0.0–0.5 yr", "color": "#f2f0f7" }, "geometry": { "type": "Point", "coordinates": [ 3.8594818, 43.6037995 ] } },
{ "type": "Feature", "properties": { "index": "496", "last_edit_year": 2026, "years_since_edit": 0, "label": "0.0–0.5 yr", "color": "#f2f0f7" }, "geometry": { "type": "Point", "coordinates": [ 3.8645632, 43.6146428 ] } },
{ "type": "Feature", "properties": { "index": "497", "last_edit_year": 2026, "years_since_edit": 0, "label": "0.0–0.5 yr", "color": "#f2f0f7" }, "geometry": { "type": "Point", "coordinates": [ 3.8641426, 43.6141728 ] } },
{ "type": "Feature", "properties": { "index": "498", "last_edit_year": 2026, "years_since_edit": 0, "label": "0.0–0.5 yr", "color": "#f2f0f7" }, "geometry": { "type": "Point", "coordinates": [ 3.8645824, 43.6214412 ] } },
{ "type": "Feature", "properties": { "index": "499", "last_edit_year": 2026, "years_since_edit": 0, "label": "0.0–0.5 yr", "color": "#f2f0f7" }, "geometry": { "type": "Point", "coordinates": [ 3.8669334, 43.6120135 ] } },
{ "type": "Feature", "properties": { "index": "500", "last_edit_year": 2024, "years_since_edit": 2, "label": "1.5–2.5 yr", "color": "#9e9ac8" }, "geometry": { "type": "Point", "coordinates": [ 3.8972594, 43.6008679 ] } },
{ "type": "Feature", "properties": { "index": "501", "last_edit_year": 2024, "years_since_edit": 2, "label": "1.5–2.5 yr", "color": "#9e9ac8" }, "geometry": { "type": "Point", "coordinates": [ 3.8755787, 43.615942 ] } },
{ "type": "Feature", "properties": { "index": "502", "last_edit_year": 2024, "years_since_edit": 2, "label": "1.5–2.5 yr", "color": "#9e9ac8" }, "geometry": { "type": "Point", "coordinates": [ 3.8805142, 43.6140794 ] } },
{ "type": "Feature", "properties": { "index": "503", "last_edit_year": 2024, "years_since_edit": 2, "label": "1.5–2.5 yr", "color": "#9e9ac8" }, "geometry": { "type": "Point", "coordinates": [ 3.8810791, 43.6155723 ] } },
{ "type": "Feature", "properties": { "index": "504", "last_edit_year": 2024, "years_since_edit": 2, "label": "1.5–2.5 yr", "color": "#9e9ac8" }, "geometry": { "type": "Point", "coordinates": [ 3.8808969, 43.6158275 ] } },
{ "type": "Feature", "properties": { "index": "505", "last_edit_year": 2024, "years_since_edit": 2, "label": "1.5–2.5 yr", "color": "#9e9ac8" }, "geometry": { "type": "Point", "coordinates": [ 3.8720622, 43.6221756 ] } },
{ "type": "Feature", "properties": { "index": "506", "last_edit_year": 2024, "years_since_edit": 2, "label": "1.5–2.5 yr", "color": "#9e9ac8" }, "geometry": { "type": "Point", "coordinates": [ 3.8713956, 43.6222253 ] } },
{ "type": "Feature", "properties": { "index": "507", "last_edit_year": 2024, "years_since_edit": 2, "label": "1.5–2.5 yr", "color": "#9e9ac8" }, "geometry": { "type": "Point", "coordinates": [ 3.8879153, 43.6249268 ] } },
{ "type": "Feature", "properties": { "index": "508", "last_edit_year": 2025, "years_since_edit": 1, "label": "0.5–1.5 yr", "color": "#cbc9e2" }, "geometry": { "type": "Point", "coordinates": [ 3.9011116, 43.6013957 ] } },
{ "type": "Feature", "properties": { "index": "509", "last_edit_year": 2025, "years_since_edit": 1, "label": "0.5–1.5 yr", "color": "#cbc9e2" }, "geometry": { "type": "Point", "coordinates": [ 3.9014379, 43.6014832 ] } },
{ "type": "Feature", "properties": { "index": "510", "last_edit_year": 2024, "years_since_edit": 2, "label": "1.5–2.5 yr", "color": "#9e9ac8" }, "geometry": { "type": "Point", "coordinates": [ 3.8682747, 43.6123414 ] } },
{ "type": "Feature", "properties": { "index": "511", "last_edit_year": 2024, "years_since_edit": 2, "label": "1.5–2.5 yr", "color": "#9e9ac8" }, "geometry": { "type": "Point", "coordinates": [ 3.8819949, 43.6221297 ] } },
{ "type": "Feature", "properties": { "index": "512", "last_edit_year": 2024, "years_since_edit": 2, "label": "1.5–2.5 yr", "color": "#9e9ac8" }, "geometry": { "type": "Point", "coordinates": [ 3.8829166, 43.622096 ] } },
{ "type": "Feature", "properties": { "index": "513", "last_edit_year": 2024, "years_since_edit": 2, "label": "1.5–2.5 yr", "color": "#9e9ac8" }, "geometry": { "type": "Point", "coordinates": [ 3.8828862, 43.621785 ] } },
{ "type": "Feature", "properties": { "index": "514", "last_edit_year": 2024, "years_since_edit": 2, "label": "1.5–2.5 yr", "color": "#9e9ac8" }, "geometry": { "type": "Point", "coordinates": [ 3.881389, 43.6160748 ] } },
{ "type": "Feature", "properties": { "index": "515", "last_edit_year": 2024, "years_since_edit": 2, "label": "1.5–2.5 yr", "color": "#9e9ac8" }, "geometry": { "type": "Point", "coordinates": [ 3.8840077, 43.6199315 ] } },
{ "type": "Feature", "properties": { "index": "516", "last_edit_year": 2024, "years_since_edit": 2, "label": "1.5–2.5 yr", "color": "#9e9ac8" }, "geometry": { "type": "Point", "coordinates": [ 3.8784138, 43.618156 ] } },
{ "type": "Feature", "properties": { "index": "517", "last_edit_year": 2024, "years_since_edit": 2, "label": "1.5–2.5 yr", "color": "#9e9ac8" }, "geometry": { "type": "Point", "coordinates": [ 3.892422, 43.6168431 ] } },
{ "type": "Feature", "properties": { "index": "518", "last_edit_year": 2024, "years_since_edit": 2, "label": "1.5–2.5 yr", "color": "#9e9ac8" }, "geometry": { "type": "Point", "coordinates": [ 3.8909945, 43.61644 ] } },
{ "type": "Feature", "properties": { "index": "519", "last_edit_year": 2025, "years_since_edit": 1, "label": "0.5–1.5 yr", "color": "#cbc9e2" }, "geometry": { "type": "Point", "coordinates": [ 3.8931946, 43.6174719 ] } },
{ "type": "Feature", "properties": { "index": "520", "last_edit_year": 2025, "years_since_edit": 1, "label": "0.5–1.5 yr", "color": "#cbc9e2" }, "geometry": { "type": "Point", "coordinates": [ 3.8925142, 43.6161633 ] } },
{ "type": "Feature", "properties": { "index": "521", "last_edit_year": 2024, "years_since_edit": 2, "label": "1.5–2.5 yr", "color": "#9e9ac8" }, "geometry": { "type": "Point", "coordinates": [ 3.8893194, 43.6140698 ] } },
{ "type": "Feature", "properties": { "index": "522", "last_edit_year": 2024, "years_since_edit": 2, "label": "1.5–2.5 yr", "color": "#9e9ac8" }, "geometry": { "type": "Point", "coordinates": [ 3.8921564, 43.6149765 ] } },
{ "type": "Feature", "properties": { "index": "523", "last_edit_year": 2024, "years_since_edit": 2, "label": "1.5–2.5 yr", "color": "#9e9ac8" }, "geometry": { "type": "Point", "coordinates": [ 3.8845918, 43.6137169 ] } },
{ "type": "Feature", "properties": { "index": "524", "last_edit_year": 2024, "years_since_edit": 2, "label": "1.5–2.5 yr", "color": "#9e9ac8" }, "geometry": { "type": "Point", "coordinates": [ 3.8859879, 43.6094099 ] } },
{ "type": "Feature", "properties": { "index": "525", "last_edit_year": 2024, "years_since_edit": 2, "label": "1.5–2.5 yr", "color": "#9e9ac8" }, "geometry": { "type": "Point", "coordinates": [ 3.8942607, 43.6094912 ] } },
{ "type": "Feature", "properties": { "index": "526", "last_edit_year": 2025, "years_since_edit": 1, "label": "0.5–1.5 yr", "color": "#cbc9e2" }, "geometry": { "type": "Point", "coordinates": [ 3.8680752, 43.6121704 ] } },
{ "type": "Feature", "properties": { "index": "527", "last_edit_year": 2023, "years_since_edit": 3, "label": "2.5–6.5 yr", "color": "#756bb1" }, "geometry": { "type": "Point", "coordinates": [ 3.8683461, 43.612209 ] } },
{ "type": "Feature", "properties": { "index": "528", "last_edit_year": 2025, "years_since_edit": 1, "label": "0.5–1.5 yr", "color": "#cbc9e2" }, "geometry": { "type": "Point", "coordinates": [ 3.8729315, 43.6168106 ] } },
{ "type": "Feature", "properties": { "index": "529", "last_edit_year": 2024, "years_since_edit": 2, "label": "1.5–2.5 yr", "color": "#9e9ac8" }, "geometry": { "type": "Point", "coordinates": [ 3.8891023, 43.6141218 ] } },
{ "type": "Feature", "properties": { "index": "530", "last_edit_year": 2024, "years_since_edit": 2, "label": "1.5–2.5 yr", "color": "#9e9ac8" }, "geometry": { "type": "Point", "coordinates": [ 3.8888613, 43.6140287 ] } },
{ "type": "Feature", "properties": { "index": "531", "last_edit_year": 2024, "years_since_edit": 2, "label": "1.5–2.5 yr", "color": "#9e9ac8" }, "geometry": { "type": "Point", "coordinates": [ 3.8887031, 43.6134951 ] } },
{ "type": "Feature", "properties": { "index": "532", "last_edit_year": 2024, "years_since_edit": 2, "label": "1.5–2.5 yr", "color": "#9e9ac8" }, "geometry": { "type": "Point", "coordinates": [ 3.8720269, 43.6116239 ] } },
{ "type": "Feature", "properties": { "index": "533", "last_edit_year": 2025, "years_since_edit": 1, "label": "0.5–1.5 yr", "color": "#cbc9e2" }, "geometry": { "type": "Point", "coordinates": [ 3.8879033, 43.6055495 ] } },
{ "type": "Feature", "properties": { "index": "534", "last_edit_year": 2025, "years_since_edit": 1, "label": "0.5–1.5 yr", "color": "#cbc9e2" }, "geometry": { "type": "Point", "coordinates": [ 3.8864524, 43.6066104 ] } },
{ "type": "Feature", "properties": { "index": "535", "last_edit_year": 2025, "years_since_edit": 1, "label": "0.5–1.5 yr", "color": "#cbc9e2" }, "geometry": { "type": "Point", "coordinates": [ 3.8827454, 43.6030135 ] } },
{ "type": "Feature", "properties": { "index": "536", "last_edit_year": 2024, "years_since_edit": 2, "label": "1.5–2.5 yr", "color": "#9e9ac8" }, "geometry": { "type": "Point", "coordinates": [ 3.8783693, 43.6069548 ] } },
{ "type": "Feature", "properties": { "index": "537", "last_edit_year": 2024, "years_since_edit": 2, "label": "1.5–2.5 yr", "color": "#9e9ac8" }, "geometry": { "type": "Point", "coordinates": [ 3.8900447, 43.6064324 ] } },
{ "type": "Feature", "properties": { "index": "538", "last_edit_year": 2025, "years_since_edit": 1, "label": "0.5–1.5 yr", "color": "#cbc9e2" }, "geometry": { "type": "Point", "coordinates": [ 3.8913123, 43.6063442 ] } },
{ "type": "Feature", "properties": { "index": "539", "last_edit_year": 2025, "years_since_edit": 1, "label": "0.5–1.5 yr", "color": "#cbc9e2" }, "geometry": { "type": "Point", "coordinates": [ 3.8941013, 43.6077522 ] } },
{ "type": "Feature", "properties": { "index": "540", "last_edit_year": 2026, "years_since_edit": 0, "label": "0.0–0.5 yr", "color": "#f2f0f7" }, "geometry": { "type": "Point", "coordinates": [ 3.8867254, 43.6092984 ] } },
{ "type": "Feature", "properties": { "index": "541", "last_edit_year": 2024, "years_since_edit": 2, "label": "1.5–2.5 yr", "color": "#9e9ac8" }, "geometry": { "type": "Point", "coordinates": [ 3.8966161, 43.6067924 ] } },
{ "type": "Feature", "properties": { "index": "542", "last_edit_year": 2024, "years_since_edit": 2, "label": "1.5–2.5 yr", "color": "#9e9ac8" }, "geometry": { "type": "Point", "coordinates": [ 3.8966923, 43.6075034 ] } },
{ "type": "Feature", "properties": { "index": "543", "last_edit_year": 2025, "years_since_edit": 1, "label": "0.5–1.5 yr", "color": "#cbc9e2" }, "geometry": { "type": "Point", "coordinates": [ 3.891662, 43.6014076 ] } },
{ "type": "Feature", "properties": { "index": "544", "last_edit_year": 2024, "years_since_edit": 2, "label": "1.5–2.5 yr", "color": "#9e9ac8" }, "geometry": { "type": "Point", "coordinates": [ 3.8955126, 43.6028461 ] } },
{ "type": "Feature", "properties": { "index": "545", "last_edit_year": 2025, "years_since_edit": 1, "label": "0.5–1.5 yr", "color": "#cbc9e2" }, "geometry": { "type": "Point", "coordinates": [ 3.8999909, 43.6104215 ] } },
{ "type": "Feature", "properties": { "index": "546", "last_edit_year": 2024, "years_since_edit": 2, "label": "1.5–2.5 yr", "color": "#9e9ac8" }, "geometry": { "type": "Point", "coordinates": [ 3.9040952, 43.619097 ] } },
{ "type": "Feature", "properties": { "index": "547", "last_edit_year": 2024, "years_since_edit": 2, "label": "1.5–2.5 yr", "color": "#9e9ac8" }, "geometry": { "type": "Point", "coordinates": [ 3.90424, 43.6194767 ] } },
{ "type": "Feature", "properties": { "index": "548", "last_edit_year": 2024, "years_since_edit": 2, "label": "1.5–2.5 yr", "color": "#9e9ac8" }, "geometry": { "type": "Point", "coordinates": [ 3.9038545, 43.6192733 ] } },
{ "type": "Feature", "properties": { "index": "549", "last_edit_year": 2024, "years_since_edit": 2, "label": "1.5–2.5 yr", "color": "#9e9ac8" }, "geometry": { "type": "Point", "coordinates": [ 3.8994414, 43.6056736 ] } },
{ "type": "Feature", "properties": { "index": "550", "last_edit_year": 2024, "years_since_edit": 2, "label": "1.5–2.5 yr", "color": "#9e9ac8" }, "geometry": { "type": "Point", "coordinates": [ 3.8994465, 43.6057234 ] } },
{ "type": "Feature", "properties": { "index": "551", "last_edit_year": 2025, "years_since_edit": 1, "label": "0.5–1.5 yr", "color": "#cbc9e2" }, "geometry": { "type": "Point", "coordinates": [ 3.8985431, 43.6068807 ] } },
{ "type": "Feature", "properties": { "index": "552", "last_edit_year": 2024, "years_since_edit": 2, "label": "1.5–2.5 yr", "color": "#9e9ac8" }, "geometry": { "type": "Point", "coordinates": [ 3.8987733, 43.6087124 ] } },
{ "type": "Feature", "properties": { "index": "553", "last_edit_year": 2024, "years_since_edit": 2, "label": "1.5–2.5 yr", "color": "#9e9ac8" }, "geometry": { "type": "Point", "coordinates": [ 3.9008032, 43.6113585 ] } },
{ "type": "Feature", "properties": { "index": "554", "last_edit_year": 2024, "years_since_edit": 2, "label": "1.5–2.5 yr", "color": "#9e9ac8" }, "geometry": { "type": "Point", "coordinates": [ 3.8892552, 43.6035154 ] } },
{ "type": "Feature", "properties": { "index": "555", "last_edit_year": 2024, "years_since_edit": 2, "label": "1.5–2.5 yr", "color": "#9e9ac8" }, "geometry": { "type": "Point", "coordinates": [ 3.8937853, 43.6069281 ] } },
{ "type": "Feature", "properties": { "index": "556", "last_edit_year": 2025, "years_since_edit": 1, "label": "0.5–1.5 yr", "color": "#cbc9e2" }, "geometry": { "type": "Point", "coordinates": [ 3.9006067, 43.6026237 ] } },
{ "type": "Feature", "properties": { "index": "557", "last_edit_year": 2024, "years_since_edit": 2, "label": "1.5–2.5 yr", "color": "#9e9ac8" }, "geometry": { "type": "Point", "coordinates": [ 3.9039888, 43.6194761 ] } },
{ "type": "Feature", "properties": { "index": "558", "last_edit_year": 2026, "years_since_edit": 0, "label": "0.0–0.5 yr", "color": "#f2f0f7" }, "geometry": { "type": "Point", "coordinates": [ 3.885869, 43.6073671 ] } },
{ "type": "Feature", "properties": { "index": "559", "last_edit_year": 2023, "years_since_edit": 3, "label": "2.5–6.5 yr", "color": "#756bb1" }, "geometry": { "type": "Point", "coordinates": [ 3.889748, 43.609074 ] } },
{ "type": "Feature", "properties": { "index": "560", "last_edit_year": 2025, "years_since_edit": 1, "label": "0.5–1.5 yr", "color": "#cbc9e2" }, "geometry": { "type": "Point", "coordinates": [ 3.8719698, 43.611243 ] } },
{ "type": "Feature", "properties": { "index": "561", "last_edit_year": 2026, "years_since_edit": 0, "label": "0.0–0.5 yr", "color": "#f2f0f7" }, "geometry": { "type": "Point", "coordinates": [ 3.8719517, 43.6110922 ] } },
{ "type": "Feature", "properties": { "index": "562", "last_edit_year": 2024, "years_since_edit": 2, "label": "1.5–2.5 yr", "color": "#9e9ac8" }, "geometry": { "type": "Point", "coordinates": [ 3.8967099, 43.6076454 ] } },
{ "type": "Feature", "properties": { "index": "563", "last_edit_year": 2024, "years_since_edit": 2, "label": "1.5–2.5 yr", "color": "#9e9ac8" }, "geometry": { "type": "Point", "coordinates": [ 3.8968055, 43.6083481 ] } },
{ "type": "Feature", "properties": { "index": "564", "last_edit_year": 2026, "years_since_edit": 0, "label": "0.0–0.5 yr", "color": "#f2f0f7" }, "geometry": { "type": "Point", "coordinates": [ 3.8868346, 43.6092312 ] } },
{ "type": "Feature", "properties": { "index": "565", "last_edit_year": 2025, "years_since_edit": 1, "label": "0.5–1.5 yr", "color": "#cbc9e2" }, "geometry": { "type": "Point", "coordinates": [ 3.8883751, 43.6033273 ] } },
{ "type": "Feature", "properties": { "index": "566", "last_edit_year": 2024, "years_since_edit": 2, "label": "1.5–2.5 yr", "color": "#9e9ac8" }, "geometry": { "type": "Point", "coordinates": [ 3.8984653, 43.6074493 ] } },
{ "type": "Feature", "properties": { "index": "567", "last_edit_year": 2025, "years_since_edit": 1, "label": "0.5–1.5 yr", "color": "#cbc9e2" }, "geometry": { "type": "Point", "coordinates": [ 3.9001575, 43.601857 ] } },
{ "type": "Feature", "properties": { "index": "568", "last_edit_year": 2025, "years_since_edit": 1, "label": "0.5–1.5 yr", "color": "#cbc9e2" }, "geometry": { "type": "Point", "coordinates": [ 3.9002465, 43.6017214 ] } },
{ "type": "Feature", "properties": { "index": "569", "last_edit_year": 2025, "years_since_edit": 1, "label": "0.5–1.5 yr", "color": "#cbc9e2" }, "geometry": { "type": "Point", "coordinates": [ 3.9016993, 43.6022778 ] } },
{ "type": "Feature", "properties": { "index": "570", "last_edit_year": 2025, "years_since_edit": 1, "label": "0.5–1.5 yr", "color": "#cbc9e2" }, "geometry": { "type": "Point", "coordinates": [ 3.9017463, 43.6021584 ] } },
{ "type": "Feature", "properties": { "index": "571", "last_edit_year": 2025, "years_since_edit": 1, "label": "0.5–1.5 yr", "color": "#cbc9e2" }, "geometry": { "type": "Point", "coordinates": [ 3.9007399, 43.6074934 ] } },
{ "type": "Feature", "properties": { "index": "572", "last_edit_year": 2023, "years_since_edit": 3, "label": "2.5–6.5 yr", "color": "#756bb1" }, "geometry": { "type": "Point", "coordinates": [ 3.8984738, 43.6079578 ] } },
{ "type": "Feature", "properties": { "index": "573", "last_edit_year": 2024, "years_since_edit": 2, "label": "1.5–2.5 yr", "color": "#9e9ac8" }, "geometry": { "type": "Point", "coordinates": [ 3.9043082, 43.6194602 ] } },
{ "type": "Feature", "properties": { "index": "574", "last_edit_year": 2025, "years_since_edit": 1, "label": "0.5–1.5 yr", "color": "#cbc9e2" }, "geometry": { "type": "Point", "coordinates": [ 3.9031442, 43.6054349 ] } },
{ "type": "Feature", "properties": { "index": "575", "last_edit_year": 2024, "years_since_edit": 2, "label": "1.5–2.5 yr", "color": "#9e9ac8" }, "geometry": { "type": "Point", "coordinates": [ 3.9042152, 43.6144746 ] } },
{ "type": "Feature", "properties": { "index": "576", "last_edit_year": 2025, "years_since_edit": 1, "label": "0.5–1.5 yr", "color": "#cbc9e2" }, "geometry": { "type": "Point", "coordinates": [ 3.9001716, 43.6194434 ] } },
{ "type": "Feature", "properties": { "index": "577", "last_edit_year": 2024, "years_since_edit": 2, "label": "1.5–2.5 yr", "color": "#9e9ac8" }, "geometry": { "type": "Point", "coordinates": [ 3.8739183, 43.6167837 ] } },
{ "type": "Feature", "properties": { "index": "578", "last_edit_year": 2024, "years_since_edit": 2, "label": "1.5–2.5 yr", "color": "#9e9ac8" }, "geometry": { "type": "Point", "coordinates": [ 3.8829847, 43.6139883 ] } },
{ "type": "Feature", "properties": { "index": "579", "last_edit_year": 2024, "years_since_edit": 2, "label": "1.5–2.5 yr", "color": "#9e9ac8" }, "geometry": { "type": "Point", "coordinates": [ 3.8887816, 43.6132099 ] } },
{ "type": "Feature", "properties": { "index": "580", "last_edit_year": 2025, "years_since_edit": 1, "label": "0.5–1.5 yr", "color": "#cbc9e2" }, "geometry": { "type": "Point", "coordinates": [ 3.8773422, 43.6062524 ] } },
{ "type": "Feature", "properties": { "index": "581", "last_edit_year": 2024, "years_since_edit": 2, "label": "1.5–2.5 yr", "color": "#9e9ac8" }, "geometry": { "type": "Point", "coordinates": [ 3.8981934, 43.6129045 ] } },
{ "type": "Feature", "properties": { "index": "582", "last_edit_year": 2025, "years_since_edit": 1, "label": "0.5–1.5 yr", "color": "#cbc9e2" }, "geometry": { "type": "Point", "coordinates": [ 3.8913508, 43.6080477 ] } },
{ "type": "Feature", "properties": { "index": "583", "last_edit_year": 2023, "years_since_edit": 3, "label": "2.5–6.5 yr", "color": "#756bb1" }, "geometry": { "type": "Point", "coordinates": [ 3.8913142, 43.6080254 ] } },
{ "type": "Feature", "properties": { "index": "584", "last_edit_year": 2025, "years_since_edit": 1, "label": "0.5–1.5 yr", "color": "#cbc9e2" }, "geometry": { "type": "Point", "coordinates": [ 3.8917541, 43.6080209 ] } },
{ "type": "Feature", "properties": { "index": "585", "last_edit_year": 2023, "years_since_edit": 3, "label": "2.5–6.5 yr", "color": "#756bb1" }, "geometry": { "type": "Point", "coordinates": [ 3.8917843, 43.6079945 ] } },
{ "type": "Feature", "properties": { "index": "586", "last_edit_year": 2025, "years_since_edit": 1, "label": "0.5–1.5 yr", "color": "#cbc9e2" }, "geometry": { "type": "Point", "coordinates": [ 3.8917261, 43.607811 ] } },
{ "type": "Feature", "properties": { "index": "587", "last_edit_year": 2025, "years_since_edit": 1, "label": "0.5–1.5 yr", "color": "#cbc9e2" }, "geometry": { "type": "Point", "coordinates": [ 3.8913196, 43.6078398 ] } },
{ "type": "Feature", "properties": { "index": "588", "last_edit_year": 2023, "years_since_edit": 3, "label": "2.5–6.5 yr", "color": "#756bb1" }, "geometry": { "type": "Point", "coordinates": [ 3.8912918, 43.6078646 ] } },
{ "type": "Feature", "properties": { "index": "589", "last_edit_year": 2022, "years_since_edit": 4, "label": "2.5–6.5 yr", "color": "#756bb1" }, "geometry": { "type": "Point", "coordinates": [ 3.8955256, 43.6078075 ] } },
{ "type": "Feature", "properties": { "index": "590", "last_edit_year": 2022, "years_since_edit": 4, "label": "2.5–6.5 yr", "color": "#756bb1" }, "geometry": { "type": "Point", "coordinates": [ 3.8956355, 43.6078799 ] } },
{ "type": "Feature", "properties": { "index": "591", "last_edit_year": 2022, "years_since_edit": 4, "label": "2.5–6.5 yr", "color": "#756bb1" }, "geometry": { "type": "Point", "coordinates": [ 3.8954892, 43.6074927 ] } },
{ "type": "Feature", "properties": { "index": "592", "last_edit_year": 2022, "years_since_edit": 4, "label": "2.5–6.5 yr", "color": "#756bb1" }, "geometry": { "type": "Point", "coordinates": [ 3.8955866, 43.6074142 ] } },
{ "type": "Feature", "properties": { "index": "593", "last_edit_year": 2024, "years_since_edit": 2, "label": "1.5–2.5 yr", "color": "#9e9ac8" }, "geometry": { "type": "Point", "coordinates": [ 3.8710095, 43.6126676 ] } },
{ "type": "Feature", "properties": { "index": "594", "last_edit_year": 2026, "years_since_edit": 0, "label": "0.0–0.5 yr", "color": "#f2f0f7" }, "geometry": { "type": "Point", "coordinates": [ 3.8847783, 43.603221 ] } },
{ "type": "Feature", "properties": { "index": "595", "last_edit_year": 2026, "years_since_edit": 0, "label": "0.0–0.5 yr", "color": "#f2f0f7" }, "geometry": { "type": "Point", "coordinates": [ 3.8880793, 43.6091381 ] } },
{ "type": "Feature", "properties": { "index": "596", "last_edit_year": 2024, "years_since_edit": 2, "label": "1.5–2.5 yr", "color": "#9e9ac8" }, "geometry": { "type": "Point", "coordinates": [ 3.897422, 43.6166063 ] } },
{ "type": "Feature", "properties": { "index": "597", "last_edit_year": 2024, "years_since_edit": 2, "label": "1.5–2.5 yr", "color": "#9e9ac8" }, "geometry": { "type": "Point", "coordinates": [ 3.8975913, 43.6158497 ] } },
{ "type": "Feature", "properties": { "index": "598", "last_edit_year": 2024, "years_since_edit": 2, "label": "1.5–2.5 yr", "color": "#9e9ac8" }, "geometry": { "type": "Point", "coordinates": [ 3.8771391, 43.6207674 ] } },
{ "type": "Feature", "properties": { "index": "599", "last_edit_year": 2026, "years_since_edit": 0, "label": "0.0–0.5 yr", "color": "#f2f0f7" }, "geometry": { "type": "Point", "coordinates": [ 3.8857722, 43.6073094 ] } },
{ "type": "Feature", "properties": { "index": "600", "last_edit_year": 2024, "years_since_edit": 2, "label": "1.5–2.5 yr", "color": "#9e9ac8" }, "geometry": { "type": "Point", "coordinates": [ 3.8857943, 43.6175268 ] } },
{ "type": "Feature", "properties": { "index": "601", "last_edit_year": 2024, "years_since_edit": 2, "label": "1.5–2.5 yr", "color": "#9e9ac8" }, "geometry": { "type": "Point", "coordinates": [ 3.8859802, 43.6176336 ] } },
{ "type": "Feature", "properties": { "index": "602", "last_edit_year": 2024, "years_since_edit": 2, "label": "1.5–2.5 yr", "color": "#9e9ac8" }, "geometry": { "type": "Point", "coordinates": [ 3.885064, 43.6168304 ] } },
{ "type": "Feature", "properties": { "index": "603", "last_edit_year": 2026, "years_since_edit": 0, "label": "0.0–0.5 yr", "color": "#f2f0f7" }, "geometry": { "type": "Point", "coordinates": [ 3.877412, 43.6151801 ] } },
{ "type": "Feature", "properties": { "index": "604", "last_edit_year": 2023, "years_since_edit": 3, "label": "2.5–6.5 yr", "color": "#756bb1" }, "geometry": { "type": "Point", "coordinates": [ 3.9045561, 43.6140318 ] } },
{ "type": "Feature", "properties": { "index": "605", "last_edit_year": 2023, "years_since_edit": 3, "label": "2.5–6.5 yr", "color": "#756bb1" }, "geometry": { "type": "Point", "coordinates": [ 3.9045151, 43.6138859 ] } },
{ "type": "Feature", "properties": { "index": "606", "last_edit_year": 2024, "years_since_edit": 2, "label": "1.5–2.5 yr", "color": "#9e9ac8" }, "geometry": { "type": "Point", "coordinates": [ 3.8904821, 43.6093254 ] } },
{ "type": "Feature", "properties": { "index": "607", "last_edit_year": 2024, "years_since_edit": 2, "label": "1.5–2.5 yr", "color": "#9e9ac8" }, "geometry": { "type": "Point", "coordinates": [ 3.8803065, 43.6217117 ] } },
{ "type": "Feature", "properties": { "index": "608", "last_edit_year": 2025, "years_since_edit": 1, "label": "0.5–1.5 yr", "color": "#cbc9e2" }, "geometry": { "type": "Point", "coordinates": [ 3.8940789, 43.6075014 ] } },
{ "type": "Feature", "properties": { "index": "609", "last_edit_year": 2024, "years_since_edit": 2, "label": "1.5–2.5 yr", "color": "#9e9ac8" }, "geometry": { "type": "Point", "coordinates": [ 3.878362, 43.6166563 ] } },
{ "type": "Feature", "properties": { "index": "610", "last_edit_year": 2025, "years_since_edit": 1, "label": "0.5–1.5 yr", "color": "#cbc9e2" }, "geometry": { "type": "Point", "coordinates": [ 3.8694899, 43.6177776 ] } },
{ "type": "Feature", "properties": { "index": "611", "last_edit_year": 2026, "years_since_edit": 0, "label": "0.0–0.5 yr", "color": "#f2f0f7" }, "geometry": { "type": "Point", "coordinates": [ 3.8695282, 43.6175681 ] } },
{ "type": "Feature", "properties": { "index": "612", "last_edit_year": 2024, "years_since_edit": 2, "label": "1.5–2.5 yr", "color": "#9e9ac8" }, "geometry": { "type": "Point", "coordinates": [ 3.8894559, 43.6035247 ] } },
{ "type": "Feature", "properties": { "index": "613", "last_edit_year": 2025, "years_since_edit": 1, "label": "0.5–1.5 yr", "color": "#cbc9e2" }, "geometry": { "type": "Point", "coordinates": [ 3.8866709, 43.6026464 ] } },
{ "type": "Feature", "properties": { "index": "614", "last_edit_year": 2024, "years_since_edit": 2, "label": "1.5–2.5 yr", "color": "#9e9ac8" }, "geometry": { "type": "Point", "coordinates": [ 3.8834535, 43.6061985 ] } },
{ "type": "Feature", "properties": { "index": "615", "last_edit_year": 2024, "years_since_edit": 2, "label": "1.5–2.5 yr", "color": "#9e9ac8" }, "geometry": { "type": "Point", "coordinates": [ 3.878927, 43.6045322 ] } },
{ "type": "Feature", "properties": { "index": "616", "last_edit_year": 2024, "years_since_edit": 2, "label": "1.5–2.5 yr", "color": "#9e9ac8" }, "geometry": { "type": "Point", "coordinates": [ 3.8823353, 43.6052585 ] } },
{ "type": "Feature", "properties": { "index": "617", "last_edit_year": 2021, "years_since_edit": 5, "label": "2.5–6.5 yr", "color": "#756bb1" }, "geometry": { "type": "Point", "coordinates": [ 3.8845301, 43.6078745 ] } },
{ "type": "Feature", "properties": { "index": "618", "last_edit_year": 2024, "years_since_edit": 2, "label": "1.5–2.5 yr", "color": "#9e9ac8" }, "geometry": { "type": "Point", "coordinates": [ 3.884799, 43.6075381 ] } },
{ "type": "Feature", "properties": { "index": "619", "last_edit_year": 2024, "years_since_edit": 2, "label": "1.5–2.5 yr", "color": "#9e9ac8" }, "geometry": { "type": "Point", "coordinates": [ 3.8945447, 43.6093303 ] } },
{ "type": "Feature", "properties": { "index": "620", "last_edit_year": 2025, "years_since_edit": 1, "label": "0.5–1.5 yr", "color": "#cbc9e2" }, "geometry": { "type": "Point", "coordinates": [ 3.883318, 43.6080238 ] } },
{ "type": "Feature", "properties": { "index": "621", "last_edit_year": 2024, "years_since_edit": 2, "label": "1.5–2.5 yr", "color": "#9e9ac8" }, "geometry": { "type": "Point", "coordinates": [ 3.8929945, 43.6037967 ] } },
{ "type": "Feature", "properties": { "index": "622", "last_edit_year": 2024, "years_since_edit": 2, "label": "1.5–2.5 yr", "color": "#9e9ac8" }, "geometry": { "type": "Point", "coordinates": [ 3.8948354, 43.6038385 ] } },
{ "type": "Feature", "properties": { "index": "623", "last_edit_year": 2024, "years_since_edit": 2, "label": "1.5–2.5 yr", "color": "#9e9ac8" }, "geometry": { "type": "Point", "coordinates": [ 3.8947349, 43.6045857 ] } },
{ "type": "Feature", "properties": { "index": "624", "last_edit_year": 2025, "years_since_edit": 1, "label": "0.5–1.5 yr", "color": "#cbc9e2" }, "geometry": { "type": "Point", "coordinates": [ 3.8993817, 43.605586 ] } },
{ "type": "Feature", "properties": { "index": "625", "last_edit_year": 2021, "years_since_edit": 5, "label": "2.5–6.5 yr", "color": "#756bb1" }, "geometry": { "type": "Point", "coordinates": [ 3.8816433, 43.6093719 ] } },
{ "type": "Feature", "properties": { "index": "626", "last_edit_year": 2025, "years_since_edit": 1, "label": "0.5–1.5 yr", "color": "#cbc9e2" }, "geometry": { "type": "Point", "coordinates": [ 3.9005687, 43.6014942 ] } },
{ "type": "Feature", "properties": { "index": "627", "last_edit_year": 2025, "years_since_edit": 1, "label": "0.5–1.5 yr", "color": "#cbc9e2" }, "geometry": { "type": "Point", "coordinates": [ 3.9029966, 43.6053868 ] } },
{ "type": "Feature", "properties": { "index": "628", "last_edit_year": 2024, "years_since_edit": 2, "label": "1.5–2.5 yr", "color": "#9e9ac8" }, "geometry": { "type": "Point", "coordinates": [ 3.8899714, 43.6092797 ] } },
{ "type": "Feature", "properties": { "index": "629", "last_edit_year": 2024, "years_since_edit": 2, "label": "1.5–2.5 yr", "color": "#9e9ac8" }, "geometry": { "type": "Point", "coordinates": [ 3.8958483, 43.6041778 ] } },
{ "type": "Feature", "properties": { "index": "630", "last_edit_year": 2026, "years_since_edit": 0, "label": "0.0–0.5 yr", "color": "#f2f0f7" }, "geometry": { "type": "Point", "coordinates": [ 3.8941661, 43.6058564 ] } },
{ "type": "Feature", "properties": { "index": "631", "last_edit_year": 2024, "years_since_edit": 2, "label": "1.5–2.5 yr", "color": "#9e9ac8" }, "geometry": { "type": "Point", "coordinates": [ 3.8911789, 43.6055695 ] } },
{ "type": "Feature", "properties": { "index": "632", "last_edit_year": 2026, "years_since_edit": 0, "label": "0.0–0.5 yr", "color": "#f2f0f7" }, "geometry": { "type": "Point", "coordinates": [ 3.893818, 43.6061724 ] } },
{ "type": "Feature", "properties": { "index": "633", "last_edit_year": 2025, "years_since_edit": 1, "label": "0.5–1.5 yr", "color": "#cbc9e2" }, "geometry": { "type": "Point", "coordinates": [ 3.9045394, 43.6104791 ] } },
{ "type": "Feature", "properties": { "index": "634", "last_edit_year": 2024, "years_since_edit": 2, "label": "1.5–2.5 yr", "color": "#9e9ac8" }, "geometry": { "type": "Point", "coordinates": [ 3.883383, 43.6148465 ] } },
{ "type": "Feature", "properties": { "index": "635", "last_edit_year": 2024, "years_since_edit": 2, "label": "1.5–2.5 yr", "color": "#9e9ac8" }, "geometry": { "type": "Point", "coordinates": [ 3.8830524, 43.6149804 ] } },
{ "type": "Feature", "properties": { "index": "636", "last_edit_year": 2024, "years_since_edit": 2, "label": "1.5–2.5 yr", "color": "#9e9ac8" }, "geometry": { "type": "Point", "coordinates": [ 3.8830951, 43.6145756 ] } },
{ "type": "Feature", "properties": { "index": "637", "last_edit_year": 2024, "years_since_edit": 2, "label": "1.5–2.5 yr", "color": "#9e9ac8" }, "geometry": { "type": "Point", "coordinates": [ 3.8879115, 43.6192366 ] } },
{ "type": "Feature", "properties": { "index": "638", "last_edit_year": 2024, "years_since_edit": 2, "label": "1.5–2.5 yr", "color": "#9e9ac8" }, "geometry": { "type": "Point", "coordinates": [ 3.8888853, 43.6138851 ] } },
{ "type": "Feature", "properties": { "index": "639", "last_edit_year": 2024, "years_since_edit": 2, "label": "1.5–2.5 yr", "color": "#9e9ac8" }, "geometry": { "type": "Point", "coordinates": [ 3.8890311, 43.613888 ] } },
{ "type": "Feature", "properties": { "index": "640", "last_edit_year": 2024, "years_since_edit": 2, "label": "1.5–2.5 yr", "color": "#9e9ac8" }, "geometry": { "type": "Point", "coordinates": [ 3.8892196, 43.614123 ] } },
{ "type": "Feature", "properties": { "index": "641", "last_edit_year": 2024, "years_since_edit": 2, "label": "1.5–2.5 yr", "color": "#9e9ac8" }, "geometry": { "type": "Point", "coordinates": [ 3.8888055, 43.6134857 ] } },
{ "type": "Feature", "properties": { "index": "642", "last_edit_year": 2024, "years_since_edit": 2, "label": "1.5–2.5 yr", "color": "#9e9ac8" }, "geometry": { "type": "Point", "coordinates": [ 3.892207, 43.6147486 ] } },
{ "type": "Feature", "properties": { "index": "643", "last_edit_year": 2026, "years_since_edit": 0, "label": "0.0–0.5 yr", "color": "#f2f0f7" }, "geometry": { "type": "Point", "coordinates": [ 3.8936804, 43.6125042 ] } },
{ "type": "Feature", "properties": { "index": "644", "last_edit_year": 2024, "years_since_edit": 2, "label": "1.5–2.5 yr", "color": "#9e9ac8" }, "geometry": { "type": "Point", "coordinates": [ 3.8949995, 43.6122999 ] } },
{ "type": "Feature", "properties": { "index": "645", "last_edit_year": 2024, "years_since_edit": 2, "label": "1.5–2.5 yr", "color": "#9e9ac8" }, "geometry": { "type": "Point", "coordinates": [ 3.8946132, 43.6122991 ] } },
{ "type": "Feature", "properties": { "index": "646", "last_edit_year": 2024, "years_since_edit": 2, "label": "1.5–2.5 yr", "color": "#9e9ac8" }, "geometry": { "type": "Point", "coordinates": [ 3.892006, 43.615033 ] } },
{ "type": "Feature", "properties": { "index": "647", "last_edit_year": 2024, "years_since_edit": 2, "label": "1.5–2.5 yr", "color": "#9e9ac8" }, "geometry": { "type": "Point", "coordinates": [ 3.895214, 43.6126147 ] } },
{ "type": "Feature", "properties": { "index": "648", "last_edit_year": 2024, "years_since_edit": 2, "label": "1.5–2.5 yr", "color": "#9e9ac8" }, "geometry": { "type": "Point", "coordinates": [ 3.8695326, 43.6130613 ] } },
{ "type": "Feature", "properties": { "index": "649", "last_edit_year": 2024, "years_since_edit": 2, "label": "1.5–2.5 yr", "color": "#9e9ac8" }, "geometry": { "type": "Point", "coordinates": [ 3.8696075, 43.6176579 ] } },
{ "type": "Feature", "properties": { "index": "650", "last_edit_year": 2024, "years_since_edit": 2, "label": "1.5–2.5 yr", "color": "#9e9ac8" }, "geometry": { "type": "Point", "coordinates": [ 3.8843794, 43.6161676 ] } },
{ "type": "Feature", "properties": { "index": "651", "last_edit_year": 2026, "years_since_edit": 0, "label": "0.0–0.5 yr", "color": "#f2f0f7" }, "geometry": { "type": "Point", "coordinates": [ 3.8824983, 43.6171655 ] } },
{ "type": "Feature", "properties": { "index": "652", "last_edit_year": 2024, "years_since_edit": 2, "label": "1.5–2.5 yr", "color": "#9e9ac8" }, "geometry": { "type": "Point", "coordinates": [ 3.8827845, 43.6223585 ] } },
{ "type": "Feature", "properties": { "index": "653", "last_edit_year": 2026, "years_since_edit": 0, "label": "0.0–0.5 yr", "color": "#f2f0f7" }, "geometry": { "type": "Point", "coordinates": [ 3.8984, 43.6231889 ] } },
{ "type": "Feature", "properties": { "index": "654", "last_edit_year": 2026, "years_since_edit": 0, "label": "0.0–0.5 yr", "color": "#f2f0f7" }, "geometry": { "type": "Point", "coordinates": [ 3.8983757, 43.6231584 ] } },
{ "type": "Feature", "properties": { "index": "655", "last_edit_year": 2024, "years_since_edit": 2, "label": "1.5–2.5 yr", "color": "#9e9ac8" }, "geometry": { "type": "Point", "coordinates": [ 3.8931823, 43.603779 ] } },
{ "type": "Feature", "properties": { "index": "656", "last_edit_year": 2024, "years_since_edit": 2, "label": "1.5–2.5 yr", "color": "#9e9ac8" }, "geometry": { "type": "Point", "coordinates": [ 3.8885254, 43.607291 ] } },
{ "type": "Feature", "properties": { "index": "657", "last_edit_year": 2024, "years_since_edit": 2, "label": "1.5–2.5 yr", "color": "#9e9ac8" }, "geometry": { "type": "Point", "coordinates": [ 3.9040433, 43.6216716 ] } },
{ "type": "Feature", "properties": { "index": "658", "last_edit_year": 2024, "years_since_edit": 2, "label": "1.5–2.5 yr", "color": "#9e9ac8" }, "geometry": { "type": "Point", "coordinates": [ 3.8820181, 43.6058032 ] } },
{ "type": "Feature", "properties": { "index": "659", "last_edit_year": 2025, "years_since_edit": 1, "label": "0.5–1.5 yr", "color": "#cbc9e2" }, "geometry": { "type": "Point", "coordinates": [ 3.8816176, 43.6057818 ] } },
{ "type": "Feature", "properties": { "index": "660", "last_edit_year": 2024, "years_since_edit": 2, "label": "1.5–2.5 yr", "color": "#9e9ac8" }, "geometry": { "type": "Point", "coordinates": [ 3.8820779, 43.6058019 ] } },
{ "type": "Feature", "properties": { "index": "661", "last_edit_year": 2025, "years_since_edit": 1, "label": "0.5–1.5 yr", "color": "#cbc9e2" }, "geometry": { "type": "Point", "coordinates": [ 3.8964571, 43.6056763 ] } },
{ "type": "Feature", "properties": { "index": "662", "last_edit_year": 2024, "years_since_edit": 2, "label": "1.5–2.5 yr", "color": "#9e9ac8" }, "geometry": { "type": "Point", "coordinates": [ 3.8842659, 43.6199263 ] } },
{ "type": "Feature", "properties": { "index": "663", "last_edit_year": 2024, "years_since_edit": 2, "label": "1.5–2.5 yr", "color": "#9e9ac8" }, "geometry": { "type": "Point", "coordinates": [ 3.8902774, 43.6037962 ] } },
{ "type": "Feature", "properties": { "index": "664", "last_edit_year": 2024, "years_since_edit": 2, "label": "1.5–2.5 yr", "color": "#9e9ac8" }, "geometry": { "type": "Point", "coordinates": [ 3.8998408, 43.6045911 ] } },
{ "type": "Feature", "properties": { "index": "665", "last_edit_year": 2024, "years_since_edit": 2, "label": "1.5–2.5 yr", "color": "#9e9ac8" }, "geometry": { "type": "Point", "coordinates": [ 3.8997183, 43.6046046 ] } },
{ "type": "Feature", "properties": { "index": "666", "last_edit_year": 2024, "years_since_edit": 2, "label": "1.5–2.5 yr", "color": "#9e9ac8" }, "geometry": { "type": "Point", "coordinates": [ 3.8991176, 43.6053742 ] } },
{ "type": "Feature", "properties": { "index": "667", "last_edit_year": 2024, "years_since_edit": 2, "label": "1.5–2.5 yr", "color": "#9e9ac8" }, "geometry": { "type": "Point", "coordinates": [ 3.898961, 43.6053232 ] } },
{ "type": "Feature", "properties": { "index": "668", "last_edit_year": 2024, "years_since_edit": 2, "label": "1.5–2.5 yr", "color": "#9e9ac8" }, "geometry": { "type": "Point", "coordinates": [ 3.8754384, 43.6012637 ] } },
{ "type": "Feature", "properties": { "index": "669", "last_edit_year": 2024, "years_since_edit": 2, "label": "1.5–2.5 yr", "color": "#9e9ac8" }, "geometry": { "type": "Point", "coordinates": [ 3.8874382, 43.6140722 ] } },
{ "type": "Feature", "properties": { "index": "670", "last_edit_year": 2024, "years_since_edit": 2, "label": "1.5–2.5 yr", "color": "#9e9ac8" }, "geometry": { "type": "Point", "coordinates": [ 3.8883331, 43.613327 ] } },
{ "type": "Feature", "properties": { "index": "671", "last_edit_year": 2024, "years_since_edit": 2, "label": "1.5–2.5 yr", "color": "#9e9ac8" }, "geometry": { "type": "Point", "coordinates": [ 3.8883866, 43.6133765 ] } },
{ "type": "Feature", "properties": { "index": "672", "last_edit_year": 2024, "years_since_edit": 2, "label": "1.5–2.5 yr", "color": "#9e9ac8" }, "geometry": { "type": "Point", "coordinates": [ 3.8884563, 43.6134411 ] } },
{ "type": "Feature", "properties": { "index": "673", "last_edit_year": 2023, "years_since_edit": 3, "label": "2.5–6.5 yr", "color": "#756bb1" }, "geometry": { "type": "Point", "coordinates": [ 3.8774652, 43.60282 ] } },
{ "type": "Feature", "properties": { "index": "674", "last_edit_year": 2024, "years_since_edit": 2, "label": "1.5–2.5 yr", "color": "#9e9ac8" }, "geometry": { "type": "Point", "coordinates": [ 3.8972383, 43.6186685 ] } },
{ "type": "Feature", "properties": { "index": "675", "last_edit_year": 2024, "years_since_edit": 2, "label": "1.5–2.5 yr", "color": "#9e9ac8" }, "geometry": { "type": "Point", "coordinates": [ 3.8834758, 43.6193858 ] } },
{ "type": "Feature", "properties": { "index": "676", "last_edit_year": 2024, "years_since_edit": 2, "label": "1.5–2.5 yr", "color": "#9e9ac8" }, "geometry": { "type": "Point", "coordinates": [ 3.8838924, 43.6208782 ] } },
{ "type": "Feature", "properties": { "index": "677", "last_edit_year": 2024, "years_since_edit": 2, "label": "1.5–2.5 yr", "color": "#9e9ac8" }, "geometry": { "type": "Point", "coordinates": [ 3.8692937, 43.6232785 ] } },
{ "type": "Feature", "properties": { "index": "678", "last_edit_year": 2025, "years_since_edit": 1, "label": "0.5–1.5 yr", "color": "#cbc9e2" }, "geometry": { "type": "Point", "coordinates": [ 3.8712726, 43.6246772 ] } },
{ "type": "Feature", "properties": { "index": "679", "last_edit_year": 2025, "years_since_edit": 1, "label": "0.5–1.5 yr", "color": "#cbc9e2" }, "geometry": { "type": "Point", "coordinates": [ 3.8677763, 43.608862 ] } },
{ "type": "Feature", "properties": { "index": "680", "last_edit_year": 2022, "years_since_edit": 4, "label": "2.5–6.5 yr", "color": "#756bb1" }, "geometry": { "type": "Point", "coordinates": [ 3.8976742, 43.6006755 ] } },
{ "type": "Feature", "properties": { "index": "681", "last_edit_year": 2024, "years_since_edit": 2, "label": "1.5–2.5 yr", "color": "#9e9ac8" }, "geometry": { "type": "Point", "coordinates": [ 3.8821978, 43.6142396 ] } },
{ "type": "Feature", "properties": { "index": "682", "last_edit_year": 2026, "years_since_edit": 0, "label": "0.0–0.5 yr", "color": "#f2f0f7" }, "geometry": { "type": "Point", "coordinates": [ 3.8793961, 43.6053891 ] } },
{ "type": "Feature", "properties": { "index": "683", "last_edit_year": 2024, "years_since_edit": 2, "label": "1.5–2.5 yr", "color": "#9e9ac8" }, "geometry": { "type": "Point", "coordinates": [ 3.8837738, 43.6144064 ] } },
{ "type": "Feature", "properties": { "index": "684", "last_edit_year": 2024, "years_since_edit": 2, "label": "1.5–2.5 yr", "color": "#9e9ac8" }, "geometry": { "type": "Point", "coordinates": [ 3.897815, 43.615255 ] } },
{ "type": "Feature", "properties": { "index": "685", "last_edit_year": 2024, "years_since_edit": 2, "label": "1.5–2.5 yr", "color": "#9e9ac8" }, "geometry": { "type": "Point", "coordinates": [ 3.8974908, 43.6164674 ] } },
{ "type": "Feature", "properties": { "index": "686", "last_edit_year": 2024, "years_since_edit": 2, "label": "1.5–2.5 yr", "color": "#9e9ac8" }, "geometry": { "type": "Point", "coordinates": [ 3.8972672, 43.6181229 ] } },
{ "type": "Feature", "properties": { "index": "687", "last_edit_year": 2024, "years_since_edit": 2, "label": "1.5–2.5 yr", "color": "#9e9ac8" }, "geometry": { "type": "Point", "coordinates": [ 3.8973817, 43.6181554 ] } },
{ "type": "Feature", "properties": { "index": "688", "last_edit_year": 2026, "years_since_edit": 0, "label": "0.0–0.5 yr", "color": "#f2f0f7" }, "geometry": { "type": "Point", "coordinates": [ 3.8971765, 43.6182819 ] } },
{ "type": "Feature", "properties": { "index": "689", "last_edit_year": 2024, "years_since_edit": 2, "label": "1.5–2.5 yr", "color": "#9e9ac8" }, "geometry": { "type": "Point", "coordinates": [ 3.8975125, 43.6183081 ] } },
{ "type": "Feature", "properties": { "index": "690", "last_edit_year": 2024, "years_since_edit": 2, "label": "1.5–2.5 yr", "color": "#9e9ac8" }, "geometry": { "type": "Point", "coordinates": [ 3.8972915, 43.6184044 ] } },
{ "type": "Feature", "properties": { "index": "691", "last_edit_year": 2024, "years_since_edit": 2, "label": "1.5–2.5 yr", "color": "#9e9ac8" }, "geometry": { "type": "Point", "coordinates": [ 3.8974019, 43.6183769 ] } },
{ "type": "Feature", "properties": { "index": "692", "last_edit_year": 2024, "years_since_edit": 2, "label": "1.5–2.5 yr", "color": "#9e9ac8" }, "geometry": { "type": "Point", "coordinates": [ 3.8748801, 43.6029719 ] } },
{ "type": "Feature", "properties": { "index": "693", "last_edit_year": 2024, "years_since_edit": 2, "label": "1.5–2.5 yr", "color": "#9e9ac8" }, "geometry": { "type": "Point", "coordinates": [ 3.8764446, 43.6031361 ] } },
{ "type": "Feature", "properties": { "index": "694", "last_edit_year": 2025, "years_since_edit": 1, "label": "0.5–1.5 yr", "color": "#cbc9e2" }, "geometry": { "type": "Point", "coordinates": [ 3.874997, 43.6033155 ] } },
{ "type": "Feature", "properties": { "index": "695", "last_edit_year": 2024, "years_since_edit": 2, "label": "1.5–2.5 yr", "color": "#9e9ac8" }, "geometry": { "type": "Point", "coordinates": [ 3.8891896, 43.6102299 ] } },
{ "type": "Feature", "properties": { "index": "696", "last_edit_year": 2024, "years_since_edit": 2, "label": "1.5–2.5 yr", "color": "#9e9ac8" }, "geometry": { "type": "Point", "coordinates": [ 3.8875487, 43.6102975 ] } },
{ "type": "Feature", "properties": { "index": "697", "last_edit_year": 2025, "years_since_edit": 1, "label": "0.5–1.5 yr", "color": "#cbc9e2" }, "geometry": { "type": "Point", "coordinates": [ 3.8855373, 43.6103284 ] } },
{ "type": "Feature", "properties": { "index": "698", "last_edit_year": 2024, "years_since_edit": 2, "label": "1.5–2.5 yr", "color": "#9e9ac8" }, "geometry": { "type": "Point", "coordinates": [ 3.8875415, 43.6102354 ] } },
{ "type": "Feature", "properties": { "index": "699", "last_edit_year": 2019, "years_since_edit": 7, "label": "6.5–14.0 yr", "color": "#54278f" }, "geometry": { "type": "Point", "coordinates": [ 3.8884915, 43.6049777 ] } },
{ "type": "Feature", "properties": { "index": "700", "last_edit_year": 2024, "years_since_edit": 2, "label": "1.5–2.5 yr", "color": "#9e9ac8" }, "geometry": { "type": "Point", "coordinates": [ 3.8832143, 43.6047071 ] } },
{ "type": "Feature", "properties": { "index": "701", "last_edit_year": 2024, "years_since_edit": 2, "label": "1.5–2.5 yr", "color": "#9e9ac8" }, "geometry": { "type": "Point", "coordinates": [ 3.8832666, 43.6046499 ] } },
{ "type": "Feature", "properties": { "index": "702", "last_edit_year": 2025, "years_since_edit": 1, "label": "0.5–1.5 yr", "color": "#cbc9e2" }, "geometry": { "type": "Point", "coordinates": [ 3.8879839, 43.6053542 ] } },
{ "type": "Feature", "properties": { "index": "703", "last_edit_year": 2025, "years_since_edit": 1, "label": "0.5–1.5 yr", "color": "#cbc9e2" }, "geometry": { "type": "Point", "coordinates": [ 3.8710589, 43.612041 ] } },
{ "type": "Feature", "properties": { "index": "704", "last_edit_year": 2025, "years_since_edit": 1, "label": "0.5–1.5 yr", "color": "#cbc9e2" }, "geometry": { "type": "Point", "coordinates": [ 3.8717127, 43.6125647 ] } },
{ "type": "Feature", "properties": { "index": "705", "last_edit_year": 2026, "years_since_edit": 0, "label": "0.0–0.5 yr", "color": "#f2f0f7" }, "geometry": { "type": "Point", "coordinates": [ 3.8678508, 43.612592 ] } },
{ "type": "Feature", "properties": { "index": "706", "last_edit_year": 2024, "years_since_edit": 2, "label": "1.5–2.5 yr", "color": "#9e9ac8" }, "geometry": { "type": "Point", "coordinates": [ 3.8878257, 43.6192798 ] } },
{ "type": "Feature", "properties": { "index": "707", "last_edit_year": 2024, "years_since_edit": 2, "label": "1.5–2.5 yr", "color": "#9e9ac8" }, "geometry": { "type": "Point", "coordinates": [ 3.8950276, 43.6009466 ] } },
{ "type": "Feature", "properties": { "index": "708", "last_edit_year": 2024, "years_since_edit": 2, "label": "1.5–2.5 yr", "color": "#9e9ac8" }, "geometry": { "type": "Point", "coordinates": [ 3.8952868, 43.6010218 ] } },
{ "type": "Feature", "properties": { "index": "709", "last_edit_year": 2024, "years_since_edit": 2, "label": "1.5–2.5 yr", "color": "#9e9ac8" }, "geometry": { "type": "Point", "coordinates": [ 3.8804168, 43.6099734 ] } },
{ "type": "Feature", "properties": { "index": "710", "last_edit_year": 2025, "years_since_edit": 1, "label": "0.5–1.5 yr", "color": "#cbc9e2" }, "geometry": { "type": "Point", "coordinates": [ 3.8808239, 43.6117031 ] } },
{ "type": "Feature", "properties": { "index": "711", "last_edit_year": 2024, "years_since_edit": 2, "label": "1.5–2.5 yr", "color": "#9e9ac8" }, "geometry": { "type": "Point", "coordinates": [ 3.8747486, 43.6161802 ] } },
{ "type": "Feature", "properties": { "index": "712", "last_edit_year": 2024, "years_since_edit": 2, "label": "1.5–2.5 yr", "color": "#9e9ac8" }, "geometry": { "type": "Point", "coordinates": [ 3.8745253, 43.6163751 ] } },
{ "type": "Feature", "properties": { "index": "713", "last_edit_year": 2025, "years_since_edit": 1, "label": "0.5–1.5 yr", "color": "#cbc9e2" }, "geometry": { "type": "Point", "coordinates": [ 3.8734515, 43.6170213 ] } },
{ "type": "Feature", "properties": { "index": "714", "last_edit_year": 2025, "years_since_edit": 1, "label": "0.5–1.5 yr", "color": "#cbc9e2" }, "geometry": { "type": "Point", "coordinates": [ 3.8733242, 43.6170706 ] } },
{ "type": "Feature", "properties": { "index": "715", "last_edit_year": 2024, "years_since_edit": 2, "label": "1.5–2.5 yr", "color": "#9e9ac8" }, "geometry": { "type": "Point", "coordinates": [ 3.8694156, 43.6187568 ] } },
{ "type": "Feature", "properties": { "index": "716", "last_edit_year": 2024, "years_since_edit": 2, "label": "1.5–2.5 yr", "color": "#9e9ac8" }, "geometry": { "type": "Point", "coordinates": [ 3.8760782, 43.6108391 ] } },
{ "type": "Feature", "properties": { "index": "717", "last_edit_year": 2024, "years_since_edit": 2, "label": "1.5–2.5 yr", "color": "#9e9ac8" }, "geometry": { "type": "Point", "coordinates": [ 3.8735911, 43.6110212 ] } },
{ "type": "Feature", "properties": { "index": "718", "last_edit_year": 2024, "years_since_edit": 2, "label": "1.5–2.5 yr", "color": "#9e9ac8" }, "geometry": { "type": "Point", "coordinates": [ 3.8735967, 43.611056 ] } },
{ "type": "Feature", "properties": { "index": "719", "last_edit_year": 2024, "years_since_edit": 2, "label": "1.5–2.5 yr", "color": "#9e9ac8" }, "geometry": { "type": "Point", "coordinates": [ 3.8957814, 43.6040231 ] } },
{ "type": "Feature", "properties": { "index": "720", "last_edit_year": 2023, "years_since_edit": 3, "label": "2.5–6.5 yr", "color": "#756bb1" }, "geometry": { "type": "Point", "coordinates": [ 3.8957739, 43.6040551 ] } },
{ "type": "Feature", "properties": { "index": "721", "last_edit_year": 2024, "years_since_edit": 2, "label": "1.5–2.5 yr", "color": "#9e9ac8" }, "geometry": { "type": "Point", "coordinates": [ 3.8952689, 43.6018048 ] } },
{ "type": "Feature", "properties": { "index": "722", "last_edit_year": 2025, "years_since_edit": 1, "label": "0.5–1.5 yr", "color": "#cbc9e2" }, "geometry": { "type": "Point", "coordinates": [ 3.8960039, 43.6039079 ] } },
{ "type": "Feature", "properties": { "index": "723", "last_edit_year": 2025, "years_since_edit": 1, "label": "0.5–1.5 yr", "color": "#cbc9e2" }, "geometry": { "type": "Point", "coordinates": [ 3.895962, 43.6039141 ] } },
{ "type": "Feature", "properties": { "index": "724", "last_edit_year": 2023, "years_since_edit": 3, "label": "2.5–6.5 yr", "color": "#756bb1" }, "geometry": { "type": "Point", "coordinates": [ 3.8958198, 43.604156 ] } },
{ "type": "Feature", "properties": { "index": "725", "last_edit_year": 2024, "years_since_edit": 2, "label": "1.5–2.5 yr", "color": "#9e9ac8" }, "geometry": { "type": "Point", "coordinates": [ 3.8961314, 43.604177 ] } },
{ "type": "Feature", "properties": { "index": "726", "last_edit_year": 2025, "years_since_edit": 1, "label": "0.5–1.5 yr", "color": "#cbc9e2" }, "geometry": { "type": "Point", "coordinates": [ 3.8964811, 43.6049667 ] } },
{ "type": "Feature", "properties": { "index": "727", "last_edit_year": 2024, "years_since_edit": 2, "label": "1.5–2.5 yr", "color": "#9e9ac8" }, "geometry": { "type": "Point", "coordinates": [ 3.8792105, 43.6053641 ] } },
{ "type": "Feature", "properties": { "index": "728", "last_edit_year": 2025, "years_since_edit": 1, "label": "0.5–1.5 yr", "color": "#cbc9e2" }, "geometry": { "type": "Point", "coordinates": [ 3.8800899, 43.6092591 ] } },
{ "type": "Feature", "properties": { "index": "729", "last_edit_year": 2024, "years_since_edit": 2, "label": "1.5–2.5 yr", "color": "#9e9ac8" }, "geometry": { "type": "Point", "coordinates": [ 3.8898727, 43.6041442 ] } },
{ "type": "Feature", "properties": { "index": "730", "last_edit_year": 2025, "years_since_edit": 1, "label": "0.5–1.5 yr", "color": "#cbc9e2" }, "geometry": { "type": "Point", "coordinates": [ 3.8880845, 43.603607 ] } },
{ "type": "Feature", "properties": { "index": "731", "last_edit_year": 2024, "years_since_edit": 2, "label": "1.5–2.5 yr", "color": "#9e9ac8" }, "geometry": { "type": "Point", "coordinates": [ 3.8897626, 43.6040733 ] } },
{ "type": "Feature", "properties": { "index": "732", "last_edit_year": 2024, "years_since_edit": 2, "label": "1.5–2.5 yr", "color": "#9e9ac8" }, "geometry": { "type": "Point", "coordinates": [ 3.8899687, 43.6041232 ] } },
{ "type": "Feature", "properties": { "index": "733", "last_edit_year": 2024, "years_since_edit": 2, "label": "1.5–2.5 yr", "color": "#9e9ac8" }, "geometry": { "type": "Point", "coordinates": [ 3.8930153, 43.6037675 ] } },
{ "type": "Feature", "properties": { "index": "734", "last_edit_year": 2024, "years_since_edit": 2, "label": "1.5–2.5 yr", "color": "#9e9ac8" }, "geometry": { "type": "Point", "coordinates": [ 3.8932666, 43.6038458 ] } },
{ "type": "Feature", "properties": { "index": "735", "last_edit_year": 2024, "years_since_edit": 2, "label": "1.5–2.5 yr", "color": "#9e9ac8" }, "geometry": { "type": "Point", "coordinates": [ 3.8928275, 43.6039231 ] } },
{ "type": "Feature", "properties": { "index": "736", "last_edit_year": 2025, "years_since_edit": 1, "label": "0.5–1.5 yr", "color": "#cbc9e2" }, "geometry": { "type": "Point", "coordinates": [ 3.8947006, 43.603938 ] } },
{ "type": "Feature", "properties": { "index": "737", "last_edit_year": 2024, "years_since_edit": 2, "label": "1.5–2.5 yr", "color": "#9e9ac8" }, "geometry": { "type": "Point", "coordinates": [ 3.892911, 43.6040122 ] } },
{ "type": "Feature", "properties": { "index": "738", "last_edit_year": 2024, "years_since_edit": 2, "label": "1.5–2.5 yr", "color": "#9e9ac8" }, "geometry": { "type": "Point", "coordinates": [ 3.894936, 43.6044352 ] } },
{ "type": "Feature", "properties": { "index": "739", "last_edit_year": 2022, "years_since_edit": 4, "label": "2.5–6.5 yr", "color": "#756bb1" }, "geometry": { "type": "Point", "coordinates": [ 3.8945781, 43.6044615 ] } },
{ "type": "Feature", "properties": { "index": "740", "last_edit_year": 2024, "years_since_edit": 2, "label": "1.5–2.5 yr", "color": "#9e9ac8" }, "geometry": { "type": "Point", "coordinates": [ 3.8945883, 43.604499 ] } },
{ "type": "Feature", "properties": { "index": "741", "last_edit_year": 2024, "years_since_edit": 2, "label": "1.5–2.5 yr", "color": "#9e9ac8" }, "geometry": { "type": "Point", "coordinates": [ 3.8770837, 43.6060944 ] } },
{ "type": "Feature", "properties": { "index": "742", "last_edit_year": 2023, "years_since_edit": 3, "label": "2.5–6.5 yr", "color": "#756bb1" }, "geometry": { "type": "Point", "coordinates": [ 3.8763664, 43.6204934 ] } },
{ "type": "Feature", "properties": { "index": "743", "last_edit_year": 2024, "years_since_edit": 2, "label": "1.5–2.5 yr", "color": "#9e9ac8" }, "geometry": { "type": "Point", "coordinates": [ 3.8882068, 43.6033546 ] } },
{ "type": "Feature", "properties": { "index": "744", "last_edit_year": 2025, "years_since_edit": 1, "label": "0.5–1.5 yr", "color": "#cbc9e2" }, "geometry": { "type": "Point", "coordinates": [ 3.88838, 43.6034103 ] } },
{ "type": "Feature", "properties": { "index": "745", "last_edit_year": 2025, "years_since_edit": 1, "label": "0.5–1.5 yr", "color": "#cbc9e2" }, "geometry": { "type": "Point", "coordinates": [ 3.8880909, 43.6034829 ] } },
{ "type": "Feature", "properties": { "index": "746", "last_edit_year": 2024, "years_since_edit": 2, "label": "1.5–2.5 yr", "color": "#9e9ac8" }, "geometry": { "type": "Point", "coordinates": [ 3.890412, 43.6035164 ] } },
{ "type": "Feature", "properties": { "index": "747", "last_edit_year": 2024, "years_since_edit": 2, "label": "1.5–2.5 yr", "color": "#9e9ac8" }, "geometry": { "type": "Point", "coordinates": [ 3.8883253, 43.6035178 ] } },
{ "type": "Feature", "properties": { "index": "748", "last_edit_year": 2024, "years_since_edit": 2, "label": "1.5–2.5 yr", "color": "#9e9ac8" }, "geometry": { "type": "Point", "coordinates": [ 3.8905259, 43.6035397 ] } },
{ "type": "Feature", "properties": { "index": "749", "last_edit_year": 2024, "years_since_edit": 2, "label": "1.5–2.5 yr", "color": "#9e9ac8" }, "geometry": { "type": "Point", "coordinates": [ 3.8906383, 43.6035518 ] } },
{ "type": "Feature", "properties": { "index": "750", "last_edit_year": 2024, "years_since_edit": 2, "label": "1.5–2.5 yr", "color": "#9e9ac8" }, "geometry": { "type": "Point", "coordinates": [ 3.8900261, 43.6036138 ] } },
{ "type": "Feature", "properties": { "index": "751", "last_edit_year": 2024, "years_since_edit": 2, "label": "1.5–2.5 yr", "color": "#9e9ac8" }, "geometry": { "type": "Point", "coordinates": [ 3.8905854, 43.6036151 ] } },
{ "type": "Feature", "properties": { "index": "752", "last_edit_year": 2024, "years_since_edit": 2, "label": "1.5–2.5 yr", "color": "#9e9ac8" }, "geometry": { "type": "Point", "coordinates": [ 3.8897348, 43.6036798 ] } },
{ "type": "Feature", "properties": { "index": "753", "last_edit_year": 2024, "years_since_edit": 2, "label": "1.5–2.5 yr", "color": "#9e9ac8" }, "geometry": { "type": "Point", "coordinates": [ 3.8905711, 43.6037206 ] } },
{ "type": "Feature", "properties": { "index": "754", "last_edit_year": 2025, "years_since_edit": 1, "label": "0.5–1.5 yr", "color": "#cbc9e2" }, "geometry": { "type": "Point", "coordinates": [ 3.8901189, 43.6037684 ] } },
{ "type": "Feature", "properties": { "index": "755", "last_edit_year": 2025, "years_since_edit": 1, "label": "0.5–1.5 yr", "color": "#cbc9e2" }, "geometry": { "type": "Point", "coordinates": [ 3.8898538, 43.6037993 ] } },
{ "type": "Feature", "properties": { "index": "756", "last_edit_year": 2025, "years_since_edit": 1, "label": "0.5–1.5 yr", "color": "#cbc9e2" }, "geometry": { "type": "Point", "coordinates": [ 3.8722555, 43.6065519 ] } },
{ "type": "Feature", "properties": { "index": "757", "last_edit_year": 2024, "years_since_edit": 2, "label": "1.5–2.5 yr", "color": "#9e9ac8" }, "geometry": { "type": "Point", "coordinates": [ 3.8962977, 43.6001327 ] } },
{ "type": "Feature", "properties": { "index": "758", "last_edit_year": 2024, "years_since_edit": 2, "label": "1.5–2.5 yr", "color": "#9e9ac8" }, "geometry": { "type": "Point", "coordinates": [ 3.8913765, 43.6057417 ] } },
{ "type": "Feature", "properties": { "index": "759", "last_edit_year": 2024, "years_since_edit": 2, "label": "1.5–2.5 yr", "color": "#9e9ac8" }, "geometry": { "type": "Point", "coordinates": [ 3.8834829, 43.6063044 ] } },
{ "type": "Feature", "properties": { "index": "760", "last_edit_year": 2017, "years_since_edit": 9, "label": "6.5–14.0 yr", "color": "#54278f" }, "geometry": { "type": "Point", "coordinates": [ 3.8803873, 43.616506 ] } },
{ "type": "Feature", "properties": { "index": "761", "last_edit_year": 2017, "years_since_edit": 9, "label": "6.5–14.0 yr", "color": "#54278f" }, "geometry": { "type": "Point", "coordinates": [ 3.8803605, 43.6164865 ] } },
{ "type": "Feature", "properties": { "index": "762", "last_edit_year": 2026, "years_since_edit": 0, "label": "0.0–0.5 yr", "color": "#f2f0f7" }, "geometry": { "type": "Point", "coordinates": [ 3.8827159, 43.6142052 ] } },
{ "type": "Feature", "properties": { "index": "763", "last_edit_year": 2024, "years_since_edit": 2, "label": "1.5–2.5 yr", "color": "#9e9ac8" }, "geometry": { "type": "Point", "coordinates": [ 3.8752721, 43.6052437 ] } },
{ "type": "Feature", "properties": { "index": "764", "last_edit_year": 2024, "years_since_edit": 2, "label": "1.5–2.5 yr", "color": "#9e9ac8" }, "geometry": { "type": "Point", "coordinates": [ 3.8758449, 43.605245 ] } },
{ "type": "Feature", "properties": { "index": "765", "last_edit_year": 2024, "years_since_edit": 2, "label": "1.5–2.5 yr", "color": "#9e9ac8" }, "geometry": { "type": "Point", "coordinates": [ 3.891942, 43.6055386 ] } },
{ "type": "Feature", "properties": { "index": "766", "last_edit_year": 2024, "years_since_edit": 2, "label": "1.5–2.5 yr", "color": "#9e9ac8" }, "geometry": { "type": "Point", "coordinates": [ 3.8918166, 43.6053561 ] } },
{ "type": "Feature", "properties": { "index": "767", "last_edit_year": 2024, "years_since_edit": 2, "label": "1.5–2.5 yr", "color": "#9e9ac8" }, "geometry": { "type": "Point", "coordinates": [ 3.8951526, 43.6019106 ] } },
{ "type": "Feature", "properties": { "index": "768", "last_edit_year": 2024, "years_since_edit": 2, "label": "1.5–2.5 yr", "color": "#9e9ac8" }, "geometry": { "type": "Point", "coordinates": [ 3.8909441, 43.6102266 ] } },
{ "type": "Feature", "properties": { "index": "769", "last_edit_year": 2026, "years_since_edit": 0, "label": "0.0–0.5 yr", "color": "#f2f0f7" }, "geometry": { "type": "Point", "coordinates": [ 3.8859441, 43.6072538 ] } },
{ "type": "Feature", "properties": { "index": "770", "last_edit_year": 2024, "years_since_edit": 2, "label": "1.5–2.5 yr", "color": "#9e9ac8" }, "geometry": { "type": "Point", "coordinates": [ 3.8811004, 43.6156602 ] } },
{ "type": "Feature", "properties": { "index": "771", "last_edit_year": 2024, "years_since_edit": 2, "label": "1.5–2.5 yr", "color": "#9e9ac8" }, "geometry": { "type": "Point", "coordinates": [ 3.8804383, 43.6162899 ] } },
{ "type": "Feature", "properties": { "index": "772", "last_edit_year": 2024, "years_since_edit": 2, "label": "1.5–2.5 yr", "color": "#9e9ac8" }, "geometry": { "type": "Point", "coordinates": [ 3.8803508, 43.6163549 ] } },
{ "type": "Feature", "properties": { "index": "773", "last_edit_year": 2024, "years_since_edit": 2, "label": "1.5–2.5 yr", "color": "#9e9ac8" }, "geometry": { "type": "Point", "coordinates": [ 3.8813811, 43.6141392 ] } },
{ "type": "Feature", "properties": { "index": "774", "last_edit_year": 2023, "years_since_edit": 3, "label": "2.5–6.5 yr", "color": "#756bb1" }, "geometry": { "type": "Point", "coordinates": [ 3.8938259, 43.6068614 ] } },
{ "type": "Feature", "properties": { "index": "775", "last_edit_year": 2012, "years_since_edit": 14, "label": "6.5–14.0 yr", "color": "#54278f" }, "geometry": { "type": "Point", "coordinates": [ 3.8899209, 43.6075431 ] } },
{ "type": "Feature", "properties": { "index": "776", "last_edit_year": 2012, "years_since_edit": 14, "label": "6.5–14.0 yr", "color": "#54278f" }, "geometry": { "type": "Point", "coordinates": [ 3.889886, 43.607545 ] } },
{ "type": "Feature", "properties": { "index": "777", "last_edit_year": 2012, "years_since_edit": 14, "label": "6.5–14.0 yr", "color": "#54278f" }, "geometry": { "type": "Point", "coordinates": [ 3.8898511, 43.607547 ] } },
{ "type": "Feature", "properties": { "index": "778", "last_edit_year": 2012, "years_since_edit": 14, "label": "6.5–14.0 yr", "color": "#54278f" }, "geometry": { "type": "Point", "coordinates": [ 3.889803, 43.6075497 ] } },
{ "type": "Feature", "properties": { "index": "779", "last_edit_year": 2012, "years_since_edit": 14, "label": "6.5–14.0 yr", "color": "#54278f" }, "geometry": { "type": "Point", "coordinates": [ 3.8897494, 43.6075527 ] } },
{ "type": "Feature", "properties": { "index": "780", "last_edit_year": 2012, "years_since_edit": 14, "label": "6.5–14.0 yr", "color": "#54278f" }, "geometry": { "type": "Point", "coordinates": [ 3.8899458, 43.6075684 ] } },
{ "type": "Feature", "properties": { "index": "781", "last_edit_year": 2012, "years_since_edit": 14, "label": "6.5–14.0 yr", "color": "#54278f" }, "geometry": { "type": "Point", "coordinates": [ 3.8899492, 43.6075973 ] } },
{ "type": "Feature", "properties": { "index": "782", "last_edit_year": 2012, "years_since_edit": 14, "label": "6.5–14.0 yr", "color": "#54278f" }, "geometry": { "type": "Point", "coordinates": [ 3.8899109, 43.6076311 ] } },
{ "type": "Feature", "properties": { "index": "783", "last_edit_year": 2012, "years_since_edit": 14, "label": "6.5–14.0 yr", "color": "#54278f" }, "geometry": { "type": "Point", "coordinates": [ 3.8898525, 43.6076361 ] } },
{ "type": "Feature", "properties": { "index": "784", "last_edit_year": 2012, "years_since_edit": 14, "label": "6.5–14.0 yr", "color": "#54278f" }, "geometry": { "type": "Point", "coordinates": [ 3.8898045, 43.6076402 ] } },
{ "type": "Feature", "properties": { "index": "785", "last_edit_year": 2012, "years_since_edit": 14, "label": "6.5–14.0 yr", "color": "#54278f" }, "geometry": { "type": "Point", "coordinates": [ 3.8897561, 43.6076443 ] } },
{ "type": "Feature", "properties": { "index": "786", "last_edit_year": 2023, "years_since_edit": 3, "label": "2.5–6.5 yr", "color": "#756bb1" }, "geometry": { "type": "Point", "coordinates": [ 3.8817654, 43.6108973 ] } },
{ "type": "Feature", "properties": { "index": "787", "last_edit_year": 2016, "years_since_edit": 10, "label": "6.5–14.0 yr", "color": "#54278f" }, "geometry": { "type": "Point", "coordinates": [ 3.8816292, 43.6108811 ] } },
{ "type": "Feature", "properties": { "index": "788", "last_edit_year": 2016, "years_since_edit": 10, "label": "6.5–14.0 yr", "color": "#54278f" }, "geometry": { "type": "Point", "coordinates": [ 3.8816427, 43.6108921 ] } },
{ "type": "Feature", "properties": { "index": "789", "last_edit_year": 2021, "years_since_edit": 5, "label": "2.5–6.5 yr", "color": "#756bb1" }, "geometry": { "type": "Point", "coordinates": [ 3.8817693, 43.6109376 ] } },
{ "type": "Feature", "properties": { "index": "790", "last_edit_year": 2024, "years_since_edit": 2, "label": "1.5–2.5 yr", "color": "#9e9ac8" }, "geometry": { "type": "Point", "coordinates": [ 3.8815316, 43.6108625 ] } },
{ "type": "Feature", "properties": { "index": "791", "last_edit_year": 2021, "years_since_edit": 5, "label": "2.5–6.5 yr", "color": "#756bb1" }, "geometry": { "type": "Point", "coordinates": [ 3.8817833, 43.6110452 ] } },
{ "type": "Feature", "properties": { "index": "792", "last_edit_year": 2022, "years_since_edit": 4, "label": "2.5–6.5 yr", "color": "#756bb1" }, "geometry": { "type": "Point", "coordinates": [ 3.8815513, 43.6110864 ] } },
{ "type": "Feature", "properties": { "index": "793", "last_edit_year": 2021, "years_since_edit": 5, "label": "2.5–6.5 yr", "color": "#756bb1" }, "geometry": { "type": "Point", "coordinates": [ 3.881809, 43.6111514 ] } },
{ "type": "Feature", "properties": { "index": "794", "last_edit_year": 2016, "years_since_edit": 10, "label": "6.5–14.0 yr", "color": "#54278f" }, "geometry": { "type": "Point", "coordinates": [ 3.8817877, 43.6112592 ] } },
{ "type": "Feature", "properties": { "index": "795", "last_edit_year": 2016, "years_since_edit": 10, "label": "6.5–14.0 yr", "color": "#54278f" }, "geometry": { "type": "Point", "coordinates": [ 3.8816278, 43.6112768 ] } },
{ "type": "Feature", "properties": { "index": "796", "last_edit_year": 2016, "years_since_edit": 10, "label": "6.5–14.0 yr", "color": "#54278f" }, "geometry": { "type": "Point", "coordinates": [ 3.8817542, 43.6112838 ] } },
{ "type": "Feature", "properties": { "index": "797", "last_edit_year": 2024, "years_since_edit": 2, "label": "1.5–2.5 yr", "color": "#9e9ac8" }, "geometry": { "type": "Point", "coordinates": [ 3.8830373, 43.6147835 ] } },
{ "type": "Feature", "properties": { "index": "798", "last_edit_year": 2026, "years_since_edit": 0, "label": "0.0–0.5 yr", "color": "#f2f0f7" }, "geometry": { "type": "Point", "coordinates": [ 3.8787765, 43.6151643 ] } },
{ "type": "Feature", "properties": { "index": "799", "last_edit_year": 2024, "years_since_edit": 2, "label": "1.5–2.5 yr", "color": "#9e9ac8" }, "geometry": { "type": "Point", "coordinates": [ 3.8790714, 43.6151243 ] } },
{ "type": "Feature", "properties": { "index": "800", "last_edit_year": 2025, "years_since_edit": 1, "label": "0.5–1.5 yr", "color": "#cbc9e2" }, "geometry": { "type": "Point", "coordinates": [ 3.8812701, 43.6150217 ] } },
{ "type": "Feature", "properties": { "index": "801", "last_edit_year": 2026, "years_since_edit": 0, "label": "0.0–0.5 yr", "color": "#f2f0f7" }, "geometry": { "type": "Point", "coordinates": [ 3.8789171, 43.6152845 ] } },
{ "type": "Feature", "properties": { "index": "802", "last_edit_year": 2025, "years_since_edit": 1, "label": "0.5–1.5 yr", "color": "#cbc9e2" }, "geometry": { "type": "Point", "coordinates": [ 3.869888, 43.6148842 ] } },
{ "type": "Feature", "properties": { "index": "803", "last_edit_year": 2026, "years_since_edit": 0, "label": "0.0–0.5 yr", "color": "#f2f0f7" }, "geometry": { "type": "Point", "coordinates": [ 3.869789, 43.6148989 ] } },
{ "type": "Feature", "properties": { "index": "804", "last_edit_year": 2026, "years_since_edit": 0, "label": "0.0–0.5 yr", "color": "#f2f0f7" }, "geometry": { "type": "Point", "coordinates": [ 3.8699167, 43.6149735 ] } },
{ "type": "Feature", "properties": { "index": "805", "last_edit_year": 2024, "years_since_edit": 2, "label": "1.5–2.5 yr", "color": "#9e9ac8" }, "geometry": { "type": "Point", "coordinates": [ 3.8697226, 43.6152839 ] } },
{ "type": "Feature", "properties": { "index": "806", "last_edit_year": 2025, "years_since_edit": 1, "label": "0.5–1.5 yr", "color": "#cbc9e2" }, "geometry": { "type": "Point", "coordinates": [ 3.8695763, 43.6155299 ] } },
{ "type": "Feature", "properties": { "index": "807", "last_edit_year": 2025, "years_since_edit": 1, "label": "0.5–1.5 yr", "color": "#cbc9e2" }, "geometry": { "type": "Point", "coordinates": [ 3.8696302, 43.6167565 ] } },
{ "type": "Feature", "properties": { "index": "808", "last_edit_year": 2025, "years_since_edit": 1, "label": "0.5–1.5 yr", "color": "#cbc9e2" }, "geometry": { "type": "Point", "coordinates": [ 3.8694711, 43.6167953 ] } },
{ "type": "Feature", "properties": { "index": "809", "last_edit_year": 2024, "years_since_edit": 2, "label": "1.5–2.5 yr", "color": "#9e9ac8" }, "geometry": { "type": "Point", "coordinates": [ 3.8676614, 43.6173048 ] } },
{ "type": "Feature", "properties": { "index": "810", "last_edit_year": 2025, "years_since_edit": 1, "label": "0.5–1.5 yr", "color": "#cbc9e2" }, "geometry": { "type": "Point", "coordinates": [ 3.8677521, 43.6173745 ] } },
{ "type": "Feature", "properties": { "index": "811", "last_edit_year": 2025, "years_since_edit": 1, "label": "0.5–1.5 yr", "color": "#cbc9e2" }, "geometry": { "type": "Point", "coordinates": [ 3.8677662, 43.6174344 ] } },
{ "type": "Feature", "properties": { "index": "812", "last_edit_year": 2024, "years_since_edit": 2, "label": "1.5–2.5 yr", "color": "#9e9ac8" }, "geometry": { "type": "Point", "coordinates": [ 3.8830259, 43.6150559 ] } },
{ "type": "Feature", "properties": { "index": "813", "last_edit_year": 2024, "years_since_edit": 2, "label": "1.5–2.5 yr", "color": "#9e9ac8" }, "geometry": { "type": "Point", "coordinates": [ 3.8831959, 43.6148708 ] } },
{ "type": "Feature", "properties": { "index": "814", "last_edit_year": 2024, "years_since_edit": 2, "label": "1.5–2.5 yr", "color": "#9e9ac8" }, "geometry": { "type": "Point", "coordinates": [ 3.8831062, 43.6148645 ] } },
{ "type": "Feature", "properties": { "index": "815", "last_edit_year": 2024, "years_since_edit": 2, "label": "1.5–2.5 yr", "color": "#9e9ac8" }, "geometry": { "type": "Point", "coordinates": [ 3.8811261, 43.6147292 ] } },
{ "type": "Feature", "properties": { "index": "816", "last_edit_year": 2024, "years_since_edit": 2, "label": "1.5–2.5 yr", "color": "#9e9ac8" }, "geometry": { "type": "Point", "coordinates": [ 3.8835808, 43.6150008 ] } },
{ "type": "Feature", "properties": { "index": "817", "last_edit_year": 2025, "years_since_edit": 1, "label": "0.5–1.5 yr", "color": "#cbc9e2" }, "geometry": { "type": "Point", "coordinates": [ 3.8815567, 43.6144418 ] } },
{ "type": "Feature", "properties": { "index": "818", "last_edit_year": 2024, "years_since_edit": 2, "label": "1.5–2.5 yr", "color": "#9e9ac8" }, "geometry": { "type": "Point", "coordinates": [ 3.8811597, 43.6147993 ] } },
{ "type": "Feature", "properties": { "index": "819", "last_edit_year": 2024, "years_since_edit": 2, "label": "1.5–2.5 yr", "color": "#9e9ac8" }, "geometry": { "type": "Point", "coordinates": [ 3.8815044, 43.6142894 ] } },
{ "type": "Feature", "properties": { "index": "820", "last_edit_year": 2024, "years_since_edit": 2, "label": "1.5–2.5 yr", "color": "#9e9ac8" }, "geometry": { "type": "Point", "coordinates": [ 3.8811181, 43.6145597 ] } },
{ "type": "Feature", "properties": { "index": "821", "last_edit_year": 2026, "years_since_edit": 0, "label": "0.0–0.5 yr", "color": "#f2f0f7" }, "geometry": { "type": "Point", "coordinates": [ 3.8674609, 43.6127586 ] } },
{ "type": "Feature", "properties": { "index": "822", "last_edit_year": 2024, "years_since_edit": 2, "label": "1.5–2.5 yr", "color": "#9e9ac8" }, "geometry": { "type": "Point", "coordinates": [ 3.8734799, 43.6057001 ] } },
{ "type": "Feature", "properties": { "index": "823", "last_edit_year": 2024, "years_since_edit": 2, "label": "1.5–2.5 yr", "color": "#9e9ac8" }, "geometry": { "type": "Point", "coordinates": [ 3.8784457, 43.6182493 ] } },
{ "type": "Feature", "properties": { "index": "824", "last_edit_year": 2024, "years_since_edit": 2, "label": "1.5–2.5 yr", "color": "#9e9ac8" }, "geometry": { "type": "Point", "coordinates": [ 3.8942831, 43.6086248 ] } },
{ "type": "Feature", "properties": { "index": "825", "last_edit_year": 2024, "years_since_edit": 2, "label": "1.5–2.5 yr", "color": "#9e9ac8" }, "geometry": { "type": "Point", "coordinates": [ 3.8945677, 43.609626 ] } },
{ "type": "Feature", "properties": { "index": "826", "last_edit_year": 2024, "years_since_edit": 2, "label": "1.5–2.5 yr", "color": "#9e9ac8" }, "geometry": { "type": "Point", "coordinates": [ 3.8990022, 43.6013009 ] } },
{ "type": "Feature", "properties": { "index": "827", "last_edit_year": 2026, "years_since_edit": 0, "label": "0.0–0.5 yr", "color": "#f2f0f7" }, "geometry": { "type": "Point", "coordinates": [ 3.8696225, 43.6194431 ] } },
{ "type": "Feature", "properties": { "index": "828", "last_edit_year": 2026, "years_since_edit": 0, "label": "0.0–0.5 yr", "color": "#f2f0f7" }, "geometry": { "type": "Point", "coordinates": [ 3.869393, 43.6194484 ] } },
{ "type": "Feature", "properties": { "index": "829", "last_edit_year": 2024, "years_since_edit": 2, "label": "1.5–2.5 yr", "color": "#9e9ac8" }, "geometry": { "type": "Point", "coordinates": [ 3.8696993, 43.6194957 ] } },
{ "type": "Feature", "properties": { "index": "830", "last_edit_year": 2026, "years_since_edit": 0, "label": "0.0–0.5 yr", "color": "#f2f0f7" }, "geometry": { "type": "Point", "coordinates": [ 3.86908, 43.6202883 ] } },
{ "type": "Feature", "properties": { "index": "831", "last_edit_year": 2026, "years_since_edit": 0, "label": "0.0–0.5 yr", "color": "#f2f0f7" }, "geometry": { "type": "Point", "coordinates": [ 3.8689685, 43.6203678 ] } },
{ "type": "Feature", "properties": { "index": "832", "last_edit_year": 2025, "years_since_edit": 1, "label": "0.5–1.5 yr", "color": "#cbc9e2" }, "geometry": { "type": "Point", "coordinates": [ 3.8672308, 43.6244009 ] } },
{ "type": "Feature", "properties": { "index": "833", "last_edit_year": 2025, "years_since_edit": 1, "label": "0.5–1.5 yr", "color": "#cbc9e2" }, "geometry": { "type": "Point", "coordinates": [ 3.8672867, 43.6247194 ] } },
{ "type": "Feature", "properties": { "index": "834", "last_edit_year": 2024, "years_since_edit": 2, "label": "1.5–2.5 yr", "color": "#9e9ac8" }, "geometry": { "type": "Point", "coordinates": [ 3.8825946, 43.6016652 ] } },
{ "type": "Feature", "properties": { "index": "835", "last_edit_year": 2024, "years_since_edit": 2, "label": "1.5–2.5 yr", "color": "#9e9ac8" }, "geometry": { "type": "Point", "coordinates": [ 3.882458, 43.6014819 ] } },
{ "type": "Feature", "properties": { "index": "836", "last_edit_year": 2024, "years_since_edit": 2, "label": "1.5–2.5 yr", "color": "#9e9ac8" }, "geometry": { "type": "Point", "coordinates": [ 3.8828279, 43.6015708 ] } },
{ "type": "Feature", "properties": { "index": "837", "last_edit_year": 2024, "years_since_edit": 2, "label": "1.5–2.5 yr", "color": "#9e9ac8" }, "geometry": { "type": "Point", "coordinates": [ 3.8824691, 43.6016144 ] } },
{ "type": "Feature", "properties": { "index": "838", "last_edit_year": 2024, "years_since_edit": 2, "label": "1.5–2.5 yr", "color": "#9e9ac8" }, "geometry": { "type": "Point", "coordinates": [ 3.8828179, 43.601495 ] } },
{ "type": "Feature", "properties": { "index": "839", "last_edit_year": 2026, "years_since_edit": 0, "label": "0.0–0.5 yr", "color": "#f2f0f7" }, "geometry": { "type": "Point", "coordinates": [ 3.8827625, 43.6142067 ] } },
{ "type": "Feature", "properties": { "index": "840", "last_edit_year": 2024, "years_since_edit": 2, "label": "1.5–2.5 yr", "color": "#9e9ac8" }, "geometry": { "type": "Point", "coordinates": [ 3.875764, 43.6159058 ] } },
{ "type": "Feature", "properties": { "index": "841", "last_edit_year": 2024, "years_since_edit": 2, "label": "1.5–2.5 yr", "color": "#9e9ac8" }, "geometry": { "type": "Point", "coordinates": [ 3.8775578, 43.6154055 ] } },
{ "type": "Feature", "properties": { "index": "842", "last_edit_year": 2026, "years_since_edit": 0, "label": "0.0–0.5 yr", "color": "#f2f0f7" }, "geometry": { "type": "Point", "coordinates": [ 3.8776253, 43.6152781 ] } },
{ "type": "Feature", "properties": { "index": "843", "last_edit_year": 2024, "years_since_edit": 2, "label": "1.5–2.5 yr", "color": "#9e9ac8" }, "geometry": { "type": "Point", "coordinates": [ 3.8757072, 43.6159565 ] } },
{ "type": "Feature", "properties": { "index": "844", "last_edit_year": 2024, "years_since_edit": 2, "label": "1.5–2.5 yr", "color": "#9e9ac8" }, "geometry": { "type": "Point", "coordinates": [ 3.8775891, 43.6152103 ] } },
{ "type": "Feature", "properties": { "index": "845", "last_edit_year": 2024, "years_since_edit": 2, "label": "1.5–2.5 yr", "color": "#9e9ac8" }, "geometry": { "type": "Point", "coordinates": [ 3.8983574, 43.6069547 ] } },
{ "type": "Feature", "properties": { "index": "846", "last_edit_year": 2024, "years_since_edit": 2, "label": "1.5–2.5 yr", "color": "#9e9ac8" }, "geometry": { "type": "Point", "coordinates": [ 3.8722751, 43.6063474 ] } },
{ "type": "Feature", "properties": { "index": "847", "last_edit_year": 2024, "years_since_edit": 2, "label": "1.5–2.5 yr", "color": "#9e9ac8" }, "geometry": { "type": "Point", "coordinates": [ 3.8721182, 43.6063407 ] } },
{ "type": "Feature", "properties": { "index": "848", "last_edit_year": 2024, "years_since_edit": 2, "label": "1.5–2.5 yr", "color": "#9e9ac8" }, "geometry": { "type": "Point", "coordinates": [ 3.8770591, 43.60618 ] } },
{ "type": "Feature", "properties": { "index": "849", "last_edit_year": 2024, "years_since_edit": 2, "label": "1.5–2.5 yr", "color": "#9e9ac8" }, "geometry": { "type": "Point", "coordinates": [ 3.9044716, 43.605379 ] } },
{ "type": "Feature", "properties": { "index": "850", "last_edit_year": 2024, "years_since_edit": 2, "label": "1.5–2.5 yr", "color": "#9e9ac8" }, "geometry": { "type": "Point", "coordinates": [ 3.9046022, 43.6054246 ] } },
{ "type": "Feature", "properties": { "index": "851", "last_edit_year": 2024, "years_since_edit": 2, "label": "1.5–2.5 yr", "color": "#9e9ac8" }, "geometry": { "type": "Point", "coordinates": [ 3.9048964, 43.6067831 ] } },
{ "type": "Feature", "properties": { "index": "852", "last_edit_year": 2026, "years_since_edit": 0, "label": "0.0–0.5 yr", "color": "#f2f0f7" }, "geometry": { "type": "Point", "coordinates": [ 3.8887977, 43.6048558 ] } },
{ "type": "Feature", "properties": { "index": "853", "last_edit_year": 2024, "years_since_edit": 2, "label": "1.5–2.5 yr", "color": "#9e9ac8" }, "geometry": { "type": "Point", "coordinates": [ 3.8889132, 43.6049014 ] } },
{ "type": "Feature", "properties": { "index": "854", "last_edit_year": 2025, "years_since_edit": 1, "label": "0.5–1.5 yr", "color": "#cbc9e2" }, "geometry": { "type": "Point", "coordinates": [ 3.8884082, 43.6054351 ] } },
{ "type": "Feature", "properties": { "index": "855", "last_edit_year": 2025, "years_since_edit": 1, "label": "0.5–1.5 yr", "color": "#cbc9e2" }, "geometry": { "type": "Point", "coordinates": [ 3.8880801, 43.6055369 ] } },
{ "type": "Feature", "properties": { "index": "856", "last_edit_year": 2025, "years_since_edit": 1, "label": "0.5–1.5 yr", "color": "#cbc9e2" }, "geometry": { "type": "Point", "coordinates": [ 3.8866586, 43.6058322 ] } },
{ "type": "Feature", "properties": { "index": "857", "last_edit_year": 2025, "years_since_edit": 1, "label": "0.5–1.5 yr", "color": "#cbc9e2" }, "geometry": { "type": "Point", "coordinates": [ 3.8865235, 43.60666 ] } },
{ "type": "Feature", "properties": { "index": "858", "last_edit_year": 2024, "years_since_edit": 2, "label": "1.5–2.5 yr", "color": "#9e9ac8" }, "geometry": { "type": "Point", "coordinates": [ 3.8859644, 43.6070545 ] } },
{ "type": "Feature", "properties": { "index": "859", "last_edit_year": 2024, "years_since_edit": 2, "label": "1.5–2.5 yr", "color": "#9e9ac8" }, "geometry": { "type": "Point", "coordinates": [ 3.8884959, 43.6071534 ] } },
{ "type": "Feature", "properties": { "index": "860", "last_edit_year": 2018, "years_since_edit": 8, "label": "6.5–14.0 yr", "color": "#54278f" }, "geometry": { "type": "Point", "coordinates": [ 3.8872538, 43.6072244 ] } },
{ "type": "Feature", "properties": { "index": "861", "last_edit_year": 2025, "years_since_edit": 1, "label": "0.5–1.5 yr", "color": "#cbc9e2" }, "geometry": { "type": "Point", "coordinates": [ 3.8884118, 43.6072592 ] } },
{ "type": "Feature", "properties": { "index": "862", "last_edit_year": 2026, "years_since_edit": 0, "label": "0.0–0.5 yr", "color": "#f2f0f7" }, "geometry": { "type": "Point", "coordinates": [ 3.8858881, 43.6072943 ] } },
{ "type": "Feature", "properties": { "index": "863", "last_edit_year": 2024, "years_since_edit": 2, "label": "1.5–2.5 yr", "color": "#9e9ac8" }, "geometry": { "type": "Point", "coordinates": [ 3.8872759, 43.6073447 ] } },
{ "type": "Feature", "properties": { "index": "864", "last_edit_year": 2024, "years_since_edit": 2, "label": "1.5–2.5 yr", "color": "#9e9ac8" }, "geometry": { "type": "Point", "coordinates": [ 3.8846947, 43.6074911 ] } },
{ "type": "Feature", "properties": { "index": "865", "last_edit_year": 2024, "years_since_edit": 2, "label": "1.5–2.5 yr", "color": "#9e9ac8" }, "geometry": { "type": "Point", "coordinates": [ 3.8846102, 43.6075019 ] } },
{ "type": "Feature", "properties": { "index": "866", "last_edit_year": 2024, "years_since_edit": 2, "label": "1.5–2.5 yr", "color": "#9e9ac8" }, "geometry": { "type": "Point", "coordinates": [ 3.884905, 43.6076764 ] } },
{ "type": "Feature", "properties": { "index": "867", "last_edit_year": 2024, "years_since_edit": 2, "label": "1.5–2.5 yr", "color": "#9e9ac8" }, "geometry": { "type": "Point", "coordinates": [ 3.8811246, 43.6149558 ] } },
{ "type": "Feature", "properties": { "index": "868", "last_edit_year": 2024, "years_since_edit": 2, "label": "1.5–2.5 yr", "color": "#9e9ac8" }, "geometry": { "type": "Point", "coordinates": [ 3.8813468, 43.6149836 ] } },
{ "type": "Feature", "properties": { "index": "869", "last_edit_year": 2024, "years_since_edit": 2, "label": "1.5–2.5 yr", "color": "#9e9ac8" }, "geometry": { "type": "Point", "coordinates": [ 3.8713744, 43.6161008 ] } },
{ "type": "Feature", "properties": { "index": "870", "last_edit_year": 2024, "years_since_edit": 2, "label": "1.5–2.5 yr", "color": "#9e9ac8" }, "geometry": { "type": "Point", "coordinates": [ 3.8747211, 43.6163848 ] } },
{ "type": "Feature", "properties": { "index": "871", "last_edit_year": 2024, "years_since_edit": 2, "label": "1.5–2.5 yr", "color": "#9e9ac8" }, "geometry": { "type": "Point", "coordinates": [ 3.873746, 43.616971 ] } },
{ "type": "Feature", "properties": { "index": "872", "last_edit_year": 2025, "years_since_edit": 1, "label": "0.5–1.5 yr", "color": "#cbc9e2" }, "geometry": { "type": "Point", "coordinates": [ 3.8694063, 43.6130251 ] } },
{ "type": "Feature", "properties": { "index": "873", "last_edit_year": 2024, "years_since_edit": 2, "label": "1.5–2.5 yr", "color": "#9e9ac8" }, "geometry": { "type": "Point", "coordinates": [ 3.8703934, 43.613925 ] } },
{ "type": "Feature", "properties": { "index": "874", "last_edit_year": 2024, "years_since_edit": 2, "label": "1.5–2.5 yr", "color": "#9e9ac8" }, "geometry": { "type": "Point", "coordinates": [ 3.8756561, 43.6157671 ] } },
{ "type": "Feature", "properties": { "index": "875", "last_edit_year": 2024, "years_since_edit": 2, "label": "1.5–2.5 yr", "color": "#9e9ac8" }, "geometry": { "type": "Point", "coordinates": [ 3.8672481, 43.62122 ] } },
{ "type": "Feature", "properties": { "index": "876", "last_edit_year": 2024, "years_since_edit": 2, "label": "1.5–2.5 yr", "color": "#9e9ac8" }, "geometry": { "type": "Point", "coordinates": [ 3.8672936, 43.621294 ] } },
{ "type": "Feature", "properties": { "index": "877", "last_edit_year": 2024, "years_since_edit": 2, "label": "1.5–2.5 yr", "color": "#9e9ac8" }, "geometry": { "type": "Point", "coordinates": [ 3.8672064, 43.6213337 ] } },
{ "type": "Feature", "properties": { "index": "878", "last_edit_year": 2024, "years_since_edit": 2, "label": "1.5–2.5 yr", "color": "#9e9ac8" }, "geometry": { "type": "Point", "coordinates": [ 3.8833807, 43.6138009 ] } },
{ "type": "Feature", "properties": { "index": "879", "last_edit_year": 2024, "years_since_edit": 2, "label": "1.5–2.5 yr", "color": "#9e9ac8" }, "geometry": { "type": "Point", "coordinates": [ 3.8833699, 43.6138568 ] } },
{ "type": "Feature", "properties": { "index": "880", "last_edit_year": 2024, "years_since_edit": 2, "label": "1.5–2.5 yr", "color": "#9e9ac8" }, "geometry": { "type": "Point", "coordinates": [ 3.8834548, 43.6139217 ] } },
{ "type": "Feature", "properties": { "index": "881", "last_edit_year": 2025, "years_since_edit": 1, "label": "0.5–1.5 yr", "color": "#cbc9e2" }, "geometry": { "type": "Point", "coordinates": [ 3.8903883, 43.6069303 ] } },
{ "type": "Feature", "properties": { "index": "882", "last_edit_year": 2025, "years_since_edit": 1, "label": "0.5–1.5 yr", "color": "#cbc9e2" }, "geometry": { "type": "Point", "coordinates": [ 3.8908938, 43.6069534 ] } },
{ "type": "Feature", "properties": { "index": "883", "last_edit_year": 2025, "years_since_edit": 1, "label": "0.5–1.5 yr", "color": "#cbc9e2" }, "geometry": { "type": "Point", "coordinates": [ 3.8902965, 43.6069906 ] } },
{ "type": "Feature", "properties": { "index": "884", "last_edit_year": 2025, "years_since_edit": 1, "label": "0.5–1.5 yr", "color": "#cbc9e2" }, "geometry": { "type": "Point", "coordinates": [ 3.8909072, 43.6070599 ] } },
{ "type": "Feature", "properties": { "index": "885", "last_edit_year": 2024, "years_since_edit": 2, "label": "1.5–2.5 yr", "color": "#9e9ac8" }, "geometry": { "type": "Point", "coordinates": [ 3.889505, 43.6071307 ] } },
{ "type": "Feature", "properties": { "index": "886", "last_edit_year": 2026, "years_since_edit": 0, "label": "0.0–0.5 yr", "color": "#f2f0f7" }, "geometry": { "type": "Point", "coordinates": [ 3.9036066, 43.602722 ] } },
{ "type": "Feature", "properties": { "index": "887", "last_edit_year": 2026, "years_since_edit": 0, "label": "0.0–0.5 yr", "color": "#f2f0f7" }, "geometry": { "type": "Point", "coordinates": [ 3.9036603, 43.6026027 ] } },
{ "type": "Feature", "properties": { "index": "888", "last_edit_year": 2025, "years_since_edit": 1, "label": "0.5–1.5 yr", "color": "#cbc9e2" }, "geometry": { "type": "Point", "coordinates": [ 3.8982194, 43.6013162 ] } },
{ "type": "Feature", "properties": { "index": "889", "last_edit_year": 2024, "years_since_edit": 2, "label": "1.5–2.5 yr", "color": "#9e9ac8" }, "geometry": { "type": "Point", "coordinates": [ 3.8842396, 43.6053508 ] } },
{ "type": "Feature", "properties": { "index": "890", "last_edit_year": 2022, "years_since_edit": 4, "label": "2.5–6.5 yr", "color": "#756bb1" }, "geometry": { "type": "Point", "coordinates": [ 3.8841138, 43.6053805 ] } },
{ "type": "Feature", "properties": { "index": "891", "last_edit_year": 2022, "years_since_edit": 4, "label": "2.5–6.5 yr", "color": "#756bb1" }, "geometry": { "type": "Point", "coordinates": [ 3.8841446, 43.6053886 ] } },
{ "type": "Feature", "properties": { "index": "892", "last_edit_year": 2022, "years_since_edit": 4, "label": "2.5–6.5 yr", "color": "#756bb1" }, "geometry": { "type": "Point", "coordinates": [ 3.8840796, 43.6053908 ] } },
{ "type": "Feature", "properties": { "index": "893", "last_edit_year": 2022, "years_since_edit": 4, "label": "2.5–6.5 yr", "color": "#756bb1" }, "geometry": { "type": "Point", "coordinates": [ 3.8841601, 43.6054142 ] } },
{ "type": "Feature", "properties": { "index": "894", "last_edit_year": 2022, "years_since_edit": 4, "label": "2.5–6.5 yr", "color": "#756bb1" }, "geometry": { "type": "Point", "coordinates": [ 3.8841448, 43.6054321 ] } },
{ "type": "Feature", "properties": { "index": "895", "last_edit_year": 2022, "years_since_edit": 4, "label": "2.5–6.5 yr", "color": "#756bb1" }, "geometry": { "type": "Point", "coordinates": [ 3.8841106, 43.6054425 ] } },
{ "type": "Feature", "properties": { "index": "896", "last_edit_year": 2024, "years_since_edit": 2, "label": "1.5–2.5 yr", "color": "#9e9ac8" }, "geometry": { "type": "Point", "coordinates": [ 3.8830926, 43.6046606 ] } },
{ "type": "Feature", "properties": { "index": "897", "last_edit_year": 2024, "years_since_edit": 2, "label": "1.5–2.5 yr", "color": "#9e9ac8" }, "geometry": { "type": "Point", "coordinates": [ 3.8837258, 43.6049021 ] } },
{ "type": "Feature", "properties": { "index": "898", "last_edit_year": 2024, "years_since_edit": 2, "label": "1.5–2.5 yr", "color": "#9e9ac8" }, "geometry": { "type": "Point", "coordinates": [ 3.882448, 43.6051863 ] } },
{ "type": "Feature", "properties": { "index": "899", "last_edit_year": 2024, "years_since_edit": 2, "label": "1.5–2.5 yr", "color": "#9e9ac8" }, "geometry": { "type": "Point", "coordinates": [ 3.883891, 43.6052461 ] } },
{ "type": "Feature", "properties": { "index": "900", "last_edit_year": 2024, "years_since_edit": 2, "label": "1.5–2.5 yr", "color": "#9e9ac8" }, "geometry": { "type": "Point", "coordinates": [ 3.882446, 43.6053031 ] } },
{ "type": "Feature", "properties": { "index": "901", "last_edit_year": 2024, "years_since_edit": 2, "label": "1.5–2.5 yr", "color": "#9e9ac8" }, "geometry": { "type": "Point", "coordinates": [ 3.883995, 43.6054778 ] } },
{ "type": "Feature", "properties": { "index": "902", "last_edit_year": 2024, "years_since_edit": 2, "label": "1.5–2.5 yr", "color": "#9e9ac8" }, "geometry": { "type": "Point", "coordinates": [ 3.8824144, 43.6055879 ] } },
{ "type": "Feature", "properties": { "index": "903", "last_edit_year": 2024, "years_since_edit": 2, "label": "1.5–2.5 yr", "color": "#9e9ac8" }, "geometry": { "type": "Point", "coordinates": [ 3.8822079, 43.6055992 ] } },
{ "type": "Feature", "properties": { "index": "904", "last_edit_year": 2024, "years_since_edit": 2, "label": "1.5–2.5 yr", "color": "#9e9ac8" }, "geometry": { "type": "Point", "coordinates": [ 3.8822217, 43.6056099 ] } },
{ "type": "Feature", "properties": { "index": "905", "last_edit_year": 2024, "years_since_edit": 2, "label": "1.5–2.5 yr", "color": "#9e9ac8" }, "geometry": { "type": "Point", "coordinates": [ 3.8824056, 43.6056411 ] } },
{ "type": "Feature", "properties": { "index": "906", "last_edit_year": 2024, "years_since_edit": 2, "label": "1.5–2.5 yr", "color": "#9e9ac8" }, "geometry": { "type": "Point", "coordinates": [ 3.8843502, 43.6062509 ] } },
{ "type": "Feature", "properties": { "index": "907", "last_edit_year": 2024, "years_since_edit": 2, "label": "1.5–2.5 yr", "color": "#9e9ac8" }, "geometry": { "type": "Point", "coordinates": [ 3.8834777, 43.6062574 ] } },
{ "type": "Feature", "properties": { "index": "908", "last_edit_year": 2024, "years_since_edit": 2, "label": "1.5–2.5 yr", "color": "#9e9ac8" }, "geometry": { "type": "Point", "coordinates": [ 3.8840712, 43.6063467 ] } },
{ "type": "Feature", "properties": { "index": "909", "last_edit_year": 2024, "years_since_edit": 2, "label": "1.5–2.5 yr", "color": "#9e9ac8" }, "geometry": { "type": "Point", "coordinates": [ 3.8846315, 43.6063685 ] } },
{ "type": "Feature", "properties": { "index": "910", "last_edit_year": 2026, "years_since_edit": 0, "label": "0.0–0.5 yr", "color": "#f2f0f7" }, "geometry": { "type": "Point", "coordinates": [ 3.8833426, 43.6063727 ] } },
{ "type": "Feature", "properties": { "index": "911", "last_edit_year": 2024, "years_since_edit": 2, "label": "1.5–2.5 yr", "color": "#9e9ac8" }, "geometry": { "type": "Point", "coordinates": [ 3.889629, 43.6121904 ] } },
{ "type": "Feature", "properties": { "index": "912", "last_edit_year": 2024, "years_since_edit": 2, "label": "1.5–2.5 yr", "color": "#9e9ac8" }, "geometry": { "type": "Point", "coordinates": [ 3.8893912, 43.6123343 ] } },
{ "type": "Feature", "properties": { "index": "913", "last_edit_year": 2024, "years_since_edit": 2, "label": "1.5–2.5 yr", "color": "#9e9ac8" }, "geometry": { "type": "Point", "coordinates": [ 3.8889158, 43.6134072 ] } },
{ "type": "Feature", "properties": { "index": "914", "last_edit_year": 2026, "years_since_edit": 0, "label": "0.0–0.5 yr", "color": "#f2f0f7" }, "geometry": { "type": "Point", "coordinates": [ 3.9043994, 43.6029191 ] } },
{ "type": "Feature", "properties": { "index": "915", "last_edit_year": 2024, "years_since_edit": 2, "label": "1.5–2.5 yr", "color": "#9e9ac8" }, "geometry": { "type": "Point", "coordinates": [ 3.877278, 43.6170822 ] } },
{ "type": "Feature", "properties": { "index": "916", "last_edit_year": 2025, "years_since_edit": 1, "label": "0.5–1.5 yr", "color": "#cbc9e2" }, "geometry": { "type": "Point", "coordinates": [ 3.9004964, 43.6025963 ] } },
{ "type": "Feature", "properties": { "index": "917", "last_edit_year": 2025, "years_since_edit": 1, "label": "0.5–1.5 yr", "color": "#cbc9e2" }, "geometry": { "type": "Point", "coordinates": [ 3.9006998, 43.6026236 ] } },
{ "type": "Feature", "properties": { "index": "918", "last_edit_year": 2024, "years_since_edit": 2, "label": "1.5–2.5 yr", "color": "#9e9ac8" }, "geometry": { "type": "Point", "coordinates": [ 3.8992523, 43.6059482 ] } },
{ "type": "Feature", "properties": { "index": "919", "last_edit_year": 2024, "years_since_edit": 2, "label": "1.5–2.5 yr", "color": "#9e9ac8" }, "geometry": { "type": "Point", "coordinates": [ 3.8990678, 43.6061115 ] } },
{ "type": "Feature", "properties": { "index": "920", "last_edit_year": 2024, "years_since_edit": 2, "label": "1.5–2.5 yr", "color": "#9e9ac8" }, "geometry": { "type": "Point", "coordinates": [ 3.8987903, 43.6068166 ] } },
{ "type": "Feature", "properties": { "index": "921", "last_edit_year": 2024, "years_since_edit": 2, "label": "1.5–2.5 yr", "color": "#9e9ac8" }, "geometry": { "type": "Point", "coordinates": [ 3.8983925, 43.6068682 ] } },
{ "type": "Feature", "properties": { "index": "922", "last_edit_year": 2024, "years_since_edit": 2, "label": "1.5–2.5 yr", "color": "#9e9ac8" }, "geometry": { "type": "Point", "coordinates": [ 3.8985646, 43.608194 ] } },
{ "type": "Feature", "properties": { "index": "923", "last_edit_year": 2024, "years_since_edit": 2, "label": "1.5–2.5 yr", "color": "#9e9ac8" }, "geometry": { "type": "Point", "coordinates": [ 3.8985589, 43.6085596 ] } },
{ "type": "Feature", "properties": { "index": "924", "last_edit_year": 2024, "years_since_edit": 2, "label": "1.5–2.5 yr", "color": "#9e9ac8" }, "geometry": { "type": "Point", "coordinates": [ 3.8986213, 43.6086265 ] } },
{ "type": "Feature", "properties": { "index": "925", "last_edit_year": 2024, "years_since_edit": 2, "label": "1.5–2.5 yr", "color": "#9e9ac8" }, "geometry": { "type": "Point", "coordinates": [ 3.8991468, 43.6091624 ] } },
{ "type": "Feature", "properties": { "index": "926", "last_edit_year": 2024, "years_since_edit": 2, "label": "1.5–2.5 yr", "color": "#9e9ac8" }, "geometry": { "type": "Point", "coordinates": [ 3.899146, 43.6092339 ] } },
{ "type": "Feature", "properties": { "index": "927", "last_edit_year": 2024, "years_since_edit": 2, "label": "1.5–2.5 yr", "color": "#9e9ac8" }, "geometry": { "type": "Point", "coordinates": [ 3.8844293, 43.6033996 ] } },
{ "type": "Feature", "properties": { "index": "928", "last_edit_year": 2024, "years_since_edit": 2, "label": "1.5–2.5 yr", "color": "#9e9ac8" }, "geometry": { "type": "Point", "coordinates": [ 3.8822362, 43.6056211 ] } },
{ "type": "Feature", "properties": { "index": "929", "last_edit_year": 2024, "years_since_edit": 2, "label": "1.5–2.5 yr", "color": "#9e9ac8" }, "geometry": { "type": "Point", "coordinates": [ 3.8757481, 43.6108608 ] } },
{ "type": "Feature", "properties": { "index": "930", "last_edit_year": 2024, "years_since_edit": 2, "label": "1.5–2.5 yr", "color": "#9e9ac8" }, "geometry": { "type": "Point", "coordinates": [ 3.8760818, 43.610869 ] } },
{ "type": "Feature", "properties": { "index": "931", "last_edit_year": 2024, "years_since_edit": 2, "label": "1.5–2.5 yr", "color": "#9e9ac8" }, "geometry": { "type": "Point", "coordinates": [ 3.8757504, 43.6108967 ] } },
{ "type": "Feature", "properties": { "index": "932", "last_edit_year": 2024, "years_since_edit": 2, "label": "1.5–2.5 yr", "color": "#9e9ac8" }, "geometry": { "type": "Point", "coordinates": [ 3.8746493, 43.6109372 ] } },
{ "type": "Feature", "properties": { "index": "933", "last_edit_year": 2023, "years_since_edit": 3, "label": "2.5–6.5 yr", "color": "#756bb1" }, "geometry": { "type": "Point", "coordinates": [ 3.8746509, 43.6109763 ] } },
{ "type": "Feature", "properties": { "index": "934", "last_edit_year": 2013, "years_since_edit": 13, "label": "6.5–14.0 yr", "color": "#54278f" }, "geometry": { "type": "Point", "coordinates": [ 3.8764323, 43.6103891 ] } },
{ "type": "Feature", "properties": { "index": "935", "last_edit_year": 2024, "years_since_edit": 2, "label": "1.5–2.5 yr", "color": "#9e9ac8" }, "geometry": { "type": "Point", "coordinates": [ 3.8673968, 43.6002023 ] } },
{ "type": "Feature", "properties": { "index": "936", "last_edit_year": 2026, "years_since_edit": 0, "label": "0.0–0.5 yr", "color": "#f2f0f7" }, "geometry": { "type": "Point", "coordinates": [ 3.8676278, 43.6004069 ] } },
{ "type": "Feature", "properties": { "index": "937", "last_edit_year": 2024, "years_since_edit": 2, "label": "1.5–2.5 yr", "color": "#9e9ac8" }, "geometry": { "type": "Point", "coordinates": [ 3.8679139, 43.6006333 ] } },
{ "type": "Feature", "properties": { "index": "938", "last_edit_year": 2024, "years_since_edit": 2, "label": "1.5–2.5 yr", "color": "#9e9ac8" }, "geometry": { "type": "Point", "coordinates": [ 3.8751374, 43.601218 ] } },
{ "type": "Feature", "properties": { "index": "939", "last_edit_year": 2024, "years_since_edit": 2, "label": "1.5–2.5 yr", "color": "#9e9ac8" }, "geometry": { "type": "Point", "coordinates": [ 3.8753064, 43.6012512 ] } },
{ "type": "Feature", "properties": { "index": "940", "last_edit_year": 2026, "years_since_edit": 0, "label": "0.0–0.5 yr", "color": "#f2f0f7" }, "geometry": { "type": "Point", "coordinates": [ 3.8692815, 43.6017517 ] } },
{ "type": "Feature", "properties": { "index": "941", "last_edit_year": 2026, "years_since_edit": 0, "label": "0.0–0.5 yr", "color": "#f2f0f7" }, "geometry": { "type": "Point", "coordinates": [ 3.869146, 43.6018517 ] } },
{ "type": "Feature", "properties": { "index": "942", "last_edit_year": 2024, "years_since_edit": 2, "label": "1.5–2.5 yr", "color": "#9e9ac8" }, "geometry": { "type": "Point", "coordinates": [ 3.8695891, 43.6020839 ] } },
{ "type": "Feature", "properties": { "index": "943", "last_edit_year": 2026, "years_since_edit": 0, "label": "0.0–0.5 yr", "color": "#f2f0f7" }, "geometry": { "type": "Point", "coordinates": [ 3.8700418, 43.6023204 ] } },
{ "type": "Feature", "properties": { "index": "944", "last_edit_year": 2026, "years_since_edit": 0, "label": "0.0–0.5 yr", "color": "#f2f0f7" }, "geometry": { "type": "Point", "coordinates": [ 3.8749282, 43.6024884 ] } },
{ "type": "Feature", "properties": { "index": "945", "last_edit_year": 2026, "years_since_edit": 0, "label": "0.0–0.5 yr", "color": "#f2f0f7" }, "geometry": { "type": "Point", "coordinates": [ 3.8705139, 43.6025706 ] } },
{ "type": "Feature", "properties": { "index": "946", "last_edit_year": 2026, "years_since_edit": 0, "label": "0.0–0.5 yr", "color": "#f2f0f7" }, "geometry": { "type": "Point", "coordinates": [ 3.8710621, 43.6027082 ] } },
{ "type": "Feature", "properties": { "index": "947", "last_edit_year": 2024, "years_since_edit": 2, "label": "1.5–2.5 yr", "color": "#9e9ac8" }, "geometry": { "type": "Point", "coordinates": [ 3.8743148, 43.6027571 ] } },
{ "type": "Feature", "properties": { "index": "948", "last_edit_year": 2026, "years_since_edit": 0, "label": "0.0–0.5 yr", "color": "#f2f0f7" }, "geometry": { "type": "Point", "coordinates": [ 3.8708935, 43.6027843 ] } },
{ "type": "Feature", "properties": { "index": "949", "last_edit_year": 2024, "years_since_edit": 2, "label": "1.5–2.5 yr", "color": "#9e9ac8" }, "geometry": { "type": "Point", "coordinates": [ 3.8744044, 43.602796 ] } },
{ "type": "Feature", "properties": { "index": "950", "last_edit_year": 2024, "years_since_edit": 2, "label": "1.5–2.5 yr", "color": "#9e9ac8" }, "geometry": { "type": "Point", "coordinates": [ 3.8742745, 43.6028457 ] } },
{ "type": "Feature", "properties": { "index": "951", "last_edit_year": 2026, "years_since_edit": 0, "label": "0.0–0.5 yr", "color": "#f2f0f7" }, "geometry": { "type": "Point", "coordinates": [ 3.8713017, 43.6028455 ] } },
{ "type": "Feature", "properties": { "index": "952", "last_edit_year": 2024, "years_since_edit": 2, "label": "1.5–2.5 yr", "color": "#9e9ac8" }, "geometry": { "type": "Point", "coordinates": [ 3.8744424, 43.6029778 ] } },
{ "type": "Feature", "properties": { "index": "953", "last_edit_year": 2026, "years_since_edit": 0, "label": "0.0–0.5 yr", "color": "#f2f0f7" }, "geometry": { "type": "Point", "coordinates": [ 3.874629, 43.6030286 ] } },
{ "type": "Feature", "properties": { "index": "954", "last_edit_year": 2024, "years_since_edit": 2, "label": "1.5–2.5 yr", "color": "#9e9ac8" }, "geometry": { "type": "Point", "coordinates": [ 3.8743926, 43.6030658 ] } },
{ "type": "Feature", "properties": { "index": "955", "last_edit_year": 2026, "years_since_edit": 0, "label": "0.0–0.5 yr", "color": "#f2f0f7" }, "geometry": { "type": "Point", "coordinates": [ 3.8750233, 43.6031143 ] } },
{ "type": "Feature", "properties": { "index": "956", "last_edit_year": 2026, "years_since_edit": 0, "label": "0.0–0.5 yr", "color": "#f2f0f7" }, "geometry": { "type": "Point", "coordinates": [ 3.8762735, 43.6032084 ] } },
{ "type": "Feature", "properties": { "index": "957", "last_edit_year": 2024, "years_since_edit": 2, "label": "1.5–2.5 yr", "color": "#9e9ac8" }, "geometry": { "type": "Point", "coordinates": [ 3.8735119, 43.6033643 ] } },
{ "type": "Feature", "properties": { "index": "958", "last_edit_year": 2024, "years_since_edit": 2, "label": "1.5–2.5 yr", "color": "#9e9ac8" }, "geometry": { "type": "Point", "coordinates": [ 3.8734887, 43.6034124 ] } },
{ "type": "Feature", "properties": { "index": "959", "last_edit_year": 2024, "years_since_edit": 2, "label": "1.5–2.5 yr", "color": "#9e9ac8" }, "geometry": { "type": "Point", "coordinates": [ 3.8735533, 43.603422 ] } },
{ "type": "Feature", "properties": { "index": "960", "last_edit_year": 2024, "years_since_edit": 2, "label": "1.5–2.5 yr", "color": "#9e9ac8" }, "geometry": { "type": "Point", "coordinates": [ 3.8747658, 43.6038113 ] } },
{ "type": "Feature", "properties": { "index": "961", "last_edit_year": 2025, "years_since_edit": 1, "label": "0.5–1.5 yr", "color": "#cbc9e2" }, "geometry": { "type": "Point", "coordinates": [ 3.8734211, 43.6041124 ] } },
{ "type": "Feature", "properties": { "index": "962", "last_edit_year": 2025, "years_since_edit": 1, "label": "0.5–1.5 yr", "color": "#cbc9e2" }, "geometry": { "type": "Point", "coordinates": [ 3.8734092, 43.6041633 ] } },
{ "type": "Feature", "properties": { "index": "963", "last_edit_year": 2024, "years_since_edit": 2, "label": "1.5–2.5 yr", "color": "#9e9ac8" }, "geometry": { "type": "Point", "coordinates": [ 3.8748647, 43.6042502 ] } },
{ "type": "Feature", "properties": { "index": "964", "last_edit_year": 2024, "years_since_edit": 2, "label": "1.5–2.5 yr", "color": "#9e9ac8" }, "geometry": { "type": "Point", "coordinates": [ 3.8749451, 43.6043218 ] } },
{ "type": "Feature", "properties": { "index": "965", "last_edit_year": 2024, "years_since_edit": 2, "label": "1.5–2.5 yr", "color": "#9e9ac8" }, "geometry": { "type": "Point", "coordinates": [ 3.8737107, 43.6051436 ] } },
{ "type": "Feature", "properties": { "index": "966", "last_edit_year": 2024, "years_since_edit": 2, "label": "1.5–2.5 yr", "color": "#9e9ac8" }, "geometry": { "type": "Point", "coordinates": [ 3.8736418, 43.6051715 ] } },
{ "type": "Feature", "properties": { "index": "967", "last_edit_year": 2025, "years_since_edit": 1, "label": "0.5–1.5 yr", "color": "#cbc9e2" }, "geometry": { "type": "Point", "coordinates": [ 3.8744034, 43.6052917 ] } },
{ "type": "Feature", "properties": { "index": "968", "last_edit_year": 2024, "years_since_edit": 2, "label": "1.5–2.5 yr", "color": "#9e9ac8" }, "geometry": { "type": "Point", "coordinates": [ 3.8739374, 43.6054246 ] } },
{ "type": "Feature", "properties": { "index": "969", "last_edit_year": 2024, "years_since_edit": 2, "label": "1.5–2.5 yr", "color": "#9e9ac8" }, "geometry": { "type": "Point", "coordinates": [ 3.878711, 43.6041152 ] } },
{ "type": "Feature", "properties": { "index": "970", "last_edit_year": 2024, "years_since_edit": 2, "label": "1.5–2.5 yr", "color": "#9e9ac8" }, "geometry": { "type": "Point", "coordinates": [ 3.8779139, 43.6042864 ] } },
{ "type": "Feature", "properties": { "index": "971", "last_edit_year": 2024, "years_since_edit": 2, "label": "1.5–2.5 yr", "color": "#9e9ac8" }, "geometry": { "type": "Point", "coordinates": [ 3.8779309, 43.6043109 ] } },
{ "type": "Feature", "properties": { "index": "972", "last_edit_year": 2026, "years_since_edit": 0, "label": "0.0–0.5 yr", "color": "#f2f0f7" }, "geometry": { "type": "Point", "coordinates": [ 3.8779577, 43.6044091 ] } },
{ "type": "Feature", "properties": { "index": "973", "last_edit_year": 2024, "years_since_edit": 2, "label": "1.5–2.5 yr", "color": "#9e9ac8" }, "geometry": { "type": "Point", "coordinates": [ 3.8684164, 43.6102926 ] } },
{ "type": "Feature", "properties": { "index": "974", "last_edit_year": 2026, "years_since_edit": 0, "label": "0.0–0.5 yr", "color": "#f2f0f7" }, "geometry": { "type": "Point", "coordinates": [ 3.8715242, 43.6104396 ] } },
{ "type": "Feature", "properties": { "index": "975", "last_edit_year": 2026, "years_since_edit": 0, "label": "0.0–0.5 yr", "color": "#f2f0f7" }, "geometry": { "type": "Point", "coordinates": [ 3.8718989, 43.6107376 ] } },
{ "type": "Feature", "properties": { "index": "976", "last_edit_year": 2024, "years_since_edit": 2, "label": "1.5–2.5 yr", "color": "#9e9ac8" }, "geometry": { "type": "Point", "coordinates": [ 3.8681366, 43.6108482 ] } },
{ "type": "Feature", "properties": { "index": "977", "last_edit_year": 2025, "years_since_edit": 1, "label": "0.5–1.5 yr", "color": "#cbc9e2" }, "geometry": { "type": "Point", "coordinates": [ 3.873246, 43.6111914 ] } },
{ "type": "Feature", "properties": { "index": "978", "last_edit_year": 2024, "years_since_edit": 2, "label": "1.5–2.5 yr", "color": "#9e9ac8" }, "geometry": { "type": "Point", "coordinates": [ 3.8676012, 43.6086171 ] } },
{ "type": "Feature", "properties": { "index": "979", "last_edit_year": 2025, "years_since_edit": 1, "label": "0.5–1.5 yr", "color": "#cbc9e2" }, "geometry": { "type": "Point", "coordinates": [ 3.8673423, 43.6176542 ] } },
{ "type": "Feature", "properties": { "index": "980", "last_edit_year": 2024, "years_since_edit": 2, "label": "1.5–2.5 yr", "color": "#9e9ac8" }, "geometry": { "type": "Point", "coordinates": [ 3.8726905, 43.6228807 ] } },
{ "type": "Feature", "properties": { "index": "981", "last_edit_year": 2024, "years_since_edit": 2, "label": "1.5–2.5 yr", "color": "#9e9ac8" }, "geometry": { "type": "Point", "coordinates": [ 3.8760409, 43.6206132 ] } },
{ "type": "Feature", "properties": { "index": "982", "last_edit_year": 2024, "years_since_edit": 2, "label": "1.5–2.5 yr", "color": "#9e9ac8" }, "geometry": { "type": "Point", "coordinates": [ 3.8824614, 43.6066367 ] } },
{ "type": "Feature", "properties": { "index": "983", "last_edit_year": 2024, "years_since_edit": 2, "label": "1.5–2.5 yr", "color": "#9e9ac8" }, "geometry": { "type": "Point", "coordinates": [ 3.8825434, 43.606638 ] } },
{ "type": "Feature", "properties": { "index": "984", "last_edit_year": 2024, "years_since_edit": 2, "label": "1.5–2.5 yr", "color": "#9e9ac8" }, "geometry": { "type": "Point", "coordinates": [ 3.8847567, 43.6009824 ] } },
{ "type": "Feature", "properties": { "index": "985", "last_edit_year": 2024, "years_since_edit": 2, "label": "1.5–2.5 yr", "color": "#9e9ac8" }, "geometry": { "type": "Point", "coordinates": [ 3.8845597, 43.6010053 ] } },
{ "type": "Feature", "properties": { "index": "986", "last_edit_year": 2024, "years_since_edit": 2, "label": "1.5–2.5 yr", "color": "#9e9ac8" }, "geometry": { "type": "Point", "coordinates": [ 3.8846694, 43.6010095 ] } },
{ "type": "Feature", "properties": { "index": "987", "last_edit_year": 2024, "years_since_edit": 2, "label": "1.5–2.5 yr", "color": "#9e9ac8" }, "geometry": { "type": "Point", "coordinates": [ 3.8848333, 43.6010627 ] } },
{ "type": "Feature", "properties": { "index": "988", "last_edit_year": 2024, "years_since_edit": 2, "label": "1.5–2.5 yr", "color": "#9e9ac8" }, "geometry": { "type": "Point", "coordinates": [ 3.884605, 43.6010794 ] } },
{ "type": "Feature", "properties": { "index": "989", "last_edit_year": 2025, "years_since_edit": 1, "label": "0.5–1.5 yr", "color": "#cbc9e2" }, "geometry": { "type": "Point", "coordinates": [ 3.885306, 43.601094 ] } },
{ "type": "Feature", "properties": { "index": "990", "last_edit_year": 2024, "years_since_edit": 2, "label": "1.5–2.5 yr", "color": "#9e9ac8" }, "geometry": { "type": "Point", "coordinates": [ 3.8847382, 43.6011286 ] } },
{ "type": "Feature", "properties": { "index": "991", "last_edit_year": 2024, "years_since_edit": 2, "label": "1.5–2.5 yr", "color": "#9e9ac8" }, "geometry": { "type": "Point", "coordinates": [ 3.8846827, 43.6017335 ] } },
{ "type": "Feature", "properties": { "index": "992", "last_edit_year": 2024, "years_since_edit": 2, "label": "1.5–2.5 yr", "color": "#9e9ac8" }, "geometry": { "type": "Point", "coordinates": [ 3.8845583, 43.6017989 ] } },
{ "type": "Feature", "properties": { "index": "993", "last_edit_year": 2025, "years_since_edit": 1, "label": "0.5–1.5 yr", "color": "#cbc9e2" }, "geometry": { "type": "Point", "coordinates": [ 3.8847907, 43.6018318 ] } },
{ "type": "Feature", "properties": { "index": "994", "last_edit_year": 2024, "years_since_edit": 2, "label": "1.5–2.5 yr", "color": "#9e9ac8" }, "geometry": { "type": "Point", "coordinates": [ 3.8845598, 43.6019093 ] } },
{ "type": "Feature", "properties": { "index": "995", "last_edit_year": 2024, "years_since_edit": 2, "label": "1.5–2.5 yr", "color": "#9e9ac8" }, "geometry": { "type": "Point", "coordinates": [ 3.884665, 43.6019601 ] } },
{ "type": "Feature", "properties": { "index": "996", "last_edit_year": 2024, "years_since_edit": 2, "label": "1.5–2.5 yr", "color": "#9e9ac8" }, "geometry": { "type": "Point", "coordinates": [ 3.8791674, 43.604638 ] } },
{ "type": "Feature", "properties": { "index": "997", "last_edit_year": 2024, "years_since_edit": 2, "label": "1.5–2.5 yr", "color": "#9e9ac8" }, "geometry": { "type": "Point", "coordinates": [ 3.8788852, 43.604667 ] } },
{ "type": "Feature", "properties": { "index": "998", "last_edit_year": 2024, "years_since_edit": 2, "label": "1.5–2.5 yr", "color": "#9e9ac8" }, "geometry": { "type": "Point", "coordinates": [ 3.8790573, 43.6047897 ] } },
{ "type": "Feature", "properties": { "index": "999", "last_edit_year": 2024, "years_since_edit": 2, "label": "1.5–2.5 yr", "color": "#9e9ac8" }, "geometry": { "type": "Point", "coordinates": [ 3.8758213, 43.6051434 ] } },
{ "type": "Feature", "properties": { "index": "1000", "last_edit_year": 2024, "years_since_edit": 2, "label": "1.5–2.5 yr", "color": "#9e9ac8" }, "geometry": { "type": "Point", "coordinates": [ 3.8778462, 43.6066473 ] } },
{ "type": "Feature", "properties": { "index": "1001", "last_edit_year": 2024, "years_since_edit": 2, "label": "1.5–2.5 yr", "color": "#9e9ac8" }, "geometry": { "type": "Point", "coordinates": [ 3.8822014, 43.6068882 ] } },
{ "type": "Feature", "properties": { "index": "1002", "last_edit_year": 2025, "years_since_edit": 1, "label": "0.5–1.5 yr", "color": "#cbc9e2" }, "geometry": { "type": "Point", "coordinates": [ 3.8821863, 43.6069788 ] } },
{ "type": "Feature", "properties": { "index": "1003", "last_edit_year": 2024, "years_since_edit": 2, "label": "1.5–2.5 yr", "color": "#9e9ac8" }, "geometry": { "type": "Point", "coordinates": [ 3.8775626, 43.6053728 ] } },
{ "type": "Feature", "properties": { "index": "1004", "last_edit_year": 2024, "years_since_edit": 2, "label": "1.5–2.5 yr", "color": "#9e9ac8" }, "geometry": { "type": "Point", "coordinates": [ 3.8776658, 43.6054058 ] } },
{ "type": "Feature", "properties": { "index": "1005", "last_edit_year": 2024, "years_since_edit": 2, "label": "1.5–2.5 yr", "color": "#9e9ac8" }, "geometry": { "type": "Point", "coordinates": [ 3.8773168, 43.6055407 ] } },
{ "type": "Feature", "properties": { "index": "1006", "last_edit_year": 2024, "years_since_edit": 2, "label": "1.5–2.5 yr", "color": "#9e9ac8" }, "geometry": { "type": "Point", "coordinates": [ 3.8765294, 43.6055508 ] } },
{ "type": "Feature", "properties": { "index": "1007", "last_edit_year": 2024, "years_since_edit": 2, "label": "1.5–2.5 yr", "color": "#9e9ac8" }, "geometry": { "type": "Point", "coordinates": [ 3.8768486, 43.6058198 ] } },
{ "type": "Feature", "properties": { "index": "1008", "last_edit_year": 2024, "years_since_edit": 2, "label": "1.5–2.5 yr", "color": "#9e9ac8" }, "geometry": { "type": "Point", "coordinates": [ 3.8768787, 43.6059036 ] } },
{ "type": "Feature", "properties": { "index": "1009", "last_edit_year": 2024, "years_since_edit": 2, "label": "1.5–2.5 yr", "color": "#9e9ac8" }, "geometry": { "type": "Point", "coordinates": [ 3.8763712, 43.6062564 ] } },
{ "type": "Feature", "properties": { "index": "1010", "last_edit_year": 2024, "years_since_edit": 2, "label": "1.5–2.5 yr", "color": "#9e9ac8" }, "geometry": { "type": "Point", "coordinates": [ 3.8720562, 43.6064609 ] } },
{ "type": "Feature", "properties": { "index": "1011", "last_edit_year": 2025, "years_since_edit": 1, "label": "0.5–1.5 yr", "color": "#cbc9e2" }, "geometry": { "type": "Point", "coordinates": [ 3.872938, 43.6076598 ] } },
{ "type": "Feature", "properties": { "index": "1012", "last_edit_year": 2025, "years_since_edit": 1, "label": "0.5–1.5 yr", "color": "#cbc9e2" }, "geometry": { "type": "Point", "coordinates": [ 3.8725081, 43.609377 ] } },
{ "type": "Feature", "properties": { "index": "1013", "last_edit_year": 2024, "years_since_edit": 2, "label": "1.5–2.5 yr", "color": "#9e9ac8" }, "geometry": { "type": "Point", "coordinates": [ 3.8680216, 43.6027445 ] } },
{ "type": "Feature", "properties": { "index": "1014", "last_edit_year": 2024, "years_since_edit": 2, "label": "1.5–2.5 yr", "color": "#9e9ac8" }, "geometry": { "type": "Point", "coordinates": [ 3.8677552, 43.6032652 ] } },
{ "type": "Feature", "properties": { "index": "1015", "last_edit_year": 2024, "years_since_edit": 2, "label": "1.5–2.5 yr", "color": "#9e9ac8" }, "geometry": { "type": "Point", "coordinates": [ 3.8678719, 43.6036586 ] } },
{ "type": "Feature", "properties": { "index": "1016", "last_edit_year": 2024, "years_since_edit": 2, "label": "1.5–2.5 yr", "color": "#9e9ac8" }, "geometry": { "type": "Point", "coordinates": [ 3.8680172, 43.603702 ] } },
{ "type": "Feature", "properties": { "index": "1017", "last_edit_year": 2024, "years_since_edit": 2, "label": "1.5–2.5 yr", "color": "#9e9ac8" }, "geometry": { "type": "Point", "coordinates": [ 3.8680055, 43.603764 ] } },
{ "type": "Feature", "properties": { "index": "1018", "last_edit_year": 2024, "years_since_edit": 2, "label": "1.5–2.5 yr", "color": "#9e9ac8" }, "geometry": { "type": "Point", "coordinates": [ 3.8677328, 43.6035544 ] } },
{ "type": "Feature", "properties": { "index": "1019", "last_edit_year": 2025, "years_since_edit": 1, "label": "0.5–1.5 yr", "color": "#cbc9e2" }, "geometry": { "type": "Point", "coordinates": [ 3.8677605, 43.6037194 ] } },
{ "type": "Feature", "properties": { "index": "1020", "last_edit_year": 2024, "years_since_edit": 2, "label": "1.5–2.5 yr", "color": "#9e9ac8" }, "geometry": { "type": "Point", "coordinates": [ 3.8675322, 43.6048226 ] } },
{ "type": "Feature", "properties": { "index": "1021", "last_edit_year": 2024, "years_since_edit": 2, "label": "1.5–2.5 yr", "color": "#9e9ac8" }, "geometry": { "type": "Point", "coordinates": [ 3.8679021, 43.6032442 ] } },
{ "type": "Feature", "properties": { "index": "1022", "last_edit_year": 2024, "years_since_edit": 2, "label": "1.5–2.5 yr", "color": "#9e9ac8" }, "geometry": { "type": "Point", "coordinates": [ 3.881712, 43.6036471 ] } },
{ "type": "Feature", "properties": { "index": "1023", "last_edit_year": 2024, "years_since_edit": 2, "label": "1.5–2.5 yr", "color": "#9e9ac8" }, "geometry": { "type": "Point", "coordinates": [ 3.8862313, 43.6047624 ] } },
{ "type": "Feature", "properties": { "index": "1024", "last_edit_year": 2024, "years_since_edit": 2, "label": "1.5–2.5 yr", "color": "#9e9ac8" }, "geometry": { "type": "Point", "coordinates": [ 3.8863137, 43.6047938 ] } },
{ "type": "Feature", "properties": { "index": "1025", "last_edit_year": 2024, "years_since_edit": 2, "label": "1.5–2.5 yr", "color": "#9e9ac8" }, "geometry": { "type": "Point", "coordinates": [ 3.8861972, 43.6048148 ] } },
{ "type": "Feature", "properties": { "index": "1026", "last_edit_year": 2024, "years_since_edit": 2, "label": "1.5–2.5 yr", "color": "#9e9ac8" }, "geometry": { "type": "Point", "coordinates": [ 3.8862639, 43.6048423 ] } },
{ "type": "Feature", "properties": { "index": "1027", "last_edit_year": 2024, "years_since_edit": 2, "label": "1.5–2.5 yr", "color": "#9e9ac8" }, "geometry": { "type": "Point", "coordinates": [ 3.8863771, 43.6051646 ] } },
{ "type": "Feature", "properties": { "index": "1028", "last_edit_year": 2024, "years_since_edit": 2, "label": "1.5–2.5 yr", "color": "#9e9ac8" }, "geometry": { "type": "Point", "coordinates": [ 3.8743933, 43.617241 ] } },
{ "type": "Feature", "properties": { "index": "1029", "last_edit_year": 2024, "years_since_edit": 2, "label": "1.5–2.5 yr", "color": "#9e9ac8" }, "geometry": { "type": "Point", "coordinates": [ 3.9019348, 43.6193211 ] } },
{ "type": "Feature", "properties": { "index": "1030", "last_edit_year": 2024, "years_since_edit": 2, "label": "1.5–2.5 yr", "color": "#9e9ac8" }, "geometry": { "type": "Point", "coordinates": [ 3.9000817, 43.6193495 ] } },
{ "type": "Feature", "properties": { "index": "1031", "last_edit_year": 2024, "years_since_edit": 2, "label": "1.5–2.5 yr", "color": "#9e9ac8" }, "geometry": { "type": "Point", "coordinates": [ 3.8705225, 43.6220666 ] } },
{ "type": "Feature", "properties": { "index": "1032", "last_edit_year": 2024, "years_since_edit": 2, "label": "1.5–2.5 yr", "color": "#9e9ac8" }, "geometry": { "type": "Point", "coordinates": [ 3.8700766, 43.621954 ] } },
{ "type": "Feature", "properties": { "index": "1033", "last_edit_year": 2025, "years_since_edit": 1, "label": "0.5–1.5 yr", "color": "#cbc9e2" }, "geometry": { "type": "Point", "coordinates": [ 3.8698981, 43.6219759 ] } },
{ "type": "Feature", "properties": { "index": "1034", "last_edit_year": 2024, "years_since_edit": 2, "label": "1.5–2.5 yr", "color": "#9e9ac8" }, "geometry": { "type": "Point", "coordinates": [ 3.8687241, 43.6216303 ] } },
{ "type": "Feature", "properties": { "index": "1035", "last_edit_year": 2024, "years_since_edit": 2, "label": "1.5–2.5 yr", "color": "#9e9ac8" }, "geometry": { "type": "Point", "coordinates": [ 3.8701874, 43.6061713 ] } },
{ "type": "Feature", "properties": { "index": "1036", "last_edit_year": 2024, "years_since_edit": 2, "label": "1.5–2.5 yr", "color": "#9e9ac8" }, "geometry": { "type": "Point", "coordinates": [ 3.8712523, 43.6056417 ] } },
{ "type": "Feature", "properties": { "index": "1037", "last_edit_year": 2023, "years_since_edit": 3, "label": "2.5–6.5 yr", "color": "#756bb1" }, "geometry": { "type": "Point", "coordinates": [ 3.8723468, 43.606408 ] } },
{ "type": "Feature", "properties": { "index": "1038", "last_edit_year": 2025, "years_since_edit": 1, "label": "0.5–1.5 yr", "color": "#cbc9e2" }, "geometry": { "type": "Point", "coordinates": [ 3.8736169, 43.6056777 ] } },
{ "type": "Feature", "properties": { "index": "1039", "last_edit_year": 2024, "years_since_edit": 2, "label": "1.5–2.5 yr", "color": "#9e9ac8" }, "geometry": { "type": "Point", "coordinates": [ 3.8694399, 43.6073246 ] } },
{ "type": "Feature", "properties": { "index": "1040", "last_edit_year": 2023, "years_since_edit": 3, "label": "2.5–6.5 yr", "color": "#756bb1" }, "geometry": { "type": "Point", "coordinates": [ 3.8707866, 43.6059292 ] } },
{ "type": "Feature", "properties": { "index": "1041", "last_edit_year": 2024, "years_since_edit": 2, "label": "1.5–2.5 yr", "color": "#9e9ac8" }, "geometry": { "type": "Point", "coordinates": [ 3.8729138, 43.6060268 ] } },
{ "type": "Feature", "properties": { "index": "1042", "last_edit_year": 2023, "years_since_edit": 3, "label": "2.5–6.5 yr", "color": "#756bb1" }, "geometry": { "type": "Point", "coordinates": [ 3.8729666, 43.6060798 ] } },
{ "type": "Feature", "properties": { "index": "1043", "last_edit_year": 2023, "years_since_edit": 3, "label": "2.5–6.5 yr", "color": "#756bb1" }, "geometry": { "type": "Point", "coordinates": [ 3.8721161, 43.6065262 ] } },
{ "type": "Feature", "properties": { "index": "1044", "last_edit_year": 2024, "years_since_edit": 2, "label": "1.5–2.5 yr", "color": "#9e9ac8" }, "geometry": { "type": "Point", "coordinates": [ 3.8693936, 43.60714 ] } },
{ "type": "Feature", "properties": { "index": "1045", "last_edit_year": 2024, "years_since_edit": 2, "label": "1.5–2.5 yr", "color": "#9e9ac8" }, "geometry": { "type": "Point", "coordinates": [ 3.8693245, 43.6071666 ] } },
{ "type": "Feature", "properties": { "index": "1046", "last_edit_year": 2017, "years_since_edit": 9, "label": "6.5–14.0 yr", "color": "#54278f" }, "geometry": { "type": "Point", "coordinates": [ 3.870891, 43.6069847 ] } },
{ "type": "Feature", "properties": { "index": "1047", "last_edit_year": 2024, "years_since_edit": 2, "label": "1.5–2.5 yr", "color": "#9e9ac8" }, "geometry": { "type": "Point", "coordinates": [ 3.8709258, 43.607021 ] } },
{ "type": "Feature", "properties": { "index": "1048", "last_edit_year": 2023, "years_since_edit": 3, "label": "2.5–6.5 yr", "color": "#756bb1" }, "geometry": { "type": "Point", "coordinates": [ 3.8729923, 43.606106 ] } },
{ "type": "Feature", "properties": { "index": "1049", "last_edit_year": 2024, "years_since_edit": 2, "label": "1.5–2.5 yr", "color": "#9e9ac8" }, "geometry": { "type": "Point", "coordinates": [ 3.8700775, 43.6061606 ] } },
{ "type": "Feature", "properties": { "index": "1050", "last_edit_year": 2025, "years_since_edit": 1, "label": "0.5–1.5 yr", "color": "#cbc9e2" }, "geometry": { "type": "Point", "coordinates": [ 3.8723726, 43.6064309 ] } },
{ "type": "Feature", "properties": { "index": "1051", "last_edit_year": 2024, "years_since_edit": 2, "label": "1.5–2.5 yr", "color": "#9e9ac8" }, "geometry": { "type": "Point", "coordinates": [ 3.8696059, 43.6076809 ] } },
{ "type": "Feature", "properties": { "index": "1052", "last_edit_year": 2024, "years_since_edit": 2, "label": "1.5–2.5 yr", "color": "#9e9ac8" }, "geometry": { "type": "Point", "coordinates": [ 3.8774514, 43.6029557 ] } },
{ "type": "Feature", "properties": { "index": "1053", "last_edit_year": 2025, "years_since_edit": 1, "label": "0.5–1.5 yr", "color": "#cbc9e2" }, "geometry": { "type": "Point", "coordinates": [ 3.8674759, 43.6128717 ] } },
{ "type": "Feature", "properties": { "index": "1054", "last_edit_year": 2024, "years_since_edit": 2, "label": "1.5–2.5 yr", "color": "#9e9ac8" }, "geometry": { "type": "Point", "coordinates": [ 3.8685183, 43.6131895 ] } },
{ "type": "Feature", "properties": { "index": "1055", "last_edit_year": 2024, "years_since_edit": 2, "label": "1.5–2.5 yr", "color": "#9e9ac8" }, "geometry": { "type": "Point", "coordinates": [ 3.8685775, 43.61402 ] } },
{ "type": "Feature", "properties": { "index": "1056", "last_edit_year": 2024, "years_since_edit": 2, "label": "1.5–2.5 yr", "color": "#9e9ac8" }, "geometry": { "type": "Point", "coordinates": [ 3.8694051, 43.6147378 ] } },
{ "type": "Feature", "properties": { "index": "1057", "last_edit_year": 2026, "years_since_edit": 0, "label": "0.0–0.5 yr", "color": "#f2f0f7" }, "geometry": { "type": "Point", "coordinates": [ 3.8673649, 43.6127497 ] } },
{ "type": "Feature", "properties": { "index": "1058", "last_edit_year": 2024, "years_since_edit": 2, "label": "1.5–2.5 yr", "color": "#9e9ac8" }, "geometry": { "type": "Point", "coordinates": [ 3.8677978, 43.6132654 ] } },
{ "type": "Feature", "properties": { "index": "1059", "last_edit_year": 2024, "years_since_edit": 2, "label": "1.5–2.5 yr", "color": "#9e9ac8" }, "geometry": { "type": "Point", "coordinates": [ 3.867933, 43.6133102 ] } },
{ "type": "Feature", "properties": { "index": "1060", "last_edit_year": 2025, "years_since_edit": 1, "label": "0.5–1.5 yr", "color": "#cbc9e2" }, "geometry": { "type": "Point", "coordinates": [ 3.8685257, 43.613134 ] } },
{ "type": "Feature", "properties": { "index": "1061", "last_edit_year": 2024, "years_since_edit": 2, "label": "1.5–2.5 yr", "color": "#9e9ac8" }, "geometry": { "type": "Point", "coordinates": [ 3.8679388, 43.6132319 ] } },
{ "type": "Feature", "properties": { "index": "1062", "last_edit_year": 2025, "years_since_edit": 1, "label": "0.5–1.5 yr", "color": "#cbc9e2" }, "geometry": { "type": "Point", "coordinates": [ 3.8695322, 43.6168461 ] } },
{ "type": "Feature", "properties": { "index": "1063", "last_edit_year": 2024, "years_since_edit": 2, "label": "1.5–2.5 yr", "color": "#9e9ac8" }, "geometry": { "type": "Point", "coordinates": [ 3.8724608, 43.6222934 ] } },
{ "type": "Feature", "properties": { "index": "1064", "last_edit_year": 2023, "years_since_edit": 3, "label": "2.5–6.5 yr", "color": "#756bb1" }, "geometry": { "type": "Point", "coordinates": [ 3.8724242, 43.6223741 ] } },
{ "type": "Feature", "properties": { "index": "1065", "last_edit_year": 2024, "years_since_edit": 2, "label": "1.5–2.5 yr", "color": "#9e9ac8" }, "geometry": { "type": "Point", "coordinates": [ 3.8729027, 43.622867 ] } },
{ "type": "Feature", "properties": { "index": "1066", "last_edit_year": 2025, "years_since_edit": 1, "label": "0.5–1.5 yr", "color": "#cbc9e2" }, "geometry": { "type": "Point", "coordinates": [ 3.8723601, 43.623028 ] } },
{ "type": "Feature", "properties": { "index": "1067", "last_edit_year": 2024, "years_since_edit": 2, "label": "1.5–2.5 yr", "color": "#9e9ac8" }, "geometry": { "type": "Point", "coordinates": [ 3.8700868, 43.6219211 ] } },
{ "type": "Feature", "properties": { "index": "1068", "last_edit_year": 2025, "years_since_edit": 1, "label": "0.5–1.5 yr", "color": "#cbc9e2" }, "geometry": { "type": "Point", "coordinates": [ 3.8724548, 43.6227298 ] } },
{ "type": "Feature", "properties": { "index": "1069", "last_edit_year": 2025, "years_since_edit": 1, "label": "0.5–1.5 yr", "color": "#cbc9e2" }, "geometry": { "type": "Point", "coordinates": [ 3.8718554, 43.6237799 ] } },
{ "type": "Feature", "properties": { "index": "1070", "last_edit_year": 2024, "years_since_edit": 2, "label": "1.5–2.5 yr", "color": "#9e9ac8" }, "geometry": { "type": "Point", "coordinates": [ 3.8744757, 43.6217735 ] } },
{ "type": "Feature", "properties": { "index": "1071", "last_edit_year": 2024, "years_since_edit": 2, "label": "1.5–2.5 yr", "color": "#9e9ac8" }, "geometry": { "type": "Point", "coordinates": [ 3.8705425, 43.6220264 ] } },
{ "type": "Feature", "properties": { "index": "1072", "last_edit_year": 2025, "years_since_edit": 1, "label": "0.5–1.5 yr", "color": "#cbc9e2" }, "geometry": { "type": "Point", "coordinates": [ 3.871391, 43.6221864 ] } },
{ "type": "Feature", "properties": { "index": "1073", "last_edit_year": 2025, "years_since_edit": 1, "label": "0.5–1.5 yr", "color": "#cbc9e2" }, "geometry": { "type": "Point", "coordinates": [ 3.8721387, 43.6221218 ] } },
{ "type": "Feature", "properties": { "index": "1074", "last_edit_year": 2024, "years_since_edit": 2, "label": "1.5–2.5 yr", "color": "#9e9ac8" }, "geometry": { "type": "Point", "coordinates": [ 3.8809611, 43.6156785 ] } },
{ "type": "Feature", "properties": { "index": "1075", "last_edit_year": 2024, "years_since_edit": 2, "label": "1.5–2.5 yr", "color": "#9e9ac8" }, "geometry": { "type": "Point", "coordinates": [ 3.8803666, 43.6162885 ] } },
{ "type": "Feature", "properties": { "index": "1076", "last_edit_year": 2024, "years_since_edit": 2, "label": "1.5–2.5 yr", "color": "#9e9ac8" }, "geometry": { "type": "Point", "coordinates": [ 3.8794035, 43.6163691 ] } },
{ "type": "Feature", "properties": { "index": "1077", "last_edit_year": 2024, "years_since_edit": 2, "label": "1.5–2.5 yr", "color": "#9e9ac8" }, "geometry": { "type": "Point", "coordinates": [ 3.8766819, 43.6172972 ] } },
{ "type": "Feature", "properties": { "index": "1078", "last_edit_year": 2023, "years_since_edit": 3, "label": "2.5–6.5 yr", "color": "#756bb1" }, "geometry": { "type": "Point", "coordinates": [ 3.8754364, 43.617794 ] } },
{ "type": "Feature", "properties": { "index": "1079", "last_edit_year": 2024, "years_since_edit": 2, "label": "1.5–2.5 yr", "color": "#9e9ac8" }, "geometry": { "type": "Point", "coordinates": [ 3.8749901, 43.6182601 ] } },
{ "type": "Feature", "properties": { "index": "1080", "last_edit_year": 2024, "years_since_edit": 2, "label": "1.5–2.5 yr", "color": "#9e9ac8" }, "geometry": { "type": "Point", "coordinates": [ 3.8734136, 43.6188377 ] } },
{ "type": "Feature", "properties": { "index": "1081", "last_edit_year": 2024, "years_since_edit": 2, "label": "1.5–2.5 yr", "color": "#9e9ac8" }, "geometry": { "type": "Point", "coordinates": [ 3.8696529, 43.6225085 ] } },
{ "type": "Feature", "properties": { "index": "1082", "last_edit_year": 2024, "years_since_edit": 2, "label": "1.5–2.5 yr", "color": "#9e9ac8" }, "geometry": { "type": "Point", "coordinates": [ 3.8695602, 43.6225335 ] } },
{ "type": "Feature", "properties": { "index": "1083", "last_edit_year": 2026, "years_since_edit": 0, "label": "0.0–0.5 yr", "color": "#f2f0f7" }, "geometry": { "type": "Point", "coordinates": [ 3.8794979, 43.6163745 ] } },
{ "type": "Feature", "properties": { "index": "1084", "last_edit_year": 2024, "years_since_edit": 2, "label": "1.5–2.5 yr", "color": "#9e9ac8" }, "geometry": { "type": "Point", "coordinates": [ 3.8806954, 43.6164456 ] } },
{ "type": "Feature", "properties": { "index": "1085", "last_edit_year": 2024, "years_since_edit": 2, "label": "1.5–2.5 yr", "color": "#9e9ac8" }, "geometry": { "type": "Point", "coordinates": [ 3.8806521, 43.61653 ] } },
{ "type": "Feature", "properties": { "index": "1086", "last_edit_year": 2024, "years_since_edit": 2, "label": "1.5–2.5 yr", "color": "#9e9ac8" }, "geometry": { "type": "Point", "coordinates": [ 3.8788875, 43.6165472 ] } },
{ "type": "Feature", "properties": { "index": "1087", "last_edit_year": 2024, "years_since_edit": 2, "label": "1.5–2.5 yr", "color": "#9e9ac8" }, "geometry": { "type": "Point", "coordinates": [ 3.8787633, 43.6165901 ] } },
{ "type": "Feature", "properties": { "index": "1088", "last_edit_year": 2024, "years_since_edit": 2, "label": "1.5–2.5 yr", "color": "#9e9ac8" }, "geometry": { "type": "Point", "coordinates": [ 3.8766016, 43.6172476 ] } },
{ "type": "Feature", "properties": { "index": "1089", "last_edit_year": 2024, "years_since_edit": 2, "label": "1.5–2.5 yr", "color": "#9e9ac8" }, "geometry": { "type": "Point", "coordinates": [ 3.8756582, 43.6175642 ] } },
{ "type": "Feature", "properties": { "index": "1090", "last_edit_year": 2024, "years_since_edit": 2, "label": "1.5–2.5 yr", "color": "#9e9ac8" }, "geometry": { "type": "Point", "coordinates": [ 3.880682, 43.6159688 ] } },
{ "type": "Feature", "properties": { "index": "1091", "last_edit_year": 2024, "years_since_edit": 2, "label": "1.5–2.5 yr", "color": "#9e9ac8" }, "geometry": { "type": "Point", "coordinates": [ 3.8805585, 43.6164615 ] } },
{ "type": "Feature", "properties": { "index": "1092", "last_edit_year": 2024, "years_since_edit": 2, "label": "1.5–2.5 yr", "color": "#9e9ac8" }, "geometry": { "type": "Point", "coordinates": [ 3.8805333, 43.6165281 ] } },
{ "type": "Feature", "properties": { "index": "1093", "last_edit_year": 2024, "years_since_edit": 2, "label": "1.5–2.5 yr", "color": "#9e9ac8" }, "geometry": { "type": "Point", "coordinates": [ 3.8787971, 43.6165299 ] } },
{ "type": "Feature", "properties": { "index": "1094", "last_edit_year": 2026, "years_since_edit": 0, "label": "0.0–0.5 yr", "color": "#f2f0f7" }, "geometry": { "type": "Point", "coordinates": [ 3.8800586, 43.6161429 ] } },
{ "type": "Feature", "properties": { "index": "1095", "last_edit_year": 2026, "years_since_edit": 0, "label": "0.0–0.5 yr", "color": "#f2f0f7" }, "geometry": { "type": "Point", "coordinates": [ 3.8801448, 43.6161343 ] } },
{ "type": "Feature", "properties": { "index": "1096", "last_edit_year": 2024, "years_since_edit": 2, "label": "1.5–2.5 yr", "color": "#9e9ac8" }, "geometry": { "type": "Point", "coordinates": [ 3.8794103, 43.6163172 ] } },
{ "type": "Feature", "properties": { "index": "1097", "last_edit_year": 2024, "years_since_edit": 2, "label": "1.5–2.5 yr", "color": "#9e9ac8" }, "geometry": { "type": "Point", "coordinates": [ 3.8782803, 43.6167568 ] } },
{ "type": "Feature", "properties": { "index": "1098", "last_edit_year": 2024, "years_since_edit": 2, "label": "1.5–2.5 yr", "color": "#9e9ac8" }, "geometry": { "type": "Point", "coordinates": [ 3.8777462, 43.6169343 ] } },
{ "type": "Feature", "properties": { "index": "1099", "last_edit_year": 2026, "years_since_edit": 0, "label": "0.0–0.5 yr", "color": "#f2f0f7" }, "geometry": { "type": "Point", "coordinates": [ 3.8765917, 43.61729 ] } },
{ "type": "Feature", "properties": { "index": "1100", "last_edit_year": 2024, "years_since_edit": 2, "label": "1.5–2.5 yr", "color": "#9e9ac8" }, "geometry": { "type": "Point", "coordinates": [ 3.8758893, 43.6175144 ] } },
{ "type": "Feature", "properties": { "index": "1101", "last_edit_year": 2024, "years_since_edit": 2, "label": "1.5–2.5 yr", "color": "#9e9ac8" }, "geometry": { "type": "Point", "coordinates": [ 3.8741145, 43.6177218 ] } },
{ "type": "Feature", "properties": { "index": "1102", "last_edit_year": 2024, "years_since_edit": 2, "label": "1.5–2.5 yr", "color": "#9e9ac8" }, "geometry": { "type": "Point", "coordinates": [ 3.8735113, 43.6187266 ] } },
{ "type": "Feature", "properties": { "index": "1103", "last_edit_year": 2026, "years_since_edit": 0, "label": "0.0–0.5 yr", "color": "#f2f0f7" }, "geometry": { "type": "Point", "coordinates": [ 3.8800728, 43.616095 ] } },
{ "type": "Feature", "properties": { "index": "1104", "last_edit_year": 2026, "years_since_edit": 0, "label": "0.0–0.5 yr", "color": "#f2f0f7" }, "geometry": { "type": "Point", "coordinates": [ 3.8801503, 43.6161113 ] } },
{ "type": "Feature", "properties": { "index": "1105", "last_edit_year": 2024, "years_since_edit": 2, "label": "1.5–2.5 yr", "color": "#9e9ac8" }, "geometry": { "type": "Point", "coordinates": [ 3.8788299, 43.616599 ] } },
{ "type": "Feature", "properties": { "index": "1106", "last_edit_year": 2024, "years_since_edit": 2, "label": "1.5–2.5 yr", "color": "#9e9ac8" }, "geometry": { "type": "Point", "coordinates": [ 3.8759923, 43.6175274 ] } },
{ "type": "Feature", "properties": { "index": "1107", "last_edit_year": 2024, "years_since_edit": 2, "label": "1.5–2.5 yr", "color": "#9e9ac8" }, "geometry": { "type": "Point", "coordinates": [ 3.878358, 43.6167688 ] } },
{ "type": "Feature", "properties": { "index": "1108", "last_edit_year": 2026, "years_since_edit": 0, "label": "0.0–0.5 yr", "color": "#f2f0f7" }, "geometry": { "type": "Point", "coordinates": [ 3.8794997, 43.6163359 ] } },
{ "type": "Feature", "properties": { "index": "1109", "last_edit_year": 2024, "years_since_edit": 2, "label": "1.5–2.5 yr", "color": "#9e9ac8" }, "geometry": { "type": "Point", "coordinates": [ 3.8736661, 43.6182921 ] } },
{ "type": "Feature", "properties": { "index": "1110", "last_edit_year": 2024, "years_since_edit": 2, "label": "1.5–2.5 yr", "color": "#9e9ac8" }, "geometry": { "type": "Point", "coordinates": [ 3.8734248, 43.6188006 ] } },
{ "type": "Feature", "properties": { "index": "1111", "last_edit_year": 2023, "years_since_edit": 3, "label": "2.5–6.5 yr", "color": "#756bb1" }, "geometry": { "type": "Point", "coordinates": [ 3.8733437, 43.6197218 ] } },
{ "type": "Feature", "properties": { "index": "1112", "last_edit_year": 2025, "years_since_edit": 1, "label": "0.5–1.5 yr", "color": "#cbc9e2" }, "geometry": { "type": "Point", "coordinates": [ 3.8684549, 43.6222655 ] } },
{ "type": "Feature", "properties": { "index": "1113", "last_edit_year": 2025, "years_since_edit": 1, "label": "0.5–1.5 yr", "color": "#cbc9e2" }, "geometry": { "type": "Point", "coordinates": [ 3.8804056, 43.6028905 ] } },
{ "type": "Feature", "properties": { "index": "1114", "last_edit_year": 2024, "years_since_edit": 2, "label": "1.5–2.5 yr", "color": "#9e9ac8" }, "geometry": { "type": "Point", "coordinates": [ 3.8946455, 43.6001519 ] } },
{ "type": "Feature", "properties": { "index": "1115", "last_edit_year": 2024, "years_since_edit": 2, "label": "1.5–2.5 yr", "color": "#9e9ac8" }, "geometry": { "type": "Point", "coordinates": [ 3.8753306, 43.6002317 ] } },
{ "type": "Feature", "properties": { "index": "1116", "last_edit_year": 2024, "years_since_edit": 2, "label": "1.5–2.5 yr", "color": "#9e9ac8" }, "geometry": { "type": "Point", "coordinates": [ 3.8945079, 43.6092153 ] } },
{ "type": "Feature", "properties": { "index": "1117", "last_edit_year": 2024, "years_since_edit": 2, "label": "1.5–2.5 yr", "color": "#9e9ac8" }, "geometry": { "type": "Point", "coordinates": [ 3.8944391, 43.6093454 ] } },
{ "type": "Feature", "properties": { "index": "1118", "last_edit_year": 2025, "years_since_edit": 1, "label": "0.5–1.5 yr", "color": "#cbc9e2" }, "geometry": { "type": "Point", "coordinates": [ 3.8940779, 43.6087711 ] } },
{ "type": "Feature", "properties": { "index": "1119", "last_edit_year": 2026, "years_since_edit": 0, "label": "0.0–0.5 yr", "color": "#f2f0f7" }, "geometry": { "type": "Point", "coordinates": [ 3.898281, 43.6231984 ] } },
{ "type": "Feature", "properties": { "index": "1120", "last_edit_year": 2026, "years_since_edit": 0, "label": "0.0–0.5 yr", "color": "#f2f0f7" }, "geometry": { "type": "Point", "coordinates": [ 3.8981677, 43.6232015 ] } },
{ "type": "Feature", "properties": { "index": "1121", "last_edit_year": 2026, "years_since_edit": 0, "label": "0.0–0.5 yr", "color": "#f2f0f7" }, "geometry": { "type": "Point", "coordinates": [ 3.8987356, 43.6237702 ] } },
{ "type": "Feature", "properties": { "index": "1122", "last_edit_year": 2026, "years_since_edit": 0, "label": "0.0–0.5 yr", "color": "#f2f0f7" }, "geometry": { "type": "Point", "coordinates": [ 3.8986586, 43.6237852 ] } },
{ "type": "Feature", "properties": { "index": "1123", "last_edit_year": 2024, "years_since_edit": 2, "label": "1.5–2.5 yr", "color": "#9e9ac8" }, "geometry": { "type": "Point", "coordinates": [ 3.9036787, 43.6117092 ] } },
{ "type": "Feature", "properties": { "index": "1124", "last_edit_year": 2024, "years_since_edit": 2, "label": "1.5–2.5 yr", "color": "#9e9ac8" }, "geometry": { "type": "Point", "coordinates": [ 3.9037171, 43.6118048 ] } },
{ "type": "Feature", "properties": { "index": "1125", "last_edit_year": 2024, "years_since_edit": 2, "label": "1.5–2.5 yr", "color": "#9e9ac8" }, "geometry": { "type": "Point", "coordinates": [ 3.9031052, 43.6127896 ] } },
{ "type": "Feature", "properties": { "index": "1126", "last_edit_year": 2024, "years_since_edit": 2, "label": "1.5–2.5 yr", "color": "#9e9ac8" }, "geometry": { "type": "Point", "coordinates": [ 3.9000609, 43.6103804 ] } },
{ "type": "Feature", "properties": { "index": "1127", "last_edit_year": 2025, "years_since_edit": 1, "label": "0.5–1.5 yr", "color": "#cbc9e2" }, "geometry": { "type": "Point", "coordinates": [ 3.9036232, 43.6107258 ] } },
{ "type": "Feature", "properties": { "index": "1128", "last_edit_year": 2024, "years_since_edit": 2, "label": "1.5–2.5 yr", "color": "#9e9ac8" }, "geometry": { "type": "Point", "coordinates": [ 3.9008367, 43.6113329 ] } },
{ "type": "Feature", "properties": { "index": "1129", "last_edit_year": 2024, "years_since_edit": 2, "label": "1.5–2.5 yr", "color": "#9e9ac8" }, "geometry": { "type": "Point", "coordinates": [ 3.9031714, 43.6115236 ] } },
{ "type": "Feature", "properties": { "index": "1130", "last_edit_year": 2024, "years_since_edit": 2, "label": "1.5–2.5 yr", "color": "#9e9ac8" }, "geometry": { "type": "Point", "coordinates": [ 3.9038318, 43.6077519 ] } },
{ "type": "Feature", "properties": { "index": "1131", "last_edit_year": 2025, "years_since_edit": 1, "label": "0.5–1.5 yr", "color": "#cbc9e2" }, "geometry": { "type": "Point", "coordinates": [ 3.9044173, 43.6105229 ] } },
{ "type": "Feature", "properties": { "index": "1132", "last_edit_year": 2024, "years_since_edit": 2, "label": "1.5–2.5 yr", "color": "#9e9ac8" }, "geometry": { "type": "Point", "coordinates": [ 3.9007281, 43.6114655 ] } },
{ "type": "Feature", "properties": { "index": "1133", "last_edit_year": 2026, "years_since_edit": 0, "label": "0.0–0.5 yr", "color": "#f2f0f7" }, "geometry": { "type": "Point", "coordinates": [ 3.903707, 43.6025123 ] } },
{ "type": "Feature", "properties": { "index": "1134", "last_edit_year": 2026, "years_since_edit": 0, "label": "0.0–0.5 yr", "color": "#f2f0f7" }, "geometry": { "type": "Point", "coordinates": [ 3.904577, 43.6027219 ] } },
{ "type": "Feature", "properties": { "index": "1135", "last_edit_year": 2026, "years_since_edit": 0, "label": "0.0–0.5 yr", "color": "#f2f0f7" }, "geometry": { "type": "Point", "coordinates": [ 3.9044588, 43.6027928 ] } },
{ "type": "Feature", "properties": { "index": "1136", "last_edit_year": 2024, "years_since_edit": 2, "label": "1.5–2.5 yr", "color": "#9e9ac8" }, "geometry": { "type": "Point", "coordinates": [ 3.9031156, 43.6163975 ] } },
{ "type": "Feature", "properties": { "index": "1137", "last_edit_year": 2024, "years_since_edit": 2, "label": "1.5–2.5 yr", "color": "#9e9ac8" }, "geometry": { "type": "Point", "coordinates": [ 3.898306, 43.6118955 ] } },
{ "type": "Feature", "properties": { "index": "1138", "last_edit_year": 2025, "years_since_edit": 1, "label": "0.5–1.5 yr", "color": "#cbc9e2" }, "geometry": { "type": "Point", "coordinates": [ 3.9048989, 43.613534 ] } },
{ "type": "Feature", "properties": { "index": "1139", "last_edit_year": 2024, "years_since_edit": 2, "label": "1.5–2.5 yr", "color": "#9e9ac8" }, "geometry": { "type": "Point", "coordinates": [ 3.90406, 43.6145495 ] } },
{ "type": "Feature", "properties": { "index": "1140", "last_edit_year": 2024, "years_since_edit": 2, "label": "1.5–2.5 yr", "color": "#9e9ac8" }, "geometry": { "type": "Point", "coordinates": [ 3.9032364, 43.616374 ] } },
{ "type": "Feature", "properties": { "index": "1141", "last_edit_year": 2025, "years_since_edit": 1, "label": "0.5–1.5 yr", "color": "#cbc9e2" }, "geometry": { "type": "Point", "coordinates": [ 3.9031481, 43.6055964 ] } },
{ "type": "Feature", "properties": { "index": "1142", "last_edit_year": 2025, "years_since_edit": 1, "label": "0.5–1.5 yr", "color": "#cbc9e2" }, "geometry": { "type": "Point", "coordinates": [ 3.8988078, 43.6076053 ] } },
{ "type": "Feature", "properties": { "index": "1143", "last_edit_year": 2024, "years_since_edit": 2, "label": "1.5–2.5 yr", "color": "#9e9ac8" }, "geometry": { "type": "Point", "coordinates": [ 3.8958489, 43.6004332 ] } },
{ "type": "Feature", "properties": { "index": "1144", "last_edit_year": 2024, "years_since_edit": 2, "label": "1.5–2.5 yr", "color": "#9e9ac8" }, "geometry": { "type": "Point", "coordinates": [ 3.8973707, 43.6007277 ] } },
{ "type": "Feature", "properties": { "index": "1145", "last_edit_year": 2024, "years_since_edit": 2, "label": "1.5–2.5 yr", "color": "#9e9ac8" }, "geometry": { "type": "Point", "coordinates": [ 3.8922012, 43.6050576 ] } },
{ "type": "Feature", "properties": { "index": "1146", "last_edit_year": 2024, "years_since_edit": 2, "label": "1.5–2.5 yr", "color": "#9e9ac8" }, "geometry": { "type": "Point", "coordinates": [ 3.8922721, 43.6050992 ] } },
{ "type": "Feature", "properties": { "index": "1147", "last_edit_year": 2024, "years_since_edit": 2, "label": "1.5–2.5 yr", "color": "#9e9ac8" }, "geometry": { "type": "Point", "coordinates": [ 3.8920064, 43.605116 ] } },
{ "type": "Feature", "properties": { "index": "1148", "last_edit_year": 2025, "years_since_edit": 1, "label": "0.5–1.5 yr", "color": "#cbc9e2" }, "geometry": { "type": "Point", "coordinates": [ 3.8923202, 43.6054317 ] } },
{ "type": "Feature", "properties": { "index": "1149", "last_edit_year": 2026, "years_since_edit": 0, "label": "0.0–0.5 yr", "color": "#f2f0f7" }, "geometry": { "type": "Point", "coordinates": [ 3.8938311, 43.6058416 ] } },
{ "type": "Feature", "properties": { "index": "1150", "last_edit_year": 2026, "years_since_edit": 0, "label": "0.0–0.5 yr", "color": "#f2f0f7" }, "geometry": { "type": "Point", "coordinates": [ 3.894288, 43.6059616 ] } },
{ "type": "Feature", "properties": { "index": "1151", "last_edit_year": 2026, "years_since_edit": 0, "label": "0.0–0.5 yr", "color": "#f2f0f7" }, "geometry": { "type": "Point", "coordinates": [ 3.8940577, 43.6059958 ] } },
{ "type": "Feature", "properties": { "index": "1152", "last_edit_year": 2024, "years_since_edit": 2, "label": "1.5–2.5 yr", "color": "#9e9ac8" }, "geometry": { "type": "Point", "coordinates": [ 3.9023617, 43.6190723 ] } },
{ "type": "Feature", "properties": { "index": "1153", "last_edit_year": 2024, "years_since_edit": 2, "label": "1.5–2.5 yr", "color": "#9e9ac8" }, "geometry": { "type": "Point", "coordinates": [ 3.9011829, 43.6193735 ] } },
{ "type": "Feature", "properties": { "index": "1154", "last_edit_year": 2026, "years_since_edit": 0, "label": "0.0–0.5 yr", "color": "#f2f0f7" }, "geometry": { "type": "Point", "coordinates": [ 3.8986073, 43.6108765 ] } },
{ "type": "Feature", "properties": { "index": "1155", "last_edit_year": 2024, "years_since_edit": 2, "label": "1.5–2.5 yr", "color": "#9e9ac8" }, "geometry": { "type": "Point", "coordinates": [ 3.8981208, 43.6141335 ] } },
{ "type": "Feature", "properties": { "index": "1156", "last_edit_year": 2024, "years_since_edit": 2, "label": "1.5–2.5 yr", "color": "#9e9ac8" }, "geometry": { "type": "Point", "coordinates": [ 3.8868695, 43.6004426 ] } },
{ "type": "Feature", "properties": { "index": "1157", "last_edit_year": 2024, "years_since_edit": 2, "label": "1.5–2.5 yr", "color": "#9e9ac8" }, "geometry": { "type": "Point", "coordinates": [ 3.8864661, 43.6191562 ] } },
{ "type": "Feature", "properties": { "index": "1158", "last_edit_year": 2024, "years_since_edit": 2, "label": "1.5–2.5 yr", "color": "#9e9ac8" }, "geometry": { "type": "Point", "coordinates": [ 3.894678, 43.6104731 ] } },
{ "type": "Feature", "properties": { "index": "1159", "last_edit_year": 2024, "years_since_edit": 2, "label": "1.5–2.5 yr", "color": "#9e9ac8" }, "geometry": { "type": "Point", "coordinates": [ 3.894575, 43.6095413 ] } },
{ "type": "Feature", "properties": { "index": "1160", "last_edit_year": 2024, "years_since_edit": 2, "label": "1.5–2.5 yr", "color": "#9e9ac8" }, "geometry": { "type": "Point", "coordinates": [ 3.8946238, 43.6094856 ] } },
{ "type": "Feature", "properties": { "index": "1161", "last_edit_year": 2024, "years_since_edit": 2, "label": "1.5–2.5 yr", "color": "#9e9ac8" }, "geometry": { "type": "Point", "coordinates": [ 3.8878075, 43.6038502 ] } },
{ "type": "Feature", "properties": { "index": "1162", "last_edit_year": 2024, "years_since_edit": 2, "label": "1.5–2.5 yr", "color": "#9e9ac8" }, "geometry": { "type": "Point", "coordinates": [ 3.8874067, 43.6041014 ] } },
{ "type": "Feature", "properties": { "index": "1163", "last_edit_year": 2024, "years_since_edit": 2, "label": "1.5–2.5 yr", "color": "#9e9ac8" }, "geometry": { "type": "Point", "coordinates": [ 3.8876977, 43.6044619 ] } },
{ "type": "Feature", "properties": { "index": "1164", "last_edit_year": 2024, "years_since_edit": 2, "label": "1.5–2.5 yr", "color": "#9e9ac8" }, "geometry": { "type": "Point", "coordinates": [ 3.8877704, 43.6044946 ] } },
{ "type": "Feature", "properties": { "index": "1165", "last_edit_year": 2024, "years_since_edit": 2, "label": "1.5–2.5 yr", "color": "#9e9ac8" }, "geometry": { "type": "Point", "coordinates": [ 3.8877556, 43.6045292 ] } },
{ "type": "Feature", "properties": { "index": "1166", "last_edit_year": 2024, "years_since_edit": 2, "label": "1.5–2.5 yr", "color": "#9e9ac8" }, "geometry": { "type": "Point", "coordinates": [ 3.8850003, 43.6045417 ] } },
{ "type": "Feature", "properties": { "index": "1167", "last_edit_year": 2024, "years_since_edit": 2, "label": "1.5–2.5 yr", "color": "#9e9ac8" }, "geometry": { "type": "Point", "coordinates": [ 3.8850575, 43.6045728 ] } },
{ "type": "Feature", "properties": { "index": "1168", "last_edit_year": 2024, "years_since_edit": 2, "label": "1.5–2.5 yr", "color": "#9e9ac8" }, "geometry": { "type": "Point", "coordinates": [ 3.8892156, 43.6047482 ] } },
{ "type": "Feature", "properties": { "index": "1169", "last_edit_year": 2024, "years_since_edit": 2, "label": "1.5–2.5 yr", "color": "#9e9ac8" }, "geometry": { "type": "Point", "coordinates": [ 3.8850964, 43.6047624 ] } },
{ "type": "Feature", "properties": { "index": "1170", "last_edit_year": 2024, "years_since_edit": 2, "label": "1.5–2.5 yr", "color": "#9e9ac8" }, "geometry": { "type": "Point", "coordinates": [ 3.8895645, 43.6048555 ] } },
{ "type": "Feature", "properties": { "index": "1171", "last_edit_year": 2024, "years_since_edit": 2, "label": "1.5–2.5 yr", "color": "#9e9ac8" }, "geometry": { "type": "Point", "coordinates": [ 3.8856981, 43.6049202 ] } },
{ "type": "Feature", "properties": { "index": "1172", "last_edit_year": 2024, "years_since_edit": 2, "label": "1.5–2.5 yr", "color": "#9e9ac8" }, "geometry": { "type": "Point", "coordinates": [ 3.8852884, 43.6050016 ] } },
{ "type": "Feature", "properties": { "index": "1173", "last_edit_year": 2024, "years_since_edit": 2, "label": "1.5–2.5 yr", "color": "#9e9ac8" }, "geometry": { "type": "Point", "coordinates": [ 3.8852503, 43.6050416 ] } },
{ "type": "Feature", "properties": { "index": "1174", "last_edit_year": 2024, "years_since_edit": 2, "label": "1.5–2.5 yr", "color": "#9e9ac8" }, "geometry": { "type": "Point", "coordinates": [ 3.8917836, 43.6052803 ] } },
{ "type": "Feature", "properties": { "index": "1175", "last_edit_year": 2025, "years_since_edit": 1, "label": "0.5–1.5 yr", "color": "#cbc9e2" }, "geometry": { "type": "Point", "coordinates": [ 3.8894947, 43.6054473 ] } },
{ "type": "Feature", "properties": { "index": "1176", "last_edit_year": 2025, "years_since_edit": 1, "label": "0.5–1.5 yr", "color": "#cbc9e2" }, "geometry": { "type": "Point", "coordinates": [ 3.889555, 43.6054951 ] } },
{ "type": "Feature", "properties": { "index": "1177", "last_edit_year": 2025, "years_since_edit": 1, "label": "0.5–1.5 yr", "color": "#cbc9e2" }, "geometry": { "type": "Point", "coordinates": [ 3.8894422, 43.6055636 ] } },
{ "type": "Feature", "properties": { "index": "1178", "last_edit_year": 2024, "years_since_edit": 2, "label": "1.5–2.5 yr", "color": "#9e9ac8" }, "geometry": { "type": "Point", "coordinates": [ 3.891916, 43.6056383 ] } },
{ "type": "Feature", "properties": { "index": "1179", "last_edit_year": 2024, "years_since_edit": 2, "label": "1.5–2.5 yr", "color": "#9e9ac8" }, "geometry": { "type": "Point", "coordinates": [ 3.8855234, 43.6057441 ] } },
{ "type": "Feature", "properties": { "index": "1180", "last_edit_year": 2024, "years_since_edit": 2, "label": "1.5–2.5 yr", "color": "#9e9ac8" }, "geometry": { "type": "Point", "coordinates": [ 3.8855676, 43.6057963 ] } },
{ "type": "Feature", "properties": { "index": "1181", "last_edit_year": 2024, "years_since_edit": 2, "label": "1.5–2.5 yr", "color": "#9e9ac8" }, "geometry": { "type": "Point", "coordinates": [ 3.8818302, 43.6059266 ] } },
{ "type": "Feature", "properties": { "index": "1182", "last_edit_year": 2024, "years_since_edit": 2, "label": "1.5–2.5 yr", "color": "#9e9ac8" }, "geometry": { "type": "Point", "coordinates": [ 3.8824298, 43.6065698 ] } },
{ "type": "Feature", "properties": { "index": "1183", "last_edit_year": 2024, "years_since_edit": 2, "label": "1.5–2.5 yr", "color": "#9e9ac8" }, "geometry": { "type": "Point", "coordinates": [ 3.8818016, 43.6072155 ] } },
{ "type": "Feature", "properties": { "index": "1184", "last_edit_year": 2024, "years_since_edit": 2, "label": "1.5–2.5 yr", "color": "#9e9ac8" }, "geometry": { "type": "Point", "coordinates": [ 3.8818609, 43.6072311 ] } },
{ "type": "Feature", "properties": { "index": "1185", "last_edit_year": 2024, "years_since_edit": 2, "label": "1.5–2.5 yr", "color": "#9e9ac8" }, "geometry": { "type": "Point", "coordinates": [ 3.8817952, 43.607297 ] } },
{ "type": "Feature", "properties": { "index": "1186", "last_edit_year": 2024, "years_since_edit": 2, "label": "1.5–2.5 yr", "color": "#9e9ac8" }, "geometry": { "type": "Point", "coordinates": [ 3.8818498, 43.6072999 ] } },
{ "type": "Feature", "properties": { "index": "1187", "last_edit_year": 2024, "years_since_edit": 2, "label": "1.5–2.5 yr", "color": "#9e9ac8" }, "geometry": { "type": "Point", "coordinates": [ 3.8829649, 43.60749 ] } },
{ "type": "Feature", "properties": { "index": "1188", "last_edit_year": 2024, "years_since_edit": 2, "label": "1.5–2.5 yr", "color": "#9e9ac8" }, "geometry": { "type": "Point", "coordinates": [ 3.8819873, 43.6076045 ] } },
{ "type": "Feature", "properties": { "index": "1189", "last_edit_year": 2025, "years_since_edit": 1, "label": "0.5–1.5 yr", "color": "#cbc9e2" }, "geometry": { "type": "Point", "coordinates": [ 3.8825233, 43.6076236 ] } },
{ "type": "Feature", "properties": { "index": "1190", "last_edit_year": 2025, "years_since_edit": 1, "label": "0.5–1.5 yr", "color": "#cbc9e2" }, "geometry": { "type": "Point", "coordinates": [ 3.8825971, 43.6076538 ] } },
{ "type": "Feature", "properties": { "index": "1191", "last_edit_year": 2025, "years_since_edit": 1, "label": "0.5–1.5 yr", "color": "#cbc9e2" }, "geometry": { "type": "Point", "coordinates": [ 3.8828802, 43.6081335 ] } },
{ "type": "Feature", "properties": { "index": "1192", "last_edit_year": 2024, "years_since_edit": 2, "label": "1.5–2.5 yr", "color": "#9e9ac8" }, "geometry": { "type": "Point", "coordinates": [ 3.8824495, 43.6082329 ] } },
{ "type": "Feature", "properties": { "index": "1193", "last_edit_year": 2024, "years_since_edit": 2, "label": "1.5–2.5 yr", "color": "#9e9ac8" }, "geometry": { "type": "Point", "coordinates": [ 3.8824125, 43.6082804 ] } },
{ "type": "Feature", "properties": { "index": "1194", "last_edit_year": 2024, "years_since_edit": 2, "label": "1.5–2.5 yr", "color": "#9e9ac8" }, "geometry": { "type": "Point", "coordinates": [ 3.8824843, 43.6082949 ] } },
{ "type": "Feature", "properties": { "index": "1195", "last_edit_year": 2024, "years_since_edit": 2, "label": "1.5–2.5 yr", "color": "#9e9ac8" }, "geometry": { "type": "Point", "coordinates": [ 3.8818496, 43.6083917 ] } },
{ "type": "Feature", "properties": { "index": "1196", "last_edit_year": 2025, "years_since_edit": 1, "label": "0.5–1.5 yr", "color": "#cbc9e2" }, "geometry": { "type": "Point", "coordinates": [ 3.8815628, 43.6085254 ] } },
{ "type": "Feature", "properties": { "index": "1197", "last_edit_year": 2024, "years_since_edit": 2, "label": "1.5–2.5 yr", "color": "#9e9ac8" }, "geometry": { "type": "Point", "coordinates": [ 3.8851417, 43.6018555 ] } },
{ "type": "Feature", "properties": { "index": "1198", "last_edit_year": 2024, "years_since_edit": 2, "label": "1.5–2.5 yr", "color": "#9e9ac8" }, "geometry": { "type": "Point", "coordinates": [ 3.8855289, 43.6020819 ] } },
{ "type": "Feature", "properties": { "index": "1199", "last_edit_year": 2024, "years_since_edit": 2, "label": "1.5–2.5 yr", "color": "#9e9ac8" }, "geometry": { "type": "Point", "coordinates": [ 3.8857105, 43.6021834 ] } },
{ "type": "Feature", "properties": { "index": "1200", "last_edit_year": 2024, "years_since_edit": 2, "label": "1.5–2.5 yr", "color": "#9e9ac8" }, "geometry": { "type": "Point", "coordinates": [ 3.8870935, 43.6028035 ] } },
{ "type": "Feature", "properties": { "index": "1201", "last_edit_year": 2026, "years_since_edit": 0, "label": "0.0–0.5 yr", "color": "#f2f0f7" }, "geometry": { "type": "Point", "coordinates": [ 3.8847216, 43.603141 ] } },
{ "type": "Feature", "properties": { "index": "1202", "last_edit_year": 2024, "years_since_edit": 2, "label": "1.5–2.5 yr", "color": "#9e9ac8" }, "geometry": { "type": "Point", "coordinates": [ 3.8845482, 43.6031867 ] } },
{ "type": "Feature", "properties": { "index": "1203", "last_edit_year": 2024, "years_since_edit": 2, "label": "1.5–2.5 yr", "color": "#9e9ac8" }, "geometry": { "type": "Point", "coordinates": [ 3.8846685, 43.6032713 ] } },
{ "type": "Feature", "properties": { "index": "1204", "last_edit_year": 2024, "years_since_edit": 2, "label": "1.5–2.5 yr", "color": "#9e9ac8" }, "geometry": { "type": "Point", "coordinates": [ 3.8942363, 43.6093244 ] } },
{ "type": "Feature", "properties": { "index": "1205", "last_edit_year": 2023, "years_since_edit": 3, "label": "2.5–6.5 yr", "color": "#756bb1" }, "geometry": { "type": "Point", "coordinates": [ 3.8798418, 43.6056347 ] } },
{ "type": "Feature", "properties": { "index": "1206", "last_edit_year": 2023, "years_since_edit": 3, "label": "2.5–6.5 yr", "color": "#756bb1" }, "geometry": { "type": "Point", "coordinates": [ 3.8798736, 43.6056411 ] } },
{ "type": "Feature", "properties": { "index": "1207", "last_edit_year": 2023, "years_since_edit": 3, "label": "2.5–6.5 yr", "color": "#756bb1" }, "geometry": { "type": "Point", "coordinates": [ 3.8799037, 43.6056308 ] } },
{ "type": "Feature", "properties": { "index": "1208", "last_edit_year": 2021, "years_since_edit": 5, "label": "2.5–6.5 yr", "color": "#756bb1" }, "geometry": { "type": "Point", "coordinates": [ 3.8807934, 43.6119051 ] } },
{ "type": "Feature", "properties": { "index": "1209", "last_edit_year": 2024, "years_since_edit": 2, "label": "1.5–2.5 yr", "color": "#9e9ac8" }, "geometry": { "type": "Point", "coordinates": [ 3.8804574, 43.6137202 ] } },
{ "type": "Feature", "properties": { "index": "1210", "last_edit_year": 2024, "years_since_edit": 2, "label": "1.5–2.5 yr", "color": "#9e9ac8" }, "geometry": { "type": "Point", "coordinates": [ 3.8812718, 43.6147483 ] } },
{ "type": "Feature", "properties": { "index": "1211", "last_edit_year": 2024, "years_since_edit": 2, "label": "1.5–2.5 yr", "color": "#9e9ac8" }, "geometry": { "type": "Point", "coordinates": [ 3.8814231, 43.6148709 ] } },
{ "type": "Feature", "properties": { "index": "1212", "last_edit_year": 2024, "years_since_edit": 2, "label": "1.5–2.5 yr", "color": "#9e9ac8" }, "geometry": { "type": "Point", "coordinates": [ 3.8814052, 43.6148804 ] } },
{ "type": "Feature", "properties": { "index": "1213", "last_edit_year": 2024, "years_since_edit": 2, "label": "1.5–2.5 yr", "color": "#9e9ac8" }, "geometry": { "type": "Point", "coordinates": [ 3.8798657, 43.6167477 ] } },
{ "type": "Feature", "properties": { "index": "1214", "last_edit_year": 2024, "years_since_edit": 2, "label": "1.5–2.5 yr", "color": "#9e9ac8" }, "geometry": { "type": "Point", "coordinates": [ 3.8800018, 43.6168007 ] } },
{ "type": "Feature", "properties": { "index": "1215", "last_edit_year": 2024, "years_since_edit": 2, "label": "1.5–2.5 yr", "color": "#9e9ac8" }, "geometry": { "type": "Point", "coordinates": [ 3.8798907, 43.6168499 ] } },
{ "type": "Feature", "properties": { "index": "1216", "last_edit_year": 2024, "years_since_edit": 2, "label": "1.5–2.5 yr", "color": "#9e9ac8" }, "geometry": { "type": "Point", "coordinates": [ 3.8799777, 43.6168736 ] } },
{ "type": "Feature", "properties": { "index": "1217", "last_edit_year": 2024, "years_since_edit": 2, "label": "1.5–2.5 yr", "color": "#9e9ac8" }, "geometry": { "type": "Point", "coordinates": [ 3.8681657, 43.6000524 ] } },
{ "type": "Feature", "properties": { "index": "1218", "last_edit_year": 2024, "years_since_edit": 2, "label": "1.5–2.5 yr", "color": "#9e9ac8" }, "geometry": { "type": "Point", "coordinates": [ 3.8680599, 43.6000609 ] } },
{ "type": "Feature", "properties": { "index": "1219", "last_edit_year": 2024, "years_since_edit": 2, "label": "1.5–2.5 yr", "color": "#9e9ac8" }, "geometry": { "type": "Point", "coordinates": [ 3.8681435, 43.6001275 ] } },
{ "type": "Feature", "properties": { "index": "1220", "last_edit_year": 2024, "years_since_edit": 2, "label": "1.5–2.5 yr", "color": "#9e9ac8" }, "geometry": { "type": "Point", "coordinates": [ 3.8866609, 43.6091568 ] } },
{ "type": "Feature", "properties": { "index": "1221", "last_edit_year": 2024, "years_since_edit": 2, "label": "1.5–2.5 yr", "color": "#9e9ac8" }, "geometry": { "type": "Point", "coordinates": [ 3.9047062, 43.6067283 ] } },
{ "type": "Feature", "properties": { "index": "1222", "last_edit_year": 2024, "years_since_edit": 2, "label": "1.5–2.5 yr", "color": "#9e9ac8" }, "geometry": { "type": "Point", "coordinates": [ 3.8942045, 43.607475 ] } },
{ "type": "Feature", "properties": { "index": "1223", "last_edit_year": 2022, "years_since_edit": 4, "label": "2.5–6.5 yr", "color": "#756bb1" }, "geometry": { "type": "Point", "coordinates": [ 3.8942102, 43.607514 ] } },
{ "type": "Feature", "properties": { "index": "1224", "last_edit_year": 2025, "years_since_edit": 1, "label": "0.5–1.5 yr", "color": "#cbc9e2" }, "geometry": { "type": "Point", "coordinates": [ 3.894344, 43.6076985 ] } },
{ "type": "Feature", "properties": { "index": "1225", "last_edit_year": 2025, "years_since_edit": 1, "label": "0.5–1.5 yr", "color": "#cbc9e2" }, "geometry": { "type": "Point", "coordinates": [ 3.89435, 43.6077699 ] } },
{ "type": "Feature", "properties": { "index": "1226", "last_edit_year": 2022, "years_since_edit": 4, "label": "2.5–6.5 yr", "color": "#756bb1" }, "geometry": { "type": "Point", "coordinates": [ 3.896271, 43.6066249 ] } },
{ "type": "Feature", "properties": { "index": "1227", "last_edit_year": 2022, "years_since_edit": 4, "label": "2.5–6.5 yr", "color": "#756bb1" }, "geometry": { "type": "Point", "coordinates": [ 3.8968005, 43.6070159 ] } },
{ "type": "Feature", "properties": { "index": "1228", "last_edit_year": 2025, "years_since_edit": 1, "label": "0.5–1.5 yr", "color": "#cbc9e2" }, "geometry": { "type": "Point", "coordinates": [ 3.8942617, 43.6081037 ] } },
{ "type": "Feature", "properties": { "index": "1229", "last_edit_year": 2022, "years_since_edit": 4, "label": "2.5–6.5 yr", "color": "#756bb1" }, "geometry": { "type": "Point", "coordinates": [ 3.896942, 43.6081182 ] } },
{ "type": "Feature", "properties": { "index": "1230", "last_edit_year": 2025, "years_since_edit": 1, "label": "0.5–1.5 yr", "color": "#cbc9e2" }, "geometry": { "type": "Point", "coordinates": [ 3.8942648, 43.6081246 ] } },
{ "type": "Feature", "properties": { "index": "1231", "last_edit_year": 2025, "years_since_edit": 1, "label": "0.5–1.5 yr", "color": "#cbc9e2" }, "geometry": { "type": "Point", "coordinates": [ 3.8942704, 43.6081595 ] } },
{ "type": "Feature", "properties": { "index": "1232", "last_edit_year": 2025, "years_since_edit": 1, "label": "0.5–1.5 yr", "color": "#cbc9e2" }, "geometry": { "type": "Point", "coordinates": [ 3.8942735, 43.6081755 ] } },
{ "type": "Feature", "properties": { "index": "1233", "last_edit_year": 2021, "years_since_edit": 5, "label": "2.5–6.5 yr", "color": "#756bb1" }, "geometry": { "type": "Point", "coordinates": [ 3.8969567, 43.6082538 ] } },
{ "type": "Feature", "properties": { "index": "1234", "last_edit_year": 2025, "years_since_edit": 1, "label": "0.5–1.5 yr", "color": "#cbc9e2" }, "geometry": { "type": "Point", "coordinates": [ 3.8942817, 43.6082679 ] } },
{ "type": "Feature", "properties": { "index": "1235", "last_edit_year": 2026, "years_since_edit": 0, "label": "0.0–0.5 yr", "color": "#f2f0f7" }, "geometry": { "type": "Point", "coordinates": [ 3.8943491, 43.608284 ] } },
{ "type": "Feature", "properties": { "index": "1236", "last_edit_year": 2025, "years_since_edit": 1, "label": "0.5–1.5 yr", "color": "#cbc9e2" }, "geometry": { "type": "Point", "coordinates": [ 3.8942847, 43.6082888 ] } },
{ "type": "Feature", "properties": { "index": "1237", "last_edit_year": 2024, "years_since_edit": 2, "label": "1.5–2.5 yr", "color": "#9e9ac8" }, "geometry": { "type": "Point", "coordinates": [ 3.8975186, 43.618235 ] } },
{ "type": "Feature", "properties": { "index": "1238", "last_edit_year": 2025, "years_since_edit": 1, "label": "0.5–1.5 yr", "color": "#cbc9e2" }, "geometry": { "type": "Point", "coordinates": [ 3.8984279, 43.6221033 ] } },
{ "type": "Feature", "properties": { "index": "1239", "last_edit_year": 2025, "years_since_edit": 1, "label": "0.5–1.5 yr", "color": "#cbc9e2" }, "geometry": { "type": "Point", "coordinates": [ 3.897829, 43.6221895 ] } },
{ "type": "Feature", "properties": { "index": "1240", "last_edit_year": 2025, "years_since_edit": 1, "label": "0.5–1.5 yr", "color": "#cbc9e2" }, "geometry": { "type": "Point", "coordinates": [ 3.8953809, 43.6063357 ] } },
{ "type": "Feature", "properties": { "index": "1241", "last_edit_year": 2024, "years_since_edit": 2, "label": "1.5–2.5 yr", "color": "#9e9ac8" }, "geometry": { "type": "Point", "coordinates": [ 3.8954795, 43.6063969 ] } },
{ "type": "Feature", "properties": { "index": "1242", "last_edit_year": 2024, "years_since_edit": 2, "label": "1.5–2.5 yr", "color": "#9e9ac8" }, "geometry": { "type": "Point", "coordinates": [ 3.895316, 43.6062305 ] } },
{ "type": "Feature", "properties": { "index": "1243", "last_edit_year": 2021, "years_since_edit": 5, "label": "2.5–6.5 yr", "color": "#756bb1" }, "geometry": { "type": "Point", "coordinates": [ 3.8960762, 43.6037531 ] } },
{ "type": "Feature", "properties": { "index": "1244", "last_edit_year": 2023, "years_since_edit": 3, "label": "2.5–6.5 yr", "color": "#756bb1" }, "geometry": { "type": "Point", "coordinates": [ 3.8957846, 43.604003 ] } },
{ "type": "Feature", "properties": { "index": "1245", "last_edit_year": 2021, "years_since_edit": 5, "label": "2.5–6.5 yr", "color": "#756bb1" }, "geometry": { "type": "Point", "coordinates": [ 3.89627, 43.6041661 ] } },
{ "type": "Feature", "properties": { "index": "1246", "last_edit_year": 2023, "years_since_edit": 3, "label": "2.5–6.5 yr", "color": "#756bb1" }, "geometry": { "type": "Point", "coordinates": [ 3.896089, 43.6041892 ] } },
{ "type": "Feature", "properties": { "index": "1247", "last_edit_year": 2023, "years_since_edit": 3, "label": "2.5–6.5 yr", "color": "#756bb1" }, "geometry": { "type": "Point", "coordinates": [ 3.8958774, 43.6041989 ] } },
{ "type": "Feature", "properties": { "index": "1248", "last_edit_year": 2024, "years_since_edit": 2, "label": "1.5–2.5 yr", "color": "#9e9ac8" }, "geometry": { "type": "Point", "coordinates": [ 3.8963209, 43.6042684 ] } },
{ "type": "Feature", "properties": { "index": "1249", "last_edit_year": 2024, "years_since_edit": 2, "label": "1.5–2.5 yr", "color": "#9e9ac8" }, "geometry": { "type": "Point", "coordinates": [ 3.8963189, 43.6043858 ] } },
{ "type": "Feature", "properties": { "index": "1250", "last_edit_year": 2024, "years_since_edit": 2, "label": "1.5–2.5 yr", "color": "#9e9ac8" }, "geometry": { "type": "Point", "coordinates": [ 3.8941839, 43.6066709 ] } },
{ "type": "Feature", "properties": { "index": "1251", "last_edit_year": 2024, "years_since_edit": 2, "label": "1.5–2.5 yr", "color": "#9e9ac8" }, "geometry": { "type": "Point", "coordinates": [ 3.8941724, 43.6067623 ] } },
{ "type": "Feature", "properties": { "index": "1252", "last_edit_year": 2024, "years_since_edit": 2, "label": "1.5–2.5 yr", "color": "#9e9ac8" }, "geometry": { "type": "Point", "coordinates": [ 3.8988561, 43.6014462 ] } },
{ "type": "Feature", "properties": { "index": "1253", "last_edit_year": 2024, "years_since_edit": 2, "label": "1.5–2.5 yr", "color": "#9e9ac8" }, "geometry": { "type": "Point", "coordinates": [ 3.8989978, 43.6015674 ] } },
{ "type": "Feature", "properties": { "index": "1254", "last_edit_year": 2025, "years_since_edit": 1, "label": "0.5–1.5 yr", "color": "#cbc9e2" }, "geometry": { "type": "Point", "coordinates": [ 3.8991083, 43.6015134 ] } },
{ "type": "Feature", "properties": { "index": "1255", "last_edit_year": 2024, "years_since_edit": 2, "label": "1.5–2.5 yr", "color": "#9e9ac8" }, "geometry": { "type": "Point", "coordinates": [ 3.8965544, 43.6043942 ] } },
{ "type": "Feature", "properties": { "index": "1256", "last_edit_year": 2025, "years_since_edit": 1, "label": "0.5–1.5 yr", "color": "#cbc9e2" }, "geometry": { "type": "Point", "coordinates": [ 3.896022, 43.6032968 ] } },
{ "type": "Feature", "properties": { "index": "1257", "last_edit_year": 2015, "years_since_edit": 11, "label": "6.5–14.0 yr", "color": "#54278f" }, "geometry": { "type": "Point", "coordinates": [ 3.89603, 43.6033118 ] } },
{ "type": "Feature", "properties": { "index": "1258", "last_edit_year": 2024, "years_since_edit": 2, "label": "1.5–2.5 yr", "color": "#9e9ac8" }, "geometry": { "type": "Point", "coordinates": [ 3.8964789, 43.6042607 ] } },
{ "type": "Feature", "properties": { "index": "1259", "last_edit_year": 2025, "years_since_edit": 1, "label": "0.5–1.5 yr", "color": "#cbc9e2" }, "geometry": { "type": "Point", "coordinates": [ 3.8969072, 43.6047331 ] } },
{ "type": "Feature", "properties": { "index": "1260", "last_edit_year": 2021, "years_since_edit": 5, "label": "2.5–6.5 yr", "color": "#756bb1" }, "geometry": { "type": "Point", "coordinates": [ 3.8967706, 43.6048677 ] } },
{ "type": "Feature", "properties": { "index": "1261", "last_edit_year": 2021, "years_since_edit": 5, "label": "2.5–6.5 yr", "color": "#756bb1" }, "geometry": { "type": "Point", "coordinates": [ 3.8968524, 43.6051842 ] } },
{ "type": "Feature", "properties": { "index": "1262", "last_edit_year": 2024, "years_since_edit": 2, "label": "1.5–2.5 yr", "color": "#9e9ac8" }, "geometry": { "type": "Point", "coordinates": [ 3.8732553, 43.6047114 ] } },
{ "type": "Feature", "properties": { "index": "1263", "last_edit_year": 2024, "years_since_edit": 2, "label": "1.5–2.5 yr", "color": "#9e9ac8" }, "geometry": { "type": "Point", "coordinates": [ 3.8727952, 43.6049376 ] } },
{ "type": "Feature", "properties": { "index": "1264", "last_edit_year": 2024, "years_since_edit": 2, "label": "1.5–2.5 yr", "color": "#9e9ac8" }, "geometry": { "type": "Point", "coordinates": [ 3.873056, 43.6051734 ] } },
{ "type": "Feature", "properties": { "index": "1265", "last_edit_year": 2024, "years_since_edit": 2, "label": "1.5–2.5 yr", "color": "#9e9ac8" }, "geometry": { "type": "Point", "coordinates": [ 3.8729756, 43.6052163 ] } },
{ "type": "Feature", "properties": { "index": "1266", "last_edit_year": 2022, "years_since_edit": 4, "label": "2.5–6.5 yr", "color": "#756bb1" }, "geometry": { "type": "Point", "coordinates": [ 3.8739734, 43.6054053 ] } },
{ "type": "Feature", "properties": { "index": "1267", "last_edit_year": 2024, "years_since_edit": 2, "label": "1.5–2.5 yr", "color": "#9e9ac8" }, "geometry": { "type": "Point", "coordinates": [ 3.8697002, 43.6064211 ] } },
{ "type": "Feature", "properties": { "index": "1268", "last_edit_year": 2024, "years_since_edit": 2, "label": "1.5–2.5 yr", "color": "#9e9ac8" }, "geometry": { "type": "Point", "coordinates": [ 3.8691999, 43.6068427 ] } },
{ "type": "Feature", "properties": { "index": "1269", "last_edit_year": 2024, "years_since_edit": 2, "label": "1.5–2.5 yr", "color": "#9e9ac8" }, "geometry": { "type": "Point", "coordinates": [ 3.8690939, 43.6068485 ] } },
{ "type": "Feature", "properties": { "index": "1270", "last_edit_year": 2024, "years_since_edit": 2, "label": "1.5–2.5 yr", "color": "#9e9ac8" }, "geometry": { "type": "Point", "coordinates": [ 3.8708455, 43.6041532 ] } },
{ "type": "Feature", "properties": { "index": "1271", "last_edit_year": 2024, "years_since_edit": 2, "label": "1.5–2.5 yr", "color": "#9e9ac8" }, "geometry": { "type": "Point", "coordinates": [ 3.8705385, 43.604408 ] } },
{ "type": "Feature", "properties": { "index": "1272", "last_edit_year": 2024, "years_since_edit": 2, "label": "1.5–2.5 yr", "color": "#9e9ac8" }, "geometry": { "type": "Point", "coordinates": [ 3.869731, 43.6011881 ] } },
{ "type": "Feature", "properties": { "index": "1273", "last_edit_year": 2024, "years_since_edit": 2, "label": "1.5–2.5 yr", "color": "#9e9ac8" }, "geometry": { "type": "Point", "coordinates": [ 3.8900095, 43.617685 ] } },
{ "type": "Feature", "properties": { "index": "1274", "last_edit_year": 2024, "years_since_edit": 2, "label": "1.5–2.5 yr", "color": "#9e9ac8" }, "geometry": { "type": "Point", "coordinates": [ 3.8898813, 43.617722 ] } },
{ "type": "Feature", "properties": { "index": "1275", "last_edit_year": 2024, "years_since_edit": 2, "label": "1.5–2.5 yr", "color": "#9e9ac8" }, "geometry": { "type": "Point", "coordinates": [ 3.8904975, 43.6184244 ] } },
{ "type": "Feature", "properties": { "index": "1276", "last_edit_year": 2024, "years_since_edit": 2, "label": "1.5–2.5 yr", "color": "#9e9ac8" }, "geometry": { "type": "Point", "coordinates": [ 3.8903646, 43.6184676 ] } },
{ "type": "Feature", "properties": { "index": "1277", "last_edit_year": 2024, "years_since_edit": 2, "label": "1.5–2.5 yr", "color": "#9e9ac8" }, "geometry": { "type": "Point", "coordinates": [ 3.8907143, 43.6163061 ] } },
{ "type": "Feature", "properties": { "index": "1278", "last_edit_year": 2024, "years_since_edit": 2, "label": "1.5–2.5 yr", "color": "#9e9ac8" }, "geometry": { "type": "Point", "coordinates": [ 3.8920309, 43.6166952 ] } },
{ "type": "Feature", "properties": { "index": "1279", "last_edit_year": 2024, "years_since_edit": 2, "label": "1.5–2.5 yr", "color": "#9e9ac8" }, "geometry": { "type": "Point", "coordinates": [ 3.8924441, 43.6169454 ] } },
{ "type": "Feature", "properties": { "index": "1280", "last_edit_year": 2024, "years_since_edit": 2, "label": "1.5–2.5 yr", "color": "#9e9ac8" }, "geometry": { "type": "Point", "coordinates": [ 3.8895548, 43.6171415 ] } },
{ "type": "Feature", "properties": { "index": "1281", "last_edit_year": 2024, "years_since_edit": 2, "label": "1.5–2.5 yr", "color": "#9e9ac8" }, "geometry": { "type": "Point", "coordinates": [ 3.8898361, 43.6174494 ] } },
{ "type": "Feature", "properties": { "index": "1282", "last_edit_year": 2024, "years_since_edit": 2, "label": "1.5–2.5 yr", "color": "#9e9ac8" }, "geometry": { "type": "Point", "coordinates": [ 3.8904711, 43.6184915 ] } },
{ "type": "Feature", "properties": { "index": "1283", "last_edit_year": 2024, "years_since_edit": 2, "label": "1.5–2.5 yr", "color": "#9e9ac8" }, "geometry": { "type": "Point", "coordinates": [ 3.8935667, 43.6185103 ] } },
{ "type": "Feature", "properties": { "index": "1284", "last_edit_year": 2024, "years_since_edit": 2, "label": "1.5–2.5 yr", "color": "#9e9ac8" }, "geometry": { "type": "Point", "coordinates": [ 3.8937241, 43.6186007 ] } },
{ "type": "Feature", "properties": { "index": "1285", "last_edit_year": 2024, "years_since_edit": 2, "label": "1.5–2.5 yr", "color": "#9e9ac8" }, "geometry": { "type": "Point", "coordinates": [ 3.893539, 43.6186455 ] } },
{ "type": "Feature", "properties": { "index": "1286", "last_edit_year": 2026, "years_since_edit": 0, "label": "0.0–0.5 yr", "color": "#f2f0f7" }, "geometry": { "type": "Point", "coordinates": [ 3.8936331, 43.6186845 ] } },
{ "type": "Feature", "properties": { "index": "1287", "last_edit_year": 2025, "years_since_edit": 1, "label": "0.5–1.5 yr", "color": "#cbc9e2" }, "geometry": { "type": "Point", "coordinates": [ 3.8948188, 43.6048813 ] } },
{ "type": "Feature", "properties": { "index": "1288", "last_edit_year": 2024, "years_since_edit": 2, "label": "1.5–2.5 yr", "color": "#9e9ac8" }, "geometry": { "type": "Point", "coordinates": [ 3.8806151, 43.6217454 ] } },
{ "type": "Feature", "properties": { "index": "1289", "last_edit_year": 2025, "years_since_edit": 1, "label": "0.5–1.5 yr", "color": "#cbc9e2" }, "geometry": { "type": "Point", "coordinates": [ 3.8985351, 43.6107257 ] } },
{ "type": "Feature", "properties": { "index": "1290", "last_edit_year": 2024, "years_since_edit": 2, "label": "1.5–2.5 yr", "color": "#9e9ac8" }, "geometry": { "type": "Point", "coordinates": [ 3.8791037, 43.6175641 ] } },
{ "type": "Feature", "properties": { "index": "1291", "last_edit_year": 2024, "years_since_edit": 2, "label": "1.5–2.5 yr", "color": "#9e9ac8" }, "geometry": { "type": "Point", "coordinates": [ 3.8710522, 43.6003459 ] } },
{ "type": "Feature", "properties": { "index": "1292", "last_edit_year": 2024, "years_since_edit": 2, "label": "1.5–2.5 yr", "color": "#9e9ac8" }, "geometry": { "type": "Point", "coordinates": [ 3.8894824, 43.6058508 ] } },
{ "type": "Feature", "properties": { "index": "1293", "last_edit_year": 2024, "years_since_edit": 2, "label": "1.5–2.5 yr", "color": "#9e9ac8" }, "geometry": { "type": "Point", "coordinates": [ 3.8896216, 43.6058899 ] } },
{ "type": "Feature", "properties": { "index": "1294", "last_edit_year": 2024, "years_since_edit": 2, "label": "1.5–2.5 yr", "color": "#9e9ac8" }, "geometry": { "type": "Point", "coordinates": [ 3.8858821, 43.6069977 ] } },
{ "type": "Feature", "properties": { "index": "1295", "last_edit_year": 2024, "years_since_edit": 2, "label": "1.5–2.5 yr", "color": "#9e9ac8" }, "geometry": { "type": "Point", "coordinates": [ 3.8885937, 43.6131448 ] } },
{ "type": "Feature", "properties": { "index": "1296", "last_edit_year": 2024, "years_since_edit": 2, "label": "1.5–2.5 yr", "color": "#9e9ac8" }, "geometry": { "type": "Point", "coordinates": [ 3.8886306, 43.6131705 ] } },
{ "type": "Feature", "properties": { "index": "1297", "last_edit_year": 2024, "years_since_edit": 2, "label": "1.5–2.5 yr", "color": "#9e9ac8" }, "geometry": { "type": "Point", "coordinates": [ 3.889336, 43.6139831 ] } },
{ "type": "Feature", "properties": { "index": "1298", "last_edit_year": 2024, "years_since_edit": 2, "label": "1.5–2.5 yr", "color": "#9e9ac8" }, "geometry": { "type": "Point", "coordinates": [ 3.8896127, 43.6194335 ] } },
{ "type": "Feature", "properties": { "index": "1299", "last_edit_year": 2024, "years_since_edit": 2, "label": "1.5–2.5 yr", "color": "#9e9ac8" }, "geometry": { "type": "Point", "coordinates": [ 3.890879, 43.6199039 ] } },
{ "type": "Feature", "properties": { "index": "1300", "last_edit_year": 2024, "years_since_edit": 2, "label": "1.5–2.5 yr", "color": "#9e9ac8" }, "geometry": { "type": "Point", "coordinates": [ 3.8947115, 43.6216386 ] } },
{ "type": "Feature", "properties": { "index": "1301", "last_edit_year": 2024, "years_since_edit": 2, "label": "1.5–2.5 yr", "color": "#9e9ac8" }, "geometry": { "type": "Point", "coordinates": [ 3.8946403, 43.6216355 ] } },
{ "type": "Feature", "properties": { "index": "1302", "last_edit_year": 2024, "years_since_edit": 2, "label": "1.5–2.5 yr", "color": "#9e9ac8" }, "geometry": { "type": "Point", "coordinates": [ 3.8892513, 43.6142102 ] } },
{ "type": "Feature", "properties": { "index": "1303", "last_edit_year": 2024, "years_since_edit": 2, "label": "1.5–2.5 yr", "color": "#9e9ac8" }, "geometry": { "type": "Point", "coordinates": [ 3.8884601, 43.6144437 ] } },
{ "type": "Feature", "properties": { "index": "1304", "last_edit_year": 2024, "years_since_edit": 2, "label": "1.5–2.5 yr", "color": "#9e9ac8" }, "geometry": { "type": "Point", "coordinates": [ 3.8855634, 43.616408 ] } },
{ "type": "Feature", "properties": { "index": "1305", "last_edit_year": 2024, "years_since_edit": 2, "label": "1.5–2.5 yr", "color": "#9e9ac8" }, "geometry": { "type": "Point", "coordinates": [ 3.8925169, 43.6169717 ] } },
{ "type": "Feature", "properties": { "index": "1306", "last_edit_year": 2024, "years_since_edit": 2, "label": "1.5–2.5 yr", "color": "#9e9ac8" }, "geometry": { "type": "Point", "coordinates": [ 3.8862657, 43.617065 ] } },
{ "type": "Feature", "properties": { "index": "1307", "last_edit_year": 2024, "years_since_edit": 2, "label": "1.5–2.5 yr", "color": "#9e9ac8" }, "geometry": { "type": "Point", "coordinates": [ 3.8904506, 43.6100666 ] } },
{ "type": "Feature", "properties": { "index": "1308", "last_edit_year": 2024, "years_since_edit": 2, "label": "1.5–2.5 yr", "color": "#9e9ac8" }, "geometry": { "type": "Point", "coordinates": [ 3.8904003, 43.6101412 ] } },
{ "type": "Feature", "properties": { "index": "1309", "last_edit_year": 2024, "years_since_edit": 2, "label": "1.5–2.5 yr", "color": "#9e9ac8" }, "geometry": { "type": "Point", "coordinates": [ 3.8904968, 43.6101798 ] } },
{ "type": "Feature", "properties": { "index": "1310", "last_edit_year": 2024, "years_since_edit": 2, "label": "1.5–2.5 yr", "color": "#9e9ac8" }, "geometry": { "type": "Point", "coordinates": [ 3.890244, 43.610184 ] } },
{ "type": "Feature", "properties": { "index": "1311", "last_edit_year": 2026, "years_since_edit": 0, "label": "0.0–0.5 yr", "color": "#f2f0f7" }, "geometry": { "type": "Point", "coordinates": [ 3.8816077, 43.6139965 ] } },
{ "type": "Feature", "properties": { "index": "1312", "last_edit_year": 2023, "years_since_edit": 3, "label": "2.5–6.5 yr", "color": "#756bb1" }, "geometry": { "type": "Point", "coordinates": [ 3.8818081, 43.6106968 ] } },
{ "type": "Feature", "properties": { "index": "1313", "last_edit_year": 2023, "years_since_edit": 3, "label": "2.5–6.5 yr", "color": "#756bb1" }, "geometry": { "type": "Point", "coordinates": [ 3.8821857, 43.6106576 ] } },
{ "type": "Feature", "properties": { "index": "1314", "last_edit_year": 2023, "years_since_edit": 3, "label": "2.5–6.5 yr", "color": "#756bb1" }, "geometry": { "type": "Point", "coordinates": [ 3.882101, 43.6106732 ] } },
{ "type": "Feature", "properties": { "index": "1315", "last_edit_year": 2023, "years_since_edit": 3, "label": "2.5–6.5 yr", "color": "#756bb1" }, "geometry": { "type": "Point", "coordinates": [ 3.8821241, 43.6107033 ] } },
{ "type": "Feature", "properties": { "index": "1316", "last_edit_year": 2023, "years_since_edit": 3, "label": "2.5–6.5 yr", "color": "#756bb1" }, "geometry": { "type": "Point", "coordinates": [ 3.8821642, 43.6106933 ] } },
{ "type": "Feature", "properties": { "index": "1317", "last_edit_year": 2024, "years_since_edit": 2, "label": "1.5–2.5 yr", "color": "#9e9ac8" }, "geometry": { "type": "Point", "coordinates": [ 3.8951256, 43.6128351 ] } },
{ "type": "Feature", "properties": { "index": "1318", "last_edit_year": 2024, "years_since_edit": 2, "label": "1.5–2.5 yr", "color": "#9e9ac8" }, "geometry": { "type": "Point", "coordinates": [ 3.8945143, 43.6001067 ] } },
{ "type": "Feature", "properties": { "index": "1319", "last_edit_year": 2024, "years_since_edit": 2, "label": "1.5–2.5 yr", "color": "#9e9ac8" }, "geometry": { "type": "Point", "coordinates": [ 3.8944947, 43.6002291 ] } },
{ "type": "Feature", "properties": { "index": "1320", "last_edit_year": 2024, "years_since_edit": 2, "label": "1.5–2.5 yr", "color": "#9e9ac8" }, "geometry": { "type": "Point", "coordinates": [ 3.8946073, 43.6002599 ] } },
{ "type": "Feature", "properties": { "index": "1321", "last_edit_year": 2025, "years_since_edit": 1, "label": "0.5–1.5 yr", "color": "#cbc9e2" }, "geometry": { "type": "Point", "coordinates": [ 3.8941864, 43.6004469 ] } },
{ "type": "Feature", "properties": { "index": "1322", "last_edit_year": 2024, "years_since_edit": 2, "label": "1.5–2.5 yr", "color": "#9e9ac8" }, "geometry": { "type": "Point", "coordinates": [ 3.888043, 43.6194898 ] } },
{ "type": "Feature", "properties": { "index": "1323", "last_edit_year": 2024, "years_since_edit": 2, "label": "1.5–2.5 yr", "color": "#9e9ac8" }, "geometry": { "type": "Point", "coordinates": [ 3.8881211, 43.6194439 ] } },
{ "type": "Feature", "properties": { "index": "1324", "last_edit_year": 2024, "years_since_edit": 2, "label": "1.5–2.5 yr", "color": "#9e9ac8" }, "geometry": { "type": "Point", "coordinates": [ 3.8822798, 43.6056268 ] } },
{ "type": "Feature", "properties": { "index": "1325", "last_edit_year": 2024, "years_since_edit": 2, "label": "1.5–2.5 yr", "color": "#9e9ac8" }, "geometry": { "type": "Point", "coordinates": [ 3.8793599, 43.6034874 ] } },
{ "type": "Feature", "properties": { "index": "1326", "last_edit_year": 2024, "years_since_edit": 2, "label": "1.5–2.5 yr", "color": "#9e9ac8" }, "geometry": { "type": "Point", "coordinates": [ 3.8793846, 43.6035077 ] } },
{ "type": "Feature", "properties": { "index": "1327", "last_edit_year": 2024, "years_since_edit": 2, "label": "1.5–2.5 yr", "color": "#9e9ac8" }, "geometry": { "type": "Point", "coordinates": [ 3.8794301, 43.603541 ] } },
{ "type": "Feature", "properties": { "index": "1328", "last_edit_year": 2024, "years_since_edit": 2, "label": "1.5–2.5 yr", "color": "#9e9ac8" }, "geometry": { "type": "Point", "coordinates": [ 3.8940074, 43.6028379 ] } },
{ "type": "Feature", "properties": { "index": "1329", "last_edit_year": 2024, "years_since_edit": 2, "label": "1.5–2.5 yr", "color": "#9e9ac8" }, "geometry": { "type": "Point", "coordinates": [ 3.8698006, 43.6059403 ] } },
{ "type": "Feature", "properties": { "index": "1330", "last_edit_year": 2024, "years_since_edit": 2, "label": "1.5–2.5 yr", "color": "#9e9ac8" }, "geometry": { "type": "Point", "coordinates": [ 3.8691847, 43.6054467 ] } },
{ "type": "Feature", "properties": { "index": "1331", "last_edit_year": 2024, "years_since_edit": 2, "label": "1.5–2.5 yr", "color": "#9e9ac8" }, "geometry": { "type": "Point", "coordinates": [ 3.8944758, 43.609596 ] } },
{ "type": "Feature", "properties": { "index": "1332", "last_edit_year": 2024, "years_since_edit": 2, "label": "1.5–2.5 yr", "color": "#9e9ac8" }, "geometry": { "type": "Point", "coordinates": [ 3.894194, 43.609548 ] } },
{ "type": "Feature", "properties": { "index": "1333", "last_edit_year": 2024, "years_since_edit": 2, "label": "1.5–2.5 yr", "color": "#9e9ac8" }, "geometry": { "type": "Point", "coordinates": [ 3.8946973, 43.6039666 ] } },
{ "type": "Feature", "properties": { "index": "1334", "last_edit_year": 2024, "years_since_edit": 2, "label": "1.5–2.5 yr", "color": "#9e9ac8" }, "geometry": { "type": "Point", "coordinates": [ 3.8950386, 43.6039655 ] } },
{ "type": "Feature", "properties": { "index": "1335", "last_edit_year": 2023, "years_since_edit": 3, "label": "2.5–6.5 yr", "color": "#756bb1" }, "geometry": { "type": "Point", "coordinates": [ 3.8768548, 43.623962 ] } },
{ "type": "Feature", "properties": { "index": "1336", "last_edit_year": 2023, "years_since_edit": 3, "label": "2.5–6.5 yr", "color": "#756bb1" }, "geometry": { "type": "Point", "coordinates": [ 3.8937805, 43.606865 ] } },
{ "type": "Feature", "properties": { "index": "1337", "last_edit_year": 2024, "years_since_edit": 2, "label": "1.5–2.5 yr", "color": "#9e9ac8" }, "geometry": { "type": "Point", "coordinates": [ 3.8940156, 43.606972 ] } },
{ "type": "Feature", "properties": { "index": "1338", "last_edit_year": 2024, "years_since_edit": 2, "label": "1.5–2.5 yr", "color": "#9e9ac8" }, "geometry": { "type": "Point", "coordinates": [ 3.8939507, 43.606511 ] } },
{ "type": "Feature", "properties": { "index": "1339", "last_edit_year": 2023, "years_since_edit": 3, "label": "2.5–6.5 yr", "color": "#756bb1" }, "geometry": { "type": "Point", "coordinates": [ 3.8769193, 43.6239612 ] } },
{ "type": "Feature", "properties": { "index": "1340", "last_edit_year": 2024, "years_since_edit": 2, "label": "1.5–2.5 yr", "color": "#9e9ac8" }, "geometry": { "type": "Point", "coordinates": [ 3.8974016, 43.6194754 ] } },
{ "type": "Feature", "properties": { "index": "1341", "last_edit_year": 2022, "years_since_edit": 4, "label": "2.5–6.5 yr", "color": "#756bb1" }, "geometry": { "type": "Point", "coordinates": [ 3.8941259, 43.6087684 ] } },
{ "type": "Feature", "properties": { "index": "1342", "last_edit_year": 2023, "years_since_edit": 3, "label": "2.5–6.5 yr", "color": "#756bb1" }, "geometry": { "type": "Point", "coordinates": [ 3.8765995, 43.6088087 ] } },
{ "type": "Feature", "properties": { "index": "1343", "last_edit_year": 2024, "years_since_edit": 2, "label": "1.5–2.5 yr", "color": "#9e9ac8" }, "geometry": { "type": "Point", "coordinates": [ 3.876882, 43.6047556 ] } },
{ "type": "Feature", "properties": { "index": "1344", "last_edit_year": 2024, "years_since_edit": 2, "label": "1.5–2.5 yr", "color": "#9e9ac8" }, "geometry": { "type": "Point", "coordinates": [ 3.9036142, 43.6016827 ] } },
{ "type": "Feature", "properties": { "index": "1345", "last_edit_year": 2023, "years_since_edit": 3, "label": "2.5–6.5 yr", "color": "#756bb1" }, "geometry": { "type": "Point", "coordinates": [ 3.8917659, 43.6078356 ] } },
{ "type": "Feature", "properties": { "index": "1346", "last_edit_year": 2022, "years_since_edit": 4, "label": "2.5–6.5 yr", "color": "#756bb1" }, "geometry": { "type": "Point", "coordinates": [ 3.8735128, 43.6197997 ] } },
{ "type": "Feature", "properties": { "index": "1347", "last_edit_year": 2022, "years_since_edit": 4, "label": "2.5–6.5 yr", "color": "#756bb1" }, "geometry": { "type": "Point", "coordinates": [ 3.8734643, 43.6197131 ] } },
{ "type": "Feature", "properties": { "index": "1348", "last_edit_year": 2023, "years_since_edit": 3, "label": "2.5–6.5 yr", "color": "#756bb1" }, "geometry": { "type": "Point", "coordinates": [ 3.8736116, 43.6196194 ] } },
{ "type": "Feature", "properties": { "index": "1349", "last_edit_year": 2023, "years_since_edit": 3, "label": "2.5–6.5 yr", "color": "#756bb1" }, "geometry": { "type": "Point", "coordinates": [ 3.8736335, 43.6196602 ] } },
{ "type": "Feature", "properties": { "index": "1350", "last_edit_year": 2024, "years_since_edit": 2, "label": "1.5–2.5 yr", "color": "#9e9ac8" }, "geometry": { "type": "Point", "coordinates": [ 3.9035585, 43.6085995 ] } },
{ "type": "Feature", "properties": { "index": "1351", "last_edit_year": 2025, "years_since_edit": 1, "label": "0.5–1.5 yr", "color": "#cbc9e2" }, "geometry": { "type": "Point", "coordinates": [ 3.8685798, 43.6086817 ] } },
{ "type": "Feature", "properties": { "index": "1352", "last_edit_year": 2019, "years_since_edit": 7, "label": "6.5–14.0 yr", "color": "#54278f" }, "geometry": { "type": "Point", "coordinates": [ 3.8733667, 43.6111219 ] } },
{ "type": "Feature", "properties": { "index": "1353", "last_edit_year": 2026, "years_since_edit": 0, "label": "0.0–0.5 yr", "color": "#f2f0f7" }, "geometry": { "type": "Point", "coordinates": [ 3.8783624, 43.6074464 ] } },
{ "type": "Feature", "properties": { "index": "1354", "last_edit_year": 2023, "years_since_edit": 3, "label": "2.5–6.5 yr", "color": "#756bb1" }, "geometry": { "type": "Point", "coordinates": [ 3.88891, 43.6077058 ] } },
{ "type": "Feature", "properties": { "index": "1355", "last_edit_year": 2024, "years_since_edit": 2, "label": "1.5–2.5 yr", "color": "#9e9ac8" }, "geometry": { "type": "Point", "coordinates": [ 3.888392, 43.6071361 ] } },
{ "type": "Feature", "properties": { "index": "1356", "last_edit_year": 2016, "years_since_edit": 10, "label": "6.5–14.0 yr", "color": "#54278f" }, "geometry": { "type": "Point", "coordinates": [ 3.8823475, 43.6167506 ] } },
{ "type": "Feature", "properties": { "index": "1357", "last_edit_year": 2016, "years_since_edit": 10, "label": "6.5–14.0 yr", "color": "#54278f" }, "geometry": { "type": "Point", "coordinates": [ 3.8822928, 43.6166894 ] } },
{ "type": "Feature", "properties": { "index": "1358", "last_edit_year": 2024, "years_since_edit": 2, "label": "1.5–2.5 yr", "color": "#9e9ac8" }, "geometry": { "type": "Point", "coordinates": [ 3.8769136, 43.6022509 ] } },
{ "type": "Feature", "properties": { "index": "1359", "last_edit_year": 2023, "years_since_edit": 3, "label": "2.5–6.5 yr", "color": "#756bb1" }, "geometry": { "type": "Point", "coordinates": [ 3.8899393, 43.6090607 ] } },
{ "type": "Feature", "properties": { "index": "1360", "last_edit_year": 2024, "years_since_edit": 2, "label": "1.5–2.5 yr", "color": "#9e9ac8" }, "geometry": { "type": "Point", "coordinates": [ 3.8815285, 43.610944 ] } },
{ "type": "Feature", "properties": { "index": "1361", "last_edit_year": 2016, "years_since_edit": 10, "label": "6.5–14.0 yr", "color": "#54278f" }, "geometry": { "type": "Point", "coordinates": [ 3.8815959, 43.6112644 ] } },
{ "type": "Feature", "properties": { "index": "1362", "last_edit_year": 2020, "years_since_edit": 6, "label": "2.5–6.5 yr", "color": "#756bb1" }, "geometry": { "type": "Point", "coordinates": [ 3.8812656, 43.6099524 ] } },
{ "type": "Feature", "properties": { "index": "1363", "last_edit_year": 2024, "years_since_edit": 2, "label": "1.5–2.5 yr", "color": "#9e9ac8" }, "geometry": { "type": "Point", "coordinates": [ 3.8813011, 43.6100984 ] } },
{ "type": "Feature", "properties": { "index": "1364", "last_edit_year": 2022, "years_since_edit": 4, "label": "2.5–6.5 yr", "color": "#756bb1" }, "geometry": { "type": "Point", "coordinates": [ 3.8813364, 43.610242 ] } },
{ "type": "Feature", "properties": { "index": "1365", "last_edit_year": 2020, "years_since_edit": 6, "label": "2.5–6.5 yr", "color": "#756bb1" }, "geometry": { "type": "Point", "coordinates": [ 3.8813721, 43.6103902 ] } },
{ "type": "Feature", "properties": { "index": "1366", "last_edit_year": 2016, "years_since_edit": 10, "label": "6.5–14.0 yr", "color": "#54278f" }, "geometry": { "type": "Point", "coordinates": [ 3.8814798, 43.6105018 ] } },
{ "type": "Feature", "properties": { "index": "1367", "last_edit_year": 2016, "years_since_edit": 10, "label": "6.5–14.0 yr", "color": "#54278f" }, "geometry": { "type": "Point", "coordinates": [ 3.8814603, 43.610428 ] } },
{ "type": "Feature", "properties": { "index": "1368", "last_edit_year": 2020, "years_since_edit": 6, "label": "2.5–6.5 yr", "color": "#756bb1" }, "geometry": { "type": "Point", "coordinates": [ 3.8813992, 43.6104635 ] } },
{ "type": "Feature", "properties": { "index": "1369", "last_edit_year": 2021, "years_since_edit": 5, "label": "2.5–6.5 yr", "color": "#756bb1" }, "geometry": { "type": "Point", "coordinates": [ 3.8818319, 43.6111862 ] } },
{ "type": "Feature", "properties": { "index": "1370", "last_edit_year": 2023, "years_since_edit": 3, "label": "2.5–6.5 yr", "color": "#756bb1" }, "geometry": { "type": "Point", "coordinates": [ 3.8817662, 43.6107915 ] } },
{ "type": "Feature", "properties": { "index": "1371", "last_edit_year": 2023, "years_since_edit": 3, "label": "2.5–6.5 yr", "color": "#756bb1" }, "geometry": { "type": "Point", "coordinates": [ 3.881779, 43.6107551 ] } },
{ "type": "Feature", "properties": { "index": "1372", "last_edit_year": 2023, "years_since_edit": 3, "label": "2.5–6.5 yr", "color": "#756bb1" }, "geometry": { "type": "Point", "coordinates": [ 3.8817991, 43.6107275 ] } },
{ "type": "Feature", "properties": { "index": "1373", "last_edit_year": 2021, "years_since_edit": 5, "label": "2.5–6.5 yr", "color": "#756bb1" }, "geometry": { "type": "Point", "coordinates": [ 3.8817582, 43.6108216 ] } },
{ "type": "Feature", "properties": { "index": "1374", "last_edit_year": 2021, "years_since_edit": 5, "label": "2.5–6.5 yr", "color": "#756bb1" }, "geometry": { "type": "Point", "coordinates": [ 3.8817636, 43.6108416 ] } },
{ "type": "Feature", "properties": { "index": "1375", "last_edit_year": 2021, "years_since_edit": 5, "label": "2.5–6.5 yr", "color": "#756bb1" }, "geometry": { "type": "Point", "coordinates": [ 3.8817622, 43.6108741 ] } },
{ "type": "Feature", "properties": { "index": "1376", "last_edit_year": 2021, "years_since_edit": 5, "label": "2.5–6.5 yr", "color": "#756bb1" }, "geometry": { "type": "Point", "coordinates": [ 3.8817736, 43.6109746 ] } },
{ "type": "Feature", "properties": { "index": "1377", "last_edit_year": 2021, "years_since_edit": 5, "label": "2.5–6.5 yr", "color": "#756bb1" }, "geometry": { "type": "Point", "coordinates": [ 3.8817797, 43.611011 ] } },
{ "type": "Feature", "properties": { "index": "1378", "last_edit_year": 2021, "years_since_edit": 5, "label": "2.5–6.5 yr", "color": "#756bb1" }, "geometry": { "type": "Point", "coordinates": [ 3.8817911, 43.6110789 ] } },
{ "type": "Feature", "properties": { "index": "1379", "last_edit_year": 2021, "years_since_edit": 5, "label": "2.5–6.5 yr", "color": "#756bb1" }, "geometry": { "type": "Point", "coordinates": [ 3.8817971, 43.611113 ] } },
{ "type": "Feature", "properties": { "index": "1380", "last_edit_year": 2024, "years_since_edit": 2, "label": "1.5–2.5 yr", "color": "#9e9ac8" }, "geometry": { "type": "Point", "coordinates": [ 3.8815191, 43.6109095 ] } },
{ "type": "Feature", "properties": { "index": "1381", "last_edit_year": 2024, "years_since_edit": 2, "label": "1.5–2.5 yr", "color": "#9e9ac8" }, "geometry": { "type": "Point", "coordinates": [ 3.8815359, 43.6109799 ] } },
{ "type": "Feature", "properties": { "index": "1382", "last_edit_year": 2026, "years_since_edit": 0, "label": "0.0–0.5 yr", "color": "#f2f0f7" }, "geometry": { "type": "Point", "coordinates": [ 3.8812289, 43.6098063 ] } },
{ "type": "Feature", "properties": { "index": "1383", "last_edit_year": 2024, "years_since_edit": 2, "label": "1.5–2.5 yr", "color": "#9e9ac8" }, "geometry": { "type": "Point", "coordinates": [ 3.8804112, 43.6102018 ] } },
{ "type": "Feature", "properties": { "index": "1384", "last_edit_year": 2024, "years_since_edit": 2, "label": "1.5–2.5 yr", "color": "#9e9ac8" }, "geometry": { "type": "Point", "coordinates": [ 3.880456, 43.610175 ] } },
{ "type": "Feature", "properties": { "index": "1385", "last_edit_year": 2025, "years_since_edit": 1, "label": "0.5–1.5 yr", "color": "#cbc9e2" }, "geometry": { "type": "Point", "coordinates": [ 3.8803432, 43.6096045 ] } },
{ "type": "Feature", "properties": { "index": "1386", "last_edit_year": 2022, "years_since_edit": 4, "label": "2.5–6.5 yr", "color": "#756bb1" }, "geometry": { "type": "Point", "coordinates": [ 3.8814309, 43.6106751 ] } },
{ "type": "Feature", "properties": { "index": "1387", "last_edit_year": 2022, "years_since_edit": 4, "label": "2.5–6.5 yr", "color": "#756bb1" }, "geometry": { "type": "Point", "coordinates": [ 3.8815637, 43.6107368 ] } },
{ "type": "Feature", "properties": { "index": "1388", "last_edit_year": 2023, "years_since_edit": 3, "label": "2.5–6.5 yr", "color": "#756bb1" }, "geometry": { "type": "Point", "coordinates": [ 3.8963806, 43.6107469 ] } },
{ "type": "Feature", "properties": { "index": "1389", "last_edit_year": 2022, "years_since_edit": 4, "label": "2.5–6.5 yr", "color": "#756bb1" }, "geometry": { "type": "Point", "coordinates": [ 3.8682593, 43.611474 ] } },
{ "type": "Feature", "properties": { "index": "1390", "last_edit_year": 2024, "years_since_edit": 2, "label": "1.5–2.5 yr", "color": "#9e9ac8" }, "geometry": { "type": "Point", "coordinates": [ 3.8681655, 43.6108257 ] } },
{ "type": "Feature", "properties": { "index": "1391", "last_edit_year": 2024, "years_since_edit": 2, "label": "1.5–2.5 yr", "color": "#9e9ac8" }, "geometry": { "type": "Point", "coordinates": [ 3.8830417, 43.6223007 ] } },
{ "type": "Feature", "properties": { "index": "1392", "last_edit_year": 2024, "years_since_edit": 2, "label": "1.5–2.5 yr", "color": "#9e9ac8" }, "geometry": { "type": "Point", "coordinates": [ 3.8830759, 43.6222268 ] } },
{ "type": "Feature", "properties": { "index": "1393", "last_edit_year": 2024, "years_since_edit": 2, "label": "1.5–2.5 yr", "color": "#9e9ac8" }, "geometry": { "type": "Point", "coordinates": [ 3.8836634, 43.6208865 ] } },
{ "type": "Feature", "properties": { "index": "1394", "last_edit_year": 2024, "years_since_edit": 2, "label": "1.5–2.5 yr", "color": "#9e9ac8" }, "geometry": { "type": "Point", "coordinates": [ 3.8837872, 43.6206402 ] } },
{ "type": "Feature", "properties": { "index": "1395", "last_edit_year": 2024, "years_since_edit": 2, "label": "1.5–2.5 yr", "color": "#9e9ac8" }, "geometry": { "type": "Point", "coordinates": [ 3.8838592, 43.6206294 ] } },
{ "type": "Feature", "properties": { "index": "1396", "last_edit_year": 2024, "years_since_edit": 2, "label": "1.5–2.5 yr", "color": "#9e9ac8" }, "geometry": { "type": "Point", "coordinates": [ 3.8840811, 43.6200946 ] } },
{ "type": "Feature", "properties": { "index": "1397", "last_edit_year": 2024, "years_since_edit": 2, "label": "1.5–2.5 yr", "color": "#9e9ac8" }, "geometry": { "type": "Point", "coordinates": [ 3.8677274, 43.6086266 ] } },
{ "type": "Feature", "properties": { "index": "1398", "last_edit_year": 2024, "years_since_edit": 2, "label": "1.5–2.5 yr", "color": "#9e9ac8" }, "geometry": { "type": "Point", "coordinates": [ 3.8686904, 43.6081468 ] } },
{ "type": "Feature", "properties": { "index": "1399", "last_edit_year": 2025, "years_since_edit": 1, "label": "0.5–1.5 yr", "color": "#cbc9e2" }, "geometry": { "type": "Point", "coordinates": [ 3.8752939, 43.605302 ] } },
{ "type": "Feature", "properties": { "index": "1400", "last_edit_year": 2024, "years_since_edit": 2, "label": "1.5–2.5 yr", "color": "#9e9ac8" }, "geometry": { "type": "Point", "coordinates": [ 3.8751356, 43.6051215 ] } },
{ "type": "Feature", "properties": { "index": "1401", "last_edit_year": 2024, "years_since_edit": 2, "label": "1.5–2.5 yr", "color": "#9e9ac8" }, "geometry": { "type": "Point", "coordinates": [ 3.8870541, 43.6148728 ] } },
{ "type": "Feature", "properties": { "index": "1402", "last_edit_year": 2024, "years_since_edit": 2, "label": "1.5–2.5 yr", "color": "#9e9ac8" }, "geometry": { "type": "Point", "coordinates": [ 3.8879559, 43.6146452 ] } },
{ "type": "Feature", "properties": { "index": "1403", "last_edit_year": 2024, "years_since_edit": 2, "label": "1.5–2.5 yr", "color": "#9e9ac8" }, "geometry": { "type": "Point", "coordinates": [ 3.8869763, 43.6150204 ] } },
{ "type": "Feature", "properties": { "index": "1404", "last_edit_year": 2024, "years_since_edit": 2, "label": "1.5–2.5 yr", "color": "#9e9ac8" }, "geometry": { "type": "Point", "coordinates": [ 3.8866793, 43.6149868 ] } },
{ "type": "Feature", "properties": { "index": "1405", "last_edit_year": 2024, "years_since_edit": 2, "label": "1.5–2.5 yr", "color": "#9e9ac8" }, "geometry": { "type": "Point", "coordinates": [ 3.8852445, 43.6155527 ] } },
{ "type": "Feature", "properties": { "index": "1406", "last_edit_year": 2025, "years_since_edit": 1, "label": "0.5–1.5 yr", "color": "#cbc9e2" }, "geometry": { "type": "Point", "coordinates": [ 3.8985739, 43.6107307 ] } },
{ "type": "Feature", "properties": { "index": "1407", "last_edit_year": 2025, "years_since_edit": 1, "label": "0.5–1.5 yr", "color": "#cbc9e2" }, "geometry": { "type": "Point", "coordinates": [ 3.8789883, 43.6147928 ] } },
{ "type": "Feature", "properties": { "index": "1408", "last_edit_year": 2024, "years_since_edit": 2, "label": "1.5–2.5 yr", "color": "#9e9ac8" }, "geometry": { "type": "Point", "coordinates": [ 3.8952111, 43.6018562 ] } },
{ "type": "Feature", "properties": { "index": "1409", "last_edit_year": 2025, "years_since_edit": 1, "label": "0.5–1.5 yr", "color": "#cbc9e2" }, "geometry": { "type": "Point", "coordinates": [ 3.9018074, 43.6000774 ] } },
{ "type": "Feature", "properties": { "index": "1410", "last_edit_year": 2024, "years_since_edit": 2, "label": "1.5–2.5 yr", "color": "#9e9ac8" }, "geometry": { "type": "Point", "coordinates": [ 3.8774407, 43.6192632 ] } },
{ "type": "Feature", "properties": { "index": "1411", "last_edit_year": 2024, "years_since_edit": 2, "label": "1.5–2.5 yr", "color": "#9e9ac8" }, "geometry": { "type": "Point", "coordinates": [ 3.8786037, 43.6182997 ] } },
{ "type": "Feature", "properties": { "index": "1412", "last_edit_year": 2024, "years_since_edit": 2, "label": "1.5–2.5 yr", "color": "#9e9ac8" }, "geometry": { "type": "Point", "coordinates": [ 3.8784823, 43.6180051 ] } },
{ "type": "Feature", "properties": { "index": "1413", "last_edit_year": 2024, "years_since_edit": 2, "label": "1.5–2.5 yr", "color": "#9e9ac8" }, "geometry": { "type": "Point", "coordinates": [ 3.878603, 43.6180823 ] } },
{ "type": "Feature", "properties": { "index": "1414", "last_edit_year": 2024, "years_since_edit": 2, "label": "1.5–2.5 yr", "color": "#9e9ac8" }, "geometry": { "type": "Point", "coordinates": [ 3.879614, 43.6171322 ] } },
{ "type": "Feature", "properties": { "index": "1415", "last_edit_year": 2024, "years_since_edit": 2, "label": "1.5–2.5 yr", "color": "#9e9ac8" }, "geometry": { "type": "Point", "coordinates": [ 3.879303, 43.6172903 ] } },
{ "type": "Feature", "properties": { "index": "1416", "last_edit_year": 2024, "years_since_edit": 2, "label": "1.5–2.5 yr", "color": "#9e9ac8" }, "geometry": { "type": "Point", "coordinates": [ 3.8793916, 43.6173492 ] } },
{ "type": "Feature", "properties": { "index": "1417", "last_edit_year": 2026, "years_since_edit": 0, "label": "0.0–0.5 yr", "color": "#f2f0f7" }, "geometry": { "type": "Point", "coordinates": [ 3.8803759, 43.6163759 ] } },
{ "type": "Feature", "properties": { "index": "1418", "last_edit_year": 2024, "years_since_edit": 2, "label": "1.5–2.5 yr", "color": "#9e9ac8" }, "geometry": { "type": "Point", "coordinates": [ 3.8800614, 43.6167201 ] } },
{ "type": "Feature", "properties": { "index": "1419", "last_edit_year": 2024, "years_since_edit": 2, "label": "1.5–2.5 yr", "color": "#9e9ac8" }, "geometry": { "type": "Point", "coordinates": [ 3.8831425, 43.6168272 ] } },
{ "type": "Feature", "properties": { "index": "1420", "last_edit_year": 2024, "years_since_edit": 2, "label": "1.5–2.5 yr", "color": "#9e9ac8" }, "geometry": { "type": "Point", "coordinates": [ 3.8832319, 43.6168321 ] } },
{ "type": "Feature", "properties": { "index": "1421", "last_edit_year": 2024, "years_since_edit": 2, "label": "1.5–2.5 yr", "color": "#9e9ac8" }, "geometry": { "type": "Point", "coordinates": [ 3.8833443, 43.6167164 ] } },
{ "type": "Feature", "properties": { "index": "1422", "last_edit_year": 2024, "years_since_edit": 2, "label": "1.5–2.5 yr", "color": "#9e9ac8" }, "geometry": { "type": "Point", "coordinates": [ 3.8831304, 43.6167351 ] } },
{ "type": "Feature", "properties": { "index": "1423", "last_edit_year": 2024, "years_since_edit": 2, "label": "1.5–2.5 yr", "color": "#9e9ac8" }, "geometry": { "type": "Point", "coordinates": [ 3.8709587, 43.6004491 ] } },
{ "type": "Feature", "properties": { "index": "1424", "last_edit_year": 2022, "years_since_edit": 4, "label": "2.5–6.5 yr", "color": "#756bb1" }, "geometry": { "type": "Point", "coordinates": [ 3.8978317, 43.6007308 ] } },
{ "type": "Feature", "properties": { "index": "1425", "last_edit_year": 2024, "years_since_edit": 2, "label": "1.5–2.5 yr", "color": "#9e9ac8" }, "geometry": { "type": "Point", "coordinates": [ 3.8935489, 43.601516 ] } },
{ "type": "Feature", "properties": { "index": "1426", "last_edit_year": 2024, "years_since_edit": 2, "label": "1.5–2.5 yr", "color": "#9e9ac8" }, "geometry": { "type": "Point", "coordinates": [ 3.8934457, 43.6015262 ] } },
{ "type": "Feature", "properties": { "index": "1427", "last_edit_year": 2024, "years_since_edit": 2, "label": "1.5–2.5 yr", "color": "#9e9ac8" }, "geometry": { "type": "Point", "coordinates": [ 3.8934182, 43.6016369 ] } },
{ "type": "Feature", "properties": { "index": "1428", "last_edit_year": 2024, "years_since_edit": 2, "label": "1.5–2.5 yr", "color": "#9e9ac8" }, "geometry": { "type": "Point", "coordinates": [ 3.8989288, 43.6015509 ] } },
{ "type": "Feature", "properties": { "index": "1429", "last_edit_year": 2024, "years_since_edit": 2, "label": "1.5–2.5 yr", "color": "#9e9ac8" }, "geometry": { "type": "Point", "coordinates": [ 3.8672594, 43.6074373 ] } },
{ "type": "Feature", "properties": { "index": "1430", "last_edit_year": 2025, "years_since_edit": 1, "label": "0.5–1.5 yr", "color": "#cbc9e2" }, "geometry": { "type": "Point", "coordinates": [ 3.8677293, 43.6087963 ] } },
{ "type": "Feature", "properties": { "index": "1431", "last_edit_year": 2024, "years_since_edit": 2, "label": "1.5–2.5 yr", "color": "#9e9ac8" }, "geometry": { "type": "Point", "coordinates": [ 3.8774476, 43.6059431 ] } },
{ "type": "Feature", "properties": { "index": "1432", "last_edit_year": 2024, "years_since_edit": 2, "label": "1.5–2.5 yr", "color": "#9e9ac8" }, "geometry": { "type": "Point", "coordinates": [ 3.8775542, 43.6059981 ] } },
{ "type": "Feature", "properties": { "index": "1433", "last_edit_year": 2025, "years_since_edit": 1, "label": "0.5–1.5 yr", "color": "#cbc9e2" }, "geometry": { "type": "Point", "coordinates": [ 3.8765183, 43.6056072 ] } },
{ "type": "Feature", "properties": { "index": "1434", "last_edit_year": 2022, "years_since_edit": 4, "label": "2.5–6.5 yr", "color": "#756bb1" }, "geometry": { "type": "Point", "coordinates": [ 3.8735869, 43.6056471 ] } },
{ "type": "Feature", "properties": { "index": "1435", "last_edit_year": 2024, "years_since_edit": 2, "label": "1.5–2.5 yr", "color": "#9e9ac8" }, "geometry": { "type": "Point", "coordinates": [ 3.8721287, 43.6065398 ] } },
{ "type": "Feature", "properties": { "index": "1436", "last_edit_year": 2024, "years_since_edit": 2, "label": "1.5–2.5 yr", "color": "#9e9ac8" }, "geometry": { "type": "Point", "coordinates": [ 3.8723611, 43.6064206 ] } },
{ "type": "Feature", "properties": { "index": "1437", "last_edit_year": 2022, "years_since_edit": 4, "label": "2.5–6.5 yr", "color": "#756bb1" }, "geometry": { "type": "Point", "coordinates": [ 3.8720859, 43.6066042 ] } },
{ "type": "Feature", "properties": { "index": "1438", "last_edit_year": 2022, "years_since_edit": 4, "label": "2.5–6.5 yr", "color": "#756bb1" }, "geometry": { "type": "Point", "coordinates": [ 3.8720436, 43.6066231 ] } },
{ "type": "Feature", "properties": { "index": "1439", "last_edit_year": 2024, "years_since_edit": 2, "label": "1.5–2.5 yr", "color": "#9e9ac8" }, "geometry": { "type": "Point", "coordinates": [ 3.9028344, 43.6070851 ] } },
{ "type": "Feature", "properties": { "index": "1440", "last_edit_year": 2024, "years_since_edit": 2, "label": "1.5–2.5 yr", "color": "#9e9ac8" }, "geometry": { "type": "Point", "coordinates": [ 3.8805964, 43.6217845 ] } },
{ "type": "Feature", "properties": { "index": "1441", "last_edit_year": 2024, "years_since_edit": 2, "label": "1.5–2.5 yr", "color": "#9e9ac8" }, "geometry": { "type": "Point", "coordinates": [ 3.8792922, 43.6214671 ] } },
{ "type": "Feature", "properties": { "index": "1442", "last_edit_year": 2024, "years_since_edit": 2, "label": "1.5–2.5 yr", "color": "#9e9ac8" }, "geometry": { "type": "Point", "coordinates": [ 3.8825562, 43.6233256 ] } },
{ "type": "Feature", "properties": { "index": "1443", "last_edit_year": 2024, "years_since_edit": 2, "label": "1.5–2.5 yr", "color": "#9e9ac8" }, "geometry": { "type": "Point", "coordinates": [ 3.8879551, 43.6249065 ] } },
{ "type": "Feature", "properties": { "index": "1444", "last_edit_year": 2024, "years_since_edit": 2, "label": "1.5–2.5 yr", "color": "#9e9ac8" }, "geometry": { "type": "Point", "coordinates": [ 3.8881418, 43.6249755 ] } },
{ "type": "Feature", "properties": { "index": "1445", "last_edit_year": 2024, "years_since_edit": 2, "label": "1.5–2.5 yr", "color": "#9e9ac8" }, "geometry": { "type": "Point", "coordinates": [ 3.8859154, 43.6233256 ] } },
{ "type": "Feature", "properties": { "index": "1446", "last_edit_year": 2024, "years_since_edit": 2, "label": "1.5–2.5 yr", "color": "#9e9ac8" }, "geometry": { "type": "Point", "coordinates": [ 3.8859616, 43.6232928 ] } },
{ "type": "Feature", "properties": { "index": "1447", "last_edit_year": 2024, "years_since_edit": 2, "label": "1.5–2.5 yr", "color": "#9e9ac8" }, "geometry": { "type": "Point", "coordinates": [ 3.8724225, 43.6222959 ] } },
{ "type": "Feature", "properties": { "index": "1448", "last_edit_year": 2024, "years_since_edit": 2, "label": "1.5–2.5 yr", "color": "#9e9ac8" }, "geometry": { "type": "Point", "coordinates": [ 3.8721578, 43.6221552 ] } },
{ "type": "Feature", "properties": { "index": "1449", "last_edit_year": 2024, "years_since_edit": 2, "label": "1.5–2.5 yr", "color": "#9e9ac8" }, "geometry": { "type": "Point", "coordinates": [ 3.8836394, 43.6142683 ] } },
{ "type": "Feature", "properties": { "index": "1450", "last_edit_year": 2026, "years_since_edit": 0, "label": "0.0–0.5 yr", "color": "#f2f0f7" }, "geometry": { "type": "Point", "coordinates": [ 3.8828047, 43.6142073 ] } },
{ "type": "Feature", "properties": { "index": "1451", "last_edit_year": 2024, "years_since_edit": 2, "label": "1.5–2.5 yr", "color": "#9e9ac8" }, "geometry": { "type": "Point", "coordinates": [ 3.8877276, 43.6140284 ] } },
{ "type": "Feature", "properties": { "index": "1452", "last_edit_year": 2024, "years_since_edit": 2, "label": "1.5–2.5 yr", "color": "#9e9ac8" }, "geometry": { "type": "Point", "coordinates": [ 3.8990919, 43.6006035 ] } },
{ "type": "Feature", "properties": { "index": "1453", "last_edit_year": 2024, "years_since_edit": 2, "label": "1.5–2.5 yr", "color": "#9e9ac8" }, "geometry": { "type": "Point", "coordinates": [ 3.8990287, 43.6005165 ] } },
{ "type": "Feature", "properties": { "index": "1454", "last_edit_year": 2023, "years_since_edit": 3, "label": "2.5–6.5 yr", "color": "#756bb1" }, "geometry": { "type": "Point", "coordinates": [ 3.8741425, 43.6152904 ] } },
{ "type": "Feature", "properties": { "index": "1455", "last_edit_year": 2024, "years_since_edit": 2, "label": "1.5–2.5 yr", "color": "#9e9ac8" }, "geometry": { "type": "Point", "coordinates": [ 3.8673961, 43.6065238 ] } },
{ "type": "Feature", "properties": { "index": "1456", "last_edit_year": 2024, "years_since_edit": 2, "label": "1.5–2.5 yr", "color": "#9e9ac8" }, "geometry": { "type": "Point", "coordinates": [ 3.8673643, 43.6057813 ] } },
{ "type": "Feature", "properties": { "index": "1457", "last_edit_year": 2024, "years_since_edit": 2, "label": "1.5–2.5 yr", "color": "#9e9ac8" }, "geometry": { "type": "Point", "coordinates": [ 3.8673796, 43.6062062 ] } },
{ "type": "Feature", "properties": { "index": "1458", "last_edit_year": 2024, "years_since_edit": 2, "label": "1.5–2.5 yr", "color": "#9e9ac8" }, "geometry": { "type": "Point", "coordinates": [ 3.8675116, 43.6060634 ] } },
{ "type": "Feature", "properties": { "index": "1459", "last_edit_year": 2024, "years_since_edit": 2, "label": "1.5–2.5 yr", "color": "#9e9ac8" }, "geometry": { "type": "Point", "coordinates": [ 3.8673116, 43.6059657 ] } },
{ "type": "Feature", "properties": { "index": "1460", "last_edit_year": 2024, "years_since_edit": 2, "label": "1.5–2.5 yr", "color": "#9e9ac8" }, "geometry": { "type": "Point", "coordinates": [ 3.8674162, 43.6059365 ] } },
{ "type": "Feature", "properties": { "index": "1461", "last_edit_year": 2024, "years_since_edit": 2, "label": "1.5–2.5 yr", "color": "#9e9ac8" }, "geometry": { "type": "Point", "coordinates": [ 3.8676515, 43.6048348 ] } },
{ "type": "Feature", "properties": { "index": "1462", "last_edit_year": 2024, "years_since_edit": 2, "label": "1.5–2.5 yr", "color": "#9e9ac8" }, "geometry": { "type": "Point", "coordinates": [ 3.8675804, 43.604895 ] } },
{ "type": "Feature", "properties": { "index": "1463", "last_edit_year": 2024, "years_since_edit": 2, "label": "1.5–2.5 yr", "color": "#9e9ac8" }, "geometry": { "type": "Point", "coordinates": [ 3.8905911, 43.6090155 ] } },
{ "type": "Feature", "properties": { "index": "1464", "last_edit_year": 2024, "years_since_edit": 2, "label": "1.5–2.5 yr", "color": "#9e9ac8" }, "geometry": { "type": "Point", "coordinates": [ 3.8907225, 43.6090939 ] } },
{ "type": "Feature", "properties": { "index": "1465", "last_edit_year": 2024, "years_since_edit": 2, "label": "1.5–2.5 yr", "color": "#9e9ac8" }, "geometry": { "type": "Point", "coordinates": [ 3.8906299, 43.6092552 ] } },
{ "type": "Feature", "properties": { "index": "1466", "last_edit_year": 2024, "years_since_edit": 2, "label": "1.5–2.5 yr", "color": "#9e9ac8" }, "geometry": { "type": "Point", "coordinates": [ 3.8908686, 43.6095831 ] } },
{ "type": "Feature", "properties": { "index": "1467", "last_edit_year": 2024, "years_since_edit": 2, "label": "1.5–2.5 yr", "color": "#9e9ac8" }, "geometry": { "type": "Point", "coordinates": [ 3.890048, 43.61607 ] } },
{ "type": "Feature", "properties": { "index": "1468", "last_edit_year": 2024, "years_since_edit": 2, "label": "1.5–2.5 yr", "color": "#9e9ac8" }, "geometry": { "type": "Point", "coordinates": [ 3.8889188, 43.6156802 ] } },
{ "type": "Feature", "properties": { "index": "1469", "last_edit_year": 2024, "years_since_edit": 2, "label": "1.5–2.5 yr", "color": "#9e9ac8" }, "geometry": { "type": "Point", "coordinates": [ 3.8888233, 43.6157418 ] } },
{ "type": "Feature", "properties": { "index": "1470", "last_edit_year": 2024, "years_since_edit": 2, "label": "1.5–2.5 yr", "color": "#9e9ac8" }, "geometry": { "type": "Point", "coordinates": [ 3.8848257, 43.6157957 ] } },
{ "type": "Feature", "properties": { "index": "1471", "last_edit_year": 2024, "years_since_edit": 2, "label": "1.5–2.5 yr", "color": "#9e9ac8" }, "geometry": { "type": "Point", "coordinates": [ 3.8846956, 43.6156637 ] } },
{ "type": "Feature", "properties": { "index": "1472", "last_edit_year": 2024, "years_since_edit": 2, "label": "1.5–2.5 yr", "color": "#9e9ac8" }, "geometry": { "type": "Point", "coordinates": [ 3.8848847, 43.6156773 ] } },
{ "type": "Feature", "properties": { "index": "1473", "last_edit_year": 2024, "years_since_edit": 2, "label": "1.5–2.5 yr", "color": "#9e9ac8" }, "geometry": { "type": "Point", "coordinates": [ 3.8829817, 43.6188541 ] } },
{ "type": "Feature", "properties": { "index": "1474", "last_edit_year": 2024, "years_since_edit": 2, "label": "1.5–2.5 yr", "color": "#9e9ac8" }, "geometry": { "type": "Point", "coordinates": [ 3.8824676, 43.6182955 ] } },
{ "type": "Feature", "properties": { "index": "1475", "last_edit_year": 2024, "years_since_edit": 2, "label": "1.5–2.5 yr", "color": "#9e9ac8" }, "geometry": { "type": "Point", "coordinates": [ 3.8824774, 43.6181924 ] } },
{ "type": "Feature", "properties": { "index": "1476", "last_edit_year": 2025, "years_since_edit": 1, "label": "0.5–1.5 yr", "color": "#cbc9e2" }, "geometry": { "type": "Point", "coordinates": [ 3.8815641, 43.6012261 ] } },
{ "type": "Feature", "properties": { "index": "1477", "last_edit_year": 2025, "years_since_edit": 1, "label": "0.5–1.5 yr", "color": "#cbc9e2" }, "geometry": { "type": "Point", "coordinates": [ 3.8816453, 43.601195 ] } },
{ "type": "Feature", "properties": { "index": "1478", "last_edit_year": 2025, "years_since_edit": 1, "label": "0.5–1.5 yr", "color": "#cbc9e2" }, "geometry": { "type": "Point", "coordinates": [ 3.881603, 43.6010988 ] } },
{ "type": "Feature", "properties": { "index": "1479", "last_edit_year": 2024, "years_since_edit": 2, "label": "1.5–2.5 yr", "color": "#9e9ac8" }, "geometry": { "type": "Point", "coordinates": [ 3.892706, 43.6204599 ] } },
{ "type": "Feature", "properties": { "index": "1480", "last_edit_year": 2024, "years_since_edit": 2, "label": "1.5–2.5 yr", "color": "#9e9ac8" }, "geometry": { "type": "Point", "coordinates": [ 3.8930762, 43.6205056 ] } },
{ "type": "Feature", "properties": { "index": "1481", "last_edit_year": 2024, "years_since_edit": 2, "label": "1.5–2.5 yr", "color": "#9e9ac8" }, "geometry": { "type": "Point", "coordinates": [ 3.8924029, 43.6202308 ] } },
{ "type": "Feature", "properties": { "index": "1482", "last_edit_year": 2026, "years_since_edit": 0, "label": "0.0–0.5 yr", "color": "#f2f0f7" }, "geometry": { "type": "Point", "coordinates": [ 3.9035296, 43.6018617 ] } },
{ "type": "Feature", "properties": { "index": "1483", "last_edit_year": 2026, "years_since_edit": 0, "label": "0.0–0.5 yr", "color": "#f2f0f7" }, "geometry": { "type": "Point", "coordinates": [ 3.9049191, 43.6027286 ] } },
{ "type": "Feature", "properties": { "index": "1484", "last_edit_year": 2026, "years_since_edit": 0, "label": "0.0–0.5 yr", "color": "#f2f0f7" }, "geometry": { "type": "Point", "coordinates": [ 3.9033128, 43.6023453 ] } },
{ "type": "Feature", "properties": { "index": "1485", "last_edit_year": 2019, "years_since_edit": 7, "label": "6.5–14.0 yr", "color": "#54278f" }, "geometry": { "type": "Point", "coordinates": [ 3.8955317, 43.6023429 ] } },
{ "type": "Feature", "properties": { "index": "1486", "last_edit_year": 2019, "years_since_edit": 7, "label": "6.5–14.0 yr", "color": "#54278f" }, "geometry": { "type": "Point", "coordinates": [ 3.8954848, 43.6021797 ] } },
{ "type": "Feature", "properties": { "index": "1487", "last_edit_year": 2025, "years_since_edit": 1, "label": "0.5–1.5 yr", "color": "#cbc9e2" }, "geometry": { "type": "Point", "coordinates": [ 3.8959046, 43.6034 ] } },
{ "type": "Feature", "properties": { "index": "1488", "last_edit_year": 2022, "years_since_edit": 4, "label": "2.5–6.5 yr", "color": "#756bb1" }, "geometry": { "type": "Point", "coordinates": [ 3.8958067, 43.6032162 ] } },
{ "type": "Feature", "properties": { "index": "1489", "last_edit_year": 2023, "years_since_edit": 3, "label": "2.5–6.5 yr", "color": "#756bb1" }, "geometry": { "type": "Point", "coordinates": [ 3.895741, 43.6030429 ] } },
{ "type": "Feature", "properties": { "index": "1490", "last_edit_year": 2022, "years_since_edit": 4, "label": "2.5–6.5 yr", "color": "#756bb1" }, "geometry": { "type": "Point", "coordinates": [ 3.8956887, 43.6028685 ] } },
{ "type": "Feature", "properties": { "index": "1491", "last_edit_year": 2022, "years_since_edit": 4, "label": "2.5–6.5 yr", "color": "#756bb1" }, "geometry": { "type": "Point", "coordinates": [ 3.8956387, 43.602701 ] } },
{ "type": "Feature", "properties": { "index": "1492", "last_edit_year": 2022, "years_since_edit": 4, "label": "2.5–6.5 yr", "color": "#756bb1" }, "geometry": { "type": "Point", "coordinates": [ 3.8955797, 43.6025146 ] } },
{ "type": "Feature", "properties": { "index": "1493", "last_edit_year": 2019, "years_since_edit": 7, "label": "6.5–14.0 yr", "color": "#54278f" }, "geometry": { "type": "Point", "coordinates": [ 3.8954285, 43.6019909 ] } },
{ "type": "Feature", "properties": { "index": "1494", "last_edit_year": 2025, "years_since_edit": 1, "label": "0.5–1.5 yr", "color": "#cbc9e2" }, "geometry": { "type": "Point", "coordinates": [ 3.8950831, 43.6009376 ] } },
{ "type": "Feature", "properties": { "index": "1495", "last_edit_year": 2024, "years_since_edit": 2, "label": "1.5–2.5 yr", "color": "#9e9ac8" }, "geometry": { "type": "Point", "coordinates": [ 3.8949695, 43.600956 ] } },
{ "type": "Feature", "properties": { "index": "1496", "last_edit_year": 2022, "years_since_edit": 4, "label": "2.5–6.5 yr", "color": "#756bb1" }, "geometry": { "type": "Point", "coordinates": [ 3.8954221, 43.6010823 ] } },
{ "type": "Feature", "properties": { "index": "1497", "last_edit_year": 2022, "years_since_edit": 4, "label": "2.5–6.5 yr", "color": "#756bb1" }, "geometry": { "type": "Point", "coordinates": [ 3.8955276, 43.6009098 ] } },
{ "type": "Feature", "properties": { "index": "1498", "last_edit_year": 2022, "years_since_edit": 4, "label": "2.5–6.5 yr", "color": "#756bb1" }, "geometry": { "type": "Point", "coordinates": [ 3.8958047, 43.6006191 ] } },
{ "type": "Feature", "properties": { "index": "1499", "last_edit_year": 2022, "years_since_edit": 4, "label": "2.5–6.5 yr", "color": "#756bb1" }, "geometry": { "type": "Point", "coordinates": [ 3.8959555, 43.6004841 ] } },
{ "type": "Feature", "properties": { "index": "1500", "last_edit_year": 2026, "years_since_edit": 0, "label": "0.0–0.5 yr", "color": "#f2f0f7" }, "geometry": { "type": "Point", "coordinates": [ 3.8798692, 43.6060869 ] } },
{ "type": "Feature", "properties": { "index": "1501", "last_edit_year": 2024, "years_since_edit": 2, "label": "1.5–2.5 yr", "color": "#9e9ac8" }, "geometry": { "type": "Point", "coordinates": [ 3.8813264, 43.6048576 ] } },
{ "type": "Feature", "properties": { "index": "1502", "last_edit_year": 2024, "years_since_edit": 2, "label": "1.5–2.5 yr", "color": "#9e9ac8" }, "geometry": { "type": "Point", "coordinates": [ 3.8858467, 43.6093572 ] } },
{ "type": "Feature", "properties": { "index": "1503", "last_edit_year": 2024, "years_since_edit": 2, "label": "1.5–2.5 yr", "color": "#9e9ac8" }, "geometry": { "type": "Point", "coordinates": [ 3.8924736, 43.6070183 ] } },
{ "type": "Feature", "properties": { "index": "1504", "last_edit_year": 2025, "years_since_edit": 1, "label": "0.5–1.5 yr", "color": "#cbc9e2" }, "geometry": { "type": "Point", "coordinates": [ 3.8938602, 43.606758 ] } },
{ "type": "Feature", "properties": { "index": "1505", "last_edit_year": 2019, "years_since_edit": 7, "label": "6.5–14.0 yr", "color": "#54278f" }, "geometry": { "type": "Point", "coordinates": [ 3.8896365, 43.6084958 ] } },
{ "type": "Feature", "properties": { "index": "1506", "last_edit_year": 2019, "years_since_edit": 7, "label": "6.5–14.0 yr", "color": "#54278f" }, "geometry": { "type": "Point", "coordinates": [ 3.8897033, 43.6084924 ] } },
{ "type": "Feature", "properties": { "index": "1507", "last_edit_year": 2025, "years_since_edit": 1, "label": "0.5–1.5 yr", "color": "#cbc9e2" }, "geometry": { "type": "Point", "coordinates": [ 3.8990186, 43.6011758 ] } },
{ "type": "Feature", "properties": { "index": "1508", "last_edit_year": 2025, "years_since_edit": 1, "label": "0.5–1.5 yr", "color": "#cbc9e2" }, "geometry": { "type": "Point", "coordinates": [ 3.8989301, 43.6011983 ] } },
{ "type": "Feature", "properties": { "index": "1509", "last_edit_year": 2022, "years_since_edit": 4, "label": "2.5–6.5 yr", "color": "#756bb1" }, "geometry": { "type": "Point", "coordinates": [ 3.8998845, 43.600057 ] } },
{ "type": "Feature", "properties": { "index": "1510", "last_edit_year": 2022, "years_since_edit": 4, "label": "2.5–6.5 yr", "color": "#756bb1" }, "geometry": { "type": "Point", "coordinates": [ 3.8999327, 43.6000686 ] } },
{ "type": "Feature", "properties": { "index": "1511", "last_edit_year": 2018, "years_since_edit": 8, "label": "6.5–14.0 yr", "color": "#54278f" }, "geometry": { "type": "Point", "coordinates": [ 3.882672, 43.6110293 ] } },
{ "type": "Feature", "properties": { "index": "1512", "last_edit_year": 2018, "years_since_edit": 8, "label": "6.5–14.0 yr", "color": "#54278f" }, "geometry": { "type": "Point", "coordinates": [ 3.882672, 43.6112206 ] } },
{ "type": "Feature", "properties": { "index": "1513", "last_edit_year": 2018, "years_since_edit": 8, "label": "6.5–14.0 yr", "color": "#54278f" }, "geometry": { "type": "Point", "coordinates": [ 3.8826022, 43.6107419 ] } },
{ "type": "Feature", "properties": { "index": "1514", "last_edit_year": 2024, "years_since_edit": 2, "label": "1.5–2.5 yr", "color": "#9e9ac8" }, "geometry": { "type": "Point", "coordinates": [ 3.8936094, 43.603469 ] } },
{ "type": "Feature", "properties": { "index": "1515", "last_edit_year": 2024, "years_since_edit": 2, "label": "1.5–2.5 yr", "color": "#9e9ac8" }, "geometry": { "type": "Point", "coordinates": [ 3.9042704, 43.6215074 ] } },
{ "type": "Feature", "properties": { "index": "1516", "last_edit_year": 2024, "years_since_edit": 2, "label": "1.5–2.5 yr", "color": "#9e9ac8" }, "geometry": { "type": "Point", "coordinates": [ 3.9043119, 43.62151 ] } },
{ "type": "Feature", "properties": { "index": "1517", "last_edit_year": 2025, "years_since_edit": 1, "label": "0.5–1.5 yr", "color": "#cbc9e2" }, "geometry": { "type": "Point", "coordinates": [ 3.8781779, 43.6009881 ] } },
{ "type": "Feature", "properties": { "index": "1518", "last_edit_year": 2024, "years_since_edit": 2, "label": "1.5–2.5 yr", "color": "#9e9ac8" }, "geometry": { "type": "Point", "coordinates": [ 3.8785965, 43.6015851 ] } },
{ "type": "Feature", "properties": { "index": "1519", "last_edit_year": 2024, "years_since_edit": 2, "label": "1.5–2.5 yr", "color": "#9e9ac8" }, "geometry": { "type": "Point", "coordinates": [ 3.878572, 43.6016569 ] } },
{ "type": "Feature", "properties": { "index": "1520", "last_edit_year": 2024, "years_since_edit": 2, "label": "1.5–2.5 yr", "color": "#9e9ac8" }, "geometry": { "type": "Point", "coordinates": [ 3.8759668, 43.6088779 ] } },
{ "type": "Feature", "properties": { "index": "1521", "last_edit_year": 2024, "years_since_edit": 2, "label": "1.5–2.5 yr", "color": "#9e9ac8" }, "geometry": { "type": "Point", "coordinates": [ 3.8809768, 43.615807 ] } },
{ "type": "Feature", "properties": { "index": "1522", "last_edit_year": 2024, "years_since_edit": 2, "label": "1.5–2.5 yr", "color": "#9e9ac8" }, "geometry": { "type": "Point", "coordinates": [ 3.8843784, 43.6199305 ] } },
{ "type": "Feature", "properties": { "index": "1523", "last_edit_year": 2019, "years_since_edit": 7, "label": "6.5–14.0 yr", "color": "#54278f" }, "geometry": { "type": "Point", "coordinates": [ 3.8872846, 43.6205286 ] } },
{ "type": "Feature", "properties": { "index": "1524", "last_edit_year": 2021, "years_since_edit": 5, "label": "2.5–6.5 yr", "color": "#756bb1" }, "geometry": { "type": "Point", "coordinates": [ 3.8948082, 43.6123279 ] } },
{ "type": "Feature", "properties": { "index": "1525", "last_edit_year": 2024, "years_since_edit": 2, "label": "1.5–2.5 yr", "color": "#9e9ac8" }, "geometry": { "type": "Point", "coordinates": [ 3.8822682, 43.6156094 ] } },
{ "type": "Feature", "properties": { "index": "1526", "last_edit_year": 2024, "years_since_edit": 2, "label": "1.5–2.5 yr", "color": "#9e9ac8" }, "geometry": { "type": "Point", "coordinates": [ 3.8821778, 43.6156145 ] } },
{ "type": "Feature", "properties": { "index": "1527", "last_edit_year": 2026, "years_since_edit": 0, "label": "0.0–0.5 yr", "color": "#f2f0f7" }, "geometry": { "type": "Point", "coordinates": [ 3.8836819, 43.6172835 ] } },
{ "type": "Feature", "properties": { "index": "1528", "last_edit_year": 2026, "years_since_edit": 0, "label": "0.0–0.5 yr", "color": "#f2f0f7" }, "geometry": { "type": "Point", "coordinates": [ 3.8837693, 43.6175112 ] } },
{ "type": "Feature", "properties": { "index": "1529", "last_edit_year": 2026, "years_since_edit": 0, "label": "0.0–0.5 yr", "color": "#f2f0f7" }, "geometry": { "type": "Point", "coordinates": [ 3.8839698, 43.6174081 ] } },
{ "type": "Feature", "properties": { "index": "1530", "last_edit_year": 2024, "years_since_edit": 2, "label": "1.5–2.5 yr", "color": "#9e9ac8" }, "geometry": { "type": "Point", "coordinates": [ 3.8818036, 43.6175319 ] } },
{ "type": "Feature", "properties": { "index": "1531", "last_edit_year": 2026, "years_since_edit": 0, "label": "0.0–0.5 yr", "color": "#f2f0f7" }, "geometry": { "type": "Point", "coordinates": [ 3.8817822, 43.6176163 ] } },
{ "type": "Feature", "properties": { "index": "1532", "last_edit_year": 2026, "years_since_edit": 0, "label": "0.0–0.5 yr", "color": "#f2f0f7" }, "geometry": { "type": "Point", "coordinates": [ 3.8816588, 43.617608 ] } },
{ "type": "Feature", "properties": { "index": "1533", "last_edit_year": 2026, "years_since_edit": 0, "label": "0.0–0.5 yr", "color": "#f2f0f7" }, "geometry": { "type": "Point", "coordinates": [ 3.881688, 43.6175228 ] } },
{ "type": "Feature", "properties": { "index": "1534", "last_edit_year": 2024, "years_since_edit": 2, "label": "1.5–2.5 yr", "color": "#9e9ac8" }, "geometry": { "type": "Point", "coordinates": [ 3.9025645, 43.6074131 ] } },
{ "type": "Feature", "properties": { "index": "1535", "last_edit_year": 2024, "years_since_edit": 2, "label": "1.5–2.5 yr", "color": "#9e9ac8" }, "geometry": { "type": "Point", "coordinates": [ 3.8884783, 43.6190996 ] } },
{ "type": "Feature", "properties": { "index": "1536", "last_edit_year": 2024, "years_since_edit": 2, "label": "1.5–2.5 yr", "color": "#9e9ac8" }, "geometry": { "type": "Point", "coordinates": [ 3.8880634, 43.6192986 ] } },
{ "type": "Feature", "properties": { "index": "1537", "last_edit_year": 2024, "years_since_edit": 2, "label": "1.5–2.5 yr", "color": "#9e9ac8" }, "geometry": { "type": "Point", "coordinates": [ 3.882858, 43.6197263 ] } },
{ "type": "Feature", "properties": { "index": "1538", "last_edit_year": 2026, "years_since_edit": 0, "label": "0.0–0.5 yr", "color": "#f2f0f7" }, "geometry": { "type": "Point", "coordinates": [ 3.8802755, 43.6198103 ] } },
{ "type": "Feature", "properties": { "index": "1539", "last_edit_year": 2025, "years_since_edit": 1, "label": "0.5–1.5 yr", "color": "#cbc9e2" }, "geometry": { "type": "Point", "coordinates": [ 3.8932012, 43.6176323 ] } },
{ "type": "Feature", "properties": { "index": "1540", "last_edit_year": 2024, "years_since_edit": 2, "label": "1.5–2.5 yr", "color": "#9e9ac8" }, "geometry": { "type": "Point", "coordinates": [ 3.8945854, 43.6120786 ] } },
{ "type": "Feature", "properties": { "index": "1541", "last_edit_year": 2024, "years_since_edit": 2, "label": "1.5–2.5 yr", "color": "#9e9ac8" }, "geometry": { "type": "Point", "coordinates": [ 3.8945863, 43.6103855 ] } },
{ "type": "Feature", "properties": { "index": "1542", "last_edit_year": 2021, "years_since_edit": 5, "label": "2.5–6.5 yr", "color": "#756bb1" }, "geometry": { "type": "Point", "coordinates": [ 3.8944623, 43.6104557 ] } },
{ "type": "Feature", "properties": { "index": "1543", "last_edit_year": 2023, "years_since_edit": 3, "label": "2.5–6.5 yr", "color": "#756bb1" }, "geometry": { "type": "Point", "coordinates": [ 3.8892359, 43.6092838 ] } },
{ "type": "Feature", "properties": { "index": "1544", "last_edit_year": 2024, "years_since_edit": 2, "label": "1.5–2.5 yr", "color": "#9e9ac8" }, "geometry": { "type": "Point", "coordinates": [ 3.8738221, 43.6014698 ] } },
{ "type": "Feature", "properties": { "index": "1545", "last_edit_year": 2024, "years_since_edit": 2, "label": "1.5–2.5 yr", "color": "#9e9ac8" }, "geometry": { "type": "Point", "coordinates": [ 3.8739004, 43.6017335 ] } },
{ "type": "Feature", "properties": { "index": "1546", "last_edit_year": 2024, "years_since_edit": 2, "label": "1.5–2.5 yr", "color": "#9e9ac8" }, "geometry": { "type": "Point", "coordinates": [ 3.8740244, 43.6016948 ] } },
{ "type": "Feature", "properties": { "index": "1547", "last_edit_year": 2024, "years_since_edit": 2, "label": "1.5–2.5 yr", "color": "#9e9ac8" }, "geometry": { "type": "Point", "coordinates": [ 3.8720399, 43.6020181 ] } },
{ "type": "Feature", "properties": { "index": "1548", "last_edit_year": 2024, "years_since_edit": 2, "label": "1.5–2.5 yr", "color": "#9e9ac8" }, "geometry": { "type": "Point", "coordinates": [ 3.8739449, 43.6016337 ] } },
{ "type": "Feature", "properties": { "index": "1549", "last_edit_year": 2024, "years_since_edit": 2, "label": "1.5–2.5 yr", "color": "#9e9ac8" }, "geometry": { "type": "Point", "coordinates": [ 3.8739809, 43.601768 ] } },
{ "type": "Feature", "properties": { "index": "1550", "last_edit_year": 2023, "years_since_edit": 3, "label": "2.5–6.5 yr", "color": "#756bb1" }, "geometry": { "type": "Point", "coordinates": [ 3.8751116, 43.6024231 ] } },
{ "type": "Feature", "properties": { "index": "1551", "last_edit_year": 2022, "years_since_edit": 4, "label": "2.5–6.5 yr", "color": "#756bb1" }, "geometry": { "type": "Point", "coordinates": [ 3.8890814, 43.6055274 ] } },
{ "type": "Feature", "properties": { "index": "1552", "last_edit_year": 2023, "years_since_edit": 3, "label": "2.5–6.5 yr", "color": "#756bb1" }, "geometry": { "type": "Point", "coordinates": [ 3.9036271, 43.6018034 ] } },
{ "type": "Feature", "properties": { "index": "1553", "last_edit_year": 2025, "years_since_edit": 1, "label": "0.5–1.5 yr", "color": "#cbc9e2" }, "geometry": { "type": "Point", "coordinates": [ 3.9047669, 43.613399 ] } },
{ "type": "Feature", "properties": { "index": "1554", "last_edit_year": 2021, "years_since_edit": 5, "label": "2.5–6.5 yr", "color": "#756bb1" }, "geometry": { "type": "Point", "coordinates": [ 3.8885761, 43.61313 ] } },
{ "type": "Feature", "properties": { "index": "1555", "last_edit_year": 2024, "years_since_edit": 2, "label": "1.5–2.5 yr", "color": "#9e9ac8" }, "geometry": { "type": "Point", "coordinates": [ 3.8699713, 43.6049308 ] } },
{ "type": "Feature", "properties": { "index": "1556", "last_edit_year": 2024, "years_since_edit": 2, "label": "1.5–2.5 yr", "color": "#9e9ac8" }, "geometry": { "type": "Point", "coordinates": [ 3.8698941, 43.6049423 ] } },
{ "type": "Feature", "properties": { "index": "1557", "last_edit_year": 2024, "years_since_edit": 2, "label": "1.5–2.5 yr", "color": "#9e9ac8" }, "geometry": { "type": "Point", "coordinates": [ 3.8699732, 43.6049854 ] } },
{ "type": "Feature", "properties": { "index": "1558", "last_edit_year": 2024, "years_since_edit": 2, "label": "1.5–2.5 yr", "color": "#9e9ac8" }, "geometry": { "type": "Point", "coordinates": [ 3.8699086, 43.604976 ] } },
{ "type": "Feature", "properties": { "index": "1559", "last_edit_year": 2025, "years_since_edit": 1, "label": "0.5–1.5 yr", "color": "#cbc9e2" }, "geometry": { "type": "Point", "coordinates": [ 3.8694897, 43.60475 ] } },
{ "type": "Feature", "properties": { "index": "1560", "last_edit_year": 2025, "years_since_edit": 1, "label": "0.5–1.5 yr", "color": "#cbc9e2" }, "geometry": { "type": "Point", "coordinates": [ 3.8690221, 43.6044716 ] } },
{ "type": "Feature", "properties": { "index": "1561", "last_edit_year": 2025, "years_since_edit": 1, "label": "0.5–1.5 yr", "color": "#cbc9e2" }, "geometry": { "type": "Point", "coordinates": [ 3.8695443, 43.6046982 ] } },
{ "type": "Feature", "properties": { "index": "1562", "last_edit_year": 2024, "years_since_edit": 2, "label": "1.5–2.5 yr", "color": "#9e9ac8" }, "geometry": { "type": "Point", "coordinates": [ 3.8696997, 43.6038629 ] } },
{ "type": "Feature", "properties": { "index": "1563", "last_edit_year": 2024, "years_since_edit": 2, "label": "1.5–2.5 yr", "color": "#9e9ac8" }, "geometry": { "type": "Point", "coordinates": [ 3.8693507, 43.603685 ] } },
{ "type": "Feature", "properties": { "index": "1564", "last_edit_year": 2025, "years_since_edit": 1, "label": "0.5–1.5 yr", "color": "#cbc9e2" }, "geometry": { "type": "Point", "coordinates": [ 3.8685974, 43.6041342 ] } },
{ "type": "Feature", "properties": { "index": "1565", "last_edit_year": 2022, "years_since_edit": 4, "label": "2.5–6.5 yr", "color": "#756bb1" }, "geometry": { "type": "Point", "coordinates": [ 3.8675963, 43.6052819 ] } },
{ "type": "Feature", "properties": { "index": "1566", "last_edit_year": 2023, "years_since_edit": 3, "label": "2.5–6.5 yr", "color": "#756bb1" }, "geometry": { "type": "Point", "coordinates": [ 3.8945985, 43.6096662 ] } },
{ "type": "Feature", "properties": { "index": "1567", "last_edit_year": 2024, "years_since_edit": 2, "label": "1.5–2.5 yr", "color": "#9e9ac8" }, "geometry": { "type": "Point", "coordinates": [ 3.8800865, 43.6003147 ] } },
{ "type": "Feature", "properties": { "index": "1568", "last_edit_year": 2024, "years_since_edit": 2, "label": "1.5–2.5 yr", "color": "#9e9ac8" }, "geometry": { "type": "Point", "coordinates": [ 3.8802603, 43.6000827 ] } },
{ "type": "Feature", "properties": { "index": "1569", "last_edit_year": 2024, "years_since_edit": 2, "label": "1.5–2.5 yr", "color": "#9e9ac8" }, "geometry": { "type": "Point", "coordinates": [ 3.8804279, 43.6000924 ] } },
{ "type": "Feature", "properties": { "index": "1570", "last_edit_year": 2024, "years_since_edit": 2, "label": "1.5–2.5 yr", "color": "#9e9ac8" }, "geometry": { "type": "Point", "coordinates": [ 3.8807051, 43.6000925 ] } },
{ "type": "Feature", "properties": { "index": "1571", "last_edit_year": 2024, "years_since_edit": 2, "label": "1.5–2.5 yr", "color": "#9e9ac8" }, "geometry": { "type": "Point", "coordinates": [ 3.8782948, 43.6002173 ] } },
{ "type": "Feature", "properties": { "index": "1572", "last_edit_year": 2024, "years_since_edit": 2, "label": "1.5–2.5 yr", "color": "#9e9ac8" }, "geometry": { "type": "Point", "coordinates": [ 3.8789556, 43.6005528 ] } },
{ "type": "Feature", "properties": { "index": "1573", "last_edit_year": 2024, "years_since_edit": 2, "label": "1.5–2.5 yr", "color": "#9e9ac8" }, "geometry": { "type": "Point", "coordinates": [ 3.8794134, 43.6006666 ] } },
{ "type": "Feature", "properties": { "index": "1574", "last_edit_year": 2024, "years_since_edit": 2, "label": "1.5–2.5 yr", "color": "#9e9ac8" }, "geometry": { "type": "Point", "coordinates": [ 3.8793118, 43.6004485 ] } },
{ "type": "Feature", "properties": { "index": "1575", "last_edit_year": 2024, "years_since_edit": 2, "label": "1.5–2.5 yr", "color": "#9e9ac8" }, "geometry": { "type": "Point", "coordinates": [ 3.8795297, 43.6004952 ] } },
{ "type": "Feature", "properties": { "index": "1576", "last_edit_year": 2024, "years_since_edit": 2, "label": "1.5–2.5 yr", "color": "#9e9ac8" }, "geometry": { "type": "Point", "coordinates": [ 3.8937719, 43.6209822 ] } },
{ "type": "Feature", "properties": { "index": "1577", "last_edit_year": 2023, "years_since_edit": 3, "label": "2.5–6.5 yr", "color": "#756bb1" }, "geometry": { "type": "Point", "coordinates": [ 3.8798211, 43.6033674 ] } },
{ "type": "Feature", "properties": { "index": "1578", "last_edit_year": 2019, "years_since_edit": 7, "label": "6.5–14.0 yr", "color": "#54278f" }, "geometry": { "type": "Point", "coordinates": [ 3.8942633, 43.6184467 ] } },
{ "type": "Feature", "properties": { "index": "1579", "last_edit_year": 2024, "years_since_edit": 2, "label": "1.5–2.5 yr", "color": "#9e9ac8" }, "geometry": { "type": "Point", "coordinates": [ 3.8771791, 43.6195291 ] } },
{ "type": "Feature", "properties": { "index": "1580", "last_edit_year": 2024, "years_since_edit": 2, "label": "1.5–2.5 yr", "color": "#9e9ac8" }, "geometry": { "type": "Point", "coordinates": [ 3.8777077, 43.6189936 ] } },
{ "type": "Feature", "properties": { "index": "1581", "last_edit_year": 2024, "years_since_edit": 2, "label": "1.5–2.5 yr", "color": "#9e9ac8" }, "geometry": { "type": "Point", "coordinates": [ 3.8775513, 43.6191516 ] } },
{ "type": "Feature", "properties": { "index": "1582", "last_edit_year": 2024, "years_since_edit": 2, "label": "1.5–2.5 yr", "color": "#9e9ac8" }, "geometry": { "type": "Point", "coordinates": [ 3.8712294, 43.6056963 ] } },
{ "type": "Feature", "properties": { "index": "1583", "last_edit_year": 2026, "years_since_edit": 0, "label": "0.0–0.5 yr", "color": "#f2f0f7" }, "geometry": { "type": "Point", "coordinates": [ 3.8750091, 43.6023624 ] } },
{ "type": "Feature", "properties": { "index": "1584", "last_edit_year": 2026, "years_since_edit": 0, "label": "0.0–0.5 yr", "color": "#f2f0f7" }, "geometry": { "type": "Point", "coordinates": [ 3.8752818, 43.6024294 ] } },
{ "type": "Feature", "properties": { "index": "1585", "last_edit_year": 2024, "years_since_edit": 2, "label": "1.5–2.5 yr", "color": "#9e9ac8" }, "geometry": { "type": "Point", "coordinates": [ 3.8785801, 43.6040542 ] } },
{ "type": "Feature", "properties": { "index": "1586", "last_edit_year": 2024, "years_since_edit": 2, "label": "1.5–2.5 yr", "color": "#9e9ac8" }, "geometry": { "type": "Point", "coordinates": [ 3.8760179, 43.620636 ] } },
{ "type": "Feature", "properties": { "index": "1587", "last_edit_year": 2023, "years_since_edit": 3, "label": "2.5–6.5 yr", "color": "#756bb1" }, "geometry": { "type": "Point", "coordinates": [ 3.8889803, 43.624785 ] } },
{ "type": "Feature", "properties": { "index": "1588", "last_edit_year": 2019, "years_since_edit": 7, "label": "6.5–14.0 yr", "color": "#54278f" }, "geometry": { "type": "Point", "coordinates": [ 3.8949843, 43.6177355 ] } },
{ "type": "Feature", "properties": { "index": "1589", "last_edit_year": 2025, "years_since_edit": 1, "label": "0.5–1.5 yr", "color": "#cbc9e2" }, "geometry": { "type": "Point", "coordinates": [ 3.8936251, 43.6175721 ] } },
{ "type": "Feature", "properties": { "index": "1590", "last_edit_year": 2024, "years_since_edit": 2, "label": "1.5–2.5 yr", "color": "#9e9ac8" }, "geometry": { "type": "Point", "coordinates": [ 3.898328, 43.6181219 ] } },
{ "type": "Feature", "properties": { "index": "1591", "last_edit_year": 2026, "years_since_edit": 0, "label": "0.0–0.5 yr", "color": "#f2f0f7" }, "geometry": { "type": "Point", "coordinates": [ 3.8807499, 43.6141181 ] } },
{ "type": "Feature", "properties": { "index": "1592", "last_edit_year": 2022, "years_since_edit": 4, "label": "2.5–6.5 yr", "color": "#756bb1" }, "geometry": { "type": "Point", "coordinates": [ 3.8991333, 43.6090755 ] } },
{ "type": "Feature", "properties": { "index": "1593", "last_edit_year": 2022, "years_since_edit": 4, "label": "2.5–6.5 yr", "color": "#756bb1" }, "geometry": { "type": "Point", "coordinates": [ 3.9033215, 43.6056299 ] } },
{ "type": "Feature", "properties": { "index": "1594", "last_edit_year": 2022, "years_since_edit": 4, "label": "2.5–6.5 yr", "color": "#756bb1" }, "geometry": { "type": "Point", "coordinates": [ 3.9032039, 43.6056709 ] } },
{ "type": "Feature", "properties": { "index": "1595", "last_edit_year": 2022, "years_since_edit": 4, "label": "2.5–6.5 yr", "color": "#756bb1" }, "geometry": { "type": "Point", "coordinates": [ 3.8749228, 43.604324 ] } },
{ "type": "Feature", "properties": { "index": "1596", "last_edit_year": 2022, "years_since_edit": 4, "label": "2.5–6.5 yr", "color": "#756bb1" }, "geometry": { "type": "Point", "coordinates": [ 3.8748724, 43.6042959 ] } },
{ "type": "Feature", "properties": { "index": "1597", "last_edit_year": 2024, "years_since_edit": 2, "label": "1.5–2.5 yr", "color": "#9e9ac8" }, "geometry": { "type": "Point", "coordinates": [ 3.8838024, 43.6032735 ] } },
{ "type": "Feature", "properties": { "index": "1598", "last_edit_year": 2025, "years_since_edit": 1, "label": "0.5–1.5 yr", "color": "#cbc9e2" }, "geometry": { "type": "Point", "coordinates": [ 3.867237, 43.6241338 ] } },
{ "type": "Feature", "properties": { "index": "1599", "last_edit_year": 2026, "years_since_edit": 0, "label": "0.0–0.5 yr", "color": "#f2f0f7" }, "geometry": { "type": "Point", "coordinates": [ 3.8678214, 43.622863 ] } },
{ "type": "Feature", "properties": { "index": "1600", "last_edit_year": 2025, "years_since_edit": 1, "label": "0.5–1.5 yr", "color": "#cbc9e2" }, "geometry": { "type": "Point", "coordinates": [ 3.8681524, 43.62268 ] } },
{ "type": "Feature", "properties": { "index": "1601", "last_edit_year": 2025, "years_since_edit": 1, "label": "0.5–1.5 yr", "color": "#cbc9e2" }, "geometry": { "type": "Point", "coordinates": [ 3.8679892, 43.6228357 ] } },
{ "type": "Feature", "properties": { "index": "1602", "last_edit_year": 2025, "years_since_edit": 1, "label": "0.5–1.5 yr", "color": "#cbc9e2" }, "geometry": { "type": "Point", "coordinates": [ 3.8680309, 43.6228469 ] } },
{ "type": "Feature", "properties": { "index": "1603", "last_edit_year": 2025, "years_since_edit": 1, "label": "0.5–1.5 yr", "color": "#cbc9e2" }, "geometry": { "type": "Point", "coordinates": [ 3.8681107, 43.6229319 ] } },
{ "type": "Feature", "properties": { "index": "1604", "last_edit_year": 2022, "years_since_edit": 4, "label": "2.5–6.5 yr", "color": "#756bb1" }, "geometry": { "type": "Point", "coordinates": [ 3.881537, 43.613297 ] } },
{ "type": "Feature", "properties": { "index": "1605", "last_edit_year": 2019, "years_since_edit": 7, "label": "6.5–14.0 yr", "color": "#54278f" }, "geometry": { "type": "Point", "coordinates": [ 3.8815483, 43.6133485 ] } },
{ "type": "Feature", "properties": { "index": "1606", "last_edit_year": 2019, "years_since_edit": 7, "label": "6.5–14.0 yr", "color": "#54278f" }, "geometry": { "type": "Point", "coordinates": [ 3.8815624, 43.6134152 ] } },
{ "type": "Feature", "properties": { "index": "1607", "last_edit_year": 2019, "years_since_edit": 7, "label": "6.5–14.0 yr", "color": "#54278f" }, "geometry": { "type": "Point", "coordinates": [ 3.8815756, 43.6134727 ] } },
{ "type": "Feature", "properties": { "index": "1608", "last_edit_year": 2019, "years_since_edit": 7, "label": "6.5–14.0 yr", "color": "#54278f" }, "geometry": { "type": "Point", "coordinates": [ 3.8816804, 43.6139691 ] } },
{ "type": "Feature", "properties": { "index": "1609", "last_edit_year": 2019, "years_since_edit": 7, "label": "6.5–14.0 yr", "color": "#54278f" }, "geometry": { "type": "Point", "coordinates": [ 3.8816071, 43.612971 ] } },
{ "type": "Feature", "properties": { "index": "1610", "last_edit_year": 2019, "years_since_edit": 7, "label": "6.5–14.0 yr", "color": "#54278f" }, "geometry": { "type": "Point", "coordinates": [ 3.881509, 43.612982 ] } },
{ "type": "Feature", "properties": { "index": "1611", "last_edit_year": 2021, "years_since_edit": 5, "label": "2.5–6.5 yr", "color": "#756bb1" }, "geometry": { "type": "Point", "coordinates": [ 3.8818992, 43.6141892 ] } },
{ "type": "Feature", "properties": { "index": "1612", "last_edit_year": 2026, "years_since_edit": 0, "label": "0.0–0.5 yr", "color": "#f2f0f7" }, "geometry": { "type": "Point", "coordinates": [ 3.8821814, 43.6068438 ] } },
{ "type": "Feature", "properties": { "index": "1613", "last_edit_year": 2019, "years_since_edit": 7, "label": "6.5–14.0 yr", "color": "#54278f" }, "geometry": { "type": "Point", "coordinates": [ 3.8817876, 43.613958 ] } },
{ "type": "Feature", "properties": { "index": "1614", "last_edit_year": 2021, "years_since_edit": 5, "label": "2.5–6.5 yr", "color": "#756bb1" }, "geometry": { "type": "Point", "coordinates": [ 3.8816788, 43.6142403 ] } },
{ "type": "Feature", "properties": { "index": "1615", "last_edit_year": 2021, "years_since_edit": 5, "label": "2.5–6.5 yr", "color": "#756bb1" }, "geometry": { "type": "Point", "coordinates": [ 3.8816855, 43.6142306 ] } },
{ "type": "Feature", "properties": { "index": "1616", "last_edit_year": 2021, "years_since_edit": 5, "label": "2.5–6.5 yr", "color": "#756bb1" }, "geometry": { "type": "Point", "coordinates": [ 3.8819521, 43.6143427 ] } },
{ "type": "Feature", "properties": { "index": "1617", "last_edit_year": 2026, "years_since_edit": 0, "label": "0.0–0.5 yr", "color": "#f2f0f7" }, "geometry": { "type": "Point", "coordinates": [ 3.8819561, 43.6143362 ] } },
{ "type": "Feature", "properties": { "index": "1618", "last_edit_year": 2019, "years_since_edit": 7, "label": "6.5–14.0 yr", "color": "#54278f" }, "geometry": { "type": "Point", "coordinates": [ 3.8821482, 43.6143024 ] } },
{ "type": "Feature", "properties": { "index": "1619", "last_edit_year": 2019, "years_since_edit": 7, "label": "6.5–14.0 yr", "color": "#54278f" }, "geometry": { "type": "Point", "coordinates": [ 3.8822173, 43.6142116 ] } },
{ "type": "Feature", "properties": { "index": "1620", "last_edit_year": 2024, "years_since_edit": 2, "label": "1.5–2.5 yr", "color": "#9e9ac8" }, "geometry": { "type": "Point", "coordinates": [ 3.8691296, 43.6017842 ] } },
{ "type": "Feature", "properties": { "index": "1621", "last_edit_year": 2022, "years_since_edit": 4, "label": "2.5–6.5 yr", "color": "#756bb1" }, "geometry": { "type": "Point", "coordinates": [ 3.8747326, 43.6032553 ] } },
{ "type": "Feature", "properties": { "index": "1622", "last_edit_year": 2021, "years_since_edit": 5, "label": "2.5–6.5 yr", "color": "#756bb1" }, "geometry": { "type": "Point", "coordinates": [ 3.8721328, 43.6036996 ] } },
{ "type": "Feature", "properties": { "index": "1623", "last_edit_year": 2025, "years_since_edit": 1, "label": "0.5–1.5 yr", "color": "#cbc9e2" }, "geometry": { "type": "Point", "coordinates": [ 3.9049825, 43.6019777 ] } },
{ "type": "Feature", "properties": { "index": "1624", "last_edit_year": 2025, "years_since_edit": 1, "label": "0.5–1.5 yr", "color": "#cbc9e2" }, "geometry": { "type": "Point", "coordinates": [ 3.9047961, 43.60197 ] } },
{ "type": "Feature", "properties": { "index": "1625", "last_edit_year": 2025, "years_since_edit": 1, "label": "0.5–1.5 yr", "color": "#cbc9e2" }, "geometry": { "type": "Point", "coordinates": [ 3.904501, 43.6018933 ] } },
{ "type": "Feature", "properties": { "index": "1626", "last_edit_year": 2025, "years_since_edit": 1, "label": "0.5–1.5 yr", "color": "#cbc9e2" }, "geometry": { "type": "Point", "coordinates": [ 3.90432, 43.6018797 ] } },
{ "type": "Feature", "properties": { "index": "1627", "last_edit_year": 2025, "years_since_edit": 1, "label": "0.5–1.5 yr", "color": "#cbc9e2" }, "geometry": { "type": "Point", "coordinates": [ 3.9041376, 43.6018379 ] } },
{ "type": "Feature", "properties": { "index": "1628", "last_edit_year": 2025, "years_since_edit": 1, "label": "0.5–1.5 yr", "color": "#cbc9e2" }, "geometry": { "type": "Point", "coordinates": [ 3.9038587, 43.6017689 ] } },
{ "type": "Feature", "properties": { "index": "1629", "last_edit_year": 2021, "years_since_edit": 5, "label": "2.5–6.5 yr", "color": "#756bb1" }, "geometry": { "type": "Point", "coordinates": [ 3.9029541, 43.6011833 ] } },
{ "type": "Feature", "properties": { "index": "1630", "last_edit_year": 2021, "years_since_edit": 5, "label": "2.5–6.5 yr", "color": "#756bb1" }, "geometry": { "type": "Point", "coordinates": [ 3.9029232, 43.6011751 ] } },
{ "type": "Feature", "properties": { "index": "1631", "last_edit_year": 2024, "years_since_edit": 2, "label": "1.5–2.5 yr", "color": "#9e9ac8" }, "geometry": { "type": "Point", "coordinates": [ 3.903577, 43.6013144 ] } },
{ "type": "Feature", "properties": { "index": "1632", "last_edit_year": 2022, "years_since_edit": 4, "label": "2.5–6.5 yr", "color": "#756bb1" }, "geometry": { "type": "Point", "coordinates": [ 3.9031465, 43.6008143 ] } },
{ "type": "Feature", "properties": { "index": "1633", "last_edit_year": 2022, "years_since_edit": 4, "label": "2.5–6.5 yr", "color": "#756bb1" }, "geometry": { "type": "Point", "coordinates": [ 3.9031117, 43.6008065 ] } },
{ "type": "Feature", "properties": { "index": "1634", "last_edit_year": 2024, "years_since_edit": 2, "label": "1.5–2.5 yr", "color": "#9e9ac8" }, "geometry": { "type": "Point", "coordinates": [ 3.9037353, 43.6009221 ] } },
{ "type": "Feature", "properties": { "index": "1635", "last_edit_year": 2024, "years_since_edit": 2, "label": "1.5–2.5 yr", "color": "#9e9ac8" }, "geometry": { "type": "Point", "coordinates": [ 3.903695, 43.6009143 ] } },
{ "type": "Feature", "properties": { "index": "1636", "last_edit_year": 2022, "years_since_edit": 4, "label": "2.5–6.5 yr", "color": "#756bb1" }, "geometry": { "type": "Point", "coordinates": [ 3.8870784, 43.6149382 ] } },
{ "type": "Feature", "properties": { "index": "1637", "last_edit_year": 2022, "years_since_edit": 4, "label": "2.5–6.5 yr", "color": "#756bb1" }, "geometry": { "type": "Point", "coordinates": [ 3.8926005, 43.6168206 ] } },
{ "type": "Feature", "properties": { "index": "1638", "last_edit_year": 2022, "years_since_edit": 4, "label": "2.5–6.5 yr", "color": "#756bb1" }, "geometry": { "type": "Point", "coordinates": [ 3.8923551, 43.6158176 ] } },
{ "type": "Feature", "properties": { "index": "1639", "last_edit_year": 2021, "years_since_edit": 5, "label": "2.5–6.5 yr", "color": "#756bb1" }, "geometry": { "type": "Point", "coordinates": [ 3.8924945, 43.6148486 ] } },
{ "type": "Feature", "properties": { "index": "1640", "last_edit_year": 2021, "years_since_edit": 5, "label": "2.5–6.5 yr", "color": "#756bb1" }, "geometry": { "type": "Point", "coordinates": [ 3.8924664, 43.6148603 ] } },
{ "type": "Feature", "properties": { "index": "1641", "last_edit_year": 2020, "years_since_edit": 6, "label": "2.5–6.5 yr", "color": "#756bb1" }, "geometry": { "type": "Point", "coordinates": [ 3.8938503, 43.6190649 ] } },
{ "type": "Feature", "properties": { "index": "1642", "last_edit_year": 2026, "years_since_edit": 0, "label": "0.0–0.5 yr", "color": "#f2f0f7" }, "geometry": { "type": "Point", "coordinates": [ 3.8937525, 43.6189065 ] } },
{ "type": "Feature", "properties": { "index": "1643", "last_edit_year": 2026, "years_since_edit": 0, "label": "0.0–0.5 yr", "color": "#f2f0f7" }, "geometry": { "type": "Point", "coordinates": [ 3.8937473, 43.6188793 ] } },
{ "type": "Feature", "properties": { "index": "1644", "last_edit_year": 2022, "years_since_edit": 4, "label": "2.5–6.5 yr", "color": "#756bb1" }, "geometry": { "type": "Point", "coordinates": [ 3.8899714, 43.6177186 ] } },
{ "type": "Feature", "properties": { "index": "1645", "last_edit_year": 2021, "years_since_edit": 5, "label": "2.5–6.5 yr", "color": "#756bb1" }, "geometry": { "type": "Point", "coordinates": [ 3.8983889, 43.6187161 ] } },
{ "type": "Feature", "properties": { "index": "1646", "last_edit_year": 2020, "years_since_edit": 6, "label": "2.5–6.5 yr", "color": "#756bb1" }, "geometry": { "type": "Point", "coordinates": [ 3.8983009, 43.6186347 ] } },
{ "type": "Feature", "properties": { "index": "1647", "last_edit_year": 2024, "years_since_edit": 2, "label": "1.5–2.5 yr", "color": "#9e9ac8" }, "geometry": { "type": "Point", "coordinates": [ 3.8683665, 43.6122065 ] } },
{ "type": "Feature", "properties": { "index": "1648", "last_edit_year": 2024, "years_since_edit": 2, "label": "1.5–2.5 yr", "color": "#9e9ac8" }, "geometry": { "type": "Point", "coordinates": [ 3.8844032, 43.6161541 ] } },
{ "type": "Feature", "properties": { "index": "1649", "last_edit_year": 2020, "years_since_edit": 6, "label": "2.5–6.5 yr", "color": "#756bb1" }, "geometry": { "type": "Point", "coordinates": [ 3.886661, 43.6174496 ] } },
{ "type": "Feature", "properties": { "index": "1650", "last_edit_year": 2022, "years_since_edit": 4, "label": "2.5–6.5 yr", "color": "#756bb1" }, "geometry": { "type": "Point", "coordinates": [ 3.8726551, 43.6129805 ] } },
{ "type": "Feature", "properties": { "index": "1651", "last_edit_year": 2023, "years_since_edit": 3, "label": "2.5–6.5 yr", "color": "#756bb1" }, "geometry": { "type": "Point", "coordinates": [ 3.8749237, 43.6121592 ] } },
{ "type": "Feature", "properties": { "index": "1652", "last_edit_year": 2020, "years_since_edit": 6, "label": "2.5–6.5 yr", "color": "#756bb1" }, "geometry": { "type": "Point", "coordinates": [ 3.8748937, 43.6121814 ] } },
{ "type": "Feature", "properties": { "index": "1653", "last_edit_year": 2020, "years_since_edit": 6, "label": "2.5–6.5 yr", "color": "#756bb1" }, "geometry": { "type": "Point", "coordinates": [ 3.8747998, 43.6121892 ] } },
{ "type": "Feature", "properties": { "index": "1654", "last_edit_year": 2020, "years_since_edit": 6, "label": "2.5–6.5 yr", "color": "#756bb1" }, "geometry": { "type": "Point", "coordinates": [ 3.8741364, 43.6115807 ] } },
{ "type": "Feature", "properties": { "index": "1655", "last_edit_year": 2020, "years_since_edit": 6, "label": "2.5–6.5 yr", "color": "#756bb1" }, "geometry": { "type": "Point", "coordinates": [ 3.8741177, 43.611553 ] } },
{ "type": "Feature", "properties": { "index": "1656", "last_edit_year": 2024, "years_since_edit": 2, "label": "1.5–2.5 yr", "color": "#9e9ac8" }, "geometry": { "type": "Point", "coordinates": [ 3.877308, 43.6030144 ] } },
{ "type": "Feature", "properties": { "index": "1657", "last_edit_year": 2022, "years_since_edit": 4, "label": "2.5–6.5 yr", "color": "#756bb1" }, "geometry": { "type": "Point", "coordinates": [ 3.8767523, 43.6018437 ] } },
{ "type": "Feature", "properties": { "index": "1658", "last_edit_year": 2026, "years_since_edit": 0, "label": "0.0–0.5 yr", "color": "#f2f0f7" }, "geometry": { "type": "Point", "coordinates": [ 3.8871754, 43.6072295 ] } },
{ "type": "Feature", "properties": { "index": "1659", "last_edit_year": 2026, "years_since_edit": 0, "label": "0.0–0.5 yr", "color": "#f2f0f7" }, "geometry": { "type": "Point", "coordinates": [ 3.8864429, 43.6072769 ] } },
{ "type": "Feature", "properties": { "index": "1660", "last_edit_year": 2023, "years_since_edit": 3, "label": "2.5–6.5 yr", "color": "#756bb1" }, "geometry": { "type": "Point", "coordinates": [ 3.8887322, 43.6039161 ] } },
{ "type": "Feature", "properties": { "index": "1661", "last_edit_year": 2021, "years_since_edit": 5, "label": "2.5–6.5 yr", "color": "#756bb1" }, "geometry": { "type": "Point", "coordinates": [ 3.8990624, 43.6018077 ] } },
{ "type": "Feature", "properties": { "index": "1662", "last_edit_year": 2025, "years_since_edit": 1, "label": "0.5–1.5 yr", "color": "#cbc9e2" }, "geometry": { "type": "Point", "coordinates": [ 3.8851114, 43.6100008 ] } },
{ "type": "Feature", "properties": { "index": "1663", "last_edit_year": 2026, "years_since_edit": 0, "label": "0.0–0.5 yr", "color": "#f2f0f7" }, "geometry": { "type": "Point", "coordinates": [ 3.8726448, 43.6111063 ] } },
{ "type": "Feature", "properties": { "index": "1664", "last_edit_year": 2024, "years_since_edit": 2, "label": "1.5–2.5 yr", "color": "#9e9ac8" }, "geometry": { "type": "Point", "coordinates": [ 3.8726474, 43.6111202 ] } },
{ "type": "Feature", "properties": { "index": "1665", "last_edit_year": 2024, "years_since_edit": 2, "label": "1.5–2.5 yr", "color": "#9e9ac8" }, "geometry": { "type": "Point", "coordinates": [ 3.8723659, 43.6223077 ] } },
{ "type": "Feature", "properties": { "index": "1666", "last_edit_year": 2024, "years_since_edit": 2, "label": "1.5–2.5 yr", "color": "#9e9ac8" }, "geometry": { "type": "Point", "coordinates": [ 3.872152, 43.6221961 ] } },
{ "type": "Feature", "properties": { "index": "1667", "last_edit_year": 2026, "years_since_edit": 0, "label": "0.0–0.5 yr", "color": "#f2f0f7" }, "geometry": { "type": "Point", "coordinates": [ 3.8810155, 43.6179038 ] } },
{ "type": "Feature", "properties": { "index": "1668", "last_edit_year": 2024, "years_since_edit": 2, "label": "1.5–2.5 yr", "color": "#9e9ac8" }, "geometry": { "type": "Point", "coordinates": [ 3.875972, 43.620475 ] } },
{ "type": "Feature", "properties": { "index": "1669", "last_edit_year": 2025, "years_since_edit": 1, "label": "0.5–1.5 yr", "color": "#cbc9e2" }, "geometry": { "type": "Point", "coordinates": [ 3.8744203, 43.6218837 ] } },
{ "type": "Feature", "properties": { "index": "1670", "last_edit_year": 2024, "years_since_edit": 2, "label": "1.5–2.5 yr", "color": "#9e9ac8" }, "geometry": { "type": "Point", "coordinates": [ 3.8764006, 43.6205026 ] } },
{ "type": "Feature", "properties": { "index": "1671", "last_edit_year": 2024, "years_since_edit": 2, "label": "1.5–2.5 yr", "color": "#9e9ac8" }, "geometry": { "type": "Point", "coordinates": [ 3.87637, 43.620387 ] } },
{ "type": "Feature", "properties": { "index": "1672", "last_edit_year": 2024, "years_since_edit": 2, "label": "1.5–2.5 yr", "color": "#9e9ac8" }, "geometry": { "type": "Point", "coordinates": [ 3.8825296, 43.6161275 ] } },
{ "type": "Feature", "properties": { "index": "1673", "last_edit_year": 2024, "years_since_edit": 2, "label": "1.5–2.5 yr", "color": "#9e9ac8" }, "geometry": { "type": "Point", "coordinates": [ 3.8793066, 43.6214389 ] } },
{ "type": "Feature", "properties": { "index": "1674", "last_edit_year": 2026, "years_since_edit": 0, "label": "0.0–0.5 yr", "color": "#f2f0f7" }, "geometry": { "type": "Point", "coordinates": [ 3.8810918, 43.6179173 ] } },
{ "type": "Feature", "properties": { "index": "1675", "last_edit_year": 2026, "years_since_edit": 0, "label": "0.0–0.5 yr", "color": "#f2f0f7" }, "geometry": { "type": "Point", "coordinates": [ 3.8810113, 43.6179619 ] } },
{ "type": "Feature", "properties": { "index": "1676", "last_edit_year": 2026, "years_since_edit": 0, "label": "0.0–0.5 yr", "color": "#f2f0f7" }, "geometry": { "type": "Point", "coordinates": [ 3.8710436, 43.6096847 ] } },
{ "type": "Feature", "properties": { "index": "1677", "last_edit_year": 2024, "years_since_edit": 2, "label": "1.5–2.5 yr", "color": "#9e9ac8" }, "geometry": { "type": "Point", "coordinates": [ 3.8697525, 43.6075228 ] } },
{ "type": "Feature", "properties": { "index": "1678", "last_edit_year": 2024, "years_since_edit": 2, "label": "1.5–2.5 yr", "color": "#9e9ac8" }, "geometry": { "type": "Point", "coordinates": [ 3.8691111, 43.6059171 ] } },
{ "type": "Feature", "properties": { "index": "1679", "last_edit_year": 2024, "years_since_edit": 2, "label": "1.5–2.5 yr", "color": "#9e9ac8" }, "geometry": { "type": "Point", "coordinates": [ 3.8673368, 43.6064857 ] } },
{ "type": "Feature", "properties": { "index": "1680", "last_edit_year": 2024, "years_since_edit": 2, "label": "1.5–2.5 yr", "color": "#9e9ac8" }, "geometry": { "type": "Point", "coordinates": [ 3.8691925, 43.6059326 ] } },
{ "type": "Feature", "properties": { "index": "1681", "last_edit_year": 2024, "years_since_edit": 2, "label": "1.5–2.5 yr", "color": "#9e9ac8" }, "geometry": { "type": "Point", "coordinates": [ 3.8866033, 43.6191932 ] } },
{ "type": "Feature", "properties": { "index": "1682", "last_edit_year": 2026, "years_since_edit": 0, "label": "0.0–0.5 yr", "color": "#f2f0f7" }, "geometry": { "type": "Point", "coordinates": [ 3.8706422, 43.6092148 ] } },
{ "type": "Feature", "properties": { "index": "1683", "last_edit_year": 2024, "years_since_edit": 2, "label": "1.5–2.5 yr", "color": "#9e9ac8" }, "geometry": { "type": "Point", "coordinates": [ 3.8711495, 43.6056452 ] } },
{ "type": "Feature", "properties": { "index": "1684", "last_edit_year": 2024, "years_since_edit": 2, "label": "1.5–2.5 yr", "color": "#9e9ac8" }, "geometry": { "type": "Point", "coordinates": [ 3.8711509, 43.6056902 ] } },
{ "type": "Feature", "properties": { "index": "1685", "last_edit_year": 2024, "years_since_edit": 2, "label": "1.5–2.5 yr", "color": "#9e9ac8" }, "geometry": { "type": "Point", "coordinates": [ 3.8896756, 43.6195077 ] } },
{ "type": "Feature", "properties": { "index": "1686", "last_edit_year": 2024, "years_since_edit": 2, "label": "1.5–2.5 yr", "color": "#9e9ac8" }, "geometry": { "type": "Point", "coordinates": [ 3.8892675, 43.624719 ] } },
{ "type": "Feature", "properties": { "index": "1687", "last_edit_year": 2024, "years_since_edit": 2, "label": "1.5–2.5 yr", "color": "#9e9ac8" }, "geometry": { "type": "Point", "coordinates": [ 3.8890073, 43.6247812 ] } },
{ "type": "Feature", "properties": { "index": "1688", "last_edit_year": 2024, "years_since_edit": 2, "label": "1.5–2.5 yr", "color": "#9e9ac8" }, "geometry": { "type": "Point", "coordinates": [ 3.8891781, 43.6248458 ] } },
{ "type": "Feature", "properties": { "index": "1689", "last_edit_year": 2024, "years_since_edit": 2, "label": "1.5–2.5 yr", "color": "#9e9ac8" }, "geometry": { "type": "Point", "coordinates": [ 3.8890827, 43.6246467 ] } },
{ "type": "Feature", "properties": { "index": "1690", "last_edit_year": 2024, "years_since_edit": 2, "label": "1.5–2.5 yr", "color": "#9e9ac8" }, "geometry": { "type": "Point", "coordinates": [ 3.8887493, 43.6156537 ] } },
{ "type": "Feature", "properties": { "index": "1691", "last_edit_year": 2024, "years_since_edit": 2, "label": "1.5–2.5 yr", "color": "#9e9ac8" }, "geometry": { "type": "Point", "coordinates": [ 3.8766015, 43.6049011 ] } },
{ "type": "Feature", "properties": { "index": "1692", "last_edit_year": 2025, "years_since_edit": 1, "label": "0.5–1.5 yr", "color": "#cbc9e2" }, "geometry": { "type": "Point", "coordinates": [ 3.8737486, 43.6010726 ] } },
{ "type": "Feature", "properties": { "index": "1693", "last_edit_year": 2024, "years_since_edit": 2, "label": "1.5–2.5 yr", "color": "#9e9ac8" }, "geometry": { "type": "Point", "coordinates": [ 3.889952, 43.6160936 ] } },
{ "type": "Feature", "properties": { "index": "1694", "last_edit_year": 2024, "years_since_edit": 2, "label": "1.5–2.5 yr", "color": "#9e9ac8" }, "geometry": { "type": "Point", "coordinates": [ 3.8789005, 43.6047849 ] } },
{ "type": "Feature", "properties": { "index": "1695", "last_edit_year": 2024, "years_since_edit": 2, "label": "1.5–2.5 yr", "color": "#9e9ac8" }, "geometry": { "type": "Point", "coordinates": [ 3.8767755, 43.6047145 ] } },
{ "type": "Feature", "properties": { "index": "1696", "last_edit_year": 2024, "years_since_edit": 2, "label": "1.5–2.5 yr", "color": "#9e9ac8" }, "geometry": { "type": "Point", "coordinates": [ 3.8768335, 43.6048025 ] } },
{ "type": "Feature", "properties": { "index": "1697", "last_edit_year": 2024, "years_since_edit": 2, "label": "1.5–2.5 yr", "color": "#9e9ac8" }, "geometry": { "type": "Point", "coordinates": [ 3.8745431, 43.6031019 ] } },
{ "type": "Feature", "properties": { "index": "1698", "last_edit_year": 2024, "years_since_edit": 2, "label": "1.5–2.5 yr", "color": "#9e9ac8" }, "geometry": { "type": "Point", "coordinates": [ 3.8747014, 43.6034847 ] } },
{ "type": "Feature", "properties": { "index": "1699", "last_edit_year": 2024, "years_since_edit": 2, "label": "1.5–2.5 yr", "color": "#9e9ac8" }, "geometry": { "type": "Point", "coordinates": [ 3.8745615, 43.6032709 ] } },
{ "type": "Feature", "properties": { "index": "1700", "last_edit_year": 2025, "years_since_edit": 1, "label": "0.5–1.5 yr", "color": "#cbc9e2" }, "geometry": { "type": "Point", "coordinates": [ 3.8737085, 43.6011342 ] } },
{ "type": "Feature", "properties": { "index": "1701", "last_edit_year": 2024, "years_since_edit": 2, "label": "1.5–2.5 yr", "color": "#9e9ac8" }, "geometry": { "type": "Point", "coordinates": [ 3.8747454, 43.6033357 ] } },
{ "type": "Feature", "properties": { "index": "1702", "last_edit_year": 2024, "years_since_edit": 2, "label": "1.5–2.5 yr", "color": "#9e9ac8" }, "geometry": { "type": "Point", "coordinates": [ 3.874764, 43.6035248 ] } },
{ "type": "Feature", "properties": { "index": "1703", "last_edit_year": 2024, "years_since_edit": 2, "label": "1.5–2.5 yr", "color": "#9e9ac8" }, "geometry": { "type": "Point", "coordinates": [ 3.8738611, 43.6014173 ] } },
{ "type": "Feature", "properties": { "index": "1704", "last_edit_year": 2025, "years_since_edit": 1, "label": "0.5–1.5 yr", "color": "#cbc9e2" }, "geometry": { "type": "Point", "coordinates": [ 3.8735816, 43.6003517 ] } },
{ "type": "Feature", "properties": { "index": "1705", "last_edit_year": 2024, "years_since_edit": 2, "label": "1.5–2.5 yr", "color": "#9e9ac8" }, "geometry": { "type": "Point", "coordinates": [ 3.9009974, 43.6193288 ] } },
{ "type": "Feature", "properties": { "index": "1706", "last_edit_year": 2024, "years_since_edit": 2, "label": "1.5–2.5 yr", "color": "#9e9ac8" }, "geometry": { "type": "Point", "coordinates": [ 3.9009433, 43.6195107 ] } },
{ "type": "Feature", "properties": { "index": "1707", "last_edit_year": 2024, "years_since_edit": 2, "label": "1.5–2.5 yr", "color": "#9e9ac8" }, "geometry": { "type": "Point", "coordinates": [ 3.8718438, 43.6124894 ] } },
{ "type": "Feature", "properties": { "index": "1708", "last_edit_year": 2025, "years_since_edit": 1, "label": "0.5–1.5 yr", "color": "#cbc9e2" }, "geometry": { "type": "Point", "coordinates": [ 3.8698065, 43.6150036 ] } },
{ "type": "Feature", "properties": { "index": "1709", "last_edit_year": 2024, "years_since_edit": 2, "label": "1.5–2.5 yr", "color": "#9e9ac8" }, "geometry": { "type": "Point", "coordinates": [ 3.8735397, 43.6045621 ] } },
{ "type": "Feature", "properties": { "index": "1710", "last_edit_year": 2024, "years_since_edit": 2, "label": "1.5–2.5 yr", "color": "#9e9ac8" }, "geometry": { "type": "Point", "coordinates": [ 3.8807587, 43.6141994 ] } },
{ "type": "Feature", "properties": { "index": "1711", "last_edit_year": 2024, "years_since_edit": 2, "label": "1.5–2.5 yr", "color": "#9e9ac8" }, "geometry": { "type": "Point", "coordinates": [ 3.8779396, 43.6186306 ] } },
{ "type": "Feature", "properties": { "index": "1712", "last_edit_year": 2024, "years_since_edit": 2, "label": "1.5–2.5 yr", "color": "#9e9ac8" }, "geometry": { "type": "Point", "coordinates": [ 3.8678379, 43.6033153 ] } },
{ "type": "Feature", "properties": { "index": "1713", "last_edit_year": 2024, "years_since_edit": 2, "label": "1.5–2.5 yr", "color": "#9e9ac8" }, "geometry": { "type": "Point", "coordinates": [ 3.8700863, 43.6041849 ] } },
{ "type": "Feature", "properties": { "index": "1714", "last_edit_year": 2024, "years_since_edit": 2, "label": "1.5–2.5 yr", "color": "#9e9ac8" }, "geometry": { "type": "Point", "coordinates": [ 3.8820877, 43.6069969 ] } },
{ "type": "Feature", "properties": { "index": "1715", "last_edit_year": 2024, "years_since_edit": 2, "label": "1.5–2.5 yr", "color": "#9e9ac8" }, "geometry": { "type": "Point", "coordinates": [ 3.8829146, 43.6063207 ] } },
{ "type": "Feature", "properties": { "index": "1716", "last_edit_year": 2024, "years_since_edit": 2, "label": "1.5–2.5 yr", "color": "#9e9ac8" }, "geometry": { "type": "Point", "coordinates": [ 3.8834675, 43.6061681 ] } },
{ "type": "Feature", "properties": { "index": "1717", "last_edit_year": 2024, "years_since_edit": 2, "label": "1.5–2.5 yr", "color": "#9e9ac8" }, "geometry": { "type": "Point", "coordinates": [ 3.8818429, 43.6059702 ] } },
{ "type": "Feature", "properties": { "index": "1718", "last_edit_year": 2024, "years_since_edit": 2, "label": "1.5–2.5 yr", "color": "#9e9ac8" }, "geometry": { "type": "Point", "coordinates": [ 3.8765502, 43.6044463 ] } },
{ "type": "Feature", "properties": { "index": "1719", "last_edit_year": 2024, "years_since_edit": 2, "label": "1.5–2.5 yr", "color": "#9e9ac8" }, "geometry": { "type": "Point", "coordinates": [ 3.8765796, 43.6044017 ] } },
{ "type": "Feature", "properties": { "index": "1720", "last_edit_year": 2024, "years_since_edit": 2, "label": "1.5–2.5 yr", "color": "#9e9ac8" }, "geometry": { "type": "Point", "coordinates": [ 3.8681678, 43.6021287 ] } },
{ "type": "Feature", "properties": { "index": "1721", "last_edit_year": 2022, "years_since_edit": 4, "label": "2.5–6.5 yr", "color": "#756bb1" }, "geometry": { "type": "Point", "coordinates": [ 3.8761196, 43.6085926 ] } },
{ "type": "Feature", "properties": { "index": "1722", "last_edit_year": 2025, "years_since_edit": 1, "label": "0.5–1.5 yr", "color": "#cbc9e2" }, "geometry": { "type": "Point", "coordinates": [ 3.8823115, 43.6032831 ] } },
{ "type": "Feature", "properties": { "index": "1723", "last_edit_year": 2025, "years_since_edit": 1, "label": "0.5–1.5 yr", "color": "#cbc9e2" }, "geometry": { "type": "Point", "coordinates": [ 3.8825253, 43.6033507 ] } },
{ "type": "Feature", "properties": { "index": "1724", "last_edit_year": 2024, "years_since_edit": 2, "label": "1.5–2.5 yr", "color": "#9e9ac8" }, "geometry": { "type": "Point", "coordinates": [ 3.8944213, 43.6023613 ] } },
{ "type": "Feature", "properties": { "index": "1725", "last_edit_year": 2024, "years_since_edit": 2, "label": "1.5–2.5 yr", "color": "#9e9ac8" }, "geometry": { "type": "Point", "coordinates": [ 3.8791691, 43.6066815 ] } },
{ "type": "Feature", "properties": { "index": "1726", "last_edit_year": 2025, "years_since_edit": 1, "label": "0.5–1.5 yr", "color": "#cbc9e2" }, "geometry": { "type": "Point", "coordinates": [ 3.880321, 43.6027753 ] } },
{ "type": "Feature", "properties": { "index": "1727", "last_edit_year": 2024, "years_since_edit": 2, "label": "1.5–2.5 yr", "color": "#9e9ac8" }, "geometry": { "type": "Point", "coordinates": [ 3.8802478, 43.6028991 ] } },
{ "type": "Feature", "properties": { "index": "1728", "last_edit_year": 2024, "years_since_edit": 2, "label": "1.5–2.5 yr", "color": "#9e9ac8" }, "geometry": { "type": "Point", "coordinates": [ 3.880278, 43.6029236 ] } },
{ "type": "Feature", "properties": { "index": "1729", "last_edit_year": 2024, "years_since_edit": 2, "label": "1.5–2.5 yr", "color": "#9e9ac8" }, "geometry": { "type": "Point", "coordinates": [ 3.8804299, 43.6030185 ] } },
{ "type": "Feature", "properties": { "index": "1730", "last_edit_year": 2024, "years_since_edit": 2, "label": "1.5–2.5 yr", "color": "#9e9ac8" }, "geometry": { "type": "Point", "coordinates": [ 3.8802615, 43.6031446 ] } },
{ "type": "Feature", "properties": { "index": "1731", "last_edit_year": 2024, "years_since_edit": 2, "label": "1.5–2.5 yr", "color": "#9e9ac8" }, "geometry": { "type": "Point", "coordinates": [ 3.88096, 43.6030456 ] } },
{ "type": "Feature", "properties": { "index": "1732", "last_edit_year": 2024, "years_since_edit": 2, "label": "1.5–2.5 yr", "color": "#9e9ac8" }, "geometry": { "type": "Point", "coordinates": [ 3.8808745, 43.6031148 ] } },
{ "type": "Feature", "properties": { "index": "1733", "last_edit_year": 2026, "years_since_edit": 0, "label": "0.0–0.5 yr", "color": "#f2f0f7" }, "geometry": { "type": "Point", "coordinates": [ 3.8870903, 43.6002408 ] } },
{ "type": "Feature", "properties": { "index": "1734", "last_edit_year": 2024, "years_since_edit": 2, "label": "1.5–2.5 yr", "color": "#9e9ac8" }, "geometry": { "type": "Point", "coordinates": [ 3.8801824, 43.6032255 ] } },
{ "type": "Feature", "properties": { "index": "1735", "last_edit_year": 2024, "years_since_edit": 2, "label": "1.5–2.5 yr", "color": "#9e9ac8" }, "geometry": { "type": "Point", "coordinates": [ 3.8798125, 43.6031029 ] } },
{ "type": "Feature", "properties": { "index": "1736", "last_edit_year": 2026, "years_since_edit": 0, "label": "0.0–0.5 yr", "color": "#f2f0f7" }, "geometry": { "type": "Point", "coordinates": [ 3.877731, 43.6045249 ] } },
{ "type": "Feature", "properties": { "index": "1737", "last_edit_year": 2025, "years_since_edit": 1, "label": "0.5–1.5 yr", "color": "#cbc9e2" }, "geometry": { "type": "Point", "coordinates": [ 3.8825375, 43.6029368 ] } },
{ "type": "Feature", "properties": { "index": "1738", "last_edit_year": 2025, "years_since_edit": 1, "label": "0.5–1.5 yr", "color": "#cbc9e2" }, "geometry": { "type": "Point", "coordinates": [ 3.8828081, 43.6031603 ] } },
{ "type": "Feature", "properties": { "index": "1739", "last_edit_year": 2024, "years_since_edit": 2, "label": "1.5–2.5 yr", "color": "#9e9ac8" }, "geometry": { "type": "Point", "coordinates": [ 3.8880545, 43.6036276 ] } },
{ "type": "Feature", "properties": { "index": "1740", "last_edit_year": 2024, "years_since_edit": 2, "label": "1.5–2.5 yr", "color": "#9e9ac8" }, "geometry": { "type": "Point", "coordinates": [ 3.8814602, 43.602206 ] } },
{ "type": "Feature", "properties": { "index": "1741", "last_edit_year": 2024, "years_since_edit": 2, "label": "1.5–2.5 yr", "color": "#9e9ac8" }, "geometry": { "type": "Point", "coordinates": [ 3.8812057, 43.6022302 ] } },
{ "type": "Feature", "properties": { "index": "1742", "last_edit_year": 2024, "years_since_edit": 2, "label": "1.5–2.5 yr", "color": "#9e9ac8" }, "geometry": { "type": "Point", "coordinates": [ 3.8809652, 43.602095 ] } },
{ "type": "Feature", "properties": { "index": "1743", "last_edit_year": 2024, "years_since_edit": 2, "label": "1.5–2.5 yr", "color": "#9e9ac8" }, "geometry": { "type": "Point", "coordinates": [ 3.8812728, 43.6021935 ] } },
{ "type": "Feature", "properties": { "index": "1744", "last_edit_year": 2024, "years_since_edit": 2, "label": "1.5–2.5 yr", "color": "#9e9ac8" }, "geometry": { "type": "Point", "coordinates": [ 3.8813906, 43.6022096 ] } },
{ "type": "Feature", "properties": { "index": "1745", "last_edit_year": 2024, "years_since_edit": 2, "label": "1.5–2.5 yr", "color": "#9e9ac8" }, "geometry": { "type": "Point", "coordinates": [ 3.8922694, 43.6070373 ] } },
{ "type": "Feature", "properties": { "index": "1746", "last_edit_year": 2024, "years_since_edit": 2, "label": "1.5–2.5 yr", "color": "#9e9ac8" }, "geometry": { "type": "Point", "coordinates": [ 3.8922518, 43.6069743 ] } },
{ "type": "Feature", "properties": { "index": "1747", "last_edit_year": 2025, "years_since_edit": 1, "label": "0.5–1.5 yr", "color": "#cbc9e2" }, "geometry": { "type": "Point", "coordinates": [ 3.8903785, 43.6071003 ] } },
{ "type": "Feature", "properties": { "index": "1748", "last_edit_year": 2024, "years_since_edit": 2, "label": "1.5–2.5 yr", "color": "#9e9ac8" }, "geometry": { "type": "Point", "coordinates": [ 3.8734545, 43.6056728 ] } },
{ "type": "Feature", "properties": { "index": "1749", "last_edit_year": 2024, "years_since_edit": 2, "label": "1.5–2.5 yr", "color": "#9e9ac8" }, "geometry": { "type": "Point", "coordinates": [ 3.894479, 43.621523 ] } },
{ "type": "Feature", "properties": { "index": "1750", "last_edit_year": 2024, "years_since_edit": 2, "label": "1.5–2.5 yr", "color": "#9e9ac8" }, "geometry": { "type": "Point", "coordinates": [ 3.8893965, 43.6123238 ] } },
{ "type": "Feature", "properties": { "index": "1751", "last_edit_year": 2024, "years_since_edit": 2, "label": "1.5–2.5 yr", "color": "#9e9ac8" }, "geometry": { "type": "Point", "coordinates": [ 3.8905336, 43.6104816 ] } },
{ "type": "Feature", "properties": { "index": "1752", "last_edit_year": 2024, "years_since_edit": 2, "label": "1.5–2.5 yr", "color": "#9e9ac8" }, "geometry": { "type": "Point", "coordinates": [ 3.8905602, 43.6103345 ] } },
{ "type": "Feature", "properties": { "index": "1753", "last_edit_year": 2024, "years_since_edit": 2, "label": "1.5–2.5 yr", "color": "#9e9ac8" }, "geometry": { "type": "Point", "coordinates": [ 3.8952628, 43.6061233 ] } },
{ "type": "Feature", "properties": { "index": "1754", "last_edit_year": 2024, "years_since_edit": 2, "label": "1.5–2.5 yr", "color": "#9e9ac8" }, "geometry": { "type": "Point", "coordinates": [ 3.8810547, 43.6170283 ] } },
{ "type": "Feature", "properties": { "index": "1755", "last_edit_year": 2024, "years_since_edit": 2, "label": "1.5–2.5 yr", "color": "#9e9ac8" }, "geometry": { "type": "Point", "coordinates": [ 3.8876046, 43.6146591 ] } },
{ "type": "Feature", "properties": { "index": "1756", "last_edit_year": 2024, "years_since_edit": 2, "label": "1.5–2.5 yr", "color": "#9e9ac8" }, "geometry": { "type": "Point", "coordinates": [ 3.8698045, 43.6149069 ] } },
{ "type": "Feature", "properties": { "index": "1757", "last_edit_year": 2026, "years_since_edit": 0, "label": "0.0–0.5 yr", "color": "#f2f0f7" }, "geometry": { "type": "Point", "coordinates": [ 3.8938635, 43.6059213 ] } },
{ "type": "Feature", "properties": { "index": "1758", "last_edit_year": 2024, "years_since_edit": 2, "label": "1.5–2.5 yr", "color": "#9e9ac8" }, "geometry": { "type": "Point", "coordinates": [ 3.9037031, 43.6076151 ] } },
{ "type": "Feature", "properties": { "index": "1759", "last_edit_year": 2022, "years_since_edit": 4, "label": "2.5–6.5 yr", "color": "#756bb1" }, "geometry": { "type": "Point", "coordinates": [ 3.873044, 43.6141046 ] } },
{ "type": "Feature", "properties": { "index": "1760", "last_edit_year": 2025, "years_since_edit": 1, "label": "0.5–1.5 yr", "color": "#cbc9e2" }, "geometry": { "type": "Point", "coordinates": [ 3.8989381, 43.6091519 ] } },
{ "type": "Feature", "properties": { "index": "1761", "last_edit_year": 2025, "years_since_edit": 1, "label": "0.5–1.5 yr", "color": "#cbc9e2" }, "geometry": { "type": "Point", "coordinates": [ 3.8990594, 43.609087 ] } },
{ "type": "Feature", "properties": { "index": "1762", "last_edit_year": 2025, "years_since_edit": 1, "label": "0.5–1.5 yr", "color": "#cbc9e2" }, "geometry": { "type": "Point", "coordinates": [ 3.8978435, 43.6183932 ] } },
{ "type": "Feature", "properties": { "index": "1763", "last_edit_year": 2022, "years_since_edit": 4, "label": "2.5–6.5 yr", "color": "#756bb1" }, "geometry": { "type": "Point", "coordinates": [ 3.8844911, 43.6085199 ] } },
{ "type": "Feature", "properties": { "index": "1764", "last_edit_year": 2023, "years_since_edit": 3, "label": "2.5–6.5 yr", "color": "#756bb1" }, "geometry": { "type": "Point", "coordinates": [ 3.8877298, 43.6216705 ] } },
{ "type": "Feature", "properties": { "index": "1765", "last_edit_year": 2025, "years_since_edit": 1, "label": "0.5–1.5 yr", "color": "#cbc9e2" }, "geometry": { "type": "Point", "coordinates": [ 3.8941991, 43.6074941 ] } },
{ "type": "Feature", "properties": { "index": "1766", "last_edit_year": 2024, "years_since_edit": 2, "label": "1.5–2.5 yr", "color": "#9e9ac8" }, "geometry": { "type": "Point", "coordinates": [ 3.8875854, 43.6030105 ] } },
{ "type": "Feature", "properties": { "index": "1767", "last_edit_year": 2024, "years_since_edit": 2, "label": "1.5–2.5 yr", "color": "#9e9ac8" }, "geometry": { "type": "Point", "coordinates": [ 3.8880236, 43.6031967 ] } },
{ "type": "Feature", "properties": { "index": "1768", "last_edit_year": 2025, "years_since_edit": 1, "label": "0.5–1.5 yr", "color": "#cbc9e2" }, "geometry": { "type": "Point", "coordinates": [ 3.8749393, 43.6034158 ] } },
{ "type": "Feature", "properties": { "index": "1769", "last_edit_year": 2024, "years_since_edit": 2, "label": "1.5–2.5 yr", "color": "#9e9ac8" }, "geometry": { "type": "Point", "coordinates": [ 3.8730049, 43.618116 ] } },
{ "type": "Feature", "properties": { "index": "1770", "last_edit_year": 2024, "years_since_edit": 2, "label": "1.5–2.5 yr", "color": "#9e9ac8" }, "geometry": { "type": "Point", "coordinates": [ 3.8824345, 43.6041653 ] } },
{ "type": "Feature", "properties": { "index": "1771", "last_edit_year": 2022, "years_since_edit": 4, "label": "2.5–6.5 yr", "color": "#756bb1" }, "geometry": { "type": "Point", "coordinates": [ 3.8675694, 43.6002297 ] } },
{ "type": "Feature", "properties": { "index": "1772", "last_edit_year": 2022, "years_since_edit": 4, "label": "2.5–6.5 yr", "color": "#756bb1" }, "geometry": { "type": "Point", "coordinates": [ 3.8676036, 43.6002391 ] } },
{ "type": "Feature", "properties": { "index": "1773", "last_edit_year": 2022, "years_since_edit": 4, "label": "2.5–6.5 yr", "color": "#756bb1" }, "geometry": { "type": "Point", "coordinates": [ 3.8676267, 43.6002558 ] } },
{ "type": "Feature", "properties": { "index": "1774", "last_edit_year": 2022, "years_since_edit": 4, "label": "2.5–6.5 yr", "color": "#756bb1" }, "geometry": { "type": "Point", "coordinates": [ 3.8918614, 43.617762 ] } },
{ "type": "Feature", "properties": { "index": "1775", "last_edit_year": 2022, "years_since_edit": 4, "label": "2.5–6.5 yr", "color": "#756bb1" }, "geometry": { "type": "Point", "coordinates": [ 3.8915637, 43.6056117 ] } },
{ "type": "Feature", "properties": { "index": "1776", "last_edit_year": 2022, "years_since_edit": 4, "label": "2.5–6.5 yr", "color": "#756bb1" }, "geometry": { "type": "Point", "coordinates": [ 3.9037895, 43.6233171 ] } },
{ "type": "Feature", "properties": { "index": "1777", "last_edit_year": 2022, "years_since_edit": 4, "label": "2.5–6.5 yr", "color": "#756bb1" }, "geometry": { "type": "Point", "coordinates": [ 3.9038364, 43.623356 ] } },
{ "type": "Feature", "properties": { "index": "1778", "last_edit_year": 2022, "years_since_edit": 4, "label": "2.5–6.5 yr", "color": "#756bb1" }, "geometry": { "type": "Point", "coordinates": [ 3.8919758, 43.6054735 ] } },
{ "type": "Feature", "properties": { "index": "1779", "last_edit_year": 2022, "years_since_edit": 4, "label": "2.5–6.5 yr", "color": "#756bb1" }, "geometry": { "type": "Point", "coordinates": [ 3.8917703, 43.6054233 ] } },
{ "type": "Feature", "properties": { "index": "1780", "last_edit_year": 2022, "years_since_edit": 4, "label": "2.5–6.5 yr", "color": "#756bb1" }, "geometry": { "type": "Point", "coordinates": [ 3.8917658, 43.6055462 ] } },
{ "type": "Feature", "properties": { "index": "1781", "last_edit_year": 2023, "years_since_edit": 3, "label": "2.5–6.5 yr", "color": "#756bb1" }, "geometry": { "type": "Point", "coordinates": [ 3.8919664, 43.6053652 ] } },
{ "type": "Feature", "properties": { "index": "1782", "last_edit_year": 2023, "years_since_edit": 3, "label": "2.5–6.5 yr", "color": "#756bb1" }, "geometry": { "type": "Point", "coordinates": [ 3.8915202, 43.6055158 ] } },
{ "type": "Feature", "properties": { "index": "1783", "last_edit_year": 2024, "years_since_edit": 2, "label": "1.5–2.5 yr", "color": "#9e9ac8" }, "geometry": { "type": "Point", "coordinates": [ 3.8756882, 43.6150342 ] } },
{ "type": "Feature", "properties": { "index": "1784", "last_edit_year": 2026, "years_since_edit": 0, "label": "0.0–0.5 yr", "color": "#f2f0f7" }, "geometry": { "type": "Point", "coordinates": [ 3.8754447, 43.6138977 ] } },
{ "type": "Feature", "properties": { "index": "1785", "last_edit_year": 2026, "years_since_edit": 0, "label": "0.0–0.5 yr", "color": "#f2f0f7" }, "geometry": { "type": "Point", "coordinates": [ 3.8754314, 43.6138175 ] } },
{ "type": "Feature", "properties": { "index": "1786", "last_edit_year": 2024, "years_since_edit": 2, "label": "1.5–2.5 yr", "color": "#9e9ac8" }, "geometry": { "type": "Point", "coordinates": [ 3.8756632, 43.6149675 ] } },
{ "type": "Feature", "properties": { "index": "1787", "last_edit_year": 2024, "years_since_edit": 2, "label": "1.5–2.5 yr", "color": "#9e9ac8" }, "geometry": { "type": "Point", "coordinates": [ 3.875754, 43.615016 ] } },
{ "type": "Feature", "properties": { "index": "1788", "last_edit_year": 2022, "years_since_edit": 4, "label": "2.5–6.5 yr", "color": "#756bb1" }, "geometry": { "type": "Point", "coordinates": [ 3.8734405, 43.6196923 ] } },
{ "type": "Feature", "properties": { "index": "1789", "last_edit_year": 2022, "years_since_edit": 4, "label": "2.5–6.5 yr", "color": "#756bb1" }, "geometry": { "type": "Point", "coordinates": [ 3.873456, 43.6197875 ] } },
{ "type": "Feature", "properties": { "index": "1790", "last_edit_year": 2022, "years_since_edit": 4, "label": "2.5–6.5 yr", "color": "#756bb1" }, "geometry": { "type": "Point", "coordinates": [ 3.873433, 43.619685 ] } },
{ "type": "Feature", "properties": { "index": "1791", "last_edit_year": 2022, "years_since_edit": 4, "label": "2.5–6.5 yr", "color": "#756bb1" }, "geometry": { "type": "Point", "coordinates": [ 3.8734438, 43.619778 ] } },
{ "type": "Feature", "properties": { "index": "1792", "last_edit_year": 2022, "years_since_edit": 4, "label": "2.5–6.5 yr", "color": "#756bb1" }, "geometry": { "type": "Point", "coordinates": [ 3.8833784, 43.6193684 ] } },
{ "type": "Feature", "properties": { "index": "1793", "last_edit_year": 2022, "years_since_edit": 4, "label": "2.5–6.5 yr", "color": "#756bb1" }, "geometry": { "type": "Point", "coordinates": [ 3.8833462, 43.6193381 ] } },
{ "type": "Feature", "properties": { "index": "1794", "last_edit_year": 2022, "years_since_edit": 4, "label": "2.5–6.5 yr", "color": "#756bb1" }, "geometry": { "type": "Point", "coordinates": [ 3.8720543, 43.6066166 ] } },
{ "type": "Feature", "properties": { "index": "1795", "last_edit_year": 2022, "years_since_edit": 4, "label": "2.5–6.5 yr", "color": "#756bb1" }, "geometry": { "type": "Point", "coordinates": [ 3.8713525, 43.6069647 ] } },
{ "type": "Feature", "properties": { "index": "1796", "last_edit_year": 2022, "years_since_edit": 4, "label": "2.5–6.5 yr", "color": "#756bb1" }, "geometry": { "type": "Point", "coordinates": [ 3.8720839, 43.6066058 ] } },
{ "type": "Feature", "properties": { "index": "1797", "last_edit_year": 2022, "years_since_edit": 4, "label": "2.5–6.5 yr", "color": "#756bb1" }, "geometry": { "type": "Point", "coordinates": [ 3.8717635, 43.6067458 ] } },
{ "type": "Feature", "properties": { "index": "1798", "last_edit_year": 2022, "years_since_edit": 4, "label": "2.5–6.5 yr", "color": "#756bb1" }, "geometry": { "type": "Point", "coordinates": [ 3.8714673, 43.606895 ] } },
{ "type": "Feature", "properties": { "index": "1799", "last_edit_year": 2022, "years_since_edit": 4, "label": "2.5–6.5 yr", "color": "#756bb1" }, "geometry": { "type": "Point", "coordinates": [ 3.871273, 43.6070158 ] } },
{ "type": "Feature", "properties": { "index": "1800", "last_edit_year": 2022, "years_since_edit": 4, "label": "2.5–6.5 yr", "color": "#756bb1" }, "geometry": { "type": "Point", "coordinates": [ 3.8693113, 43.6080096 ] } },
{ "type": "Feature", "properties": { "index": "1801", "last_edit_year": 2022, "years_since_edit": 4, "label": "2.5–6.5 yr", "color": "#756bb1" }, "geometry": { "type": "Point", "coordinates": [ 3.8705413, 43.6073646 ] } },
{ "type": "Feature", "properties": { "index": "1802", "last_edit_year": 2022, "years_since_edit": 4, "label": "2.5–6.5 yr", "color": "#756bb1" }, "geometry": { "type": "Point", "coordinates": [ 3.8707643, 43.6072658 ] } },
{ "type": "Feature", "properties": { "index": "1803", "last_edit_year": 2022, "years_since_edit": 4, "label": "2.5–6.5 yr", "color": "#756bb1" }, "geometry": { "type": "Point", "coordinates": [ 3.8706168, 43.6073271 ] } },
{ "type": "Feature", "properties": { "index": "1804", "last_edit_year": 2022, "years_since_edit": 4, "label": "2.5–6.5 yr", "color": "#756bb1" }, "geometry": { "type": "Point", "coordinates": [ 3.8706066, 43.6073347 ] } },
{ "type": "Feature", "properties": { "index": "1805", "last_edit_year": 2022, "years_since_edit": 4, "label": "2.5–6.5 yr", "color": "#756bb1" }, "geometry": { "type": "Point", "coordinates": [ 3.8692075, 43.6080637 ] } },
{ "type": "Feature", "properties": { "index": "1806", "last_edit_year": 2022, "years_since_edit": 4, "label": "2.5–6.5 yr", "color": "#756bb1" }, "geometry": { "type": "Point", "coordinates": [ 3.8689459, 43.6081836 ] } },
{ "type": "Feature", "properties": { "index": "1807", "last_edit_year": 2022, "years_since_edit": 4, "label": "2.5–6.5 yr", "color": "#756bb1" }, "geometry": { "type": "Point", "coordinates": [ 3.8690631, 43.6081374 ] } },
{ "type": "Feature", "properties": { "index": "1808", "last_edit_year": 2022, "years_since_edit": 4, "label": "2.5–6.5 yr", "color": "#756bb1" }, "geometry": { "type": "Point", "coordinates": [ 3.8691839, 43.608074 ] } },
{ "type": "Feature", "properties": { "index": "1809", "last_edit_year": 2022, "years_since_edit": 4, "label": "2.5–6.5 yr", "color": "#756bb1" }, "geometry": { "type": "Point", "coordinates": [ 3.8692735, 43.6080288 ] } },
{ "type": "Feature", "properties": { "index": "1810", "last_edit_year": 2022, "years_since_edit": 4, "label": "2.5–6.5 yr", "color": "#756bb1" }, "geometry": { "type": "Point", "coordinates": [ 3.8692926, 43.6080188 ] } },
{ "type": "Feature", "properties": { "index": "1811", "last_edit_year": 2025, "years_since_edit": 1, "label": "0.5–1.5 yr", "color": "#cbc9e2" }, "geometry": { "type": "Point", "coordinates": [ 3.8684893, 43.6086985 ] } },
{ "type": "Feature", "properties": { "index": "1812", "last_edit_year": 2022, "years_since_edit": 4, "label": "2.5–6.5 yr", "color": "#756bb1" }, "geometry": { "type": "Point", "coordinates": [ 3.8714609, 43.6067243 ] } },
{ "type": "Feature", "properties": { "index": "1813", "last_edit_year": 2022, "years_since_edit": 4, "label": "2.5–6.5 yr", "color": "#756bb1" }, "geometry": { "type": "Point", "coordinates": [ 3.8704167, 43.6074257 ] } },
{ "type": "Feature", "properties": { "index": "1814", "last_edit_year": 2025, "years_since_edit": 1, "label": "0.5–1.5 yr", "color": "#cbc9e2" }, "geometry": { "type": "Point", "coordinates": [ 3.8771204, 43.6022152 ] } },
{ "type": "Feature", "properties": { "index": "1815", "last_edit_year": 2024, "years_since_edit": 2, "label": "1.5–2.5 yr", "color": "#9e9ac8" }, "geometry": { "type": "Point", "coordinates": [ 3.8975269, 43.6206384 ] } },
{ "type": "Feature", "properties": { "index": "1816", "last_edit_year": 2024, "years_since_edit": 2, "label": "1.5–2.5 yr", "color": "#9e9ac8" }, "geometry": { "type": "Point", "coordinates": [ 3.8976301, 43.6206883 ] } },
{ "type": "Feature", "properties": { "index": "1817", "last_edit_year": 2024, "years_since_edit": 2, "label": "1.5–2.5 yr", "color": "#9e9ac8" }, "geometry": { "type": "Point", "coordinates": [ 3.8986967, 43.6220023 ] } },
{ "type": "Feature", "properties": { "index": "1818", "last_edit_year": 2022, "years_since_edit": 4, "label": "2.5–6.5 yr", "color": "#756bb1" }, "geometry": { "type": "Point", "coordinates": [ 3.8990026, 43.6210131 ] } },
{ "type": "Feature", "properties": { "index": "1819", "last_edit_year": 2022, "years_since_edit": 4, "label": "2.5–6.5 yr", "color": "#756bb1" }, "geometry": { "type": "Point", "coordinates": [ 3.8991505, 43.6209215 ] } },
{ "type": "Feature", "properties": { "index": "1820", "last_edit_year": 2022, "years_since_edit": 4, "label": "2.5–6.5 yr", "color": "#756bb1" }, "geometry": { "type": "Point", "coordinates": [ 3.8990566, 43.6211269 ] } },
{ "type": "Feature", "properties": { "index": "1821", "last_edit_year": 2022, "years_since_edit": 4, "label": "2.5–6.5 yr", "color": "#756bb1" }, "geometry": { "type": "Point", "coordinates": [ 3.8898441, 43.611802 ] } },
{ "type": "Feature", "properties": { "index": "1822", "last_edit_year": 2023, "years_since_edit": 3, "label": "2.5–6.5 yr", "color": "#756bb1" }, "geometry": { "type": "Point", "coordinates": [ 3.8928861, 43.6069214 ] } },
{ "type": "Feature", "properties": { "index": "1823", "last_edit_year": 2023, "years_since_edit": 3, "label": "2.5–6.5 yr", "color": "#756bb1" }, "geometry": { "type": "Point", "coordinates": [ 3.8934332, 43.606816 ] } },
{ "type": "Feature", "properties": { "index": "1824", "last_edit_year": 2023, "years_since_edit": 3, "label": "2.5–6.5 yr", "color": "#756bb1" }, "geometry": { "type": "Point", "coordinates": [ 3.8916322, 43.6069652 ] } },
{ "type": "Feature", "properties": { "index": "1825", "last_edit_year": 2023, "years_since_edit": 3, "label": "2.5–6.5 yr", "color": "#756bb1" }, "geometry": { "type": "Point", "coordinates": [ 3.8918349, 43.6069884 ] } },
{ "type": "Feature", "properties": { "index": "1826", "last_edit_year": 2023, "years_since_edit": 3, "label": "2.5–6.5 yr", "color": "#756bb1" }, "geometry": { "type": "Point", "coordinates": [ 3.8914802, 43.6070049 ] } },
{ "type": "Feature", "properties": { "index": "1827", "last_edit_year": 2022, "years_since_edit": 4, "label": "2.5–6.5 yr", "color": "#756bb1" }, "geometry": { "type": "Point", "coordinates": [ 3.8849018, 43.6073156 ] } },
{ "type": "Feature", "properties": { "index": "1828", "last_edit_year": 2022, "years_since_edit": 4, "label": "2.5–6.5 yr", "color": "#756bb1" }, "geometry": { "type": "Point", "coordinates": [ 3.870279, 43.6073283 ] } },
{ "type": "Feature", "properties": { "index": "1829", "last_edit_year": 2022, "years_since_edit": 4, "label": "2.5–6.5 yr", "color": "#756bb1" }, "geometry": { "type": "Point", "coordinates": [ 3.8876665, 43.6104187 ] } },
{ "type": "Feature", "properties": { "index": "1830", "last_edit_year": 2022, "years_since_edit": 4, "label": "2.5–6.5 yr", "color": "#756bb1" }, "geometry": { "type": "Point", "coordinates": [ 3.8877676, 43.6104136 ] } },
{ "type": "Feature", "properties": { "index": "1831", "last_edit_year": 2023, "years_since_edit": 3, "label": "2.5–6.5 yr", "color": "#756bb1" }, "geometry": { "type": "Point", "coordinates": [ 3.8798901, 43.6056348 ] } },
{ "type": "Feature", "properties": { "index": "1832", "last_edit_year": 2023, "years_since_edit": 3, "label": "2.5–6.5 yr", "color": "#756bb1" }, "geometry": { "type": "Point", "coordinates": [ 3.8801021, 43.605583 ] } },
{ "type": "Feature", "properties": { "index": "1833", "last_edit_year": 2023, "years_since_edit": 3, "label": "2.5–6.5 yr", "color": "#756bb1" }, "geometry": { "type": "Point", "coordinates": [ 3.8801673, 43.6053966 ] } },
{ "type": "Feature", "properties": { "index": "1834", "last_edit_year": 2023, "years_since_edit": 3, "label": "2.5–6.5 yr", "color": "#756bb1" }, "geometry": { "type": "Point", "coordinates": [ 3.8801635, 43.6054112 ] } },
{ "type": "Feature", "properties": { "index": "1835", "last_edit_year": 2023, "years_since_edit": 3, "label": "2.5–6.5 yr", "color": "#756bb1" }, "geometry": { "type": "Point", "coordinates": [ 3.8798578, 43.6056371 ] } },
{ "type": "Feature", "properties": { "index": "1836", "last_edit_year": 2023, "years_since_edit": 3, "label": "2.5–6.5 yr", "color": "#756bb1" }, "geometry": { "type": "Point", "coordinates": [ 3.8887801, 43.6241315 ] } },
{ "type": "Feature", "properties": { "index": "1837", "last_edit_year": 2023, "years_since_edit": 3, "label": "2.5–6.5 yr", "color": "#756bb1" }, "geometry": { "type": "Point", "coordinates": [ 3.8889148, 43.6241008 ] } },
{ "type": "Feature", "properties": { "index": "1838", "last_edit_year": 2022, "years_since_edit": 4, "label": "2.5–6.5 yr", "color": "#756bb1" }, "geometry": { "type": "Point", "coordinates": [ 3.8883222, 43.6050264 ] } },
{ "type": "Feature", "properties": { "index": "1839", "last_edit_year": 2022, "years_since_edit": 4, "label": "2.5–6.5 yr", "color": "#756bb1" }, "geometry": { "type": "Point", "coordinates": [ 3.8883335, 43.6050038 ] } },
{ "type": "Feature", "properties": { "index": "1840", "last_edit_year": 2025, "years_since_edit": 1, "label": "0.5–1.5 yr", "color": "#cbc9e2" }, "geometry": { "type": "Point", "coordinates": [ 3.8781289, 43.6009451 ] } },
{ "type": "Feature", "properties": { "index": "1841", "last_edit_year": 2023, "years_since_edit": 3, "label": "2.5–6.5 yr", "color": "#756bb1" }, "geometry": { "type": "Point", "coordinates": [ 3.8778021, 43.6001388 ] } },
{ "type": "Feature", "properties": { "index": "1842", "last_edit_year": 2025, "years_since_edit": 1, "label": "0.5–1.5 yr", "color": "#cbc9e2" }, "geometry": { "type": "Point", "coordinates": [ 3.8683685, 43.6011125 ] } },
{ "type": "Feature", "properties": { "index": "1843", "last_edit_year": 2024, "years_since_edit": 2, "label": "1.5–2.5 yr", "color": "#9e9ac8" }, "geometry": { "type": "Point", "coordinates": [ 3.8768612, 43.6060962 ] } },
{ "type": "Feature", "properties": { "index": "1844", "last_edit_year": 2022, "years_since_edit": 4, "label": "2.5–6.5 yr", "color": "#756bb1" }, "geometry": { "type": "Point", "coordinates": [ 3.8740949, 43.6055854 ] } },
{ "type": "Feature", "properties": { "index": "1845", "last_edit_year": 2025, "years_since_edit": 1, "label": "0.5–1.5 yr", "color": "#cbc9e2" }, "geometry": { "type": "Point", "coordinates": [ 3.8700163, 43.6219893 ] } },
{ "type": "Feature", "properties": { "index": "1846", "last_edit_year": 2023, "years_since_edit": 3, "label": "2.5–6.5 yr", "color": "#756bb1" }, "geometry": { "type": "Point", "coordinates": [ 3.8909839, 43.6110699 ] } },
{ "type": "Feature", "properties": { "index": "1847", "last_edit_year": 2022, "years_since_edit": 4, "label": "2.5–6.5 yr", "color": "#756bb1" }, "geometry": { "type": "Point", "coordinates": [ 3.89104, 43.6110615 ] } },
{ "type": "Feature", "properties": { "index": "1848", "last_edit_year": 2022, "years_since_edit": 4, "label": "2.5–6.5 yr", "color": "#756bb1" }, "geometry": { "type": "Point", "coordinates": [ 3.8907925, 43.6110573 ] } },
{ "type": "Feature", "properties": { "index": "1849", "last_edit_year": 2022, "years_since_edit": 4, "label": "2.5–6.5 yr", "color": "#756bb1" }, "geometry": { "type": "Point", "coordinates": [ 3.8912658, 43.6109815 ] } },
{ "type": "Feature", "properties": { "index": "1850", "last_edit_year": 2022, "years_since_edit": 4, "label": "2.5–6.5 yr", "color": "#756bb1" }, "geometry": { "type": "Point", "coordinates": [ 3.8913197, 43.6109502 ] } },
{ "type": "Feature", "properties": { "index": "1851", "last_edit_year": 2022, "years_since_edit": 4, "label": "2.5–6.5 yr", "color": "#756bb1" }, "geometry": { "type": "Point", "coordinates": [ 3.8909284, 43.6110265 ] } },
{ "type": "Feature", "properties": { "index": "1852", "last_edit_year": 2022, "years_since_edit": 4, "label": "2.5–6.5 yr", "color": "#756bb1" }, "geometry": { "type": "Point", "coordinates": [ 3.891299, 43.6110506 ] } },
{ "type": "Feature", "properties": { "index": "1853", "last_edit_year": 2022, "years_since_edit": 4, "label": "2.5–6.5 yr", "color": "#756bb1" }, "geometry": { "type": "Point", "coordinates": [ 3.892121, 43.6110041 ] } },
{ "type": "Feature", "properties": { "index": "1854", "last_edit_year": 2022, "years_since_edit": 4, "label": "2.5–6.5 yr", "color": "#756bb1" }, "geometry": { "type": "Point", "coordinates": [ 3.8922444, 43.6110157 ] } },
{ "type": "Feature", "properties": { "index": "1855", "last_edit_year": 2022, "years_since_edit": 4, "label": "2.5–6.5 yr", "color": "#756bb1" }, "geometry": { "type": "Point", "coordinates": [ 3.8923657, 43.6110273 ] } },
{ "type": "Feature", "properties": { "index": "1856", "last_edit_year": 2022, "years_since_edit": 4, "label": "2.5–6.5 yr", "color": "#756bb1" }, "geometry": { "type": "Point", "coordinates": [ 3.8924751, 43.6110343 ] } },
{ "type": "Feature", "properties": { "index": "1857", "last_edit_year": 2022, "years_since_edit": 4, "label": "2.5–6.5 yr", "color": "#756bb1" }, "geometry": { "type": "Point", "coordinates": [ 3.8925985, 43.6110409 ] } },
{ "type": "Feature", "properties": { "index": "1858", "last_edit_year": 2022, "years_since_edit": 4, "label": "2.5–6.5 yr", "color": "#756bb1" }, "geometry": { "type": "Point", "coordinates": [ 3.8689939, 43.6152197 ] } },
{ "type": "Feature", "properties": { "index": "1859", "last_edit_year": 2023, "years_since_edit": 3, "label": "2.5–6.5 yr", "color": "#756bb1" }, "geometry": { "type": "Point", "coordinates": [ 3.8847137, 43.6029488 ] } },
{ "type": "Feature", "properties": { "index": "1860", "last_edit_year": 2023, "years_since_edit": 3, "label": "2.5–6.5 yr", "color": "#756bb1" }, "geometry": { "type": "Point", "coordinates": [ 3.8847636, 43.6030062 ] } },
{ "type": "Feature", "properties": { "index": "1861", "last_edit_year": 2023, "years_since_edit": 3, "label": "2.5–6.5 yr", "color": "#756bb1" }, "geometry": { "type": "Point", "coordinates": [ 3.8878474, 43.6036453 ] } },
{ "type": "Feature", "properties": { "index": "1862", "last_edit_year": 2023, "years_since_edit": 3, "label": "2.5–6.5 yr", "color": "#756bb1" }, "geometry": { "type": "Point", "coordinates": [ 3.872708, 43.611068 ] } },
{ "type": "Feature", "properties": { "index": "1863", "last_edit_year": 2025, "years_since_edit": 1, "label": "0.5–1.5 yr", "color": "#cbc9e2" }, "geometry": { "type": "Point", "coordinates": [ 3.8742253, 43.6055997 ] } },
{ "type": "Feature", "properties": { "index": "1864", "last_edit_year": 2023, "years_since_edit": 3, "label": "2.5–6.5 yr", "color": "#756bb1" }, "geometry": { "type": "Point", "coordinates": [ 3.8914447, 43.6086724 ] } },
{ "type": "Feature", "properties": { "index": "1865", "last_edit_year": 2023, "years_since_edit": 3, "label": "2.5–6.5 yr", "color": "#756bb1" }, "geometry": { "type": "Point", "coordinates": [ 3.8917831, 43.6086499 ] } },
{ "type": "Feature", "properties": { "index": "1866", "last_edit_year": 2024, "years_since_edit": 2, "label": "1.5–2.5 yr", "color": "#9e9ac8" }, "geometry": { "type": "Point", "coordinates": [ 3.8736404, 43.6051287 ] } },
{ "type": "Feature", "properties": { "index": "1867", "last_edit_year": 2024, "years_since_edit": 2, "label": "1.5–2.5 yr", "color": "#9e9ac8" }, "geometry": { "type": "Point", "coordinates": [ 3.873687, 43.6051788 ] } },
{ "type": "Feature", "properties": { "index": "1868", "last_edit_year": 2024, "years_since_edit": 2, "label": "1.5–2.5 yr", "color": "#9e9ac8" }, "geometry": { "type": "Point", "coordinates": [ 3.8732306, 43.6053603 ] } },
{ "type": "Feature", "properties": { "index": "1869", "last_edit_year": 2024, "years_since_edit": 2, "label": "1.5–2.5 yr", "color": "#9e9ac8" }, "geometry": { "type": "Point", "coordinates": [ 3.872993, 43.6051765 ] } },
{ "type": "Feature", "properties": { "index": "1870", "last_edit_year": 2024, "years_since_edit": 2, "label": "1.5–2.5 yr", "color": "#9e9ac8" }, "geometry": { "type": "Point", "coordinates": [ 3.8730308, 43.605219 ] } },
{ "type": "Feature", "properties": { "index": "1871", "last_edit_year": 2025, "years_since_edit": 1, "label": "0.5–1.5 yr", "color": "#cbc9e2" }, "geometry": { "type": "Point", "coordinates": [ 3.8674458, 43.6033441 ] } },
{ "type": "Feature", "properties": { "index": "1872", "last_edit_year": 2025, "years_since_edit": 1, "label": "0.5–1.5 yr", "color": "#cbc9e2" }, "geometry": { "type": "Point", "coordinates": [ 3.8674606, 43.6033035 ] } },
{ "type": "Feature", "properties": { "index": "1873", "last_edit_year": 2023, "years_since_edit": 3, "label": "2.5–6.5 yr", "color": "#756bb1" }, "geometry": { "type": "Point", "coordinates": [ 3.8676816, 43.6034815 ] } },
{ "type": "Feature", "properties": { "index": "1874", "last_edit_year": 2023, "years_since_edit": 3, "label": "2.5–6.5 yr", "color": "#756bb1" }, "geometry": { "type": "Point", "coordinates": [ 3.867207, 43.606938 ] } },
{ "type": "Feature", "properties": { "index": "1875", "last_edit_year": 2023, "years_since_edit": 3, "label": "2.5–6.5 yr", "color": "#756bb1" }, "geometry": { "type": "Point", "coordinates": [ 3.8896244, 43.617127 ] } },
{ "type": "Feature", "properties": { "index": "1876", "last_edit_year": 2023, "years_since_edit": 3, "label": "2.5–6.5 yr", "color": "#756bb1" }, "geometry": { "type": "Point", "coordinates": [ 3.8759587, 43.6130594 ] } },
{ "type": "Feature", "properties": { "index": "1877", "last_edit_year": 2023, "years_since_edit": 3, "label": "2.5–6.5 yr", "color": "#756bb1" }, "geometry": { "type": "Point", "coordinates": [ 3.8759306, 43.6130938 ] } },
{ "type": "Feature", "properties": { "index": "1878", "last_edit_year": 2023, "years_since_edit": 3, "label": "2.5–6.5 yr", "color": "#756bb1" }, "geometry": { "type": "Point", "coordinates": [ 3.8751866, 43.6127424 ] } },
{ "type": "Feature", "properties": { "index": "1879", "last_edit_year": 2023, "years_since_edit": 3, "label": "2.5–6.5 yr", "color": "#756bb1" }, "geometry": { "type": "Point", "coordinates": [ 3.8751892, 43.6127713 ] } },
{ "type": "Feature", "properties": { "index": "1880", "last_edit_year": 2023, "years_since_edit": 3, "label": "2.5–6.5 yr", "color": "#756bb1" }, "geometry": { "type": "Point", "coordinates": [ 3.8891917, 43.6091828 ] } },
{ "type": "Feature", "properties": { "index": "1881", "last_edit_year": 2023, "years_since_edit": 3, "label": "2.5–6.5 yr", "color": "#756bb1" }, "geometry": { "type": "Point", "coordinates": [ 3.8892198, 43.6094164 ] } },
{ "type": "Feature", "properties": { "index": "1882", "last_edit_year": 2023, "years_since_edit": 3, "label": "2.5–6.5 yr", "color": "#756bb1" }, "geometry": { "type": "Point", "coordinates": [ 3.8892188, 43.6093938 ] } },
{ "type": "Feature", "properties": { "index": "1883", "last_edit_year": 2023, "years_since_edit": 3, "label": "2.5–6.5 yr", "color": "#756bb1" }, "geometry": { "type": "Point", "coordinates": [ 3.8890609, 43.6092518 ] } },
{ "type": "Feature", "properties": { "index": "1884", "last_edit_year": 2025, "years_since_edit": 1, "label": "0.5–1.5 yr", "color": "#cbc9e2" }, "geometry": { "type": "Point", "coordinates": [ 3.8956796, 43.6178778 ] } },
{ "type": "Feature", "properties": { "index": "1885", "last_edit_year": 2024, "years_since_edit": 2, "label": "1.5–2.5 yr", "color": "#9e9ac8" }, "geometry": { "type": "Point", "coordinates": [ 3.8927144, 43.6010042 ] } },
{ "type": "Feature", "properties": { "index": "1886", "last_edit_year": 2023, "years_since_edit": 3, "label": "2.5–6.5 yr", "color": "#756bb1" }, "geometry": { "type": "Point", "coordinates": [ 3.8911262, 43.6077995 ] } },
{ "type": "Feature", "properties": { "index": "1887", "last_edit_year": 2025, "years_since_edit": 1, "label": "0.5–1.5 yr", "color": "#cbc9e2" }, "geometry": { "type": "Point", "coordinates": [ 3.8918538, 43.6081261 ] } },
{ "type": "Feature", "properties": { "index": "1888", "last_edit_year": 2025, "years_since_edit": 1, "label": "0.5–1.5 yr", "color": "#cbc9e2" }, "geometry": { "type": "Point", "coordinates": [ 3.8919459, 43.6080446 ] } },
{ "type": "Feature", "properties": { "index": "1889", "last_edit_year": 2025, "years_since_edit": 1, "label": "0.5–1.5 yr", "color": "#cbc9e2" }, "geometry": { "type": "Point", "coordinates": [ 3.8919085, 43.6077625 ] } },
{ "type": "Feature", "properties": { "index": "1890", "last_edit_year": 2025, "years_since_edit": 1, "label": "0.5–1.5 yr", "color": "#cbc9e2" }, "geometry": { "type": "Point", "coordinates": [ 3.8911694, 43.6081005 ] } },
{ "type": "Feature", "properties": { "index": "1891", "last_edit_year": 2025, "years_since_edit": 1, "label": "0.5–1.5 yr", "color": "#cbc9e2" }, "geometry": { "type": "Point", "coordinates": [ 3.8917943, 43.6076967 ] } },
{ "type": "Feature", "properties": { "index": "1892", "last_edit_year": 2025, "years_since_edit": 1, "label": "0.5–1.5 yr", "color": "#cbc9e2" }, "geometry": { "type": "Point", "coordinates": [ 3.8915837, 43.6077101 ] } },
{ "type": "Feature", "properties": { "index": "1893", "last_edit_year": 2025, "years_since_edit": 1, "label": "0.5–1.5 yr", "color": "#cbc9e2" }, "geometry": { "type": "Point", "coordinates": [ 3.891438, 43.6077202 ] } },
{ "type": "Feature", "properties": { "index": "1894", "last_edit_year": 2025, "years_since_edit": 1, "label": "0.5–1.5 yr", "color": "#cbc9e2" }, "geometry": { "type": "Point", "coordinates": [ 3.8912248, 43.6077358 ] } },
{ "type": "Feature", "properties": { "index": "1895", "last_edit_year": 2025, "years_since_edit": 1, "label": "0.5–1.5 yr", "color": "#cbc9e2" }, "geometry": { "type": "Point", "coordinates": [ 3.8916402, 43.6081399 ] } },
{ "type": "Feature", "properties": { "index": "1896", "last_edit_year": 2025, "years_since_edit": 1, "label": "0.5–1.5 yr", "color": "#cbc9e2" }, "geometry": { "type": "Point", "coordinates": [ 3.8912803, 43.6081607 ] } },
{ "type": "Feature", "properties": { "index": "1897", "last_edit_year": 2025, "years_since_edit": 1, "label": "0.5–1.5 yr", "color": "#cbc9e2" }, "geometry": { "type": "Point", "coordinates": [ 3.8914936, 43.60815 ] } },
{ "type": "Feature", "properties": { "index": "1898", "last_edit_year": 2024, "years_since_edit": 2, "label": "1.5–2.5 yr", "color": "#9e9ac8" }, "geometry": { "type": "Point", "coordinates": [ 3.8793127, 43.6052581 ] } },
{ "type": "Feature", "properties": { "index": "1899", "last_edit_year": 2024, "years_since_edit": 2, "label": "1.5–2.5 yr", "color": "#9e9ac8" }, "geometry": { "type": "Point", "coordinates": [ 3.8791132, 43.604575 ] } },
{ "type": "Feature", "properties": { "index": "1900", "last_edit_year": 2024, "years_since_edit": 2, "label": "1.5–2.5 yr", "color": "#9e9ac8" }, "geometry": { "type": "Point", "coordinates": [ 3.8779562, 43.6033191 ] } },
{ "type": "Feature", "properties": { "index": "1901", "last_edit_year": 2026, "years_since_edit": 0, "label": "0.0–0.5 yr", "color": "#f2f0f7" }, "geometry": { "type": "Point", "coordinates": [ 3.8767027, 43.6031648 ] } },
{ "type": "Feature", "properties": { "index": "1902", "last_edit_year": 2024, "years_since_edit": 2, "label": "1.5–2.5 yr", "color": "#9e9ac8" }, "geometry": { "type": "Point", "coordinates": [ 3.8766319, 43.6044167 ] } },
{ "type": "Feature", "properties": { "index": "1903", "last_edit_year": 2024, "years_since_edit": 2, "label": "1.5–2.5 yr", "color": "#9e9ac8" }, "geometry": { "type": "Point", "coordinates": [ 3.8766077, 43.6044642 ] } },
{ "type": "Feature", "properties": { "index": "1904", "last_edit_year": 2025, "years_since_edit": 1, "label": "0.5–1.5 yr", "color": "#cbc9e2" }, "geometry": { "type": "Point", "coordinates": [ 3.8773709, 43.6062246 ] } },
{ "type": "Feature", "properties": { "index": "1905", "last_edit_year": 2025, "years_since_edit": 1, "label": "0.5–1.5 yr", "color": "#cbc9e2" }, "geometry": { "type": "Point", "coordinates": [ 3.8808588, 43.6041704 ] } },
{ "type": "Feature", "properties": { "index": "1906", "last_edit_year": 2025, "years_since_edit": 1, "label": "0.5–1.5 yr", "color": "#cbc9e2" }, "geometry": { "type": "Point", "coordinates": [ 3.8804407, 43.6027837 ] } },
{ "type": "Feature", "properties": { "index": "1907", "last_edit_year": 2025, "years_since_edit": 1, "label": "0.5–1.5 yr", "color": "#cbc9e2" }, "geometry": { "type": "Point", "coordinates": [ 3.8826959, 43.6033086 ] } },
{ "type": "Feature", "properties": { "index": "1908", "last_edit_year": 2025, "years_since_edit": 1, "label": "0.5–1.5 yr", "color": "#cbc9e2" }, "geometry": { "type": "Point", "coordinates": [ 3.8823386, 43.6029853 ] } },
{ "type": "Feature", "properties": { "index": "1909", "last_edit_year": 2023, "years_since_edit": 3, "label": "2.5–6.5 yr", "color": "#756bb1" }, "geometry": { "type": "Point", "coordinates": [ 3.876248, 43.6087546 ] } },
{ "type": "Feature", "properties": { "index": "1910", "last_edit_year": 2023, "years_since_edit": 3, "label": "2.5–6.5 yr", "color": "#756bb1" }, "geometry": { "type": "Point", "coordinates": [ 3.8762052, 43.6087658 ] } },
{ "type": "Feature", "properties": { "index": "1911", "last_edit_year": 2023, "years_since_edit": 3, "label": "2.5–6.5 yr", "color": "#756bb1" }, "geometry": { "type": "Point", "coordinates": [ 3.8817416, 43.6036722 ] } },
{ "type": "Feature", "properties": { "index": "1912", "last_edit_year": 2023, "years_since_edit": 3, "label": "2.5–6.5 yr", "color": "#756bb1" }, "geometry": { "type": "Point", "coordinates": [ 3.8799225, 43.6052895 ] } },
{ "type": "Feature", "properties": { "index": "1913", "last_edit_year": 2023, "years_since_edit": 3, "label": "2.5–6.5 yr", "color": "#756bb1" }, "geometry": { "type": "Point", "coordinates": [ 3.8798251, 43.605757 ] } },
{ "type": "Feature", "properties": { "index": "1914", "last_edit_year": 2023, "years_since_edit": 3, "label": "2.5–6.5 yr", "color": "#756bb1" }, "geometry": { "type": "Point", "coordinates": [ 3.8796668, 43.6054009 ] } },
{ "type": "Feature", "properties": { "index": "1915", "last_edit_year": 2023, "years_since_edit": 3, "label": "2.5–6.5 yr", "color": "#756bb1" }, "geometry": { "type": "Point", "coordinates": [ 3.8798143, 43.6057445 ] } },
{ "type": "Feature", "properties": { "index": "1916", "last_edit_year": 2023, "years_since_edit": 3, "label": "2.5–6.5 yr", "color": "#756bb1" }, "geometry": { "type": "Point", "coordinates": [ 3.8799219, 43.6052965 ] } },
{ "type": "Feature", "properties": { "index": "1917", "last_edit_year": 2023, "years_since_edit": 3, "label": "2.5–6.5 yr", "color": "#756bb1" }, "geometry": { "type": "Point", "coordinates": [ 3.8798339, 43.6057784 ] } },
{ "type": "Feature", "properties": { "index": "1918", "last_edit_year": 2023, "years_since_edit": 3, "label": "2.5–6.5 yr", "color": "#756bb1" }, "geometry": { "type": "Point", "coordinates": [ 3.8798444, 43.6057952 ] } },
{ "type": "Feature", "properties": { "index": "1919", "last_edit_year": 2023, "years_since_edit": 3, "label": "2.5–6.5 yr", "color": "#756bb1" }, "geometry": { "type": "Point", "coordinates": [ 3.8798559, 43.6058145 ] } },
{ "type": "Feature", "properties": { "index": "1920", "last_edit_year": 2024, "years_since_edit": 2, "label": "1.5–2.5 yr", "color": "#9e9ac8" }, "geometry": { "type": "Point", "coordinates": [ 3.9007674, 43.6082256 ] } },
{ "type": "Feature", "properties": { "index": "1921", "last_edit_year": 2023, "years_since_edit": 3, "label": "2.5–6.5 yr", "color": "#756bb1" }, "geometry": { "type": "Point", "coordinates": [ 3.8820925, 43.6221982 ] } },
{ "type": "Feature", "properties": { "index": "1922", "last_edit_year": 2025, "years_since_edit": 1, "label": "0.5–1.5 yr", "color": "#cbc9e2" }, "geometry": { "type": "Point", "coordinates": [ 3.8750779, 43.6024276 ] } },
{ "type": "Feature", "properties": { "index": "1923", "last_edit_year": 2024, "years_since_edit": 2, "label": "1.5–2.5 yr", "color": "#9e9ac8" }, "geometry": { "type": "Point", "coordinates": [ 3.8813905, 43.6141259 ] } },
{ "type": "Feature", "properties": { "index": "1924", "last_edit_year": 2024, "years_since_edit": 2, "label": "1.5–2.5 yr", "color": "#9e9ac8" }, "geometry": { "type": "Point", "coordinates": [ 3.8815324, 43.6142882 ] } },
{ "type": "Feature", "properties": { "index": "1925", "last_edit_year": 2025, "years_since_edit": 1, "label": "0.5–1.5 yr", "color": "#cbc9e2" }, "geometry": { "type": "Point", "coordinates": [ 3.8916892, 43.6022429 ] } },
{ "type": "Feature", "properties": { "index": "1926", "last_edit_year": 2025, "years_since_edit": 1, "label": "0.5–1.5 yr", "color": "#cbc9e2" }, "geometry": { "type": "Point", "coordinates": [ 3.8893136, 43.6078906 ] } },
{ "type": "Feature", "properties": { "index": "1927", "last_edit_year": 2025, "years_since_edit": 1, "label": "0.5–1.5 yr", "color": "#cbc9e2" }, "geometry": { "type": "Point", "coordinates": [ 3.8895375, 43.6078784 ] } },
{ "type": "Feature", "properties": { "index": "1928", "last_edit_year": 2025, "years_since_edit": 1, "label": "0.5–1.5 yr", "color": "#cbc9e2" }, "geometry": { "type": "Point", "coordinates": [ 3.8897463, 43.6078646 ] } },
{ "type": "Feature", "properties": { "index": "1929", "last_edit_year": 2025, "years_since_edit": 1, "label": "0.5–1.5 yr", "color": "#cbc9e2" }, "geometry": { "type": "Point", "coordinates": [ 3.8899436, 43.607848 ] } },
{ "type": "Feature", "properties": { "index": "1930", "last_edit_year": 2025, "years_since_edit": 1, "label": "0.5–1.5 yr", "color": "#cbc9e2" }, "geometry": { "type": "Point", "coordinates": [ 3.8901988, 43.6078314 ] } },
{ "type": "Feature", "properties": { "index": "1931", "last_edit_year": 2025, "years_since_edit": 1, "label": "0.5–1.5 yr", "color": "#cbc9e2" }, "geometry": { "type": "Point", "coordinates": [ 3.8902685, 43.6081666 ] } },
{ "type": "Feature", "properties": { "index": "1932", "last_edit_year": 2025, "years_since_edit": 1, "label": "0.5–1.5 yr", "color": "#cbc9e2" }, "geometry": { "type": "Point", "coordinates": [ 3.8900133, 43.6081832 ] } },
{ "type": "Feature", "properties": { "index": "1933", "last_edit_year": 2025, "years_since_edit": 1, "label": "0.5–1.5 yr", "color": "#cbc9e2" }, "geometry": { "type": "Point", "coordinates": [ 3.8898159, 43.6081998 ] } },
{ "type": "Feature", "properties": { "index": "1934", "last_edit_year": 2025, "years_since_edit": 1, "label": "0.5–1.5 yr", "color": "#cbc9e2" }, "geometry": { "type": "Point", "coordinates": [ 3.8896072, 43.6082136 ] } },
{ "type": "Feature", "properties": { "index": "1935", "last_edit_year": 2025, "years_since_edit": 1, "label": "0.5–1.5 yr", "color": "#cbc9e2" }, "geometry": { "type": "Point", "coordinates": [ 3.8893832, 43.6082258 ] } },
{ "type": "Feature", "properties": { "index": "1936", "last_edit_year": 2025, "years_since_edit": 1, "label": "0.5–1.5 yr", "color": "#cbc9e2" }, "geometry": { "type": "Point", "coordinates": [ 3.8877422, 43.6079428 ] } },
{ "type": "Feature", "properties": { "index": "1937", "last_edit_year": 2025, "years_since_edit": 1, "label": "0.5–1.5 yr", "color": "#cbc9e2" }, "geometry": { "type": "Point", "coordinates": [ 3.887951, 43.6080579 ] } },
{ "type": "Feature", "properties": { "index": "1938", "last_edit_year": 2025, "years_since_edit": 1, "label": "0.5–1.5 yr", "color": "#cbc9e2" }, "geometry": { "type": "Point", "coordinates": [ 3.8879869, 43.6083116 ] } },
{ "type": "Feature", "properties": { "index": "1939", "last_edit_year": 2025, "years_since_edit": 1, "label": "0.5–1.5 yr", "color": "#cbc9e2" }, "geometry": { "type": "Point", "coordinates": [ 3.8878188, 43.6084563 ] } },
{ "type": "Feature", "properties": { "index": "1940", "last_edit_year": 2025, "years_since_edit": 1, "label": "0.5–1.5 yr", "color": "#cbc9e2" }, "geometry": { "type": "Point", "coordinates": [ 3.8875272, 43.6084724 ] } },
{ "type": "Feature", "properties": { "index": "1941", "last_edit_year": 2025, "years_since_edit": 1, "label": "0.5–1.5 yr", "color": "#cbc9e2" }, "geometry": { "type": "Point", "coordinates": [ 3.8873236, 43.6083548 ] } },
{ "type": "Feature", "properties": { "index": "1942", "last_edit_year": 2025, "years_since_edit": 1, "label": "0.5–1.5 yr", "color": "#cbc9e2" }, "geometry": { "type": "Point", "coordinates": [ 3.8872938, 43.6080941 ] } },
{ "type": "Feature", "properties": { "index": "1943", "last_edit_year": 2025, "years_since_edit": 1, "label": "0.5–1.5 yr", "color": "#cbc9e2" }, "geometry": { "type": "Point", "coordinates": [ 3.8874343, 43.6079744 ] } },
{ "type": "Feature", "properties": { "index": "1944", "last_edit_year": 2026, "years_since_edit": 0, "label": "0.0–0.5 yr", "color": "#f2f0f7" }, "geometry": { "type": "Point", "coordinates": [ 3.8968542, 43.6096638 ] } },
{ "type": "Feature", "properties": { "index": "1945", "last_edit_year": 2024, "years_since_edit": 2, "label": "1.5–2.5 yr", "color": "#9e9ac8" }, "geometry": { "type": "Point", "coordinates": [ 3.8720738, 43.6019591 ] } },
{ "type": "Feature", "properties": { "index": "1946", "last_edit_year": 2025, "years_since_edit": 1, "label": "0.5–1.5 yr", "color": "#cbc9e2" }, "geometry": { "type": "Point", "coordinates": [ 3.8743308, 43.6002981 ] } },
{ "type": "Feature", "properties": { "index": "1947", "last_edit_year": 2025, "years_since_edit": 1, "label": "0.5–1.5 yr", "color": "#cbc9e2" }, "geometry": { "type": "Point", "coordinates": [ 3.8744306, 43.6002374 ] } },
{ "type": "Feature", "properties": { "index": "1948", "last_edit_year": 2025, "years_since_edit": 1, "label": "0.5–1.5 yr", "color": "#cbc9e2" }, "geometry": { "type": "Point", "coordinates": [ 3.8745388, 43.6002838 ] } },
{ "type": "Feature", "properties": { "index": "1949", "last_edit_year": 2025, "years_since_edit": 1, "label": "0.5–1.5 yr", "color": "#cbc9e2" }, "geometry": { "type": "Point", "coordinates": [ 3.8744456, 43.6003414 ] } },
{ "type": "Feature", "properties": { "index": "1950", "last_edit_year": 2026, "years_since_edit": 0, "label": "0.0–0.5 yr", "color": "#f2f0f7" }, "geometry": { "type": "Point", "coordinates": [ 3.8735497, 43.6004273 ] } },
{ "type": "Feature", "properties": { "index": "1951", "last_edit_year": 2023, "years_since_edit": 3, "label": "2.5–6.5 yr", "color": "#756bb1" }, "geometry": { "type": "Point", "coordinates": [ 3.8718679, 43.6242152 ] } },
{ "type": "Feature", "properties": { "index": "1952", "last_edit_year": 2023, "years_since_edit": 3, "label": "2.5–6.5 yr", "color": "#756bb1" }, "geometry": { "type": "Point", "coordinates": [ 3.8719033, 43.6242283 ] } },
{ "type": "Feature", "properties": { "index": "1953", "last_edit_year": 2023, "years_since_edit": 3, "label": "2.5–6.5 yr", "color": "#756bb1" }, "geometry": { "type": "Point", "coordinates": [ 3.8718313, 43.6243624 ] } },
{ "type": "Feature", "properties": { "index": "1954", "last_edit_year": 2023, "years_since_edit": 3, "label": "2.5–6.5 yr", "color": "#756bb1" }, "geometry": { "type": "Point", "coordinates": [ 3.871742, 43.6243354 ] } },
{ "type": "Feature", "properties": { "index": "1955", "last_edit_year": 2023, "years_since_edit": 3, "label": "2.5–6.5 yr", "color": "#756bb1" }, "geometry": { "type": "Point", "coordinates": [ 3.8717316, 43.62431 ] } },
{ "type": "Feature", "properties": { "index": "1956", "last_edit_year": 2023, "years_since_edit": 3, "label": "2.5–6.5 yr", "color": "#756bb1" }, "geometry": { "type": "Point", "coordinates": [ 3.8717196, 43.6242026 ] } },
{ "type": "Feature", "properties": { "index": "1957", "last_edit_year": 2023, "years_since_edit": 3, "label": "2.5–6.5 yr", "color": "#756bb1" }, "geometry": { "type": "Point", "coordinates": [ 3.8716881, 43.6242503 ] } },
{ "type": "Feature", "properties": { "index": "1958", "last_edit_year": 2023, "years_since_edit": 3, "label": "2.5–6.5 yr", "color": "#756bb1" }, "geometry": { "type": "Point", "coordinates": [ 3.8716455, 43.6243221 ] } },
{ "type": "Feature", "properties": { "index": "1959", "last_edit_year": 2025, "years_since_edit": 1, "label": "0.5–1.5 yr", "color": "#cbc9e2" }, "geometry": { "type": "Point", "coordinates": [ 3.8754961, 43.6158178 ] } },
{ "type": "Feature", "properties": { "index": "1960", "last_edit_year": 2024, "years_since_edit": 2, "label": "1.5–2.5 yr", "color": "#9e9ac8" }, "geometry": { "type": "Point", "coordinates": [ 3.8755193, 43.6158449 ] } },
{ "type": "Feature", "properties": { "index": "1961", "last_edit_year": 2026, "years_since_edit": 0, "label": "0.0–0.5 yr", "color": "#f2f0f7" }, "geometry": { "type": "Point", "coordinates": [ 3.8760364, 43.6086222 ] } },
{ "type": "Feature", "properties": { "index": "1962", "last_edit_year": 2026, "years_since_edit": 0, "label": "0.0–0.5 yr", "color": "#f2f0f7" }, "geometry": { "type": "Point", "coordinates": [ 3.8761723, 43.6086354 ] } },
{ "type": "Feature", "properties": { "index": "1963", "last_edit_year": 2024, "years_since_edit": 2, "label": "1.5–2.5 yr", "color": "#9e9ac8" }, "geometry": { "type": "Point", "coordinates": [ 3.8862109, 43.6076476 ] } },
{ "type": "Feature", "properties": { "index": "1964", "last_edit_year": 2024, "years_since_edit": 2, "label": "1.5–2.5 yr", "color": "#9e9ac8" }, "geometry": { "type": "Point", "coordinates": [ 3.8860582, 43.6076407 ] } },
{ "type": "Feature", "properties": { "index": "1965", "last_edit_year": 2024, "years_since_edit": 2, "label": "1.5–2.5 yr", "color": "#9e9ac8" }, "geometry": { "type": "Point", "coordinates": [ 3.8860672, 43.6077215 ] } },
{ "type": "Feature", "properties": { "index": "1966", "last_edit_year": 2024, "years_since_edit": 2, "label": "1.5–2.5 yr", "color": "#9e9ac8" }, "geometry": { "type": "Point", "coordinates": [ 3.8862503, 43.6077292 ] } },
{ "type": "Feature", "properties": { "index": "1967", "last_edit_year": 2024, "years_since_edit": 2, "label": "1.5–2.5 yr", "color": "#9e9ac8" }, "geometry": { "type": "Point", "coordinates": [ 3.8958015, 43.6123821 ] } },
{ "type": "Feature", "properties": { "index": "1968", "last_edit_year": 2024, "years_since_edit": 2, "label": "1.5–2.5 yr", "color": "#9e9ac8" }, "geometry": { "type": "Point", "coordinates": [ 3.8952393, 43.6128079 ] } },
{ "type": "Feature", "properties": { "index": "1969", "last_edit_year": 2024, "years_since_edit": 2, "label": "1.5–2.5 yr", "color": "#9e9ac8" }, "geometry": { "type": "Point", "coordinates": [ 3.895331, 43.612875 ] } },
{ "type": "Feature", "properties": { "index": "1970", "last_edit_year": 2024, "years_since_edit": 2, "label": "1.5–2.5 yr", "color": "#9e9ac8" }, "geometry": { "type": "Point", "coordinates": [ 3.8961833, 43.611485 ] } },
{ "type": "Feature", "properties": { "index": "1971", "last_edit_year": 2024, "years_since_edit": 2, "label": "1.5–2.5 yr", "color": "#9e9ac8" }, "geometry": { "type": "Point", "coordinates": [ 3.8963581, 43.6110761 ] } },
{ "type": "Feature", "properties": { "index": "1972", "last_edit_year": 2024, "years_since_edit": 2, "label": "1.5–2.5 yr", "color": "#9e9ac8" }, "geometry": { "type": "Point", "coordinates": [ 3.8963317, 43.6111614 ] } },
{ "type": "Feature", "properties": { "index": "1973", "last_edit_year": 2026, "years_since_edit": 0, "label": "0.0–0.5 yr", "color": "#f2f0f7" }, "geometry": { "type": "Point", "coordinates": [ 3.8965089, 43.61065 ] } },
{ "type": "Feature", "properties": { "index": "1974", "last_edit_year": 2026, "years_since_edit": 0, "label": "0.0–0.5 yr", "color": "#f2f0f7" }, "geometry": { "type": "Point", "coordinates": [ 3.8965896, 43.6106509 ] } },
{ "type": "Feature", "properties": { "index": "1975", "last_edit_year": 2026, "years_since_edit": 0, "label": "0.0–0.5 yr", "color": "#f2f0f7" }, "geometry": { "type": "Point", "coordinates": [ 3.8964388, 43.6103656 ] } },
{ "type": "Feature", "properties": { "index": "1976", "last_edit_year": 2026, "years_since_edit": 0, "label": "0.0–0.5 yr", "color": "#f2f0f7" }, "geometry": { "type": "Point", "coordinates": [ 3.8961254, 43.6102727 ] } },
{ "type": "Feature", "properties": { "index": "1977", "last_edit_year": 2026, "years_since_edit": 0, "label": "0.0–0.5 yr", "color": "#f2f0f7" }, "geometry": { "type": "Point", "coordinates": [ 3.8962298, 43.6103234 ] } },
{ "type": "Feature", "properties": { "index": "1978", "last_edit_year": 2026, "years_since_edit": 0, "label": "0.0–0.5 yr", "color": "#f2f0f7" }, "geometry": { "type": "Point", "coordinates": [ 3.8962444, 43.6101606 ] } },
{ "type": "Feature", "properties": { "index": "1979", "last_edit_year": 2026, "years_since_edit": 0, "label": "0.0–0.5 yr", "color": "#f2f0f7" }, "geometry": { "type": "Point", "coordinates": [ 3.8961558, 43.6101491 ] } },
{ "type": "Feature", "properties": { "index": "1980", "last_edit_year": 2025, "years_since_edit": 1, "label": "0.5–1.5 yr", "color": "#cbc9e2" }, "geometry": { "type": "Point", "coordinates": [ 3.8756218, 43.6032233 ] } },
{ "type": "Feature", "properties": { "index": "1981", "last_edit_year": 2024, "years_since_edit": 2, "label": "1.5–2.5 yr", "color": "#9e9ac8" }, "geometry": { "type": "Point", "coordinates": [ 3.8782704, 43.620026 ] } },
{ "type": "Feature", "properties": { "index": "1982", "last_edit_year": 2024, "years_since_edit": 2, "label": "1.5–2.5 yr", "color": "#9e9ac8" }, "geometry": { "type": "Point", "coordinates": [ 3.8843662, 43.6071381 ] } },
{ "type": "Feature", "properties": { "index": "1983", "last_edit_year": 2024, "years_since_edit": 2, "label": "1.5–2.5 yr", "color": "#9e9ac8" }, "geometry": { "type": "Point", "coordinates": [ 3.8770741, 43.6193357 ] } },
{ "type": "Feature", "properties": { "index": "1984", "last_edit_year": 2024, "years_since_edit": 2, "label": "1.5–2.5 yr", "color": "#9e9ac8" }, "geometry": { "type": "Point", "coordinates": [ 3.8783589, 43.6198988 ] } },
{ "type": "Feature", "properties": { "index": "1985", "last_edit_year": 2024, "years_since_edit": 2, "label": "1.5–2.5 yr", "color": "#9e9ac8" }, "geometry": { "type": "Point", "coordinates": [ 3.8770312, 43.6189813 ] } },
{ "type": "Feature", "properties": { "index": "1986", "last_edit_year": 2024, "years_since_edit": 2, "label": "1.5–2.5 yr", "color": "#9e9ac8" }, "geometry": { "type": "Point", "coordinates": [ 3.8909311, 43.6198192 ] } },
{ "type": "Feature", "properties": { "index": "1987", "last_edit_year": 2024, "years_since_edit": 2, "label": "1.5–2.5 yr", "color": "#9e9ac8" }, "geometry": { "type": "Point", "coordinates": [ 3.8910428, 43.6199041 ] } },
{ "type": "Feature", "properties": { "index": "1988", "last_edit_year": 2024, "years_since_edit": 2, "label": "1.5–2.5 yr", "color": "#9e9ac8" }, "geometry": { "type": "Point", "coordinates": [ 3.892485, 43.6203211 ] } },
{ "type": "Feature", "properties": { "index": "1989", "last_edit_year": 2024, "years_since_edit": 2, "label": "1.5–2.5 yr", "color": "#9e9ac8" }, "geometry": { "type": "Point", "coordinates": [ 3.8836777, 43.6024458 ] } },
{ "type": "Feature", "properties": { "index": "1990", "last_edit_year": 2024, "years_since_edit": 2, "label": "1.5–2.5 yr", "color": "#9e9ac8" }, "geometry": { "type": "Point", "coordinates": [ 3.8852199, 43.6085502 ] } },
{ "type": "Feature", "properties": { "index": "1991", "last_edit_year": 2025, "years_since_edit": 1, "label": "0.5–1.5 yr", "color": "#cbc9e2" }, "geometry": { "type": "Point", "coordinates": [ 3.8853345, 43.6082251 ] } },
{ "type": "Feature", "properties": { "index": "1992", "last_edit_year": 2024, "years_since_edit": 2, "label": "1.5–2.5 yr", "color": "#9e9ac8" }, "geometry": { "type": "Point", "coordinates": [ 3.8846059, 43.6081449 ] } },
{ "type": "Feature", "properties": { "index": "1993", "last_edit_year": 2024, "years_since_edit": 2, "label": "1.5–2.5 yr", "color": "#9e9ac8" }, "geometry": { "type": "Point", "coordinates": [ 3.8850753, 43.6084032 ] } },
{ "type": "Feature", "properties": { "index": "1994", "last_edit_year": 2026, "years_since_edit": 0, "label": "0.0–0.5 yr", "color": "#f2f0f7" }, "geometry": { "type": "Point", "coordinates": [ 3.8810397, 43.6168801 ] } },
{ "type": "Feature", "properties": { "index": "1995", "last_edit_year": 2026, "years_since_edit": 0, "label": "0.0–0.5 yr", "color": "#f2f0f7" }, "geometry": { "type": "Point", "coordinates": [ 3.8810553, 43.6168021 ] } },
{ "type": "Feature", "properties": { "index": "1996", "last_edit_year": 2024, "years_since_edit": 2, "label": "1.5–2.5 yr", "color": "#9e9ac8" }, "geometry": { "type": "Point", "coordinates": [ 3.8759629, 43.6088393 ] } },
{ "type": "Feature", "properties": { "index": "1997", "last_edit_year": 2026, "years_since_edit": 0, "label": "0.0–0.5 yr", "color": "#f2f0f7" }, "geometry": { "type": "Point", "coordinates": [ 3.867914, 43.61252 ] } },
{ "type": "Feature", "properties": { "index": "1998", "last_edit_year": 2024, "years_since_edit": 2, "label": "1.5–2.5 yr", "color": "#9e9ac8" }, "geometry": { "type": "Point", "coordinates": [ 3.8941786, 43.607349 ] } },
{ "type": "Feature", "properties": { "index": "1999", "last_edit_year": 2024, "years_since_edit": 2, "label": "1.5–2.5 yr", "color": "#9e9ac8" }, "geometry": { "type": "Point", "coordinates": [ 3.8824186, 43.610433 ] } },
{ "type": "Feature", "properties": { "index": "2000", "last_edit_year": 2024, "years_since_edit": 2, "label": "1.5–2.5 yr", "color": "#9e9ac8" }, "geometry": { "type": "Point", "coordinates": [ 3.8802092, 43.6216283 ] } },
{ "type": "Feature", "properties": { "index": "2001", "last_edit_year": 2024, "years_since_edit": 2, "label": "1.5–2.5 yr", "color": "#9e9ac8" }, "geometry": { "type": "Point", "coordinates": [ 3.8796252, 43.6013423 ] } },
{ "type": "Feature", "properties": { "index": "2002", "last_edit_year": 2024, "years_since_edit": 2, "label": "1.5–2.5 yr", "color": "#9e9ac8" }, "geometry": { "type": "Point", "coordinates": [ 3.8796755, 43.6013055 ] } },
{ "type": "Feature", "properties": { "index": "2003", "last_edit_year": 2024, "years_since_edit": 2, "label": "1.5–2.5 yr", "color": "#9e9ac8" }, "geometry": { "type": "Point", "coordinates": [ 3.8797454, 43.6013143 ] } },
{ "type": "Feature", "properties": { "index": "2004", "last_edit_year": 2024, "years_since_edit": 2, "label": "1.5–2.5 yr", "color": "#9e9ac8" }, "geometry": { "type": "Point", "coordinates": [ 3.8791165, 43.6014664 ] } },
{ "type": "Feature", "properties": { "index": "2005", "last_edit_year": 2025, "years_since_edit": 1, "label": "0.5–1.5 yr", "color": "#cbc9e2" }, "geometry": { "type": "Point", "coordinates": [ 3.880608, 43.6017246 ] } },
{ "type": "Feature", "properties": { "index": "2006", "last_edit_year": 2024, "years_since_edit": 2, "label": "1.5–2.5 yr", "color": "#9e9ac8" }, "geometry": { "type": "Point", "coordinates": [ 3.8806742, 43.6017012 ] } },
{ "type": "Feature", "properties": { "index": "2007", "last_edit_year": 2024, "years_since_edit": 2, "label": "1.5–2.5 yr", "color": "#9e9ac8" }, "geometry": { "type": "Point", "coordinates": [ 3.8806035, 43.6017818 ] } },
{ "type": "Feature", "properties": { "index": "2008", "last_edit_year": 2024, "years_since_edit": 2, "label": "1.5–2.5 yr", "color": "#9e9ac8" }, "geometry": { "type": "Point", "coordinates": [ 3.8800224, 43.6012531 ] } },
{ "type": "Feature", "properties": { "index": "2009", "last_edit_year": 2024, "years_since_edit": 2, "label": "1.5–2.5 yr", "color": "#9e9ac8" }, "geometry": { "type": "Point", "coordinates": [ 3.8791644, 43.6014116 ] } },
{ "type": "Feature", "properties": { "index": "2010", "last_edit_year": 2024, "years_since_edit": 2, "label": "1.5–2.5 yr", "color": "#9e9ac8" }, "geometry": { "type": "Point", "coordinates": [ 3.8792213, 43.6014417 ] } },
{ "type": "Feature", "properties": { "index": "2011", "last_edit_year": 2024, "years_since_edit": 2, "label": "1.5–2.5 yr", "color": "#9e9ac8" }, "geometry": { "type": "Point", "coordinates": [ 3.879322, 43.6022277 ] } },
{ "type": "Feature", "properties": { "index": "2012", "last_edit_year": 2025, "years_since_edit": 1, "label": "0.5–1.5 yr", "color": "#cbc9e2" }, "geometry": { "type": "Point", "coordinates": [ 3.880137, 43.6022024 ] } },
{ "type": "Feature", "properties": { "index": "2013", "last_edit_year": 2024, "years_since_edit": 2, "label": "1.5–2.5 yr", "color": "#9e9ac8" }, "geometry": { "type": "Point", "coordinates": [ 3.8802357, 43.6008774 ] } },
{ "type": "Feature", "properties": { "index": "2014", "last_edit_year": 2024, "years_since_edit": 2, "label": "1.5–2.5 yr", "color": "#9e9ac8" }, "geometry": { "type": "Point", "coordinates": [ 3.88089, 43.6010526 ] } },
{ "type": "Feature", "properties": { "index": "2015", "last_edit_year": 2024, "years_since_edit": 2, "label": "1.5–2.5 yr", "color": "#9e9ac8" }, "geometry": { "type": "Point", "coordinates": [ 3.8821742, 43.6077396 ] } },
{ "type": "Feature", "properties": { "index": "2016", "last_edit_year": 2024, "years_since_edit": 2, "label": "1.5–2.5 yr", "color": "#9e9ac8" }, "geometry": { "type": "Point", "coordinates": [ 3.8847808, 43.6063239 ] } },
{ "type": "Feature", "properties": { "index": "2017", "last_edit_year": 2024, "years_since_edit": 2, "label": "1.5–2.5 yr", "color": "#9e9ac8" }, "geometry": { "type": "Point", "coordinates": [ 3.8942954, 43.6212054 ] } },
{ "type": "Feature", "properties": { "index": "2018", "last_edit_year": 2024, "years_since_edit": 2, "label": "1.5–2.5 yr", "color": "#9e9ac8" }, "geometry": { "type": "Point", "coordinates": [ 3.8741244, 43.6022084 ] } },
{ "type": "Feature", "properties": { "index": "2019", "last_edit_year": 2024, "years_since_edit": 2, "label": "1.5–2.5 yr", "color": "#9e9ac8" }, "geometry": { "type": "Point", "coordinates": [ 3.890335, 43.6208648 ] } },
{ "type": "Feature", "properties": { "index": "2020", "last_edit_year": 2024, "years_since_edit": 2, "label": "1.5–2.5 yr", "color": "#9e9ac8" }, "geometry": { "type": "Point", "coordinates": [ 3.8920341, 43.6209357 ] } },
{ "type": "Feature", "properties": { "index": "2021", "last_edit_year": 2024, "years_since_edit": 2, "label": "1.5–2.5 yr", "color": "#9e9ac8" }, "geometry": { "type": "Point", "coordinates": [ 3.8906139, 43.6205065 ] } },
{ "type": "Feature", "properties": { "index": "2022", "last_edit_year": 2024, "years_since_edit": 2, "label": "1.5–2.5 yr", "color": "#9e9ac8" }, "geometry": { "type": "Point", "coordinates": [ 3.8865776, 43.6085351 ] } },
{ "type": "Feature", "properties": { "index": "2023", "last_edit_year": 2024, "years_since_edit": 2, "label": "1.5–2.5 yr", "color": "#9e9ac8" }, "geometry": { "type": "Point", "coordinates": [ 3.8724803, 43.6149732 ] } },
{ "type": "Feature", "properties": { "index": "2024", "last_edit_year": 2024, "years_since_edit": 2, "label": "1.5–2.5 yr", "color": "#9e9ac8" }, "geometry": { "type": "Point", "coordinates": [ 3.8705665, 43.6148965 ] } },
{ "type": "Feature", "properties": { "index": "2025", "last_edit_year": 2024, "years_since_edit": 2, "label": "1.5–2.5 yr", "color": "#9e9ac8" }, "geometry": { "type": "Point", "coordinates": [ 3.8710397, 43.6149103 ] } },
{ "type": "Feature", "properties": { "index": "2026", "last_edit_year": 2024, "years_since_edit": 2, "label": "1.5–2.5 yr", "color": "#9e9ac8" }, "geometry": { "type": "Point", "coordinates": [ 3.8705656, 43.6149196 ] } },
{ "type": "Feature", "properties": { "index": "2027", "last_edit_year": 2024, "years_since_edit": 2, "label": "1.5–2.5 yr", "color": "#9e9ac8" }, "geometry": { "type": "Point", "coordinates": [ 3.8716511, 43.6149663 ] } },
{ "type": "Feature", "properties": { "index": "2028", "last_edit_year": 2024, "years_since_edit": 2, "label": "1.5–2.5 yr", "color": "#9e9ac8" }, "geometry": { "type": "Point", "coordinates": [ 3.8707848, 43.6147967 ] } },
{ "type": "Feature", "properties": { "index": "2029", "last_edit_year": 2024, "years_since_edit": 2, "label": "1.5–2.5 yr", "color": "#9e9ac8" }, "geometry": { "type": "Point", "coordinates": [ 3.8716528, 43.6148176 ] } },
{ "type": "Feature", "properties": { "index": "2030", "last_edit_year": 2024, "years_since_edit": 2, "label": "1.5–2.5 yr", "color": "#9e9ac8" }, "geometry": { "type": "Point", "coordinates": [ 3.8709968, 43.6149063 ] } },
{ "type": "Feature", "properties": { "index": "2031", "last_edit_year": 2024, "years_since_edit": 2, "label": "1.5–2.5 yr", "color": "#9e9ac8" }, "geometry": { "type": "Point", "coordinates": [ 3.8707326, 43.6148946 ] } },
{ "type": "Feature", "properties": { "index": "2032", "last_edit_year": 2024, "years_since_edit": 2, "label": "1.5–2.5 yr", "color": "#9e9ac8" }, "geometry": { "type": "Point", "coordinates": [ 3.8716876, 43.6148923 ] } },
{ "type": "Feature", "properties": { "index": "2033", "last_edit_year": 2024, "years_since_edit": 2, "label": "1.5–2.5 yr", "color": "#9e9ac8" }, "geometry": { "type": "Point", "coordinates": [ 3.8721025, 43.614129 ] } },
{ "type": "Feature", "properties": { "index": "2034", "last_edit_year": 2024, "years_since_edit": 2, "label": "1.5–2.5 yr", "color": "#9e9ac8" }, "geometry": { "type": "Point", "coordinates": [ 3.8714335, 43.614413 ] } },
{ "type": "Feature", "properties": { "index": "2035", "last_edit_year": 2024, "years_since_edit": 2, "label": "1.5–2.5 yr", "color": "#9e9ac8" }, "geometry": { "type": "Point", "coordinates": [ 3.8712031, 43.614096 ] } },
{ "type": "Feature", "properties": { "index": "2036", "last_edit_year": 2024, "years_since_edit": 2, "label": "1.5–2.5 yr", "color": "#9e9ac8" }, "geometry": { "type": "Point", "coordinates": [ 3.8711377, 43.6140853 ] } },
{ "type": "Feature", "properties": { "index": "2037", "last_edit_year": 2024, "years_since_edit": 2, "label": "1.5–2.5 yr", "color": "#9e9ac8" }, "geometry": { "type": "Point", "coordinates": [ 3.8786159, 43.6080526 ] } },
{ "type": "Feature", "properties": { "index": "2038", "last_edit_year": 2024, "years_since_edit": 2, "label": "1.5–2.5 yr", "color": "#9e9ac8" }, "geometry": { "type": "Point", "coordinates": [ 3.8905774, 43.6073542 ] } },
{ "type": "Feature", "properties": { "index": "2039", "last_edit_year": 2024, "years_since_edit": 2, "label": "1.5–2.5 yr", "color": "#9e9ac8" }, "geometry": { "type": "Point", "coordinates": [ 3.8905476, 43.6071436 ] } },
{ "type": "Feature", "properties": { "index": "2040", "last_edit_year": 2024, "years_since_edit": 2, "label": "1.5–2.5 yr", "color": "#9e9ac8" }, "geometry": { "type": "Point", "coordinates": [ 3.8906752, 43.6071859 ] } },
{ "type": "Feature", "properties": { "index": "2041", "last_edit_year": 2025, "years_since_edit": 1, "label": "0.5–1.5 yr", "color": "#cbc9e2" }, "geometry": { "type": "Point", "coordinates": [ 3.893737, 43.6179262 ] } },
{ "type": "Feature", "properties": { "index": "2042", "last_edit_year": 2025, "years_since_edit": 1, "label": "0.5–1.5 yr", "color": "#cbc9e2" }, "geometry": { "type": "Point", "coordinates": [ 3.8937756, 43.6179486 ] } },
{ "type": "Feature", "properties": { "index": "2043", "last_edit_year": 2025, "years_since_edit": 1, "label": "0.5–1.5 yr", "color": "#cbc9e2" }, "geometry": { "type": "Point", "coordinates": [ 3.8937898, 43.617998 ] } },
{ "type": "Feature", "properties": { "index": "2044", "last_edit_year": 2025, "years_since_edit": 1, "label": "0.5–1.5 yr", "color": "#cbc9e2" }, "geometry": { "type": "Point", "coordinates": [ 3.8938001, 43.6180754 ] } },
{ "type": "Feature", "properties": { "index": "2045", "last_edit_year": 2025, "years_since_edit": 1, "label": "0.5–1.5 yr", "color": "#cbc9e2" }, "geometry": { "type": "Point", "coordinates": [ 3.8938065, 43.6181752 ] } },
{ "type": "Feature", "properties": { "index": "2046", "last_edit_year": 2025, "years_since_edit": 1, "label": "0.5–1.5 yr", "color": "#cbc9e2" }, "geometry": { "type": "Point", "coordinates": [ 3.8951815, 43.6031346 ] } },
{ "type": "Feature", "properties": { "index": "2047", "last_edit_year": 2025, "years_since_edit": 1, "label": "0.5–1.5 yr", "color": "#cbc9e2" }, "geometry": { "type": "Point", "coordinates": [ 3.8951504, 43.6030474 ] } },
{ "type": "Feature", "properties": { "index": "2048", "last_edit_year": 2025, "years_since_edit": 1, "label": "0.5–1.5 yr", "color": "#cbc9e2" }, "geometry": { "type": "Point", "coordinates": [ 3.8950569, 43.6030525 ] } },
{ "type": "Feature", "properties": { "index": "2049", "last_edit_year": 2025, "years_since_edit": 1, "label": "0.5–1.5 yr", "color": "#cbc9e2" }, "geometry": { "type": "Point", "coordinates": [ 3.8950997, 43.6031894 ] } },
{ "type": "Feature", "properties": { "index": "2050", "last_edit_year": 2024, "years_since_edit": 2, "label": "1.5–2.5 yr", "color": "#9e9ac8" }, "geometry": { "type": "Point", "coordinates": [ 3.8941061, 43.6015246 ] } },
{ "type": "Feature", "properties": { "index": "2051", "last_edit_year": 2024, "years_since_edit": 2, "label": "1.5–2.5 yr", "color": "#9e9ac8" }, "geometry": { "type": "Point", "coordinates": [ 3.8940041, 43.6016231 ] } },
{ "type": "Feature", "properties": { "index": "2052", "last_edit_year": 2024, "years_since_edit": 2, "label": "1.5–2.5 yr", "color": "#9e9ac8" }, "geometry": { "type": "Point", "coordinates": [ 3.8938931, 43.6017304 ] } },
{ "type": "Feature", "properties": { "index": "2053", "last_edit_year": 2024, "years_since_edit": 2, "label": "1.5–2.5 yr", "color": "#9e9ac8" }, "geometry": { "type": "Point", "coordinates": [ 3.8937731, 43.6018463 ] } },
{ "type": "Feature", "properties": { "index": "2054", "last_edit_year": 2024, "years_since_edit": 2, "label": "1.5–2.5 yr", "color": "#9e9ac8" }, "geometry": { "type": "Point", "coordinates": [ 3.8936789, 43.6019373 ] } },
{ "type": "Feature", "properties": { "index": "2055", "last_edit_year": 2024, "years_since_edit": 2, "label": "1.5–2.5 yr", "color": "#9e9ac8" }, "geometry": { "type": "Point", "coordinates": [ 3.8934991, 43.6020016 ] } },
{ "type": "Feature", "properties": { "index": "2056", "last_edit_year": 2024, "years_since_edit": 2, "label": "1.5–2.5 yr", "color": "#9e9ac8" }, "geometry": { "type": "Point", "coordinates": [ 3.8933671, 43.6017875 ] } },
{ "type": "Feature", "properties": { "index": "2057", "last_edit_year": 2024, "years_since_edit": 2, "label": "1.5–2.5 yr", "color": "#9e9ac8" }, "geometry": { "type": "Point", "coordinates": [ 3.8934578, 43.6016947 ] } },
{ "type": "Feature", "properties": { "index": "2058", "last_edit_year": 2024, "years_since_edit": 2, "label": "1.5–2.5 yr", "color": "#9e9ac8" }, "geometry": { "type": "Point", "coordinates": [ 3.8935733, 43.6015764 ] } },
{ "type": "Feature", "properties": { "index": "2059", "last_edit_year": 2024, "years_since_edit": 2, "label": "1.5–2.5 yr", "color": "#9e9ac8" }, "geometry": { "type": "Point", "coordinates": [ 3.8936802, 43.601467 ] } },
{ "type": "Feature", "properties": { "index": "2060", "last_edit_year": 2024, "years_since_edit": 2, "label": "1.5–2.5 yr", "color": "#9e9ac8" }, "geometry": { "type": "Point", "coordinates": [ 3.8937783, 43.6013665 ] } },
{ "type": "Feature", "properties": { "index": "2061", "last_edit_year": 2024, "years_since_edit": 2, "label": "1.5–2.5 yr", "color": "#9e9ac8" }, "geometry": { "type": "Point", "coordinates": [ 3.8778597, 43.6065876 ] } },
{ "type": "Feature", "properties": { "index": "2062", "last_edit_year": 2024, "years_since_edit": 2, "label": "1.5–2.5 yr", "color": "#9e9ac8" }, "geometry": { "type": "Point", "coordinates": [ 3.8984075, 43.6069755 ] } },
{ "type": "Feature", "properties": { "index": "2063", "last_edit_year": 2025, "years_since_edit": 1, "label": "0.5–1.5 yr", "color": "#cbc9e2" }, "geometry": { "type": "Point", "coordinates": [ 3.8829694, 43.6146456 ] } },
{ "type": "Feature", "properties": { "index": "2064", "last_edit_year": 2024, "years_since_edit": 2, "label": "1.5–2.5 yr", "color": "#9e9ac8" }, "geometry": { "type": "Point", "coordinates": [ 3.8975403, 43.6158415 ] } },
{ "type": "Feature", "properties": { "index": "2065", "last_edit_year": 2024, "years_since_edit": 2, "label": "1.5–2.5 yr", "color": "#9e9ac8" }, "geometry": { "type": "Point", "coordinates": [ 3.8803589, 43.6217133 ] } },
{ "type": "Feature", "properties": { "index": "2066", "last_edit_year": 2024, "years_since_edit": 2, "label": "1.5–2.5 yr", "color": "#9e9ac8" }, "geometry": { "type": "Point", "coordinates": [ 3.8757251, 43.6149528 ] } },
{ "type": "Feature", "properties": { "index": "2067", "last_edit_year": 2024, "years_since_edit": 2, "label": "1.5–2.5 yr", "color": "#9e9ac8" }, "geometry": { "type": "Point", "coordinates": [ 3.9043327, 43.6192264 ] } },
{ "type": "Feature", "properties": { "index": "2068", "last_edit_year": 2024, "years_since_edit": 2, "label": "1.5–2.5 yr", "color": "#9e9ac8" }, "geometry": { "type": "Point", "coordinates": [ 3.9043478, 43.619265 ] } },
{ "type": "Feature", "properties": { "index": "2069", "last_edit_year": 2025, "years_since_edit": 1, "label": "0.5–1.5 yr", "color": "#cbc9e2" }, "geometry": { "type": "Point", "coordinates": [ 3.8772203, 43.6020641 ] } },
{ "type": "Feature", "properties": { "index": "2070", "last_edit_year": 2024, "years_since_edit": 2, "label": "1.5–2.5 yr", "color": "#9e9ac8" }, "geometry": { "type": "Point", "coordinates": [ 3.8769578, 43.6021647 ] } },
{ "type": "Feature", "properties": { "index": "2071", "last_edit_year": 2026, "years_since_edit": 0, "label": "0.0–0.5 yr", "color": "#f2f0f7" }, "geometry": { "type": "Point", "coordinates": [ 3.8782418, 43.6003625 ] } },
{ "type": "Feature", "properties": { "index": "2072", "last_edit_year": 2024, "years_since_edit": 2, "label": "1.5–2.5 yr", "color": "#9e9ac8" }, "geometry": { "type": "Point", "coordinates": [ 3.8926283, 43.6229909 ] } },
{ "type": "Feature", "properties": { "index": "2073", "last_edit_year": 2024, "years_since_edit": 2, "label": "1.5–2.5 yr", "color": "#9e9ac8" }, "geometry": { "type": "Point", "coordinates": [ 3.8946387, 43.6087095 ] } },
{ "type": "Feature", "properties": { "index": "2074", "last_edit_year": 2024, "years_since_edit": 2, "label": "1.5–2.5 yr", "color": "#9e9ac8" }, "geometry": { "type": "Point", "coordinates": [ 3.8946776, 43.6087134 ] } },
{ "type": "Feature", "properties": { "index": "2075", "last_edit_year": 2024, "years_since_edit": 2, "label": "1.5–2.5 yr", "color": "#9e9ac8" }, "geometry": { "type": "Point", "coordinates": [ 3.8758936, 43.6123566 ] } },
{ "type": "Feature", "properties": { "index": "2076", "last_edit_year": 2026, "years_since_edit": 0, "label": "0.0–0.5 yr", "color": "#f2f0f7" }, "geometry": { "type": "Point", "coordinates": [ 3.8753643, 43.6138308 ] } },
{ "type": "Feature", "properties": { "index": "2077", "last_edit_year": 2024, "years_since_edit": 2, "label": "1.5–2.5 yr", "color": "#9e9ac8" }, "geometry": { "type": "Point", "coordinates": [ 3.8758859, 43.6123311 ] } },
{ "type": "Feature", "properties": { "index": "2078", "last_edit_year": 2024, "years_since_edit": 2, "label": "1.5–2.5 yr", "color": "#9e9ac8" }, "geometry": { "type": "Point", "coordinates": [ 3.8758882, 43.6123892 ] } },
{ "type": "Feature", "properties": { "index": "2079", "last_edit_year": 2026, "years_since_edit": 0, "label": "0.0–0.5 yr", "color": "#f2f0f7" }, "geometry": { "type": "Point", "coordinates": [ 3.8753994, 43.6138239 ] } },
{ "type": "Feature", "properties": { "index": "2080", "last_edit_year": 2024, "years_since_edit": 2, "label": "1.5–2.5 yr", "color": "#9e9ac8" }, "geometry": { "type": "Point", "coordinates": [ 3.8758936, 43.6123566 ] } },
{ "type": "Feature", "properties": { "index": "2081", "last_edit_year": 2024, "years_since_edit": 2, "label": "1.5–2.5 yr", "color": "#9e9ac8" }, "geometry": { "type": "Point", "coordinates": [ 3.8890461, 43.6041161 ] } },
{ "type": "Feature", "properties": { "index": "2082", "last_edit_year": 2025, "years_since_edit": 1, "label": "0.5–1.5 yr", "color": "#cbc9e2" }, "geometry": { "type": "Point", "coordinates": [ 3.8679753, 43.6201353 ] } },
{ "type": "Feature", "properties": { "index": "2083", "last_edit_year": 2025, "years_since_edit": 1, "label": "0.5–1.5 yr", "color": "#cbc9e2" }, "geometry": { "type": "Point", "coordinates": [ 3.8679661, 43.620086 ] } },
{ "type": "Feature", "properties": { "index": "2084", "last_edit_year": 2025, "years_since_edit": 1, "label": "0.5–1.5 yr", "color": "#cbc9e2" }, "geometry": { "type": "Point", "coordinates": [ 3.8680205, 43.6201309 ] } },
{ "type": "Feature", "properties": { "index": "2085", "last_edit_year": 2025, "years_since_edit": 1, "label": "0.5–1.5 yr", "color": "#cbc9e2" }, "geometry": { "type": "Point", "coordinates": [ 3.8680121, 43.6200821 ] } },
{ "type": "Feature", "properties": { "index": "2086", "last_edit_year": 2025, "years_since_edit": 1, "label": "0.5–1.5 yr", "color": "#cbc9e2" }, "geometry": { "type": "Point", "coordinates": [ 3.8679331, 43.6200421 ] } },
{ "type": "Feature", "properties": { "index": "2087", "last_edit_year": 2025, "years_since_edit": 1, "label": "0.5–1.5 yr", "color": "#cbc9e2" }, "geometry": { "type": "Point", "coordinates": [ 3.8680259, 43.6200332 ] } },
{ "type": "Feature", "properties": { "index": "2088", "last_edit_year": 2025, "years_since_edit": 1, "label": "0.5–1.5 yr", "color": "#cbc9e2" }, "geometry": { "type": "Point", "coordinates": [ 3.8985682, 43.6104008 ] } },
{ "type": "Feature", "properties": { "index": "2089", "last_edit_year": 2025, "years_since_edit": 1, "label": "0.5–1.5 yr", "color": "#cbc9e2" }, "geometry": { "type": "Point", "coordinates": [ 3.8729962, 43.6168999 ] } },
{ "type": "Feature", "properties": { "index": "2090", "last_edit_year": 2025, "years_since_edit": 1, "label": "0.5–1.5 yr", "color": "#cbc9e2" }, "geometry": { "type": "Point", "coordinates": [ 3.8964934, 43.6022755 ] } },
{ "type": "Feature", "properties": { "index": "2091", "last_edit_year": 2025, "years_since_edit": 1, "label": "0.5–1.5 yr", "color": "#cbc9e2" }, "geometry": { "type": "Point", "coordinates": [ 3.8964513, 43.6021153 ] } },
{ "type": "Feature", "properties": { "index": "2092", "last_edit_year": 2025, "years_since_edit": 1, "label": "0.5–1.5 yr", "color": "#cbc9e2" }, "geometry": { "type": "Point", "coordinates": [ 3.8963881, 43.6018993 ] } },
{ "type": "Feature", "properties": { "index": "2093", "last_edit_year": 2025, "years_since_edit": 1, "label": "0.5–1.5 yr", "color": "#cbc9e2" }, "geometry": { "type": "Point", "coordinates": [ 3.8966303, 43.6026859 ] } },
{ "type": "Feature", "properties": { "index": "2094", "last_edit_year": 2025, "years_since_edit": 1, "label": "0.5–1.5 yr", "color": "#cbc9e2" }, "geometry": { "type": "Point", "coordinates": [ 3.8967075, 43.6028905 ] } },
{ "type": "Feature", "properties": { "index": "2095", "last_edit_year": 2025, "years_since_edit": 1, "label": "0.5–1.5 yr", "color": "#cbc9e2" }, "geometry": { "type": "Point", "coordinates": [ 3.89732, 43.6036403 ] } },
{ "type": "Feature", "properties": { "index": "2096", "last_edit_year": 2025, "years_since_edit": 1, "label": "0.5–1.5 yr", "color": "#cbc9e2" }, "geometry": { "type": "Point", "coordinates": [ 3.897055, 43.6034001 ] } },
{ "type": "Feature", "properties": { "index": "2097", "last_edit_year": 2025, "years_since_edit": 1, "label": "0.5–1.5 yr", "color": "#cbc9e2" }, "geometry": { "type": "Point", "coordinates": [ 3.8814724, 43.601145 ] } },
{ "type": "Feature", "properties": { "index": "2098", "last_edit_year": 2025, "years_since_edit": 1, "label": "0.5–1.5 yr", "color": "#cbc9e2" }, "geometry": { "type": "Point", "coordinates": [ 3.8676697, 43.620013 ] } },
{ "type": "Feature", "properties": { "index": "2099", "last_edit_year": 2025, "years_since_edit": 1, "label": "0.5–1.5 yr", "color": "#cbc9e2" }, "geometry": { "type": "Point", "coordinates": [ 3.8677464, 43.6200051 ] } },
{ "type": "Feature", "properties": { "index": "2100", "last_edit_year": 2025, "years_since_edit": 1, "label": "0.5–1.5 yr", "color": "#cbc9e2" }, "geometry": { "type": "Point", "coordinates": [ 3.8677989, 43.620207 ] } },
{ "type": "Feature", "properties": { "index": "2101", "last_edit_year": 2025, "years_since_edit": 1, "label": "0.5–1.5 yr", "color": "#cbc9e2" }, "geometry": { "type": "Point", "coordinates": [ 3.8677057, 43.6201 ] } },
{ "type": "Feature", "properties": { "index": "2102", "last_edit_year": 2025, "years_since_edit": 1, "label": "0.5–1.5 yr", "color": "#cbc9e2" }, "geometry": { "type": "Point", "coordinates": [ 3.8677057, 43.6200847 ] } },
{ "type": "Feature", "properties": { "index": "2103", "last_edit_year": 2025, "years_since_edit": 1, "label": "0.5–1.5 yr", "color": "#cbc9e2" }, "geometry": { "type": "Point", "coordinates": [ 3.8905936, 43.6070828 ] } },
{ "type": "Feature", "properties": { "index": "2104", "last_edit_year": 2025, "years_since_edit": 1, "label": "0.5–1.5 yr", "color": "#cbc9e2" }, "geometry": { "type": "Point", "coordinates": [ 3.8905863, 43.6069743 ] } },
{ "type": "Feature", "properties": { "index": "2105", "last_edit_year": 2025, "years_since_edit": 1, "label": "0.5–1.5 yr", "color": "#cbc9e2" }, "geometry": { "type": "Point", "coordinates": [ 3.890594, 43.6070327 ] } },
{ "type": "Feature", "properties": { "index": "2106", "last_edit_year": 2025, "years_since_edit": 1, "label": "0.5–1.5 yr", "color": "#cbc9e2" }, "geometry": { "type": "Point", "coordinates": [ 3.8909156, 43.6070092 ] } },
{ "type": "Feature", "properties": { "index": "2107", "last_edit_year": 2026, "years_since_edit": 0, "label": "0.0–0.5 yr", "color": "#f2f0f7" }, "geometry": { "type": "Point", "coordinates": [ 3.8674491, 43.6207715 ] } },
{ "type": "Feature", "properties": { "index": "2108", "last_edit_year": 2026, "years_since_edit": 0, "label": "0.0–0.5 yr", "color": "#f2f0f7" }, "geometry": { "type": "Point", "coordinates": [ 3.8674922, 43.6207136 ] } },
{ "type": "Feature", "properties": { "index": "2109", "last_edit_year": 2025, "years_since_edit": 1, "label": "0.5–1.5 yr", "color": "#cbc9e2" }, "geometry": { "type": "Point", "coordinates": [ 3.8793882, 43.6172894 ] } },
{ "type": "Feature", "properties": { "index": "2110", "last_edit_year": 2025, "years_since_edit": 1, "label": "0.5–1.5 yr", "color": "#cbc9e2" }, "geometry": { "type": "Point", "coordinates": [ 3.8885916, 43.6038391 ] } },
{ "type": "Feature", "properties": { "index": "2111", "last_edit_year": 2025, "years_since_edit": 1, "label": "0.5–1.5 yr", "color": "#cbc9e2" }, "geometry": { "type": "Point", "coordinates": [ 3.8986479, 43.6077556 ] } },
{ "type": "Feature", "properties": { "index": "2112", "last_edit_year": 2025, "years_since_edit": 1, "label": "0.5–1.5 yr", "color": "#cbc9e2" }, "geometry": { "type": "Point", "coordinates": [ 3.8987378, 43.6076777 ] } },
{ "type": "Feature", "properties": { "index": "2113", "last_edit_year": 2025, "years_since_edit": 1, "label": "0.5–1.5 yr", "color": "#cbc9e2" }, "geometry": { "type": "Point", "coordinates": [ 3.8930878, 43.6069928 ] } },
{ "type": "Feature", "properties": { "index": "2114", "last_edit_year": 2025, "years_since_edit": 1, "label": "0.5–1.5 yr", "color": "#cbc9e2" }, "geometry": { "type": "Point", "coordinates": [ 3.8940075, 43.6073432 ] } },
{ "type": "Feature", "properties": { "index": "2115", "last_edit_year": 2025, "years_since_edit": 1, "label": "0.5–1.5 yr", "color": "#cbc9e2" }, "geometry": { "type": "Point", "coordinates": [ 3.8716358, 43.616049 ] } },
{ "type": "Feature", "properties": { "index": "2116", "last_edit_year": 2025, "years_since_edit": 1, "label": "0.5–1.5 yr", "color": "#cbc9e2" }, "geometry": { "type": "Point", "coordinates": [ 3.8950452, 43.6031921 ] } },
{ "type": "Feature", "properties": { "index": "2117", "last_edit_year": 2025, "years_since_edit": 1, "label": "0.5–1.5 yr", "color": "#cbc9e2" }, "geometry": { "type": "Point", "coordinates": [ 3.8675627, 43.6236617 ] } },
{ "type": "Feature", "properties": { "index": "2118", "last_edit_year": 2025, "years_since_edit": 1, "label": "0.5–1.5 yr", "color": "#cbc9e2" }, "geometry": { "type": "Point", "coordinates": [ 3.8721665, 43.6148953 ] } },
{ "type": "Feature", "properties": { "index": "2119", "last_edit_year": 2025, "years_since_edit": 1, "label": "0.5–1.5 yr", "color": "#cbc9e2" }, "geometry": { "type": "Point", "coordinates": [ 3.8709907, 43.6138069 ] } },
{ "type": "Feature", "properties": { "index": "2120", "last_edit_year": 2025, "years_since_edit": 1, "label": "0.5–1.5 yr", "color": "#cbc9e2" }, "geometry": { "type": "Point", "coordinates": [ 3.8685473, 43.6013817 ] } },
{ "type": "Feature", "properties": { "index": "2121", "last_edit_year": 2025, "years_since_edit": 1, "label": "0.5–1.5 yr", "color": "#cbc9e2" }, "geometry": { "type": "Point", "coordinates": [ 3.895307, 43.6179245 ] } },
{ "type": "Feature", "properties": { "index": "2122", "last_edit_year": 2025, "years_since_edit": 1, "label": "0.5–1.5 yr", "color": "#cbc9e2" }, "geometry": { "type": "Point", "coordinates": [ 3.8947367, 43.6182528 ] } },
{ "type": "Feature", "properties": { "index": "2123", "last_edit_year": 2025, "years_since_edit": 1, "label": "0.5–1.5 yr", "color": "#cbc9e2" }, "geometry": { "type": "Point", "coordinates": [ 3.8947237, 43.6181198 ] } },
{ "type": "Feature", "properties": { "index": "2124", "last_edit_year": 2025, "years_since_edit": 1, "label": "0.5–1.5 yr", "color": "#cbc9e2" }, "geometry": { "type": "Point", "coordinates": [ 3.8950136, 43.6179508 ] } },
{ "type": "Feature", "properties": { "index": "2125", "last_edit_year": 2025, "years_since_edit": 1, "label": "0.5–1.5 yr", "color": "#cbc9e2" }, "geometry": { "type": "Point", "coordinates": [ 3.8951523, 43.6182957 ] } },
{ "type": "Feature", "properties": { "index": "2126", "last_edit_year": 2025, "years_since_edit": 1, "label": "0.5–1.5 yr", "color": "#cbc9e2" }, "geometry": { "type": "Point", "coordinates": [ 3.895176, 43.6179875 ] } },
{ "type": "Feature", "properties": { "index": "2127", "last_edit_year": 2025, "years_since_edit": 1, "label": "0.5–1.5 yr", "color": "#cbc9e2" }, "geometry": { "type": "Point", "coordinates": [ 3.871548, 43.6136426 ] } },
{ "type": "Feature", "properties": { "index": "2128", "last_edit_year": 2025, "years_since_edit": 1, "label": "0.5–1.5 yr", "color": "#cbc9e2" }, "geometry": { "type": "Point", "coordinates": [ 3.8727498, 43.613876 ] } },
{ "type": "Feature", "properties": { "index": "2129", "last_edit_year": 2025, "years_since_edit": 1, "label": "0.5–1.5 yr", "color": "#cbc9e2" }, "geometry": { "type": "Point", "coordinates": [ 3.8727073, 43.6139169 ] } },
{ "type": "Feature", "properties": { "index": "2130", "last_edit_year": 2025, "years_since_edit": 1, "label": "0.5–1.5 yr", "color": "#cbc9e2" }, "geometry": { "type": "Point", "coordinates": [ 3.8725892, 43.6138969 ] } },
{ "type": "Feature", "properties": { "index": "2131", "last_edit_year": 2025, "years_since_edit": 1, "label": "0.5–1.5 yr", "color": "#cbc9e2" }, "geometry": { "type": "Point", "coordinates": [ 3.8728281, 43.6141569 ] } },
{ "type": "Feature", "properties": { "index": "2132", "last_edit_year": 2025, "years_since_edit": 1, "label": "0.5–1.5 yr", "color": "#cbc9e2" }, "geometry": { "type": "Point", "coordinates": [ 3.8721136, 43.6137443 ] } },
{ "type": "Feature", "properties": { "index": "2133", "last_edit_year": 2025, "years_since_edit": 1, "label": "0.5–1.5 yr", "color": "#cbc9e2" }, "geometry": { "type": "Point", "coordinates": [ 3.8721848, 43.6139999 ] } },
{ "type": "Feature", "properties": { "index": "2134", "last_edit_year": 2025, "years_since_edit": 1, "label": "0.5–1.5 yr", "color": "#cbc9e2" }, "geometry": { "type": "Point", "coordinates": [ 3.8716968, 43.613669 ] } },
{ "type": "Feature", "properties": { "index": "2135", "last_edit_year": 2025, "years_since_edit": 1, "label": "0.5–1.5 yr", "color": "#cbc9e2" }, "geometry": { "type": "Point", "coordinates": [ 3.8725543, 43.6138307 ] } },
{ "type": "Feature", "properties": { "index": "2136", "last_edit_year": 2025, "years_since_edit": 1, "label": "0.5–1.5 yr", "color": "#cbc9e2" }, "geometry": { "type": "Point", "coordinates": [ 3.8714859, 43.6138965 ] } },
{ "type": "Feature", "properties": { "index": "2137", "last_edit_year": 2025, "years_since_edit": 1, "label": "0.5–1.5 yr", "color": "#cbc9e2" }, "geometry": { "type": "Point", "coordinates": [ 3.8723319, 43.6137871 ] } },
{ "type": "Feature", "properties": { "index": "2138", "last_edit_year": 2025, "years_since_edit": 1, "label": "0.5–1.5 yr", "color": "#cbc9e2" }, "geometry": { "type": "Point", "coordinates": [ 3.8712658, 43.6135859 ] } },
{ "type": "Feature", "properties": { "index": "2139", "last_edit_year": 2025, "years_since_edit": 1, "label": "0.5–1.5 yr", "color": "#cbc9e2" }, "geometry": { "type": "Point", "coordinates": [ 3.872862, 43.6140546 ] } },
{ "type": "Feature", "properties": { "index": "2140", "last_edit_year": 2025, "years_since_edit": 1, "label": "0.5–1.5 yr", "color": "#cbc9e2" }, "geometry": { "type": "Point", "coordinates": [ 3.8719031, 43.6137073 ] } },
{ "type": "Feature", "properties": { "index": "2141", "last_edit_year": 2026, "years_since_edit": 0, "label": "0.0–0.5 yr", "color": "#f2f0f7" }, "geometry": { "type": "Point", "coordinates": [ 3.8739766, 43.6151107 ] } },
{ "type": "Feature", "properties": { "index": "2142", "last_edit_year": 2025, "years_since_edit": 1, "label": "0.5–1.5 yr", "color": "#cbc9e2" }, "geometry": { "type": "Point", "coordinates": [ 3.8925939, 43.6086497 ] } },
{ "type": "Feature", "properties": { "index": "2143", "last_edit_year": 2025, "years_since_edit": 1, "label": "0.5–1.5 yr", "color": "#cbc9e2" }, "geometry": { "type": "Point", "coordinates": [ 3.8680825, 43.6009229 ] } },
{ "type": "Feature", "properties": { "index": "2144", "last_edit_year": 2025, "years_since_edit": 1, "label": "0.5–1.5 yr", "color": "#cbc9e2" }, "geometry": { "type": "Point", "coordinates": [ 3.8679365, 43.6008368 ] } },
{ "type": "Feature", "properties": { "index": "2145", "last_edit_year": 2026, "years_since_edit": 0, "label": "0.0–0.5 yr", "color": "#f2f0f7" }, "geometry": { "type": "Point", "coordinates": [ 3.8674495, 43.6003865 ] } },
{ "type": "Feature", "properties": { "index": "2146", "last_edit_year": 2026, "years_since_edit": 0, "label": "0.0–0.5 yr", "color": "#f2f0f7" }, "geometry": { "type": "Point", "coordinates": [ 3.8676986, 43.600625 ] } },
{ "type": "Feature", "properties": { "index": "2147", "last_edit_year": 2026, "years_since_edit": 0, "label": "0.0–0.5 yr", "color": "#f2f0f7" }, "geometry": { "type": "Point", "coordinates": [ 3.8768407, 43.6107522 ] } },
{ "type": "Feature", "properties": { "index": "2148", "last_edit_year": 2026, "years_since_edit": 0, "label": "0.0–0.5 yr", "color": "#f2f0f7" }, "geometry": { "type": "Point", "coordinates": [ 3.8767675, 43.6106962 ] } },
{ "type": "Feature", "properties": { "index": "2149", "last_edit_year": 2026, "years_since_edit": 0, "label": "0.0–0.5 yr", "color": "#f2f0f7" }, "geometry": { "type": "Point", "coordinates": [ 3.8766822, 43.6106285 ] } },
{ "type": "Feature", "properties": { "index": "2150", "last_edit_year": 2026, "years_since_edit": 0, "label": "0.0–0.5 yr", "color": "#f2f0f7" }, "geometry": { "type": "Point", "coordinates": [ 3.8767472, 43.6107625 ] } },
{ "type": "Feature", "properties": { "index": "2151", "last_edit_year": 2026, "years_since_edit": 0, "label": "0.0–0.5 yr", "color": "#f2f0f7" }, "geometry": { "type": "Point", "coordinates": [ 3.876674, 43.6107051 ] } },
{ "type": "Feature", "properties": { "index": "2152", "last_edit_year": 2026, "years_since_edit": 0, "label": "0.0–0.5 yr", "color": "#f2f0f7" }, "geometry": { "type": "Point", "coordinates": [ 3.87655, 43.6107742 ] } },
{ "type": "Feature", "properties": { "index": "2153", "last_edit_year": 2026, "years_since_edit": 0, "label": "0.0–0.5 yr", "color": "#f2f0f7" }, "geometry": { "type": "Point", "coordinates": [ 3.8764423, 43.6107992 ] } },
{ "type": "Feature", "properties": { "index": "2154", "last_edit_year": 2026, "years_since_edit": 0, "label": "0.0–0.5 yr", "color": "#f2f0f7" }, "geometry": { "type": "Point", "coordinates": [ 3.8766689, 43.6107544 ] } },
{ "type": "Feature", "properties": { "index": "2155", "last_edit_year": 2026, "years_since_edit": 0, "label": "0.0–0.5 yr", "color": "#f2f0f7" }, "geometry": { "type": "Point", "coordinates": [ 3.8718785, 43.6033581 ] } },
{ "type": "Feature", "properties": { "index": "2156", "last_edit_year": 2026, "years_since_edit": 0, "label": "0.0–0.5 yr", "color": "#f2f0f7" }, "geometry": { "type": "Point", "coordinates": [ 3.867655, 43.6008649 ] } },
{ "type": "Feature", "properties": { "index": "2157", "last_edit_year": 2026, "years_since_edit": 0, "label": "0.0–0.5 yr", "color": "#f2f0f7" }, "geometry": { "type": "Point", "coordinates": [ 3.8675806, 43.6007409 ] } },
{ "type": "Feature", "properties": { "index": "2158", "last_edit_year": 2026, "years_since_edit": 0, "label": "0.0–0.5 yr", "color": "#f2f0f7" }, "geometry": { "type": "Point", "coordinates": [ 3.8677155, 43.6009677 ] } },
{ "type": "Feature", "properties": { "index": "2159", "last_edit_year": 2026, "years_since_edit": 0, "label": "0.0–0.5 yr", "color": "#f2f0f7" }, "geometry": { "type": "Point", "coordinates": [ 3.8675216, 43.6008284 ] } },
{ "type": "Feature", "properties": { "index": "2160", "last_edit_year": 2026, "years_since_edit": 0, "label": "0.0–0.5 yr", "color": "#f2f0f7" }, "geometry": { "type": "Point", "coordinates": [ 3.8984548, 43.6185777 ] } },
{ "type": "Feature", "properties": { "index": "2161", "last_edit_year": 2026, "years_since_edit": 0, "label": "0.0–0.5 yr", "color": "#f2f0f7" }, "geometry": { "type": "Point", "coordinates": [ 3.888675, 43.600693 ] } },
{ "type": "Feature", "properties": { "index": "2162", "last_edit_year": 2026, "years_since_edit": 0, "label": "0.0–0.5 yr", "color": "#f2f0f7" }, "geometry": { "type": "Point", "coordinates": [ 3.8888269, 43.6008014 ] } },
{ "type": "Feature", "properties": { "index": "2163", "last_edit_year": 2026, "years_since_edit": 0, "label": "0.0–0.5 yr", "color": "#f2f0f7" }, "geometry": { "type": "Point", "coordinates": [ 3.88863, 43.6007741 ] } },
{ "type": "Feature", "properties": { "index": "2164", "last_edit_year": 2026, "years_since_edit": 0, "label": "0.0–0.5 yr", "color": "#f2f0f7" }, "geometry": { "type": "Point", "coordinates": [ 3.8885938, 43.6007463 ] } },
{ "type": "Feature", "properties": { "index": "2165", "last_edit_year": 2026, "years_since_edit": 0, "label": "0.0–0.5 yr", "color": "#f2f0f7" }, "geometry": { "type": "Point", "coordinates": [ 3.8864604, 43.6074066 ] } },
{ "type": "Feature", "properties": { "index": "2166", "last_edit_year": 2026, "years_since_edit": 0, "label": "0.0–0.5 yr", "color": "#f2f0f7" }, "geometry": { "type": "Point", "coordinates": [ 3.8878124, 43.6092373 ] } },
{ "type": "Feature", "properties": { "index": "2167", "last_edit_year": 2026, "years_since_edit": 0, "label": "0.0–0.5 yr", "color": "#f2f0f7" }, "geometry": { "type": "Point", "coordinates": [ 3.8878513, 43.6092067 ] } },
{ "type": "Feature", "properties": { "index": "2168", "last_edit_year": 2026, "years_since_edit": 0, "label": "0.0–0.5 yr", "color": "#f2f0f7" }, "geometry": { "type": "Point", "coordinates": [ 3.8753614, 43.6139145 ] } },
{ "type": "Feature", "properties": { "index": "2169", "last_edit_year": 2026, "years_since_edit": 0, "label": "0.0–0.5 yr", "color": "#f2f0f7" }, "geometry": { "type": "Point", "coordinates": [ 3.8753912, 43.6138745 ] } },
{ "type": "Feature", "properties": { "index": "2170", "last_edit_year": 2026, "years_since_edit": 0, "label": "0.0–0.5 yr", "color": "#f2f0f7" }, "geometry": { "type": "Point", "coordinates": [ 3.875455, 43.613883 ] } },
{ "type": "Feature", "properties": { "index": "2171", "last_edit_year": 2026, "years_since_edit": 0, "label": "0.0–0.5 yr", "color": "#f2f0f7" }, "geometry": { "type": "Point", "coordinates": [ 3.8754091, 43.6138512 ] } }
]
}
