{
"type": "FeatureCollection",
"features": [
{ "type": "Feature", "properties": { "index": "0", "@osmId": "way/331047560", "name": "Saint-Roch", "opening_hours": "24/7", "label": "Multi-storey car parks", "color": "#525252" }, "geometry": { "type": "Point", "coordinates": [ 3.8782213, 43.6030493 ] } },
{ "type": "Feature", "properties": { "index": "1", "@osmId": "way/623009312", "name": null, "opening_hours": null, "label": "Multi-storey car parks", "color": "#525252" }, "geometry": { "type": "Point", "coordinates": [ 3.8658704, 43.6038192 ] } },
{ "type": "Feature", "properties": { "index": "2", "@osmId": "way/652293267", "name": "Parking Comédie", "opening_hours": null, "label": "Underground car parks", "color": "#737373" }, "geometry": { "type": "Point", "coordinates": [ 3.8800279, 43.6088226 ] } },
{ "type": "Feature", "properties": { "index": "3", "@osmId": "way/939285312", "name": "Parking municipal -1", "opening_hours": null, "label": "Underground car parks", "color": "#737373" }, "geometry": { "type": "Point", "coordinates": [ 3.8838011, 43.6086006 ] } },
{ "type": "Feature", "properties": { "index": "4", "@osmId": "way/939848926", "name": "Polygone -4", "opening_hours": null, "label": "Underground car parks", "color": "#737373" }, "geometry": { "type": "Point", "coordinates": [ 3.8853933, 43.608469 ] } },
{ "type": "Feature", "properties": { "index": "5", "@osmId": "way/696320199", "name": null, "opening_hours": null, "label": "Underground car parks", "color": "#737373" }, "geometry": { "type": "Point", "coordinates": [ 3.8923445, 43.6028148 ] } },
{ "type": "Feature", "properties": { "index": "6", "@osmId": "way/862112627", "name": "Parking Europa", "opening_hours": null, "label": "Underground car parks", "color": "#737373" }, "geometry": { "type": "Point", "coordinates": [ 3.8932499, 43.6080081 ] } },
{ "type": "Feature", "properties": { "index": "7", "@osmId": "node/9110916095", "name": null, "opening_hours": null, "label": "Underground car parks", "color": "#737373" }, "geometry": { "type": "Point", "coordinates": [ 3.8615787, 43.6024591 ] } },
{ "type": "Feature", "properties": { "index": "8", "@osmId": "node/9110995891", "name": null, "opening_hours": null, "label": "Underground car parks", "color": "#737373" }, "geometry": { "type": "Point", "coordinates": [ 3.8599291, 43.6002071 ] } },
{ "type": "Feature", "properties": { "index": "9", "@osmId": "node/10768884621", "name": null, "opening_hours": null, "label": "Underground car parks", "color": "#737373" }, "geometry": { "type": "Point", "coordinates": [ 3.86042, 43.6008012 ] } },
{ "type": "Feature", "properties": { "index": "10", "@osmId": "node/61079137", "name": "Arc de Triomphe", "opening_hours": null, "label": "Underground car parks", "color": "#737373" }, "geometry": { "type": "Point", "coordinates": [ 3.8732333, 43.6110152 ] } },
{ "type": "Feature", "properties": { "index": "11", "@osmId": "node/280708481", "name": "Parking Polygone", "opening_hours": null, "label": "Underground car parks", "color": "#737373" }, "geometry": { "type": "Point", "coordinates": [ 3.885482, 43.6080542 ] } },
{ "type": "Feature", "properties": { "index": "12", "@osmId": "node/941546284", "name": "Parking Le Triangle", "opening_hours": "24/7", "label": "Underground car parks", "color": "#737373" }, "geometry": { "type": "Point", "coordinates": [ 3.8817184, 43.6093053 ] } },
{ "type": "Feature", "properties": { "index": "13", "@osmId": "node/2575586515", "name": "Gambetta", "opening_hours": null, "label": "Underground car parks", "color": "#737373" }, "geometry": { "type": "Point", "coordinates": [ 3.8742565, 43.6053141 ] } },
{ "type": "Feature", "properties": { "index": "14", "@osmId": "node/4434333600", "name": "Foch Préfecture", "opening_hours": null, "label": "Underground car parks", "color": "#737373" }, "geometry": { "type": "Point", "coordinates": [ 3.8764495, 43.6107055 ] } },
{ "type": "Feature", "properties": { "index": "15", "@osmId": "node/6115513273", "name": "Corum", "opening_hours": null, "label": "Underground car parks", "color": "#737373" }, "geometry": { "type": "Point", "coordinates": [ 3.8816467, 43.6134439 ] } },
{ "type": "Feature", "properties": { "index": "16", "@osmId": "node/11681346432", "name": null, "opening_hours": null, "label": "Underground car parks", "color": "#737373" }, "geometry": { "type": "Point", "coordinates": [ 3.8838891, 43.6085587 ] } },
{ "type": "Feature", "properties": { "index": "17", "@osmId": "node/12816970800", "name": null, "opening_hours": null, "label": "Underground car parks", "color": "#737373" }, "geometry": { "type": "Point", "coordinates": [ 3.8879937, 43.6007561 ] } },
{ "type": "Feature", "properties": { "index": "18", "@osmId": "node/12817005001", "name": null, "opening_hours": null, "label": "Underground car parks", "color": "#737373" }, "geometry": { "type": "Point", "coordinates": [ 3.8886265, 43.6002962 ] } },
{ "type": "Feature", "properties": { "index": "19", "@osmId": "way/607012010", "name": null, "opening_hours": null, "label": "Surface car parks", "color": "#969696" }, "geometry": { "type": "Point", "coordinates": [ 3.8635139, 43.6030195 ] } },
{ "type": "Feature", "properties": { "index": "20", "@osmId": "way/607012011", "name": null, "opening_hours": null, "label": "Surface car parks", "color": "#969696" }, "geometry": { "type": "Point", "coordinates": [ 3.8640388, 43.6037622 ] } },
{ "type": "Feature", "properties": { "index": "21", "@osmId": "way/986971816", "name": null, "opening_hours": null, "label": "Surface car parks", "color": "#969696" }, "geometry": { "type": "Point", "coordinates": [ 3.8581542, 43.6023183 ] } },
{ "type": "Feature", "properties": { "index": "22", "@osmId": "way/1013670695", "name": null, "opening_hours": null, "label": "Surface car parks", "color": "#969696" }, "geometry": { "type": "Point", "coordinates": [ 3.8570147, 43.6147323 ] } },
{ "type": "Feature", "properties": { "index": "23", "@osmId": "way/44465050", "name": null, "opening_hours": null, "label": "Surface car parks", "color": "#969696" }, "geometry": { "type": "Point", "coordinates": [ 3.8573805, 43.6189863 ] } },
{ "type": "Feature", "properties": { "index": "24", "@osmId": "way/44468110", "name": "parking visiteurs", "opening_hours": null, "label": "Surface car parks", "color": "#969696" }, "geometry": { "type": "Point", "coordinates": [ 3.855571, 43.6170637 ] } },
{ "type": "Feature", "properties": { "index": "25", "@osmId": "way/44617479", "name": null, "opening_hours": null, "label": "Surface car parks", "color": "#969696" }, "geometry": { "type": "Point", "coordinates": [ 3.8574018, 43.6172507 ] } },
{ "type": "Feature", "properties": { "index": "26", "@osmId": "way/180497864", "name": null, "opening_hours": null, "label": "Surface car parks", "color": "#969696" }, "geometry": { "type": "Point", "coordinates": [ 3.8550027, 43.61837 ] } },
{ "type": "Feature", "properties": { "index": "27", "@osmId": "way/240384679", "name": null, "opening_hours": null, "label": "Surface car parks", "color": "#969696" }, "geometry": { "type": "Point", "coordinates": [ 3.8655063, 43.6193461 ] } },
{ "type": "Feature", "properties": { "index": "28", "@osmId": "way/483443582", "name": null, "opening_hours": null, "label": "Surface car parks", "color": "#969696" }, "geometry": { "type": "Point", "coordinates": [ 3.8623757, 43.6206096 ] } },
{ "type": "Feature", "properties": { "index": "29", "@osmId": "way/489023792", "name": null, "opening_hours": null, "label": "Surface car parks", "color": "#969696" }, "geometry": { "type": "Point", "coordinates": [ 3.8620378, 43.6235233 ] } },
{ "type": "Feature", "properties": { "index": "30", "@osmId": "way/489023794", "name": null, "opening_hours": null, "label": "Surface car parks", "color": "#969696" }, "geometry": { "type": "Point", "coordinates": [ 3.8627442, 43.6229347 ] } },
{ "type": "Feature", "properties": { "index": "31", "@osmId": "way/546822804", "name": null, "opening_hours": null, "label": "Surface car parks", "color": "#969696" }, "geometry": { "type": "Point", "coordinates": [ 3.8568331, 43.6184472 ] } },
{ "type": "Feature", "properties": { "index": "32", "@osmId": "way/546822821", "name": null, "opening_hours": null, "label": "Surface car parks", "color": "#969696" }, "geometry": { "type": "Point", "coordinates": [ 3.8571026, 43.6174738 ] } },
{ "type": "Feature", "properties": { "index": "33", "@osmId": "way/546822823", "name": null, "opening_hours": null, "label": "Surface car parks", "color": "#969696" }, "geometry": { "type": "Point", "coordinates": [ 3.8576358, 43.6170575 ] } },
{ "type": "Feature", "properties": { "index": "34", "@osmId": "way/1006772021", "name": null, "opening_hours": null, "label": "Surface car parks", "color": "#969696" }, "geometry": { "type": "Point", "coordinates": [ 3.859558, 43.6185551 ] } },
{ "type": "Feature", "properties": { "index": "35", "@osmId": "way/1512199995", "name": null, "opening_hours": null, "label": "Surface car parks", "color": "#969696" }, "geometry": { "type": "Point", "coordinates": [ 3.8621581, 43.622681 ] } },
{ "type": "Feature", "properties": { "index": "36", "@osmId": "way/469021930", "name": null, "opening_hours": null, "label": "Surface car parks", "color": "#969696" }, "geometry": { "type": "Point", "coordinates": [ 3.8997851, 43.6234346 ] } },
{ "type": "Feature", "properties": { "index": "37", "@osmId": "way/782444415", "name": null, "opening_hours": null, "label": "Surface car parks", "color": "#969696" }, "geometry": { "type": "Point", "coordinates": [ 3.9040593, 43.6249681 ] } },
{ "type": "Feature", "properties": { "index": "38", "@osmId": "way/908676134", "name": null, "opening_hours": null, "label": "Surface car parks", "color": "#969696" }, "geometry": { "type": "Point", "coordinates": [ 3.8988542, 43.6232488 ] } },
{ "type": "Feature", "properties": { "index": "39", "@osmId": "way/22918099", "name": null, "opening_hours": null, "label": "Surface car parks", "color": "#969696" }, "geometry": { "type": "Point", "coordinates": [ 3.8958937, 43.6071361 ] } },
{ "type": "Feature", "properties": { "index": "40", "@osmId": "way/23181843", "name": null, "opening_hours": null, "label": "Surface car parks", "color": "#969696" }, "geometry": { "type": "Point", "coordinates": [ 3.8954466, 43.612477 ] } },
{ "type": "Feature", "properties": { "index": "41", "@osmId": "way/25676914", "name": null, "opening_hours": null, "label": "Surface car parks", "color": "#969696" }, "geometry": { "type": "Point", "coordinates": [ 3.8911152, 43.6035415 ] } },
{ "type": "Feature", "properties": { "index": "42", "@osmId": "way/25676918", "name": null, "opening_hours": null, "label": "Surface car parks", "color": "#969696" }, "geometry": { "type": "Point", "coordinates": [ 3.892393, 43.6022171 ] } },
{ "type": "Feature", "properties": { "index": "43", "@osmId": "way/25677269", "name": null, "opening_hours": null, "label": "Surface car parks", "color": "#969696" }, "geometry": { "type": "Point", "coordinates": [ 3.893352, 43.6021358 ] } },
{ "type": "Feature", "properties": { "index": "44", "@osmId": "way/25742794", "name": null, "opening_hours": null, "label": "Surface car parks", "color": "#969696" }, "geometry": { "type": "Point", "coordinates": [ 3.8966534, 43.6075812 ] } },
{ "type": "Feature", "properties": { "index": "45", "@osmId": "way/25786800", "name": null, "opening_hours": null, "label": "Surface car parks", "color": "#969696" }, "geometry": { "type": "Point", "coordinates": [ 3.8902038, 43.6030359 ] } },
{ "type": "Feature", "properties": { "index": "46", "@osmId": "way/26803779", "name": null, "opening_hours": null, "label": "Surface car parks", "color": "#969696" }, "geometry": { "type": "Point", "coordinates": [ 3.8912453, 43.6087533 ] } },
{ "type": "Feature", "properties": { "index": "47", "@osmId": "way/26803780", "name": null, "opening_hours": null, "label": "Surface car parks", "color": "#969696" }, "geometry": { "type": "Point", "coordinates": [ 3.8914032, 43.6071479 ] } },
{ "type": "Feature", "properties": { "index": "48", "@osmId": "way/237215095", "name": null, "opening_hours": null, "label": "Surface car parks", "color": "#969696" }, "geometry": { "type": "Point", "coordinates": [ 3.896016, 43.6081026 ] } },
{ "type": "Feature", "properties": { "index": "49", "@osmId": "way/250646959", "name": null, "opening_hours": null, "label": "Surface car parks", "color": "#969696" }, "geometry": { "type": "Point", "coordinates": [ 3.8992472, 43.6060402 ] } },
{ "type": "Feature", "properties": { "index": "50", "@osmId": "way/376909668", "name": null, "opening_hours": null, "label": "Surface car parks", "color": "#969696" }, "geometry": { "type": "Point", "coordinates": [ 3.8945832, 43.6085448 ] } },
{ "type": "Feature", "properties": { "index": "51", "@osmId": "way/389551078", "name": "Parking des Acilius", "opening_hours": null, "label": "Surface car parks", "color": "#969696" }, "geometry": { "type": "Point", "coordinates": [ 3.9012268, 43.6024596 ] } },
{ "type": "Feature", "properties": { "index": "52", "@osmId": "way/389551098", "name": "Parking des Aromias", "opening_hours": null, "label": "Surface car parks", "color": "#969696" }, "geometry": { "type": "Point", "coordinates": [ 3.9004756, 43.6016136 ] } },
{ "type": "Feature", "properties": { "index": "53", "@osmId": "way/389551101", "name": "Parking des Aromias", "opening_hours": null, "label": "Surface car parks", "color": "#969696" }, "geometry": { "type": "Point", "coordinates": [ 3.9007811, 43.6015153 ] } },
{ "type": "Feature", "properties": { "index": "54", "@osmId": "way/389551104", "name": "Parking des Anthaxias", "opening_hours": null, "label": "Surface car parks", "color": "#969696" }, "geometry": { "type": "Point", "coordinates": [ 3.9003169, 43.6022127 ] } },
{ "type": "Feature", "properties": { "index": "55", "@osmId": "way/455751148", "name": null, "opening_hours": null, "label": "Surface car parks", "color": "#969696" }, "geometry": { "type": "Point", "coordinates": [ 3.900638, 43.6033388 ] } },
{ "type": "Feature", "properties": { "index": "56", "@osmId": "way/504705769", "name": null, "opening_hours": null, "label": "Surface car parks", "color": "#969696" }, "geometry": { "type": "Point", "coordinates": [ 3.8897005, 43.6153194 ] } },
{ "type": "Feature", "properties": { "index": "57", "@osmId": "way/504705770", "name": null, "opening_hours": null, "label": "Surface car parks", "color": "#969696" }, "geometry": { "type": "Point", "coordinates": [ 3.8896223, 43.6152155 ] } },
{ "type": "Feature", "properties": { "index": "58", "@osmId": "way/603145005", "name": null, "opening_hours": null, "label": "Surface car parks", "color": "#969696" }, "geometry": { "type": "Point", "coordinates": [ 3.9012411, 43.6026384 ] } },
{ "type": "Feature", "properties": { "index": "59", "@osmId": "way/678827386", "name": null, "opening_hours": null, "label": "Surface car parks", "color": "#969696" }, "geometry": { "type": "Point", "coordinates": [ 3.8894465, 43.613013 ] } },
{ "type": "Feature", "properties": { "index": "60", "@osmId": "way/753737743", "name": null, "opening_hours": null, "label": "Surface car parks", "color": "#969696" }, "geometry": { "type": "Point", "coordinates": [ 3.8946672, 43.6156554 ] } },
{ "type": "Feature", "properties": { "index": "61", "@osmId": "way/975833801", "name": null, "opening_hours": null, "label": "Surface car parks", "color": "#969696" }, "geometry": { "type": "Point", "coordinates": [ 3.8933797, 43.6140836 ] } },
{ "type": "Feature", "properties": { "index": "62", "@osmId": "way/975833802", "name": null, "opening_hours": null, "label": "Surface car parks", "color": "#969696" }, "geometry": { "type": "Point", "coordinates": [ 3.8923672, 43.6129531 ] } },
{ "type": "Feature", "properties": { "index": "63", "@osmId": "way/566386095", "name": null, "opening_hours": null, "label": "Surface car parks", "color": "#969696" }, "geometry": { "type": "Point", "coordinates": [ 3.8671444, 43.6045513 ] } },
{ "type": "Feature", "properties": { "index": "64", "@osmId": "relation/6421840", "name": "Parking Joffre", "opening_hours": null, "label": "Surface car parks", "color": "#969696" }, "geometry": { "type": "Point", "coordinates": [ 3.886154, 43.6131461 ] } },
{ "type": "Feature", "properties": { "index": "65", "@osmId": "way/23645703", "name": null, "opening_hours": null, "label": "Surface car parks", "color": "#969696" }, "geometry": { "type": "Point", "coordinates": [ 3.8724482, 43.6249955 ] } },
{ "type": "Feature", "properties": { "index": "66", "@osmId": "way/112748134", "name": null, "opening_hours": null, "label": "Surface car parks", "color": "#969696" }, "geometry": { "type": "Point", "coordinates": [ 3.8707132, 43.6166733 ] } },
{ "type": "Feature", "properties": { "index": "67", "@osmId": "way/188609529", "name": null, "opening_hours": null, "label": "Surface car parks", "color": "#969696" }, "geometry": { "type": "Point", "coordinates": [ 3.8730909, 43.6164629 ] } },
{ "type": "Feature", "properties": { "index": "68", "@osmId": "way/665975092", "name": null, "opening_hours": null, "label": "Surface car parks", "color": "#969696" }, "geometry": { "type": "Point", "coordinates": [ 3.8844432, 43.6201469 ] } },
{ "type": "Feature", "properties": { "index": "69", "@osmId": "way/1274900725", "name": null, "opening_hours": null, "label": "Surface car parks", "color": "#969696" }, "geometry": { "type": "Point", "coordinates": [ 3.8689762, 43.6187704 ] } },
{ "type": "Feature", "properties": { "index": "70", "@osmId": "node/295103388", "name": null, "opening_hours": null, "label": "Surface car parks", "color": "#969696" }, "geometry": { "type": "Point", "coordinates": [ 3.8983027, 43.6078895 ] } },
{ "type": "Feature", "properties": { "index": "71", "@osmId": "node/2024149420", "name": null, "opening_hours": null, "label": "Surface car parks", "color": "#969696" }, "geometry": { "type": "Point", "coordinates": [ 3.8995564, 43.6045472 ] } },
{ "type": "Feature", "properties": { "index": "72", "@osmId": "way/23182279", "name": null, "opening_hours": null, "label": "Surface car parks", "color": "#969696" }, "geometry": { "type": "Point", "coordinates": [ 3.8844693, 43.6138576 ] } },
{ "type": "Feature", "properties": { "index": "73", "@osmId": "way/23231724", "name": null, "opening_hours": null, "label": "Surface car parks", "color": "#969696" }, "geometry": { "type": "Point", "coordinates": [ 3.8692687, 43.6126028 ] } },
{ "type": "Feature", "properties": { "index": "74", "@osmId": "way/23634715", "name": null, "opening_hours": null, "label": "Surface car parks", "color": "#969696" }, "geometry": { "type": "Point", "coordinates": [ 3.8852086, 43.6040073 ] } },
{ "type": "Feature", "properties": { "index": "75", "@osmId": "way/24641135", "name": null, "opening_hours": null, "label": "Surface car parks", "color": "#969696" }, "geometry": { "type": "Point", "coordinates": [ 3.8896336, 43.61 ] } },
{ "type": "Feature", "properties": { "index": "76", "@osmId": "way/38935248", "name": null, "opening_hours": null, "label": "Surface car parks", "color": "#969696" }, "geometry": { "type": "Point", "coordinates": [ 3.886773, 43.61479 ] } },
{ "type": "Feature", "properties": { "index": "77", "@osmId": "way/109507275", "name": null, "opening_hours": "24/7", "label": "Surface car parks", "color": "#969696" }, "geometry": { "type": "Point", "coordinates": [ 3.8747802, 43.6031777 ] } },
{ "type": "Feature", "properties": { "index": "78", "@osmId": "way/158029006", "name": null, "opening_hours": null, "label": "Surface car parks", "color": "#969696" }, "geometry": { "type": "Point", "coordinates": [ 3.8878129, 43.6033539 ] } },
{ "type": "Feature", "properties": { "index": "79", "@osmId": "way/173435560", "name": null, "opening_hours": null, "label": "Surface car parks", "color": "#969696" }, "geometry": { "type": "Point", "coordinates": [ 3.8886205, 43.6047575 ] } },
{ "type": "Feature", "properties": { "index": "80", "@osmId": "way/430607266", "name": null, "opening_hours": null, "label": "Surface car parks", "color": "#969696" }, "geometry": { "type": "Point", "coordinates": [ 3.8849551, 43.6128939 ] } },
{ "type": "Feature", "properties": { "index": "81", "@osmId": "way/504705767", "name": null, "opening_hours": null, "label": "Surface car parks", "color": "#969696" }, "geometry": { "type": "Point", "coordinates": [ 3.8897528, 43.6156213 ] } },
{ "type": "Feature", "properties": { "index": "82", "@osmId": "way/504705771", "name": null, "opening_hours": null, "label": "Surface car parks", "color": "#969696" }, "geometry": { "type": "Point", "coordinates": [ 3.8893674, 43.6149407 ] } },
{ "type": "Feature", "properties": { "index": "83", "@osmId": "way/524947261", "name": null, "opening_hours": null, "label": "Surface car parks", "color": "#969696" }, "geometry": { "type": "Point", "coordinates": [ 3.883296, 43.6118882 ] } },
{ "type": "Feature", "properties": { "index": "84", "@osmId": "way/652285985", "name": null, "opening_hours": null, "label": "Surface car parks", "color": "#969696" }, "geometry": { "type": "Point", "coordinates": [ 3.8823761, 43.6141201 ] } },
{ "type": "Feature", "properties": { "index": "85", "@osmId": "way/734495726", "name": null, "opening_hours": null, "label": "Surface car parks", "color": "#969696" }, "geometry": { "type": "Point", "coordinates": [ 3.8830258, 43.6094327 ] } },
{ "type": "Feature", "properties": { "index": "86", "@osmId": "way/1199749784", "name": null, "opening_hours": null, "label": "Surface car parks", "color": "#969696" }, "geometry": { "type": "Point", "coordinates": [ 3.8771987, 43.6028194 ] } },
{ "type": "Feature", "properties": { "index": "87", "@osmId": "way/1199749785", "name": null, "opening_hours": null, "label": "Surface car parks", "color": "#969696" }, "geometry": { "type": "Point", "coordinates": [ 3.8770766, 43.6027918 ] } },
{ "type": "Feature", "properties": { "index": "88", "@osmId": "way/1343494811", "name": null, "opening_hours": null, "label": "Surface car parks", "color": "#969696" }, "geometry": { "type": "Point", "coordinates": [ 3.8850603, 43.6016365 ] } },
{ "type": "Feature", "properties": { "index": "89", "@osmId": "way/1357546849", "name": null, "opening_hours": null, "label": "Surface car parks", "color": "#969696" }, "geometry": { "type": "Point", "coordinates": [ 3.8742495, 43.6137912 ] } },
{ "type": "Feature", "properties": { "index": "90", "@osmId": "way/24640748", "name": null, "opening_hours": null, "label": "Street-side parking", "color": "#bdbdbd" }, "geometry": { "type": "Point", "coordinates": [ 3.8959032, 43.6106069 ] } },
{ "type": "Feature", "properties": { "index": "91", "@osmId": "way/26803778", "name": null, "opening_hours": null, "label": "Street-side parking", "color": "#bdbdbd" }, "geometry": { "type": "Point", "coordinates": [ 3.8920356, 43.6086989 ] } },
{ "type": "Feature", "properties": { "index": "92", "@osmId": "way/1187835599", "name": null, "opening_hours": null, "label": "Street-side parking", "color": "#bdbdbd" }, "geometry": { "type": "Point", "coordinates": [ 3.8924226, 43.6156544 ] } },
{ "type": "Feature", "properties": { "index": "93", "@osmId": "way/1199775812", "name": null, "opening_hours": null, "label": "Street-side parking", "color": "#bdbdbd" }, "geometry": { "type": "Point", "coordinates": [ 3.8925637, 43.6012112 ] } },
{ "type": "Feature", "properties": { "index": "94", "@osmId": "way/1199462030", "name": null, "opening_hours": null, "label": "Street-side parking", "color": "#bdbdbd" }, "geometry": { "type": "Point", "coordinates": [ 3.8798275, 43.6169229 ] } },
{ "type": "Feature", "properties": { "index": "95", "@osmId": "way/1207275468", "name": null, "opening_hours": null, "label": "Street-side parking", "color": "#bdbdbd" }, "geometry": { "type": "Point", "coordinates": [ 3.8674011, 43.6235075 ] } },
{ "type": "Feature", "properties": { "index": "96", "@osmId": "way/1207275469", "name": null, "opening_hours": null, "label": "Street-side parking", "color": "#bdbdbd" }, "geometry": { "type": "Point", "coordinates": [ 3.8673859, 43.6234534 ] } },
{ "type": "Feature", "properties": { "index": "97", "@osmId": "way/1512276061", "name": null, "opening_hours": null, "label": "Street-side parking", "color": "#bdbdbd" }, "geometry": { "type": "Point", "coordinates": [ 3.8686592, 43.620384 ] } },
{ "type": "Feature", "properties": { "index": "98", "@osmId": "way/1512276062", "name": null, "opening_hours": null, "label": "Street-side parking", "color": "#bdbdbd" }, "geometry": { "type": "Point", "coordinates": [ 3.8681135, 43.6205192 ] } },
{ "type": "Feature", "properties": { "index": "99", "@osmId": "way/1512276063", "name": null, "opening_hours": null, "label": "Street-side parking", "color": "#bdbdbd" }, "geometry": { "type": "Point", "coordinates": [ 3.8676765, 43.6206259 ] } },
{ "type": "Feature", "properties": { "index": "100", "@osmId": "way/1512276064", "name": null, "opening_hours": null, "label": "Street-side parking", "color": "#bdbdbd" }, "geometry": { "type": "Point", "coordinates": [ 3.8673175, 43.6207123 ] } },
{ "type": "Feature", "properties": { "index": "101", "@osmId": "way/1521903710", "name": null, "opening_hours": null, "label": "Street-side parking", "color": "#bdbdbd" }, "geometry": { "type": "Point", "coordinates": [ 3.8786282, 43.6165997 ] } },
{ "type": "Feature", "properties": { "index": "102", "@osmId": "way/23304435", "name": "Place Pierre Flotte", "opening_hours": null, "label": "Street-side parking", "color": "#bdbdbd" }, "geometry": { "type": "Point", "coordinates": [ 3.8688235, 43.6104923 ] } },
{ "type": "Feature", "properties": { "index": "103", "@osmId": "way/1009310192", "name": null, "opening_hours": null, "label": "Street-side parking", "color": "#bdbdbd" }, "geometry": { "type": "Point", "coordinates": [ 3.8874715, 43.6151128 ] } },
{ "type": "Feature", "properties": { "index": "104", "@osmId": "way/1198395612", "name": null, "opening_hours": null, "label": "Street-side parking", "color": "#bdbdbd" }, "geometry": { "type": "Point", "coordinates": [ 3.8748983, 43.6027438 ] } },
{ "type": "Feature", "properties": { "index": "105", "@osmId": "way/1216287912", "name": null, "opening_hours": null, "label": "Street-side parking", "color": "#bdbdbd" }, "geometry": { "type": "Point", "coordinates": [ 3.8725016, 43.6018441 ] } },
{ "type": "Feature", "properties": { "index": "106", "@osmId": "way/1216287913", "name": null, "opening_hours": null, "label": "Street-side parking", "color": "#bdbdbd" }, "geometry": { "type": "Point", "coordinates": [ 3.872203, 43.601941 ] } },
{ "type": "Feature", "properties": { "index": "107", "@osmId": "way/1512276065", "name": null, "opening_hours": null, "label": "Street-side parking", "color": "#bdbdbd" }, "geometry": { "type": "Point", "coordinates": [ 3.8671526, 43.6207623 ] } },
{ "type": "Feature", "properties": { "index": "108", "@osmId": "way/1197739452", "name": null, "opening_hours": null, "label": "Street-side parking", "color": "#bdbdbd" }, "geometry": { "type": "Point", "coordinates": [ 3.865718, 43.6079963 ] } },
{ "type": "Feature", "properties": { "index": "109", "@osmId": "way/1197739453", "name": null, "opening_hours": null, "label": "Street-side parking", "color": "#bdbdbd" }, "geometry": { "type": "Point", "coordinates": [ 3.8656635, 43.6080983 ] } },
{ "type": "Feature", "properties": { "index": "110", "@osmId": "way/1139145908", "name": null, "opening_hours": null, "label": "Street-side parking", "color": "#bdbdbd" }, "geometry": { "type": "Point", "coordinates": [ 3.8604853, 43.6165583 ] } },
{ "type": "Feature", "properties": { "index": "111", "@osmId": "way/1199620907", "name": null, "opening_hours": null, "label": "Street-side parking", "color": "#bdbdbd" }, "geometry": { "type": "Point", "coordinates": [ 3.864609, 43.6224834 ] } },
{ "type": "Feature", "properties": { "index": "112", "@osmId": "way/1199620908", "name": null, "opening_hours": null, "label": "Street-side parking", "color": "#bdbdbd" }, "geometry": { "type": "Point", "coordinates": [ 3.8648774, 43.6223138 ] } },
{ "type": "Feature", "properties": { "index": "113", "@osmId": "way/1349883211", "name": null, "opening_hours": null, "label": "Street-side parking", "color": "#bdbdbd" }, "geometry": { "type": "Point", "coordinates": [ 3.8555285, 43.6201585 ] } },
{ "type": "Feature", "properties": { "index": "114", "@osmId": "way/1512276066", "name": null, "opening_hours": null, "label": "Street-side parking", "color": "#bdbdbd" }, "geometry": { "type": "Point", "coordinates": [ 3.8667721, 43.6208709 ] } },
{ "type": "Feature", "properties": { "index": "115", "@osmId": "way/1512276068", "name": null, "opening_hours": null, "label": "Street-side parking", "color": "#bdbdbd" }, "geometry": { "type": "Point", "coordinates": [ 3.8656945, 43.6212551 ] } },
{ "type": "Feature", "properties": { "index": "116", "@osmId": "node/281171382", "name": null, "opening_hours": null, "label": "Street-side parking", "color": "#bdbdbd" }, "geometry": { "type": "Point", "coordinates": [ 3.8886435, 43.6092164 ] } },
{ "type": "Feature", "properties": { "index": "117", "@osmId": "way/1034777370", "name": null, "opening_hours": null, "label": "Marked parking spaces", "color": "#fdae6b" }, "geometry": { "type": "Point", "coordinates": [ 3.8578779, 43.6066804 ] } },
{ "type": "Feature", "properties": { "index": "118", "@osmId": "way/1034777371", "name": null, "opening_hours": null, "label": "Marked parking spaces", "color": "#fdae6b" }, "geometry": { "type": "Point", "coordinates": [ 3.8579966, 43.6066259 ] } },
{ "type": "Feature", "properties": { "index": "119", "@osmId": "way/1034777372", "name": null, "opening_hours": null, "label": "Marked parking spaces", "color": "#fdae6b" }, "geometry": { "type": "Point", "coordinates": [ 3.8581044, 43.6065785 ] } },
{ "type": "Feature", "properties": { "index": "120", "@osmId": "way/1034777373", "name": null, "opening_hours": null, "label": "Marked parking spaces", "color": "#fdae6b" }, "geometry": { "type": "Point", "coordinates": [ 3.8582241, 43.6065263 ] } },
{ "type": "Feature", "properties": { "index": "121", "@osmId": "way/1034777374", "name": null, "opening_hours": null, "label": "Marked parking spaces", "color": "#fdae6b" }, "geometry": { "type": "Point", "coordinates": [ 3.8583258, 43.6064826 ] } },
{ "type": "Feature", "properties": { "index": "122", "@osmId": "way/1034777375", "name": null, "opening_hours": null, "label": "Marked parking spaces", "color": "#fdae6b" }, "geometry": { "type": "Point", "coordinates": [ 3.8584978, 43.6064042 ] } },
{ "type": "Feature", "properties": { "index": "123", "@osmId": "way/1034777376", "name": null, "opening_hours": null, "label": "Marked parking spaces", "color": "#fdae6b" }, "geometry": { "type": "Point", "coordinates": [ 3.85856, 43.6063767 ] } },
{ "type": "Feature", "properties": { "index": "124", "@osmId": "node/3234729862", "name": null, "opening_hours": null, "label": "Marked parking spaces", "color": "#fdae6b" }, "geometry": { "type": "Point", "coordinates": [ 3.863183, 43.616236 ] } },
{ "type": "Feature", "properties": { "index": "125", "@osmId": "node/3891859344", "name": null, "opening_hours": null, "label": "Marked parking spaces", "color": "#fdae6b" }, "geometry": { "type": "Point", "coordinates": [ 3.8645068, 43.6098305 ] } },
{ "type": "Feature", "properties": { "index": "126", "@osmId": "node/4813111788", "name": null, "opening_hours": null, "label": "Marked parking spaces", "color": "#fdae6b" }, "geometry": { "type": "Point", "coordinates": [ 3.8597164, 43.6219288 ] } },
{ "type": "Feature", "properties": { "index": "127", "@osmId": "node/4813111789", "name": null, "opening_hours": null, "label": "Marked parking spaces", "color": "#fdae6b" }, "geometry": { "type": "Point", "coordinates": [ 3.8609691, 43.6223913 ] } },
{ "type": "Feature", "properties": { "index": "128", "@osmId": "node/4813111797", "name": null, "opening_hours": null, "label": "Marked parking spaces", "color": "#fdae6b" }, "geometry": { "type": "Point", "coordinates": [ 3.8624604, 43.6229635 ] } },
{ "type": "Feature", "properties": { "index": "129", "@osmId": "node/9344068227", "name": null, "opening_hours": null, "label": "Marked parking spaces", "color": "#fdae6b" }, "geometry": { "type": "Point", "coordinates": [ 3.857612, 43.6198376 ] } },
{ "type": "Feature", "properties": { "index": "130", "@osmId": "node/9344068228", "name": null, "opening_hours": null, "label": "Marked parking spaces", "color": "#fdae6b" }, "geometry": { "type": "Point", "coordinates": [ 3.8575222, 43.6197706 ] } },
{ "type": "Feature", "properties": { "index": "131", "@osmId": "node/9651005589", "name": null, "opening_hours": null, "label": "Marked parking spaces", "color": "#fdae6b" }, "geometry": { "type": "Point", "coordinates": [ 3.8662631, 43.6232919 ] } },
{ "type": "Feature", "properties": { "index": "132", "@osmId": "node/9651177301", "name": null, "opening_hours": null, "label": "Marked parking spaces", "color": "#fdae6b" }, "geometry": { "type": "Point", "coordinates": [ 3.8660317, 43.6214874 ] } },
{ "type": "Feature", "properties": { "index": "133", "@osmId": "node/9651177302", "name": null, "opening_hours": null, "label": "Marked parking spaces", "color": "#fdae6b" }, "geometry": { "type": "Point", "coordinates": [ 3.8668263, 43.6220782 ] } },
{ "type": "Feature", "properties": { "index": "134", "@osmId": "node/9651180129", "name": null, "opening_hours": null, "label": "Marked parking spaces", "color": "#fdae6b" }, "geometry": { "type": "Point", "coordinates": [ 3.8662028, 43.6244876 ] } },
{ "type": "Feature", "properties": { "index": "135", "@osmId": "node/9737268533", "name": null, "opening_hours": null, "label": "Marked parking spaces", "color": "#fdae6b" }, "geometry": { "type": "Point", "coordinates": [ 3.8599889, 43.6125888 ] } },
{ "type": "Feature", "properties": { "index": "136", "@osmId": "node/9737494082", "name": null, "opening_hours": null, "label": "Marked parking spaces", "color": "#fdae6b" }, "geometry": { "type": "Point", "coordinates": [ 3.864341, 43.6119643 ] } },
{ "type": "Feature", "properties": { "index": "137", "@osmId": "node/9737496714", "name": null, "opening_hours": null, "label": "Marked parking spaces", "color": "#fdae6b" }, "geometry": { "type": "Point", "coordinates": [ 3.8650056, 43.611455 ] } },
{ "type": "Feature", "properties": { "index": "138", "@osmId": "node/9737505505", "name": null, "opening_hours": null, "label": "Marked parking spaces", "color": "#fdae6b" }, "geometry": { "type": "Point", "coordinates": [ 3.8613425, 43.612164 ] } },
{ "type": "Feature", "properties": { "index": "139", "@osmId": "node/9737529102", "name": null, "opening_hours": null, "label": "Marked parking spaces", "color": "#fdae6b" }, "geometry": { "type": "Point", "coordinates": [ 3.8662225, 43.6117938 ] } },
{ "type": "Feature", "properties": { "index": "140", "@osmId": "node/9737544443", "name": null, "opening_hours": null, "label": "Marked parking spaces", "color": "#fdae6b" }, "geometry": { "type": "Point", "coordinates": [ 3.8655805, 43.6114128 ] } },
{ "type": "Feature", "properties": { "index": "141", "@osmId": "node/9737554052", "name": null, "opening_hours": null, "label": "Marked parking spaces", "color": "#fdae6b" }, "geometry": { "type": "Point", "coordinates": [ 3.8671294, 43.6124592 ] } },
{ "type": "Feature", "properties": { "index": "142", "@osmId": "node/9737562068", "name": null, "opening_hours": null, "label": "Marked parking spaces", "color": "#fdae6b" }, "geometry": { "type": "Point", "coordinates": [ 3.8644781, 43.6096873 ] } },
{ "type": "Feature", "properties": { "index": "143", "@osmId": "node/9737564250", "name": null, "opening_hours": null, "label": "Marked parking spaces", "color": "#fdae6b" }, "geometry": { "type": "Point", "coordinates": [ 3.8665859, 43.6122797 ] } },
{ "type": "Feature", "properties": { "index": "144", "@osmId": "node/9737581308", "name": null, "opening_hours": null, "label": "Marked parking spaces", "color": "#fdae6b" }, "geometry": { "type": "Point", "coordinates": [ 3.8651371, 43.6094924 ] } },
{ "type": "Feature", "properties": { "index": "145", "@osmId": "node/9737582467", "name": null, "opening_hours": null, "label": "Marked parking spaces", "color": "#fdae6b" }, "geometry": { "type": "Point", "coordinates": [ 3.8639127, 43.6103578 ] } },
{ "type": "Feature", "properties": { "index": "146", "@osmId": "node/9737585308", "name": null, "opening_hours": null, "label": "Marked parking spaces", "color": "#fdae6b" }, "geometry": { "type": "Point", "coordinates": [ 3.8624669, 43.6106547 ] } },
{ "type": "Feature", "properties": { "index": "147", "@osmId": "node/9737586919", "name": null, "opening_hours": null, "label": "Marked parking spaces", "color": "#fdae6b" }, "geometry": { "type": "Point", "coordinates": [ 3.8637599, 43.6098297 ] } },
{ "type": "Feature", "properties": { "index": "148", "@osmId": "node/9737595914", "name": null, "opening_hours": null, "label": "Marked parking spaces", "color": "#fdae6b" }, "geometry": { "type": "Point", "coordinates": [ 3.8648302, 43.6127754 ] } },
{ "type": "Feature", "properties": { "index": "149", "@osmId": "node/9737604069", "name": null, "opening_hours": null, "label": "Marked parking spaces", "color": "#fdae6b" }, "geometry": { "type": "Point", "coordinates": [ 3.8631114, 43.6099874 ] } },
{ "type": "Feature", "properties": { "index": "150", "@osmId": "node/9737605422", "name": null, "opening_hours": null, "label": "Marked parking spaces", "color": "#fdae6b" }, "geometry": { "type": "Point", "coordinates": [ 3.8631456, 43.610102 ] } },
{ "type": "Feature", "properties": { "index": "151", "@osmId": "node/9737605443", "name": null, "opening_hours": null, "label": "Marked parking spaces", "color": "#fdae6b" }, "geometry": { "type": "Point", "coordinates": [ 3.8637615, 43.6122458 ] } },
{ "type": "Feature", "properties": { "index": "152", "@osmId": "node/9737605560", "name": null, "opening_hours": null, "label": "Marked parking spaces", "color": "#fdae6b" }, "geometry": { "type": "Point", "coordinates": [ 3.8633213, 43.6106428 ] } },
{ "type": "Feature", "properties": { "index": "153", "@osmId": "node/9737605827", "name": null, "opening_hours": null, "label": "Marked parking spaces", "color": "#fdae6b" }, "geometry": { "type": "Point", "coordinates": [ 3.8616299, 43.6168088 ] } },
{ "type": "Feature", "properties": { "index": "154", "@osmId": "node/9737605828", "name": null, "opening_hours": null, "label": "Marked parking spaces", "color": "#fdae6b" }, "geometry": { "type": "Point", "coordinates": [ 3.8643765, 43.6186477 ] } },
{ "type": "Feature", "properties": { "index": "155", "@osmId": "node/9737606258", "name": null, "opening_hours": null, "label": "Marked parking spaces", "color": "#fdae6b" }, "geometry": { "type": "Point", "coordinates": [ 3.8627294, 43.611031 ] } },
{ "type": "Feature", "properties": { "index": "156", "@osmId": "node/9737623186", "name": null, "opening_hours": null, "label": "Marked parking spaces", "color": "#fdae6b" }, "geometry": { "type": "Point", "coordinates": [ 3.8621083, 43.6111377 ] } },
{ "type": "Feature", "properties": { "index": "157", "@osmId": "node/9737623792", "name": null, "opening_hours": null, "label": "Marked parking spaces", "color": "#fdae6b" }, "geometry": { "type": "Point", "coordinates": [ 3.8640711, 43.6151604 ] } },
{ "type": "Feature", "properties": { "index": "158", "@osmId": "node/9737632793", "name": null, "opening_hours": null, "label": "Marked parking spaces", "color": "#fdae6b" }, "geometry": { "type": "Point", "coordinates": [ 3.8623595, 43.6175875 ] } },
{ "type": "Feature", "properties": { "index": "159", "@osmId": "node/9737648887", "name": null, "opening_hours": null, "label": "Marked parking spaces", "color": "#fdae6b" }, "geometry": { "type": "Point", "coordinates": [ 3.8637757, 43.6182865 ] } },
{ "type": "Feature", "properties": { "index": "160", "@osmId": "node/9737656734", "name": null, "opening_hours": null, "label": "Marked parking spaces", "color": "#fdae6b" }, "geometry": { "type": "Point", "coordinates": [ 3.8661063, 43.6173633 ] } },
{ "type": "Feature", "properties": { "index": "161", "@osmId": "node/9737663332", "name": null, "opening_hours": null, "label": "Marked parking spaces", "color": "#fdae6b" }, "geometry": { "type": "Point", "coordinates": [ 3.8664055, 43.6183283 ] } },
{ "type": "Feature", "properties": { "index": "162", "@osmId": "node/9737680517", "name": null, "opening_hours": null, "label": "Marked parking spaces", "color": "#fdae6b" }, "geometry": { "type": "Point", "coordinates": [ 3.865791, 43.6168189 ] } },
{ "type": "Feature", "properties": { "index": "163", "@osmId": "node/9737681327", "name": null, "opening_hours": null, "label": "Marked parking spaces", "color": "#fdae6b" }, "geometry": { "type": "Point", "coordinates": [ 3.8658316, 43.6163074 ] } },
{ "type": "Feature", "properties": { "index": "164", "@osmId": "node/9743422051", "name": null, "opening_hours": null, "label": "Marked parking spaces", "color": "#fdae6b" }, "geometry": { "type": "Point", "coordinates": [ 3.8647024, 43.6065381 ] } },
{ "type": "Feature", "properties": { "index": "165", "@osmId": "node/9743438265", "name": null, "opening_hours": null, "label": "Marked parking spaces", "color": "#fdae6b" }, "geometry": { "type": "Point", "coordinates": [ 3.859334, 43.6083586 ] } },
{ "type": "Feature", "properties": { "index": "166", "@osmId": "node/9743445998", "name": null, "opening_hours": null, "label": "Marked parking spaces", "color": "#fdae6b" }, "geometry": { "type": "Point", "coordinates": [ 3.8617143, 43.6052664 ] } },
{ "type": "Feature", "properties": { "index": "167", "@osmId": "node/9743447419", "name": null, "opening_hours": null, "label": "Marked parking spaces", "color": "#fdae6b" }, "geometry": { "type": "Point", "coordinates": [ 3.8568545, 43.607303 ] } },
{ "type": "Feature", "properties": { "index": "168", "@osmId": "node/9743450378", "name": null, "opening_hours": null, "label": "Marked parking spaces", "color": "#fdae6b" }, "geometry": { "type": "Point", "coordinates": [ 3.8578043, 43.6050675 ] } },
{ "type": "Feature", "properties": { "index": "169", "@osmId": "node/9743450407", "name": null, "opening_hours": null, "label": "Marked parking spaces", "color": "#fdae6b" }, "geometry": { "type": "Point", "coordinates": [ 3.8624028, 43.6060842 ] } },
{ "type": "Feature", "properties": { "index": "170", "@osmId": "node/9743466333", "name": null, "opening_hours": null, "label": "Marked parking spaces", "color": "#fdae6b" }, "geometry": { "type": "Point", "coordinates": [ 3.8570635, 43.6069868 ] } },
{ "type": "Feature", "properties": { "index": "171", "@osmId": "node/9743469354", "name": null, "opening_hours": null, "label": "Marked parking spaces", "color": "#fdae6b" }, "geometry": { "type": "Point", "coordinates": [ 3.8635589, 43.6054202 ] } },
{ "type": "Feature", "properties": { "index": "172", "@osmId": "node/9743473637", "name": null, "opening_hours": null, "label": "Marked parking spaces", "color": "#fdae6b" }, "geometry": { "type": "Point", "coordinates": [ 3.8642098, 43.605738 ] } },
{ "type": "Feature", "properties": { "index": "173", "@osmId": "node/9743474405", "name": null, "opening_hours": null, "label": "Marked parking spaces", "color": "#fdae6b" }, "geometry": { "type": "Point", "coordinates": [ 3.8619564, 43.6074073 ] } },
{ "type": "Feature", "properties": { "index": "174", "@osmId": "node/9743485546", "name": null, "opening_hours": null, "label": "Marked parking spaces", "color": "#fdae6b" }, "geometry": { "type": "Point", "coordinates": [ 3.866987, 43.6018515 ] } },
{ "type": "Feature", "properties": { "index": "175", "@osmId": "node/9743490136", "name": null, "opening_hours": null, "label": "Marked parking spaces", "color": "#fdae6b" }, "geometry": { "type": "Point", "coordinates": [ 3.8633347, 43.6049679 ] } },
{ "type": "Feature", "properties": { "index": "176", "@osmId": "node/9743501460", "name": null, "opening_hours": null, "label": "Marked parking spaces", "color": "#fdae6b" }, "geometry": { "type": "Point", "coordinates": [ 3.8646978, 43.6042991 ] } },
{ "type": "Feature", "properties": { "index": "177", "@osmId": "node/9743509068", "name": null, "opening_hours": null, "label": "Marked parking spaces", "color": "#fdae6b" }, "geometry": { "type": "Point", "coordinates": [ 3.8665014, 43.6021288 ] } },
{ "type": "Feature", "properties": { "index": "178", "@osmId": "node/9748088156", "name": null, "opening_hours": null, "label": "Marked parking spaces", "color": "#fdae6b" }, "geometry": { "type": "Point", "coordinates": [ 3.8633096, 43.6084371 ] } },
{ "type": "Feature", "properties": { "index": "179", "@osmId": "node/9748092857", "name": null, "opening_hours": null, "label": "Marked parking spaces", "color": "#fdae6b" }, "geometry": { "type": "Point", "coordinates": [ 3.8596231, 43.6050506 ] } },
{ "type": "Feature", "properties": { "index": "180", "@osmId": "node/9748097562", "name": null, "opening_hours": null, "label": "Marked parking spaces", "color": "#fdae6b" }, "geometry": { "type": "Point", "coordinates": [ 3.865216, 43.607771 ] } },
{ "type": "Feature", "properties": { "index": "181", "@osmId": "node/9748106596", "name": null, "opening_hours": null, "label": "Marked parking spaces", "color": "#fdae6b" }, "geometry": { "type": "Point", "coordinates": [ 3.8660102, 43.6074382 ] } },
{ "type": "Feature", "properties": { "index": "182", "@osmId": "node/9748111623", "name": null, "opening_hours": null, "label": "Marked parking spaces", "color": "#fdae6b" }, "geometry": { "type": "Point", "coordinates": [ 3.8619212, 43.6087887 ] } },
{ "type": "Feature", "properties": { "index": "183", "@osmId": "node/9761242327", "name": null, "opening_hours": null, "label": "Marked parking spaces", "color": "#fdae6b" }, "geometry": { "type": "Point", "coordinates": [ 3.8598948, 43.6065861 ] } },
{ "type": "Feature", "properties": { "index": "184", "@osmId": "node/9784007621", "name": null, "opening_hours": null, "label": "Marked parking spaces", "color": "#fdae6b" }, "geometry": { "type": "Point", "coordinates": [ 3.8555224, 43.6110679 ] } },
{ "type": "Feature", "properties": { "index": "185", "@osmId": "node/9784008480", "name": null, "opening_hours": null, "label": "Marked parking spaces", "color": "#fdae6b" }, "geometry": { "type": "Point", "coordinates": [ 3.8574888, 43.6144208 ] } },
{ "type": "Feature", "properties": { "index": "186", "@osmId": "node/9784012535", "name": null, "opening_hours": null, "label": "Marked parking spaces", "color": "#fdae6b" }, "geometry": { "type": "Point", "coordinates": [ 3.8552735, 43.6116034 ] } },
{ "type": "Feature", "properties": { "index": "187", "@osmId": "node/9784032122", "name": null, "opening_hours": null, "label": "Marked parking spaces", "color": "#fdae6b" }, "geometry": { "type": "Point", "coordinates": [ 3.8577408, 43.6113678 ] } },
{ "type": "Feature", "properties": { "index": "188", "@osmId": "node/9784038064", "name": null, "opening_hours": null, "label": "Marked parking spaces", "color": "#fdae6b" }, "geometry": { "type": "Point", "coordinates": [ 3.8570261, 43.6147817 ] } },
{ "type": "Feature", "properties": { "index": "189", "@osmId": "node/9784509780", "name": null, "opening_hours": null, "label": "Marked parking spaces", "color": "#fdae6b" }, "geometry": { "type": "Point", "coordinates": [ 3.8552741, 43.6153393 ] } },
{ "type": "Feature", "properties": { "index": "190", "@osmId": "node/9784526505", "name": null, "opening_hours": null, "label": "Marked parking spaces", "color": "#fdae6b" }, "geometry": { "type": "Point", "coordinates": [ 3.8557604, 43.615498 ] } },
{ "type": "Feature", "properties": { "index": "191", "@osmId": "node/10039783865", "name": null, "opening_hours": null, "label": "Marked parking spaces", "color": "#fdae6b" }, "geometry": { "type": "Point", "coordinates": [ 3.8667084, 43.6004042 ] } },
{ "type": "Feature", "properties": { "index": "192", "@osmId": "node/11586684274", "name": null, "opening_hours": null, "label": "Marked parking spaces", "color": "#fdae6b" }, "geometry": { "type": "Point", "coordinates": [ 3.8574284, 43.6191838 ] } },
{ "type": "Feature", "properties": { "index": "193", "@osmId": "node/11586684275", "name": null, "opening_hours": null, "label": "Marked parking spaces", "color": "#fdae6b" }, "geometry": { "type": "Point", "coordinates": [ 3.8574704, 43.6191761 ] } },
{ "type": "Feature", "properties": { "index": "194", "@osmId": "node/11586876978", "name": null, "opening_hours": null, "label": "Marked parking spaces", "color": "#fdae6b" }, "geometry": { "type": "Point", "coordinates": [ 3.8661955, 43.60528 ] } },
{ "type": "Feature", "properties": { "index": "195", "@osmId": "node/11586895503", "name": null, "opening_hours": null, "label": "Marked parking spaces", "color": "#fdae6b" }, "geometry": { "type": "Point", "coordinates": [ 3.8641375, 43.6035118 ] } },
{ "type": "Feature", "properties": { "index": "196", "@osmId": "node/11701000460", "name": null, "opening_hours": null, "label": "Marked parking spaces", "color": "#fdae6b" }, "geometry": { "type": "Point", "coordinates": [ 3.8623551, 43.6024833 ] } },
{ "type": "Feature", "properties": { "index": "197", "@osmId": "node/11711847855", "name": null, "opening_hours": null, "label": "Marked parking spaces", "color": "#fdae6b" }, "geometry": { "type": "Point", "coordinates": [ 3.8583256, 43.6022462 ] } },
{ "type": "Feature", "properties": { "index": "198", "@osmId": "node/11761362585", "name": null, "opening_hours": null, "label": "Marked parking spaces", "color": "#fdae6b" }, "geometry": { "type": "Point", "coordinates": [ 3.8552744, 43.6203862 ] } },
{ "type": "Feature", "properties": { "index": "199", "@osmId": "node/11766225013", "name": null, "opening_hours": null, "label": "Marked parking spaces", "color": "#fdae6b" }, "geometry": { "type": "Point", "coordinates": [ 3.8565455, 43.620899 ] } },
{ "type": "Feature", "properties": { "index": "200", "@osmId": "node/11807089381", "name": null, "opening_hours": null, "label": "Marked parking spaces", "color": "#fdae6b" }, "geometry": { "type": "Point", "coordinates": [ 3.8579643, 43.614015 ] } },
{ "type": "Feature", "properties": { "index": "201", "@osmId": "node/12198669078", "name": null, "opening_hours": null, "label": "Marked parking spaces", "color": "#fdae6b" }, "geometry": { "type": "Point", "coordinates": [ 3.8630716, 43.6025071 ] } },
{ "type": "Feature", "properties": { "index": "202", "@osmId": "node/12487429049", "name": null, "opening_hours": null, "label": "Marked parking spaces", "color": "#fdae6b" }, "geometry": { "type": "Point", "coordinates": [ 3.8556419, 43.6201823 ] } },
{ "type": "Feature", "properties": { "index": "203", "@osmId": "node/12651896273", "name": null, "opening_hours": null, "label": "Marked parking spaces", "color": "#fdae6b" }, "geometry": { "type": "Point", "coordinates": [ 3.8614469, 43.6141235 ] } },
{ "type": "Feature", "properties": { "index": "204", "@osmId": "node/13114641659", "name": null, "opening_hours": null, "label": "Marked parking spaces", "color": "#fdae6b" }, "geometry": { "type": "Point", "coordinates": [ 3.8631035, 43.6099621 ] } },
{ "type": "Feature", "properties": { "index": "205", "@osmId": "node/13119210599", "name": null, "opening_hours": null, "label": "Marked parking spaces", "color": "#fdae6b" }, "geometry": { "type": "Point", "coordinates": [ 3.8627653, 43.6052757 ] } },
{ "type": "Feature", "properties": { "index": "206", "@osmId": "node/13119210600", "name": null, "opening_hours": null, "label": "Marked parking spaces", "color": "#fdae6b" }, "geometry": { "type": "Point", "coordinates": [ 3.8635326, 43.6048687 ] } },
{ "type": "Feature", "properties": { "index": "207", "@osmId": "node/13119218566", "name": null, "opening_hours": null, "label": "Marked parking spaces", "color": "#fdae6b" }, "geometry": { "type": "Point", "coordinates": [ 3.8648177, 43.6040271 ] } },
{ "type": "Feature", "properties": { "index": "208", "@osmId": "node/13238689813", "name": null, "opening_hours": null, "label": "Marked parking spaces", "color": "#fdae6b" }, "geometry": { "type": "Point", "coordinates": [ 3.8669403, 43.6113804 ] } },
{ "type": "Feature", "properties": { "index": "209", "@osmId": "node/13758790557", "name": null, "opening_hours": null, "label": "Marked parking spaces", "color": "#fdae6b" }, "geometry": { "type": "Point", "coordinates": [ 3.8667032, 43.6136419 ] } },
{ "type": "Feature", "properties": { "index": "210", "@osmId": "node/13818928204", "name": null, "opening_hours": null, "label": "Marked parking spaces", "color": "#fdae6b" }, "geometry": { "type": "Point", "coordinates": [ 3.8622941, 43.6225772 ] } },
{ "type": "Feature", "properties": { "index": "211", "@osmId": "node/2950814149", "name": null, "opening_hours": null, "label": "Marked parking spaces", "color": "#fdae6b" }, "geometry": { "type": "Point", "coordinates": [ 3.8833743, 43.6064752 ] } },
{ "type": "Feature", "properties": { "index": "212", "@osmId": "node/2950814170", "name": null, "opening_hours": null, "label": "Marked parking spaces", "color": "#fdae6b" }, "geometry": { "type": "Point", "coordinates": [ 3.8736369, 43.6085706 ] } },
{ "type": "Feature", "properties": { "index": "213", "@osmId": "node/3234360178", "name": null, "opening_hours": null, "label": "Marked parking spaces", "color": "#fdae6b" }, "geometry": { "type": "Point", "coordinates": [ 3.8781718, 43.601064 ] } },
{ "type": "Feature", "properties": { "index": "214", "@osmId": "node/3234484563", "name": null, "opening_hours": null, "label": "Marked parking spaces", "color": "#fdae6b" }, "geometry": { "type": "Point", "coordinates": [ 3.881368, 43.601935 ] } },
{ "type": "Feature", "properties": { "index": "215", "@osmId": "node/3234485362", "name": null, "opening_hours": null, "label": "Marked parking spaces", "color": "#fdae6b" }, "geometry": { "type": "Point", "coordinates": [ 3.881779, 43.601283 ] } },
{ "type": "Feature", "properties": { "index": "216", "@osmId": "node/3234504861", "name": null, "opening_hours": null, "label": "Marked parking spaces", "color": "#fdae6b" }, "geometry": { "type": "Point", "coordinates": [ 3.882962, 43.600979 ] } },
{ "type": "Feature", "properties": { "index": "217", "@osmId": "node/3234530463", "name": null, "opening_hours": null, "label": "Marked parking spaces", "color": "#fdae6b" }, "geometry": { "type": "Point", "coordinates": [ 3.87843, 43.60146 ] } },
{ "type": "Feature", "properties": { "index": "218", "@osmId": "node/3234729861", "name": null, "opening_hours": null, "label": "Marked parking spaces", "color": "#fdae6b" }, "geometry": { "type": "Point", "coordinates": [ 3.892731, 43.616681 ] } },
{ "type": "Feature", "properties": { "index": "219", "@osmId": "node/3234840202", "name": null, "opening_hours": null, "label": "Marked parking spaces", "color": "#fdae6b" }, "geometry": { "type": "Point", "coordinates": [ 3.882256, 43.601369 ] } },
{ "type": "Feature", "properties": { "index": "220", "@osmId": "node/3234937661", "name": null, "opening_hours": null, "label": "Marked parking spaces", "color": "#fdae6b" }, "geometry": { "type": "Point", "coordinates": [ 3.878332, 43.601871 ] } },
{ "type": "Feature", "properties": { "index": "221", "@osmId": "node/3234949761", "name": null, "opening_hours": null, "label": "Marked parking spaces", "color": "#fdae6b" }, "geometry": { "type": "Point", "coordinates": [ 3.876593, 43.617185 ] } },
{ "type": "Feature", "properties": { "index": "222", "@osmId": "node/3236012061", "name": null, "opening_hours": null, "label": "Marked parking spaces", "color": "#fdae6b" }, "geometry": { "type": "Point", "coordinates": [ 3.8711476, 43.6068911 ] } },
{ "type": "Feature", "properties": { "index": "223", "@osmId": "node/3472936172", "name": null, "opening_hours": null, "label": "Marked parking spaces", "color": "#fdae6b" }, "geometry": { "type": "Point", "coordinates": [ 3.8690964, 43.6087631 ] } },
{ "type": "Feature", "properties": { "index": "224", "@osmId": "node/3472946681", "name": null, "opening_hours": null, "label": "Marked parking spaces", "color": "#fdae6b" }, "geometry": { "type": "Point", "coordinates": [ 3.8699386, 43.6101597 ] } },
{ "type": "Feature", "properties": { "index": "225", "@osmId": "node/3779584819", "name": null, "opening_hours": null, "label": "Marked parking spaces", "color": "#fdae6b" }, "geometry": { "type": "Point", "coordinates": [ 3.8887644, 43.6046756 ] } },
{ "type": "Feature", "properties": { "index": "226", "@osmId": "node/3779584820", "name": null, "opening_hours": null, "label": "Marked parking spaces", "color": "#fdae6b" }, "geometry": { "type": "Point", "coordinates": [ 3.8887478, 43.6046982 ] } },
{ "type": "Feature", "properties": { "index": "227", "@osmId": "node/3779584821", "name": null, "opening_hours": null, "label": "Marked parking spaces", "color": "#fdae6b" }, "geometry": { "type": "Point", "coordinates": [ 3.8887322, 43.6047182 ] } },
{ "type": "Feature", "properties": { "index": "228", "@osmId": "node/3802479758", "name": null, "opening_hours": null, "label": "Marked parking spaces", "color": "#fdae6b" }, "geometry": { "type": "Point", "coordinates": [ 3.8958838, 43.6068297 ] } },
{ "type": "Feature", "properties": { "index": "229", "@osmId": "node/3802871039", "name": null, "opening_hours": null, "label": "Marked parking spaces", "color": "#fdae6b" }, "geometry": { "type": "Point", "coordinates": [ 3.896125, 43.6077588 ] } },
{ "type": "Feature", "properties": { "index": "230", "@osmId": "node/3802871771", "name": null, "opening_hours": null, "label": "Marked parking spaces", "color": "#fdae6b" }, "geometry": { "type": "Point", "coordinates": [ 3.8965337, 43.6067347 ] } },
{ "type": "Feature", "properties": { "index": "231", "@osmId": "node/3802871777", "name": null, "opening_hours": null, "label": "Marked parking spaces", "color": "#fdae6b" }, "geometry": { "type": "Point", "coordinates": [ 3.8958877, 43.6068568 ] } },
{ "type": "Feature", "properties": { "index": "232", "@osmId": "node/3927186418", "name": null, "opening_hours": null, "label": "Marked parking spaces", "color": "#fdae6b" }, "geometry": { "type": "Point", "coordinates": [ 3.9012986, 43.6024703 ] } },
{ "type": "Feature", "properties": { "index": "233", "@osmId": "node/4634404159", "name": null, "opening_hours": null, "label": "Marked parking spaces", "color": "#fdae6b" }, "geometry": { "type": "Point", "coordinates": [ 3.8986347, 43.622257 ] } },
{ "type": "Feature", "properties": { "index": "234", "@osmId": "node/4634404160", "name": null, "opening_hours": null, "label": "Marked parking spaces", "color": "#fdae6b" }, "geometry": { "type": "Point", "coordinates": [ 3.8986279, 43.6222269 ] } },
{ "type": "Feature", "properties": { "index": "235", "@osmId": "node/4634404172", "name": null, "opening_hours": null, "label": "Marked parking spaces", "color": "#fdae6b" }, "geometry": { "type": "Point", "coordinates": [ 3.8989423, 43.6231603 ] } },
{ "type": "Feature", "properties": { "index": "236", "@osmId": "node/4634404173", "name": null, "opening_hours": null, "label": "Marked parking spaces", "color": "#fdae6b" }, "geometry": { "type": "Point", "coordinates": [ 3.898935, 43.6231338 ] } },
{ "type": "Feature", "properties": { "index": "237", "@osmId": "node/4634404174", "name": null, "opening_hours": null, "label": "Marked parking spaces", "color": "#fdae6b" }, "geometry": { "type": "Point", "coordinates": [ 3.898817, 43.6227814 ] } },
{ "type": "Feature", "properties": { "index": "238", "@osmId": "node/4634404175", "name": null, "opening_hours": null, "label": "Marked parking spaces", "color": "#fdae6b" }, "geometry": { "type": "Point", "coordinates": [ 3.8987209, 43.6225038 ] } },
{ "type": "Feature", "properties": { "index": "239", "@osmId": "node/5804112653", "name": null, "opening_hours": null, "label": "Marked parking spaces", "color": "#fdae6b" }, "geometry": { "type": "Point", "coordinates": [ 3.8724441, 43.6218745 ] } },
{ "type": "Feature", "properties": { "index": "240", "@osmId": "node/5804112654", "name": null, "opening_hours": null, "label": "Marked parking spaces", "color": "#fdae6b" }, "geometry": { "type": "Point", "coordinates": [ 3.8724317, 43.6219354 ] } },
{ "type": "Feature", "properties": { "index": "241", "@osmId": "node/6271709767", "name": null, "opening_hours": null, "label": "Marked parking spaces", "color": "#fdae6b" }, "geometry": { "type": "Point", "coordinates": [ 3.8950523, 43.6094528 ] } },
{ "type": "Feature", "properties": { "index": "242", "@osmId": "node/6271709768", "name": null, "opening_hours": null, "label": "Marked parking spaces", "color": "#fdae6b" }, "geometry": { "type": "Point", "coordinates": [ 3.8950818, 43.6094698 ] } },
{ "type": "Feature", "properties": { "index": "243", "@osmId": "node/6271710339", "name": null, "opening_hours": null, "label": "Marked parking spaces", "color": "#fdae6b" }, "geometry": { "type": "Point", "coordinates": [ 3.895281, 43.612359 ] } },
{ "type": "Feature", "properties": { "index": "244", "@osmId": "node/6660704113", "name": null, "opening_hours": null, "label": "Marked parking spaces", "color": "#fdae6b" }, "geometry": { "type": "Point", "coordinates": [ 3.8696706, 43.6226108 ] } },
{ "type": "Feature", "properties": { "index": "245", "@osmId": "node/6878590477", "name": null, "opening_hours": null, "label": "Marked parking spaces", "color": "#fdae6b" }, "geometry": { "type": "Point", "coordinates": [ 3.8834628, 43.6092267 ] } },
{ "type": "Feature", "properties": { "index": "246", "@osmId": "node/6878590478", "name": null, "opening_hours": null, "label": "Marked parking spaces", "color": "#fdae6b" }, "geometry": { "type": "Point", "coordinates": [ 3.8834149, 43.6092137 ] } },
{ "type": "Feature", "properties": { "index": "247", "@osmId": "node/7306417010", "name": null, "opening_hours": null, "label": "Marked parking spaces", "color": "#fdae6b" }, "geometry": { "type": "Point", "coordinates": [ 3.9044635, 43.6249811 ] } },
{ "type": "Feature", "properties": { "index": "248", "@osmId": "node/8396484850", "name": null, "opening_hours": null, "label": "Marked parking spaces", "color": "#fdae6b" }, "geometry": { "type": "Point", "coordinates": [ 3.8939854, 43.6111205 ] } },
{ "type": "Feature", "properties": { "index": "249", "@osmId": "node/8699323513", "name": null, "opening_hours": null, "label": "Marked parking spaces", "color": "#fdae6b" }, "geometry": { "type": "Point", "coordinates": [ 3.8820379, 43.6067754 ] } },
{ "type": "Feature", "properties": { "index": "250", "@osmId": "node/8699323514", "name": null, "opening_hours": null, "label": "Marked parking spaces", "color": "#fdae6b" }, "geometry": { "type": "Point", "coordinates": [ 3.8825711, 43.6084982 ] } },
{ "type": "Feature", "properties": { "index": "251", "@osmId": "node/9396362105", "name": null, "opening_hours": null, "label": "Marked parking spaces", "color": "#fdae6b" }, "geometry": { "type": "Point", "coordinates": [ 3.9048323, 43.6247714 ] } },
{ "type": "Feature", "properties": { "index": "252", "@osmId": "node/9532004879", "name": null, "opening_hours": null, "label": "Marked parking spaces", "color": "#fdae6b" }, "geometry": { "type": "Point", "coordinates": [ 3.8993834, 43.6048679 ] } },
{ "type": "Feature", "properties": { "index": "253", "@osmId": "node/9532004880", "name": null, "opening_hours": null, "label": "Marked parking spaces", "color": "#fdae6b" }, "geometry": { "type": "Point", "coordinates": [ 3.899357, 43.6048991 ] } },
{ "type": "Feature", "properties": { "index": "254", "@osmId": "node/9532019048", "name": null, "opening_hours": null, "label": "Marked parking spaces", "color": "#fdae6b" }, "geometry": { "type": "Point", "coordinates": [ 3.8961243, 43.6077272 ] } },
{ "type": "Feature", "properties": { "index": "255", "@osmId": "node/9612595597", "name": null, "opening_hours": null, "label": "Marked parking spaces", "color": "#fdae6b" }, "geometry": { "type": "Point", "coordinates": [ 3.8871207, 43.6148031 ] } },
{ "type": "Feature", "properties": { "index": "256", "@osmId": "node/9647992855", "name": null, "opening_hours": null, "label": "Marked parking spaces", "color": "#fdae6b" }, "geometry": { "type": "Point", "coordinates": [ 3.884292, 43.6149902 ] } },
{ "type": "Feature", "properties": { "index": "257", "@osmId": "node/9648016544", "name": null, "opening_hours": null, "label": "Marked parking spaces", "color": "#fdae6b" }, "geometry": { "type": "Point", "coordinates": [ 3.8787608, 43.6091484 ] } },
{ "type": "Feature", "properties": { "index": "258", "@osmId": "node/9651180130", "name": null, "opening_hours": null, "label": "Marked parking spaces", "color": "#fdae6b" }, "geometry": { "type": "Point", "coordinates": [ 3.8677169, 43.6248568 ] } },
{ "type": "Feature", "properties": { "index": "259", "@osmId": "node/9651180131", "name": null, "opening_hours": null, "label": "Marked parking spaces", "color": "#fdae6b" }, "geometry": { "type": "Point", "coordinates": [ 3.8675339, 43.624048 ] } },
{ "type": "Feature", "properties": { "index": "260", "@osmId": "node/9651180132", "name": null, "opening_hours": null, "label": "Marked parking spaces", "color": "#fdae6b" }, "geometry": { "type": "Point", "coordinates": [ 3.8676521, 43.6237116 ] } },
{ "type": "Feature", "properties": { "index": "261", "@osmId": "node/9651349699", "name": null, "opening_hours": null, "label": "Marked parking spaces", "color": "#fdae6b" }, "geometry": { "type": "Point", "coordinates": [ 3.8676481, 43.6228565 ] } },
{ "type": "Feature", "properties": { "index": "262", "@osmId": "node/9651401514", "name": null, "opening_hours": null, "label": "Marked parking spaces", "color": "#fdae6b" }, "geometry": { "type": "Point", "coordinates": [ 3.8689282, 43.6239411 ] } },
{ "type": "Feature", "properties": { "index": "263", "@osmId": "node/9651412143", "name": null, "opening_hours": null, "label": "Marked parking spaces", "color": "#fdae6b" }, "geometry": { "type": "Point", "coordinates": [ 3.8706176, 43.6221271 ] } },
{ "type": "Feature", "properties": { "index": "264", "@osmId": "node/9651851862", "name": null, "opening_hours": null, "label": "Marked parking spaces", "color": "#fdae6b" }, "geometry": { "type": "Point", "coordinates": [ 3.8733589, 43.6232112 ] } },
{ "type": "Feature", "properties": { "index": "265", "@osmId": "node/9651916140", "name": null, "opening_hours": null, "label": "Marked parking spaces", "color": "#fdae6b" }, "geometry": { "type": "Point", "coordinates": [ 3.873971, 43.6214443 ] } },
{ "type": "Feature", "properties": { "index": "266", "@osmId": "node/9651959946", "name": null, "opening_hours": null, "label": "Marked parking spaces", "color": "#fdae6b" }, "geometry": { "type": "Point", "coordinates": [ 3.8774834, 43.6221584 ] } },
{ "type": "Feature", "properties": { "index": "267", "@osmId": "node/9657738885", "name": null, "opening_hours": null, "label": "Marked parking spaces", "color": "#fdae6b" }, "geometry": { "type": "Point", "coordinates": [ 3.8772037, 43.6170719 ] } },
{ "type": "Feature", "properties": { "index": "268", "@osmId": "node/9657740071", "name": null, "opening_hours": null, "label": "Marked parking spaces", "color": "#fdae6b" }, "geometry": { "type": "Point", "coordinates": [ 3.875686, 43.6186882 ] } },
{ "type": "Feature", "properties": { "index": "269", "@osmId": "node/9657774867", "name": null, "opening_hours": null, "label": "Marked parking spaces", "color": "#fdae6b" }, "geometry": { "type": "Point", "coordinates": [ 3.8762843, 43.6169459 ] } },
{ "type": "Feature", "properties": { "index": "270", "@osmId": "node/9657837351", "name": null, "opening_hours": null, "label": "Marked parking spaces", "color": "#fdae6b" }, "geometry": { "type": "Point", "coordinates": [ 3.8718032, 43.6172859 ] } },
{ "type": "Feature", "properties": { "index": "271", "@osmId": "node/9657853853", "name": null, "opening_hours": null, "label": "Marked parking spaces", "color": "#fdae6b" }, "geometry": { "type": "Point", "coordinates": [ 3.8740478, 43.6199306 ] } },
{ "type": "Feature", "properties": { "index": "272", "@osmId": "node/9657861539", "name": null, "opening_hours": null, "label": "Marked parking spaces", "color": "#fdae6b" }, "geometry": { "type": "Point", "coordinates": [ 3.8726726, 43.6170008 ] } },
{ "type": "Feature", "properties": { "index": "273", "@osmId": "node/9657863007", "name": null, "opening_hours": null, "label": "Marked parking spaces", "color": "#fdae6b" }, "geometry": { "type": "Point", "coordinates": [ 3.8741659, 43.617532 ] } },
{ "type": "Feature", "properties": { "index": "274", "@osmId": "node/9657864354", "name": null, "opening_hours": null, "label": "Marked parking spaces", "color": "#fdae6b" }, "geometry": { "type": "Point", "coordinates": [ 3.8722425, 43.6181351 ] } },
{ "type": "Feature", "properties": { "index": "275", "@osmId": "node/9657868395", "name": null, "opening_hours": null, "label": "Marked parking spaces", "color": "#fdae6b" }, "geometry": { "type": "Point", "coordinates": [ 3.8723571, 43.6196693 ] } },
{ "type": "Feature", "properties": { "index": "276", "@osmId": "node/9657870302", "name": null, "opening_hours": null, "label": "Marked parking spaces", "color": "#fdae6b" }, "geometry": { "type": "Point", "coordinates": [ 3.8737159, 43.6200379 ] } },
{ "type": "Feature", "properties": { "index": "277", "@osmId": "node/9657875169", "name": null, "opening_hours": null, "label": "Marked parking spaces", "color": "#fdae6b" }, "geometry": { "type": "Point", "coordinates": [ 3.874121, 43.6190801 ] } },
{ "type": "Feature", "properties": { "index": "278", "@osmId": "node/9657878849", "name": null, "opening_hours": null, "label": "Marked parking spaces", "color": "#fdae6b" }, "geometry": { "type": "Point", "coordinates": [ 3.8735034, 43.6188186 ] } },
{ "type": "Feature", "properties": { "index": "279", "@osmId": "node/9657880006", "name": null, "opening_hours": null, "label": "Marked parking spaces", "color": "#fdae6b" }, "geometry": { "type": "Point", "coordinates": [ 3.8736068, 43.619509 ] } },
{ "type": "Feature", "properties": { "index": "280", "@osmId": "node/9657880007", "name": null, "opening_hours": null, "label": "Marked parking spaces", "color": "#fdae6b" }, "geometry": { "type": "Point", "coordinates": [ 3.8737185, 43.6194117 ] } },
{ "type": "Feature", "properties": { "index": "281", "@osmId": "node/9657927231", "name": null, "opening_hours": null, "label": "Marked parking spaces", "color": "#fdae6b" }, "geometry": { "type": "Point", "coordinates": [ 3.8745561, 43.6197074 ] } },
{ "type": "Feature", "properties": { "index": "282", "@osmId": "node/9658706766", "name": null, "opening_hours": null, "label": "Marked parking spaces", "color": "#fdae6b" }, "geometry": { "type": "Point", "coordinates": [ 3.8773206, 43.6149703 ] } },
{ "type": "Feature", "properties": { "index": "283", "@osmId": "node/9658770139", "name": null, "opening_hours": null, "label": "Marked parking spaces", "color": "#fdae6b" }, "geometry": { "type": "Point", "coordinates": [ 3.8912889, 43.6071851 ] } },
{ "type": "Feature", "properties": { "index": "284", "@osmId": "node/9662433208", "name": null, "opening_hours": null, "label": "Marked parking spaces", "color": "#fdae6b" }, "geometry": { "type": "Point", "coordinates": [ 3.8743872, 43.6076902 ] } },
{ "type": "Feature", "properties": { "index": "285", "@osmId": "node/9662471826", "name": null, "opening_hours": null, "label": "Marked parking spaces", "color": "#fdae6b" }, "geometry": { "type": "Point", "coordinates": [ 3.8753054, 43.6074427 ] } },
{ "type": "Feature", "properties": { "index": "286", "@osmId": "node/9662475909", "name": null, "opening_hours": null, "label": "Marked parking spaces", "color": "#fdae6b" }, "geometry": { "type": "Point", "coordinates": [ 3.873931, 43.6093724 ] } },
{ "type": "Feature", "properties": { "index": "287", "@osmId": "node/9662506748", "name": null, "opening_hours": null, "label": "Marked parking spaces", "color": "#fdae6b" }, "geometry": { "type": "Point", "coordinates": [ 3.8734805, 43.6093978 ] } },
{ "type": "Feature", "properties": { "index": "288", "@osmId": "node/9679404657", "name": null, "opening_hours": null, "label": "Marked parking spaces", "color": "#fdae6b" }, "geometry": { "type": "Point", "coordinates": [ 3.8782915, 43.6050634 ] } },
{ "type": "Feature", "properties": { "index": "289", "@osmId": "node/9679404658", "name": null, "opening_hours": null, "label": "Marked parking spaces", "color": "#fdae6b" }, "geometry": { "type": "Point", "coordinates": [ 3.8780976, 43.6051652 ] } },
{ "type": "Feature", "properties": { "index": "290", "@osmId": "node/9679426723", "name": null, "opening_hours": null, "label": "Marked parking spaces", "color": "#fdae6b" }, "geometry": { "type": "Point", "coordinates": [ 3.8802548, 43.6065575 ] } },
{ "type": "Feature", "properties": { "index": "291", "@osmId": "node/9679446332", "name": null, "opening_hours": null, "label": "Marked parking spaces", "color": "#fdae6b" }, "geometry": { "type": "Point", "coordinates": [ 3.8816299, 43.6061207 ] } },
{ "type": "Feature", "properties": { "index": "292", "@osmId": "node/9679465222", "name": null, "opening_hours": null, "label": "Marked parking spaces", "color": "#fdae6b" }, "geometry": { "type": "Point", "coordinates": [ 3.8776722, 43.6049794 ] } },
{ "type": "Feature", "properties": { "index": "293", "@osmId": "node/9679478067", "name": null, "opening_hours": null, "label": "Marked parking spaces", "color": "#fdae6b" }, "geometry": { "type": "Point", "coordinates": [ 3.8782334, 43.6045072 ] } },
{ "type": "Feature", "properties": { "index": "294", "@osmId": "node/9679484667", "name": null, "opening_hours": null, "label": "Marked parking spaces", "color": "#fdae6b" }, "geometry": { "type": "Point", "coordinates": [ 3.8768051, 43.6043663 ] } },
{ "type": "Feature", "properties": { "index": "295", "@osmId": "node/9679496810", "name": null, "opening_hours": null, "label": "Marked parking spaces", "color": "#fdae6b" }, "geometry": { "type": "Point", "coordinates": [ 3.8769077, 43.6057584 ] } },
{ "type": "Feature", "properties": { "index": "296", "@osmId": "node/9679616059", "name": null, "opening_hours": null, "label": "Marked parking spaces", "color": "#fdae6b" }, "geometry": { "type": "Point", "coordinates": [ 3.8747909, 43.6042539 ] } },
{ "type": "Feature", "properties": { "index": "297", "@osmId": "node/9679616060", "name": null, "opening_hours": null, "label": "Marked parking spaces", "color": "#fdae6b" }, "geometry": { "type": "Point", "coordinates": [ 3.8747474, 43.6041046 ] } },
{ "type": "Feature", "properties": { "index": "298", "@osmId": "node/9679630004", "name": null, "opening_hours": null, "label": "Marked parking spaces", "color": "#fdae6b" }, "geometry": { "type": "Point", "coordinates": [ 3.8727826, 43.6037905 ] } },
{ "type": "Feature", "properties": { "index": "299", "@osmId": "node/9679630005", "name": null, "opening_hours": null, "label": "Marked parking spaces", "color": "#fdae6b" }, "geometry": { "type": "Point", "coordinates": [ 3.8728676, 43.603843 ] } },
{ "type": "Feature", "properties": { "index": "300", "@osmId": "node/9679630007", "name": null, "opening_hours": null, "label": "Marked parking spaces", "color": "#fdae6b" }, "geometry": { "type": "Point", "coordinates": [ 3.8734346, 43.6048587 ] } },
{ "type": "Feature", "properties": { "index": "301", "@osmId": "node/9679643347", "name": null, "opening_hours": null, "label": "Marked parking spaces", "color": "#fdae6b" }, "geometry": { "type": "Point", "coordinates": [ 3.8733433, 43.6034427 ] } },
{ "type": "Feature", "properties": { "index": "302", "@osmId": "node/9679686275", "name": null, "opening_hours": null, "label": "Marked parking spaces", "color": "#fdae6b" }, "geometry": { "type": "Point", "coordinates": [ 3.8743095, 43.6070291 ] } },
{ "type": "Feature", "properties": { "index": "303", "@osmId": "node/9679686276", "name": null, "opening_hours": null, "label": "Marked parking spaces", "color": "#fdae6b" }, "geometry": { "type": "Point", "coordinates": [ 3.8744386, 43.6069797 ] } },
{ "type": "Feature", "properties": { "index": "304", "@osmId": "node/9679696450", "name": null, "opening_hours": null, "label": "Marked parking spaces", "color": "#fdae6b" }, "geometry": { "type": "Point", "coordinates": [ 3.8736512, 43.605083 ] } },
{ "type": "Feature", "properties": { "index": "305", "@osmId": "node/9679706322", "name": null, "opening_hours": null, "label": "Marked parking spaces", "color": "#fdae6b" }, "geometry": { "type": "Point", "coordinates": [ 3.874665, 43.6031027 ] } },
{ "type": "Feature", "properties": { "index": "306", "@osmId": "node/9679712931", "name": null, "opening_hours": null, "label": "Marked parking spaces", "color": "#fdae6b" }, "geometry": { "type": "Point", "coordinates": [ 3.8736693, 43.6033628 ] } },
{ "type": "Feature", "properties": { "index": "307", "@osmId": "node/9697305079", "name": null, "opening_hours": null, "label": "Marked parking spaces", "color": "#fdae6b" }, "geometry": { "type": "Point", "coordinates": [ 3.8680156, 43.6025797 ] } },
{ "type": "Feature", "properties": { "index": "308", "@osmId": "node/9697335603", "name": null, "opening_hours": null, "label": "Marked parking spaces", "color": "#fdae6b" }, "geometry": { "type": "Point", "coordinates": [ 3.8699304, 43.6023693 ] } },
{ "type": "Feature", "properties": { "index": "309", "@osmId": "node/9697373812", "name": null, "opening_hours": null, "label": "Marked parking spaces", "color": "#fdae6b" }, "geometry": { "type": "Point", "coordinates": [ 3.871795, 43.6026512 ] } },
{ "type": "Feature", "properties": { "index": "310", "@osmId": "node/9697377366", "name": null, "opening_hours": null, "label": "Marked parking spaces", "color": "#fdae6b" }, "geometry": { "type": "Point", "coordinates": [ 3.8694194, 43.6022241 ] } },
{ "type": "Feature", "properties": { "index": "311", "@osmId": "node/9697386177", "name": null, "opening_hours": null, "label": "Marked parking spaces", "color": "#fdae6b" }, "geometry": { "type": "Point", "coordinates": [ 3.8689449, 43.6015725 ] } },
{ "type": "Feature", "properties": { "index": "312", "@osmId": "node/9697399946", "name": null, "opening_hours": null, "label": "Marked parking spaces", "color": "#fdae6b" }, "geometry": { "type": "Point", "coordinates": [ 3.8705933, 43.6030815 ] } },
{ "type": "Feature", "properties": { "index": "313", "@osmId": "node/9697402359", "name": null, "opening_hours": null, "label": "Marked parking spaces", "color": "#fdae6b" }, "geometry": { "type": "Point", "coordinates": [ 3.8692002, 43.6028536 ] } },
{ "type": "Feature", "properties": { "index": "314", "@osmId": "node/9697407535", "name": null, "opening_hours": null, "label": "Marked parking spaces", "color": "#fdae6b" }, "geometry": { "type": "Point", "coordinates": [ 3.8736759, 43.6018479 ] } },
{ "type": "Feature", "properties": { "index": "315", "@osmId": "node/9697419023", "name": null, "opening_hours": null, "label": "Marked parking spaces", "color": "#fdae6b" }, "geometry": { "type": "Point", "coordinates": [ 3.8713897, 43.6030122 ] } },
{ "type": "Feature", "properties": { "index": "316", "@osmId": "node/9697838049", "name": null, "opening_hours": null, "label": "Marked parking spaces", "color": "#fdae6b" }, "geometry": { "type": "Point", "coordinates": [ 3.8709724, 43.6041538 ] } },
{ "type": "Feature", "properties": { "index": "317", "@osmId": "node/9697851340", "name": null, "opening_hours": null, "label": "Marked parking spaces", "color": "#fdae6b" }, "geometry": { "type": "Point", "coordinates": [ 3.8710904, 43.6013817 ] } },
{ "type": "Feature", "properties": { "index": "318", "@osmId": "node/9717195454", "name": null, "opening_hours": null, "label": "Marked parking spaces", "color": "#fdae6b" }, "geometry": { "type": "Point", "coordinates": [ 3.8888362, 43.6075908 ] } },
{ "type": "Feature", "properties": { "index": "319", "@osmId": "node/9717203087", "name": null, "opening_hours": null, "label": "Marked parking spaces", "color": "#fdae6b" }, "geometry": { "type": "Point", "coordinates": [ 3.8884846, 43.607854 ] } },
{ "type": "Feature", "properties": { "index": "320", "@osmId": "node/9717215103", "name": null, "opening_hours": null, "label": "Marked parking spaces", "color": "#fdae6b" }, "geometry": { "type": "Point", "coordinates": [ 3.8866502, 43.6074121 ] } },
{ "type": "Feature", "properties": { "index": "321", "@osmId": "node/9717233605", "name": null, "opening_hours": null, "label": "Marked parking spaces", "color": "#fdae6b" }, "geometry": { "type": "Point", "coordinates": [ 3.8889769, 43.6070364 ] } },
{ "type": "Feature", "properties": { "index": "322", "@osmId": "node/9717234484", "name": null, "opening_hours": null, "label": "Marked parking spaces", "color": "#fdae6b" }, "geometry": { "type": "Point", "coordinates": [ 3.889597, 43.6070153 ] } },
{ "type": "Feature", "properties": { "index": "323", "@osmId": "node/9717237544", "name": null, "opening_hours": null, "label": "Marked parking spaces", "color": "#fdae6b" }, "geometry": { "type": "Point", "coordinates": [ 3.8907913, 43.6085557 ] } },
{ "type": "Feature", "properties": { "index": "324", "@osmId": "node/9717261555", "name": null, "opening_hours": null, "label": "Marked parking spaces", "color": "#fdae6b" }, "geometry": { "type": "Point", "coordinates": [ 3.8914932, 43.6087587 ] } },
{ "type": "Feature", "properties": { "index": "325", "@osmId": "node/9717261772", "name": null, "opening_hours": null, "label": "Marked parking spaces", "color": "#fdae6b" }, "geometry": { "type": "Point", "coordinates": [ 3.8912254, 43.6096035 ] } },
{ "type": "Feature", "properties": { "index": "326", "@osmId": "node/9717265230", "name": null, "opening_hours": null, "label": "Marked parking spaces", "color": "#fdae6b" }, "geometry": { "type": "Point", "coordinates": [ 3.8912991, 43.6101717 ] } },
{ "type": "Feature", "properties": { "index": "327", "@osmId": "node/9717307102", "name": null, "opening_hours": null, "label": "Marked parking spaces", "color": "#fdae6b" }, "geometry": { "type": "Point", "coordinates": [ 3.8926824, 43.6090684 ] } },
{ "type": "Feature", "properties": { "index": "328", "@osmId": "node/9717350998", "name": null, "opening_hours": null, "label": "Marked parking spaces", "color": "#fdae6b" }, "geometry": { "type": "Point", "coordinates": [ 3.8958241, 43.6077762 ] } },
{ "type": "Feature", "properties": { "index": "329", "@osmId": "node/9717354022", "name": null, "opening_hours": null, "label": "Marked parking spaces", "color": "#fdae6b" }, "geometry": { "type": "Point", "coordinates": [ 3.8943793, 43.6082476 ] } },
{ "type": "Feature", "properties": { "index": "330", "@osmId": "node/9717394461", "name": null, "opening_hours": null, "label": "Marked parking spaces", "color": "#fdae6b" }, "geometry": { "type": "Point", "coordinates": [ 3.8884795, 43.6101744 ] } },
{ "type": "Feature", "properties": { "index": "331", "@osmId": "node/9717412113", "name": null, "opening_hours": null, "label": "Marked parking spaces", "color": "#fdae6b" }, "geometry": { "type": "Point", "coordinates": [ 3.8964793, 43.6094044 ] } },
{ "type": "Feature", "properties": { "index": "332", "@osmId": "node/9717419408", "name": null, "opening_hours": null, "label": "Marked parking spaces", "color": "#fdae6b" }, "geometry": { "type": "Point", "coordinates": [ 3.8889747, 43.6092791 ] } },
{ "type": "Feature", "properties": { "index": "333", "@osmId": "node/9717419828", "name": null, "opening_hours": null, "label": "Marked parking spaces", "color": "#fdae6b" }, "geometry": { "type": "Point", "coordinates": [ 3.895803, 43.6096318 ] } },
{ "type": "Feature", "properties": { "index": "334", "@osmId": "node/9717464205", "name": null, "opening_hours": null, "label": "Marked parking spaces", "color": "#fdae6b" }, "geometry": { "type": "Point", "coordinates": [ 3.8889928, 43.6092196 ] } },
{ "type": "Feature", "properties": { "index": "335", "@osmId": "node/9721881616", "name": null, "opening_hours": null, "label": "Marked parking spaces", "color": "#fdae6b" }, "geometry": { "type": "Point", "coordinates": [ 3.8853138, 43.6129651 ] } },
{ "type": "Feature", "properties": { "index": "336", "@osmId": "node/9721901008", "name": null, "opening_hours": null, "label": "Marked parking spaces", "color": "#fdae6b" }, "geometry": { "type": "Point", "coordinates": [ 3.8860766, 43.6130602 ] } },
{ "type": "Feature", "properties": { "index": "337", "@osmId": "node/9726540185", "name": null, "opening_hours": null, "label": "Marked parking spaces", "color": "#fdae6b" }, "geometry": { "type": "Point", "coordinates": [ 3.8962238, 43.6108464 ] } },
{ "type": "Feature", "properties": { "index": "338", "@osmId": "node/9726550955", "name": null, "opening_hours": null, "label": "Marked parking spaces", "color": "#fdae6b" }, "geometry": { "type": "Point", "coordinates": [ 3.8948415, 43.6112992 ] } },
{ "type": "Feature", "properties": { "index": "339", "@osmId": "node/9726553593", "name": null, "opening_hours": null, "label": "Marked parking spaces", "color": "#fdae6b" }, "geometry": { "type": "Point", "coordinates": [ 3.8933858, 43.6125753 ] } },
{ "type": "Feature", "properties": { "index": "340", "@osmId": "node/9726559843", "name": null, "opening_hours": null, "label": "Marked parking spaces", "color": "#fdae6b" }, "geometry": { "type": "Point", "coordinates": [ 3.8918216, 43.6133849 ] } },
{ "type": "Feature", "properties": { "index": "341", "@osmId": "node/9726596819", "name": null, "opening_hours": null, "label": "Marked parking spaces", "color": "#fdae6b" }, "geometry": { "type": "Point", "coordinates": [ 3.887644, 43.615277 ] } },
{ "type": "Feature", "properties": { "index": "342", "@osmId": "node/9726606414", "name": null, "opening_hours": null, "label": "Marked parking spaces", "color": "#fdae6b" }, "geometry": { "type": "Point", "coordinates": [ 3.8858153, 43.6153656 ] } },
{ "type": "Feature", "properties": { "index": "343", "@osmId": "node/9726611167", "name": null, "opening_hours": null, "label": "Marked parking spaces", "color": "#fdae6b" }, "geometry": { "type": "Point", "coordinates": [ 3.8849236, 43.6147546 ] } },
{ "type": "Feature", "properties": { "index": "344", "@osmId": "node/9726613166", "name": null, "opening_hours": null, "label": "Marked parking spaces", "color": "#fdae6b" }, "geometry": { "type": "Point", "coordinates": [ 3.8849701, 43.6150496 ] } },
{ "type": "Feature", "properties": { "index": "345", "@osmId": "node/9726623311", "name": null, "opening_hours": null, "label": "Marked parking spaces", "color": "#fdae6b" }, "geometry": { "type": "Point", "coordinates": [ 3.8946027, 43.6209645 ] } },
{ "type": "Feature", "properties": { "index": "346", "@osmId": "node/9726742180", "name": null, "opening_hours": null, "label": "Marked parking spaces", "color": "#fdae6b" }, "geometry": { "type": "Point", "coordinates": [ 3.8919022, 43.6178687 ] } },
{ "type": "Feature", "properties": { "index": "347", "@osmId": "node/9726742181", "name": null, "opening_hours": null, "label": "Marked parking spaces", "color": "#fdae6b" }, "geometry": { "type": "Point", "coordinates": [ 3.8916606, 43.6179314 ] } },
{ "type": "Feature", "properties": { "index": "348", "@osmId": "node/9726785291", "name": null, "opening_hours": null, "label": "Marked parking spaces", "color": "#fdae6b" }, "geometry": { "type": "Point", "coordinates": [ 3.889878, 43.6175472 ] } },
{ "type": "Feature", "properties": { "index": "349", "@osmId": "node/9726791289", "name": null, "opening_hours": null, "label": "Marked parking spaces", "color": "#fdae6b" }, "geometry": { "type": "Point", "coordinates": [ 3.8924971, 43.6177472 ] } },
{ "type": "Feature", "properties": { "index": "350", "@osmId": "node/9726821230", "name": null, "opening_hours": null, "label": "Marked parking spaces", "color": "#fdae6b" }, "geometry": { "type": "Point", "coordinates": [ 3.8914473, 43.6181493 ] } },
{ "type": "Feature", "properties": { "index": "351", "@osmId": "node/9726821328", "name": null, "opening_hours": null, "label": "Marked parking spaces", "color": "#fdae6b" }, "geometry": { "type": "Point", "coordinates": [ 3.8879754, 43.616585 ] } },
{ "type": "Feature", "properties": { "index": "352", "@osmId": "node/9726823134", "name": null, "opening_hours": null, "label": "Marked parking spaces", "color": "#fdae6b" }, "geometry": { "type": "Point", "coordinates": [ 3.8899002, 43.6169666 ] } },
{ "type": "Feature", "properties": { "index": "353", "@osmId": "node/9726840129", "name": null, "opening_hours": null, "label": "Marked parking spaces", "color": "#fdae6b" }, "geometry": { "type": "Point", "coordinates": [ 3.8900272, 43.6177823 ] } },
{ "type": "Feature", "properties": { "index": "354", "@osmId": "node/9726840706", "name": null, "opening_hours": null, "label": "Marked parking spaces", "color": "#fdae6b" }, "geometry": { "type": "Point", "coordinates": [ 3.8864517, 43.6172481 ] } },
{ "type": "Feature", "properties": { "index": "355", "@osmId": "node/9726844109", "name": null, "opening_hours": null, "label": "Marked parking spaces", "color": "#fdae6b" }, "geometry": { "type": "Point", "coordinates": [ 3.8809449, 43.6147153 ] } },
{ "type": "Feature", "properties": { "index": "356", "@osmId": "node/9726854546", "name": null, "opening_hours": null, "label": "Marked parking spaces", "color": "#fdae6b" }, "geometry": { "type": "Point", "coordinates": [ 3.8797497, 43.6147019 ] } },
{ "type": "Feature", "properties": { "index": "357", "@osmId": "node/9726859822", "name": null, "opening_hours": null, "label": "Marked parking spaces", "color": "#fdae6b" }, "geometry": { "type": "Point", "coordinates": [ 3.8779959, 43.615158 ] } },
{ "type": "Feature", "properties": { "index": "358", "@osmId": "node/9729479216", "name": null, "opening_hours": null, "label": "Marked parking spaces", "color": "#fdae6b" }, "geometry": { "type": "Point", "coordinates": [ 3.8938093, 43.620915 ] } },
{ "type": "Feature", "properties": { "index": "359", "@osmId": "node/9729578629", "name": null, "opening_hours": null, "label": "Marked parking spaces", "color": "#fdae6b" }, "geometry": { "type": "Point", "coordinates": [ 3.8803745, 43.6160055 ] } },
{ "type": "Feature", "properties": { "index": "360", "@osmId": "node/9729583437", "name": null, "opening_hours": null, "label": "Marked parking spaces", "color": "#fdae6b" }, "geometry": { "type": "Point", "coordinates": [ 3.8933785, 43.6213135 ] } },
{ "type": "Feature", "properties": { "index": "361", "@osmId": "node/9729660562", "name": null, "opening_hours": null, "label": "Marked parking spaces", "color": "#fdae6b" }, "geometry": { "type": "Point", "coordinates": [ 3.8804021, 43.6150401 ] } },
{ "type": "Feature", "properties": { "index": "362", "@osmId": "node/9729660563", "name": null, "opening_hours": null, "label": "Marked parking spaces", "color": "#fdae6b" }, "geometry": { "type": "Point", "coordinates": [ 3.8808195, 43.6154746 ] } },
{ "type": "Feature", "properties": { "index": "363", "@osmId": "node/9729663699", "name": null, "opening_hours": null, "label": "Marked parking spaces", "color": "#fdae6b" }, "geometry": { "type": "Point", "coordinates": [ 3.8802592, 43.6166266 ] } },
{ "type": "Feature", "properties": { "index": "364", "@osmId": "node/9729673944", "name": null, "opening_hours": null, "label": "Marked parking spaces", "color": "#fdae6b" }, "geometry": { "type": "Point", "coordinates": [ 3.8812224, 43.6171228 ] } },
{ "type": "Feature", "properties": { "index": "365", "@osmId": "node/9730224460", "name": null, "opening_hours": null, "label": "Marked parking spaces", "color": "#fdae6b" }, "geometry": { "type": "Point", "coordinates": [ 3.8823748, 43.6172652 ] } },
{ "type": "Feature", "properties": { "index": "366", "@osmId": "node/9730231356", "name": null, "opening_hours": null, "label": "Marked parking spaces", "color": "#fdae6b" }, "geometry": { "type": "Point", "coordinates": [ 3.881546, 43.6173156 ] } },
{ "type": "Feature", "properties": { "index": "367", "@osmId": "node/9730240016", "name": null, "opening_hours": null, "label": "Marked parking spaces", "color": "#fdae6b" }, "geometry": { "type": "Point", "coordinates": [ 3.8841691, 43.616314 ] } },
{ "type": "Feature", "properties": { "index": "368", "@osmId": "node/9730241885", "name": null, "opening_hours": null, "label": "Marked parking spaces", "color": "#fdae6b" }, "geometry": { "type": "Point", "coordinates": [ 3.8848481, 43.6169067 ] } },
{ "type": "Feature", "properties": { "index": "369", "@osmId": "node/9730255115", "name": null, "opening_hours": null, "label": "Marked parking spaces", "color": "#fdae6b" }, "geometry": { "type": "Point", "coordinates": [ 3.8822569, 43.6179736 ] } },
{ "type": "Feature", "properties": { "index": "370", "@osmId": "node/9730263010", "name": null, "opening_hours": null, "label": "Marked parking spaces", "color": "#fdae6b" }, "geometry": { "type": "Point", "coordinates": [ 3.8821095, 43.6178018 ] } },
{ "type": "Feature", "properties": { "index": "371", "@osmId": "node/9730263701", "name": null, "opening_hours": null, "label": "Marked parking spaces", "color": "#fdae6b" }, "geometry": { "type": "Point", "coordinates": [ 3.8834496, 43.6170853 ] } },
{ "type": "Feature", "properties": { "index": "372", "@osmId": "node/9730265357", "name": null, "opening_hours": null, "label": "Marked parking spaces", "color": "#fdae6b" }, "geometry": { "type": "Point", "coordinates": [ 3.8856398, 43.6163936 ] } },
{ "type": "Feature", "properties": { "index": "373", "@osmId": "node/9730267565", "name": null, "opening_hours": null, "label": "Marked parking spaces", "color": "#fdae6b" }, "geometry": { "type": "Point", "coordinates": [ 3.8914555, 43.6143005 ] } },
{ "type": "Feature", "properties": { "index": "374", "@osmId": "node/9730300507", "name": null, "opening_hours": null, "label": "Marked parking spaces", "color": "#fdae6b" }, "geometry": { "type": "Point", "coordinates": [ 3.8806592, 43.6181261 ] } },
{ "type": "Feature", "properties": { "index": "375", "@osmId": "node/9730301524", "name": null, "opening_hours": null, "label": "Marked parking spaces", "color": "#fdae6b" }, "geometry": { "type": "Point", "coordinates": [ 3.8836711, 43.6196267 ] } },
{ "type": "Feature", "properties": { "index": "376", "@osmId": "node/9730306254", "name": null, "opening_hours": null, "label": "Marked parking spaces", "color": "#fdae6b" }, "geometry": { "type": "Point", "coordinates": [ 3.883681, 43.6223728 ] } },
{ "type": "Feature", "properties": { "index": "377", "@osmId": "node/9730309383", "name": null, "opening_hours": null, "label": "Marked parking spaces", "color": "#fdae6b" }, "geometry": { "type": "Point", "coordinates": [ 3.8829565, 43.6197778 ] } },
{ "type": "Feature", "properties": { "index": "378", "@osmId": "node/9730329739", "name": null, "opening_hours": null, "label": "Marked parking spaces", "color": "#fdae6b" }, "geometry": { "type": "Point", "coordinates": [ 3.8857357, 43.6216485 ] } },
{ "type": "Feature", "properties": { "index": "379", "@osmId": "node/9730329814", "name": null, "opening_hours": null, "label": "Marked parking spaces", "color": "#fdae6b" }, "geometry": { "type": "Point", "coordinates": [ 3.8845662, 43.6226056 ] } },
{ "type": "Feature", "properties": { "index": "380", "@osmId": "node/9737559631", "name": null, "opening_hours": null, "label": "Marked parking spaces", "color": "#fdae6b" }, "geometry": { "type": "Point", "coordinates": [ 3.8689998, 43.6105283 ] } },
{ "type": "Feature", "properties": { "index": "381", "@osmId": "node/9737561567", "name": null, "opening_hours": null, "label": "Marked parking spaces", "color": "#fdae6b" }, "geometry": { "type": "Point", "coordinates": [ 3.8714401, 43.6101725 ] } },
{ "type": "Feature", "properties": { "index": "382", "@osmId": "node/9737572864", "name": null, "opening_hours": null, "label": "Marked parking spaces", "color": "#fdae6b" }, "geometry": { "type": "Point", "coordinates": [ 3.8709455, 43.6105021 ] } },
{ "type": "Feature", "properties": { "index": "383", "@osmId": "node/9737614655", "name": null, "opening_hours": null, "label": "Marked parking spaces", "color": "#fdae6b" }, "geometry": { "type": "Point", "coordinates": [ 3.8690627, 43.6086939 ] } },
{ "type": "Feature", "properties": { "index": "384", "@osmId": "node/9737635192", "name": null, "opening_hours": null, "label": "Marked parking spaces", "color": "#fdae6b" }, "geometry": { "type": "Point", "coordinates": [ 3.870508, 43.6090742 ] } },
{ "type": "Feature", "properties": { "index": "385", "@osmId": "node/9737653514", "name": null, "opening_hours": null, "label": "Marked parking spaces", "color": "#fdae6b" }, "geometry": { "type": "Point", "coordinates": [ 3.8718258, 43.6124484 ] } },
{ "type": "Feature", "properties": { "index": "386", "@osmId": "node/9737676949", "name": null, "opening_hours": null, "label": "Marked parking spaces", "color": "#fdae6b" }, "geometry": { "type": "Point", "coordinates": [ 3.8689122, 43.6127744 ] } },
{ "type": "Feature", "properties": { "index": "387", "@osmId": "node/9737682598", "name": null, "opening_hours": null, "label": "Marked parking spaces", "color": "#fdae6b" }, "geometry": { "type": "Point", "coordinates": [ 3.8695665, 43.6129857 ] } },
{ "type": "Feature", "properties": { "index": "388", "@osmId": "node/9737684938", "name": null, "opening_hours": null, "label": "Marked parking spaces", "color": "#fdae6b" }, "geometry": { "type": "Point", "coordinates": [ 3.8694192, 43.6146347 ] } },
{ "type": "Feature", "properties": { "index": "389", "@osmId": "node/9737691668", "name": null, "opening_hours": null, "label": "Marked parking spaces", "color": "#fdae6b" }, "geometry": { "type": "Point", "coordinates": [ 3.869448, 43.6164754 ] } },
{ "type": "Feature", "properties": { "index": "390", "@osmId": "node/9737704989", "name": null, "opening_hours": null, "label": "Marked parking spaces", "color": "#fdae6b" }, "geometry": { "type": "Point", "coordinates": [ 3.86801, 43.6168786 ] } },
{ "type": "Feature", "properties": { "index": "391", "@osmId": "node/9737705432", "name": null, "opening_hours": null, "label": "Marked parking spaces", "color": "#fdae6b" }, "geometry": { "type": "Point", "coordinates": [ 3.8683268, 43.614632 ] } },
{ "type": "Feature", "properties": { "index": "392", "@osmId": "node/9741572578", "name": null, "opening_hours": null, "label": "Marked parking spaces", "color": "#fdae6b" }, "geometry": { "type": "Point", "coordinates": [ 3.8699675, 43.6101673 ] } },
{ "type": "Feature", "properties": { "index": "393", "@osmId": "node/9741601253", "name": null, "opening_hours": null, "label": "Marked parking spaces", "color": "#fdae6b" }, "geometry": { "type": "Point", "coordinates": [ 3.8725344, 43.6127005 ] } },
{ "type": "Feature", "properties": { "index": "394", "@osmId": "node/9741623119", "name": null, "opening_hours": null, "label": "Marked parking spaces", "color": "#fdae6b" }, "geometry": { "type": "Point", "coordinates": [ 3.8739643, 43.6153592 ] } },
{ "type": "Feature", "properties": { "index": "395", "@osmId": "node/9743404081", "name": null, "opening_hours": null, "label": "Marked parking spaces", "color": "#fdae6b" }, "geometry": { "type": "Point", "coordinates": [ 3.8675692, 43.6034908 ] } },
{ "type": "Feature", "properties": { "index": "396", "@osmId": "node/9743408871", "name": null, "opening_hours": null, "label": "Marked parking spaces", "color": "#fdae6b" }, "geometry": { "type": "Point", "coordinates": [ 3.867852, 43.6025836 ] } },
{ "type": "Feature", "properties": { "index": "397", "@osmId": "node/9743409114", "name": null, "opening_hours": null, "label": "Marked parking spaces", "color": "#fdae6b" }, "geometry": { "type": "Point", "coordinates": [ 3.8672581, 43.6031606 ] } },
{ "type": "Feature", "properties": { "index": "398", "@osmId": "node/9743443122", "name": null, "opening_hours": null, "label": "Marked parking spaces", "color": "#fdae6b" }, "geometry": { "type": "Point", "coordinates": [ 3.8672996, 43.6048413 ] } },
{ "type": "Feature", "properties": { "index": "399", "@osmId": "node/9745014504", "name": null, "opening_hours": null, "label": "Marked parking spaces", "color": "#fdae6b" }, "geometry": { "type": "Point", "coordinates": [ 3.8719179, 43.6064442 ] } },
{ "type": "Feature", "properties": { "index": "400", "@osmId": "node/9745046839", "name": null, "opening_hours": null, "label": "Marked parking spaces", "color": "#fdae6b" }, "geometry": { "type": "Point", "coordinates": [ 3.8718894, 43.6080893 ] } },
{ "type": "Feature", "properties": { "index": "401", "@osmId": "node/9748067999", "name": null, "opening_hours": null, "label": "Marked parking spaces", "color": "#fdae6b" }, "geometry": { "type": "Point", "coordinates": [ 3.8682327, 43.6050977 ] } },
{ "type": "Feature", "properties": { "index": "402", "@osmId": "node/9748072855", "name": null, "opening_hours": null, "label": "Marked parking spaces", "color": "#fdae6b" }, "geometry": { "type": "Point", "coordinates": [ 3.8679239, 43.607197 ] } },
{ "type": "Feature", "properties": { "index": "403", "@osmId": "node/9748078386", "name": null, "opening_hours": null, "label": "Marked parking spaces", "color": "#fdae6b" }, "geometry": { "type": "Point", "coordinates": [ 3.8693393, 43.6055327 ] } },
{ "type": "Feature", "properties": { "index": "404", "@osmId": "node/9748083857", "name": null, "opening_hours": null, "label": "Marked parking spaces", "color": "#fdae6b" }, "geometry": { "type": "Point", "coordinates": [ 3.8684574, 43.6073456 ] } },
{ "type": "Feature", "properties": { "index": "405", "@osmId": "node/9748091633", "name": null, "opening_hours": null, "label": "Marked parking spaces", "color": "#fdae6b" }, "geometry": { "type": "Point", "coordinates": [ 3.8695383, 43.6052242 ] } },
{ "type": "Feature", "properties": { "index": "406", "@osmId": "node/9748093897", "name": null, "opening_hours": null, "label": "Marked parking spaces", "color": "#fdae6b" }, "geometry": { "type": "Point", "coordinates": [ 3.8708484, 43.6059583 ] } },
{ "type": "Feature", "properties": { "index": "407", "@osmId": "node/9748098341", "name": null, "opening_hours": null, "label": "Marked parking spaces", "color": "#fdae6b" }, "geometry": { "type": "Point", "coordinates": [ 3.8686994, 43.6064713 ] } },
{ "type": "Feature", "properties": { "index": "408", "@osmId": "node/9748103378", "name": null, "opening_hours": null, "label": "Marked parking spaces", "color": "#fdae6b" }, "geometry": { "type": "Point", "coordinates": [ 3.8703451, 43.6052099 ] } },
{ "type": "Feature", "properties": { "index": "409", "@osmId": "node/9808899085", "name": null, "opening_hours": null, "label": "Marked parking spaces", "color": "#fdae6b" }, "geometry": { "type": "Point", "coordinates": [ 3.8693659, 43.6005707 ] } },
{ "type": "Feature", "properties": { "index": "410", "@osmId": "node/9871818143", "name": null, "opening_hours": null, "label": "Marked parking spaces", "color": "#fdae6b" }, "geometry": { "type": "Point", "coordinates": [ 3.8750387, 43.6042607 ] } },
{ "type": "Feature", "properties": { "index": "411", "@osmId": "node/9875607316", "name": null, "opening_hours": null, "label": "Marked parking spaces", "color": "#fdae6b" }, "geometry": { "type": "Point", "coordinates": [ 3.8674719, 43.6004889 ] } },
{ "type": "Feature", "properties": { "index": "412", "@osmId": "node/9935489188", "name": null, "opening_hours": null, "label": "Marked parking spaces", "color": "#fdae6b" }, "geometry": { "type": "Point", "coordinates": [ 3.8730428, 43.6148598 ] } },
{ "type": "Feature", "properties": { "index": "413", "@osmId": "node/9935489189", "name": null, "opening_hours": null, "label": "Marked parking spaces", "color": "#fdae6b" }, "geometry": { "type": "Point", "coordinates": [ 3.8730884, 43.615052 ] } },
{ "type": "Feature", "properties": { "index": "414", "@osmId": "node/9935489190", "name": null, "opening_hours": null, "label": "Marked parking spaces", "color": "#fdae6b" }, "geometry": { "type": "Point", "coordinates": [ 3.8733445, 43.6148471 ] } },
{ "type": "Feature", "properties": { "index": "415", "@osmId": "node/9952602268", "name": null, "opening_hours": null, "label": "Marked parking spaces", "color": "#fdae6b" }, "geometry": { "type": "Point", "coordinates": [ 3.8845199, 43.604223 ] } },
{ "type": "Feature", "properties": { "index": "416", "@osmId": "node/9952602269", "name": null, "opening_hours": null, "label": "Marked parking spaces", "color": "#fdae6b" }, "geometry": { "type": "Point", "coordinates": [ 3.8844703, 43.6042255 ] } },
{ "type": "Feature", "properties": { "index": "417", "@osmId": "node/9952602270", "name": null, "opening_hours": null, "label": "Marked parking spaces", "color": "#fdae6b" }, "geometry": { "type": "Point", "coordinates": [ 3.8844046, 43.6041837 ] } },
{ "type": "Feature", "properties": { "index": "418", "@osmId": "node/9952602271", "name": null, "opening_hours": null, "label": "Marked parking spaces", "color": "#fdae6b" }, "geometry": { "type": "Point", "coordinates": [ 3.8841511, 43.6042114 ] } },
{ "type": "Feature", "properties": { "index": "419", "@osmId": "node/9952602285", "name": null, "opening_hours": null, "label": "Marked parking spaces", "color": "#fdae6b" }, "geometry": { "type": "Point", "coordinates": [ 3.8851355, 43.6042677 ] } },
{ "type": "Feature", "properties": { "index": "420", "@osmId": "node/9952602286", "name": null, "opening_hours": null, "label": "Marked parking spaces", "color": "#fdae6b" }, "geometry": { "type": "Point", "coordinates": [ 3.8851288, 43.6042376 ] } },
{ "type": "Feature", "properties": { "index": "421", "@osmId": "node/9952602287", "name": null, "opening_hours": null, "label": "Marked parking spaces", "color": "#fdae6b" }, "geometry": { "type": "Point", "coordinates": [ 3.8851248, 43.6042055 ] } },
{ "type": "Feature", "properties": { "index": "422", "@osmId": "node/9953044381", "name": null, "opening_hours": null, "label": "Marked parking spaces", "color": "#fdae6b" }, "geometry": { "type": "Point", "coordinates": [ 3.8680512, 43.6195823 ] } },
{ "type": "Feature", "properties": { "index": "423", "@osmId": "node/10039783866", "name": null, "opening_hours": null, "label": "Marked parking spaces", "color": "#fdae6b" }, "geometry": { "type": "Point", "coordinates": [ 3.8691199, 43.6002959 ] } },
{ "type": "Feature", "properties": { "index": "424", "@osmId": "node/10058164240", "name": null, "opening_hours": null, "label": "Marked parking spaces", "color": "#fdae6b" }, "geometry": { "type": "Point", "coordinates": [ 3.8871149, 43.6101249 ] } },
{ "type": "Feature", "properties": { "index": "425", "@osmId": "node/10621329913", "name": null, "opening_hours": null, "label": "Marked parking spaces", "color": "#fdae6b" }, "geometry": { "type": "Point", "coordinates": [ 3.8788372, 43.6164028 ] } },
{ "type": "Feature", "properties": { "index": "426", "@osmId": "node/10621691405", "name": null, "opening_hours": null, "label": "Marked parking spaces", "color": "#fdae6b" }, "geometry": { "type": "Point", "coordinates": [ 3.880802, 43.6029763 ] } },
{ "type": "Feature", "properties": { "index": "427", "@osmId": "node/10621691406", "name": null, "opening_hours": null, "label": "Marked parking spaces", "color": "#fdae6b" }, "geometry": { "type": "Point", "coordinates": [ 3.8827395, 43.6032252 ] } },
{ "type": "Feature", "properties": { "index": "428", "@osmId": "node/10654221105", "name": null, "opening_hours": null, "label": "Marked parking spaces", "color": "#fdae6b" }, "geometry": { "type": "Point", "coordinates": [ 3.8828539, 43.6029734 ] } },
{ "type": "Feature", "properties": { "index": "429", "@osmId": "node/10852735386", "name": null, "opening_hours": null, "label": "Marked parking spaces", "color": "#fdae6b" }, "geometry": { "type": "Point", "coordinates": [ 3.8923177, 43.6014795 ] } },
{ "type": "Feature", "properties": { "index": "430", "@osmId": "node/11029990106", "name": null, "opening_hours": null, "label": "Marked parking spaces", "color": "#fdae6b" }, "geometry": { "type": "Point", "coordinates": [ 3.8873416, 43.6154282 ] } },
{ "type": "Feature", "properties": { "index": "431", "@osmId": "node/11039893516", "name": null, "opening_hours": null, "label": "Marked parking spaces", "color": "#fdae6b" }, "geometry": { "type": "Point", "coordinates": [ 3.8720798, 43.6249461 ] } },
{ "type": "Feature", "properties": { "index": "432", "@osmId": "node/11268973174", "name": null, "opening_hours": null, "label": "Marked parking spaces", "color": "#fdae6b" }, "geometry": { "type": "Point", "coordinates": [ 3.8971888, 43.6166133 ] } },
{ "type": "Feature", "properties": { "index": "433", "@osmId": "node/11268973175", "name": null, "opening_hours": null, "label": "Marked parking spaces", "color": "#fdae6b" }, "geometry": { "type": "Point", "coordinates": [ 3.8995978, 43.618391 ] } },
{ "type": "Feature", "properties": { "index": "434", "@osmId": "node/11268973176", "name": null, "opening_hours": null, "label": "Marked parking spaces", "color": "#fdae6b" }, "geometry": { "type": "Point", "coordinates": [ 3.9011474, 43.6188131 ] } },
{ "type": "Feature", "properties": { "index": "435", "@osmId": "node/11268973177", "name": null, "opening_hours": null, "label": "Marked parking spaces", "color": "#fdae6b" }, "geometry": { "type": "Point", "coordinates": [ 3.9002535, 43.6190623 ] } },
{ "type": "Feature", "properties": { "index": "436", "@osmId": "node/11268973178", "name": null, "opening_hours": null, "label": "Marked parking spaces", "color": "#fdae6b" }, "geometry": { "type": "Point", "coordinates": [ 3.9013955, 43.6181814 ] } },
{ "type": "Feature", "properties": { "index": "437", "@osmId": "node/11268986846", "name": null, "opening_hours": null, "label": "Marked parking spaces", "color": "#fdae6b" }, "geometry": { "type": "Point", "coordinates": [ 3.9020419, 43.6194578 ] } },
{ "type": "Feature", "properties": { "index": "438", "@osmId": "node/11268986847", "name": null, "opening_hours": null, "label": "Marked parking spaces", "color": "#fdae6b" }, "geometry": { "type": "Point", "coordinates": [ 3.9028586, 43.6195763 ] } },
{ "type": "Feature", "properties": { "index": "439", "@osmId": "node/11268986848", "name": null, "opening_hours": null, "label": "Marked parking spaces", "color": "#fdae6b" }, "geometry": { "type": "Point", "coordinates": [ 3.9027442, 43.6195756 ] } },
{ "type": "Feature", "properties": { "index": "440", "@osmId": "node/11269065120", "name": null, "opening_hours": null, "label": "Marked parking spaces", "color": "#fdae6b" }, "geometry": { "type": "Point", "coordinates": [ 3.9037722, 43.6106157 ] } },
{ "type": "Feature", "properties": { "index": "441", "@osmId": "node/11269065121", "name": null, "opening_hours": null, "label": "Marked parking spaces", "color": "#fdae6b" }, "geometry": { "type": "Point", "coordinates": [ 3.9034869, 43.6114497 ] } },
{ "type": "Feature", "properties": { "index": "442", "@osmId": "node/11269065122", "name": null, "opening_hours": null, "label": "Marked parking spaces", "color": "#fdae6b" }, "geometry": { "type": "Point", "coordinates": [ 3.9030115, 43.6113058 ] } },
{ "type": "Feature", "properties": { "index": "443", "@osmId": "node/11269070722", "name": null, "opening_hours": null, "label": "Marked parking spaces", "color": "#fdae6b" }, "geometry": { "type": "Point", "coordinates": [ 3.9005378, 43.610421 ] } },
{ "type": "Feature", "properties": { "index": "444", "@osmId": "node/11269070723", "name": null, "opening_hours": null, "label": "Marked parking spaces", "color": "#fdae6b" }, "geometry": { "type": "Point", "coordinates": [ 3.9009632, 43.6107419 ] } },
{ "type": "Feature", "properties": { "index": "445", "@osmId": "node/11269082866", "name": null, "opening_hours": null, "label": "Marked parking spaces", "color": "#fdae6b" }, "geometry": { "type": "Point", "coordinates": [ 3.9035303, 43.608341 ] } },
{ "type": "Feature", "properties": { "index": "446", "@osmId": "node/11269082867", "name": null, "opening_hours": null, "label": "Marked parking spaces", "color": "#fdae6b" }, "geometry": { "type": "Point", "coordinates": [ 3.9037517, 43.6078085 ] } },
{ "type": "Feature", "properties": { "index": "447", "@osmId": "node/11269082868", "name": null, "opening_hours": null, "label": "Marked parking spaces", "color": "#fdae6b" }, "geometry": { "type": "Point", "coordinates": [ 3.903578, 43.6076298 ] } },
{ "type": "Feature", "properties": { "index": "448", "@osmId": "node/11269091483", "name": null, "opening_hours": null, "label": "Marked parking spaces", "color": "#fdae6b" }, "geometry": { "type": "Point", "coordinates": [ 3.8984774, 43.6106546 ] } },
{ "type": "Feature", "properties": { "index": "449", "@osmId": "node/11269113679", "name": null, "opening_hours": null, "label": "Marked parking spaces", "color": "#fdae6b" }, "geometry": { "type": "Point", "coordinates": [ 3.9008899, 43.6086482 ] } },
{ "type": "Feature", "properties": { "index": "450", "@osmId": "node/11269113680", "name": null, "opening_hours": null, "label": "Marked parking spaces", "color": "#fdae6b" }, "geometry": { "type": "Point", "coordinates": [ 3.900846, 43.6079625 ] } },
{ "type": "Feature", "properties": { "index": "451", "@osmId": "node/11269113681", "name": null, "opening_hours": null, "label": "Marked parking spaces", "color": "#fdae6b" }, "geometry": { "type": "Point", "coordinates": [ 3.9002769, 43.6068504 ] } },
{ "type": "Feature", "properties": { "index": "452", "@osmId": "node/11269113682", "name": null, "opening_hours": null, "label": "Marked parking spaces", "color": "#fdae6b" }, "geometry": { "type": "Point", "coordinates": [ 3.8989811, 43.6068928 ] } },
{ "type": "Feature", "properties": { "index": "453", "@osmId": "node/11269113683", "name": null, "opening_hours": null, "label": "Marked parking spaces", "color": "#fdae6b" }, "geometry": { "type": "Point", "coordinates": [ 3.8994384, 43.6068172 ] } },
{ "type": "Feature", "properties": { "index": "454", "@osmId": "node/11269113684", "name": null, "opening_hours": null, "label": "Marked parking spaces", "color": "#fdae6b" }, "geometry": { "type": "Point", "coordinates": [ 3.8981392, 43.6078895 ] } },
{ "type": "Feature", "properties": { "index": "455", "@osmId": "node/11269113685", "name": null, "opening_hours": null, "label": "Marked parking spaces", "color": "#fdae6b" }, "geometry": { "type": "Point", "coordinates": [ 3.8983466, 43.6068005 ] } },
{ "type": "Feature", "properties": { "index": "456", "@osmId": "node/11269118969", "name": null, "opening_hours": null, "label": "Marked parking spaces", "color": "#fdae6b" }, "geometry": { "type": "Point", "coordinates": [ 3.9030357, 43.6075647 ] } },
{ "type": "Feature", "properties": { "index": "457", "@osmId": "node/11269118970", "name": null, "opening_hours": null, "label": "Marked parking spaces", "color": "#fdae6b" }, "geometry": { "type": "Point", "coordinates": [ 3.9033858, 43.6054025 ] } },
{ "type": "Feature", "properties": { "index": "458", "@osmId": "node/11269449773", "name": null, "opening_hours": null, "label": "Marked parking spaces", "color": "#fdae6b" }, "geometry": { "type": "Point", "coordinates": [ 3.9003807, 43.6024206 ] } },
{ "type": "Feature", "properties": { "index": "459", "@osmId": "node/11269449774", "name": null, "opening_hours": null, "label": "Marked parking spaces", "color": "#fdae6b" }, "geometry": { "type": "Point", "coordinates": [ 3.8980975, 43.6019372 ] } },
{ "type": "Feature", "properties": { "index": "460", "@osmId": "node/11269449775", "name": null, "opening_hours": null, "label": "Marked parking spaces", "color": "#fdae6b" }, "geometry": { "type": "Point", "coordinates": [ 3.8986538, 43.6025659 ] } },
{ "type": "Feature", "properties": { "index": "461", "@osmId": "node/11269449776", "name": null, "opening_hours": null, "label": "Marked parking spaces", "color": "#fdae6b" }, "geometry": { "type": "Point", "coordinates": [ 3.8985744, 43.6031893 ] } },
{ "type": "Feature", "properties": { "index": "462", "@osmId": "node/11269449777", "name": null, "opening_hours": null, "label": "Marked parking spaces", "color": "#fdae6b" }, "geometry": { "type": "Point", "coordinates": [ 3.8983178, 43.6030748 ] } },
{ "type": "Feature", "properties": { "index": "463", "@osmId": "node/11269449778", "name": null, "opening_hours": null, "label": "Marked parking spaces", "color": "#fdae6b" }, "geometry": { "type": "Point", "coordinates": [ 3.8982236, 43.6014891 ] } },
{ "type": "Feature", "properties": { "index": "464", "@osmId": "node/11269449780", "name": null, "opening_hours": null, "label": "Marked parking spaces", "color": "#fdae6b" }, "geometry": { "type": "Point", "coordinates": [ 3.8990069, 43.6018497 ] } },
{ "type": "Feature", "properties": { "index": "465", "@osmId": "node/11269449781", "name": null, "opening_hours": null, "label": "Marked parking spaces", "color": "#fdae6b" }, "geometry": { "type": "Point", "coordinates": [ 3.8984071, 43.6024429 ] } },
{ "type": "Feature", "properties": { "index": "466", "@osmId": "node/11269470189", "name": null, "opening_hours": null, "label": "Marked parking spaces", "color": "#fdae6b" }, "geometry": { "type": "Point", "coordinates": [ 3.8998971, 43.6038797 ] } },
{ "type": "Feature", "properties": { "index": "467", "@osmId": "node/11269470190", "name": null, "opening_hours": null, "label": "Marked parking spaces", "color": "#fdae6b" }, "geometry": { "type": "Point", "coordinates": [ 3.9004315, 43.6016381 ] } },
{ "type": "Feature", "properties": { "index": "468", "@osmId": "node/11269470191", "name": null, "opening_hours": null, "label": "Marked parking spaces", "color": "#fdae6b" }, "geometry": { "type": "Point", "coordinates": [ 3.9008428, 43.6014528 ] } },
{ "type": "Feature", "properties": { "index": "469", "@osmId": "node/11269470192", "name": null, "opening_hours": null, "label": "Marked parking spaces", "color": "#fdae6b" }, "geometry": { "type": "Point", "coordinates": [ 3.901498, 43.6016326 ] } },
{ "type": "Feature", "properties": { "index": "470", "@osmId": "node/11269470193", "name": null, "opening_hours": null, "label": "Marked parking spaces", "color": "#fdae6b" }, "geometry": { "type": "Point", "coordinates": [ 3.9017189, 43.6020265 ] } },
{ "type": "Feature", "properties": { "index": "471", "@osmId": "node/11269479162", "name": null, "opening_hours": null, "label": "Marked parking spaces", "color": "#fdae6b" }, "geometry": { "type": "Point", "coordinates": [ 3.8992096, 43.6012501 ] } },
{ "type": "Feature", "properties": { "index": "472", "@osmId": "node/11269479163", "name": null, "opening_hours": null, "label": "Marked parking spaces", "color": "#fdae6b" }, "geometry": { "type": "Point", "coordinates": [ 3.8988459, 43.6011266 ] } },
{ "type": "Feature", "properties": { "index": "473", "@osmId": "node/11269479164", "name": null, "opening_hours": null, "label": "Marked parking spaces", "color": "#fdae6b" }, "geometry": { "type": "Point", "coordinates": [ 3.8985999, 43.60039 ] } },
{ "type": "Feature", "properties": { "index": "474", "@osmId": "node/11269479165", "name": null, "opening_hours": null, "label": "Marked parking spaces", "color": "#fdae6b" }, "geometry": { "type": "Point", "coordinates": [ 3.9004132, 43.6004264 ] } },
{ "type": "Feature", "properties": { "index": "475", "@osmId": "node/11269559570", "name": null, "opening_hours": null, "label": "Marked parking spaces", "color": "#fdae6b" }, "geometry": { "type": "Point", "coordinates": [ 3.9030514, 43.6023425 ] } },
{ "type": "Feature", "properties": { "index": "476", "@osmId": "node/11269559571", "name": null, "opening_hours": null, "label": "Marked parking spaces", "color": "#fdae6b" }, "geometry": { "type": "Point", "coordinates": [ 3.9034744, 43.6019003 ] } },
{ "type": "Feature", "properties": { "index": "477", "@osmId": "node/11269559572", "name": null, "opening_hours": null, "label": "Marked parking spaces", "color": "#fdae6b" }, "geometry": { "type": "Point", "coordinates": [ 3.9035551, 43.6019219 ] } },
{ "type": "Feature", "properties": { "index": "478", "@osmId": "node/11578472062", "name": null, "opening_hours": null, "label": "Marked parking spaces", "color": "#fdae6b" }, "geometry": { "type": "Point", "coordinates": [ 3.8961922, 43.6044471 ] } },
{ "type": "Feature", "properties": { "index": "479", "@osmId": "node/11578514625", "name": null, "opening_hours": null, "label": "Marked parking spaces", "color": "#fdae6b" }, "geometry": { "type": "Point", "coordinates": [ 3.8909047, 43.6046362 ] } },
{ "type": "Feature", "properties": { "index": "480", "@osmId": "node/11578517793", "name": null, "opening_hours": null, "label": "Marked parking spaces", "color": "#fdae6b" }, "geometry": { "type": "Point", "coordinates": [ 3.8950901, 43.6039424 ] } },
{ "type": "Feature", "properties": { "index": "481", "@osmId": "node/11578517800", "name": null, "opening_hours": null, "label": "Marked parking spaces", "color": "#fdae6b" }, "geometry": { "type": "Point", "coordinates": [ 3.8845228, 43.6019492 ] } },
{ "type": "Feature", "properties": { "index": "482", "@osmId": "node/11578518385", "name": null, "opening_hours": null, "label": "Marked parking spaces", "color": "#fdae6b" }, "geometry": { "type": "Point", "coordinates": [ 3.8924597, 43.6062911 ] } },
{ "type": "Feature", "properties": { "index": "483", "@osmId": "node/11578518386", "name": null, "opening_hours": null, "label": "Marked parking spaces", "color": "#fdae6b" }, "geometry": { "type": "Point", "coordinates": [ 3.8927709, 43.6062108 ] } },
{ "type": "Feature", "properties": { "index": "484", "@osmId": "node/11578532898", "name": null, "opening_hours": null, "label": "Marked parking spaces", "color": "#fdae6b" }, "geometry": { "type": "Point", "coordinates": [ 3.8947989, 43.6001396 ] } },
{ "type": "Feature", "properties": { "index": "485", "@osmId": "node/11578537266", "name": null, "opening_hours": null, "label": "Marked parking spaces", "color": "#fdae6b" }, "geometry": { "type": "Point", "coordinates": [ 3.8882159, 43.6032882 ] } },
{ "type": "Feature", "properties": { "index": "486", "@osmId": "node/11578546708", "name": null, "opening_hours": null, "label": "Marked parking spaces", "color": "#fdae6b" }, "geometry": { "type": "Point", "coordinates": [ 3.893673, 43.6033498 ] } },
{ "type": "Feature", "properties": { "index": "487", "@osmId": "node/11578560821", "name": null, "opening_hours": null, "label": "Marked parking spaces", "color": "#fdae6b" }, "geometry": { "type": "Point", "coordinates": [ 3.8952542, 43.6022134 ] } },
{ "type": "Feature", "properties": { "index": "488", "@osmId": "node/11578563621", "name": null, "opening_hours": null, "label": "Marked parking spaces", "color": "#fdae6b" }, "geometry": { "type": "Point", "coordinates": [ 3.8840131, 43.6052339 ] } },
{ "type": "Feature", "properties": { "index": "489", "@osmId": "node/11578563622", "name": null, "opening_hours": null, "label": "Marked parking spaces", "color": "#fdae6b" }, "geometry": { "type": "Point", "coordinates": [ 3.8865302, 43.6059016 ] } },
{ "type": "Feature", "properties": { "index": "490", "@osmId": "node/11578564035", "name": null, "opening_hours": null, "label": "Marked parking spaces", "color": "#fdae6b" }, "geometry": { "type": "Point", "coordinates": [ 3.8934008, 43.6022079 ] } },
{ "type": "Feature", "properties": { "index": "491", "@osmId": "node/11578564036", "name": null, "opening_hours": null, "label": "Marked parking spaces", "color": "#fdae6b" }, "geometry": { "type": "Point", "coordinates": [ 3.8934655, 43.6021499 ] } },
{ "type": "Feature", "properties": { "index": "492", "@osmId": "node/11578571503", "name": null, "opening_hours": null, "label": "Marked parking spaces", "color": "#fdae6b" }, "geometry": { "type": "Point", "coordinates": [ 3.8946513, 43.6059796 ] } },
{ "type": "Feature", "properties": { "index": "493", "@osmId": "node/11578574633", "name": null, "opening_hours": null, "label": "Marked parking spaces", "color": "#fdae6b" }, "geometry": { "type": "Point", "coordinates": [ 3.8957484, 43.6035563 ] } },
{ "type": "Feature", "properties": { "index": "494", "@osmId": "node/11578574634", "name": null, "opening_hours": null, "label": "Marked parking spaces", "color": "#fdae6b" }, "geometry": { "type": "Point", "coordinates": [ 3.8958878, 43.6035156 ] } },
{ "type": "Feature", "properties": { "index": "495", "@osmId": "node/11578576120", "name": null, "opening_hours": null, "label": "Marked parking spaces", "color": "#fdae6b" }, "geometry": { "type": "Point", "coordinates": [ 3.8943015, 43.6027775 ] } },
{ "type": "Feature", "properties": { "index": "496", "@osmId": "node/11578577418", "name": null, "opening_hours": null, "label": "Marked parking spaces", "color": "#fdae6b" }, "geometry": { "type": "Point", "coordinates": [ 3.8960052, 43.6050698 ] } },
{ "type": "Feature", "properties": { "index": "497", "@osmId": "node/11578579934", "name": null, "opening_hours": null, "label": "Marked parking spaces", "color": "#fdae6b" }, "geometry": { "type": "Point", "coordinates": [ 3.8896901, 43.6035732 ] } },
{ "type": "Feature", "properties": { "index": "498", "@osmId": "node/11578588691", "name": null, "opening_hours": null, "label": "Marked parking spaces", "color": "#fdae6b" }, "geometry": { "type": "Point", "coordinates": [ 3.8909515, 43.6064747 ] } },
{ "type": "Feature", "properties": { "index": "499", "@osmId": "node/11578589929", "name": null, "opening_hours": null, "label": "Marked parking spaces", "color": "#fdae6b" }, "geometry": { "type": "Point", "coordinates": [ 3.8935514, 43.6057032 ] } },
{ "type": "Feature", "properties": { "index": "500", "@osmId": "node/11578590098", "name": null, "opening_hours": null, "label": "Marked parking spaces", "color": "#fdae6b" }, "geometry": { "type": "Point", "coordinates": [ 3.8796765, 43.6021224 ] } },
{ "type": "Feature", "properties": { "index": "501", "@osmId": "node/11578591803", "name": null, "opening_hours": null, "label": "Marked parking spaces", "color": "#fdae6b" }, "geometry": { "type": "Point", "coordinates": [ 3.8841324, 43.6032698 ] } },
{ "type": "Feature", "properties": { "index": "502", "@osmId": "node/11578595742", "name": null, "opening_hours": null, "label": "Marked parking spaces", "color": "#fdae6b" }, "geometry": { "type": "Point", "coordinates": [ 3.8915878, 43.6062978 ] } },
{ "type": "Feature", "properties": { "index": "503", "@osmId": "node/11578604317", "name": null, "opening_hours": null, "label": "Marked parking spaces", "color": "#fdae6b" }, "geometry": { "type": "Point", "coordinates": [ 3.8856152, 43.6049069 ] } },
{ "type": "Feature", "properties": { "index": "504", "@osmId": "node/11578604664", "name": null, "opening_hours": null, "label": "Marked parking spaces", "color": "#fdae6b" }, "geometry": { "type": "Point", "coordinates": [ 3.8835989, 43.6056505 ] } },
{ "type": "Feature", "properties": { "index": "505", "@osmId": "node/11578605983", "name": null, "opening_hours": null, "label": "Marked parking spaces", "color": "#fdae6b" }, "geometry": { "type": "Point", "coordinates": [ 3.8910644, 43.6055194 ] } },
{ "type": "Feature", "properties": { "index": "506", "@osmId": "node/11578610585", "name": null, "opening_hours": null, "label": "Marked parking spaces", "color": "#fdae6b" }, "geometry": { "type": "Point", "coordinates": [ 3.882464, 43.6039012 ] } },
{ "type": "Feature", "properties": { "index": "507", "@osmId": "node/11578611545", "name": null, "opening_hours": null, "label": "Marked parking spaces", "color": "#fdae6b" }, "geometry": { "type": "Point", "coordinates": [ 3.8876996, 43.6033829 ] } },
{ "type": "Feature", "properties": { "index": "508", "@osmId": "node/11578612688", "name": null, "opening_hours": null, "label": "Marked parking spaces", "color": "#fdae6b" }, "geometry": { "type": "Point", "coordinates": [ 3.8820343, 43.6044507 ] } },
{ "type": "Feature", "properties": { "index": "509", "@osmId": "node/11578613686", "name": null, "opening_hours": null, "label": "Marked parking spaces", "color": "#fdae6b" }, "geometry": { "type": "Point", "coordinates": [ 3.8850581, 43.6016263 ] } },
{ "type": "Feature", "properties": { "index": "510", "@osmId": "node/11578613687", "name": null, "opening_hours": null, "label": "Marked parking spaces", "color": "#fdae6b" }, "geometry": { "type": "Point", "coordinates": [ 3.885174, 43.6016532 ] } },
{ "type": "Feature", "properties": { "index": "511", "@osmId": "node/11578614027", "name": null, "opening_hours": null, "label": "Marked parking spaces", "color": "#fdae6b" }, "geometry": { "type": "Point", "coordinates": [ 3.8825761, 43.6025029 ] } },
{ "type": "Feature", "properties": { "index": "512", "@osmId": "node/11578631905", "name": null, "opening_hours": null, "label": "Marked parking spaces", "color": "#fdae6b" }, "geometry": { "type": "Point", "coordinates": [ 3.8819207, 43.6049366 ] } },
{ "type": "Feature", "properties": { "index": "513", "@osmId": "node/11578633260", "name": null, "opening_hours": null, "label": "Marked parking spaces", "color": "#fdae6b" }, "geometry": { "type": "Point", "coordinates": [ 3.8804788, 43.6008255 ] } },
{ "type": "Feature", "properties": { "index": "514", "@osmId": "node/11578633576", "name": null, "opening_hours": null, "label": "Marked parking spaces", "color": "#fdae6b" }, "geometry": { "type": "Point", "coordinates": [ 3.8791401, 43.6011848 ] } },
{ "type": "Feature", "properties": { "index": "515", "@osmId": "node/11578635084", "name": null, "opening_hours": null, "label": "Marked parking spaces", "color": "#fdae6b" }, "geometry": { "type": "Point", "coordinates": [ 3.8806866, 43.6026739 ] } },
{ "type": "Feature", "properties": { "index": "516", "@osmId": "node/11578639346", "name": null, "opening_hours": null, "label": "Marked parking spaces", "color": "#fdae6b" }, "geometry": { "type": "Point", "coordinates": [ 3.8853723, 43.6054182 ] } },
{ "type": "Feature", "properties": { "index": "517", "@osmId": "node/11578644313", "name": null, "opening_hours": null, "label": "Marked parking spaces", "color": "#fdae6b" }, "geometry": { "type": "Point", "coordinates": [ 3.8861125, 43.6048037 ] } },
{ "type": "Feature", "properties": { "index": "518", "@osmId": "node/11578651928", "name": null, "opening_hours": null, "label": "Marked parking spaces", "color": "#fdae6b" }, "geometry": { "type": "Point", "coordinates": [ 3.8880746, 43.6056054 ] } },
{ "type": "Feature", "properties": { "index": "519", "@osmId": "node/11578651971", "name": null, "opening_hours": null, "label": "Marked parking spaces", "color": "#fdae6b" }, "geometry": { "type": "Point", "coordinates": [ 3.8849244, 43.6062784 ] } },
{ "type": "Feature", "properties": { "index": "520", "@osmId": "node/11579055839", "name": null, "opening_hours": null, "label": "Marked parking spaces", "color": "#fdae6b" }, "geometry": { "type": "Point", "coordinates": [ 3.8819271, 43.6083683 ] } },
{ "type": "Feature", "properties": { "index": "521", "@osmId": "node/11579055840", "name": null, "opening_hours": null, "label": "Marked parking spaces", "color": "#fdae6b" }, "geometry": { "type": "Point", "coordinates": [ 3.8816506, 43.6084353 ] } },
{ "type": "Feature", "properties": { "index": "522", "@osmId": "node/11579055841", "name": null, "opening_hours": null, "label": "Marked parking spaces", "color": "#fdae6b" }, "geometry": { "type": "Point", "coordinates": [ 3.8818401, 43.6073123 ] } },
{ "type": "Feature", "properties": { "index": "523", "@osmId": "node/11579057895", "name": null, "opening_hours": null, "label": "Marked parking spaces", "color": "#fdae6b" }, "geometry": { "type": "Point", "coordinates": [ 3.8837352, 43.6046489 ] } },
{ "type": "Feature", "properties": { "index": "524", "@osmId": "node/11579076993", "name": null, "opening_hours": null, "label": "Marked parking spaces", "color": "#fdae6b" }, "geometry": { "type": "Point", "coordinates": [ 3.8844382, 43.6072325 ] } },
{ "type": "Feature", "properties": { "index": "525", "@osmId": "node/11586884247", "name": null, "opening_hours": null, "label": "Marked parking spaces", "color": "#fdae6b" }, "geometry": { "type": "Point", "coordinates": [ 3.8705728, 43.609152 ] } },
{ "type": "Feature", "properties": { "index": "526", "@osmId": "node/11586898034", "name": null, "opening_hours": null, "label": "Marked parking spaces", "color": "#fdae6b" }, "geometry": { "type": "Point", "coordinates": [ 3.8745539, 43.6069291 ] } },
{ "type": "Feature", "properties": { "index": "527", "@osmId": "node/11586900576", "name": null, "opening_hours": null, "label": "Marked parking spaces", "color": "#fdae6b" }, "geometry": { "type": "Point", "coordinates": [ 3.8743648, 43.6057113 ] } },
{ "type": "Feature", "properties": { "index": "528", "@osmId": "node/11630329825", "name": null, "opening_hours": null, "label": "Marked parking spaces", "color": "#fdae6b" }, "geometry": { "type": "Point", "coordinates": [ 3.8958226, 43.6077494 ] } },
{ "type": "Feature", "properties": { "index": "529", "@osmId": "node/11641049311", "name": null, "opening_hours": null, "label": "Marked parking spaces", "color": "#fdae6b" }, "geometry": { "type": "Point", "coordinates": [ 3.8681725, 43.6021715 ] } },
{ "type": "Feature", "properties": { "index": "530", "@osmId": "node/11761094135", "name": null, "opening_hours": null, "label": "Marked parking spaces", "color": "#fdae6b" }, "geometry": { "type": "Point", "coordinates": [ 3.8679138, 43.6090079 ] } },
{ "type": "Feature", "properties": { "index": "531", "@osmId": "node/11761095371", "name": null, "opening_hours": null, "label": "Marked parking spaces", "color": "#fdae6b" }, "geometry": { "type": "Point", "coordinates": [ 3.8867047, 43.6195654 ] } },
{ "type": "Feature", "properties": { "index": "532", "@osmId": "node/11761111572", "name": null, "opening_hours": null, "label": "Marked parking spaces", "color": "#fdae6b" }, "geometry": { "type": "Point", "coordinates": [ 3.8907796, 43.6205284 ] } },
{ "type": "Feature", "properties": { "index": "533", "@osmId": "node/11761117266", "name": null, "opening_hours": null, "label": "Marked parking spaces", "color": "#fdae6b" }, "geometry": { "type": "Point", "coordinates": [ 3.9037155, 43.6109986 ] } },
{ "type": "Feature", "properties": { "index": "534", "@osmId": "node/11766335696", "name": null, "opening_hours": null, "label": "Marked parking spaces", "color": "#fdae6b" }, "geometry": { "type": "Point", "coordinates": [ 3.8929068, 43.616959 ] } },
{ "type": "Feature", "properties": { "index": "535", "@osmId": "node/11830497668", "name": null, "opening_hours": null, "label": "Marked parking spaces", "color": "#fdae6b" }, "geometry": { "type": "Point", "coordinates": [ 3.8982943, 43.618053 ] } },
{ "type": "Feature", "properties": { "index": "536", "@osmId": "node/11837534257", "name": null, "opening_hours": null, "label": "Marked parking spaces", "color": "#fdae6b" }, "geometry": { "type": "Point", "coordinates": [ 3.8931392, 43.601419 ] } },
{ "type": "Feature", "properties": { "index": "537", "@osmId": "node/12012113937", "name": null, "opening_hours": null, "label": "Marked parking spaces", "color": "#fdae6b" }, "geometry": { "type": "Point", "coordinates": [ 3.9020201, 43.6004668 ] } },
{ "type": "Feature", "properties": { "index": "538", "@osmId": "node/12025170081", "name": null, "opening_hours": null, "label": "Marked parking spaces", "color": "#fdae6b" }, "geometry": { "type": "Point", "coordinates": [ 3.8919904, 43.6070965 ] } },
{ "type": "Feature", "properties": { "index": "539", "@osmId": "node/12025294084", "name": null, "opening_hours": null, "label": "Marked parking spaces", "color": "#fdae6b" }, "geometry": { "type": "Point", "coordinates": [ 3.8947187, 43.6059943 ] } },
{ "type": "Feature", "properties": { "index": "540", "@osmId": "node/12030562207", "name": null, "opening_hours": null, "label": "Marked parking spaces", "color": "#fdae6b" }, "geometry": { "type": "Point", "coordinates": [ 3.8714325, 43.6028095 ] } },
{ "type": "Feature", "properties": { "index": "541", "@osmId": "node/12030587897", "name": null, "opening_hours": null, "label": "Marked parking spaces", "color": "#fdae6b" }, "geometry": { "type": "Point", "coordinates": [ 3.8913568, 43.6087899 ] } },
{ "type": "Feature", "properties": { "index": "542", "@osmId": "node/12260643993", "name": null, "opening_hours": null, "label": "Marked parking spaces", "color": "#fdae6b" }, "geometry": { "type": "Point", "coordinates": [ 3.8940287, 43.6214816 ] } },
{ "type": "Feature", "properties": { "index": "543", "@osmId": "node/12260643994", "name": null, "opening_hours": null, "label": "Marked parking spaces", "color": "#fdae6b" }, "geometry": { "type": "Point", "coordinates": [ 3.8940752, 43.6214458 ] } },
{ "type": "Feature", "properties": { "index": "544", "@osmId": "node/12351376828", "name": null, "opening_hours": null, "label": "Marked parking spaces", "color": "#fdae6b" }, "geometry": { "type": "Point", "coordinates": [ 3.8809285, 43.6041514 ] } },
{ "type": "Feature", "properties": { "index": "545", "@osmId": "node/12358260576", "name": null, "opening_hours": null, "label": "Marked parking spaces", "color": "#fdae6b" }, "geometry": { "type": "Point", "coordinates": [ 3.8688846, 43.6141712 ] } },
{ "type": "Feature", "properties": { "index": "546", "@osmId": "node/12625933249", "name": null, "opening_hours": null, "label": "Marked parking spaces", "color": "#fdae6b" }, "geometry": { "type": "Point", "coordinates": [ 3.9046109, 43.6246907 ] } },
{ "type": "Feature", "properties": { "index": "547", "@osmId": "node/12638692899", "name": null, "opening_hours": null, "label": "Marked parking spaces", "color": "#fdae6b" }, "geometry": { "type": "Point", "coordinates": [ 3.8841859, 43.6011652 ] } },
{ "type": "Feature", "properties": { "index": "548", "@osmId": "node/12651906668", "name": null, "opening_hours": null, "label": "Marked parking spaces", "color": "#fdae6b" }, "geometry": { "type": "Point", "coordinates": [ 3.8696617, 43.6074888 ] } },
{ "type": "Feature", "properties": { "index": "549", "@osmId": "node/12651935756", "name": null, "opening_hours": null, "label": "Marked parking spaces", "color": "#fdae6b" }, "geometry": { "type": "Point", "coordinates": [ 3.8698886, 43.6148228 ] } },
{ "type": "Feature", "properties": { "index": "550", "@osmId": "node/12673334310", "name": null, "opening_hours": null, "label": "Marked parking spaces", "color": "#fdae6b" }, "geometry": { "type": "Point", "coordinates": [ 3.8708227, 43.6028806 ] } },
{ "type": "Feature", "properties": { "index": "551", "@osmId": "node/12693362887", "name": null, "opening_hours": null, "label": "Marked parking spaces", "color": "#fdae6b" }, "geometry": { "type": "Point", "coordinates": [ 3.8906325, 43.6188002 ] } },
{ "type": "Feature", "properties": { "index": "552", "@osmId": "node/12707529258", "name": null, "opening_hours": null, "label": "Marked parking spaces", "color": "#fdae6b" }, "geometry": { "type": "Point", "coordinates": [ 3.8710092, 43.6185768 ] } },
{ "type": "Feature", "properties": { "index": "553", "@osmId": "node/12783381537", "name": null, "opening_hours": null, "label": "Marked parking spaces", "color": "#fdae6b" }, "geometry": { "type": "Point", "coordinates": [ 3.8782584, 43.600066 ] } },
{ "type": "Feature", "properties": { "index": "554", "@osmId": "node/12804022677", "name": null, "opening_hours": null, "label": "Marked parking spaces", "color": "#fdae6b" }, "geometry": { "type": "Point", "coordinates": [ 3.8767106, 43.6004115 ] } },
{ "type": "Feature", "properties": { "index": "555", "@osmId": "node/12804022678", "name": null, "opening_hours": null, "label": "Marked parking spaces", "color": "#fdae6b" }, "geometry": { "type": "Point", "coordinates": [ 3.876703, 43.6003546 ] } },
{ "type": "Feature", "properties": { "index": "556", "@osmId": "node/12811197874", "name": null, "opening_hours": null, "label": "Marked parking spaces", "color": "#fdae6b" }, "geometry": { "type": "Point", "coordinates": [ 3.8974959, 43.6211837 ] } },
{ "type": "Feature", "properties": { "index": "557", "@osmId": "node/13097743751", "name": null, "opening_hours": null, "label": "Marked parking spaces", "color": "#fdae6b" }, "geometry": { "type": "Point", "coordinates": [ 3.8742745, 43.6036738 ] } },
{ "type": "Feature", "properties": { "index": "558", "@osmId": "node/13097760779", "name": null, "opening_hours": null, "label": "Marked parking spaces", "color": "#fdae6b" }, "geometry": { "type": "Point", "coordinates": [ 3.8741337, 43.6037423 ] } },
{ "type": "Feature", "properties": { "index": "559", "@osmId": "node/13097847613", "name": null, "opening_hours": null, "label": "Marked parking spaces", "color": "#fdae6b" }, "geometry": { "type": "Point", "coordinates": [ 3.8718264, 43.6053824 ] } },
{ "type": "Feature", "properties": { "index": "560", "@osmId": "node/13097850451", "name": null, "opening_hours": null, "label": "Marked parking spaces", "color": "#fdae6b" }, "geometry": { "type": "Point", "coordinates": [ 3.8725311, 43.6034162 ] } },
{ "type": "Feature", "properties": { "index": "561", "@osmId": "node/13097869232", "name": null, "opening_hours": null, "label": "Marked parking spaces", "color": "#fdae6b" }, "geometry": { "type": "Point", "coordinates": [ 3.884091, 43.6149113 ] } },
{ "type": "Feature", "properties": { "index": "562", "@osmId": "node/13097869233", "name": null, "opening_hours": null, "label": "Marked parking spaces", "color": "#fdae6b" }, "geometry": { "type": "Point", "coordinates": [ 3.8928846, 43.6169324 ] } },
{ "type": "Feature", "properties": { "index": "563", "@osmId": "node/13097869234", "name": null, "opening_hours": null, "label": "Marked parking spaces", "color": "#fdae6b" }, "geometry": { "type": "Point", "coordinates": [ 3.8943464, 43.6202994 ] } },
{ "type": "Feature", "properties": { "index": "564", "@osmId": "node/13097869235", "name": null, "opening_hours": null, "label": "Marked parking spaces", "color": "#fdae6b" }, "geometry": { "type": "Point", "coordinates": [ 3.8864457, 43.6150758 ] } },
{ "type": "Feature", "properties": { "index": "565", "@osmId": "node/13114601404", "name": null, "opening_hours": null, "label": "Marked parking spaces", "color": "#fdae6b" }, "geometry": { "type": "Point", "coordinates": [ 3.8836925, 43.6062988 ] } },
{ "type": "Feature", "properties": { "index": "566", "@osmId": "node/13114641634", "name": null, "opening_hours": null, "label": "Marked parking spaces", "color": "#fdae6b" }, "geometry": { "type": "Point", "coordinates": [ 3.8862334, 43.6059247 ] } },
{ "type": "Feature", "properties": { "index": "567", "@osmId": "node/13114641635", "name": null, "opening_hours": null, "label": "Marked parking spaces", "color": "#fdae6b" }, "geometry": { "type": "Point", "coordinates": [ 3.8864378, 43.6058615 ] } },
{ "type": "Feature", "properties": { "index": "568", "@osmId": "node/13114641636", "name": null, "opening_hours": null, "label": "Marked parking spaces", "color": "#fdae6b" }, "geometry": { "type": "Point", "coordinates": [ 3.8871784, 43.6057061 ] } },
{ "type": "Feature", "properties": { "index": "569", "@osmId": "node/13114641637", "name": null, "opening_hours": null, "label": "Marked parking spaces", "color": "#fdae6b" }, "geometry": { "type": "Point", "coordinates": [ 3.8868971, 43.6057169 ] } },
{ "type": "Feature", "properties": { "index": "570", "@osmId": "node/13114665398", "name": null, "opening_hours": null, "label": "Marked parking spaces", "color": "#fdae6b" }, "geometry": { "type": "Point", "coordinates": [ 3.8938379, 43.6186899 ] } },
{ "type": "Feature", "properties": { "index": "571", "@osmId": "node/13118885793", "name": null, "opening_hours": null, "label": "Marked parking spaces", "color": "#fdae6b" }, "geometry": { "type": "Point", "coordinates": [ 3.8699487, 43.6023608 ] } },
{ "type": "Feature", "properties": { "index": "572", "@osmId": "node/13118885794", "name": null, "opening_hours": null, "label": "Marked parking spaces", "color": "#fdae6b" }, "geometry": { "type": "Point", "coordinates": [ 3.8692271, 43.6028439 ] } },
{ "type": "Feature", "properties": { "index": "573", "@osmId": "node/13118910310", "name": null, "opening_hours": null, "label": "Marked parking spaces", "color": "#fdae6b" }, "geometry": { "type": "Point", "coordinates": [ 3.8675537, 43.6054607 ] } },
{ "type": "Feature", "properties": { "index": "574", "@osmId": "node/13118910311", "name": null, "opening_hours": null, "label": "Marked parking spaces", "color": "#fdae6b" }, "geometry": { "type": "Point", "coordinates": [ 3.8675112, 43.605128 ] } },
{ "type": "Feature", "properties": { "index": "575", "@osmId": "node/13118910312", "name": null, "opening_hours": null, "label": "Marked parking spaces", "color": "#fdae6b" }, "geometry": { "type": "Point", "coordinates": [ 3.8676849, 43.6046139 ] } },
{ "type": "Feature", "properties": { "index": "576", "@osmId": "node/13118910313", "name": null, "opening_hours": null, "label": "Marked parking spaces", "color": "#fdae6b" }, "geometry": { "type": "Point", "coordinates": [ 3.8678068, 43.603867 ] } },
{ "type": "Feature", "properties": { "index": "577", "@osmId": "node/13118910314", "name": null, "opening_hours": null, "label": "Marked parking spaces", "color": "#fdae6b" }, "geometry": { "type": "Point", "coordinates": [ 3.8679317, 43.6029921 ] } },
{ "type": "Feature", "properties": { "index": "578", "@osmId": "node/13118910703", "name": null, "opening_hours": null, "label": "Marked parking spaces", "color": "#fdae6b" }, "geometry": { "type": "Point", "coordinates": [ 3.8706973, 43.6071127 ] } },
{ "type": "Feature", "properties": { "index": "579", "@osmId": "node/13118910704", "name": null, "opening_hours": null, "label": "Marked parking spaces", "color": "#fdae6b" }, "geometry": { "type": "Point", "coordinates": [ 3.8718678, 43.606472 ] } },
{ "type": "Feature", "properties": { "index": "580", "@osmId": "node/13118910705", "name": null, "opening_hours": null, "label": "Marked parking spaces", "color": "#fdae6b" }, "geometry": { "type": "Point", "coordinates": [ 3.8725648, 43.6061712 ] } },
{ "type": "Feature", "properties": { "index": "581", "@osmId": "node/13118910706", "name": null, "opening_hours": null, "label": "Marked parking spaces", "color": "#fdae6b" }, "geometry": { "type": "Point", "coordinates": [ 3.8731362, 43.6058897 ] } },
{ "type": "Feature", "properties": { "index": "582", "@osmId": "node/13118910707", "name": null, "opening_hours": null, "label": "Marked parking spaces", "color": "#fdae6b" }, "geometry": { "type": "Point", "coordinates": [ 3.8699079, 43.6074963 ] } },
{ "type": "Feature", "properties": { "index": "583", "@osmId": "node/13118910708", "name": null, "opening_hours": null, "label": "Marked parking spaces", "color": "#fdae6b" }, "geometry": { "type": "Point", "coordinates": [ 3.8689847, 43.6079662 ] } },
{ "type": "Feature", "properties": { "index": "584", "@osmId": "node/13118910709", "name": null, "opening_hours": null, "label": "Marked parking spaces", "color": "#fdae6b" }, "geometry": { "type": "Point", "coordinates": [ 3.8702873, 43.6073187 ] } },
{ "type": "Feature", "properties": { "index": "585", "@osmId": "node/13119348286", "name": null, "opening_hours": null, "label": "Marked parking spaces", "color": "#fdae6b" }, "geometry": { "type": "Point", "coordinates": [ 3.8712427, 43.6025428 ] } },
{ "type": "Feature", "properties": { "index": "586", "@osmId": "node/13119352903", "name": null, "opening_hours": null, "label": "Marked parking spaces", "color": "#fdae6b" }, "geometry": { "type": "Point", "coordinates": [ 3.870876, 43.6004846 ] } },
{ "type": "Feature", "properties": { "index": "587", "@osmId": "node/13119365392", "name": null, "opening_hours": null, "label": "Marked parking spaces", "color": "#fdae6b" }, "geometry": { "type": "Point", "coordinates": [ 3.8686753, 43.6027448 ] } },
{ "type": "Feature", "properties": { "index": "588", "@osmId": "node/13119424516", "name": null, "opening_hours": null, "label": "Marked parking spaces", "color": "#fdae6b" }, "geometry": { "type": "Point", "coordinates": [ 3.8704831, 43.6044756 ] } },
{ "type": "Feature", "properties": { "index": "589", "@osmId": "node/13119424517", "name": null, "opening_hours": null, "label": "Marked parking spaces", "color": "#fdae6b" }, "geometry": { "type": "Point", "coordinates": [ 3.8701001, 43.6048653 ] } },
{ "type": "Feature", "properties": { "index": "590", "@osmId": "node/13119424518", "name": null, "opening_hours": null, "label": "Marked parking spaces", "color": "#fdae6b" }, "geometry": { "type": "Point", "coordinates": [ 3.8717977, 43.6033859 ] } },
{ "type": "Feature", "properties": { "index": "591", "@osmId": "node/13119446643", "name": null, "opening_hours": null, "label": "Marked parking spaces", "color": "#fdae6b" }, "geometry": { "type": "Point", "coordinates": [ 3.874118, 43.6040983 ] } },
{ "type": "Feature", "properties": { "index": "592", "@osmId": "node/13119446644", "name": null, "opening_hours": null, "label": "Marked parking spaces", "color": "#fdae6b" }, "geometry": { "type": "Point", "coordinates": [ 3.8746526, 43.6038339 ] } },
{ "type": "Feature", "properties": { "index": "593", "@osmId": "node/13188783357", "name": null, "opening_hours": null, "label": "Marked parking spaces", "color": "#fdae6b" }, "geometry": { "type": "Point", "coordinates": [ 3.8726445, 43.6166414 ] } },
{ "type": "Feature", "properties": { "index": "594", "@osmId": "node/13188794320", "name": null, "opening_hours": null, "label": "Marked parking spaces", "color": "#fdae6b" }, "geometry": { "type": "Point", "coordinates": [ 3.9016008, 43.6203694 ] } },
{ "type": "Feature", "properties": { "index": "595", "@osmId": "node/13188804627", "name": null, "opening_hours": null, "label": "Marked parking spaces", "color": "#fdae6b" }, "geometry": { "type": "Point", "coordinates": [ 3.8834416, 43.6012874 ] } },
{ "type": "Feature", "properties": { "index": "596", "@osmId": "node/13188804628", "name": null, "opening_hours": null, "label": "Marked parking spaces", "color": "#fdae6b" }, "geometry": { "type": "Point", "coordinates": [ 3.8805685, 43.6027377 ] } },
{ "type": "Feature", "properties": { "index": "597", "@osmId": "node/13238698226", "name": null, "opening_hours": null, "label": "Marked parking spaces", "color": "#fdae6b" }, "geometry": { "type": "Point", "coordinates": [ 3.874376, 43.6029383 ] } },
{ "type": "Feature", "properties": { "index": "598", "@osmId": "node/13301627377", "name": null, "opening_hours": null, "label": "Marked parking spaces", "color": "#fdae6b" }, "geometry": { "type": "Point", "coordinates": [ 3.8704867, 43.6026303 ] } },
{ "type": "Feature", "properties": { "index": "599", "@osmId": "node/13301698636", "name": null, "opening_hours": null, "label": "Marked parking spaces", "color": "#fdae6b" }, "geometry": { "type": "Point", "coordinates": [ 3.8690854, 43.6019295 ] } },
{ "type": "Feature", "properties": { "index": "600", "@osmId": "node/13301731048", "name": null, "opening_hours": null, "label": "Marked parking spaces", "color": "#fdae6b" }, "geometry": { "type": "Point", "coordinates": [ 3.8733012, 43.602013 ] } },
{ "type": "Feature", "properties": { "index": "601", "@osmId": "node/13353544772", "name": null, "opening_hours": null, "label": "Marked parking spaces", "color": "#fdae6b" }, "geometry": { "type": "Point", "coordinates": [ 3.8673137, 43.6126412 ] } },
{ "type": "Feature", "properties": { "index": "602", "@osmId": "node/13442242351", "name": null, "opening_hours": null, "label": "Marked parking spaces", "color": "#fdae6b" }, "geometry": { "type": "Point", "coordinates": [ 3.8825817, 43.6055775 ] } },
{ "type": "Feature", "properties": { "index": "603", "@osmId": "node/13442242352", "name": null, "opening_hours": null, "label": "Marked parking spaces", "color": "#fdae6b" }, "geometry": { "type": "Point", "coordinates": [ 3.8835957, 43.6053686 ] } },
{ "type": "Feature", "properties": { "index": "604", "@osmId": "node/13442242353", "name": null, "opening_hours": null, "label": "Marked parking spaces", "color": "#fdae6b" }, "geometry": { "type": "Point", "coordinates": [ 3.8842398, 43.6051918 ] } },
{ "type": "Feature", "properties": { "index": "605", "@osmId": "node/13442242354", "name": null, "opening_hours": null, "label": "Marked parking spaces", "color": "#fdae6b" }, "geometry": { "type": "Point", "coordinates": [ 3.8853266, 43.6049687 ] } },
{ "type": "Feature", "properties": { "index": "606", "@osmId": "node/13758790556", "name": null, "opening_hours": null, "label": "Marked parking spaces", "color": "#fdae6b" }, "geometry": { "type": "Point", "coordinates": [ 3.8697023, 43.6129551 ] } },
{ "type": "Feature", "properties": { "index": "607", "@osmId": "node/13794954104", "name": null, "opening_hours": null, "label": "Marked parking spaces", "color": "#fdae6b" }, "geometry": { "type": "Point", "coordinates": [ 3.8717623, 43.6015211 ] } },
{ "type": "Feature", "properties": { "index": "608", "@osmId": "node/13805637876", "name": null, "opening_hours": null, "label": "Marked parking spaces", "color": "#fdae6b" }, "geometry": { "type": "Point", "coordinates": [ 3.8902015, 43.601982 ] } }
]
}
