{
"type": "FeatureCollection",
"features": [
{ "type": "Feature", "properties": { "index": "0", "@osmId": "relation/8258002", "name": null, "opening_hours": null, "label": "Multi-storey car parks", "color": "#525252" }, "geometry": { "type": "Polygon", "coordinates": [ [ [ 8.6742389, 49.4199413 ], [ 8.674234, 49.4205647 ], [ 8.6737242, 49.420563 ], [ 8.6737244, 49.4205398 ], [ 8.6737248, 49.4204914 ], [ 8.6736994, 49.4204913 ], [ 8.673683, 49.4204913 ], [ 8.6736835, 49.4204224 ], [ 8.6737254, 49.4204225 ], [ 8.6737291, 49.4199443 ], [ 8.6737629, 49.4199445 ], [ 8.6737633, 49.4198979 ], [ 8.6738388, 49.4198981 ], [ 8.6739148, 49.4198984 ], [ 8.6739145, 49.4199402 ], [ 8.6742389, 49.4199413 ] ], [ [ 8.6739234, 49.4202745 ], [ 8.6739216, 49.420503 ], [ 8.6740131, 49.4205033 ], [ 8.6740149, 49.4202748 ], [ 8.6739234, 49.4202745 ] ], [ [ 8.6739256, 49.4199973 ], [ 8.6739239, 49.4202126 ], [ 8.6740154, 49.4202129 ], [ 8.6740171, 49.4199976 ], [ 8.6739256, 49.4199973 ] ] ] } },
{ "type": "Feature", "properties": { "index": "1", "@osmId": "way/27620236", "name": "Poststraße", "opening_hours": "24/7", "label": "Multi-storey car parks", "color": "#525252" }, "geometry": { "type": "Polygon", "coordinates": [ [ [ 8.6908957, 49.407941 ], [ 8.6899298, 49.4077701 ], [ 8.6900253, 49.4075402 ], [ 8.6909912, 49.407711 ], [ 8.6908957, 49.407941 ] ] ] } },
{ "type": "Feature", "properties": { "index": "2", "@osmId": "way/35692880", "name": "P9 Am Theater", "opening_hours": "24/7", "label": "Multi-storey car parks", "color": "#525252" }, "geometry": { "type": "Polygon", "coordinates": [ [ [ 8.7030094, 49.4092702 ], [ 8.7024026, 49.4092508 ], [ 8.7024404, 49.4090142 ], [ 8.7025715, 49.4090149 ], [ 8.7026881, 49.4090156 ], [ 8.7029837, 49.4090172 ], [ 8.7030203, 49.4090174 ], [ 8.7030094, 49.4092702 ] ] ] } },
{ "type": "Feature", "properties": { "index": "3", "@osmId": "way/92139269", "name": "Kornmarkt/Schloss", "opening_hours": "24/7", "label": "Multi-storey car parks", "color": "#525252" }, "geometry": { "type": "Polygon", "coordinates": [ [ [ 8.7122205, 49.4109818 ], [ 8.7123297, 49.4110237 ], [ 8.7123419, 49.4110283 ], [ 8.7123258, 49.4110461 ], [ 8.7123208, 49.4110516 ], [ 8.712335, 49.4110565 ], [ 8.7122877, 49.4111096 ], [ 8.712293, 49.4111122 ], [ 8.7122438, 49.411168 ], [ 8.7122508, 49.4111708 ], [ 8.7121983, 49.4112278 ], [ 8.7121932, 49.4112259 ], [ 8.7121448, 49.4112793 ], [ 8.7121607, 49.4112855 ], [ 8.71208, 49.4113751 ], [ 8.7120655, 49.4113691 ], [ 8.7120256, 49.4114151 ], [ 8.7120194, 49.4114217 ], [ 8.7119616, 49.4113966 ], [ 8.7119548, 49.4114039 ], [ 8.7119139, 49.4113879 ], [ 8.7118687, 49.4113701 ], [ 8.7118776, 49.4113605 ], [ 8.7118091, 49.4113336 ], [ 8.7117107, 49.4112949 ], [ 8.7117224, 49.4112824 ], [ 8.7116515, 49.4112545 ], [ 8.7116564, 49.4112493 ], [ 8.7116466, 49.4112454 ], [ 8.7116572, 49.411234 ], [ 8.7116485, 49.4112306 ], [ 8.7117259, 49.4111472 ], [ 8.7117211, 49.4111453 ], [ 8.7117533, 49.4111106 ], [ 8.7117412, 49.4111058 ], [ 8.7118233, 49.4110173 ], [ 8.7118261, 49.4110185 ], [ 8.7119298, 49.4109179 ], [ 8.7119431, 49.4109047 ], [ 8.7119646, 49.4109128 ], [ 8.711985, 49.4109204 ], [ 8.7119945, 49.4109102 ], [ 8.7120336, 49.4109251 ], [ 8.712046, 49.4109115 ], [ 8.7121083, 49.4109359 ], [ 8.7121062, 49.4109388 ], [ 8.7122205, 49.4109818 ] ] ] } },
{ "type": "Feature", "properties": { "index": "4", "@osmId": "way/25238615", "name": null, "opening_hours": null, "label": "Multi-storey car parks", "color": "#525252" }, "geometry": { "type": "Polygon", "coordinates": [ [ [ 8.6760164, 49.4154727 ], [ 8.6759904, 49.4157956 ], [ 8.6752676, 49.4157709 ], [ 8.6752699, 49.4157422 ], [ 8.6752728, 49.4157065 ], [ 8.6752252, 49.4157048 ], [ 8.675232, 49.4156208 ], [ 8.6752802, 49.4156225 ], [ 8.6753192, 49.4151383 ], [ 8.6752817, 49.415137 ], [ 8.6752895, 49.4150403 ], [ 8.6753276, 49.4150416 ], [ 8.6753297, 49.4150151 ], [ 8.6753321, 49.4149858 ], [ 8.6760555, 49.4150105 ], [ 8.6760529, 49.4150426 ], [ 8.6760424, 49.4151737 ], [ 8.676027, 49.4153647 ], [ 8.676078, 49.4153664 ], [ 8.6760693, 49.4154745 ], [ 8.6760164, 49.4154727 ] ] ] } },
{ "type": "Feature", "properties": { "index": "5", "@osmId": "way/25770933", "name": "Medizinische Klinik INF 160", "opening_hours": "24/7", "label": "Multi-storey car parks", "color": "#525252" }, "geometry": { "type": "Polygon", "coordinates": [ [ [ 8.6656502, 49.4145195 ], [ 8.665, 49.4146728 ], [ 8.6649475, 49.4145786 ], [ 8.664398, 49.4135926 ], [ 8.6650482, 49.4134393 ], [ 8.6656502, 49.4145195 ] ] ] } },
{ "type": "Feature", "properties": { "index": "6", "@osmId": "way/197101545", "name": "Zoo", "opening_hours": "Mo-Su 00:00-24:00", "label": "Multi-storey car parks", "color": "#525252" }, "geometry": { "type": "Polygon", "coordinates": [ [ [ 8.6639398, 49.4150485 ], [ 8.6638939, 49.4150569 ], [ 8.6638694, 49.4150112 ], [ 8.6638495, 49.4149739 ], [ 8.6638448, 49.4149652 ], [ 8.663746, 49.4147805 ], [ 8.6639352, 49.4147377 ], [ 8.6639804, 49.4147274 ], [ 8.6640264, 49.414717 ], [ 8.6640371, 49.4147146 ], [ 8.6646594, 49.4145737 ], [ 8.6648072, 49.41485 ], [ 8.6646718, 49.4148818 ], [ 8.6646104, 49.4148952 ], [ 8.6639398, 49.4150485 ] ] ] } },
{ "type": "Feature", "properties": { "index": "7", "@osmId": "way/218803933", "name": "Universitätsklinikum Parkhaus INF 699", "opening_hours": "Mo-Su,PH 00:00-24:00", "label": "Multi-storey car parks", "color": "#525252" }, "geometry": { "type": "Polygon", "coordinates": [ [ [ 8.6608888, 49.418935 ], [ 8.6608582, 49.4189933 ], [ 8.660713, 49.418961 ], [ 8.6604453, 49.4189016 ], [ 8.6607027, 49.4184113 ], [ 8.6611156, 49.418503 ], [ 8.6611094, 49.4185149 ], [ 8.6608888, 49.418935 ] ] ] } },
{ "type": "Feature", "properties": { "index": "8", "@osmId": "node/283178796", "name": "Nordbrückenkopf", "opening_hours": null, "label": "Multi-storey car parks", "color": "#525252" }, "geometry": { "type": "Point", "coordinates": [ 8.6925384, 49.4136238 ] } },
{ "type": "Feature", "properties": { "index": "9", "@osmId": "node/364059072", "name": "Am Bismarckplatz", "opening_hours": "Mo-Su 06:00-22:00", "label": "Multi-storey car parks", "color": "#525252" }, "geometry": { "type": "Point", "coordinates": [ 8.6920076, 49.4096879 ] } },
{ "type": "Feature", "properties": { "index": "10", "@osmId": "node/411412375", "name": "Kaufhof", "opening_hours": "24/7", "label": "Multi-storey car parks", "color": "#525252" }, "geometry": { "type": "Point", "coordinates": [ 8.6965977, 49.4092764 ] } },
{ "type": "Feature", "properties": { "index": "11", "@osmId": "way/158368925", "name": "BG RCI", "opening_hours": "Mo-Sa 06:00-22:00", "label": "Underground car parks", "color": "#737373" }, "geometry": { "type": "Polygon", "coordinates": [ [ [ 8.6762847, 49.405842 ], [ 8.6751749, 49.4058281 ], [ 8.6751799, 49.4057669 ], [ 8.6751811, 49.4057309 ], [ 8.6751918, 49.4054224 ], [ 8.6763016, 49.4054363 ], [ 8.6762847, 49.405842 ] ] ] } },
{ "type": "Feature", "properties": { "index": "12", "@osmId": "way/14192539", "name": "Henschel", "opening_hours": "24/7", "label": "Underground car parks", "color": "#737373" }, "geometry": { "type": "Polygon", "coordinates": [ [ [ 8.6971978, 49.4111603 ], [ 8.6972283, 49.4116862 ], [ 8.6967405, 49.4116557 ], [ 8.6967127, 49.4116547 ], [ 8.6967687, 49.4109408 ], [ 8.6967724, 49.4108957 ], [ 8.6971979, 49.4109074 ], [ 8.6971978, 49.4111603 ] ] ] } },
{ "type": "Feature", "properties": { "index": "13", "@osmId": "way/14197787", "name": "Kongresshaus", "opening_hours": "24/7", "label": "Underground car parks", "color": "#737373" }, "geometry": { "type": "Polygon", "coordinates": [ [ [ 8.699506, 49.4118101 ], [ 8.6997492, 49.4108787 ], [ 8.6998461, 49.4108927 ], [ 8.7002638, 49.410953 ], [ 8.6999667, 49.4119475 ], [ 8.6998228, 49.4119293 ], [ 8.6997089, 49.4119146 ], [ 8.6997235, 49.4118391 ], [ 8.699506, 49.4118101 ] ] ] } },
{ "type": "Feature", "properties": { "index": "14", "@osmId": "way/62293909", "name": "Friedrich-Ebert-Platz", "opening_hours": "24/7", "label": "Underground car parks", "color": "#737373" }, "geometry": { "type": "Polygon", "coordinates": [ [ [ 8.6981745, 49.4090597 ], [ 8.698468, 49.4083397 ], [ 8.6988675, 49.4084087 ], [ 8.6985932, 49.4091319 ], [ 8.6981745, 49.4090597 ] ] ] } },
{ "type": "Feature", "properties": { "index": "15", "@osmId": "way/122188809", "name": "Ethianum Heidelberg", "opening_hours": "05:30-21:00", "label": "Underground car parks", "color": "#737373" }, "geometry": { "type": "Polygon", "coordinates": [ [ [ 8.6845187, 49.4095609 ], [ 8.6839324, 49.409459 ], [ 8.6839514, 49.4094131 ], [ 8.6840913, 49.4090748 ], [ 8.6846792, 49.4091787 ], [ 8.6845187, 49.4095609 ] ] ] } },
{ "type": "Feature", "properties": { "index": "16", "@osmId": "way/167312321", "name": null, "opening_hours": null, "label": "Underground car parks", "color": "#737373" }, "geometry": { "type": "Polygon", "coordinates": [ [ [ 8.6892359, 49.4074983 ], [ 8.6884929, 49.4073699 ], [ 8.6885663, 49.407189 ], [ 8.6893093, 49.4073174 ], [ 8.6892359, 49.4074983 ] ] ] } },
{ "type": "Feature", "properties": { "index": "17", "@osmId": "way/406473090", "name": null, "opening_hours": null, "label": "Underground car parks", "color": "#737373" }, "geometry": { "type": "Polygon", "coordinates": [ [ [ 8.6843345, 49.402578 ], [ 8.6844766, 49.4025836 ], [ 8.68455, 49.4025864 ], [ 8.6845466, 49.4026228 ], [ 8.6845196, 49.4026217 ], [ 8.6845089, 49.4027376 ], [ 8.6845083, 49.4027438 ], [ 8.6843198, 49.4027364 ], [ 8.6843345, 49.402578 ] ] ] } },
{ "type": "Feature", "properties": { "index": "18", "@osmId": "way/1294882321", "name": "Klinikum Bergheim", "opening_hours": null, "label": "Underground car parks", "color": "#737373" }, "geometry": { "type": "Polygon", "coordinates": [ [ [ 8.6873685, 49.4098229 ], [ 8.6873579, 49.4098496 ], [ 8.6873306, 49.4098453 ], [ 8.6873056, 49.409837 ], [ 8.6872842, 49.4098252 ], [ 8.6872674, 49.4098106 ], [ 8.6872562, 49.4097939 ], [ 8.6872511, 49.4097759 ], [ 8.6872524, 49.4097577 ], [ 8.6873634, 49.4094866 ], [ 8.6873764, 49.4094693 ], [ 8.687395, 49.4094543 ], [ 8.6874183, 49.4094424 ], [ 8.6874451, 49.4094342 ], [ 8.6874741, 49.4094301 ], [ 8.6875037, 49.4094302 ], [ 8.6875325, 49.4094347 ], [ 8.6875256, 49.4094552 ], [ 8.6875093, 49.4094915 ], [ 8.6875925, 49.4095052 ], [ 8.6876036, 49.4094748 ], [ 8.6885673, 49.4096408 ], [ 8.6885216, 49.409754 ], [ 8.6884857, 49.4097481 ], [ 8.6884257, 49.4098954 ], [ 8.688358, 49.4098838 ], [ 8.6883529, 49.4098971 ], [ 8.6883208, 49.4099106 ], [ 8.6882924, 49.409981 ], [ 8.6874567, 49.4098378 ], [ 8.6874698, 49.409809 ], [ 8.68738, 49.4097944 ], [ 8.6873685, 49.4098229 ] ] ] } },
{ "type": "Feature", "properties": { "index": "19", "@osmId": "way/1328529597", "name": "Scheck-In Tiefgarage", "opening_hours": null, "label": "Underground car parks", "color": "#737373" }, "geometry": { "type": "Polygon", "coordinates": [ [ [ 8.6869052, 49.4058955 ], [ 8.6868348, 49.4058837 ], [ 8.6863173, 49.4057916 ], [ 8.6864223, 49.4055257 ], [ 8.6866752, 49.4055712 ], [ 8.6868335, 49.4055997 ], [ 8.6868338, 49.4056682 ], [ 8.6870038, 49.4056983 ], [ 8.6869052, 49.4058955 ] ] ] } },
{ "type": "Feature", "properties": { "index": "20", "@osmId": "way/14329228", "name": "Karlsplatz/Rathaus", "opening_hours": "24/7", "label": "Underground car parks", "color": "#737373" }, "geometry": { "type": "Polygon", "coordinates": [ [ [ 8.7130879, 49.41237 ], [ 8.7130258, 49.4124536 ], [ 8.7123732, 49.4122483 ], [ 8.7125574, 49.4120005 ], [ 8.713278, 49.4122272 ], [ 8.7131947, 49.4123393 ], [ 8.713178, 49.412334 ], [ 8.7131583, 49.4123278 ], [ 8.7130957, 49.4123082 ], [ 8.713057, 49.4123603 ], [ 8.7130743, 49.4123657 ], [ 8.7130879, 49.41237 ] ] ] } },
{ "type": "Feature", "properties": { "index": "21", "@osmId": "way/1481409107", "name": null, "opening_hours": null, "label": "Underground car parks", "color": "#737373" }, "geometry": { "type": "Polygon", "coordinates": [ [ [ 8.7196325, 49.4127587 ], [ 8.7198044, 49.4127089 ], [ 8.7197489, 49.4123741 ], [ 8.7197904, 49.4123575 ], [ 8.7198307, 49.412344 ], [ 8.7198682, 49.4123845 ], [ 8.7199242, 49.4124395 ], [ 8.72, 49.4125052 ], [ 8.72, 49.4129615 ], [ 8.7194481, 49.4131203 ], [ 8.7194098, 49.413067 ], [ 8.7193727, 49.4130127 ], [ 8.7192869, 49.4128873 ], [ 8.7193284, 49.4128753 ], [ 8.7195948, 49.4127981 ], [ 8.7196488, 49.4127824 ], [ 8.7196325, 49.4127587 ] ] ] } },
{ "type": "Feature", "properties": { "index": "22", "@osmId": "node/270306133", "name": "Hilton", "opening_hours": null, "label": "Underground car parks", "color": "#737373" }, "geometry": { "type": "Point", "coordinates": [ 8.691822, 49.4064795 ] } },
{ "type": "Feature", "properties": { "index": "23", "@osmId": "node/270429893", "name": null, "opening_hours": null, "label": "Underground car parks", "color": "#737373" }, "geometry": { "type": "Point", "coordinates": [ 8.6720084, 49.4089695 ] } },
{ "type": "Feature", "properties": { "index": "24", "@osmId": "node/270430000", "name": null, "opening_hours": null, "label": "Underground car parks", "color": "#737373" }, "geometry": { "type": "Point", "coordinates": [ 8.6693533, 49.4094813 ] } },
{ "type": "Feature", "properties": { "index": "25", "@osmId": "node/272597912", "name": "B2 Heidelberg", "opening_hours": "Mo-Fr 06:00-20:00; Sa 06:00-14:00; Su,PH off", "label": "Underground car parks", "color": "#737373" }, "geometry": { "type": "Point", "coordinates": [ 8.6789769, 49.4040432 ] } },
{ "type": "Feature", "properties": { "index": "26", "@osmId": "node/275518079", "name": null, "opening_hours": null, "label": "Underground car parks", "color": "#737373" }, "geometry": { "type": "Point", "coordinates": [ 8.6754091, 49.4214174 ] } },
{ "type": "Feature", "properties": { "index": "27", "@osmId": "node/281591240", "name": null, "opening_hours": null, "label": "Underground car parks", "color": "#737373" }, "geometry": { "type": "Point", "coordinates": [ 8.6705073, 49.4139305 ] } },
{ "type": "Feature", "properties": { "index": "28", "@osmId": "node/283346919", "name": "Europäischer Hof", "opening_hours": "24/7", "label": "Underground car parks", "color": "#737373" }, "geometry": { "type": "Point", "coordinates": [ 8.6948451, 49.4080031 ] } },
{ "type": "Feature", "properties": { "index": "29", "@osmId": "node/285875733", "name": null, "opening_hours": null, "label": "Underground car parks", "color": "#737373" }, "geometry": { "type": "Point", "coordinates": [ 8.6698002, 49.4066316 ] } },
{ "type": "Feature", "properties": { "index": "30", "@osmId": "node/303300709", "name": "Landratsamt", "opening_hours": null, "label": "Underground car parks", "color": "#737373" }, "geometry": { "type": "Point", "coordinates": [ 8.6829502, 49.4064148 ] } },
{ "type": "Feature", "properties": { "index": "31", "@osmId": "node/303300716", "name": null, "opening_hours": null, "label": "Underground car parks", "color": "#737373" }, "geometry": { "type": "Point", "coordinates": [ 8.6823327, 49.4072882 ] } },
{ "type": "Feature", "properties": { "index": "32", "@osmId": "node/303316033", "name": null, "opening_hours": null, "label": "Underground car parks", "color": "#737373" }, "geometry": { "type": "Point", "coordinates": [ 8.6846006, 49.4064958 ] } },
{ "type": "Feature", "properties": { "index": "33", "@osmId": "node/303316187", "name": "Stadtbücherei", "opening_hours": "24/7", "label": "Underground car parks", "color": "#737373" }, "geometry": { "type": "Point", "coordinates": [ 8.6861757, 49.4073148 ] } },
{ "type": "Feature", "properties": { "index": "34", "@osmId": "node/1446956951", "name": "Sofienquartier", "opening_hours": "24/7", "label": "Underground car parks", "color": "#737373" }, "geometry": { "type": "Point", "coordinates": [ 8.6941874, 49.4109446 ] } },
{ "type": "Feature", "properties": { "index": "35", "@osmId": "node/1469112521", "name": "Triplex Unibibliothek", "opening_hours": "24/7", "label": "Underground car parks", "color": "#737373" }, "geometry": { "type": "Point", "coordinates": [ 8.7055678, 49.4105302 ] } },
{ "type": "Feature", "properties": { "index": "36", "@osmId": "node/1668724001", "name": "ATOS Klinik", "opening_hours": null, "label": "Underground car parks", "color": "#737373" }, "geometry": { "type": "Point", "coordinates": [ 8.6916552, 49.4101694 ] } },
{ "type": "Feature", "properties": { "index": "37", "@osmId": "node/1676196583", "name": null, "opening_hours": null, "label": "Underground car parks", "color": "#737373" }, "geometry": { "type": "Point", "coordinates": [ 8.6857036, 49.4082733 ] } },
{ "type": "Feature", "properties": { "index": "38", "@osmId": "node/1787190842", "name": null, "opening_hours": null, "label": "Underground car parks", "color": "#737373" }, "geometry": { "type": "Point", "coordinates": [ 8.6884352, 49.4071893 ] } },
{ "type": "Feature", "properties": { "index": "39", "@osmId": "node/2599145016", "name": null, "opening_hours": null, "label": "Underground car parks", "color": "#737373" }, "geometry": { "type": "Point", "coordinates": [ 8.6728462, 49.3981694 ] } },
{ "type": "Feature", "properties": { "index": "40", "@osmId": "node/3171164990", "name": null, "opening_hours": null, "label": "Underground car parks", "color": "#737373" }, "geometry": { "type": "Point", "coordinates": [ 8.6781601, 49.4048766 ] } },
{ "type": "Feature", "properties": { "index": "41", "@osmId": "node/3838687535", "name": null, "opening_hours": null, "label": "Underground car parks", "color": "#737373" }, "geometry": { "type": "Point", "coordinates": [ 8.7153581, 49.4138775 ] } },
{ "type": "Feature", "properties": { "index": "42", "@osmId": "node/4021614238", "name": "Mathematikon", "opening_hours": "24/7", "label": "Underground car parks", "color": "#737373" }, "geometry": { "type": "Point", "coordinates": [ 8.6752669, 49.4182004 ] } },
{ "type": "Feature", "properties": { "index": "43", "@osmId": "node/5048776798", "name": null, "opening_hours": null, "label": "Underground car parks", "color": "#737373" }, "geometry": { "type": "Point", "coordinates": [ 8.6661458, 49.4033026 ] } },
{ "type": "Feature", "properties": { "index": "44", "@osmId": "node/5113640003", "name": "Altes Hallenbad", "opening_hours": null, "label": "Underground car parks", "color": "#737373" }, "geometry": { "type": "Point", "coordinates": [ 8.6880666, 49.407644 ] } },
{ "type": "Feature", "properties": { "index": "45", "@osmId": "node/5316446077", "name": null, "opening_hours": null, "label": "Underground car parks", "color": "#737373" }, "geometry": { "type": "Point", "coordinates": [ 8.6914844, 49.4078917 ] } },
{ "type": "Feature", "properties": { "index": "46", "@osmId": "node/5580801017", "name": null, "opening_hours": null, "label": "Underground car parks", "color": "#737373" }, "geometry": { "type": "Point", "coordinates": [ 8.6721197, 49.3983623 ] } },
{ "type": "Feature", "properties": { "index": "47", "@osmId": "node/6763961024", "name": null, "opening_hours": null, "label": "Underground car parks", "color": "#737373" }, "geometry": { "type": "Point", "coordinates": [ 8.6724333, 49.3998887 ] } },
{ "type": "Feature", "properties": { "index": "48", "@osmId": "node/7066293662", "name": null, "opening_hours": null, "label": "Underground car parks", "color": "#737373" }, "geometry": { "type": "Point", "coordinates": [ 8.6810171, 49.4070823 ] } },
{ "type": "Feature", "properties": { "index": "49", "@osmId": "node/7360196992", "name": "Westarkaden", "opening_hours": null, "label": "Underground car parks", "color": "#737373" }, "geometry": { "type": "Point", "coordinates": [ 8.6668203, 49.4047661 ] } },
{ "type": "Feature", "properties": { "index": "50", "@osmId": "node/10770835117", "name": "Hotelgarage", "opening_hours": null, "label": "Underground car parks", "color": "#737373" }, "geometry": { "type": "Point", "coordinates": [ 8.6869548, 49.4079318 ] } },
{ "type": "Feature", "properties": { "index": "51", "@osmId": "node/11450650466", "name": null, "opening_hours": null, "label": "Underground car parks", "color": "#737373" }, "geometry": { "type": "Point", "coordinates": [ 8.7159, 49.413464 ] } },
{ "type": "Feature", "properties": { "index": "52", "@osmId": "node/11801930762", "name": null, "opening_hours": null, "label": "Underground car parks", "color": "#737373" }, "geometry": { "type": "Point", "coordinates": [ 8.6701028, 49.403341 ] } },
{ "type": "Feature", "properties": { "index": "53", "@osmId": "node/11805894970", "name": null, "opening_hours": null, "label": "Underground car parks", "color": "#737373" }, "geometry": { "type": "Point", "coordinates": [ 8.6690081, 49.4036152 ] } },
{ "type": "Feature", "properties": { "index": "54", "@osmId": "node/11870077707", "name": "Europaplatz", "opening_hours": null, "label": "Underground car parks", "color": "#737373" }, "geometry": { "type": "Point", "coordinates": [ 8.674381, 49.4029461 ] } },
{ "type": "Feature", "properties": { "index": "55", "@osmId": "node/11873901140", "name": "Heidelberg Congress Center", "opening_hours": null, "label": "Underground car parks", "color": "#737373" }, "geometry": { "type": "Point", "coordinates": [ 8.6732836, 49.4012087 ] } },
{ "type": "Feature", "properties": { "index": "56", "@osmId": "node/13300450530", "name": null, "opening_hours": null, "label": "Underground car parks", "color": "#737373" }, "geometry": { "type": "Point", "coordinates": [ 8.6873179, 49.4059294 ] } },
{ "type": "Feature", "properties": { "index": "57", "@osmId": "node/13301009941", "name": null, "opening_hours": null, "label": "Underground car parks", "color": "#737373" }, "geometry": { "type": "Point", "coordinates": [ 8.6818201, 49.4054775 ] } },
{ "type": "Feature", "properties": { "index": "58", "@osmId": "node/13307126950", "name": null, "opening_hours": null, "label": "Underground car parks", "color": "#737373" }, "geometry": { "type": "Point", "coordinates": [ 8.6922615, 49.4030562 ] } },
{ "type": "Feature", "properties": { "index": "59", "@osmId": "relation/3536586", "name": null, "opening_hours": null, "label": "Surface car parks", "color": "#969696" }, "geometry": { "type": "Polygon", "coordinates": [ [ [ 8.6871721, 49.4128662 ], [ 8.6872129, 49.4128015 ], [ 8.6882459, 49.4130595 ], [ 8.6888871, 49.4131831 ], [ 8.6898782, 49.4132277 ], [ 8.6906468, 49.4132459 ], [ 8.6906417, 49.4132929 ], [ 8.6898767, 49.4132807 ], [ 8.6888704, 49.4132359 ], [ 8.6882212, 49.4131143 ], [ 8.6871721, 49.4128662 ] ] ] } },
{ "type": "Feature", "properties": { "index": "60", "@osmId": "way/27619163", "name": null, "opening_hours": null, "label": "Surface car parks", "color": "#969696" }, "geometry": { "type": "Polygon", "coordinates": [ [ [ 8.6849825, 49.4162819 ], [ 8.6844783, 49.4162797 ], [ 8.6844798, 49.4161225 ], [ 8.6849841, 49.4161248 ], [ 8.6849825, 49.4162819 ] ] ] } },
{ "type": "Feature", "properties": { "index": "61", "@osmId": "way/27619489", "name": null, "opening_hours": null, "label": "Surface car parks", "color": "#969696" }, "geometry": { "type": "Polygon", "coordinates": [ [ [ 8.6810852, 49.409428 ], [ 8.6810663, 49.4089635 ], [ 8.6812327, 49.4089652 ], [ 8.6812394, 49.4092806 ], [ 8.6814697, 49.4092998 ], [ 8.6814644, 49.4094532 ], [ 8.6810852, 49.409428 ] ] ] } },
{ "type": "Feature", "properties": { "index": "62", "@osmId": "way/108962244", "name": null, "opening_hours": null, "label": "Surface car parks", "color": "#969696" }, "geometry": { "type": "Polygon", "coordinates": [ [ [ 8.6827283, 49.4017925 ], [ 8.6815303, 49.401734 ], [ 8.6815328, 49.4016827 ], [ 8.6827344, 49.4017326 ], [ 8.6827283, 49.4017925 ] ] ] } },
{ "type": "Feature", "properties": { "index": "63", "@osmId": "way/122116389", "name": null, "opening_hours": null, "label": "Surface car parks", "color": "#969696" }, "geometry": { "type": "Polygon", "coordinates": [ [ [ 8.6830671, 49.40962 ], [ 8.683098, 49.4095816 ], [ 8.68344, 49.4096654 ], [ 8.6840955, 49.4097839 ], [ 8.6840742, 49.4098208 ], [ 8.6835955, 49.4097414 ], [ 8.6833542, 49.4096916 ], [ 8.6830671, 49.40962 ] ] ] } },
{ "type": "Feature", "properties": { "index": "64", "@osmId": "way/166514548", "name": null, "opening_hours": null, "label": "Surface car parks", "color": "#969696" }, "geometry": { "type": "Polygon", "coordinates": [ [ [ 8.6956824, 49.413318 ], [ 8.6953624, 49.4133038 ], [ 8.6953693, 49.4132482 ], [ 8.6958854, 49.4132718 ], [ 8.6958772, 49.4133304 ], [ 8.6956824, 49.413318 ] ] ] } },
{ "type": "Feature", "properties": { "index": "65", "@osmId": "way/166965853", "name": null, "opening_hours": null, "label": "Surface car parks", "color": "#969696" }, "geometry": { "type": "Polygon", "coordinates": [ [ [ 8.6910922, 49.4102207 ], [ 8.6910403, 49.4102164 ], [ 8.6910752, 49.4100414 ], [ 8.6911271, 49.4100457 ], [ 8.6910922, 49.4102207 ] ] ] } },
{ "type": "Feature", "properties": { "index": "66", "@osmId": "way/166965854", "name": null, "opening_hours": null, "label": "Surface car parks", "color": "#969696" }, "geometry": { "type": "Polygon", "coordinates": [ [ [ 8.6883157, 49.410235 ], [ 8.6883836, 49.4100647 ], [ 8.6886003, 49.4101057 ], [ 8.6885844, 49.4101416 ], [ 8.688545, 49.4101871 ], [ 8.6885057, 49.4102719 ], [ 8.6883157, 49.410235 ] ] ] } },
{ "type": "Feature", "properties": { "index": "67", "@osmId": "way/167051980", "name": null, "opening_hours": null, "label": "Surface car parks", "color": "#969696" }, "geometry": { "type": "Polygon", "coordinates": [ [ [ 8.691743, 49.4134932 ], [ 8.6916099, 49.4134894 ], [ 8.6915752, 49.4135042 ], [ 8.6914576, 49.4135026 ], [ 8.6914521, 49.4134552 ], [ 8.6915645, 49.4134155 ], [ 8.6915645, 49.4133763 ], [ 8.691577, 49.4133763 ], [ 8.6915953, 49.4133763 ], [ 8.6922772, 49.4133932 ], [ 8.6922705, 49.4134821 ], [ 8.6920802, 49.4134764 ], [ 8.6920746, 49.4135126 ], [ 8.6917445, 49.4135043 ], [ 8.691743, 49.4134932 ] ] ] } },
{ "type": "Feature", "properties": { "index": "68", "@osmId": "way/167187440", "name": null, "opening_hours": null, "label": "Surface car parks", "color": "#969696" }, "geometry": { "type": "Polygon", "coordinates": [ [ [ 8.6849689, 49.4090456 ], [ 8.6848479, 49.4090246 ], [ 8.6848766, 49.4089544 ], [ 8.6855811, 49.4090764 ], [ 8.6855524, 49.4091466 ], [ 8.6854859, 49.4091351 ], [ 8.6849689, 49.4090456 ] ] ] } },
{ "type": "Feature", "properties": { "index": "69", "@osmId": "way/167311137", "name": null, "opening_hours": null, "label": "Surface car parks", "color": "#969696" }, "geometry": { "type": "Polygon", "coordinates": [ [ [ 8.6845549, 49.4018437 ], [ 8.6843551, 49.4018338 ], [ 8.6844002, 49.4016908 ], [ 8.6845471, 49.4015429 ], [ 8.6848429, 49.4014771 ], [ 8.6848973, 49.4016118 ], [ 8.6847174, 49.4016647 ], [ 8.6846313, 49.401704 ], [ 8.6845693, 49.4017822 ], [ 8.6845549, 49.4018437 ] ] ] } },
{ "type": "Feature", "properties": { "index": "70", "@osmId": "way/167311139", "name": null, "opening_hours": null, "label": "Surface car parks", "color": "#969696" }, "geometry": { "type": "Polygon", "coordinates": [ [ [ 8.6856692, 49.408587 ], [ 8.6854571, 49.4085526 ], [ 8.6855833, 49.4082406 ], [ 8.6855721, 49.4082393 ], [ 8.6855967, 49.4081379 ], [ 8.6858451, 49.4081695 ], [ 8.6858107, 49.4082701 ], [ 8.6856414, 49.4082491 ], [ 8.6856329, 49.4082783 ], [ 8.685799, 49.4082999 ], [ 8.6857831, 49.4083429 ], [ 8.6857588, 49.4084059 ], [ 8.6857434, 49.408404 ], [ 8.6856692, 49.408587 ] ] ] } },
{ "type": "Feature", "properties": { "index": "71", "@osmId": "way/171469880", "name": null, "opening_hours": null, "label": "Surface car parks", "color": "#969696" }, "geometry": { "type": "Polygon", "coordinates": [ [ [ 8.6914974, 49.4000046 ], [ 8.6914796, 49.3999529 ], [ 8.6917055, 49.3999169 ], [ 8.6917274, 49.3999939 ], [ 8.6917462, 49.4000693 ], [ 8.6917066, 49.400079 ], [ 8.6914265, 49.400126 ], [ 8.6913892, 49.4000228 ], [ 8.6914974, 49.4000046 ] ] ] } },
{ "type": "Feature", "properties": { "index": "72", "@osmId": "way/208162627", "name": null, "opening_hours": null, "label": "Surface car parks", "color": "#969696" }, "geometry": { "type": "Polygon", "coordinates": [ [ [ 8.6959419, 49.4119054 ], [ 8.6951878, 49.4118007 ], [ 8.6952009, 49.4117615 ], [ 8.6955848, 49.4118169 ], [ 8.6959563, 49.4118671 ], [ 8.6963631, 49.4119249 ], [ 8.6967672, 49.4119815 ], [ 8.6971099, 49.4120283 ], [ 8.6970975, 49.4120717 ], [ 8.696709, 49.4120173 ], [ 8.6963336, 49.4119624 ], [ 8.6959419, 49.4119054 ] ] ] } },
{ "type": "Feature", "properties": { "index": "73", "@osmId": "way/215801267", "name": null, "opening_hours": null, "label": "Surface car parks", "color": "#969696" }, "geometry": { "type": "Polygon", "coordinates": [ [ [ 8.6912735, 49.4166346 ], [ 8.6910281, 49.4166262 ], [ 8.6910445, 49.4164679 ], [ 8.6913481, 49.4164812 ], [ 8.6913437, 49.4165236 ], [ 8.6913866, 49.4165255 ], [ 8.691375, 49.4166373 ], [ 8.6912735, 49.4166346 ] ] ] } },
{ "type": "Feature", "properties": { "index": "74", "@osmId": "way/221181579", "name": null, "opening_hours": null, "label": "Surface car parks", "color": "#969696" }, "geometry": { "type": "Polygon", "coordinates": [ [ [ 8.6896049, 49.407705 ], [ 8.6895667, 49.4076856 ], [ 8.6896187, 49.4076429 ], [ 8.6897194, 49.4076638 ], [ 8.6896588, 49.4077119 ], [ 8.6896201, 49.4076923 ], [ 8.6896049, 49.407705 ] ] ] } },
{ "type": "Feature", "properties": { "index": "75", "@osmId": "way/221181580", "name": null, "opening_hours": null, "label": "Surface car parks", "color": "#969696" }, "geometry": { "type": "Polygon", "coordinates": [ [ [ 8.6897525, 49.4075125 ], [ 8.6897968, 49.4075092 ], [ 8.6898258, 49.4075718 ], [ 8.6896566, 49.4075501 ], [ 8.6896433, 49.4074936 ], [ 8.6896945, 49.4074898 ], [ 8.6896971, 49.4075044 ], [ 8.6897504, 49.4075004 ], [ 8.6897525, 49.4075125 ] ] ] } },
{ "type": "Feature", "properties": { "index": "76", "@osmId": "way/222965452", "name": null, "opening_hours": null, "label": "Surface car parks", "color": "#969696" }, "geometry": { "type": "Polygon", "coordinates": [ [ [ 8.6931443, 49.4068451 ], [ 8.6930731, 49.4068424 ], [ 8.6930813, 49.4067537 ], [ 8.6931525, 49.4067564 ], [ 8.6931443, 49.4068451 ] ] ] } },
{ "type": "Feature", "properties": { "index": "77", "@osmId": "way/222965455", "name": null, "opening_hours": "24/7", "label": "Surface car parks", "color": "#969696" }, "geometry": { "type": "Polygon", "coordinates": [ [ [ 8.6936979, 49.4068082 ], [ 8.6933042, 49.4067887 ], [ 8.6933192, 49.4067665 ], [ 8.6937284, 49.4067855 ], [ 8.6936979, 49.4068082 ] ] ] } },
{ "type": "Feature", "properties": { "index": "78", "@osmId": "way/222989845", "name": null, "opening_hours": null, "label": "Surface car parks", "color": "#969696" }, "geometry": { "type": "Polygon", "coordinates": [ [ [ 8.6986846, 49.4082931 ], [ 8.6989505, 49.4083396 ], [ 8.698942, 49.4083601 ], [ 8.6986762, 49.4083136 ], [ 8.6986846, 49.4082931 ] ] ] } },
{ "type": "Feature", "properties": { "index": "79", "@osmId": "way/222989846", "name": null, "opening_hours": null, "label": "Surface car parks", "color": "#969696" }, "geometry": { "type": "Polygon", "coordinates": [ [ [ 8.699476, 49.4084535 ], [ 8.6990176, 49.4083733 ], [ 8.699026, 49.4083528 ], [ 8.6994845, 49.408433 ], [ 8.699476, 49.4084535 ] ] ] } },
{ "type": "Feature", "properties": { "index": "80", "@osmId": "way/222989847", "name": null, "opening_hours": null, "label": "Surface car parks", "color": "#969696" }, "geometry": { "type": "Polygon", "coordinates": [ [ [ 8.7010853, 49.4087554 ], [ 8.7006344, 49.4086765 ], [ 8.7006302, 49.408655 ], [ 8.7006243, 49.4086298 ], [ 8.701058, 49.4087045 ], [ 8.7010841, 49.4087515 ], [ 8.7010853, 49.4087554 ] ] ] } },
{ "type": "Feature", "properties": { "index": "81", "@osmId": "way/222995062", "name": null, "opening_hours": null, "label": "Surface car parks", "color": "#969696" }, "geometry": { "type": "Polygon", "coordinates": [ [ [ 8.6994237, 49.4083418 ], [ 8.6993753, 49.4083618 ], [ 8.6993452, 49.4083467 ], [ 8.6993615, 49.4082094 ], [ 8.6994387, 49.4082249 ], [ 8.6994237, 49.4083418 ] ] ] } },
{ "type": "Feature", "properties": { "index": "82", "@osmId": "way/263336300", "name": null, "opening_hours": "Mo-Su,PH 00:00-24:00; We,Sa 05:00-14:00 off", "label": "Surface car parks", "color": "#969696" }, "geometry": { "type": "Polygon", "coordinates": [ [ [ 8.6909632, 49.413317 ], [ 8.6908185, 49.4133101 ], [ 8.6908248, 49.4132547 ], [ 8.6909694, 49.4132615 ], [ 8.6909632, 49.413317 ] ] ] } },
{ "type": "Feature", "properties": { "index": "83", "@osmId": "way/266512873", "name": null, "opening_hours": null, "label": "Surface car parks", "color": "#969696" }, "geometry": { "type": "Polygon", "coordinates": [ [ [ 8.691247, 49.4133252 ], [ 8.691056, 49.4133216 ], [ 8.6910584, 49.4132683 ], [ 8.6912494, 49.4132719 ], [ 8.691247, 49.4133252 ] ] ] } },
{ "type": "Feature", "properties": { "index": "84", "@osmId": "way/279432388", "name": null, "opening_hours": null, "label": "Surface car parks", "color": "#969696" }, "geometry": { "type": "Polygon", "coordinates": [ [ [ 8.6859041, 49.4058613 ], [ 8.6857481, 49.4058022 ], [ 8.6856374, 49.4057523 ], [ 8.6855176, 49.4056837 ], [ 8.6855305, 49.4056399 ], [ 8.6859653, 49.4057143 ], [ 8.6859041, 49.4058613 ] ] ] } },
{ "type": "Feature", "properties": { "index": "85", "@osmId": "way/304451474", "name": null, "opening_hours": "07:00-19:00", "label": "Surface car parks", "color": "#969696" }, "geometry": { "type": "Polygon", "coordinates": [ [ [ 8.6923816, 49.3987455 ], [ 8.6923876, 49.3987619 ], [ 8.692353, 49.3988117 ], [ 8.692311, 49.3987857 ], [ 8.6922928, 49.3987246 ], [ 8.6923274, 49.3986894 ], [ 8.6923532, 49.398709 ], [ 8.692371, 49.3987281 ], [ 8.6923816, 49.3987455 ] ] ] } },
{ "type": "Feature", "properties": { "index": "86", "@osmId": "way/304451475", "name": null, "opening_hours": "07:00-19:00", "label": "Surface car parks", "color": "#969696" }, "geometry": { "type": "Polygon", "coordinates": [ [ [ 8.6925088, 49.3986312 ], [ 8.6924634, 49.3986795 ], [ 8.6924278, 49.3986787 ], [ 8.6923953, 49.3986755 ], [ 8.6923478, 49.3986662 ], [ 8.6923864, 49.398625 ], [ 8.6924256, 49.3986312 ], [ 8.6924682, 49.398633 ], [ 8.6925088, 49.3986312 ] ] ] } },
{ "type": "Feature", "properties": { "index": "87", "@osmId": "way/311466851", "name": null, "opening_hours": null, "label": "Surface car parks", "color": "#969696" }, "geometry": { "type": "Polygon", "coordinates": [ [ [ 8.6795378, 49.4017084 ], [ 8.6804713, 49.4010605 ], [ 8.6805308, 49.4010968 ], [ 8.6795973, 49.4017447 ], [ 8.6795378, 49.4017084 ] ] ] } },
{ "type": "Feature", "properties": { "index": "88", "@osmId": "way/315142184", "name": null, "opening_hours": null, "label": "Surface car parks", "color": "#969696" }, "geometry": { "type": "Polygon", "coordinates": [ [ [ 8.6817401, 49.4037762 ], [ 8.6813141, 49.4037347 ], [ 8.6811543, 49.4036081 ], [ 8.6812828, 49.4035398 ], [ 8.6813851, 49.4034854 ], [ 8.6814804, 49.4034873 ], [ 8.6818096, 49.4037364 ], [ 8.6817401, 49.4037762 ] ] ] } },
{ "type": "Feature", "properties": { "index": "89", "@osmId": "way/368821341", "name": "Gästeparkplatz Hotel Regina", "opening_hours": null, "label": "Surface car parks", "color": "#969696" }, "geometry": { "type": "Polygon", "coordinates": [ [ [ 8.6915175, 49.4096662 ], [ 8.6915048, 49.4097241 ], [ 8.691304, 49.409705 ], [ 8.6913168, 49.4096471 ], [ 8.6915175, 49.4096662 ] ] ] } },
{ "type": "Feature", "properties": { "index": "90", "@osmId": "way/369280172", "name": null, "opening_hours": null, "label": "Surface car parks", "color": "#969696" }, "geometry": { "type": "Polygon", "coordinates": [ [ [ 8.6986312, 49.40037 ], [ 8.6986129, 49.4004608 ], [ 8.698544, 49.4004511 ], [ 8.6985656, 49.4003491 ], [ 8.6986097, 49.4003037 ], [ 8.698693, 49.4002828 ], [ 8.6986312, 49.40037 ] ] ] } },
{ "type": "Feature", "properties": { "index": "91", "@osmId": "way/375695457", "name": null, "opening_hours": null, "label": "Surface car parks", "color": "#969696" }, "geometry": { "type": "Polygon", "coordinates": [ [ [ 8.6941147, 49.4067335 ], [ 8.6938916, 49.4067345 ], [ 8.6938906, 49.406647 ], [ 8.6938331, 49.4066473 ], [ 8.6938325, 49.4065919 ], [ 8.6941132, 49.4065906 ], [ 8.6941147, 49.4067335 ] ] ] } },
{ "type": "Feature", "properties": { "index": "92", "@osmId": "way/393513640", "name": null, "opening_hours": null, "label": "Surface car parks", "color": "#969696" }, "geometry": { "type": "Polygon", "coordinates": [ [ [ 8.6807973, 49.3987296 ], [ 8.6808648, 49.3987754 ], [ 8.6806512, 49.3989 ], [ 8.6806002, 49.3989339 ], [ 8.6803592, 49.3987599 ], [ 8.6807313, 49.3987564 ], [ 8.6807313, 49.3987298 ], [ 8.6807973, 49.3987296 ] ] ] } },
{ "type": "Feature", "properties": { "index": "93", "@osmId": "way/465845162", "name": null, "opening_hours": null, "label": "Surface car parks", "color": "#969696" }, "geometry": { "type": "Polygon", "coordinates": [ [ [ 8.69644, 49.411843 ], [ 8.6964206, 49.4118404 ], [ 8.6964837, 49.4116603 ], [ 8.6966529, 49.4116762 ], [ 8.6966529, 49.411703 ], [ 8.6965868, 49.4118638 ], [ 8.69644, 49.411843 ] ] ] } },
{ "type": "Feature", "properties": { "index": "94", "@osmId": "way/583431330", "name": null, "opening_hours": null, "label": "Surface car parks", "color": "#969696" }, "geometry": { "type": "Polygon", "coordinates": [ [ [ 8.685843, 49.4049428 ], [ 8.6856362, 49.4049215 ], [ 8.6856167, 49.4049207 ], [ 8.6856166, 49.4049116 ], [ 8.6856161, 49.4047829 ], [ 8.6856164, 49.4047757 ], [ 8.685617, 49.4047626 ], [ 8.6856176, 49.4047476 ], [ 8.6856202, 49.4046856 ], [ 8.6858437, 49.4046877 ], [ 8.6858432, 49.4048922 ], [ 8.685843, 49.4049428 ] ] ] } },
{ "type": "Feature", "properties": { "index": "95", "@osmId": "way/627391827", "name": null, "opening_hours": null, "label": "Surface car parks", "color": "#969696" }, "geometry": { "type": "Polygon", "coordinates": [ [ [ 8.6931273, 49.4058349 ], [ 8.6930142, 49.4058475 ], [ 8.6930048, 49.4058117 ], [ 8.6931178, 49.4057991 ], [ 8.6931273, 49.4058349 ] ] ] } },
{ "type": "Feature", "properties": { "index": "96", "@osmId": "way/906284870", "name": null, "opening_hours": "07:00-19:00", "label": "Surface car parks", "color": "#969696" }, "geometry": { "type": "Polygon", "coordinates": [ [ [ 8.6925619, 49.3990927 ], [ 8.692423, 49.3990619 ], [ 8.6925465, 49.3988256 ], [ 8.6926856, 49.3988564 ], [ 8.6925619, 49.3990927 ] ] ] } },
{ "type": "Feature", "properties": { "index": "97", "@osmId": "way/946863204", "name": null, "opening_hours": null, "label": "Surface car parks", "color": "#969696" }, "geometry": { "type": "Polygon", "coordinates": [ [ [ 8.6913804, 49.4080863 ], [ 8.6912803, 49.4080708 ], [ 8.691328, 49.4080173 ], [ 8.6914055, 49.4080297 ], [ 8.6913804, 49.4080863 ] ] ] } },
{ "type": "Feature", "properties": { "index": "98", "@osmId": "way/987635390", "name": null, "opening_hours": null, "label": "Surface car parks", "color": "#969696" }, "geometry": { "type": "Polygon", "coordinates": [ [ [ 8.6904044, 49.4136578 ], [ 8.6902876, 49.4136598 ], [ 8.6902832, 49.4135523 ], [ 8.6904, 49.4135503 ], [ 8.6904044, 49.4136578 ] ] ] } },
{ "type": "Feature", "properties": { "index": "99", "@osmId": "way/1046108962", "name": null, "opening_hours": null, "label": "Surface car parks", "color": "#969696" }, "geometry": { "type": "Polygon", "coordinates": [ [ [ 8.682202, 49.4025484 ], [ 8.6818525, 49.4025386 ], [ 8.6818633, 49.402375 ], [ 8.6823414, 49.4023883 ], [ 8.6823375, 49.4024478 ], [ 8.6822088, 49.4024442 ], [ 8.682202, 49.4025484 ] ] ] } },
{ "type": "Feature", "properties": { "index": "100", "@osmId": "way/24684166", "name": "Heiligenberg", "opening_hours": null, "label": "Surface car parks", "color": "#969696" }, "geometry": { "type": "Polygon", "coordinates": [ [ [ 8.7054104, 49.4204083 ], [ 8.7057804, 49.4207309 ], [ 8.7055674, 49.420836 ], [ 8.705525, 49.4207825 ], [ 8.7054243, 49.4206942 ], [ 8.7051824, 49.4204894 ], [ 8.7049546, 49.4203004 ], [ 8.7048459, 49.4202194 ], [ 8.7047597, 49.4201611 ], [ 8.7046956, 49.4201227 ], [ 8.7047838, 49.4201177 ], [ 8.7049574, 49.4201445 ], [ 8.7050828, 49.4201792 ], [ 8.7052001, 49.4202358 ], [ 8.7053209, 49.4203238 ], [ 8.7054104, 49.4204083 ] ] ] } },
{ "type": "Feature", "properties": { "index": "101", "@osmId": "way/1292413346", "name": null, "opening_hours": null, "label": "Surface car parks", "color": "#969696" }, "geometry": { "type": "Polygon", "coordinates": [ [ [ 8.69624, 49.4109281 ], [ 8.6962395, 49.4109509 ], [ 8.6961977, 49.4109505 ], [ 8.6961982, 49.4109277 ], [ 8.69624, 49.4109281 ] ] ] } },
{ "type": "Feature", "properties": { "index": "102", "@osmId": "way/1300561751", "name": null, "opening_hours": null, "label": "Surface car parks", "color": "#969696" }, "geometry": { "type": "Polygon", "coordinates": [ [ [ 8.6865905, 49.4086646 ], [ 8.6862006, 49.4085993 ], [ 8.6862725, 49.4084176 ], [ 8.6866624, 49.4084829 ], [ 8.6865905, 49.4086646 ] ] ] } },
{ "type": "Feature", "properties": { "index": "103", "@osmId": "way/24684168", "name": null, "opening_hours": null, "label": "Surface car parks", "color": "#969696" }, "geometry": { "type": "Polygon", "coordinates": [ [ [ 8.7054118, 49.4219206 ], [ 8.7055654, 49.422 ], [ 8.7053501, 49.422 ], [ 8.7054118, 49.4219206 ] ] ] } },
{ "type": "Feature", "properties": { "index": "104", "@osmId": "way/1300576293", "name": null, "opening_hours": null, "label": "Surface car parks", "color": "#969696" }, "geometry": { "type": "Polygon", "coordinates": [ [ [ 8.6894351, 49.4150827 ], [ 8.6891937, 49.4150689 ], [ 8.6892047, 49.4149878 ], [ 8.689446, 49.4150016 ], [ 8.6894351, 49.4150827 ] ] ] } },
{ "type": "Feature", "properties": { "index": "105", "@osmId": "way/62293895", "name": null, "opening_hours": null, "label": "Surface car parks", "color": "#969696" }, "geometry": { "type": "Polygon", "coordinates": [ [ [ 8.7041811, 49.4122066 ], [ 8.7040698, 49.412192 ], [ 8.7041213, 49.4120107 ], [ 8.7043078, 49.412035 ], [ 8.7043227, 49.4119867 ], [ 8.704925, 49.4120672 ], [ 8.7048613, 49.4122965 ], [ 8.7041811, 49.4122066 ] ] ] } },
{ "type": "Feature", "properties": { "index": "106", "@osmId": "way/1301910143", "name": null, "opening_hours": null, "label": "Surface car parks", "color": "#969696" }, "geometry": { "type": "Polygon", "coordinates": [ [ [ 8.6859161, 49.4046646 ], [ 8.6859222, 49.4046219 ], [ 8.6860985, 49.4046282 ], [ 8.6861012, 49.4045861 ], [ 8.6861756, 49.4045889 ], [ 8.6861721, 49.4046333 ], [ 8.6861669, 49.404693 ], [ 8.6861702, 49.4047392 ], [ 8.686174, 49.4047946 ], [ 8.6861763, 49.404816 ], [ 8.6860533, 49.4048152 ], [ 8.6860446, 49.4048151 ], [ 8.6860425, 49.4047492 ], [ 8.685996, 49.4047498 ], [ 8.6859959, 49.4046934 ], [ 8.6859155, 49.4046873 ], [ 8.6859161, 49.4046646 ] ] ] } },
{ "type": "Feature", "properties": { "index": "107", "@osmId": "way/1301910147", "name": null, "opening_hours": null, "label": "Surface car parks", "color": "#969696" }, "geometry": { "type": "Polygon", "coordinates": [ [ [ 8.6863486, 49.4046898 ], [ 8.6863533, 49.4046415 ], [ 8.6865575, 49.4046496 ], [ 8.6865521, 49.404681 ], [ 8.68655, 49.4047194 ], [ 8.6865431, 49.4047637 ], [ 8.6863529, 49.4047665 ], [ 8.6863508, 49.4047345 ], [ 8.6863486, 49.4046898 ] ] ] } },
{ "type": "Feature", "properties": { "index": "108", "@osmId": "way/131479867", "name": null, "opening_hours": null, "label": "Surface car parks", "color": "#969696" }, "geometry": { "type": "Polygon", "coordinates": [ [ [ 8.7120879, 49.4092454 ], [ 8.7119122, 49.4091445 ], [ 8.7124126, 49.4091828 ], [ 8.7125324, 49.4092631 ], [ 8.7122538, 49.4092615 ], [ 8.7121321, 49.409256 ], [ 8.7120879, 49.4092454 ] ] ] } },
{ "type": "Feature", "properties": { "index": "109", "@osmId": "way/1303084478", "name": null, "opening_hours": null, "label": "Surface car parks", "color": "#969696" }, "geometry": { "type": "Polygon", "coordinates": [ [ [ 8.6871724, 49.4128321 ], [ 8.6870008, 49.4127906 ], [ 8.6870219, 49.4127537 ], [ 8.6871935, 49.4127952 ], [ 8.6871724, 49.4128321 ] ] ] } },
{ "type": "Feature", "properties": { "index": "110", "@osmId": "way/1327934530", "name": null, "opening_hours": null, "label": "Surface car parks", "color": "#969696" }, "geometry": { "type": "Polygon", "coordinates": [ [ [ 8.6938412, 49.4057758 ], [ 8.6934139, 49.4058651 ], [ 8.693365, 49.405766 ], [ 8.6937923, 49.4056767 ], [ 8.6938412, 49.4057758 ] ] ] } },
{ "type": "Feature", "properties": { "index": "111", "@osmId": "way/1454195259", "name": null, "opening_hours": null, "label": "Surface car parks", "color": "#969696" }, "geometry": { "type": "Polygon", "coordinates": [ [ [ 8.6984653, 49.4077527 ], [ 8.6984594, 49.4079214 ], [ 8.6981486, 49.4078508 ], [ 8.6981514, 49.4078454 ], [ 8.6980588, 49.4078215 ], [ 8.698111, 49.4076829 ], [ 8.6984653, 49.4077527 ] ] ] } },
{ "type": "Feature", "properties": { "index": "112", "@osmId": "way/133632022", "name": null, "opening_hours": null, "label": "Surface car parks", "color": "#969696" }, "geometry": { "type": "Polygon", "coordinates": [ [ [ 8.7198253, 49.41503 ], [ 8.72, 49.4150973 ], [ 8.72, 49.4151645 ], [ 8.7196757, 49.4150423 ], [ 8.7197128, 49.4150072 ], [ 8.7198253, 49.41503 ] ] ] } },
{ "type": "Feature", "properties": { "index": "113", "@osmId": "way/147497884", "name": "Blockhaus", "opening_hours": null, "label": "Surface car parks", "color": "#969696" }, "geometry": { "type": "Polygon", "coordinates": [ [ [ 8.7131258, 49.4009519 ], [ 8.713234, 49.4008668 ], [ 8.7133492, 49.4009056 ], [ 8.7133297, 49.400939 ], [ 8.7133835, 49.4009618 ], [ 8.7133676, 49.4010421 ], [ 8.7133325, 49.4011332 ], [ 8.7132862, 49.4011948 ], [ 8.713158, 49.4013075 ], [ 8.7130207, 49.4011742 ], [ 8.7129965, 49.4011482 ], [ 8.7129851, 49.4011198 ], [ 8.7129904, 49.401093 ], [ 8.7130085, 49.4010629 ], [ 8.7130356, 49.4010337 ], [ 8.7131258, 49.4009519 ] ] ] } },
{ "type": "Feature", "properties": { "index": "114", "@osmId": "way/166960585", "name": null, "opening_hours": null, "label": "Surface car parks", "color": "#969696" }, "geometry": { "type": "Polygon", "coordinates": [ [ [ 8.7078463, 49.4096894 ], [ 8.7078585, 49.4096558 ], [ 8.7079602, 49.4096713 ], [ 8.7079481, 49.4097049 ], [ 8.7078463, 49.4096894 ] ] ] } },
{ "type": "Feature", "properties": { "index": "115", "@osmId": "way/166960586", "name": null, "opening_hours": null, "label": "Surface car parks", "color": "#969696" }, "geometry": { "type": "Polygon", "coordinates": [ [ [ 8.7074913, 49.4095681 ], [ 8.7075879, 49.4095845 ], [ 8.7075295, 49.4097301 ], [ 8.7074329, 49.4097137 ], [ 8.7074913, 49.4095681 ] ] ] } },
{ "type": "Feature", "properties": { "index": "116", "@osmId": "way/168000281", "name": null, "opening_hours": "24/7", "label": "Surface car parks", "color": "#969696" }, "geometry": { "type": "Polygon", "coordinates": [ [ [ 8.7195692, 49.4112399 ], [ 8.7195957, 49.4111901 ], [ 8.7196881, 49.4112229 ], [ 8.7196552, 49.4112743 ], [ 8.7196198, 49.4113399 ], [ 8.7195927, 49.4113968 ], [ 8.7195878, 49.4114195 ], [ 8.719581, 49.4114507 ], [ 8.7195789, 49.4114993 ], [ 8.7195879, 49.4115541 ], [ 8.7196567, 49.4117423 ], [ 8.7195709, 49.4117649 ], [ 8.7195485, 49.4117156 ], [ 8.7195084, 49.4116188 ], [ 8.719493, 49.4115716 ], [ 8.7194869, 49.4115389 ], [ 8.7194869, 49.4114965 ], [ 8.71949, 49.4114611 ], [ 8.7194978, 49.4114171 ], [ 8.7195091, 49.4113775 ], [ 8.7195439, 49.4112955 ], [ 8.7195692, 49.4112399 ] ] ] } },
{ "type": "Feature", "properties": { "index": "117", "@osmId": "way/168000283", "name": null, "opening_hours": null, "label": "Surface car parks", "color": "#969696" }, "geometry": { "type": "Polygon", "coordinates": [ [ [ 8.718465, 49.4090408 ], [ 8.7182083, 49.4091309 ], [ 8.718207, 49.4090408 ], [ 8.7183723, 49.4089782 ], [ 8.718465, 49.4090408 ] ] ] } },
{ "type": "Feature", "properties": { "index": "118", "@osmId": "way/168000285", "name": null, "opening_hours": null, "label": "Surface car parks", "color": "#969696" }, "geometry": { "type": "Polygon", "coordinates": [ [ [ 8.72, 49.4086717 ], [ 8.719971, 49.4086761 ], [ 8.7199549, 49.4085999 ], [ 8.72, 49.4085929 ], [ 8.72, 49.4086717 ] ] ] } },
{ "type": "Feature", "properties": { "index": "119", "@osmId": "way/171574579", "name": null, "opening_hours": null, "label": "Surface car parks", "color": "#969696" }, "geometry": { "type": "Polygon", "coordinates": [ [ [ 8.703871, 49.4070866 ], [ 8.7038137, 49.4070747 ], [ 8.7038678, 49.4070596 ], [ 8.7039133, 49.407051 ], [ 8.7039581, 49.407045 ], [ 8.7039955, 49.4070425 ], [ 8.7040329, 49.407043 ], [ 8.7040656, 49.407044 ], [ 8.7041049, 49.4070493 ], [ 8.7041131, 49.4071128 ], [ 8.7040143, 49.4071082 ], [ 8.7039164, 49.4070954 ], [ 8.703871, 49.4070866 ] ] ] } },
{ "type": "Feature", "properties": { "index": "120", "@osmId": "way/171574585", "name": null, "opening_hours": null, "label": "Surface car parks", "color": "#969696" }, "geometry": { "type": "Polygon", "coordinates": [ [ [ 8.7102449, 49.4058162 ], [ 8.710217, 49.4057866 ], [ 8.7103015, 49.4057525 ], [ 8.7103293, 49.4057822 ], [ 8.7102449, 49.4058162 ] ] ] } },
{ "type": "Feature", "properties": { "index": "121", "@osmId": "way/171574588", "name": null, "opening_hours": null, "label": "Surface car parks", "color": "#969696" }, "geometry": { "type": "Polygon", "coordinates": [ [ [ 8.7100378, 49.405146 ], [ 8.7100097, 49.405105 ], [ 8.7101865, 49.4050851 ], [ 8.710213, 49.4051263 ], [ 8.7101838, 49.4051339 ], [ 8.710151, 49.4051383 ], [ 8.7100378, 49.405146 ] ] ] } },
{ "type": "Feature", "properties": { "index": "122", "@osmId": "way/171691951", "name": null, "opening_hours": null, "label": "Surface car parks", "color": "#969696" }, "geometry": { "type": "Polygon", "coordinates": [ [ [ 8.7101457, 49.4099793 ], [ 8.7098562, 49.409868 ], [ 8.7099345, 49.4098546 ], [ 8.7101889, 49.4099509 ], [ 8.7102624, 49.4099864 ], [ 8.710434, 49.4100834 ], [ 8.710565, 49.4101656 ], [ 8.7105224, 49.4101982 ], [ 8.7103875, 49.4101123 ], [ 8.710227, 49.4100183 ], [ 8.7101457, 49.4099793 ] ] ] } },
{ "type": "Feature", "properties": { "index": "123", "@osmId": "way/171691954", "name": null, "opening_hours": null, "label": "Surface car parks", "color": "#969696" }, "geometry": { "type": "Polygon", "coordinates": [ [ [ 8.7089478, 49.4134006 ], [ 8.7088956, 49.4134043 ], [ 8.7088927, 49.4133863 ], [ 8.7090337, 49.4133785 ], [ 8.7091838, 49.4133744 ], [ 8.7092994, 49.4133694 ], [ 8.7094115, 49.4133632 ], [ 8.7095215, 49.413359 ], [ 8.7095387, 49.413359 ], [ 8.7096668, 49.4133588 ], [ 8.7097233, 49.4133494 ], [ 8.7098045, 49.413349 ], [ 8.7097855, 49.4133699 ], [ 8.7097689, 49.4133703 ], [ 8.7096753, 49.413372 ], [ 8.7095919, 49.4133732 ], [ 8.7095227, 49.4133742 ], [ 8.7094446, 49.4133773 ], [ 8.7093381, 49.4133844 ], [ 8.7092208, 49.4133891 ], [ 8.709138, 49.4133915 ], [ 8.7090276, 49.4133954 ], [ 8.7089478, 49.4134006 ] ] ] } },
{ "type": "Feature", "properties": { "index": "124", "@osmId": "way/171691955", "name": null, "opening_hours": null, "label": "Surface car parks", "color": "#969696" }, "geometry": { "type": "Polygon", "coordinates": [ [ [ 8.7111985, 49.4105652 ], [ 8.710866, 49.4103867 ], [ 8.710942, 49.4103643 ], [ 8.7112626, 49.4105343 ], [ 8.7111985, 49.4105652 ] ] ] } },
{ "type": "Feature", "properties": { "index": "125", "@osmId": "way/171691957", "name": null, "opening_hours": null, "label": "Surface car parks", "color": "#969696" }, "geometry": { "type": "Polygon", "coordinates": [ [ [ 8.712205, 49.4091107 ], [ 8.7120421, 49.409098 ], [ 8.7118586, 49.4090854 ], [ 8.7118641, 49.4090514 ], [ 8.7120476, 49.409064 ], [ 8.7122111, 49.4090767 ], [ 8.7123762, 49.4090914 ], [ 8.712369, 49.4091253 ], [ 8.712205, 49.4091107 ] ] ] } },
{ "type": "Feature", "properties": { "index": "126", "@osmId": "way/173307452", "name": null, "opening_hours": null, "label": "Surface car parks", "color": "#969696" }, "geometry": { "type": "Polygon", "coordinates": [ [ [ 8.7125623, 49.4089764 ], [ 8.7124932, 49.4089634 ], [ 8.7125002, 49.4089429 ], [ 8.7125739, 49.4089568 ], [ 8.7126465, 49.4089744 ], [ 8.7126353, 49.4089941 ], [ 8.7125623, 49.4089764 ] ] ] } },
{ "type": "Feature", "properties": { "index": "127", "@osmId": "way/179384122", "name": null, "opening_hours": null, "label": "Surface car parks", "color": "#969696" }, "geometry": { "type": "Polygon", "coordinates": [ [ [ 8.7078199, 49.4072697 ], [ 8.7077908, 49.4072705 ], [ 8.7078999, 49.4070159 ], [ 8.7079216, 49.4070323 ], [ 8.7078199, 49.4072697 ] ] ] } },
{ "type": "Feature", "properties": { "index": "128", "@osmId": "way/180108351", "name": null, "opening_hours": null, "label": "Surface car parks", "color": "#969696" }, "geometry": { "type": "Polygon", "coordinates": [ [ [ 8.7133079, 49.408944 ], [ 8.7131576, 49.4089517 ], [ 8.7131917, 49.4088918 ], [ 8.71326, 49.4088351 ], [ 8.7134138, 49.4088819 ], [ 8.7134712, 49.4089448 ], [ 8.7133936, 49.4089428 ], [ 8.7133079, 49.408944 ] ] ] } },
{ "type": "Feature", "properties": { "index": "129", "@osmId": "way/180108352", "name": null, "opening_hours": null, "label": "Surface car parks", "color": "#969696" }, "geometry": { "type": "Polygon", "coordinates": [ [ [ 8.7127733, 49.4116007 ], [ 8.7126501, 49.4115578 ], [ 8.7127661, 49.4114168 ], [ 8.7128914, 49.4114605 ], [ 8.712883, 49.4114707 ], [ 8.7129376, 49.4114897 ], [ 8.7129304, 49.4114983 ], [ 8.7130284, 49.4115325 ], [ 8.7129711, 49.4116022 ], [ 8.7129895, 49.4116086 ], [ 8.7129543, 49.4116514 ], [ 8.7128174, 49.4116037 ], [ 8.7128284, 49.4115903 ], [ 8.7127922, 49.4115777 ], [ 8.7127733, 49.4116007 ] ] ] } },
{ "type": "Feature", "properties": { "index": "130", "@osmId": "way/222989109", "name": null, "opening_hours": null, "label": "Surface car parks", "color": "#969696" }, "geometry": { "type": "Polygon", "coordinates": [ [ [ 8.7022038, 49.4088529 ], [ 8.7019338, 49.4088463 ], [ 8.7019358, 49.4088274 ], [ 8.7022008, 49.4088329 ], [ 8.702559, 49.4088284 ], [ 8.702559, 49.4088483 ], [ 8.7022038, 49.4088529 ] ] ] } },
{ "type": "Feature", "properties": { "index": "131", "@osmId": "way/223978292", "name": null, "opening_hours": "24/7", "label": "Surface car parks", "color": "#969696" }, "geometry": { "type": "Polygon", "coordinates": [ [ [ 8.7199293, 49.4121671 ], [ 8.72, 49.4122416 ], [ 8.72, 49.4123276 ], [ 8.7199329, 49.412263 ], [ 8.7198533, 49.4121807 ], [ 8.7197848, 49.4121124 ], [ 8.7198025, 49.4120532 ], [ 8.7198345, 49.4120755 ], [ 8.7198599, 49.4120963 ], [ 8.7198822, 49.4121169 ], [ 8.7199068, 49.4121424 ], [ 8.7199293, 49.4121671 ] ] ] } },
{ "type": "Feature", "properties": { "index": "132", "@osmId": "way/223978293", "name": null, "opening_hours": "24/7", "label": "Surface car parks", "color": "#969696" }, "geometry": { "type": "Polygon", "coordinates": [ [ [ 8.7198343, 49.4109616 ], [ 8.7197449, 49.4109389 ], [ 8.7198202, 49.4108133 ], [ 8.7199096, 49.410836 ], [ 8.7198343, 49.4109616 ] ] ] } },
{ "type": "Feature", "properties": { "index": "133", "@osmId": "way/223978294", "name": null, "opening_hours": "24/7", "label": "Surface car parks", "color": "#969696" }, "geometry": { "type": "Polygon", "coordinates": [ [ [ 8.7199318, 49.4120048 ], [ 8.72, 49.4120776 ], [ 8.72, 49.412176 ], [ 8.7199499, 49.4121221 ], [ 8.7199253, 49.4120977 ], [ 8.7198972, 49.4120691 ], [ 8.7198598, 49.4120413 ], [ 8.7198182, 49.4120108 ], [ 8.719762, 49.4119785 ], [ 8.7199318, 49.4120048 ] ] ] } },
{ "type": "Feature", "properties": { "index": "134", "@osmId": "way/244473984", "name": null, "opening_hours": null, "label": "Surface car parks", "color": "#969696" }, "geometry": { "type": "Polygon", "coordinates": [ [ [ 8.7192301, 49.4094713 ], [ 8.7193253, 49.4096105 ], [ 8.7192336, 49.4095996 ], [ 8.7190061, 49.4095725 ], [ 8.7187762, 49.4095439 ], [ 8.7185202, 49.409516 ], [ 8.7183954, 49.4095057 ], [ 8.7182737, 49.4094957 ], [ 8.7185154, 49.4093892 ], [ 8.7192301, 49.4094713 ] ] ] } },
{ "type": "Feature", "properties": { "index": "135", "@osmId": "way/270570112", "name": null, "opening_hours": null, "label": "Surface car parks", "color": "#969696" }, "geometry": { "type": "Polygon", "coordinates": [ [ [ 8.7122751, 49.4133283 ], [ 8.7122416, 49.4133522 ], [ 8.7122483, 49.4131646 ], [ 8.7121734, 49.4131517 ], [ 8.7120871, 49.4131362 ], [ 8.7121127, 49.4130678 ], [ 8.7125537, 49.4131341 ], [ 8.7125466, 49.4132049 ], [ 8.7125232, 49.4133117 ], [ 8.712354, 49.4133014 ], [ 8.7123501, 49.4133268 ], [ 8.7122751, 49.4133283 ] ] ] } },
{ "type": "Feature", "properties": { "index": "136", "@osmId": "way/302248273", "name": null, "opening_hours": null, "label": "Surface car parks", "color": "#969696" }, "geometry": { "type": "Polygon", "coordinates": [ [ [ 8.7142946, 49.4068253 ], [ 8.7143222, 49.4068716 ], [ 8.7141552, 49.4069148 ], [ 8.7141228, 49.4068669 ], [ 8.7140084, 49.4067789 ], [ 8.7139282, 49.4067172 ], [ 8.7138519, 49.4067521 ], [ 8.7137721, 49.4066825 ], [ 8.7141175, 49.4064954 ], [ 8.7142308, 49.40647 ], [ 8.7143879, 49.4064644 ], [ 8.714442, 49.406441 ], [ 8.714511, 49.4065171 ], [ 8.7144751, 49.4065458 ], [ 8.7144977, 49.4065911 ], [ 8.7142047, 49.4066775 ], [ 8.7142412, 49.4067347 ], [ 8.7143896, 49.4066965 ], [ 8.7144456, 49.4067821 ], [ 8.7142946, 49.4068253 ] ] ] } },
{ "type": "Feature", "properties": { "index": "137", "@osmId": "way/302878343", "name": null, "opening_hours": "24/7", "label": "Surface car parks", "color": "#969696" }, "geometry": { "type": "Polygon", "coordinates": [ [ [ 8.7196809, 49.41086 ], [ 8.7197438, 49.4108776 ], [ 8.7196378, 49.4110413 ], [ 8.719581, 49.4111253 ], [ 8.7195255, 49.4112243 ], [ 8.7194823, 49.4113046 ], [ 8.7194589, 49.4113872 ], [ 8.7194404, 49.4114707 ], [ 8.7194392, 49.4115229 ], [ 8.7194466, 49.4115903 ], [ 8.71947, 49.4116577 ], [ 8.7195477, 49.4118118 ], [ 8.7195058, 49.4118246 ], [ 8.7194626, 49.4117749 ], [ 8.7194293, 49.4117259 ], [ 8.7193997, 49.4116705 ], [ 8.7193763, 49.4116144 ], [ 8.7193664, 49.4115646 ], [ 8.7193664, 49.4114795 ], [ 8.71938, 49.4114009 ], [ 8.7193972, 49.4113375 ], [ 8.7194305, 49.411254 ], [ 8.7194712, 49.4111722 ], [ 8.7195169, 49.4110879 ], [ 8.719581, 49.4109932 ], [ 8.7196809, 49.41086 ] ] ] } },
{ "type": "Feature", "properties": { "index": "138", "@osmId": "way/302878344", "name": null, "opening_hours": "24/7", "label": "Surface car parks", "color": "#969696" }, "geometry": { "type": "Polygon", "coordinates": [ [ [ 8.7197141, 49.4111696 ], [ 8.7196238, 49.4111455 ], [ 8.7197281, 49.4109801 ], [ 8.7198184, 49.4110042 ], [ 8.7197141, 49.4111696 ] ] ] } },
{ "type": "Feature", "properties": { "index": "139", "@osmId": "way/313085301", "name": null, "opening_hours": null, "label": "Surface car parks", "color": "#969696" }, "geometry": { "type": "Polygon", "coordinates": [ [ [ 8.711914, 49.4123738 ], [ 8.7118167, 49.4125274 ], [ 8.7115847, 49.4124919 ], [ 8.7115799, 49.4124912 ], [ 8.7116545, 49.4123069 ], [ 8.711914, 49.4123738 ] ] ] } },
{ "type": "Feature", "properties": { "index": "140", "@osmId": "way/350677470", "name": null, "opening_hours": null, "label": "Surface car parks", "color": "#969696" }, "geometry": { "type": "Polygon", "coordinates": [ [ [ 8.7053607, 49.4130263 ], [ 8.7052959, 49.413019 ], [ 8.7053697, 49.4127405 ], [ 8.7054345, 49.4127478 ], [ 8.7053607, 49.4130263 ] ] ] } },
{ "type": "Feature", "properties": { "index": "141", "@osmId": "way/376380059", "name": null, "opening_hours": null, "label": "Surface car parks", "color": "#969696" }, "geometry": { "type": "Polygon", "coordinates": [ [ [ 8.7065244, 49.40888 ], [ 8.7065071, 49.4088452 ], [ 8.7066927, 49.4088062 ], [ 8.70671, 49.408841 ], [ 8.7065244, 49.40888 ] ] ] } },
{ "type": "Feature", "properties": { "index": "142", "@osmId": "way/388111699", "name": null, "opening_hours": null, "label": "Surface car parks", "color": "#969696" }, "geometry": { "type": "Polygon", "coordinates": [ [ [ 8.7038232, 49.4209473 ], [ 8.7040791, 49.4214868 ], [ 8.7039398, 49.4214004 ], [ 8.7035997, 49.4206997 ], [ 8.7036774, 49.4207071 ], [ 8.7038232, 49.4209473 ] ] ] } },
{ "type": "Feature", "properties": { "index": "143", "@osmId": "way/466671734", "name": null, "opening_hours": null, "label": "Surface car parks", "color": "#969696" }, "geometry": { "type": "Polygon", "coordinates": [ [ [ 8.7068093, 49.4152809 ], [ 8.7068676, 49.4151138 ], [ 8.7070319, 49.4151274 ], [ 8.7070104, 49.4153084 ], [ 8.7068093, 49.4152809 ] ] ] } },
{ "type": "Feature", "properties": { "index": "144", "@osmId": "way/489309272", "name": null, "opening_hours": null, "label": "Surface car parks", "color": "#969696" }, "geometry": { "type": "Polygon", "coordinates": [ [ [ 8.7125272, 49.4127925 ], [ 8.712557, 49.4127971 ], [ 8.7127058, 49.4128201 ], [ 8.7126671, 49.4129261 ], [ 8.7123657, 49.4128796 ], [ 8.7124044, 49.4127735 ], [ 8.7124991, 49.4127882 ], [ 8.7125272, 49.4127925 ] ] ] } },
{ "type": "Feature", "properties": { "index": "145", "@osmId": "way/584357944", "name": null, "opening_hours": null, "label": "Surface car parks", "color": "#969696" }, "geometry": { "type": "Polygon", "coordinates": [ [ [ 8.715205, 49.416826 ], [ 8.7151682, 49.416853 ], [ 8.7150304, 49.416773 ], [ 8.7152604, 49.4166009 ], [ 8.7154094, 49.416676 ], [ 8.715205, 49.416826 ] ] ] } },
{ "type": "Feature", "properties": { "index": "146", "@osmId": "way/1292399364", "name": null, "opening_hours": null, "label": "Surface car parks", "color": "#969696" }, "geometry": { "type": "Polygon", "coordinates": [ [ [ 8.7104728, 49.4158294 ], [ 8.710106, 49.4158276 ], [ 8.7101073, 49.4157199 ], [ 8.7104741, 49.4157217 ], [ 8.7104728, 49.4158294 ] ] ] } },
{ "type": "Feature", "properties": { "index": "147", "@osmId": "way/1413473563", "name": null, "opening_hours": null, "label": "Surface car parks", "color": "#969696" }, "geometry": { "type": "Polygon", "coordinates": [ [ [ 8.7127423, 49.4105974 ], [ 8.7127251, 49.4106213 ], [ 8.7126588, 49.4106011 ], [ 8.7126746, 49.4105791 ], [ 8.7127116, 49.4105904 ], [ 8.7127854, 49.4104879 ], [ 8.7128433, 49.4105055 ], [ 8.7127708, 49.4106061 ], [ 8.7127423, 49.4105974 ] ] ] } },
{ "type": "Feature", "properties": { "index": "148", "@osmId": "way/1422871098", "name": null, "opening_hours": null, "label": "Surface car parks", "color": "#969696" }, "geometry": { "type": "Polygon", "coordinates": [ [ [ 8.7063396, 49.4060661 ], [ 8.7063122, 49.4060446 ], [ 8.7066811, 49.4058453 ], [ 8.7067085, 49.4058668 ], [ 8.7063396, 49.4060661 ] ] ] } },
{ "type": "Feature", "properties": { "index": "149", "@osmId": "way/24794024", "name": "Parkplätze Landfriedgelände", "opening_hours": "24/7", "label": "Surface car parks", "color": "#969696" }, "geometry": { "type": "Polygon", "coordinates": [ [ [ 8.6749432, 49.4064532 ], [ 8.6749555, 49.4062059 ], [ 8.6755379, 49.40621 ], [ 8.6755394, 49.4061759 ], [ 8.6762137, 49.4061735 ], [ 8.6762159, 49.4064046 ], [ 8.6762166, 49.4064768 ], [ 8.676113, 49.4064744 ], [ 8.6749432, 49.4064532 ] ] ] } },
{ "type": "Feature", "properties": { "index": "150", "@osmId": "way/24853958", "name": null, "opening_hours": null, "label": "Surface car parks", "color": "#969696" }, "geometry": { "type": "Polygon", "coordinates": [ [ [ 8.676652, 49.4083806 ], [ 8.6760174, 49.4083712 ], [ 8.6760298, 49.4080318 ], [ 8.6761657, 49.4080337 ], [ 8.6764473, 49.4080428 ], [ 8.6765098, 49.408095 ], [ 8.6765052, 49.4082092 ], [ 8.6765887, 49.4082121 ], [ 8.6766351, 49.408273 ], [ 8.6766536, 49.4083345 ], [ 8.676652, 49.4083806 ] ] ] } },
{ "type": "Feature", "properties": { "index": "151", "@osmId": "way/24968878", "name": null, "opening_hours": null, "label": "Surface car parks", "color": "#969696" }, "geometry": { "type": "Polygon", "coordinates": [ [ [ 8.6603137, 49.4101672 ], [ 8.66, 49.4102573 ], [ 8.66, 49.4099721 ], [ 8.6606639, 49.409841 ], [ 8.661208, 49.4097558 ], [ 8.6606755, 49.4100369 ], [ 8.6603137, 49.4101672 ] ] ] } },
{ "type": "Feature", "properties": { "index": "152", "@osmId": "way/24970858", "name": null, "opening_hours": null, "label": "Surface car parks", "color": "#969696" }, "geometry": { "type": "Polygon", "coordinates": [ [ [ 8.6754588, 49.4210955 ], [ 8.6749414, 49.4218329 ], [ 8.6748461, 49.421827 ], [ 8.674837, 49.4216418 ], [ 8.6748309, 49.4215176 ], [ 8.6748281, 49.4213793 ], [ 8.6748253, 49.4212357 ], [ 8.6748225, 49.4210958 ], [ 8.6754588, 49.4210955 ] ] ] } },
{ "type": "Feature", "properties": { "index": "153", "@osmId": "way/24974574", "name": null, "opening_hours": null, "label": "Surface car parks", "color": "#969696" }, "geometry": { "type": "Polygon", "coordinates": [ [ [ 8.6758599, 49.4209649 ], [ 8.6756992, 49.4209641 ], [ 8.6755519, 49.4209649 ], [ 8.6755519, 49.4207144 ], [ 8.675503, 49.4207145 ], [ 8.6755043, 49.4205545 ], [ 8.6755828, 49.4205555 ], [ 8.6756078, 49.4202084 ], [ 8.675497, 49.4202089 ], [ 8.6754977, 49.4200383 ], [ 8.675502, 49.4198939 ], [ 8.6758824, 49.4198897 ], [ 8.6758599, 49.4209649 ] ] ] } },
{ "type": "Feature", "properties": { "index": "154", "@osmId": "way/24974996", "name": null, "opening_hours": null, "label": "Surface car parks", "color": "#969696" }, "geometry": { "type": "Polygon", "coordinates": [ [ [ 8.6719768, 49.4201626 ], [ 8.6717151, 49.4201652 ], [ 8.6717206, 49.4199408 ], [ 8.6719612, 49.4199417 ], [ 8.6719612, 49.4198789 ], [ 8.6722003, 49.4198807 ], [ 8.6721947, 49.4200092 ], [ 8.6721903, 49.4203299 ], [ 8.6719716, 49.4203302 ], [ 8.6719768, 49.4201626 ] ] ] } },
{ "type": "Feature", "properties": { "index": "155", "@osmId": "way/24975167", "name": null, "opening_hours": null, "label": "Surface car parks", "color": "#969696" }, "geometry": { "type": "Polygon", "coordinates": [ [ [ 8.6701634, 49.4208051 ], [ 8.6688612, 49.4208083 ], [ 8.668861, 49.4206944 ], [ 8.6702334, 49.4206935 ], [ 8.6702312, 49.4197947 ], [ 8.6702965, 49.4197912 ], [ 8.6709995, 49.4197888 ], [ 8.6717199, 49.4197738 ], [ 8.6717224, 49.4198372 ], [ 8.6717243, 49.419886 ], [ 8.6716507, 49.4198837 ], [ 8.6716542, 49.4202039 ], [ 8.6719095, 49.4202044 ], [ 8.6719131, 49.4208013 ], [ 8.6711889, 49.4207885 ], [ 8.6711394, 49.4209766 ], [ 8.6709902, 49.4212722 ], [ 8.67117, 49.4213023 ], [ 8.671105, 49.421529 ], [ 8.6712544, 49.4218314 ], [ 8.6711991, 49.4219561 ], [ 8.6702245, 49.4217429 ], [ 8.6701253, 49.4215318 ], [ 8.6704391, 49.4209648 ], [ 8.6709032, 49.4209726 ], [ 8.6709689, 49.4208034 ], [ 8.6701634, 49.4208051 ] ] ] } },
{ "type": "Feature", "properties": { "index": "156", "@osmId": "way/24975342", "name": null, "opening_hours": null, "label": "Surface car parks", "color": "#969696" }, "geometry": { "type": "Polygon", "coordinates": [ [ [ 8.6687121, 49.4213396 ], [ 8.667996, 49.4213364 ], [ 8.6679907, 49.4207701 ], [ 8.6687067, 49.4207692 ], [ 8.6687121, 49.4213396 ] ] ] } },
{ "type": "Feature", "properties": { "index": "157", "@osmId": "way/24975490", "name": "P3", "opening_hours": null, "label": "Surface car parks", "color": "#969696" }, "geometry": { "type": "Polygon", "coordinates": [ [ [ 8.6680124, 49.4205458 ], [ 8.6679904, 49.4194993 ], [ 8.6687089, 49.4196618 ], [ 8.6687092, 49.4205496 ], [ 8.6680124, 49.4205458 ] ] ] } },
{ "type": "Feature", "properties": { "index": "158", "@osmId": "way/25039132", "name": null, "opening_hours": null, "label": "Surface car parks", "color": "#969696" }, "geometry": { "type": "Polygon", "coordinates": [ [ [ 8.6771788, 49.4037899 ], [ 8.6769365, 49.404099 ], [ 8.6767447, 49.4041888 ], [ 8.6767072, 49.4041873 ], [ 8.6765817, 49.4041824 ], [ 8.6764847, 49.4041778 ], [ 8.6764251, 49.4041736 ], [ 8.6763489, 49.4041672 ], [ 8.6762904, 49.4041506 ], [ 8.6762517, 49.4041248 ], [ 8.6762246, 49.4040944 ], [ 8.676215, 49.4040523 ], [ 8.6764, 49.4039721 ], [ 8.6765195, 49.4039252 ], [ 8.6767867, 49.4038119 ], [ 8.6770257, 49.403709 ], [ 8.6771951, 49.403638 ], [ 8.677265, 49.4036997 ], [ 8.6771788, 49.4037899 ] ] ] } },
{ "type": "Feature", "properties": { "index": "159", "@osmId": "way/25040312", "name": null, "opening_hours": null, "label": "Surface car parks", "color": "#969696" }, "geometry": { "type": "Polygon", "coordinates": [ [ [ 8.6754567, 49.408815 ], [ 8.6750784, 49.4088224 ], [ 8.6750634, 49.4087992 ], [ 8.6755412, 49.4087938 ], [ 8.676479, 49.408793 ], [ 8.6765253, 49.4088369 ], [ 8.6757471, 49.4088414 ], [ 8.6754567, 49.408815 ] ] ] } },
{ "type": "Feature", "properties": { "index": "160", "@osmId": "way/25056007", "name": null, "opening_hours": null, "label": "Surface car parks", "color": "#969696" }, "geometry": { "type": "Polygon", "coordinates": [ [ [ 8.6794207, 49.4036445 ], [ 8.6793653, 49.4036803 ], [ 8.6787571, 49.4032057 ], [ 8.6788246, 49.4031611 ], [ 8.6789188, 49.4032297 ], [ 8.6789705, 49.4032673 ], [ 8.6794207, 49.4036445 ] ] ] } },
{ "type": "Feature", "properties": { "index": "161", "@osmId": "way/25238592", "name": null, "opening_hours": null, "label": "Surface car parks", "color": "#969696" }, "geometry": { "type": "Polygon", "coordinates": [ [ [ 8.6750972, 49.4165763 ], [ 8.675113, 49.4158773 ], [ 8.6759589, 49.4158785 ], [ 8.6759581, 49.4159439 ], [ 8.6759518, 49.4165018 ], [ 8.6759523, 49.4165822 ], [ 8.6750972, 49.4165763 ] ] ] } },
{ "type": "Feature", "properties": { "index": "162", "@osmId": "way/25262370", "name": null, "opening_hours": null, "label": "Surface car parks", "color": "#969696" }, "geometry": { "type": "Polygon", "coordinates": [ [ [ 8.6740329, 49.4213616 ], [ 8.6736447, 49.4213604 ], [ 8.6736479, 49.4211505 ], [ 8.6737179, 49.4210978 ], [ 8.674033, 49.4211007 ], [ 8.6740329, 49.4213616 ] ] ] } },
{ "type": "Feature", "properties": { "index": "163", "@osmId": "way/25292988", "name": null, "opening_hours": null, "label": "Surface car parks", "color": "#969696" }, "geometry": { "type": "Polygon", "coordinates": [ [ [ 8.6735043, 49.409553 ], [ 8.6740803, 49.4091944 ], [ 8.6742081, 49.4092508 ], [ 8.6740529, 49.4093476 ], [ 8.6741085, 49.4093873 ], [ 8.6738405, 49.409561 ], [ 8.6735043, 49.409553 ] ] ] } },
{ "type": "Feature", "properties": { "index": "164", "@osmId": "way/25293371", "name": null, "opening_hours": null, "label": "Surface car parks", "color": "#969696" }, "geometry": { "type": "Polygon", "coordinates": [ [ [ 8.6605138, 49.409178 ], [ 8.660137, 49.4092264 ], [ 8.6600112, 49.4088125 ], [ 8.6601136, 49.4087993 ], [ 8.6600879, 49.4087147 ], [ 8.6603623, 49.4086794 ], [ 8.6605111, 49.4091693 ], [ 8.6605138, 49.409178 ] ] ] } },
{ "type": "Feature", "properties": { "index": "165", "@osmId": "way/25304730", "name": null, "opening_hours": null, "label": "Surface car parks", "color": "#969696" }, "geometry": { "type": "Polygon", "coordinates": [ [ [ 8.6742225, 49.4168575 ], [ 8.6736303, 49.4168634 ], [ 8.6736408, 49.4165713 ], [ 8.6742188, 49.416573 ], [ 8.6742225, 49.4168575 ] ] ] } },
{ "type": "Feature", "properties": { "index": "166", "@osmId": "way/25570517", "name": null, "opening_hours": null, "label": "Surface car parks", "color": "#969696" }, "geometry": { "type": "Polygon", "coordinates": [ [ [ 8.6690772, 49.4133508 ], [ 8.669077, 49.4134131 ], [ 8.6681304, 49.4134003 ], [ 8.6681344, 49.4133074 ], [ 8.6684315, 49.4133138 ], [ 8.6684322, 49.4132623 ], [ 8.6689124, 49.4132718 ], [ 8.6689129, 49.4133164 ], [ 8.6690779, 49.4133208 ], [ 8.6690772, 49.4133508 ] ] ] } },
{ "type": "Feature", "properties": { "index": "167", "@osmId": "way/25771060", "name": "Parkplatz Kopfklinik", "opening_hours": null, "label": "Surface car parks", "color": "#969696" }, "geometry": { "type": "Polygon", "coordinates": [ [ [ 8.6662071, 49.4196411 ], [ 8.6648982, 49.4196419 ], [ 8.6648982, 49.4196011 ], [ 8.6648376, 49.4196012 ], [ 8.6648374, 49.4194748 ], [ 8.6648925, 49.4194748 ], [ 8.6648923, 49.4193819 ], [ 8.6649283, 49.4193819 ], [ 8.6649283, 49.4193411 ], [ 8.666208, 49.4193403 ], [ 8.6662081, 49.4193881 ], [ 8.6662662, 49.4193881 ], [ 8.6662665, 49.4195871 ], [ 8.666207, 49.4195871 ], [ 8.6662071, 49.4196411 ] ] ] } },
{ "type": "Feature", "properties": { "index": "168", "@osmId": "way/25805722", "name": null, "opening_hours": null, "label": "Surface car parks", "color": "#969696" }, "geometry": { "type": "Polygon", "coordinates": [ [ [ 8.6820156, 49.4218576 ], [ 8.6814914, 49.4217792 ], [ 8.6815868, 49.4214881 ], [ 8.681916, 49.4215341 ], [ 8.6819771, 49.4213491 ], [ 8.6822001, 49.4213704 ], [ 8.6821328, 49.4215547 ], [ 8.6821121, 49.4216175 ], [ 8.6820295, 49.4218104 ], [ 8.6820156, 49.4218576 ] ] ] } },
{ "type": "Feature", "properties": { "index": "169", "@osmId": "way/25805787", "name": null, "opening_hours": null, "label": "Surface car parks", "color": "#969696" }, "geometry": { "type": "Polygon", "coordinates": [ [ [ 8.6769617, 49.4190293 ], [ 8.6767232, 49.4190287 ], [ 8.6767285, 49.4189407 ], [ 8.6768923, 49.4189414 ], [ 8.6769151, 49.4189419 ], [ 8.6770327, 49.4187527 ], [ 8.6771414, 49.418767 ], [ 8.6769617, 49.4190293 ] ] ] } },
{ "type": "Feature", "properties": { "index": "170", "@osmId": "way/25813177", "name": null, "opening_hours": null, "label": "Surface car parks", "color": "#969696" }, "geometry": { "type": "Polygon", "coordinates": [ [ [ 8.670128, 49.4132759 ], [ 8.6699031, 49.413269 ], [ 8.6699163, 49.4128397 ], [ 8.6699831, 49.41284 ], [ 8.6699818, 49.4129085 ], [ 8.6701381, 49.4129089 ], [ 8.670128, 49.4132759 ] ] ] } },
{ "type": "Feature", "properties": { "index": "171", "@osmId": "way/25813185", "name": null, "opening_hours": null, "label": "Surface car parks", "color": "#969696" }, "geometry": { "type": "Polygon", "coordinates": [ [ [ 8.6716105, 49.4134824 ], [ 8.6714851, 49.413475 ], [ 8.6712613, 49.4134032 ], [ 8.6716096, 49.4133971 ], [ 8.6716105, 49.4134824 ] ] ] } },
{ "type": "Feature", "properties": { "index": "172", "@osmId": "way/25815335", "name": null, "opening_hours": null, "label": "Surface car parks", "color": "#969696" }, "geometry": { "type": "Polygon", "coordinates": [ [ [ 8.6789189, 49.4156539 ], [ 8.6780857, 49.4156467 ], [ 8.6780889, 49.4154937 ], [ 8.6789221, 49.415501 ], [ 8.6789189, 49.4156539 ] ] ] } },
{ "type": "Feature", "properties": { "index": "173", "@osmId": "way/25817111", "name": null, "opening_hours": null, "label": "Surface car parks", "color": "#969696" }, "geometry": { "type": "Polygon", "coordinates": [ [ [ 8.6705072, 49.4143909 ], [ 8.6702034, 49.414308 ], [ 8.6701976, 49.4136447 ], [ 8.6705258, 49.4136428 ], [ 8.6705279, 49.4135167 ], [ 8.6706796, 49.4135185 ], [ 8.6706725, 49.4138238 ], [ 8.6707496, 49.4138242 ], [ 8.6707442, 49.4139669 ], [ 8.6706765, 49.4139686 ], [ 8.6706812, 49.4140444 ], [ 8.670682, 49.4141362 ], [ 8.6706074, 49.4141348 ], [ 8.6705293, 49.4141554 ], [ 8.6704532, 49.4141553 ], [ 8.6704485, 49.4140048 ], [ 8.6704304, 49.4140053 ], [ 8.6704309, 49.4143018 ], [ 8.6705133, 49.4143011 ], [ 8.6705072, 49.4143909 ] ] ] } },
{ "type": "Feature", "properties": { "index": "174", "@osmId": "way/25960093", "name": null, "opening_hours": null, "label": "Surface car parks", "color": "#969696" }, "geometry": { "type": "Polygon", "coordinates": [ [ [ 8.660393, 49.4197215 ], [ 8.6601451, 49.4196416 ], [ 8.6601753, 49.4193187 ], [ 8.6603482, 49.4190229 ], [ 8.6607814, 49.419091 ], [ 8.6607098, 49.4192582 ], [ 8.6605883, 49.4192663 ], [ 8.6605837, 49.4195733 ], [ 8.6610851, 49.4195767 ], [ 8.6610923, 49.419947 ], [ 8.6603688, 49.4197547 ], [ 8.660393, 49.4197215 ] ] ] } },
{ "type": "Feature", "properties": { "index": "175", "@osmId": "way/25960105", "name": null, "opening_hours": null, "label": "Surface car parks", "color": "#969696" }, "geometry": { "type": "Polygon", "coordinates": [ [ [ 8.6643427, 49.4193064 ], [ 8.6638042, 49.4193019 ], [ 8.6638036, 49.4191532 ], [ 8.6643432, 49.4191598 ], [ 8.6643427, 49.4193064 ] ] ] } },
{ "type": "Feature", "properties": { "index": "176", "@osmId": "way/26003673", "name": null, "opening_hours": null, "label": "Surface car parks", "color": "#969696" }, "geometry": { "type": "Polygon", "coordinates": [ [ [ 8.661069, 49.4179568 ], [ 8.6608648, 49.4179102 ], [ 8.6613553, 49.4169951 ], [ 8.6615783, 49.4170482 ], [ 8.661069, 49.4179568 ] ] ] } },
{ "type": "Feature", "properties": { "index": "177", "@osmId": "way/26004975", "name": null, "opening_hours": null, "label": "Surface car parks", "color": "#969696" }, "geometry": { "type": "Polygon", "coordinates": [ [ [ 8.6606626, 49.4167016 ], [ 8.6607864, 49.4165286 ], [ 8.6608975, 49.4165629 ], [ 8.6607755, 49.4167312 ], [ 8.6606626, 49.4167016 ] ] ] } },
{ "type": "Feature", "properties": { "index": "178", "@osmId": "way/26088961", "name": null, "opening_hours": null, "label": "Surface car parks", "color": "#969696" }, "geometry": { "type": "Polygon", "coordinates": [ [ [ 8.6747813, 49.4136599 ], [ 8.6742307, 49.4136495 ], [ 8.6742391, 49.4134607 ], [ 8.6747897, 49.413471 ], [ 8.6747813, 49.4136599 ] ] ] } },
{ "type": "Feature", "properties": { "index": "179", "@osmId": "way/26088970", "name": null, "opening_hours": null, "label": "Surface car parks", "color": "#969696" }, "geometry": { "type": "Polygon", "coordinates": [ [ [ 8.6753874, 49.4126666 ], [ 8.674524, 49.4126536 ], [ 8.6745294, 49.4125023 ], [ 8.6753928, 49.4125153 ], [ 8.6753874, 49.4126666 ] ] ] } },
{ "type": "Feature", "properties": { "index": "180", "@osmId": "way/26105284", "name": null, "opening_hours": null, "label": "Surface car parks", "color": "#969696" }, "geometry": { "type": "Polygon", "coordinates": [ [ [ 8.676787, 49.4065642 ], [ 8.6762206, 49.4065682 ], [ 8.6762234, 49.4064425 ], [ 8.6762259, 49.4061972 ], [ 8.6767989, 49.4062089 ], [ 8.676787, 49.4065642 ] ] ] } },
{ "type": "Feature", "properties": { "index": "181", "@osmId": "way/26107842", "name": null, "opening_hours": null, "label": "Surface car parks", "color": "#969696" }, "geometry": { "type": "Polygon", "coordinates": [ [ [ 8.6630994, 49.4085769 ], [ 8.6630524, 49.4086279 ], [ 8.6628799, 49.4086748 ], [ 8.6628014, 49.4085375 ], [ 8.6628517, 49.4084883 ], [ 8.6630966, 49.4084399 ], [ 8.6630994, 49.4085769 ] ] ] } },
{ "type": "Feature", "properties": { "index": "182", "@osmId": "way/26112015", "name": null, "opening_hours": null, "label": "Surface car parks", "color": "#969696" }, "geometry": { "type": "Polygon", "coordinates": [ [ [ 8.6699351, 49.4062108 ], [ 8.6693859, 49.406334 ], [ 8.6693627, 49.4062745 ], [ 8.6697245, 49.4061901 ], [ 8.6698557, 49.4061878 ], [ 8.6699351, 49.4062108 ] ] ] } },
{ "type": "Feature", "properties": { "index": "183", "@osmId": "way/27619158", "name": null, "opening_hours": null, "label": "Surface car parks", "color": "#969696" }, "geometry": { "type": "Polygon", "coordinates": [ [ [ 8.6845634, 49.4172589 ], [ 8.6845858, 49.417044 ], [ 8.6848338, 49.417055 ], [ 8.6848114, 49.4172698 ], [ 8.6845634, 49.4172589 ] ] ] } },
{ "type": "Feature", "properties": { "index": "184", "@osmId": "way/76844670", "name": null, "opening_hours": null, "label": "Surface car parks", "color": "#969696" }, "geometry": { "type": "Polygon", "coordinates": [ [ [ 8.6745839, 49.3990442 ], [ 8.674436, 49.3989438 ], [ 8.6746545, 49.398759 ], [ 8.6748349, 49.3988583 ], [ 8.6745839, 49.3990442 ] ] ] } },
{ "type": "Feature", "properties": { "index": "185", "@osmId": "way/87645980", "name": null, "opening_hours": null, "label": "Surface car parks", "color": "#969696" }, "geometry": { "type": "Polygon", "coordinates": [ [ [ 8.6759167, 49.4070679 ], [ 8.6759191, 49.407009 ], [ 8.6760296, 49.4070097 ], [ 8.6760284, 49.4069931 ], [ 8.6763368, 49.4069981 ], [ 8.6763312, 49.4071259 ], [ 8.6760491, 49.4071266 ], [ 8.6760508, 49.4070688 ], [ 8.6759167, 49.4070679 ] ] ] } },
{ "type": "Feature", "properties": { "index": "186", "@osmId": "way/111114205", "name": null, "opening_hours": null, "label": "Surface car parks", "color": "#969696" }, "geometry": { "type": "Polygon", "coordinates": [ [ [ 8.6786003, 49.4025172 ], [ 8.6785489, 49.4024863 ], [ 8.6794276, 49.40186 ], [ 8.679479, 49.4018908 ], [ 8.6790213, 49.4022171 ], [ 8.6786003, 49.4025172 ] ] ] } },
{ "type": "Feature", "properties": { "index": "187", "@osmId": "way/156194375", "name": "P7", "opening_hours": null, "label": "Surface car parks", "color": "#969696" }, "geometry": { "type": "Polygon", "coordinates": [ [ [ 8.667992, 49.4189514 ], [ 8.6679923, 49.4189138 ], [ 8.6679821, 49.4189138 ], [ 8.6679846, 49.4186448 ], [ 8.6679866, 49.4184334 ], [ 8.6692047, 49.4184382 ], [ 8.6692062, 49.4182815 ], [ 8.6692073, 49.4181656 ], [ 8.6694179, 49.4181664 ], [ 8.6694105, 49.4189571 ], [ 8.6681901, 49.4189522 ], [ 8.667992, 49.4189514 ] ] ] } },
{ "type": "Feature", "properties": { "index": "188", "@osmId": "way/167186558", "name": null, "opening_hours": null, "label": "Surface car parks", "color": "#969696" }, "geometry": { "type": "Polygon", "coordinates": [ [ [ 8.6792837, 49.4089157 ], [ 8.6786092, 49.4089298 ], [ 8.6786065, 49.408873 ], [ 8.6796539, 49.4088511 ], [ 8.6796567, 49.4089079 ], [ 8.6792837, 49.4089157 ] ] ] } },
{ "type": "Feature", "properties": { "index": "189", "@osmId": "way/196732873", "name": null, "opening_hours": null, "label": "Surface car parks", "color": "#969696" }, "geometry": { "type": "Polygon", "coordinates": [ [ [ 8.6607056, 49.4059942 ], [ 8.6602982, 49.4060467 ], [ 8.660206, 49.4057437 ], [ 8.6606133, 49.4056912 ], [ 8.6607056, 49.4059942 ] ] ] } },
{ "type": "Feature", "properties": { "index": "190", "@osmId": "way/221850875", "name": null, "opening_hours": null, "label": "Surface car parks", "color": "#969696" }, "geometry": { "type": "Polygon", "coordinates": [ [ [ 8.6893211, 49.4191261 ], [ 8.6887995, 49.4190729 ], [ 8.6888123, 49.4190198 ], [ 8.6893339, 49.419073 ], [ 8.6893211, 49.4191261 ] ] ] } },
{ "type": "Feature", "properties": { "index": "191", "@osmId": "way/221850876", "name": null, "opening_hours": null, "label": "Surface car parks", "color": "#969696" }, "geometry": { "type": "Polygon", "coordinates": [ [ [ 8.6903555, 49.4186425 ], [ 8.690333, 49.4188621 ], [ 8.6903203, 49.4188615 ], [ 8.6903104, 49.4188554 ], [ 8.6903058, 49.4188396 ], [ 8.6903243, 49.4186421 ], [ 8.6903555, 49.4186425 ] ] ] } },
{ "type": "Feature", "properties": { "index": "192", "@osmId": "way/221850877", "name": null, "opening_hours": null, "label": "Surface car parks", "color": "#969696" }, "geometry": { "type": "Polygon", "coordinates": [ [ [ 8.6904933, 49.4186082 ], [ 8.6904947, 49.4187264 ], [ 8.6904779, 49.4187844 ], [ 8.6904227, 49.4188151 ], [ 8.6904023, 49.4188152 ], [ 8.6904179, 49.4186345 ], [ 8.6904681, 49.4186068 ], [ 8.6904933, 49.4186082 ] ] ] } },
{ "type": "Feature", "properties": { "index": "193", "@osmId": "way/225875414", "name": null, "opening_hours": null, "label": "Surface car parks", "color": "#969696" }, "geometry": { "type": "Polygon", "coordinates": [ [ [ 8.6804002, 49.4211427 ], [ 8.6796937, 49.4211314 ], [ 8.6796952, 49.421093 ], [ 8.6804017, 49.4211043 ], [ 8.6804002, 49.4211427 ] ] ] } },
{ "type": "Feature", "properties": { "index": "194", "@osmId": "way/225875415", "name": null, "opening_hours": null, "label": "Surface car parks", "color": "#969696" }, "geometry": { "type": "Polygon", "coordinates": [ [ [ 8.6795536, 49.4211237 ], [ 8.6781162, 49.4210995 ], [ 8.6781177, 49.4210616 ], [ 8.6789457, 49.4210755 ], [ 8.6795551, 49.4210858 ], [ 8.6795536, 49.4211237 ] ] ] } },
{ "type": "Feature", "properties": { "index": "195", "@osmId": "way/236220659", "name": null, "opening_hours": null, "label": "Surface car parks", "color": "#969696" }, "geometry": { "type": "Polygon", "coordinates": [ [ [ 8.6779689, 49.4028871 ], [ 8.6780108, 49.4028612 ], [ 8.6780415, 49.4028923 ], [ 8.6777895, 49.4031116 ], [ 8.6777616, 49.4031298 ], [ 8.6775549, 49.4032321 ], [ 8.6775072, 49.4031847 ], [ 8.6777093, 49.4030927 ], [ 8.6777328, 49.4030792 ], [ 8.6779022, 49.4029369 ], [ 8.6779689, 49.4028871 ] ] ] } },
{ "type": "Feature", "properties": { "index": "196", "@osmId": "way/242879741", "name": null, "opening_hours": null, "label": "Surface car parks", "color": "#969696" }, "geometry": { "type": "Polygon", "coordinates": [ [ [ 8.6758883, 49.4065076 ], [ 8.6762146, 49.4065124 ], [ 8.6762152, 49.4065759 ], [ 8.6761961, 49.4068308 ], [ 8.6761918, 49.4068835 ], [ 8.6761165, 49.4068837 ], [ 8.6761125, 49.4069735 ], [ 8.675878, 49.4069706 ], [ 8.6758883, 49.4065076 ] ] ] } },
{ "type": "Feature", "properties": { "index": "197", "@osmId": "way/263647997", "name": null, "opening_hours": null, "label": "Surface car parks", "color": "#969696" }, "geometry": { "type": "Polygon", "coordinates": [ [ [ 8.6700279, 49.4155487 ], [ 8.6697946, 49.4155483 ], [ 8.6697918, 49.4154572 ], [ 8.6701316, 49.4154595 ], [ 8.6701272, 49.4156069 ], [ 8.6700252, 49.4156071 ], [ 8.6700279, 49.4155487 ] ] ] } },
{ "type": "Feature", "properties": { "index": "198", "@osmId": "way/264842608", "name": null, "opening_hours": null, "label": "Surface car parks", "color": "#969696" }, "geometry": { "type": "Polygon", "coordinates": [ [ [ 8.6682525, 49.4067313 ], [ 8.6681474, 49.4069111 ], [ 8.668003, 49.4068848 ], [ 8.6680649, 49.4067875 ], [ 8.6682525, 49.4067313 ] ] ] } },
{ "type": "Feature", "properties": { "index": "199", "@osmId": "way/264842610", "name": null, "opening_hours": null, "label": "Surface car parks", "color": "#969696" }, "geometry": { "type": "Polygon", "coordinates": [ [ [ 8.6691787, 49.4072412 ], [ 8.6691771, 49.407359 ], [ 8.6691068, 49.4073612 ], [ 8.6691048, 49.4072436 ], [ 8.6690683, 49.4072438 ], [ 8.6690689, 49.4071847 ], [ 8.6691194, 49.4071856 ], [ 8.6691197, 49.4072402 ], [ 8.6691787, 49.4072412 ] ] ] } },
{ "type": "Feature", "properties": { "index": "200", "@osmId": "way/264842611", "name": null, "opening_hours": null, "label": "Surface car parks", "color": "#969696" }, "geometry": { "type": "Polygon", "coordinates": [ [ [ 8.6693896, 49.4073433 ], [ 8.6692723, 49.4073424 ], [ 8.6692743, 49.4072441 ], [ 8.6693905, 49.4072441 ], [ 8.6693896, 49.4073433 ] ] ] } },
{ "type": "Feature", "properties": { "index": "201", "@osmId": "way/267200767", "name": "Parkplatz Blutbank", "opening_hours": null, "label": "Surface car parks", "color": "#969696" }, "geometry": { "type": "Polygon", "coordinates": [ [ [ 8.6704434, 49.4160557 ], [ 8.6704423, 49.4161089 ], [ 8.6702475, 49.4161072 ], [ 8.6702486, 49.416054 ], [ 8.6704434, 49.4160557 ] ] ] } },
{ "type": "Feature", "properties": { "index": "202", "@osmId": "way/267200768", "name": "Betriebsgelände Mensa Parkplatz", "opening_hours": null, "label": "Surface car parks", "color": "#969696" }, "geometry": { "type": "Polygon", "coordinates": [ [ [ 8.6704622, 49.4159354 ], [ 8.6706426, 49.4159355 ], [ 8.6706426, 49.4159869 ], [ 8.6704622, 49.4159869 ], [ 8.6704622, 49.4159354 ] ] ] } },
{ "type": "Feature", "properties": { "index": "203", "@osmId": "way/267206694", "name": null, "opening_hours": null, "label": "Surface car parks", "color": "#969696" }, "geometry": { "type": "Polygon", "coordinates": [ [ [ 8.6693695, 49.4160739 ], [ 8.6693694, 49.416116 ], [ 8.6692223, 49.4161152 ], [ 8.6692223, 49.4160731 ], [ 8.6693695, 49.4160739 ] ] ] } },
{ "type": "Feature", "properties": { "index": "204", "@osmId": "way/276687797", "name": null, "opening_hours": null, "label": "Surface car parks", "color": "#969696" }, "geometry": { "type": "Polygon", "coordinates": [ [ [ 8.6701665, 49.4160387 ], [ 8.6699556, 49.416039 ], [ 8.6699554, 49.4159996 ], [ 8.6701663, 49.4159992 ], [ 8.6701665, 49.4160387 ] ] ] } },
{ "type": "Feature", "properties": { "index": "205", "@osmId": "way/276687798", "name": null, "opening_hours": null, "label": "Surface car parks", "color": "#969696" }, "geometry": { "type": "Polygon", "coordinates": [ [ [ 8.6707224, 49.4160974 ], [ 8.6706342, 49.4160976 ], [ 8.670634, 49.4160553 ], [ 8.6707222, 49.4160551 ], [ 8.6707224, 49.4160974 ] ] ] } },
{ "type": "Feature", "properties": { "index": "206", "@osmId": "way/283587557", "name": null, "opening_hours": null, "label": "Surface car parks", "color": "#969696" }, "geometry": { "type": "Polygon", "coordinates": [ [ [ 8.6778858, 49.3999277 ], [ 8.6779427, 49.3998498 ], [ 8.6779658, 49.3998531 ], [ 8.6780227, 49.3998786 ], [ 8.6781087, 49.3998975 ], [ 8.6782551, 49.4000334 ], [ 8.6782926, 49.4000163 ], [ 8.6783284, 49.4000496 ], [ 8.6784808, 49.3999801 ], [ 8.6784974, 49.3999714 ], [ 8.6784817, 49.3999555 ], [ 8.6786593, 49.3998744 ], [ 8.6787914, 49.4000065 ], [ 8.6782378, 49.4001908 ], [ 8.6778858, 49.3999277 ] ] ] } },
{ "type": "Feature", "properties": { "index": "207", "@osmId": "way/312155117", "name": null, "opening_hours": null, "label": "Surface car parks", "color": "#969696" }, "geometry": { "type": "Polygon", "coordinates": [ [ [ 8.6924061, 49.4166762 ], [ 8.6923476, 49.416675 ], [ 8.6923197, 49.4166343 ], [ 8.6928275, 49.416645 ], [ 8.6928255, 49.416685 ], [ 8.6924061, 49.4166762 ] ] ] } },
{ "type": "Feature", "properties": { "index": "208", "@osmId": "way/345764149", "name": null, "opening_hours": null, "label": "Surface car parks", "color": "#969696" }, "geometry": { "type": "Polygon", "coordinates": [ [ [ 8.6724649, 49.4136505 ], [ 8.6723968, 49.4136491 ], [ 8.672408, 49.4134194 ], [ 8.6724761, 49.4134208 ], [ 8.6724649, 49.4136505 ] ] ] } },
{ "type": "Feature", "properties": { "index": "209", "@osmId": "way/364970836", "name": null, "opening_hours": null, "label": "Surface car parks", "color": "#969696" }, "geometry": { "type": "Polygon", "coordinates": [ [ [ 8.6600355, 49.4160023 ], [ 8.66, 49.4159595 ], [ 8.66, 49.4159094 ], [ 8.6600042, 49.41591 ], [ 8.6600668, 49.4159809 ], [ 8.6601036, 49.4160404 ], [ 8.6601245, 49.4161102 ], [ 8.66009, 49.4161478 ], [ 8.6600724, 49.4160669 ], [ 8.6600355, 49.4160023 ] ] ] } },
{ "type": "Feature", "properties": { "index": "210", "@osmId": "way/370165856", "name": null, "opening_hours": null, "label": "Surface car parks", "color": "#969696" }, "geometry": { "type": "Polygon", "coordinates": [ [ [ 8.6788908, 49.3980004 ], [ 8.6788895, 49.398 ], [ 8.6788914, 49.398 ], [ 8.6788908, 49.3980004 ] ] ] } },
{ "type": "Feature", "properties": { "index": "211", "@osmId": "way/454467056", "name": null, "opening_hours": null, "label": "Surface car parks", "color": "#969696" }, "geometry": { "type": "Polygon", "coordinates": [ [ [ 8.676061, 49.4000839 ], [ 8.6759501, 49.4001384 ], [ 8.6759165, 49.4001079 ], [ 8.676115, 49.4000102 ], [ 8.6761472, 49.4000416 ], [ 8.676061, 49.4000839 ] ] ] } },
{ "type": "Feature", "properties": { "index": "212", "@osmId": "way/583748995", "name": null, "opening_hours": null, "label": "Surface car parks", "color": "#969696" }, "geometry": { "type": "Polygon", "coordinates": [ [ [ 8.6725519, 49.3985047 ], [ 8.6724896, 49.3985352 ], [ 8.6720731, 49.3981753 ], [ 8.6721354, 49.3981448 ], [ 8.6725519, 49.3985047 ] ] ] } },
{ "type": "Feature", "properties": { "index": "213", "@osmId": "way/691654273", "name": null, "opening_hours": null, "label": "Surface car parks", "color": "#969696" }, "geometry": { "type": "Polygon", "coordinates": [ [ [ 8.6772935, 49.3990046 ], [ 8.6770038, 49.3992577 ], [ 8.6766136, 49.39907 ], [ 8.6769032, 49.3988047 ], [ 8.6771205, 49.3989592 ], [ 8.6772533, 49.3988483 ], [ 8.6770602, 49.3987078 ], [ 8.6772265, 49.3986083 ], [ 8.6770883, 49.3985141 ], [ 8.6772278, 49.3984373 ], [ 8.6776757, 49.398789 ], [ 8.6772935, 49.3990046 ] ] ] } },
{ "type": "Feature", "properties": { "index": "214", "@osmId": "way/693240064", "name": null, "opening_hours": null, "label": "Surface car parks", "color": "#969696" }, "geometry": { "type": "Polygon", "coordinates": [ [ [ 8.6706312, 49.417797 ], [ 8.6705989, 49.4177906 ], [ 8.6706387, 49.4177063 ], [ 8.670671, 49.4177127 ], [ 8.6706312, 49.417797 ] ] ] } },
{ "type": "Feature", "properties": { "index": "215", "@osmId": "way/693668249", "name": null, "opening_hours": null, "label": "Surface car parks", "color": "#969696" }, "geometry": { "type": "Polygon", "coordinates": [ [ [ 8.6683417, 49.4175511 ], [ 8.6682737, 49.4175517 ], [ 8.6682731, 49.4175214 ], [ 8.6682972, 49.4175212 ], [ 8.6683411, 49.4175208 ], [ 8.6683417, 49.4175511 ] ] ] } },
{ "type": "Feature", "properties": { "index": "216", "@osmId": "way/693668250", "name": null, "opening_hours": null, "label": "Surface car parks", "color": "#969696" }, "geometry": { "type": "Polygon", "coordinates": [ [ [ 8.668458, 49.4175494 ], [ 8.6684077, 49.4175495 ], [ 8.6684077, 49.4175202 ], [ 8.6684297, 49.4175201 ], [ 8.6684579, 49.4175201 ], [ 8.668458, 49.4175494 ] ] ] } },
{ "type": "Feature", "properties": { "index": "217", "@osmId": "way/693676761", "name": null, "opening_hours": null, "label": "Surface car parks", "color": "#969696" }, "geometry": { "type": "Polygon", "coordinates": [ [ [ 8.6689269, 49.4161182 ], [ 8.6687968, 49.4161176 ], [ 8.668797, 49.4160936 ], [ 8.6689272, 49.4160942 ], [ 8.6689269, 49.4161182 ] ] ] } },
{ "type": "Feature", "properties": { "index": "218", "@osmId": "way/693697065", "name": null, "opening_hours": null, "label": "Surface car parks", "color": "#969696" }, "geometry": { "type": "Polygon", "coordinates": [ [ [ 8.6689458, 49.4165186 ], [ 8.6687884, 49.4165188 ], [ 8.6687883, 49.4164707 ], [ 8.6689447, 49.4164705 ], [ 8.6689447, 49.4164621 ], [ 8.669247, 49.4164617 ], [ 8.669247, 49.4164708 ], [ 8.6693061, 49.4164707 ], [ 8.6693063, 49.4165182 ], [ 8.6692453, 49.4165182 ], [ 8.6692453, 49.4164873 ], [ 8.6689457, 49.4164877 ], [ 8.6689458, 49.4165186 ] ] ] } },
{ "type": "Feature", "properties": { "index": "219", "@osmId": "way/693697066", "name": null, "opening_hours": null, "label": "Surface car parks", "color": "#969696" }, "geometry": { "type": "Polygon", "coordinates": [ [ [ 8.6686034, 49.4168684 ], [ 8.6685371, 49.4168683 ], [ 8.6685398, 49.4168137 ], [ 8.6686032, 49.4168138 ], [ 8.6686034, 49.4168684 ] ] ] } },
{ "type": "Feature", "properties": { "index": "220", "@osmId": "way/693697067", "name": null, "opening_hours": null, "label": "Surface car parks", "color": "#969696" }, "geometry": { "type": "Polygon", "coordinates": [ [ [ 8.6687178, 49.4168667 ], [ 8.6687183, 49.4169208 ], [ 8.668615, 49.4169212 ], [ 8.6686145, 49.4168671 ], [ 8.6687178, 49.4168667 ] ] ] } },
{ "type": "Feature", "properties": { "index": "221", "@osmId": "way/693697068", "name": null, "opening_hours": null, "label": "Surface car parks", "color": "#969696" }, "geometry": { "type": "Polygon", "coordinates": [ [ [ 8.6683828, 49.4167663 ], [ 8.6683823, 49.4167371 ], [ 8.6685906, 49.4167369 ], [ 8.6685914, 49.4167647 ], [ 8.6683828, 49.4167663 ] ] ] } },
{ "type": "Feature", "properties": { "index": "222", "@osmId": "way/693697069", "name": null, "opening_hours": null, "label": "Surface car parks", "color": "#969696" }, "geometry": { "type": "Polygon", "coordinates": [ [ [ 8.6680228, 49.416768 ], [ 8.6680224, 49.4167401 ], [ 8.668101, 49.4167393 ], [ 8.6681014, 49.4167679 ], [ 8.6680228, 49.416768 ] ] ] } },
{ "type": "Feature", "properties": { "index": "223", "@osmId": "way/693697070", "name": null, "opening_hours": null, "label": "Surface car parks", "color": "#969696" }, "geometry": { "type": "Polygon", "coordinates": [ [ [ 8.6681409, 49.4167677 ], [ 8.6681405, 49.416739 ], [ 8.6683406, 49.4167376 ], [ 8.6683413, 49.4167662 ], [ 8.6681409, 49.4167677 ] ] ] } },
{ "type": "Feature", "properties": { "index": "224", "@osmId": "way/693697071", "name": null, "opening_hours": null, "label": "Surface car parks", "color": "#969696" }, "geometry": { "type": "Polygon", "coordinates": [ [ [ 8.6691943, 49.4164261 ], [ 8.6688585, 49.4164258 ], [ 8.6688586, 49.4163914 ], [ 8.6693076, 49.4163919 ], [ 8.6693075, 49.4164262 ], [ 8.6691943, 49.4164261 ] ] ] } },
{ "type": "Feature", "properties": { "index": "225", "@osmId": "way/693697072", "name": null, "opening_hours": null, "label": "Surface car parks", "color": "#969696" }, "geometry": { "type": "Polygon", "coordinates": [ [ [ 8.6684944, 49.4163806 ], [ 8.6682702, 49.4163804 ], [ 8.6682703, 49.4163397 ], [ 8.6686152, 49.4163399 ], [ 8.6686152, 49.4163806 ], [ 8.6684944, 49.4163806 ] ] ] } },
{ "type": "Feature", "properties": { "index": "226", "@osmId": "way/693697073", "name": null, "opening_hours": null, "label": "Surface car parks", "color": "#969696" }, "geometry": { "type": "Polygon", "coordinates": [ [ [ 8.6685611, 49.4165064 ], [ 8.668561, 49.4164471 ], [ 8.6685988, 49.4164471 ], [ 8.6686356, 49.416447 ], [ 8.6686358, 49.4165064 ], [ 8.6685611, 49.4165064 ] ] ] } },
{ "type": "Feature", "properties": { "index": "227", "@osmId": "way/693697074", "name": null, "opening_hours": null, "label": "Surface car parks", "color": "#969696" }, "geometry": { "type": "Polygon", "coordinates": [ [ [ 8.669026, 49.4169272 ], [ 8.6688071, 49.4169277 ], [ 8.668807, 49.4169077 ], [ 8.6688069, 49.4168861 ], [ 8.6688932, 49.4168859 ], [ 8.6690258, 49.4168856 ], [ 8.669026, 49.4169272 ] ] ] } },
{ "type": "Feature", "properties": { "index": "228", "@osmId": "way/715905238", "name": null, "opening_hours": null, "label": "Surface car parks", "color": "#969696" }, "geometry": { "type": "Polygon", "coordinates": [ [ [ 8.6712163, 49.4187262 ], [ 8.671117, 49.4186341 ], [ 8.6711942, 49.4186302 ], [ 8.6712927, 49.4186163 ], [ 8.6713377, 49.4186524 ], [ 8.6712163, 49.4187262 ] ] ] } },
{ "type": "Feature", "properties": { "index": "229", "@osmId": "way/778647048", "name": null, "opening_hours": null, "label": "Surface car parks", "color": "#969696" }, "geometry": { "type": "Polygon", "coordinates": [ [ [ 8.67796, 49.3986306 ], [ 8.6779221, 49.3986753 ], [ 8.6779678, 49.3986921 ], [ 8.6780251, 49.3987132 ], [ 8.6779597, 49.3987885 ], [ 8.6774276, 49.3985922 ], [ 8.6776234, 49.3985036 ], [ 8.67796, 49.3986306 ] ] ] } },
{ "type": "Feature", "properties": { "index": "230", "@osmId": "way/855298212", "name": null, "opening_hours": null, "label": "Surface car parks", "color": "#969696" }, "geometry": { "type": "Polygon", "coordinates": [ [ [ 8.6772466, 49.4083962 ], [ 8.6769669, 49.4083956 ], [ 8.6769678, 49.408256 ], [ 8.6769679, 49.4082376 ], [ 8.676968, 49.4082239 ], [ 8.6772513, 49.408225 ], [ 8.6772466, 49.4083962 ] ] ] } },
{ "type": "Feature", "properties": { "index": "231", "@osmId": "way/894520645", "name": null, "opening_hours": null, "label": "Surface car parks", "color": "#969696" }, "geometry": { "type": "Polygon", "coordinates": [ [ [ 8.6607738, 49.4067556 ], [ 8.6601184, 49.4068489 ], [ 8.6600601, 49.4066754 ], [ 8.6607155, 49.4065821 ], [ 8.6607738, 49.4067556 ] ] ] } },
{ "type": "Feature", "properties": { "index": "232", "@osmId": "way/894520647", "name": null, "opening_hours": null, "label": "Surface car parks", "color": "#969696" }, "geometry": { "type": "Polygon", "coordinates": [ [ [ 8.661271, 49.4067081 ], [ 8.6609808, 49.4067049 ], [ 8.6609821, 49.4066569 ], [ 8.6612723, 49.4066601 ], [ 8.661271, 49.4067081 ] ] ] } },
{ "type": "Feature", "properties": { "index": "233", "@osmId": "way/894520648", "name": null, "opening_hours": null, "label": "Surface car parks", "color": "#969696" }, "geometry": { "type": "Polygon", "coordinates": [ [ [ 8.6625846, 49.4065792 ], [ 8.6625781, 49.4066838 ], [ 8.662008, 49.4067174 ], [ 8.662013, 49.4066026 ], [ 8.6625846, 49.4065792 ] ] ] } },
{ "type": "Feature", "properties": { "index": "234", "@osmId": "way/894520649", "name": null, "opening_hours": null, "label": "Surface car parks", "color": "#969696" }, "geometry": { "type": "Polygon", "coordinates": [ [ [ 8.6626006, 49.4065734 ], [ 8.6628711, 49.4065739 ], [ 8.6628635, 49.4066911 ], [ 8.6625938, 49.4066925 ], [ 8.6626006, 49.4065734 ] ] ] } },
{ "type": "Feature", "properties": { "index": "235", "@osmId": "way/896136092", "name": null, "opening_hours": null, "label": "Surface car parks", "color": "#969696" }, "geometry": { "type": "Polygon", "coordinates": [ [ [ 8.665072, 49.4043535 ], [ 8.6654853, 49.4043723 ], [ 8.6655706, 49.4048312 ], [ 8.6648523, 49.404903 ], [ 8.6648796, 49.4050096 ], [ 8.6645381, 49.405046 ], [ 8.6634771, 49.4051576 ], [ 8.6634109, 49.4048329 ], [ 8.6635023, 49.4048217 ], [ 8.6635533, 49.4047474 ], [ 8.6635251, 49.4045725 ], [ 8.6643198, 49.4044357 ], [ 8.665072, 49.4043535 ] ] ] } },
{ "type": "Feature", "properties": { "index": "236", "@osmId": "way/901228308", "name": null, "opening_hours": null, "label": "Surface car parks", "color": "#969696" }, "geometry": { "type": "Polygon", "coordinates": [ [ [ 8.6640819, 49.405455 ], [ 8.6636065, 49.4055205 ], [ 8.663596, 49.4053188 ], [ 8.6640901, 49.4052893 ], [ 8.6640819, 49.405455 ] ] ] } },
{ "type": "Feature", "properties": { "index": "237", "@osmId": "way/902824366", "name": null, "opening_hours": null, "label": "Surface car parks", "color": "#969696" }, "geometry": { "type": "Polygon", "coordinates": [ [ [ 8.6663666, 49.4051843 ], [ 8.6659515, 49.4052304 ], [ 8.6659203, 49.4051073 ], [ 8.6659142, 49.4050832 ], [ 8.6658915, 49.4049938 ], [ 8.6663089, 49.4049478 ], [ 8.6663666, 49.4051843 ] ] ] } },
{ "type": "Feature", "properties": { "index": "238", "@osmId": "way/902824367", "name": null, "opening_hours": null, "label": "Surface car parks", "color": "#969696" }, "geometry": { "type": "Polygon", "coordinates": [ [ [ 8.666539, 49.4047751 ], [ 8.6660176, 49.4048231 ], [ 8.665935, 49.4045187 ], [ 8.665764, 49.4044547 ], [ 8.6655468, 49.4044704 ], [ 8.6655371, 49.40441 ], [ 8.6655313, 49.4043245 ], [ 8.6659473, 49.4042972 ], [ 8.6659723, 49.4044028 ], [ 8.666307, 49.4043849 ], [ 8.666539, 49.4047751 ] ] ] } },
{ "type": "Feature", "properties": { "index": "239", "@osmId": "way/902824369", "name": null, "opening_hours": null, "label": "Surface car parks", "color": "#969696" }, "geometry": { "type": "Polygon", "coordinates": [ [ [ 8.6655816, 49.4052916 ], [ 8.6642097, 49.4054531 ], [ 8.664199, 49.4052506 ], [ 8.6644766, 49.4052166 ], [ 8.6644457, 49.4050918 ], [ 8.6655106, 49.4049923 ], [ 8.6655816, 49.4052916 ] ] ] } },
{ "type": "Feature", "properties": { "index": "240", "@osmId": "way/1004326665", "name": null, "opening_hours": null, "label": "Surface car parks", "color": "#969696" }, "geometry": { "type": "Polygon", "coordinates": [ [ [ 8.6601295, 49.4094759 ], [ 8.66, 49.4095113 ], [ 8.66, 49.4094091 ], [ 8.6600933, 49.4093965 ], [ 8.6601295, 49.4094759 ] ] ] } },
{ "type": "Feature", "properties": { "index": "241", "@osmId": "way/1076126225", "name": null, "opening_hours": null, "label": "Surface car parks", "color": "#969696" }, "geometry": { "type": "Polygon", "coordinates": [ [ [ 8.6629776, 49.4189624 ], [ 8.6629775, 49.4190284 ], [ 8.6628602, 49.4190284 ], [ 8.6628603, 49.4189631 ], [ 8.6628604, 49.4188867 ], [ 8.6629934, 49.4188868 ], [ 8.6629933, 49.4189624 ], [ 8.6629776, 49.4189624 ] ] ] } },
{ "type": "Feature", "properties": { "index": "242", "@osmId": "way/1076195582", "name": null, "opening_hours": null, "label": "Surface car parks", "color": "#969696" }, "geometry": { "type": "Polygon", "coordinates": [ [ [ 8.6608888, 49.418935 ], [ 8.6611094, 49.4185149 ], [ 8.6612361, 49.418543 ], [ 8.6613429, 49.4185667 ], [ 8.6612601, 49.4187244 ], [ 8.6611378, 49.4189574 ], [ 8.6611223, 49.4189869 ], [ 8.661019, 49.418964 ], [ 8.6608888, 49.418935 ] ] ] } },
{ "type": "Feature", "properties": { "index": "243", "@osmId": "way/1117650527", "name": null, "opening_hours": null, "label": "Surface car parks", "color": "#969696" }, "geometry": { "type": "Polygon", "coordinates": [ [ [ 8.6999995, 49.4084403 ], [ 8.6997123, 49.4083984 ], [ 8.6997431, 49.408335 ], [ 8.6997699, 49.4082798 ], [ 8.7006765, 49.4084211 ], [ 8.7010078, 49.4084743 ], [ 8.7009969, 49.4085072 ], [ 8.7010499, 49.4085176 ], [ 8.7010661, 49.4084826 ], [ 8.7011707, 49.4085021 ], [ 8.70114, 49.4085426 ], [ 8.7010991, 49.4085822 ], [ 8.7011074, 49.40863 ], [ 8.7005156, 49.4085254 ], [ 8.6999995, 49.4084403 ] ] ] } },
{ "type": "Feature", "properties": { "index": "244", "@osmId": "way/1142006483", "name": null, "opening_hours": "24/7", "label": "Surface car parks", "color": "#969696" }, "geometry": { "type": "Polygon", "coordinates": [ [ [ 8.6640019, 49.4152812 ], [ 8.6639648, 49.4152133 ], [ 8.6642355, 49.4151448 ], [ 8.6649894, 49.4149664 ], [ 8.6650124, 49.4150113 ], [ 8.6642603, 49.4151874 ], [ 8.6642638, 49.415192 ], [ 8.664124, 49.4152214 ], [ 8.6641408, 49.4152496 ], [ 8.6640019, 49.4152812 ] ] ] } },
{ "type": "Feature", "properties": { "index": "245", "@osmId": "way/1164101853", "name": null, "opening_hours": null, "label": "Surface car parks", "color": "#969696" }, "geometry": { "type": "Polygon", "coordinates": [ [ [ 8.6702055, 49.4072799 ], [ 8.6702045, 49.4072418 ], [ 8.6702797, 49.4072409 ], [ 8.6702807, 49.407279 ], [ 8.6702055, 49.4072799 ] ] ] } },
{ "type": "Feature", "properties": { "index": "246", "@osmId": "way/1164101854", "name": null, "opening_hours": null, "label": "Surface car parks", "color": "#969696" }, "geometry": { "type": "Polygon", "coordinates": [ [ [ 8.6704307, 49.407206 ], [ 8.6701453, 49.4072145 ], [ 8.6701416, 49.4071609 ], [ 8.670427, 49.4071524 ], [ 8.6704307, 49.407206 ] ] ] } },
{ "type": "Feature", "properties": { "index": "247", "@osmId": "way/1230832329", "name": null, "opening_hours": null, "label": "Surface car parks", "color": "#969696" }, "geometry": { "type": "Polygon", "coordinates": [ [ [ 8.6701766, 49.398334 ], [ 8.6701086, 49.3983247 ], [ 8.6702028, 49.398034 ], [ 8.6707089, 49.3981035 ], [ 8.6706941, 49.3981493 ], [ 8.670256, 49.3980891 ], [ 8.6701766, 49.398334 ] ] ] } },
{ "type": "Feature", "properties": { "index": "248", "@osmId": "way/1230832330", "name": null, "opening_hours": null, "label": "Surface car parks", "color": "#969696" }, "geometry": { "type": "Polygon", "coordinates": [ [ [ 8.6700202, 49.3980081 ], [ 8.6700951, 49.3980187 ], [ 8.6699984, 49.3983084 ], [ 8.6699235, 49.3982979 ], [ 8.6700202, 49.3980081 ] ] ] } },
{ "type": "Feature", "properties": { "index": "249", "@osmId": "way/1253664390", "name": null, "opening_hours": null, "label": "Surface car parks", "color": "#969696" }, "geometry": { "type": "Polygon", "coordinates": [ [ [ 8.6639541, 49.4187415 ], [ 8.6639524, 49.4187967 ], [ 8.6639094, 49.4187889 ], [ 8.6639106, 49.418739 ], [ 8.6639115, 49.4186901 ], [ 8.6639551, 49.4186853 ], [ 8.6639541, 49.4187415 ] ] ] } },
{ "type": "Feature", "properties": { "index": "250", "@osmId": "way/1253666451", "name": null, "opening_hours": null, "label": "Surface car parks", "color": "#969696" }, "geometry": { "type": "Polygon", "coordinates": [ [ [ 8.6655206, 49.4210673 ], [ 8.6655179, 49.4210808 ], [ 8.6654033, 49.4210516 ], [ 8.6653785, 49.421093 ], [ 8.6652216, 49.4210516 ], [ 8.6652484, 49.4210084 ], [ 8.6652075, 49.420997 ], [ 8.6651807, 49.4210398 ], [ 8.6649875, 49.4209883 ], [ 8.6650103, 49.4209473 ], [ 8.6649667, 49.420936 ], [ 8.6649989, 49.4208849 ], [ 8.6654449, 49.421004 ], [ 8.6654744, 49.4210092 ], [ 8.6654992, 49.4210366 ], [ 8.6655206, 49.4210673 ] ] ] } },
{ "type": "Feature", "properties": { "index": "251", "@osmId": "way/1282780492", "name": null, "opening_hours": null, "label": "Surface car parks", "color": "#969696" }, "geometry": { "type": "Polygon", "coordinates": [ [ [ 8.672823, 49.4062266 ], [ 8.6728184, 49.4063499 ], [ 8.6729137, 49.4063514 ], [ 8.672913, 49.4064813 ], [ 8.6728911, 49.407032 ], [ 8.6726635, 49.4070284 ], [ 8.6726896, 49.4065151 ], [ 8.672691, 49.4064859 ], [ 8.672693, 49.4064418 ], [ 8.6727034, 49.4062162 ], [ 8.6727465, 49.4062171 ], [ 8.6727921, 49.4062178 ], [ 8.6728232, 49.4062202 ], [ 8.672823, 49.4062266 ] ] ] } },
{ "type": "Feature", "properties": { "index": "252", "@osmId": "way/1282793226", "name": null, "opening_hours": null, "label": "Surface car parks", "color": "#969696" }, "geometry": { "type": "Polygon", "coordinates": [ [ [ 8.6728739, 49.4074864 ], [ 8.6726463, 49.4074828 ], [ 8.6726635, 49.4070284 ], [ 8.6728911, 49.407032 ], [ 8.6728795, 49.4073375 ], [ 8.6728739, 49.4074864 ] ] ] } },
{ "type": "Feature", "properties": { "index": "253", "@osmId": "way/1296886353", "name": null, "opening_hours": null, "label": "Surface car parks", "color": "#969696" }, "geometry": { "type": "Polygon", "coordinates": [ [ [ 8.6697187, 49.4150134 ], [ 8.6696375, 49.4149974 ], [ 8.6696958, 49.4148724 ], [ 8.6697769, 49.4148884 ], [ 8.6697187, 49.4150134 ] ] ] } },
{ "type": "Feature", "properties": { "index": "254", "@osmId": "way/1329439780", "name": null, "opening_hours": null, "label": "Surface car parks", "color": "#969696" }, "geometry": { "type": "Polygon", "coordinates": [ [ [ 8.6703941, 49.4132958 ], [ 8.6702944, 49.4132944 ], [ 8.670305, 49.4129531 ], [ 8.6704048, 49.4129545 ], [ 8.6703941, 49.4132958 ] ] ] } },
{ "type": "Feature", "properties": { "index": "255", "@osmId": "way/1337238574", "name": null, "opening_hours": null, "label": "Surface car parks", "color": "#969696" }, "geometry": { "type": "Polygon", "coordinates": [ [ [ 8.6705656, 49.4091886 ], [ 8.6705693, 49.4092227 ], [ 8.6705145, 49.4092251 ], [ 8.6705109, 49.4091911 ], [ 8.6705656, 49.4091886 ] ] ] } },
{ "type": "Feature", "properties": { "index": "256", "@osmId": "way/1337238575", "name": null, "opening_hours": null, "label": "Surface car parks", "color": "#969696" }, "geometry": { "type": "Polygon", "coordinates": [ [ [ 8.6702657, 49.409198 ], [ 8.6702688, 49.4092321 ], [ 8.670214, 49.4092342 ], [ 8.6702109, 49.4092002 ], [ 8.6702657, 49.409198 ] ] ] } },
{ "type": "Feature", "properties": { "index": "257", "@osmId": "way/1354043331", "name": null, "opening_hours": null, "label": "Surface car parks", "color": "#969696" }, "geometry": { "type": "Polygon", "coordinates": [ [ [ 8.6716777, 49.4067324 ], [ 8.671719, 49.4066968 ], [ 8.6717868, 49.4066675 ], [ 8.6718656, 49.4066545 ], [ 8.6719467, 49.4066592 ], [ 8.6720207, 49.4066811 ], [ 8.6720793, 49.4067178 ], [ 8.672116, 49.4067651 ], [ 8.6721265, 49.4068176 ], [ 8.6721096, 49.4068693 ], [ 8.6720674, 49.4069146 ], [ 8.6720044, 49.4069481 ], [ 8.671928, 49.4069662 ], [ 8.6718521, 49.4069672 ], [ 8.6717795, 49.406953 ], [ 8.6717173, 49.4069248 ], [ 8.6716715, 49.4068854 ], [ 8.6716467, 49.4068388 ], [ 8.6716453, 49.4067894 ], [ 8.67167, 49.406739 ], [ 8.6716777, 49.4067324 ] ] ] } },
{ "type": "Feature", "properties": { "index": "258", "@osmId": "way/1417554887", "name": null, "opening_hours": null, "label": "Surface car parks", "color": "#969696" }, "geometry": { "type": "Polygon", "coordinates": [ [ [ 8.6630136, 49.4060176 ], [ 8.6630121, 49.406192 ], [ 8.6629531, 49.4061918 ], [ 8.6629546, 49.4060174 ], [ 8.6630136, 49.4060176 ] ] ] } },
{ "type": "Feature", "properties": { "index": "259", "@osmId": "way/1417554888", "name": null, "opening_hours": null, "label": "Surface car parks", "color": "#969696" }, "geometry": { "type": "Polygon", "coordinates": [ [ [ 8.6626896, 49.4061896 ], [ 8.6627003, 49.4058941 ], [ 8.6627713, 49.4058952 ], [ 8.6627606, 49.4061907 ], [ 8.6626896, 49.4061896 ] ] ] } },
{ "type": "Feature", "properties": { "index": "260", "@osmId": "way/1418741201", "name": null, "opening_hours": null, "label": "Surface car parks", "color": "#969696" }, "geometry": { "type": "Polygon", "coordinates": [ [ [ 8.6780852, 49.408426 ], [ 8.6778937, 49.4084274 ], [ 8.6778923, 49.4082893 ], [ 8.6779272, 49.408289 ], [ 8.6779272, 49.4082394 ], [ 8.6779059, 49.4082391 ], [ 8.6779016, 49.4081133 ], [ 8.6778881, 49.4081132 ], [ 8.6778855, 49.4080101 ], [ 8.6780913, 49.4080082 ], [ 8.6780942, 49.4081696 ], [ 8.6780956, 49.4082508 ], [ 8.6780852, 49.408426 ] ] ] } },
{ "type": "Feature", "properties": { "index": "261", "@osmId": "way/1425543300", "name": null, "opening_hours": null, "label": "Surface car parks", "color": "#969696" }, "geometry": { "type": "Polygon", "coordinates": [ [ [ 8.6664037, 49.4130055 ], [ 8.6662624, 49.4130359 ], [ 8.6660167, 49.4125525 ], [ 8.6662734, 49.4124973 ], [ 8.6665434, 49.4130282 ], [ 8.6664279, 49.4130531 ], [ 8.6664037, 49.4130055 ] ] ] } },
{ "type": "Feature", "properties": { "index": "262", "@osmId": "way/1472186977", "name": null, "opening_hours": null, "label": "Surface car parks", "color": "#969696" }, "geometry": { "type": "Polygon", "coordinates": [ [ [ 8.6674748, 49.3980927 ], [ 8.6673061, 49.3980705 ], [ 8.6673206, 49.3980242 ], [ 8.6674892, 49.3980465 ], [ 8.6674748, 49.3980927 ] ] ] } },
{ "type": "Feature", "properties": { "index": "263", "@osmId": "node/1015786083", "name": null, "opening_hours": null, "label": "Surface car parks", "color": "#969696" }, "geometry": { "type": "Point", "coordinates": [ 8.7081342, 49.4132914 ] } },
{ "type": "Feature", "properties": { "index": "264", "@osmId": "node/1015820281", "name": null, "opening_hours": null, "label": "Surface car parks", "color": "#969696" }, "geometry": { "type": "Point", "coordinates": [ 8.6938003, 49.4088903 ] } },
{ "type": "Feature", "properties": { "index": "265", "@osmId": "node/1015820285", "name": null, "opening_hours": null, "label": "Surface car parks", "color": "#969696" }, "geometry": { "type": "Point", "coordinates": [ 8.7118726, 49.4126713 ] } },
{ "type": "Feature", "properties": { "index": "266", "@osmId": "node/1015820298", "name": "Juristisches Seminar", "opening_hours": null, "label": "Surface car parks", "color": "#969696" }, "geometry": { "type": "Point", "coordinates": [ 8.6968388, 49.407925 ] } },
{ "type": "Feature", "properties": { "index": "267", "@osmId": "node/1015820328", "name": null, "opening_hours": null, "label": "Surface car parks", "color": "#969696" }, "geometry": { "type": "Point", "coordinates": [ 8.697748, 49.4102391 ] } },
{ "type": "Feature", "properties": { "index": "268", "@osmId": "node/1179006609", "name": null, "opening_hours": null, "label": "Surface car parks", "color": "#969696" }, "geometry": { "type": "Point", "coordinates": [ 8.7188097, 49.4145019 ] } },
{ "type": "Feature", "properties": { "index": "269", "@osmId": "node/1801743070", "name": null, "opening_hours": null, "label": "Surface car parks", "color": "#969696" }, "geometry": { "type": "Point", "coordinates": [ 8.6801373, 49.4077773 ] } },
{ "type": "Feature", "properties": { "index": "270", "@osmId": "node/1801759023", "name": null, "opening_hours": null, "label": "Surface car parks", "color": "#969696" }, "geometry": { "type": "Point", "coordinates": [ 8.6789696, 49.4072067 ] } },
{ "type": "Feature", "properties": { "index": "271", "@osmId": "node/1801759029", "name": null, "opening_hours": null, "label": "Surface car parks", "color": "#969696" }, "geometry": { "type": "Point", "coordinates": [ 8.6789231, 49.4083342 ] } },
{ "type": "Feature", "properties": { "index": "272", "@osmId": "node/1809951738", "name": null, "opening_hours": null, "label": "Surface car parks", "color": "#969696" }, "geometry": { "type": "Point", "coordinates": [ 8.681833, 49.4088561 ] } },
{ "type": "Feature", "properties": { "index": "273", "@osmId": "node/1809994981", "name": null, "opening_hours": null, "label": "Surface car parks", "color": "#969696" }, "geometry": { "type": "Point", "coordinates": [ 8.6901438, 49.4145805 ] } },
{ "type": "Feature", "properties": { "index": "274", "@osmId": "node/1809994982", "name": null, "opening_hours": null, "label": "Surface car parks", "color": "#969696" }, "geometry": { "type": "Point", "coordinates": [ 8.691164, 49.418497 ] } },
{ "type": "Feature", "properties": { "index": "275", "@osmId": "node/1809994983", "name": null, "opening_hours": null, "label": "Surface car parks", "color": "#969696" }, "geometry": { "type": "Point", "coordinates": [ 8.6871936, 49.4186745 ] } },
{ "type": "Feature", "properties": { "index": "276", "@osmId": "node/1810009441", "name": null, "opening_hours": null, "label": "Surface car parks", "color": "#969696" }, "geometry": { "type": "Point", "coordinates": [ 8.6810379, 49.4035002 ] } },
{ "type": "Feature", "properties": { "index": "277", "@osmId": "node/3302900279", "name": "Hotel Panorama", "opening_hours": null, "label": "Surface car parks", "color": "#969696" }, "geometry": { "type": "Point", "coordinates": [ 8.6917261, 49.4110761 ] } },
{ "type": "Feature", "properties": { "index": "278", "@osmId": "node/3370587011", "name": "Fritz Berger", "opening_hours": null, "label": "Surface car parks", "color": "#969696" }, "geometry": { "type": "Point", "coordinates": [ 8.678525, 49.3984302 ] } },
{ "type": "Feature", "properties": { "index": "279", "@osmId": "node/6255453485", "name": null, "opening_hours": null, "label": "Surface car parks", "color": "#969696" }, "geometry": { "type": "Point", "coordinates": [ 8.6936107, 49.4109741 ] } },
{ "type": "Feature", "properties": { "index": "280", "@osmId": "node/13756973080", "name": null, "opening_hours": null, "label": "Surface car parks", "color": "#969696" }, "geometry": { "type": "Point", "coordinates": [ 8.6855396, 49.4016026 ] } },
{ "type": "Feature", "properties": { "index": "281", "@osmId": "way/171574587", "name": null, "opening_hours": null, "label": "Street-side parking", "color": "#bdbdbd" }, "geometry": { "type": "Polygon", "coordinates": [ [ [ 8.7032344, 49.4069948 ], [ 8.7032002, 49.4069127 ], [ 8.7033787, 49.4069834 ], [ 8.7032957, 49.4070181 ], [ 8.7032344, 49.4069948 ] ] ] } },
{ "type": "Feature", "properties": { "index": "282", "@osmId": "way/370173390", "name": null, "opening_hours": null, "label": "Street-side parking", "color": "#bdbdbd" }, "geometry": { "type": "Polygon", "coordinates": [ [ [ 8.7045173, 49.4107795 ], [ 8.7045014, 49.41084 ], [ 8.7044261, 49.4108347 ], [ 8.7044963, 49.4105313 ], [ 8.7040021, 49.410485 ], [ 8.7040162, 49.4104309 ], [ 8.7045909, 49.4104846 ], [ 8.7045342, 49.4107158 ], [ 8.7045173, 49.4107795 ] ] ] } },
{ "type": "Feature", "properties": { "index": "283", "@osmId": "way/1178649726", "name": null, "opening_hours": null, "label": "Street-side parking", "color": "#bdbdbd" }, "geometry": { "type": "Polygon", "coordinates": [ [ [ 8.7064051, 49.4095416 ], [ 8.7062472, 49.4095436 ], [ 8.7062462, 49.4095271 ], [ 8.7064041, 49.4095251 ], [ 8.7064051, 49.4095416 ] ] ] } },
{ "type": "Feature", "properties": { "index": "284", "@osmId": "way/1319370999", "name": null, "opening_hours": null, "label": "Street-side parking", "color": "#bdbdbd" }, "geometry": { "type": "Polygon", "coordinates": [ [ [ 8.7159026, 49.4085889 ], [ 8.7159971, 49.4086085 ], [ 8.7159646, 49.408627 ], [ 8.7158536, 49.408607 ], [ 8.7159026, 49.4085889 ] ] ] } },
{ "type": "Feature", "properties": { "index": "285", "@osmId": "way/25040154", "name": null, "opening_hours": "24/7", "label": "Street-side parking", "color": "#bdbdbd" }, "geometry": { "type": "Polygon", "coordinates": [ [ [ 8.6900478, 49.4059562 ], [ 8.6895405, 49.4058675 ], [ 8.6895003, 49.4058159 ], [ 8.690034, 49.4059092 ], [ 8.6900478, 49.4059562 ] ] ] } },
{ "type": "Feature", "properties": { "index": "286", "@osmId": "way/25040156", "name": null, "opening_hours": "24/7", "label": "Street-side parking", "color": "#bdbdbd" }, "geometry": { "type": "Polygon", "coordinates": [ [ [ 8.6909664, 49.4061169 ], [ 8.6901356, 49.4059716 ], [ 8.6901207, 49.4059243 ], [ 8.6909254, 49.4060649 ], [ 8.6909664, 49.4061169 ] ] ] } },
{ "type": "Feature", "properties": { "index": "287", "@osmId": "way/25040158", "name": null, "opening_hours": "24/7", "label": "Street-side parking", "color": "#bdbdbd" }, "geometry": { "type": "Polygon", "coordinates": [ [ [ 8.6915283, 49.4062152 ], [ 8.6910966, 49.4061397 ], [ 8.691043, 49.4060855 ], [ 8.691503, 49.4061659 ], [ 8.691518, 49.4061925 ], [ 8.6915283, 49.4062152 ] ] ] } },
{ "type": "Feature", "properties": { "index": "288", "@osmId": "way/27937390", "name": null, "opening_hours": null, "label": "Street-side parking", "color": "#bdbdbd" }, "geometry": { "type": "Polygon", "coordinates": [ [ [ 8.6817677, 49.3981752 ], [ 8.6817718, 49.398 ], [ 8.6821593, 49.398 ], [ 8.6821371, 49.3980269 ], [ 8.6819584, 49.3982097 ], [ 8.6817677, 49.3981752 ] ] ] } },
{ "type": "Feature", "properties": { "index": "289", "@osmId": "way/166959846", "name": null, "opening_hours": null, "label": "Street-side parking", "color": "#bdbdbd" }, "geometry": { "type": "Polygon", "coordinates": [ [ [ 8.6938492, 49.4086346 ], [ 8.6938154, 49.4086284 ], [ 8.6939929, 49.4082187 ], [ 8.6940266, 49.4082249 ], [ 8.6938492, 49.4086346 ] ] ] } },
{ "type": "Feature", "properties": { "index": "290", "@osmId": "way/166959847", "name": null, "opening_hours": null, "label": "Street-side parking", "color": "#bdbdbd" }, "geometry": { "type": "Polygon", "coordinates": [ [ [ 8.6941933, 49.4077362 ], [ 8.6942231, 49.4077415 ], [ 8.69415, 49.4079161 ], [ 8.6941201, 49.4079108 ], [ 8.6941933, 49.4077362 ] ] ] } },
{ "type": "Feature", "properties": { "index": "291", "@osmId": "way/166967457", "name": null, "opening_hours": null, "label": "Street-side parking", "color": "#bdbdbd" }, "geometry": { "type": "Polygon", "coordinates": [ [ [ 8.6890088, 49.409935 ], [ 8.6889874, 49.4099305 ], [ 8.6890025, 49.4099 ], [ 8.689024, 49.4099045 ], [ 8.6890088, 49.409935 ] ] ] } },
{ "type": "Feature", "properties": { "index": "292", "@osmId": "way/167187439", "name": null, "opening_hours": null, "label": "Street-side parking", "color": "#bdbdbd" }, "geometry": { "type": "Polygon", "coordinates": [ [ [ 8.683287, 49.4080664 ], [ 8.6832607, 49.4080812 ], [ 8.6832094, 49.4080535 ], [ 8.6832477, 49.4080309 ], [ 8.6833202, 49.408007 ], [ 8.6833932, 49.4080043 ], [ 8.6834372, 49.408007 ], [ 8.6835756, 49.4080184 ], [ 8.6836048, 49.4080209 ], [ 8.6836397, 49.4080238 ], [ 8.6836298, 49.4080721 ], [ 8.6835945, 49.4080674 ], [ 8.683569, 49.4080648 ], [ 8.6834259, 49.4080515 ], [ 8.6833861, 49.4080495 ], [ 8.6833304, 49.4080528 ], [ 8.683287, 49.4080664 ] ] ] } },
{ "type": "Feature", "properties": { "index": "293", "@osmId": "way/167187441", "name": null, "opening_hours": null, "label": "Street-side parking", "color": "#bdbdbd" }, "geometry": { "type": "Polygon", "coordinates": [ [ [ 8.686221, 49.4092609 ], [ 8.6861414, 49.4092467 ], [ 8.6861655, 49.4091895 ], [ 8.6868923, 49.4093189 ], [ 8.6868683, 49.4093761 ], [ 8.6865605, 49.4093213 ], [ 8.686221, 49.4092609 ] ] ] } },
{ "type": "Feature", "properties": { "index": "294", "@osmId": "way/302203387", "name": null, "opening_hours": null, "label": "Street-side parking", "color": "#bdbdbd" }, "geometry": { "type": "Polygon", "coordinates": [ [ [ 8.6911495, 49.41017 ], [ 8.6911596, 49.410135 ], [ 8.6912052, 49.4101406 ], [ 8.6911951, 49.4101756 ], [ 8.6911495, 49.41017 ] ] ] } },
{ "type": "Feature", "properties": { "index": "295", "@osmId": "way/583432338", "name": null, "opening_hours": "24/7", "label": "Street-side parking", "color": "#bdbdbd" }, "geometry": { "type": "Polygon", "coordinates": [ [ [ 8.6856783, 49.405217 ], [ 8.6859988, 49.4052735 ], [ 8.6859757, 49.405329 ], [ 8.6856552, 49.4052725 ], [ 8.6856783, 49.405217 ] ] ] } },
{ "type": "Feature", "properties": { "index": "296", "@osmId": "way/583444864", "name": null, "opening_hours": null, "label": "Street-side parking", "color": "#bdbdbd" }, "geometry": { "type": "Polygon", "coordinates": [ [ [ 8.6847897, 49.4050491 ], [ 8.68498, 49.4050893 ], [ 8.6849682, 49.405113 ], [ 8.6847779, 49.4050728 ], [ 8.6847897, 49.4050491 ] ] ] } },
{ "type": "Feature", "properties": { "index": "297", "@osmId": "way/795164916", "name": null, "opening_hours": null, "label": "Street-side parking", "color": "#bdbdbd" }, "geometry": { "type": "Polygon", "coordinates": [ [ [ 8.6799677, 49.4042098 ], [ 8.6796313, 49.4043899 ], [ 8.6796319, 49.4043356 ], [ 8.6799271, 49.4041744 ], [ 8.6799677, 49.4042098 ] ] ] } },
{ "type": "Feature", "properties": { "index": "298", "@osmId": "way/946863205", "name": null, "opening_hours": null, "label": "Street-side parking", "color": "#bdbdbd" }, "geometry": { "type": "Polygon", "coordinates": [ [ [ 8.6915199, 49.4081119 ], [ 8.6914233, 49.4080933 ], [ 8.6914472, 49.4080359 ], [ 8.6915449, 49.4080514 ], [ 8.6915199, 49.4081119 ] ] ] } },
{ "type": "Feature", "properties": { "index": "299", "@osmId": "way/953387363", "name": null, "opening_hours": null, "label": "Street-side parking", "color": "#bdbdbd" }, "geometry": { "type": "Polygon", "coordinates": [ [ [ 8.6860691, 49.4092305 ], [ 8.6856339, 49.4091518 ], [ 8.6856575, 49.4090964 ], [ 8.6860928, 49.4091751 ], [ 8.6860691, 49.4092305 ] ] ] } },
{ "type": "Feature", "properties": { "index": "300", "@osmId": "way/1211318124", "name": null, "opening_hours": null, "label": "Street-side parking", "color": "#bdbdbd" }, "geometry": { "type": "Polygon", "coordinates": [ [ [ 8.6911597, 49.3999278 ], [ 8.6911748, 49.3999667 ], [ 8.6911356, 49.3999853 ], [ 8.690994, 49.4000125 ], [ 8.6909734, 49.3999627 ], [ 8.6909731, 49.399962 ], [ 8.6910416, 49.3999492 ], [ 8.6911433, 49.3999303 ], [ 8.6911597, 49.3999278 ] ] ] } },
{ "type": "Feature", "properties": { "index": "301", "@osmId": "way/1221831362", "name": null, "opening_hours": null, "label": "Street-side parking", "color": "#bdbdbd" }, "geometry": { "type": "Polygon", "coordinates": [ [ [ 8.6808988, 49.4098802 ], [ 8.680141, 49.4098403 ], [ 8.6801741, 49.4098213 ], [ 8.680839, 49.409855 ], [ 8.6808988, 49.4098802 ] ] ] } },
{ "type": "Feature", "properties": { "index": "302", "@osmId": "way/1253386603", "name": null, "opening_hours": null, "label": "Street-side parking", "color": "#bdbdbd" }, "geometry": { "type": "Polygon", "coordinates": [ [ [ 8.6900133, 49.4109503 ], [ 8.6878989, 49.4105428 ], [ 8.6879094, 49.4105141 ], [ 8.690028, 49.4109189 ], [ 8.6900133, 49.4109503 ] ] ] } },
{ "type": "Feature", "properties": { "index": "303", "@osmId": "way/1300561749", "name": null, "opening_hours": null, "label": "Street-side parking", "color": "#bdbdbd" }, "geometry": { "type": "Polygon", "coordinates": [ [ [ 8.6882676, 49.410345 ], [ 8.6882886, 49.4102934 ], [ 8.688495, 49.410329 ], [ 8.6884739, 49.4103806 ], [ 8.6882676, 49.410345 ] ] ] } },
{ "type": "Feature", "properties": { "index": "304", "@osmId": "way/1510258569", "name": null, "opening_hours": null, "label": "Street-side parking", "color": "#bdbdbd" }, "geometry": { "type": "Polygon", "coordinates": [ [ [ 8.6894067, 49.3991667 ], [ 8.6891166, 49.3991282 ], [ 8.6891217, 49.3991119 ], [ 8.6894118, 49.3991503 ], [ 8.6894067, 49.3991667 ] ] ] } },
{ "type": "Feature", "properties": { "index": "305", "@osmId": "way/25262372", "name": null, "opening_hours": null, "label": "Street-side parking", "color": "#bdbdbd" }, "geometry": { "type": "Polygon", "coordinates": [ [ [ 8.6734884, 49.4211372 ], [ 8.6718926, 49.4211522 ], [ 8.6718886, 49.4209729 ], [ 8.6734844, 49.4209579 ], [ 8.6734884, 49.4211372 ] ] ] } },
{ "type": "Feature", "properties": { "index": "306", "@osmId": "way/25570514", "name": null, "opening_hours": null, "label": "Street-side parking", "color": "#bdbdbd" }, "geometry": { "type": "Polygon", "coordinates": [ [ [ 8.6682294, 49.4135565 ], [ 8.6680797, 49.413585 ], [ 8.6680677, 49.4135627 ], [ 8.6680354, 49.4134862 ], [ 8.6681961, 49.4134591 ], [ 8.6691625, 49.4134784 ], [ 8.6691592, 49.4135487 ], [ 8.6691559, 49.4136202 ], [ 8.6682287, 49.413606 ], [ 8.6682294, 49.4135565 ] ] ] } },
{ "type": "Feature", "properties": { "index": "307", "@osmId": "way/25806734", "name": null, "opening_hours": null, "label": "Street-side parking", "color": "#bdbdbd" }, "geometry": { "type": "Polygon", "coordinates": [ [ [ 8.6778186, 49.4210592 ], [ 8.6772995, 49.4212254 ], [ 8.6772941, 49.4209895 ], [ 8.6778184, 49.4210011 ], [ 8.6778172, 49.4210245 ], [ 8.6778186, 49.4210592 ] ] ] } },
{ "type": "Feature", "properties": { "index": "308", "@osmId": "way/25812180", "name": null, "opening_hours": null, "label": "Street-side parking", "color": "#bdbdbd" }, "geometry": { "type": "Polygon", "coordinates": [ [ [ 8.6665525, 49.4211738 ], [ 8.6665568, 49.4210758 ], [ 8.6677267, 49.4210791 ], [ 8.6677322, 49.4212447 ], [ 8.6665462, 49.4212634 ], [ 8.6665525, 49.4211738 ] ] ] } },
{ "type": "Feature", "properties": { "index": "309", "@osmId": "way/26004417", "name": null, "opening_hours": "Di-So 00:00-24:00", "label": "Street-side parking", "color": "#bdbdbd" }, "geometry": { "type": "Polygon", "coordinates": [ [ [ 8.6604686, 49.4179561 ], [ 8.66, 49.4178718 ], [ 8.66, 49.417764 ], [ 8.6605112, 49.417856 ], [ 8.6604686, 49.4179561 ] ] ] } },
{ "type": "Feature", "properties": { "index": "310", "@osmId": "way/167051978", "name": null, "opening_hours": null, "label": "Street-side parking", "color": "#bdbdbd" }, "geometry": { "type": "Polygon", "coordinates": [ [ [ 8.6777249, 49.4169275 ], [ 8.6771506, 49.4169169 ], [ 8.6771857, 49.4168773 ], [ 8.6777584, 49.4168882 ], [ 8.6777249, 49.4169275 ] ] ] } },
{ "type": "Feature", "properties": { "index": "311", "@osmId": "way/167051979", "name": null, "opening_hours": null, "label": "Street-side parking", "color": "#bdbdbd" }, "geometry": { "type": "Polygon", "coordinates": [ [ [ 8.6777525, 49.417028 ], [ 8.6777154, 49.4170698 ], [ 8.6772993, 49.4170614 ], [ 8.6773293, 49.4170215 ], [ 8.6777525, 49.417028 ] ] ] } },
{ "type": "Feature", "properties": { "index": "312", "@osmId": "way/693705952", "name": null, "opening_hours": null, "label": "Street-side parking", "color": "#bdbdbd" }, "geometry": { "type": "Polygon", "coordinates": [ [ [ 8.6830241, 49.4194515 ], [ 8.6828399, 49.4200546 ], [ 8.6827547, 49.4200378 ], [ 8.6829409, 49.4194435 ], [ 8.6830241, 49.4194515 ] ] ] } },
{ "type": "Feature", "properties": { "index": "313", "@osmId": "way/894520646", "name": null, "opening_hours": null, "label": "Street-side parking", "color": "#bdbdbd" }, "geometry": { "type": "Polygon", "coordinates": [ [ [ 8.6609753, 49.4066548 ], [ 8.6608727, 49.4066519 ], [ 8.6608932, 49.4063454 ], [ 8.6609957, 49.4063483 ], [ 8.6609753, 49.4066548 ] ] ] } },
{ "type": "Feature", "properties": { "index": "314", "@osmId": "way/1137830646", "name": null, "opening_hours": null, "label": "Street-side parking", "color": "#bdbdbd" }, "geometry": { "type": "Polygon", "coordinates": [ [ [ 8.6658924, 49.4145314 ], [ 8.6658859, 49.414516 ], [ 8.6662066, 49.4144435 ], [ 8.6662174, 49.4144609 ], [ 8.6658924, 49.4145314 ] ] ] } },
{ "type": "Feature", "properties": { "index": "315", "@osmId": "way/1152457578", "name": null, "opening_hours": null, "label": "Street-side parking", "color": "#bdbdbd" }, "geometry": { "type": "Polygon", "coordinates": [ [ [ 8.6853822, 49.4180341 ], [ 8.6853143, 49.4180063 ], [ 8.6853551, 49.4177816 ], [ 8.6854236, 49.4178149 ], [ 8.6853822, 49.4180341 ] ] ] } },
{ "type": "Feature", "properties": { "index": "316", "@osmId": "way/1289403070", "name": null, "opening_hours": null, "label": "Street-side parking", "color": "#bdbdbd" }, "geometry": { "type": "Polygon", "coordinates": [ [ [ 8.6674981, 49.4180985 ], [ 8.6674827, 49.4180636 ], [ 8.6676389, 49.4180627 ], [ 8.6676322, 49.418098 ], [ 8.6674981, 49.4180985 ] ] ] } },
{ "type": "Feature", "properties": { "index": "317", "@osmId": "way/1289403071", "name": null, "opening_hours": null, "label": "Street-side parking", "color": "#bdbdbd" }, "geometry": { "type": "Polygon", "coordinates": [ [ [ 8.6676228, 49.4179078 ], [ 8.6674109, 49.4179087 ], [ 8.6674136, 49.417855 ], [ 8.6676215, 49.4178502 ], [ 8.6676228, 49.4179078 ] ] ] } },
{ "type": "Feature", "properties": { "index": "318", "@osmId": "way/1289403072", "name": null, "opening_hours": null, "label": "Street-side parking", "color": "#bdbdbd" }, "geometry": { "type": "Polygon", "coordinates": [ [ [ 8.6676145, 49.4180243 ], [ 8.6674686, 49.4180234 ], [ 8.6674676, 49.417948 ], [ 8.6676137, 49.4179491 ], [ 8.6676145, 49.4180243 ] ] ] } },
{ "type": "Feature", "properties": { "index": "319", "@osmId": "way/1421401604", "name": null, "opening_hours": null, "label": "Street-side parking", "color": "#bdbdbd" }, "geometry": { "type": "Polygon", "coordinates": [ [ [ 8.6742443, 49.40203 ], [ 8.6742595, 49.4020434 ], [ 8.6740756, 49.4021321 ], [ 8.6740603, 49.4021187 ], [ 8.6742443, 49.40203 ] ] ] } },
{ "type": "Feature", "properties": { "index": "320", "@osmId": "way/1421401606", "name": null, "opening_hours": null, "label": "Street-side parking", "color": "#bdbdbd" }, "geometry": { "type": "Polygon", "coordinates": [ [ [ 8.6744185, 49.401946 ], [ 8.6744337, 49.4019594 ], [ 8.6742793, 49.4020338 ], [ 8.6742641, 49.4020204 ], [ 8.6744185, 49.401946 ] ] ] } },
{ "type": "Feature", "properties": { "index": "321", "@osmId": "way/1452294313", "name": null, "opening_hours": null, "label": "Street-side parking", "color": "#bdbdbd" }, "geometry": { "type": "Polygon", "coordinates": [ [ [ 8.6737731, 49.4090514 ], [ 8.672916, 49.4090597 ], [ 8.6729132, 49.4089358 ], [ 8.6737703, 49.4089276 ], [ 8.6737731, 49.4090514 ] ] ] } },
{ "type": "Feature", "properties": { "index": "322", "@osmId": "node/1015820305", "name": null, "opening_hours": null, "label": "Street-side parking", "color": "#bdbdbd" }, "geometry": { "type": "Point", "coordinates": [ 8.7017843, 49.4123736 ] } },
{ "type": "Feature", "properties": { "index": "323", "@osmId": "node/1801743072", "name": null, "opening_hours": null, "label": "Street-side parking", "color": "#bdbdbd" }, "geometry": { "type": "Point", "coordinates": [ 8.690543, 49.4086991 ] } },
{ "type": "Feature", "properties": { "index": "324", "@osmId": "node/1810016322", "name": null, "opening_hours": null, "label": "Street-side parking", "color": "#bdbdbd" }, "geometry": { "type": "Point", "coordinates": [ 8.6871845, 49.4049652 ] } },
{ "type": "Feature", "properties": { "index": "325", "@osmId": "node/4784268446", "name": null, "opening_hours": null, "label": "Street-side parking", "color": "#bdbdbd" }, "geometry": { "type": "Point", "coordinates": [ 8.6918261, 49.4014461 ] } },
{ "type": "Feature", "properties": { "index": "326", "@osmId": "node/5156839228", "name": null, "opening_hours": null, "label": "Street-side parking", "color": "#bdbdbd" }, "geometry": { "type": "Point", "coordinates": [ 8.7084412, 49.410026 ] } },
{ "type": "Feature", "properties": { "index": "327", "@osmId": "node/5156915223", "name": null, "opening_hours": null, "label": "Street-side parking", "color": "#bdbdbd" }, "geometry": { "type": "Point", "coordinates": [ 8.7132514, 49.4090269 ] } },
{ "type": "Feature", "properties": { "index": "328", "@osmId": "node/6469543546", "name": null, "opening_hours": null, "label": "Street-side parking", "color": "#bdbdbd" }, "geometry": { "type": "Point", "coordinates": [ 8.6840395, 49.4206709 ] } },
{ "type": "Feature", "properties": { "index": "329", "@osmId": "way/1525687397", "name": null, "opening_hours": "24/7", "label": "Marked parking spaces", "color": "#fdae6b" }, "geometry": { "type": "Polygon", "coordinates": [ [ [ 8.6993314, 49.4122508 ], [ 8.6993471, 49.4122069 ], [ 8.6993769, 49.4122114 ], [ 8.6993612, 49.4122553 ], [ 8.6993314, 49.4122508 ] ] ] } },
{ "type": "Feature", "properties": { "index": "330", "@osmId": "way/242515897", "name": null, "opening_hours": null, "label": "Marked parking spaces", "color": "#fdae6b" }, "geometry": { "type": "Polygon", "coordinates": [ [ [ 8.6739754, 49.4074186 ], [ 8.6739736, 49.4074856 ], [ 8.673946, 49.4074853 ], [ 8.6739477, 49.4074183 ], [ 8.6739754, 49.4074186 ] ] ] } },
{ "type": "Feature", "properties": { "index": "331", "@osmId": "way/242515898", "name": null, "opening_hours": null, "label": "Marked parking spaces", "color": "#fdae6b" }, "geometry": { "type": "Polygon", "coordinates": [ [ [ 8.6743856, 49.4067551 ], [ 8.6743838, 49.4068007 ], [ 8.6740687, 49.4070177 ], [ 8.6740706, 49.4069718 ], [ 8.6743856, 49.4067551 ] ] ] } },
{ "type": "Feature", "properties": { "index": "332", "@osmId": "way/242515899", "name": null, "opening_hours": null, "label": "Marked parking spaces", "color": "#fdae6b" }, "geometry": { "type": "Polygon", "coordinates": [ [ [ 8.6743909, 49.4066181 ], [ 8.6741347, 49.4067939 ], [ 8.6741916, 49.4067117 ], [ 8.6743927, 49.4065722 ], [ 8.6743909, 49.4066181 ] ] ] } },
{ "type": "Feature", "properties": { "index": "333", "@osmId": "way/242515900", "name": null, "opening_hours": null, "label": "Marked parking spaces", "color": "#fdae6b" }, "geometry": { "type": "Polygon", "coordinates": [ [ [ 8.6743962, 49.4064818 ], [ 8.6741951, 49.4066199 ], [ 8.6741966, 49.4065774 ], [ 8.6743979, 49.4064377 ], [ 8.6743962, 49.4064818 ] ] ] } },
{ "type": "Feature", "properties": { "index": "334", "@osmId": "way/242515901", "name": null, "opening_hours": null, "label": "Marked parking spaces", "color": "#fdae6b" }, "geometry": { "type": "Polygon", "coordinates": [ [ [ 8.6738233, 49.4074533 ], [ 8.6737914, 49.4074528 ], [ 8.6737932, 49.4074074 ], [ 8.673825, 49.407408 ], [ 8.6738233, 49.4074533 ] ] ] } },
{ "type": "Feature", "properties": { "index": "335", "@osmId": "way/242515902", "name": null, "opening_hours": null, "label": "Marked parking spaces", "color": "#fdae6b" }, "geometry": { "type": "Polygon", "coordinates": [ [ [ 8.6743785, 49.4069365 ], [ 8.6743768, 49.4069816 ], [ 8.6740615, 49.4071981 ], [ 8.6740632, 49.4071542 ], [ 8.6743785, 49.4069365 ] ] ] } },
{ "type": "Feature", "properties": { "index": "336", "@osmId": "way/242515903", "name": null, "opening_hours": null, "label": "Marked parking spaces", "color": "#fdae6b" }, "geometry": { "type": "Polygon", "coordinates": [ [ [ 8.6739538, 49.4072591 ], [ 8.6739563, 49.4072054 ], [ 8.6739838, 49.4072059 ], [ 8.6739812, 49.4072597 ], [ 8.6739538, 49.4072591 ] ] ] } },
{ "type": "Feature", "properties": { "index": "337", "@osmId": "way/242515904", "name": null, "opening_hours": null, "label": "Marked parking spaces", "color": "#fdae6b" }, "geometry": { "type": "Polygon", "coordinates": [ [ [ 8.6739635, 49.4071008 ], [ 8.673963, 49.4071224 ], [ 8.6739029, 49.4071218 ], [ 8.6739034, 49.4071002 ], [ 8.6739635, 49.4071008 ] ] ] } },
{ "type": "Feature", "properties": { "index": "338", "@osmId": "way/242515905", "name": null, "opening_hours": null, "label": "Marked parking spaces", "color": "#fdae6b" }, "geometry": { "type": "Polygon", "coordinates": [ [ [ 8.6739838, 49.4072059 ], [ 8.6739563, 49.4072054 ], [ 8.6739593, 49.407143 ], [ 8.6739867, 49.4071435 ], [ 8.6739838, 49.4072059 ] ] ] } },
{ "type": "Feature", "properties": { "index": "339", "@osmId": "way/242515906", "name": null, "opening_hours": null, "label": "Marked parking spaces", "color": "#fdae6b" }, "geometry": { "type": "Polygon", "coordinates": [ [ [ 8.6738186, 49.4068072 ], [ 8.6740189, 49.4068103 ], [ 8.6739975, 49.4068395 ], [ 8.6738175, 49.4068368 ], [ 8.6738186, 49.4068072 ] ] ] } },
{ "type": "Feature", "properties": { "index": "340", "@osmId": "way/242515907", "name": null, "opening_hours": null, "label": "Marked parking spaces", "color": "#fdae6b" }, "geometry": { "type": "Polygon", "coordinates": [ [ [ 8.6743874, 49.4067093 ], [ 8.6743856, 49.4067551 ], [ 8.6740706, 49.4069718 ], [ 8.6740723, 49.4069272 ], [ 8.6743874, 49.4067093 ] ] ] } },
{ "type": "Feature", "properties": { "index": "341", "@osmId": "way/242515908", "name": null, "opening_hours": null, "label": "Marked parking spaces", "color": "#fdae6b" }, "geometry": { "type": "Polygon", "coordinates": [ [ [ 8.6743945, 49.4065259 ], [ 8.6741934, 49.4066661 ], [ 8.6741951, 49.4066199 ], [ 8.6743962, 49.4064818 ], [ 8.6743945, 49.4065259 ] ] ] } },
{ "type": "Feature", "properties": { "index": "342", "@osmId": "way/242515909", "name": null, "opening_hours": null, "label": "Marked parking spaces", "color": "#fdae6b" }, "geometry": { "type": "Polygon", "coordinates": [ [ [ 8.6738209, 49.4067457 ], [ 8.6740634, 49.4067496 ], [ 8.6740425, 49.4067781 ], [ 8.6738198, 49.4067748 ], [ 8.6738209, 49.4067457 ] ] ] } },
{ "type": "Feature", "properties": { "index": "343", "@osmId": "way/242515910", "name": null, "opening_hours": null, "label": "Marked parking spaces", "color": "#fdae6b" }, "geometry": { "type": "Polygon", "coordinates": [ [ [ 8.6742016, 49.4064398 ], [ 8.6744484, 49.4062683 ], [ 8.6744795, 49.4062886 ], [ 8.6742001, 49.4064827 ], [ 8.6742016, 49.4064398 ] ] ] } },
{ "type": "Feature", "properties": { "index": "344", "@osmId": "way/242515911", "name": null, "opening_hours": null, "label": "Marked parking spaces", "color": "#fdae6b" }, "geometry": { "type": "Polygon", "coordinates": [ [ [ 8.6742033, 49.4063951 ], [ 8.6744157, 49.4062471 ], [ 8.6744484, 49.4062683 ], [ 8.6742016, 49.4064398 ], [ 8.6742033, 49.4063951 ] ] ] } },
{ "type": "Feature", "properties": { "index": "345", "@osmId": "way/242515912", "name": null, "opening_hours": null, "label": "Marked parking spaces", "color": "#fdae6b" }, "geometry": { "type": "Polygon", "coordinates": [ [ [ 8.6744384, 49.4071013 ], [ 8.6744831, 49.407102 ], [ 8.6744766, 49.4072743 ], [ 8.674432, 49.4072736 ], [ 8.6744384, 49.4071013 ] ] ] } },
{ "type": "Feature", "properties": { "index": "346", "@osmId": "way/242515913", "name": null, "opening_hours": null, "label": "Marked parking spaces", "color": "#fdae6b" }, "geometry": { "type": "Polygon", "coordinates": [ [ [ 8.6742001, 49.4064827 ], [ 8.6744795, 49.4062886 ], [ 8.6744768, 49.4063359 ], [ 8.6741984, 49.406528 ], [ 8.6742001, 49.4064827 ] ] ] } },
{ "type": "Feature", "properties": { "index": "347", "@osmId": "way/242515914", "name": null, "opening_hours": null, "label": "Marked parking spaces", "color": "#fdae6b" }, "geometry": { "type": "Polygon", "coordinates": [ [ [ 8.6743804, 49.4068892 ], [ 8.6743785, 49.4069365 ], [ 8.6740632, 49.4071542 ], [ 8.6740651, 49.407109 ], [ 8.6743804, 49.4068892 ] ] ] } },
{ "type": "Feature", "properties": { "index": "348", "@osmId": "way/242515915", "name": null, "opening_hours": null, "label": "Marked parking spaces", "color": "#fdae6b" }, "geometry": { "type": "Polygon", "coordinates": [ [ [ 8.6738198, 49.4067748 ], [ 8.6740425, 49.4067781 ], [ 8.6740189, 49.4068103 ], [ 8.6738186, 49.4068072 ], [ 8.6738198, 49.4067748 ] ] ] } },
{ "type": "Feature", "properties": { "index": "349", "@osmId": "way/242515916", "name": null, "opening_hours": null, "label": "Marked parking spaces", "color": "#fdae6b" }, "geometry": { "type": "Polygon", "coordinates": [ [ [ 8.6738175, 49.4068368 ], [ 8.6739975, 49.4068395 ], [ 8.6739743, 49.4068711 ], [ 8.6738163, 49.4068684 ], [ 8.6738175, 49.4068368 ] ] ] } },
{ "type": "Feature", "properties": { "index": "350", "@osmId": "way/242515917", "name": null, "opening_hours": null, "label": "Marked parking spaces", "color": "#fdae6b" }, "geometry": { "type": "Polygon", "coordinates": [ [ [ 8.6743891, 49.406664 ], [ 8.6743874, 49.4067093 ], [ 8.6740723, 49.4069272 ], [ 8.6740742, 49.4068813 ], [ 8.6743891, 49.406664 ] ] ] } },
{ "type": "Feature", "properties": { "index": "351", "@osmId": "way/242515918", "name": null, "opening_hours": null, "label": "Marked parking spaces", "color": "#fdae6b" }, "geometry": { "type": "Polygon", "coordinates": [ [ [ 8.6742089, 49.4072734 ], [ 8.6743698, 49.4071609 ], [ 8.674368, 49.4072069 ], [ 8.6742701, 49.4072747 ], [ 8.6742089, 49.4072734 ] ] ] } },
{ "type": "Feature", "properties": { "index": "352", "@osmId": "way/242515919", "name": null, "opening_hours": null, "label": "Marked parking spaces", "color": "#fdae6b" }, "geometry": { "type": "Polygon", "coordinates": [ [ [ 8.6739027, 49.4075197 ], [ 8.6739032, 49.407502 ], [ 8.6739732, 49.4075027 ], [ 8.6739727, 49.4075205 ], [ 8.6739027, 49.4075197 ] ] ] } },
{ "type": "Feature", "properties": { "index": "353", "@osmId": "way/242515920", "name": null, "opening_hours": null, "label": "Marked parking spaces", "color": "#fdae6b" }, "geometry": { "type": "Polygon", "coordinates": [ [ [ 8.673978, 49.4073166 ], [ 8.6739768, 49.4073639 ], [ 8.6739491, 49.4073636 ], [ 8.6739503, 49.4073163 ], [ 8.673978, 49.4073166 ] ] ] } },
{ "type": "Feature", "properties": { "index": "354", "@osmId": "way/242515921", "name": null, "opening_hours": null, "label": "Marked parking spaces", "color": "#fdae6b" }, "geometry": { "type": "Polygon", "coordinates": [ [ [ 8.6738233, 49.4074533 ], [ 8.673825, 49.407408 ], [ 8.6738595, 49.4074085 ], [ 8.6738578, 49.4074539 ], [ 8.6738233, 49.4074533 ] ] ] } },
{ "type": "Feature", "properties": { "index": "355", "@osmId": "way/242515922", "name": null, "opening_hours": null, "label": "Marked parking spaces", "color": "#fdae6b" }, "geometry": { "type": "Polygon", "coordinates": [ [ [ 8.6743821, 49.406845 ], [ 8.6743804, 49.4068892 ], [ 8.6740651, 49.407109 ], [ 8.6740669, 49.4070636 ], [ 8.6743821, 49.406845 ] ] ] } },
{ "type": "Feature", "properties": { "index": "356", "@osmId": "way/242515923", "name": null, "opening_hours": null, "label": "Marked parking spaces", "color": "#fdae6b" }, "geometry": { "type": "Polygon", "coordinates": [ [ [ 8.6740908, 49.4073787 ], [ 8.6740617, 49.407378 ], [ 8.6740645, 49.4073278 ], [ 8.6740936, 49.4073285 ], [ 8.6740908, 49.4073787 ] ] ] } },
{ "type": "Feature", "properties": { "index": "357", "@osmId": "way/242515924", "name": null, "opening_hours": null, "label": "Marked parking spaces", "color": "#fdae6b" }, "geometry": { "type": "Polygon", "coordinates": [ [ [ 8.6739651, 49.407036 ], [ 8.6739646, 49.4070569 ], [ 8.6739045, 49.4070563 ], [ 8.673905, 49.4070354 ], [ 8.6739651, 49.407036 ] ] ] } },
{ "type": "Feature", "properties": { "index": "358", "@osmId": "way/242515925", "name": null, "opening_hours": null, "label": "Marked parking spaces", "color": "#fdae6b" }, "geometry": { "type": "Polygon", "coordinates": [ [ [ 8.6743179, 49.4075147 ], [ 8.6743175, 49.4075412 ], [ 8.674148, 49.40754 ], [ 8.6741484, 49.4075135 ], [ 8.6743179, 49.4075147 ] ] ] } },
{ "type": "Feature", "properties": { "index": "359", "@osmId": "way/242515926", "name": null, "opening_hours": null, "label": "Marked parking spaces", "color": "#fdae6b" }, "geometry": { "type": "Polygon", "coordinates": [ [ [ 8.6739768, 49.4073639 ], [ 8.6739754, 49.4074186 ], [ 8.6739477, 49.4074183 ], [ 8.6739491, 49.4073636 ], [ 8.6739768, 49.4073639 ] ] ] } },
{ "type": "Feature", "properties": { "index": "360", "@osmId": "way/242515927", "name": null, "opening_hours": null, "label": "Marked parking spaces", "color": "#fdae6b" }, "geometry": { "type": "Polygon", "coordinates": [ [ [ 8.6740597, 49.4072431 ], [ 8.674375, 49.4070282 ], [ 8.6743734, 49.4070691 ], [ 8.6740578, 49.4072885 ], [ 8.6740597, 49.4072431 ] ] ] } },
{ "type": "Feature", "properties": { "index": "361", "@osmId": "way/242515928", "name": null, "opening_hours": null, "label": "Marked parking spaces", "color": "#fdae6b" }, "geometry": { "type": "Polygon", "coordinates": [ [ [ 8.6743909, 49.4066181 ], [ 8.6743891, 49.406664 ], [ 8.6740742, 49.4068813 ], [ 8.6741347, 49.4067939 ], [ 8.6743909, 49.4066181 ] ] ] } },
{ "type": "Feature", "properties": { "index": "362", "@osmId": "way/242515929", "name": null, "opening_hours": null, "label": "Marked parking spaces", "color": "#fdae6b" }, "geometry": { "type": "Polygon", "coordinates": [ [ [ 8.6737932, 49.4074074 ], [ 8.6737914, 49.4074528 ], [ 8.673758, 49.4074522 ], [ 8.6737598, 49.4074069 ], [ 8.6737932, 49.4074074 ] ] ] } },
{ "type": "Feature", "properties": { "index": "363", "@osmId": "way/242515930", "name": null, "opening_hours": null, "label": "Marked parking spaces", "color": "#fdae6b" }, "geometry": { "type": "Polygon", "coordinates": [ [ [ 8.674205, 49.4063481 ], [ 8.6743827, 49.4062257 ], [ 8.6744157, 49.4062471 ], [ 8.6742033, 49.4063951 ], [ 8.674205, 49.4063481 ] ] ] } },
{ "type": "Feature", "properties": { "index": "364", "@osmId": "way/242515931", "name": null, "opening_hours": null, "label": "Marked parking spaces", "color": "#fdae6b" }, "geometry": { "type": "Polygon", "coordinates": [ [ [ 8.6739036, 49.4074848 ], [ 8.6739032, 49.407502 ], [ 8.673843, 49.4075013 ], [ 8.6738435, 49.4074842 ], [ 8.6739036, 49.4074848 ] ] ] } },
{ "type": "Feature", "properties": { "index": "365", "@osmId": "way/242515932", "name": null, "opening_hours": null, "label": "Marked parking spaces", "color": "#fdae6b" }, "geometry": { "type": "Polygon", "coordinates": [ [ [ 8.6743927, 49.4065722 ], [ 8.6741916, 49.4067117 ], [ 8.6741934, 49.4066661 ], [ 8.6743945, 49.4065259 ], [ 8.6743927, 49.4065722 ] ] ] } },
{ "type": "Feature", "properties": { "index": "366", "@osmId": "way/242515933", "name": null, "opening_hours": null, "label": "Marked parking spaces", "color": "#fdae6b" }, "geometry": { "type": "Polygon", "coordinates": [ [ [ 8.673969, 49.4069334 ], [ 8.6738139, 49.4069309 ], [ 8.6738151, 49.4068998 ], [ 8.6739702, 49.4069022 ], [ 8.673969, 49.4069334 ] ] ] } },
{ "type": "Feature", "properties": { "index": "367", "@osmId": "way/242515934", "name": null, "opening_hours": null, "label": "Marked parking spaces", "color": "#fdae6b" }, "geometry": { "type": "Polygon", "coordinates": [ [ [ 8.6739646, 49.4070569 ], [ 8.673964, 49.4070786 ], [ 8.6739039, 49.407078 ], [ 8.6739045, 49.4070563 ], [ 8.6739646, 49.4070569 ] ] ] } },
{ "type": "Feature", "properties": { "index": "368", "@osmId": "way/242515935", "name": null, "opening_hours": null, "label": "Marked parking spaces", "color": "#fdae6b" }, "geometry": { "type": "Polygon", "coordinates": [ [ [ 8.6743838, 49.4068007 ], [ 8.6743821, 49.406845 ], [ 8.6740669, 49.4070636 ], [ 8.6740687, 49.4070177 ], [ 8.6743838, 49.4068007 ] ] ] } },
{ "type": "Feature", "properties": { "index": "369", "@osmId": "way/242515936", "name": null, "opening_hours": null, "label": "Marked parking spaces", "color": "#fdae6b" }, "geometry": { "type": "Polygon", "coordinates": [ [ [ 8.6738128, 49.4069622 ], [ 8.6738139, 49.4069309 ], [ 8.673969, 49.4069334 ], [ 8.6739678, 49.4069647 ], [ 8.6738128, 49.4069622 ] ] ] } },
{ "type": "Feature", "properties": { "index": "370", "@osmId": "way/242515937", "name": null, "opening_hours": null, "label": "Marked parking spaces", "color": "#fdae6b" }, "geometry": { "type": "Polygon", "coordinates": [ [ [ 8.6740883, 49.4074238 ], [ 8.6740592, 49.4074231 ], [ 8.6740617, 49.407378 ], [ 8.6740908, 49.4073787 ], [ 8.6740883, 49.4074238 ] ] ] } },
{ "type": "Feature", "properties": { "index": "371", "@osmId": "way/242515938", "name": null, "opening_hours": null, "label": "Marked parking spaces", "color": "#fdae6b" }, "geometry": { "type": "Polygon", "coordinates": [ [ [ 8.6742067, 49.4063015 ], [ 8.6743371, 49.4062112 ], [ 8.6743827, 49.4062257 ], [ 8.674205, 49.4063481 ], [ 8.6742067, 49.4063015 ] ] ] } },
{ "type": "Feature", "properties": { "index": "372", "@osmId": "way/242515939", "name": null, "opening_hours": null, "label": "Marked parking spaces", "color": "#fdae6b" }, "geometry": { "type": "Polygon", "coordinates": [ [ [ 8.6743768, 49.4069816 ], [ 8.674375, 49.4070282 ], [ 8.6740597, 49.4072431 ], [ 8.6740615, 49.4071981 ], [ 8.6743768, 49.4069816 ] ] ] } },
{ "type": "Feature", "properties": { "index": "373", "@osmId": "way/242515940", "name": null, "opening_hours": null, "label": "Marked parking spaces", "color": "#fdae6b" }, "geometry": { "type": "Polygon", "coordinates": [ [ [ 8.673964, 49.4070786 ], [ 8.6739635, 49.4071008 ], [ 8.6739034, 49.4071002 ], [ 8.6739039, 49.407078 ], [ 8.673964, 49.4070786 ] ] ] } },
{ "type": "Feature", "properties": { "index": "374", "@osmId": "way/242515941", "name": null, "opening_hours": null, "label": "Marked parking spaces", "color": "#fdae6b" }, "geometry": { "type": "Polygon", "coordinates": [ [ [ 8.6739736, 49.4074856 ], [ 8.6739732, 49.4075027 ], [ 8.6739032, 49.407502 ], [ 8.6739036, 49.4074848 ], [ 8.673946, 49.4074853 ], [ 8.6739736, 49.4074856 ] ] ] } },
{ "type": "Feature", "properties": { "index": "375", "@osmId": "way/242515942", "name": null, "opening_hours": null, "label": "Marked parking spaces", "color": "#fdae6b" }, "geometry": { "type": "Polygon", "coordinates": [ [ [ 8.6741248, 49.4072865 ], [ 8.6743713, 49.407118 ], [ 8.6743698, 49.4071609 ], [ 8.6742089, 49.4072734 ], [ 8.6741869, 49.4072888 ], [ 8.6741248, 49.4072865 ] ] ] } },
{ "type": "Feature", "properties": { "index": "376", "@osmId": "way/242515943", "name": null, "opening_hours": null, "label": "Marked parking spaces", "color": "#fdae6b" }, "geometry": { "type": "Polygon", "coordinates": [ [ [ 8.6738163, 49.4068684 ], [ 8.6739743, 49.4068711 ], [ 8.6739712, 49.4068754 ], [ 8.6739702, 49.4069022 ], [ 8.6738151, 49.4068998 ], [ 8.6738163, 49.4068684 ] ] ] } },
{ "type": "Feature", "properties": { "index": "377", "@osmId": "way/242515944", "name": null, "opening_hours": null, "label": "Marked parking spaces", "color": "#fdae6b" }, "geometry": { "type": "Polygon", "coordinates": [ [ [ 8.6741984, 49.406528 ], [ 8.6744768, 49.4063359 ], [ 8.6744739, 49.4063854 ], [ 8.6743979, 49.4064377 ], [ 8.6741966, 49.4065774 ], [ 8.6741984, 49.406528 ] ] ] } },
{ "type": "Feature", "properties": { "index": "378", "@osmId": "way/242515945", "name": null, "opening_hours": null, "label": "Marked parking spaces", "color": "#fdae6b" }, "geometry": { "type": "Polygon", "coordinates": [ [ [ 8.6744279, 49.4073804 ], [ 8.674432, 49.4072736 ], [ 8.6744766, 49.4072743 ], [ 8.674473, 49.4073681 ], [ 8.6744726, 49.4073811 ], [ 8.6744279, 49.4073804 ] ] ] } },
{ "type": "Feature", "properties": { "index": "379", "@osmId": "way/242515946", "name": null, "opening_hours": null, "label": "Marked parking spaces", "color": "#fdae6b" }, "geometry": { "type": "Polygon", "coordinates": [ [ [ 8.6741144, 49.4074861 ], [ 8.6743608, 49.4074878 ], [ 8.6743604, 49.407515 ], [ 8.6743179, 49.4075147 ], [ 8.6741484, 49.4075135 ], [ 8.6741139, 49.4075133 ], [ 8.6741144, 49.4074861 ] ] ] } },
{ "type": "Feature", "properties": { "index": "380", "@osmId": "way/242515947", "name": null, "opening_hours": null, "label": "Marked parking spaces", "color": "#fdae6b" }, "geometry": { "type": "Polygon", "coordinates": [ [ [ 8.6740645, 49.4073278 ], [ 8.6740558, 49.4073341 ], [ 8.6740578, 49.4072885 ], [ 8.6743734, 49.4070691 ], [ 8.6743713, 49.407118 ], [ 8.6741248, 49.4072865 ], [ 8.6740645, 49.4073278 ] ] ] } },
{ "type": "Feature", "properties": { "index": "381", "@osmId": "way/304706525", "name": null, "opening_hours": null, "label": "Marked parking spaces", "color": "#fdae6b" }, "geometry": { "type": "Polygon", "coordinates": [ [ [ 8.6761146, 49.4064026 ], [ 8.6762159, 49.4064046 ], [ 8.6762166, 49.4064768 ], [ 8.676113, 49.4064744 ], [ 8.6761146, 49.4064026 ] ] ] } },
{ "type": "Feature", "properties": { "index": "382", "@osmId": "way/1020672865", "name": null, "opening_hours": null, "label": "Marked parking spaces", "color": "#fdae6b" }, "geometry": { "type": "Polygon", "coordinates": [ [ [ 8.6694893, 49.4025203 ], [ 8.6697088, 49.4024751 ], [ 8.6697279, 49.402505 ], [ 8.669505, 49.402548 ], [ 8.6694893, 49.4025203 ] ] ] } },
{ "type": "Feature", "properties": { "index": "383", "@osmId": "way/1253664388", "name": null, "opening_hours": null, "label": "Marked parking spaces", "color": "#fdae6b" }, "geometry": { "type": "Polygon", "coordinates": [ [ [ 8.6639106, 49.418739 ], [ 8.6639541, 49.4187415 ], [ 8.6639524, 49.4187967 ], [ 8.6639094, 49.4187889 ], [ 8.6639106, 49.418739 ] ] ] } },
{ "type": "Feature", "properties": { "index": "384", "@osmId": "way/1253664389", "name": null, "opening_hours": null, "label": "Marked parking spaces", "color": "#fdae6b" }, "geometry": { "type": "Polygon", "coordinates": [ [ [ 8.6639551, 49.4186853 ], [ 8.6639541, 49.4187415 ], [ 8.6639106, 49.418739 ], [ 8.6639115, 49.4186901 ], [ 8.6639551, 49.4186853 ] ] ] } },
{ "type": "Feature", "properties": { "index": "385", "@osmId": "node/13770851206", "name": null, "opening_hours": null, "label": "Marked parking spaces", "color": "#fdae6b" }, "geometry": { "type": "Point", "coordinates": [ 8.6730244, 49.4170553 ] } },
{ "type": "Feature", "properties": { "index": "386", "@osmId": "node/13770968889", "name": null, "opening_hours": null, "label": "Marked parking spaces", "color": "#fdae6b" }, "geometry": { "type": "Point", "coordinates": [ 8.6721559, 49.4172564 ] } }
]
}
