{
"type": "FeatureCollection",
"features": [
{ "type": "Feature", "properties": { "index": "0", "@osmId": "way/525630302", "name": null, "opening_hours": null, "label": "Public swimming & bathing", "color": "#2b8cbe" }, "geometry": { "type": "Point", "coordinates": [ 39.2750483, -6.7805355 ] } },
{ "type": "Feature", "properties": { "index": "1", "@osmId": "way/157259688", "name": null, "opening_hours": null, "label": "Public swimming & bathing", "color": "#2b8cbe" }, "geometry": { "type": "Point", "coordinates": [ 39.292429, -6.8059172 ] } },
{ "type": "Feature", "properties": { "index": "2", "@osmId": "relation/6231382", "name": null, "opening_hours": null, "label": "Places of worship", "color": "#8856a7" }, "geometry": { "type": "Point", "coordinates": [ 39.2409008, -6.7970057 ] } },
{ "type": "Feature", "properties": { "index": "3", "@osmId": "way/362260724", "name": null, "opening_hours": null, "label": "Places of worship", "color": "#8856a7" }, "geometry": { "type": "Point", "coordinates": [ 39.2697537, -6.7892612 ] } },
{ "type": "Feature", "properties": { "index": "4", "@osmId": "way/360839976", "name": null, "opening_hours": null, "label": "Places of worship", "color": "#8856a7" }, "geometry": { "type": "Point", "coordinates": [ 39.2200994, -6.8083576 ] } },
{ "type": "Feature", "properties": { "index": "5", "@osmId": "way/362653105", "name": null, "opening_hours": null, "label": "Places of worship", "color": "#8856a7" }, "geometry": { "type": "Point", "coordinates": [ 39.247038, -6.8385817 ] } },
{ "type": "Feature", "properties": { "index": "6", "@osmId": "way/364315051", "name": null, "opening_hours": null, "label": "Places of worship", "color": "#8856a7" }, "geometry": { "type": "Point", "coordinates": [ 39.2440686, -6.8409712 ] } },
{ "type": "Feature", "properties": { "index": "7", "@osmId": "way/364346248", "name": "Tanzania Assemblies of God", "opening_hours": null, "label": "Places of worship", "color": "#8856a7" }, "geometry": { "type": "Point", "coordinates": [ 39.2454826, -6.8377019 ] } },
{ "type": "Feature", "properties": { "index": "8", "@osmId": "way/364367325", "name": "Manazill All", "opening_hours": null, "label": "Places of worship", "color": "#8856a7" }, "geometry": { "type": "Point", "coordinates": [ 39.2493389, -6.8380239 ] } },
{ "type": "Feature", "properties": { "index": "9", "@osmId": "way/364499313", "name": "FPCT City Church", "opening_hours": null, "label": "Places of worship", "color": "#8856a7" }, "geometry": { "type": "Point", "coordinates": [ 39.2483495, -6.8384034 ] } },
{ "type": "Feature", "properties": { "index": "10", "@osmId": "way/364512841", "name": "Maktaba Ya Msikiti Al-Albaany", "opening_hours": null, "label": "Places of worship", "color": "#8856a7" }, "geometry": { "type": "Point", "coordinates": [ 39.2466817, -6.8395376 ] } },
{ "type": "Feature", "properties": { "index": "11", "@osmId": "way/364130067", "name": "Madrid Madrasat Yaasin", "opening_hours": null, "label": "Places of worship", "color": "#8856a7" }, "geometry": { "type": "Point", "coordinates": [ 39.2204091, -6.7861702 ] } },
{ "type": "Feature", "properties": { "index": "12", "@osmId": "way/371347916", "name": "Greek Orthodox Cathedral", "opening_hours": null, "label": "Places of worship", "color": "#8856a7" }, "geometry": { "type": "Point", "coordinates": [ 39.2870609, -6.808324 ] } },
{ "type": "Feature", "properties": { "index": "13", "@osmId": "way/688369583", "name": "St. Albans Cathedral Church", "opening_hours": null, "label": "Places of worship", "color": "#8856a7" }, "geometry": { "type": "Point", "coordinates": [ 39.287197, -6.8137636 ] } },
{ "type": "Feature", "properties": { "index": "14", "@osmId": "way/352354827", "name": null, "opening_hours": null, "label": "Places of worship", "color": "#8856a7" }, "geometry": { "type": "Point", "coordinates": [ 39.2742343, -6.8439529 ] } },
{ "type": "Feature", "properties": { "index": "15", "@osmId": "way/361556823", "name": "Madrasat Masjid Jamuhuria Islamiya", "opening_hours": null, "label": "Places of worship", "color": "#8856a7" }, "geometry": { "type": "Point", "coordinates": [ 39.2736709, -6.8401546 ] } },
{ "type": "Feature", "properties": { "index": "16", "@osmId": "way/361594340", "name": "Masjid Jamuhuria Islamiya", "opening_hours": null, "label": "Places of worship", "color": "#8856a7" }, "geometry": { "type": "Point", "coordinates": [ 39.2737147, -6.8403203 ] } },
{ "type": "Feature", "properties": { "index": "17", "@osmId": "way/361862489", "name": null, "opening_hours": null, "label": "Places of worship", "color": "#8856a7" }, "geometry": { "type": "Point", "coordinates": [ 39.2789141, -6.8346209 ] } },
{ "type": "Feature", "properties": { "index": "18", "@osmId": "way/361864486", "name": "AGT Assemblies Of God", "opening_hours": null, "label": "Places of worship", "color": "#8856a7" }, "geometry": { "type": "Point", "coordinates": [ 39.2756074, -6.841011 ] } },
{ "type": "Feature", "properties": { "index": "19", "@osmId": "way/362749256", "name": null, "opening_hours": null, "label": "Places of worship", "color": "#8856a7" }, "geometry": { "type": "Point", "coordinates": [ 39.2771935, -6.8372655 ] } },
{ "type": "Feature", "properties": { "index": "20", "@osmId": "way/362759739", "name": null, "opening_hours": null, "label": "Places of worship", "color": "#8856a7" }, "geometry": { "type": "Point", "coordinates": [ 39.2780688, -6.8368195 ] } },
{ "type": "Feature", "properties": { "index": "21", "@osmId": "way/365651006", "name": null, "opening_hours": null, "label": "Places of worship", "color": "#8856a7" }, "geometry": { "type": "Point", "coordinates": [ 39.2706532, -6.8486444 ] } },
{ "type": "Feature", "properties": { "index": "22", "@osmId": "way/367433679", "name": "Freemasons Hall", "opening_hours": null, "label": "Places of worship", "color": "#8856a7" }, "geometry": { "type": "Point", "coordinates": [ 39.2922915, -6.8156762 ] } },
{ "type": "Feature", "properties": { "index": "23", "@osmId": "way/688369839", "name": "St. Joseph Cathedral", "opening_hours": null, "label": "Places of worship", "color": "#8856a7" }, "geometry": { "type": "Point", "coordinates": [ 39.2879782, -6.8192919 ] } },
{ "type": "Feature", "properties": { "index": "24", "@osmId": "way/360839262", "name": null, "opening_hours": null, "label": "Places of worship", "color": "#8856a7" }, "geometry": { "type": "Point", "coordinates": [ 39.2454684, -6.7856459 ] } },
{ "type": "Feature", "properties": { "index": "25", "@osmId": "way/361528604", "name": "Masjid Hidaya", "opening_hours": null, "label": "Places of worship", "color": "#8856a7" }, "geometry": { "type": "Point", "coordinates": [ 39.2501465, -6.7869983 ] } },
{ "type": "Feature", "properties": { "index": "26", "@osmId": "way/361528606", "name": "TAG Mwananyamala Church", "opening_hours": null, "label": "Places of worship", "color": "#8856a7" }, "geometry": { "type": "Point", "coordinates": [ 39.2498446, -6.7856191 ] } },
{ "type": "Feature", "properties": { "index": "27", "@osmId": "way/361875135", "name": null, "opening_hours": null, "label": "Places of worship", "color": "#8856a7" }, "geometry": { "type": "Point", "coordinates": [ 39.2480892, -6.7893625 ] } },
{ "type": "Feature", "properties": { "index": "28", "@osmId": "way/364463020", "name": "Tanzania Assembles Of God", "opening_hours": null, "label": "Places of worship", "color": "#8856a7" }, "geometry": { "type": "Point", "coordinates": [ 39.262171, -6.7816733 ] } },
{ "type": "Feature", "properties": { "index": "29", "@osmId": "way/364500740", "name": "Moravian Church Tanzania", "opening_hours": null, "label": "Places of worship", "color": "#8856a7" }, "geometry": { "type": "Point", "coordinates": [ 39.2585478, -6.7849053 ] } },
{ "type": "Feature", "properties": { "index": "30", "@osmId": "way/364525116", "name": "AL-Madrasat", "opening_hours": null, "label": "Places of worship", "color": "#8856a7" }, "geometry": { "type": "Point", "coordinates": [ 39.2590392, -6.784846 ] } },
{ "type": "Feature", "properties": { "index": "31", "@osmId": "way/364591504", "name": "Al-Masjid Al-waluud", "opening_hours": null, "label": "Places of worship", "color": "#8856a7" }, "geometry": { "type": "Point", "coordinates": [ 39.2606177, -6.7864817 ] } },
{ "type": "Feature", "properties": { "index": "32", "@osmId": "way/364747362", "name": "K.K.K.T Lutheran church", "opening_hours": null, "label": "Places of worship", "color": "#8856a7" }, "geometry": { "type": "Point", "coordinates": [ 39.2603693, -6.7866201 ] } },
{ "type": "Feature", "properties": { "index": "33", "@osmId": "way/365639476", "name": "Gospel Assembly Mission Church", "opening_hours": null, "label": "Places of worship", "color": "#8856a7" }, "geometry": { "type": "Point", "coordinates": [ 39.2613237, -6.7870889 ] } },
{ "type": "Feature", "properties": { "index": "34", "@osmId": "way/366455255", "name": "Tanzania Calvary Tabernacle", "opening_hours": null, "label": "Places of worship", "color": "#8856a7" }, "geometry": { "type": "Point", "coordinates": [ 39.2579494, -6.7887456 ] } },
{ "type": "Feature", "properties": { "index": "35", "@osmId": "way/366472435", "name": null, "opening_hours": null, "label": "Places of worship", "color": "#8856a7" }, "geometry": { "type": "Point", "coordinates": [ 39.251309, -6.7800548 ] } },
{ "type": "Feature", "properties": { "index": "36", "@osmId": "way/367384369", "name": "Martin Porres Church", "opening_hours": null, "label": "Places of worship", "color": "#8856a7" }, "geometry": { "type": "Point", "coordinates": [ 39.2563876, -6.7874642 ] } },
{ "type": "Feature", "properties": { "index": "37", "@osmId": "way/524845480", "name": "baptist", "opening_hours": null, "label": "Places of worship", "color": "#8856a7" }, "geometry": { "type": "Point", "coordinates": [ 39.2570717, -6.7847199 ] } },
{ "type": "Feature", "properties": { "index": "38", "@osmId": "way/427957846", "name": null, "opening_hours": null, "label": "Places of worship", "color": "#8856a7" }, "geometry": { "type": "Point", "coordinates": [ 39.2377298, -6.7894573 ] } },
{ "type": "Feature", "properties": { "index": "39", "@osmId": "way/666915459", "name": "Waluguru Mosque", "opening_hours": null, "label": "Places of worship", "color": "#8856a7" }, "geometry": { "type": "Point", "coordinates": [ 39.2387419, -6.7876971 ] } },
{ "type": "Feature", "properties": { "index": "40", "@osmId": "way/364488272", "name": null, "opening_hours": null, "label": "Places of worship", "color": "#8856a7" }, "geometry": { "type": "Point", "coordinates": [ 39.2699115, -6.790104 ] } },
{ "type": "Feature", "properties": { "index": "41", "@osmId": "way/352370138", "name": null, "opening_hours": null, "label": "Places of worship", "color": "#8856a7" }, "geometry": { "type": "Point", "coordinates": [ 39.2787476, -6.8329213 ] } },
{ "type": "Feature", "properties": { "index": "42", "@osmId": "way/352379033", "name": "Molem Mosque", "opening_hours": null, "label": "Places of worship", "color": "#8856a7" }, "geometry": { "type": "Point", "coordinates": [ 39.2699706, -6.8317295 ] } },
{ "type": "Feature", "properties": { "index": "43", "@osmId": "way/352382744", "name": "Victory Gospel Assembly Tanzania", "opening_hours": null, "label": "Places of worship", "color": "#8856a7" }, "geometry": { "type": "Point", "coordinates": [ 39.2701255, -6.8316341 ] } },
{ "type": "Feature", "properties": { "index": "44", "@osmId": "way/352387990", "name": "AGT Assemblies Of God", "opening_hours": null, "label": "Places of worship", "color": "#8856a7" }, "geometry": { "type": "Point", "coordinates": [ 39.2719623, -6.8331992 ] } },
{ "type": "Feature", "properties": { "index": "45", "@osmId": "way/368430595", "name": "Shree Sanatan Hindu Mandir", "opening_hours": null, "label": "Places of worship", "color": "#8856a7" }, "geometry": { "type": "Point", "coordinates": [ 39.2839122, -6.8149678 ] } },
{ "type": "Feature", "properties": { "index": "46", "@osmId": "way/368503322", "name": "Al Jumaa Mosque Kitumbini", "opening_hours": null, "label": "Places of worship", "color": "#8856a7" }, "geometry": { "type": "Point", "coordinates": [ 39.2828825, -6.8197466 ] } },
{ "type": "Feature", "properties": { "index": "47", "@osmId": "way/368895392", "name": "Masjid Al Rawdha", "opening_hours": null, "label": "Places of worship", "color": "#8856a7" }, "geometry": { "type": "Point", "coordinates": [ 39.2803959, -6.8169039 ] } },
{ "type": "Feature", "properties": { "index": "48", "@osmId": "way/369649145", "name": null, "opening_hours": null, "label": "Places of worship", "color": "#8856a7" }, "geometry": { "type": "Point", "coordinates": [ 39.2835925, -6.8136888 ] } },
{ "type": "Feature", "properties": { "index": "49", "@osmId": "way/613669060", "name": null, "opening_hours": null, "label": "Places of worship", "color": "#8856a7" }, "geometry": { "type": "Point", "coordinates": [ 39.2857606, -6.8153985 ] } },
{ "type": "Feature", "properties": { "index": "50", "@osmId": "way/635183978", "name": "Burhan", "opening_hours": null, "label": "Places of worship", "color": "#8856a7" }, "geometry": { "type": "Point", "coordinates": [ 39.2862158, -6.8189067 ] } },
{ "type": "Feature", "properties": { "index": "51", "@osmId": "way/635184070", "name": null, "opening_hours": null, "label": "Places of worship", "color": "#8856a7" }, "geometry": { "type": "Point", "coordinates": [ 39.2862584, -6.8187558 ] } },
{ "type": "Feature", "properties": { "index": "52", "@osmId": "way/635184168", "name": "Darkhana Jamatkhana [17]", "opening_hours": null, "label": "Places of worship", "color": "#8856a7" }, "geometry": { "type": "Point", "coordinates": [ 39.283923, -6.8198956 ] } },
{ "type": "Feature", "properties": { "index": "53", "@osmId": "way/1089823328", "name": "Holy Quran Madressa", "opening_hours": null, "label": "Places of worship", "color": "#8856a7" }, "geometry": { "type": "Point", "coordinates": [ 39.274734, -6.8130617 ] } },
{ "type": "Feature", "properties": { "index": "54", "@osmId": "way/364471053", "name": null, "opening_hours": null, "label": "Places of worship", "color": "#8856a7" }, "geometry": { "type": "Point", "coordinates": [ 39.2333479, -6.8347055 ] } },
{ "type": "Feature", "properties": { "index": "55", "@osmId": "way/364485407", "name": "Mnyamani Mosque", "opening_hours": null, "label": "Places of worship", "color": "#8856a7" }, "geometry": { "type": "Point", "coordinates": [ 39.240642, -6.8388465 ] } },
{ "type": "Feature", "properties": { "index": "56", "@osmId": "way/364525287", "name": null, "opening_hours": null, "label": "Places of worship", "color": "#8856a7" }, "geometry": { "type": "Point", "coordinates": [ 39.2297088, -6.8436914 ] } },
{ "type": "Feature", "properties": { "index": "57", "@osmId": "way/364537505", "name": "KKKT", "opening_hours": null, "label": "Places of worship", "color": "#8856a7" }, "geometry": { "type": "Point", "coordinates": [ 39.2259739, -6.8453158 ] } },
{ "type": "Feature", "properties": { "index": "58", "@osmId": "way/366275500", "name": "Pentecoste Buguruni Mnyamani", "opening_hours": null, "label": "Places of worship", "color": "#8856a7" }, "geometry": { "type": "Point", "coordinates": [ 39.239219, -6.8399903 ] } },
{ "type": "Feature", "properties": { "index": "59", "@osmId": "way/370610165", "name": "Tanzania Assembly Of God", "opening_hours": null, "label": "Places of worship", "color": "#8856a7" }, "geometry": { "type": "Point", "coordinates": [ 39.2389548, -6.8436512 ] } },
{ "type": "Feature", "properties": { "index": "60", "@osmId": "way/370622610", "name": "Masjid Hassanat Kwa Kisengo", "opening_hours": null, "label": "Places of worship", "color": "#8856a7" }, "geometry": { "type": "Point", "coordinates": [ 39.2377861, -6.8433928 ] } },
{ "type": "Feature", "properties": { "index": "61", "@osmId": "way/370681307", "name": "Al Masjid Istiqma", "opening_hours": null, "label": "Places of worship", "color": "#8856a7" }, "geometry": { "type": "Point", "coordinates": [ 39.2350196, -6.843894 ] } },
{ "type": "Feature", "properties": { "index": "62", "@osmId": "way/370683358", "name": null, "opening_hours": null, "label": "Places of worship", "color": "#8856a7" }, "geometry": { "type": "Point", "coordinates": [ 39.237584, -6.8409425 ] } },
{ "type": "Feature", "properties": { "index": "63", "@osmId": "way/370683784", "name": null, "opening_hours": null, "label": "Places of worship", "color": "#8856a7" }, "geometry": { "type": "Point", "coordinates": [ 39.2284972, -6.8484133 ] } },
{ "type": "Feature", "properties": { "index": "64", "@osmId": "way/370683786", "name": null, "opening_hours": null, "label": "Places of worship", "color": "#8856a7" }, "geometry": { "type": "Point", "coordinates": [ 39.2284379, -6.8484621 ] } },
{ "type": "Feature", "properties": { "index": "65", "@osmId": "way/370759515", "name": "Masjid L-Khadhwir", "opening_hours": null, "label": "Places of worship", "color": "#8856a7" }, "geometry": { "type": "Point", "coordinates": [ 39.2276504, -6.8460244 ] } },
{ "type": "Feature", "properties": { "index": "66", "@osmId": "way/370859386", "name": null, "opening_hours": null, "label": "Places of worship", "color": "#8856a7" }, "geometry": { "type": "Point", "coordinates": [ 39.2254666, -6.8488406 ] } },
{ "type": "Feature", "properties": { "index": "67", "@osmId": "way/370870459", "name": "Hilal Mosque", "opening_hours": null, "label": "Places of worship", "color": "#8856a7" }, "geometry": { "type": "Point", "coordinates": [ 39.2242497, -6.8464994 ] } },
{ "type": "Feature", "properties": { "index": "68", "@osmId": "way/370952657", "name": null, "opening_hours": null, "label": "Places of worship", "color": "#8856a7" }, "geometry": { "type": "Point", "coordinates": [ 39.2257422, -6.8494091 ] } },
{ "type": "Feature", "properties": { "index": "69", "@osmId": "way/371122243", "name": "Baptist Church", "opening_hours": null, "label": "Places of worship", "color": "#8856a7" }, "geometry": { "type": "Point", "coordinates": [ 39.2384233, -6.8421939 ] } },
{ "type": "Feature", "properties": { "index": "70", "@osmId": "way/371239204", "name": "Madrasa", "opening_hours": null, "label": "Places of worship", "color": "#8856a7" }, "geometry": { "type": "Point", "coordinates": [ 39.2300571, -6.8474773 ] } },
{ "type": "Feature", "properties": { "index": "71", "@osmId": "way/371727980", "name": null, "opening_hours": null, "label": "Places of worship", "color": "#8856a7" }, "geometry": { "type": "Point", "coordinates": [ 39.2356761, -6.8415449 ] } },
{ "type": "Feature", "properties": { "index": "72", "@osmId": "way/371727985", "name": null, "opening_hours": null, "label": "Places of worship", "color": "#8856a7" }, "geometry": { "type": "Point", "coordinates": [ 39.2358189, -6.8415048 ] } },
{ "type": "Feature", "properties": { "index": "73", "@osmId": "way/371863217", "name": "Almadrasat Makasi", "opening_hours": null, "label": "Places of worship", "color": "#8856a7" }, "geometry": { "type": "Point", "coordinates": [ 39.2315111, -6.8392589 ] } },
{ "type": "Feature", "properties": { "index": "74", "@osmId": "way/371874605", "name": "Masjid Hiari", "opening_hours": null, "label": "Places of worship", "color": "#8856a7" }, "geometry": { "type": "Point", "coordinates": [ 39.2279457, -6.8407931 ] } },
{ "type": "Feature", "properties": { "index": "75", "@osmId": "way/371941930", "name": null, "opening_hours": null, "label": "Places of worship", "color": "#8856a7" }, "geometry": { "type": "Point", "coordinates": [ 39.2254519, -6.8409996 ] } },
{ "type": "Feature", "properties": { "index": "76", "@osmId": "way/372023445", "name": "Victirious Living Church", "opening_hours": null, "label": "Places of worship", "color": "#8856a7" }, "geometry": { "type": "Point", "coordinates": [ 39.2237465, -6.8416886 ] } },
{ "type": "Feature", "properties": { "index": "77", "@osmId": "way/372028307", "name": "Tanzania Assembly Of God", "opening_hours": null, "label": "Places of worship", "color": "#8856a7" }, "geometry": { "type": "Point", "coordinates": [ 39.2242743, -6.8398153 ] } },
{ "type": "Feature", "properties": { "index": "78", "@osmId": "way/372048271", "name": null, "opening_hours": null, "label": "Places of worship", "color": "#8856a7" }, "geometry": { "type": "Point", "coordinates": [ 39.2224216, -6.8476943 ] } },
{ "type": "Feature", "properties": { "index": "79", "@osmId": "way/472920537", "name": "Kanisa la Anglican", "opening_hours": null, "label": "Places of worship", "color": "#8856a7" }, "geometry": { "type": "Point", "coordinates": [ 39.2268302, -6.8474595 ] } },
{ "type": "Feature", "properties": { "index": "80", "@osmId": "way/328050495", "name": "chapel", "opening_hours": null, "label": "Places of worship", "color": "#8856a7" }, "geometry": { "type": "Point", "coordinates": [ 39.2309099, -6.8144519 ] } },
{ "type": "Feature", "properties": { "index": "81", "@osmId": "way/360268873", "name": "KKKT", "opening_hours": null, "label": "Places of worship", "color": "#8856a7" }, "geometry": { "type": "Point", "coordinates": [ 39.2381389, -6.8121298 ] } },
{ "type": "Feature", "properties": { "index": "82", "@osmId": "way/360278174", "name": "New Apolistic church", "opening_hours": null, "label": "Places of worship", "color": "#8856a7" }, "geometry": { "type": "Point", "coordinates": [ 39.2384282, -6.8257408 ] } },
{ "type": "Feature", "properties": { "index": "83", "@osmId": "way/360278278", "name": null, "opening_hours": null, "label": "Places of worship", "color": "#8856a7" }, "geometry": { "type": "Point", "coordinates": [ 39.2227066, -6.8293066 ] } },
{ "type": "Feature", "properties": { "index": "84", "@osmId": "way/360697881", "name": "Tanzania Pentecoste Church", "opening_hours": null, "label": "Places of worship", "color": "#8856a7" }, "geometry": { "type": "Point", "coordinates": [ 39.2222491, -6.8211111 ] } },
{ "type": "Feature", "properties": { "index": "85", "@osmId": "way/360708451", "name": "Tegemeo", "opening_hours": null, "label": "Places of worship", "color": "#8856a7" }, "geometry": { "type": "Point", "coordinates": [ 39.2389768, -6.8143993 ] } },
{ "type": "Feature", "properties": { "index": "86", "@osmId": "way/360834956", "name": "Samaria Gospel", "opening_hours": null, "label": "Places of worship", "color": "#8856a7" }, "geometry": { "type": "Point", "coordinates": [ 39.2399143, -6.8147158 ] } },
{ "type": "Feature", "properties": { "index": "87", "@osmId": "way/360845147", "name": "Tanzania Assembles Of God", "opening_hours": null, "label": "Places of worship", "color": "#8856a7" }, "geometry": { "type": "Point", "coordinates": [ 39.2402202, -6.8144918 ] } },
{ "type": "Feature", "properties": { "index": "88", "@osmId": "way/361041197", "name": null, "opening_hours": null, "label": "Places of worship", "color": "#8856a7" }, "geometry": { "type": "Point", "coordinates": [ 39.2340463, -6.8141482 ] } },
{ "type": "Feature", "properties": { "index": "89", "@osmId": "way/361365167", "name": null, "opening_hours": null, "label": "Places of worship", "color": "#8856a7" }, "geometry": { "type": "Point", "coordinates": [ 39.2337556, -6.8143452 ] } },
{ "type": "Feature", "properties": { "index": "90", "@osmId": "way/361365168", "name": null, "opening_hours": null, "label": "Places of worship", "color": "#8856a7" }, "geometry": { "type": "Point", "coordinates": [ 39.2339634, -6.8141646 ] } },
{ "type": "Feature", "properties": { "index": "91", "@osmId": "way/361399433", "name": null, "opening_hours": null, "label": "Places of worship", "color": "#8856a7" }, "geometry": { "type": "Point", "coordinates": [ 39.2364368, -6.8157172 ] } },
{ "type": "Feature", "properties": { "index": "92", "@osmId": "way/361399435", "name": null, "opening_hours": null, "label": "Places of worship", "color": "#8856a7" }, "geometry": { "type": "Point", "coordinates": [ 39.2366229, -6.8155862 ] } },
{ "type": "Feature", "properties": { "index": "93", "@osmId": "way/361399445", "name": null, "opening_hours": null, "label": "Places of worship", "color": "#8856a7" }, "geometry": { "type": "Point", "coordinates": [ 39.2364645, -6.8156892 ] } },
{ "type": "Feature", "properties": { "index": "94", "@osmId": "way/361417199", "name": null, "opening_hours": null, "label": "Places of worship", "color": "#8856a7" }, "geometry": { "type": "Point", "coordinates": [ 39.2340239, -6.8133177 ] } },
{ "type": "Feature", "properties": { "index": "95", "@osmId": "way/361417208", "name": null, "opening_hours": null, "label": "Places of worship", "color": "#8856a7" }, "geometry": { "type": "Point", "coordinates": [ 39.2339365, -6.8132354 ] } },
{ "type": "Feature", "properties": { "index": "96", "@osmId": "way/361576918", "name": null, "opening_hours": null, "label": "Places of worship", "color": "#8856a7" }, "geometry": { "type": "Point", "coordinates": [ 39.2330201, -6.8129535 ] } },
{ "type": "Feature", "properties": { "index": "97", "@osmId": "way/361692019", "name": null, "opening_hours": null, "label": "Places of worship", "color": "#8856a7" }, "geometry": { "type": "Point", "coordinates": [ 39.2385938, -6.8164018 ] } },
{ "type": "Feature", "properties": { "index": "98", "@osmId": "way/361860587", "name": null, "opening_hours": null, "label": "Places of worship", "color": "#8856a7" }, "geometry": { "type": "Point", "coordinates": [ 39.2393157, -6.8158489 ] } },
{ "type": "Feature", "properties": { "index": "99", "@osmId": "way/361887828", "name": null, "opening_hours": null, "label": "Places of worship", "color": "#8856a7" }, "geometry": { "type": "Point", "coordinates": [ 39.2241595, -6.8122022 ] } },
{ "type": "Feature", "properties": { "index": "100", "@osmId": "way/361887861", "name": null, "opening_hours": null, "label": "Places of worship", "color": "#8856a7" }, "geometry": { "type": "Point", "coordinates": [ 39.2240964, -6.8119985 ] } },
{ "type": "Feature", "properties": { "index": "101", "@osmId": "way/362566414", "name": "Morovian", "opening_hours": null, "label": "Places of worship", "color": "#8856a7" }, "geometry": { "type": "Point", "coordinates": [ 39.2396805, -6.8121185 ] } },
{ "type": "Feature", "properties": { "index": "102", "@osmId": "way/362571010", "name": null, "opening_hours": null, "label": "Places of worship", "color": "#8856a7" }, "geometry": { "type": "Point", "coordinates": [ 39.2309891, -6.8120058 ] } },
{ "type": "Feature", "properties": { "index": "103", "@osmId": "way/362571012", "name": null, "opening_hours": null, "label": "Places of worship", "color": "#8856a7" }, "geometry": { "type": "Point", "coordinates": [ 39.2310263, -6.8120726 ] } },
{ "type": "Feature", "properties": { "index": "104", "@osmId": "way/362922001", "name": null, "opening_hours": null, "label": "Places of worship", "color": "#8856a7" }, "geometry": { "type": "Point", "coordinates": [ 39.2259617, -6.8142634 ] } },
{ "type": "Feature", "properties": { "index": "105", "@osmId": "way/363127391", "name": null, "opening_hours": null, "label": "Places of worship", "color": "#8856a7" }, "geometry": { "type": "Point", "coordinates": [ 39.2297014, -6.8182965 ] } },
{ "type": "Feature", "properties": { "index": "106", "@osmId": "way/363132156", "name": null, "opening_hours": null, "label": "Places of worship", "color": "#8856a7" }, "geometry": { "type": "Point", "coordinates": [ 39.2274807, -6.8154415 ] } },
{ "type": "Feature", "properties": { "index": "107", "@osmId": "way/363132168", "name": null, "opening_hours": null, "label": "Places of worship", "color": "#8856a7" }, "geometry": { "type": "Point", "coordinates": [ 39.2275546, -6.8156 ] } },
{ "type": "Feature", "properties": { "index": "108", "@osmId": "way/363132171", "name": null, "opening_hours": null, "label": "Places of worship", "color": "#8856a7" }, "geometry": { "type": "Point", "coordinates": [ 39.227639, -6.8156422 ] } },
{ "type": "Feature", "properties": { "index": "109", "@osmId": "way/363132182", "name": null, "opening_hours": null, "label": "Places of worship", "color": "#8856a7" }, "geometry": { "type": "Point", "coordinates": [ 39.2277152, -6.8154954 ] } },
{ "type": "Feature", "properties": { "index": "110", "@osmId": "way/366788628", "name": "Masjid Rrahman", "opening_hours": null, "label": "Places of worship", "color": "#8856a7" }, "geometry": { "type": "Point", "coordinates": [ 39.2405373, -6.8315153 ] } },
{ "type": "Feature", "properties": { "index": "111", "@osmId": "way/375049998", "name": "Tanzania Assemblies of God", "opening_hours": null, "label": "Places of worship", "color": "#8856a7" }, "geometry": { "type": "Point", "coordinates": [ 39.2290137, -6.8298132 ] } },
{ "type": "Feature", "properties": { "index": "112", "@osmId": "way/375061713", "name": "Tanzania Pentecoste Church", "opening_hours": null, "label": "Places of worship", "color": "#8856a7" }, "geometry": { "type": "Point", "coordinates": [ 39.2224055, -6.8213324 ] } },
{ "type": "Feature", "properties": { "index": "113", "@osmId": "way/375365697", "name": "Mountain's Mover's Christian Centre", "opening_hours": null, "label": "Places of worship", "color": "#8856a7" }, "geometry": { "type": "Point", "coordinates": [ 39.2233108, -6.8308954 ] } },
{ "type": "Feature", "properties": { "index": "114", "@osmId": "way/387397174", "name": "Tabata Mosque", "opening_hours": null, "label": "Places of worship", "color": "#8856a7" }, "geometry": { "type": "Point", "coordinates": [ 39.2222047, -6.8169379 ] } },
{ "type": "Feature", "properties": { "index": "115", "@osmId": "way/361401966", "name": null, "opening_hours": null, "label": "Places of worship", "color": "#8856a7" }, "geometry": { "type": "Point", "coordinates": [ 39.2459693, -6.8140327 ] } },
{ "type": "Feature", "properties": { "index": "116", "@osmId": "way/361401968", "name": null, "opening_hours": null, "label": "Places of worship", "color": "#8856a7" }, "geometry": { "type": "Point", "coordinates": [ 39.2460713, -6.8140196 ] } },
{ "type": "Feature", "properties": { "index": "117", "@osmId": "way/361409975", "name": "Aliy Hassani Mwinyi", "opening_hours": null, "label": "Places of worship", "color": "#8856a7" }, "geometry": { "type": "Point", "coordinates": [ 39.2462017, -6.8140303 ] } },
{ "type": "Feature", "properties": { "index": "118", "@osmId": "way/361409976", "name": null, "opening_hours": null, "label": "Places of worship", "color": "#8856a7" }, "geometry": { "type": "Point", "coordinates": [ 39.2462023, -6.8141874 ] } },
{ "type": "Feature", "properties": { "index": "119", "@osmId": "way/361409977", "name": null, "opening_hours": null, "label": "Places of worship", "color": "#8856a7" }, "geometry": { "type": "Point", "coordinates": [ 39.246355, -6.8143958 ] } },
{ "type": "Feature", "properties": { "index": "120", "@osmId": "way/361409978", "name": null, "opening_hours": null, "label": "Places of worship", "color": "#8856a7" }, "geometry": { "type": "Point", "coordinates": [ 39.2464275, -6.8141348 ] } },
{ "type": "Feature", "properties": { "index": "121", "@osmId": "way/361409979", "name": null, "opening_hours": null, "label": "Places of worship", "color": "#8856a7" }, "geometry": { "type": "Point", "coordinates": [ 39.2463399, -6.8139708 ] } },
{ "type": "Feature", "properties": { "index": "122", "@osmId": "way/362563897", "name": null, "opening_hours": null, "label": "Places of worship", "color": "#8856a7" }, "geometry": { "type": "Point", "coordinates": [ 39.2459793, -6.81206 ] } },
{ "type": "Feature", "properties": { "index": "123", "@osmId": "way/364465411", "name": "Masjid Jabbal Hiraaa", "opening_hours": null, "label": "Places of worship", "color": "#8856a7" }, "geometry": { "type": "Point", "coordinates": [ 39.2453907, -6.828088 ] } },
{ "type": "Feature", "properties": { "index": "124", "@osmId": "way/364474699", "name": "Masjid El-Dawail", "opening_hours": null, "label": "Places of worship", "color": "#8856a7" }, "geometry": { "type": "Point", "coordinates": [ 39.2624215, -6.8266223 ] } },
{ "type": "Feature", "properties": { "index": "125", "@osmId": "way/364481336", "name": null, "opening_hours": null, "label": "Places of worship", "color": "#8856a7" }, "geometry": { "type": "Point", "coordinates": [ 39.2454873, -6.8310187 ] } },
{ "type": "Feature", "properties": { "index": "126", "@osmId": "way/364502027", "name": null, "opening_hours": null, "label": "Places of worship", "color": "#8856a7" }, "geometry": { "type": "Point", "coordinates": [ 39.2642272, -6.8271226 ] } },
{ "type": "Feature", "properties": { "index": "127", "@osmId": "way/364691301", "name": "Jumba La Mashahidi wa Yehova", "opening_hours": null, "label": "Places of worship", "color": "#8856a7" }, "geometry": { "type": "Point", "coordinates": [ 39.2471285, -6.833188 ] } },
{ "type": "Feature", "properties": { "index": "128", "@osmId": "way/364803450", "name": "Immanuel Church of The Deaf", "opening_hours": null, "label": "Places of worship", "color": "#8856a7" }, "geometry": { "type": "Point", "coordinates": [ 39.2477173, -6.8292844 ] } },
{ "type": "Feature", "properties": { "index": "129", "@osmId": "way/367589945", "name": "KKKT Ilala", "opening_hours": null, "label": "Places of worship", "color": "#8856a7" }, "geometry": { "type": "Point", "coordinates": [ 39.2468885, -6.829591 ] } },
{ "type": "Feature", "properties": { "index": "130", "@osmId": "way/380536729", "name": "Madrasatul Mohamadiyatul", "opening_hours": null, "label": "Places of worship", "color": "#8856a7" }, "geometry": { "type": "Point", "coordinates": [ 39.25628, -6.8291231 ] } },
{ "type": "Feature", "properties": { "index": "131", "@osmId": "node/282843023", "name": "Ngazija Mosque [53]", "opening_hours": null, "label": "Places of worship", "color": "#8856a7" }, "geometry": { "type": "Point", "coordinates": [ 39.2861088, -6.8170587 ] } },
{ "type": "Feature", "properties": { "index": "132", "@osmId": "node/3602166747", "name": null, "opening_hours": null, "label": "Places of worship", "color": "#8856a7" }, "geometry": { "type": "Point", "coordinates": [ 39.2670772, -6.8232802 ] } },
{ "type": "Feature", "properties": { "index": "133", "@osmId": "node/3614826808", "name": "Mosque Madina", "opening_hours": null, "label": "Places of worship", "color": "#8856a7" }, "geometry": { "type": "Point", "coordinates": [ 39.2712384, -6.8215441 ] } },
{ "type": "Feature", "properties": { "index": "134", "@osmId": "node/3661507708", "name": "Nadrasat Madhwari Islamiya", "opening_hours": null, "label": "Places of worship", "color": "#8856a7" }, "geometry": { "type": "Point", "coordinates": [ 39.2747267, -6.8401471 ] } },
{ "type": "Feature", "properties": { "index": "135", "@osmId": "node/3706517734", "name": "Nabawia", "opening_hours": null, "label": "Places of worship", "color": "#8856a7" }, "geometry": { "type": "Point", "coordinates": [ 39.2437101, -6.8284872 ] } },
{ "type": "Feature", "properties": { "index": "136", "@osmId": "node/3714819459", "name": "Masdij Neemah Tulaah", "opening_hours": null, "label": "Places of worship", "color": "#8856a7" }, "geometry": { "type": "Point", "coordinates": [ 39.2513199, -6.8268889 ] } },
{ "type": "Feature", "properties": { "index": "137", "@osmId": "node/3714887728", "name": "Masjid Ghulam", "opening_hours": null, "label": "Places of worship", "color": "#8856a7" }, "geometry": { "type": "Point", "coordinates": [ 39.2514736, -6.8308294 ] } },
{ "type": "Feature", "properties": { "index": "138", "@osmId": "node/3714912238", "name": null, "opening_hours": null, "label": "Places of worship", "color": "#8856a7" }, "geometry": { "type": "Point", "coordinates": [ 39.2489858, -6.8341203 ] } },
{ "type": "Feature", "properties": { "index": "139", "@osmId": "node/3714980589", "name": null, "opening_hours": null, "label": "Places of worship", "color": "#8856a7" }, "geometry": { "type": "Point", "coordinates": [ 39.2476843, -6.8292931 ] } },
{ "type": "Feature", "properties": { "index": "140", "@osmId": "node/3714998963", "name": "KKKT Ilala", "opening_hours": null, "label": "Places of worship", "color": "#8856a7" }, "geometry": { "type": "Point", "coordinates": [ 39.2469998, -6.829636 ] } },
{ "type": "Feature", "properties": { "index": "141", "@osmId": "node/3727689127", "name": null, "opening_hours": null, "label": "Places of worship", "color": "#8856a7" }, "geometry": { "type": "Point", "coordinates": [ 39.2815366, -6.8150766 ] } },
{ "type": "Feature", "properties": { "index": "142", "@osmId": "node/3728100853", "name": null, "opening_hours": "Mo-Su 04:00-21:00", "label": "Places of worship", "color": "#8856a7" }, "geometry": { "type": "Point", "coordinates": [ 39.2719897, -6.8204237 ] } },
{ "type": "Feature", "properties": { "index": "143", "@osmId": "node/3730360599", "name": "Sunni Muslim Jamaat", "opening_hours": null, "label": "Places of worship", "color": "#8856a7" }, "geometry": { "type": "Point", "coordinates": [ 39.2831744, -6.8190919 ] } },
{ "type": "Feature", "properties": { "index": "144", "@osmId": "node/3733299343", "name": "Al-Raqeeb", "opening_hours": null, "label": "Places of worship", "color": "#8856a7" }, "geometry": { "type": "Point", "coordinates": [ 39.283612, -6.8192689 ] } },
{ "type": "Feature", "properties": { "index": "145", "@osmId": "node/3745340908", "name": "Kanisa La Pentekoste Tanzania", "opening_hours": null, "label": "Places of worship", "color": "#8856a7" }, "geometry": { "type": "Point", "coordinates": [ 39.2504894, -6.8184455 ] } },
{ "type": "Feature", "properties": { "index": "146", "@osmId": "node/3745389415", "name": "Tanzania Assembles Of God", "opening_hours": null, "label": "Places of worship", "color": "#8856a7" }, "geometry": { "type": "Point", "coordinates": [ 39.2519096, -6.8192439 ] } },
{ "type": "Feature", "properties": { "index": "147", "@osmId": "node/3754133578", "name": "Hema ya Ukombozi", "opening_hours": null, "label": "Places of worship", "color": "#8856a7" }, "geometry": { "type": "Point", "coordinates": [ 39.2558376, -6.8179539 ] } },
{ "type": "Feature", "properties": { "index": "148", "@osmId": "node/3755680605", "name": "Madrassa ( AZ- Har(Sharif Islamiyyah)", "opening_hours": null, "label": "Places of worship", "color": "#8856a7" }, "geometry": { "type": "Point", "coordinates": [ 39.2546627, -6.8118418 ] } },
{ "type": "Feature", "properties": { "index": "149", "@osmId": "node/3765193707", "name": "Khoja Shia ithnasheri Mosque", "opening_hours": null, "label": "Places of worship", "color": "#8856a7" }, "geometry": { "type": "Point", "coordinates": [ 39.2852022, -6.8179419 ] } },
{ "type": "Feature", "properties": { "index": "150", "@osmId": "node/3840387756", "name": "Masjid Shafii", "opening_hours": null, "label": "Places of worship", "color": "#8856a7" }, "geometry": { "type": "Point", "coordinates": [ 39.2598016, -6.8299455 ] } },
{ "type": "Feature", "properties": { "index": "151", "@osmId": "node/3840462058", "name": "Ibaadu Rahman", "opening_hours": null, "label": "Places of worship", "color": "#8856a7" }, "geometry": { "type": "Point", "coordinates": [ 39.2558846, -6.8312075 ] } },
{ "type": "Feature", "properties": { "index": "152", "@osmId": "node/3842234989", "name": null, "opening_hours": null, "label": "Places of worship", "color": "#8856a7" }, "geometry": { "type": "Point", "coordinates": [ 39.2541893, -6.8342719 ] } },
{ "type": "Feature", "properties": { "index": "153", "@osmId": "node/3842297998", "name": "Masjid Irshaad Salafy Mosque", "opening_hours": null, "label": "Places of worship", "color": "#8856a7" }, "geometry": { "type": "Point", "coordinates": [ 39.2639708, -6.8287087 ] } },
{ "type": "Feature", "properties": { "index": "154", "@osmId": "node/3846284064", "name": "Madrasatu Al Hassanain", "opening_hours": null, "label": "Places of worship", "color": "#8856a7" }, "geometry": { "type": "Point", "coordinates": [ 39.254287, -6.8277731 ] } },
{ "type": "Feature", "properties": { "index": "155", "@osmId": "node/3846415558", "name": "Msimbazi Center Catholic Church", "opening_hours": null, "label": "Places of worship", "color": "#8856a7" }, "geometry": { "type": "Point", "coordinates": [ 39.2573722, -6.8239044 ] } },
{ "type": "Feature", "properties": { "index": "156", "@osmId": "node/3853996385", "name": "Anglican Church", "opening_hours": null, "label": "Places of worship", "color": "#8856a7" }, "geometry": { "type": "Point", "coordinates": [ 39.2593133, -6.8285405 ] } },
{ "type": "Feature", "properties": { "index": "157", "@osmId": "node/3853996386", "name": "Anglican Church", "opening_hours": null, "label": "Places of worship", "color": "#8856a7" }, "geometry": { "type": "Point", "coordinates": [ 39.2590194, -6.8287624 ] } },
{ "type": "Feature", "properties": { "index": "158", "@osmId": "node/3860701217", "name": "Shri Swammar Ayan Temple", "opening_hours": null, "label": "Places of worship", "color": "#8856a7" }, "geometry": { "type": "Point", "coordinates": [ 39.278049, -6.8142045 ] } },
{ "type": "Feature", "properties": { "index": "159", "@osmId": "node/4303468589", "name": "Bohora Building [5]", "opening_hours": null, "label": "Places of worship", "color": "#8856a7" }, "geometry": { "type": "Point", "coordinates": [ 39.2854656, -6.8190054 ] } },
{ "type": "Feature", "properties": { "index": "160", "@osmId": "node/4303488992", "name": "Vedic Church [15]", "opening_hours": null, "label": "Places of worship", "color": "#8856a7" }, "geometry": { "type": "Point", "coordinates": [ 39.2819113, -6.8170811 ] } },
{ "type": "Feature", "properties": { "index": "161", "@osmId": "node/4571677693", "name": null, "opening_hours": null, "label": "Places of worship", "color": "#8856a7" }, "geometry": { "type": "Point", "coordinates": [ 39.2747204, -6.8143228 ] } },
{ "type": "Feature", "properties": { "index": "162", "@osmId": "node/4573369489", "name": "Shri Paminarayan Mandir", "opening_hours": null, "label": "Places of worship", "color": "#8856a7" }, "geometry": { "type": "Point", "coordinates": [ 39.2846342, -6.8145364 ] } },
{ "type": "Feature", "properties": { "index": "163", "@osmId": "node/4573390891", "name": null, "opening_hours": null, "label": "Places of worship", "color": "#8856a7" }, "geometry": { "type": "Point", "coordinates": [ 39.2848852, -6.8147964 ] } },
{ "type": "Feature", "properties": { "index": "164", "@osmId": "node/4573410092", "name": "Panjab Hindu Stri Satsang", "opening_hours": null, "label": "Places of worship", "color": "#8856a7" }, "geometry": { "type": "Point", "coordinates": [ 39.2858099, -6.8144497 ] } },
{ "type": "Feature", "properties": { "index": "165", "@osmId": "node/5550245541", "name": null, "opening_hours": null, "label": "Places of worship", "color": "#8856a7" }, "geometry": { "type": "Point", "coordinates": [ 39.2551991, -6.8166923 ] } },
{ "type": "Feature", "properties": { "index": "166", "@osmId": "node/5550256369", "name": "Pentecoste Free Church", "opening_hours": null, "label": "Places of worship", "color": "#8856a7" }, "geometry": { "type": "Point", "coordinates": [ 39.2452495, -6.8173155 ] } },
{ "type": "Feature", "properties": { "index": "167", "@osmId": "node/5550360661", "name": null, "opening_hours": null, "label": "Places of worship", "color": "#8856a7" }, "geometry": { "type": "Point", "coordinates": [ 39.2515594, -6.8143079 ] } },
{ "type": "Feature", "properties": { "index": "168", "@osmId": "node/5550360662", "name": null, "opening_hours": null, "label": "Places of worship", "color": "#8856a7" }, "geometry": { "type": "Point", "coordinates": [ 39.2505709, -6.81512 ] } },
{ "type": "Feature", "properties": { "index": "169", "@osmId": "node/5550360663", "name": null, "opening_hours": null, "label": "Places of worship", "color": "#8856a7" }, "geometry": { "type": "Point", "coordinates": [ 39.2510548, -6.8195809 ] } },
{ "type": "Feature", "properties": { "index": "170", "@osmId": "node/5850974985", "name": "Almasjid Ilala querter", "opening_hours": null, "label": "Places of worship", "color": "#8856a7" }, "geometry": { "type": "Point", "coordinates": [ 39.2632058, -6.821737 ] } },
{ "type": "Feature", "properties": { "index": "171", "@osmId": "node/5851142044", "name": "KKKT DMP Kariakoo", "opening_hours": null, "label": "Places of worship", "color": "#8856a7" }, "geometry": { "type": "Point", "coordinates": [ 39.272681, -6.8227256 ] } },
{ "type": "Feature", "properties": { "index": "172", "@osmId": "node/5853537921", "name": null, "opening_hours": null, "label": "Places of worship", "color": "#8856a7" }, "geometry": { "type": "Point", "coordinates": [ 39.2565133, -6.8242809 ] } },
{ "type": "Feature", "properties": { "index": "173", "@osmId": "node/5853755465", "name": null, "opening_hours": null, "label": "Places of worship", "color": "#8856a7" }, "geometry": { "type": "Point", "coordinates": [ 39.255369, -6.8220559 ] } },
{ "type": "Feature", "properties": { "index": "174", "@osmId": "node/5853755466", "name": null, "opening_hours": null, "label": "Places of worship", "color": "#8856a7" }, "geometry": { "type": "Point", "coordinates": [ 39.255491, -6.8219513 ] } },
{ "type": "Feature", "properties": { "index": "175", "@osmId": "node/5853755472", "name": "Seventh day Adventist church", "opening_hours": "Sa 09:00-16:00", "label": "Places of worship", "color": "#8856a7" }, "geometry": { "type": "Point", "coordinates": [ 39.2619449, -6.8259758 ] } },
{ "type": "Feature", "properties": { "index": "176", "@osmId": "node/5853778684", "name": "Masjid songea", "opening_hours": null, "label": "Places of worship", "color": "#8856a7" }, "geometry": { "type": "Point", "coordinates": [ 39.2684709, -6.8284755 ] } },
{ "type": "Feature", "properties": { "index": "177", "@osmId": "node/6246240463", "name": null, "opening_hours": null, "label": "Places of worship", "color": "#8856a7" }, "geometry": { "type": "Point", "coordinates": [ 39.2537491, -6.8229427 ] } },
{ "type": "Feature", "properties": { "index": "178", "@osmId": "node/6248846450", "name": "swainarayan temple", "opening_hours": null, "label": "Places of worship", "color": "#8856a7" }, "geometry": { "type": "Point", "coordinates": [ 39.2783514, -6.8143641 ] } },
{ "type": "Feature", "properties": { "index": "179", "@osmId": "node/6397929604", "name": "Goshen Church", "opening_hours": null, "label": "Places of worship", "color": "#8856a7" }, "geometry": { "type": "Point", "coordinates": [ 39.2459641, -6.8320062 ] } },
{ "type": "Feature", "properties": { "index": "180", "@osmId": "node/6397929621", "name": "Masjid Ghadafi", "opening_hours": null, "label": "Places of worship", "color": "#8856a7" }, "geometry": { "type": "Point", "coordinates": [ 39.2433562, -6.8347489 ] } },
{ "type": "Feature", "properties": { "index": "181", "@osmId": "node/6397929623", "name": "Masjid Nabawia", "opening_hours": null, "label": "Places of worship", "color": "#8856a7" }, "geometry": { "type": "Point", "coordinates": [ 39.2437734, -6.8284446 ] } },
{ "type": "Feature", "properties": { "index": "182", "@osmId": "node/6397929625", "name": "EAGT Church", "opening_hours": null, "label": "Places of worship", "color": "#8856a7" }, "geometry": { "type": "Point", "coordinates": [ 39.2438603, -6.8300565 ] } },
{ "type": "Feature", "properties": { "index": "183", "@osmId": "node/6397929632", "name": "Sheli Masjid", "opening_hours": null, "label": "Places of worship", "color": "#8856a7" }, "geometry": { "type": "Point", "coordinates": [ 39.2433665, -6.8375858 ] } },
{ "type": "Feature", "properties": { "index": "184", "@osmId": "node/6397929633", "name": "Swalu Church", "opening_hours": null, "label": "Places of worship", "color": "#8856a7" }, "geometry": { "type": "Point", "coordinates": [ 39.2501304, -6.8281817 ] } },
{ "type": "Feature", "properties": { "index": "185", "@osmId": "node/6397929642", "name": "Masjid Jabbal Hiraaa", "opening_hours": null, "label": "Places of worship", "color": "#8856a7" }, "geometry": { "type": "Point", "coordinates": [ 39.2452498, -6.8282221 ] } },
{ "type": "Feature", "properties": { "index": "186", "@osmId": "node/6397929646", "name": "Zaituni Church", "opening_hours": null, "label": "Places of worship", "color": "#8856a7" }, "geometry": { "type": "Point", "coordinates": [ 39.2464024, -6.8297731 ] } },
{ "type": "Feature", "properties": { "index": "187", "@osmId": "node/6397929653", "name": "Msufini Masjid", "opening_hours": null, "label": "Places of worship", "color": "#8856a7" }, "geometry": { "type": "Point", "coordinates": [ 39.2454737, -6.8311715 ] } },
{ "type": "Feature", "properties": { "index": "188", "@osmId": "node/6397929659", "name": "Yehova Ministry", "opening_hours": null, "label": "Places of worship", "color": "#8856a7" }, "geometry": { "type": "Point", "coordinates": [ 39.2472905, -6.8326201 ] } },
{ "type": "Feature", "properties": { "index": "189", "@osmId": "node/6397929684", "name": "Pentekoste church", "opening_hours": null, "label": "Places of worship", "color": "#8856a7" }, "geometry": { "type": "Point", "coordinates": [ 39.2502319, -6.8345589 ] } },
{ "type": "Feature", "properties": { "index": "190", "@osmId": "node/6397930088", "name": "Mitungi Mosque", "opening_hours": null, "label": "Places of worship", "color": "#8856a7" }, "geometry": { "type": "Point", "coordinates": [ 39.2507539, -6.8330091 ] } },
{ "type": "Feature", "properties": { "index": "191", "@osmId": "node/6397930089", "name": "Gulam Mosque", "opening_hours": null, "label": "Places of worship", "color": "#8856a7" }, "geometry": { "type": "Point", "coordinates": [ 39.2508587, -6.8310333 ] } },
{ "type": "Feature", "properties": { "index": "192", "@osmId": "node/6397930090", "name": "Alforcani Mosque", "opening_hours": null, "label": "Places of worship", "color": "#8856a7" }, "geometry": { "type": "Point", "coordinates": [ 39.2525444, -6.8311591 ] } },
{ "type": "Feature", "properties": { "index": "193", "@osmId": "node/6397930091", "name": "Dume Mosque", "opening_hours": null, "label": "Places of worship", "color": "#8856a7" }, "geometry": { "type": "Point", "coordinates": [ 39.252595, -6.8351093 ] } },
{ "type": "Feature", "properties": { "index": "194", "@osmId": "node/6397930092", "name": "Buguruni Mosque", "opening_hours": null, "label": "Places of worship", "color": "#8856a7" }, "geometry": { "type": "Point", "coordinates": [ 39.2479122, -6.8332758 ] } },
{ "type": "Feature", "properties": { "index": "195", "@osmId": "node/6397930097", "name": "Answary Mosque", "opening_hours": null, "label": "Places of worship", "color": "#8856a7" }, "geometry": { "type": "Point", "coordinates": [ 39.2533903, -6.8332257 ] } },
{ "type": "Feature", "properties": { "index": "196", "@osmId": "node/6397930104", "name": "TAG Church", "opening_hours": null, "label": "Places of worship", "color": "#8856a7" }, "geometry": { "type": "Point", "coordinates": [ 39.2454671, -6.8375273 ] } },
{ "type": "Feature", "properties": { "index": "197", "@osmId": "node/6397930105", "name": "Akuzam Church", "opening_hours": null, "label": "Places of worship", "color": "#8856a7" }, "geometry": { "type": "Point", "coordinates": [ 39.2528946, -6.8351823 ] } },
{ "type": "Feature", "properties": { "index": "198", "@osmId": "node/6397930106", "name": "Seventh Day Adventist Church", "opening_hours": null, "label": "Places of worship", "color": "#8856a7" }, "geometry": { "type": "Point", "coordinates": [ 39.2519976, -6.8364495 ] } },
{ "type": "Feature", "properties": { "index": "199", "@osmId": "node/6397930107", "name": "Mgumba Mosque", "opening_hours": null, "label": "Places of worship", "color": "#8856a7" }, "geometry": { "type": "Point", "coordinates": [ 39.2483314, -6.8372643 ] } },
{ "type": "Feature", "properties": { "index": "200", "@osmId": "node/6397930108", "name": "Swahiba Mosque", "opening_hours": null, "label": "Places of worship", "color": "#8856a7" }, "geometry": { "type": "Point", "coordinates": [ 39.2479416, -6.8382555 ] } },
{ "type": "Feature", "properties": { "index": "201", "@osmId": "node/6397930109", "name": "Albaany Mosque", "opening_hours": null, "label": "Places of worship", "color": "#8856a7" }, "geometry": { "type": "Point", "coordinates": [ 39.2460066, -6.8399721 ] } },
{ "type": "Feature", "properties": { "index": "202", "@osmId": "node/6398092164", "name": "Masjid Dodoma", "opening_hours": null, "label": "Places of worship", "color": "#8856a7" }, "geometry": { "type": "Point", "coordinates": [ 39.2616176, -6.8320964 ] } },
{ "type": "Feature", "properties": { "index": "203", "@osmId": "node/6398092166", "name": "Masjid Tagwa", "opening_hours": null, "label": "Places of worship", "color": "#8856a7" }, "geometry": { "type": "Point", "coordinates": [ 39.2573286, -6.8300188 ] } },
{ "type": "Feature", "properties": { "index": "204", "@osmId": "node/6398092167", "name": "Masjid Shafii", "opening_hours": null, "label": "Places of worship", "color": "#8856a7" }, "geometry": { "type": "Point", "coordinates": [ 39.2599, -6.8301872 ] } },
{ "type": "Feature", "properties": { "index": "205", "@osmId": "node/6398092168", "name": "Masjid Makuti", "opening_hours": null, "label": "Places of worship", "color": "#8856a7" }, "geometry": { "type": "Point", "coordinates": [ 39.2603913, -6.8325244 ] } },
{ "type": "Feature", "properties": { "index": "206", "@osmId": "node/6398092175", "name": "Salvation Army Church", "opening_hours": null, "label": "Places of worship", "color": "#8856a7" }, "geometry": { "type": "Point", "coordinates": [ 39.2541084, -6.8283425 ] } },
{ "type": "Feature", "properties": { "index": "207", "@osmId": "node/6398092176", "name": null, "opening_hours": null, "label": "Places of worship", "color": "#8856a7" }, "geometry": { "type": "Point", "coordinates": [ 39.2550372, -6.8280314 ] } },
{ "type": "Feature", "properties": { "index": "208", "@osmId": "node/6398092183", "name": "Quadiriya Islamic Centre", "opening_hours": null, "label": "Places of worship", "color": "#8856a7" }, "geometry": { "type": "Point", "coordinates": [ 39.2532234, -6.8243649 ] } },
{ "type": "Feature", "properties": { "index": "209", "@osmId": "node/6398093597", "name": "Kadiria Mosque", "opening_hours": null, "label": "Places of worship", "color": "#8856a7" }, "geometry": { "type": "Point", "coordinates": [ 39.2536026, -6.8323813 ] } },
{ "type": "Feature", "properties": { "index": "210", "@osmId": "node/6398093598", "name": "Somali Mosque", "opening_hours": null, "label": "Places of worship", "color": "#8856a7" }, "geometry": { "type": "Point", "coordinates": [ 39.2553374, -6.8298987 ] } },
{ "type": "Feature", "properties": { "index": "211", "@osmId": "node/6398093601", "name": "Quba Mosque", "opening_hours": null, "label": "Places of worship", "color": "#8856a7" }, "geometry": { "type": "Point", "coordinates": [ 39.2563223, -6.8350947 ] } },
{ "type": "Feature", "properties": { "index": "212", "@osmId": "node/6398093607", "name": "Victoria Church", "opening_hours": null, "label": "Places of worship", "color": "#8856a7" }, "geometry": { "type": "Point", "coordinates": [ 39.2543961, -6.8313458 ] } },
{ "type": "Feature", "properties": { "index": "213", "@osmId": "node/6398093608", "name": "Masjid Rahman", "opening_hours": null, "label": "Places of worship", "color": "#8856a7" }, "geometry": { "type": "Point", "coordinates": [ 39.2557957, -6.831214 ] } },
{ "type": "Feature", "properties": { "index": "214", "@osmId": "node/6398093615", "name": "Masjid Mwinyi", "opening_hours": null, "label": "Places of worship", "color": "#8856a7" }, "geometry": { "type": "Point", "coordinates": [ 39.264122, -6.8273144 ] } },
{ "type": "Feature", "properties": { "index": "215", "@osmId": "node/6398093619", "name": "Masjid Istiqama", "opening_hours": null, "label": "Places of worship", "color": "#8856a7" }, "geometry": { "type": "Point", "coordinates": [ 39.2656385, -6.8284541 ] } },
{ "type": "Feature", "properties": { "index": "216", "@osmId": "node/6400567418", "name": "Msimbazi Bondeni Church", "opening_hours": null, "label": "Places of worship", "color": "#8856a7" }, "geometry": { "type": "Point", "coordinates": [ 39.2629757, -6.8200352 ] } },
{ "type": "Feature", "properties": { "index": "217", "@osmId": "node/6400567419", "name": "Kingdom Church", "opening_hours": null, "label": "Places of worship", "color": "#8856a7" }, "geometry": { "type": "Point", "coordinates": [ 39.2591338, -6.8222921 ] } },
{ "type": "Feature", "properties": { "index": "218", "@osmId": "node/6400567420", "name": "T.A.G Church", "opening_hours": null, "label": "Places of worship", "color": "#8856a7" }, "geometry": { "type": "Point", "coordinates": [ 39.2637926, -6.8162612 ] } },
{ "type": "Feature", "properties": { "index": "219", "@osmId": "node/6400567430", "name": "Msikiti mosque", "opening_hours": null, "label": "Places of worship", "color": "#8856a7" }, "geometry": { "type": "Point", "coordinates": [ 39.2611911, -6.8180178 ] } },
{ "type": "Feature", "properties": { "index": "220", "@osmId": "node/6400567433", "name": "Msimbazi Catholic church", "opening_hours": null, "label": "Places of worship", "color": "#8856a7" }, "geometry": { "type": "Point", "coordinates": [ 39.2707273, -6.8224596 ] } },
{ "type": "Feature", "properties": { "index": "221", "@osmId": "node/6400567434", "name": "Masjid Madina", "opening_hours": null, "label": "Places of worship", "color": "#8856a7" }, "geometry": { "type": "Point", "coordinates": [ 39.2708363, -6.8217814 ] } },
{ "type": "Feature", "properties": { "index": "222", "@osmId": "node/6400567442", "name": "Masjid Bagdad", "opening_hours": null, "label": "Places of worship", "color": "#8856a7" }, "geometry": { "type": "Point", "coordinates": [ 39.2697662, -6.8197794 ] } },
{ "type": "Feature", "properties": { "index": "223", "@osmId": "node/6405792633", "name": "Calvary Assemblies of God", "opening_hours": null, "label": "Places of worship", "color": "#8856a7" }, "geometry": { "type": "Point", "coordinates": [ 39.2633971, -6.8246046 ] } },
{ "type": "Feature", "properties": { "index": "224", "@osmId": "node/6406317823", "name": "Fati-Hil Madrassat", "opening_hours": null, "label": "Places of worship", "color": "#8856a7" }, "geometry": { "type": "Point", "coordinates": [ 39.2617887, -6.8135667 ] } },
{ "type": "Feature", "properties": { "index": "225", "@osmId": "node/6406616495", "name": "Nyumba ya mwenyenzi", "opening_hours": null, "label": "Places of worship", "color": "#8856a7" }, "geometry": { "type": "Point", "coordinates": [ 39.2712768, -6.8134833 ] } },
{ "type": "Feature", "properties": { "index": "226", "@osmId": "node/1399632543", "name": "Mandrasa Zainu", "opening_hours": "08:00-18:00", "label": "Places of worship", "color": "#8856a7" }, "geometry": { "type": "Point", "coordinates": [ 39.2474434, -6.7945266 ] } },
{ "type": "Feature", "properties": { "index": "227", "@osmId": "node/6406616506", "name": "Bilal Mosque", "opening_hours": null, "label": "Places of worship", "color": "#8856a7" }, "geometry": { "type": "Point", "coordinates": [ 39.2772092, -6.8158641 ] } },
{ "type": "Feature", "properties": { "index": "228", "@osmId": "node/1403110744", "name": "AL-Madrasa-Nuur-Fatma", "opening_hours": "08:00-18:00", "label": "Places of worship", "color": "#8856a7" }, "geometry": { "type": "Point", "coordinates": [ 39.2456957, -6.7912578 ] } },
{ "type": "Feature", "properties": { "index": "229", "@osmId": "node/6408627669", "name": "Mennonite Church", "opening_hours": null, "label": "Places of worship", "color": "#8856a7" }, "geometry": { "type": "Point", "coordinates": [ 39.2791332, -6.814009 ] } },
{ "type": "Feature", "properties": { "index": "230", "@osmId": "node/3455312560", "name": "Ndugumbi Mosque", "opening_hours": null, "label": "Places of worship", "color": "#8856a7" }, "geometry": { "type": "Point", "coordinates": [ 39.2536052, -6.8012787 ] } },
{ "type": "Feature", "properties": { "index": "231", "@osmId": "node/6408763415", "name": "Mt.Sayuni Church", "opening_hours": null, "label": "Places of worship", "color": "#8856a7" }, "geometry": { "type": "Point", "coordinates": [ 39.2568944, -6.8498496 ] } },
{ "type": "Feature", "properties": { "index": "232", "@osmId": "node/3649504098", "name": "Buddhist Temple and Meditation Center", "opening_hours": null, "label": "Places of worship", "color": "#8856a7" }, "geometry": { "type": "Point", "coordinates": [ 39.2760092, -6.805487 ] } },
{ "type": "Feature", "properties": { "index": "233", "@osmId": "node/3658702980", "name": null, "opening_hours": null, "label": "Places of worship", "color": "#8856a7" }, "geometry": { "type": "Point", "coordinates": [ 39.2486141, -6.7916316 ] } },
{ "type": "Feature", "properties": { "index": "234", "@osmId": "node/9267203399", "name": null, "opening_hours": null, "label": "Places of worship", "color": "#8856a7" }, "geometry": { "type": "Point", "coordinates": [ 39.2512536, -6.82057 ] } },
{ "type": "Feature", "properties": { "index": "235", "@osmId": "node/3662060224", "name": "Naioth Church Gospel", "opening_hours": null, "label": "Places of worship", "color": "#8856a7" }, "geometry": { "type": "Point", "coordinates": [ 39.2454448, -6.7856781 ] } },
{ "type": "Feature", "properties": { "index": "236", "@osmId": "node/3662794271", "name": "K.K.K.T Mwananyamala", "opening_hours": null, "label": "Places of worship", "color": "#8856a7" }, "geometry": { "type": "Point", "coordinates": [ 39.2506609, -6.7893156 ] } },
{ "type": "Feature", "properties": { "index": "237", "@osmId": "node/9267203400", "name": "Masjud Shadhully", "opening_hours": null, "label": "Places of worship", "color": "#8856a7" }, "geometry": { "type": "Point", "coordinates": [ 39.2747283, -6.8143274 ] } },
{ "type": "Feature", "properties": { "index": "238", "@osmId": "node/3662874609", "name": null, "opening_hours": null, "label": "Places of worship", "color": "#8856a7" }, "geometry": { "type": "Point", "coordinates": [ 39.2481104, -6.7894648 ] } },
{ "type": "Feature", "properties": { "index": "239", "@osmId": "node/3668262537", "name": "Qubah Kidile", "opening_hours": null, "label": "Places of worship", "color": "#8856a7" }, "geometry": { "type": "Point", "coordinates": [ 39.2529145, -6.7966111 ] } },
{ "type": "Feature", "properties": { "index": "240", "@osmId": "node/9267203402", "name": "Betheli Church", "opening_hours": null, "label": "Places of worship", "color": "#8856a7" }, "geometry": { "type": "Point", "coordinates": [ 39.255051, -6.8181345 ] } },
{ "type": "Feature", "properties": { "index": "241", "@osmId": "node/3670158832", "name": "Maarifa Islamiya", "opening_hours": null, "label": "Places of worship", "color": "#8856a7" }, "geometry": { "type": "Point", "coordinates": [ 39.2540982, -6.7913691 ] } },
{ "type": "Feature", "properties": { "index": "242", "@osmId": "node/9267203404", "name": "Kanisa la Pentekoste Tanzania Mchikichini Parish Center", "opening_hours": null, "label": "Places of worship", "color": "#8856a7" }, "geometry": { "type": "Point", "coordinates": [ 39.2650294, -6.8232758 ] } },
{ "type": "Feature", "properties": { "index": "243", "@osmId": "node/3702498972", "name": "Madrasati Jamia", "opening_hours": "Mo-Fr 15:00-22:00; Sa-Su 11:00-22:00", "label": "Places of worship", "color": "#8856a7" }, "geometry": { "type": "Point", "coordinates": [ 39.2690338, -6.7923526 ] } },
{ "type": "Feature", "properties": { "index": "244", "@osmId": "node/3702525655", "name": "Church Store", "opening_hours": null, "label": "Places of worship", "color": "#8856a7" }, "geometry": { "type": "Point", "coordinates": [ 39.2702332, -6.7923843 ] } },
{ "type": "Feature", "properties": { "index": "245", "@osmId": "node/9267203405", "name": "MT. Fransisko wa Asizi, Kigango Cha Kigogo, Parokia ya Msimbazi", "opening_hours": null, "label": "Places of worship", "color": "#8856a7" }, "geometry": { "type": "Point", "coordinates": [ 39.2543774, -6.8180952 ] } },
{ "type": "Feature", "properties": { "index": "246", "@osmId": "node/3702538481", "name": "Magomeni Catholic Church", "opening_hours": null, "label": "Places of worship", "color": "#8856a7" }, "geometry": { "type": "Point", "coordinates": [ 39.2590803, -6.8043326 ] } },
{ "type": "Feature", "properties": { "index": "247", "@osmId": "node/9267203406", "name": "Omar Bin Khatwab", "opening_hours": null, "label": "Places of worship", "color": "#8856a7" }, "geometry": { "type": "Point", "coordinates": [ 39.2709154, -6.8160464 ] } },
{ "type": "Feature", "properties": { "index": "248", "@osmId": "node/3702654502", "name": "Baabu Ssalaamil Islaamiya", "opening_hours": null, "label": "Places of worship", "color": "#8856a7" }, "geometry": { "type": "Point", "coordinates": [ 39.2615056, -6.8066344 ] } },
{ "type": "Feature", "properties": { "index": "249", "@osmId": "node/3706259889", "name": "KKKT Ushirika Hananasifu", "opening_hours": null, "label": "Places of worship", "color": "#8856a7" }, "geometry": { "type": "Point", "coordinates": [ 39.2688671, -6.7985231 ] } },
{ "type": "Feature", "properties": { "index": "250", "@osmId": "node/9267203409", "name": "The Registrated Trustees of Masjid Mwinyimkuu", "opening_hours": null, "label": "Places of worship", "color": "#8856a7" }, "geometry": { "type": "Point", "coordinates": [ 39.2603087, -6.8125377 ] } },
{ "type": "Feature", "properties": { "index": "251", "@osmId": "node/3706394365", "name": "Al-Madrasat Mujitahda", "opening_hours": null, "label": "Places of worship", "color": "#8856a7" }, "geometry": { "type": "Point", "coordinates": [ 39.2648575, -6.8020839 ] } },
{ "type": "Feature", "properties": { "index": "252", "@osmId": "node/3711712529", "name": "Masjid Haqiir", "opening_hours": null, "label": "Places of worship", "color": "#8856a7" }, "geometry": { "type": "Point", "coordinates": [ 39.2589274, -6.8026225 ] } },
{ "type": "Feature", "properties": { "index": "253", "@osmId": "node/9267203411", "name": "Madrassa", "opening_hours": null, "label": "Places of worship", "color": "#8856a7" }, "geometry": { "type": "Point", "coordinates": [ 39.2712307, -6.8179068 ] } },
{ "type": "Feature", "properties": { "index": "254", "@osmId": "node/3714767626", "name": "Msikiti Mkubwa", "opening_hours": null, "label": "Places of worship", "color": "#8856a7" }, "geometry": { "type": "Point", "coordinates": [ 39.2580801, -6.8018719 ] } },
{ "type": "Feature", "properties": { "index": "255", "@osmId": "node/3716594219", "name": "Almadrat Shadhuly", "opening_hours": null, "label": "Places of worship", "color": "#8856a7" }, "geometry": { "type": "Point", "coordinates": [ 39.2608189, -6.8062866 ] } },
{ "type": "Feature", "properties": { "index": "256", "@osmId": "node/3728238259", "name": "Presbyterian Church of East Africa", "opening_hours": null, "label": "Places of worship", "color": "#8856a7" }, "geometry": { "type": "Point", "coordinates": [ 39.283098, -6.7991985 ] } },
{ "type": "Feature", "properties": { "index": "257", "@osmId": "node/3745550961", "name": "Pentecostal Holiness Mission-Sinai Mpya", "opening_hours": null, "label": "Places of worship", "color": "#8856a7" }, "geometry": { "type": "Point", "coordinates": [ 39.2672462, -6.8008681 ] } },
{ "type": "Feature", "properties": { "index": "258", "@osmId": "node/3745566183", "name": "Seventh Day Adventist Church", "opening_hours": null, "label": "Places of worship", "color": "#8856a7" }, "geometry": { "type": "Point", "coordinates": [ 39.2727626, -6.7956282 ] } },
{ "type": "Feature", "properties": { "index": "259", "@osmId": "node/3886281801", "name": null, "opening_hours": null, "label": "Places of worship", "color": "#8856a7" }, "geometry": { "type": "Point", "coordinates": [ 39.2783902, -6.8107365 ] } },
{ "type": "Feature", "properties": { "index": "260", "@osmId": "node/9267203412", "name": "Masjid Manyema", "opening_hours": null, "label": "Places of worship", "color": "#8856a7" }, "geometry": { "type": "Point", "coordinates": [ 39.2776622, -6.8171442 ] } },
{ "type": "Feature", "properties": { "index": "261", "@osmId": "node/9267203414", "name": "Al madrasat Mwanaasha", "opening_hours": null, "label": "Places of worship", "color": "#8856a7" }, "geometry": { "type": "Point", "coordinates": [ 39.2728615, -6.8152222 ] } },
{ "type": "Feature", "properties": { "index": "262", "@osmId": "node/9267205917", "name": "Masjid Al-ghadiir", "opening_hours": null, "label": "Places of worship", "color": "#8856a7" }, "geometry": { "type": "Point", "coordinates": [ 39.2441726, -6.8174594 ] } },
{ "type": "Feature", "properties": { "index": "263", "@osmId": "node/4313207530", "name": "Ebenezer", "opening_hours": "Su 10:00+", "label": "Places of worship", "color": "#8856a7" }, "geometry": { "type": "Point", "coordinates": [ 39.2651127, -6.792277 ] } },
{ "type": "Feature", "properties": { "index": "264", "@osmId": "node/9267205920", "name": "Al-Noozlah Islamic Center", "opening_hours": null, "label": "Places of worship", "color": "#8856a7" }, "geometry": { "type": "Point", "coordinates": [ 39.270072, -6.8233611 ] } },
{ "type": "Feature", "properties": { "index": "265", "@osmId": "node/4313260874", "name": "Masjid Twahara", "opening_hours": null, "label": "Places of worship", "color": "#8856a7" }, "geometry": { "type": "Point", "coordinates": [ 39.2675829, -6.7986178 ] } },
{ "type": "Feature", "properties": { "index": "266", "@osmId": "node/9267205921", "name": "Zawiyat Mosque", "opening_hours": null, "label": "Places of worship", "color": "#8856a7" }, "geometry": { "type": "Point", "coordinates": [ 39.2743421, -6.8147109 ] } },
{ "type": "Feature", "properties": { "index": "267", "@osmId": "node/4561701951", "name": "Daruwesh", "opening_hours": null, "label": "Places of worship", "color": "#8856a7" }, "geometry": { "type": "Point", "coordinates": [ 39.2470553, -6.7987322 ] } },
{ "type": "Feature", "properties": { "index": "268", "@osmId": "node/5273473836", "name": "Kinondoni", "opening_hours": null, "label": "Places of worship", "color": "#8856a7" }, "geometry": { "type": "Point", "coordinates": [ 39.2700409, -6.7842565 ] } },
{ "type": "Feature", "properties": { "index": "269", "@osmId": "node/9267205922", "name": null, "opening_hours": null, "label": "Places of worship", "color": "#8856a7" }, "geometry": { "type": "Point", "coordinates": [ 39.2713382, -6.8131785 ] } },
{ "type": "Feature", "properties": { "index": "270", "@osmId": "node/6246794385", "name": null, "opening_hours": null, "label": "Places of worship", "color": "#8856a7" }, "geometry": { "type": "Point", "coordinates": [ 39.2659324, -6.8083979 ] } },
{ "type": "Feature", "properties": { "index": "271", "@osmId": "node/6246794404", "name": null, "opening_hours": null, "label": "Places of worship", "color": "#8856a7" }, "geometry": { "type": "Point", "coordinates": [ 39.261581, -6.8069766 ] } },
{ "type": "Feature", "properties": { "index": "272", "@osmId": "node/9267205923", "name": "IEM", "opening_hours": null, "label": "Places of worship", "color": "#8856a7" }, "geometry": { "type": "Point", "coordinates": [ 39.2597723, -6.8222532 ] } },
{ "type": "Feature", "properties": { "index": "273", "@osmId": "node/6246794410", "name": null, "opening_hours": null, "label": "Places of worship", "color": "#8856a7" }, "geometry": { "type": "Point", "coordinates": [ 39.2651919, -6.8091298 ] } },
{ "type": "Feature", "properties": { "index": "274", "@osmId": "node/9267205925", "name": "Masjid Islah", "opening_hours": null, "label": "Places of worship", "color": "#8856a7" }, "geometry": { "type": "Point", "coordinates": [ 39.2492151, -6.8172037 ] } },
{ "type": "Feature", "properties": { "index": "275", "@osmId": "node/6251554988", "name": "Madrasa & Nursery School", "opening_hours": null, "label": "Places of worship", "color": "#8856a7" }, "geometry": { "type": "Point", "coordinates": [ 39.2449724, -6.7923497 ] } },
{ "type": "Feature", "properties": { "index": "276", "@osmId": "node/6251554990", "name": "TAG Church", "opening_hours": null, "label": "Places of worship", "color": "#8856a7" }, "geometry": { "type": "Point", "coordinates": [ 39.2477459, -6.797394 ] } },
{ "type": "Feature", "properties": { "index": "277", "@osmId": "node/9267205926", "name": null, "opening_hours": null, "label": "Places of worship", "color": "#8856a7" }, "geometry": { "type": "Point", "coordinates": [ 39.2708445, -6.8167563 ] } },
{ "type": "Feature", "properties": { "index": "278", "@osmId": "node/6257935161", "name": null, "opening_hours": null, "label": "Places of worship", "color": "#8856a7" }, "geometry": { "type": "Point", "coordinates": [ 39.2496712, -6.7824261 ] } },
{ "type": "Feature", "properties": { "index": "279", "@osmId": "node/9267205933", "name": "Ally Masjid", "opening_hours": null, "label": "Places of worship", "color": "#8856a7" }, "geometry": { "type": "Point", "coordinates": [ 39.2691802, -6.8174028 ] } },
{ "type": "Feature", "properties": { "index": "280", "@osmId": "node/6259234308", "name": null, "opening_hours": null, "label": "Places of worship", "color": "#8856a7" }, "geometry": { "type": "Point", "coordinates": [ 39.2526615, -6.8099158 ] } },
{ "type": "Feature", "properties": { "index": "281", "@osmId": "node/6280384361", "name": "Pentecoste Church of Tanzania", "opening_hours": null, "label": "Places of worship", "color": "#8856a7" }, "geometry": { "type": "Point", "coordinates": [ 39.2433691, -6.7973105 ] } },
{ "type": "Feature", "properties": { "index": "282", "@osmId": "node/9267205936", "name": "Efatha", "opening_hours": null, "label": "Places of worship", "color": "#8856a7" }, "geometry": { "type": "Point", "coordinates": [ 39.2490293, -6.820004 ] } },
{ "type": "Feature", "properties": { "index": "283", "@osmId": "node/6397955612", "name": "Masjid Nadhifu Mosque", "opening_hours": null, "label": "Places of worship", "color": "#8856a7" }, "geometry": { "type": "Point", "coordinates": [ 39.267566, -6.7956391 ] } },
{ "type": "Feature", "properties": { "index": "284", "@osmId": "node/9267205937", "name": "Eagt Sayuni Kigogo", "opening_hours": null, "label": "Places of worship", "color": "#8856a7" }, "geometry": { "type": "Point", "coordinates": [ 39.2489433, -6.8193883 ] } },
{ "type": "Feature", "properties": { "index": "285", "@osmId": "node/6397955619", "name": "Sheikh Fadhili Masjid", "opening_hours": null, "label": "Places of worship", "color": "#8856a7" }, "geometry": { "type": "Point", "coordinates": [ 39.2672537, -6.7979216 ] } },
{ "type": "Feature", "properties": { "index": "286", "@osmId": "node/9267205938", "name": "Masjid Manyema", "opening_hours": null, "label": "Places of worship", "color": "#8856a7" }, "geometry": { "type": "Point", "coordinates": [ 39.2778667, -6.8171005 ] } },
{ "type": "Feature", "properties": { "index": "287", "@osmId": "node/6397955627", "name": "Bi Rela Masjid", "opening_hours": null, "label": "Places of worship", "color": "#8856a7" }, "geometry": { "type": "Point", "coordinates": [ 39.2674475, -6.7984212 ] } },
{ "type": "Feature", "properties": { "index": "288", "@osmId": "node/9267205944", "name": null, "opening_hours": null, "label": "Places of worship", "color": "#8856a7" }, "geometry": { "type": "Point", "coordinates": [ 39.2566824, -6.8127294 ] } },
{ "type": "Feature", "properties": { "index": "289", "@osmId": "node/6397955647", "name": "Pentecoste Church", "opening_hours": null, "label": "Places of worship", "color": "#8856a7" }, "geometry": { "type": "Point", "coordinates": [ 39.2683821, -6.7903113 ] } },
{ "type": "Feature", "properties": { "index": "290", "@osmId": "node/6397955648", "name": "Hananasif Church", "opening_hours": null, "label": "Places of worship", "color": "#8856a7" }, "geometry": { "type": "Point", "coordinates": [ 39.2698342, -6.7922141 ] } },
{ "type": "Feature", "properties": { "index": "291", "@osmId": "node/9267205946", "name": null, "opening_hours": null, "label": "Places of worship", "color": "#8856a7" }, "geometry": { "type": "Point", "coordinates": [ 39.2686772, -6.8190999 ] } },
{ "type": "Feature", "properties": { "index": "292", "@osmId": "node/6397955658", "name": "Pentecoste Church", "opening_hours": null, "label": "Places of worship", "color": "#8856a7" }, "geometry": { "type": "Point", "coordinates": [ 39.2670496, -6.8013087 ] } },
{ "type": "Feature", "properties": { "index": "293", "@osmId": "node/9267205952", "name": null, "opening_hours": null, "label": "Places of worship", "color": "#8856a7" }, "geometry": { "type": "Point", "coordinates": [ 39.2488384, -6.8195044 ] } },
{ "type": "Feature", "properties": { "index": "294", "@osmId": "node/6397955664", "name": "Kisoma Masjid", "opening_hours": null, "label": "Places of worship", "color": "#8856a7" }, "geometry": { "type": "Point", "coordinates": [ 39.2656116, -6.803771 ] } },
{ "type": "Feature", "properties": { "index": "295", "@osmId": "node/9267205953", "name": "Madani Markaz", "opening_hours": null, "label": "Places of worship", "color": "#8856a7" }, "geometry": { "type": "Point", "coordinates": [ 39.2729953, -6.8146317 ] } },
{ "type": "Feature", "properties": { "index": "296", "@osmId": "node/6398244368", "name": "Masjid Salami", "opening_hours": null, "label": "Places of worship", "color": "#8856a7" }, "geometry": { "type": "Point", "coordinates": [ 39.2466076, -6.7820093 ] } },
{ "type": "Feature", "properties": { "index": "297", "@osmId": "node/9267205954", "name": "Masjid Alaqswa (Makone)", "opening_hours": null, "label": "Places of worship", "color": "#8856a7" }, "geometry": { "type": "Point", "coordinates": [ 39.2737729, -6.8169828 ] } },
{ "type": "Feature", "properties": { "index": "298", "@osmId": "node/6398244805", "name": "Mkali Masjid", "opening_hours": null, "label": "Places of worship", "color": "#8856a7" }, "geometry": { "type": "Point", "coordinates": [ 39.2436693, -6.7885013 ] } },
{ "type": "Feature", "properties": { "index": "299", "@osmId": "node/6400147984", "name": "Tauba Mosque", "opening_hours": null, "label": "Places of worship", "color": "#8856a7" }, "geometry": { "type": "Point", "coordinates": [ 39.2672366, -6.7843907 ] } },
{ "type": "Feature", "properties": { "index": "300", "@osmId": "node/9267205955", "name": "Mito ya Baraka Church", "opening_hours": null, "label": "Places of worship", "color": "#8856a7" }, "geometry": { "type": "Point", "coordinates": [ 39.2702651, -6.8173102 ] } },
{ "type": "Feature", "properties": { "index": "301", "@osmId": "node/6400151388", "name": "Bakwata Mosque", "opening_hours": null, "label": "Places of worship", "color": "#8856a7" }, "geometry": { "type": "Point", "coordinates": [ 39.2679948, -6.7886546 ] } },
{ "type": "Feature", "properties": { "index": "302", "@osmId": "node/6400151393", "name": "TAG Church", "opening_hours": null, "label": "Places of worship", "color": "#8856a7" }, "geometry": { "type": "Point", "coordinates": [ 39.2675887, -6.7848017 ] } },
{ "type": "Feature", "properties": { "index": "303", "@osmId": "node/9267205956", "name": "Madina Mosque", "opening_hours": null, "label": "Places of worship", "color": "#8856a7" }, "geometry": { "type": "Point", "coordinates": [ 39.2711663, -6.8215714 ] } },
{ "type": "Feature", "properties": { "index": "304", "@osmId": "node/6400151395", "name": "Akuzamu Church", "opening_hours": null, "label": "Places of worship", "color": "#8856a7" }, "geometry": { "type": "Point", "coordinates": [ 39.2670596, -6.7832175 ] } },
{ "type": "Feature", "properties": { "index": "305", "@osmId": "node/9267205957", "name": "EAGT kigogo", "opening_hours": null, "label": "Places of worship", "color": "#8856a7" }, "geometry": { "type": "Point", "coordinates": [ 39.2475629, -6.8170545 ] } },
{ "type": "Feature", "properties": { "index": "306", "@osmId": "node/6400151422", "name": "Dar es Salaam Pentecostal Church", "opening_hours": null, "label": "Places of worship", "color": "#8856a7" }, "geometry": { "type": "Point", "coordinates": [ 39.2700608, -6.7893056 ] } },
{ "type": "Feature", "properties": { "index": "307", "@osmId": "node/9267205959", "name": "Bismillah Mashallah", "opening_hours": null, "label": "Places of worship", "color": "#8856a7" }, "geometry": { "type": "Point", "coordinates": [ 39.2741704, -6.8152648 ] } },
{ "type": "Feature", "properties": { "index": "308", "@osmId": "node/6400151431", "name": "Jehovah Witness Church", "opening_hours": null, "label": "Places of worship", "color": "#8856a7" }, "geometry": { "type": "Point", "coordinates": [ 39.2714382, -6.7876501 ] } },
{ "type": "Feature", "properties": { "index": "309", "@osmId": "node/9267205965", "name": "Kanisa Katoliki Parokia ya Msimbazi", "opening_hours": null, "label": "Places of worship", "color": "#8856a7" }, "geometry": { "type": "Point", "coordinates": [ 39.2707228, -6.8224725 ] } },
{ "type": "Feature", "properties": { "index": "310", "@osmId": "node/6400258992", "name": "Masjd Jibreel male madrasa", "opening_hours": null, "label": "Places of worship", "color": "#8856a7" }, "geometry": { "type": "Point", "coordinates": [ 39.2656924, -6.8082861 ] } },
{ "type": "Feature", "properties": { "index": "311", "@osmId": "node/9267205966", "name": "kigango Cha kristo mfalme Mchikichini Parokia ya Msimbazi", "opening_hours": null, "label": "Places of worship", "color": "#8856a7" }, "geometry": { "type": "Point", "coordinates": [ 39.2621541, -6.8225728 ] } },
{ "type": "Feature", "properties": { "index": "312", "@osmId": "node/6400259010", "name": "Nura Mosque", "opening_hours": null, "label": "Places of worship", "color": "#8856a7" }, "geometry": { "type": "Point", "coordinates": [ 39.2643507, -6.8090655 ] } },
{ "type": "Feature", "properties": { "index": "313", "@osmId": "node/9267205969", "name": "Zawiyat Mosque", "opening_hours": null, "label": "Places of worship", "color": "#8856a7" }, "geometry": { "type": "Point", "coordinates": [ 39.2742216, -6.8147412 ] } },
{ "type": "Feature", "properties": { "index": "314", "@osmId": "node/6400259018", "name": "EAGT Church", "opening_hours": null, "label": "Places of worship", "color": "#8856a7" }, "geometry": { "type": "Point", "coordinates": [ 39.2583473, -6.8014614 ] } },
{ "type": "Feature", "properties": { "index": "315", "@osmId": "node/6400259019", "name": "Shazria Mosque", "opening_hours": null, "label": "Places of worship", "color": "#8856a7" }, "geometry": { "type": "Point", "coordinates": [ 39.2578336, -6.800716 ] } },
{ "type": "Feature", "properties": { "index": "316", "@osmId": "node/9267205970", "name": "Restoration Bible Church", "opening_hours": null, "label": "Places of worship", "color": "#8856a7" }, "geometry": { "type": "Point", "coordinates": [ 39.2689726, -6.8172248 ] } },
{ "type": "Feature", "properties": { "index": "317", "@osmId": "node/6400259049", "name": "Masjid HAQ", "opening_hours": null, "label": "Places of worship", "color": "#8856a7" }, "geometry": { "type": "Point", "coordinates": [ 39.2626321, -6.8072577 ] } },
{ "type": "Feature", "properties": { "index": "318", "@osmId": "node/9267205973", "name": "TAG Penuel Christian Centre", "opening_hours": null, "label": "Places of worship", "color": "#8856a7" }, "geometry": { "type": "Point", "coordinates": [ 39.2526698, -6.8174167 ] } },
{ "type": "Feature", "properties": { "index": "319", "@osmId": "node/6400359328", "name": "Menonite Church", "opening_hours": null, "label": "Places of worship", "color": "#8856a7" }, "geometry": { "type": "Point", "coordinates": [ 39.2491313, -6.7848012 ] } },
{ "type": "Feature", "properties": { "index": "320", "@osmId": "node/6400359329", "name": "Sunlight Church", "opening_hours": null, "label": "Places of worship", "color": "#8856a7" }, "geometry": { "type": "Point", "coordinates": [ 39.2485319, -6.784096 ] } },
{ "type": "Feature", "properties": { "index": "321", "@osmId": "node/9267205975", "name": "Reformation Pentecosts Church", "opening_hours": null, "label": "Places of worship", "color": "#8856a7" }, "geometry": { "type": "Point", "coordinates": [ 39.263788, -6.8160387 ] } },
{ "type": "Feature", "properties": { "index": "322", "@osmId": "node/6400359337", "name": "Makuti Mosque", "opening_hours": null, "label": "Places of worship", "color": "#8856a7" }, "geometry": { "type": "Point", "coordinates": [ 39.2471171, -6.7849836 ] } },
{ "type": "Feature", "properties": { "index": "323", "@osmId": "node/6400359338", "name": "Masjid Islamic Mosque", "opening_hours": null, "label": "Places of worship", "color": "#8856a7" }, "geometry": { "type": "Point", "coordinates": [ 39.2497926, -6.7836916 ] } },
{ "type": "Feature", "properties": { "index": "324", "@osmId": "node/12435551302", "name": "Ibadhi Mosque", "opening_hours": null, "label": "Places of worship", "color": "#8856a7" }, "geometry": { "type": "Point", "coordinates": [ 39.2836428, -6.8192401 ] } },
{ "type": "Feature", "properties": { "index": "325", "@osmId": "node/6400359345", "name": "Masjid Twariq", "opening_hours": null, "label": "Places of worship", "color": "#8856a7" }, "geometry": { "type": "Point", "coordinates": [ 39.2467754, -6.7849417 ] } },
{ "type": "Feature", "properties": { "index": "326", "@osmId": "node/6400359348", "name": "KKKT church", "opening_hours": null, "label": "Places of worship", "color": "#8856a7" }, "geometry": { "type": "Point", "coordinates": [ 39.2456594, -6.7843148 ] } },
{ "type": "Feature", "properties": { "index": "327", "@osmId": "node/6400359349", "name": "Naioth Gospel Assembly", "opening_hours": null, "label": "Places of worship", "color": "#8856a7" }, "geometry": { "type": "Point", "coordinates": [ 39.2446213, -6.7843408 ] } },
{ "type": "Feature", "properties": { "index": "328", "@osmId": "node/6400359353", "name": "Masjid Shura", "opening_hours": null, "label": "Places of worship", "color": "#8856a7" }, "geometry": { "type": "Point", "coordinates": [ 39.2458719, -6.7902152 ] } },
{ "type": "Feature", "properties": { "index": "329", "@osmId": "node/6400359355", "name": "Juhudi Masjid", "opening_hours": null, "label": "Places of worship", "color": "#8856a7" }, "geometry": { "type": "Point", "coordinates": [ 39.2562653, -6.7945013 ] } },
{ "type": "Feature", "properties": { "index": "330", "@osmId": "node/6400359358", "name": "Masjid Mchangani", "opening_hours": null, "label": "Places of worship", "color": "#8856a7" }, "geometry": { "type": "Point", "coordinates": [ 39.254886, -6.7937607 ] } },
{ "type": "Feature", "properties": { "index": "331", "@osmId": "node/6400359359", "name": "E.A.G.T Church", "opening_hours": null, "label": "Places of worship", "color": "#8856a7" }, "geometry": { "type": "Point", "coordinates": [ 39.2544587, -6.7934252 ] } },
{ "type": "Feature", "properties": { "index": "332", "@osmId": "node/6400359368", "name": "Pentecoste Church", "opening_hours": null, "label": "Places of worship", "color": "#8856a7" }, "geometry": { "type": "Point", "coordinates": [ 39.2524261, -6.7926042 ] } },
{ "type": "Feature", "properties": { "index": "333", "@osmId": "node/6400555964", "name": "Baptist Church", "opening_hours": null, "label": "Places of worship", "color": "#8856a7" }, "geometry": { "type": "Point", "coordinates": [ 39.2445096, -6.8068468 ] } },
{ "type": "Feature", "properties": { "index": "334", "@osmId": "node/6400555967", "name": "Tadaiya Mosque", "opening_hours": null, "label": "Places of worship", "color": "#8856a7" }, "geometry": { "type": "Point", "coordinates": [ 39.2436137, -6.8075635 ] } },
{ "type": "Feature", "properties": { "index": "335", "@osmId": "node/6400555988", "name": "Ikh_waan Islamic Centre", "opening_hours": null, "label": "Places of worship", "color": "#8856a7" }, "geometry": { "type": "Point", "coordinates": [ 39.2473298, -6.8096859 ] } },
{ "type": "Feature", "properties": { "index": "336", "@osmId": "node/6400555993", "name": "Wazee Mosque", "opening_hours": null, "label": "Places of worship", "color": "#8856a7" }, "geometry": { "type": "Point", "coordinates": [ 39.2472845, -6.8080659 ] } },
{ "type": "Feature", "properties": { "index": "337", "@osmId": "node/6400556007", "name": "Mwembe Chai Mosque", "opening_hours": null, "label": "Places of worship", "color": "#8856a7" }, "geometry": { "type": "Point", "coordinates": [ 39.248501, -6.8044952 ] } },
{ "type": "Feature", "properties": { "index": "338", "@osmId": "node/6400556010", "name": "Libazi Mosque", "opening_hours": null, "label": "Places of worship", "color": "#8856a7" }, "geometry": { "type": "Point", "coordinates": [ 39.2464163, -6.8052009 ] } },
{ "type": "Feature", "properties": { "index": "339", "@osmId": "node/6405873768", "name": "Nulbalala mosque", "opening_hours": null, "label": "Places of worship", "color": "#8856a7" }, "geometry": { "type": "Point", "coordinates": [ 39.2465857, -6.7990506 ] } },
{ "type": "Feature", "properties": { "index": "340", "@osmId": "node/6405873769", "name": "Morovian Tanzania church", "opening_hours": null, "label": "Places of worship", "color": "#8856a7" }, "geometry": { "type": "Point", "coordinates": [ 39.247149, -6.7997801 ] } },
{ "type": "Feature", "properties": { "index": "341", "@osmId": "node/6405873777", "name": "GPCC church", "opening_hours": null, "label": "Places of worship", "color": "#8856a7" }, "geometry": { "type": "Point", "coordinates": [ 39.2485453, -6.7990148 ] } },
{ "type": "Feature", "properties": { "index": "342", "@osmId": "node/6405874110", "name": "Miftaha mosque", "opening_hours": null, "label": "Places of worship", "color": "#8856a7" }, "geometry": { "type": "Point", "coordinates": [ 39.243711, -6.7987262 ] } },
{ "type": "Feature", "properties": { "index": "343", "@osmId": "node/6405874117", "name": "SDA (Adventist church)", "opening_hours": null, "label": "Places of worship", "color": "#8856a7" }, "geometry": { "type": "Point", "coordinates": [ 39.2506577, -6.8040521 ] } },
{ "type": "Feature", "properties": { "index": "344", "@osmId": "node/6405874118", "name": "Anglican church", "opening_hours": null, "label": "Places of worship", "color": "#8856a7" }, "geometry": { "type": "Point", "coordinates": [ 39.2523208, -6.8046418 ] } },
{ "type": "Feature", "properties": { "index": "345", "@osmId": "node/6405874119", "name": "Kingdom hall of Jehova's witnesses", "opening_hours": null, "label": "Places of worship", "color": "#8856a7" }, "geometry": { "type": "Point", "coordinates": [ 39.2525199, -6.8049961 ] } },
{ "type": "Feature", "properties": { "index": "346", "@osmId": "node/6405874125", "name": "Dar es salaam Baptist church", "opening_hours": null, "label": "Places of worship", "color": "#8856a7" }, "geometry": { "type": "Point", "coordinates": [ 39.253922, -6.8054086 ] } },
{ "type": "Feature", "properties": { "index": "347", "@osmId": "node/6406317832", "name": "Kisumu Mosque", "opening_hours": null, "label": "Places of worship", "color": "#8856a7" }, "geometry": { "type": "Point", "coordinates": [ 39.2524793, -6.8095762 ] } },
{ "type": "Feature", "properties": { "index": "348", "@osmId": "node/6406317985", "name": "African Inland Church", "opening_hours": null, "label": "Places of worship", "color": "#8856a7" }, "geometry": { "type": "Point", "coordinates": [ 39.2575543, -6.8106678 ] } },
{ "type": "Feature", "properties": { "index": "349", "@osmId": "node/6406317999", "name": "Madrassa Noor", "opening_hours": null, "label": "Places of worship", "color": "#8856a7" }, "geometry": { "type": "Point", "coordinates": [ 39.2617788, -6.8107399 ] } },
{ "type": "Feature", "properties": { "index": "350", "@osmId": "node/6406787742", "name": "Masjid Mbuyuni", "opening_hours": null, "label": "Places of worship", "color": "#8856a7" }, "geometry": { "type": "Point", "coordinates": [ 39.2443255, -6.7935347 ] } },
{ "type": "Feature", "properties": { "index": "351", "@osmId": "node/6408627651", "name": "Maamur Mosque", "opening_hours": null, "label": "Places of worship", "color": "#8856a7" }, "geometry": { "type": "Point", "coordinates": [ 39.2840717, -6.8042434 ] } },
{ "type": "Feature", "properties": { "index": "352", "@osmId": "node/6408627654", "name": "Jamatkana Masjid", "opening_hours": null, "label": "Places of worship", "color": "#8856a7" }, "geometry": { "type": "Point", "coordinates": [ 39.2852568, -6.8032568 ] } },
{ "type": "Feature", "properties": { "index": "353", "@osmId": "node/6408627660", "name": "Don Bosco Church", "opening_hours": null, "label": "Places of worship", "color": "#8856a7" }, "geometry": { "type": "Point", "coordinates": [ 39.2786308, -6.8060623 ] } },
{ "type": "Feature", "properties": { "index": "354", "@osmId": "node/6408627666", "name": "Baniani Mosque", "opening_hours": null, "label": "Places of worship", "color": "#8856a7" }, "geometry": { "type": "Point", "coordinates": [ 39.2784671, -6.8113682 ] } },
{ "type": "Feature", "properties": { "index": "355", "@osmId": "node/6408627681", "name": "City Christian Centre", "opening_hours": null, "label": "Places of worship", "color": "#8856a7" }, "geometry": { "type": "Point", "coordinates": [ 39.2801187, -6.8091104 ] } },
{ "type": "Feature", "properties": { "index": "356", "@osmId": "node/6408627683", "name": "Bethania House Roman Catholic Church", "opening_hours": null, "label": "Places of worship", "color": "#8856a7" }, "geometry": { "type": "Point", "coordinates": [ 39.2815184, -6.8099342 ] } },
{ "type": "Feature", "properties": { "index": "357", "@osmId": "node/6408776773", "name": "Brahmar Kumaries Masjid", "opening_hours": null, "label": "Places of worship", "color": "#8856a7" }, "geometry": { "type": "Point", "coordinates": [ 39.277672, -6.8078865 ] } },
{ "type": "Feature", "properties": { "index": "358", "@osmId": "node/6408777193", "name": "Muhumbili Musjid", "opening_hours": null, "label": "Places of worship", "color": "#8856a7" }, "geometry": { "type": "Point", "coordinates": [ 39.2748586, -6.8004396 ] } },
{ "type": "Feature", "properties": { "index": "359", "@osmId": "node/6408777200", "name": "Muhimbili Lutheran Church", "opening_hours": null, "label": "Places of worship", "color": "#8856a7" }, "geometry": { "type": "Point", "coordinates": [ 39.2728746, -6.802502 ] } },
{ "type": "Feature", "properties": { "index": "360", "@osmId": "node/9267203398", "name": "Kichangani Mosque", "opening_hours": null, "label": "Places of worship", "color": "#8856a7" }, "geometry": { "type": "Point", "coordinates": [ 39.2580268, -6.8079716 ] } },
{ "type": "Feature", "properties": { "index": "361", "@osmId": "node/9267203410", "name": "Parokia ya Mtakatifu Anna Hananasif", "opening_hours": null, "label": "Places of worship", "color": "#8856a7" }, "geometry": { "type": "Point", "coordinates": [ 39.2703713, -6.7920299 ] } },
{ "type": "Feature", "properties": { "index": "362", "@osmId": "node/9267203413", "name": "Liberation church", "opening_hours": null, "label": "Places of worship", "color": "#8856a7" }, "geometry": { "type": "Point", "coordinates": [ 39.2669024, -6.7906529 ] } },
{ "type": "Feature", "properties": { "index": "363", "@osmId": "node/9267205919", "name": "Sabbath Church", "opening_hours": null, "label": "Places of worship", "color": "#8856a7" }, "geometry": { "type": "Point", "coordinates": [ 39.2657804, -6.7909114 ] } },
{ "type": "Feature", "properties": { "index": "364", "@osmId": "node/9267205924", "name": "Waadventista", "opening_hours": null, "label": "Places of worship", "color": "#8856a7" }, "geometry": { "type": "Point", "coordinates": [ 39.2727542, -6.7955563 ] } },
{ "type": "Feature", "properties": { "index": "365", "@osmId": "way/341175680", "name": null, "opening_hours": null, "label": "Places of worship", "color": "#8856a7" }, "geometry": { "type": "Point", "coordinates": [ 39.2381492, -6.794684 ] } },
{ "type": "Feature", "properties": { "index": "366", "@osmId": "way/334999323", "name": "Madrasatu Istiqaamatul Mu-Umin", "opening_hours": null, "label": "Places of worship", "color": "#8856a7" }, "geometry": { "type": "Point", "coordinates": [ 39.2491522, -6.8024103 ] } },
{ "type": "Feature", "properties": { "index": "367", "@osmId": "node/9267205927", "name": "Eternal Gospel Ministry", "opening_hours": null, "label": "Places of worship", "color": "#8856a7" }, "geometry": { "type": "Point", "coordinates": [ 39.2638922, -6.7977509 ] } },
{ "type": "Feature", "properties": { "index": "368", "@osmId": "way/341421893", "name": "Mu-Umina", "opening_hours": null, "label": "Places of worship", "color": "#8856a7" }, "geometry": { "type": "Point", "coordinates": [ 39.2382584, -6.7954429 ] } },
{ "type": "Feature", "properties": { "index": "369", "@osmId": "way/335887135", "name": null, "opening_hours": null, "label": "Places of worship", "color": "#8856a7" }, "geometry": { "type": "Point", "coordinates": [ 39.2470517, -6.7998914 ] } },
{ "type": "Feature", "properties": { "index": "370", "@osmId": "node/9267205930", "name": "Masjid Nur", "opening_hours": null, "label": "Places of worship", "color": "#8856a7" }, "geometry": { "type": "Point", "coordinates": [ 39.2627335, -6.8103857 ] } },
{ "type": "Feature", "properties": { "index": "371", "@osmId": "way/342931702", "name": "Uwanja wa Sifa Church", "opening_hours": null, "label": "Places of worship", "color": "#8856a7" }, "geometry": { "type": "Point", "coordinates": [ 39.236077, -6.7950249 ] } },
{ "type": "Feature", "properties": { "index": "372", "@osmId": "node/9267205934", "name": "Syllam Masjid", "opening_hours": null, "label": "Places of worship", "color": "#8856a7" }, "geometry": { "type": "Point", "coordinates": [ 39.2768841, -6.8075368 ] } },
{ "type": "Feature", "properties": { "index": "373", "@osmId": "way/343177199", "name": null, "opening_hours": null, "label": "Places of worship", "color": "#8856a7" }, "geometry": { "type": "Point", "coordinates": [ 39.2373575, -6.7911675 ] } },
{ "type": "Feature", "properties": { "index": "374", "@osmId": "way/335889240", "name": "Al Madrasat-Hidaya muslim", "opening_hours": null, "label": "Places of worship", "color": "#8856a7" }, "geometry": { "type": "Point", "coordinates": [ 39.2478759, -6.8003009 ] } },
{ "type": "Feature", "properties": { "index": "375", "@osmId": "node/9267205939", "name": "FPCT Kinondoni", "opening_hours": null, "label": "Places of worship", "color": "#8856a7" }, "geometry": { "type": "Point", "coordinates": [ 39.2664886, -6.7920407 ] } },
{ "type": "Feature", "properties": { "index": "376", "@osmId": "way/343197674", "name": "E.A.G.T Church", "opening_hours": null, "label": "Places of worship", "color": "#8856a7" }, "geometry": { "type": "Point", "coordinates": [ 39.2393902, -6.7960713 ] } },
{ "type": "Feature", "properties": { "index": "377", "@osmId": "way/336051439", "name": "God's Power Church", "opening_hours": null, "label": "Places of worship", "color": "#8856a7" }, "geometry": { "type": "Point", "coordinates": [ 39.2486979, -6.7979197 ] } },
{ "type": "Feature", "properties": { "index": "378", "@osmId": "way/346467459", "name": null, "opening_hours": null, "label": "Places of worship", "color": "#8856a7" }, "geometry": { "type": "Point", "coordinates": [ 39.2391788, -6.791867 ] } },
{ "type": "Feature", "properties": { "index": "379", "@osmId": "way/337771463", "name": "Jumba La Ufalme La Mashahidi Wa Yehova", "opening_hours": null, "label": "Places of worship", "color": "#8856a7" }, "geometry": { "type": "Point", "coordinates": [ 39.2517666, -6.8026686 ] } },
{ "type": "Feature", "properties": { "index": "380", "@osmId": "way/338441962", "name": "Kanisa La Waadventista Wasabato SDA", "opening_hours": null, "label": "Places of worship", "color": "#8856a7" }, "geometry": { "type": "Point", "coordinates": [ 39.2505276, -6.804114 ] } },
{ "type": "Feature", "properties": { "index": "381", "@osmId": "way/360763328", "name": null, "opening_hours": null, "label": "Places of worship", "color": "#8856a7" }, "geometry": { "type": "Point", "coordinates": [ 39.2266599, -6.8003168 ] } },
{ "type": "Feature", "properties": { "index": "382", "@osmId": "node/9267205940", "name": "Kanisa la Wahindi", "opening_hours": null, "label": "Places of worship", "color": "#8856a7" }, "geometry": { "type": "Point", "coordinates": [ 39.2764179, -6.7988874 ] } },
{ "type": "Feature", "properties": { "index": "383", "@osmId": "way/338444342", "name": "Anglican Church", "opening_hours": null, "label": "Places of worship", "color": "#8856a7" }, "geometry": { "type": "Point", "coordinates": [ 39.2522959, -6.8048139 ] } },
{ "type": "Feature", "properties": { "index": "384", "@osmId": "way/360814939", "name": null, "opening_hours": null, "label": "Places of worship", "color": "#8856a7" }, "geometry": { "type": "Point", "coordinates": [ 39.2221462, -6.8069795 ] } },
{ "type": "Feature", "properties": { "index": "385", "@osmId": "way/342934902", "name": "Masjid Taqwa", "opening_hours": null, "label": "Places of worship", "color": "#8856a7" }, "geometry": { "type": "Point", "coordinates": [ 39.2456381, -6.7959882 ] } },
{ "type": "Feature", "properties": { "index": "386", "@osmId": "node/9267205958", "name": "St Immaculate Catholic", "opening_hours": null, "label": "Places of worship", "color": "#8856a7" }, "geometry": { "type": "Point", "coordinates": [ 39.2792062, -6.7984555 ] } },
{ "type": "Feature", "properties": { "index": "387", "@osmId": "way/360814945", "name": "nursery school", "opening_hours": null, "label": "Places of worship", "color": "#8856a7" }, "geometry": { "type": "Point", "coordinates": [ 39.2226257, -6.8065897 ] } },
{ "type": "Feature", "properties": { "index": "388", "@osmId": "node/9267205960", "name": null, "opening_hours": null, "label": "Places of worship", "color": "#8856a7" }, "geometry": { "type": "Point", "coordinates": [ 39.2767549, -6.8063119 ] } },
{ "type": "Feature", "properties": { "index": "389", "@osmId": "way/360675257", "name": "Tanzania Bible School", "opening_hours": null, "label": "Places of worship", "color": "#8856a7" }, "geometry": { "type": "Point", "coordinates": [ 39.2500067, -6.8051767 ] } },
{ "type": "Feature", "properties": { "index": "390", "@osmId": "way/360814946", "name": "office", "opening_hours": null, "label": "Places of worship", "color": "#8856a7" }, "geometry": { "type": "Point", "coordinates": [ 39.222258, -6.8066329 ] } },
{ "type": "Feature", "properties": { "index": "391", "@osmId": "node/9267205961", "name": "Tanzania Assemblies of God-Hananasif", "opening_hours": null, "label": "Places of worship", "color": "#8856a7" }, "geometry": { "type": "Point", "coordinates": [ 39.2684197, -6.7964725 ] } },
{ "type": "Feature", "properties": { "index": "392", "@osmId": "node/9267205964", "name": null, "opening_hours": null, "label": "Places of worship", "color": "#8856a7" }, "geometry": { "type": "Point", "coordinates": [ 39.268055, -6.7970904 ] } },
{ "type": "Feature", "properties": { "index": "393", "@osmId": "way/360845666", "name": null, "opening_hours": null, "label": "Places of worship", "color": "#8856a7" }, "geometry": { "type": "Point", "coordinates": [ 39.2439603, -6.8070979 ] } },
{ "type": "Feature", "properties": { "index": "394", "@osmId": "node/9267205967", "name": "Suleiman Bin Hamoud", "opening_hours": null, "label": "Places of worship", "color": "#8856a7" }, "geometry": { "type": "Point", "coordinates": [ 39.2684841, -6.7910179 ] } },
{ "type": "Feature", "properties": { "index": "395", "@osmId": "node/9267205968", "name": "Tanzania Assemblies of God Magomeni All Nations Christian Center", "opening_hours": null, "label": "Places of worship", "color": "#8856a7" }, "geometry": { "type": "Point", "coordinates": [ 39.2572362, -6.8093077 ] } },
{ "type": "Feature", "properties": { "index": "396", "@osmId": "way/361888287", "name": null, "opening_hours": null, "label": "Places of worship", "color": "#8856a7" }, "geometry": { "type": "Point", "coordinates": [ 39.2525841, -6.7910219 ] } },
{ "type": "Feature", "properties": { "index": "397", "@osmId": "node/9267205971", "name": "KKKT Magomeni Diocese Church", "opening_hours": null, "label": "Places of worship", "color": "#8856a7" }, "geometry": { "type": "Point", "coordinates": [ 39.2586555, -6.8071383 ] } },
{ "type": "Feature", "properties": { "index": "398", "@osmId": "way/363092619", "name": null, "opening_hours": null, "label": "Places of worship", "color": "#8856a7" }, "geometry": { "type": "Point", "coordinates": [ 39.2474315, -6.806916 ] } },
{ "type": "Feature", "properties": { "index": "399", "@osmId": "node/9267205974", "name": "BAKWATA", "opening_hours": null, "label": "Places of worship", "color": "#8856a7" }, "geometry": { "type": "Point", "coordinates": [ 39.2654128, -6.8037239 ] } },
{ "type": "Feature", "properties": { "index": "400", "@osmId": "way/364522545", "name": null, "opening_hours": null, "label": "Places of worship", "color": "#8856a7" }, "geometry": { "type": "Point", "coordinates": [ 39.2581493, -6.7905847 ] } },
{ "type": "Feature", "properties": { "index": "401", "@osmId": "node/9267205976", "name": null, "opening_hours": null, "label": "Places of worship", "color": "#8856a7" }, "geometry": { "type": "Point", "coordinates": [ 39.2788026, -6.7982827 ] } },
{ "type": "Feature", "properties": { "index": "402", "@osmId": "node/9274629827", "name": "Tambaza mosque", "opening_hours": null, "label": "Places of worship", "color": "#8856a7" }, "geometry": { "type": "Point", "coordinates": [ 39.2666742, -6.8015776 ] } },
{ "type": "Feature", "properties": { "index": "403", "@osmId": "way/364522548", "name": null, "opening_hours": null, "label": "Places of worship", "color": "#8856a7" }, "geometry": { "type": "Point", "coordinates": [ 39.2578459, -6.7903784 ] } },
{ "type": "Feature", "properties": { "index": "404", "@osmId": "way/364522550", "name": null, "opening_hours": null, "label": "Places of worship", "color": "#8856a7" }, "geometry": { "type": "Point", "coordinates": [ 39.2579752, -6.790497 ] } },
{ "type": "Feature", "properties": { "index": "405", "@osmId": "way/360814948", "name": "shops frame", "opening_hours": null, "label": "Places of worship", "color": "#8856a7" }, "geometry": { "type": "Point", "coordinates": [ 39.2227186, -6.8068558 ] } },
{ "type": "Feature", "properties": { "index": "406", "@osmId": "way/364522574", "name": null, "opening_hours": null, "label": "Places of worship", "color": "#8856a7" }, "geometry": { "type": "Point", "coordinates": [ 39.258227, -6.7905149 ] } },
{ "type": "Feature", "properties": { "index": "407", "@osmId": "way/364522579", "name": null, "opening_hours": null, "label": "Places of worship", "color": "#8856a7" }, "geometry": { "type": "Point", "coordinates": [ 39.2580945, -6.790427 ] } },
{ "type": "Feature", "properties": { "index": "408", "@osmId": "way/360814949", "name": "shops frame", "opening_hours": null, "label": "Places of worship", "color": "#8856a7" }, "geometry": { "type": "Point", "coordinates": [ 39.2226133, -6.807075 ] } },
{ "type": "Feature", "properties": { "index": "409", "@osmId": "way/366452111", "name": "King Christ Anglican Church", "opening_hours": null, "label": "Places of worship", "color": "#8856a7" }, "geometry": { "type": "Point", "coordinates": [ 39.2583796, -6.7931644 ] } },
{ "type": "Feature", "properties": { "index": "410", "@osmId": "way/360814950", "name": "shops frame", "opening_hours": null, "label": "Places of worship", "color": "#8856a7" }, "geometry": { "type": "Point", "coordinates": [ 39.2228171, -6.8066524 ] } },
{ "type": "Feature", "properties": { "index": "411", "@osmId": "way/367580431", "name": "Evangelistic Assemblies of God of Tanzania (EAGT)", "opening_hours": null, "label": "Places of worship", "color": "#8856a7" }, "geometry": { "type": "Point", "coordinates": [ 39.2601091, -6.7899494 ] } },
{ "type": "Feature", "properties": { "index": "412", "@osmId": "way/461092513", "name": "Presbyterian Church of East Africa", "opening_hours": null, "label": "Places of worship", "color": "#8856a7" }, "geometry": { "type": "Point", "coordinates": [ 39.2579797, -6.7904933 ] } },
{ "type": "Feature", "properties": { "index": "413", "@osmId": "way/361384309", "name": null, "opening_hours": null, "label": "Places of worship", "color": "#8856a7" }, "geometry": { "type": "Point", "coordinates": [ 39.2262468, -6.8099435 ] } },
{ "type": "Feature", "properties": { "index": "414", "@osmId": "way/361384310", "name": null, "opening_hours": null, "label": "Places of worship", "color": "#8856a7" }, "geometry": { "type": "Point", "coordinates": [ 39.226193, -6.8099197 ] } },
{ "type": "Feature", "properties": { "index": "415", "@osmId": "way/361384311", "name": null, "opening_hours": null, "label": "Places of worship", "color": "#8856a7" }, "geometry": { "type": "Point", "coordinates": [ 39.2262435, -6.809876 ] } },
{ "type": "Feature", "properties": { "index": "416", "@osmId": "way/361384313", "name": null, "opening_hours": null, "label": "Places of worship", "color": "#8856a7" }, "geometry": { "type": "Point", "coordinates": [ 39.2262427, -6.8097648 ] } },
{ "type": "Feature", "properties": { "index": "417", "@osmId": "way/361385375", "name": "El Hudaa", "opening_hours": null, "label": "Places of worship", "color": "#8856a7" }, "geometry": { "type": "Point", "coordinates": [ 39.2389263, -6.8066477 ] } },
{ "type": "Feature", "properties": { "index": "418", "@osmId": "way/361539241", "name": null, "opening_hours": null, "label": "Places of worship", "color": "#8856a7" }, "geometry": { "type": "Point", "coordinates": [ 39.2253052, -6.80687 ] } },
{ "type": "Feature", "properties": { "index": "419", "@osmId": "way/362027552", "name": null, "opening_hours": null, "label": "Places of worship", "color": "#8856a7" }, "geometry": { "type": "Point", "coordinates": [ 39.242518, -6.8093878 ] } },
{ "type": "Feature", "properties": { "index": "420", "@osmId": "way/362557305", "name": null, "opening_hours": null, "label": "Places of worship", "color": "#8856a7" }, "geometry": { "type": "Point", "coordinates": [ 39.2412112, -6.8112375 ] } },
{ "type": "Feature", "properties": { "index": "421", "@osmId": "way/362592393", "name": null, "opening_hours": null, "label": "Places of worship", "color": "#8856a7" }, "geometry": { "type": "Point", "coordinates": [ 39.2416111, -6.8111605 ] } },
{ "type": "Feature", "properties": { "index": "422", "@osmId": "way/362825109", "name": null, "opening_hours": null, "label": "Places of worship", "color": "#8856a7" }, "geometry": { "type": "Point", "coordinates": [ 39.2379076, -6.8046554 ] } },
{ "type": "Feature", "properties": { "index": "423", "@osmId": "way/362825116", "name": null, "opening_hours": null, "label": "Places of worship", "color": "#8856a7" }, "geometry": { "type": "Point", "coordinates": [ 39.2378404, -6.8048805 ] } },
{ "type": "Feature", "properties": { "index": "424", "@osmId": "way/362825117", "name": null, "opening_hours": null, "label": "Places of worship", "color": "#8856a7" }, "geometry": { "type": "Point", "coordinates": [ 39.2377283, -6.8048519 ] } },
{ "type": "Feature", "properties": { "index": "425", "@osmId": "way/362825118", "name": null, "opening_hours": null, "label": "Places of worship", "color": "#8856a7" }, "geometry": { "type": "Point", "coordinates": [ 39.2379453, -6.8048933 ] } },
{ "type": "Feature", "properties": { "index": "426", "@osmId": "way/363105572", "name": null, "opening_hours": null, "label": "Places of worship", "color": "#8856a7" }, "geometry": { "type": "Point", "coordinates": [ 39.2290897, -6.8077438 ] } },
{ "type": "Feature", "properties": { "index": "427", "@osmId": "way/363276242", "name": null, "opening_hours": null, "label": "Places of worship", "color": "#8856a7" }, "geometry": { "type": "Point", "coordinates": [ 39.2289783, -6.8069472 ] } },
{ "type": "Feature", "properties": { "index": "428", "@osmId": "way/363894856", "name": null, "opening_hours": null, "label": "Places of worship", "color": "#8856a7" }, "geometry": { "type": "Point", "coordinates": [ 39.2323861, -6.7947014 ] } },
{ "type": "Feature", "properties": { "index": "429", "@osmId": "way/363903954", "name": "Masjid Qudsiya", "opening_hours": null, "label": "Places of worship", "color": "#8856a7" }, "geometry": { "type": "Point", "coordinates": [ 39.2317204, -6.7973249 ] } },
{ "type": "Feature", "properties": { "index": "430", "@osmId": "way/363910099", "name": "Tanzania Assembless of God Church", "opening_hours": null, "label": "Places of worship", "color": "#8856a7" }, "geometry": { "type": "Point", "coordinates": [ 39.23055, -6.7937121 ] } },
{ "type": "Feature", "properties": { "index": "431", "@osmId": "way/364157255", "name": "Msikiti Wa Mpita", "opening_hours": null, "label": "Places of worship", "color": "#8856a7" }, "geometry": { "type": "Point", "coordinates": [ 39.2351541, -6.8014408 ] } },
{ "type": "Feature", "properties": { "index": "432", "@osmId": "way/364344815", "name": "Wapemba", "opening_hours": null, "label": "Places of worship", "color": "#8856a7" }, "geometry": { "type": "Point", "coordinates": [ 39.2344925, -6.8029701 ] } },
{ "type": "Feature", "properties": { "index": "433", "@osmId": "way/371706387", "name": "Manzese Mosque", "opening_hours": null, "label": "Places of worship", "color": "#8856a7" }, "geometry": { "type": "Point", "coordinates": [ 39.2352554, -6.7967086 ] } },
{ "type": "Feature", "properties": { "index": "434", "@osmId": "way/372014734", "name": null, "opening_hours": null, "label": "Places of worship", "color": "#8856a7" }, "geometry": { "type": "Point", "coordinates": [ 39.2273165, -6.7961459 ] } },
{ "type": "Feature", "properties": { "index": "435", "@osmId": "way/372679483", "name": null, "opening_hours": null, "label": "Places of worship", "color": "#8856a7" }, "geometry": { "type": "Point", "coordinates": [ 39.2296296, -6.8020556 ] } },
{ "type": "Feature", "properties": { "index": "436", "@osmId": "way/460740426", "name": null, "opening_hours": null, "label": "Places of worship", "color": "#8856a7" }, "geometry": { "type": "Point", "coordinates": [ 39.2411464, -6.8114157 ] } },
{ "type": "Feature", "properties": { "index": "437", "@osmId": "way/473272996", "name": null, "opening_hours": null, "label": "Places of worship", "color": "#8856a7" }, "geometry": { "type": "Point", "coordinates": [ 39.227088, -6.7961889 ] } },
{ "type": "Feature", "properties": { "index": "438", "@osmId": "node/1401963545", "name": null, "opening_hours": null, "label": "Places of worship", "color": "#8856a7" }, "geometry": { "type": "Point", "coordinates": [ 39.2425963, -6.7926934 ] } },
{ "type": "Feature", "properties": { "index": "439", "@osmId": "node/1535207263", "name": "Azania Front Cathedral", "opening_hours": null, "label": "Places of worship", "color": "#8856a7" }, "geometry": { "type": "Point", "coordinates": [ 39.2911366, -6.8176349 ] } },
{ "type": "Feature", "properties": { "index": "440", "@osmId": "node/3662899077", "name": null, "opening_hours": null, "label": "Places of worship", "color": "#8856a7" }, "geometry": { "type": "Point", "coordinates": [ 39.2407873, -6.81381 ] } },
{ "type": "Feature", "properties": { "index": "441", "@osmId": "node/3668350503", "name": "Al-Madrasati", "opening_hours": null, "label": "Places of worship", "color": "#8856a7" }, "geometry": { "type": "Point", "coordinates": [ 39.2398715, -6.8098034 ] } },
{ "type": "Feature", "properties": { "index": "442", "@osmId": "node/3668472414", "name": "Adventist Church", "opening_hours": null, "label": "Places of worship", "color": "#8856a7" }, "geometry": { "type": "Point", "coordinates": [ 39.2396591, -6.8114954 ] } },
{ "type": "Feature", "properties": { "index": "443", "@osmId": "node/3669931566", "name": null, "opening_hours": null, "label": "Places of worship", "color": "#8856a7" }, "geometry": { "type": "Point", "coordinates": [ 39.2305952, -6.8110528 ] } },
{ "type": "Feature", "properties": { "index": "444", "@osmId": "node/3680175993", "name": null, "opening_hours": null, "label": "Places of worship", "color": "#8856a7" }, "geometry": { "type": "Point", "coordinates": [ 39.232676, -6.8073279 ] } },
{ "type": "Feature", "properties": { "index": "445", "@osmId": "node/3680175997", "name": null, "opening_hours": null, "label": "Places of worship", "color": "#8856a7" }, "geometry": { "type": "Point", "coordinates": [ 39.2338457, -6.808337 ] } },
{ "type": "Feature", "properties": { "index": "446", "@osmId": "node/3680199355", "name": null, "opening_hours": null, "label": "Places of worship", "color": "#8856a7" }, "geometry": { "type": "Point", "coordinates": [ 39.2306076, -6.8067138 ] } },
{ "type": "Feature", "properties": { "index": "447", "@osmId": "node/3745383509", "name": null, "opening_hours": null, "label": "Places of worship", "color": "#8856a7" }, "geometry": { "type": "Point", "coordinates": [ 39.2342574, -6.8192944 ] } },
{ "type": "Feature", "properties": { "index": "448", "@osmId": "node/3752606146", "name": null, "opening_hours": null, "label": "Places of worship", "color": "#8856a7" }, "geometry": { "type": "Point", "coordinates": [ 39.2384627, -6.8397714 ] } },
{ "type": "Feature", "properties": { "index": "449", "@osmId": "node/3752718679", "name": "AL-Madrasatul Maa-wal Islamiyah", "opening_hours": null, "label": "Places of worship", "color": "#8856a7" }, "geometry": { "type": "Point", "coordinates": [ 39.2353458, -6.7982126 ] } },
{ "type": "Feature", "properties": { "index": "450", "@osmId": "node/3755585628", "name": "Christian church", "opening_hours": null, "label": "Places of worship", "color": "#8856a7" }, "geometry": { "type": "Point", "coordinates": [ 39.2341758, -6.8206101 ] } },
{ "type": "Feature", "properties": { "index": "451", "@osmId": "node/3764329517", "name": "Al Madrasa Hassanayn Islamiya", "opening_hours": null, "label": "Places of worship", "color": "#8856a7" }, "geometry": { "type": "Point", "coordinates": [ 39.2332961, -6.7998792 ] } },
{ "type": "Feature", "properties": { "index": "452", "@osmId": "node/3784508529", "name": "International Evangelisan Assemblies Gospel Unity", "opening_hours": null, "label": "Places of worship", "color": "#8856a7" }, "geometry": { "type": "Point", "coordinates": [ 39.2291098, -6.8258911 ] } },
{ "type": "Feature", "properties": { "index": "453", "@osmId": "node/4555554300", "name": "World changing gospel ministry", "opening_hours": null, "label": "Places of worship", "color": "#8856a7" }, "geometry": { "type": "Point", "coordinates": [ 39.2236466, -6.8257419 ] } },
{ "type": "Feature", "properties": { "index": "454", "@osmId": "node/4555554993", "name": "place of worship", "opening_hours": null, "label": "Places of worship", "color": "#8856a7" }, "geometry": { "type": "Point", "coordinates": [ 39.232984, -6.8279233 ] } },
{ "type": "Feature", "properties": { "index": "455", "@osmId": "node/4570010397", "name": "Lutheran church", "opening_hours": null, "label": "Places of worship", "color": "#8856a7" }, "geometry": { "type": "Point", "coordinates": [ 39.2365532, -6.8158011 ] } },
{ "type": "Feature", "properties": { "index": "456", "@osmId": "node/4570010398", "name": "Evangelistics assemblies of God", "opening_hours": null, "label": "Places of worship", "color": "#8856a7" }, "geometry": { "type": "Point", "coordinates": [ 39.2341457, -6.8142174 ] } },
{ "type": "Feature", "properties": { "index": "457", "@osmId": "node/4570048094", "name": "Pentecostal church", "opening_hours": null, "label": "Places of worship", "color": "#8856a7" }, "geometry": { "type": "Point", "coordinates": [ 39.2342623, -6.8137969 ] } },
{ "type": "Feature", "properties": { "index": "458", "@osmId": "node/4570105389", "name": "Siloam ministry international", "opening_hours": null, "label": "Places of worship", "color": "#8856a7" }, "geometry": { "type": "Point", "coordinates": [ 39.225359, -6.8106876 ] } },
{ "type": "Feature", "properties": { "index": "459", "@osmId": "node/4575200607", "name": "Kwamtale", "opening_hours": null, "label": "Places of worship", "color": "#8856a7" }, "geometry": { "type": "Point", "coordinates": [ 39.2423995, -6.8167533 ] } },
{ "type": "Feature", "properties": { "index": "460", "@osmId": "node/4580524389", "name": "Mtakatifu Vicent", "opening_hours": null, "label": "Places of worship", "color": "#8856a7" }, "geometry": { "type": "Point", "coordinates": [ 39.2407227, -6.8324562 ] } },
{ "type": "Feature", "properties": { "index": "461", "@osmId": "node/5550194457", "name": "Kwamtale", "opening_hours": null, "label": "Places of worship", "color": "#8856a7" }, "geometry": { "type": "Point", "coordinates": [ 39.2407171, -6.8185757 ] } },
{ "type": "Feature", "properties": { "index": "462", "@osmId": "node/5550260526", "name": "Kanisa la Morovian Tanzania", "opening_hours": null, "label": "Places of worship", "color": "#8856a7" }, "geometry": { "type": "Point", "coordinates": [ 39.2407138, -6.8181751 ] } },
{ "type": "Feature", "properties": { "index": "463", "@osmId": "node/5985030255", "name": null, "opening_hours": null, "label": "Places of worship", "color": "#8856a7" }, "geometry": { "type": "Point", "coordinates": [ 39.2242463, -6.8316185 ] } },
{ "type": "Feature", "properties": { "index": "464", "@osmId": "node/6026684953", "name": "Halmiyyatul Islamiyya", "opening_hours": null, "label": "Places of worship", "color": "#8856a7" }, "geometry": { "type": "Point", "coordinates": [ 39.2352903, -6.8354332 ] } },
{ "type": "Feature", "properties": { "index": "465", "@osmId": "node/6073234081", "name": "EAGT", "opening_hours": null, "label": "Places of worship", "color": "#8856a7" }, "geometry": { "type": "Point", "coordinates": [ 39.2238829, -6.8364923 ] } },
{ "type": "Feature", "properties": { "index": "466", "@osmId": "node/6207097890", "name": "Masjid Aqswaaa", "opening_hours": null, "label": "Places of worship", "color": "#8856a7" }, "geometry": { "type": "Point", "coordinates": [ 39.2327565, -6.8428118 ] } },
{ "type": "Feature", "properties": { "index": "467", "@osmId": "node/6207097891", "name": "Kanisa la Maisha ya Ushindi", "opening_hours": null, "label": "Places of worship", "color": "#8856a7" }, "geometry": { "type": "Point", "coordinates": [ 39.2331573, -6.8426657 ] } },
{ "type": "Feature", "properties": { "index": "468", "@osmId": "node/6207097892", "name": "Pentecosta H.A.M", "opening_hours": null, "label": "Places of worship", "color": "#8856a7" }, "geometry": { "type": "Point", "coordinates": [ 39.2331597, -6.842489 ] } },
{ "type": "Feature", "properties": { "index": "469", "@osmId": "node/6207097894", "name": "The center for Islamic Tawhiid Markazi Tawhiid 'Islamiya'", "opening_hours": null, "label": "Places of worship", "color": "#8856a7" }, "geometry": { "type": "Point", "coordinates": [ 39.2298395, -6.8424349 ] } },
{ "type": "Feature", "properties": { "index": "470", "@osmId": "node/6207109006", "name": "Almadrasat Makas Imaanil Islamiy", "opening_hours": null, "label": "Places of worship", "color": "#8856a7" }, "geometry": { "type": "Point", "coordinates": [ 39.2314201, -6.8396262 ] } },
{ "type": "Feature", "properties": { "index": "471", "@osmId": "node/6207109008", "name": "Seventh Day Adventist Church", "opening_hours": null, "label": "Places of worship", "color": "#8856a7" }, "geometry": { "type": "Point", "coordinates": [ 39.231412, -6.836068 ] } },
{ "type": "Feature", "properties": { "index": "472", "@osmId": "node/6207109009", "name": "KLP Pentecostal Church", "opening_hours": null, "label": "Places of worship", "color": "#8856a7" }, "geometry": { "type": "Point", "coordinates": [ 39.2294757, -6.8357165 ] } },
{ "type": "Feature", "properties": { "index": "473", "@osmId": "node/6207109012", "name": "Madrasa kwa Dobe", "opening_hours": null, "label": "Places of worship", "color": "#8856a7" }, "geometry": { "type": "Point", "coordinates": [ 39.2309991, -6.8346019 ] } },
{ "type": "Feature", "properties": { "index": "474", "@osmId": "node/6218476261", "name": "Holyghost Foundation Church", "opening_hours": null, "label": "Places of worship", "color": "#8856a7" }, "geometry": { "type": "Point", "coordinates": [ 39.2213845, -6.8421523 ] } },
{ "type": "Feature", "properties": { "index": "475", "@osmId": "node/6235828851", "name": null, "opening_hours": null, "label": "Places of worship", "color": "#8856a7" }, "geometry": { "type": "Point", "coordinates": [ 39.226624, -6.8004307 ] } },
{ "type": "Feature", "properties": { "index": "476", "@osmId": "node/6251554997", "name": "almasjidul tandale", "opening_hours": null, "label": "Places of worship", "color": "#8856a7" }, "geometry": { "type": "Point", "coordinates": [ 39.2429253, -6.7917548 ] } },
{ "type": "Feature", "properties": { "index": "477", "@osmId": "node/6285447611", "name": "Assemblies of God Kijitonyama", "opening_hours": null, "label": "Places of worship", "color": "#8856a7" }, "geometry": { "type": "Point", "coordinates": [ 39.2379246, -6.7829373 ] } },
{ "type": "Feature", "properties": { "index": "478", "@osmId": "node/6285447612", "name": "Assemblies of God Kijitonyama", "opening_hours": null, "label": "Places of worship", "color": "#8856a7" }, "geometry": { "type": "Point", "coordinates": [ 39.2379992, -6.783005 ] } },
{ "type": "Feature", "properties": { "index": "479", "@osmId": "node/6285464095", "name": "Masjid Taqwa", "opening_hours": null, "label": "Places of worship", "color": "#8856a7" }, "geometry": { "type": "Point", "coordinates": [ 39.2385402, -6.7827403 ] } },
{ "type": "Feature", "properties": { "index": "480", "@osmId": "node/6285813872", "name": "Masjid Sham", "opening_hours": null, "label": "Places of worship", "color": "#8856a7" }, "geometry": { "type": "Point", "coordinates": [ 39.2361041, -6.7863838 ] } },
{ "type": "Feature", "properties": { "index": "481", "@osmId": "node/6354480701", "name": "Mulzah Wilmar", "opening_hours": null, "label": "Places of worship", "color": "#8856a7" }, "geometry": { "type": "Point", "coordinates": [ 39.2387826, -6.8325537 ] } },
{ "type": "Feature", "properties": { "index": "482", "@osmId": "node/6375406759", "name": null, "opening_hours": null, "label": "Places of worship", "color": "#8856a7" }, "geometry": { "type": "Point", "coordinates": [ 39.237923, -6.7874956 ] } },
{ "type": "Feature", "properties": { "index": "483", "@osmId": "node/6397929607", "name": "Masjid NNUR(Makukula)", "opening_hours": null, "label": "Places of worship", "color": "#8856a7" }, "geometry": { "type": "Point", "coordinates": [ 39.2428471, -6.8367481 ] } },
{ "type": "Feature", "properties": { "index": "484", "@osmId": "node/6397929622", "name": "Kibonde Maji Masjid", "opening_hours": null, "label": "Places of worship", "color": "#8856a7" }, "geometry": { "type": "Point", "coordinates": [ 39.2426516, -6.8338077 ] } },
{ "type": "Feature", "properties": { "index": "485", "@osmId": "node/6397929624", "name": "TAG Church", "opening_hours": null, "label": "Places of worship", "color": "#8856a7" }, "geometry": { "type": "Point", "coordinates": [ 39.2422784, -6.8290207 ] } },
{ "type": "Feature", "properties": { "index": "486", "@osmId": "node/6397929626", "name": "Roman Catholic Church", "opening_hours": null, "label": "Places of worship", "color": "#8856a7" }, "geometry": { "type": "Point", "coordinates": [ 39.2407357, -6.8324617 ] } },
{ "type": "Feature", "properties": { "index": "487", "@osmId": "node/6397929627", "name": "Masjid Bofu", "opening_hours": null, "label": "Places of worship", "color": "#8856a7" }, "geometry": { "type": "Point", "coordinates": [ 39.2421238, -6.8304881 ] } },
{ "type": "Feature", "properties": { "index": "488", "@osmId": "node/6398244361", "name": "Masjid Kijitonyama", "opening_hours": null, "label": "Places of worship", "color": "#8856a7" }, "geometry": { "type": "Point", "coordinates": [ 39.2427041, -6.7802255 ] } },
{ "type": "Feature", "properties": { "index": "489", "@osmId": "node/6398244362", "name": "Mji Wa Makimbilio Church", "opening_hours": null, "label": "Places of worship", "color": "#8856a7" }, "geometry": { "type": "Point", "coordinates": [ 39.2407434, -6.7813317 ] } },
{ "type": "Feature", "properties": { "index": "490", "@osmId": "node/6398244374", "name": "Roman Catholic Church", "opening_hours": null, "label": "Places of worship", "color": "#8856a7" }, "geometry": { "type": "Point", "coordinates": [ 39.2382998, -6.7863365 ] } },
{ "type": "Feature", "properties": { "index": "491", "@osmId": "node/6398244375", "name": "Waruguru Mosque", "opening_hours": null, "label": "Places of worship", "color": "#8856a7" }, "geometry": { "type": "Point", "coordinates": [ 39.2385522, -6.7875347 ] } },
{ "type": "Feature", "properties": { "index": "492", "@osmId": "node/6398244381", "name": "Roman Catholic Church", "opening_hours": null, "label": "Places of worship", "color": "#8856a7" }, "geometry": { "type": "Point", "coordinates": [ 39.2374606, -6.7866582 ] } },
{ "type": "Feature", "properties": { "index": "493", "@osmId": "node/6398244787", "name": "Masjid Sham", "opening_hours": null, "label": "Places of worship", "color": "#8856a7" }, "geometry": { "type": "Point", "coordinates": [ 39.236159, -6.786629 ] } },
{ "type": "Feature", "properties": { "index": "494", "@osmId": "node/6398244789", "name": "Masjid Taqwa", "opening_hours": null, "label": "Places of worship", "color": "#8856a7" }, "geometry": { "type": "Point", "coordinates": [ 39.2381083, -6.7831291 ] } },
{ "type": "Feature", "properties": { "index": "495", "@osmId": "node/6398244790", "name": "Tanzania Assemblies of God", "opening_hours": null, "label": "Places of worship", "color": "#8856a7" }, "geometry": { "type": "Point", "coordinates": [ 39.2379758, -6.7832658 ] } },
{ "type": "Feature", "properties": { "index": "496", "@osmId": "node/6398244794", "name": "The New Hope Christian Church", "opening_hours": null, "label": "Places of worship", "color": "#8856a7" }, "geometry": { "type": "Point", "coordinates": [ 39.2410781, -6.7822405 ] } },
{ "type": "Feature", "properties": { "index": "497", "@osmId": "node/6398244795", "name": "Pentecoste Church", "opening_hours": null, "label": "Places of worship", "color": "#8856a7" }, "geometry": { "type": "Point", "coordinates": [ 39.240219, -6.7884689 ] } },
{ "type": "Feature", "properties": { "index": "498", "@osmId": "node/6398244796", "name": "Evengelist Church", "opening_hours": null, "label": "Places of worship", "color": "#8856a7" }, "geometry": { "type": "Point", "coordinates": [ 39.2400433, -6.7891239 ] } },
{ "type": "Feature", "properties": { "index": "499", "@osmId": "node/6398244797", "name": "Ebenezer Christian Church", "opening_hours": null, "label": "Places of worship", "color": "#8856a7" }, "geometry": { "type": "Point", "coordinates": [ 39.2409723, -6.7878052 ] } },
{ "type": "Feature", "properties": { "index": "500", "@osmId": "node/6400555949", "name": "Masjid Jihad", "opening_hours": null, "label": "Places of worship", "color": "#8856a7" }, "geometry": { "type": "Point", "coordinates": [ 39.2373896, -6.8011887 ] } },
{ "type": "Feature", "properties": { "index": "501", "@osmId": "node/6400555965", "name": "Hidaya Mosque", "opening_hours": null, "label": "Places of worship", "color": "#8856a7" }, "geometry": { "type": "Point", "coordinates": [ 39.2426106, -6.8093634 ] } },
{ "type": "Feature", "properties": { "index": "502", "@osmId": "node/6400556025", "name": "KKKT Church", "opening_hours": null, "label": "Places of worship", "color": "#8856a7" }, "geometry": { "type": "Point", "coordinates": [ 39.2361384, -6.8044863 ] } },
{ "type": "Feature", "properties": { "index": "503", "@osmId": "node/6400556031", "name": "TAG Church", "opening_hours": null, "label": "Places of worship", "color": "#8856a7" }, "geometry": { "type": "Point", "coordinates": [ 39.2378305, -6.8036056 ] } },
{ "type": "Feature", "properties": { "index": "504", "@osmId": "node/6400556036", "name": "Al Masjid Rahman", "opening_hours": null, "label": "Places of worship", "color": "#8856a7" }, "geometry": { "type": "Point", "coordinates": [ 39.2430564, -6.8024096 ] } },
{ "type": "Feature", "properties": { "index": "505", "@osmId": "node/6405873784", "name": "Seventh day adventist church", "opening_hours": null, "label": "Places of worship", "color": "#8856a7" }, "geometry": { "type": "Point", "coordinates": [ 39.2363563, -6.7982955 ] } },
{ "type": "Feature", "properties": { "index": "506", "@osmId": "node/6405874087", "name": "Al Rahman mosue", "opening_hours": null, "label": "Places of worship", "color": "#8856a7" }, "geometry": { "type": "Point", "coordinates": [ 39.2381932, -6.7981759 ] } },
{ "type": "Feature", "properties": { "index": "507", "@osmId": "node/6405874093", "name": "Nurul huda mosque", "opening_hours": null, "label": "Places of worship", "color": "#8856a7" }, "geometry": { "type": "Point", "coordinates": [ 39.2387603, -6.8001032 ] } },
{ "type": "Feature", "properties": { "index": "508", "@osmId": "node/6406706965", "name": "Catholic Church", "opening_hours": null, "label": "Places of worship", "color": "#8856a7" }, "geometry": { "type": "Point", "coordinates": [ 39.2261855, -6.7824286 ] } },
{ "type": "Feature", "properties": { "index": "509", "@osmId": "node/6406706967", "name": "Nearmeso school Church", "opening_hours": null, "label": "Places of worship", "color": "#8856a7" }, "geometry": { "type": "Point", "coordinates": [ 39.2229602, -6.7840377 ] } },
{ "type": "Feature", "properties": { "index": "510", "@osmId": "node/6406706968", "name": "Church of God", "opening_hours": null, "label": "Places of worship", "color": "#8856a7" }, "geometry": { "type": "Point", "coordinates": [ 39.2285052, -6.7814405 ] } },
{ "type": "Feature", "properties": { "index": "511", "@osmId": "node/6406706978", "name": "Masjid Fisajibillahj", "opening_hours": null, "label": "Places of worship", "color": "#8856a7" }, "geometry": { "type": "Point", "coordinates": [ 39.2325425, -6.787694 ] } },
{ "type": "Feature", "properties": { "index": "512", "@osmId": "node/6406706979", "name": "Manzese SDA church", "opening_hours": null, "label": "Places of worship", "color": "#8856a7" }, "geometry": { "type": "Point", "coordinates": [ 39.2311907, -6.7875875 ] } },
{ "type": "Feature", "properties": { "index": "513", "@osmId": "node/6406707889", "name": "Fresh spring fellowship", "opening_hours": null, "label": "Places of worship", "color": "#8856a7" }, "geometry": { "type": "Point", "coordinates": [ 39.2259532, -6.7855203 ] } },
{ "type": "Feature", "properties": { "index": "514", "@osmId": "node/6406707891", "name": "Jiddah masjid", "opening_hours": null, "label": "Places of worship", "color": "#8856a7" }, "geometry": { "type": "Point", "coordinates": [ 39.2270579, -6.7843653 ] } },
{ "type": "Feature", "properties": { "index": "515", "@osmId": "node/6406707901", "name": "Revelation Church", "opening_hours": null, "label": "Places of worship", "color": "#8856a7" }, "geometry": { "type": "Point", "coordinates": [ 39.2243348, -6.7901432 ] } },
{ "type": "Feature", "properties": { "index": "516", "@osmId": "node/6406707906", "name": "Masjid Swaffa Mosque", "opening_hours": null, "label": "Places of worship", "color": "#8856a7" }, "geometry": { "type": "Point", "coordinates": [ 39.2232642, -6.7878357 ] } },
{ "type": "Feature", "properties": { "index": "517", "@osmId": "node/6406707914", "name": "Fullness and Fireness Church", "opening_hours": null, "label": "Places of worship", "color": "#8856a7" }, "geometry": { "type": "Point", "coordinates": [ 39.227048, -6.791336 ] } },
{ "type": "Feature", "properties": { "index": "518", "@osmId": "node/6406707916", "name": "T.A.G Church", "opening_hours": null, "label": "Places of worship", "color": "#8856a7" }, "geometry": { "type": "Point", "coordinates": [ 39.2284577, -6.7904184 ] } },
{ "type": "Feature", "properties": { "index": "519", "@osmId": "node/6406752437", "name": "Masjid Mnawar", "opening_hours": null, "label": "Places of worship", "color": "#8856a7" }, "geometry": { "type": "Point", "coordinates": [ 39.2221071, -6.831889 ] } },
{ "type": "Feature", "properties": { "index": "520", "@osmId": "node/6406752448", "name": "TAG Church", "opening_hours": null, "label": "Places of worship", "color": "#8856a7" }, "geometry": { "type": "Point", "coordinates": [ 39.2291481, -6.8295131 ] } },
{ "type": "Feature", "properties": { "index": "521", "@osmId": "node/6406752459", "name": "AZ Sharifu Masjid", "opening_hours": null, "label": "Places of worship", "color": "#8856a7" }, "geometry": { "type": "Point", "coordinates": [ 39.2276344, -6.8291059 ] } },
{ "type": "Feature", "properties": { "index": "522", "@osmId": "node/6406752460", "name": "Aqwa Masjid", "opening_hours": null, "label": "Places of worship", "color": "#8856a7" }, "geometry": { "type": "Point", "coordinates": [ 39.2264906, -6.8298348 ] } },
{ "type": "Feature", "properties": { "index": "523", "@osmId": "node/6406752461", "name": "Lukuu Masjid", "opening_hours": null, "label": "Places of worship", "color": "#8856a7" }, "geometry": { "type": "Point", "coordinates": [ 39.2282665, -6.8290781 ] } },
{ "type": "Feature", "properties": { "index": "524", "@osmId": "node/6406752462", "name": "Tabata Lutheran Church", "opening_hours": null, "label": "Places of worship", "color": "#8856a7" }, "geometry": { "type": "Point", "coordinates": [ 39.2258013, -6.8267735 ] } },
{ "type": "Feature", "properties": { "index": "525", "@osmId": "node/6406752463", "name": "Seventh Day Adventist Church", "opening_hours": null, "label": "Places of worship", "color": "#8856a7" }, "geometry": { "type": "Point", "coordinates": [ 39.2288122, -6.8274567 ] } },
{ "type": "Feature", "properties": { "index": "526", "@osmId": "node/6406752480", "name": "Masjid Wakfu", "opening_hours": null, "label": "Places of worship", "color": "#8856a7" }, "geometry": { "type": "Point", "coordinates": [ 39.2345597, -6.8292846 ] } },
{ "type": "Feature", "properties": { "index": "527", "@osmId": "node/6406752591", "name": "Masjid Nuur", "opening_hours": null, "label": "Places of worship", "color": "#8856a7" }, "geometry": { "type": "Point", "coordinates": [ 39.2286133, -6.8228804 ] } },
{ "type": "Feature", "properties": { "index": "528", "@osmId": "node/6406752603", "name": "Masjid Dhawwa", "opening_hours": null, "label": "Places of worship", "color": "#8856a7" }, "geometry": { "type": "Point", "coordinates": [ 39.2349011, -6.8258855 ] } },
{ "type": "Feature", "properties": { "index": "529", "@osmId": "node/6406752605", "name": "Masjid Islam Mosque", "opening_hours": null, "label": "Places of worship", "color": "#8856a7" }, "geometry": { "type": "Point", "coordinates": [ 39.2326591, -6.8220266 ] } },
{ "type": "Feature", "properties": { "index": "530", "@osmId": "node/6406752607", "name": "Masjid Swabul Mosque", "opening_hours": null, "label": "Places of worship", "color": "#8856a7" }, "geometry": { "type": "Point", "coordinates": [ 39.2329445, -6.8234755 ] } },
{ "type": "Feature", "properties": { "index": "531", "@osmId": "node/6406752609", "name": "Abundant Blessing Centre (Pentecoste)", "opening_hours": null, "label": "Places of worship", "color": "#8856a7" }, "geometry": { "type": "Point", "coordinates": [ 39.2327621, -6.8215145 ] } },
{ "type": "Feature", "properties": { "index": "532", "@osmId": "node/6406787728", "name": "Free Pentecost Church of Tanzania", "opening_hours": null, "label": "Places of worship", "color": "#8856a7" }, "geometry": { "type": "Point", "coordinates": [ 39.2391709, -6.7918637 ] } },
{ "type": "Feature", "properties": { "index": "533", "@osmId": "node/6406787729", "name": "Masjid Baharin", "opening_hours": null, "label": "Places of worship", "color": "#8856a7" }, "geometry": { "type": "Point", "coordinates": [ 39.2378299, -6.789498 ] } },
{ "type": "Feature", "properties": { "index": "534", "@osmId": "node/6406787730", "name": "Masjid Munira Mosque", "opening_hours": null, "label": "Places of worship", "color": "#8856a7" }, "geometry": { "type": "Point", "coordinates": [ 39.2382442, -6.7927958 ] } },
{ "type": "Feature", "properties": { "index": "535", "@osmId": "node/6406787731", "name": null, "opening_hours": null, "label": "Places of worship", "color": "#8856a7" }, "geometry": { "type": "Point", "coordinates": [ 39.2373721, -6.7911878 ] } },
{ "type": "Feature", "properties": { "index": "536", "@osmId": "node/6406787733", "name": "Seventh day adventist church", "opening_hours": null, "label": "Places of worship", "color": "#8856a7" }, "geometry": { "type": "Point", "coordinates": [ 39.2395798, -6.7943837 ] } },
{ "type": "Feature", "properties": { "index": "537", "@osmId": "node/6406787735", "name": "EATG", "opening_hours": null, "label": "Places of worship", "color": "#8856a7" }, "geometry": { "type": "Point", "coordinates": [ 39.2392993, -6.7956091 ] } },
{ "type": "Feature", "properties": { "index": "538", "@osmId": "node/6406787736", "name": "TAG Church", "opening_hours": null, "label": "Places of worship", "color": "#8856a7" }, "geometry": { "type": "Point", "coordinates": [ 39.239455, -6.7949348 ] } },
{ "type": "Feature", "properties": { "index": "539", "@osmId": "node/6406787739", "name": "Roman cathoric", "opening_hours": null, "label": "Places of worship", "color": "#8856a7" }, "geometry": { "type": "Point", "coordinates": [ 39.2409334, -6.796796 ] } },
{ "type": "Feature", "properties": { "index": "540", "@osmId": "node/6406787759", "name": "Masjid Omary Farouk", "opening_hours": null, "label": "Places of worship", "color": "#8856a7" }, "geometry": { "type": "Point", "coordinates": [ 39.2404095, -6.7907504 ] } },
{ "type": "Feature", "properties": { "index": "541", "@osmId": "node/6406787761", "name": "Masjid Mubarakat", "opening_hours": null, "label": "Places of worship", "color": "#8856a7" }, "geometry": { "type": "Point", "coordinates": [ 39.2422557, -6.7907776 ] } },
{ "type": "Feature", "properties": { "index": "542", "@osmId": "node/6408610577", "name": "Masjid Sarafia", "opening_hours": null, "label": "Places of worship", "color": "#8856a7" }, "geometry": { "type": "Point", "coordinates": [ 39.2287117, -6.8485837 ] } },
{ "type": "Feature", "properties": { "index": "543", "@osmId": "node/6408617589", "name": "Masjid islamic tauba", "opening_hours": null, "label": "Places of worship", "color": "#8856a7" }, "geometry": { "type": "Point", "coordinates": [ 39.2228211, -6.8491733 ] } },
{ "type": "Feature", "properties": { "index": "544", "@osmId": "node/6408617591", "name": "PenteCoastal Gospel Mission", "opening_hours": null, "label": "Places of worship", "color": "#8856a7" }, "geometry": { "type": "Point", "coordinates": [ 39.2256723, -6.8471387 ] } },
{ "type": "Feature", "properties": { "index": "545", "@osmId": "node/6408617592", "name": "Anglican church", "opening_hours": null, "label": "Places of worship", "color": "#8856a7" }, "geometry": { "type": "Point", "coordinates": [ 39.2268171, -6.8474931 ] } },
{ "type": "Feature", "properties": { "index": "546", "@osmId": "node/6408617594", "name": "Masjid Rahman", "opening_hours": null, "label": "Places of worship", "color": "#8856a7" }, "geometry": { "type": "Point", "coordinates": [ 39.2258543, -6.8486953 ] } },
{ "type": "Feature", "properties": { "index": "547", "@osmId": "node/6408617598", "name": "Masjid Al-Nuhu", "opening_hours": null, "label": "Places of worship", "color": "#8856a7" }, "geometry": { "type": "Point", "coordinates": [ 39.2258968, -6.8494693 ] } },
{ "type": "Feature", "properties": { "index": "548", "@osmId": "node/6408617600", "name": "Sabath church", "opening_hours": null, "label": "Places of worship", "color": "#8856a7" }, "geometry": { "type": "Point", "coordinates": [ 39.2236201, -6.8478829 ] } },
{ "type": "Feature", "properties": { "index": "549", "@osmId": "node/6408617603", "name": "EGT church", "opening_hours": null, "label": "Places of worship", "color": "#8856a7" }, "geometry": { "type": "Point", "coordinates": [ 39.2215719, -6.8484619 ] } },
{ "type": "Feature", "properties": { "index": "550", "@osmId": "node/6408617606", "name": "Roman Catholic Church", "opening_hours": null, "label": "Places of worship", "color": "#8856a7" }, "geometry": { "type": "Point", "coordinates": [ 39.2221278, -6.8478506 ] } },
{ "type": "Feature", "properties": { "index": "551", "@osmId": "node/6408617608", "name": "Church of God in Tanzania", "opening_hours": null, "label": "Places of worship", "color": "#8856a7" }, "geometry": { "type": "Point", "coordinates": [ 39.225512, -6.8460911 ] } },
{ "type": "Feature", "properties": { "index": "552", "@osmId": "node/6408617609", "name": "Masjid Zavara", "opening_hours": null, "label": "Places of worship", "color": "#8856a7" }, "geometry": { "type": "Point", "coordinates": [ 39.2245694, -6.8467488 ] } },
{ "type": "Feature", "properties": { "index": "553", "@osmId": "node/6408617610", "name": "Masjid Lilah", "opening_hours": null, "label": "Places of worship", "color": "#8856a7" }, "geometry": { "type": "Point", "coordinates": [ 39.2242438, -6.8464925 ] } },
{ "type": "Feature", "properties": { "index": "554", "@osmId": "node/6408617611", "name": "Moravian Church", "opening_hours": null, "label": "Places of worship", "color": "#8856a7" }, "geometry": { "type": "Point", "coordinates": [ 39.2229579, -6.846396 ] } },
{ "type": "Feature", "properties": { "index": "555", "@osmId": "node/6408617616", "name": "Masjid Relini", "opening_hours": null, "label": "Places of worship", "color": "#8856a7" }, "geometry": { "type": "Point", "coordinates": [ 39.2351747, -6.8354715 ] } },
{ "type": "Feature", "properties": { "index": "556", "@osmId": "node/6408617618", "name": "Korean (Church and School)", "opening_hours": null, "label": "Places of worship", "color": "#8856a7" }, "geometry": { "type": "Point", "coordinates": [ 39.2334857, -6.8346321 ] } },
{ "type": "Feature", "properties": { "index": "557", "@osmId": "node/6408617621", "name": "Pentocoste Church", "opening_hours": null, "label": "Places of worship", "color": "#8856a7" }, "geometry": { "type": "Point", "coordinates": [ 39.2320027, -6.8357429 ] } },
{ "type": "Feature", "properties": { "index": "558", "@osmId": "node/6408617622", "name": "Msikiti kwa Mzee Khatibu", "opening_hours": null, "label": "Places of worship", "color": "#8856a7" }, "geometry": { "type": "Point", "coordinates": [ 39.2314688, -6.8353285 ] } },
{ "type": "Feature", "properties": { "index": "559", "@osmId": "node/6408617626", "name": "Catholic Church", "opening_hours": null, "label": "Places of worship", "color": "#8856a7" }, "geometry": { "type": "Point", "coordinates": [ 39.2312012, -6.8373095 ] } },
{ "type": "Feature", "properties": { "index": "560", "@osmId": "node/6408617627", "name": "Al masjid kanuni", "opening_hours": null, "label": "Places of worship", "color": "#8856a7" }, "geometry": { "type": "Point", "coordinates": [ 39.2323998, -6.8377943 ] } },
{ "type": "Feature", "properties": { "index": "561", "@osmId": "node/6408617630", "name": "Msalabani Church", "opening_hours": null, "label": "Places of worship", "color": "#8856a7" }, "geometry": { "type": "Point", "coordinates": [ 39.2282514, -6.8381896 ] } },
{ "type": "Feature", "properties": { "index": "562", "@osmId": "node/6408617634", "name": "Msikiti wa Kichanga Chui", "opening_hours": null, "label": "Places of worship", "color": "#8856a7" }, "geometry": { "type": "Point", "coordinates": [ 39.2288113, -6.8410434 ] } },
{ "type": "Feature", "properties": { "index": "563", "@osmId": "node/6408617637", "name": "Msikiti Dume", "opening_hours": null, "label": "Places of worship", "color": "#8856a7" }, "geometry": { "type": "Point", "coordinates": [ 39.2311632, -6.8410382 ] } },
{ "type": "Feature", "properties": { "index": "564", "@osmId": "node/6408617643", "name": "Masjid Spenco", "opening_hours": null, "label": "Places of worship", "color": "#8856a7" }, "geometry": { "type": "Point", "coordinates": [ 39.2350586, -6.8398438 ] } },
{ "type": "Feature", "properties": { "index": "565", "@osmId": "node/6408617645", "name": "Msikiti wa Kidarajani", "opening_hours": null, "label": "Places of worship", "color": "#8856a7" }, "geometry": { "type": "Point", "coordinates": [ 39.2360868, -6.8413583 ] } },
{ "type": "Feature", "properties": { "index": "566", "@osmId": "node/6408617647", "name": "Mashahidi wa Yehova Church", "opening_hours": null, "label": "Places of worship", "color": "#8856a7" }, "geometry": { "type": "Point", "coordinates": [ 39.2385201, -6.8396432 ] } },
{ "type": "Feature", "properties": { "index": "567", "@osmId": "node/6408636267", "name": "Al Masjid Hisan", "opening_hours": null, "label": "Places of worship", "color": "#8856a7" }, "geometry": { "type": "Point", "coordinates": [ 39.2256306, -6.7969032 ] } },
{ "type": "Feature", "properties": { "index": "568", "@osmId": "node/6408636268", "name": "EAGT Church", "opening_hours": null, "label": "Places of worship", "color": "#8856a7" }, "geometry": { "type": "Point", "coordinates": [ 39.2260326, -6.7956995 ] } },
{ "type": "Feature", "properties": { "index": "569", "@osmId": "node/6408636269", "name": "Catholic Church", "opening_hours": null, "label": "Places of worship", "color": "#8856a7" }, "geometry": { "type": "Point", "coordinates": [ 39.2215184, -6.7940612 ] } },
{ "type": "Feature", "properties": { "index": "570", "@osmId": "node/6411897222", "name": null, "opening_hours": null, "label": "Places of worship", "color": "#8856a7" }, "geometry": { "type": "Point", "coordinates": [ 39.2274166, -6.8295411 ] } },
{ "type": "Feature", "properties": { "index": "571", "@osmId": "node/9267203397", "name": "Saint John The Baptist", "opening_hours": null, "label": "Places of worship", "color": "#8856a7" }, "geometry": { "type": "Point", "coordinates": [ 39.2339869, -6.8180302 ] } },
{ "type": "Feature", "properties": { "index": "572", "@osmId": "node/9267203401", "name": "Pentecoste Free Church", "opening_hours": null, "label": "Places of worship", "color": "#8856a7" }, "geometry": { "type": "Point", "coordinates": [ 39.237063, -6.821207 ] } },
{ "type": "Feature", "properties": { "index": "573", "@osmId": "node/9267203407", "name": "Adventist Church", "opening_hours": null, "label": "Places of worship", "color": "#8856a7" }, "geometry": { "type": "Point", "coordinates": [ 39.2426491, -6.8202504 ] } },
{ "type": "Feature", "properties": { "index": "574", "@osmId": "node/9267203416", "name": null, "opening_hours": null, "label": "Places of worship", "color": "#8856a7" }, "geometry": { "type": "Point", "coordinates": [ 39.2343664, -6.8185246 ] } },
{ "type": "Feature", "properties": { "index": "575", "@osmId": "node/9267205929", "name": null, "opening_hours": null, "label": "Places of worship", "color": "#8856a7" }, "geometry": { "type": "Point", "coordinates": [ 39.242456, -6.8171398 ] } },
{ "type": "Feature", "properties": { "index": "576", "@osmId": "node/9267205941", "name": "Masjid Rahman", "opening_hours": null, "label": "Places of worship", "color": "#8856a7" }, "geometry": { "type": "Point", "coordinates": [ 39.2404968, -6.8222636 ] } },
{ "type": "Feature", "properties": { "index": "577", "@osmId": "node/9267205948", "name": "Kanisa Halisi la Mungu Baba", "opening_hours": null, "label": "Places of worship", "color": "#8856a7" }, "geometry": { "type": "Point", "coordinates": [ 39.235723, -6.8188941 ] } },
{ "type": "Feature", "properties": { "index": "578", "@osmId": "node/9267205950", "name": "Jamia Masjid Imail Giga", "opening_hours": null, "label": "Places of worship", "color": "#8856a7" }, "geometry": { "type": "Point", "coordinates": [ 39.2284105, -6.8208042 ] } },
{ "type": "Feature", "properties": { "index": "579", "@osmId": "relation/6214976", "name": "DIT Library", "opening_hours": null, "label": "Public libraries", "color": "#756bb1" }, "geometry": { "type": "Point", "coordinates": [ 39.2795382, -6.8151063 ] } },
{ "type": "Feature", "properties": { "index": "580", "@osmId": "way/1161705007", "name": null, "opening_hours": null, "label": "Public libraries", "color": "#756bb1" }, "geometry": { "type": "Point", "coordinates": [ 39.2719915, -6.8343614 ] } },
{ "type": "Feature", "properties": { "index": "581", "@osmId": "way/372805149", "name": null, "opening_hours": null, "label": "Public libraries", "color": "#756bb1" }, "geometry": { "type": "Point", "coordinates": [ 39.2355715, -6.8440829 ] } },
{ "type": "Feature", "properties": { "index": "582", "@osmId": "way/372805150", "name": null, "opening_hours": null, "label": "Public libraries", "color": "#756bb1" }, "geometry": { "type": "Point", "coordinates": [ 39.2347355, -6.8432557 ] } },
{ "type": "Feature", "properties": { "index": "583", "@osmId": "node/282844140", "name": "National Central Library", "opening_hours": "Mo-Fr 09:00-19:00", "label": "Public libraries", "color": "#756bb1" }, "geometry": { "type": "Point", "coordinates": [ 39.2846201, -6.8115985 ] } },
{ "type": "Feature", "properties": { "index": "584", "@osmId": "node/3612523200", "name": "Masanja Library", "opening_hours": null, "label": "Public libraries", "color": "#756bb1" }, "geometry": { "type": "Point", "coordinates": [ 39.2611505, -6.8212783 ] } },
{ "type": "Feature", "properties": { "index": "585", "@osmId": "node/3668573982", "name": "Vitamin Library", "opening_hours": null, "label": "Public libraries", "color": "#756bb1" }, "geometry": { "type": "Point", "coordinates": [ 39.2742849, -6.8374118 ] } },
{ "type": "Feature", "properties": { "index": "586", "@osmId": "node/3670167199", "name": null, "opening_hours": null, "label": "Public libraries", "color": "#756bb1" }, "geometry": { "type": "Point", "coordinates": [ 39.2780012, -6.8360083 ] } },
{ "type": "Feature", "properties": { "index": "587", "@osmId": "node/3707822202", "name": null, "opening_hours": null, "label": "Public libraries", "color": "#756bb1" }, "geometry": { "type": "Point", "coordinates": [ 39.2438341, -6.833844 ] } },
{ "type": "Feature", "properties": { "index": "588", "@osmId": "node/3707860256", "name": null, "opening_hours": null, "label": "Public libraries", "color": "#756bb1" }, "geometry": { "type": "Point", "coordinates": [ 39.2443129, -6.8337915 ] } },
{ "type": "Feature", "properties": { "index": "589", "@osmId": "node/3711727850", "name": null, "opening_hours": null, "label": "Public libraries", "color": "#756bb1" }, "geometry": { "type": "Point", "coordinates": [ 39.2511063, -6.8349519 ] } },
{ "type": "Feature", "properties": { "index": "590", "@osmId": "node/3714692835", "name": null, "opening_hours": null, "label": "Public libraries", "color": "#756bb1" }, "geometry": { "type": "Point", "coordinates": [ 39.2494139, -6.8323231 ] } },
{ "type": "Feature", "properties": { "index": "591", "@osmId": "node/3714692838", "name": null, "opening_hours": null, "label": "Public libraries", "color": "#756bb1" }, "geometry": { "type": "Point", "coordinates": [ 39.2494931, -6.8323477 ] } },
{ "type": "Feature", "properties": { "index": "592", "@osmId": "node/3714980595", "name": null, "opening_hours": null, "label": "Public libraries", "color": "#756bb1" }, "geometry": { "type": "Point", "coordinates": [ 39.247305, -6.8298555 ] } },
{ "type": "Feature", "properties": { "index": "593", "@osmId": "node/3742375581", "name": "Yong spot", "opening_hours": null, "label": "Public libraries", "color": "#756bb1" }, "geometry": { "type": "Point", "coordinates": [ 39.2719286, -6.8168274 ] } },
{ "type": "Feature", "properties": { "index": "594", "@osmId": "node/3742385521", "name": "Kwa Neema Library", "opening_hours": null, "label": "Public libraries", "color": "#756bb1" }, "geometry": { "type": "Point", "coordinates": [ 39.2498685, -6.8170669 ] } },
{ "type": "Feature", "properties": { "index": "595", "@osmId": "node/3742472636", "name": "Kan Library", "opening_hours": null, "label": "Public libraries", "color": "#756bb1" }, "geometry": { "type": "Point", "coordinates": [ 39.2779436, -6.8175815 ] } },
{ "type": "Feature", "properties": { "index": "596", "@osmId": "node/3742494878", "name": "Amazon Office &Stationary", "opening_hours": null, "label": "Public libraries", "color": "#756bb1" }, "geometry": { "type": "Point", "coordinates": [ 39.2774921, -6.8177931 ] } },
{ "type": "Feature", "properties": { "index": "597", "@osmId": "node/3752529209", "name": "Bright Star Film Campany", "opening_hours": null, "label": "Public libraries", "color": "#756bb1" }, "geometry": { "type": "Point", "coordinates": [ 39.2447663, -6.8172843 ] } },
{ "type": "Feature", "properties": { "index": "598", "@osmId": "node/3752529210", "name": "Bright Star Film Campany", "opening_hours": null, "label": "Public libraries", "color": "#756bb1" }, "geometry": { "type": "Point", "coordinates": [ 39.2447263, -6.817304 ] } },
{ "type": "Feature", "properties": { "index": "599", "@osmId": "node/3754113626", "name": "Juma Library Music", "opening_hours": null, "label": "Public libraries", "color": "#756bb1" }, "geometry": { "type": "Point", "coordinates": [ 39.2477206, -6.8173568 ] } },
{ "type": "Feature", "properties": { "index": "600", "@osmId": "node/3758631238", "name": "Mkopo Video Library", "opening_hours": null, "label": "Public libraries", "color": "#756bb1" }, "geometry": { "type": "Point", "coordinates": [ 39.2518352, -6.8174938 ] } },
{ "type": "Feature", "properties": { "index": "601", "@osmId": "node/3840388559", "name": null, "opening_hours": null, "label": "Public libraries", "color": "#756bb1" }, "geometry": { "type": "Point", "coordinates": [ 39.2599961, -6.8298293 ] } },
{ "type": "Feature", "properties": { "index": "602", "@osmId": "node/3842226432", "name": null, "opening_hours": null, "label": "Public libraries", "color": "#756bb1" }, "geometry": { "type": "Point", "coordinates": [ 39.2541481, -6.8337476 ] } },
{ "type": "Feature", "properties": { "index": "603", "@osmId": "node/9275336750", "name": "Kalova Sauganile", "opening_hours": null, "label": "Public libraries", "color": "#756bb1" }, "geometry": { "type": "Point", "coordinates": [ 39.2637042, -6.8232836 ] } },
{ "type": "Feature", "properties": { "index": "604", "@osmId": "node/1404335917", "name": null, "opening_hours": null, "label": "Public libraries", "color": "#756bb1" }, "geometry": { "type": "Point", "coordinates": [ 39.2456039, -6.7952311 ] } },
{ "type": "Feature", "properties": { "index": "605", "@osmId": "node/3455285502", "name": "My Roz Production", "opening_hours": null, "label": "Public libraries", "color": "#756bb1" }, "geometry": { "type": "Point", "coordinates": [ 39.2543765, -6.8005865 ] } },
{ "type": "Feature", "properties": { "index": "606", "@osmId": "node/3455347174", "name": "Ndonga Best", "opening_hours": null, "label": "Public libraries", "color": "#756bb1" }, "geometry": { "type": "Point", "coordinates": [ 39.2546803, -6.8005768 ] } },
{ "type": "Feature", "properties": { "index": "607", "@osmId": "node/3662978090", "name": "Ramadhani Brother", "opening_hours": null, "label": "Public libraries", "color": "#756bb1" }, "geometry": { "type": "Point", "coordinates": [ 39.2524217, -6.7913394 ] } },
{ "type": "Feature", "properties": { "index": "608", "@osmId": "node/3668489901", "name": null, "opening_hours": null, "label": "Public libraries", "color": "#756bb1" }, "geometry": { "type": "Point", "coordinates": [ 39.2436738, -6.8033382 ] } },
{ "type": "Feature", "properties": { "index": "609", "@osmId": "node/3668489902", "name": null, "opening_hours": null, "label": "Public libraries", "color": "#756bb1" }, "geometry": { "type": "Point", "coordinates": [ 39.2436371, -6.8034281 ] } },
{ "type": "Feature", "properties": { "index": "610", "@osmId": "node/3671594212", "name": "JJOM", "opening_hours": null, "label": "Public libraries", "color": "#756bb1" }, "geometry": { "type": "Point", "coordinates": [ 39.254176, -6.79278 ] } },
{ "type": "Feature", "properties": { "index": "611", "@osmId": "node/3671746411", "name": "Zahoro Library", "opening_hours": null, "label": "Public libraries", "color": "#756bb1" }, "geometry": { "type": "Point", "coordinates": [ 39.2523989, -6.7880333 ] } },
{ "type": "Feature", "properties": { "index": "612", "@osmId": "node/3702710531", "name": null, "opening_hours": null, "label": "Public libraries", "color": "#756bb1" }, "geometry": { "type": "Point", "coordinates": [ 39.2613236, -6.8083247 ] } },
{ "type": "Feature", "properties": { "index": "613", "@osmId": "node/3702713370", "name": "Mwambambale Library", "opening_hours": null, "label": "Public libraries", "color": "#756bb1" }, "geometry": { "type": "Point", "coordinates": [ 39.2533749, -6.788598 ] } },
{ "type": "Feature", "properties": { "index": "614", "@osmId": "node/3706212828", "name": "Jay Matelephone", "opening_hours": null, "label": "Public libraries", "color": "#756bb1" }, "geometry": { "type": "Point", "coordinates": [ 39.2664083, -6.7971054 ] } },
{ "type": "Feature", "properties": { "index": "615", "@osmId": "node/3706394367", "name": "Kirando Music Video", "opening_hours": null, "label": "Public libraries", "color": "#756bb1" }, "geometry": { "type": "Point", "coordinates": [ 39.2647602, -6.8018892 ] } },
{ "type": "Feature", "properties": { "index": "616", "@osmId": "node/3707757631", "name": "DJ Tall library", "opening_hours": null, "label": "Public libraries", "color": "#756bb1" }, "geometry": { "type": "Point", "coordinates": [ 39.2659961, -6.7983711 ] } },
{ "type": "Feature", "properties": { "index": "617", "@osmId": "node/3707823365", "name": null, "opening_hours": null, "label": "Public libraries", "color": "#756bb1" }, "geometry": { "type": "Point", "coordinates": [ 39.2687153, -6.7976611 ] } },
{ "type": "Feature", "properties": { "index": "618", "@osmId": "node/3713194338", "name": "Phone Accessories", "opening_hours": null, "label": "Public libraries", "color": "#756bb1" }, "geometry": { "type": "Point", "coordinates": [ 39.2645744, -6.7974023 ] } },
{ "type": "Feature", "properties": { "index": "619", "@osmId": "node/3713265674", "name": "Mosodoke Library", "opening_hours": null, "label": "Public libraries", "color": "#756bb1" }, "geometry": { "type": "Point", "coordinates": [ 39.2582083, -6.7998363 ] } },
{ "type": "Feature", "properties": { "index": "620", "@osmId": "node/3743819608", "name": "Photo Studio", "opening_hours": null, "label": "Public libraries", "color": "#756bb1" }, "geometry": { "type": "Point", "coordinates": [ 39.2553763, -6.8086218 ] } },
{ "type": "Feature", "properties": { "index": "621", "@osmId": "node/9267380450", "name": null, "opening_hours": "Mo-Fr 07:00-17:00", "label": "Public libraries", "color": "#756bb1" }, "geometry": { "type": "Point", "coordinates": [ 39.2768312, -6.8045478 ] } },
{ "type": "Feature", "properties": { "index": "622", "@osmId": "node/1400833911", "name": "Kirobo Video Library", "opening_hours": "Mo-Su 08:30-20:00", "label": "Public libraries", "color": "#756bb1" }, "geometry": { "type": "Point", "coordinates": [ 39.2376293, -6.796939 ] } },
{ "type": "Feature", "properties": { "index": "623", "@osmId": "node/1401926562", "name": null, "opening_hours": null, "label": "Public libraries", "color": "#756bb1" }, "geometry": { "type": "Point", "coordinates": [ 39.2430462, -6.7923854 ] } },
{ "type": "Feature", "properties": { "index": "624", "@osmId": "node/3661356361", "name": null, "opening_hours": null, "label": "Public libraries", "color": "#756bb1" }, "geometry": { "type": "Point", "coordinates": [ 39.236387, -6.8120093 ] } },
{ "type": "Feature", "properties": { "index": "625", "@osmId": "node/3662727974", "name": null, "opening_hours": null, "label": "Public libraries", "color": "#756bb1" }, "geometry": { "type": "Point", "coordinates": [ 39.2273661, -6.8085165 ] } },
{ "type": "Feature", "properties": { "index": "626", "@osmId": "node/3663353830", "name": null, "opening_hours": null, "label": "Public libraries", "color": "#756bb1" }, "geometry": { "type": "Point", "coordinates": [ 39.2415452, -6.8017178 ] } },
{ "type": "Feature", "properties": { "index": "627", "@osmId": "node/3671537997", "name": null, "opening_hours": null, "label": "Public libraries", "color": "#756bb1" }, "geometry": { "type": "Point", "coordinates": [ 39.2300209, -6.8105467 ] } },
{ "type": "Feature", "properties": { "index": "628", "@osmId": "node/3671590543", "name": "Poteza", "opening_hours": null, "label": "Public libraries", "color": "#756bb1" }, "geometry": { "type": "Point", "coordinates": [ 39.2298119, -6.808859 ] } },
{ "type": "Feature", "properties": { "index": "629", "@osmId": "node/3671590599", "name": null, "opening_hours": null, "label": "Public libraries", "color": "#756bb1" }, "geometry": { "type": "Point", "coordinates": [ 39.2299194, -6.8089597 ] } },
{ "type": "Feature", "properties": { "index": "630", "@osmId": "node/3673174454", "name": null, "opening_hours": null, "label": "Public libraries", "color": "#756bb1" }, "geometry": { "type": "Point", "coordinates": [ 39.2281728, -6.8081437 ] } },
{ "type": "Feature", "properties": { "index": "631", "@osmId": "node/3673174472", "name": null, "opening_hours": null, "label": "Public libraries", "color": "#756bb1" }, "geometry": { "type": "Point", "coordinates": [ 39.2277295, -6.8080769 ] } },
{ "type": "Feature", "properties": { "index": "632", "@osmId": "node/3702768945", "name": "Fail Media", "opening_hours": null, "label": "Public libraries", "color": "#756bb1" }, "geometry": { "type": "Point", "coordinates": [ 39.2403207, -6.8393529 ] } },
{ "type": "Feature", "properties": { "index": "633", "@osmId": "node/3702768980", "name": null, "opening_hours": null, "label": "Public libraries", "color": "#756bb1" }, "geometry": { "type": "Point", "coordinates": [ 39.2399813, -6.8395911 ] } },
{ "type": "Feature", "properties": { "index": "634", "@osmId": "node/3704476521", "name": null, "opening_hours": null, "label": "Public libraries", "color": "#756bb1" }, "geometry": { "type": "Point", "coordinates": [ 39.2387467, -6.8380294 ] } },
{ "type": "Feature", "properties": { "index": "635", "@osmId": "node/3707822214", "name": null, "opening_hours": null, "label": "Public libraries", "color": "#756bb1" }, "geometry": { "type": "Point", "coordinates": [ 39.2430741, -6.8342241 ] } },
{ "type": "Feature", "properties": { "index": "636", "@osmId": "node/3722624679", "name": "Salmin Music Shop", "opening_hours": null, "label": "Public libraries", "color": "#756bb1" }, "geometry": { "type": "Point", "coordinates": [ 39.2429764, -6.8386616 ] } },
{ "type": "Feature", "properties": { "index": "637", "@osmId": "node/3743801128", "name": null, "opening_hours": null, "label": "Public libraries", "color": "#756bb1" }, "geometry": { "type": "Point", "coordinates": [ 39.2305037, -6.8435596 ] } },
{ "type": "Feature", "properties": { "index": "638", "@osmId": "node/3743801149", "name": null, "opening_hours": null, "label": "Public libraries", "color": "#756bb1" }, "geometry": { "type": "Point", "coordinates": [ 39.229723, -6.8435793 ] } },
{ "type": "Feature", "properties": { "index": "639", "@osmId": "node/3743884500", "name": "Denis Clasic Library", "opening_hours": null, "label": "Public libraries", "color": "#756bb1" }, "geometry": { "type": "Point", "coordinates": [ 39.2421527, -6.8205423 ] } },
{ "type": "Feature", "properties": { "index": "640", "@osmId": "node/3743926612", "name": "Hans library", "opening_hours": null, "label": "Public libraries", "color": "#756bb1" }, "geometry": { "type": "Point", "coordinates": [ 39.2379794, -6.8427408 ] } },
{ "type": "Feature", "properties": { "index": "641", "@osmId": "node/3743986061", "name": "Mapesa Library", "opening_hours": null, "label": "Public libraries", "color": "#756bb1" }, "geometry": { "type": "Point", "coordinates": [ 39.2305188, -6.8446928 ] } },
{ "type": "Feature", "properties": { "index": "642", "@osmId": "node/3743994262", "name": null, "opening_hours": null, "label": "Public libraries", "color": "#756bb1" }, "geometry": { "type": "Point", "coordinates": [ 39.2341404, -6.8459297 ] } },
{ "type": "Feature", "properties": { "index": "643", "@osmId": "node/3744479893", "name": "Nyanga Library", "opening_hours": null, "label": "Public libraries", "color": "#756bb1" }, "geometry": { "type": "Point", "coordinates": [ 39.2287851, -6.8448791 ] } },
{ "type": "Feature", "properties": { "index": "644", "@osmId": "node/3745000953", "name": null, "opening_hours": null, "label": "Public libraries", "color": "#756bb1" }, "geometry": { "type": "Point", "coordinates": [ 39.2274588, -6.8460144 ] } },
{ "type": "Feature", "properties": { "index": "645", "@osmId": "node/3745163155", "name": null, "opening_hours": null, "label": "Public libraries", "color": "#756bb1" }, "geometry": { "type": "Point", "coordinates": [ 39.2351794, -6.7964656 ] } },
{ "type": "Feature", "properties": { "index": "646", "@osmId": "node/3745199031", "name": null, "opening_hours": null, "label": "Public libraries", "color": "#756bb1" }, "geometry": { "type": "Point", "coordinates": [ 39.2329855, -6.7885846 ] } },
{ "type": "Feature", "properties": { "index": "647", "@osmId": "node/3745216100", "name": null, "opening_hours": null, "label": "Public libraries", "color": "#756bb1" }, "geometry": { "type": "Point", "coordinates": [ 39.2333334, -6.7985689 ] } },
{ "type": "Feature", "properties": { "index": "648", "@osmId": "node/3745339401", "name": null, "opening_hours": null, "label": "Public libraries", "color": "#756bb1" }, "geometry": { "type": "Point", "coordinates": [ 39.2359923, -6.8199623 ] } },
{ "type": "Feature", "properties": { "index": "649", "@osmId": "node/3745364702", "name": "J4 Library", "opening_hours": null, "label": "Public libraries", "color": "#756bb1" }, "geometry": { "type": "Point", "coordinates": [ 39.2295405, -6.8456343 ] } },
{ "type": "Feature", "properties": { "index": "650", "@osmId": "node/3745384894", "name": null, "opening_hours": null, "label": "Public libraries", "color": "#756bb1" }, "geometry": { "type": "Point", "coordinates": [ 39.2289626, -6.8451117 ] } },
{ "type": "Feature", "properties": { "index": "651", "@osmId": "node/3747284664", "name": null, "opening_hours": null, "label": "Public libraries", "color": "#756bb1" }, "geometry": { "type": "Point", "coordinates": [ 39.2420739, -6.8191252 ] } },
{ "type": "Feature", "properties": { "index": "652", "@osmId": "node/3747521793", "name": null, "opening_hours": null, "label": "Public libraries", "color": "#756bb1" }, "geometry": { "type": "Point", "coordinates": [ 39.2326942, -6.844372 ] } },
{ "type": "Feature", "properties": { "index": "653", "@osmId": "node/3748213789", "name": "Dr. Love Library", "opening_hours": null, "label": "Public libraries", "color": "#756bb1" }, "geometry": { "type": "Point", "coordinates": [ 39.2406395, -6.8195537 ] } },
{ "type": "Feature", "properties": { "index": "654", "@osmId": "node/3752543019", "name": null, "opening_hours": null, "label": "Public libraries", "color": "#756bb1" }, "geometry": { "type": "Point", "coordinates": [ 39.2413764, -6.822305 ] } },
{ "type": "Feature", "properties": { "index": "655", "@osmId": "node/3752545179", "name": "Hans The Great Video", "opening_hours": null, "label": "Public libraries", "color": "#756bb1" }, "geometry": { "type": "Point", "coordinates": [ 39.2414126, -6.8215223 ] } },
{ "type": "Feature", "properties": { "index": "656", "@osmId": "node/3752718694", "name": null, "opening_hours": null, "label": "Public libraries", "color": "#756bb1" }, "geometry": { "type": "Point", "coordinates": [ 39.2354752, -6.7979436 ] } },
{ "type": "Feature", "properties": { "index": "657", "@osmId": "node/3754139746", "name": null, "opening_hours": null, "label": "Public libraries", "color": "#756bb1" }, "geometry": { "type": "Point", "coordinates": [ 39.2263302, -6.8415331 ] } },
{ "type": "Feature", "properties": { "index": "658", "@osmId": "node/3755614039", "name": null, "opening_hours": null, "label": "Public libraries", "color": "#756bb1" }, "geometry": { "type": "Point", "coordinates": [ 39.2289525, -6.8427739 ] } },
{ "type": "Feature", "properties": { "index": "659", "@osmId": "node/3755663484", "name": null, "opening_hours": null, "label": "Public libraries", "color": "#756bb1" }, "geometry": { "type": "Point", "coordinates": [ 39.2314315, -6.8350598 ] } },
{ "type": "Feature", "properties": { "index": "660", "@osmId": "node/3755663510", "name": null, "opening_hours": null, "label": "Public libraries", "color": "#756bb1" }, "geometry": { "type": "Point", "coordinates": [ 39.2290406, -6.835684 ] } },
{ "type": "Feature", "properties": { "index": "661", "@osmId": "node/3755669756", "name": null, "opening_hours": null, "label": "Public libraries", "color": "#756bb1" }, "geometry": { "type": "Point", "coordinates": [ 39.2241351, -6.8462882 ] } },
{ "type": "Feature", "properties": { "index": "662", "@osmId": "node/3757611258", "name": null, "opening_hours": null, "label": "Public libraries", "color": "#756bb1" }, "geometry": { "type": "Point", "coordinates": [ 39.2243555, -6.8446315 ] } },
{ "type": "Feature", "properties": { "index": "663", "@osmId": "node/3758570648", "name": "Mzazi Bullah Library", "opening_hours": null, "label": "Public libraries", "color": "#756bb1" }, "geometry": { "type": "Point", "coordinates": [ 39.2296433, -6.8416373 ] } },
{ "type": "Feature", "properties": { "index": "664", "@osmId": "node/3758570666", "name": null, "opening_hours": null, "label": "Public libraries", "color": "#756bb1" }, "geometry": { "type": "Point", "coordinates": [ 39.2295397, -6.8415796 ] } },
{ "type": "Feature", "properties": { "index": "665", "@osmId": "node/3758666293", "name": null, "opening_hours": null, "label": "Public libraries", "color": "#756bb1" }, "geometry": { "type": "Point", "coordinates": [ 39.2311172, -6.8046016 ] } },
{ "type": "Feature", "properties": { "index": "666", "@osmId": "node/3794031714", "name": "Mkenya Video Library", "opening_hours": null, "label": "Public libraries", "color": "#756bb1" }, "geometry": { "type": "Point", "coordinates": [ 39.2216456, -6.8391932 ] } },
{ "type": "Feature", "properties": { "index": "667", "@osmId": "node/3794126478", "name": "Momba Video Library", "opening_hours": null, "label": "Public libraries", "color": "#756bb1" }, "geometry": { "type": "Point", "coordinates": [ 39.222158, -6.8384116 ] } },
{ "type": "Feature", "properties": { "index": "668", "@osmId": "node/4586714656", "name": "Suma Library", "opening_hours": null, "label": "Public libraries", "color": "#756bb1" }, "geometry": { "type": "Point", "coordinates": [ 39.2397725, -6.8426951 ] } },
{ "type": "Feature", "properties": { "index": "669", "@osmId": "node/5100232425", "name": null, "opening_hours": null, "label": "Public libraries", "color": "#756bb1" }, "geometry": { "type": "Point", "coordinates": [ 39.2298965, -6.7972196 ] } },
{ "type": "Feature", "properties": { "index": "670", "@osmId": "node/6406707899", "name": "Udzungwa Library", "opening_hours": null, "label": "Public libraries", "color": "#756bb1" }, "geometry": { "type": "Point", "coordinates": [ 39.2302251, -6.7826442 ] } },
{ "type": "Feature", "properties": { "index": "671", "@osmId": "node/9275336415", "name": null, "opening_hours": null, "label": "Public libraries", "color": "#756bb1" }, "geometry": { "type": "Point", "coordinates": [ 39.2405959, -6.818234 ] } },
{ "type": "Feature", "properties": { "index": "672", "@osmId": "way/151730109", "name": "National Museum of Tanzania", "opening_hours": null, "label": "Museums & galleries", "color": "#dd3497" }, "geometry": { "type": "Point", "coordinates": [ 39.2940349, -6.813506 ] } },
{ "type": "Feature", "properties": { "index": "673", "@osmId": "way/400056754", "name": "King George V Memorial Museum", "opening_hours": null, "label": "Museums & galleries", "color": "#dd3497" }, "geometry": { "type": "Point", "coordinates": [ 39.2945518, -6.8132059 ] } },
{ "type": "Feature", "properties": { "index": "674", "@osmId": "way/451985626", "name": "National Museum of Tanzania", "opening_hours": null, "label": "Museums & galleries", "color": "#dd3497" }, "geometry": { "type": "Point", "coordinates": [ 39.2947971, -6.8135817 ] } },
{ "type": "Feature", "properties": { "index": "675", "@osmId": "way/626201289", "name": "Hope out of sorrow", "opening_hours": null, "label": "Museums & galleries", "color": "#dd3497" }, "geometry": { "type": "Point", "coordinates": [ 39.2944424, -6.8134784 ] } },
{ "type": "Feature", "properties": { "index": "676", "@osmId": "way/626211087", "name": "Presidents Cars", "opening_hours": null, "label": "Museums & galleries", "color": "#dd3497" }, "geometry": { "type": "Point", "coordinates": [ 39.2940868, -6.8134319 ] } },
{ "type": "Feature", "properties": { "index": "677", "@osmId": "way/624408706", "name": null, "opening_hours": null, "label": "Museums & galleries", "color": "#dd3497" }, "geometry": { "type": "Point", "coordinates": [ 39.2261893, -6.8344732 ] } },
{ "type": "Feature", "properties": { "index": "678", "@osmId": "node/6406317852", "name": "Mwalimu Nyerere Museum", "opening_hours": null, "label": "Museums & galleries", "color": "#dd3497" }, "geometry": { "type": "Point", "coordinates": [ 39.2536069, -6.8072215 ] } },
{ "type": "Feature", "properties": { "index": "679", "@osmId": "node/10074554017", "name": "Old Boma Museum", "opening_hours": null, "label": "Museums & galleries", "color": "#dd3497" }, "geometry": { "type": "Point", "coordinates": [ 39.2872142, -6.8204917 ] } },
{ "type": "Feature", "properties": { "index": "680", "@osmId": "way/337074268", "name": "Dar Free Market", "opening_hours": null, "label": "Shopping centres", "color": "#636363" }, "geometry": { "type": "Point", "coordinates": [ 39.2774487, -6.7847839 ] } },
{ "type": "Feature", "properties": { "index": "681", "@osmId": "way/681310092", "name": "GSM Pugu Mall", "opening_hours": null, "label": "Shopping centres", "color": "#636363" }, "geometry": { "type": "Point", "coordinates": [ 39.257156, -6.8392213 ] } },
{ "type": "Feature", "properties": { "index": "682", "@osmId": "node/921642079", "name": "Haidery Plaza", "opening_hours": null, "label": "Shopping centres", "color": "#636363" }, "geometry": { "type": "Point", "coordinates": [ 39.2865221, -6.8146845 ] } },
{ "type": "Feature", "properties": { "index": "683", "@osmId": "node/3605077336", "name": "Oryx Gas", "opening_hours": null, "label": "Shopping centres", "color": "#636363" }, "geometry": { "type": "Point", "coordinates": [ 39.270835, -6.8216844 ] } },
{ "type": "Feature", "properties": { "index": "684", "@osmId": "node/11491469441", "name": "Victoria Complex", "opening_hours": null, "label": "Shopping centres", "color": "#636363" }, "geometry": { "type": "Point", "coordinates": [ 39.2572463, -6.8377339 ] } },
{ "type": "Feature", "properties": { "index": "685", "@osmId": "node/13468136356", "name": "GSM Plaza", "opening_hours": null, "label": "Shopping centres", "color": "#636363" }, "geometry": { "type": "Point", "coordinates": [ 39.2741357, -6.8295888 ] } },
{ "type": "Feature", "properties": { "index": "686", "@osmId": "node/3745140732", "name": null, "opening_hours": null, "label": "Shopping centres", "color": "#636363" }, "geometry": { "type": "Point", "coordinates": [ 39.2354355, -6.7909916 ] } },
{ "type": "Feature", "properties": { "index": "687", "@osmId": "way/367577850", "name": null, "opening_hours": null, "label": "Fountains & water features", "color": "#41b6c4" }, "geometry": { "type": "Point", "coordinates": [ 39.2695697, -6.7969479 ] } },
{ "type": "Feature", "properties": { "index": "688", "@osmId": "way/338010299", "name": "Kenyatta Grounds", "opening_hours": null, "label": "Parks & green spaces", "color": "#31a354" }, "geometry": { "type": "Point", "coordinates": [ 39.2846027, -6.7814518 ] } },
{ "type": "Feature", "properties": { "index": "689", "@osmId": "way/360823149", "name": "Leaders Club", "opening_hours": null, "label": "Parks & green spaces", "color": "#31a354" }, "geometry": { "type": "Point", "coordinates": [ 39.2756984, -6.7862919 ] } },
{ "type": "Feature", "properties": { "index": "690", "@osmId": "way/362581059", "name": null, "opening_hours": null, "label": "Parks & green spaces", "color": "#31a354" }, "geometry": { "type": "Point", "coordinates": [ 39.2802389, -6.8355629 ] } },
{ "type": "Feature", "properties": { "index": "691", "@osmId": "way/1239876302", "name": "tpc parking", "opening_hours": "Mo-Fr 08:00-17:00", "label": "Parks & green spaces", "color": "#31a354" }, "geometry": { "type": "Point", "coordinates": [ 39.2735503, -6.849578 ] } },
{ "type": "Feature", "properties": { "index": "692", "@osmId": "way/363440342", "name": null, "opening_hours": null, "label": "Parks & green spaces", "color": "#31a354" }, "geometry": { "type": "Point", "coordinates": [ 39.2502081, -6.7874408 ] } },
{ "type": "Feature", "properties": { "index": "693", "@osmId": "way/364304516", "name": null, "opening_hours": null, "label": "Parks & green spaces", "color": "#31a354" }, "geometry": { "type": "Point", "coordinates": [ 39.263835, -6.7869866 ] } },
{ "type": "Feature", "properties": { "index": "694", "@osmId": "way/1204034404", "name": "Green Space P1", "opening_hours": null, "label": "Parks & green spaces", "color": "#31a354" }, "geometry": { "type": "Point", "coordinates": [ 39.2588494, -6.7872587 ] } },
{ "type": "Feature", "properties": { "index": "695", "@osmId": "way/1204034405", "name": null, "opening_hours": null, "label": "Parks & green spaces", "color": "#31a354" }, "geometry": { "type": "Point", "coordinates": [ 39.2584452, -6.7878004 ] } },
{ "type": "Feature", "properties": { "index": "696", "@osmId": "way/1204034406", "name": null, "opening_hours": null, "label": "Parks & green spaces", "color": "#31a354" }, "geometry": { "type": "Point", "coordinates": [ 39.2585036, -6.7872727 ] } },
{ "type": "Feature", "properties": { "index": "697", "@osmId": "way/151205893", "name": "ex Botanical Garden", "opening_hours": null, "label": "Parks & green spaces", "color": "#31a354" }, "geometry": { "type": "Point", "coordinates": [ 39.2941759, -6.8120462 ] } },
{ "type": "Feature", "properties": { "index": "698", "@osmId": "way/368997802", "name": "Posta ya Zamani Park", "opening_hours": null, "label": "Parks & green spaces", "color": "#31a354" }, "geometry": { "type": "Point", "coordinates": [ 39.2901128, -6.8182081 ] } },
{ "type": "Feature", "properties": { "index": "699", "@osmId": "way/45769952", "name": null, "opening_hours": null, "label": "Parks & green spaces", "color": "#31a354" }, "geometry": { "type": "Point", "coordinates": [ 39.2795717, -6.8182115 ] } },
{ "type": "Feature", "properties": { "index": "700", "@osmId": "way/151743234", "name": null, "opening_hours": null, "label": "Parks & green spaces", "color": "#31a354" }, "geometry": { "type": "Point", "coordinates": [ 39.2847451, -6.8205313 ] } },
{ "type": "Feature", "properties": { "index": "701", "@osmId": "way/354528686", "name": null, "opening_hours": null, "label": "Parks & green spaces", "color": "#31a354" }, "geometry": { "type": "Point", "coordinates": [ 39.270566, -6.8220025 ] } },
{ "type": "Feature", "properties": { "index": "702", "@osmId": "way/362586278", "name": null, "opening_hours": null, "label": "Parks & green spaces", "color": "#31a354" }, "geometry": { "type": "Point", "coordinates": [ 39.277829, -6.8330028 ] } },
{ "type": "Feature", "properties": { "index": "703", "@osmId": "way/371218613", "name": null, "opening_hours": null, "label": "Parks & green spaces", "color": "#31a354" }, "geometry": { "type": "Point", "coordinates": [ 39.2738181, -6.8164462 ] } },
{ "type": "Feature", "properties": { "index": "704", "@osmId": "way/382852358", "name": "Regency Hospital Car Parking", "opening_hours": null, "label": "Parks & green spaces", "color": "#31a354" }, "geometry": { "type": "Point", "coordinates": [ 39.2788276, -6.8133525 ] } },
{ "type": "Feature", "properties": { "index": "705", "@osmId": "way/769691975", "name": null, "opening_hours": null, "label": "Parks & green spaces", "color": "#31a354" }, "geometry": { "type": "Point", "coordinates": [ 39.2808252, -6.8226509 ] } },
{ "type": "Feature", "properties": { "index": "706", "@osmId": "way/769691976", "name": null, "opening_hours": null, "label": "Parks & green spaces", "color": "#31a354" }, "geometry": { "type": "Point", "coordinates": [ 39.2805876, -6.8222858 ] } },
{ "type": "Feature", "properties": { "index": "707", "@osmId": "way/769691977", "name": null, "opening_hours": null, "label": "Parks & green spaces", "color": "#31a354" }, "geometry": { "type": "Point", "coordinates": [ 39.2808133, -6.8224327 ] } },
{ "type": "Feature", "properties": { "index": "708", "@osmId": "way/1271578104", "name": null, "opening_hours": null, "label": "Parks & green spaces", "color": "#31a354" }, "geometry": { "type": "Point", "coordinates": [ 39.28336, -6.824665 ] } },
{ "type": "Feature", "properties": { "index": "709", "@osmId": "way/1004407276", "name": null, "opening_hours": null, "label": "Parks & green spaces", "color": "#31a354" }, "geometry": { "type": "Point", "coordinates": [ 39.2771163, -6.809639 ] } },
{ "type": "Feature", "properties": { "index": "710", "@osmId": "way/361881832", "name": null, "opening_hours": null, "label": "Parks & green spaces", "color": "#31a354" }, "geometry": { "type": "Point", "coordinates": [ 39.2440877, -6.8134874 ] } },
{ "type": "Feature", "properties": { "index": "711", "@osmId": "way/1208022516", "name": null, "opening_hours": null, "label": "Parks & green spaces", "color": "#31a354" }, "geometry": { "type": "Point", "coordinates": [ 39.2298617, -6.8476558 ] } },
{ "type": "Feature", "properties": { "index": "712", "@osmId": "way/1208023447", "name": null, "opening_hours": null, "label": "Parks & green spaces", "color": "#31a354" }, "geometry": { "type": "Point", "coordinates": [ 39.2388824, -6.8440433 ] } },
{ "type": "Feature", "properties": { "index": "713", "@osmId": "way/1211663419", "name": null, "opening_hours": null, "label": "Parks & green spaces", "color": "#31a354" }, "geometry": { "type": "Point", "coordinates": [ 39.2309018, -6.847711 ] } },
{ "type": "Feature", "properties": { "index": "714", "@osmId": "way/361331918", "name": null, "opening_hours": null, "label": "Parks & green spaces", "color": "#31a354" }, "geometry": { "type": "Point", "coordinates": [ 39.2266283, -6.8199914 ] } },
{ "type": "Feature", "properties": { "index": "715", "@osmId": "way/362585114", "name": null, "opening_hours": null, "label": "Parks & green spaces", "color": "#31a354" }, "geometry": { "type": "Point", "coordinates": [ 39.2398613, -6.8116988 ] } },
{ "type": "Feature", "properties": { "index": "716", "@osmId": "way/375909608", "name": null, "opening_hours": null, "label": "Parks & green spaces", "color": "#31a354" }, "geometry": { "type": "Point", "coordinates": [ 39.2286884, -6.8323663 ] } },
{ "type": "Feature", "properties": { "index": "717", "@osmId": "way/375910968", "name": null, "opening_hours": null, "label": "Parks & green spaces", "color": "#31a354" }, "geometry": { "type": "Point", "coordinates": [ 39.2297616, -6.8328666 ] } },
{ "type": "Feature", "properties": { "index": "718", "@osmId": "way/375916036", "name": null, "opening_hours": null, "label": "Parks & green spaces", "color": "#31a354" }, "geometry": { "type": "Point", "coordinates": [ 39.2299422, -6.8330193 ] } },
{ "type": "Feature", "properties": { "index": "719", "@osmId": "way/360697486", "name": null, "opening_hours": null, "label": "Parks & green spaces", "color": "#31a354" }, "geometry": { "type": "Point", "coordinates": [ 39.2440502, -6.8044534 ] } },
{ "type": "Feature", "properties": { "index": "720", "@osmId": "way/360697490", "name": null, "opening_hours": null, "label": "Parks & green spaces", "color": "#31a354" }, "geometry": { "type": "Point", "coordinates": [ 39.2440214, -6.8045341 ] } },
{ "type": "Feature", "properties": { "index": "721", "@osmId": "way/360860103", "name": null, "opening_hours": null, "label": "Parks & green spaces", "color": "#31a354" }, "geometry": { "type": "Point", "coordinates": [ 39.2449275, -6.8043005 ] } },
{ "type": "Feature", "properties": { "index": "722", "@osmId": "way/362581672", "name": null, "opening_hours": null, "label": "Parks & green spaces", "color": "#31a354" }, "geometry": { "type": "Point", "coordinates": [ 39.2488778, -6.8053117 ] } },
{ "type": "Feature", "properties": { "index": "723", "@osmId": "way/362581673", "name": null, "opening_hours": null, "label": "Parks & green spaces", "color": "#31a354" }, "geometry": { "type": "Point", "coordinates": [ 39.2489246, -6.805172 ] } },
{ "type": "Feature", "properties": { "index": "724", "@osmId": "way/363070711", "name": null, "opening_hours": null, "label": "Parks & green spaces", "color": "#31a354" }, "geometry": { "type": "Point", "coordinates": [ 39.2447116, -6.8041671 ] } },
{ "type": "Feature", "properties": { "index": "725", "@osmId": "way/363070750", "name": null, "opening_hours": null, "label": "Parks & green spaces", "color": "#31a354" }, "geometry": { "type": "Point", "coordinates": [ 39.2441983, -6.8030164 ] } },
{ "type": "Feature", "properties": { "index": "726", "@osmId": "way/364103020", "name": null, "opening_hours": null, "label": "Parks & green spaces", "color": "#31a354" }, "geometry": { "type": "Point", "coordinates": [ 39.2643665, -6.7895295 ] } },
{ "type": "Feature", "properties": { "index": "727", "@osmId": "way/366858124", "name": null, "opening_hours": null, "label": "Parks & green spaces", "color": "#31a354" }, "geometry": { "type": "Point", "coordinates": [ 39.2586543, -6.8037641 ] } },
{ "type": "Feature", "properties": { "index": "728", "@osmId": "way/371868094", "name": "Msanga Parking", "opening_hours": null, "label": "Parks & green spaces", "color": "#31a354" }, "geometry": { "type": "Point", "coordinates": [ 39.2545224, -6.8104473 ] } },
{ "type": "Feature", "properties": { "index": "729", "@osmId": "way/371877842", "name": null, "opening_hours": null, "label": "Parks & green spaces", "color": "#31a354" }, "geometry": { "type": "Point", "coordinates": [ 39.2523476, -6.808751 ] } },
{ "type": "Feature", "properties": { "index": "730", "@osmId": "way/372021924", "name": null, "opening_hours": null, "label": "Parks & green spaces", "color": "#31a354" }, "geometry": { "type": "Point", "coordinates": [ 39.2502723, -6.8076987 ] } },
{ "type": "Feature", "properties": { "index": "731", "@osmId": "way/692069206", "name": "tonoake", "opening_hours": null, "label": "Parks & green spaces", "color": "#31a354" }, "geometry": { "type": "Point", "coordinates": [ 39.2648381, -6.7927655 ] } },
{ "type": "Feature", "properties": { "index": "732", "@osmId": "way/1004407279", "name": null, "opening_hours": null, "label": "Parks & green spaces", "color": "#31a354" }, "geometry": { "type": "Point", "coordinates": [ 39.2518079, -6.8056854 ] } },
{ "type": "Feature", "properties": { "index": "733", "@osmId": "way/1004407280", "name": null, "opening_hours": null, "label": "Parks & green spaces", "color": "#31a354" }, "geometry": { "type": "Point", "coordinates": [ 39.2518351, -6.8062881 ] } },
{ "type": "Feature", "properties": { "index": "734", "@osmId": "way/1004407281", "name": null, "opening_hours": null, "label": "Parks & green spaces", "color": "#31a354" }, "geometry": { "type": "Point", "coordinates": [ 39.2515909, -6.8062108 ] } },
{ "type": "Feature", "properties": { "index": "735", "@osmId": "way/1004407282", "name": null, "opening_hours": null, "label": "Parks & green spaces", "color": "#31a354" }, "geometry": { "type": "Point", "coordinates": [ 39.2510857, -6.8054176 ] } },
{ "type": "Feature", "properties": { "index": "736", "@osmId": "node/12237610536", "name": "t", "opening_hours": null, "label": "Parks & green spaces", "color": "#31a354" }, "geometry": { "type": "Point", "coordinates": [ 39.2798996, -6.7802584 ] } },
{ "type": "Feature", "properties": { "index": "737", "@osmId": "way/360765398", "name": null, "opening_hours": null, "label": "Parks & green spaces", "color": "#31a354" }, "geometry": { "type": "Point", "coordinates": [ 39.2266837, -6.8007116 ] } },
{ "type": "Feature", "properties": { "index": "738", "@osmId": "way/363070710", "name": null, "opening_hours": null, "label": "Parks & green spaces", "color": "#31a354" }, "geometry": { "type": "Point", "coordinates": [ 39.2424532, -6.8037799 ] } },
{ "type": "Feature", "properties": { "index": "739", "@osmId": "way/372684230", "name": null, "opening_hours": null, "label": "Parks & green spaces", "color": "#31a354" }, "geometry": { "type": "Point", "coordinates": [ 39.2280435, -6.7999375 ] } },
{ "type": "Feature", "properties": { "index": "740", "@osmId": "way/364509092", "name": "Malapa Cemetery", "opening_hours": null, "label": "Cemeteries", "color": "#78c679" }, "geometry": { "type": "Point", "coordinates": [ 39.2499742, -6.8355797 ] } },
{ "type": "Feature", "properties": { "index": "741", "@osmId": "way/364597611", "name": "Kwa Minja Cemetery", "opening_hours": null, "label": "Cemeteries", "color": "#78c679" }, "geometry": { "type": "Point", "coordinates": [ 39.2477845, -6.8381809 ] } },
{ "type": "Feature", "properties": { "index": "742", "@osmId": "way/364597612", "name": "Kisentano Cemetery", "opening_hours": null, "label": "Cemeteries", "color": "#78c679" }, "geometry": { "type": "Point", "coordinates": [ 39.2488104, -6.8383665 ] } },
{ "type": "Feature", "properties": { "index": "743", "@osmId": "way/366799260", "name": "Buyuni Cemetary", "opening_hours": null, "label": "Cemeteries", "color": "#78c679" }, "geometry": { "type": "Point", "coordinates": [ 39.2468678, -6.8375948 ] } },
{ "type": "Feature", "properties": { "index": "744", "@osmId": "way/405148113", "name": "Makaburi ya Chang'ombe", "opening_hours": null, "label": "Cemeteries", "color": "#78c679" }, "geometry": { "type": "Point", "coordinates": [ 39.2638113, -6.8442991 ] } },
{ "type": "Feature", "properties": { "index": "745", "@osmId": "way/405148114", "name": null, "opening_hours": null, "label": "Cemeteries", "color": "#78c679" }, "geometry": { "type": "Point", "coordinates": [ 39.2652124, -6.8451904 ] } },
{ "type": "Feature", "properties": { "index": "746", "@osmId": "way/405148115", "name": null, "opening_hours": null, "label": "Cemeteries", "color": "#78c679" }, "geometry": { "type": "Point", "coordinates": [ 39.2617803, -6.8463341 ] } },
{ "type": "Feature", "properties": { "index": "747", "@osmId": "way/25235739", "name": "Dar es Salaam (Upanga Road) Cemetery", "opening_hours": null, "label": "Cemeteries", "color": "#78c679" }, "geometry": { "type": "Point", "coordinates": [ 39.2869195, -6.8075685 ] } },
{ "type": "Feature", "properties": { "index": "748", "@osmId": "way/25235743", "name": "Kisutu Cemetery", "opening_hours": null, "label": "Cemeteries", "color": "#78c679" }, "geometry": { "type": "Point", "coordinates": [ 39.2812948, -6.8123132 ] } },
{ "type": "Feature", "properties": { "index": "749", "@osmId": "way/366275436", "name": "Kimbengele Cemetery", "opening_hours": null, "label": "Cemeteries", "color": "#78c679" }, "geometry": { "type": "Point", "coordinates": [ 39.2431737, -6.8399637 ] } },
{ "type": "Feature", "properties": { "index": "750", "@osmId": "way/371860595", "name": "Mwinyimkuu Cemetery", "opening_hours": null, "label": "Cemeteries", "color": "#78c679" }, "geometry": { "type": "Point", "coordinates": [ 39.2612577, -6.8123392 ] } },
{ "type": "Feature", "properties": { "index": "751", "@osmId": "way/167176253", "name": "Mikoroshini Cemetery", "opening_hours": null, "label": "Cemeteries", "color": "#78c679" }, "geometry": { "type": "Point", "coordinates": [ 39.2797961, -6.8407703 ] } },
{ "type": "Feature", "properties": { "index": "752", "@osmId": "way/167176254", "name": "Muslim's cemetry", "opening_hours": null, "label": "Cemeteries", "color": "#78c679" }, "geometry": { "type": "Point", "coordinates": [ 39.2834484, -6.8404681 ] } },
{ "type": "Feature", "properties": { "index": "753", "@osmId": "way/167176255", "name": "Muslim's cemetry", "opening_hours": null, "label": "Cemeteries", "color": "#78c679" }, "geometry": { "type": "Point", "coordinates": [ 39.2829458, -6.8403989 ] } },
{ "type": "Feature", "properties": { "index": "754", "@osmId": "way/362749268", "name": null, "opening_hours": null, "label": "Cemeteries", "color": "#78c679" }, "geometry": { "type": "Point", "coordinates": [ 39.2770989, -6.8367037 ] } },
{ "type": "Feature", "properties": { "index": "755", "@osmId": "way/362942167", "name": null, "opening_hours": null, "label": "Cemeteries", "color": "#78c679" }, "geometry": { "type": "Point", "coordinates": [ 39.2787582, -6.8385457 ] } },
{ "type": "Feature", "properties": { "index": "756", "@osmId": "way/204373434", "name": "Makaburini Kwa Kopa", "opening_hours": null, "label": "Cemeteries", "color": "#78c679" }, "geometry": { "type": "Point", "coordinates": [ 39.2528885, -6.7838594 ] } },
{ "type": "Feature", "properties": { "index": "757", "@osmId": "way/668260028", "name": null, "opening_hours": null, "label": "Cemeteries", "color": "#78c679" }, "geometry": { "type": "Point", "coordinates": [ 39.2456315, -6.7844932 ] } },
{ "type": "Feature", "properties": { "index": "758", "@osmId": "way/683101782", "name": null, "opening_hours": null, "label": "Cemeteries", "color": "#78c679" }, "geometry": { "type": "Point", "coordinates": [ 39.2439842, -6.7862759 ] } },
{ "type": "Feature", "properties": { "index": "759", "@osmId": "way/683101783", "name": "Binti Rashid Cemetery", "opening_hours": null, "label": "Cemeteries", "color": "#78c679" }, "geometry": { "type": "Point", "coordinates": [ 39.2445091, -6.7888231 ] } },
{ "type": "Feature", "properties": { "index": "760", "@osmId": "way/369649149", "name": null, "opening_hours": null, "label": "Cemeteries", "color": "#78c679" }, "geometry": { "type": "Point", "coordinates": [ 39.2837005, -6.8136264 ] } },
{ "type": "Feature", "properties": { "index": "761", "@osmId": "way/369658381", "name": "Mabohora Cemetery", "opening_hours": null, "label": "Cemeteries", "color": "#78c679" }, "geometry": { "type": "Point", "coordinates": [ 39.2828709, -6.8118457 ] } },
{ "type": "Feature", "properties": { "index": "762", "@osmId": "way/180612070", "name": "Kinondoni Cemetery II", "opening_hours": null, "label": "Cemeteries", "color": "#78c679" }, "geometry": { "type": "Point", "coordinates": [ 39.2667517, -6.788526 ] } },
{ "type": "Feature", "properties": { "index": "763", "@osmId": "way/382980803", "name": "Tambaza Cemetery", "opening_hours": null, "label": "Cemeteries", "color": "#78c679" }, "geometry": { "type": "Point", "coordinates": [ 39.2766614, -6.8049359 ] } },
{ "type": "Feature", "properties": { "index": "764", "@osmId": "way/1005222460", "name": "Kinondoni Mwembejini", "opening_hours": null, "label": "Cemeteries", "color": "#78c679" }, "geometry": { "type": "Point", "coordinates": [ 39.272598, -6.7914043 ] } },
{ "type": "Feature", "properties": { "index": "765", "@osmId": "way/204370139", "name": "Sinza Cemetery", "opening_hours": null, "label": "Cemeteries", "color": "#78c679" }, "geometry": { "type": "Point", "coordinates": [ 39.2232899, -6.7802775 ] } },
{ "type": "Feature", "properties": { "index": "766", "@osmId": "way/364490690", "name": null, "opening_hours": null, "label": "Cemeteries", "color": "#78c679" }, "geometry": { "type": "Point", "coordinates": [ 39.2413282, -6.8376395 ] } },
{ "type": "Feature", "properties": { "index": "767", "@osmId": "way/364504561", "name": null, "opening_hours": null, "label": "Cemeteries", "color": "#78c679" }, "geometry": { "type": "Point", "coordinates": [ 39.2396812, -6.8356829 ] } },
{ "type": "Feature", "properties": { "index": "768", "@osmId": "way/371865046", "name": null, "opening_hours": null, "label": "Cemeteries", "color": "#78c679" }, "geometry": { "type": "Point", "coordinates": [ 39.2293083, -6.8419437 ] } },
{ "type": "Feature", "properties": { "index": "769", "@osmId": "way/372002952", "name": null, "opening_hours": null, "label": "Cemeteries", "color": "#78c679" }, "geometry": { "type": "Point", "coordinates": [ 39.2274346, -6.8409494 ] } },
{ "type": "Feature", "properties": { "index": "770", "@osmId": "way/360845212", "name": null, "opening_hours": null, "label": "Cemeteries", "color": "#78c679" }, "geometry": { "type": "Point", "coordinates": [ 39.2360735, -6.8148982 ] } },
{ "type": "Feature", "properties": { "index": "771", "@osmId": "way/366640795", "name": null, "opening_hours": null, "label": "Cemeteries", "color": "#78c679" }, "geometry": { "type": "Point", "coordinates": [ 39.240795, -6.8302794 ] } },
{ "type": "Feature", "properties": { "index": "772", "@osmId": "way/366785706", "name": null, "opening_hours": null, "label": "Cemeteries", "color": "#78c679" }, "geometry": { "type": "Point", "coordinates": [ 39.2405507, -6.8309302 ] } },
{ "type": "Feature", "properties": { "index": "773", "@osmId": "way/376230962", "name": "Tabata Dampo Cemetery", "opening_hours": null, "label": "Cemeteries", "color": "#78c679" }, "geometry": { "type": "Point", "coordinates": [ 39.2363907, -6.8240911 ] } },
{ "type": "Feature", "properties": { "index": "774", "@osmId": "way/354265192", "name": "Kwa Abed cemetery", "opening_hours": null, "label": "Cemeteries", "color": "#78c679" }, "geometry": { "type": "Point", "coordinates": [ 39.2633645, -6.8221745 ] } },
{ "type": "Feature", "properties": { "index": "775", "@osmId": "way/364291880", "name": null, "opening_hours": null, "label": "Cemeteries", "color": "#78c679" }, "geometry": { "type": "Point", "coordinates": [ 39.2507708, -6.8179414 ] } },
{ "type": "Feature", "properties": { "index": "776", "@osmId": "way/367419793", "name": null, "opening_hours": null, "label": "Cemeteries", "color": "#78c679" }, "geometry": { "type": "Point", "coordinates": [ 39.2484136, -6.8310162 ] } },
{ "type": "Feature", "properties": { "index": "777", "@osmId": "way/370868462", "name": null, "opening_hours": null, "label": "Cemeteries", "color": "#78c679" }, "geometry": { "type": "Point", "coordinates": [ 39.2512121, -6.8155196 ] } },
{ "type": "Feature", "properties": { "index": "778", "@osmId": "way/382452287", "name": null, "opening_hours": null, "label": "Cemeteries", "color": "#78c679" }, "geometry": { "type": "Point", "coordinates": [ 39.2555792, -6.8229739 ] } },
{ "type": "Feature", "properties": { "index": "779", "@osmId": "way/382830702", "name": "Makaburi ya Waislam Msafa Ilala", "opening_hours": null, "label": "Cemeteries", "color": "#78c679" }, "geometry": { "type": "Point", "coordinates": [ 39.2657772, -6.8274043 ] } },
{ "type": "Feature", "properties": { "index": "780", "@osmId": "node/10758865865", "name": null, "opening_hours": null, "label": "Cemeteries", "color": "#78c679" }, "geometry": { "type": "Point", "coordinates": [ 39.256294, -6.8011843 ] } },
{ "type": "Feature", "properties": { "index": "781", "@osmId": "way/126758733", "name": null, "opening_hours": null, "label": "Cemeteries", "color": "#78c679" }, "geometry": { "type": "Point", "coordinates": [ 39.246293, -6.7929245 ] } },
{ "type": "Feature", "properties": { "index": "782", "@osmId": "way/360535663", "name": null, "opening_hours": null, "label": "Cemeteries", "color": "#78c679" }, "geometry": { "type": "Point", "coordinates": [ 39.2527871, -6.7898221 ] } },
{ "type": "Feature", "properties": { "index": "783", "@osmId": "way/361875147", "name": null, "opening_hours": null, "label": "Cemeteries", "color": "#78c679" }, "geometry": { "type": "Point", "coordinates": [ 39.2486299, -6.790513 ] } },
{ "type": "Feature", "properties": { "index": "784", "@osmId": "way/363017036", "name": null, "opening_hours": null, "label": "Cemeteries", "color": "#78c679" }, "geometry": { "type": "Point", "coordinates": [ 39.2569105, -6.7933808 ] } },
{ "type": "Feature", "properties": { "index": "785", "@osmId": "way/363097083", "name": "Kimamba Cemetery", "opening_hours": null, "label": "Cemeteries", "color": "#78c679" }, "geometry": { "type": "Point", "coordinates": [ 39.246708, -6.8068086 ] } },
{ "type": "Feature", "properties": { "index": "786", "@osmId": "way/367410419", "name": null, "opening_hours": null, "label": "Cemeteries", "color": "#78c679" }, "geometry": { "type": "Point", "coordinates": [ 39.2570106, -6.7899111 ] } },
{ "type": "Feature", "properties": { "index": "787", "@osmId": "way/367577264", "name": "Islamic Cemetery", "opening_hours": null, "label": "Cemeteries", "color": "#78c679" }, "geometry": { "type": "Point", "coordinates": [ 39.2586821, -6.8041583 ] } },
{ "type": "Feature", "properties": { "index": "788", "@osmId": "way/367580466", "name": null, "opening_hours": null, "label": "Cemeteries", "color": "#78c679" }, "geometry": { "type": "Point", "coordinates": [ 39.2550471, -6.8006762 ] } },
{ "type": "Feature", "properties": { "index": "789", "@osmId": "way/667187869", "name": null, "opening_hours": null, "label": "Cemeteries", "color": "#78c679" }, "geometry": { "type": "Point", "coordinates": [ 39.2558399, -6.8008131 ] } },
{ "type": "Feature", "properties": { "index": "790", "@osmId": "way/667674402", "name": "Karume", "opening_hours": null, "label": "Cemeteries", "color": "#78c679" }, "geometry": { "type": "Point", "coordinates": [ 39.2496653, -6.8069938 ] } },
{ "type": "Feature", "properties": { "index": "791", "@osmId": "way/1005219698", "name": null, "opening_hours": null, "label": "Cemeteries", "color": "#78c679" }, "geometry": { "type": "Point", "coordinates": [ 39.2521381, -6.806312 ] } },
{ "type": "Feature", "properties": { "index": "792", "@osmId": "way/126762531", "name": null, "opening_hours": null, "label": "Cemeteries", "color": "#78c679" }, "geometry": { "type": "Point", "coordinates": [ 39.2414178, -6.7939941 ] } },
{ "type": "Feature", "properties": { "index": "793", "@osmId": "way/204377746", "name": "Mburahati City Cemetery", "opening_hours": null, "label": "Cemeteries", "color": "#78c679" }, "geometry": { "type": "Point", "coordinates": [ 39.2407619, -6.8053243 ] } },
{ "type": "Feature", "properties": { "index": "794", "@osmId": "way/344266215", "name": "Toli", "opening_hours": null, "label": "Cemeteries", "color": "#78c679" }, "geometry": { "type": "Point", "coordinates": [ 39.2365047, -6.7960022 ] } },
{ "type": "Feature", "properties": { "index": "795", "@osmId": "way/345904793", "name": null, "opening_hours": null, "label": "Cemeteries", "color": "#78c679" }, "geometry": { "type": "Point", "coordinates": [ 39.2403983, -6.7906426 ] } },
{ "type": "Feature", "properties": { "index": "796", "@osmId": "way/349383990", "name": "Mwembe Tango", "opening_hours": null, "label": "Cemeteries", "color": "#78c679" }, "geometry": { "type": "Point", "coordinates": [ 39.225606, -6.8073913 ] } },
{ "type": "Feature", "properties": { "index": "797", "@osmId": "way/361369396", "name": null, "opening_hours": null, "label": "Cemeteries", "color": "#78c679" }, "geometry": { "type": "Point", "coordinates": [ 39.2298055, -6.8044112 ] } },
{ "type": "Feature", "properties": { "index": "798", "@osmId": "way/361673334", "name": "Kilimahewa Cemetery", "opening_hours": null, "label": "Cemeteries", "color": "#78c679" }, "geometry": { "type": "Point", "coordinates": [ 39.2352705, -6.8068715 ] } },
{ "type": "Feature", "properties": { "index": "799", "@osmId": "way/361881426", "name": null, "opening_hours": null, "label": "Cemeteries", "color": "#78c679" }, "geometry": { "type": "Point", "coordinates": [ 39.2320585, -6.81132 ] } },
{ "type": "Feature", "properties": { "index": "800", "@osmId": "way/362655824", "name": null, "opening_hours": null, "label": "Cemeteries", "color": "#78c679" }, "geometry": { "type": "Point", "coordinates": [ 39.2389338, -6.8085266 ] } },
{ "type": "Feature", "properties": { "index": "801", "@osmId": "way/363926063", "name": null, "opening_hours": null, "label": "Cemeteries", "color": "#78c679" }, "geometry": { "type": "Point", "coordinates": [ 39.2333989, -6.7926843 ] } },
{ "type": "Feature", "properties": { "index": "802", "@osmId": "way/370829146", "name": null, "opening_hours": null, "label": "Cemeteries", "color": "#78c679" }, "geometry": { "type": "Point", "coordinates": [ 39.2348005, -6.7909941 ] } },
{ "type": "Feature", "properties": { "index": "803", "@osmId": "way/371698359", "name": null, "opening_hours": null, "label": "Cemeteries", "color": "#78c679" }, "geometry": { "type": "Point", "coordinates": [ 39.2367903, -6.7932078 ] } },
{ "type": "Feature", "properties": { "index": "804", "@osmId": "way/371698360", "name": null, "opening_hours": null, "label": "Cemeteries", "color": "#78c679" }, "geometry": { "type": "Point", "coordinates": [ 39.2349909, -6.7925591 ] } },
{ "type": "Feature", "properties": { "index": "805", "@osmId": "way/372867057", "name": null, "opening_hours": null, "label": "Cemeteries", "color": "#78c679" }, "geometry": { "type": "Point", "coordinates": [ 39.2334602, -6.800694 ] } },
{ "type": "Feature", "properties": { "index": "806", "@osmId": "way/372943105", "name": null, "opening_hours": null, "label": "Cemeteries", "color": "#78c679" }, "geometry": { "type": "Point", "coordinates": [ 39.2317095, -6.7937796 ] } },
{ "type": "Feature", "properties": { "index": "807", "@osmId": "way/666063129", "name": null, "opening_hours": null, "label": "Cemeteries", "color": "#78c679" }, "geometry": { "type": "Point", "coordinates": [ 39.2278137, -6.8013701 ] } },
{ "type": "Feature", "properties": { "index": "808", "@osmId": "way/666063130", "name": "makaburi ya mwembe mkole", "opening_hours": null, "label": "Cemeteries", "color": "#78c679" }, "geometry": { "type": "Point", "coordinates": [ 39.2267568, -6.801637 ] } },
{ "type": "Feature", "properties": { "index": "809", "@osmId": "way/666069107", "name": null, "opening_hours": null, "label": "Cemeteries", "color": "#78c679" }, "geometry": { "type": "Point", "coordinates": [ 39.2341074, -6.7964975 ] } },
{ "type": "Feature", "properties": { "index": "810", "@osmId": "way/667631784", "name": "Kihato Graveyard", "opening_hours": null, "label": "Cemeteries", "color": "#78c679" }, "geometry": { "type": "Point", "coordinates": [ 39.2423276, -6.8028222 ] } },
{ "type": "Feature", "properties": { "index": "811", "@osmId": "way/1199780220", "name": null, "opening_hours": null, "label": "Forests & woodland", "color": "#006837" }, "geometry": { "type": "Point", "coordinates": [ 39.2440132, -6.8462859 ] } },
{ "type": "Feature", "properties": { "index": "812", "@osmId": "way/1211781846", "name": null, "opening_hours": null, "label": "Forests & woodland", "color": "#006837" }, "geometry": { "type": "Point", "coordinates": [ 39.2600402, -6.8462577 ] } },
{ "type": "Feature", "properties": { "index": "813", "@osmId": "way/1214852940", "name": null, "opening_hours": null, "label": "Forests & woodland", "color": "#006837" }, "geometry": { "type": "Point", "coordinates": [ 39.2540548, -6.8462483 ] } },
{ "type": "Feature", "properties": { "index": "814", "@osmId": "way/1214852941", "name": null, "opening_hours": null, "label": "Forests & woodland", "color": "#006837" }, "geometry": { "type": "Point", "coordinates": [ 39.2540275, -6.8450299 ] } },
{ "type": "Feature", "properties": { "index": "815", "@osmId": "way/1366770513", "name": null, "opening_hours": null, "label": "Forests & woodland", "color": "#006837" }, "geometry": { "type": "Point", "coordinates": [ 39.2441183, -6.8392746 ] } },
{ "type": "Feature", "properties": { "index": "816", "@osmId": "way/1366772484", "name": null, "opening_hours": null, "label": "Forests & woodland", "color": "#006837" }, "geometry": { "type": "Point", "coordinates": [ 39.2450466, -6.8361537 ] } },
{ "type": "Feature", "properties": { "index": "817", "@osmId": "way/1367946291", "name": null, "opening_hours": null, "label": "Forests & woodland", "color": "#006837" }, "geometry": { "type": "Point", "coordinates": [ 39.2462504, -6.8353891 ] } },
{ "type": "Feature", "properties": { "index": "818", "@osmId": "way/1367946292", "name": null, "opening_hours": null, "label": "Forests & woodland", "color": "#006837" }, "geometry": { "type": "Point", "coordinates": [ 39.2465042, -6.8350751 ] } },
{ "type": "Feature", "properties": { "index": "819", "@osmId": "way/1368138345", "name": null, "opening_hours": null, "label": "Forests & woodland", "color": "#006837" }, "geometry": { "type": "Point", "coordinates": [ 39.2475939, -6.8394799 ] } },
{ "type": "Feature", "properties": { "index": "820", "@osmId": "way/1368153601", "name": null, "opening_hours": null, "label": "Forests & woodland", "color": "#006837" }, "geometry": { "type": "Point", "coordinates": [ 39.2460299, -6.8365537 ] } },
{ "type": "Feature", "properties": { "index": "821", "@osmId": "way/1368153987", "name": null, "opening_hours": null, "label": "Forests & woodland", "color": "#006837" }, "geometry": { "type": "Point", "coordinates": [ 39.2447494, -6.838172 ] } },
{ "type": "Feature", "properties": { "index": "822", "@osmId": "way/1368153988", "name": null, "opening_hours": null, "label": "Forests & woodland", "color": "#006837" }, "geometry": { "type": "Point", "coordinates": [ 39.2450877, -6.8383686 ] } },
{ "type": "Feature", "properties": { "index": "823", "@osmId": "way/1368153989", "name": null, "opening_hours": null, "label": "Forests & woodland", "color": "#006837" }, "geometry": { "type": "Point", "coordinates": [ 39.245607, -6.8387145 ] } },
{ "type": "Feature", "properties": { "index": "824", "@osmId": "way/1208024837", "name": null, "opening_hours": null, "label": "Forests & woodland", "color": "#006837" }, "geometry": { "type": "Point", "coordinates": [ 39.2205935, -6.8467941 ] } },
{ "type": "Feature", "properties": { "index": "825", "@osmId": "way/1208034875", "name": null, "opening_hours": null, "label": "Forests & woodland", "color": "#006837" }, "geometry": { "type": "Point", "coordinates": [ 39.2687044, -6.8495526 ] } },
{ "type": "Feature", "properties": { "index": "826", "@osmId": "way/1208038051", "name": null, "opening_hours": null, "label": "Forests & woodland", "color": "#006837" }, "geometry": { "type": "Point", "coordinates": [ 39.2659534, -6.834641 ] } },
{ "type": "Feature", "properties": { "index": "827", "@osmId": "way/1208039258", "name": null, "opening_hours": null, "label": "Forests & woodland", "color": "#006837" }, "geometry": { "type": "Point", "coordinates": [ 39.2729601, -6.8466739 ] } },
{ "type": "Feature", "properties": { "index": "828", "@osmId": "way/1367325351", "name": null, "opening_hours": null, "label": "Forests & woodland", "color": "#006837" }, "geometry": { "type": "Point", "coordinates": [ 39.2574233, -6.8114002 ] } },
{ "type": "Feature", "properties": { "index": "829", "@osmId": "way/140121086", "name": null, "opening_hours": null, "label": "Forests & woodland", "color": "#006837" }, "geometry": { "type": "Point", "coordinates": [ 39.2906116, -6.8184548 ] } },
{ "type": "Feature", "properties": { "index": "830", "@osmId": "way/151741030", "name": null, "opening_hours": null, "label": "Forests & woodland", "color": "#006837" }, "geometry": { "type": "Point", "coordinates": [ 39.2917313, -6.814687 ] } },
{ "type": "Feature", "properties": { "index": "831", "@osmId": "way/625076241", "name": null, "opening_hours": null, "label": "Forests & woodland", "color": "#006837" }, "geometry": { "type": "Point", "coordinates": [ 39.2977027, -6.8166472 ] } },
{ "type": "Feature", "properties": { "index": "832", "@osmId": "way/738304981", "name": null, "opening_hours": null, "label": "Forests & woodland", "color": "#006837" }, "geometry": { "type": "Point", "coordinates": [ 39.2824036, -6.8269752 ] } },
{ "type": "Feature", "properties": { "index": "833", "@osmId": "way/738304982", "name": null, "opening_hours": null, "label": "Forests & woodland", "color": "#006837" }, "geometry": { "type": "Point", "coordinates": [ 39.2826523, -6.8269364 ] } },
{ "type": "Feature", "properties": { "index": "834", "@osmId": "way/769690368", "name": null, "opening_hours": null, "label": "Forests & woodland", "color": "#006837" }, "geometry": { "type": "Point", "coordinates": [ 39.2811118, -6.8237391 ] } },
{ "type": "Feature", "properties": { "index": "835", "@osmId": "way/769690789", "name": null, "opening_hours": null, "label": "Forests & woodland", "color": "#006837" }, "geometry": { "type": "Point", "coordinates": [ 39.2845137, -6.8224024 ] } },
{ "type": "Feature", "properties": { "index": "836", "@osmId": "way/769690790", "name": null, "opening_hours": null, "label": "Forests & woodland", "color": "#006837" }, "geometry": { "type": "Point", "coordinates": [ 39.2846101, -6.8225955 ] } },
{ "type": "Feature", "properties": { "index": "837", "@osmId": "way/769691197", "name": null, "opening_hours": null, "label": "Forests & woodland", "color": "#006837" }, "geometry": { "type": "Point", "coordinates": [ 39.2812652, -6.8236592 ] } },
{ "type": "Feature", "properties": { "index": "838", "@osmId": "way/1367642071", "name": null, "opening_hours": null, "label": "Forests & woodland", "color": "#006837" }, "geometry": { "type": "Point", "coordinates": [ 39.2659999, -6.8181654 ] } },
{ "type": "Feature", "properties": { "index": "839", "@osmId": "way/1368059087", "name": null, "opening_hours": null, "label": "Forests & woodland", "color": "#006837" }, "geometry": { "type": "Point", "coordinates": [ 39.266586, -6.8204076 ] } },
{ "type": "Feature", "properties": { "index": "840", "@osmId": "way/1367274802", "name": null, "opening_hours": null, "label": "Forests & woodland", "color": "#006837" }, "geometry": { "type": "Point", "coordinates": [ 39.2366515, -6.7890289 ] } },
{ "type": "Feature", "properties": { "index": "841", "@osmId": "way/1367274805", "name": null, "opening_hours": null, "label": "Forests & woodland", "color": "#006837" }, "geometry": { "type": "Point", "coordinates": [ 39.2375161, -6.789286 ] } },
{ "type": "Feature", "properties": { "index": "842", "@osmId": "way/1005222733", "name": null, "opening_hours": null, "label": "Forests & woodland", "color": "#006837" }, "geometry": { "type": "Point", "coordinates": [ 39.2773903, -6.7953742 ] } },
{ "type": "Feature", "properties": { "index": "843", "@osmId": "way/1366758586", "name": null, "opening_hours": null, "label": "Forests & woodland", "color": "#006837" }, "geometry": { "type": "Point", "coordinates": [ 39.2703414, -6.8028998 ] } },
{ "type": "Feature", "properties": { "index": "844", "@osmId": "way/1367643483", "name": null, "opening_hours": null, "label": "Forests & woodland", "color": "#006837" }, "geometry": { "type": "Point", "coordinates": [ 39.2714591, -6.8087803 ] } },
{ "type": "Feature", "properties": { "index": "845", "@osmId": "way/1368019913", "name": null, "opening_hours": null, "label": "Forests & woodland", "color": "#006837" }, "geometry": { "type": "Point", "coordinates": [ 39.271273, -6.8010868 ] } },
{ "type": "Feature", "properties": { "index": "846", "@osmId": "way/1368019914", "name": null, "opening_hours": null, "label": "Forests & woodland", "color": "#006837" }, "geometry": { "type": "Point", "coordinates": [ 39.2713331, -6.8020728 ] } },
{ "type": "Feature", "properties": { "index": "847", "@osmId": "way/1368044963", "name": null, "opening_hours": null, "label": "Forests & woodland", "color": "#006837" }, "geometry": { "type": "Point", "coordinates": [ 39.2663259, -6.8009826 ] } },
{ "type": "Feature", "properties": { "index": "848", "@osmId": "way/1368045953", "name": null, "opening_hours": null, "label": "Forests & woodland", "color": "#006837" }, "geometry": { "type": "Point", "coordinates": [ 39.2675075, -6.7998636 ] } },
{ "type": "Feature", "properties": { "index": "849", "@osmId": "way/1368052477", "name": null, "opening_hours": null, "label": "Forests & woodland", "color": "#006837" }, "geometry": { "type": "Point", "coordinates": [ 39.266699, -6.8038189 ] } },
{ "type": "Feature", "properties": { "index": "850", "@osmId": "way/1368156152", "name": null, "opening_hours": null, "label": "Forests & woodland", "color": "#006837" }, "geometry": { "type": "Point", "coordinates": [ 39.238829, -6.8348639 ] } },
{ "type": "Feature", "properties": { "index": "851", "@osmId": "way/1368156153", "name": null, "opening_hours": null, "label": "Forests & woodland", "color": "#006837" }, "geometry": { "type": "Point", "coordinates": [ 39.2387411, -6.8347716 ] } },
{ "type": "Feature", "properties": { "index": "852", "@osmId": "way/1208018838", "name": null, "opening_hours": null, "label": "Forests & woodland", "color": "#006837" }, "geometry": { "type": "Point", "coordinates": [ 39.2444931, -6.8232054 ] } },
{ "type": "Feature", "properties": { "index": "853", "@osmId": "way/1208020318", "name": null, "opening_hours": null, "label": "Forests & woodland", "color": "#006837" }, "geometry": { "type": "Point", "coordinates": [ 39.2435718, -6.8232802 ] } },
{ "type": "Feature", "properties": { "index": "854", "@osmId": "way/1208020638", "name": null, "opening_hours": null, "label": "Forests & woodland", "color": "#006837" }, "geometry": { "type": "Point", "coordinates": [ 39.2435639, -6.8239417 ] } },
{ "type": "Feature", "properties": { "index": "855", "@osmId": "way/1211777365", "name": null, "opening_hours": null, "label": "Forests & woodland", "color": "#006837" }, "geometry": { "type": "Point", "coordinates": [ 39.2592109, -6.8272941 ] } },
{ "type": "Feature", "properties": { "index": "856", "@osmId": "way/1211777366", "name": "Club ya wazee", "opening_hours": null, "label": "Forests & woodland", "color": "#006837" }, "geometry": { "type": "Point", "coordinates": [ 39.2572227, -6.8279704 ] } },
{ "type": "Feature", "properties": { "index": "857", "@osmId": "way/1214876408", "name": null, "opening_hours": null, "label": "Forests & woodland", "color": "#006837" }, "geometry": { "type": "Point", "coordinates": [ 39.2543688, -6.8216926 ] } },
{ "type": "Feature", "properties": { "index": "858", "@osmId": "way/1366756255", "name": null, "opening_hours": null, "label": "Forests & woodland", "color": "#006837" }, "geometry": { "type": "Point", "coordinates": [ 39.2515189, -6.8274934 ] } },
{ "type": "Feature", "properties": { "index": "859", "@osmId": "way/1366756256", "name": null, "opening_hours": null, "label": "Forests & woodland", "color": "#006837" }, "geometry": { "type": "Point", "coordinates": [ 39.2521168, -6.8275642 ] } },
{ "type": "Feature", "properties": { "index": "860", "@osmId": "way/1366756257", "name": null, "opening_hours": null, "label": "Forests & woodland", "color": "#006837" }, "geometry": { "type": "Point", "coordinates": [ 39.2527414, -6.8275816 ] } },
{ "type": "Feature", "properties": { "index": "861", "@osmId": "way/1366756258", "name": null, "opening_hours": null, "label": "Forests & woodland", "color": "#006837" }, "geometry": { "type": "Point", "coordinates": [ 39.2527148, -6.8277487 ] } },
{ "type": "Feature", "properties": { "index": "862", "@osmId": "way/1366760246", "name": null, "opening_hours": null, "label": "Forests & woodland", "color": "#006837" }, "geometry": { "type": "Point", "coordinates": [ 39.247132, -6.826997 ] } },
{ "type": "Feature", "properties": { "index": "863", "@osmId": "way/1366760708", "name": null, "opening_hours": null, "label": "Forests & woodland", "color": "#006837" }, "geometry": { "type": "Point", "coordinates": [ 39.2465543, -6.8275494 ] } },
{ "type": "Feature", "properties": { "index": "864", "@osmId": "way/1367186414", "name": null, "opening_hours": null, "label": "Forests & woodland", "color": "#006837" }, "geometry": { "type": "Point", "coordinates": [ 39.252147, -6.8256637 ] } },
{ "type": "Feature", "properties": { "index": "865", "@osmId": "way/1367186415", "name": null, "opening_hours": null, "label": "Forests & woodland", "color": "#006837" }, "geometry": { "type": "Point", "coordinates": [ 39.2520419, -6.8256727 ] } },
{ "type": "Feature", "properties": { "index": "866", "@osmId": "way/1367186416", "name": null, "opening_hours": null, "label": "Forests & woodland", "color": "#006837" }, "geometry": { "type": "Point", "coordinates": [ 39.2521391, -6.8259213 ] } },
{ "type": "Feature", "properties": { "index": "867", "@osmId": "way/1367258040", "name": null, "opening_hours": null, "label": "Forests & woodland", "color": "#006837" }, "geometry": { "type": "Point", "coordinates": [ 39.2533626, -6.8204623 ] } },
{ "type": "Feature", "properties": { "index": "868", "@osmId": "way/1367263430", "name": null, "opening_hours": null, "label": "Forests & woodland", "color": "#006837" }, "geometry": { "type": "Point", "coordinates": [ 39.2596216, -6.8136127 ] } },
{ "type": "Feature", "properties": { "index": "869", "@osmId": "way/1367263433", "name": null, "opening_hours": null, "label": "Forests & woodland", "color": "#006837" }, "geometry": { "type": "Point", "coordinates": [ 39.260471, -6.8144126 ] } },
{ "type": "Feature", "properties": { "index": "870", "@osmId": "way/1367264049", "name": null, "opening_hours": null, "label": "Forests & woodland", "color": "#006837" }, "geometry": { "type": "Point", "coordinates": [ 39.2556254, -6.8132047 ] } },
{ "type": "Feature", "properties": { "index": "871", "@osmId": "way/1367264050", "name": null, "opening_hours": null, "label": "Forests & woodland", "color": "#006837" }, "geometry": { "type": "Point", "coordinates": [ 39.2558729, -6.8132044 ] } },
{ "type": "Feature", "properties": { "index": "872", "@osmId": "way/1367264051", "name": null, "opening_hours": null, "label": "Forests & woodland", "color": "#006837" }, "geometry": { "type": "Point", "coordinates": [ 39.2557134, -6.8125372 ] } },
{ "type": "Feature", "properties": { "index": "873", "@osmId": "way/1367264418", "name": null, "opening_hours": null, "label": "Forests & woodland", "color": "#006837" }, "geometry": { "type": "Point", "coordinates": [ 39.2553276, -6.8137255 ] } },
{ "type": "Feature", "properties": { "index": "874", "@osmId": "way/1367264420", "name": null, "opening_hours": null, "label": "Forests & woodland", "color": "#006837" }, "geometry": { "type": "Point", "coordinates": [ 39.2546518, -6.8141123 ] } },
{ "type": "Feature", "properties": { "index": "875", "@osmId": "way/1367265381", "name": null, "opening_hours": null, "label": "Forests & woodland", "color": "#006837" }, "geometry": { "type": "Point", "coordinates": [ 39.2523511, -6.8125198 ] } },
{ "type": "Feature", "properties": { "index": "876", "@osmId": "way/1367265382", "name": null, "opening_hours": null, "label": "Forests & woodland", "color": "#006837" }, "geometry": { "type": "Point", "coordinates": [ 39.2524416, -6.8128806 ] } },
{ "type": "Feature", "properties": { "index": "877", "@osmId": "way/1367265383", "name": null, "opening_hours": null, "label": "Forests & woodland", "color": "#006837" }, "geometry": { "type": "Point", "coordinates": [ 39.2526374, -6.8125057 ] } },
{ "type": "Feature", "properties": { "index": "878", "@osmId": "way/1367265599", "name": null, "opening_hours": null, "label": "Forests & woodland", "color": "#006837" }, "geometry": { "type": "Point", "coordinates": [ 39.2524964, -6.8143138 ] } },
{ "type": "Feature", "properties": { "index": "879", "@osmId": "way/1367269963", "name": null, "opening_hours": null, "label": "Forests & woodland", "color": "#006837" }, "geometry": { "type": "Point", "coordinates": [ 39.2597646, -6.8160578 ] } },
{ "type": "Feature", "properties": { "index": "880", "@osmId": "way/1367280723", "name": null, "opening_hours": null, "label": "Forests & woodland", "color": "#006837" }, "geometry": { "type": "Point", "coordinates": [ 39.2573168, -6.8148281 ] } },
{ "type": "Feature", "properties": { "index": "881", "@osmId": "way/1367280724", "name": null, "opening_hours": null, "label": "Forests & woodland", "color": "#006837" }, "geometry": { "type": "Point", "coordinates": [ 39.2573598, -6.8147177 ] } },
{ "type": "Feature", "properties": { "index": "882", "@osmId": "way/1367280727", "name": null, "opening_hours": null, "label": "Forests & woodland", "color": "#006837" }, "geometry": { "type": "Point", "coordinates": [ 39.2577277, -6.8147829 ] } },
{ "type": "Feature", "properties": { "index": "883", "@osmId": "way/1367280728", "name": null, "opening_hours": null, "label": "Forests & woodland", "color": "#006837" }, "geometry": { "type": "Point", "coordinates": [ 39.2583436, -6.8153115 ] } },
{ "type": "Feature", "properties": { "index": "884", "@osmId": "way/1367280729", "name": null, "opening_hours": null, "label": "Forests & woodland", "color": "#006837" }, "geometry": { "type": "Point", "coordinates": [ 39.2576834, -6.8159775 ] } },
{ "type": "Feature", "properties": { "index": "885", "@osmId": "way/1367285216", "name": null, "opening_hours": null, "label": "Forests & woodland", "color": "#006837" }, "geometry": { "type": "Point", "coordinates": [ 39.2570948, -6.8159873 ] } },
{ "type": "Feature", "properties": { "index": "886", "@osmId": "way/1367288495", "name": null, "opening_hours": null, "label": "Forests & woodland", "color": "#006837" }, "geometry": { "type": "Point", "coordinates": [ 39.2558009, -6.8205662 ] } },
{ "type": "Feature", "properties": { "index": "887", "@osmId": "way/1367288496", "name": null, "opening_hours": null, "label": "Forests & woodland", "color": "#006837" }, "geometry": { "type": "Point", "coordinates": [ 39.2568383, -6.8206648 ] } },
{ "type": "Feature", "properties": { "index": "888", "@osmId": "way/1367288506", "name": null, "opening_hours": null, "label": "Forests & woodland", "color": "#006837" }, "geometry": { "type": "Point", "coordinates": [ 39.2566553, -6.8174768 ] } },
{ "type": "Feature", "properties": { "index": "889", "@osmId": "way/1367288507", "name": null, "opening_hours": null, "label": "Forests & woodland", "color": "#006837" }, "geometry": { "type": "Point", "coordinates": [ 39.2568238, -6.8173768 ] } },
{ "type": "Feature", "properties": { "index": "890", "@osmId": "way/1367288508", "name": null, "opening_hours": null, "label": "Forests & woodland", "color": "#006837" }, "geometry": { "type": "Point", "coordinates": [ 39.2566635, -6.8178325 ] } },
{ "type": "Feature", "properties": { "index": "891", "@osmId": "way/1367288509", "name": null, "opening_hours": null, "label": "Forests & woodland", "color": "#006837" }, "geometry": { "type": "Point", "coordinates": [ 39.2564606, -6.8179292 ] } },
{ "type": "Feature", "properties": { "index": "892", "@osmId": "way/1367288510", "name": null, "opening_hours": null, "label": "Forests & woodland", "color": "#006837" }, "geometry": { "type": "Point", "coordinates": [ 39.2565928, -6.8183062 ] } },
{ "type": "Feature", "properties": { "index": "893", "@osmId": "way/1367288511", "name": null, "opening_hours": null, "label": "Forests & woodland", "color": "#006837" }, "geometry": { "type": "Point", "coordinates": [ 39.2560337, -6.8176565 ] } },
{ "type": "Feature", "properties": { "index": "894", "@osmId": "way/1367295017", "name": null, "opening_hours": null, "label": "Forests & woodland", "color": "#006837" }, "geometry": { "type": "Point", "coordinates": [ 39.2547787, -6.8174139 ] } },
{ "type": "Feature", "properties": { "index": "895", "@osmId": "way/1367295018", "name": null, "opening_hours": null, "label": "Forests & woodland", "color": "#006837" }, "geometry": { "type": "Point", "coordinates": [ 39.2553545, -6.8175498 ] } },
{ "type": "Feature", "properties": { "index": "896", "@osmId": "way/1208034409", "name": null, "opening_hours": null, "label": "Forests & woodland", "color": "#006837" }, "geometry": { "type": "Point", "coordinates": [ 39.2418921, -6.8273711 ] } },
{ "type": "Feature", "properties": { "index": "897", "@osmId": "way/1367313428", "name": null, "opening_hours": null, "label": "Forests & woodland", "color": "#006837" }, "geometry": { "type": "Point", "coordinates": [ 39.256847, -6.8168386 ] } },
{ "type": "Feature", "properties": { "index": "898", "@osmId": "way/1215348236", "name": null, "opening_hours": null, "label": "Forests & woodland", "color": "#006837" }, "geometry": { "type": "Point", "coordinates": [ 39.2406305, -6.8307867 ] } },
{ "type": "Feature", "properties": { "index": "899", "@osmId": "way/1367313429", "name": null, "opening_hours": null, "label": "Forests & woodland", "color": "#006837" }, "geometry": { "type": "Point", "coordinates": [ 39.2548639, -6.8167612 ] } },
{ "type": "Feature", "properties": { "index": "900", "@osmId": "way/1367313430", "name": null, "opening_hours": null, "label": "Forests & woodland", "color": "#006837" }, "geometry": { "type": "Point", "coordinates": [ 39.2550172, -6.8170406 ] } },
{ "type": "Feature", "properties": { "index": "901", "@osmId": "way/1366764303", "name": null, "opening_hours": null, "label": "Forests & woodland", "color": "#006837" }, "geometry": { "type": "Point", "coordinates": [ 39.2375444, -6.8203144 ] } },
{ "type": "Feature", "properties": { "index": "902", "@osmId": "way/1367315184", "name": null, "opening_hours": null, "label": "Forests & woodland", "color": "#006837" }, "geometry": { "type": "Point", "coordinates": [ 39.2530166, -6.8151658 ] } },
{ "type": "Feature", "properties": { "index": "903", "@osmId": "way/1366768893", "name": null, "opening_hours": null, "label": "Forests & woodland", "color": "#006837" }, "geometry": { "type": "Point", "coordinates": [ 39.2337471, -6.8296583 ] } },
{ "type": "Feature", "properties": { "index": "904", "@osmId": "way/1367315185", "name": null, "opening_hours": null, "label": "Forests & woodland", "color": "#006837" }, "geometry": { "type": "Point", "coordinates": [ 39.2540633, -6.8149503 ] } },
{ "type": "Feature", "properties": { "index": "905", "@osmId": "way/1366768894", "name": null, "opening_hours": null, "label": "Forests & woodland", "color": "#006837" }, "geometry": { "type": "Point", "coordinates": [ 39.2338306, -6.8304367 ] } },
{ "type": "Feature", "properties": { "index": "906", "@osmId": "way/1367315186", "name": null, "opening_hours": null, "label": "Forests & woodland", "color": "#006837" }, "geometry": { "type": "Point", "coordinates": [ 39.2529797, -6.8147943 ] } },
{ "type": "Feature", "properties": { "index": "907", "@osmId": "way/1366768897", "name": null, "opening_hours": null, "label": "Forests & woodland", "color": "#006837" }, "geometry": { "type": "Point", "coordinates": [ 39.2334978, -6.8307903 ] } },
{ "type": "Feature", "properties": { "index": "908", "@osmId": "way/1367315734", "name": null, "opening_hours": null, "label": "Forests & woodland", "color": "#006837" }, "geometry": { "type": "Point", "coordinates": [ 39.2641803, -6.8139368 ] } },
{ "type": "Feature", "properties": { "index": "909", "@osmId": "way/1366768899", "name": null, "opening_hours": null, "label": "Forests & woodland", "color": "#006837" }, "geometry": { "type": "Point", "coordinates": [ 39.2340815, -6.8308107 ] } },
{ "type": "Feature", "properties": { "index": "910", "@osmId": "way/1367323808", "name": null, "opening_hours": null, "label": "Forests & woodland", "color": "#006837" }, "geometry": { "type": "Point", "coordinates": [ 39.2536024, -6.8245107 ] } },
{ "type": "Feature", "properties": { "index": "911", "@osmId": "way/1366768900", "name": null, "opening_hours": null, "label": "Forests & woodland", "color": "#006837" }, "geometry": { "type": "Point", "coordinates": [ 39.2339764, -6.8301265 ] } },
{ "type": "Feature", "properties": { "index": "912", "@osmId": "way/1367323809", "name": null, "opening_hours": null, "label": "Forests & woodland", "color": "#006837" }, "geometry": { "type": "Point", "coordinates": [ 39.2539304, -6.8253262 ] } },
{ "type": "Feature", "properties": { "index": "913", "@osmId": "way/1366768901", "name": null, "opening_hours": null, "label": "Forests & woodland", "color": "#006837" }, "geometry": { "type": "Point", "coordinates": [ 39.2343981, -6.8297374 ] } },
{ "type": "Feature", "properties": { "index": "914", "@osmId": "way/1367323811", "name": null, "opening_hours": null, "label": "Forests & woodland", "color": "#006837" }, "geometry": { "type": "Point", "coordinates": [ 39.253095, -6.8241263 ] } },
{ "type": "Feature", "properties": { "index": "915", "@osmId": "way/1366774423", "name": null, "opening_hours": null, "label": "Forests & woodland", "color": "#006837" }, "geometry": { "type": "Point", "coordinates": [ 39.2378339, -6.824303 ] } },
{ "type": "Feature", "properties": { "index": "916", "@osmId": "way/1367409654", "name": null, "opening_hours": null, "label": "Forests & woodland", "color": "#006837" }, "geometry": { "type": "Point", "coordinates": [ 39.2586716, -6.8237508 ] } },
{ "type": "Feature", "properties": { "index": "917", "@osmId": "way/1366966541", "name": null, "opening_hours": null, "label": "Forests & woodland", "color": "#006837" }, "geometry": { "type": "Point", "coordinates": [ 39.2325562, -6.8211149 ] } },
{ "type": "Feature", "properties": { "index": "918", "@osmId": "way/1367414393", "name": null, "opening_hours": null, "label": "Forests & woodland", "color": "#006837" }, "geometry": { "type": "Point", "coordinates": [ 39.2576394, -6.8252873 ] } },
{ "type": "Feature", "properties": { "index": "919", "@osmId": "way/1366971849", "name": null, "opening_hours": null, "label": "Forests & woodland", "color": "#006837" }, "geometry": { "type": "Point", "coordinates": [ 39.238743, -6.8203258 ] } },
{ "type": "Feature", "properties": { "index": "920", "@osmId": "way/1367419522", "name": null, "opening_hours": null, "label": "Forests & woodland", "color": "#006837" }, "geometry": { "type": "Point", "coordinates": [ 39.2551346, -6.8287246 ] } },
{ "type": "Feature", "properties": { "index": "921", "@osmId": "way/1366971850", "name": null, "opening_hours": null, "label": "Forests & woodland", "color": "#006837" }, "geometry": { "type": "Point", "coordinates": [ 39.2389433, -6.8204244 ] } },
{ "type": "Feature", "properties": { "index": "922", "@osmId": "way/1366971853", "name": null, "opening_hours": null, "label": "Forests & woodland", "color": "#006837" }, "geometry": { "type": "Point", "coordinates": [ 39.2379917, -6.821279 ] } },
{ "type": "Feature", "properties": { "index": "923", "@osmId": "way/1366971854", "name": null, "opening_hours": null, "label": "Forests & woodland", "color": "#006837" }, "geometry": { "type": "Point", "coordinates": [ 39.2381875, -6.8204036 ] } },
{ "type": "Feature", "properties": { "index": "924", "@osmId": "way/1367646455", "name": null, "opening_hours": null, "label": "Forests & woodland", "color": "#006837" }, "geometry": { "type": "Point", "coordinates": [ 39.2554879, -6.8147126 ] } },
{ "type": "Feature", "properties": { "index": "925", "@osmId": "way/1367270103", "name": null, "opening_hours": null, "label": "Forests & woodland", "color": "#006837" }, "geometry": { "type": "Point", "coordinates": [ 39.2317462, -6.8205967 ] } },
{ "type": "Feature", "properties": { "index": "926", "@osmId": "way/1367270106", "name": null, "opening_hours": null, "label": "Forests & woodland", "color": "#006837" }, "geometry": { "type": "Point", "coordinates": [ 39.2320841, -6.8207256 ] } },
{ "type": "Feature", "properties": { "index": "927", "@osmId": "way/1367652668", "name": null, "opening_hours": null, "label": "Forests & woodland", "color": "#006837" }, "geometry": { "type": "Point", "coordinates": [ 39.2549381, -6.8119782 ] } },
{ "type": "Feature", "properties": { "index": "928", "@osmId": "way/1367270108", "name": null, "opening_hours": null, "label": "Forests & woodland", "color": "#006837" }, "geometry": { "type": "Point", "coordinates": [ 39.2321006, -6.8208361 ] } },
{ "type": "Feature", "properties": { "index": "929", "@osmId": "way/1367984834", "name": null, "opening_hours": null, "label": "Forests & woodland", "color": "#006837" }, "geometry": { "type": "Point", "coordinates": [ 39.258744, -6.8145059 ] } },
{ "type": "Feature", "properties": { "index": "930", "@osmId": "way/1367270110", "name": null, "opening_hours": null, "label": "Forests & woodland", "color": "#006837" }, "geometry": { "type": "Point", "coordinates": [ 39.2318693, -6.8213947 ] } },
{ "type": "Feature", "properties": { "index": "931", "@osmId": "way/1368064610", "name": null, "opening_hours": null, "label": "Forests & woodland", "color": "#006837" }, "geometry": { "type": "Point", "coordinates": [ 39.2571208, -6.8212915 ] } },
{ "type": "Feature", "properties": { "index": "932", "@osmId": "way/1367271951", "name": null, "opening_hours": null, "label": "Forests & woodland", "color": "#006837" }, "geometry": { "type": "Point", "coordinates": [ 39.2325071, -6.8200171 ] } },
{ "type": "Feature", "properties": { "index": "933", "@osmId": "way/1368064611", "name": null, "opening_hours": null, "label": "Forests & woodland", "color": "#006837" }, "geometry": { "type": "Point", "coordinates": [ 39.2574708, -6.8212934 ] } },
{ "type": "Feature", "properties": { "index": "934", "@osmId": "way/1367292553", "name": null, "opening_hours": null, "label": "Forests & woodland", "color": "#006837" }, "geometry": { "type": "Point", "coordinates": [ 39.2346313, -6.8221263 ] } },
{ "type": "Feature", "properties": { "index": "935", "@osmId": "way/1368064612", "name": null, "opening_hours": null, "label": "Forests & woodland", "color": "#006837" }, "geometry": { "type": "Point", "coordinates": [ 39.257735, -6.820437 ] } },
{ "type": "Feature", "properties": { "index": "936", "@osmId": "way/1367292554", "name": null, "opening_hours": null, "label": "Forests & woodland", "color": "#006837" }, "geometry": { "type": "Point", "coordinates": [ 39.2355765, -6.8218288 ] } },
{ "type": "Feature", "properties": { "index": "937", "@osmId": "way/1368070122", "name": null, "opening_hours": null, "label": "Forests & woodland", "color": "#006837" }, "geometry": { "type": "Point", "coordinates": [ 39.2535565, -6.8226576 ] } },
{ "type": "Feature", "properties": { "index": "938", "@osmId": "way/1367401525", "name": null, "opening_hours": null, "label": "Forests & woodland", "color": "#006837" }, "geometry": { "type": "Point", "coordinates": [ 39.2338503, -6.832034 ] } },
{ "type": "Feature", "properties": { "index": "939", "@osmId": "way/1368070123", "name": null, "opening_hours": null, "label": "Forests & woodland", "color": "#006837" }, "geometry": { "type": "Point", "coordinates": [ 39.253991, -6.8216996 ] } },
{ "type": "Feature", "properties": { "index": "940", "@osmId": "way/1367401529", "name": null, "opening_hours": null, "label": "Forests & woodland", "color": "#006837" }, "geometry": { "type": "Point", "coordinates": [ 39.2349512, -6.8314127 ] } },
{ "type": "Feature", "properties": { "index": "941", "@osmId": "way/1368071940", "name": null, "opening_hours": null, "label": "Forests & woodland", "color": "#006837" }, "geometry": { "type": "Point", "coordinates": [ 39.2566815, -6.8223495 ] } },
{ "type": "Feature", "properties": { "index": "942", "@osmId": "way/1367401881", "name": null, "opening_hours": null, "label": "Forests & woodland", "color": "#006837" }, "geometry": { "type": "Point", "coordinates": [ 39.2342374, -6.8317221 ] } },
{ "type": "Feature", "properties": { "index": "943", "@osmId": "way/1368071941", "name": null, "opening_hours": null, "label": "Forests & woodland", "color": "#006837" }, "geometry": { "type": "Point", "coordinates": [ 39.2562596, -6.8223774 ] } },
{ "type": "Feature", "properties": { "index": "944", "@osmId": "way/1367660582", "name": null, "opening_hours": null, "label": "Forests & woodland", "color": "#006837" }, "geometry": { "type": "Point", "coordinates": [ 39.2361425, -6.8224569 ] } },
{ "type": "Feature", "properties": { "index": "945", "@osmId": "way/1368072398", "name": null, "opening_hours": null, "label": "Forests & woodland", "color": "#006837" }, "geometry": { "type": "Point", "coordinates": [ 39.2576779, -6.8238008 ] } },
{ "type": "Feature", "properties": { "index": "946", "@osmId": "way/1367660583", "name": null, "opening_hours": null, "label": "Forests & woodland", "color": "#006837" }, "geometry": { "type": "Point", "coordinates": [ 39.2356254, -6.8227734 ] } },
{ "type": "Feature", "properties": { "index": "947", "@osmId": "way/1367663213", "name": null, "opening_hours": null, "label": "Forests & woodland", "color": "#006837" }, "geometry": { "type": "Point", "coordinates": [ 39.2384713, -6.821876 ] } },
{ "type": "Feature", "properties": { "index": "948", "@osmId": "way/1368072399", "name": null, "opening_hours": null, "label": "Forests & woodland", "color": "#006837" }, "geometry": { "type": "Point", "coordinates": [ 39.2578304, -6.8234896 ] } },
{ "type": "Feature", "properties": { "index": "949", "@osmId": "way/1368072830", "name": null, "opening_hours": null, "label": "Forests & woodland", "color": "#006837" }, "geometry": { "type": "Point", "coordinates": [ 39.2534655, -6.8234235 ] } },
{ "type": "Feature", "properties": { "index": "950", "@osmId": "way/1368073246", "name": null, "opening_hours": null, "label": "Forests & woodland", "color": "#006837" }, "geometry": { "type": "Point", "coordinates": [ 39.2545162, -6.8239453 ] } },
{ "type": "Feature", "properties": { "index": "951", "@osmId": "way/1368136353", "name": null, "opening_hours": null, "label": "Forests & woodland", "color": "#006837" }, "geometry": { "type": "Point", "coordinates": [ 39.2509489, -6.8283684 ] } },
{ "type": "Feature", "properties": { "index": "952", "@osmId": "way/1368136354", "name": null, "opening_hours": null, "label": "Forests & woodland", "color": "#006837" }, "geometry": { "type": "Point", "coordinates": [ 39.2508824, -6.8281014 ] } },
{ "type": "Feature", "properties": { "index": "953", "@osmId": "way/1368136355", "name": null, "opening_hours": null, "label": "Forests & woodland", "color": "#006837" }, "geometry": { "type": "Point", "coordinates": [ 39.2511968, -6.8284448 ] } },
{ "type": "Feature", "properties": { "index": "954", "@osmId": "way/1368159243", "name": null, "opening_hours": null, "label": "Forests & woodland", "color": "#006837" }, "geometry": { "type": "Point", "coordinates": [ 39.2488763, -6.8226597 ] } },
{ "type": "Feature", "properties": { "index": "955", "@osmId": "way/1367664815", "name": null, "opening_hours": null, "label": "Forests & woodland", "color": "#006837" }, "geometry": { "type": "Point", "coordinates": [ 39.2413116, -6.8222259 ] } },
{ "type": "Feature", "properties": { "index": "956", "@osmId": "way/1367666653", "name": null, "opening_hours": null, "label": "Forests & woodland", "color": "#006837" }, "geometry": { "type": "Point", "coordinates": [ 39.237137, -6.823326 ] } },
{ "type": "Feature", "properties": { "index": "957", "@osmId": "way/1367671050", "name": null, "opening_hours": null, "label": "Forests & woodland", "color": "#006837" }, "geometry": { "type": "Point", "coordinates": [ 39.2328501, -6.8245516 ] } },
{ "type": "Feature", "properties": { "index": "958", "@osmId": "way/1367671051", "name": null, "opening_hours": null, "label": "Forests & woodland", "color": "#006837" }, "geometry": { "type": "Point", "coordinates": [ 39.2331857, -6.8248392 ] } },
{ "type": "Feature", "properties": { "index": "959", "@osmId": "way/1367671052", "name": null, "opening_hours": null, "label": "Forests & woodland", "color": "#006837" }, "geometry": { "type": "Point", "coordinates": [ 39.2329801, -6.8248671 ] } },
{ "type": "Feature", "properties": { "index": "960", "@osmId": "way/1367671054", "name": null, "opening_hours": null, "label": "Forests & woodland", "color": "#006837" }, "geometry": { "type": "Point", "coordinates": [ 39.2322184, -6.8243809 ] } },
{ "type": "Feature", "properties": { "index": "961", "@osmId": "way/1367671055", "name": null, "opening_hours": null, "label": "Forests & woodland", "color": "#006837" }, "geometry": { "type": "Point", "coordinates": [ 39.2333376, -6.8251795 ] } },
{ "type": "Feature", "properties": { "index": "962", "@osmId": "way/1367672170", "name": null, "opening_hours": null, "label": "Forests & woodland", "color": "#006837" }, "geometry": { "type": "Point", "coordinates": [ 39.2341435, -6.8239167 ] } },
{ "type": "Feature", "properties": { "index": "963", "@osmId": "way/1367672171", "name": null, "opening_hours": null, "label": "Forests & woodland", "color": "#006837" }, "geometry": { "type": "Point", "coordinates": [ 39.2343022, -6.822862 ] } },
{ "type": "Feature", "properties": { "index": "964", "@osmId": "way/1367672172", "name": null, "opening_hours": null, "label": "Forests & woodland", "color": "#006837" }, "geometry": { "type": "Point", "coordinates": [ 39.2337158, -6.8229715 ] } },
{ "type": "Feature", "properties": { "index": "965", "@osmId": "way/1367722661", "name": null, "opening_hours": null, "label": "Forests & woodland", "color": "#006837" }, "geometry": { "type": "Point", "coordinates": [ 39.2349725, -6.8237709 ] } },
{ "type": "Feature", "properties": { "index": "966", "@osmId": "way/1367761387", "name": null, "opening_hours": null, "label": "Forests & woodland", "color": "#006837" }, "geometry": { "type": "Point", "coordinates": [ 39.2359308, -6.8242289 ] } },
{ "type": "Feature", "properties": { "index": "967", "@osmId": "way/630651329", "name": null, "opening_hours": null, "label": "Forests & woodland", "color": "#006837" }, "geometry": { "type": "Point", "coordinates": [ 39.2632948, -6.7960695 ] } },
{ "type": "Feature", "properties": { "index": "968", "@osmId": "way/1324335031", "name": null, "opening_hours": null, "label": "Forests & woodland", "color": "#006837" }, "geometry": { "type": "Point", "coordinates": [ 39.2590756, -6.7978944 ] } },
{ "type": "Feature", "properties": { "index": "969", "@osmId": "way/1366755552", "name": null, "opening_hours": null, "label": "Forests & woodland", "color": "#006837" }, "geometry": { "type": "Point", "coordinates": [ 39.2613717, -6.803624 ] } },
{ "type": "Feature", "properties": { "index": "970", "@osmId": "way/1366755554", "name": null, "opening_hours": null, "label": "Forests & woodland", "color": "#006837" }, "geometry": { "type": "Point", "coordinates": [ 39.261674, -6.8035597 ] } },
{ "type": "Feature", "properties": { "index": "971", "@osmId": "way/1366755555", "name": null, "opening_hours": null, "label": "Forests & woodland", "color": "#006837" }, "geometry": { "type": "Point", "coordinates": [ 39.2615295, -6.8034674 ] } },
{ "type": "Feature", "properties": { "index": "972", "@osmId": "way/1366755556", "name": null, "opening_hours": null, "label": "Forests & woodland", "color": "#006837" }, "geometry": { "type": "Point", "coordinates": [ 39.2616646, -6.8033698 ] } },
{ "type": "Feature", "properties": { "index": "973", "@osmId": "way/1366776774", "name": null, "opening_hours": null, "label": "Forests & woodland", "color": "#006837" }, "geometry": { "type": "Point", "coordinates": [ 39.2445277, -6.7958445 ] } },
{ "type": "Feature", "properties": { "index": "974", "@osmId": "way/1367326435", "name": null, "opening_hours": null, "label": "Forests & woodland", "color": "#006837" }, "geometry": { "type": "Point", "coordinates": [ 39.2561265, -6.8071322 ] } },
{ "type": "Feature", "properties": { "index": "975", "@osmId": "way/1367326436", "name": null, "opening_hours": null, "label": "Forests & woodland", "color": "#006837" }, "geometry": { "type": "Point", "coordinates": [ 39.255981, -6.8072421 ] } },
{ "type": "Feature", "properties": { "index": "976", "@osmId": "way/1367327998", "name": null, "opening_hours": null, "label": "Forests & woodland", "color": "#006837" }, "geometry": { "type": "Point", "coordinates": [ 39.2611075, -6.8061969 ] } },
{ "type": "Feature", "properties": { "index": "977", "@osmId": "way/1367640039", "name": null, "opening_hours": null, "label": "Forests & woodland", "color": "#006837" }, "geometry": { "type": "Point", "coordinates": [ 39.2593722, -6.8036116 ] } },
{ "type": "Feature", "properties": { "index": "978", "@osmId": "way/1367640454", "name": null, "opening_hours": null, "label": "Forests & woodland", "color": "#006837" }, "geometry": { "type": "Point", "coordinates": [ 39.26343, -6.8049567 ] } },
{ "type": "Feature", "properties": { "index": "979", "@osmId": "way/1367649223", "name": null, "opening_hours": null, "label": "Forests & woodland", "color": "#006837" }, "geometry": { "type": "Point", "coordinates": [ 39.2641816, -6.8039775 ] } },
{ "type": "Feature", "properties": { "index": "980", "@osmId": "way/1367649224", "name": null, "opening_hours": null, "label": "Forests & woodland", "color": "#006837" }, "geometry": { "type": "Point", "coordinates": [ 39.2641332, -6.8043288 ] } },
{ "type": "Feature", "properties": { "index": "981", "@osmId": "way/1367649225", "name": null, "opening_hours": null, "label": "Forests & woodland", "color": "#006837" }, "geometry": { "type": "Point", "coordinates": [ 39.264366, -6.804101 ] } },
{ "type": "Feature", "properties": { "index": "982", "@osmId": "way/1367649226", "name": null, "opening_hours": null, "label": "Forests & woodland", "color": "#006837" }, "geometry": { "type": "Point", "coordinates": [ 39.2645089, -6.8043074 ] } },
{ "type": "Feature", "properties": { "index": "983", "@osmId": "way/1367649227", "name": null, "opening_hours": null, "label": "Forests & woodland", "color": "#006837" }, "geometry": { "type": "Point", "coordinates": [ 39.2638376, -6.8045504 ] } },
{ "type": "Feature", "properties": { "index": "984", "@osmId": "way/1367649228", "name": null, "opening_hours": null, "label": "Forests & woodland", "color": "#006837" }, "geometry": { "type": "Point", "coordinates": [ 39.2638615, -6.8048831 ] } },
{ "type": "Feature", "properties": { "index": "985", "@osmId": "way/1367649229", "name": null, "opening_hours": null, "label": "Forests & woodland", "color": "#006837" }, "geometry": { "type": "Point", "coordinates": [ 39.2645973, -6.8048437 ] } },
{ "type": "Feature", "properties": { "index": "986", "@osmId": "way/1367653840", "name": null, "opening_hours": null, "label": "Forests & woodland", "color": "#006837" }, "geometry": { "type": "Point", "coordinates": [ 39.2531446, -6.809944 ] } },
{ "type": "Feature", "properties": { "index": "987", "@osmId": "way/1367655420", "name": null, "opening_hours": null, "label": "Forests & woodland", "color": "#006837" }, "geometry": { "type": "Point", "coordinates": [ 39.2545863, -6.8086867 ] } },
{ "type": "Feature", "properties": { "index": "988", "@osmId": "way/1367655421", "name": null, "opening_hours": null, "label": "Forests & woodland", "color": "#006837" }, "geometry": { "type": "Point", "coordinates": [ 39.2548409, -6.808524 ] } },
{ "type": "Feature", "properties": { "index": "989", "@osmId": "way/1368048689", "name": null, "opening_hours": null, "label": "Forests & woodland", "color": "#006837" }, "geometry": { "type": "Point", "coordinates": [ 39.2604976, -6.8079078 ] } },
{ "type": "Feature", "properties": { "index": "990", "@osmId": "way/1368048690", "name": null, "opening_hours": null, "label": "Forests & woodland", "color": "#006837" }, "geometry": { "type": "Point", "coordinates": [ 39.2606327, -6.8079426 ] } },
{ "type": "Feature", "properties": { "index": "991", "@osmId": "way/1368048691", "name": null, "opening_hours": null, "label": "Forests & woodland", "color": "#006837" }, "geometry": { "type": "Point", "coordinates": [ 39.2607748, -6.8078429 ] } },
{ "type": "Feature", "properties": { "index": "992", "@osmId": "way/1368055835", "name": null, "opening_hours": null, "label": "Forests & woodland", "color": "#006837" }, "geometry": { "type": "Point", "coordinates": [ 39.2648173, -6.8086962 ] } },
{ "type": "Feature", "properties": { "index": "993", "@osmId": "way/1368055836", "name": null, "opening_hours": null, "label": "Forests & woodland", "color": "#006837" }, "geometry": { "type": "Point", "coordinates": [ 39.2649883, -6.8082999 ] } },
{ "type": "Feature", "properties": { "index": "994", "@osmId": "way/1366791783", "name": null, "opening_hours": null, "label": "Forests & woodland", "color": "#006837" }, "geometry": { "type": "Point", "coordinates": [ 39.2376592, -6.792812 ] } },
{ "type": "Feature", "properties": { "index": "995", "@osmId": "way/1366791784", "name": null, "opening_hours": null, "label": "Forests & woodland", "color": "#006837" }, "geometry": { "type": "Point", "coordinates": [ 39.2378438, -6.7928758 ] } },
{ "type": "Feature", "properties": { "index": "996", "@osmId": "way/1366791789", "name": null, "opening_hours": null, "label": "Forests & woodland", "color": "#006837" }, "geometry": { "type": "Point", "coordinates": [ 39.2377242, -6.7935705 ] } },
{ "type": "Feature", "properties": { "index": "997", "@osmId": "way/1366791790", "name": null, "opening_hours": null, "label": "Forests & woodland", "color": "#006837" }, "geometry": { "type": "Point", "coordinates": [ 39.2380963, -6.79397 ] } },
{ "type": "Feature", "properties": { "index": "998", "@osmId": "way/1366791791", "name": null, "opening_hours": null, "label": "Forests & woodland", "color": "#006837" }, "geometry": { "type": "Point", "coordinates": [ 39.2390399, -6.7929637 ] } },
{ "type": "Feature", "properties": { "index": "999", "@osmId": "way/1366791792", "name": null, "opening_hours": null, "label": "Forests & woodland", "color": "#006837" }, "geometry": { "type": "Point", "coordinates": [ 39.2390422, -6.7930816 ] } },
{ "type": "Feature", "properties": { "index": "1000", "@osmId": "way/1366791794", "name": null, "opening_hours": null, "label": "Forests & woodland", "color": "#006837" }, "geometry": { "type": "Point", "coordinates": [ 39.2387161, -6.7930569 ] } },
{ "type": "Feature", "properties": { "index": "1001", "@osmId": "way/1366791795", "name": null, "opening_hours": null, "label": "Forests & woodland", "color": "#006837" }, "geometry": { "type": "Point", "coordinates": [ 39.2385011, -6.792871 ] } },
{ "type": "Feature", "properties": { "index": "1002", "@osmId": "way/1366791796", "name": null, "opening_hours": null, "label": "Forests & woodland", "color": "#006837" }, "geometry": { "type": "Point", "coordinates": [ 39.238528, -6.7932788 ] } },
{ "type": "Feature", "properties": { "index": "1003", "@osmId": "way/1367188481", "name": null, "opening_hours": null, "label": "Forests & woodland", "color": "#006837" }, "geometry": { "type": "Point", "coordinates": [ 39.2419261, -6.8037119 ] } },
{ "type": "Feature", "properties": { "index": "1004", "@osmId": "way/1367274905", "name": null, "opening_hours": null, "label": "Forests & woodland", "color": "#006837" }, "geometry": { "type": "Point", "coordinates": [ 39.2338246, -6.7956098 ] } },
{ "type": "Feature", "properties": { "index": "1005", "@osmId": "way/1367274911", "name": null, "opening_hours": null, "label": "Forests & woodland", "color": "#006837" }, "geometry": { "type": "Point", "coordinates": [ 39.233725, -6.7965294 ] } },
{ "type": "Feature", "properties": { "index": "1006", "@osmId": "way/1367274912", "name": null, "opening_hours": null, "label": "Forests & woodland", "color": "#006837" }, "geometry": { "type": "Point", "coordinates": [ 39.2335491, -6.7958819 ] } },
{ "type": "Feature", "properties": { "index": "1007", "@osmId": "way/1367275723", "name": null, "opening_hours": null, "label": "Forests & woodland", "color": "#006837" }, "geometry": { "type": "Point", "coordinates": [ 39.2372539, -6.7914617 ] } },
{ "type": "Feature", "properties": { "index": "1008", "@osmId": "way/1367275725", "name": null, "opening_hours": null, "label": "Forests & woodland", "color": "#006837" }, "geometry": { "type": "Point", "coordinates": [ 39.2368391, -6.7915045 ] } },
{ "type": "Feature", "properties": { "index": "1009", "@osmId": "way/1367276976", "name": null, "opening_hours": null, "label": "Forests & woodland", "color": "#006837" }, "geometry": { "type": "Point", "coordinates": [ 39.2362987, -6.7967613 ] } },
{ "type": "Feature", "properties": { "index": "1010", "@osmId": "way/1367277166", "name": null, "opening_hours": null, "label": "Forests & woodland", "color": "#006837" }, "geometry": { "type": "Point", "coordinates": [ 39.2375223, -6.7911047 ] } },
{ "type": "Feature", "properties": { "index": "1011", "@osmId": "way/1367278362", "name": null, "opening_hours": null, "label": "Forests & woodland", "color": "#006837" }, "geometry": { "type": "Point", "coordinates": [ 39.2330805, -6.7924828 ] } },
{ "type": "Feature", "properties": { "index": "1012", "@osmId": "way/1367280877", "name": null, "opening_hours": null, "label": "Forests & woodland", "color": "#006837" }, "geometry": { "type": "Point", "coordinates": [ 39.2350538, -6.7954288 ] } },
{ "type": "Feature", "properties": { "index": "1013", "@osmId": "node/11228716072", "name": null, "opening_hours": null, "label": "Forests & woodland", "color": "#006837" }, "geometry": { "type": "Point", "coordinates": [ 39.2705201, -6.8342756 ] } },
{ "type": "Feature", "properties": { "index": "1014", "@osmId": "node/11228716073", "name": null, "opening_hours": null, "label": "Forests & woodland", "color": "#006837" }, "geometry": { "type": "Point", "coordinates": [ 39.2702921, -6.8346591 ] } },
{ "type": "Feature", "properties": { "index": "1015", "@osmId": "node/11228716074", "name": null, "opening_hours": null, "label": "Forests & woodland", "color": "#006837" }, "geometry": { "type": "Point", "coordinates": [ 39.2702465, -6.8345925 ] } },
{ "type": "Feature", "properties": { "index": "1016", "@osmId": "node/12198833385", "name": null, "opening_hours": null, "label": "Forests & woodland", "color": "#006837" }, "geometry": { "type": "Point", "coordinates": [ 39.2833146, -6.7860428 ] } }
]
}
