{
"type": "FeatureCollection",
"features": [
{ "type": "Feature", "properties": { "index": "0", "label": "Within 300 m on foot", "color": "#2b8cbe" }, "geometry": { "type": "MultiPolygon", "coordinates": [ [ [ [ 39.2202372, -6.8364935 ], [ 39.2200583, -6.836691 ], [ 39.22, -6.8367697 ], [ 39.22, -6.85 ], [ 39.2323544, -6.8500009 ], [ 39.2324114, -6.8499667 ], [ 39.2326253, -6.849808 ], [ 39.2328227, -6.849629 ], [ 39.2330015, -6.8494316 ], [ 39.2331602, -6.8492176 ], [ 39.2332971, -6.8489891 ], [ 39.2334109, -6.8487483 ], [ 39.2334788, -6.8485583 ], [ 39.233612, -6.8485916 ], [ 39.2338756, -6.8486305 ], [ 39.2341417, -6.8486435 ], [ 39.2344079, -6.8486303 ], [ 39.2346714, -6.8485911 ], [ 39.2349299, -6.8485262 ], [ 39.2351807, -6.8484364 ], [ 39.2354215, -6.8483224 ], [ 39.23565, -6.8481854 ], [ 39.235864, -6.8480266 ], [ 39.2360613, -6.8478477 ], [ 39.2362401, -6.8476503 ], [ 39.2363988, -6.8474363 ], [ 39.2365357, -6.8472078 ], [ 39.2366495, -6.846967 ], [ 39.2367391, -6.8467162 ], [ 39.2367921, -6.8465043 ], [ 39.2368526, -6.8464756 ], [ 39.2370811, -6.8463386 ], [ 39.2372536, -6.8462106 ], [ 39.237375, -6.8463005 ], [ 39.2376036, -6.8464373 ], [ 39.2378446, -6.846551 ], [ 39.2380955, -6.8466406 ], [ 39.238354, -6.8467052 ], [ 39.2386176, -6.8467441 ], [ 39.2388837, -6.8467571 ], [ 39.2391499, -6.8467439 ], [ 39.2394134, -6.8467047 ], [ 39.2396719, -6.8466398 ], [ 39.2399227, -6.84655 ], [ 39.2401635, -6.846436 ], [ 39.240392, -6.846299 ], [ 39.240606, -6.8461402 ], [ 39.2408033, -6.8459613 ], [ 39.2409822, -6.8457639 ], [ 39.2411408, -6.8455499 ], [ 39.2412777, -6.8453214 ], [ 39.2413915, -6.8450806 ], [ 39.2414811, -6.8448298 ], [ 39.2414893, -6.8447971 ], [ 39.2414961, -6.844792 ], [ 39.2416934, -6.8446131 ], [ 39.2418723, -6.8444157 ], [ 39.2420309, -6.8442017 ], [ 39.2421677, -6.8439732 ], [ 39.2422816, -6.8437324 ], [ 39.2423712, -6.8434816 ], [ 39.2424358, -6.8432232 ], [ 39.2424475, -6.8431442 ], [ 39.2425613, -6.8432284 ], [ 39.2427899, -6.8433652 ], [ 39.2430308, -6.8434789 ], [ 39.2432817, -6.8435685 ], [ 39.243497, -6.8436223 ], [ 39.2434821, -6.8436245 ], [ 39.2432237, -6.8436894 ], [ 39.2429729, -6.8437792 ], [ 39.242732, -6.8438932 ], [ 39.2425036, -6.8440302 ], [ 39.2422896, -6.844189 ], [ 39.2420923, -6.8443679 ], [ 39.2419134, -6.8445654 ], [ 39.2417548, -6.8447793 ], [ 39.2416179, -6.8450078 ], [ 39.2415041, -6.8452486 ], [ 39.2414145, -6.8454994 ], [ 39.2413499, -6.8457578 ], [ 39.2413109, -6.8460213 ], [ 39.241298, -6.8462873 ], [ 39.2413112, -6.8465533 ], [ 39.2413504, -6.8468167 ], [ 39.2414153, -6.847075 ], [ 39.2415052, -6.8473257 ], [ 39.2416192, -6.8475664 ], [ 39.2417563, -6.8477947 ], [ 39.2419152, -6.8480086 ], [ 39.2420942, -6.8482058 ], [ 39.2422917, -6.8483846 ], [ 39.2425058, -6.8485431 ], [ 39.2427345, -6.8486799 ], [ 39.2429754, -6.8487936 ], [ 39.2432263, -6.8488832 ], [ 39.2434848, -6.8489478 ], [ 39.2437484, -6.8489867 ], [ 39.2440146, -6.8489997 ], [ 39.2442807, -6.8489865 ], [ 39.2445443, -6.8489473 ], [ 39.2448027, -6.8488824 ], [ 39.2450536, -6.8487926 ], [ 39.2452944, -6.8486786 ], [ 39.2455229, -6.8485416 ], [ 39.2457368, -6.8483828 ], [ 39.2459341, -6.8482039 ], [ 39.246113, -6.8480064 ], [ 39.2462716, -6.8477924 ], [ 39.2464085, -6.8475639 ], [ 39.2465223, -6.8473231 ], [ 39.2466119, -6.8470723 ], [ 39.2466765, -6.846814 ], [ 39.2467155, -6.8465505 ], [ 39.2467284, -6.8462845 ], [ 39.2467152, -6.8460185 ], [ 39.246676, -6.8457551 ], [ 39.2466111, -6.8454968 ], [ 39.2465212, -6.8452461 ], [ 39.2464072, -6.8450054 ], [ 39.2462701, -6.8447771 ], [ 39.2461112, -6.8445632 ], [ 39.2459322, -6.844366 ], [ 39.2457347, -6.8441872 ], [ 39.2455205, -6.8440287 ], [ 39.2452919, -6.8438919 ], [ 39.245051, -6.8437782 ], [ 39.2448001, -6.8436886 ], [ 39.2445848, -6.8436348 ], [ 39.2445997, -6.8436326 ], [ 39.2448581, -6.8435677 ], [ 39.2451089, -6.8434779 ], [ 39.2453498, -6.8433639 ], [ 39.2455782, -6.8432269 ], [ 39.2457922, -6.8430681 ], [ 39.2459895, -6.8428892 ], [ 39.2461684, -6.8426917 ], [ 39.246179, -6.8426774 ], [ 39.2462741, -6.8426727 ], [ 39.2465377, -6.8426335 ], [ 39.2467961, -6.8425686 ], [ 39.2470469, -6.8424788 ], [ 39.2472878, -6.8423648 ], [ 39.2475162, -6.8422278 ], [ 39.2475642, -6.8421922 ], [ 39.2475953, -6.8421937 ], [ 39.2478614, -6.8421805 ], [ 39.248125, -6.8421413 ], [ 39.2483834, -6.8420764 ], [ 39.2486343, -6.8419866 ], [ 39.2488751, -6.8418726 ], [ 39.2491035, -6.8417355 ], [ 39.2493175, -6.8415768 ], [ 39.2495148, -6.8413978 ], [ 39.2496937, -6.8412004 ], [ 39.2498523, -6.8409864 ], [ 39.2499476, -6.8408273 ], [ 39.2500916, -6.8407592 ], [ 39.2503201, -6.8406221 ], [ 39.250534, -6.8404634 ], [ 39.250548, -6.8404507 ], [ 39.2506201, -6.8404166 ], [ 39.2508486, -6.8402795 ], [ 39.2510625, -6.8401208 ], [ 39.2512598, -6.8399418 ], [ 39.2514387, -6.8397444 ], [ 39.2515973, -6.8395304 ], [ 39.2517341, -6.8393019 ], [ 39.2518041, -6.8391538 ], [ 39.251999, -6.8391633 ], [ 39.2522652, -6.8391501 ], [ 39.2525287, -6.8391109 ], [ 39.2527871, -6.839046 ], [ 39.253038, -6.8389562 ], [ 39.2532788, -6.8388422 ], [ 39.2535073, -6.8387051 ], [ 39.2537212, -6.8385464 ], [ 39.2539185, -6.8383674 ], [ 39.2540974, -6.83817 ], [ 39.254256, -6.837956 ], [ 39.2543928, -6.8377275 ], [ 39.2545066, -6.8374867 ], [ 39.2545661, -6.8373204 ], [ 39.2545441, -6.8374693 ], [ 39.2545311, -6.8377353 ], [ 39.2545443, -6.8380013 ], [ 39.2545836, -6.8382647 ], [ 39.2545978, -6.8383215 ], [ 39.2545573, -6.8384349 ], [ 39.2544927, -6.8386933 ], [ 39.2544537, -6.8389567 ], [ 39.2544408, -6.8392227 ], [ 39.254454, -6.8394887 ], [ 39.2544933, -6.8397521 ], [ 39.2545581, -6.8400104 ], [ 39.254648, -6.8402612 ], [ 39.2547621, -6.8405018 ], [ 39.2548992, -6.8407302 ], [ 39.255058, -6.840944 ], [ 39.2552371, -6.8411413 ], [ 39.2554346, -6.84132 ], [ 39.2556487, -6.8414785 ], [ 39.2558773, -6.8416153 ], [ 39.2561183, -6.8417291 ], [ 39.2563692, -6.8418186 ], [ 39.2566277, -6.8418832 ], [ 39.2568913, -6.8419222 ], [ 39.2571575, -6.8419351 ], [ 39.2574236, -6.8419219 ], [ 39.2576871, -6.8418827 ], [ 39.2579456, -6.8418178 ], [ 39.2581964, -6.8417279 ], [ 39.2584372, -6.841614 ], [ 39.2586657, -6.8414769 ], [ 39.2588796, -6.8413182 ], [ 39.259077, -6.8411392 ], [ 39.2592558, -6.8409418 ], [ 39.2594144, -6.8407278 ], [ 39.2595513, -6.8404993 ], [ 39.2596651, -6.8402585 ], [ 39.2597547, -6.8400077 ], [ 39.2598193, -6.8397493 ], [ 39.2598583, -6.8394858 ], [ 39.2598712, -6.8392198 ], [ 39.259858, -6.8389539 ], [ 39.2598187, -6.8386904 ], [ 39.2598045, -6.8386337 ], [ 39.259845, -6.8385203 ], [ 39.2599096, -6.8382619 ], [ 39.2599486, -6.8379984 ], [ 39.2599615, -6.8377324 ], [ 39.2599483, -6.8374665 ], [ 39.259909, -6.837203 ], [ 39.2598441, -6.8369447 ], [ 39.2597542, -6.836694 ], [ 39.2596402, -6.8364533 ], [ 39.2595031, -6.836225 ], [ 39.2593442, -6.8360112 ], [ 39.2591652, -6.8358139 ], [ 39.2589797, -6.8356461 ], [ 39.2589856, -6.8356227 ], [ 39.2590245, -6.8353593 ], [ 39.2590375, -6.8350932 ], [ 39.2590262, -6.8348667 ], [ 39.2591127, -6.8349184 ], [ 39.2593536, -6.8350322 ], [ 39.2596045, -6.8351218 ], [ 39.259863, -6.8351863 ], [ 39.2601266, -6.8352253 ], [ 39.2603928, -6.8352382 ], [ 39.2606589, -6.835225 ], [ 39.2609224, -6.8351857 ], [ 39.2611809, -6.8351209 ], [ 39.2614317, -6.835031 ], [ 39.2616725, -6.834917 ], [ 39.2618716, -6.8347976 ], [ 39.2618852, -6.834797 ], [ 39.2621487, -6.8347577 ], [ 39.2624072, -6.8346929 ], [ 39.262658, -6.834603 ], [ 39.2628988, -6.834489 ], [ 39.2631273, -6.834352 ], [ 39.2632705, -6.8342457 ], [ 39.2632512, -6.8343765 ], [ 39.2632382, -6.8346425 ], [ 39.2632515, -6.8349085 ], [ 39.2632907, -6.8351719 ], [ 39.2633556, -6.8354302 ], [ 39.2634455, -6.8356809 ], [ 39.2635595, -6.8359216 ], [ 39.2636967, -6.8361499 ], [ 39.2638555, -6.8363638 ], [ 39.2640345, -6.836561 ], [ 39.2642321, -6.8367397 ], [ 39.2644462, -6.8368983 ], [ 39.2646748, -6.837035 ], [ 39.2649157, -6.8371488 ], [ 39.2651667, -6.8372384 ], [ 39.2654252, -6.8373029 ], [ 39.2656888, -6.8373419 ], [ 39.2659549, -6.8373548 ], [ 39.266221, -6.8373416 ], [ 39.2664846, -6.8373023 ], [ 39.266743, -6.8372375 ], [ 39.2669938, -6.8371476 ], [ 39.2672346, -6.8370336 ], [ 39.2674631, -6.8368966 ], [ 39.267677, -6.8367378 ], [ 39.2678744, -6.8365589 ], [ 39.2680532, -6.8363614 ], [ 39.268116, -6.8362767 ], [ 39.2681942, -6.8363819 ], [ 39.2683733, -6.8365791 ], [ 39.2685708, -6.8367578 ], [ 39.2687849, -6.8369164 ], [ 39.2690135, -6.8370532 ], [ 39.2692545, -6.8371669 ], [ 39.2695054, -6.8372565 ], [ 39.2697639, -6.837321 ], [ 39.2700275, -6.83736 ], [ 39.2702936, -6.8373729 ], [ 39.2705598, -6.8373597 ], [ 39.2708233, -6.8373204 ], [ 39.2710817, -6.8372556 ], [ 39.2713326, -6.8371657 ], [ 39.2715734, -6.8370517 ], [ 39.2715896, -6.837042 ], [ 39.271598, -6.8370432 ], [ 39.2715826, -6.8371473 ], [ 39.2715697, -6.8374133 ], [ 39.2715829, -6.8376793 ], [ 39.2716222, -6.8379427 ], [ 39.2716871, -6.838201 ], [ 39.2717141, -6.8382763 ], [ 39.2715711, -6.8384342 ], [ 39.2714124, -6.8386482 ], [ 39.2712756, -6.8388767 ], [ 39.2711618, -6.8391175 ], [ 39.2710722, -6.8393683 ], [ 39.2710076, -6.8396267 ], [ 39.2709686, -6.8398901 ], [ 39.2709557, -6.8401561 ], [ 39.2709689, -6.8404221 ], [ 39.2710082, -6.8406855 ], [ 39.2710731, -6.8409438 ], [ 39.2710803, -6.8409641 ], [ 39.2711169, -6.8411095 ], [ 39.2712068, -6.8413602 ], [ 39.2713208, -6.8416009 ], [ 39.271458, -6.8418293 ], [ 39.2716168, -6.8420431 ], [ 39.2717959, -6.8422403 ], [ 39.2719934, -6.8424191 ], [ 39.2719952, -6.8424204 ], [ 39.2719758, -6.8424465 ], [ 39.271839, -6.842675 ], [ 39.2717252, -6.8429158 ], [ 39.2716356, -6.8431666 ], [ 39.271571, -6.843425 ], [ 39.271532, -6.8436884 ], [ 39.2715191, -6.8439544 ], [ 39.2715323, -6.8442204 ], [ 39.2715527, -6.844357 ], [ 39.2714503, -6.8444183 ], [ 39.2712364, -6.8445771 ], [ 39.2710391, -6.8447561 ], [ 39.2708602, -6.8449535 ], [ 39.2707016, -6.8451675 ], [ 39.2705648, -6.845396 ], [ 39.270451, -6.8456368 ], [ 39.2703613, -6.8458876 ], [ 39.2703458, -6.8459498 ], [ 39.270122, -6.8459831 ], [ 39.2698635, -6.8460479 ], [ 39.2696127, -6.8461378 ], [ 39.2693719, -6.8462518 ], [ 39.2691434, -6.8463888 ], [ 39.2689295, -6.8465476 ], [ 39.2687322, -6.8467265 ], [ 39.268627, -6.8468426 ], [ 39.2684367, -6.846852 ], [ 39.2681732, -6.8468913 ], [ 39.2679148, -6.8469561 ], [ 39.2676639, -6.847046 ], [ 39.2674231, -6.84716 ], [ 39.2671946, -6.847297 ], [ 39.2669807, -6.8474558 ], [ 39.2667834, -6.8476347 ], [ 39.2666045, -6.8478322 ], [ 39.2664459, -6.8480462 ], [ 39.2663091, -6.8482747 ], [ 39.2661953, -6.8485155 ], [ 39.2661056, -6.8487663 ], [ 39.266041, -6.8490246 ], [ 39.2660021, -6.8492881 ], [ 39.2659892, -6.8495541 ], [ 39.2660024, -6.8498201 ], [ 39.2660294, -6.8500016 ], [ 39.2762291, -6.8500014 ], [ 39.2762526, -6.8498425 ], [ 39.2762655, -6.8495764 ], [ 39.2762523, -6.8493105 ], [ 39.2762131, -6.849047 ], [ 39.2761482, -6.8487887 ], [ 39.2760583, -6.848538 ], [ 39.2759442, -6.8482974 ], [ 39.2758071, -6.848069 ], [ 39.2756482, -6.8478552 ], [ 39.2754828, -6.847673 ], [ 39.2755589, -6.8474602 ], [ 39.2756235, -6.8472018 ], [ 39.2756624, -6.8469384 ], [ 39.2756753, -6.8466724 ], [ 39.2756621, -6.8464064 ], [ 39.2756418, -6.8462698 ], [ 39.2757441, -6.8462085 ], [ 39.275958, -6.8460497 ], [ 39.2761553, -6.8458707 ], [ 39.2763342, -6.8456733 ], [ 39.2764928, -6.8454593 ], [ 39.2766296, -6.8452308 ], [ 39.2767434, -6.84499 ], [ 39.276833, -6.8447392 ], [ 39.2768976, -6.8444808 ], [ 39.2769366, -6.8442173 ], [ 39.2769495, -6.8439513 ], [ 39.2769363, -6.8436854 ], [ 39.276897, -6.8434219 ], [ 39.2768919, -6.8434017 ], [ 39.2771172, -6.8432666 ], [ 39.2773311, -6.8431078 ], [ 39.2775284, -6.8429288 ], [ 39.2777073, -6.8427314 ], [ 39.2778004, -6.8426057 ], [ 39.2778773, -6.8426903 ], [ 39.2780748, -6.8428691 ], [ 39.2782889, -6.8430276 ], [ 39.2785176, -6.8431644 ], [ 39.2787585, -6.8432781 ], [ 39.2790094, -6.8433677 ], [ 39.2792679, -6.8434322 ], [ 39.2795315, -6.8434712 ], [ 39.2797977, -6.8434841 ], [ 39.2800638, -6.8434709 ], [ 39.2803274, -6.8434316 ], [ 39.2805858, -6.8433668 ], [ 39.2808366, -6.8432769 ], [ 39.2810774, -6.8431629 ], [ 39.2813059, -6.8430258 ], [ 39.2815198, -6.8428671 ], [ 39.2816277, -6.8427693 ], [ 39.2816673, -6.842793 ], [ 39.2819082, -6.8429067 ], [ 39.2821591, -6.8429963 ], [ 39.2824177, -6.8430608 ], [ 39.2826813, -6.8430998 ], [ 39.2828274, -6.8431069 ], [ 39.2829203, -6.84313 ], [ 39.2831839, -6.843169 ], [ 39.28345, -6.8431819 ], [ 39.2837161, -6.8431686 ], [ 39.2839797, -6.8431294 ], [ 39.2842381, -6.8430646 ], [ 39.2844889, -6.8429747 ], [ 39.2847297, -6.8428607 ], [ 39.2849582, -6.8427236 ], [ 39.2851721, -6.8425649 ], [ 39.2853695, -6.8423859 ], [ 39.2855483, -6.8421885 ], [ 39.2857069, -6.8419745 ], [ 39.2858437, -6.8417459 ], [ 39.2859575, -6.8415051 ], [ 39.2860471, -6.8412543 ], [ 39.2861117, -6.840996 ], [ 39.2861507, -6.8407325 ], [ 39.2861636, -6.8404665 ], [ 39.2861504, -6.8402005 ], [ 39.2861111, -6.8399371 ], [ 39.2860462, -6.8396788 ], [ 39.2859563, -6.8394281 ], [ 39.2858422, -6.8391874 ], [ 39.2857051, -6.8389591 ], [ 39.2855462, -6.8387453 ], [ 39.2853672, -6.838548 ], [ 39.2851697, -6.8383693 ], [ 39.2849555, -6.8382108 ], [ 39.2847269, -6.838074 ], [ 39.284486, -6.8379603 ], [ 39.284235, -6.8378707 ], [ 39.2839765, -6.8378062 ], [ 39.2837129, -6.8377672 ], [ 39.2835668, -6.8377601 ], [ 39.2834739, -6.837737 ], [ 39.2832103, -6.837698 ], [ 39.2829442, -6.8376851 ], [ 39.2826781, -6.8376983 ], [ 39.2824145, -6.8377376 ], [ 39.2821561, -6.8378024 ], [ 39.2819053, -6.8378923 ], [ 39.2816645, -6.8380063 ], [ 39.2814397, -6.8381411 ], [ 39.2814209, -6.8380147 ], [ 39.2814182, -6.8380038 ], [ 39.2815202, -6.8379555 ], [ 39.2817487, -6.8378184 ], [ 39.2819626, -6.8376597 ], [ 39.2821599, -6.8374807 ], [ 39.2823388, -6.8372833 ], [ 39.2824974, -6.8370693 ], [ 39.2826342, -6.8368408 ], [ 39.282748, -6.8366 ], [ 39.2828376, -6.8363491 ], [ 39.2829022, -6.8360908 ], [ 39.2829411, -6.8358273 ], [ 39.2829541, -6.8355613 ], [ 39.2829408, -6.8352953 ], [ 39.2829016, -6.8350319 ], [ 39.2828367, -6.8347736 ], [ 39.2827468, -6.8345229 ], [ 39.2826327, -6.8342822 ], [ 39.2824956, -6.8340539 ], [ 39.2823367, -6.8338401 ], [ 39.2821577, -6.8336429 ], [ 39.2819602, -6.8334641 ], [ 39.281746, -6.8333056 ], [ 39.2815174, -6.8331688 ], [ 39.2814521, -6.833138 ], [ 39.2814627, -6.8329197 ], [ 39.2814495, -6.8326537 ], [ 39.2814103, -6.8323903 ], [ 39.2813454, -6.832132 ], [ 39.2812555, -6.8318813 ], [ 39.2811414, -6.8316406 ], [ 39.2810043, -6.8314123 ], [ 39.2808454, -6.8311985 ], [ 39.2806664, -6.8310013 ], [ 39.2804689, -6.8308225 ], [ 39.2802547, -6.830664 ], [ 39.2800261, -6.8305272 ], [ 39.2797852, -6.8304135 ], [ 39.2795343, -6.8303239 ], [ 39.2792758, -6.8302594 ], [ 39.2790122, -6.8302204 ], [ 39.278746, -6.8302075 ], [ 39.2784799, -6.8302207 ], [ 39.2782164, -6.83026 ], [ 39.2780564, -6.8303001 ], [ 39.2778274, -6.830289 ], [ 39.2775613, -6.8303022 ], [ 39.2772978, -6.8303415 ], [ 39.2770393, -6.8304063 ], [ 39.2767885, -6.8304962 ], [ 39.2766713, -6.8305517 ], [ 39.2767344, -6.8303751 ], [ 39.276799, -6.8301167 ], [ 39.2768379, -6.8298533 ], [ 39.2768508, -6.8295872 ], [ 39.2768376, -6.8293213 ], [ 39.2767984, -6.8290578 ], [ 39.2767335, -6.8287995 ], [ 39.2766436, -6.8285488 ], [ 39.2765295, -6.8283082 ], [ 39.2763924, -6.8280798 ], [ 39.2762335, -6.827866 ], [ 39.2760545, -6.8276688 ], [ 39.275857, -6.82749 ], [ 39.2756429, -6.8273315 ], [ 39.2754142, -6.8271947 ], [ 39.2751733, -6.827081 ], [ 39.2749224, -6.8269914 ], [ 39.2746639, -6.8269269 ], [ 39.2744003, -6.8268879 ], [ 39.2741342, -6.826875 ], [ 39.273868, -6.8268882 ], [ 39.2736045, -6.8269275 ], [ 39.2733461, -6.8269923 ], [ 39.2730952, -6.8270822 ], [ 39.2728544, -6.8271962 ], [ 39.272626, -6.8273332 ], [ 39.2724121, -6.827492 ], [ 39.2722147, -6.827671 ], [ 39.2720359, -6.8278684 ], [ 39.2718773, -6.8280824 ], [ 39.2717404, -6.8283109 ], [ 39.2716267, -6.8285517 ], [ 39.271537, -6.8288025 ], [ 39.2714724, -6.8290609 ], [ 39.2714425, -6.8292631 ], [ 39.2714041, -6.82924 ], [ 39.2711631, -6.8291263 ], [ 39.2711083, -6.8291067 ], [ 39.2711342, -6.8290034 ], [ 39.2711731, -6.82874 ], [ 39.271186, -6.828474 ], [ 39.2711728, -6.828208 ], [ 39.2711336, -6.8279446 ], [ 39.2710687, -6.8276863 ], [ 39.2709788, -6.8274356 ], [ 39.2708647, -6.8271949 ], [ 39.2707276, -6.8269665 ], [ 39.2705688, -6.8267527 ], [ 39.2703897, -6.8265555 ], [ 39.2701922, -6.8263768 ], [ 39.2699781, -6.8262182 ], [ 39.2697495, -6.8260814 ], [ 39.269663, -6.8260406 ], [ 39.2698074, -6.826062 ], [ 39.2700735, -6.8260749 ], [ 39.2703396, -6.8260617 ], [ 39.2706032, -6.8260224 ], [ 39.2708616, -6.8259576 ], [ 39.2711124, -6.8258677 ], [ 39.2713532, -6.8257537 ], [ 39.2715817, -6.8256167 ], [ 39.2717956, -6.8254579 ], [ 39.2719336, -6.8253328 ], [ 39.2721528, -6.8253875 ], [ 39.2724164, -6.8254265 ], [ 39.2726825, -6.8254394 ], [ 39.2729487, -6.8254262 ], [ 39.2732122, -6.8253869 ], [ 39.2734706, -6.8253221 ], [ 39.2737214, -6.8252322 ], [ 39.2739622, -6.8251182 ], [ 39.2741907, -6.8249812 ], [ 39.2744046, -6.8248224 ], [ 39.274602, -6.8246434 ], [ 39.2747808, -6.824446 ], [ 39.2749394, -6.824232 ], [ 39.2750762, -6.8240035 ], [ 39.27519, -6.8237627 ], [ 39.2752796, -6.8235119 ], [ 39.2753442, -6.8232535 ], [ 39.2753832, -6.8229901 ], [ 39.2753961, -6.8227241 ], [ 39.2753829, -6.8224581 ], [ 39.2753436, -6.8221947 ], [ 39.2752787, -6.8219364 ], [ 39.2751888, -6.8216857 ], [ 39.2750748, -6.821445 ], [ 39.2749377, -6.8212166 ], [ 39.2747788, -6.8210028 ], [ 39.274664, -6.8208764 ], [ 39.2746919, -6.8206882 ], [ 39.2747048, -6.8204222 ], [ 39.2746916, -6.8201562 ], [ 39.2746523, -6.8198928 ], [ 39.2745874, -6.8196345 ], [ 39.274567, -6.8195777 ], [ 39.2748133, -6.8194894 ], [ 39.2750541, -6.8193754 ], [ 39.2752198, -6.819276 ], [ 39.2752355, -6.8193021 ], [ 39.2753943, -6.8195159 ], [ 39.2755734, -6.8197131 ], [ 39.2757709, -6.8198919 ], [ 39.275985, -6.8200504 ], [ 39.2762136, -6.8201872 ], [ 39.2764545, -6.8203009 ], [ 39.2767054, -6.8203905 ], [ 39.2769639, -6.820455 ], [ 39.2772275, -6.820494 ], [ 39.2774937, -6.8205069 ], [ 39.2777598, -6.8204937 ], [ 39.2780233, -6.8204544 ], [ 39.2780397, -6.8204503 ], [ 39.2780646, -6.8204688 ], [ 39.2782932, -6.8206056 ], [ 39.2784153, -6.8206632 ], [ 39.2783292, -6.8207794 ], [ 39.2781924, -6.8210079 ], [ 39.2780786, -6.8212487 ], [ 39.277989, -6.8214995 ], [ 39.2779244, -6.8217579 ], [ 39.2778854, -6.8220214 ], [ 39.2778725, -6.8222874 ], [ 39.2778857, -6.8225534 ], [ 39.277925, -6.8228168 ], [ 39.2779899, -6.8230751 ], [ 39.2780798, -6.8233258 ], [ 39.2781938, -6.8235665 ], [ 39.278331, -6.8237948 ], [ 39.2784043, -6.8238935 ], [ 39.2784099, -6.8240067 ], [ 39.2784492, -6.8242701 ], [ 39.2785141, -6.8245284 ], [ 39.278604, -6.8247791 ], [ 39.278718, -6.8250198 ], [ 39.2788552, -6.8252481 ], [ 39.279014, -6.8254619 ], [ 39.279193, -6.8256591 ], [ 39.2793906, -6.8258379 ], [ 39.2796047, -6.8259964 ], [ 39.2798264, -6.826129 ], [ 39.2798049, -6.8261889 ], [ 39.2797403, -6.8264473 ], [ 39.2797014, -6.8267108 ], [ 39.2796885, -6.8269768 ], [ 39.2797017, -6.8272428 ], [ 39.279741, -6.8275062 ], [ 39.2798059, -6.8277645 ], [ 39.2798958, -6.8280152 ], [ 39.2800098, -6.8282559 ], [ 39.2801469, -6.8284842 ], [ 39.2803058, -6.828698 ], [ 39.2804848, -6.8288953 ], [ 39.2806824, -6.829074 ], [ 39.2808965, -6.8292325 ], [ 39.2811251, -6.8293693 ], [ 39.281366, -6.829483 ], [ 39.281617, -6.8295726 ], [ 39.2818755, -6.8296371 ], [ 39.2821391, -6.8296761 ], [ 39.2824052, -6.829689 ], [ 39.2826713, -6.8296758 ], [ 39.2829349, -6.8296365 ], [ 39.2829523, -6.8296322 ], [ 39.2831836, -6.8295977 ], [ 39.283442, -6.8295329 ], [ 39.2836928, -6.829443 ], [ 39.2839336, -6.829329 ], [ 39.2841621, -6.8291919 ], [ 39.284376, -6.8290332 ], [ 39.2845733, -6.8288542 ], [ 39.2847521, -6.8286568 ], [ 39.2849107, -6.8284428 ], [ 39.2850476, -6.8282143 ], [ 39.2851614, -6.8279734 ], [ 39.285251, -6.8277226 ], [ 39.2853156, -6.8274643 ], [ 39.2853545, -6.8272008 ], [ 39.2853674, -6.8269348 ], [ 39.2853542, -6.8266688 ], [ 39.2853328, -6.8265256 ], [ 39.2854598, -6.8263854 ], [ 39.2856184, -6.8261714 ], [ 39.2857553, -6.8259429 ], [ 39.285869, -6.825702 ], [ 39.2859587, -6.8254512 ], [ 39.2860232, -6.8251929 ], [ 39.2860622, -6.8249294 ], [ 39.2860644, -6.8248843 ], [ 39.2861199, -6.824851 ], [ 39.2863338, -6.8246923 ], [ 39.2865311, -6.8245133 ], [ 39.2867099, -6.8243159 ], [ 39.2868685, -6.8241019 ], [ 39.2870054, -6.8238733 ], [ 39.2871191, -6.8236325 ], [ 39.2872087, -6.8233817 ], [ 39.2872533, -6.8232036 ], [ 39.2874819, -6.8231922 ], [ 39.2877455, -6.823153 ], [ 39.2880039, -6.8230882 ], [ 39.2882547, -6.8229983 ], [ 39.2884955, -6.8228843 ], [ 39.288724, -6.8227472 ], [ 39.2889379, -6.8225884 ], [ 39.2891352, -6.8224095 ], [ 39.289314, -6.822212 ], [ 39.2894726, -6.821998 ], [ 39.2896095, -6.8217695 ], [ 39.2897232, -6.8215287 ], [ 39.2898075, -6.8212928 ], [ 39.2898992, -6.8212097 ], [ 39.2900018, -6.8210964 ], [ 39.2900835, -6.8211167 ], [ 39.2903471, -6.8211557 ], [ 39.2906132, -6.8211686 ], [ 39.2908794, -6.8211553 ], [ 39.2911429, -6.8211161 ], [ 39.2914013, -6.8210512 ], [ 39.2916521, -6.8209614 ], [ 39.2918929, -6.8208474 ], [ 39.2921214, -6.8207103 ], [ 39.2923353, -6.8205515 ], [ 39.2925326, -6.8203726 ], [ 39.2927114, -6.8201751 ], [ 39.29287, -6.8199611 ], [ 39.2930069, -6.8197326 ], [ 39.2931206, -6.8194918 ], [ 39.2931258, -6.8194774 ], [ 39.2932364, -6.8193552 ], [ 39.293395, -6.8191412 ], [ 39.2935318, -6.8189127 ], [ 39.2936456, -6.8186719 ], [ 39.2937352, -6.8184211 ], [ 39.2937998, -6.8181627 ], [ 39.293838, -6.8179045 ], [ 39.2940152, -6.8177729 ], [ 39.2942125, -6.817594 ], [ 39.2943913, -6.8173965 ], [ 39.2945499, -6.8171825 ], [ 39.2946867, -6.816954 ], [ 39.2948005, -6.8167132 ], [ 39.2948901, -6.8164624 ], [ 39.2949335, -6.8162888 ], [ 39.2950151, -6.8162847 ], [ 39.2950006, -6.8163829 ], [ 39.2949876, -6.8166489 ], [ 39.2950009, -6.8169149 ], [ 39.2950401, -6.8171783 ], [ 39.295105, -6.8174366 ], [ 39.295195, -6.8176873 ], [ 39.295309, -6.8179279 ], [ 39.2954461, -6.8181563 ], [ 39.295605, -6.8183701 ], [ 39.295784, -6.8185673 ], [ 39.2959816, -6.818746 ], [ 39.2961957, -6.8189045 ], [ 39.2964243, -6.8190413 ], [ 39.2966652, -6.819155 ], [ 39.2969162, -6.8192446 ], [ 39.2971747, -6.8193092 ], [ 39.2974382, -6.8193481 ], [ 39.2977044, -6.819361 ], [ 39.2979705, -6.8193477 ], [ 39.298234, -6.8193085 ], [ 39.2984924, -6.8192436 ], [ 39.2987433, -6.8191538 ], [ 39.2989841, -6.8190397 ], [ 39.2992125, -6.8189027 ], [ 39.2994264, -6.8187439 ], [ 39.2996237, -6.8185649 ], [ 39.2998025, -6.8183675 ], [ 39.2999611, -6.8181535 ], [ 39.2999999, -6.8180887 ], [ 39.2999999, -6.8152059 ], [ 39.2999592, -6.8151381 ], [ 39.2998004, -6.8149243 ], [ 39.2996213, -6.8147271 ], [ 39.2994238, -6.8145484 ], [ 39.2992097, -6.8143898 ], [ 39.2989811, -6.8142531 ], [ 39.2987402, -6.8141394 ], [ 39.2984892, -6.8140498 ], [ 39.2982307, -6.8139852 ], [ 39.2979672, -6.8139463 ], [ 39.297701, -6.8139334 ], [ 39.2974847, -6.8139442 ], [ 39.2974992, -6.813846 ], [ 39.2975121, -6.81358 ], [ 39.2974989, -6.813314 ], [ 39.2974596, -6.8130506 ], [ 39.2973947, -6.8127923 ], [ 39.2973048, -6.8125416 ], [ 39.2971908, -6.812301 ], [ 39.2970536, -6.8120726 ], [ 39.2969479, -6.8119303 ], [ 39.2969455, -6.8119252 ], [ 39.2968795, -6.8118154 ], [ 39.2968777, -6.8117786 ], [ 39.2968384, -6.8115151 ], [ 39.2967735, -6.8112568 ], [ 39.2966836, -6.8110062 ], [ 39.2965696, -6.8107655 ], [ 39.2964324, -6.8105371 ], [ 39.2962736, -6.8103233 ], [ 39.2960945, -6.8101261 ], [ 39.295897, -6.8099474 ], [ 39.2956829, -6.8097889 ], [ 39.2954543, -6.8096521 ], [ 39.2952134, -6.8095384 ], [ 39.2949624, -6.8094488 ], [ 39.294704, -6.8093842 ], [ 39.2944404, -6.8093453 ], [ 39.2941742, -6.8093324 ], [ 39.2939081, -6.8093457 ], [ 39.2936446, -6.8093849 ], [ 39.2933862, -6.8094498 ], [ 39.2931354, -6.8095396 ], [ 39.2928946, -6.8096536 ], [ 39.2926661, -6.8097907 ], [ 39.2924522, -6.8099495 ], [ 39.2922549, -6.8101284 ], [ 39.2920761, -6.8103259 ], [ 39.2919175, -6.8105399 ], [ 39.2917807, -6.8107684 ], [ 39.2916669, -6.8110092 ], [ 39.2915773, -6.81126 ], [ 39.2915127, -6.8115184 ], [ 39.2914738, -6.8117818 ], [ 39.2914639, -6.8119864 ], [ 39.2914635, -6.8119865 ], [ 39.2912, -6.8120257 ], [ 39.2909416, -6.8120906 ], [ 39.2906908, -6.8121804 ], [ 39.29045, -6.8122944 ], [ 39.2902215, -6.8124315 ], [ 39.2900076, -6.8125903 ], [ 39.2898103, -6.8127692 ], [ 39.2897464, -6.8128398 ], [ 39.2897047, -6.8127236 ], [ 39.2895907, -6.8124829 ], [ 39.2894536, -6.8122546 ], [ 39.2892947, -6.8120407 ], [ 39.2891157, -6.8118435 ], [ 39.2889181, -6.8116648 ], [ 39.288704, -6.8115063 ], [ 39.2884754, -6.8113695 ], [ 39.2882345, -6.8112558 ], [ 39.2879836, -6.8111662 ], [ 39.2877251, -6.8111017 ], [ 39.2874615, -6.8110627 ], [ 39.2872792, -6.8110539 ], [ 39.2872726, -6.8110273 ], [ 39.2873286, -6.8110246 ], [ 39.2875922, -6.8109853 ], [ 39.2878506, -6.8109205 ], [ 39.2881014, -6.8108306 ], [ 39.2883422, -6.8107166 ], [ 39.2885706, -6.8105795 ], [ 39.2887845, -6.8104208 ], [ 39.2889818, -6.8102418 ], [ 39.2891607, -6.8100444 ], [ 39.2893193, -6.8098303 ], [ 39.2894561, -6.8096018 ], [ 39.2895699, -6.809361 ], [ 39.2896595, -6.8091102 ], [ 39.2897241, -6.8088518 ], [ 39.289763, -6.8085884 ], [ 39.2897759, -6.8083224 ], [ 39.2897627, -6.8080564 ], [ 39.2897234, -6.807793 ], [ 39.2896585, -6.8075347 ], [ 39.2896288, -6.8074517 ], [ 39.2896213, -6.8073009 ], [ 39.289582, -6.8070375 ], [ 39.2895171, -6.8067792 ], [ 39.2894272, -6.8065285 ], [ 39.2893132, -6.8062878 ], [ 39.289176, -6.8060595 ], [ 39.2890172, -6.8058456 ], [ 39.2888382, -6.8056484 ], [ 39.2886406, -6.8054697 ], [ 39.2884265, -6.8053112 ], [ 39.2881979, -6.8051744 ], [ 39.287957, -6.8050607 ], [ 39.2877061, -6.8049711 ], [ 39.2874476, -6.8049066 ], [ 39.2874127, -6.8049014 ], [ 39.2875151, -6.8047632 ], [ 39.287652, -6.8045346 ], [ 39.2877657, -6.8042938 ], [ 39.2878553, -6.804043 ], [ 39.2879199, -6.8037847 ], [ 39.2879589, -6.8035212 ], [ 39.2879718, -6.8032552 ], [ 39.2879585, -6.8029892 ], [ 39.2879193, -6.8027258 ], [ 39.2878544, -6.8024675 ], [ 39.2877645, -6.8022168 ], [ 39.2876504, -6.8019761 ], [ 39.2875133, -6.8017478 ], [ 39.2873545, -6.801534 ], [ 39.2871754, -6.8013367 ], [ 39.2869779, -6.801158 ], [ 39.2867638, -6.8009995 ], [ 39.2865352, -6.8008627 ], [ 39.2862943, -6.800749 ], [ 39.2860434, -6.8006594 ], [ 39.2857849, -6.8005949 ], [ 39.2855213, -6.8005559 ], [ 39.2854476, -6.8005524 ], [ 39.2854931, -6.8004764 ], [ 39.2856069, -6.8002355 ], [ 39.2856965, -6.7999847 ], [ 39.2857611, -6.7997264 ], [ 39.2858, -6.7994629 ], [ 39.285813, -6.7991969 ], [ 39.2857997, -6.7989309 ], [ 39.2857605, -6.7986675 ], [ 39.2856956, -6.7984092 ], [ 39.2856057, -6.7981585 ], [ 39.2854916, -6.7979178 ], [ 39.2853545, -6.7976895 ], [ 39.2851957, -6.7974757 ], [ 39.2850166, -6.7972784 ], [ 39.2848191, -6.7970997 ], [ 39.284605, -6.7969412 ], [ 39.2843764, -6.7968044 ], [ 39.2841355, -6.7966907 ], [ 39.2838846, -6.7966011 ], [ 39.2836261, -6.7965366 ], [ 39.2833625, -6.7964976 ], [ 39.2830964, -6.7964847 ], [ 39.2828303, -6.7964979 ], [ 39.2825668, -6.7965372 ], [ 39.2823084, -6.796602 ], [ 39.2820576, -6.7966919 ], [ 39.2818168, -6.7968059 ], [ 39.2815883, -6.796943 ], [ 39.2815, -6.7970085 ], [ 39.2814627, -6.7969465 ], [ 39.2813039, -6.7967327 ], [ 39.2811248, -6.7965355 ], [ 39.2809273, -6.7963567 ], [ 39.2807132, -6.7961982 ], [ 39.2804846, -6.7960614 ], [ 39.2802437, -6.7959477 ], [ 39.2800852, -6.7958911 ], [ 39.280081, -6.7958886 ], [ 39.280057, -6.7958773 ], [ 39.2800923, -6.7956386 ], [ 39.2801052, -6.7953726 ], [ 39.280092, -6.7951066 ], [ 39.2800528, -6.7948432 ], [ 39.2799879, -6.7945849 ], [ 39.279898, -6.7943342 ], [ 39.2797839, -6.7940936 ], [ 39.2796468, -6.7938652 ], [ 39.279488, -6.7936514 ], [ 39.2793089, -6.7934542 ], [ 39.2791114, -6.7932754 ], [ 39.2788973, -6.7931169 ], [ 39.2786687, -6.7929801 ], [ 39.2784278, -6.7928664 ], [ 39.2781769, -6.7927768 ], [ 39.2779184, -6.7927123 ], [ 39.2776549, -6.7926733 ], [ 39.2773887, -6.7926604 ], [ 39.2771226, -6.7926736 ], [ 39.2768591, -6.7927129 ], [ 39.2766007, -6.7927777 ], [ 39.2763499, -6.7928676 ], [ 39.2761091, -6.7929816 ], [ 39.2758807, -6.7931186 ], [ 39.2756668, -6.7932774 ], [ 39.2754695, -6.7934564 ], [ 39.2752906, -6.7936538 ], [ 39.2751321, -6.7938678 ], [ 39.2750176, -6.7940588 ], [ 39.2750107, -6.7940473 ], [ 39.2748519, -6.7938335 ], [ 39.2746729, -6.7936363 ], [ 39.2744754, -6.7934575 ], [ 39.2744171, -6.7934144 ], [ 39.2745188, -6.7933221 ], [ 39.2746976, -6.7931247 ], [ 39.2748562, -6.7929107 ], [ 39.2749931, -6.7926822 ], [ 39.2751068, -6.7924414 ], [ 39.2751965, -6.7921906 ], [ 39.2752611, -6.7919322 ], [ 39.2753, -6.7916688 ], [ 39.2753129, -6.7914028 ], [ 39.2752997, -6.7911368 ], [ 39.2752604, -6.7908734 ], [ 39.2751956, -6.7906151 ], [ 39.2751057, -6.7903644 ], [ 39.2749916, -6.7901237 ], [ 39.2748545, -6.7898953 ], [ 39.2746957, -6.7896815 ], [ 39.2745166, -6.7894843 ], [ 39.2743191, -6.7893055 ], [ 39.2741051, -6.789147 ], [ 39.2738764, -6.7890102 ], [ 39.2738044, -6.7889762 ], [ 39.2738332, -6.788928 ], [ 39.273947, -6.7886872 ], [ 39.2740366, -6.7884364 ], [ 39.274037, -6.7884349 ], [ 39.2741914, -6.7885492 ], [ 39.27442, -6.788686 ], [ 39.2746609, -6.7887997 ], [ 39.2749118, -6.7888893 ], [ 39.2751703, -6.7889538 ], [ 39.2754338, -6.7889928 ], [ 39.2756999, -6.7890057 ], [ 39.275966, -6.7889925 ], [ 39.2762296, -6.7889532 ], [ 39.276488, -6.7888884 ], [ 39.2767388, -6.7887985 ], [ 39.2769796, -6.7886845 ], [ 39.277208, -6.7885475 ], [ 39.2774219, -6.7883887 ], [ 39.2776192, -6.7882097 ], [ 39.277798, -6.7880123 ], [ 39.2779566, -6.7877983 ], [ 39.2780935, -6.7875698 ], [ 39.2781755, -6.7873961 ], [ 39.2782383, -6.7873804 ], [ 39.2784891, -6.7872905 ], [ 39.2787299, -6.7871765 ], [ 39.2789583, -6.7870395 ], [ 39.2791722, -6.7868807 ], [ 39.2793695, -6.7867017 ], [ 39.2795483, -6.7865043 ], [ 39.2797069, -6.7862903 ], [ 39.2798437, -6.7860618 ], [ 39.2799575, -6.785821 ], [ 39.2800471, -6.7855702 ], [ 39.2801117, -6.7853118 ], [ 39.2801507, -6.7850483 ], [ 39.2801636, -6.7847823 ], [ 39.2801504, -6.7845164 ], [ 39.2801111, -6.7842529 ], [ 39.2800462, -6.7839946 ], [ 39.2799563, -6.7837439 ], [ 39.2798423, -6.7835033 ], [ 39.2797052, -6.7832749 ], [ 39.2795463, -6.7830611 ], [ 39.2794259, -6.7829284 ], [ 39.2796351, -6.7829593 ], [ 39.2799012, -6.7829722 ], [ 39.2801673, -6.782959 ], [ 39.2804308, -6.7829197 ], [ 39.2806892, -6.7828549 ], [ 39.28094, -6.782765 ], [ 39.2811808, -6.782651 ], [ 39.2814092, -6.782514 ], [ 39.2816231, -6.7823552 ], [ 39.2818204, -6.7821762 ], [ 39.2819523, -6.7820306 ], [ 39.2820052, -6.7822411 ], [ 39.2820951, -6.7824918 ], [ 39.2822092, -6.7827325 ], [ 39.2823463, -6.7829608 ], [ 39.2825051, -6.7831746 ], [ 39.2826841, -6.7833719 ], [ 39.282714, -6.7833989 ], [ 39.282525, -6.7834463 ], [ 39.2822742, -6.7835362 ], [ 39.2820334, -6.7836502 ], [ 39.281805, -6.7837873 ], [ 39.2815911, -6.783946 ], [ 39.2813938, -6.784125 ], [ 39.281215, -6.7843224 ], [ 39.2810564, -6.7845364 ], [ 39.2809195, -6.7847649 ], [ 39.2808058, -6.7850057 ], [ 39.2807162, -6.7852565 ], [ 39.2806516, -6.7855149 ], [ 39.2806126, -6.7857784 ], [ 39.2805997, -6.7860444 ], [ 39.2806129, -6.7863104 ], [ 39.2806522, -6.7865738 ], [ 39.2807171, -6.7868321 ], [ 39.280807, -6.7870828 ], [ 39.280921, -6.7873235 ], [ 39.2810581, -6.7875518 ], [ 39.281217, -6.7877656 ], [ 39.281396, -6.7879629 ], [ 39.2815935, -6.7881416 ], [ 39.2818076, -6.7883001 ], [ 39.2820362, -6.7884369 ], [ 39.2822771, -6.7885506 ], [ 39.282528, -6.7886402 ], [ 39.2827865, -6.7887047 ], [ 39.2830501, -6.7887437 ], [ 39.2833162, -6.7887566 ], [ 39.2835823, -6.7887434 ], [ 39.2838458, -6.7887041 ], [ 39.2841042, -6.7886393 ], [ 39.284355, -6.7885494 ], [ 39.2845958, -6.7884354 ], [ 39.2848242, -6.7882983 ], [ 39.2850381, -6.7881396 ], [ 39.2852354, -6.7879606 ], [ 39.2854142, -6.7877632 ], [ 39.2855728, -6.7875492 ], [ 39.2857097, -6.7873207 ], [ 39.2858234, -6.7870798 ], [ 39.285913, -6.786829 ], [ 39.2859776, -6.7865707 ], [ 39.2860166, -6.7863072 ], [ 39.2860295, -6.7860412 ], [ 39.2860163, -6.7857752 ], [ 39.285977, -6.7855118 ], [ 39.2859121, -6.7852535 ], [ 39.2858222, -6.7850028 ], [ 39.2857082, -6.7847621 ], [ 39.2855711, -6.7845338 ], [ 39.2854122, -6.78432 ], [ 39.2852332, -6.7841227 ], [ 39.2852033, -6.7840957 ], [ 39.2853923, -6.7840483 ], [ 39.2856431, -6.7839584 ], [ 39.2858839, -6.7838444 ], [ 39.2861123, -6.7837073 ], [ 39.2863262, -6.7835486 ], [ 39.2865235, -6.7833696 ], [ 39.2867023, -6.7831722 ], [ 39.2868609, -6.7829582 ], [ 39.2869977, -6.7827297 ], [ 39.2871115, -6.7824888 ], [ 39.2872011, -6.782238 ], [ 39.2872657, -6.7819797 ], [ 39.2873046, -6.7817162 ], [ 39.2873176, -6.7814502 ], [ 39.2873043, -6.7811842 ], [ 39.2872651, -6.7809208 ], [ 39.2872002, -6.7806625 ], [ 39.2871103, -6.7804118 ], [ 39.2869962, -6.7801711 ], [ 39.286894, -6.7800009 ], [ 39.2723868, -6.7800015 ], [ 39.2723853, -6.7800076 ], [ 39.2723464, -6.780271 ], [ 39.2723334, -6.780537 ], [ 39.2723467, -6.780803 ], [ 39.2723859, -6.7810664 ], [ 39.2724508, -6.7813247 ], [ 39.2725407, -6.7815754 ], [ 39.2726547, -6.7818161 ], [ 39.2727918, -6.7820445 ], [ 39.2729507, -6.7822583 ], [ 39.2731297, -6.7824555 ], [ 39.2733272, -6.7826343 ], [ 39.2735413, -6.7827928 ], [ 39.2737699, -6.7829296 ], [ 39.2740108, -6.7830433 ], [ 39.2742617, -6.7831329 ], [ 39.2745202, -6.7831974 ], [ 39.2747837, -6.7832364 ], [ 39.2750498, -6.7832493 ], [ 39.2752176, -6.7832409 ], [ 39.2751905, -6.7832775 ], [ 39.2750537, -6.783506 ], [ 39.2749716, -6.7836797 ], [ 39.2749088, -6.7836954 ], [ 39.274658, -6.7837853 ], [ 39.2744173, -6.7838993 ], [ 39.2741888, -6.7840363 ], [ 39.2739749, -6.7841951 ], [ 39.2737776, -6.7843741 ], [ 39.2735988, -6.7845715 ], [ 39.2734402, -6.7847855 ], [ 39.2733034, -6.785014 ], [ 39.2731896, -6.7852548 ], [ 39.2731, -6.7855056 ], [ 39.2730996, -6.7855071 ], [ 39.2729452, -6.7853928 ], [ 39.2727166, -6.785256 ], [ 39.2725853, -6.785194 ], [ 39.2726393, -6.7850428 ], [ 39.2727039, -6.7847844 ], [ 39.2727429, -6.784521 ], [ 39.2727558, -6.784255 ], [ 39.2727426, -6.783989 ], [ 39.2727033, -6.7837256 ], [ 39.2726384, -6.7834673 ], [ 39.2725485, -6.7832166 ], [ 39.2724345, -6.7829759 ], [ 39.2722974, -6.7827475 ], [ 39.2721386, -6.7825337 ], [ 39.2719595, -6.7823365 ], [ 39.271762, -6.7821578 ], [ 39.2715479, -6.7819992 ], [ 39.2713193, -6.7818624 ], [ 39.2710784, -6.7817487 ], [ 39.2708275, -6.7816591 ], [ 39.2705691, -6.7815946 ], [ 39.2703055, -6.7815556 ], [ 39.2700394, -6.7815427 ], [ 39.2697733, -6.7815559 ], [ 39.2695098, -6.7815952 ], [ 39.2692755, -6.7816539 ], [ 39.2691573, -6.7814947 ], [ 39.2689782, -6.7812975 ], [ 39.2687807, -6.7811188 ], [ 39.2685667, -6.7809602 ], [ 39.2683381, -6.7808235 ], [ 39.2680972, -6.7807097 ], [ 39.2678463, -6.7806201 ], [ 39.2675878, -6.7805556 ], [ 39.2673242, -6.7805166 ], [ 39.2670581, -6.7805037 ], [ 39.266792, -6.7805169 ], [ 39.2665285, -6.7805562 ], [ 39.2662701, -6.780621 ], [ 39.2660193, -6.7807109 ], [ 39.2657785, -6.7808249 ], [ 39.2655501, -6.7809619 ], [ 39.2653362, -6.7811207 ], [ 39.2651388, -6.7812996 ], [ 39.26496, -6.781497 ], [ 39.2648824, -6.7816018 ], [ 39.2648726, -6.7814058 ], [ 39.2648334, -6.7811424 ], [ 39.2647685, -6.7808841 ], [ 39.2646786, -6.7806334 ], [ 39.2645646, -6.7803927 ], [ 39.2644275, -6.7801644 ], [ 39.2643066, -6.7800016 ], [ 39.2600353, -6.7800016 ], [ 39.2599129, -6.7801668 ], [ 39.259776, -6.7803953 ], [ 39.2596622, -6.7806361 ], [ 39.2595726, -6.7808869 ], [ 39.259508, -6.7811453 ], [ 39.2594691, -6.7814088 ], [ 39.2594561, -6.7816748 ], [ 39.2594693, -6.7819407 ], [ 39.2595042, -6.7821747 ], [ 39.2593039, -6.7821451 ], [ 39.2590378, -6.7821322 ], [ 39.2587717, -6.7821454 ], [ 39.2585081, -6.7821846 ], [ 39.2584646, -6.7821956 ], [ 39.2582803, -6.7822047 ], [ 39.2581383, -6.7822258 ], [ 39.2581093, -6.7822121 ], [ 39.2578584, -6.7821226 ], [ 39.2575999, -6.782058 ], [ 39.2573364, -6.782019 ], [ 39.2570703, -6.7820061 ], [ 39.2568042, -6.7820193 ], [ 39.2565406, -6.7820585 ], [ 39.2562822, -6.7821234 ], [ 39.2560314, -6.7822132 ], [ 39.2557907, -6.7823272 ], [ 39.2555622, -6.7824643 ], [ 39.2553483, -6.782623 ], [ 39.2553166, -6.7826517 ], [ 39.2552821, -6.7825789 ], [ 39.255145, -6.7823505 ], [ 39.2549862, -6.7821367 ], [ 39.2548072, -6.7819395 ], [ 39.2546097, -6.7817607 ], [ 39.2543956, -6.7816022 ], [ 39.254167, -6.7814654 ], [ 39.2539261, -6.7813516 ], [ 39.2537284, -6.7812811 ], [ 39.2538177, -6.781092 ], [ 39.2539074, -6.7808412 ], [ 39.253972, -6.7805828 ], [ 39.2540109, -6.7803194 ], [ 39.2540239, -6.7800534 ], [ 39.2540213, -6.7800016 ], [ 39.2484576, -6.7800015 ], [ 39.248439, -6.7800103 ], [ 39.2484292, -6.7800015 ], [ 39.2383799, -6.7800012 ], [ 39.2383594, -6.7800354 ], [ 39.2382728, -6.7800397 ], [ 39.2380092, -6.7800789 ], [ 39.2377508, -6.7801438 ], [ 39.2375, -6.7802336 ], [ 39.2374184, -6.7802722 ], [ 39.2373937, -6.7802759 ], [ 39.2371352, -6.7803407 ], [ 39.2368844, -6.7804306 ], [ 39.2366436, -6.7805446 ], [ 39.2364152, -6.7806816 ], [ 39.2362013, -6.7808404 ], [ 39.236004, -6.7810193 ], [ 39.2358251, -6.7812167 ], [ 39.2356665, -6.7814307 ], [ 39.2355297, -6.7816592 ], [ 39.2354159, -6.7819 ], [ 39.2353262, -6.7821508 ], [ 39.2352616, -6.7824092 ], [ 39.2352227, -6.7826726 ], [ 39.2352097, -6.7829386 ], [ 39.2352229, -6.7832046 ], [ 39.2352621, -6.783468 ], [ 39.235273, -6.7835115 ], [ 39.2352741, -6.7835331 ], [ 39.2353121, -6.7837882 ], [ 39.2350639, -6.7838771 ], [ 39.2348231, -6.7839911 ], [ 39.2345947, -6.7841281 ], [ 39.2343808, -6.7842868 ], [ 39.2341835, -6.7844658 ], [ 39.2340046, -6.7846632 ], [ 39.233846, -6.7848772 ], [ 39.2337092, -6.7851057 ], [ 39.2336545, -6.7852213 ], [ 39.2335802, -6.7851863 ], [ 39.2333293, -6.7850967 ], [ 39.2330709, -6.7850321 ], [ 39.2328073, -6.7849931 ], [ 39.2325412, -6.7849802 ], [ 39.2322751, -6.7849934 ], [ 39.2320714, -6.7850237 ], [ 39.2319776, -6.7849902 ], [ 39.2317191, -6.7849256 ], [ 39.2316971, -6.7849223 ], [ 39.2317345, -6.7848999 ], [ 39.2319484, -6.7847412 ], [ 39.2321457, -6.7845622 ], [ 39.2323246, -6.7843648 ], [ 39.2324832, -6.7841508 ], [ 39.23262, -6.7839223 ], [ 39.2327338, -6.7836815 ], [ 39.2328235, -6.7834307 ], [ 39.2328881, -6.7831724 ], [ 39.232927, -6.7829089 ], [ 39.23294, -6.7826429 ], [ 39.2329268, -6.7823769 ], [ 39.2328876, -6.7821135 ], [ 39.2328227, -6.7818552 ], [ 39.2327328, -6.7816045 ], [ 39.2326188, -6.7813638 ], [ 39.2324817, -6.7811354 ], [ 39.2323229, -6.7809216 ], [ 39.2321439, -6.7807243 ], [ 39.2319464, -6.7805456 ], [ 39.2317323, -6.780387 ], [ 39.2315037, -6.7802502 ], [ 39.2312628, -6.7801365 ], [ 39.231012, -6.7800469 ], [ 39.2308274, -6.7800008 ], [ 39.2205899, -6.78 ], [ 39.220588, -6.7800127 ], [ 39.220575, -6.7802787 ], [ 39.2205882, -6.7805447 ], [ 39.2206274, -6.7808082 ], [ 39.2206923, -6.7810665 ], [ 39.2207822, -6.7813172 ], [ 39.2208962, -6.7815579 ], [ 39.2210333, -6.7817862 ], [ 39.2211838, -6.7819889 ], [ 39.2210396, -6.7821196 ], [ 39.2208608, -6.782317 ], [ 39.2207022, -6.782531 ], [ 39.2205653, -6.7827595 ], [ 39.2204515, -6.7830003 ], [ 39.2203619, -6.7832511 ], [ 39.2203093, -6.7834613 ], [ 39.2201418, -6.7834696 ], [ 39.22, -6.7834907 ], [ 39.22, -6.7888497 ], [ 39.2201442, -6.788871 ], [ 39.2204103, -6.788884 ], [ 39.2206764, -6.7888708 ], [ 39.2207508, -6.7888597 ], [ 39.2207564, -6.7888754 ], [ 39.2208704, -6.7891161 ], [ 39.2210075, -6.7893444 ], [ 39.2211663, -6.7895583 ], [ 39.2213453, -6.7897555 ], [ 39.2215428, -6.7899343 ], [ 39.2216271, -6.7899967 ], [ 39.2216199, -6.7901444 ], [ 39.2216331, -6.7904104 ], [ 39.2216723, -6.7906739 ], [ 39.2217371, -6.7909322 ], [ 39.221827, -6.7911829 ], [ 39.2219207, -6.7913807 ], [ 39.2217833, -6.7913604 ], [ 39.2215172, -6.7913474 ], [ 39.2212511, -6.7913606 ], [ 39.2209875, -6.7913998 ], [ 39.2207291, -6.7914646 ], [ 39.2204783, -6.7915545 ], [ 39.2202375, -6.7916684 ], [ 39.220009, -6.7918055 ], [ 39.22, -6.7918122 ], [ 39.22, -6.7963101 ], [ 39.2200111, -6.7963183 ], [ 39.2202397, -6.7964551 ], [ 39.2204806, -6.7965689 ], [ 39.2207315, -6.7966585 ], [ 39.22099, -6.7967231 ], [ 39.2212535, -6.796762 ], [ 39.2215196, -6.796775 ], [ 39.2217857, -6.7967618 ], [ 39.2220493, -6.7967226 ], [ 39.2223077, -6.7966578 ], [ 39.2225585, -6.7965679 ], [ 39.2227993, -6.796454 ], [ 39.222974, -6.7963492 ], [ 39.2229676, -6.796375 ], [ 39.2229286, -6.7966385 ], [ 39.2229156, -6.7969045 ], [ 39.2229288, -6.7971704 ], [ 39.2229681, -6.7974339 ], [ 39.2230329, -6.7976922 ], [ 39.2231228, -6.7979429 ], [ 39.2232368, -6.7981836 ], [ 39.2233739, -6.7984119 ], [ 39.2235327, -6.7986258 ], [ 39.2237117, -6.798823 ], [ 39.2239092, -6.7990018 ], [ 39.2241233, -6.7991603 ], [ 39.2241889, -6.7991996 ], [ 39.2241511, -6.7992794 ], [ 39.2240615, -6.7995302 ], [ 39.2240503, -6.7995751 ], [ 39.2240256, -6.7996441 ], [ 39.2239609, -6.7999025 ], [ 39.223922, -6.800166 ], [ 39.223909, -6.800432 ], [ 39.2239222, -6.800698 ], [ 39.2239614, -6.8009614 ], [ 39.2240054, -6.8011363 ], [ 39.2240211, -6.8012423 ], [ 39.2240546, -6.8013756 ], [ 39.2240418, -6.8016383 ], [ 39.224055, -6.8019043 ], [ 39.2240942, -6.8021677 ], [ 39.2241591, -6.802426 ], [ 39.224249, -6.8026767 ], [ 39.224363, -6.8029174 ], [ 39.2245001, -6.8031458 ], [ 39.2246589, -6.8033596 ], [ 39.2248379, -6.8035568 ], [ 39.2250354, -6.8037356 ], [ 39.2252495, -6.8038941 ], [ 39.2254781, -6.8040309 ], [ 39.225719, -6.8041447 ], [ 39.2259699, -6.8042343 ], [ 39.2262284, -6.8042989 ], [ 39.226492, -6.8043378 ], [ 39.2267581, -6.8043508 ], [ 39.2270242, -6.8043376 ], [ 39.2270947, -6.8043271 ], [ 39.2270905, -6.8044125 ], [ 39.2271037, -6.8046785 ], [ 39.2271317, -6.8048665 ], [ 39.2270266, -6.8047714 ], [ 39.2268125, -6.8046129 ], [ 39.2265839, -6.8044761 ], [ 39.226343, -6.8043623 ], [ 39.2260921, -6.8042727 ], [ 39.2258336, -6.8042081 ], [ 39.2255701, -6.8041692 ], [ 39.2253039, -6.8041562 ], [ 39.2250378, -6.8041694 ], [ 39.2247743, -6.8042086 ], [ 39.2245159, -6.8042734 ], [ 39.2242687, -6.8043619 ], [ 39.2240958, -6.8042585 ], [ 39.2238549, -6.8041447 ], [ 39.223604, -6.8040551 ], [ 39.2235513, -6.8040419 ], [ 39.2234126, -6.8039924 ], [ 39.2231541, -6.8039278 ], [ 39.2228906, -6.8038889 ], [ 39.2226244, -6.8038759 ], [ 39.2223583, -6.8038891 ], [ 39.2221065, -6.8039266 ], [ 39.2219906, -6.8039323 ], [ 39.2217271, -6.8039715 ], [ 39.2214687, -6.8040363 ], [ 39.2212179, -6.8041262 ], [ 39.2209771, -6.8042401 ], [ 39.2207486, -6.8043772 ], [ 39.2205347, -6.8045359 ], [ 39.2203373, -6.8047148 ], [ 39.2201585, -6.8049122 ], [ 39.22, -6.8051261 ], [ 39.22, -6.8110665 ], [ 39.2201006, -6.8110714 ], [ 39.2203668, -6.8110582 ], [ 39.2206303, -6.811019 ], [ 39.2208887, -6.8109542 ], [ 39.2211395, -6.8108643 ], [ 39.2213803, -6.8107504 ], [ 39.2216088, -6.8106133 ], [ 39.2218228, -6.8104546 ], [ 39.2219542, -6.8103354 ], [ 39.2218382, -6.8104918 ], [ 39.2217014, -6.8107203 ], [ 39.2215876, -6.8109611 ], [ 39.2214979, -6.8112119 ], [ 39.2214333, -6.8114703 ], [ 39.2213943, -6.8117337 ], [ 39.2213814, -6.8119998 ], [ 39.2213946, -6.8122657 ], [ 39.2214338, -6.8125292 ], [ 39.2214986, -6.8127875 ], [ 39.2215385, -6.8128988 ], [ 39.2215617, -6.8129912 ], [ 39.2216516, -6.8132419 ], [ 39.2217656, -6.8134826 ], [ 39.2219027, -6.8137109 ], [ 39.2220615, -6.8139248 ], [ 39.2222406, -6.814122 ], [ 39.2223619, -6.8142318 ], [ 39.2222035, -6.8142241 ], [ 39.2219373, -6.8142373 ], [ 39.2216738, -6.8142765 ], [ 39.2214154, -6.8143413 ], [ 39.2211645, -6.8144312 ], [ 39.2209237, -6.8145451 ], [ 39.2206953, -6.8146822 ], [ 39.2204813, -6.8148409 ], [ 39.220284, -6.8150198 ], [ 39.2201051, -6.8152173 ], [ 39.22, -6.8153591 ], [ 39.22, -6.8185167 ], [ 39.2201067, -6.8186605 ], [ 39.2202857, -6.8188577 ], [ 39.2204832, -6.8190365 ], [ 39.220493, -6.8190437 ], [ 39.2203284, -6.819193 ], [ 39.2201495, -6.8193905 ], [ 39.22, -6.8195922 ], [ 39.22, -6.8226302 ], [ 39.2201151, -6.8227852 ], [ 39.2201487, -6.8228411 ], [ 39.2203075, -6.823055 ], [ 39.2204865, -6.8232522 ], [ 39.220684, -6.823431 ], [ 39.2208981, -6.8235895 ], [ 39.2211267, -6.8237263 ], [ 39.2213676, -6.8238401 ], [ 39.2216185, -6.8239297 ], [ 39.2216278, -6.823932 ], [ 39.221547, -6.8240213 ], [ 39.2213884, -6.8242352 ], [ 39.2212515, -6.8244637 ], [ 39.2211377, -6.8247045 ], [ 39.221048, -6.8249553 ], [ 39.2209834, -6.8252137 ], [ 39.2209444, -6.8254771 ], [ 39.2209315, -6.8257432 ], [ 39.2209447, -6.8260091 ], [ 39.2209839, -6.8262726 ], [ 39.2210488, -6.8265309 ], [ 39.2211386, -6.8267816 ], [ 39.2212509, -6.8270186 ], [ 39.2211971, -6.8270509 ], [ 39.2209832, -6.8272096 ], [ 39.2207858, -6.8273885 ], [ 39.220607, -6.827586 ], [ 39.2204484, -6.8277999 ], [ 39.2203115, -6.8280284 ], [ 39.2201977, -6.8282692 ], [ 39.220108, -6.82852 ], [ 39.2200434, -6.8287784 ], [ 39.2200044, -6.8290418 ], [ 39.22, -6.8291331 ], [ 39.22, -6.8294793 ], [ 39.2200047, -6.8295738 ], [ 39.2200439, -6.8298373 ], [ 39.2201011, -6.830065 ], [ 39.2200075, -6.8301684 ], [ 39.22, -6.8301785 ], [ 39.22, -6.8335994 ], [ 39.220009, -6.8336116 ], [ 39.2201881, -6.8338088 ], [ 39.2203856, -6.8339876 ], [ 39.2205997, -6.8341461 ], [ 39.2208283, -6.8342829 ], [ 39.2210692, -6.8343967 ], [ 39.2213201, -6.8344863 ], [ 39.2215786, -6.8345509 ], [ 39.2218422, -6.8345898 ], [ 39.2219435, -6.8345948 ], [ 39.2217832, -6.8347717 ], [ 39.2216246, -6.8349856 ], [ 39.2214877, -6.8352141 ], [ 39.2213739, -6.8354549 ], [ 39.2212843, -6.8357057 ], [ 39.2212459, -6.835859 ], [ 39.2211178, -6.8359049 ], [ 39.220877, -6.8360188 ], [ 39.2206485, -6.8361559 ], [ 39.2204345, -6.8363146 ], [ 39.2202372, -6.8364935 ] ], [ [ 39.2486483, -6.8125481 ], [ 39.2486814, -6.8123246 ], [ 39.2486943, -6.8120586 ], [ 39.2486929, -6.8120294 ], [ 39.2488393, -6.8119416 ], [ 39.2490533, -6.8117828 ], [ 39.2492506, -6.8116038 ], [ 39.2494294, -6.8114064 ], [ 39.249588, -6.8111924 ], [ 39.2497249, -6.8109639 ], [ 39.2498387, -6.8107231 ], [ 39.2499242, -6.810484 ], [ 39.2499715, -6.810616 ], [ 39.2500855, -6.8108567 ], [ 39.2501407, -6.8109487 ], [ 39.2500928, -6.8110133 ], [ 39.249956, -6.8112418 ], [ 39.2498422, -6.8114826 ], [ 39.2497526, -6.8117334 ], [ 39.249688, -6.8119918 ], [ 39.249649, -6.8122552 ], [ 39.2496426, -6.8123863 ], [ 39.2496386, -6.81239 ], [ 39.2494597, -6.8125874 ], [ 39.2493918, -6.812679 ], [ 39.2492898, -6.8127273 ], [ 39.2490613, -6.8128644 ], [ 39.2488873, -6.8129935 ], [ 39.2488213, -6.8128543 ], [ 39.2487744, -6.8127761 ], [ 39.2487337, -6.8126903 ], [ 39.2486483, -6.8125481 ] ], [ [ 39.2372616, -6.8290173 ], [ 39.2372224, -6.8287539 ], [ 39.2371575, -6.8284956 ], [ 39.2370676, -6.8282449 ], [ 39.2369625, -6.8280229 ], [ 39.2371495, -6.8281348 ], [ 39.2373904, -6.8282485 ], [ 39.2376413, -6.8283381 ], [ 39.2378998, -6.8284027 ], [ 39.2381634, -6.8284416 ], [ 39.2384295, -6.8284546 ], [ 39.2386957, -6.8284414 ], [ 39.2388182, -6.8284232 ], [ 39.2386953, -6.8285588 ], [ 39.2385367, -6.8287728 ], [ 39.2383998, -6.8290013 ], [ 39.238286, -6.8292421 ], [ 39.2381964, -6.8294929 ], [ 39.2381573, -6.8296491 ], [ 39.2381555, -6.8296521 ], [ 39.2380417, -6.8298929 ], [ 39.2380213, -6.8299501 ], [ 39.2379931, -6.8299572 ], [ 39.2377423, -6.830047 ], [ 39.2375015, -6.830161 ], [ 39.2373903, -6.8302277 ], [ 39.2373451, -6.8301323 ], [ 39.237208, -6.8299039 ], [ 39.2372021, -6.8298959 ], [ 39.2372229, -6.8298127 ], [ 39.2372619, -6.8295493 ], [ 39.2372748, -6.8292833 ], [ 39.2372616, -6.8290173 ] ], [ [ 39.2282185, -6.8127546 ], [ 39.2280597, -6.8125408 ], [ 39.2278806, -6.8123436 ], [ 39.2277351, -6.8122119 ], [ 39.2277563, -6.8121992 ], [ 39.2278302, -6.8121444 ], [ 39.227923, -6.8122693 ], [ 39.228102, -6.8124665 ], [ 39.2282995, -6.8126453 ], [ 39.2283662, -6.8126947 ], [ 39.2283913, -6.8127948 ], [ 39.2284211, -6.8128779 ], [ 39.2282697, -6.81284 ], [ 39.2282185, -6.8127546 ] ], [ [ 39.2249919, -6.822153 ], [ 39.2251209, -6.8222485 ], [ 39.2253495, -6.8223853 ], [ 39.2255905, -6.8224991 ], [ 39.2258414, -6.8225887 ], [ 39.2259125, -6.8226065 ], [ 39.2259111, -6.8226157 ], [ 39.2258982, -6.8228817 ], [ 39.2259114, -6.8231477 ], [ 39.2259506, -6.8234111 ], [ 39.2260155, -6.8236694 ], [ 39.2261054, -6.8239201 ], [ 39.226186, -6.8240904 ], [ 39.2260662, -6.8240727 ], [ 39.2258, -6.8240597 ], [ 39.2257755, -6.8240609 ], [ 39.2257446, -6.8240193 ], [ 39.2255656, -6.8238221 ], [ 39.2253681, -6.8236433 ], [ 39.225154, -6.8234848 ], [ 39.2249254, -6.823348 ], [ 39.2246845, -6.8232342 ], [ 39.2244335, -6.8231446 ], [ 39.2244243, -6.8231423 ], [ 39.2245051, -6.823053 ], [ 39.2246637, -6.8228391 ], [ 39.2248006, -6.8226106 ], [ 39.2249144, -6.8223698 ], [ 39.2249919, -6.822153 ] ], [ [ 39.2223576, -6.8098643 ], [ 39.2224088, -6.8097788 ], [ 39.2225304, -6.8097847 ], [ 39.222373, -6.8099015 ], [ 39.2222416, -6.8100207 ], [ 39.2223576, -6.8098643 ] ], [ [ 39.2240672, -6.8191 ], [ 39.2239706, -6.8190125 ], [ 39.2239608, -6.8190053 ], [ 39.2241254, -6.818856 ], [ 39.2242098, -6.8187629 ], [ 39.2241194, -6.818954 ], [ 39.2240672, -6.8191 ] ], [ [ 39.2253473, -6.8175987 ], [ 39.2251188, -6.8177357 ], [ 39.2249049, -6.8178944 ], [ 39.2247075, -6.8180734 ], [ 39.2246232, -6.8181664 ], [ 39.2247136, -6.8179753 ], [ 39.2248032, -6.8177245 ], [ 39.2248678, -6.8174661 ], [ 39.2249068, -6.8172026 ], [ 39.2249198, -6.8169366 ], [ 39.2249113, -6.8167651 ], [ 39.2249239, -6.8167711 ], [ 39.2251466, -6.8168507 ], [ 39.2251607, -6.8168804 ], [ 39.2252978, -6.8171088 ], [ 39.2254566, -6.8173226 ], [ 39.2255999, -6.8174804 ], [ 39.2255881, -6.8174847 ], [ 39.2253473, -6.8175987 ] ], [ [ 39.2296967, -6.7853061 ], [ 39.2297187, -6.7853093 ], [ 39.2296813, -6.7853318 ], [ 39.2295563, -6.7854246 ], [ 39.2295666, -6.7854026 ], [ 39.229609, -6.7852842 ], [ 39.2296967, -6.7853061 ] ], [ [ 39.2280527, -6.7872409 ], [ 39.2282113, -6.7870269 ], [ 39.2283481, -6.7867985 ], [ 39.2283785, -6.7867343 ], [ 39.2285673, -6.786621 ], [ 39.2286923, -6.7865282 ], [ 39.228682, -6.7865502 ], [ 39.2285923, -6.786801 ], [ 39.2285277, -6.7870593 ], [ 39.2284887, -6.7873228 ], [ 39.2284758, -6.7875888 ], [ 39.2284816, -6.7877058 ], [ 39.2284564, -6.7877046 ], [ 39.2281903, -6.7877178 ], [ 39.2279268, -6.787757 ], [ 39.2276684, -6.7878218 ], [ 39.2274176, -6.7879117 ], [ 39.2271768, -6.7880257 ], [ 39.2269483, -6.7881627 ], [ 39.2267344, -6.7883214 ], [ 39.2265371, -6.7885004 ], [ 39.2265122, -6.7885278 ], [ 39.2264327, -6.7884206 ], [ 39.2262536, -6.7882234 ], [ 39.2262466, -6.788217 ], [ 39.2264841, -6.7881817 ], [ 39.2267425, -6.7881169 ], [ 39.2269933, -6.788027 ], [ 39.2272341, -6.7879131 ], [ 39.2274626, -6.787776 ], [ 39.2276765, -6.7876173 ], [ 39.2278738, -6.7874383 ], [ 39.2280527, -6.7872409 ] ], [ [ 39.2243361, -6.792857 ], [ 39.2246022, -6.7928438 ], [ 39.2247753, -6.792818 ], [ 39.2247913, -6.7928448 ], [ 39.2249501, -6.7930586 ], [ 39.2250524, -6.7931713 ], [ 39.2249925, -6.7931928 ], [ 39.2247517, -6.7933067 ], [ 39.2245232, -6.7934438 ], [ 39.2243093, -6.7936025 ], [ 39.2242056, -6.7936965 ], [ 39.2241809, -6.7935305 ], [ 39.2241161, -6.7932722 ], [ 39.2240262, -6.7930215 ], [ 39.2239325, -6.7928237 ], [ 39.2240699, -6.792844 ], [ 39.2243361, -6.792857 ] ], [ [ 39.2406063, -6.7849108 ], [ 39.2408133, -6.7849414 ], [ 39.2410794, -6.7849543 ], [ 39.2413455, -6.7849411 ], [ 39.2416091, -6.7849019 ], [ 39.2416534, -6.7848908 ], [ 39.2415892, -6.7849978 ], [ 39.2415184, -6.7851477 ], [ 39.2415006, -6.7851433 ], [ 39.2412371, -6.7851043 ], [ 39.240971, -6.7850914 ], [ 39.2407162, -6.785104 ], [ 39.2406935, -6.785056 ], [ 39.2406063, -6.7849108 ] ], [ [ 39.2453512, -6.820515 ], [ 39.2453642, -6.820249 ], [ 39.245353, -6.8200242 ], [ 39.245517, -6.8200161 ], [ 39.2457805, -6.8199769 ], [ 39.246039, -6.819912 ], [ 39.2461514, -6.8198717 ], [ 39.2461758, -6.8200352 ], [ 39.2462406, -6.8202935 ], [ 39.2463305, -6.8205442 ], [ 39.2464124, -6.8207171 ], [ 39.2464315, -6.8207931 ], [ 39.2465214, -6.8210438 ], [ 39.246593, -6.8211949 ], [ 39.2464884, -6.8213696 ], [ 39.246412, -6.8212855 ], [ 39.2462145, -6.8211067 ], [ 39.2460004, -6.8209482 ], [ 39.2457718, -6.8208114 ], [ 39.2455308, -6.8206977 ], [ 39.2453346, -6.8206276 ], [ 39.2453512, -6.820515 ] ], [ [ 39.2610816, -6.7934289 ], [ 39.2610945, -6.7931629 ], [ 39.2610813, -6.792897 ], [ 39.2610421, -6.7926335 ], [ 39.26101, -6.792506 ], [ 39.2611494, -6.7924561 ], [ 39.2613902, -6.7923421 ], [ 39.2616186, -6.792205 ], [ 39.2618326, -6.7920463 ], [ 39.2620299, -6.7918673 ], [ 39.2622087, -6.7916699 ], [ 39.2623673, -6.7914559 ], [ 39.2624016, -6.7913986 ], [ 39.2624478, -6.7914495 ], [ 39.2624595, -6.7914601 ], [ 39.2624431, -6.7914875 ], [ 39.2623293, -6.7917283 ], [ 39.2622397, -6.7919791 ], [ 39.2621751, -6.7922375 ], [ 39.2621361, -6.792501 ], [ 39.2621232, -6.792767 ], [ 39.2621364, -6.793033 ], [ 39.2621756, -6.7932964 ], [ 39.2622405, -6.7935547 ], [ 39.262245, -6.7935673 ], [ 39.2620137, -6.7936769 ], [ 39.2617852, -6.7938139 ], [ 39.2615713, -6.7939726 ], [ 39.261374, -6.7941516 ], [ 39.2611952, -6.794349 ], [ 39.2610366, -6.794563 ], [ 39.2608997, -6.7947915 ], [ 39.260786, -6.7950323 ], [ 39.2606963, -6.7952831 ], [ 39.2606317, -6.7955415 ], [ 39.2606142, -6.7956604 ], [ 39.2605827, -6.7956372 ], [ 39.2603541, -6.7955004 ], [ 39.2601132, -6.7953866 ], [ 39.2599923, -6.7953435 ], [ 39.2601031, -6.7952613 ], [ 39.2603004, -6.7950823 ], [ 39.2604792, -6.7948849 ], [ 39.2606378, -6.7946709 ], [ 39.2607746, -6.7944424 ], [ 39.2608884, -6.7942016 ], [ 39.2609781, -6.7939508 ], [ 39.2610426, -6.7936924 ], [ 39.2610816, -6.7934289 ] ], [ [ 39.2609964, -6.7998123 ], [ 39.2611752, -6.7996149 ], [ 39.2613338, -6.7994009 ], [ 39.2614707, -6.7991724 ], [ 39.2615202, -6.7990676 ], [ 39.2616356, -6.7992598 ], [ 39.2617944, -6.7994736 ], [ 39.2619735, -6.7996709 ], [ 39.262171, -6.7998496 ], [ 39.2623851, -6.8000081 ], [ 39.2626137, -6.8001449 ], [ 39.2626616, -6.8001676 ], [ 39.2626606, -6.8001687 ], [ 39.262502, -6.8003827 ], [ 39.2623651, -6.8006112 ], [ 39.2623061, -6.8007362 ], [ 39.2621928, -6.8007079 ], [ 39.2619293, -6.8006689 ], [ 39.2616631, -6.800656 ], [ 39.261397, -6.8006692 ], [ 39.2611335, -6.8007084 ], [ 39.2609647, -6.8007508 ], [ 39.2609449, -6.8006722 ], [ 39.2608562, -6.8004249 ], [ 39.2608714, -6.8003643 ], [ 39.2609103, -6.8001008 ], [ 39.260921, -6.7998806 ], [ 39.2609964, -6.7998123 ] ], [ [ 39.2682033, -6.8257749 ], [ 39.2681135, -6.8257883 ], [ 39.2681176, -6.8257868 ], [ 39.2683584, -6.8256728 ], [ 39.2685131, -6.8255801 ], [ 39.2685648, -6.8256184 ], [ 39.2687934, -6.8257552 ], [ 39.2688799, -6.825796 ], [ 39.2687355, -6.8257746 ], [ 39.2684694, -6.8257617 ], [ 39.2682033, -6.8257749 ] ], [ [ 39.2661697, -6.8311154 ], [ 39.2664281, -6.8310506 ], [ 39.2666789, -6.8309607 ], [ 39.2669197, -6.8308467 ], [ 39.2670368, -6.8307765 ], [ 39.2671923, -6.8308696 ], [ 39.2673694, -6.8309532 ], [ 39.2673073, -6.8312016 ], [ 39.2672684, -6.831465 ], [ 39.2672555, -6.831731 ], [ 39.2672687, -6.831997 ], [ 39.2673079, -6.8322604 ], [ 39.2673174, -6.832298 ], [ 39.267232, -6.832247 ], [ 39.2669911, -6.8321332 ], [ 39.2667401, -6.8320436 ], [ 39.2664816, -6.8319791 ], [ 39.266218, -6.8319401 ], [ 39.2659519, -6.8319272 ], [ 39.2656858, -6.8319404 ], [ 39.2654222, -6.8319797 ], [ 39.2651638, -6.8320445 ], [ 39.264913, -6.8321344 ], [ 39.2646722, -6.8322484 ], [ 39.2644437, -6.8323854 ], [ 39.2643005, -6.8324917 ], [ 39.2643198, -6.8323609 ], [ 39.2643327, -6.8320949 ], [ 39.2643195, -6.8318289 ], [ 39.2642803, -6.8315655 ], [ 39.2642409, -6.8314089 ], [ 39.264502, -6.83137 ], [ 39.2647604, -6.8313052 ], [ 39.2650112, -6.8312153 ], [ 39.2651947, -6.8311285 ], [ 39.2653739, -6.831155 ], [ 39.26564, -6.8311679 ], [ 39.2659061, -6.8311547 ], [ 39.2661697, -6.8311154 ] ], [ [ 39.2500418, -6.795313 ], [ 39.2501064, -6.7950547 ], [ 39.2501454, -6.7947912 ], [ 39.2501583, -6.7945252 ], [ 39.2501451, -6.7942592 ], [ 39.2501081, -6.7940109 ], [ 39.2501695, -6.7941131 ], [ 39.2503283, -6.7943269 ], [ 39.2505073, -6.7945241 ], [ 39.2507049, -6.7947029 ], [ 39.2508725, -6.794827 ], [ 39.2508149, -6.7948906 ], [ 39.2506563, -6.7951046 ], [ 39.2505195, -6.7953331 ], [ 39.2504057, -6.7955739 ], [ 39.2503387, -6.7957614 ], [ 39.2502051, -6.7956625 ], [ 39.2499765, -6.7955257 ], [ 39.2499674, -6.7955214 ], [ 39.2500418, -6.795313 ] ], [ [ 39.2511438, -6.7998012 ], [ 39.2512084, -6.7995429 ], [ 39.2512473, -6.7992794 ], [ 39.2512603, -6.7990134 ], [ 39.2512513, -6.7988323 ], [ 39.2512738, -6.7987694 ], [ 39.2514073, -6.7988683 ], [ 39.2516359, -6.7990051 ], [ 39.2518768, -6.7991189 ], [ 39.2519374, -6.7991405 ], [ 39.2518817, -6.7991818 ], [ 39.2516844, -6.7993608 ], [ 39.2515056, -6.7995582 ], [ 39.251347, -6.7997722 ], [ 39.2512101, -6.8000007 ], [ 39.2512032, -6.8000154 ], [ 39.2510537, -6.8000529 ], [ 39.2510541, -6.800052 ], [ 39.2511438, -6.7998012 ] ], [ [ 39.255467, -6.7979795 ], [ 39.255283, -6.7979335 ], [ 39.2553095, -6.7978891 ], [ 39.2554233, -6.7976483 ], [ 39.255513, -6.7973975 ], [ 39.2555776, -6.7971391 ], [ 39.2555798, -6.7971239 ], [ 39.255737, -6.7971632 ], [ 39.2560006, -6.7972022 ], [ 39.2562667, -6.7972151 ], [ 39.2564527, -6.7972059 ], [ 39.2564125, -6.7973664 ], [ 39.2563736, -6.7976298 ], [ 39.2563629, -6.79785 ], [ 39.2562875, -6.7979184 ], [ 39.2561111, -6.7981132 ], [ 39.2561046, -6.7981122 ], [ 39.2558994, -6.7981023 ], [ 39.2558338, -6.7980789 ], [ 39.2555754, -6.7980143 ], [ 39.255557, -6.7980116 ], [ 39.255467, -6.7979795 ] ], [ [ 39.2682086, -6.8060745 ], [ 39.2684225, -6.8059157 ], [ 39.2686199, -6.8057368 ], [ 39.2687987, -6.8055393 ], [ 39.2689573, -6.8053253 ], [ 39.268999, -6.8052556 ], [ 39.2690629, -6.8052939 ], [ 39.2693038, -6.8054076 ], [ 39.2695547, -6.8054972 ], [ 39.2698132, -6.8055617 ], [ 39.2700768, -6.8056007 ], [ 39.2703429, -6.8056136 ], [ 39.270609, -6.8056004 ], [ 39.2708726, -6.8055611 ], [ 39.271131, -6.8054963 ], [ 39.2713818, -6.8054064 ], [ 39.2716226, -6.8052924 ], [ 39.271851, -6.8051554 ], [ 39.2719789, -6.8050605 ], [ 39.2720879, -6.8050994 ], [ 39.2723464, -6.8051639 ], [ 39.27261, -6.8052029 ], [ 39.2728761, -6.8052158 ], [ 39.2731422, -6.8052026 ], [ 39.2733139, -6.805177 ], [ 39.2733071, -6.8052225 ], [ 39.2732942, -6.8054885 ], [ 39.2733074, -6.8057545 ], [ 39.2733467, -6.8060179 ], [ 39.2734116, -6.8062762 ], [ 39.2735015, -6.8065269 ], [ 39.2736155, -6.8067676 ], [ 39.2737526, -6.806996 ], [ 39.2739115, -6.8072098 ], [ 39.2740905, -6.807407 ], [ 39.2741719, -6.8074807 ], [ 39.2741691, -6.8075383 ], [ 39.2741823, -6.8078043 ], [ 39.2742216, -6.8080677 ], [ 39.2742864, -6.808326 ], [ 39.2743764, -6.8085767 ], [ 39.2744904, -6.8088174 ], [ 39.2745159, -6.8088599 ], [ 39.2744531, -6.8091111 ], [ 39.2744142, -6.8093745 ], [ 39.2744013, -6.8096405 ], [ 39.2744145, -6.8099065 ], [ 39.2744538, -6.81017 ], [ 39.2745013, -6.8103594 ], [ 39.2744663, -6.8103611 ], [ 39.2742028, -6.8104004 ], [ 39.2739444, -6.8104652 ], [ 39.2736936, -6.8105551 ], [ 39.2734528, -6.8106691 ], [ 39.2733324, -6.8107413 ], [ 39.27338, -6.8106982 ], [ 39.2735588, -6.8105007 ], [ 39.2737174, -6.8102867 ], [ 39.2738543, -6.8100582 ], [ 39.273968, -6.8098174 ], [ 39.2740577, -6.8095666 ], [ 39.2741222, -6.8093082 ], [ 39.2741612, -6.8090448 ], [ 39.2741741, -6.8087788 ], [ 39.2741609, -6.8085128 ], [ 39.2741216, -6.8082494 ], [ 39.2740568, -6.8079911 ], [ 39.2739669, -6.8077404 ], [ 39.2738528, -6.8074997 ], [ 39.2737157, -6.8072713 ], [ 39.2735569, -6.8070575 ], [ 39.2733778, -6.8068603 ], [ 39.2731803, -6.8066815 ], [ 39.2729662, -6.806523 ], [ 39.2727376, -6.8063862 ], [ 39.2724967, -6.8062725 ], [ 39.2722458, -6.8061829 ], [ 39.2719873, -6.8061184 ], [ 39.2717237, -6.8060794 ], [ 39.2714576, -6.8060665 ], [ 39.2711915, -6.8060797 ], [ 39.2709279, -6.806119 ], [ 39.2706695, -6.8061838 ], [ 39.2704187, -6.8062737 ], [ 39.2701779, -6.8063877 ], [ 39.2699495, -6.8065247 ], [ 39.2697355, -6.8066835 ], [ 39.2695382, -6.8068624 ], [ 39.2693594, -6.8070599 ], [ 39.2692008, -6.8072739 ], [ 39.269064, -6.8075024 ], [ 39.2689502, -6.8077432 ], [ 39.2688606, -6.807994 ], [ 39.268796, -6.8082524 ], [ 39.268757, -6.8085158 ], [ 39.2687441, -6.8087818 ], [ 39.2687573, -6.8090478 ], [ 39.2687965, -6.8093112 ], [ 39.2688614, -6.8095695 ], [ 39.2689513, -6.8098202 ], [ 39.2690654, -6.8100609 ], [ 39.2692025, -6.8102893 ], [ 39.2693613, -6.8105031 ], [ 39.2695404, -6.8107003 ], [ 39.2697379, -6.810879 ], [ 39.2698129, -6.8109346 ], [ 39.2696146, -6.8110817 ], [ 39.2694173, -6.8112606 ], [ 39.2692385, -6.8114581 ], [ 39.2690799, -6.8116721 ], [ 39.268943, -6.8119006 ], [ 39.2688293, -6.8121414 ], [ 39.2687396, -6.8123922 ], [ 39.268675, -6.8126506 ], [ 39.2686536, -6.8127954 ], [ 39.2686136, -6.8129554 ], [ 39.2685747, -6.8132188 ], [ 39.2685618, -6.8134848 ], [ 39.268575, -6.8137508 ], [ 39.2686142, -6.8140142 ], [ 39.2686791, -6.8142725 ], [ 39.2687366, -6.8144327 ], [ 39.2686642, -6.8145303 ], [ 39.2684414, -6.8145635 ], [ 39.268183, -6.8146283 ], [ 39.2679322, -6.8147182 ], [ 39.2676914, -6.8148322 ], [ 39.2674629, -6.8149692 ], [ 39.267249, -6.815128 ], [ 39.2670517, -6.8153069 ], [ 39.2668729, -6.8155044 ], [ 39.2668175, -6.8155791 ], [ 39.2667866, -6.815568 ], [ 39.2665281, -6.8155035 ], [ 39.2664465, -6.8154914 ], [ 39.2664355, -6.8154475 ], [ 39.2664386, -6.8154433 ], [ 39.2665755, -6.8152148 ], [ 39.2666892, -6.8149739 ], [ 39.2667789, -6.8147231 ], [ 39.2668435, -6.8144648 ], [ 39.2668824, -6.8142013 ], [ 39.2668953, -6.8139353 ], [ 39.2668821, -6.8136693 ], [ 39.2668429, -6.8134059 ], [ 39.266778, -6.8131476 ], [ 39.2666881, -6.8128969 ], [ 39.266574, -6.8126562 ], [ 39.2664369, -6.8124279 ], [ 39.2662781, -6.812214 ], [ 39.2660991, -6.8120168 ], [ 39.2659016, -6.8118381 ], [ 39.265809, -6.8117696 ], [ 39.2659815, -6.8117263 ], [ 39.2662323, -6.8116364 ], [ 39.2664731, -6.8115224 ], [ 39.2667015, -6.8113854 ], [ 39.2669154, -6.8112266 ], [ 39.2671128, -6.8110477 ], [ 39.2672916, -6.8108502 ], [ 39.2674337, -6.8106585 ], [ 39.267442, -6.8106535 ], [ 39.2676559, -6.8104947 ], [ 39.2678533, -6.8103158 ], [ 39.2680321, -6.8101183 ], [ 39.2681907, -6.8099043 ], [ 39.2683275, -6.8096758 ], [ 39.2684413, -6.809435 ], [ 39.2685309, -6.8091842 ], [ 39.2685955, -6.8089259 ], [ 39.2686345, -6.8086624 ], [ 39.2686474, -6.8083964 ], [ 39.2686342, -6.8081304 ], [ 39.268595, -6.807867 ], [ 39.2685301, -6.8076087 ], [ 39.2684402, -6.807358 ], [ 39.2683261, -6.8071173 ], [ 39.268189, -6.806889 ], [ 39.2680302, -6.8066751 ], [ 39.2678511, -6.8064779 ], [ 39.2676988, -6.8063401 ], [ 39.2677394, -6.8063255 ], [ 39.2679802, -6.8062115 ], [ 39.2682086, -6.8060745 ] ], [ [ 39.2745601, -6.83241 ], [ 39.2745111, -6.8322733 ], [ 39.2746669, -6.8322501 ], [ 39.2749253, -6.8321853 ], [ 39.2751762, -6.8320954 ], [ 39.2752934, -6.8320399 ], [ 39.2752303, -6.8322165 ], [ 39.2751657, -6.8324749 ], [ 39.2751268, -6.8327384 ], [ 39.2751138, -6.8330044 ], [ 39.2751271, -6.8332703 ], [ 39.2751663, -6.8335338 ], [ 39.2752312, -6.8337921 ], [ 39.2753211, -6.8340428 ], [ 39.2754352, -6.8342834 ], [ 39.2755511, -6.8344764 ], [ 39.2753752, -6.8346069 ], [ 39.2751779, -6.8347859 ], [ 39.2751324, -6.8348361 ], [ 39.2750716, -6.8348144 ], [ 39.2748131, -6.8347499 ], [ 39.2746783, -6.83473 ], [ 39.2746937, -6.8346259 ], [ 39.2747067, -6.8343599 ], [ 39.2746934, -6.8340939 ], [ 39.2746542, -6.8338305 ], [ 39.2746266, -6.8337205 ], [ 39.2746645, -6.8334637 ], [ 39.2746775, -6.8331977 ], [ 39.2746642, -6.8329317 ], [ 39.274625, -6.8326683 ], [ 39.2745601, -6.83241 ] ], [ [ 39.2645311, -6.7841992 ], [ 39.2645231, -6.7843646 ], [ 39.2643632, -6.7843247 ], [ 39.2640996, -6.7842857 ], [ 39.2638335, -6.7842728 ], [ 39.2635674, -6.784286 ], [ 39.2633039, -6.7843252 ], [ 39.2630455, -6.7843901 ], [ 39.2627947, -6.78448 ], [ 39.2625621, -6.7845901 ], [ 39.2625364, -6.7845617 ], [ 39.2623389, -6.784383 ], [ 39.2623336, -6.7843791 ], [ 39.2624386, -6.7843739 ], [ 39.2627021, -6.7843347 ], [ 39.2629605, -6.7842698 ], [ 39.2632113, -6.7841799 ], [ 39.2634521, -6.784066 ], [ 39.2636805, -6.7839289 ], [ 39.2638944, -6.7837702 ], [ 39.2640917, -6.7835912 ], [ 39.2642706, -6.7833938 ], [ 39.2643482, -6.783289 ], [ 39.2643579, -6.783485 ], [ 39.2643972, -6.7837484 ], [ 39.2644621, -6.7840067 ], [ 39.2645311, -6.7841992 ] ], [ [ 39.2779225, -6.7821139 ], [ 39.2777133, -6.782083 ], [ 39.2774471, -6.7820701 ], [ 39.2772794, -6.7820785 ], [ 39.2773065, -6.7820419 ], [ 39.2774433, -6.7818134 ], [ 39.2775435, -6.7816014 ], [ 39.2776431, -6.7817674 ], [ 39.277802, -6.7819812 ], [ 39.2779225, -6.7821139 ] ], [ [ 39.2773675, -6.8014767 ], [ 39.277388, -6.8014192 ], [ 39.2774583, -6.801394 ], [ 39.2776991, -6.80128 ], [ 39.2779275, -6.801143 ], [ 39.2781415, -6.8009842 ], [ 39.2781659, -6.800962 ], [ 39.2781687, -6.8009633 ], [ 39.2784196, -6.8010529 ], [ 39.2786781, -6.8011174 ], [ 39.2789416, -6.8011564 ], [ 39.2792078, -6.8011693 ], [ 39.2794739, -6.8011561 ], [ 39.2797374, -6.8011168 ], [ 39.2799958, -6.801052 ], [ 39.2802466, -6.8009621 ], [ 39.2804874, -6.8008481 ], [ 39.2807159, -6.8007111 ], [ 39.2808042, -6.8006455 ], [ 39.2808415, -6.8007075 ], [ 39.2810003, -6.8009213 ], [ 39.2811793, -6.8011186 ], [ 39.2813769, -6.8012973 ], [ 39.281591, -6.8014558 ], [ 39.2818196, -6.8015926 ], [ 39.2820605, -6.8017063 ], [ 39.2823114, -6.8017959 ], [ 39.2825699, -6.8018604 ], [ 39.282734, -6.8018847 ], [ 39.282562, -6.8019879 ], [ 39.2823481, -6.8021466 ], [ 39.2821508, -6.8023256 ], [ 39.281972, -6.802523 ], [ 39.2818134, -6.802737 ], [ 39.2816765, -6.8029655 ], [ 39.2815628, -6.8032063 ], [ 39.2814732, -6.8034572 ], [ 39.2814086, -6.8037155 ], [ 39.2813696, -6.803979 ], [ 39.2813567, -6.804245 ], [ 39.2813699, -6.804511 ], [ 39.2814092, -6.8047744 ], [ 39.2814741, -6.8050327 ], [ 39.281564, -6.8052834 ], [ 39.281678, -6.8055241 ], [ 39.2818152, -6.8057524 ], [ 39.281974, -6.8059662 ], [ 39.282153, -6.8061635 ], [ 39.2823506, -6.8063422 ], [ 39.2825647, -6.8065007 ], [ 39.2827933, -6.8066375 ], [ 39.2830342, -6.8067512 ], [ 39.2832851, -6.8068408 ], [ 39.2835436, -6.8069053 ], [ 39.2838072, -6.8069443 ], [ 39.2840733, -6.8069572 ], [ 39.2842798, -6.8069469 ], [ 39.2842564, -6.8070406 ], [ 39.2842174, -6.8073041 ], [ 39.2842045, -6.8075701 ], [ 39.2842177, -6.8078361 ], [ 39.284257, -6.8080995 ], [ 39.2843219, -6.8083578 ], [ 39.2843516, -6.8084408 ], [ 39.2843591, -6.8085916 ], [ 39.2843984, -6.808855 ], [ 39.2844085, -6.8088952 ], [ 39.2843524, -6.8088979 ], [ 39.2840889, -6.8089372 ], [ 39.2840455, -6.8089481 ], [ 39.2840261, -6.8088942 ], [ 39.2839121, -6.8086535 ], [ 39.283775, -6.8084252 ], [ 39.2836161, -6.8082114 ], [ 39.2834371, -6.8080141 ], [ 39.2832396, -6.8078354 ], [ 39.2830255, -6.8076769 ], [ 39.2827968, -6.8075401 ], [ 39.2825559, -6.8074264 ], [ 39.282305, -6.8073368 ], [ 39.2821309, -6.8072933 ], [ 39.2820374, -6.8071904 ], [ 39.2818399, -6.8070116 ], [ 39.2816258, -6.8068531 ], [ 39.2813972, -6.8067163 ], [ 39.2812766, -6.8066594 ], [ 39.2812939, -6.8065902 ], [ 39.2813329, -6.8063267 ], [ 39.2813458, -6.8060607 ], [ 39.2813326, -6.8057947 ], [ 39.2812933, -6.8055313 ], [ 39.2812284, -6.805273 ], [ 39.2811385, -6.8050223 ], [ 39.2810245, -6.8047816 ], [ 39.2808874, -6.8045533 ], [ 39.2807285, -6.8043395 ], [ 39.2805495, -6.8041423 ], [ 39.280352, -6.8039635 ], [ 39.2801379, -6.803805 ], [ 39.2799093, -6.8036682 ], [ 39.2796683, -6.8035545 ], [ 39.2794174, -6.8034649 ], [ 39.2793053, -6.8034369 ], [ 39.2792249, -6.8032672 ], [ 39.2790878, -6.8030388 ], [ 39.2789289, -6.802825 ], [ 39.2787499, -6.8026278 ], [ 39.2785524, -6.802449 ], [ 39.2783383, -6.8022905 ], [ 39.2781097, -6.8021537 ], [ 39.2778687, -6.80204 ], [ 39.2776178, -6.8019504 ], [ 39.2773593, -6.8018859 ], [ 39.2771697, -6.8018579 ], [ 39.2772537, -6.8017175 ], [ 39.2773675, -6.8014767 ] ], [ [ 39.273185, -6.7983057 ], [ 39.2731351, -6.7983428 ], [ 39.2729377, -6.7985218 ], [ 39.2727589, -6.7987192 ], [ 39.2727088, -6.7987869 ], [ 39.2725515, -6.7986927 ], [ 39.2723106, -6.798579 ], [ 39.2720597, -6.7984894 ], [ 39.2718398, -6.7984345 ], [ 39.2719648, -6.7982258 ], [ 39.2719665, -6.7982222 ], [ 39.271976, -6.7982256 ], [ 39.2722344, -6.7982901 ], [ 39.272498, -6.7983291 ], [ 39.2727641, -6.798342 ], [ 39.2730302, -6.7983288 ], [ 39.273185, -6.7983057 ] ], [ [ 39.289118, -6.8156814 ], [ 39.2891819, -6.8156108 ], [ 39.2891982, -6.8156564 ], [ 39.2891111, -6.8156876 ], [ 39.289118, -6.8156814 ] ] ], [ [ [ 39.253268, -6.8488456 ], [ 39.2535265, -6.8489102 ], [ 39.2537901, -6.8489492 ], [ 39.2540562, -6.8489621 ], [ 39.2543224, -6.8489489 ], [ 39.2543373, -6.8489466 ], [ 39.2542957, -6.8490632 ], [ 39.254231, -6.8493216 ], [ 39.2541921, -6.849585 ], [ 39.2541791, -6.849851 ], [ 39.2541866, -6.8500016 ], [ 39.2596022, -6.8500017 ], [ 39.2596096, -6.8498481 ], [ 39.2595964, -6.8495822 ], [ 39.2595572, -6.8493187 ], [ 39.2594923, -6.8490604 ], [ 39.2594349, -6.8489004 ], [ 39.2595119, -6.8489196 ], [ 39.2597755, -6.8489586 ], [ 39.2600417, -6.8489715 ], [ 39.2603078, -6.8489583 ], [ 39.2605714, -6.848919 ], [ 39.2607989, -6.848862 ], [ 39.2609935, -6.8489315 ], [ 39.261252, -6.848996 ], [ 39.2615156, -6.849035 ], [ 39.2617818, -6.8490479 ], [ 39.2620479, -6.8490347 ], [ 39.2623115, -6.8489954 ], [ 39.2625699, -6.8489306 ], [ 39.2628207, -6.8488407 ], [ 39.2630616, -6.8487267 ], [ 39.26329, -6.8485897 ], [ 39.263504, -6.8484309 ], [ 39.2637013, -6.848252 ], [ 39.2638801, -6.8480546 ], [ 39.2640388, -6.8478406 ], [ 39.2641352, -6.8476795 ], [ 39.2641747, -6.8476982 ], [ 39.2644256, -6.8477878 ], [ 39.2646842, -6.8478523 ], [ 39.2649478, -6.8478913 ], [ 39.2652139, -6.8479042 ], [ 39.26548, -6.847891 ], [ 39.2657436, -6.8478517 ], [ 39.266002, -6.8477869 ], [ 39.2662529, -6.847697 ], [ 39.2664937, -6.847583 ], [ 39.2667221, -6.847446 ], [ 39.2669361, -6.8472872 ], [ 39.2671334, -6.8471083 ], [ 39.2673123, -6.8469108 ], [ 39.2674709, -6.8466968 ], [ 39.2676077, -6.8464683 ], [ 39.2677215, -6.8462275 ], [ 39.2678111, -6.8459767 ], [ 39.2678757, -6.8457184 ], [ 39.2679147, -6.8454549 ], [ 39.2679276, -6.8451889 ], [ 39.2679144, -6.8449229 ], [ 39.2678752, -6.8446595 ], [ 39.2678103, -6.8444012 ], [ 39.2677204, -6.8441505 ], [ 39.2676063, -6.8439098 ], [ 39.2674692, -6.8436815 ], [ 39.2673103, -6.8434676 ], [ 39.2671313, -6.8432704 ], [ 39.2669338, -6.8430917 ], [ 39.2667196, -6.8429331 ], [ 39.266491, -6.8427964 ], [ 39.2662501, -6.8426826 ], [ 39.2659991, -6.842593 ], [ 39.2659025, -6.8425689 ], [ 39.2657302, -6.8423791 ], [ 39.2655327, -6.8422004 ], [ 39.2653185, -6.8420418 ], [ 39.2650899, -6.8419051 ], [ 39.264849, -6.8417913 ], [ 39.2645981, -6.8417017 ], [ 39.2643395, -6.8416372 ], [ 39.264076, -6.8415982 ], [ 39.2638098, -6.8415853 ], [ 39.2635437, -6.8415985 ], [ 39.2632801, -6.8416378 ], [ 39.2630217, -6.8417026 ], [ 39.2627709, -6.8417925 ], [ 39.26253, -6.8419065 ], [ 39.2623016, -6.8420435 ], [ 39.2620876, -6.8422023 ], [ 39.2618903, -6.8423812 ], [ 39.2617115, -6.8425786 ], [ 39.2615529, -6.8427926 ], [ 39.261416, -6.8430211 ], [ 39.2613022, -6.843262 ], [ 39.2612126, -6.8435127 ], [ 39.2611674, -6.8436933 ], [ 39.2610216, -6.8437298 ], [ 39.260827, -6.8436603 ], [ 39.2605685, -6.8435958 ], [ 39.2603049, -6.8435568 ], [ 39.2600387, -6.8435439 ], [ 39.2597726, -6.8435571 ], [ 39.259509, -6.8435964 ], [ 39.2592506, -6.8436612 ], [ 39.2589998, -6.8437511 ], [ 39.258759, -6.8438651 ], [ 39.2585305, -6.8440021 ], [ 39.2583165, -6.8441608 ], [ 39.2581192, -6.8443398 ], [ 39.2579404, -6.8445372 ], [ 39.2577818, -6.8447512 ], [ 39.2576449, -6.8449797 ], [ 39.2575311, -6.8452205 ], [ 39.2574415, -6.8454713 ], [ 39.2573769, -6.8457297 ], [ 39.2573379, -6.8459932 ], [ 39.257325, -6.8462592 ], [ 39.2573382, -6.8465252 ], [ 39.2573774, -6.8467886 ], [ 39.2574423, -6.8470469 ], [ 39.2574997, -6.8472069 ], [ 39.2574227, -6.8471877 ], [ 39.2571591, -6.8471487 ], [ 39.2568929, -6.8471358 ], [ 39.2566268, -6.847149 ], [ 39.2566119, -6.8471513 ], [ 39.2566535, -6.8470347 ], [ 39.2567181, -6.8467763 ], [ 39.2567571, -6.8465129 ], [ 39.25677, -6.8462469 ], [ 39.2567568, -6.8459809 ], [ 39.2567176, -6.8457175 ], [ 39.2566842, -6.8455845 ], [ 39.2566908, -6.8455579 ], [ 39.2567298, -6.8452945 ], [ 39.2567427, -6.8450285 ], [ 39.2567295, -6.8447625 ], [ 39.2566903, -6.8444991 ], [ 39.2566254, -6.8442408 ], [ 39.2565355, -6.8439901 ], [ 39.2564214, -6.8437494 ], [ 39.2562843, -6.843521 ], [ 39.2561255, -6.8433072 ], [ 39.2559464, -6.84311 ], [ 39.2557489, -6.8429312 ], [ 39.2555348, -6.8427727 ], [ 39.2553062, -6.8426359 ], [ 39.2550652, -6.8425221 ], [ 39.2548143, -6.8424326 ], [ 39.2545558, -6.842368 ], [ 39.2542922, -6.842329 ], [ 39.2540261, -6.8423161 ], [ 39.2537599, -6.8423293 ], [ 39.2534964, -6.8423685 ], [ 39.2532379, -6.8424334 ], [ 39.2529871, -6.8425232 ], [ 39.2527463, -6.8426372 ], [ 39.2525178, -6.8427743 ], [ 39.2523039, -6.842933 ], [ 39.2521065, -6.843112 ], [ 39.2519277, -6.8433094 ], [ 39.2517691, -6.8435234 ], [ 39.2516322, -6.8437519 ], [ 39.2515184, -6.8439927 ], [ 39.2514288, -6.8442435 ], [ 39.2513642, -6.8445019 ], [ 39.2513252, -6.8447653 ], [ 39.2513123, -6.8450313 ], [ 39.2513255, -6.8452973 ], [ 39.2513647, -6.8455607 ], [ 39.2513981, -6.8456937 ], [ 39.2513915, -6.8457203 ], [ 39.2513525, -6.8459837 ], [ 39.2513396, -6.8462497 ], [ 39.2513528, -6.8465157 ], [ 39.251392, -6.8467791 ], [ 39.2514569, -6.8470374 ], [ 39.2515468, -6.8472881 ], [ 39.2516609, -6.8475288 ], [ 39.251798, -6.8477572 ], [ 39.2519568, -6.847971 ], [ 39.2521358, -6.8481682 ], [ 39.2523334, -6.848347 ], [ 39.2525475, -6.8485055 ], [ 39.2527761, -6.8486423 ], [ 39.253017, -6.8487561 ], [ 39.253268, -6.8488456 ] ] ], [ [ [ 39.2934695, -6.8084238 ], [ 39.2937103, -6.8083098 ], [ 39.2939387, -6.8081727 ], [ 39.2941527, -6.8080139 ], [ 39.29435, -6.807835 ], [ 39.2945288, -6.8076375 ], [ 39.2946874, -6.8074235 ], [ 39.2948242, -6.807195 ], [ 39.294938, -6.8069542 ], [ 39.2950276, -6.8067034 ], [ 39.2950921, -6.806445 ], [ 39.2951311, -6.8061816 ], [ 39.295144, -6.8059156 ], [ 39.2951308, -6.8056496 ], [ 39.2950915, -6.8053862 ], [ 39.2950266, -6.8051279 ], [ 39.2949367, -6.8048772 ], [ 39.2948226, -6.8046365 ], [ 39.2946855, -6.8044081 ], [ 39.2945267, -6.8041943 ], [ 39.2943476, -6.8039971 ], [ 39.2941501, -6.8038184 ], [ 39.293936, -6.8036599 ], [ 39.2937074, -6.8035231 ], [ 39.2934665, -6.8034094 ], [ 39.2932155, -6.8033198 ], [ 39.2929571, -6.8032552 ], [ 39.2926935, -6.8032163 ], [ 39.2924274, -6.8032034 ], [ 39.2921613, -6.8032167 ], [ 39.2918977, -6.8032559 ], [ 39.2916393, -6.8033208 ], [ 39.2913885, -6.8034106 ], [ 39.2911477, -6.8035246 ], [ 39.2909193, -6.8036617 ], [ 39.2907054, -6.8038205 ], [ 39.2905081, -6.8039994 ], [ 39.2903292, -6.8041969 ], [ 39.2901707, -6.8044109 ], [ 39.2900338, -6.8046394 ], [ 39.28992, -6.8048802 ], [ 39.2898304, -6.805131 ], [ 39.2897659, -6.8053894 ], [ 39.2897269, -6.8056528 ], [ 39.289714, -6.8059188 ], [ 39.2897272, -6.8061848 ], [ 39.2897665, -6.8064482 ], [ 39.2898314, -6.8067065 ], [ 39.2899213, -6.8069572 ], [ 39.2900354, -6.8071979 ], [ 39.2901725, -6.8074263 ], [ 39.2903313, -6.8076401 ], [ 39.2905104, -6.8078373 ], [ 39.2907079, -6.808016 ], [ 39.290922, -6.8081745 ], [ 39.2911506, -6.8083113 ], [ 39.2913915, -6.808425 ], [ 39.2916424, -6.8085146 ], [ 39.2919009, -6.8085792 ], [ 39.2921645, -6.8086181 ], [ 39.2924306, -6.808631 ], [ 39.2926968, -6.8086177 ], [ 39.2929603, -6.8085785 ], [ 39.2932187, -6.8085136 ], [ 39.2934695, -6.8084238 ] ] ] ] } },
{ "type": "Feature", "properties": { "index": "1", "label": "Beyond 300 m", "color": "#d9d9d9" }, "geometry": { "type": "MultiPolygon", "coordinates": [ [ [ [ 39.2762291, -6.8500014 ], [ 39.3, -6.85 ], [ 39.2999999, -6.8180887 ], [ 39.2999611, -6.8181535 ], [ 39.2998025, -6.8183675 ], [ 39.2996237, -6.8185649 ], [ 39.2994264, -6.8187439 ], [ 39.2992125, -6.8189027 ], [ 39.2989841, -6.8190397 ], [ 39.2987433, -6.8191538 ], [ 39.2984924, -6.8192436 ], [ 39.298234, -6.8193085 ], [ 39.2979705, -6.8193477 ], [ 39.2977044, -6.819361 ], [ 39.2974382, -6.8193481 ], [ 39.2971747, -6.8193092 ], [ 39.2969162, -6.8192446 ], [ 39.2966652, -6.819155 ], [ 39.2964243, -6.8190413 ], [ 39.2961957, -6.8189045 ], [ 39.2959816, -6.818746 ], [ 39.295784, -6.8185673 ], [ 39.295605, -6.8183701 ], [ 39.2954461, -6.8181563 ], [ 39.295309, -6.8179279 ], [ 39.295195, -6.8176873 ], [ 39.295105, -6.8174366 ], [ 39.2950401, -6.8171783 ], [ 39.2950009, -6.8169149 ], [ 39.2949876, -6.8166489 ], [ 39.2950006, -6.8163829 ], [ 39.2950151, -6.8162847 ], [ 39.2949335, -6.8162888 ], [ 39.2948901, -6.8164624 ], [ 39.2948005, -6.8167132 ], [ 39.2946867, -6.816954 ], [ 39.2945499, -6.8171825 ], [ 39.2943913, -6.8173965 ], [ 39.2942125, -6.817594 ], [ 39.2940152, -6.8177729 ], [ 39.293838, -6.8179045 ], [ 39.2937998, -6.8181627 ], [ 39.2937352, -6.8184211 ], [ 39.2936456, -6.8186719 ], [ 39.2935318, -6.8189127 ], [ 39.293395, -6.8191412 ], [ 39.2932364, -6.8193552 ], [ 39.2931258, -6.8194774 ], [ 39.2931206, -6.8194918 ], [ 39.2930069, -6.8197326 ], [ 39.29287, -6.8199611 ], [ 39.2927114, -6.8201751 ], [ 39.2925326, -6.8203726 ], [ 39.2923353, -6.8205515 ], [ 39.2921214, -6.8207103 ], [ 39.2918929, -6.8208474 ], [ 39.2916521, -6.8209614 ], [ 39.2914013, -6.8210512 ], [ 39.2911429, -6.8211161 ], [ 39.2908794, -6.8211553 ], [ 39.2906132, -6.8211686 ], [ 39.2903471, -6.8211557 ], [ 39.2900835, -6.8211167 ], [ 39.2900018, -6.8210964 ], [ 39.2898992, -6.8212097 ], [ 39.2898075, -6.8212928 ], [ 39.2897232, -6.8215287 ], [ 39.2896095, -6.8217695 ], [ 39.2894726, -6.821998 ], [ 39.289314, -6.822212 ], [ 39.2891352, -6.8224095 ], [ 39.2889379, -6.8225884 ], [ 39.288724, -6.8227472 ], [ 39.2884955, -6.8228843 ], [ 39.2882547, -6.8229983 ], [ 39.2880039, -6.8230882 ], [ 39.2877455, -6.823153 ], [ 39.2874819, -6.8231922 ], [ 39.2872533, -6.8232036 ], [ 39.2872087, -6.8233817 ], [ 39.2871191, -6.8236325 ], [ 39.2870054, -6.8238733 ], [ 39.2868685, -6.8241019 ], [ 39.2867099, -6.8243159 ], [ 39.2865311, -6.8245133 ], [ 39.2863338, -6.8246923 ], [ 39.2861199, -6.824851 ], [ 39.2860644, -6.8248843 ], [ 39.2860622, -6.8249294 ], [ 39.2860232, -6.8251929 ], [ 39.2859587, -6.8254512 ], [ 39.285869, -6.825702 ], [ 39.2857553, -6.8259429 ], [ 39.2856184, -6.8261714 ], [ 39.2854598, -6.8263854 ], [ 39.2853328, -6.8265256 ], [ 39.2853542, -6.8266688 ], [ 39.2853674, -6.8269348 ], [ 39.2853545, -6.8272008 ], [ 39.2853156, -6.8274643 ], [ 39.285251, -6.8277226 ], [ 39.2851614, -6.8279734 ], [ 39.2850476, -6.8282143 ], [ 39.2849107, -6.8284428 ], [ 39.2847521, -6.8286568 ], [ 39.2845733, -6.8288542 ], [ 39.284376, -6.8290332 ], [ 39.2841621, -6.8291919 ], [ 39.2839336, -6.829329 ], [ 39.2836928, -6.829443 ], [ 39.283442, -6.8295329 ], [ 39.2831836, -6.8295977 ], [ 39.2829523, -6.8296322 ], [ 39.2829349, -6.8296365 ], [ 39.2826713, -6.8296758 ], [ 39.2824052, -6.829689 ], [ 39.2821391, -6.8296761 ], [ 39.2818755, -6.8296371 ], [ 39.281617, -6.8295726 ], [ 39.281366, -6.829483 ], [ 39.2811251, -6.8293693 ], [ 39.2808965, -6.8292325 ], [ 39.2806824, -6.829074 ], [ 39.2804848, -6.8288953 ], [ 39.2803058, -6.828698 ], [ 39.2801469, -6.8284842 ], [ 39.2800098, -6.8282559 ], [ 39.2798958, -6.8280152 ], [ 39.2798059, -6.8277645 ], [ 39.279741, -6.8275062 ], [ 39.2797017, -6.8272428 ], [ 39.2796885, -6.8269768 ], [ 39.2797014, -6.8267108 ], [ 39.2797403, -6.8264473 ], [ 39.2798049, -6.8261889 ], [ 39.2798264, -6.826129 ], [ 39.2796047, -6.8259964 ], [ 39.2793906, -6.8258379 ], [ 39.279193, -6.8256591 ], [ 39.279014, -6.8254619 ], [ 39.2788552, -6.8252481 ], [ 39.278718, -6.8250198 ], [ 39.278604, -6.8247791 ], [ 39.2785141, -6.8245284 ], [ 39.2784492, -6.8242701 ], [ 39.2784099, -6.8240067 ], [ 39.2784043, -6.8238935 ], [ 39.278331, -6.8237948 ], [ 39.2781938, -6.8235665 ], [ 39.2780798, -6.8233258 ], [ 39.2779899, -6.8230751 ], [ 39.277925, -6.8228168 ], [ 39.2778857, -6.8225534 ], [ 39.2778725, -6.8222874 ], [ 39.2778854, -6.8220214 ], [ 39.2779244, -6.8217579 ], [ 39.277989, -6.8214995 ], [ 39.2780786, -6.8212487 ], [ 39.2781924, -6.8210079 ], [ 39.2783292, -6.8207794 ], [ 39.2784153, -6.8206632 ], [ 39.2782932, -6.8206056 ], [ 39.2780646, -6.8204688 ], [ 39.2780397, -6.8204503 ], [ 39.2780233, -6.8204544 ], [ 39.2777598, -6.8204937 ], [ 39.2774937, -6.8205069 ], [ 39.2772275, -6.820494 ], [ 39.2769639, -6.820455 ], [ 39.2767054, -6.8203905 ], [ 39.2764545, -6.8203009 ], [ 39.2762136, -6.8201872 ], [ 39.275985, -6.8200504 ], [ 39.2757709, -6.8198919 ], [ 39.2755734, -6.8197131 ], [ 39.2753943, -6.8195159 ], [ 39.2752355, -6.8193021 ], [ 39.2752198, -6.819276 ], [ 39.2750541, -6.8193754 ], [ 39.2748133, -6.8194894 ], [ 39.274567, -6.8195777 ], [ 39.2745874, -6.8196345 ], [ 39.2746523, -6.8198928 ], [ 39.2746916, -6.8201562 ], [ 39.2747048, -6.8204222 ], [ 39.2746919, -6.8206882 ], [ 39.274664, -6.8208764 ], [ 39.2747788, -6.8210028 ], [ 39.2749377, -6.8212166 ], [ 39.2750748, -6.821445 ], [ 39.2751888, -6.8216857 ], [ 39.2752787, -6.8219364 ], [ 39.2753436, -6.8221947 ], [ 39.2753829, -6.8224581 ], [ 39.2753961, -6.8227241 ], [ 39.2753832, -6.8229901 ], [ 39.2753442, -6.8232535 ], [ 39.2752796, -6.8235119 ], [ 39.27519, -6.8237627 ], [ 39.2750762, -6.8240035 ], [ 39.2749394, -6.824232 ], [ 39.2747808, -6.824446 ], [ 39.274602, -6.8246434 ], [ 39.2744046, -6.8248224 ], [ 39.2741907, -6.8249812 ], [ 39.2739622, -6.8251182 ], [ 39.2737214, -6.8252322 ], [ 39.2734706, -6.8253221 ], [ 39.2732122, -6.8253869 ], [ 39.2729487, -6.8254262 ], [ 39.2726825, -6.8254394 ], [ 39.2724164, -6.8254265 ], [ 39.2721528, -6.8253875 ], [ 39.2719336, -6.8253328 ], [ 39.2717956, -6.8254579 ], [ 39.2715817, -6.8256167 ], [ 39.2713532, -6.8257537 ], [ 39.2711124, -6.8258677 ], [ 39.2708616, -6.8259576 ], [ 39.2706032, -6.8260224 ], [ 39.2703396, -6.8260617 ], [ 39.2700735, -6.8260749 ], [ 39.2698074, -6.826062 ], [ 39.269663, -6.8260406 ], [ 39.2697495, -6.8260814 ], [ 39.2699781, -6.8262182 ], [ 39.2701922, -6.8263768 ], [ 39.2703897, -6.8265555 ], [ 39.2705688, -6.8267527 ], [ 39.2707276, -6.8269665 ], [ 39.2708647, -6.8271949 ], [ 39.2709788, -6.8274356 ], [ 39.2710687, -6.8276863 ], [ 39.2711336, -6.8279446 ], [ 39.2711728, -6.828208 ], [ 39.271186, -6.828474 ], [ 39.2711731, -6.82874 ], [ 39.2711342, -6.8290034 ], [ 39.2711083, -6.8291067 ], [ 39.2711631, -6.8291263 ], [ 39.2714041, -6.82924 ], [ 39.2714425, -6.8292631 ], [ 39.2714724, -6.8290609 ], [ 39.271537, -6.8288025 ], [ 39.2716267, -6.8285517 ], [ 39.2717404, -6.8283109 ], [ 39.2718773, -6.8280824 ], [ 39.2720359, -6.8278684 ], [ 39.2722147, -6.827671 ], [ 39.2724121, -6.827492 ], [ 39.272626, -6.8273332 ], [ 39.2728544, -6.8271962 ], [ 39.2730952, -6.8270822 ], [ 39.2733461, -6.8269923 ], [ 39.2736045, -6.8269275 ], [ 39.273868, -6.8268882 ], [ 39.2741342, -6.826875 ], [ 39.2744003, -6.8268879 ], [ 39.2746639, -6.8269269 ], [ 39.2749224, -6.8269914 ], [ 39.2751733, -6.827081 ], [ 39.2754142, -6.8271947 ], [ 39.2756429, -6.8273315 ], [ 39.275857, -6.82749 ], [ 39.2760545, -6.8276688 ], [ 39.2762335, -6.827866 ], [ 39.2763924, -6.8280798 ], [ 39.2765295, -6.8283082 ], [ 39.2766436, -6.8285488 ], [ 39.2767335, -6.8287995 ], [ 39.2767984, -6.8290578 ], [ 39.2768376, -6.8293213 ], [ 39.2768508, -6.8295872 ], [ 39.2768379, -6.8298533 ], [ 39.276799, -6.8301167 ], [ 39.2767344, -6.8303751 ], [ 39.2766713, -6.8305517 ], [ 39.2767885, -6.8304962 ], [ 39.2770393, -6.8304063 ], [ 39.2772978, -6.8303415 ], [ 39.2775613, -6.8303022 ], [ 39.2778274, -6.830289 ], [ 39.2780564, -6.8303001 ], [ 39.2782164, -6.83026 ], [ 39.2784799, -6.8302207 ], [ 39.278746, -6.8302075 ], [ 39.2790122, -6.8302204 ], [ 39.2792758, -6.8302594 ], [ 39.2795343, -6.8303239 ], [ 39.2797852, -6.8304135 ], [ 39.2800261, -6.8305272 ], [ 39.2802547, -6.830664 ], [ 39.2804689, -6.8308225 ], [ 39.2806664, -6.8310013 ], [ 39.2808454, -6.8311985 ], [ 39.2810043, -6.8314123 ], [ 39.2811414, -6.8316406 ], [ 39.2812555, -6.8318813 ], [ 39.2813454, -6.832132 ], [ 39.2814103, -6.8323903 ], [ 39.2814495, -6.8326537 ], [ 39.2814627, -6.8329197 ], [ 39.2814521, -6.833138 ], [ 39.2815174, -6.8331688 ], [ 39.281746, -6.8333056 ], [ 39.2819602, -6.8334641 ], [ 39.2821577, -6.8336429 ], [ 39.2823367, -6.8338401 ], [ 39.2824956, -6.8340539 ], [ 39.2826327, -6.8342822 ], [ 39.2827468, -6.8345229 ], [ 39.2828367, -6.8347736 ], [ 39.2829016, -6.8350319 ], [ 39.2829408, -6.8352953 ], [ 39.2829541, -6.8355613 ], [ 39.2829411, -6.8358273 ], [ 39.2829022, -6.8360908 ], [ 39.2828376, -6.8363491 ], [ 39.282748, -6.8366 ], [ 39.2826342, -6.8368408 ], [ 39.2824974, -6.8370693 ], [ 39.2823388, -6.8372833 ], [ 39.2821599, -6.8374807 ], [ 39.2819626, -6.8376597 ], [ 39.2817487, -6.8378184 ], [ 39.2815202, -6.8379555 ], [ 39.2814182, -6.8380038 ], [ 39.2814209, -6.8380147 ], [ 39.2814397, -6.8381411 ], [ 39.2816645, -6.8380063 ], [ 39.2819053, -6.8378923 ], [ 39.2821561, -6.8378024 ], [ 39.2824145, -6.8377376 ], [ 39.2826781, -6.8376983 ], [ 39.2829442, -6.8376851 ], [ 39.2832103, -6.837698 ], [ 39.2834739, -6.837737 ], [ 39.2835668, -6.8377601 ], [ 39.2837129, -6.8377672 ], [ 39.2839765, -6.8378062 ], [ 39.284235, -6.8378707 ], [ 39.284486, -6.8379603 ], [ 39.2847269, -6.838074 ], [ 39.2849555, -6.8382108 ], [ 39.2851697, -6.8383693 ], [ 39.2853672, -6.838548 ], [ 39.2855462, -6.8387453 ], [ 39.2857051, -6.8389591 ], [ 39.2858422, -6.8391874 ], [ 39.2859563, -6.8394281 ], [ 39.2860462, -6.8396788 ], [ 39.2861111, -6.8399371 ], [ 39.2861504, -6.8402005 ], [ 39.2861636, -6.8404665 ], [ 39.2861507, -6.8407325 ], [ 39.2861117, -6.840996 ], [ 39.2860471, -6.8412543 ], [ 39.2859575, -6.8415051 ], [ 39.2858437, -6.8417459 ], [ 39.2857069, -6.8419745 ], [ 39.2855483, -6.8421885 ], [ 39.2853695, -6.8423859 ], [ 39.2851721, -6.8425649 ], [ 39.2849582, -6.8427236 ], [ 39.2847297, -6.8428607 ], [ 39.2844889, -6.8429747 ], [ 39.2842381, -6.8430646 ], [ 39.2839797, -6.8431294 ], [ 39.2837161, -6.8431686 ], [ 39.28345, -6.8431819 ], [ 39.2831839, -6.843169 ], [ 39.2829203, -6.84313 ], [ 39.2828274, -6.8431069 ], [ 39.2826813, -6.8430998 ], [ 39.2824177, -6.8430608 ], [ 39.2821591, -6.8429963 ], [ 39.2819082, -6.8429067 ], [ 39.2816673, -6.842793 ], [ 39.2816277, -6.8427693 ], [ 39.2815198, -6.8428671 ], [ 39.2813059, -6.8430258 ], [ 39.2810774, -6.8431629 ], [ 39.2808366, -6.8432769 ], [ 39.2805858, -6.8433668 ], [ 39.2803274, -6.8434316 ], [ 39.2800638, -6.8434709 ], [ 39.2797977, -6.8434841 ], [ 39.2795315, -6.8434712 ], [ 39.2792679, -6.8434322 ], [ 39.2790094, -6.8433677 ], [ 39.2787585, -6.8432781 ], [ 39.2785176, -6.8431644 ], [ 39.2782889, -6.8430276 ], [ 39.2780748, -6.8428691 ], [ 39.2778773, -6.8426903 ], [ 39.2778004, -6.8426057 ], [ 39.2777073, -6.8427314 ], [ 39.2775284, -6.8429288 ], [ 39.2773311, -6.8431078 ], [ 39.2771172, -6.8432666 ], [ 39.2768919, -6.8434017 ], [ 39.276897, -6.8434219 ], [ 39.2769363, -6.8436854 ], [ 39.2769495, -6.8439513 ], [ 39.2769366, -6.8442173 ], [ 39.2768976, -6.8444808 ], [ 39.276833, -6.8447392 ], [ 39.2767434, -6.84499 ], [ 39.2766296, -6.8452308 ], [ 39.2764928, -6.8454593 ], [ 39.2763342, -6.8456733 ], [ 39.2761553, -6.8458707 ], [ 39.275958, -6.8460497 ], [ 39.2757441, -6.8462085 ], [ 39.2756418, -6.8462698 ], [ 39.2756621, -6.8464064 ], [ 39.2756753, -6.8466724 ], [ 39.2756624, -6.8469384 ], [ 39.2756235, -6.8472018 ], [ 39.2755589, -6.8474602 ], [ 39.2754828, -6.847673 ], [ 39.2756482, -6.8478552 ], [ 39.2758071, -6.848069 ], [ 39.2759442, -6.8482974 ], [ 39.2760583, -6.848538 ], [ 39.2761482, -6.8487887 ], [ 39.2762131, -6.849047 ], [ 39.2762523, -6.8493105 ], [ 39.2762655, -6.8495764 ], [ 39.2762526, -6.8498425 ], [ 39.2762291, -6.8500014 ] ] ], [ [ [ 39.2999999, -6.8152059 ], [ 39.3, -6.78 ], [ 39.286894, -6.7800009 ], [ 39.2869962, -6.7801711 ], [ 39.2871103, -6.7804118 ], [ 39.2872002, -6.7806625 ], [ 39.2872651, -6.7809208 ], [ 39.2873043, -6.7811842 ], [ 39.2873176, -6.7814502 ], [ 39.2873046, -6.7817162 ], [ 39.2872657, -6.7819797 ], [ 39.2872011, -6.782238 ], [ 39.2871115, -6.7824888 ], [ 39.2869977, -6.7827297 ], [ 39.2868609, -6.7829582 ], [ 39.2867023, -6.7831722 ], [ 39.2865235, -6.7833696 ], [ 39.2863262, -6.7835486 ], [ 39.2861123, -6.7837073 ], [ 39.2858839, -6.7838444 ], [ 39.2856431, -6.7839584 ], [ 39.2853923, -6.7840483 ], [ 39.2852033, -6.7840957 ], [ 39.2852332, -6.7841227 ], [ 39.2854122, -6.78432 ], [ 39.2855711, -6.7845338 ], [ 39.2857082, -6.7847621 ], [ 39.2858222, -6.7850028 ], [ 39.2859121, -6.7852535 ], [ 39.285977, -6.7855118 ], [ 39.2860163, -6.7857752 ], [ 39.2860295, -6.7860412 ], [ 39.2860166, -6.7863072 ], [ 39.2859776, -6.7865707 ], [ 39.285913, -6.786829 ], [ 39.2858234, -6.7870798 ], [ 39.2857097, -6.7873207 ], [ 39.2855728, -6.7875492 ], [ 39.2854142, -6.7877632 ], [ 39.2852354, -6.7879606 ], [ 39.2850381, -6.7881396 ], [ 39.2848242, -6.7882983 ], [ 39.2845958, -6.7884354 ], [ 39.284355, -6.7885494 ], [ 39.2841042, -6.7886393 ], [ 39.2838458, -6.7887041 ], [ 39.2835823, -6.7887434 ], [ 39.2833162, -6.7887566 ], [ 39.2830501, -6.7887437 ], [ 39.2827865, -6.7887047 ], [ 39.282528, -6.7886402 ], [ 39.2822771, -6.7885506 ], [ 39.2820362, -6.7884369 ], [ 39.2818076, -6.7883001 ], [ 39.2815935, -6.7881416 ], [ 39.281396, -6.7879629 ], [ 39.281217, -6.7877656 ], [ 39.2810581, -6.7875518 ], [ 39.280921, -6.7873235 ], [ 39.280807, -6.7870828 ], [ 39.2807171, -6.7868321 ], [ 39.2806522, -6.7865738 ], [ 39.2806129, -6.7863104 ], [ 39.2805997, -6.7860444 ], [ 39.2806126, -6.7857784 ], [ 39.2806516, -6.7855149 ], [ 39.2807162, -6.7852565 ], [ 39.2808058, -6.7850057 ], [ 39.2809195, -6.7847649 ], [ 39.2810564, -6.7845364 ], [ 39.281215, -6.7843224 ], [ 39.2813938, -6.784125 ], [ 39.2815911, -6.783946 ], [ 39.281805, -6.7837873 ], [ 39.2820334, -6.7836502 ], [ 39.2822742, -6.7835362 ], [ 39.282525, -6.7834463 ], [ 39.282714, -6.7833989 ], [ 39.2826841, -6.7833719 ], [ 39.2825051, -6.7831746 ], [ 39.2823463, -6.7829608 ], [ 39.2822092, -6.7827325 ], [ 39.2820951, -6.7824918 ], [ 39.2820052, -6.7822411 ], [ 39.2819523, -6.7820306 ], [ 39.2818204, -6.7821762 ], [ 39.2816231, -6.7823552 ], [ 39.2814092, -6.782514 ], [ 39.2811808, -6.782651 ], [ 39.28094, -6.782765 ], [ 39.2806892, -6.7828549 ], [ 39.2804308, -6.7829197 ], [ 39.2801673, -6.782959 ], [ 39.2799012, -6.7829722 ], [ 39.2796351, -6.7829593 ], [ 39.2794259, -6.7829284 ], [ 39.2795463, -6.7830611 ], [ 39.2797052, -6.7832749 ], [ 39.2798423, -6.7835033 ], [ 39.2799563, -6.7837439 ], [ 39.2800462, -6.7839946 ], [ 39.2801111, -6.7842529 ], [ 39.2801504, -6.7845164 ], [ 39.2801636, -6.7847823 ], [ 39.2801507, -6.7850483 ], [ 39.2801117, -6.7853118 ], [ 39.2800471, -6.7855702 ], [ 39.2799575, -6.785821 ], [ 39.2798437, -6.7860618 ], [ 39.2797069, -6.7862903 ], [ 39.2795483, -6.7865043 ], [ 39.2793695, -6.7867017 ], [ 39.2791722, -6.7868807 ], [ 39.2789583, -6.7870395 ], [ 39.2787299, -6.7871765 ], [ 39.2784891, -6.7872905 ], [ 39.2782383, -6.7873804 ], [ 39.2781755, -6.7873961 ], [ 39.2780935, -6.7875698 ], [ 39.2779566, -6.7877983 ], [ 39.277798, -6.7880123 ], [ 39.2776192, -6.7882097 ], [ 39.2774219, -6.7883887 ], [ 39.277208, -6.7885475 ], [ 39.2769796, -6.7886845 ], [ 39.2767388, -6.7887985 ], [ 39.276488, -6.7888884 ], [ 39.2762296, -6.7889532 ], [ 39.275966, -6.7889925 ], [ 39.2756999, -6.7890057 ], [ 39.2754338, -6.7889928 ], [ 39.2751703, -6.7889538 ], [ 39.2749118, -6.7888893 ], [ 39.2746609, -6.7887997 ], [ 39.27442, -6.788686 ], [ 39.2741914, -6.7885492 ], [ 39.274037, -6.7884349 ], [ 39.2740366, -6.7884364 ], [ 39.273947, -6.7886872 ], [ 39.2738332, -6.788928 ], [ 39.2738044, -6.7889762 ], [ 39.2738764, -6.7890102 ], [ 39.2741051, -6.789147 ], [ 39.2743191, -6.7893055 ], [ 39.2745166, -6.7894843 ], [ 39.2746957, -6.7896815 ], [ 39.2748545, -6.7898953 ], [ 39.2749916, -6.7901237 ], [ 39.2751057, -6.7903644 ], [ 39.2751956, -6.7906151 ], [ 39.2752604, -6.7908734 ], [ 39.2752997, -6.7911368 ], [ 39.2753129, -6.7914028 ], [ 39.2753, -6.7916688 ], [ 39.2752611, -6.7919322 ], [ 39.2751965, -6.7921906 ], [ 39.2751068, -6.7924414 ], [ 39.2749931, -6.7926822 ], [ 39.2748562, -6.7929107 ], [ 39.2746976, -6.7931247 ], [ 39.2745188, -6.7933221 ], [ 39.2744171, -6.7934144 ], [ 39.2744754, -6.7934575 ], [ 39.2746729, -6.7936363 ], [ 39.2748519, -6.7938335 ], [ 39.2750107, -6.7940473 ], [ 39.2750176, -6.7940588 ], [ 39.2751321, -6.7938678 ], [ 39.2752906, -6.7936538 ], [ 39.2754695, -6.7934564 ], [ 39.2756668, -6.7932774 ], [ 39.2758807, -6.7931186 ], [ 39.2761091, -6.7929816 ], [ 39.2763499, -6.7928676 ], [ 39.2766007, -6.7927777 ], [ 39.2768591, -6.7927129 ], [ 39.2771226, -6.7926736 ], [ 39.2773887, -6.7926604 ], [ 39.2776549, -6.7926733 ], [ 39.2779184, -6.7927123 ], [ 39.2781769, -6.7927768 ], [ 39.2784278, -6.7928664 ], [ 39.2786687, -6.7929801 ], [ 39.2788973, -6.7931169 ], [ 39.2791114, -6.7932754 ], [ 39.2793089, -6.7934542 ], [ 39.279488, -6.7936514 ], [ 39.2796468, -6.7938652 ], [ 39.2797839, -6.7940936 ], [ 39.279898, -6.7943342 ], [ 39.2799879, -6.7945849 ], [ 39.2800528, -6.7948432 ], [ 39.280092, -6.7951066 ], [ 39.2801052, -6.7953726 ], [ 39.2800923, -6.7956386 ], [ 39.280057, -6.7958773 ], [ 39.280081, -6.7958886 ], [ 39.2800852, -6.7958911 ], [ 39.2802437, -6.7959477 ], [ 39.2804846, -6.7960614 ], [ 39.2807132, -6.7961982 ], [ 39.2809273, -6.7963567 ], [ 39.2811248, -6.7965355 ], [ 39.2813039, -6.7967327 ], [ 39.2814627, -6.7969465 ], [ 39.2815, -6.7970085 ], [ 39.2815883, -6.796943 ], [ 39.2818168, -6.7968059 ], [ 39.2820576, -6.7966919 ], [ 39.2823084, -6.796602 ], [ 39.2825668, -6.7965372 ], [ 39.2828303, -6.7964979 ], [ 39.2830964, -6.7964847 ], [ 39.2833625, -6.7964976 ], [ 39.2836261, -6.7965366 ], [ 39.2838846, -6.7966011 ], [ 39.2841355, -6.7966907 ], [ 39.2843764, -6.7968044 ], [ 39.284605, -6.7969412 ], [ 39.2848191, -6.7970997 ], [ 39.2850166, -6.7972784 ], [ 39.2851957, -6.7974757 ], [ 39.2853545, -6.7976895 ], [ 39.2854916, -6.7979178 ], [ 39.2856057, -6.7981585 ], [ 39.2856956, -6.7984092 ], [ 39.2857605, -6.7986675 ], [ 39.2857997, -6.7989309 ], [ 39.285813, -6.7991969 ], [ 39.2858, -6.7994629 ], [ 39.2857611, -6.7997264 ], [ 39.2856965, -6.7999847 ], [ 39.2856069, -6.8002355 ], [ 39.2854931, -6.8004764 ], [ 39.2854476, -6.8005524 ], [ 39.2855213, -6.8005559 ], [ 39.2857849, -6.8005949 ], [ 39.2860434, -6.8006594 ], [ 39.2862943, -6.800749 ], [ 39.2865352, -6.8008627 ], [ 39.2867638, -6.8009995 ], [ 39.2869779, -6.801158 ], [ 39.2871754, -6.8013367 ], [ 39.2873545, -6.801534 ], [ 39.2875133, -6.8017478 ], [ 39.2876504, -6.8019761 ], [ 39.2877645, -6.8022168 ], [ 39.2878544, -6.8024675 ], [ 39.2879193, -6.8027258 ], [ 39.2879585, -6.8029892 ], [ 39.2879718, -6.8032552 ], [ 39.2879589, -6.8035212 ], [ 39.2879199, -6.8037847 ], [ 39.2878553, -6.804043 ], [ 39.2877657, -6.8042938 ], [ 39.287652, -6.8045346 ], [ 39.2875151, -6.8047632 ], [ 39.2874127, -6.8049014 ], [ 39.2874476, -6.8049066 ], [ 39.2877061, -6.8049711 ], [ 39.287957, -6.8050607 ], [ 39.2881979, -6.8051744 ], [ 39.2884265, -6.8053112 ], [ 39.2886406, -6.8054697 ], [ 39.2888382, -6.8056484 ], [ 39.2890172, -6.8058456 ], [ 39.289176, -6.8060595 ], [ 39.2893132, -6.8062878 ], [ 39.2894272, -6.8065285 ], [ 39.2895171, -6.8067792 ], [ 39.289582, -6.8070375 ], [ 39.2896213, -6.8073009 ], [ 39.2896288, -6.8074517 ], [ 39.2896585, -6.8075347 ], [ 39.2897234, -6.807793 ], [ 39.2897627, -6.8080564 ], [ 39.2897759, -6.8083224 ], [ 39.289763, -6.8085884 ], [ 39.2897241, -6.8088518 ], [ 39.2896595, -6.8091102 ], [ 39.2895699, -6.809361 ], [ 39.2894561, -6.8096018 ], [ 39.2893193, -6.8098303 ], [ 39.2891607, -6.8100444 ], [ 39.2889818, -6.8102418 ], [ 39.2887845, -6.8104208 ], [ 39.2885706, -6.8105795 ], [ 39.2883422, -6.8107166 ], [ 39.2881014, -6.8108306 ], [ 39.2878506, -6.8109205 ], [ 39.2875922, -6.8109853 ], [ 39.2873286, -6.8110246 ], [ 39.2872726, -6.8110273 ], [ 39.2872792, -6.8110539 ], [ 39.2874615, -6.8110627 ], [ 39.2877251, -6.8111017 ], [ 39.2879836, -6.8111662 ], [ 39.2882345, -6.8112558 ], [ 39.2884754, -6.8113695 ], [ 39.288704, -6.8115063 ], [ 39.2889181, -6.8116648 ], [ 39.2891157, -6.8118435 ], [ 39.2892947, -6.8120407 ], [ 39.2894536, -6.8122546 ], [ 39.2895907, -6.8124829 ], [ 39.2897047, -6.8127236 ], [ 39.2897464, -6.8128398 ], [ 39.2898103, -6.8127692 ], [ 39.2900076, -6.8125903 ], [ 39.2902215, -6.8124315 ], [ 39.29045, -6.8122944 ], [ 39.2906908, -6.8121804 ], [ 39.2909416, -6.8120906 ], [ 39.2912, -6.8120257 ], [ 39.2914635, -6.8119865 ], [ 39.2914639, -6.8119864 ], [ 39.2914738, -6.8117818 ], [ 39.2915127, -6.8115184 ], [ 39.2915773, -6.81126 ], [ 39.2916669, -6.8110092 ], [ 39.2917807, -6.8107684 ], [ 39.2919175, -6.8105399 ], [ 39.2920761, -6.8103259 ], [ 39.2922549, -6.8101284 ], [ 39.2924522, -6.8099495 ], [ 39.2926661, -6.8097907 ], [ 39.2928946, -6.8096536 ], [ 39.2931354, -6.8095396 ], [ 39.2933862, -6.8094498 ], [ 39.2936446, -6.8093849 ], [ 39.2939081, -6.8093457 ], [ 39.2941742, -6.8093324 ], [ 39.2944404, -6.8093453 ], [ 39.294704, -6.8093842 ], [ 39.2949624, -6.8094488 ], [ 39.2952134, -6.8095384 ], [ 39.2954543, -6.8096521 ], [ 39.2956829, -6.8097889 ], [ 39.295897, -6.8099474 ], [ 39.2960945, -6.8101261 ], [ 39.2962736, -6.8103233 ], [ 39.2964324, -6.8105371 ], [ 39.2965696, -6.8107655 ], [ 39.2966836, -6.8110062 ], [ 39.2967735, -6.8112568 ], [ 39.2968384, -6.8115151 ], [ 39.2968777, -6.8117786 ], [ 39.2968795, -6.8118154 ], [ 39.2969455, -6.8119252 ], [ 39.2969479, -6.8119303 ], [ 39.2970536, -6.8120726 ], [ 39.2971908, -6.812301 ], [ 39.2973048, -6.8125416 ], [ 39.2973947, -6.8127923 ], [ 39.2974596, -6.8130506 ], [ 39.2974989, -6.813314 ], [ 39.2975121, -6.81358 ], [ 39.2974992, -6.813846 ], [ 39.2974847, -6.8139442 ], [ 39.297701, -6.8139334 ], [ 39.2979672, -6.8139463 ], [ 39.2982307, -6.8139852 ], [ 39.2984892, -6.8140498 ], [ 39.2987402, -6.8141394 ], [ 39.2989811, -6.8142531 ], [ 39.2992097, -6.8143898 ], [ 39.2994238, -6.8145484 ], [ 39.2996213, -6.8147271 ], [ 39.2998004, -6.8149243 ], [ 39.2999592, -6.8151381 ], [ 39.2999999, -6.8152059 ] ], [ [ 39.2941527, -6.8080139 ], [ 39.2939387, -6.8081727 ], [ 39.2937103, -6.8083098 ], [ 39.2934695, -6.8084238 ], [ 39.2932187, -6.8085136 ], [ 39.2929603, -6.8085785 ], [ 39.2926968, -6.8086177 ], [ 39.2924306, -6.808631 ], [ 39.2921645, -6.8086181 ], [ 39.2919009, -6.8085792 ], [ 39.2916424, -6.8085146 ], [ 39.2913915, -6.808425 ], [ 39.2911506, -6.8083113 ], [ 39.290922, -6.8081745 ], [ 39.2907079, -6.808016 ], [ 39.2905104, -6.8078373 ], [ 39.2903313, -6.8076401 ], [ 39.2901725, -6.8074263 ], [ 39.2900354, -6.8071979 ], [ 39.2899213, -6.8069572 ], [ 39.2898314, -6.8067065 ], [ 39.2897665, -6.8064482 ], [ 39.2897272, -6.8061848 ], [ 39.289714, -6.8059188 ], [ 39.2897269, -6.8056528 ], [ 39.2897659, -6.8053894 ], [ 39.2898304, -6.805131 ], [ 39.28992, -6.8048802 ], [ 39.2900338, -6.8046394 ], [ 39.2901707, -6.8044109 ], [ 39.2903292, -6.8041969 ], [ 39.2905081, -6.8039994 ], [ 39.2907054, -6.8038205 ], [ 39.2909193, -6.8036617 ], [ 39.2911477, -6.8035246 ], [ 39.2913885, -6.8034106 ], [ 39.2916393, -6.8033208 ], [ 39.2918977, -6.8032559 ], [ 39.2921613, -6.8032167 ], [ 39.2924274, -6.8032034 ], [ 39.2926935, -6.8032163 ], [ 39.2929571, -6.8032552 ], [ 39.2932155, -6.8033198 ], [ 39.2934665, -6.8034094 ], [ 39.2937074, -6.8035231 ], [ 39.293936, -6.8036599 ], [ 39.2941501, -6.8038184 ], [ 39.2943476, -6.8039971 ], [ 39.2945267, -6.8041943 ], [ 39.2946855, -6.8044081 ], [ 39.2948226, -6.8046365 ], [ 39.2949367, -6.8048772 ], [ 39.2950266, -6.8051279 ], [ 39.2950915, -6.8053862 ], [ 39.2951308, -6.8056496 ], [ 39.295144, -6.8059156 ], [ 39.2951311, -6.8061816 ], [ 39.2950921, -6.806445 ], [ 39.2950276, -6.8067034 ], [ 39.294938, -6.8069542 ], [ 39.2948242, -6.807195 ], [ 39.2946874, -6.8074235 ], [ 39.2945288, -6.8076375 ], [ 39.29435, -6.807835 ], [ 39.2941527, -6.8080139 ] ] ], [ [ [ 39.2723853, -6.7800076 ], [ 39.2723868, -6.7800015 ], [ 39.2643066, -6.7800016 ], [ 39.2644275, -6.7801644 ], [ 39.2645646, -6.7803927 ], [ 39.2646786, -6.7806334 ], [ 39.2647685, -6.7808841 ], [ 39.2648334, -6.7811424 ], [ 39.2648726, -6.7814058 ], [ 39.2648824, -6.7816018 ], [ 39.26496, -6.781497 ], [ 39.2651388, -6.7812996 ], [ 39.2653362, -6.7811207 ], [ 39.2655501, -6.7809619 ], [ 39.2657785, -6.7808249 ], [ 39.2660193, -6.7807109 ], [ 39.2662701, -6.780621 ], [ 39.2665285, -6.7805562 ], [ 39.266792, -6.7805169 ], [ 39.2670581, -6.7805037 ], [ 39.2673242, -6.7805166 ], [ 39.2675878, -6.7805556 ], [ 39.2678463, -6.7806201 ], [ 39.2680972, -6.7807097 ], [ 39.2683381, -6.7808235 ], [ 39.2685667, -6.7809602 ], [ 39.2687807, -6.7811188 ], [ 39.2689782, -6.7812975 ], [ 39.2691573, -6.7814947 ], [ 39.2692755, -6.7816539 ], [ 39.2695098, -6.7815952 ], [ 39.2697733, -6.7815559 ], [ 39.2700394, -6.7815427 ], [ 39.2703055, -6.7815556 ], [ 39.2705691, -6.7815946 ], [ 39.2708275, -6.7816591 ], [ 39.2710784, -6.7817487 ], [ 39.2713193, -6.7818624 ], [ 39.2715479, -6.7819992 ], [ 39.271762, -6.7821578 ], [ 39.2719595, -6.7823365 ], [ 39.2721386, -6.7825337 ], [ 39.2722974, -6.7827475 ], [ 39.2724345, -6.7829759 ], [ 39.2725485, -6.7832166 ], [ 39.2726384, -6.7834673 ], [ 39.2727033, -6.7837256 ], [ 39.2727426, -6.783989 ], [ 39.2727558, -6.784255 ], [ 39.2727429, -6.784521 ], [ 39.2727039, -6.7847844 ], [ 39.2726393, -6.7850428 ], [ 39.2725853, -6.785194 ], [ 39.2727166, -6.785256 ], [ 39.2729452, -6.7853928 ], [ 39.2730996, -6.7855071 ], [ 39.2731, -6.7855056 ], [ 39.2731896, -6.7852548 ], [ 39.2733034, -6.785014 ], [ 39.2734402, -6.7847855 ], [ 39.2735988, -6.7845715 ], [ 39.2737776, -6.7843741 ], [ 39.2739749, -6.7841951 ], [ 39.2741888, -6.7840363 ], [ 39.2744173, -6.7838993 ], [ 39.274658, -6.7837853 ], [ 39.2749088, -6.7836954 ], [ 39.2749716, -6.7836797 ], [ 39.2750537, -6.783506 ], [ 39.2751905, -6.7832775 ], [ 39.2752176, -6.7832409 ], [ 39.2750498, -6.7832493 ], [ 39.2747837, -6.7832364 ], [ 39.2745202, -6.7831974 ], [ 39.2742617, -6.7831329 ], [ 39.2740108, -6.7830433 ], [ 39.2737699, -6.7829296 ], [ 39.2735413, -6.7827928 ], [ 39.2733272, -6.7826343 ], [ 39.2731297, -6.7824555 ], [ 39.2729507, -6.7822583 ], [ 39.2727918, -6.7820445 ], [ 39.2726547, -6.7818161 ], [ 39.2725407, -6.7815754 ], [ 39.2724508, -6.7813247 ], [ 39.2723859, -6.7810664 ], [ 39.2723467, -6.780803 ], [ 39.2723334, -6.780537 ], [ 39.2723464, -6.780271 ], [ 39.2723853, -6.7800076 ] ] ], [ [ [ 39.2599129, -6.7801668 ], [ 39.2600353, -6.7800016 ], [ 39.2540213, -6.7800016 ], [ 39.2540239, -6.7800534 ], [ 39.2540109, -6.7803194 ], [ 39.253972, -6.7805828 ], [ 39.2539074, -6.7808412 ], [ 39.2538177, -6.781092 ], [ 39.2537284, -6.7812811 ], [ 39.2539261, -6.7813516 ], [ 39.254167, -6.7814654 ], [ 39.2543956, -6.7816022 ], [ 39.2546097, -6.7817607 ], [ 39.2548072, -6.7819395 ], [ 39.2549862, -6.7821367 ], [ 39.255145, -6.7823505 ], [ 39.2552821, -6.7825789 ], [ 39.2553166, -6.7826517 ], [ 39.2553483, -6.782623 ], [ 39.2555622, -6.7824643 ], [ 39.2557907, -6.7823272 ], [ 39.2560314, -6.7822132 ], [ 39.2562822, -6.7821234 ], [ 39.2565406, -6.7820585 ], [ 39.2568042, -6.7820193 ], [ 39.2570703, -6.7820061 ], [ 39.2573364, -6.782019 ], [ 39.2575999, -6.782058 ], [ 39.2578584, -6.7821226 ], [ 39.2581093, -6.7822121 ], [ 39.2581383, -6.7822258 ], [ 39.2582803, -6.7822047 ], [ 39.2584646, -6.7821956 ], [ 39.2585081, -6.7821846 ], [ 39.2587717, -6.7821454 ], [ 39.2590378, -6.7821322 ], [ 39.2593039, -6.7821451 ], [ 39.2595042, -6.7821747 ], [ 39.2594693, -6.7819407 ], [ 39.2594561, -6.7816748 ], [ 39.2594691, -6.7814088 ], [ 39.259508, -6.7811453 ], [ 39.2595726, -6.7808869 ], [ 39.2596622, -6.7806361 ], [ 39.259776, -6.7803953 ], [ 39.2599129, -6.7801668 ] ] ], [ [ [ 39.248439, -6.7800103 ], [ 39.2484576, -6.7800015 ], [ 39.2484292, -6.7800015 ], [ 39.248439, -6.7800103 ] ] ], [ [ [ 39.2383594, -6.7800354 ], [ 39.2383799, -6.7800012 ], [ 39.2308274, -6.7800008 ], [ 39.231012, -6.7800469 ], [ 39.2312628, -6.7801365 ], [ 39.2315037, -6.7802502 ], [ 39.2317323, -6.780387 ], [ 39.2319464, -6.7805456 ], [ 39.2321439, -6.7807243 ], [ 39.2323229, -6.7809216 ], [ 39.2324817, -6.7811354 ], [ 39.2326188, -6.7813638 ], [ 39.2327328, -6.7816045 ], [ 39.2328227, -6.7818552 ], [ 39.2328876, -6.7821135 ], [ 39.2329268, -6.7823769 ], [ 39.23294, -6.7826429 ], [ 39.232927, -6.7829089 ], [ 39.2328881, -6.7831724 ], [ 39.2328235, -6.7834307 ], [ 39.2327338, -6.7836815 ], [ 39.23262, -6.7839223 ], [ 39.2324832, -6.7841508 ], [ 39.2323246, -6.7843648 ], [ 39.2321457, -6.7845622 ], [ 39.2319484, -6.7847412 ], [ 39.2317345, -6.7848999 ], [ 39.2316971, -6.7849223 ], [ 39.2317191, -6.7849256 ], [ 39.2319776, -6.7849902 ], [ 39.2320714, -6.7850237 ], [ 39.2322751, -6.7849934 ], [ 39.2325412, -6.7849802 ], [ 39.2328073, -6.7849931 ], [ 39.2330709, -6.7850321 ], [ 39.2333293, -6.7850967 ], [ 39.2335802, -6.7851863 ], [ 39.2336545, -6.7852213 ], [ 39.2337092, -6.7851057 ], [ 39.233846, -6.7848772 ], [ 39.2340046, -6.7846632 ], [ 39.2341835, -6.7844658 ], [ 39.2343808, -6.7842868 ], [ 39.2345947, -6.7841281 ], [ 39.2348231, -6.7839911 ], [ 39.2350639, -6.7838771 ], [ 39.2353121, -6.7837882 ], [ 39.2352741, -6.7835331 ], [ 39.235273, -6.7835115 ], [ 39.2352621, -6.783468 ], [ 39.2352229, -6.7832046 ], [ 39.2352097, -6.7829386 ], [ 39.2352227, -6.7826726 ], [ 39.2352616, -6.7824092 ], [ 39.2353262, -6.7821508 ], [ 39.2354159, -6.7819 ], [ 39.2355297, -6.7816592 ], [ 39.2356665, -6.7814307 ], [ 39.2358251, -6.7812167 ], [ 39.236004, -6.7810193 ], [ 39.2362013, -6.7808404 ], [ 39.2364152, -6.7806816 ], [ 39.2366436, -6.7805446 ], [ 39.2368844, -6.7804306 ], [ 39.2371352, -6.7803407 ], [ 39.2373937, -6.7802759 ], [ 39.2374184, -6.7802722 ], [ 39.2375, -6.7802336 ], [ 39.2377508, -6.7801438 ], [ 39.2380092, -6.7800789 ], [ 39.2382728, -6.7800397 ], [ 39.2383594, -6.7800354 ] ] ], [ [ [ 39.2205899, -6.78 ], [ 39.22, -6.78 ], [ 39.22, -6.7834907 ], [ 39.2201418, -6.7834696 ], [ 39.2203093, -6.7834613 ], [ 39.2203619, -6.7832511 ], [ 39.2204515, -6.7830003 ], [ 39.2205653, -6.7827595 ], [ 39.2207022, -6.782531 ], [ 39.2208608, -6.782317 ], [ 39.2210396, -6.7821196 ], [ 39.2211838, -6.7819889 ], [ 39.2210333, -6.7817862 ], [ 39.2208962, -6.7815579 ], [ 39.2207822, -6.7813172 ], [ 39.2206923, -6.7810665 ], [ 39.2206274, -6.7808082 ], [ 39.2205882, -6.7805447 ], [ 39.220575, -6.7802787 ], [ 39.220588, -6.7800127 ], [ 39.2205899, -6.78 ] ] ], [ [ [ 39.2201442, -6.788871 ], [ 39.22, -6.7888497 ], [ 39.22, -6.7918122 ], [ 39.220009, -6.7918055 ], [ 39.2202375, -6.7916684 ], [ 39.2204783, -6.7915545 ], [ 39.2207291, -6.7914646 ], [ 39.2209875, -6.7913998 ], [ 39.2212511, -6.7913606 ], [ 39.2215172, -6.7913474 ], [ 39.2217833, -6.7913604 ], [ 39.2219207, -6.7913807 ], [ 39.221827, -6.7911829 ], [ 39.2217371, -6.7909322 ], [ 39.2216723, -6.7906739 ], [ 39.2216331, -6.7904104 ], [ 39.2216199, -6.7901444 ], [ 39.2216271, -6.7899967 ], [ 39.2215428, -6.7899343 ], [ 39.2213453, -6.7897555 ], [ 39.2211663, -6.7895583 ], [ 39.2210075, -6.7893444 ], [ 39.2208704, -6.7891161 ], [ 39.2207564, -6.7888754 ], [ 39.2207508, -6.7888597 ], [ 39.2206764, -6.7888708 ], [ 39.2204103, -6.788884 ], [ 39.2201442, -6.788871 ] ] ], [ [ [ 39.2200111, -6.7963183 ], [ 39.22, -6.7963101 ], [ 39.22, -6.8051261 ], [ 39.2201585, -6.8049122 ], [ 39.2203373, -6.8047148 ], [ 39.2205347, -6.8045359 ], [ 39.2207486, -6.8043772 ], [ 39.2209771, -6.8042401 ], [ 39.2212179, -6.8041262 ], [ 39.2214687, -6.8040363 ], [ 39.2217271, -6.8039715 ], [ 39.2219906, -6.8039323 ], [ 39.2221065, -6.8039266 ], [ 39.2223583, -6.8038891 ], [ 39.2226244, -6.8038759 ], [ 39.2228906, -6.8038889 ], [ 39.2231541, -6.8039278 ], [ 39.2234126, -6.8039924 ], [ 39.2235513, -6.8040419 ], [ 39.223604, -6.8040551 ], [ 39.2238549, -6.8041447 ], [ 39.2240958, -6.8042585 ], [ 39.2242687, -6.8043619 ], [ 39.2245159, -6.8042734 ], [ 39.2247743, -6.8042086 ], [ 39.2250378, -6.8041694 ], [ 39.2253039, -6.8041562 ], [ 39.2255701, -6.8041692 ], [ 39.2258336, -6.8042081 ], [ 39.2260921, -6.8042727 ], [ 39.226343, -6.8043623 ], [ 39.2265839, -6.8044761 ], [ 39.2268125, -6.8046129 ], [ 39.2270266, -6.8047714 ], [ 39.2271317, -6.8048665 ], [ 39.2271037, -6.8046785 ], [ 39.2270905, -6.8044125 ], [ 39.2270947, -6.8043271 ], [ 39.2270242, -6.8043376 ], [ 39.2267581, -6.8043508 ], [ 39.226492, -6.8043378 ], [ 39.2262284, -6.8042989 ], [ 39.2259699, -6.8042343 ], [ 39.225719, -6.8041447 ], [ 39.2254781, -6.8040309 ], [ 39.2252495, -6.8038941 ], [ 39.2250354, -6.8037356 ], [ 39.2248379, -6.8035568 ], [ 39.2246589, -6.8033596 ], [ 39.2245001, -6.8031458 ], [ 39.224363, -6.8029174 ], [ 39.224249, -6.8026767 ], [ 39.2241591, -6.802426 ], [ 39.2240942, -6.8021677 ], [ 39.224055, -6.8019043 ], [ 39.2240418, -6.8016383 ], [ 39.2240546, -6.8013756 ], [ 39.2240211, -6.8012423 ], [ 39.2240054, -6.8011363 ], [ 39.2239614, -6.8009614 ], [ 39.2239222, -6.800698 ], [ 39.223909, -6.800432 ], [ 39.223922, -6.800166 ], [ 39.2239609, -6.7999025 ], [ 39.2240256, -6.7996441 ], [ 39.2240503, -6.7995751 ], [ 39.2240615, -6.7995302 ], [ 39.2241511, -6.7992794 ], [ 39.2241889, -6.7991996 ], [ 39.2241233, -6.7991603 ], [ 39.2239092, -6.7990018 ], [ 39.2237117, -6.798823 ], [ 39.2235327, -6.7986258 ], [ 39.2233739, -6.7984119 ], [ 39.2232368, -6.7981836 ], [ 39.2231228, -6.7979429 ], [ 39.2230329, -6.7976922 ], [ 39.2229681, -6.7974339 ], [ 39.2229288, -6.7971704 ], [ 39.2229156, -6.7969045 ], [ 39.2229286, -6.7966385 ], [ 39.2229676, -6.796375 ], [ 39.222974, -6.7963492 ], [ 39.2227993, -6.796454 ], [ 39.2225585, -6.7965679 ], [ 39.2223077, -6.7966578 ], [ 39.2220493, -6.7967226 ], [ 39.2217857, -6.7967618 ], [ 39.2215196, -6.796775 ], [ 39.2212535, -6.796762 ], [ 39.22099, -6.7967231 ], [ 39.2207315, -6.7966585 ], [ 39.2204806, -6.7965689 ], [ 39.2202397, -6.7964551 ], [ 39.2200111, -6.7963183 ] ] ], [ [ [ 39.2201006, -6.8110714 ], [ 39.22, -6.8110665 ], [ 39.22, -6.8153591 ], [ 39.2201051, -6.8152173 ], [ 39.220284, -6.8150198 ], [ 39.2204813, -6.8148409 ], [ 39.2206953, -6.8146822 ], [ 39.2209237, -6.8145451 ], [ 39.2211645, -6.8144312 ], [ 39.2214154, -6.8143413 ], [ 39.2216738, -6.8142765 ], [ 39.2219373, -6.8142373 ], [ 39.2222035, -6.8142241 ], [ 39.2223619, -6.8142318 ], [ 39.2222406, -6.814122 ], [ 39.2220615, -6.8139248 ], [ 39.2219027, -6.8137109 ], [ 39.2217656, -6.8134826 ], [ 39.2216516, -6.8132419 ], [ 39.2215617, -6.8129912 ], [ 39.2215385, -6.8128988 ], [ 39.2214986, -6.8127875 ], [ 39.2214338, -6.8125292 ], [ 39.2213946, -6.8122657 ], [ 39.2213814, -6.8119998 ], [ 39.2213943, -6.8117337 ], [ 39.2214333, -6.8114703 ], [ 39.2214979, -6.8112119 ], [ 39.2215876, -6.8109611 ], [ 39.2217014, -6.8107203 ], [ 39.2218382, -6.8104918 ], [ 39.2219542, -6.8103354 ], [ 39.2218228, -6.8104546 ], [ 39.2216088, -6.8106133 ], [ 39.2213803, -6.8107504 ], [ 39.2211395, -6.8108643 ], [ 39.2208887, -6.8109542 ], [ 39.2206303, -6.811019 ], [ 39.2203668, -6.8110582 ], [ 39.2201006, -6.8110714 ] ] ], [ [ [ 39.2201067, -6.8186605 ], [ 39.22, -6.8185167 ], [ 39.22, -6.8195922 ], [ 39.2201495, -6.8193905 ], [ 39.2203284, -6.819193 ], [ 39.220493, -6.8190437 ], [ 39.2204832, -6.8190365 ], [ 39.2202857, -6.8188577 ], [ 39.2201067, -6.8186605 ] ] ], [ [ [ 39.2201151, -6.8227852 ], [ 39.22, -6.8226302 ], [ 39.22, -6.8291331 ], [ 39.2200044, -6.8290418 ], [ 39.2200434, -6.8287784 ], [ 39.220108, -6.82852 ], [ 39.2201977, -6.8282692 ], [ 39.2203115, -6.8280284 ], [ 39.2204484, -6.8277999 ], [ 39.220607, -6.827586 ], [ 39.2207858, -6.8273885 ], [ 39.2209832, -6.8272096 ], [ 39.2211971, -6.8270509 ], [ 39.2212509, -6.8270186 ], [ 39.2211386, -6.8267816 ], [ 39.2210488, -6.8265309 ], [ 39.2209839, -6.8262726 ], [ 39.2209447, -6.8260091 ], [ 39.2209315, -6.8257432 ], [ 39.2209444, -6.8254771 ], [ 39.2209834, -6.8252137 ], [ 39.221048, -6.8249553 ], [ 39.2211377, -6.8247045 ], [ 39.2212515, -6.8244637 ], [ 39.2213884, -6.8242352 ], [ 39.221547, -6.8240213 ], [ 39.2216278, -6.823932 ], [ 39.2216185, -6.8239297 ], [ 39.2213676, -6.8238401 ], [ 39.2211267, -6.8237263 ], [ 39.2208981, -6.8235895 ], [ 39.220684, -6.823431 ], [ 39.2204865, -6.8232522 ], [ 39.2203075, -6.823055 ], [ 39.2201487, -6.8228411 ], [ 39.2201151, -6.8227852 ] ] ], [ [ [ 39.2200047, -6.8295738 ], [ 39.22, -6.8294793 ], [ 39.22, -6.8301785 ], [ 39.2200075, -6.8301684 ], [ 39.2201011, -6.830065 ], [ 39.2200439, -6.8298373 ], [ 39.2200047, -6.8295738 ] ] ], [ [ [ 39.220009, -6.8336116 ], [ 39.22, -6.8335994 ], [ 39.22, -6.8367697 ], [ 39.2200583, -6.836691 ], [ 39.2202372, -6.8364935 ], [ 39.2204345, -6.8363146 ], [ 39.2206485, -6.8361559 ], [ 39.220877, -6.8360188 ], [ 39.2211178, -6.8359049 ], [ 39.2212459, -6.835859 ], [ 39.2212843, -6.8357057 ], [ 39.2213739, -6.8354549 ], [ 39.2214877, -6.8352141 ], [ 39.2216246, -6.8349856 ], [ 39.2217832, -6.8347717 ], [ 39.2219435, -6.8345948 ], [ 39.2218422, -6.8345898 ], [ 39.2215786, -6.8345509 ], [ 39.2213201, -6.8344863 ], [ 39.2210692, -6.8343967 ], [ 39.2208283, -6.8342829 ], [ 39.2205997, -6.8341461 ], [ 39.2203856, -6.8339876 ], [ 39.2201881, -6.8338088 ], [ 39.220009, -6.8336116 ] ] ], [ [ [ 39.2324114, -6.8499667 ], [ 39.2323544, -6.8500009 ], [ 39.2541866, -6.8500016 ], [ 39.2541791, -6.849851 ], [ 39.2541921, -6.849585 ], [ 39.254231, -6.8493216 ], [ 39.2542957, -6.8490632 ], [ 39.2543373, -6.8489466 ], [ 39.2543224, -6.8489489 ], [ 39.2540562, -6.8489621 ], [ 39.2537901, -6.8489492 ], [ 39.2535265, -6.8489102 ], [ 39.253268, -6.8488456 ], [ 39.253017, -6.8487561 ], [ 39.2527761, -6.8486423 ], [ 39.2525475, -6.8485055 ], [ 39.2523334, -6.848347 ], [ 39.2521358, -6.8481682 ], [ 39.2519568, -6.847971 ], [ 39.251798, -6.8477572 ], [ 39.2516609, -6.8475288 ], [ 39.2515468, -6.8472881 ], [ 39.2514569, -6.8470374 ], [ 39.251392, -6.8467791 ], [ 39.2513528, -6.8465157 ], [ 39.2513396, -6.8462497 ], [ 39.2513525, -6.8459837 ], [ 39.2513915, -6.8457203 ], [ 39.2513981, -6.8456937 ], [ 39.2513647, -6.8455607 ], [ 39.2513255, -6.8452973 ], [ 39.2513123, -6.8450313 ], [ 39.2513252, -6.8447653 ], [ 39.2513642, -6.8445019 ], [ 39.2514288, -6.8442435 ], [ 39.2515184, -6.8439927 ], [ 39.2516322, -6.8437519 ], [ 39.2517691, -6.8435234 ], [ 39.2519277, -6.8433094 ], [ 39.2521065, -6.843112 ], [ 39.2523039, -6.842933 ], [ 39.2525178, -6.8427743 ], [ 39.2527463, -6.8426372 ], [ 39.2529871, -6.8425232 ], [ 39.2532379, -6.8424334 ], [ 39.2534964, -6.8423685 ], [ 39.2537599, -6.8423293 ], [ 39.2540261, -6.8423161 ], [ 39.2542922, -6.842329 ], [ 39.2545558, -6.842368 ], [ 39.2548143, -6.8424326 ], [ 39.2550652, -6.8425221 ], [ 39.2553062, -6.8426359 ], [ 39.2555348, -6.8427727 ], [ 39.2557489, -6.8429312 ], [ 39.2559464, -6.84311 ], [ 39.2561255, -6.8433072 ], [ 39.2562843, -6.843521 ], [ 39.2564214, -6.8437494 ], [ 39.2565355, -6.8439901 ], [ 39.2566254, -6.8442408 ], [ 39.2566903, -6.8444991 ], [ 39.2567295, -6.8447625 ], [ 39.2567427, -6.8450285 ], [ 39.2567298, -6.8452945 ], [ 39.2566908, -6.8455579 ], [ 39.2566842, -6.8455845 ], [ 39.2567176, -6.8457175 ], [ 39.2567568, -6.8459809 ], [ 39.25677, -6.8462469 ], [ 39.2567571, -6.8465129 ], [ 39.2567181, -6.8467763 ], [ 39.2566535, -6.8470347 ], [ 39.2566119, -6.8471513 ], [ 39.2566268, -6.847149 ], [ 39.2568929, -6.8471358 ], [ 39.2571591, -6.8471487 ], [ 39.2574227, -6.8471877 ], [ 39.2574997, -6.8472069 ], [ 39.2574423, -6.8470469 ], [ 39.2573774, -6.8467886 ], [ 39.2573382, -6.8465252 ], [ 39.257325, -6.8462592 ], [ 39.2573379, -6.8459932 ], [ 39.2573769, -6.8457297 ], [ 39.2574415, -6.8454713 ], [ 39.2575311, -6.8452205 ], [ 39.2576449, -6.8449797 ], [ 39.2577818, -6.8447512 ], [ 39.2579404, -6.8445372 ], [ 39.2581192, -6.8443398 ], [ 39.2583165, -6.8441608 ], [ 39.2585305, -6.8440021 ], [ 39.258759, -6.8438651 ], [ 39.2589998, -6.8437511 ], [ 39.2592506, -6.8436612 ], [ 39.259509, -6.8435964 ], [ 39.2597726, -6.8435571 ], [ 39.2600387, -6.8435439 ], [ 39.2603049, -6.8435568 ], [ 39.2605685, -6.8435958 ], [ 39.260827, -6.8436603 ], [ 39.2610216, -6.8437298 ], [ 39.2611674, -6.8436933 ], [ 39.2612126, -6.8435127 ], [ 39.2613022, -6.843262 ], [ 39.261416, -6.8430211 ], [ 39.2615529, -6.8427926 ], [ 39.2617115, -6.8425786 ], [ 39.2618903, -6.8423812 ], [ 39.2620876, -6.8422023 ], [ 39.2623016, -6.8420435 ], [ 39.26253, -6.8419065 ], [ 39.2627709, -6.8417925 ], [ 39.2630217, -6.8417026 ], [ 39.2632801, -6.8416378 ], [ 39.2635437, -6.8415985 ], [ 39.2638098, -6.8415853 ], [ 39.264076, -6.8415982 ], [ 39.2643395, -6.8416372 ], [ 39.2645981, -6.8417017 ], [ 39.264849, -6.8417913 ], [ 39.2650899, -6.8419051 ], [ 39.2653185, -6.8420418 ], [ 39.2655327, -6.8422004 ], [ 39.2657302, -6.8423791 ], [ 39.2659025, -6.8425689 ], [ 39.2659991, -6.842593 ], [ 39.2662501, -6.8426826 ], [ 39.266491, -6.8427964 ], [ 39.2667196, -6.8429331 ], [ 39.2669338, -6.8430917 ], [ 39.2671313, -6.8432704 ], [ 39.2673103, -6.8434676 ], [ 39.2674692, -6.8436815 ], [ 39.2676063, -6.8439098 ], [ 39.2677204, -6.8441505 ], [ 39.2678103, -6.8444012 ], [ 39.2678752, -6.8446595 ], [ 39.2679144, -6.8449229 ], [ 39.2679276, -6.8451889 ], [ 39.2679147, -6.8454549 ], [ 39.2678757, -6.8457184 ], [ 39.2678111, -6.8459767 ], [ 39.2677215, -6.8462275 ], [ 39.2676077, -6.8464683 ], [ 39.2674709, -6.8466968 ], [ 39.2673123, -6.8469108 ], [ 39.2671334, -6.8471083 ], [ 39.2669361, -6.8472872 ], [ 39.2667221, -6.847446 ], [ 39.2664937, -6.847583 ], [ 39.2662529, -6.847697 ], [ 39.266002, -6.8477869 ], [ 39.2657436, -6.8478517 ], [ 39.26548, -6.847891 ], [ 39.2652139, -6.8479042 ], [ 39.2649478, -6.8478913 ], [ 39.2646842, -6.8478523 ], [ 39.2644256, -6.8477878 ], [ 39.2641747, -6.8476982 ], [ 39.2641352, -6.8476795 ], [ 39.2640388, -6.8478406 ], [ 39.2638801, -6.8480546 ], [ 39.2637013, -6.848252 ], [ 39.263504, -6.8484309 ], [ 39.26329, -6.8485897 ], [ 39.2630616, -6.8487267 ], [ 39.2628207, -6.8488407 ], [ 39.2625699, -6.8489306 ], [ 39.2623115, -6.8489954 ], [ 39.2620479, -6.8490347 ], [ 39.2617818, -6.8490479 ], [ 39.2615156, -6.849035 ], [ 39.261252, -6.848996 ], [ 39.2609935, -6.8489315 ], [ 39.2607989, -6.848862 ], [ 39.2605714, -6.848919 ], [ 39.2603078, -6.8489583 ], [ 39.2600417, -6.8489715 ], [ 39.2597755, -6.8489586 ], [ 39.2595119, -6.8489196 ], [ 39.2594349, -6.8489004 ], [ 39.2594923, -6.8490604 ], [ 39.2595572, -6.8493187 ], [ 39.2595964, -6.8495822 ], [ 39.2596096, -6.8498481 ], [ 39.2596022, -6.8500017 ], [ 39.2660294, -6.8500016 ], [ 39.2660024, -6.8498201 ], [ 39.2659892, -6.8495541 ], [ 39.2660021, -6.8492881 ], [ 39.266041, -6.8490246 ], [ 39.2661056, -6.8487663 ], [ 39.2661953, -6.8485155 ], [ 39.2663091, -6.8482747 ], [ 39.2664459, -6.8480462 ], [ 39.2666045, -6.8478322 ], [ 39.2667834, -6.8476347 ], [ 39.2669807, -6.8474558 ], [ 39.2671946, -6.847297 ], [ 39.2674231, -6.84716 ], [ 39.2676639, -6.847046 ], [ 39.2679148, -6.8469561 ], [ 39.2681732, -6.8468913 ], [ 39.2684367, -6.846852 ], [ 39.268627, -6.8468426 ], [ 39.2687322, -6.8467265 ], [ 39.2689295, -6.8465476 ], [ 39.2691434, -6.8463888 ], [ 39.2693719, -6.8462518 ], [ 39.2696127, -6.8461378 ], [ 39.2698635, -6.8460479 ], [ 39.270122, -6.8459831 ], [ 39.2703458, -6.8459498 ], [ 39.2703613, -6.8458876 ], [ 39.270451, -6.8456368 ], [ 39.2705648, -6.845396 ], [ 39.2707016, -6.8451675 ], [ 39.2708602, -6.8449535 ], [ 39.2710391, -6.8447561 ], [ 39.2712364, -6.8445771 ], [ 39.2714503, -6.8444183 ], [ 39.2715527, -6.844357 ], [ 39.2715323, -6.8442204 ], [ 39.2715191, -6.8439544 ], [ 39.271532, -6.8436884 ], [ 39.271571, -6.843425 ], [ 39.2716356, -6.8431666 ], [ 39.2717252, -6.8429158 ], [ 39.271839, -6.842675 ], [ 39.2719758, -6.8424465 ], [ 39.2719952, -6.8424204 ], [ 39.2719934, -6.8424191 ], [ 39.2717959, -6.8422403 ], [ 39.2716168, -6.8420431 ], [ 39.271458, -6.8418293 ], [ 39.2713208, -6.8416009 ], [ 39.2712068, -6.8413602 ], [ 39.2711169, -6.8411095 ], [ 39.2710803, -6.8409641 ], [ 39.2710731, -6.8409438 ], [ 39.2710082, -6.8406855 ], [ 39.2709689, -6.8404221 ], [ 39.2709557, -6.8401561 ], [ 39.2709686, -6.8398901 ], [ 39.2710076, -6.8396267 ], [ 39.2710722, -6.8393683 ], [ 39.2711618, -6.8391175 ], [ 39.2712756, -6.8388767 ], [ 39.2714124, -6.8386482 ], [ 39.2715711, -6.8384342 ], [ 39.2717141, -6.8382763 ], [ 39.2716871, -6.838201 ], [ 39.2716222, -6.8379427 ], [ 39.2715829, -6.8376793 ], [ 39.2715697, -6.8374133 ], [ 39.2715826, -6.8371473 ], [ 39.271598, -6.8370432 ], [ 39.2715896, -6.837042 ], [ 39.2715734, -6.8370517 ], [ 39.2713326, -6.8371657 ], [ 39.2710817, -6.8372556 ], [ 39.2708233, -6.8373204 ], [ 39.2705598, -6.8373597 ], [ 39.2702936, -6.8373729 ], [ 39.2700275, -6.83736 ], [ 39.2697639, -6.837321 ], [ 39.2695054, -6.8372565 ], [ 39.2692545, -6.8371669 ], [ 39.2690135, -6.8370532 ], [ 39.2687849, -6.8369164 ], [ 39.2685708, -6.8367578 ], [ 39.2683733, -6.8365791 ], [ 39.2681942, -6.8363819 ], [ 39.268116, -6.8362767 ], [ 39.2680532, -6.8363614 ], [ 39.2678744, -6.8365589 ], [ 39.267677, -6.8367378 ], [ 39.2674631, -6.8368966 ], [ 39.2672346, -6.8370336 ], [ 39.2669938, -6.8371476 ], [ 39.266743, -6.8372375 ], [ 39.2664846, -6.8373023 ], [ 39.266221, -6.8373416 ], [ 39.2659549, -6.8373548 ], [ 39.2656888, -6.8373419 ], [ 39.2654252, -6.8373029 ], [ 39.2651667, -6.8372384 ], [ 39.2649157, -6.8371488 ], [ 39.2646748, -6.837035 ], [ 39.2644462, -6.8368983 ], [ 39.2642321, -6.8367397 ], [ 39.2640345, -6.836561 ], [ 39.2638555, -6.8363638 ], [ 39.2636967, -6.8361499 ], [ 39.2635595, -6.8359216 ], [ 39.2634455, -6.8356809 ], [ 39.2633556, -6.8354302 ], [ 39.2632907, -6.8351719 ], [ 39.2632515, -6.8349085 ], [ 39.2632382, -6.8346425 ], [ 39.2632512, -6.8343765 ], [ 39.2632705, -6.8342457 ], [ 39.2631273, -6.834352 ], [ 39.2628988, -6.834489 ], [ 39.262658, -6.834603 ], [ 39.2624072, -6.8346929 ], [ 39.2621487, -6.8347577 ], [ 39.2618852, -6.834797 ], [ 39.2618716, -6.8347976 ], [ 39.2616725, -6.834917 ], [ 39.2614317, -6.835031 ], [ 39.2611809, -6.8351209 ], [ 39.2609224, -6.8351857 ], [ 39.2606589, -6.835225 ], [ 39.2603928, -6.8352382 ], [ 39.2601266, -6.8352253 ], [ 39.259863, -6.8351863 ], [ 39.2596045, -6.8351218 ], [ 39.2593536, -6.8350322 ], [ 39.2591127, -6.8349184 ], [ 39.2590262, -6.8348667 ], [ 39.2590375, -6.8350932 ], [ 39.2590245, -6.8353593 ], [ 39.2589856, -6.8356227 ], [ 39.2589797, -6.8356461 ], [ 39.2591652, -6.8358139 ], [ 39.2593442, -6.8360112 ], [ 39.2595031, -6.836225 ], [ 39.2596402, -6.8364533 ], [ 39.2597542, -6.836694 ], [ 39.2598441, -6.8369447 ], [ 39.259909, -6.837203 ], [ 39.2599483, -6.8374665 ], [ 39.2599615, -6.8377324 ], [ 39.2599486, -6.8379984 ], [ 39.2599096, -6.8382619 ], [ 39.259845, -6.8385203 ], [ 39.2598045, -6.8386337 ], [ 39.2598187, -6.8386904 ], [ 39.259858, -6.8389539 ], [ 39.2598712, -6.8392198 ], [ 39.2598583, -6.8394858 ], [ 39.2598193, -6.8397493 ], [ 39.2597547, -6.8400077 ], [ 39.2596651, -6.8402585 ], [ 39.2595513, -6.8404993 ], [ 39.2594144, -6.8407278 ], [ 39.2592558, -6.8409418 ], [ 39.259077, -6.8411392 ], [ 39.2588796, -6.8413182 ], [ 39.2586657, -6.8414769 ], [ 39.2584372, -6.841614 ], [ 39.2581964, -6.8417279 ], [ 39.2579456, -6.8418178 ], [ 39.2576871, -6.8418827 ], [ 39.2574236, -6.8419219 ], [ 39.2571575, -6.8419351 ], [ 39.2568913, -6.8419222 ], [ 39.2566277, -6.8418832 ], [ 39.2563692, -6.8418186 ], [ 39.2561183, -6.8417291 ], [ 39.2558773, -6.8416153 ], [ 39.2556487, -6.8414785 ], [ 39.2554346, -6.84132 ], [ 39.2552371, -6.8411413 ], [ 39.255058, -6.840944 ], [ 39.2548992, -6.8407302 ], [ 39.2547621, -6.8405018 ], [ 39.254648, -6.8402612 ], [ 39.2545581, -6.8400104 ], [ 39.2544933, -6.8397521 ], [ 39.254454, -6.8394887 ], [ 39.2544408, -6.8392227 ], [ 39.2544537, -6.8389567 ], [ 39.2544927, -6.8386933 ], [ 39.2545573, -6.8384349 ], [ 39.2545978, -6.8383215 ], [ 39.2545836, -6.8382647 ], [ 39.2545443, -6.8380013 ], [ 39.2545311, -6.8377353 ], [ 39.2545441, -6.8374693 ], [ 39.2545661, -6.8373204 ], [ 39.2545066, -6.8374867 ], [ 39.2543928, -6.8377275 ], [ 39.254256, -6.837956 ], [ 39.2540974, -6.83817 ], [ 39.2539185, -6.8383674 ], [ 39.2537212, -6.8385464 ], [ 39.2535073, -6.8387051 ], [ 39.2532788, -6.8388422 ], [ 39.253038, -6.8389562 ], [ 39.2527871, -6.839046 ], [ 39.2525287, -6.8391109 ], [ 39.2522652, -6.8391501 ], [ 39.251999, -6.8391633 ], [ 39.2518041, -6.8391538 ], [ 39.2517341, -6.8393019 ], [ 39.2515973, -6.8395304 ], [ 39.2514387, -6.8397444 ], [ 39.2512598, -6.8399418 ], [ 39.2510625, -6.8401208 ], [ 39.2508486, -6.8402795 ], [ 39.2506201, -6.8404166 ], [ 39.250548, -6.8404507 ], [ 39.250534, -6.8404634 ], [ 39.2503201, -6.8406221 ], [ 39.2500916, -6.8407592 ], [ 39.2499476, -6.8408273 ], [ 39.2498523, -6.8409864 ], [ 39.2496937, -6.8412004 ], [ 39.2495148, -6.8413978 ], [ 39.2493175, -6.8415768 ], [ 39.2491035, -6.8417355 ], [ 39.2488751, -6.8418726 ], [ 39.2486343, -6.8419866 ], [ 39.2483834, -6.8420764 ], [ 39.248125, -6.8421413 ], [ 39.2478614, -6.8421805 ], [ 39.2475953, -6.8421937 ], [ 39.2475642, -6.8421922 ], [ 39.2475162, -6.8422278 ], [ 39.2472878, -6.8423648 ], [ 39.2470469, -6.8424788 ], [ 39.2467961, -6.8425686 ], [ 39.2465377, -6.8426335 ], [ 39.2462741, -6.8426727 ], [ 39.246179, -6.8426774 ], [ 39.2461684, -6.8426917 ], [ 39.2459895, -6.8428892 ], [ 39.2457922, -6.8430681 ], [ 39.2455782, -6.8432269 ], [ 39.2453498, -6.8433639 ], [ 39.2451089, -6.8434779 ], [ 39.2448581, -6.8435677 ], [ 39.2445997, -6.8436326 ], [ 39.2445848, -6.8436348 ], [ 39.2448001, -6.8436886 ], [ 39.245051, -6.8437782 ], [ 39.2452919, -6.8438919 ], [ 39.2455205, -6.8440287 ], [ 39.2457347, -6.8441872 ], [ 39.2459322, -6.844366 ], [ 39.2461112, -6.8445632 ], [ 39.2462701, -6.8447771 ], [ 39.2464072, -6.8450054 ], [ 39.2465212, -6.8452461 ], [ 39.2466111, -6.8454968 ], [ 39.246676, -6.8457551 ], [ 39.2467152, -6.8460185 ], [ 39.2467284, -6.8462845 ], [ 39.2467155, -6.8465505 ], [ 39.2466765, -6.846814 ], [ 39.2466119, -6.8470723 ], [ 39.2465223, -6.8473231 ], [ 39.2464085, -6.8475639 ], [ 39.2462716, -6.8477924 ], [ 39.246113, -6.8480064 ], [ 39.2459341, -6.8482039 ], [ 39.2457368, -6.8483828 ], [ 39.2455229, -6.8485416 ], [ 39.2452944, -6.8486786 ], [ 39.2450536, -6.8487926 ], [ 39.2448027, -6.8488824 ], [ 39.2445443, -6.8489473 ], [ 39.2442807, -6.8489865 ], [ 39.2440146, -6.8489997 ], [ 39.2437484, -6.8489867 ], [ 39.2434848, -6.8489478 ], [ 39.2432263, -6.8488832 ], [ 39.2429754, -6.8487936 ], [ 39.2427345, -6.8486799 ], [ 39.2425058, -6.8485431 ], [ 39.2422917, -6.8483846 ], [ 39.2420942, -6.8482058 ], [ 39.2419152, -6.8480086 ], [ 39.2417563, -6.8477947 ], [ 39.2416192, -6.8475664 ], [ 39.2415052, -6.8473257 ], [ 39.2414153, -6.847075 ], [ 39.2413504, -6.8468167 ], [ 39.2413112, -6.8465533 ], [ 39.241298, -6.8462873 ], [ 39.2413109, -6.8460213 ], [ 39.2413499, -6.8457578 ], [ 39.2414145, -6.8454994 ], [ 39.2415041, -6.8452486 ], [ 39.2416179, -6.8450078 ], [ 39.2417548, -6.8447793 ], [ 39.2419134, -6.8445654 ], [ 39.2420923, -6.8443679 ], [ 39.2422896, -6.844189 ], [ 39.2425036, -6.8440302 ], [ 39.242732, -6.8438932 ], [ 39.2429729, -6.8437792 ], [ 39.2432237, -6.8436894 ], [ 39.2434821, -6.8436245 ], [ 39.243497, -6.8436223 ], [ 39.2432817, -6.8435685 ], [ 39.2430308, -6.8434789 ], [ 39.2427899, -6.8433652 ], [ 39.2425613, -6.8432284 ], [ 39.2424475, -6.8431442 ], [ 39.2424358, -6.8432232 ], [ 39.2423712, -6.8434816 ], [ 39.2422816, -6.8437324 ], [ 39.2421677, -6.8439732 ], [ 39.2420309, -6.8442017 ], [ 39.2418723, -6.8444157 ], [ 39.2416934, -6.8446131 ], [ 39.2414961, -6.844792 ], [ 39.2414893, -6.8447971 ], [ 39.2414811, -6.8448298 ], [ 39.2413915, -6.8450806 ], [ 39.2412777, -6.8453214 ], [ 39.2411408, -6.8455499 ], [ 39.2409822, -6.8457639 ], [ 39.2408033, -6.8459613 ], [ 39.240606, -6.8461402 ], [ 39.240392, -6.846299 ], [ 39.2401635, -6.846436 ], [ 39.2399227, -6.84655 ], [ 39.2396719, -6.8466398 ], [ 39.2394134, -6.8467047 ], [ 39.2391499, -6.8467439 ], [ 39.2388837, -6.8467571 ], [ 39.2386176, -6.8467441 ], [ 39.238354, -6.8467052 ], [ 39.2380955, -6.8466406 ], [ 39.2378446, -6.846551 ], [ 39.2376036, -6.8464373 ], [ 39.237375, -6.8463005 ], [ 39.2372536, -6.8462106 ], [ 39.2370811, -6.8463386 ], [ 39.2368526, -6.8464756 ], [ 39.2367921, -6.8465043 ], [ 39.2367391, -6.8467162 ], [ 39.2366495, -6.846967 ], [ 39.2365357, -6.8472078 ], [ 39.2363988, -6.8474363 ], [ 39.2362401, -6.8476503 ], [ 39.2360613, -6.8478477 ], [ 39.235864, -6.8480266 ], [ 39.23565, -6.8481854 ], [ 39.2354215, -6.8483224 ], [ 39.2351807, -6.8484364 ], [ 39.2349299, -6.8485262 ], [ 39.2346714, -6.8485911 ], [ 39.2344079, -6.8486303 ], [ 39.2341417, -6.8486435 ], [ 39.2338756, -6.8486305 ], [ 39.233612, -6.8485916 ], [ 39.2334788, -6.8485583 ], [ 39.2334109, -6.8487483 ], [ 39.2332971, -6.8489891 ], [ 39.2331602, -6.8492176 ], [ 39.2330015, -6.8494316 ], [ 39.2328227, -6.849629 ], [ 39.2326253, -6.849808 ], [ 39.2324114, -6.8499667 ] ] ], [ [ [ 39.2486929, -6.8120294 ], [ 39.2486943, -6.8120586 ], [ 39.2486814, -6.8123246 ], [ 39.2486483, -6.8125481 ], [ 39.2487337, -6.8126903 ], [ 39.2487744, -6.8127761 ], [ 39.2488213, -6.8128543 ], [ 39.2488873, -6.8129935 ], [ 39.2490613, -6.8128644 ], [ 39.2492898, -6.8127273 ], [ 39.2493918, -6.812679 ], [ 39.2494597, -6.8125874 ], [ 39.2496386, -6.81239 ], [ 39.2496426, -6.8123863 ], [ 39.249649, -6.8122552 ], [ 39.249688, -6.8119918 ], [ 39.2497526, -6.8117334 ], [ 39.2498422, -6.8114826 ], [ 39.249956, -6.8112418 ], [ 39.2500928, -6.8110133 ], [ 39.2501407, -6.8109487 ], [ 39.2500855, -6.8108567 ], [ 39.2499715, -6.810616 ], [ 39.2499242, -6.810484 ], [ 39.2498387, -6.8107231 ], [ 39.2497249, -6.8109639 ], [ 39.249588, -6.8111924 ], [ 39.2494294, -6.8114064 ], [ 39.2492506, -6.8116038 ], [ 39.2490533, -6.8117828 ], [ 39.2488393, -6.8119416 ], [ 39.2486929, -6.8120294 ] ] ], [ [ [ 39.2370676, -6.8282449 ], [ 39.2371575, -6.8284956 ], [ 39.2372224, -6.8287539 ], [ 39.2372616, -6.8290173 ], [ 39.2372748, -6.8292833 ], [ 39.2372619, -6.8295493 ], [ 39.2372229, -6.8298127 ], [ 39.2372021, -6.8298959 ], [ 39.237208, -6.8299039 ], [ 39.2373451, -6.8301323 ], [ 39.2373903, -6.8302277 ], [ 39.2375015, -6.830161 ], [ 39.2377423, -6.830047 ], [ 39.2379931, -6.8299572 ], [ 39.2380213, -6.8299501 ], [ 39.2380417, -6.8298929 ], [ 39.2381555, -6.8296521 ], [ 39.2381573, -6.8296491 ], [ 39.2381964, -6.8294929 ], [ 39.238286, -6.8292421 ], [ 39.2383998, -6.8290013 ], [ 39.2385367, -6.8287728 ], [ 39.2386953, -6.8285588 ], [ 39.2388182, -6.8284232 ], [ 39.2386957, -6.8284414 ], [ 39.2384295, -6.8284546 ], [ 39.2381634, -6.8284416 ], [ 39.2378998, -6.8284027 ], [ 39.2376413, -6.8283381 ], [ 39.2373904, -6.8282485 ], [ 39.2371495, -6.8281348 ], [ 39.2369625, -6.8280229 ], [ 39.2370676, -6.8282449 ] ] ], [ [ [ 39.2277351, -6.8122119 ], [ 39.2278806, -6.8123436 ], [ 39.2280597, -6.8125408 ], [ 39.2282185, -6.8127546 ], [ 39.2282697, -6.81284 ], [ 39.2284211, -6.8128779 ], [ 39.2283913, -6.8127948 ], [ 39.2283662, -6.8126947 ], [ 39.2282995, -6.8126453 ], [ 39.228102, -6.8124665 ], [ 39.227923, -6.8122693 ], [ 39.2278302, -6.8121444 ], [ 39.2277563, -6.8121992 ], [ 39.2277351, -6.8122119 ] ] ], [ [ [ 39.2255905, -6.8224991 ], [ 39.2253495, -6.8223853 ], [ 39.2251209, -6.8222485 ], [ 39.2249919, -6.822153 ], [ 39.2249144, -6.8223698 ], [ 39.2248006, -6.8226106 ], [ 39.2246637, -6.8228391 ], [ 39.2245051, -6.823053 ], [ 39.2244243, -6.8231423 ], [ 39.2244335, -6.8231446 ], [ 39.2246845, -6.8232342 ], [ 39.2249254, -6.823348 ], [ 39.225154, -6.8234848 ], [ 39.2253681, -6.8236433 ], [ 39.2255656, -6.8238221 ], [ 39.2257446, -6.8240193 ], [ 39.2257755, -6.8240609 ], [ 39.2258, -6.8240597 ], [ 39.2260662, -6.8240727 ], [ 39.226186, -6.8240904 ], [ 39.2261054, -6.8239201 ], [ 39.2260155, -6.8236694 ], [ 39.2259506, -6.8234111 ], [ 39.2259114, -6.8231477 ], [ 39.2258982, -6.8228817 ], [ 39.2259111, -6.8226157 ], [ 39.2259125, -6.8226065 ], [ 39.2258414, -6.8225887 ], [ 39.2255905, -6.8224991 ] ] ], [ [ [ 39.222373, -6.8099015 ], [ 39.2225304, -6.8097847 ], [ 39.2224088, -6.8097788 ], [ 39.2223576, -6.8098643 ], [ 39.2222416, -6.8100207 ], [ 39.222373, -6.8099015 ] ] ], [ [ [ 39.2241254, -6.818856 ], [ 39.2239608, -6.8190053 ], [ 39.2239706, -6.8190125 ], [ 39.2240672, -6.8191 ], [ 39.2241194, -6.818954 ], [ 39.2242098, -6.8187629 ], [ 39.2241254, -6.818856 ] ] ], [ [ [ 39.2247075, -6.8180734 ], [ 39.2249049, -6.8178944 ], [ 39.2251188, -6.8177357 ], [ 39.2253473, -6.8175987 ], [ 39.2255881, -6.8174847 ], [ 39.2255999, -6.8174804 ], [ 39.2254566, -6.8173226 ], [ 39.2252978, -6.8171088 ], [ 39.2251607, -6.8168804 ], [ 39.2251466, -6.8168507 ], [ 39.2249239, -6.8167711 ], [ 39.2249113, -6.8167651 ], [ 39.2249198, -6.8169366 ], [ 39.2249068, -6.8172026 ], [ 39.2248678, -6.8174661 ], [ 39.2248032, -6.8177245 ], [ 39.2247136, -6.8179753 ], [ 39.2246232, -6.8181664 ], [ 39.2247075, -6.8180734 ] ] ], [ [ [ 39.2295563, -6.7854246 ], [ 39.2296813, -6.7853318 ], [ 39.2297187, -6.7853093 ], [ 39.2296967, -6.7853061 ], [ 39.229609, -6.7852842 ], [ 39.2295666, -6.7854026 ], [ 39.2295563, -6.7854246 ] ] ], [ [ [ 39.2283785, -6.7867343 ], [ 39.2283481, -6.7867985 ], [ 39.2282113, -6.7870269 ], [ 39.2280527, -6.7872409 ], [ 39.2278738, -6.7874383 ], [ 39.2276765, -6.7876173 ], [ 39.2274626, -6.787776 ], [ 39.2272341, -6.7879131 ], [ 39.2269933, -6.788027 ], [ 39.2267425, -6.7881169 ], [ 39.2264841, -6.7881817 ], [ 39.2262466, -6.788217 ], [ 39.2262536, -6.7882234 ], [ 39.2264327, -6.7884206 ], [ 39.2265122, -6.7885278 ], [ 39.2265371, -6.7885004 ], [ 39.2267344, -6.7883214 ], [ 39.2269483, -6.7881627 ], [ 39.2271768, -6.7880257 ], [ 39.2274176, -6.7879117 ], [ 39.2276684, -6.7878218 ], [ 39.2279268, -6.787757 ], [ 39.2281903, -6.7877178 ], [ 39.2284564, -6.7877046 ], [ 39.2284816, -6.7877058 ], [ 39.2284758, -6.7875888 ], [ 39.2284887, -6.7873228 ], [ 39.2285277, -6.7870593 ], [ 39.2285923, -6.786801 ], [ 39.228682, -6.7865502 ], [ 39.2286923, -6.7865282 ], [ 39.2285673, -6.786621 ], [ 39.2283785, -6.7867343 ] ] ], [ [ [ 39.2247913, -6.7928448 ], [ 39.2247753, -6.792818 ], [ 39.2246022, -6.7928438 ], [ 39.2243361, -6.792857 ], [ 39.2240699, -6.792844 ], [ 39.2239325, -6.7928237 ], [ 39.2240262, -6.7930215 ], [ 39.2241161, -6.7932722 ], [ 39.2241809, -6.7935305 ], [ 39.2242056, -6.7936965 ], [ 39.2243093, -6.7936025 ], [ 39.2245232, -6.7934438 ], [ 39.2247517, -6.7933067 ], [ 39.2249925, -6.7931928 ], [ 39.2250524, -6.7931713 ], [ 39.2249501, -6.7930586 ], [ 39.2247913, -6.7928448 ] ] ], [ [ [ 39.2413455, -6.7849411 ], [ 39.2410794, -6.7849543 ], [ 39.2408133, -6.7849414 ], [ 39.2406063, -6.7849108 ], [ 39.2406935, -6.785056 ], [ 39.2407162, -6.785104 ], [ 39.240971, -6.7850914 ], [ 39.2412371, -6.7851043 ], [ 39.2415006, -6.7851433 ], [ 39.2415184, -6.7851477 ], [ 39.2415892, -6.7849978 ], [ 39.2416534, -6.7848908 ], [ 39.2416091, -6.7849019 ], [ 39.2413455, -6.7849411 ] ] ], [ [ [ 39.245517, -6.8200161 ], [ 39.245353, -6.8200242 ], [ 39.2453642, -6.820249 ], [ 39.2453512, -6.820515 ], [ 39.2453346, -6.8206276 ], [ 39.2455308, -6.8206977 ], [ 39.2457718, -6.8208114 ], [ 39.2460004, -6.8209482 ], [ 39.2462145, -6.8211067 ], [ 39.246412, -6.8212855 ], [ 39.2464884, -6.8213696 ], [ 39.246593, -6.8211949 ], [ 39.2465214, -6.8210438 ], [ 39.2464315, -6.8207931 ], [ 39.2464124, -6.8207171 ], [ 39.2463305, -6.8205442 ], [ 39.2462406, -6.8202935 ], [ 39.2461758, -6.8200352 ], [ 39.2461514, -6.8198717 ], [ 39.246039, -6.819912 ], [ 39.2457805, -6.8199769 ], [ 39.245517, -6.8200161 ] ] ], [ [ [ 39.2610421, -6.7926335 ], [ 39.2610813, -6.792897 ], [ 39.2610945, -6.7931629 ], [ 39.2610816, -6.7934289 ], [ 39.2610426, -6.7936924 ], [ 39.2609781, -6.7939508 ], [ 39.2608884, -6.7942016 ], [ 39.2607746, -6.7944424 ], [ 39.2606378, -6.7946709 ], [ 39.2604792, -6.7948849 ], [ 39.2603004, -6.7950823 ], [ 39.2601031, -6.7952613 ], [ 39.2599923, -6.7953435 ], [ 39.2601132, -6.7953866 ], [ 39.2603541, -6.7955004 ], [ 39.2605827, -6.7956372 ], [ 39.2606142, -6.7956604 ], [ 39.2606317, -6.7955415 ], [ 39.2606963, -6.7952831 ], [ 39.260786, -6.7950323 ], [ 39.2608997, -6.7947915 ], [ 39.2610366, -6.794563 ], [ 39.2611952, -6.794349 ], [ 39.261374, -6.7941516 ], [ 39.2615713, -6.7939726 ], [ 39.2617852, -6.7938139 ], [ 39.2620137, -6.7936769 ], [ 39.262245, -6.7935673 ], [ 39.2622405, -6.7935547 ], [ 39.2621756, -6.7932964 ], [ 39.2621364, -6.793033 ], [ 39.2621232, -6.792767 ], [ 39.2621361, -6.792501 ], [ 39.2621751, -6.7922375 ], [ 39.2622397, -6.7919791 ], [ 39.2623293, -6.7917283 ], [ 39.2624431, -6.7914875 ], [ 39.2624595, -6.7914601 ], [ 39.2624478, -6.7914495 ], [ 39.2624016, -6.7913986 ], [ 39.2623673, -6.7914559 ], [ 39.2622087, -6.7916699 ], [ 39.2620299, -6.7918673 ], [ 39.2618326, -6.7920463 ], [ 39.2616186, -6.792205 ], [ 39.2613902, -6.7923421 ], [ 39.2611494, -6.7924561 ], [ 39.26101, -6.792506 ], [ 39.2610421, -6.7926335 ] ] ], [ [ [ 39.2614707, -6.7991724 ], [ 39.2613338, -6.7994009 ], [ 39.2611752, -6.7996149 ], [ 39.2609964, -6.7998123 ], [ 39.260921, -6.7998806 ], [ 39.2609103, -6.8001008 ], [ 39.2608714, -6.8003643 ], [ 39.2608562, -6.8004249 ], [ 39.2609449, -6.8006722 ], [ 39.2609647, -6.8007508 ], [ 39.2611335, -6.8007084 ], [ 39.261397, -6.8006692 ], [ 39.2616631, -6.800656 ], [ 39.2619293, -6.8006689 ], [ 39.2621928, -6.8007079 ], [ 39.2623061, -6.8007362 ], [ 39.2623651, -6.8006112 ], [ 39.262502, -6.8003827 ], [ 39.2626606, -6.8001687 ], [ 39.2626616, -6.8001676 ], [ 39.2626137, -6.8001449 ], [ 39.2623851, -6.8000081 ], [ 39.262171, -6.7998496 ], [ 39.2619735, -6.7996709 ], [ 39.2617944, -6.7994736 ], [ 39.2616356, -6.7992598 ], [ 39.2615202, -6.7990676 ], [ 39.2614707, -6.7991724 ] ] ], [ [ [ 39.2683584, -6.8256728 ], [ 39.2681176, -6.8257868 ], [ 39.2681135, -6.8257883 ], [ 39.2682033, -6.8257749 ], [ 39.2684694, -6.8257617 ], [ 39.2687355, -6.8257746 ], [ 39.2688799, -6.825796 ], [ 39.2687934, -6.8257552 ], [ 39.2685648, -6.8256184 ], [ 39.2685131, -6.8255801 ], [ 39.2683584, -6.8256728 ] ] ], [ [ [ 39.2669197, -6.8308467 ], [ 39.2666789, -6.8309607 ], [ 39.2664281, -6.8310506 ], [ 39.2661697, -6.8311154 ], [ 39.2659061, -6.8311547 ], [ 39.26564, -6.8311679 ], [ 39.2653739, -6.831155 ], [ 39.2651947, -6.8311285 ], [ 39.2650112, -6.8312153 ], [ 39.2647604, -6.8313052 ], [ 39.264502, -6.83137 ], [ 39.2642409, -6.8314089 ], [ 39.2642803, -6.8315655 ], [ 39.2643195, -6.8318289 ], [ 39.2643327, -6.8320949 ], [ 39.2643198, -6.8323609 ], [ 39.2643005, -6.8324917 ], [ 39.2644437, -6.8323854 ], [ 39.2646722, -6.8322484 ], [ 39.264913, -6.8321344 ], [ 39.2651638, -6.8320445 ], [ 39.2654222, -6.8319797 ], [ 39.2656858, -6.8319404 ], [ 39.2659519, -6.8319272 ], [ 39.266218, -6.8319401 ], [ 39.2664816, -6.8319791 ], [ 39.2667401, -6.8320436 ], [ 39.2669911, -6.8321332 ], [ 39.267232, -6.832247 ], [ 39.2673174, -6.832298 ], [ 39.2673079, -6.8322604 ], [ 39.2672687, -6.831997 ], [ 39.2672555, -6.831731 ], [ 39.2672684, -6.831465 ], [ 39.2673073, -6.8312016 ], [ 39.2673694, -6.8309532 ], [ 39.2671923, -6.8308696 ], [ 39.2670368, -6.8307765 ], [ 39.2669197, -6.8308467 ] ] ], [ [ [ 39.2501583, -6.7945252 ], [ 39.2501454, -6.7947912 ], [ 39.2501064, -6.7950547 ], [ 39.2500418, -6.795313 ], [ 39.2499674, -6.7955214 ], [ 39.2499765, -6.7955257 ], [ 39.2502051, -6.7956625 ], [ 39.2503387, -6.7957614 ], [ 39.2504057, -6.7955739 ], [ 39.2505195, -6.7953331 ], [ 39.2506563, -6.7951046 ], [ 39.2508149, -6.7948906 ], [ 39.2508725, -6.794827 ], [ 39.2507049, -6.7947029 ], [ 39.2505073, -6.7945241 ], [ 39.2503283, -6.7943269 ], [ 39.2501695, -6.7941131 ], [ 39.2501081, -6.7940109 ], [ 39.2501451, -6.7942592 ], [ 39.2501583, -6.7945252 ] ] ], [ [ [ 39.2512603, -6.7990134 ], [ 39.2512473, -6.7992794 ], [ 39.2512084, -6.7995429 ], [ 39.2511438, -6.7998012 ], [ 39.2510541, -6.800052 ], [ 39.2510537, -6.8000529 ], [ 39.2512032, -6.8000154 ], [ 39.2512101, -6.8000007 ], [ 39.251347, -6.7997722 ], [ 39.2515056, -6.7995582 ], [ 39.2516844, -6.7993608 ], [ 39.2518817, -6.7991818 ], [ 39.2519374, -6.7991405 ], [ 39.2518768, -6.7991189 ], [ 39.2516359, -6.7990051 ], [ 39.2514073, -6.7988683 ], [ 39.2512738, -6.7987694 ], [ 39.2512513, -6.7988323 ], [ 39.2512603, -6.7990134 ] ] ], [ [ [ 39.2554233, -6.7976483 ], [ 39.2553095, -6.7978891 ], [ 39.255283, -6.7979335 ], [ 39.255467, -6.7979795 ], [ 39.255557, -6.7980116 ], [ 39.2555754, -6.7980143 ], [ 39.2558338, -6.7980789 ], [ 39.2558994, -6.7981023 ], [ 39.2561046, -6.7981122 ], [ 39.2561111, -6.7981132 ], [ 39.2562875, -6.7979184 ], [ 39.2563629, -6.79785 ], [ 39.2563736, -6.7976298 ], [ 39.2564125, -6.7973664 ], [ 39.2564527, -6.7972059 ], [ 39.2562667, -6.7972151 ], [ 39.2560006, -6.7972022 ], [ 39.255737, -6.7971632 ], [ 39.2555798, -6.7971239 ], [ 39.2555776, -6.7971391 ], [ 39.255513, -6.7973975 ], [ 39.2554233, -6.7976483 ] ] ], [ [ [ 39.2687987, -6.8055393 ], [ 39.2686199, -6.8057368 ], [ 39.2684225, -6.8059157 ], [ 39.2682086, -6.8060745 ], [ 39.2679802, -6.8062115 ], [ 39.2677394, -6.8063255 ], [ 39.2676988, -6.8063401 ], [ 39.2678511, -6.8064779 ], [ 39.2680302, -6.8066751 ], [ 39.268189, -6.806889 ], [ 39.2683261, -6.8071173 ], [ 39.2684402, -6.807358 ], [ 39.2685301, -6.8076087 ], [ 39.268595, -6.807867 ], [ 39.2686342, -6.8081304 ], [ 39.2686474, -6.8083964 ], [ 39.2686345, -6.8086624 ], [ 39.2685955, -6.8089259 ], [ 39.2685309, -6.8091842 ], [ 39.2684413, -6.809435 ], [ 39.2683275, -6.8096758 ], [ 39.2681907, -6.8099043 ], [ 39.2680321, -6.8101183 ], [ 39.2678533, -6.8103158 ], [ 39.2676559, -6.8104947 ], [ 39.267442, -6.8106535 ], [ 39.2674337, -6.8106585 ], [ 39.2672916, -6.8108502 ], [ 39.2671128, -6.8110477 ], [ 39.2669154, -6.8112266 ], [ 39.2667015, -6.8113854 ], [ 39.2664731, -6.8115224 ], [ 39.2662323, -6.8116364 ], [ 39.2659815, -6.8117263 ], [ 39.265809, -6.8117696 ], [ 39.2659016, -6.8118381 ], [ 39.2660991, -6.8120168 ], [ 39.2662781, -6.812214 ], [ 39.2664369, -6.8124279 ], [ 39.266574, -6.8126562 ], [ 39.2666881, -6.8128969 ], [ 39.266778, -6.8131476 ], [ 39.2668429, -6.8134059 ], [ 39.2668821, -6.8136693 ], [ 39.2668953, -6.8139353 ], [ 39.2668824, -6.8142013 ], [ 39.2668435, -6.8144648 ], [ 39.2667789, -6.8147231 ], [ 39.2666892, -6.8149739 ], [ 39.2665755, -6.8152148 ], [ 39.2664386, -6.8154433 ], [ 39.2664355, -6.8154475 ], [ 39.2664465, -6.8154914 ], [ 39.2665281, -6.8155035 ], [ 39.2667866, -6.815568 ], [ 39.2668175, -6.8155791 ], [ 39.2668729, -6.8155044 ], [ 39.2670517, -6.8153069 ], [ 39.267249, -6.815128 ], [ 39.2674629, -6.8149692 ], [ 39.2676914, -6.8148322 ], [ 39.2679322, -6.8147182 ], [ 39.268183, -6.8146283 ], [ 39.2684414, -6.8145635 ], [ 39.2686642, -6.8145303 ], [ 39.2687366, -6.8144327 ], [ 39.2686791, -6.8142725 ], [ 39.2686142, -6.8140142 ], [ 39.268575, -6.8137508 ], [ 39.2685618, -6.8134848 ], [ 39.2685747, -6.8132188 ], [ 39.2686136, -6.8129554 ], [ 39.2686536, -6.8127954 ], [ 39.268675, -6.8126506 ], [ 39.2687396, -6.8123922 ], [ 39.2688293, -6.8121414 ], [ 39.268943, -6.8119006 ], [ 39.2690799, -6.8116721 ], [ 39.2692385, -6.8114581 ], [ 39.2694173, -6.8112606 ], [ 39.2696146, -6.8110817 ], [ 39.2698129, -6.8109346 ], [ 39.2697379, -6.810879 ], [ 39.2695404, -6.8107003 ], [ 39.2693613, -6.8105031 ], [ 39.2692025, -6.8102893 ], [ 39.2690654, -6.8100609 ], [ 39.2689513, -6.8098202 ], [ 39.2688614, -6.8095695 ], [ 39.2687965, -6.8093112 ], [ 39.2687573, -6.8090478 ], [ 39.2687441, -6.8087818 ], [ 39.268757, -6.8085158 ], [ 39.268796, -6.8082524 ], [ 39.2688606, -6.807994 ], [ 39.2689502, -6.8077432 ], [ 39.269064, -6.8075024 ], [ 39.2692008, -6.8072739 ], [ 39.2693594, -6.8070599 ], [ 39.2695382, -6.8068624 ], [ 39.2697355, -6.8066835 ], [ 39.2699495, -6.8065247 ], [ 39.2701779, -6.8063877 ], [ 39.2704187, -6.8062737 ], [ 39.2706695, -6.8061838 ], [ 39.2709279, -6.806119 ], [ 39.2711915, -6.8060797 ], [ 39.2714576, -6.8060665 ], [ 39.2717237, -6.8060794 ], [ 39.2719873, -6.8061184 ], [ 39.2722458, -6.8061829 ], [ 39.2724967, -6.8062725 ], [ 39.2727376, -6.8063862 ], [ 39.2729662, -6.806523 ], [ 39.2731803, -6.8066815 ], [ 39.2733778, -6.8068603 ], [ 39.2735569, -6.8070575 ], [ 39.2737157, -6.8072713 ], [ 39.2738528, -6.8074997 ], [ 39.2739669, -6.8077404 ], [ 39.2740568, -6.8079911 ], [ 39.2741216, -6.8082494 ], [ 39.2741609, -6.8085128 ], [ 39.2741741, -6.8087788 ], [ 39.2741612, -6.8090448 ], [ 39.2741222, -6.8093082 ], [ 39.2740577, -6.8095666 ], [ 39.273968, -6.8098174 ], [ 39.2738543, -6.8100582 ], [ 39.2737174, -6.8102867 ], [ 39.2735588, -6.8105007 ], [ 39.27338, -6.8106982 ], [ 39.2733324, -6.8107413 ], [ 39.2734528, -6.8106691 ], [ 39.2736936, -6.8105551 ], [ 39.2739444, -6.8104652 ], [ 39.2742028, -6.8104004 ], [ 39.2744663, -6.8103611 ], [ 39.2745013, -6.8103594 ], [ 39.2744538, -6.81017 ], [ 39.2744145, -6.8099065 ], [ 39.2744013, -6.8096405 ], [ 39.2744142, -6.8093745 ], [ 39.2744531, -6.8091111 ], [ 39.2745159, -6.8088599 ], [ 39.2744904, -6.8088174 ], [ 39.2743764, -6.8085767 ], [ 39.2742864, -6.808326 ], [ 39.2742216, -6.8080677 ], [ 39.2741823, -6.8078043 ], [ 39.2741691, -6.8075383 ], [ 39.2741719, -6.8074807 ], [ 39.2740905, -6.807407 ], [ 39.2739115, -6.8072098 ], [ 39.2737526, -6.806996 ], [ 39.2736155, -6.8067676 ], [ 39.2735015, -6.8065269 ], [ 39.2734116, -6.8062762 ], [ 39.2733467, -6.8060179 ], [ 39.2733074, -6.8057545 ], [ 39.2732942, -6.8054885 ], [ 39.2733071, -6.8052225 ], [ 39.2733139, -6.805177 ], [ 39.2731422, -6.8052026 ], [ 39.2728761, -6.8052158 ], [ 39.27261, -6.8052029 ], [ 39.2723464, -6.8051639 ], [ 39.2720879, -6.8050994 ], [ 39.2719789, -6.8050605 ], [ 39.271851, -6.8051554 ], [ 39.2716226, -6.8052924 ], [ 39.2713818, -6.8054064 ], [ 39.271131, -6.8054963 ], [ 39.2708726, -6.8055611 ], [ 39.270609, -6.8056004 ], [ 39.2703429, -6.8056136 ], [ 39.2700768, -6.8056007 ], [ 39.2698132, -6.8055617 ], [ 39.2695547, -6.8054972 ], [ 39.2693038, -6.8054076 ], [ 39.2690629, -6.8052939 ], [ 39.268999, -6.8052556 ], [ 39.2689573, -6.8053253 ], [ 39.2687987, -6.8055393 ] ] ], [ [ [ 39.2749253, -6.8321853 ], [ 39.2746669, -6.8322501 ], [ 39.2745111, -6.8322733 ], [ 39.2745601, -6.83241 ], [ 39.274625, -6.8326683 ], [ 39.2746642, -6.8329317 ], [ 39.2746775, -6.8331977 ], [ 39.2746645, -6.8334637 ], [ 39.2746266, -6.8337205 ], [ 39.2746542, -6.8338305 ], [ 39.2746934, -6.8340939 ], [ 39.2747067, -6.8343599 ], [ 39.2746937, -6.8346259 ], [ 39.2746783, -6.83473 ], [ 39.2748131, -6.8347499 ], [ 39.2750716, -6.8348144 ], [ 39.2751324, -6.8348361 ], [ 39.2751779, -6.8347859 ], [ 39.2753752, -6.8346069 ], [ 39.2755511, -6.8344764 ], [ 39.2754352, -6.8342834 ], [ 39.2753211, -6.8340428 ], [ 39.2752312, -6.8337921 ], [ 39.2751663, -6.8335338 ], [ 39.2751271, -6.8332703 ], [ 39.2751138, -6.8330044 ], [ 39.2751268, -6.8327384 ], [ 39.2751657, -6.8324749 ], [ 39.2752303, -6.8322165 ], [ 39.2752934, -6.8320399 ], [ 39.2751762, -6.8320954 ], [ 39.2749253, -6.8321853 ] ] ], [ [ [ 39.2640996, -6.7842857 ], [ 39.2643632, -6.7843247 ], [ 39.2645231, -6.7843646 ], [ 39.2645311, -6.7841992 ], [ 39.2644621, -6.7840067 ], [ 39.2643972, -6.7837484 ], [ 39.2643579, -6.783485 ], [ 39.2643482, -6.783289 ], [ 39.2642706, -6.7833938 ], [ 39.2640917, -6.7835912 ], [ 39.2638944, -6.7837702 ], [ 39.2636805, -6.7839289 ], [ 39.2634521, -6.784066 ], [ 39.2632113, -6.7841799 ], [ 39.2629605, -6.7842698 ], [ 39.2627021, -6.7843347 ], [ 39.2624386, -6.7843739 ], [ 39.2623336, -6.7843791 ], [ 39.2623389, -6.784383 ], [ 39.2625364, -6.7845617 ], [ 39.2625621, -6.7845901 ], [ 39.2627947, -6.78448 ], [ 39.2630455, -6.7843901 ], [ 39.2633039, -6.7843252 ], [ 39.2635674, -6.784286 ], [ 39.2638335, -6.7842728 ], [ 39.2640996, -6.7842857 ] ] ], [ [ [ 39.2772794, -6.7820785 ], [ 39.2774471, -6.7820701 ], [ 39.2777133, -6.782083 ], [ 39.2779225, -6.7821139 ], [ 39.277802, -6.7819812 ], [ 39.2776431, -6.7817674 ], [ 39.2775435, -6.7816014 ], [ 39.2774433, -6.7818134 ], [ 39.2773065, -6.7820419 ], [ 39.2772794, -6.7820785 ] ] ], [ [ [ 39.2776991, -6.80128 ], [ 39.2774583, -6.801394 ], [ 39.277388, -6.8014192 ], [ 39.2773675, -6.8014767 ], [ 39.2772537, -6.8017175 ], [ 39.2771697, -6.8018579 ], [ 39.2773593, -6.8018859 ], [ 39.2776178, -6.8019504 ], [ 39.2778687, -6.80204 ], [ 39.2781097, -6.8021537 ], [ 39.2783383, -6.8022905 ], [ 39.2785524, -6.802449 ], [ 39.2787499, -6.8026278 ], [ 39.2789289, -6.802825 ], [ 39.2790878, -6.8030388 ], [ 39.2792249, -6.8032672 ], [ 39.2793053, -6.8034369 ], [ 39.2794174, -6.8034649 ], [ 39.2796683, -6.8035545 ], [ 39.2799093, -6.8036682 ], [ 39.2801379, -6.803805 ], [ 39.280352, -6.8039635 ], [ 39.2805495, -6.8041423 ], [ 39.2807285, -6.8043395 ], [ 39.2808874, -6.8045533 ], [ 39.2810245, -6.8047816 ], [ 39.2811385, -6.8050223 ], [ 39.2812284, -6.805273 ], [ 39.2812933, -6.8055313 ], [ 39.2813326, -6.8057947 ], [ 39.2813458, -6.8060607 ], [ 39.2813329, -6.8063267 ], [ 39.2812939, -6.8065902 ], [ 39.2812766, -6.8066594 ], [ 39.2813972, -6.8067163 ], [ 39.2816258, -6.8068531 ], [ 39.2818399, -6.8070116 ], [ 39.2820374, -6.8071904 ], [ 39.2821309, -6.8072933 ], [ 39.282305, -6.8073368 ], [ 39.2825559, -6.8074264 ], [ 39.2827968, -6.8075401 ], [ 39.2830255, -6.8076769 ], [ 39.2832396, -6.8078354 ], [ 39.2834371, -6.8080141 ], [ 39.2836161, -6.8082114 ], [ 39.283775, -6.8084252 ], [ 39.2839121, -6.8086535 ], [ 39.2840261, -6.8088942 ], [ 39.2840455, -6.8089481 ], [ 39.2840889, -6.8089372 ], [ 39.2843524, -6.8088979 ], [ 39.2844085, -6.8088952 ], [ 39.2843984, -6.808855 ], [ 39.2843591, -6.8085916 ], [ 39.2843516, -6.8084408 ], [ 39.2843219, -6.8083578 ], [ 39.284257, -6.8080995 ], [ 39.2842177, -6.8078361 ], [ 39.2842045, -6.8075701 ], [ 39.2842174, -6.8073041 ], [ 39.2842564, -6.8070406 ], [ 39.2842798, -6.8069469 ], [ 39.2840733, -6.8069572 ], [ 39.2838072, -6.8069443 ], [ 39.2835436, -6.8069053 ], [ 39.2832851, -6.8068408 ], [ 39.2830342, -6.8067512 ], [ 39.2827933, -6.8066375 ], [ 39.2825647, -6.8065007 ], [ 39.2823506, -6.8063422 ], [ 39.282153, -6.8061635 ], [ 39.281974, -6.8059662 ], [ 39.2818152, -6.8057524 ], [ 39.281678, -6.8055241 ], [ 39.281564, -6.8052834 ], [ 39.2814741, -6.8050327 ], [ 39.2814092, -6.8047744 ], [ 39.2813699, -6.804511 ], [ 39.2813567, -6.804245 ], [ 39.2813696, -6.803979 ], [ 39.2814086, -6.8037155 ], [ 39.2814732, -6.8034572 ], [ 39.2815628, -6.8032063 ], [ 39.2816765, -6.8029655 ], [ 39.2818134, -6.802737 ], [ 39.281972, -6.802523 ], [ 39.2821508, -6.8023256 ], [ 39.2823481, -6.8021466 ], [ 39.282562, -6.8019879 ], [ 39.282734, -6.8018847 ], [ 39.2825699, -6.8018604 ], [ 39.2823114, -6.8017959 ], [ 39.2820605, -6.8017063 ], [ 39.2818196, -6.8015926 ], [ 39.281591, -6.8014558 ], [ 39.2813769, -6.8012973 ], [ 39.2811793, -6.8011186 ], [ 39.2810003, -6.8009213 ], [ 39.2808415, -6.8007075 ], [ 39.2808042, -6.8006455 ], [ 39.2807159, -6.8007111 ], [ 39.2804874, -6.8008481 ], [ 39.2802466, -6.8009621 ], [ 39.2799958, -6.801052 ], [ 39.2797374, -6.8011168 ], [ 39.2794739, -6.8011561 ], [ 39.2792078, -6.8011693 ], [ 39.2789416, -6.8011564 ], [ 39.2786781, -6.8011174 ], [ 39.2784196, -6.8010529 ], [ 39.2781687, -6.8009633 ], [ 39.2781659, -6.800962 ], [ 39.2781415, -6.8009842 ], [ 39.2779275, -6.801143 ], [ 39.2776991, -6.80128 ] ] ], [ [ [ 39.2727589, -6.7987192 ], [ 39.2729377, -6.7985218 ], [ 39.2731351, -6.7983428 ], [ 39.273185, -6.7983057 ], [ 39.2730302, -6.7983288 ], [ 39.2727641, -6.798342 ], [ 39.272498, -6.7983291 ], [ 39.2722344, -6.7982901 ], [ 39.271976, -6.7982256 ], [ 39.2719665, -6.7982222 ], [ 39.2719648, -6.7982258 ], [ 39.2718398, -6.7984345 ], [ 39.2720597, -6.7984894 ], [ 39.2723106, -6.798579 ], [ 39.2725515, -6.7986927 ], [ 39.2727088, -6.7987869 ], [ 39.2727589, -6.7987192 ] ] ], [ [ [ 39.2891111, -6.8156876 ], [ 39.2891982, -6.8156564 ], [ 39.2891819, -6.8156108 ], [ 39.289118, -6.8156814 ], [ 39.2891111, -6.8156876 ] ] ] ] } }
]
}
