{
"type": "FeatureCollection",
"features": [
{ "type": "Feature", "properties": { "index": "0", "@osmId": "way/525630302", "name": null, "opening_hours": null, "label": "Public swimming & bathing", "color": "#2b8cbe" }, "geometry": { "type": "Polygon", "coordinates": [ [ [ 39.2751021, -6.7805031 ], [ 39.2750488, -6.7804731 ], [ 39.2749946, -6.780568 ], [ 39.2750478, -6.780598 ], [ 39.2751021, -6.7805031 ] ] ] } },
{ "type": "Feature", "properties": { "index": "1", "@osmId": "way/157259688", "name": null, "opening_hours": null, "label": "Public swimming & bathing", "color": "#2b8cbe" }, "geometry": { "type": "Polygon", "coordinates": [ [ [ 39.2997882, -6.8134468 ], [ 39.3, -6.8139613 ], [ 39.3, -6.8131801 ], [ 39.299689, -6.8126917 ], [ 39.2992035, -6.8117973 ], [ 39.2990693, -6.8115549 ], [ 39.2988494, -6.8112832 ], [ 39.2983827, -6.8110276 ], [ 39.2981239, -6.8108158 ], [ 39.2980567, -6.8106506 ], [ 39.2979159, -6.8104084 ], [ 39.2977863, -6.8102507 ], [ 39.2977187, -6.8101436 ], [ 39.2976511, -6.8100366 ], [ 39.297499, -6.809862 ], [ 39.2973217, -6.8096629 ], [ 39.2971507, -6.8094604 ], [ 39.297009, -6.809248 ], [ 39.2969692, -6.8091899 ], [ 39.2968538, -6.8090594 ], [ 39.2966795, -6.8088916 ], [ 39.2964944, -6.8086919 ], [ 39.2962852, -6.8084282 ], [ 39.2960492, -6.8082045 ], [ 39.295789, -6.8079568 ], [ 39.2952418, -6.8075307 ], [ 39.2948046, -6.8072111 ], [ 39.2944774, -6.8069474 ], [ 39.2942548, -6.8068063 ], [ 39.2938364, -6.8066092 ], [ 39.2936741, -6.8065384 ], [ 39.2932685, -6.8063243 ], [ 39.2930376, -6.8061328 ], [ 39.2929083, -6.8059806 ], [ 39.2924939, -6.8056024 ], [ 39.2922994, -6.8054679 ], [ 39.2919116, -6.805204 ], [ 39.2916088, -6.8049832 ], [ 39.2911005, -6.8045055 ], [ 39.2906273, -6.8041506 ], [ 39.2904024, -6.8039497 ], [ 39.2902314, -6.8037285 ], [ 39.290078, -6.8034933 ], [ 39.2899205, -6.8032585 ], [ 39.2898242, -6.8031365 ], [ 39.2894725, -6.8027699 ], [ 39.2892713, -6.8026181 ], [ 39.2890769, -6.8024397 ], [ 39.2888234, -6.8022319 ], [ 39.2885458, -6.8019496 ], [ 39.2884965, -6.8018786 ], [ 39.2884582, -6.8018044 ], [ 39.2880587, -6.8024394 ], [ 39.2880435, -6.8024776 ], [ 39.2880386, -6.8025263 ], [ 39.2880438, -6.802559 ], [ 39.2880543, -6.8025872 ], [ 39.2880656, -6.8026225 ], [ 39.2880791, -6.8026645 ], [ 39.2880894, -6.8027316 ], [ 39.2880917, -6.8027854 ], [ 39.2881054, -6.802837 ], [ 39.2881296, -6.8028844 ], [ 39.2881654, -6.8029278 ], [ 39.2887161, -6.8033725 ], [ 39.289382, -6.8039233 ], [ 39.2903607, -6.8046464 ], [ 39.2912388, -6.8052265 ], [ 39.2914467, -6.8053657 ], [ 39.2915903, -6.8054412 ], [ 39.2917255, -6.805515 ], [ 39.2922982, -6.8058765 ], [ 39.2939675, -6.8069882 ], [ 39.2950983, -6.8076504 ], [ 39.2952975, -6.8077767 ], [ 39.2955205, -6.8079377 ], [ 39.2956658, -6.8080502 ], [ 39.2958044, -6.808181 ], [ 39.2963822, -6.8087932 ], [ 39.2967289, -6.8090035 ], [ 39.2968576, -6.8092653 ], [ 39.297545, -6.8100078 ], [ 39.2977209, -6.8102633 ], [ 39.2979102, -6.8105341 ], [ 39.2979982, -6.81078 ], [ 39.2979816, -6.8109079 ], [ 39.2982308, -6.8111003 ], [ 39.298456, -6.8113032 ], [ 39.2986424, -6.8115808 ], [ 39.2990416, -6.8120829 ], [ 39.2997882, -6.8134468 ] ] ] } },
{ "type": "Feature", "properties": { "index": "2", "@osmId": "relation/6231382", "name": null, "opening_hours": null, "label": "Places of worship", "color": "#8856a7" }, "geometry": { "type": "Polygon", "coordinates": [ [ [ 39.2410102, -6.7969111 ], [ 39.240788, -6.7969159 ], [ 39.240792, -6.7970996 ], [ 39.2410142, -6.7970959 ], [ 39.2410102, -6.7969111 ] ], [ [ 39.2408885, -6.7970134 ], [ 39.240888, -6.7969921 ], [ 39.2409436, -6.7969906 ], [ 39.2409442, -6.7970119 ], [ 39.2408885, -6.7970134 ] ] ] } },
{ "type": "Feature", "properties": { "index": "3", "@osmId": "way/362260724", "name": null, "opening_hours": null, "label": "Places of worship", "color": "#8856a7" }, "geometry": { "type": "Polygon", "coordinates": [ [ [ 39.2697722, -6.7890714 ], [ 39.2697243, -6.7890659 ], [ 39.2696807, -6.7894436 ], [ 39.2697835, -6.7894553 ], [ 39.2698268, -6.7890799 ], [ 39.269772, -6.7890736 ], [ 39.2697722, -6.7890714 ] ] ] } },
{ "type": "Feature", "properties": { "index": "4", "@osmId": "way/362653105", "name": null, "opening_hours": null, "label": "Places of worship", "color": "#8856a7" }, "geometry": { "type": "Polygon", "coordinates": [ [ [ 39.247075, -6.8385081 ], [ 39.2470028, -6.8385072 ], [ 39.2470009, -6.8386553 ], [ 39.2470732, -6.8386562 ], [ 39.247075, -6.8385081 ] ] ] } },
{ "type": "Feature", "properties": { "index": "5", "@osmId": "way/364315051", "name": null, "opening_hours": null, "label": "Places of worship", "color": "#8856a7" }, "geometry": { "type": "Polygon", "coordinates": [ [ [ 39.2441301, -6.8409035 ], [ 39.2439985, -6.8409364 ], [ 39.2440162, -6.8410514 ], [ 39.2441327, -6.8409981 ], [ 39.2441266, -6.8409553 ], [ 39.244149, -6.8409499 ], [ 39.2441301, -6.8409035 ] ] ] } },
{ "type": "Feature", "properties": { "index": "6", "@osmId": "way/364346248", "name": "Tanzania Assemblies of God", "opening_hours": null, "label": "Places of worship", "color": "#8856a7" }, "geometry": { "type": "Polygon", "coordinates": [ [ [ 39.245491, -6.8377398 ], [ 39.2455191, -6.8376936 ], [ 39.2454934, -6.8376767 ], [ 39.2454765, -6.8376619 ], [ 39.2454464, -6.8377087 ], [ 39.2454646, -6.837724 ], [ 39.245491, -6.8377398 ] ] ] } },
{ "type": "Feature", "properties": { "index": "7", "@osmId": "way/364367325", "name": "Manazill All", "opening_hours": null, "label": "Places of worship", "color": "#8856a7" }, "geometry": { "type": "Polygon", "coordinates": [ [ [ 39.2493864, -6.8380539 ], [ 39.2493918, -6.838054 ], [ 39.2493935, -6.8379974 ], [ 39.2493874, -6.8379972 ], [ 39.2493884, -6.8379632 ], [ 39.24929, -6.8379602 ], [ 39.2492862, -6.8380843 ], [ 39.2493854, -6.8380873 ], [ 39.2493864, -6.8380539 ] ] ] } },
{ "type": "Feature", "properties": { "index": "8", "@osmId": "way/364499313", "name": "FPCT City Church", "opening_hours": null, "label": "Places of worship", "color": "#8856a7" }, "geometry": { "type": "Polygon", "coordinates": [ [ [ 39.2484013, -6.8384346 ], [ 39.2483417, -6.8382473 ], [ 39.2482464, -6.8382772 ], [ 39.2482707, -6.8383538 ], [ 39.2482931, -6.8384242 ], [ 39.2483086, -6.8384728 ], [ 39.2483249, -6.8384677 ], [ 39.2483504, -6.8385477 ], [ 39.2484586, -6.8385137 ], [ 39.2484547, -6.8385013 ], [ 39.2484651, -6.8384981 ], [ 39.2484566, -6.8384713 ], [ 39.2484541, -6.8384721 ], [ 39.248451, -6.8384625 ], [ 39.2484552, -6.8384612 ], [ 39.248445, -6.8384293 ], [ 39.2484322, -6.8384334 ], [ 39.2484297, -6.8384257 ], [ 39.2484013, -6.8384346 ] ] ] } },
{ "type": "Feature", "properties": { "index": "9", "@osmId": "way/364512841", "name": "Maktaba Ya Msikiti Al-Albaany", "opening_hours": null, "label": "Places of worship", "color": "#8856a7" }, "geometry": { "type": "Polygon", "coordinates": [ [ [ 39.2466903, -6.8394674 ], [ 39.2466169, -6.8395076 ], [ 39.2466708, -6.8396047 ], [ 39.2466851, -6.8395969 ], [ 39.2466875, -6.8396011 ], [ 39.2467465, -6.8395688 ], [ 39.2466903, -6.8394674 ] ] ] } },
{ "type": "Feature", "properties": { "index": "10", "@osmId": "way/364130067", "name": "Madrid Madrasat Yaasin", "opening_hours": null, "label": "Places of worship", "color": "#8856a7" }, "geometry": { "type": "Polygon", "coordinates": [ [ [ 39.2204757, -6.7861205 ], [ 39.2203461, -6.7861173 ], [ 39.2203435, -6.7862208 ], [ 39.2204563, -6.7862235 ], [ 39.2204564, -6.7862165 ], [ 39.2204733, -6.7862169 ], [ 39.2204757, -6.7861205 ] ] ] } },
{ "type": "Feature", "properties": { "index": "11", "@osmId": "way/371347916", "name": "Greek Orthodox Cathedral", "opening_hours": null, "label": "Places of worship", "color": "#8856a7" }, "geometry": { "type": "Polygon", "coordinates": [ [ [ 39.2869977, -6.8082113 ], [ 39.2869545, -6.808215 ], [ 39.2869619, -6.8082992 ], [ 39.2869435, -6.8083008 ], [ 39.2869512, -6.808388 ], [ 39.2869813, -6.8083854 ], [ 39.2869831, -6.8084062 ], [ 39.287053, -6.8084002 ], [ 39.2870538, -6.808409 ], [ 39.2870976, -6.8084052 ], [ 39.2870968, -6.8083961 ], [ 39.2871807, -6.8083888 ], [ 39.287178, -6.8083586 ], [ 39.287187, -6.8083578 ], [ 39.2871797, -6.8082745 ], [ 39.2871698, -6.8082754 ], [ 39.2871679, -6.8082544 ], [ 39.2870837, -6.8082617 ], [ 39.287083, -6.8082528 ], [ 39.2870379, -6.8082567 ], [ 39.2870387, -6.8082656 ], [ 39.2870027, -6.8082687 ], [ 39.2869977, -6.8082113 ] ] ] } },
{ "type": "Feature", "properties": { "index": "12", "@osmId": "way/688369583", "name": "St. Albans Cathedral Church", "opening_hours": null, "label": "Places of worship", "color": "#8856a7" }, "geometry": { "type": "Polygon", "coordinates": [ [ [ 39.2870562, -6.8137302 ], [ 39.2872155, -6.8139098 ], [ 39.2872334, -6.8138972 ], [ 39.2872388, -6.8139096 ], [ 39.2872472, -6.8139152 ], [ 39.2872609, -6.8139216 ], [ 39.287281, -6.8139186 ], [ 39.2872971, -6.8139126 ], [ 39.2873115, -6.8138929 ], [ 39.2873166, -6.8138676 ], [ 39.2873136, -6.8138566 ], [ 39.2873085, -6.8138496 ], [ 39.2872991, -6.8138393 ], [ 39.2873377, -6.813803 ], [ 39.2871611, -6.8136037 ], [ 39.287152, -6.8136115 ], [ 39.28713, -6.8135867 ], [ 39.2870741, -6.8136356 ], [ 39.2871135, -6.8136802 ], [ 39.2870562, -6.8137302 ] ] ] } },
{ "type": "Feature", "properties": { "index": "13", "@osmId": "way/360839976", "name": null, "opening_hours": null, "label": "Places of worship", "color": "#8856a7" }, "geometry": { "type": "Polygon", "coordinates": [ [ [ 39.2201345, -6.8082867 ], [ 39.220045, -6.8082999 ], [ 39.2200643, -6.8084285 ], [ 39.2201538, -6.8084152 ], [ 39.2201345, -6.8082867 ] ] ] } },
{ "type": "Feature", "properties": { "index": "14", "@osmId": "way/352354827", "name": null, "opening_hours": null, "label": "Places of worship", "color": "#8856a7" }, "geometry": { "type": "Polygon", "coordinates": [ [ [ 39.2740977, -6.8439505 ], [ 39.2740906, -6.8439918 ], [ 39.2741692, -6.8440731 ], [ 39.2742658, -6.8440787 ], [ 39.2742765, -6.8440648 ], [ 39.2742971, -6.8440888 ], [ 39.2743767, -6.8440142 ], [ 39.274382, -6.8439136 ], [ 39.2743072, -6.8438301 ], [ 39.2742809, -6.8438515 ], [ 39.2742677, -6.8438372 ], [ 39.2741739, -6.8438353 ], [ 39.2741439, -6.8438614 ], [ 39.2741071, -6.8438256 ], [ 39.2740765, -6.8438562 ], [ 39.2741088, -6.843891 ], [ 39.2740954, -6.8439104 ], [ 39.2740977, -6.8439505 ] ] ] } },
{ "type": "Feature", "properties": { "index": "15", "@osmId": "way/361556823", "name": "Madrasat Masjid Jamuhuria Islamiya", "opening_hours": null, "label": "Places of worship", "color": "#8856a7" }, "geometry": { "type": "Polygon", "coordinates": [ [ [ 39.2738063, -6.840137 ], [ 39.2737903, -6.8400888 ], [ 39.2735386, -6.8401714 ], [ 39.2735403, -6.8401765 ], [ 39.2735341, -6.8401785 ], [ 39.2735402, -6.8401971 ], [ 39.2735455, -6.8401954 ], [ 39.2735537, -6.84022 ], [ 39.2738063, -6.840137 ] ] ] } },
{ "type": "Feature", "properties": { "index": "16", "@osmId": "way/361594340", "name": "Masjid Jamuhuria Islamiya", "opening_hours": null, "label": "Places of worship", "color": "#8856a7" }, "geometry": { "type": "Polygon", "coordinates": [ [ [ 39.2738655, -6.8404238 ], [ 39.2738139, -6.8401712 ], [ 39.2735518, -6.8402241 ], [ 39.27356, -6.8402639 ], [ 39.2735643, -6.8402631 ], [ 39.2735772, -6.8403264 ], [ 39.2735937, -6.8403231 ], [ 39.2736242, -6.8404724 ], [ 39.2738655, -6.8404238 ] ] ] } },
{ "type": "Feature", "properties": { "index": "17", "@osmId": "way/361862489", "name": null, "opening_hours": null, "label": "Places of worship", "color": "#8856a7" }, "geometry": { "type": "Polygon", "coordinates": [ [ [ 39.2790065, -6.8347406 ], [ 39.2789912, -6.8344681 ], [ 39.278846, -6.8344761 ], [ 39.2788583, -6.8346958 ], [ 39.2787674, -6.8347008 ], [ 39.2787704, -6.8347536 ], [ 39.2790065, -6.8347406 ] ] ] } },
{ "type": "Feature", "properties": { "index": "18", "@osmId": "way/361864486", "name": "AGT Assemblies Of God", "opening_hours": null, "label": "Places of worship", "color": "#8856a7" }, "geometry": { "type": "Polygon", "coordinates": [ [ [ 39.2756469, -6.8410406 ], [ 39.2755949, -6.8409518 ], [ 39.2755729, -6.8409653 ], [ 39.2755801, -6.8409811 ], [ 39.2755743, -6.840995 ], [ 39.2756079, -6.8410563 ], [ 39.2756325, -6.841062 ], [ 39.2756469, -6.8410406 ] ] ] } },
{ "type": "Feature", "properties": { "index": "19", "@osmId": "way/362749256", "name": null, "opening_hours": null, "label": "Places of worship", "color": "#8856a7" }, "geometry": { "type": "Polygon", "coordinates": [ [ [ 39.2772193, -6.8372242 ], [ 39.2771995, -6.8372128 ], [ 39.2771537, -6.8372912 ], [ 39.2771925, -6.8373135 ], [ 39.2772309, -6.8372477 ], [ 39.277212, -6.8372368 ], [ 39.2772193, -6.8372242 ] ] ] } },
{ "type": "Feature", "properties": { "index": "20", "@osmId": "way/362759739", "name": null, "opening_hours": null, "label": "Places of worship", "color": "#8856a7" }, "geometry": { "type": "Polygon", "coordinates": [ [ [ 39.2779679, -6.8366901 ], [ 39.2779194, -6.8367023 ], [ 39.2778894, -6.8368371 ], [ 39.2779364, -6.8369719 ], [ 39.2780881, -6.8370073 ], [ 39.2782309, -6.8369322 ], [ 39.2782592, -6.8368029 ], [ 39.2781971, -6.8366855 ], [ 39.2780609, -6.8366397 ], [ 39.2780422, -6.8366123 ], [ 39.2779521, -6.8366493 ], [ 39.2779679, -6.8366901 ] ] ] } },
{ "type": "Feature", "properties": { "index": "21", "@osmId": "way/365651006", "name": null, "opening_hours": null, "label": "Places of worship", "color": "#8856a7" }, "geometry": { "type": "Polygon", "coordinates": [ [ [ 39.2708815, -6.8484004 ], [ 39.2704094, -6.8484156 ], [ 39.2704248, -6.8488883 ], [ 39.270897, -6.8488731 ], [ 39.2708815, -6.8484004 ] ] ] } },
{ "type": "Feature", "properties": { "index": "22", "@osmId": "way/367433679", "name": "Freemasons Hall", "opening_hours": null, "label": "Places of worship", "color": "#8856a7" }, "geometry": { "type": "Polygon", "coordinates": [ [ [ 39.2922007, -6.8156266 ], [ 39.2921835, -6.815641 ], [ 39.2922685, -6.8157412 ], [ 39.2922389, -6.815766 ], [ 39.2922755, -6.815809 ], [ 39.2924209, -6.8156871 ], [ 39.2923663, -6.8156228 ], [ 39.2923389, -6.8156457 ], [ 39.292272, -6.8155668 ], [ 39.2922496, -6.8155856 ], [ 39.2922285, -6.8155608 ], [ 39.2921796, -6.8156017 ], [ 39.2922007, -6.8156266 ] ] ] } },
{ "type": "Feature", "properties": { "index": "23", "@osmId": "way/688369839", "name": "St. Joseph Cathedral", "opening_hours": null, "label": "Places of worship", "color": "#8856a7" }, "geometry": { "type": "Polygon", "coordinates": [ [ [ 39.2880098, -6.8191305 ], [ 39.2880057, -6.8191364 ], [ 39.2879673, -6.8190955 ], [ 39.2879272, -6.8191332 ], [ 39.2879056, -6.8191105 ], [ 39.2878626, -6.8191041 ], [ 39.2878201, -6.8191403 ], [ 39.2878163, -6.8191868 ], [ 39.2878485, -6.8192231 ], [ 39.2878336, -6.8192361 ], [ 39.2878251, -6.8192265 ], [ 39.2877801, -6.8192658 ], [ 39.2879951, -6.8195113 ], [ 39.2881953, -6.8193404 ], [ 39.2880098, -6.8191305 ] ] ] } },
{ "type": "Feature", "properties": { "index": "24", "@osmId": "way/360839262", "name": null, "opening_hours": null, "label": "Places of worship", "color": "#8856a7" }, "geometry": { "type": "Polygon", "coordinates": [ [ [ 39.2454155, -6.7856257 ], [ 39.2454021, -6.7856892 ], [ 39.2455045, -6.7857104 ], [ 39.2455286, -6.7855956 ], [ 39.2454445, -6.7855782 ], [ 39.2454338, -6.7856295 ], [ 39.2454155, -6.7856257 ] ] ] } },
{ "type": "Feature", "properties": { "index": "25", "@osmId": "way/361528604", "name": "Masjid Hidaya", "opening_hours": null, "label": "Places of worship", "color": "#8856a7" }, "geometry": { "type": "Polygon", "coordinates": [ [ [ 39.2497535, -6.7868522 ], [ 39.2497649, -6.7868912 ], [ 39.2499152, -6.787201 ], [ 39.2504362, -6.7871636 ], [ 39.2505037, -6.7868191 ], [ 39.2502321, -6.7868295 ], [ 39.2497535, -6.7868522 ] ] ] } },
{ "type": "Feature", "properties": { "index": "26", "@osmId": "way/361528606", "name": "TAG Mwananyamala Church", "opening_hours": null, "label": "Places of worship", "color": "#8856a7" }, "geometry": { "type": "Polygon", "coordinates": [ [ [ 39.2498825, -6.7855704 ], [ 39.2498173, -6.7855638 ], [ 39.2498067, -6.7856679 ], [ 39.2498719, -6.7856744 ], [ 39.2498825, -6.7855704 ] ] ] } },
{ "type": "Feature", "properties": { "index": "27", "@osmId": "way/361875135", "name": null, "opening_hours": null, "label": "Places of worship", "color": "#8856a7" }, "geometry": { "type": "Polygon", "coordinates": [ [ [ 39.2481254, -6.7892937 ], [ 39.2480311, -6.7893218 ], [ 39.2480381, -6.789345 ], [ 39.2480229, -6.7893495 ], [ 39.2480459, -6.7894257 ], [ 39.2480892, -6.7894128 ], [ 39.2480914, -6.7894201 ], [ 39.2481576, -6.7894004 ], [ 39.2481254, -6.7892937 ] ] ] } },
{ "type": "Feature", "properties": { "index": "28", "@osmId": "way/364463020", "name": "Tanzania Assembles Of God", "opening_hours": null, "label": "Places of worship", "color": "#8856a7" }, "geometry": { "type": "Polygon", "coordinates": [ [ [ 39.261998, -6.7815607 ], [ 39.2619992, -6.7817869 ], [ 39.26236, -6.7817804 ], [ 39.2623602, -6.781712 ], [ 39.2623376, -6.7817121 ], [ 39.2623367, -6.7815588 ], [ 39.261998, -6.7815607 ] ] ] } },
{ "type": "Feature", "properties": { "index": "29", "@osmId": "way/364500740", "name": "Moravian Church Tanzania", "opening_hours": null, "label": "Places of worship", "color": "#8856a7" }, "geometry": { "type": "Polygon", "coordinates": [ [ [ 39.2584873, -6.7848431 ], [ 39.2584166, -6.7848477 ], [ 39.2584244, -6.7849667 ], [ 39.2584615, -6.7849644 ], [ 39.2584619, -6.7849707 ], [ 39.2586729, -6.7849571 ], [ 39.2586728, -6.7849548 ], [ 39.2586815, -6.7849543 ], [ 39.2586745, -6.7848479 ], [ 39.2586704, -6.7848482 ], [ 39.25867, -6.7848414 ], [ 39.2584879, -6.7848531 ], [ 39.2584873, -6.7848431 ] ] ] } },
{ "type": "Feature", "properties": { "index": "30", "@osmId": "way/364525116", "name": "AL-Madrasat", "opening_hours": null, "label": "Places of worship", "color": "#8856a7" }, "geometry": { "type": "Polygon", "coordinates": [ [ [ 39.2590742, -6.7847763 ], [ 39.2590053, -6.7847757 ], [ 39.2590042, -6.7849158 ], [ 39.2590731, -6.7849163 ], [ 39.2590742, -6.7847763 ] ] ] } },
{ "type": "Feature", "properties": { "index": "31", "@osmId": "way/364591504", "name": "Al-Masjid Al-waluud", "opening_hours": null, "label": "Places of worship", "color": "#8856a7" }, "geometry": { "type": "Polygon", "coordinates": [ [ [ 39.260672, -6.7864683 ], [ 39.2606118, -6.786423 ], [ 39.2605588, -6.7864845 ], [ 39.2606322, -6.7865435 ], [ 39.2606568, -6.7865112 ], [ 39.2606457, -6.7865028 ], [ 39.260672, -6.7864683 ] ] ] } },
{ "type": "Feature", "properties": { "index": "32", "@osmId": "way/364747362", "name": "K.K.K.T Lutheran church", "opening_hours": null, "label": "Places of worship", "color": "#8856a7" }, "geometry": { "type": "Polygon", "coordinates": [ [ [ 39.2604233, -6.7864358 ], [ 39.2603366, -6.7864363 ], [ 39.2603363, -6.786468 ], [ 39.2603215, -6.7864665 ], [ 39.2602713, -6.7865326 ], [ 39.2601601, -6.7866349 ], [ 39.260282, -6.7867306 ], [ 39.2603348, -6.786788 ], [ 39.2604119, -6.7867847 ], [ 39.2604734, -6.7867281 ], [ 39.260558, -6.7866339 ], [ 39.2604997, -6.7865481 ], [ 39.2604788, -6.786527 ], [ 39.260422, -6.7864785 ], [ 39.2604233, -6.7864358 ] ] ] } },
{ "type": "Feature", "properties": { "index": "33", "@osmId": "way/365639476", "name": "Gospel Assembly Mission Church", "opening_hours": null, "label": "Places of worship", "color": "#8856a7" }, "geometry": { "type": "Polygon", "coordinates": [ [ [ 39.2614079, -6.7870832 ], [ 39.2614376, -6.7870507 ], [ 39.2613713, -6.786991 ], [ 39.261342, -6.7870171 ], [ 39.2613273, -6.7870033 ], [ 39.2612866, -6.7870196 ], [ 39.2612118, -6.7871122 ], [ 39.2613023, -6.7871963 ], [ 39.2613112, -6.7871866 ], [ 39.2613196, -6.787194 ], [ 39.2614111, -6.7870871 ], [ 39.2614079, -6.7870832 ] ] ] } },
{ "type": "Feature", "properties": { "index": "34", "@osmId": "way/366455255", "name": "Tanzania Calvary Tabernacle", "opening_hours": null, "label": "Places of worship", "color": "#8856a7" }, "geometry": { "type": "Polygon", "coordinates": [ [ [ 39.2579631, -6.7886381 ], [ 39.2578462, -6.7887187 ], [ 39.2579437, -6.7888552 ], [ 39.258028, -6.788796 ], [ 39.2580156, -6.7887786 ], [ 39.2580451, -6.7887579 ], [ 39.2579631, -6.7886381 ] ] ] } },
{ "type": "Feature", "properties": { "index": "35", "@osmId": "way/366472435", "name": null, "opening_hours": null, "label": "Places of worship", "color": "#8856a7" }, "geometry": { "type": "Polygon", "coordinates": [ [ [ 39.2513449, -6.7801086 ], [ 39.2513416, -6.78 ], [ 39.2512732, -6.78 ], [ 39.2512766, -6.7801107 ], [ 39.2513449, -6.7801086 ] ] ] } },
{ "type": "Feature", "properties": { "index": "36", "@osmId": "way/367384369", "name": "Martin Porres Church", "opening_hours": null, "label": "Places of worship", "color": "#8856a7" }, "geometry": { "type": "Polygon", "coordinates": [ [ [ 39.2557753, -6.7873279 ], [ 39.2557449, -6.7874461 ], [ 39.2557287, -6.7875339 ], [ 39.2558881, -6.7875636 ], [ 39.2560111, -6.7875749 ], [ 39.2561925, -6.7876049 ], [ 39.2562894, -6.7876317 ], [ 39.2563515, -6.7876541 ], [ 39.2566385, -6.7877684 ], [ 39.2568885, -6.7875756 ], [ 39.2569033, -6.7875168 ], [ 39.2567861, -6.7871791 ], [ 39.256734, -6.7871903 ], [ 39.256683, -6.7872399 ], [ 39.2564154, -6.7872543 ], [ 39.2564018, -6.7872677 ], [ 39.2563914, -6.7872985 ], [ 39.2563139, -6.787299 ], [ 39.2559672, -6.7872951 ], [ 39.2559645, -6.787324 ], [ 39.2557753, -6.7873279 ] ] ] } },
{ "type": "Feature", "properties": { "index": "37", "@osmId": "way/524845480", "name": "baptist", "opening_hours": null, "label": "Places of worship", "color": "#8856a7" }, "geometry": { "type": "Polygon", "coordinates": [ [ [ 39.2571806, -6.7846521 ], [ 39.2569526, -6.7846685 ], [ 39.2569621, -6.7847861 ], [ 39.2571894, -6.7847731 ], [ 39.2571806, -6.7846521 ] ] ] } },
{ "type": "Feature", "properties": { "index": "38", "@osmId": "way/427957846", "name": null, "opening_hours": null, "label": "Places of worship", "color": "#8856a7" }, "geometry": { "type": "Polygon", "coordinates": [ [ [ 39.2377443, -6.7895119 ], [ 39.2377536, -6.7894131 ], [ 39.2377225, -6.7894102 ], [ 39.2377229, -6.7894063 ], [ 39.2377118, -6.7894052 ], [ 39.237709, -6.7894355 ], [ 39.2377013, -6.7894348 ], [ 39.2377004, -6.7894446 ], [ 39.2377163, -6.7894461 ], [ 39.2377104, -6.7895088 ], [ 39.2377443, -6.7895119 ] ] ] } },
{ "type": "Feature", "properties": { "index": "39", "@osmId": "way/666915459", "name": "Waluguru Mosque", "opening_hours": null, "label": "Places of worship", "color": "#8856a7" }, "geometry": { "type": "Polygon", "coordinates": [ [ [ 39.2387842, -6.7876375 ], [ 39.2387419, -6.7876242 ], [ 39.2386995, -6.7877566 ], [ 39.2387419, -6.78777 ], [ 39.2387842, -6.7876375 ] ] ] } },
{ "type": "Feature", "properties": { "index": "40", "@osmId": "way/352370138", "name": null, "opening_hours": null, "label": "Places of worship", "color": "#8856a7" }, "geometry": { "type": "Polygon", "coordinates": [ [ [ 39.2786964, -6.8329677 ], [ 39.2788064, -6.8329578 ], [ 39.2787988, -6.832875 ], [ 39.2786888, -6.8328849 ], [ 39.2786964, -6.8329677 ] ] ] } },
{ "type": "Feature", "properties": { "index": "41", "@osmId": "way/352379033", "name": "Molem Mosque", "opening_hours": null, "label": "Places of worship", "color": "#8856a7" }, "geometry": { "type": "Polygon", "coordinates": [ [ [ 39.2700408, -6.8316768 ], [ 39.2699036, -6.8316715 ], [ 39.2698979, -6.831782 ], [ 39.2700404, -6.8317864 ], [ 39.2700408, -6.8316768 ] ] ] } },
{ "type": "Feature", "properties": { "index": "42", "@osmId": "way/352382744", "name": "Victory Gospel Assembly Tanzania", "opening_hours": null, "label": "Places of worship", "color": "#8856a7" }, "geometry": { "type": "Polygon", "coordinates": [ [ [ 39.2701829, -6.8315735 ], [ 39.270167, -6.8315385 ], [ 39.270128, -6.8315559 ], [ 39.270141, -6.8315846 ], [ 39.2700344, -6.8316321 ], [ 39.2700707, -6.8317124 ], [ 39.2702101, -6.8316522 ], [ 39.2701766, -6.8315763 ], [ 39.2701829, -6.8315735 ] ] ] } },
{ "type": "Feature", "properties": { "index": "43", "@osmId": "way/352387990", "name": "AGT Assemblies Of God", "opening_hours": null, "label": "Places of worship", "color": "#8856a7" }, "geometry": { "type": "Polygon", "coordinates": [ [ [ 39.2720582, -6.8332084 ], [ 39.2720162, -6.83312 ], [ 39.2718665, -6.83319 ], [ 39.2719085, -6.8332785 ], [ 39.2720582, -6.8332084 ] ] ] } },
{ "type": "Feature", "properties": { "index": "44", "@osmId": "way/368430595", "name": "Shree Sanatan Hindu Mandir", "opening_hours": null, "label": "Places of worship", "color": "#8856a7" }, "geometry": { "type": "Polygon", "coordinates": [ [ [ 39.2839023, -6.8148931 ], [ 39.2839036, -6.8149103 ], [ 39.2838431, -6.8149148 ], [ 39.2838525, -6.8150399 ], [ 39.2839781, -6.8150305 ], [ 39.2839674, -6.8148883 ], [ 39.2839023, -6.8148931 ] ] ] } },
{ "type": "Feature", "properties": { "index": "45", "@osmId": "way/368503322", "name": "Al Jumaa Mosque Kitumbini", "opening_hours": null, "label": "Places of worship", "color": "#8856a7" }, "geometry": { "type": "Polygon", "coordinates": [ [ [ 39.282792, -6.8198597 ], [ 39.2827711, -6.8198906 ], [ 39.2828133, -6.8199163 ], [ 39.2828313, -6.8198872 ], [ 39.282837, -6.8198812 ], [ 39.2829107, -6.8198837 ], [ 39.2829737, -6.8198582 ], [ 39.2830114, -6.8197994 ], [ 39.2830243, -6.8197585 ], [ 39.2830202, -6.8196952 ], [ 39.2829966, -6.8196455 ], [ 39.2829329, -6.8195998 ], [ 39.2828551, -6.8195998 ], [ 39.2827991, -6.8196314 ], [ 39.2827507, -6.8196911 ], [ 39.2827442, -6.8197655 ], [ 39.2827525, -6.8197924 ], [ 39.2827731, -6.819834 ], [ 39.282792, -6.8198597 ] ] ] } },
{ "type": "Feature", "properties": { "index": "46", "@osmId": "way/368895392", "name": "Masjid Al Rawdha", "opening_hours": null, "label": "Places of worship", "color": "#8856a7" }, "geometry": { "type": "Polygon", "coordinates": [ [ [ 39.2805559, -6.8168191 ], [ 39.2802346, -6.8168403 ], [ 39.2802448, -6.8169926 ], [ 39.2804824, -6.816977 ], [ 39.2804808, -6.8169524 ], [ 39.2804775, -6.8169041 ], [ 39.2804896, -6.8169033 ], [ 39.2804935, -6.8169616 ], [ 39.2805651, -6.8169568 ], [ 39.2805559, -6.8168191 ] ] ] } },
{ "type": "Feature", "properties": { "index": "47", "@osmId": "way/369649145", "name": null, "opening_hours": null, "label": "Places of worship", "color": "#8856a7" }, "geometry": { "type": "Polygon", "coordinates": [ [ [ 39.2835789, -6.8136183 ], [ 39.2835514, -6.8136501 ], [ 39.283555, -6.8137496 ], [ 39.2836191, -6.8137487 ], [ 39.283636, -6.8137302 ], [ 39.2836326, -6.8136496 ], [ 39.2836181, -6.8136492 ], [ 39.2836158, -6.8136256 ], [ 39.2835789, -6.8136183 ] ] ] } },
{ "type": "Feature", "properties": { "index": "48", "@osmId": "way/613669060", "name": null, "opening_hours": null, "label": "Places of worship", "color": "#8856a7" }, "geometry": { "type": "Polygon", "coordinates": [ [ [ 39.2858067, -6.8153327 ], [ 39.2856983, -6.8153463 ], [ 39.2857011, -6.8153684 ], [ 39.2856934, -6.8153694 ], [ 39.2857053, -6.815463 ], [ 39.2858305, -6.8154473 ], [ 39.2858185, -6.8153528 ], [ 39.2858094, -6.815354 ], [ 39.2858067, -6.8153327 ] ] ] } },
{ "type": "Feature", "properties": { "index": "49", "@osmId": "way/635183978", "name": "Burhan", "opening_hours": null, "label": "Places of worship", "color": "#8856a7" }, "geometry": { "type": "Polygon", "coordinates": [ [ [ 39.2863323, -6.8188172 ], [ 39.2861253, -6.8188456 ], [ 39.2861246, -6.8188633 ], [ 39.2860758, -6.8189068 ], [ 39.2861806, -6.8190257 ], [ 39.2863455, -6.8189039 ], [ 39.2863323, -6.8188172 ] ] ] } },
{ "type": "Feature", "properties": { "index": "50", "@osmId": "way/635184070", "name": null, "opening_hours": null, "label": "Places of worship", "color": "#8856a7" }, "geometry": { "type": "Polygon", "coordinates": [ [ [ 39.2863552, -6.8186753 ], [ 39.2861443, -6.8187023 ], [ 39.2861617, -6.8188363 ], [ 39.2863725, -6.8188094 ], [ 39.2863552, -6.8186753 ] ] ] } },
{ "type": "Feature", "properties": { "index": "51", "@osmId": "way/635184168", "name": "Darkhana Jamatkhana [17]", "opening_hours": null, "label": "Places of worship", "color": "#8856a7" }, "geometry": { "type": "Polygon", "coordinates": [ [ [ 39.2841143, -6.819786 ], [ 39.2838789, -6.8196802 ], [ 39.2837305, -6.8200031 ], [ 39.2839689, -6.8201113 ], [ 39.2841143, -6.819786 ] ] ] } },
{ "type": "Feature", "properties": { "index": "52", "@osmId": "way/1089823328", "name": "Holy Quran Madressa", "opening_hours": null, "label": "Places of worship", "color": "#8856a7" }, "geometry": { "type": "Polygon", "coordinates": [ [ [ 39.2745047, -6.8129417 ], [ 39.274432, -6.8131276 ], [ 39.2745812, -6.8131792 ], [ 39.2747104, -6.8132208 ], [ 39.2748777, -6.8132638 ], [ 39.2749901, -6.8129706 ], [ 39.2749, -6.8129058 ], [ 39.2747397, -6.8128393 ], [ 39.2746835, -6.8129925 ], [ 39.2745047, -6.8129417 ] ] ] } },
{ "type": "Feature", "properties": { "index": "53", "@osmId": "way/364488272", "name": null, "opening_hours": null, "label": "Places of worship", "color": "#8856a7" }, "geometry": { "type": "Polygon", "coordinates": [ [ [ 39.2699569, -6.790074 ], [ 39.2698715, -6.7900672 ], [ 39.2698661, -6.7901341 ], [ 39.2699515, -6.7901409 ], [ 39.2699569, -6.790074 ] ] ] } },
{ "type": "Feature", "properties": { "index": "54", "@osmId": "way/364471053", "name": null, "opening_hours": null, "label": "Places of worship", "color": "#8856a7" }, "geometry": { "type": "Polygon", "coordinates": [ [ [ 39.2333763, -6.8346306 ], [ 39.2332806, -6.8347495 ], [ 39.2333195, -6.8347803 ], [ 39.2334151, -6.8346613 ], [ 39.2333763, -6.8346306 ] ] ] } },
{ "type": "Feature", "properties": { "index": "55", "@osmId": "way/364485407", "name": "Mnyamani Mosque", "opening_hours": null, "label": "Places of worship", "color": "#8856a7" }, "geometry": { "type": "Polygon", "coordinates": [ [ [ 39.2405472, -6.8386521 ], [ 39.2404913, -6.838664 ], [ 39.2405098, -6.8387501 ], [ 39.2405318, -6.8387455 ], [ 39.240583, -6.8389837 ], [ 39.2405674, -6.8389893 ], [ 39.2405653, -6.838998 ], [ 39.2405656, -6.8390061 ], [ 39.240572, -6.8390106 ], [ 39.2405871, -6.8390103 ], [ 39.2405986, -6.8390064 ], [ 39.2406035, -6.8390177 ], [ 39.2407446, -6.8389912 ], [ 39.2407455, -6.8389814 ], [ 39.2407797, -6.8389717 ], [ 39.2407813, -6.8389656 ], [ 39.2407812, -6.8389586 ], [ 39.2407771, -6.8389512 ], [ 39.2407744, -6.8389485 ], [ 39.2407696, -6.8389467 ], [ 39.2407627, -6.8389444 ], [ 39.2407183, -6.8386988 ], [ 39.2405631, -6.8387251 ], [ 39.2405472, -6.8386521 ] ] ] } },
{ "type": "Feature", "properties": { "index": "56", "@osmId": "way/364525287", "name": null, "opening_hours": null, "label": "Places of worship", "color": "#8856a7" }, "geometry": { "type": "Polygon", "coordinates": [ [ [ 39.2297697, -6.8436933 ], [ 39.2297844, -6.8436177 ], [ 39.2296395, -6.8435863 ], [ 39.2296039, -6.8437535 ], [ 39.2296541, -6.8437641 ], [ 39.2296572, -6.8437496 ], [ 39.2297509, -6.8437692 ], [ 39.2297472, -6.8437866 ], [ 39.2297982, -6.8437973 ], [ 39.229817, -6.8437027 ], [ 39.2297697, -6.8436933 ] ] ] } },
{ "type": "Feature", "properties": { "index": "57", "@osmId": "way/364537505", "name": "KKKT", "opening_hours": null, "label": "Places of worship", "color": "#8856a7" }, "geometry": { "type": "Polygon", "coordinates": [ [ [ 39.2259078, -6.845206 ], [ 39.2258495, -6.8452824 ], [ 39.2260399, -6.8454256 ], [ 39.2260982, -6.8453492 ], [ 39.2259078, -6.845206 ] ] ] } },
{ "type": "Feature", "properties": { "index": "58", "@osmId": "way/366275500", "name": "Pentecoste Buguruni Mnyamani", "opening_hours": null, "label": "Places of worship", "color": "#8856a7" }, "geometry": { "type": "Polygon", "coordinates": [ [ [ 39.2392306, -6.839939 ], [ 39.2391951, -6.8399434 ], [ 39.2392074, -6.8400417 ], [ 39.2392429, -6.8400373 ], [ 39.2392306, -6.839939 ] ] ] } },
{ "type": "Feature", "properties": { "index": "59", "@osmId": "way/370610165", "name": "Tanzania Assembly Of God", "opening_hours": null, "label": "Places of worship", "color": "#8856a7" }, "geometry": { "type": "Polygon", "coordinates": [ [ [ 39.2389918, -6.8435477 ], [ 39.2388766, -6.8435936 ], [ 39.2389334, -6.8437541 ], [ 39.2390283, -6.8437212 ], [ 39.2389931, -6.8436175 ], [ 39.2389742, -6.8436236 ], [ 39.2389711, -6.843615 ], [ 39.2390101, -6.8435975 ], [ 39.2389918, -6.8435477 ] ] ] } },
{ "type": "Feature", "properties": { "index": "60", "@osmId": "way/370622610", "name": "Masjid Hassanat Kwa Kisengo", "opening_hours": null, "label": "Places of worship", "color": "#8856a7" }, "geometry": { "type": "Polygon", "coordinates": [ [ [ 39.237752, -6.8433138 ], [ 39.2376885, -6.8433331 ], [ 39.2377187, -6.843431 ], [ 39.2376755, -6.8434441 ], [ 39.2376831, -6.8434687 ], [ 39.237723, -6.8434565 ], [ 39.2377355, -6.8434967 ], [ 39.2378919, -6.8434491 ], [ 39.2378413, -6.8432854 ], [ 39.2377871, -6.843302 ], [ 39.2377851, -6.8432957 ], [ 39.2377497, -6.8433065 ], [ 39.237752, -6.8433138 ] ] ] } },
{ "type": "Feature", "properties": { "index": "61", "@osmId": "way/370681307", "name": "Al Masjid Istiqma", "opening_hours": null, "label": "Places of worship", "color": "#8856a7" }, "geometry": { "type": "Polygon", "coordinates": [ [ [ 39.2349599, -6.8437993 ], [ 39.234935, -6.8437982 ], [ 39.2349422, -6.8440109 ], [ 39.235043, -6.8440224 ], [ 39.2350657, -6.8439257 ], [ 39.2350625, -6.8439134 ], [ 39.2351509, -6.8439076 ], [ 39.2351424, -6.8438457 ], [ 39.2351038, -6.8438476 ], [ 39.2350935, -6.8438001 ], [ 39.2350198, -6.8438016 ], [ 39.2350195, -6.8437845 ], [ 39.2349591, -6.8437839 ], [ 39.2349599, -6.8437993 ] ] ] } },
{ "type": "Feature", "properties": { "index": "62", "@osmId": "way/370683358", "name": null, "opening_hours": null, "label": "Places of worship", "color": "#8856a7" }, "geometry": { "type": "Polygon", "coordinates": [ [ [ 39.237539, -6.8409388 ], [ 39.2375071, -6.8409577 ], [ 39.2375442, -6.8410193 ], [ 39.2376637, -6.8409484 ], [ 39.237616, -6.8408647 ], [ 39.2375263, -6.8409178 ], [ 39.237539, -6.8409388 ] ] ] } },
{ "type": "Feature", "properties": { "index": "63", "@osmId": "way/370683784", "name": null, "opening_hours": null, "label": "Places of worship", "color": "#8856a7" }, "geometry": { "type": "Polygon", "coordinates": [ [ [ 39.2284919, -6.8483745 ], [ 39.2284606, -6.8483988 ], [ 39.2285026, -6.8484521 ], [ 39.2285339, -6.8484279 ], [ 39.2284919, -6.8483745 ] ] ] } },
{ "type": "Feature", "properties": { "index": "64", "@osmId": "way/370683786", "name": null, "opening_hours": null, "label": "Places of worship", "color": "#8856a7" }, "geometry": { "type": "Polygon", "coordinates": [ [ [ 39.2284619, -6.8484067 ], [ 39.2283805, -6.8484754 ], [ 39.2284164, -6.8485177 ], [ 39.2284947, -6.8484472 ], [ 39.2284619, -6.8484067 ] ] ] } },
{ "type": "Feature", "properties": { "index": "65", "@osmId": "way/370759515", "name": "Masjid L-Khadhwir", "opening_hours": null, "label": "Places of worship", "color": "#8856a7" }, "geometry": { "type": "Polygon", "coordinates": [ [ [ 39.2275909, -6.8459818 ], [ 39.2276449, -6.8460969 ], [ 39.2277098, -6.846067 ], [ 39.2276558, -6.8459518 ], [ 39.2275909, -6.8459818 ] ] ] } },
{ "type": "Feature", "properties": { "index": "66", "@osmId": "way/370859386", "name": null, "opening_hours": null, "label": "Places of worship", "color": "#8856a7" }, "geometry": { "type": "Polygon", "coordinates": [ [ [ 39.2254431, -6.8487987 ], [ 39.2254173, -6.8488743 ], [ 39.2254895, -6.8488986 ], [ 39.2255153, -6.848823 ], [ 39.2254817, -6.8488117 ], [ 39.2254894, -6.8487843 ], [ 39.2254543, -6.8487735 ], [ 39.2254476, -6.8488002 ], [ 39.2254431, -6.8487987 ] ] ] } },
{ "type": "Feature", "properties": { "index": "67", "@osmId": "way/370870459", "name": "Hilal Mosque", "opening_hours": null, "label": "Places of worship", "color": "#8856a7" }, "geometry": { "type": "Polygon", "coordinates": [ [ [ 39.2242759, -6.8463883 ], [ 39.2241725, -6.8464134 ], [ 39.2242024, -6.8465349 ], [ 39.224176, -6.8465416 ], [ 39.2241905, -6.8465737 ], [ 39.2242159, -6.8465676 ], [ 39.2242245, -6.8466026 ], [ 39.2243354, -6.8465757 ], [ 39.2243131, -6.8464851 ], [ 39.2243004, -6.8464882 ], [ 39.2242759, -6.8463883 ] ] ] } },
{ "type": "Feature", "properties": { "index": "68", "@osmId": "way/370952657", "name": null, "opening_hours": null, "label": "Places of worship", "color": "#8856a7" }, "geometry": { "type": "Polygon", "coordinates": [ [ [ 39.2257392, -6.8493719 ], [ 39.2257159, -6.8493824 ], [ 39.2257452, -6.8494464 ], [ 39.2257685, -6.8494359 ], [ 39.2257392, -6.8493719 ] ] ] } },
{ "type": "Feature", "properties": { "index": "69", "@osmId": "way/371122243", "name": "Baptist Church", "opening_hours": null, "label": "Places of worship", "color": "#8856a7" }, "geometry": { "type": "Polygon", "coordinates": [ [ [ 39.2384705, -6.8420994 ], [ 39.2383327, -6.8421464 ], [ 39.2383836, -6.8422935 ], [ 39.2384759, -6.842262 ], [ 39.2384678, -6.8422386 ], [ 39.2385133, -6.8422231 ], [ 39.2384705, -6.8420994 ] ] ] } },
{ "type": "Feature", "properties": { "index": "70", "@osmId": "way/371239204", "name": "Madrasa", "opening_hours": null, "label": "Places of worship", "color": "#8856a7" }, "geometry": { "type": "Polygon", "coordinates": [ [ [ 39.230091, -6.8474161 ], [ 39.2299982, -6.847472 ], [ 39.2300396, -6.8475399 ], [ 39.2300943, -6.847507 ], [ 39.2300768, -6.8474785 ], [ 39.2301151, -6.8474555 ], [ 39.230091, -6.8474161 ] ] ] } },
{ "type": "Feature", "properties": { "index": "71", "@osmId": "way/371727980", "name": null, "opening_hours": null, "label": "Places of worship", "color": "#8856a7" }, "geometry": { "type": "Polygon", "coordinates": [ [ [ 39.2356874, -6.8414738 ], [ 39.235605, -6.8415343 ], [ 39.2356528, -6.8415982 ], [ 39.2356577, -6.8416032 ], [ 39.2356632, -6.8416069 ], [ 39.2356698, -6.841609 ], [ 39.2356765, -6.8416093 ], [ 39.2357314, -6.8415702 ], [ 39.2357376, -6.8415637 ], [ 39.2357394, -6.8415593 ], [ 39.23574, -6.841555 ], [ 39.2357372, -6.841545 ], [ 39.235732, -6.8415365 ], [ 39.2356874, -6.8414738 ] ] ] } },
{ "type": "Feature", "properties": { "index": "72", "@osmId": "way/371727985", "name": null, "opening_hours": null, "label": "Places of worship", "color": "#8856a7" }, "geometry": { "type": "Polygon", "coordinates": [ [ [ 39.2358959, -6.8414408 ], [ 39.2357323, -6.8414545 ], [ 39.235742, -6.8415687 ], [ 39.2359055, -6.8415551 ], [ 39.2358959, -6.8414408 ] ] ] } },
{ "type": "Feature", "properties": { "index": "73", "@osmId": "way/371863217", "name": "Almadrasat Makasi", "opening_hours": null, "label": "Places of worship", "color": "#8856a7" }, "geometry": { "type": "Polygon", "coordinates": [ [ [ 39.231555, -6.8392192 ], [ 39.2314521, -6.8392532 ], [ 39.2314673, -6.8392986 ], [ 39.2315702, -6.8392646 ], [ 39.231555, -6.8392192 ] ] ] } },
{ "type": "Feature", "properties": { "index": "74", "@osmId": "way/371874605", "name": "Masjid Hiari", "opening_hours": null, "label": "Places of worship", "color": "#8856a7" }, "geometry": { "type": "Polygon", "coordinates": [ [ [ 39.2279908, -6.8407506 ], [ 39.2278786, -6.8407414 ], [ 39.2278714, -6.8408281 ], [ 39.2279509, -6.8408346 ], [ 39.2279493, -6.8408545 ], [ 39.2279844, -6.8408574 ], [ 39.2279861, -6.8408366 ], [ 39.2279829, -6.8408363 ], [ 39.2279844, -6.8408183 ], [ 39.228024, -6.8408216 ], [ 39.2280284, -6.840768 ], [ 39.2279897, -6.8407649 ], [ 39.2279908, -6.8407506 ] ] ] } },
{ "type": "Feature", "properties": { "index": "75", "@osmId": "way/371941930", "name": null, "opening_hours": null, "label": "Places of worship", "color": "#8856a7" }, "geometry": { "type": "Polygon", "coordinates": [ [ [ 39.2255298, -6.8409729 ], [ 39.2254173, -6.8409254 ], [ 39.225374, -6.8410264 ], [ 39.2254865, -6.8410739 ], [ 39.2255298, -6.8409729 ] ] ] } },
{ "type": "Feature", "properties": { "index": "76", "@osmId": "way/372023445", "name": "Victirious Living Church", "opening_hours": null, "label": "Places of worship", "color": "#8856a7" }, "geometry": { "type": "Polygon", "coordinates": [ [ [ 39.223781, -6.8416181 ], [ 39.2237352, -6.8416175 ], [ 39.2237346, -6.841659 ], [ 39.223705, -6.8416586 ], [ 39.2237039, -6.8417374 ], [ 39.2237281, -6.8417378 ], [ 39.223728, -6.8417503 ], [ 39.2237791, -6.841751 ], [ 39.223781, -6.8416181 ] ] ] } },
{ "type": "Feature", "properties": { "index": "77", "@osmId": "way/372028307", "name": "Tanzania Assembly Of God", "opening_hours": null, "label": "Places of worship", "color": "#8856a7" }, "geometry": { "type": "Polygon", "coordinates": [ [ [ 39.2243167, -6.8397424 ], [ 39.2241908, -6.8398009 ], [ 39.2242319, -6.8398882 ], [ 39.2243578, -6.8398297 ], [ 39.2243167, -6.8397424 ] ] ] } },
{ "type": "Feature", "properties": { "index": "78", "@osmId": "way/372048271", "name": null, "opening_hours": null, "label": "Places of worship", "color": "#8856a7" }, "geometry": { "type": "Polygon", "coordinates": [ [ [ 39.2225758, -6.8477027 ], [ 39.2223235, -6.8476013 ], [ 39.2223183, -6.847614 ], [ 39.222293, -6.8476038 ], [ 39.2222662, -6.8476696 ], [ 39.2222911, -6.8476796 ], [ 39.2222856, -6.8476932 ], [ 39.2225383, -6.8477948 ], [ 39.2225572, -6.8477484 ], [ 39.2225758, -6.8477027 ] ] ] } },
{ "type": "Feature", "properties": { "index": "79", "@osmId": "way/472920537", "name": "Kanisa la Anglican", "opening_hours": null, "label": "Places of worship", "color": "#8856a7" }, "geometry": { "type": "Polygon", "coordinates": [ [ [ 39.2268333, -6.8475613 ], [ 39.2269128, -6.8473996 ], [ 39.2268266, -6.8473574 ], [ 39.2267891, -6.84744 ], [ 39.226745, -6.8475132 ], [ 39.2267893, -6.8475391 ], [ 39.2268333, -6.8475613 ] ] ] } },
{ "type": "Feature", "properties": { "index": "80", "@osmId": "way/361401966", "name": null, "opening_hours": null, "label": "Places of worship", "color": "#8856a7" }, "geometry": { "type": "Polygon", "coordinates": [ [ [ 39.2459995, -6.8139338 ], [ 39.2459403, -6.8139334 ], [ 39.2459393, -6.8140548 ], [ 39.245947, -6.8140548 ], [ 39.2459467, -6.8140968 ], [ 39.2459337, -6.8140967 ], [ 39.2459335, -6.8141314 ], [ 39.2459979, -6.8141319 ], [ 39.2459995, -6.8139338 ] ] ] } },
{ "type": "Feature", "properties": { "index": "81", "@osmId": "way/361401968", "name": null, "opening_hours": null, "label": "Places of worship", "color": "#8856a7" }, "geometry": { "type": "Polygon", "coordinates": [ [ [ 39.2461416, -6.8139325 ], [ 39.246002, -6.8139318 ], [ 39.2460011, -6.8141073 ], [ 39.2461407, -6.8141067 ], [ 39.2461416, -6.8139325 ] ] ] } },
{ "type": "Feature", "properties": { "index": "82", "@osmId": "way/361409975", "name": "Aliy Hassani Mwinyi", "opening_hours": null, "label": "Places of worship", "color": "#8856a7" }, "geometry": { "type": "Polygon", "coordinates": [ [ [ 39.2462338, -6.8139351 ], [ 39.2461828, -6.813935 ], [ 39.2461826, -6.8139675 ], [ 39.246174, -6.8139675 ], [ 39.2461738, -6.8140417 ], [ 39.2461823, -6.8140418 ], [ 39.2461821, -6.8140807 ], [ 39.2461461, -6.8140806 ], [ 39.246146, -6.8141085 ], [ 39.2461771, -6.8141086 ], [ 39.2461771, -6.8141168 ], [ 39.2462258, -6.814117 ], [ 39.2462259, -6.8140946 ], [ 39.2462333, -6.8140946 ], [ 39.2462338, -6.8139351 ] ] ] } },
{ "type": "Feature", "properties": { "index": "83", "@osmId": "way/361409976", "name": null, "opening_hours": null, "label": "Places of worship", "color": "#8856a7" }, "geometry": { "type": "Polygon", "coordinates": [ [ [ 39.2462264, -6.8141194 ], [ 39.2461441, -6.8141206 ], [ 39.2461461, -6.8142548 ], [ 39.2462611, -6.8142532 ], [ 39.2462592, -6.8141225 ], [ 39.2462265, -6.814123 ], [ 39.2462264, -6.8141194 ] ] ] } },
{ "type": "Feature", "properties": { "index": "84", "@osmId": "way/361409977", "name": null, "opening_hours": null, "label": "Places of worship", "color": "#8856a7" }, "geometry": { "type": "Polygon", "coordinates": [ [ [ 39.2464597, -6.8143619 ], [ 39.2462491, -6.814366 ], [ 39.2462504, -6.8144298 ], [ 39.2464609, -6.8144257 ], [ 39.2464597, -6.8143619 ] ] ] } },
{ "type": "Feature", "properties": { "index": "85", "@osmId": "way/361409978", "name": null, "opening_hours": null, "label": "Places of worship", "color": "#8856a7" }, "geometry": { "type": "Polygon", "coordinates": [ [ [ 39.2464667, -6.8139315 ], [ 39.2464123, -6.8139284 ], [ 39.2463882, -6.8143382 ], [ 39.2464426, -6.8143413 ], [ 39.2464667, -6.8139315 ] ] ] } },
{ "type": "Feature", "properties": { "index": "86", "@osmId": "way/361409979", "name": null, "opening_hours": null, "label": "Places of worship", "color": "#8856a7" }, "geometry": { "type": "Polygon", "coordinates": [ [ [ 39.2464091, -6.8139452 ], [ 39.2462738, -6.8139389 ], [ 39.2462711, -6.8139966 ], [ 39.2464028, -6.8140028 ], [ 39.2464031, -6.8139964 ], [ 39.2464066, -6.8139965 ], [ 39.2464091, -6.8139452 ] ] ] } },
{ "type": "Feature", "properties": { "index": "87", "@osmId": "way/362563897", "name": null, "opening_hours": null, "label": "Places of worship", "color": "#8856a7" }, "geometry": { "type": "Polygon", "coordinates": [ [ [ 39.2460065, -6.8120019 ], [ 39.2459185, -6.8120382 ], [ 39.245952, -6.8121182 ], [ 39.24604, -6.8120819 ], [ 39.2460065, -6.8120019 ] ] ] } },
{ "type": "Feature", "properties": { "index": "88", "@osmId": "way/364465411", "name": "Masjid Jabbal Hiraaa", "opening_hours": null, "label": "Places of worship", "color": "#8856a7" }, "geometry": { "type": "Polygon", "coordinates": [ [ [ 39.2454227, -6.8280815 ], [ 39.2454119, -6.8280317 ], [ 39.2453362, -6.8280487 ], [ 39.2453492, -6.8281079 ], [ 39.2453647, -6.8281068 ], [ 39.2453752, -6.8281447 ], [ 39.2454461, -6.828128 ], [ 39.245434, -6.8280785 ], [ 39.2454227, -6.8280815 ] ] ] } },
{ "type": "Feature", "properties": { "index": "89", "@osmId": "way/364474699", "name": "Masjid El-Dawail", "opening_hours": null, "label": "Places of worship", "color": "#8856a7" }, "geometry": { "type": "Polygon", "coordinates": [ [ [ 39.2625553, -6.8267345 ], [ 39.2625493, -6.8264669 ], [ 39.2623386, -6.826468 ], [ 39.2623397, -6.8265051 ], [ 39.2623151, -6.8265062 ], [ 39.2623154, -6.8265147 ], [ 39.2622744, -6.8265169 ], [ 39.2622762, -6.8267098 ], [ 39.2622927, -6.8267091 ], [ 39.2622944, -6.8267514 ], [ 39.2623378, -6.82675 ], [ 39.2623404, -6.826775 ], [ 39.2625349, -6.8267696 ], [ 39.2625456, -6.8267756 ], [ 39.2625544, -6.8267755 ], [ 39.2625683, -6.8267668 ], [ 39.262568, -6.8267486 ], [ 39.2625553, -6.8267345 ] ] ] } },
{ "type": "Feature", "properties": { "index": "90", "@osmId": "way/364481336", "name": null, "opening_hours": null, "label": "Places of worship", "color": "#8856a7" }, "geometry": { "type": "Polygon", "coordinates": [ [ [ 39.2454657, -6.8309379 ], [ 39.2454172, -6.8309373 ], [ 39.2454158, -6.8310644 ], [ 39.245389, -6.8310641 ], [ 39.2453886, -6.831101 ], [ 39.2455471, -6.8311028 ], [ 39.2455474, -6.8310778 ], [ 39.245561, -6.831078 ], [ 39.2455612, -6.8310548 ], [ 39.2455685, -6.8310549 ], [ 39.2455698, -6.830941 ], [ 39.2455266, -6.8309405 ], [ 39.2455267, -6.8309267 ], [ 39.2454659, -6.830926 ], [ 39.2454657, -6.8309379 ] ] ] } },
{ "type": "Feature", "properties": { "index": "91", "@osmId": "way/364502027", "name": null, "opening_hours": null, "label": "Places of worship", "color": "#8856a7" }, "geometry": { "type": "Polygon", "coordinates": [ [ [ 39.2642652, -6.8270764 ], [ 39.2641948, -6.8270729 ], [ 39.2641922, -6.8271705 ], [ 39.2642565, -6.8271734 ], [ 39.2642652, -6.8270764 ] ] ] } },
{ "type": "Feature", "properties": { "index": "92", "@osmId": "way/364691301", "name": "Jumba La Mashahidi wa Yehova", "opening_hours": null, "label": "Places of worship", "color": "#8856a7" }, "geometry": { "type": "Polygon", "coordinates": [ [ [ 39.2472123, -6.8331954 ], [ 39.2470918, -6.8331128 ], [ 39.2470447, -6.8331805 ], [ 39.2471652, -6.8332631 ], [ 39.2472123, -6.8331954 ] ] ] } },
{ "type": "Feature", "properties": { "index": "93", "@osmId": "way/364803450", "name": "Immanuel Church of The Deaf", "opening_hours": null, "label": "Places of worship", "color": "#8856a7" }, "geometry": { "type": "Polygon", "coordinates": [ [ [ 39.2476579, -6.8292383 ], [ 39.2476248, -6.8292964 ], [ 39.247734, -6.8293577 ], [ 39.2477489, -6.8293317 ], [ 39.2477672, -6.8293406 ], [ 39.2478113, -6.8292686 ], [ 39.2477854, -6.8292541 ], [ 39.2477825, -6.8292591 ], [ 39.2476936, -6.8292093 ], [ 39.2476724, -6.8292465 ], [ 39.2476579, -6.8292383 ] ] ] } },
{ "type": "Feature", "properties": { "index": "94", "@osmId": "way/367589945", "name": "KKKT Ilala", "opening_hours": null, "label": "Places of worship", "color": "#8856a7" }, "geometry": { "type": "Polygon", "coordinates": [ [ [ 39.2470176, -6.8294597 ], [ 39.2467422, -6.8294949 ], [ 39.2467199, -6.8295903 ], [ 39.246724, -6.8296328 ], [ 39.2467655, -6.8297142 ], [ 39.2470465, -6.8296897 ], [ 39.2470431, -6.8296522 ], [ 39.2470551, -6.8296506 ], [ 39.2470513, -6.8296121 ], [ 39.2470504, -6.8295762 ], [ 39.2470422, -6.8295431 ], [ 39.2470287, -6.8295252 ], [ 39.2470134, -6.8295105 ], [ 39.2470256, -6.8294842 ], [ 39.2470176, -6.8294597 ] ] ] } },
{ "type": "Feature", "properties": { "index": "95", "@osmId": "way/380536729", "name": "Madrasatul Mohamadiyatul", "opening_hours": null, "label": "Places of worship", "color": "#8856a7" }, "geometry": { "type": "Polygon", "coordinates": [ [ [ 39.2563238, -6.8290372 ], [ 39.256195, -6.8290768 ], [ 39.2562362, -6.829209 ], [ 39.256365, -6.8291694 ], [ 39.2563238, -6.8290372 ] ] ] } },
{ "type": "Feature", "properties": { "index": "96", "@osmId": "way/328050495", "name": "chapel", "opening_hours": null, "label": "Places of worship", "color": "#8856a7" }, "geometry": { "type": "Polygon", "coordinates": [ [ [ 39.230786, -6.8144046 ], [ 39.2307772, -6.8144522 ], [ 39.2307862, -6.8144998 ], [ 39.230812, -6.8145409 ], [ 39.230851, -6.81457 ], [ 39.230898, -6.8145831 ], [ 39.2309466, -6.8145785 ], [ 39.2309902, -6.8145568 ], [ 39.2310229, -6.814521 ], [ 39.2310405, -6.8144757 ], [ 39.2310403, -6.8144273 ], [ 39.2310226, -6.8143822 ], [ 39.2309896, -6.8143465 ], [ 39.2309459, -6.814325 ], [ 39.2308973, -6.8143206 ], [ 39.2308504, -6.814334 ], [ 39.2308116, -6.8143633 ], [ 39.230786, -6.8144046 ] ] ] } },
{ "type": "Feature", "properties": { "index": "97", "@osmId": "way/360268873", "name": "KKKT", "opening_hours": null, "label": "Places of worship", "color": "#8856a7" }, "geometry": { "type": "Polygon", "coordinates": [ [ [ 39.2381921, -6.8119602 ], [ 39.2379827, -6.8120274 ], [ 39.2380677, -6.8122891 ], [ 39.2382547, -6.8122291 ], [ 39.2382635, -6.8122563 ], [ 39.2383407, -6.8122315 ], [ 39.238326, -6.8121864 ], [ 39.2382714, -6.8122039 ], [ 39.2381921, -6.8119602 ] ] ] } },
{ "type": "Feature", "properties": { "index": "98", "@osmId": "way/360278174", "name": "New Apolistic church", "opening_hours": null, "label": "Places of worship", "color": "#8856a7" }, "geometry": { "type": "Polygon", "coordinates": [ [ [ 39.2382807, -6.8257474 ], [ 39.2384608, -6.8259243 ], [ 39.2385458, -6.8258379 ], [ 39.2384403, -6.8257337 ], [ 39.2385472, -6.8256211 ], [ 39.2384749, -6.8255498 ], [ 39.2382807, -6.8257474 ] ] ] } },
{ "type": "Feature", "properties": { "index": "99", "@osmId": "way/360278278", "name": null, "opening_hours": null, "label": "Places of worship", "color": "#8856a7" }, "geometry": { "type": "Polygon", "coordinates": [ [ [ 39.222587, -6.8292046 ], [ 39.2225853, -6.8293057 ], [ 39.222625, -6.8294551 ], [ 39.2228027, -6.8294545 ], [ 39.2228054, -6.829304 ], [ 39.2228164, -6.8293044 ], [ 39.2228193, -6.8291663 ], [ 39.2226532, -6.829155 ], [ 39.2226573, -6.829202 ], [ 39.222587, -6.8292046 ] ] ] } },
{ "type": "Feature", "properties": { "index": "100", "@osmId": "way/360697881", "name": "Tanzania Pentecoste Church", "opening_hours": null, "label": "Places of worship", "color": "#8856a7" }, "geometry": { "type": "Polygon", "coordinates": [ [ [ 39.2222051, -6.8210092 ], [ 39.2221333, -6.821104 ], [ 39.2221681, -6.82113 ], [ 39.2221609, -6.8211395 ], [ 39.2221877, -6.8211595 ], [ 39.2221946, -6.8211504 ], [ 39.2222274, -6.8211749 ], [ 39.2222664, -6.8211234 ], [ 39.2223018, -6.8211499 ], [ 39.2222732, -6.8211878 ], [ 39.2223115, -6.8212164 ], [ 39.2223732, -6.8211348 ], [ 39.2222051, -6.8210092 ] ] ] } },
{ "type": "Feature", "properties": { "index": "101", "@osmId": "way/360708451", "name": "Tegemeo", "opening_hours": null, "label": "Places of worship", "color": "#8856a7" }, "geometry": { "type": "Polygon", "coordinates": [ [ [ 39.2390953, -6.8142946 ], [ 39.2388432, -6.8143144 ], [ 39.2388583, -6.8145041 ], [ 39.2391104, -6.8144843 ], [ 39.2390953, -6.8142946 ] ] ] } },
{ "type": "Feature", "properties": { "index": "102", "@osmId": "way/360834956", "name": "Samaria Gospel", "opening_hours": null, "label": "Places of worship", "color": "#8856a7" }, "geometry": { "type": "Polygon", "coordinates": [ [ [ 39.2399758, -6.8146928 ], [ 39.2398515, -6.8146961 ], [ 39.2398527, -6.8147388 ], [ 39.239977, -6.8147355 ], [ 39.2399758, -6.8146928 ] ] ] } },
{ "type": "Feature", "properties": { "index": "103", "@osmId": "way/360845147", "name": "Tanzania Assembles Of God", "opening_hours": null, "label": "Places of worship", "color": "#8856a7" }, "geometry": { "type": "Polygon", "coordinates": [ [ [ 39.240367, -6.8145701 ], [ 39.2403346, -6.8143715 ], [ 39.2400735, -6.8144135 ], [ 39.2401059, -6.8146121 ], [ 39.2402255, -6.8145928 ], [ 39.240367, -6.8145701 ] ] ] } },
{ "type": "Feature", "properties": { "index": "104", "@osmId": "way/361041197", "name": null, "opening_hours": null, "label": "Places of worship", "color": "#8856a7" }, "geometry": { "type": "Polygon", "coordinates": [ [ [ 39.234024, -6.8142224 ], [ 39.2340943, -6.8142059 ], [ 39.2340624, -6.814072 ], [ 39.234, -6.8140866 ], [ 39.2340231, -6.8141837 ], [ 39.2340152, -6.8141855 ], [ 39.234024, -6.8142224 ] ] ] } },
{ "type": "Feature", "properties": { "index": "105", "@osmId": "way/361365167", "name": null, "opening_hours": null, "label": "Places of worship", "color": "#8856a7" }, "geometry": { "type": "Polygon", "coordinates": [ [ [ 39.2337784, -6.8143541 ], [ 39.2337774, -6.8143341 ], [ 39.2337328, -6.8143363 ], [ 39.2337338, -6.8143563 ], [ 39.2337784, -6.8143541 ] ] ] } },
{ "type": "Feature", "properties": { "index": "106", "@osmId": "way/361365168", "name": null, "opening_hours": null, "label": "Places of worship", "color": "#8856a7" }, "geometry": { "type": "Polygon", "coordinates": [ [ [ 39.2339967, -6.814182 ], [ 39.23397, -6.8141278 ], [ 39.23393, -6.8141473 ], [ 39.2339568, -6.8142014 ], [ 39.2339967, -6.814182 ] ] ] } },
{ "type": "Feature", "properties": { "index": "107", "@osmId": "way/361399433", "name": null, "opening_hours": null, "label": "Places of worship", "color": "#8856a7" }, "geometry": { "type": "Polygon", "coordinates": [ [ [ 39.2365452, -6.815548 ], [ 39.2365344, -6.8155451 ], [ 39.2363952, -6.8155438 ], [ 39.2364008, -6.8157284 ], [ 39.2363348, -6.8157258 ], [ 39.2363031, -6.8158703 ], [ 39.2364094, -6.8158753 ], [ 39.2364094, -6.8158549 ], [ 39.2364921, -6.8158568 ], [ 39.2365396, -6.8156452 ], [ 39.2365234, -6.8156153 ], [ 39.2365452, -6.815548 ] ] ] } },
{ "type": "Feature", "properties": { "index": "108", "@osmId": "way/361399435", "name": null, "opening_hours": null, "label": "Places of worship", "color": "#8856a7" }, "geometry": { "type": "Polygon", "coordinates": [ [ [ 39.2367123, -6.8155704 ], [ 39.236562, -6.8155188 ], [ 39.2365313, -6.815607 ], [ 39.2365843, -6.8156252 ], [ 39.2365948, -6.8155952 ], [ 39.236627, -6.8156062 ], [ 39.2366169, -6.8156351 ], [ 39.236682, -6.8156575 ], [ 39.2367123, -6.8155704 ] ] ] } },
{ "type": "Feature", "properties": { "index": "109", "@osmId": "way/361399445", "name": null, "opening_hours": null, "label": "Places of worship", "color": "#8856a7" }, "geometry": { "type": "Polygon", "coordinates": [ [ [ 39.2365177, -6.8156628 ], [ 39.2364081, -6.81566 ], [ 39.2364068, -6.8157117 ], [ 39.2364881, -6.8157138 ], [ 39.2364878, -6.8157261 ], [ 39.236516, -6.8157268 ], [ 39.2365177, -6.8156628 ] ] ] } },
{ "type": "Feature", "properties": { "index": "110", "@osmId": "way/361417199", "name": null, "opening_hours": null, "label": "Places of worship", "color": "#8856a7" }, "geometry": { "type": "Polygon", "coordinates": [ [ [ 39.2340073, -6.813246 ], [ 39.2338552, -6.8132616 ], [ 39.2338606, -6.813288 ], [ 39.2338672, -6.8134059 ], [ 39.2341916, -6.8133739 ], [ 39.2341802, -6.8132332 ], [ 39.2341393, -6.8132367 ], [ 39.2341389, -6.8132325 ], [ 39.2340073, -6.813246 ] ] ] } },
{ "type": "Feature", "properties": { "index": "111", "@osmId": "way/361417208", "name": null, "opening_hours": null, "label": "Places of worship", "color": "#8856a7" }, "geometry": { "type": "Polygon", "coordinates": [ [ [ 39.2340303, -6.8131948 ], [ 39.2338934, -6.8132205 ], [ 39.2338955, -6.8132285 ], [ 39.2338299, -6.8132461 ], [ 39.2338444, -6.8132945 ], [ 39.2338606, -6.813288 ], [ 39.2338552, -6.8132616 ], [ 39.2340073, -6.813246 ], [ 39.2340061, -6.8132343 ], [ 39.2340356, -6.8132283 ], [ 39.2340303, -6.8131948 ] ] ] } },
{ "type": "Feature", "properties": { "index": "112", "@osmId": "way/361576918", "name": null, "opening_hours": null, "label": "Places of worship", "color": "#8856a7" }, "geometry": { "type": "Polygon", "coordinates": [ [ [ 39.2330467, -6.8129957 ], [ 39.2330629, -6.8129278 ], [ 39.2329935, -6.8129114 ], [ 39.2329773, -6.8129793 ], [ 39.2330467, -6.8129957 ] ] ] } },
{ "type": "Feature", "properties": { "index": "113", "@osmId": "way/361692019", "name": null, "opening_hours": null, "label": "Places of worship", "color": "#8856a7" }, "geometry": { "type": "Polygon", "coordinates": [ [ [ 39.2386584, -6.8163607 ], [ 39.2385494, -6.8163397 ], [ 39.2385293, -6.816443 ], [ 39.2386383, -6.8164639 ], [ 39.2386584, -6.8163607 ] ] ] } },
{ "type": "Feature", "properties": { "index": "114", "@osmId": "way/361860587", "name": null, "opening_hours": null, "label": "Places of worship", "color": "#8856a7" }, "geometry": { "type": "Polygon", "coordinates": [ [ [ 39.2392726, -6.8158162 ], [ 39.2392521, -6.8158556 ], [ 39.2393073, -6.8158903 ], [ 39.2393058, -6.8158938 ], [ 39.2393608, -6.8159223 ], [ 39.2393606, -6.815816 ], [ 39.2392858, -6.815784 ], [ 39.2392688, -6.8158143 ], [ 39.2392726, -6.8158162 ] ] ] } },
{ "type": "Feature", "properties": { "index": "115", "@osmId": "way/361887828", "name": null, "opening_hours": null, "label": "Places of worship", "color": "#8856a7" }, "geometry": { "type": "Polygon", "coordinates": [ [ [ 39.224286, -6.8121136 ], [ 39.2241712, -6.8120522 ], [ 39.2241567, -6.8120791 ], [ 39.2241491, -6.812075 ], [ 39.2240331, -6.8122889 ], [ 39.2241554, -6.8123544 ], [ 39.224286, -6.8121136 ] ] ] } },
{ "type": "Feature", "properties": { "index": "116", "@osmId": "way/361887861", "name": null, "opening_hours": null, "label": "Places of worship", "color": "#8856a7" }, "geometry": { "type": "Polygon", "coordinates": [ [ [ 39.224107, -6.8120689 ], [ 39.2241578, -6.8119849 ], [ 39.2240975, -6.8119488 ], [ 39.2241148, -6.8119201 ], [ 39.2240938, -6.8119076 ], [ 39.2240767, -6.8119359 ], [ 39.2240863, -6.8119416 ], [ 39.2240352, -6.812026 ], [ 39.224107, -6.8120689 ] ] ] } },
{ "type": "Feature", "properties": { "index": "117", "@osmId": "way/362566414", "name": "Morovian", "opening_hours": null, "label": "Places of worship", "color": "#8856a7" }, "geometry": { "type": "Polygon", "coordinates": [ [ [ 39.239821, -6.811999 ], [ 39.2394968, -6.8120964 ], [ 39.2395399, -6.812238 ], [ 39.2398642, -6.8121406 ], [ 39.239821, -6.811999 ] ] ] } },
{ "type": "Feature", "properties": { "index": "118", "@osmId": "way/362571010", "name": null, "opening_hours": null, "label": "Places of worship", "color": "#8856a7" }, "geometry": { "type": "Polygon", "coordinates": [ [ [ 39.231023, -6.8119539 ], [ 39.2309419, -6.8119671 ], [ 39.2309484, -6.8120158 ], [ 39.2309541, -6.8120582 ], [ 39.2310377, -6.8120427 ], [ 39.2310361, -6.812033 ], [ 39.2310323, -6.8120103 ], [ 39.2310303, -6.811998 ], [ 39.231023, -6.8119539 ] ] ] } },
{ "type": "Feature", "properties": { "index": "119", "@osmId": "way/362571012", "name": null, "opening_hours": null, "label": "Places of worship", "color": "#8856a7" }, "geometry": { "type": "Polygon", "coordinates": [ [ [ 39.2310386, -6.8120452 ], [ 39.2309778, -6.8120573 ], [ 39.2309857, -6.812096 ], [ 39.2309886, -6.8121105 ], [ 39.2310492, -6.8120929 ], [ 39.2310474, -6.8120838 ], [ 39.2310668, -6.8120799 ], [ 39.2310651, -6.8120717 ], [ 39.231076, -6.8120695 ], [ 39.2310842, -6.8120679 ], [ 39.2310788, -6.8120411 ], [ 39.2310707, -6.8120427 ], [ 39.231049, -6.812047 ], [ 39.2310503, -6.8120536 ], [ 39.2310407, -6.8120555 ], [ 39.2310386, -6.8120452 ] ] ] } },
{ "type": "Feature", "properties": { "index": "120", "@osmId": "way/362922001", "name": null, "opening_hours": null, "label": "Places of worship", "color": "#8856a7" }, "geometry": { "type": "Polygon", "coordinates": [ [ [ 39.2260214, -6.8142033 ], [ 39.2259001, -6.8142052 ], [ 39.225902, -6.8143236 ], [ 39.2260233, -6.8143217 ], [ 39.2260214, -6.8142033 ] ] ] } },
{ "type": "Feature", "properties": { "index": "121", "@osmId": "way/363127391", "name": null, "opening_hours": null, "label": "Places of worship", "color": "#8856a7" }, "geometry": { "type": "Polygon", "coordinates": [ [ [ 39.2297687, -6.8182501 ], [ 39.2296831, -6.8182172 ], [ 39.2296341, -6.8183429 ], [ 39.2297197, -6.8183758 ], [ 39.2297687, -6.8182501 ] ] ] } },
{ "type": "Feature", "properties": { "index": "122", "@osmId": "way/363132156", "name": null, "opening_hours": null, "label": "Places of worship", "color": "#8856a7" }, "geometry": { "type": "Polygon", "coordinates": [ [ [ 39.2276, -6.8154345 ], [ 39.2274386, -6.8153304 ], [ 39.2273613, -6.8154485 ], [ 39.2275227, -6.8155527 ], [ 39.2276, -6.8154345 ] ] ] } },
{ "type": "Feature", "properties": { "index": "123", "@osmId": "way/363132168", "name": null, "opening_hours": null, "label": "Places of worship", "color": "#8856a7" }, "geometry": { "type": "Polygon", "coordinates": [ [ [ 39.2276065, -6.8155957 ], [ 39.2275219, -6.8155597 ], [ 39.2275026, -6.8156043 ], [ 39.2275873, -6.8156403 ], [ 39.2276065, -6.8155957 ] ] ] } },
{ "type": "Feature", "properties": { "index": "124", "@osmId": "way/363132171", "name": null, "opening_hours": null, "label": "Places of worship", "color": "#8856a7" }, "geometry": { "type": "Polygon", "coordinates": [ [ [ 39.2276792, -6.8156386 ], [ 39.2276141, -6.8156107 ], [ 39.2275988, -6.8156459 ], [ 39.227664, -6.8156737 ], [ 39.2276792, -6.8156386 ] ] ] } },
{ "type": "Feature", "properties": { "index": "125", "@osmId": "way/363132182", "name": null, "opening_hours": null, "label": "Places of worship", "color": "#8856a7" }, "geometry": { "type": "Polygon", "coordinates": [ [ [ 39.227789, -6.8154507 ], [ 39.2276931, -6.8154134 ], [ 39.2276477, -6.8155283 ], [ 39.2276714, -6.8155375 ], [ 39.2276595, -6.8155677 ], [ 39.2276951, -6.8155815 ], [ 39.2277077, -6.8155498 ], [ 39.2277443, -6.8155641 ], [ 39.227789, -6.8154507 ] ] ] } },
{ "type": "Feature", "properties": { "index": "126", "@osmId": "way/366788628", "name": "Masjid Rrahman", "opening_hours": null, "label": "Places of worship", "color": "#8856a7" }, "geometry": { "type": "Polygon", "coordinates": [ [ [ 39.2406127, -6.8314467 ], [ 39.2404737, -6.831441 ], [ 39.2404697, -6.8315364 ], [ 39.2404742, -6.8315365 ], [ 39.2404718, -6.8315943 ], [ 39.2405662, -6.8315981 ], [ 39.2405677, -6.8315625 ], [ 39.2406063, -6.8315641 ], [ 39.2406077, -6.8315313 ], [ 39.2406093, -6.8315313 ], [ 39.2406127, -6.8314467 ] ] ] } },
{ "type": "Feature", "properties": { "index": "127", "@osmId": "way/375049998", "name": "Tanzania Assemblies of God", "opening_hours": null, "label": "Places of worship", "color": "#8856a7" }, "geometry": { "type": "Polygon", "coordinates": [ [ [ 39.228884, -6.8296942 ], [ 39.2289367, -6.8299747 ], [ 39.2289953, -6.829985 ], [ 39.2291082, -6.8299651 ], [ 39.2291449, -6.8299384 ], [ 39.2290913, -6.8296587 ], [ 39.2290304, -6.8296388 ], [ 39.2289383, -6.8296527 ], [ 39.228884, -6.8296942 ] ] ] } },
{ "type": "Feature", "properties": { "index": "128", "@osmId": "way/375061713", "name": "Tanzania Pentecoste Church", "opening_hours": null, "label": "Places of worship", "color": "#8856a7" }, "geometry": { "type": "Polygon", "coordinates": [ [ [ 39.2225062, -6.8212221 ], [ 39.2224224, -6.8211647 ], [ 39.2222488, -6.821382 ], [ 39.2222715, -6.821414 ], [ 39.222296, -6.8214465 ], [ 39.2223233, -6.8214637 ], [ 39.2223841, -6.8214967 ], [ 39.2225714, -6.8212777 ], [ 39.2225062, -6.8212221 ] ] ] } },
{ "type": "Feature", "properties": { "index": "129", "@osmId": "way/375365697", "name": "Mountain's Mover's Christian Centre", "opening_hours": null, "label": "Places of worship", "color": "#8856a7" }, "geometry": { "type": "Polygon", "coordinates": [ [ [ 39.2233804, -6.8308155 ], [ 39.2232538, -6.8308062 ], [ 39.2232412, -6.8309753 ], [ 39.2233679, -6.8309845 ], [ 39.2233804, -6.8308155 ] ] ] } },
{ "type": "Feature", "properties": { "index": "130", "@osmId": "way/387397174", "name": "Tabata Mosque", "opening_hours": null, "label": "Places of worship", "color": "#8856a7" }, "geometry": { "type": "Polygon", "coordinates": [ [ [ 39.2222293, -6.8168638 ], [ 39.2221487, -6.8168651 ], [ 39.2221505, -6.8169727 ], [ 39.2221386, -6.8169729 ], [ 39.2221397, -6.8170398 ], [ 39.2221675, -6.8170393 ], [ 39.2221667, -6.8169892 ], [ 39.2222779, -6.8169874 ], [ 39.2222762, -6.8168865 ], [ 39.2222297, -6.8168872 ], [ 39.2222293, -6.8168638 ] ] ] } },
{ "type": "Feature", "properties": { "index": "131", "@osmId": "way/334999323", "name": "Madrasatu Istiqaamatul Mu-Umin", "opening_hours": null, "label": "Places of worship", "color": "#8856a7" }, "geometry": { "type": "Polygon", "coordinates": [ [ [ 39.2491341, -6.8022495 ], [ 39.249076, -6.8024174 ], [ 39.249089, -6.8024218 ], [ 39.2490683, -6.8024818 ], [ 39.2491664, -6.8025153 ], [ 39.2491591, -6.8025364 ], [ 39.2491894, -6.8025468 ], [ 39.2491978, -6.8025225 ], [ 39.2491947, -6.8025215 ], [ 39.2492454, -6.8023749 ], [ 39.2492169, -6.8023651 ], [ 39.2492126, -6.8023774 ], [ 39.2491802, -6.8023664 ], [ 39.2491709, -6.802393 ], [ 39.2491508, -6.8023862 ], [ 39.2491628, -6.8023514 ], [ 39.2491724, -6.8023547 ], [ 39.2491936, -6.8022936 ], [ 39.2491405, -6.8022754 ], [ 39.2491478, -6.8022542 ], [ 39.2491341, -6.8022495 ] ] ] } },
{ "type": "Feature", "properties": { "index": "132", "@osmId": "way/335887135", "name": null, "opening_hours": null, "label": "Places of worship", "color": "#8856a7" }, "geometry": { "type": "Polygon", "coordinates": [ [ [ 39.2469959, -6.7998879 ], [ 39.2469744, -6.7999056 ], [ 39.2470192, -6.7999594 ], [ 39.2470403, -6.799942 ], [ 39.2470551, -6.7999597 ], [ 39.2471333, -6.7998954 ], [ 39.2470636, -6.7998117 ], [ 39.2469858, -6.7998757 ], [ 39.2469959, -6.7998879 ] ] ] } },
{ "type": "Feature", "properties": { "index": "133", "@osmId": "way/335889240", "name": "Al Madrasat-Hidaya muslim", "opening_hours": null, "label": "Places of worship", "color": "#8856a7" }, "geometry": { "type": "Polygon", "coordinates": [ [ [ 39.2478916, -6.800226 ], [ 39.2478098, -6.800295 ], [ 39.2478139, -6.8002999 ], [ 39.2478024, -6.8003096 ], [ 39.247859, -6.8003758 ], [ 39.2479524, -6.8002971 ], [ 39.2478916, -6.800226 ] ] ] } },
{ "type": "Feature", "properties": { "index": "134", "@osmId": "way/336051439", "name": "God's Power Church", "opening_hours": null, "label": "Places of worship", "color": "#8856a7" }, "geometry": { "type": "Polygon", "coordinates": [ [ [ 39.2486884, -6.7978717 ], [ 39.248648, -6.7979153 ], [ 39.2486979, -6.7979608 ], [ 39.2487003, -6.7979582 ], [ 39.2487083, -6.7979655 ], [ 39.2487489, -6.7979251 ], [ 39.2486884, -6.7978717 ] ] ] } },
{ "type": "Feature", "properties": { "index": "135", "@osmId": "way/337771463", "name": "Jumba La Ufalme La Mashahidi Wa Yehova", "opening_hours": null, "label": "Places of worship", "color": "#8856a7" }, "geometry": { "type": "Polygon", "coordinates": [ [ [ 39.25175, -6.8026219 ], [ 39.2517134, -6.8026213 ], [ 39.2517115, -6.8027341 ], [ 39.2517623, -6.802735 ], [ 39.251762, -6.8027471 ], [ 39.2518076, -6.8027479 ], [ 39.2518084, -6.802699 ], [ 39.2518096, -6.8026324 ], [ 39.2518239, -6.8026326 ], [ 39.2518246, -6.8025919 ], [ 39.2517506, -6.8025906 ], [ 39.25175, -6.8026219 ] ] ] } },
{ "type": "Feature", "properties": { "index": "136", "@osmId": "way/338441962", "name": "Kanisa La Waadventista Wasabato SDA", "opening_hours": null, "label": "Places of worship", "color": "#8856a7" }, "geometry": { "type": "Polygon", "coordinates": [ [ [ 39.25044, -6.803735 ], [ 39.2503605, -6.8037398 ], [ 39.2501263, -6.8043327 ], [ 39.2506172, -6.8045107 ], [ 39.25072, -6.8042302 ], [ 39.2508565, -6.8042702 ], [ 39.2509009, -6.8041155 ], [ 39.25095, -6.8039547 ], [ 39.25044, -6.803735 ] ] ] } },
{ "type": "Feature", "properties": { "index": "137", "@osmId": "way/338444342", "name": "Anglican Church", "opening_hours": null, "label": "Places of worship", "color": "#8856a7" }, "geometry": { "type": "Polygon", "coordinates": [ [ [ 39.2524375, -6.8047454 ], [ 39.2523343, -6.8047089 ], [ 39.2522103, -6.8046651 ], [ 39.2521815, -6.8047455 ], [ 39.2521582, -6.8047373 ], [ 39.2521153, -6.8048572 ], [ 39.2522046, -6.8048887 ], [ 39.2522082, -6.8048787 ], [ 39.2522719, -6.8049012 ], [ 39.2522636, -6.804924 ], [ 39.2523582, -6.8049574 ], [ 39.2523671, -6.8049323 ], [ 39.2524049, -6.8049341 ], [ 39.2524167, -6.8049263 ], [ 39.2524284, -6.8049167 ], [ 39.2524388, -6.804902 ], [ 39.2524478, -6.8048787 ], [ 39.2524552, -6.8048561 ], [ 39.2524532, -6.8048281 ], [ 39.2524402, -6.8048039 ], [ 39.2524205, -6.8047928 ], [ 39.2524375, -6.8047454 ] ] ] } },
{ "type": "Feature", "properties": { "index": "138", "@osmId": "way/342934902", "name": "Masjid Taqwa", "opening_hours": null, "label": "Places of worship", "color": "#8856a7" }, "geometry": { "type": "Polygon", "coordinates": [ [ [ 39.2456112, -6.7959066 ], [ 39.2455402, -6.7959018 ], [ 39.2455295, -6.7960585 ], [ 39.2455994, -6.7960632 ], [ 39.2455981, -6.7960832 ], [ 39.245695, -6.7960898 ], [ 39.2456965, -6.7960678 ], [ 39.2457316, -6.7960702 ], [ 39.245743, -6.7959035 ], [ 39.2456952, -6.7959003 ], [ 39.2456952, -6.7959006 ], [ 39.245612, -6.795895 ], [ 39.2456112, -6.7959066 ] ] ] } },
{ "type": "Feature", "properties": { "index": "139", "@osmId": "way/360675257", "name": "Tanzania Bible School", "opening_hours": null, "label": "Places of worship", "color": "#8856a7" }, "geometry": { "type": "Polygon", "coordinates": [ [ [ 39.2501004, -6.8055263 ], [ 39.2502859, -6.8050146 ], [ 39.2498862, -6.8048597 ], [ 39.249733, -6.805298 ], [ 39.2501004, -6.8055263 ] ] ] } },
{ "type": "Feature", "properties": { "index": "140", "@osmId": "way/360845666", "name": null, "opening_hours": null, "label": "Places of worship", "color": "#8856a7" }, "geometry": { "type": "Polygon", "coordinates": [ [ [ 39.2439758, -6.8070422 ], [ 39.2439148, -6.807134 ], [ 39.2439447, -6.8071535 ], [ 39.2440057, -6.8070618 ], [ 39.2439758, -6.8070422 ] ] ] } },
{ "type": "Feature", "properties": { "index": "141", "@osmId": "way/361888287", "name": null, "opening_hours": null, "label": "Places of worship", "color": "#8856a7" }, "geometry": { "type": "Polygon", "coordinates": [ [ [ 39.2525808, -6.7909511 ], [ 39.2524953, -6.7909526 ], [ 39.2524966, -6.7910269 ], [ 39.252484, -6.7910271 ], [ 39.2524853, -6.7911022 ], [ 39.2525875, -6.7911004 ], [ 39.2525874, -6.7910934 ], [ 39.2526582, -6.7910922 ], [ 39.2526573, -6.7910439 ], [ 39.2526883, -6.7910434 ], [ 39.2526866, -6.7909445 ], [ 39.2525856, -6.7909462 ], [ 39.2525873, -6.7910435 ], [ 39.2525824, -6.7910435 ], [ 39.2525808, -6.7909511 ] ] ] } },
{ "type": "Feature", "properties": { "index": "142", "@osmId": "way/363092619", "name": null, "opening_hours": null, "label": "Places of worship", "color": "#8856a7" }, "geometry": { "type": "Polygon", "coordinates": [ [ [ 39.2474677, -6.8068508 ], [ 39.2473729, -6.8068665 ], [ 39.2473985, -6.8069854 ], [ 39.2474895, -6.8069617 ], [ 39.2474677, -6.8068508 ] ] ] } },
{ "type": "Feature", "properties": { "index": "143", "@osmId": "way/364522545", "name": null, "opening_hours": null, "label": "Places of worship", "color": "#8856a7" }, "geometry": { "type": "Polygon", "coordinates": [ [ [ 39.2582367, -6.7906262 ], [ 39.258244, -6.7905646 ], [ 39.2580619, -6.7905433 ], [ 39.2580546, -6.7906049 ], [ 39.2582367, -6.7906262 ] ] ] } },
{ "type": "Feature", "properties": { "index": "144", "@osmId": "way/364522548", "name": null, "opening_hours": null, "label": "Places of worship", "color": "#8856a7" }, "geometry": { "type": "Polygon", "coordinates": [ [ [ 39.2579298, -6.7903459 ], [ 39.2578504, -6.7902892 ], [ 39.2577621, -6.7904109 ], [ 39.2578415, -6.7904676 ], [ 39.2579298, -6.7903459 ] ] ] } },
{ "type": "Feature", "properties": { "index": "145", "@osmId": "way/364522550", "name": null, "opening_hours": null, "label": "Places of worship", "color": "#8856a7" }, "geometry": { "type": "Polygon", "coordinates": [ [ [ 39.2580759, -6.7904779 ], [ 39.2579528, -6.7903954 ], [ 39.2578714, -6.7905151 ], [ 39.2579942, -6.7905973 ], [ 39.2580357, -6.7905362 ], [ 39.2580464, -6.7905433 ], [ 39.2580674, -6.7905125 ], [ 39.2580571, -6.7905056 ], [ 39.2580759, -6.7904779 ] ] ] } },
{ "type": "Feature", "properties": { "index": "146", "@osmId": "way/364522574", "name": null, "opening_hours": null, "label": "Places of worship", "color": "#8856a7" }, "geometry": { "type": "Polygon", "coordinates": [ [ [ 39.2582518, -6.7905512 ], [ 39.2582701, -6.7905245 ], [ 39.2582021, -6.7904786 ], [ 39.2581838, -6.7905052 ], [ 39.2582518, -6.7905512 ] ] ] } },
{ "type": "Feature", "properties": { "index": "147", "@osmId": "way/364522579", "name": null, "opening_hours": null, "label": "Places of worship", "color": "#8856a7" }, "geometry": { "type": "Polygon", "coordinates": [ [ [ 39.2581314, -6.7904856 ], [ 39.2581622, -6.7904428 ], [ 39.2580575, -6.7903685 ], [ 39.2580268, -6.7904112 ], [ 39.2581314, -6.7904856 ] ] ] } },
{ "type": "Feature", "properties": { "index": "148", "@osmId": "way/366452111", "name": "King Christ Anglican Church", "opening_hours": null, "label": "Places of worship", "color": "#8856a7" }, "geometry": { "type": "Polygon", "coordinates": [ [ [ 39.2579338, -6.7927182 ], [ 39.2579055, -6.7927434 ], [ 39.2579233, -6.7927802 ], [ 39.2580102, -6.7929172 ], [ 39.2581968, -6.7931992 ], [ 39.2582133, -6.7932328 ], [ 39.2583776, -6.793509 ], [ 39.2584352, -6.7936124 ], [ 39.2584658, -6.793648 ], [ 39.258593, -6.7936043 ], [ 39.2587246, -6.79306 ], [ 39.2579338, -6.7927182 ] ] ] } },
{ "type": "Feature", "properties": { "index": "149", "@osmId": "way/367580431", "name": "Evangelistic Assemblies of God of Tanzania (EAGT)", "opening_hours": null, "label": "Places of worship", "color": "#8856a7" }, "geometry": { "type": "Polygon", "coordinates": [ [ [ 39.2602256, -6.7900521 ], [ 39.2602432, -6.7898724 ], [ 39.2599921, -6.789847 ], [ 39.2599755, -6.7900265 ], [ 39.2602256, -6.7900521 ] ] ] } },
{ "type": "Feature", "properties": { "index": "150", "@osmId": "way/461092513", "name": "Presbyterian Church of East Africa", "opening_hours": null, "label": "Places of worship", "color": "#8856a7" }, "geometry": { "type": "Polygon", "coordinates": [ [ [ 39.2575514, -6.7905732 ], [ 39.2585546, -6.790701 ], [ 39.257833, -6.7902056 ], [ 39.2575514, -6.7905732 ] ] ] } },
{ "type": "Feature", "properties": { "index": "151", "@osmId": "way/341175680", "name": null, "opening_hours": null, "label": "Places of worship", "color": "#8856a7" }, "geometry": { "type": "Polygon", "coordinates": [ [ [ 39.2381235, -6.794669 ], [ 39.2381451, -6.7947134 ], [ 39.2381749, -6.794699 ], [ 39.2381532, -6.7946547 ], [ 39.2381235, -6.794669 ] ] ] } },
{ "type": "Feature", "properties": { "index": "152", "@osmId": "way/341421893", "name": "Mu-Umina", "opening_hours": null, "label": "Places of worship", "color": "#8856a7" }, "geometry": { "type": "Polygon", "coordinates": [ [ [ 39.2383177, -6.795472 ], [ 39.2383191, -6.7954255 ], [ 39.2382983, -6.7954249 ], [ 39.2382988, -6.7954102 ], [ 39.2382049, -6.7954073 ], [ 39.2382028, -6.795474 ], [ 39.2382955, -6.7954768 ], [ 39.2382957, -6.7954714 ], [ 39.2383177, -6.795472 ] ] ] } },
{ "type": "Feature", "properties": { "index": "153", "@osmId": "way/342931702", "name": "Uwanja wa Sifa Church", "opening_hours": null, "label": "Places of worship", "color": "#8856a7" }, "geometry": { "type": "Polygon", "coordinates": [ [ [ 39.2361823, -6.7950714 ], [ 39.2361886, -6.7949965 ], [ 39.2359716, -6.7949785 ], [ 39.2359653, -6.7950534 ], [ 39.2361823, -6.7950714 ] ] ] } },
{ "type": "Feature", "properties": { "index": "154", "@osmId": "way/343177199", "name": null, "opening_hours": null, "label": "Places of worship", "color": "#8856a7" }, "geometry": { "type": "Polygon", "coordinates": [ [ [ 39.2373757, -6.7911083 ], [ 39.237375, -6.7910721 ], [ 39.2373147, -6.7910711 ], [ 39.2373158, -6.791127 ], [ 39.2373092, -6.7911271 ], [ 39.2373115, -6.7912515 ], [ 39.2374086, -6.7912501 ], [ 39.2374078, -6.7911087 ], [ 39.2373757, -6.7911083 ] ] ] } },
{ "type": "Feature", "properties": { "index": "155", "@osmId": "way/343197674", "name": "E.A.G.T Church", "opening_hours": null, "label": "Places of worship", "color": "#8856a7" }, "geometry": { "type": "Polygon", "coordinates": [ [ [ 39.2394155, -6.7959943 ], [ 39.2393417, -6.7960061 ], [ 39.2393648, -6.7961484 ], [ 39.2394386, -6.7961366 ], [ 39.2394155, -6.7959943 ] ] ] } },
{ "type": "Feature", "properties": { "index": "156", "@osmId": "way/346467459", "name": null, "opening_hours": null, "label": "Places of worship", "color": "#8856a7" }, "geometry": { "type": "Polygon", "coordinates": [ [ [ 39.2392219, -6.7918249 ], [ 39.2391418, -6.7918196 ], [ 39.2391357, -6.7919091 ], [ 39.2392159, -6.7919145 ], [ 39.2392219, -6.7918249 ] ] ] } },
{ "type": "Feature", "properties": { "index": "157", "@osmId": "way/360763328", "name": null, "opening_hours": null, "label": "Places of worship", "color": "#8856a7" }, "geometry": { "type": "Polygon", "coordinates": [ [ [ 39.2266626, -6.8002953 ], [ 39.226639, -6.8003104 ], [ 39.2266572, -6.8003383 ], [ 39.2266808, -6.8003232 ], [ 39.2266626, -6.8002953 ] ] ] } },
{ "type": "Feature", "properties": { "index": "158", "@osmId": "way/360814939", "name": null, "opening_hours": null, "label": "Places of worship", "color": "#8856a7" }, "geometry": { "type": "Polygon", "coordinates": [ [ [ 39.2221878, -6.8068964 ], [ 39.2221136, -6.8068974 ], [ 39.2221141, -6.8069278 ], [ 39.2221031, -6.8069279 ], [ 39.2221038, -6.8069767 ], [ 39.2220979, -6.8069767 ], [ 39.2220987, -6.8070294 ], [ 39.2221034, -6.8070294 ], [ 39.2221038, -6.8070579 ], [ 39.2221903, -6.8070566 ], [ 39.2221878, -6.8068964 ] ] ] } },
{ "type": "Feature", "properties": { "index": "159", "@osmId": "way/360814945", "name": "nursery school", "opening_hours": null, "label": "Places of worship", "color": "#8856a7" }, "geometry": { "type": "Polygon", "coordinates": [ [ [ 39.2226923, -6.8065332 ], [ 39.2225421, -6.8065636 ], [ 39.222559, -6.8066462 ], [ 39.2227093, -6.8066157 ], [ 39.2226923, -6.8065332 ] ] ] } },
{ "type": "Feature", "properties": { "index": "160", "@osmId": "way/360814946", "name": "office", "opening_hours": null, "label": "Places of worship", "color": "#8856a7" }, "geometry": { "type": "Polygon", "coordinates": [ [ [ 39.2223029, -6.8066033 ], [ 39.2222124, -6.8066161 ], [ 39.222193, -6.8066579 ], [ 39.2222577, -6.8066478 ], [ 39.2222596, -6.8066593 ], [ 39.2223102, -6.8066533 ], [ 39.2223029, -6.8066033 ] ] ] } },
{ "type": "Feature", "properties": { "index": "161", "@osmId": "way/360814948", "name": "shops frame", "opening_hours": null, "label": "Places of worship", "color": "#8856a7" }, "geometry": { "type": "Polygon", "coordinates": [ [ [ 39.2227935, -6.8067463 ], [ 39.2227576, -6.8067292 ], [ 39.2226436, -6.8069654 ], [ 39.2226795, -6.8069825 ], [ 39.2227935, -6.8067463 ] ] ] } },
{ "type": "Feature", "properties": { "index": "162", "@osmId": "way/360814949", "name": "shops frame", "opening_hours": null, "label": "Places of worship", "color": "#8856a7" }, "geometry": { "type": "Polygon", "coordinates": [ [ [ 39.2226797, -6.8069854 ], [ 39.2226434, -6.8069678 ], [ 39.2225468, -6.8071645 ], [ 39.2225832, -6.8071821 ], [ 39.2226797, -6.8069854 ] ] ] } },
{ "type": "Feature", "properties": { "index": "163", "@osmId": "way/360814950", "name": "shops frame", "opening_hours": null, "label": "Places of worship", "color": "#8856a7" }, "geometry": { "type": "Polygon", "coordinates": [ [ [ 39.2228625, -6.8065764 ], [ 39.2228318, -6.8065725 ], [ 39.2227652, -6.8067202 ], [ 39.2227982, -6.8067366 ], [ 39.2228596, -6.8066108 ], [ 39.2228625, -6.8065764 ] ] ] } },
{ "type": "Feature", "properties": { "index": "164", "@osmId": "way/361384309", "name": null, "opening_hours": null, "label": "Places of worship", "color": "#8856a7" }, "geometry": { "type": "Polygon", "coordinates": [ [ [ 39.2262393, -6.8099226 ], [ 39.2262264, -6.8099526 ], [ 39.2262543, -6.8099644 ], [ 39.2262671, -6.8099344 ], [ 39.2262393, -6.8099226 ] ] ] } },
{ "type": "Feature", "properties": { "index": "165", "@osmId": "way/361384310", "name": null, "opening_hours": null, "label": "Places of worship", "color": "#8856a7" }, "geometry": { "type": "Polygon", "coordinates": [ [ [ 39.2262437, -6.8099067 ], [ 39.2261883, -6.8098751 ], [ 39.2261464, -6.8099477 ], [ 39.2261792, -6.8099664 ], [ 39.2262025, -6.809926 ], [ 39.2262252, -6.8099388 ], [ 39.2262437, -6.8099067 ] ] ] } },
{ "type": "Feature", "properties": { "index": "166", "@osmId": "way/361384311", "name": null, "opening_hours": null, "label": "Places of worship", "color": "#8856a7" }, "geometry": { "type": "Polygon", "coordinates": [ [ [ 39.2262117, -6.8098444 ], [ 39.22617, -6.809816 ], [ 39.2261512, -6.8098432 ], [ 39.2262946, -6.8099409 ], [ 39.2263253, -6.8098965 ], [ 39.2262236, -6.8098272 ], [ 39.2262117, -6.8098444 ] ] ] } },
{ "type": "Feature", "properties": { "index": "167", "@osmId": "way/361384313", "name": null, "opening_hours": null, "label": "Places of worship", "color": "#8856a7" }, "geometry": { "type": "Polygon", "coordinates": [ [ [ 39.2263207, -6.8097438 ], [ 39.226257, -6.8096957 ], [ 39.2261694, -6.8098101 ], [ 39.2262078, -6.8098391 ], [ 39.2262691, -6.809759 ], [ 39.2262944, -6.8097781 ], [ 39.2263207, -6.8097438 ] ] ] } },
{ "type": "Feature", "properties": { "index": "168", "@osmId": "way/361385375", "name": "El Hudaa", "opening_hours": null, "label": "Places of worship", "color": "#8856a7" }, "geometry": { "type": "Polygon", "coordinates": [ [ [ 39.2389726, -6.8065423 ], [ 39.2388486, -6.8065605 ], [ 39.2388501, -6.8065703 ], [ 39.238867, -6.8066888 ], [ 39.2388797, -6.8067707 ], [ 39.2389568, -6.8067625 ], [ 39.2389534, -6.8066879 ], [ 39.2390252, -6.8066848 ], [ 39.2389726, -6.8065423 ] ] ] } },
{ "type": "Feature", "properties": { "index": "169", "@osmId": "way/361539241", "name": null, "opening_hours": null, "label": "Places of worship", "color": "#8856a7" }, "geometry": { "type": "Polygon", "coordinates": [ [ [ 39.2253042, -6.8068525 ], [ 39.2252801, -6.8068502 ], [ 39.2252767, -6.8068856 ], [ 39.2253298, -6.8068906 ], [ 39.2253333, -6.8068538 ], [ 39.2253044, -6.806851 ], [ 39.2253042, -6.8068525 ] ] ] } },
{ "type": "Feature", "properties": { "index": "170", "@osmId": "way/362027552", "name": null, "opening_hours": null, "label": "Places of worship", "color": "#8856a7" }, "geometry": { "type": "Polygon", "coordinates": [ [ [ 39.2425061, -6.8093268 ], [ 39.242454, -6.8093292 ], [ 39.2424567, -6.8093862 ], [ 39.2424639, -6.8093859 ], [ 39.2424642, -6.809393 ], [ 39.2424787, -6.8093923 ], [ 39.24248, -6.8094216 ], [ 39.2425006, -6.8094207 ], [ 39.2425025, -6.8094598 ], [ 39.2425031, -6.8094731 ], [ 39.2425661, -6.8094702 ], [ 39.2425592, -6.809324 ], [ 39.2425504, -6.8093244 ], [ 39.2425499, -6.8093124 ], [ 39.2425055, -6.8093145 ], [ 39.2425061, -6.8093268 ] ] ] } },
{ "type": "Feature", "properties": { "index": "171", "@osmId": "way/362557305", "name": null, "opening_hours": null, "label": "Places of worship", "color": "#8856a7" }, "geometry": { "type": "Polygon", "coordinates": [ [ [ 39.2413324, -6.8111229 ], [ 39.2411304, -6.811112 ], [ 39.2411165, -6.811366 ], [ 39.2412689, -6.8113742 ], [ 39.2412712, -6.8113311 ], [ 39.2412859, -6.8113319 ], [ 39.241294, -6.8111828 ], [ 39.241329, -6.8111846 ], [ 39.2413324, -6.8111229 ] ] ] } },
{ "type": "Feature", "properties": { "index": "172", "@osmId": "way/362592393", "name": null, "opening_hours": null, "label": "Places of worship", "color": "#8856a7" }, "geometry": { "type": "Polygon", "coordinates": [ [ [ 39.2417422, -6.8110435 ], [ 39.2414637, -6.8110237 ], [ 39.2414461, -6.8112737 ], [ 39.2417265, -6.8112962 ], [ 39.241761, -6.8112566 ], [ 39.241768, -6.8112218 ], [ 39.2417811, -6.8111683 ], [ 39.241774, -6.811089 ], [ 39.2417422, -6.8110435 ] ] ] } },
{ "type": "Feature", "properties": { "index": "173", "@osmId": "way/362825109", "name": null, "opening_hours": null, "label": "Places of worship", "color": "#8856a7" }, "geometry": { "type": "Polygon", "coordinates": [ [ [ 39.2379766, -6.8045122 ], [ 39.2378151, -6.8045259 ], [ 39.2378386, -6.8047987 ], [ 39.2380001, -6.804785 ], [ 39.2379766, -6.8045122 ] ] ] } },
{ "type": "Feature", "properties": { "index": "174", "@osmId": "way/362825116", "name": null, "opening_hours": null, "label": "Places of worship", "color": "#8856a7" }, "geometry": { "type": "Polygon", "coordinates": [ [ [ 39.2378673, -6.8048163 ], [ 39.2377925, -6.8048252 ], [ 39.2378046, -6.8049251 ], [ 39.2378488, -6.8049198 ], [ 39.2378537, -6.804961 ], [ 39.2378844, -6.8049573 ], [ 39.2378673, -6.8048163 ] ] ] } },
{ "type": "Feature", "properties": { "index": "175", "@osmId": "way/362825117", "name": null, "opening_hours": null, "label": "Places of worship", "color": "#8856a7" }, "geometry": { "type": "Polygon", "coordinates": [ [ [ 39.2377952, -6.8047804 ], [ 39.2376766, -6.8047914 ], [ 39.2376793, -6.8048207 ], [ 39.2376586, -6.8048226 ], [ 39.2376679, -6.8049219 ], [ 39.2377927, -6.8049103 ], [ 39.2377836, -6.8048136 ], [ 39.2377982, -6.8048122 ], [ 39.2377952, -6.8047804 ] ] ] } },
{ "type": "Feature", "properties": { "index": "176", "@osmId": "way/362825118", "name": null, "opening_hours": null, "label": "Places of worship", "color": "#8856a7" }, "geometry": { "type": "Polygon", "coordinates": [ [ [ 39.2378845, -6.8049422 ], [ 39.2380008, -6.8049397 ], [ 39.2379973, -6.8048314 ], [ 39.2379465, -6.804833 ], [ 39.2379472, -6.8048551 ], [ 39.2379594, -6.8048547 ], [ 39.2379595, -6.8048581 ], [ 39.2378832, -6.8048595 ], [ 39.2378845, -6.8049422 ] ] ] } },
{ "type": "Feature", "properties": { "index": "177", "@osmId": "way/363105572", "name": null, "opening_hours": null, "label": "Places of worship", "color": "#8856a7" }, "geometry": { "type": "Polygon", "coordinates": [ [ [ 39.2290698, -6.8076639 ], [ 39.2290094, -6.8077178 ], [ 39.229105, -6.8078235 ], [ 39.2291715, -6.8077641 ], [ 39.2291366, -6.8077256 ], [ 39.2291305, -6.807731 ], [ 39.2290698, -6.8076639 ] ] ] } },
{ "type": "Feature", "properties": { "index": "178", "@osmId": "way/363276242", "name": null, "opening_hours": null, "label": "Places of worship", "color": "#8856a7" }, "geometry": { "type": "Polygon", "coordinates": [ [ [ 39.2289247, -6.8068754 ], [ 39.2288982, -6.8069103 ], [ 39.2290299, -6.8070184 ], [ 39.2290587, -6.8069835 ], [ 39.2289247, -6.8068754 ] ] ] } },
{ "type": "Feature", "properties": { "index": "179", "@osmId": "way/363894856", "name": null, "opening_hours": null, "label": "Places of worship", "color": "#8856a7" }, "geometry": { "type": "Polygon", "coordinates": [ [ [ 39.2323294, -6.7946346 ], [ 39.2323315, -6.7946158 ], [ 39.2323173, -6.7946143 ], [ 39.2322991, -6.7947826 ], [ 39.232427, -6.7947962 ], [ 39.232429, -6.7947772 ], [ 39.2324324, -6.7947775 ], [ 39.2324441, -6.79467 ], [ 39.2324876, -6.7946747 ], [ 39.2324946, -6.79461 ], [ 39.2324394, -6.7946041 ], [ 39.2324392, -6.7946059 ], [ 39.2324299, -6.7946049 ], [ 39.2324256, -6.7946449 ], [ 39.2323294, -6.7946346 ] ] ] } },
{ "type": "Feature", "properties": { "index": "180", "@osmId": "way/363903954", "name": "Masjid Qudsiya", "opening_hours": null, "label": "Places of worship", "color": "#8856a7" }, "geometry": { "type": "Polygon", "coordinates": [ [ [ 39.2317933, -6.7972524 ], [ 39.2316806, -6.7972213 ], [ 39.231637, -6.7973766 ], [ 39.2317546, -6.797409 ], [ 39.231748, -6.7974325 ], [ 39.2317442, -6.797446 ], [ 39.2317747, -6.7974545 ], [ 39.231779, -6.7974389 ], [ 39.2317916, -6.7973943 ], [ 39.2317563, -6.7973845 ], [ 39.2317933, -6.7972524 ] ] ] } },
{ "type": "Feature", "properties": { "index": "181", "@osmId": "way/363910099", "name": "Tanzania Assembless of God Church", "opening_hours": null, "label": "Places of worship", "color": "#8856a7" }, "geometry": { "type": "Polygon", "coordinates": [ [ [ 39.23063, -6.7936635 ], [ 39.2304774, -6.7936533 ], [ 39.2304701, -6.7937607 ], [ 39.2306227, -6.7937708 ], [ 39.23063, -6.7936635 ] ] ] } },
{ "type": "Feature", "properties": { "index": "182", "@osmId": "way/364157255", "name": "Msikiti Wa Mpita", "opening_hours": null, "label": "Places of worship", "color": "#8856a7" }, "geometry": { "type": "Polygon", "coordinates": [ [ [ 39.2352155, -6.8014722 ], [ 39.235228, -6.8013563 ], [ 39.2351373, -6.8013466 ], [ 39.2351028, -6.801343 ], [ 39.2350886, -6.8014753 ], [ 39.2350783, -6.8014742 ], [ 39.2350732, -6.8015217 ], [ 39.2352086, -6.8015361 ], [ 39.2352117, -6.8015074 ], [ 39.2352135, -6.8014909 ], [ 39.2352155, -6.8014722 ] ] ] } },
{ "type": "Feature", "properties": { "index": "183", "@osmId": "way/364344815", "name": "Wapemba", "opening_hours": null, "label": "Places of worship", "color": "#8856a7" }, "geometry": { "type": "Polygon", "coordinates": [ [ [ 39.2346359, -6.8029247 ], [ 39.2343748, -6.8029143 ], [ 39.2343701, -6.8030315 ], [ 39.2344553, -6.8030349 ], [ 39.2344562, -6.803013 ], [ 39.2346121, -6.8030192 ], [ 39.234614, -6.8029714 ], [ 39.234634, -6.8029722 ], [ 39.2346359, -6.8029247 ] ] ] } },
{ "type": "Feature", "properties": { "index": "184", "@osmId": "way/371706387", "name": "Manzese Mosque", "opening_hours": null, "label": "Places of worship", "color": "#8856a7" }, "geometry": { "type": "Polygon", "coordinates": [ [ [ 39.2353251, -6.7966658 ], [ 39.2352324, -6.7966305 ], [ 39.2351856, -6.7967514 ], [ 39.2352783, -6.7967867 ], [ 39.2353251, -6.7966658 ] ] ] } },
{ "type": "Feature", "properties": { "index": "185", "@osmId": "way/372014734", "name": null, "opening_hours": null, "label": "Places of worship", "color": "#8856a7" }, "geometry": { "type": "Polygon", "coordinates": [ [ [ 39.2275467, -6.7960359 ], [ 39.2273072, -6.7958979 ], [ 39.2272674, -6.7959661 ], [ 39.2272436, -6.7959524 ], [ 39.2271636, -6.7960893 ], [ 39.2271891, -6.796104 ], [ 39.2271027, -6.7962519 ], [ 39.2271703, -6.7962909 ], [ 39.2271524, -6.7963214 ], [ 39.2272587, -6.7963827 ], [ 39.2272772, -6.7963509 ], [ 39.2273411, -6.7963877 ], [ 39.2275467, -6.7960359 ] ] ] } },
{ "type": "Feature", "properties": { "index": "186", "@osmId": "way/372679483", "name": null, "opening_hours": null, "label": "Places of worship", "color": "#8856a7" }, "geometry": { "type": "Polygon", "coordinates": [ [ [ 39.2297055, -6.8019534 ], [ 39.2295909, -6.8019346 ], [ 39.2295538, -6.8021579 ], [ 39.2296683, -6.8021767 ], [ 39.2297055, -6.8019534 ] ] ] } },
{ "type": "Feature", "properties": { "index": "187", "@osmId": "way/460740426", "name": null, "opening_hours": null, "label": "Places of worship", "color": "#8856a7" }, "geometry": { "type": "Polygon", "coordinates": [ [ [ 39.2411967, -6.8113907 ], [ 39.2411007, -6.8113831 ], [ 39.241096, -6.8114407 ], [ 39.241192, -6.8114484 ], [ 39.2411967, -6.8113907 ] ] ] } },
{ "type": "Feature", "properties": { "index": "188", "@osmId": "way/473272996", "name": null, "opening_hours": null, "label": "Places of worship", "color": "#8856a7" }, "geometry": { "type": "Polygon", "coordinates": [ [ [ 39.2270842, -6.7961551 ], [ 39.2270546, -6.7961967 ], [ 39.2270917, -6.7962228 ], [ 39.2271213, -6.7961812 ], [ 39.2270842, -6.7961551 ] ] ] } },
{ "type": "Feature", "properties": { "index": "189", "@osmId": "node/282843023", "name": "Ngazija Mosque [53]", "opening_hours": null, "label": "Places of worship", "color": "#8856a7" }, "geometry": { "type": "Point", "coordinates": [ 39.2861088, -6.8170587 ] } },
{ "type": "Feature", "properties": { "index": "190", "@osmId": "node/3602166747", "name": null, "opening_hours": null, "label": "Places of worship", "color": "#8856a7" }, "geometry": { "type": "Point", "coordinates": [ 39.2670772, -6.8232802 ] } },
{ "type": "Feature", "properties": { "index": "191", "@osmId": "node/3614826808", "name": "Mosque Madina", "opening_hours": null, "label": "Places of worship", "color": "#8856a7" }, "geometry": { "type": "Point", "coordinates": [ 39.2712384, -6.8215441 ] } },
{ "type": "Feature", "properties": { "index": "192", "@osmId": "node/3661507708", "name": "Nadrasat Madhwari Islamiya", "opening_hours": null, "label": "Places of worship", "color": "#8856a7" }, "geometry": { "type": "Point", "coordinates": [ 39.2747267, -6.8401471 ] } },
{ "type": "Feature", "properties": { "index": "193", "@osmId": "node/3706517734", "name": "Nabawia", "opening_hours": null, "label": "Places of worship", "color": "#8856a7" }, "geometry": { "type": "Point", "coordinates": [ 39.2437101, -6.8284872 ] } },
{ "type": "Feature", "properties": { "index": "194", "@osmId": "node/3714819459", "name": "Masdij Neemah Tulaah", "opening_hours": null, "label": "Places of worship", "color": "#8856a7" }, "geometry": { "type": "Point", "coordinates": [ 39.2513199, -6.8268889 ] } },
{ "type": "Feature", "properties": { "index": "195", "@osmId": "node/3714887728", "name": "Masjid Ghulam", "opening_hours": null, "label": "Places of worship", "color": "#8856a7" }, "geometry": { "type": "Point", "coordinates": [ 39.2514736, -6.8308294 ] } },
{ "type": "Feature", "properties": { "index": "196", "@osmId": "node/3714912238", "name": null, "opening_hours": null, "label": "Places of worship", "color": "#8856a7" }, "geometry": { "type": "Point", "coordinates": [ 39.2489858, -6.8341203 ] } },
{ "type": "Feature", "properties": { "index": "197", "@osmId": "node/3714980589", "name": null, "opening_hours": null, "label": "Places of worship", "color": "#8856a7" }, "geometry": { "type": "Point", "coordinates": [ 39.2476843, -6.8292931 ] } },
{ "type": "Feature", "properties": { "index": "198", "@osmId": "node/3714998963", "name": "KKKT Ilala", "opening_hours": null, "label": "Places of worship", "color": "#8856a7" }, "geometry": { "type": "Point", "coordinates": [ 39.2469998, -6.829636 ] } },
{ "type": "Feature", "properties": { "index": "199", "@osmId": "node/3727689127", "name": null, "opening_hours": null, "label": "Places of worship", "color": "#8856a7" }, "geometry": { "type": "Point", "coordinates": [ 39.2815366, -6.8150766 ] } },
{ "type": "Feature", "properties": { "index": "200", "@osmId": "node/3728100853", "name": null, "opening_hours": "Mo-Su 04:00-21:00", "label": "Places of worship", "color": "#8856a7" }, "geometry": { "type": "Point", "coordinates": [ 39.2719897, -6.8204237 ] } },
{ "type": "Feature", "properties": { "index": "201", "@osmId": "node/3730360599", "name": "Sunni Muslim Jamaat", "opening_hours": null, "label": "Places of worship", "color": "#8856a7" }, "geometry": { "type": "Point", "coordinates": [ 39.2831744, -6.8190919 ] } },
{ "type": "Feature", "properties": { "index": "202", "@osmId": "node/3733299343", "name": "Al-Raqeeb", "opening_hours": null, "label": "Places of worship", "color": "#8856a7" }, "geometry": { "type": "Point", "coordinates": [ 39.283612, -6.8192689 ] } },
{ "type": "Feature", "properties": { "index": "203", "@osmId": "node/3745340908", "name": "Kanisa La Pentekoste Tanzania", "opening_hours": null, "label": "Places of worship", "color": "#8856a7" }, "geometry": { "type": "Point", "coordinates": [ 39.2504894, -6.8184455 ] } },
{ "type": "Feature", "properties": { "index": "204", "@osmId": "node/3745389415", "name": "Tanzania Assembles Of God", "opening_hours": null, "label": "Places of worship", "color": "#8856a7" }, "geometry": { "type": "Point", "coordinates": [ 39.2519096, -6.8192439 ] } },
{ "type": "Feature", "properties": { "index": "205", "@osmId": "node/3754133578", "name": "Hema ya Ukombozi", "opening_hours": null, "label": "Places of worship", "color": "#8856a7" }, "geometry": { "type": "Point", "coordinates": [ 39.2558376, -6.8179539 ] } },
{ "type": "Feature", "properties": { "index": "206", "@osmId": "node/3755680605", "name": "Madrassa ( AZ- Har(Sharif Islamiyyah)", "opening_hours": null, "label": "Places of worship", "color": "#8856a7" }, "geometry": { "type": "Point", "coordinates": [ 39.2546627, -6.8118418 ] } },
{ "type": "Feature", "properties": { "index": "207", "@osmId": "node/3765193707", "name": "Khoja Shia ithnasheri Mosque", "opening_hours": null, "label": "Places of worship", "color": "#8856a7" }, "geometry": { "type": "Point", "coordinates": [ 39.2852022, -6.8179419 ] } },
{ "type": "Feature", "properties": { "index": "208", "@osmId": "node/3840387756", "name": "Masjid Shafii", "opening_hours": null, "label": "Places of worship", "color": "#8856a7" }, "geometry": { "type": "Point", "coordinates": [ 39.2598016, -6.8299455 ] } },
{ "type": "Feature", "properties": { "index": "209", "@osmId": "node/3840462058", "name": "Ibaadu Rahman", "opening_hours": null, "label": "Places of worship", "color": "#8856a7" }, "geometry": { "type": "Point", "coordinates": [ 39.2558846, -6.8312075 ] } },
{ "type": "Feature", "properties": { "index": "210", "@osmId": "node/3842234989", "name": null, "opening_hours": null, "label": "Places of worship", "color": "#8856a7" }, "geometry": { "type": "Point", "coordinates": [ 39.2541893, -6.8342719 ] } },
{ "type": "Feature", "properties": { "index": "211", "@osmId": "node/3842297998", "name": "Masjid Irshaad Salafy Mosque", "opening_hours": null, "label": "Places of worship", "color": "#8856a7" }, "geometry": { "type": "Point", "coordinates": [ 39.2639708, -6.8287087 ] } },
{ "type": "Feature", "properties": { "index": "212", "@osmId": "node/3846284064", "name": "Madrasatu Al Hassanain", "opening_hours": null, "label": "Places of worship", "color": "#8856a7" }, "geometry": { "type": "Point", "coordinates": [ 39.254287, -6.8277731 ] } },
{ "type": "Feature", "properties": { "index": "213", "@osmId": "node/3846415558", "name": "Msimbazi Center Catholic Church", "opening_hours": null, "label": "Places of worship", "color": "#8856a7" }, "geometry": { "type": "Point", "coordinates": [ 39.2573722, -6.8239044 ] } },
{ "type": "Feature", "properties": { "index": "214", "@osmId": "node/3853996385", "name": "Anglican Church", "opening_hours": null, "label": "Places of worship", "color": "#8856a7" }, "geometry": { "type": "Point", "coordinates": [ 39.2593133, -6.8285405 ] } },
{ "type": "Feature", "properties": { "index": "215", "@osmId": "node/3853996386", "name": "Anglican Church", "opening_hours": null, "label": "Places of worship", "color": "#8856a7" }, "geometry": { "type": "Point", "coordinates": [ 39.2590194, -6.8287624 ] } },
{ "type": "Feature", "properties": { "index": "216", "@osmId": "node/3860701217", "name": "Shri Swammar Ayan Temple", "opening_hours": null, "label": "Places of worship", "color": "#8856a7" }, "geometry": { "type": "Point", "coordinates": [ 39.278049, -6.8142045 ] } },
{ "type": "Feature", "properties": { "index": "217", "@osmId": "node/4303468589", "name": "Bohora Building [5]", "opening_hours": null, "label": "Places of worship", "color": "#8856a7" }, "geometry": { "type": "Point", "coordinates": [ 39.2854656, -6.8190054 ] } },
{ "type": "Feature", "properties": { "index": "218", "@osmId": "node/4303488992", "name": "Vedic Church [15]", "opening_hours": null, "label": "Places of worship", "color": "#8856a7" }, "geometry": { "type": "Point", "coordinates": [ 39.2819113, -6.8170811 ] } },
{ "type": "Feature", "properties": { "index": "219", "@osmId": "node/4571677693", "name": null, "opening_hours": null, "label": "Places of worship", "color": "#8856a7" }, "geometry": { "type": "Point", "coordinates": [ 39.2747204, -6.8143228 ] } },
{ "type": "Feature", "properties": { "index": "220", "@osmId": "node/4573369489", "name": "Shri Paminarayan Mandir", "opening_hours": null, "label": "Places of worship", "color": "#8856a7" }, "geometry": { "type": "Point", "coordinates": [ 39.2846342, -6.8145364 ] } },
{ "type": "Feature", "properties": { "index": "221", "@osmId": "node/4573390891", "name": null, "opening_hours": null, "label": "Places of worship", "color": "#8856a7" }, "geometry": { "type": "Point", "coordinates": [ 39.2848852, -6.8147964 ] } },
{ "type": "Feature", "properties": { "index": "222", "@osmId": "node/4573410092", "name": "Panjab Hindu Stri Satsang", "opening_hours": null, "label": "Places of worship", "color": "#8856a7" }, "geometry": { "type": "Point", "coordinates": [ 39.2858099, -6.8144497 ] } },
{ "type": "Feature", "properties": { "index": "223", "@osmId": "node/5550245541", "name": null, "opening_hours": null, "label": "Places of worship", "color": "#8856a7" }, "geometry": { "type": "Point", "coordinates": [ 39.2551991, -6.8166923 ] } },
{ "type": "Feature", "properties": { "index": "224", "@osmId": "node/5550256369", "name": "Pentecoste Free Church", "opening_hours": null, "label": "Places of worship", "color": "#8856a7" }, "geometry": { "type": "Point", "coordinates": [ 39.2452495, -6.8173155 ] } },
{ "type": "Feature", "properties": { "index": "225", "@osmId": "node/5550360661", "name": null, "opening_hours": null, "label": "Places of worship", "color": "#8856a7" }, "geometry": { "type": "Point", "coordinates": [ 39.2515594, -6.8143079 ] } },
{ "type": "Feature", "properties": { "index": "226", "@osmId": "node/5550360662", "name": null, "opening_hours": null, "label": "Places of worship", "color": "#8856a7" }, "geometry": { "type": "Point", "coordinates": [ 39.2505709, -6.81512 ] } },
{ "type": "Feature", "properties": { "index": "227", "@osmId": "node/5550360663", "name": null, "opening_hours": null, "label": "Places of worship", "color": "#8856a7" }, "geometry": { "type": "Point", "coordinates": [ 39.2510548, -6.8195809 ] } },
{ "type": "Feature", "properties": { "index": "228", "@osmId": "node/5850974985", "name": "Almasjid Ilala querter", "opening_hours": null, "label": "Places of worship", "color": "#8856a7" }, "geometry": { "type": "Point", "coordinates": [ 39.2632058, -6.821737 ] } },
{ "type": "Feature", "properties": { "index": "229", "@osmId": "node/5851142044", "name": "KKKT DMP Kariakoo", "opening_hours": null, "label": "Places of worship", "color": "#8856a7" }, "geometry": { "type": "Point", "coordinates": [ 39.272681, -6.8227256 ] } },
{ "type": "Feature", "properties": { "index": "230", "@osmId": "node/5853537921", "name": null, "opening_hours": null, "label": "Places of worship", "color": "#8856a7" }, "geometry": { "type": "Point", "coordinates": [ 39.2565133, -6.8242809 ] } },
{ "type": "Feature", "properties": { "index": "231", "@osmId": "node/5853755465", "name": null, "opening_hours": null, "label": "Places of worship", "color": "#8856a7" }, "geometry": { "type": "Point", "coordinates": [ 39.255369, -6.8220559 ] } },
{ "type": "Feature", "properties": { "index": "232", "@osmId": "node/5853755466", "name": null, "opening_hours": null, "label": "Places of worship", "color": "#8856a7" }, "geometry": { "type": "Point", "coordinates": [ 39.255491, -6.8219513 ] } },
{ "type": "Feature", "properties": { "index": "233", "@osmId": "node/5853755472", "name": "Seventh day Adventist church", "opening_hours": "Sa 09:00-16:00", "label": "Places of worship", "color": "#8856a7" }, "geometry": { "type": "Point", "coordinates": [ 39.2619449, -6.8259758 ] } },
{ "type": "Feature", "properties": { "index": "234", "@osmId": "node/5853778684", "name": "Masjid songea", "opening_hours": null, "label": "Places of worship", "color": "#8856a7" }, "geometry": { "type": "Point", "coordinates": [ 39.2684709, -6.8284755 ] } },
{ "type": "Feature", "properties": { "index": "235", "@osmId": "node/6246240463", "name": null, "opening_hours": null, "label": "Places of worship", "color": "#8856a7" }, "geometry": { "type": "Point", "coordinates": [ 39.2537491, -6.8229427 ] } },
{ "type": "Feature", "properties": { "index": "236", "@osmId": "node/6248846450", "name": "swainarayan temple", "opening_hours": null, "label": "Places of worship", "color": "#8856a7" }, "geometry": { "type": "Point", "coordinates": [ 39.2783514, -6.8143641 ] } },
{ "type": "Feature", "properties": { "index": "237", "@osmId": "node/6397929604", "name": "Goshen Church", "opening_hours": null, "label": "Places of worship", "color": "#8856a7" }, "geometry": { "type": "Point", "coordinates": [ 39.2459641, -6.8320062 ] } },
{ "type": "Feature", "properties": { "index": "238", "@osmId": "node/6397929621", "name": "Masjid Ghadafi", "opening_hours": null, "label": "Places of worship", "color": "#8856a7" }, "geometry": { "type": "Point", "coordinates": [ 39.2433562, -6.8347489 ] } },
{ "type": "Feature", "properties": { "index": "239", "@osmId": "node/6397929623", "name": "Masjid Nabawia", "opening_hours": null, "label": "Places of worship", "color": "#8856a7" }, "geometry": { "type": "Point", "coordinates": [ 39.2437734, -6.8284446 ] } },
{ "type": "Feature", "properties": { "index": "240", "@osmId": "node/6397929625", "name": "EAGT Church", "opening_hours": null, "label": "Places of worship", "color": "#8856a7" }, "geometry": { "type": "Point", "coordinates": [ 39.2438603, -6.8300565 ] } },
{ "type": "Feature", "properties": { "index": "241", "@osmId": "node/6397929632", "name": "Sheli Masjid", "opening_hours": null, "label": "Places of worship", "color": "#8856a7" }, "geometry": { "type": "Point", "coordinates": [ 39.2433665, -6.8375858 ] } },
{ "type": "Feature", "properties": { "index": "242", "@osmId": "node/6397929633", "name": "Swalu Church", "opening_hours": null, "label": "Places of worship", "color": "#8856a7" }, "geometry": { "type": "Point", "coordinates": [ 39.2501304, -6.8281817 ] } },
{ "type": "Feature", "properties": { "index": "243", "@osmId": "node/6397929642", "name": "Masjid Jabbal Hiraaa", "opening_hours": null, "label": "Places of worship", "color": "#8856a7" }, "geometry": { "type": "Point", "coordinates": [ 39.2452498, -6.8282221 ] } },
{ "type": "Feature", "properties": { "index": "244", "@osmId": "node/6397929646", "name": "Zaituni Church", "opening_hours": null, "label": "Places of worship", "color": "#8856a7" }, "geometry": { "type": "Point", "coordinates": [ 39.2464024, -6.8297731 ] } },
{ "type": "Feature", "properties": { "index": "245", "@osmId": "node/6397929653", "name": "Msufini Masjid", "opening_hours": null, "label": "Places of worship", "color": "#8856a7" }, "geometry": { "type": "Point", "coordinates": [ 39.2454737, -6.8311715 ] } },
{ "type": "Feature", "properties": { "index": "246", "@osmId": "node/6397929659", "name": "Yehova Ministry", "opening_hours": null, "label": "Places of worship", "color": "#8856a7" }, "geometry": { "type": "Point", "coordinates": [ 39.2472905, -6.8326201 ] } },
{ "type": "Feature", "properties": { "index": "247", "@osmId": "node/6397929684", "name": "Pentekoste church", "opening_hours": null, "label": "Places of worship", "color": "#8856a7" }, "geometry": { "type": "Point", "coordinates": [ 39.2502319, -6.8345589 ] } },
{ "type": "Feature", "properties": { "index": "248", "@osmId": "node/6397930088", "name": "Mitungi Mosque", "opening_hours": null, "label": "Places of worship", "color": "#8856a7" }, "geometry": { "type": "Point", "coordinates": [ 39.2507539, -6.8330091 ] } },
{ "type": "Feature", "properties": { "index": "249", "@osmId": "node/6397930089", "name": "Gulam Mosque", "opening_hours": null, "label": "Places of worship", "color": "#8856a7" }, "geometry": { "type": "Point", "coordinates": [ 39.2508587, -6.8310333 ] } },
{ "type": "Feature", "properties": { "index": "250", "@osmId": "node/6397930090", "name": "Alforcani Mosque", "opening_hours": null, "label": "Places of worship", "color": "#8856a7" }, "geometry": { "type": "Point", "coordinates": [ 39.2525444, -6.8311591 ] } },
{ "type": "Feature", "properties": { "index": "251", "@osmId": "node/6397930091", "name": "Dume Mosque", "opening_hours": null, "label": "Places of worship", "color": "#8856a7" }, "geometry": { "type": "Point", "coordinates": [ 39.252595, -6.8351093 ] } },
{ "type": "Feature", "properties": { "index": "252", "@osmId": "node/6397930092", "name": "Buguruni Mosque", "opening_hours": null, "label": "Places of worship", "color": "#8856a7" }, "geometry": { "type": "Point", "coordinates": [ 39.2479122, -6.8332758 ] } },
{ "type": "Feature", "properties": { "index": "253", "@osmId": "node/6397930097", "name": "Answary Mosque", "opening_hours": null, "label": "Places of worship", "color": "#8856a7" }, "geometry": { "type": "Point", "coordinates": [ 39.2533903, -6.8332257 ] } },
{ "type": "Feature", "properties": { "index": "254", "@osmId": "node/6397930104", "name": "TAG Church", "opening_hours": null, "label": "Places of worship", "color": "#8856a7" }, "geometry": { "type": "Point", "coordinates": [ 39.2454671, -6.8375273 ] } },
{ "type": "Feature", "properties": { "index": "255", "@osmId": "node/6397930105", "name": "Akuzam Church", "opening_hours": null, "label": "Places of worship", "color": "#8856a7" }, "geometry": { "type": "Point", "coordinates": [ 39.2528946, -6.8351823 ] } },
{ "type": "Feature", "properties": { "index": "256", "@osmId": "node/6397930106", "name": "Seventh Day Adventist Church", "opening_hours": null, "label": "Places of worship", "color": "#8856a7" }, "geometry": { "type": "Point", "coordinates": [ 39.2519976, -6.8364495 ] } },
{ "type": "Feature", "properties": { "index": "257", "@osmId": "node/6397930107", "name": "Mgumba Mosque", "opening_hours": null, "label": "Places of worship", "color": "#8856a7" }, "geometry": { "type": "Point", "coordinates": [ 39.2483314, -6.8372643 ] } },
{ "type": "Feature", "properties": { "index": "258", "@osmId": "node/6397930108", "name": "Swahiba Mosque", "opening_hours": null, "label": "Places of worship", "color": "#8856a7" }, "geometry": { "type": "Point", "coordinates": [ 39.2479416, -6.8382555 ] } },
{ "type": "Feature", "properties": { "index": "259", "@osmId": "node/6397930109", "name": "Albaany Mosque", "opening_hours": null, "label": "Places of worship", "color": "#8856a7" }, "geometry": { "type": "Point", "coordinates": [ 39.2460066, -6.8399721 ] } },
{ "type": "Feature", "properties": { "index": "260", "@osmId": "node/6398092164", "name": "Masjid Dodoma", "opening_hours": null, "label": "Places of worship", "color": "#8856a7" }, "geometry": { "type": "Point", "coordinates": [ 39.2616176, -6.8320964 ] } },
{ "type": "Feature", "properties": { "index": "261", "@osmId": "node/6398092166", "name": "Masjid Tagwa", "opening_hours": null, "label": "Places of worship", "color": "#8856a7" }, "geometry": { "type": "Point", "coordinates": [ 39.2573286, -6.8300188 ] } },
{ "type": "Feature", "properties": { "index": "262", "@osmId": "node/6398092167", "name": "Masjid Shafii", "opening_hours": null, "label": "Places of worship", "color": "#8856a7" }, "geometry": { "type": "Point", "coordinates": [ 39.2599, -6.8301872 ] } },
{ "type": "Feature", "properties": { "index": "263", "@osmId": "node/6398092168", "name": "Masjid Makuti", "opening_hours": null, "label": "Places of worship", "color": "#8856a7" }, "geometry": { "type": "Point", "coordinates": [ 39.2603913, -6.8325244 ] } },
{ "type": "Feature", "properties": { "index": "264", "@osmId": "node/6398092175", "name": "Salvation Army Church", "opening_hours": null, "label": "Places of worship", "color": "#8856a7" }, "geometry": { "type": "Point", "coordinates": [ 39.2541084, -6.8283425 ] } },
{ "type": "Feature", "properties": { "index": "265", "@osmId": "node/6398092176", "name": null, "opening_hours": null, "label": "Places of worship", "color": "#8856a7" }, "geometry": { "type": "Point", "coordinates": [ 39.2550372, -6.8280314 ] } },
{ "type": "Feature", "properties": { "index": "266", "@osmId": "node/6398092183", "name": "Quadiriya Islamic Centre", "opening_hours": null, "label": "Places of worship", "color": "#8856a7" }, "geometry": { "type": "Point", "coordinates": [ 39.2532234, -6.8243649 ] } },
{ "type": "Feature", "properties": { "index": "267", "@osmId": "node/6398093597", "name": "Kadiria Mosque", "opening_hours": null, "label": "Places of worship", "color": "#8856a7" }, "geometry": { "type": "Point", "coordinates": [ 39.2536026, -6.8323813 ] } },
{ "type": "Feature", "properties": { "index": "268", "@osmId": "node/6398093598", "name": "Somali Mosque", "opening_hours": null, "label": "Places of worship", "color": "#8856a7" }, "geometry": { "type": "Point", "coordinates": [ 39.2553374, -6.8298987 ] } },
{ "type": "Feature", "properties": { "index": "269", "@osmId": "node/6398093601", "name": "Quba Mosque", "opening_hours": null, "label": "Places of worship", "color": "#8856a7" }, "geometry": { "type": "Point", "coordinates": [ 39.2563223, -6.8350947 ] } },
{ "type": "Feature", "properties": { "index": "270", "@osmId": "node/6398093607", "name": "Victoria Church", "opening_hours": null, "label": "Places of worship", "color": "#8856a7" }, "geometry": { "type": "Point", "coordinates": [ 39.2543961, -6.8313458 ] } },
{ "type": "Feature", "properties": { "index": "271", "@osmId": "node/6398093608", "name": "Masjid Rahman", "opening_hours": null, "label": "Places of worship", "color": "#8856a7" }, "geometry": { "type": "Point", "coordinates": [ 39.2557957, -6.831214 ] } },
{ "type": "Feature", "properties": { "index": "272", "@osmId": "node/6398093615", "name": "Masjid Mwinyi", "opening_hours": null, "label": "Places of worship", "color": "#8856a7" }, "geometry": { "type": "Point", "coordinates": [ 39.264122, -6.8273144 ] } },
{ "type": "Feature", "properties": { "index": "273", "@osmId": "node/6398093619", "name": "Masjid Istiqama", "opening_hours": null, "label": "Places of worship", "color": "#8856a7" }, "geometry": { "type": "Point", "coordinates": [ 39.2656385, -6.8284541 ] } },
{ "type": "Feature", "properties": { "index": "274", "@osmId": "node/6400567418", "name": "Msimbazi Bondeni Church", "opening_hours": null, "label": "Places of worship", "color": "#8856a7" }, "geometry": { "type": "Point", "coordinates": [ 39.2629757, -6.8200352 ] } },
{ "type": "Feature", "properties": { "index": "275", "@osmId": "node/6400567419", "name": "Kingdom Church", "opening_hours": null, "label": "Places of worship", "color": "#8856a7" }, "geometry": { "type": "Point", "coordinates": [ 39.2591338, -6.8222921 ] } },
{ "type": "Feature", "properties": { "index": "276", "@osmId": "node/6400567420", "name": "T.A.G Church", "opening_hours": null, "label": "Places of worship", "color": "#8856a7" }, "geometry": { "type": "Point", "coordinates": [ 39.2637926, -6.8162612 ] } },
{ "type": "Feature", "properties": { "index": "277", "@osmId": "node/6400567430", "name": "Msikiti mosque", "opening_hours": null, "label": "Places of worship", "color": "#8856a7" }, "geometry": { "type": "Point", "coordinates": [ 39.2611911, -6.8180178 ] } },
{ "type": "Feature", "properties": { "index": "278", "@osmId": "node/6400567433", "name": "Msimbazi Catholic church", "opening_hours": null, "label": "Places of worship", "color": "#8856a7" }, "geometry": { "type": "Point", "coordinates": [ 39.2707273, -6.8224596 ] } },
{ "type": "Feature", "properties": { "index": "279", "@osmId": "node/6400567434", "name": "Masjid Madina", "opening_hours": null, "label": "Places of worship", "color": "#8856a7" }, "geometry": { "type": "Point", "coordinates": [ 39.2708363, -6.8217814 ] } },
{ "type": "Feature", "properties": { "index": "280", "@osmId": "node/6400567442", "name": "Masjid Bagdad", "opening_hours": null, "label": "Places of worship", "color": "#8856a7" }, "geometry": { "type": "Point", "coordinates": [ 39.2697662, -6.8197794 ] } },
{ "type": "Feature", "properties": { "index": "281", "@osmId": "node/6405792633", "name": "Calvary Assemblies of God", "opening_hours": null, "label": "Places of worship", "color": "#8856a7" }, "geometry": { "type": "Point", "coordinates": [ 39.2633971, -6.8246046 ] } },
{ "type": "Feature", "properties": { "index": "282", "@osmId": "node/6406317823", "name": "Fati-Hil Madrassat", "opening_hours": null, "label": "Places of worship", "color": "#8856a7" }, "geometry": { "type": "Point", "coordinates": [ 39.2617887, -6.8135667 ] } },
{ "type": "Feature", "properties": { "index": "283", "@osmId": "node/6406616495", "name": "Nyumba ya mwenyenzi", "opening_hours": null, "label": "Places of worship", "color": "#8856a7" }, "geometry": { "type": "Point", "coordinates": [ 39.2712768, -6.8134833 ] } },
{ "type": "Feature", "properties": { "index": "284", "@osmId": "node/6406616506", "name": "Bilal Mosque", "opening_hours": null, "label": "Places of worship", "color": "#8856a7" }, "geometry": { "type": "Point", "coordinates": [ 39.2772092, -6.8158641 ] } },
{ "type": "Feature", "properties": { "index": "285", "@osmId": "node/6408627669", "name": "Mennonite Church", "opening_hours": null, "label": "Places of worship", "color": "#8856a7" }, "geometry": { "type": "Point", "coordinates": [ 39.2791332, -6.814009 ] } },
{ "type": "Feature", "properties": { "index": "286", "@osmId": "node/6408763415", "name": "Mt.Sayuni Church", "opening_hours": null, "label": "Places of worship", "color": "#8856a7" }, "geometry": { "type": "Point", "coordinates": [ 39.2568944, -6.8498496 ] } },
{ "type": "Feature", "properties": { "index": "287", "@osmId": "node/9267203399", "name": null, "opening_hours": null, "label": "Places of worship", "color": "#8856a7" }, "geometry": { "type": "Point", "coordinates": [ 39.2512536, -6.82057 ] } },
{ "type": "Feature", "properties": { "index": "288", "@osmId": "node/9267203400", "name": "Masjud Shadhully", "opening_hours": null, "label": "Places of worship", "color": "#8856a7" }, "geometry": { "type": "Point", "coordinates": [ 39.2747283, -6.8143274 ] } },
{ "type": "Feature", "properties": { "index": "289", "@osmId": "node/9267203402", "name": "Betheli Church", "opening_hours": null, "label": "Places of worship", "color": "#8856a7" }, "geometry": { "type": "Point", "coordinates": [ 39.255051, -6.8181345 ] } },
{ "type": "Feature", "properties": { "index": "290", "@osmId": "node/9267203404", "name": "Kanisa la Pentekoste Tanzania Mchikichini Parish Center", "opening_hours": null, "label": "Places of worship", "color": "#8856a7" }, "geometry": { "type": "Point", "coordinates": [ 39.2650294, -6.8232758 ] } },
{ "type": "Feature", "properties": { "index": "291", "@osmId": "node/9267203405", "name": "MT. Fransisko wa Asizi, Kigango Cha Kigogo, Parokia ya Msimbazi", "opening_hours": null, "label": "Places of worship", "color": "#8856a7" }, "geometry": { "type": "Point", "coordinates": [ 39.2543774, -6.8180952 ] } },
{ "type": "Feature", "properties": { "index": "292", "@osmId": "node/9267203406", "name": "Omar Bin Khatwab", "opening_hours": null, "label": "Places of worship", "color": "#8856a7" }, "geometry": { "type": "Point", "coordinates": [ 39.2709154, -6.8160464 ] } },
{ "type": "Feature", "properties": { "index": "293", "@osmId": "node/9267203409", "name": "The Registrated Trustees of Masjid Mwinyimkuu", "opening_hours": null, "label": "Places of worship", "color": "#8856a7" }, "geometry": { "type": "Point", "coordinates": [ 39.2603087, -6.8125377 ] } },
{ "type": "Feature", "properties": { "index": "294", "@osmId": "node/9267203411", "name": "Madrassa", "opening_hours": null, "label": "Places of worship", "color": "#8856a7" }, "geometry": { "type": "Point", "coordinates": [ 39.2712307, -6.8179068 ] } },
{ "type": "Feature", "properties": { "index": "295", "@osmId": "node/9267203412", "name": "Masjid Manyema", "opening_hours": null, "label": "Places of worship", "color": "#8856a7" }, "geometry": { "type": "Point", "coordinates": [ 39.2776622, -6.8171442 ] } },
{ "type": "Feature", "properties": { "index": "296", "@osmId": "node/9267203414", "name": "Al madrasat Mwanaasha", "opening_hours": null, "label": "Places of worship", "color": "#8856a7" }, "geometry": { "type": "Point", "coordinates": [ 39.2728615, -6.8152222 ] } },
{ "type": "Feature", "properties": { "index": "297", "@osmId": "node/9267205917", "name": "Masjid Al-ghadiir", "opening_hours": null, "label": "Places of worship", "color": "#8856a7" }, "geometry": { "type": "Point", "coordinates": [ 39.2441726, -6.8174594 ] } },
{ "type": "Feature", "properties": { "index": "298", "@osmId": "node/9267205920", "name": "Al-Noozlah Islamic Center", "opening_hours": null, "label": "Places of worship", "color": "#8856a7" }, "geometry": { "type": "Point", "coordinates": [ 39.270072, -6.8233611 ] } },
{ "type": "Feature", "properties": { "index": "299", "@osmId": "node/9267205921", "name": "Zawiyat Mosque", "opening_hours": null, "label": "Places of worship", "color": "#8856a7" }, "geometry": { "type": "Point", "coordinates": [ 39.2743421, -6.8147109 ] } },
{ "type": "Feature", "properties": { "index": "300", "@osmId": "node/9267205922", "name": null, "opening_hours": null, "label": "Places of worship", "color": "#8856a7" }, "geometry": { "type": "Point", "coordinates": [ 39.2713382, -6.8131785 ] } },
{ "type": "Feature", "properties": { "index": "301", "@osmId": "node/9267205923", "name": "IEM", "opening_hours": null, "label": "Places of worship", "color": "#8856a7" }, "geometry": { "type": "Point", "coordinates": [ 39.2597723, -6.8222532 ] } },
{ "type": "Feature", "properties": { "index": "302", "@osmId": "node/9267205925", "name": "Masjid Islah", "opening_hours": null, "label": "Places of worship", "color": "#8856a7" }, "geometry": { "type": "Point", "coordinates": [ 39.2492151, -6.8172037 ] } },
{ "type": "Feature", "properties": { "index": "303", "@osmId": "node/9267205926", "name": null, "opening_hours": null, "label": "Places of worship", "color": "#8856a7" }, "geometry": { "type": "Point", "coordinates": [ 39.2708445, -6.8167563 ] } },
{ "type": "Feature", "properties": { "index": "304", "@osmId": "node/9267205933", "name": "Ally Masjid", "opening_hours": null, "label": "Places of worship", "color": "#8856a7" }, "geometry": { "type": "Point", "coordinates": [ 39.2691802, -6.8174028 ] } },
{ "type": "Feature", "properties": { "index": "305", "@osmId": "node/9267205936", "name": "Efatha", "opening_hours": null, "label": "Places of worship", "color": "#8856a7" }, "geometry": { "type": "Point", "coordinates": [ 39.2490293, -6.820004 ] } },
{ "type": "Feature", "properties": { "index": "306", "@osmId": "node/9267205937", "name": "Eagt Sayuni Kigogo", "opening_hours": null, "label": "Places of worship", "color": "#8856a7" }, "geometry": { "type": "Point", "coordinates": [ 39.2489433, -6.8193883 ] } },
{ "type": "Feature", "properties": { "index": "307", "@osmId": "node/9267205938", "name": "Masjid Manyema", "opening_hours": null, "label": "Places of worship", "color": "#8856a7" }, "geometry": { "type": "Point", "coordinates": [ 39.2778667, -6.8171005 ] } },
{ "type": "Feature", "properties": { "index": "308", "@osmId": "node/9267205944", "name": null, "opening_hours": null, "label": "Places of worship", "color": "#8856a7" }, "geometry": { "type": "Point", "coordinates": [ 39.2566824, -6.8127294 ] } },
{ "type": "Feature", "properties": { "index": "309", "@osmId": "node/9267205946", "name": null, "opening_hours": null, "label": "Places of worship", "color": "#8856a7" }, "geometry": { "type": "Point", "coordinates": [ 39.2686772, -6.8190999 ] } },
{ "type": "Feature", "properties": { "index": "310", "@osmId": "node/9267205952", "name": null, "opening_hours": null, "label": "Places of worship", "color": "#8856a7" }, "geometry": { "type": "Point", "coordinates": [ 39.2488384, -6.8195044 ] } },
{ "type": "Feature", "properties": { "index": "311", "@osmId": "node/9267205953", "name": "Madani Markaz", "opening_hours": null, "label": "Places of worship", "color": "#8856a7" }, "geometry": { "type": "Point", "coordinates": [ 39.2729953, -6.8146317 ] } },
{ "type": "Feature", "properties": { "index": "312", "@osmId": "node/9267205954", "name": "Masjid Alaqswa (Makone)", "opening_hours": null, "label": "Places of worship", "color": "#8856a7" }, "geometry": { "type": "Point", "coordinates": [ 39.2737729, -6.8169828 ] } },
{ "type": "Feature", "properties": { "index": "313", "@osmId": "node/9267205955", "name": "Mito ya Baraka Church", "opening_hours": null, "label": "Places of worship", "color": "#8856a7" }, "geometry": { "type": "Point", "coordinates": [ 39.2702651, -6.8173102 ] } },
{ "type": "Feature", "properties": { "index": "314", "@osmId": "node/9267205956", "name": "Madina Mosque", "opening_hours": null, "label": "Places of worship", "color": "#8856a7" }, "geometry": { "type": "Point", "coordinates": [ 39.2711663, -6.8215714 ] } },
{ "type": "Feature", "properties": { "index": "315", "@osmId": "node/9267205957", "name": "EAGT kigogo", "opening_hours": null, "label": "Places of worship", "color": "#8856a7" }, "geometry": { "type": "Point", "coordinates": [ 39.2475629, -6.8170545 ] } },
{ "type": "Feature", "properties": { "index": "316", "@osmId": "node/9267205959", "name": "Bismillah Mashallah", "opening_hours": null, "label": "Places of worship", "color": "#8856a7" }, "geometry": { "type": "Point", "coordinates": [ 39.2741704, -6.8152648 ] } },
{ "type": "Feature", "properties": { "index": "317", "@osmId": "node/9267205965", "name": "Kanisa Katoliki Parokia ya Msimbazi", "opening_hours": null, "label": "Places of worship", "color": "#8856a7" }, "geometry": { "type": "Point", "coordinates": [ 39.2707228, -6.8224725 ] } },
{ "type": "Feature", "properties": { "index": "318", "@osmId": "node/9267205966", "name": "kigango Cha kristo mfalme Mchikichini Parokia ya Msimbazi", "opening_hours": null, "label": "Places of worship", "color": "#8856a7" }, "geometry": { "type": "Point", "coordinates": [ 39.2621541, -6.8225728 ] } },
{ "type": "Feature", "properties": { "index": "319", "@osmId": "node/9267205969", "name": "Zawiyat Mosque", "opening_hours": null, "label": "Places of worship", "color": "#8856a7" }, "geometry": { "type": "Point", "coordinates": [ 39.2742216, -6.8147412 ] } },
{ "type": "Feature", "properties": { "index": "320", "@osmId": "node/9267205970", "name": "Restoration Bible Church", "opening_hours": null, "label": "Places of worship", "color": "#8856a7" }, "geometry": { "type": "Point", "coordinates": [ 39.2689726, -6.8172248 ] } },
{ "type": "Feature", "properties": { "index": "321", "@osmId": "node/9267205973", "name": "TAG Penuel Christian Centre", "opening_hours": null, "label": "Places of worship", "color": "#8856a7" }, "geometry": { "type": "Point", "coordinates": [ 39.2526698, -6.8174167 ] } },
{ "type": "Feature", "properties": { "index": "322", "@osmId": "node/9267205975", "name": "Reformation Pentecosts Church", "opening_hours": null, "label": "Places of worship", "color": "#8856a7" }, "geometry": { "type": "Point", "coordinates": [ 39.263788, -6.8160387 ] } },
{ "type": "Feature", "properties": { "index": "323", "@osmId": "node/12435551302", "name": "Ibadhi Mosque", "opening_hours": null, "label": "Places of worship", "color": "#8856a7" }, "geometry": { "type": "Point", "coordinates": [ 39.2836428, -6.8192401 ] } },
{ "type": "Feature", "properties": { "index": "324", "@osmId": "node/1399632543", "name": "Mandrasa Zainu", "opening_hours": "08:00-18:00", "label": "Places of worship", "color": "#8856a7" }, "geometry": { "type": "Point", "coordinates": [ 39.2474434, -6.7945266 ] } },
{ "type": "Feature", "properties": { "index": "325", "@osmId": "node/1403110744", "name": "AL-Madrasa-Nuur-Fatma", "opening_hours": "08:00-18:00", "label": "Places of worship", "color": "#8856a7" }, "geometry": { "type": "Point", "coordinates": [ 39.2456957, -6.7912578 ] } },
{ "type": "Feature", "properties": { "index": "326", "@osmId": "node/3455312560", "name": "Ndugumbi Mosque", "opening_hours": null, "label": "Places of worship", "color": "#8856a7" }, "geometry": { "type": "Point", "coordinates": [ 39.2536052, -6.8012787 ] } },
{ "type": "Feature", "properties": { "index": "327", "@osmId": "node/3649504098", "name": "Buddhist Temple and Meditation Center", "opening_hours": null, "label": "Places of worship", "color": "#8856a7" }, "geometry": { "type": "Point", "coordinates": [ 39.2760092, -6.805487 ] } },
{ "type": "Feature", "properties": { "index": "328", "@osmId": "node/3658702980", "name": null, "opening_hours": null, "label": "Places of worship", "color": "#8856a7" }, "geometry": { "type": "Point", "coordinates": [ 39.2486141, -6.7916316 ] } },
{ "type": "Feature", "properties": { "index": "329", "@osmId": "node/3662060224", "name": "Naioth Church Gospel", "opening_hours": null, "label": "Places of worship", "color": "#8856a7" }, "geometry": { "type": "Point", "coordinates": [ 39.2454448, -6.7856781 ] } },
{ "type": "Feature", "properties": { "index": "330", "@osmId": "node/3662794271", "name": "K.K.K.T Mwananyamala", "opening_hours": null, "label": "Places of worship", "color": "#8856a7" }, "geometry": { "type": "Point", "coordinates": [ 39.2506609, -6.7893156 ] } },
{ "type": "Feature", "properties": { "index": "331", "@osmId": "node/3662874609", "name": null, "opening_hours": null, "label": "Places of worship", "color": "#8856a7" }, "geometry": { "type": "Point", "coordinates": [ 39.2481104, -6.7894648 ] } },
{ "type": "Feature", "properties": { "index": "332", "@osmId": "node/3668262537", "name": "Qubah Kidile", "opening_hours": null, "label": "Places of worship", "color": "#8856a7" }, "geometry": { "type": "Point", "coordinates": [ 39.2529145, -6.7966111 ] } },
{ "type": "Feature", "properties": { "index": "333", "@osmId": "node/3670158832", "name": "Maarifa Islamiya", "opening_hours": null, "label": "Places of worship", "color": "#8856a7" }, "geometry": { "type": "Point", "coordinates": [ 39.2540982, -6.7913691 ] } },
{ "type": "Feature", "properties": { "index": "334", "@osmId": "node/3702498972", "name": "Madrasati Jamia", "opening_hours": "Mo-Fr 15:00-22:00; Sa-Su 11:00-22:00", "label": "Places of worship", "color": "#8856a7" }, "geometry": { "type": "Point", "coordinates": [ 39.2690338, -6.7923526 ] } },
{ "type": "Feature", "properties": { "index": "335", "@osmId": "node/3702525655", "name": "Church Store", "opening_hours": null, "label": "Places of worship", "color": "#8856a7" }, "geometry": { "type": "Point", "coordinates": [ 39.2702332, -6.7923843 ] } },
{ "type": "Feature", "properties": { "index": "336", "@osmId": "node/3702538481", "name": "Magomeni Catholic Church", "opening_hours": null, "label": "Places of worship", "color": "#8856a7" }, "geometry": { "type": "Point", "coordinates": [ 39.2590803, -6.8043326 ] } },
{ "type": "Feature", "properties": { "index": "337", "@osmId": "node/3702654502", "name": "Baabu Ssalaamil Islaamiya", "opening_hours": null, "label": "Places of worship", "color": "#8856a7" }, "geometry": { "type": "Point", "coordinates": [ 39.2615056, -6.8066344 ] } },
{ "type": "Feature", "properties": { "index": "338", "@osmId": "node/3706259889", "name": "KKKT Ushirika Hananasifu", "opening_hours": null, "label": "Places of worship", "color": "#8856a7" }, "geometry": { "type": "Point", "coordinates": [ 39.2688671, -6.7985231 ] } },
{ "type": "Feature", "properties": { "index": "339", "@osmId": "node/3706394365", "name": "Al-Madrasat Mujitahda", "opening_hours": null, "label": "Places of worship", "color": "#8856a7" }, "geometry": { "type": "Point", "coordinates": [ 39.2648575, -6.8020839 ] } },
{ "type": "Feature", "properties": { "index": "340", "@osmId": "node/3711712529", "name": "Masjid Haqiir", "opening_hours": null, "label": "Places of worship", "color": "#8856a7" }, "geometry": { "type": "Point", "coordinates": [ 39.2589274, -6.8026225 ] } },
{ "type": "Feature", "properties": { "index": "341", "@osmId": "node/3714767626", "name": "Msikiti Mkubwa", "opening_hours": null, "label": "Places of worship", "color": "#8856a7" }, "geometry": { "type": "Point", "coordinates": [ 39.2580801, -6.8018719 ] } },
{ "type": "Feature", "properties": { "index": "342", "@osmId": "node/3716594219", "name": "Almadrat Shadhuly", "opening_hours": null, "label": "Places of worship", "color": "#8856a7" }, "geometry": { "type": "Point", "coordinates": [ 39.2608189, -6.8062866 ] } },
{ "type": "Feature", "properties": { "index": "343", "@osmId": "node/3728238259", "name": "Presbyterian Church of East Africa", "opening_hours": null, "label": "Places of worship", "color": "#8856a7" }, "geometry": { "type": "Point", "coordinates": [ 39.283098, -6.7991985 ] } },
{ "type": "Feature", "properties": { "index": "344", "@osmId": "node/3745550961", "name": "Pentecostal Holiness Mission-Sinai Mpya", "opening_hours": null, "label": "Places of worship", "color": "#8856a7" }, "geometry": { "type": "Point", "coordinates": [ 39.2672462, -6.8008681 ] } },
{ "type": "Feature", "properties": { "index": "345", "@osmId": "node/3745566183", "name": "Seventh Day Adventist Church", "opening_hours": null, "label": "Places of worship", "color": "#8856a7" }, "geometry": { "type": "Point", "coordinates": [ 39.2727626, -6.7956282 ] } },
{ "type": "Feature", "properties": { "index": "346", "@osmId": "node/3886281801", "name": null, "opening_hours": null, "label": "Places of worship", "color": "#8856a7" }, "geometry": { "type": "Point", "coordinates": [ 39.2783902, -6.8107365 ] } },
{ "type": "Feature", "properties": { "index": "347", "@osmId": "node/4313207530", "name": "Ebenezer", "opening_hours": "Su 10:00+", "label": "Places of worship", "color": "#8856a7" }, "geometry": { "type": "Point", "coordinates": [ 39.2651127, -6.792277 ] } },
{ "type": "Feature", "properties": { "index": "348", "@osmId": "node/4313260874", "name": "Masjid Twahara", "opening_hours": null, "label": "Places of worship", "color": "#8856a7" }, "geometry": { "type": "Point", "coordinates": [ 39.2675829, -6.7986178 ] } },
{ "type": "Feature", "properties": { "index": "349", "@osmId": "node/4561701951", "name": "Daruwesh", "opening_hours": null, "label": "Places of worship", "color": "#8856a7" }, "geometry": { "type": "Point", "coordinates": [ 39.2470553, -6.7987322 ] } },
{ "type": "Feature", "properties": { "index": "350", "@osmId": "node/5273473836", "name": "Kinondoni", "opening_hours": null, "label": "Places of worship", "color": "#8856a7" }, "geometry": { "type": "Point", "coordinates": [ 39.2700409, -6.7842565 ] } },
{ "type": "Feature", "properties": { "index": "351", "@osmId": "node/6246794385", "name": null, "opening_hours": null, "label": "Places of worship", "color": "#8856a7" }, "geometry": { "type": "Point", "coordinates": [ 39.2659324, -6.8083979 ] } },
{ "type": "Feature", "properties": { "index": "352", "@osmId": "node/6246794404", "name": null, "opening_hours": null, "label": "Places of worship", "color": "#8856a7" }, "geometry": { "type": "Point", "coordinates": [ 39.261581, -6.8069766 ] } },
{ "type": "Feature", "properties": { "index": "353", "@osmId": "node/6246794410", "name": null, "opening_hours": null, "label": "Places of worship", "color": "#8856a7" }, "geometry": { "type": "Point", "coordinates": [ 39.2651919, -6.8091298 ] } },
{ "type": "Feature", "properties": { "index": "354", "@osmId": "node/6251554988", "name": "Madrasa & Nursery School", "opening_hours": null, "label": "Places of worship", "color": "#8856a7" }, "geometry": { "type": "Point", "coordinates": [ 39.2449724, -6.7923497 ] } },
{ "type": "Feature", "properties": { "index": "355", "@osmId": "node/6251554990", "name": "TAG Church", "opening_hours": null, "label": "Places of worship", "color": "#8856a7" }, "geometry": { "type": "Point", "coordinates": [ 39.2477459, -6.797394 ] } },
{ "type": "Feature", "properties": { "index": "356", "@osmId": "node/6257935161", "name": null, "opening_hours": null, "label": "Places of worship", "color": "#8856a7" }, "geometry": { "type": "Point", "coordinates": [ 39.2496712, -6.7824261 ] } },
{ "type": "Feature", "properties": { "index": "357", "@osmId": "node/6259234308", "name": null, "opening_hours": null, "label": "Places of worship", "color": "#8856a7" }, "geometry": { "type": "Point", "coordinates": [ 39.2526615, -6.8099158 ] } },
{ "type": "Feature", "properties": { "index": "358", "@osmId": "node/6280384361", "name": "Pentecoste Church of Tanzania", "opening_hours": null, "label": "Places of worship", "color": "#8856a7" }, "geometry": { "type": "Point", "coordinates": [ 39.2433691, -6.7973105 ] } },
{ "type": "Feature", "properties": { "index": "359", "@osmId": "node/6397955612", "name": "Masjid Nadhifu Mosque", "opening_hours": null, "label": "Places of worship", "color": "#8856a7" }, "geometry": { "type": "Point", "coordinates": [ 39.267566, -6.7956391 ] } },
{ "type": "Feature", "properties": { "index": "360", "@osmId": "node/6397955619", "name": "Sheikh Fadhili Masjid", "opening_hours": null, "label": "Places of worship", "color": "#8856a7" }, "geometry": { "type": "Point", "coordinates": [ 39.2672537, -6.7979216 ] } },
{ "type": "Feature", "properties": { "index": "361", "@osmId": "node/6397955627", "name": "Bi Rela Masjid", "opening_hours": null, "label": "Places of worship", "color": "#8856a7" }, "geometry": { "type": "Point", "coordinates": [ 39.2674475, -6.7984212 ] } },
{ "type": "Feature", "properties": { "index": "362", "@osmId": "node/6397955647", "name": "Pentecoste Church", "opening_hours": null, "label": "Places of worship", "color": "#8856a7" }, "geometry": { "type": "Point", "coordinates": [ 39.2683821, -6.7903113 ] } },
{ "type": "Feature", "properties": { "index": "363", "@osmId": "node/6397955648", "name": "Hananasif Church", "opening_hours": null, "label": "Places of worship", "color": "#8856a7" }, "geometry": { "type": "Point", "coordinates": [ 39.2698342, -6.7922141 ] } },
{ "type": "Feature", "properties": { "index": "364", "@osmId": "node/6397955658", "name": "Pentecoste Church", "opening_hours": null, "label": "Places of worship", "color": "#8856a7" }, "geometry": { "type": "Point", "coordinates": [ 39.2670496, -6.8013087 ] } },
{ "type": "Feature", "properties": { "index": "365", "@osmId": "node/6397955664", "name": "Kisoma Masjid", "opening_hours": null, "label": "Places of worship", "color": "#8856a7" }, "geometry": { "type": "Point", "coordinates": [ 39.2656116, -6.803771 ] } },
{ "type": "Feature", "properties": { "index": "366", "@osmId": "node/6398244368", "name": "Masjid Salami", "opening_hours": null, "label": "Places of worship", "color": "#8856a7" }, "geometry": { "type": "Point", "coordinates": [ 39.2466076, -6.7820093 ] } },
{ "type": "Feature", "properties": { "index": "367", "@osmId": "node/6398244805", "name": "Mkali Masjid", "opening_hours": null, "label": "Places of worship", "color": "#8856a7" }, "geometry": { "type": "Point", "coordinates": [ 39.2436693, -6.7885013 ] } },
{ "type": "Feature", "properties": { "index": "368", "@osmId": "node/6400147984", "name": "Tauba Mosque", "opening_hours": null, "label": "Places of worship", "color": "#8856a7" }, "geometry": { "type": "Point", "coordinates": [ 39.2672366, -6.7843907 ] } },
{ "type": "Feature", "properties": { "index": "369", "@osmId": "node/6400151388", "name": "Bakwata Mosque", "opening_hours": null, "label": "Places of worship", "color": "#8856a7" }, "geometry": { "type": "Point", "coordinates": [ 39.2679948, -6.7886546 ] } },
{ "type": "Feature", "properties": { "index": "370", "@osmId": "node/6400151393", "name": "TAG Church", "opening_hours": null, "label": "Places of worship", "color": "#8856a7" }, "geometry": { "type": "Point", "coordinates": [ 39.2675887, -6.7848017 ] } },
{ "type": "Feature", "properties": { "index": "371", "@osmId": "node/6400151395", "name": "Akuzamu Church", "opening_hours": null, "label": "Places of worship", "color": "#8856a7" }, "geometry": { "type": "Point", "coordinates": [ 39.2670596, -6.7832175 ] } },
{ "type": "Feature", "properties": { "index": "372", "@osmId": "node/6400151422", "name": "Dar es Salaam Pentecostal Church", "opening_hours": null, "label": "Places of worship", "color": "#8856a7" }, "geometry": { "type": "Point", "coordinates": [ 39.2700608, -6.7893056 ] } },
{ "type": "Feature", "properties": { "index": "373", "@osmId": "node/6400151431", "name": "Jehovah Witness Church", "opening_hours": null, "label": "Places of worship", "color": "#8856a7" }, "geometry": { "type": "Point", "coordinates": [ 39.2714382, -6.7876501 ] } },
{ "type": "Feature", "properties": { "index": "374", "@osmId": "node/6400258992", "name": "Masjd Jibreel male madrasa", "opening_hours": null, "label": "Places of worship", "color": "#8856a7" }, "geometry": { "type": "Point", "coordinates": [ 39.2656924, -6.8082861 ] } },
{ "type": "Feature", "properties": { "index": "375", "@osmId": "node/6400259010", "name": "Nura Mosque", "opening_hours": null, "label": "Places of worship", "color": "#8856a7" }, "geometry": { "type": "Point", "coordinates": [ 39.2643507, -6.8090655 ] } },
{ "type": "Feature", "properties": { "index": "376", "@osmId": "node/6400259018", "name": "EAGT Church", "opening_hours": null, "label": "Places of worship", "color": "#8856a7" }, "geometry": { "type": "Point", "coordinates": [ 39.2583473, -6.8014614 ] } },
{ "type": "Feature", "properties": { "index": "377", "@osmId": "node/6400259019", "name": "Shazria Mosque", "opening_hours": null, "label": "Places of worship", "color": "#8856a7" }, "geometry": { "type": "Point", "coordinates": [ 39.2578336, -6.800716 ] } },
{ "type": "Feature", "properties": { "index": "378", "@osmId": "node/6400259049", "name": "Masjid HAQ", "opening_hours": null, "label": "Places of worship", "color": "#8856a7" }, "geometry": { "type": "Point", "coordinates": [ 39.2626321, -6.8072577 ] } },
{ "type": "Feature", "properties": { "index": "379", "@osmId": "node/6400359328", "name": "Menonite Church", "opening_hours": null, "label": "Places of worship", "color": "#8856a7" }, "geometry": { "type": "Point", "coordinates": [ 39.2491313, -6.7848012 ] } },
{ "type": "Feature", "properties": { "index": "380", "@osmId": "node/6400359329", "name": "Sunlight Church", "opening_hours": null, "label": "Places of worship", "color": "#8856a7" }, "geometry": { "type": "Point", "coordinates": [ 39.2485319, -6.784096 ] } },
{ "type": "Feature", "properties": { "index": "381", "@osmId": "node/6400359337", "name": "Makuti Mosque", "opening_hours": null, "label": "Places of worship", "color": "#8856a7" }, "geometry": { "type": "Point", "coordinates": [ 39.2471171, -6.7849836 ] } },
{ "type": "Feature", "properties": { "index": "382", "@osmId": "node/6400359338", "name": "Masjid Islamic Mosque", "opening_hours": null, "label": "Places of worship", "color": "#8856a7" }, "geometry": { "type": "Point", "coordinates": [ 39.2497926, -6.7836916 ] } },
{ "type": "Feature", "properties": { "index": "383", "@osmId": "node/6400359345", "name": "Masjid Twariq", "opening_hours": null, "label": "Places of worship", "color": "#8856a7" }, "geometry": { "type": "Point", "coordinates": [ 39.2467754, -6.7849417 ] } },
{ "type": "Feature", "properties": { "index": "384", "@osmId": "node/6400359348", "name": "KKKT church", "opening_hours": null, "label": "Places of worship", "color": "#8856a7" }, "geometry": { "type": "Point", "coordinates": [ 39.2456594, -6.7843148 ] } },
{ "type": "Feature", "properties": { "index": "385", "@osmId": "node/6400359349", "name": "Naioth Gospel Assembly", "opening_hours": null, "label": "Places of worship", "color": "#8856a7" }, "geometry": { "type": "Point", "coordinates": [ 39.2446213, -6.7843408 ] } },
{ "type": "Feature", "properties": { "index": "386", "@osmId": "node/6400359353", "name": "Masjid Shura", "opening_hours": null, "label": "Places of worship", "color": "#8856a7" }, "geometry": { "type": "Point", "coordinates": [ 39.2458719, -6.7902152 ] } },
{ "type": "Feature", "properties": { "index": "387", "@osmId": "node/6400359355", "name": "Juhudi Masjid", "opening_hours": null, "label": "Places of worship", "color": "#8856a7" }, "geometry": { "type": "Point", "coordinates": [ 39.2562653, -6.7945013 ] } },
{ "type": "Feature", "properties": { "index": "388", "@osmId": "node/6400359358", "name": "Masjid Mchangani", "opening_hours": null, "label": "Places of worship", "color": "#8856a7" }, "geometry": { "type": "Point", "coordinates": [ 39.254886, -6.7937607 ] } },
{ "type": "Feature", "properties": { "index": "389", "@osmId": "node/6400359359", "name": "E.A.G.T Church", "opening_hours": null, "label": "Places of worship", "color": "#8856a7" }, "geometry": { "type": "Point", "coordinates": [ 39.2544587, -6.7934252 ] } },
{ "type": "Feature", "properties": { "index": "390", "@osmId": "node/6400359368", "name": "Pentecoste Church", "opening_hours": null, "label": "Places of worship", "color": "#8856a7" }, "geometry": { "type": "Point", "coordinates": [ 39.2524261, -6.7926042 ] } },
{ "type": "Feature", "properties": { "index": "391", "@osmId": "node/6400555964", "name": "Baptist Church", "opening_hours": null, "label": "Places of worship", "color": "#8856a7" }, "geometry": { "type": "Point", "coordinates": [ 39.2445096, -6.8068468 ] } },
{ "type": "Feature", "properties": { "index": "392", "@osmId": "node/6400555967", "name": "Tadaiya Mosque", "opening_hours": null, "label": "Places of worship", "color": "#8856a7" }, "geometry": { "type": "Point", "coordinates": [ 39.2436137, -6.8075635 ] } },
{ "type": "Feature", "properties": { "index": "393", "@osmId": "node/6400555988", "name": "Ikh_waan Islamic Centre", "opening_hours": null, "label": "Places of worship", "color": "#8856a7" }, "geometry": { "type": "Point", "coordinates": [ 39.2473298, -6.8096859 ] } },
{ "type": "Feature", "properties": { "index": "394", "@osmId": "node/6400555993", "name": "Wazee Mosque", "opening_hours": null, "label": "Places of worship", "color": "#8856a7" }, "geometry": { "type": "Point", "coordinates": [ 39.2472845, -6.8080659 ] } },
{ "type": "Feature", "properties": { "index": "395", "@osmId": "node/6400556007", "name": "Mwembe Chai Mosque", "opening_hours": null, "label": "Places of worship", "color": "#8856a7" }, "geometry": { "type": "Point", "coordinates": [ 39.248501, -6.8044952 ] } },
{ "type": "Feature", "properties": { "index": "396", "@osmId": "node/6400556010", "name": "Libazi Mosque", "opening_hours": null, "label": "Places of worship", "color": "#8856a7" }, "geometry": { "type": "Point", "coordinates": [ 39.2464163, -6.8052009 ] } },
{ "type": "Feature", "properties": { "index": "397", "@osmId": "node/6405873768", "name": "Nulbalala mosque", "opening_hours": null, "label": "Places of worship", "color": "#8856a7" }, "geometry": { "type": "Point", "coordinates": [ 39.2465857, -6.7990506 ] } },
{ "type": "Feature", "properties": { "index": "398", "@osmId": "node/6405873769", "name": "Morovian Tanzania church", "opening_hours": null, "label": "Places of worship", "color": "#8856a7" }, "geometry": { "type": "Point", "coordinates": [ 39.247149, -6.7997801 ] } },
{ "type": "Feature", "properties": { "index": "399", "@osmId": "node/6405873777", "name": "GPCC church", "opening_hours": null, "label": "Places of worship", "color": "#8856a7" }, "geometry": { "type": "Point", "coordinates": [ 39.2485453, -6.7990148 ] } },
{ "type": "Feature", "properties": { "index": "400", "@osmId": "node/6405874110", "name": "Miftaha mosque", "opening_hours": null, "label": "Places of worship", "color": "#8856a7" }, "geometry": { "type": "Point", "coordinates": [ 39.243711, -6.7987262 ] } },
{ "type": "Feature", "properties": { "index": "401", "@osmId": "node/6405874117", "name": "SDA (Adventist church)", "opening_hours": null, "label": "Places of worship", "color": "#8856a7" }, "geometry": { "type": "Point", "coordinates": [ 39.2506577, -6.8040521 ] } },
{ "type": "Feature", "properties": { "index": "402", "@osmId": "node/6405874118", "name": "Anglican church", "opening_hours": null, "label": "Places of worship", "color": "#8856a7" }, "geometry": { "type": "Point", "coordinates": [ 39.2523208, -6.8046418 ] } },
{ "type": "Feature", "properties": { "index": "403", "@osmId": "node/6405874119", "name": "Kingdom hall of Jehova's witnesses", "opening_hours": null, "label": "Places of worship", "color": "#8856a7" }, "geometry": { "type": "Point", "coordinates": [ 39.2525199, -6.8049961 ] } },
{ "type": "Feature", "properties": { "index": "404", "@osmId": "node/6405874125", "name": "Dar es salaam Baptist church", "opening_hours": null, "label": "Places of worship", "color": "#8856a7" }, "geometry": { "type": "Point", "coordinates": [ 39.253922, -6.8054086 ] } },
{ "type": "Feature", "properties": { "index": "405", "@osmId": "node/6406317832", "name": "Kisumu Mosque", "opening_hours": null, "label": "Places of worship", "color": "#8856a7" }, "geometry": { "type": "Point", "coordinates": [ 39.2524793, -6.8095762 ] } },
{ "type": "Feature", "properties": { "index": "406", "@osmId": "node/6406317985", "name": "African Inland Church", "opening_hours": null, "label": "Places of worship", "color": "#8856a7" }, "geometry": { "type": "Point", "coordinates": [ 39.2575543, -6.8106678 ] } },
{ "type": "Feature", "properties": { "index": "407", "@osmId": "node/6406317999", "name": "Madrassa Noor", "opening_hours": null, "label": "Places of worship", "color": "#8856a7" }, "geometry": { "type": "Point", "coordinates": [ 39.2617788, -6.8107399 ] } },
{ "type": "Feature", "properties": { "index": "408", "@osmId": "node/6406787742", "name": "Masjid Mbuyuni", "opening_hours": null, "label": "Places of worship", "color": "#8856a7" }, "geometry": { "type": "Point", "coordinates": [ 39.2443255, -6.7935347 ] } },
{ "type": "Feature", "properties": { "index": "409", "@osmId": "node/6408627651", "name": "Maamur Mosque", "opening_hours": null, "label": "Places of worship", "color": "#8856a7" }, "geometry": { "type": "Point", "coordinates": [ 39.2840717, -6.8042434 ] } },
{ "type": "Feature", "properties": { "index": "410", "@osmId": "node/6408627654", "name": "Jamatkana Masjid", "opening_hours": null, "label": "Places of worship", "color": "#8856a7" }, "geometry": { "type": "Point", "coordinates": [ 39.2852568, -6.8032568 ] } },
{ "type": "Feature", "properties": { "index": "411", "@osmId": "node/6408627660", "name": "Don Bosco Church", "opening_hours": null, "label": "Places of worship", "color": "#8856a7" }, "geometry": { "type": "Point", "coordinates": [ 39.2786308, -6.8060623 ] } },
{ "type": "Feature", "properties": { "index": "412", "@osmId": "node/6408627666", "name": "Baniani Mosque", "opening_hours": null, "label": "Places of worship", "color": "#8856a7" }, "geometry": { "type": "Point", "coordinates": [ 39.2784671, -6.8113682 ] } },
{ "type": "Feature", "properties": { "index": "413", "@osmId": "node/6408627681", "name": "City Christian Centre", "opening_hours": null, "label": "Places of worship", "color": "#8856a7" }, "geometry": { "type": "Point", "coordinates": [ 39.2801187, -6.8091104 ] } },
{ "type": "Feature", "properties": { "index": "414", "@osmId": "node/6408627683", "name": "Bethania House Roman Catholic Church", "opening_hours": null, "label": "Places of worship", "color": "#8856a7" }, "geometry": { "type": "Point", "coordinates": [ 39.2815184, -6.8099342 ] } },
{ "type": "Feature", "properties": { "index": "415", "@osmId": "node/6408776773", "name": "Brahmar Kumaries Masjid", "opening_hours": null, "label": "Places of worship", "color": "#8856a7" }, "geometry": { "type": "Point", "coordinates": [ 39.277672, -6.8078865 ] } },
{ "type": "Feature", "properties": { "index": "416", "@osmId": "node/6408777193", "name": "Muhumbili Musjid", "opening_hours": null, "label": "Places of worship", "color": "#8856a7" }, "geometry": { "type": "Point", "coordinates": [ 39.2748586, -6.8004396 ] } },
{ "type": "Feature", "properties": { "index": "417", "@osmId": "node/6408777200", "name": "Muhimbili Lutheran Church", "opening_hours": null, "label": "Places of worship", "color": "#8856a7" }, "geometry": { "type": "Point", "coordinates": [ 39.2728746, -6.802502 ] } },
{ "type": "Feature", "properties": { "index": "418", "@osmId": "node/9267203398", "name": "Kichangani Mosque", "opening_hours": null, "label": "Places of worship", "color": "#8856a7" }, "geometry": { "type": "Point", "coordinates": [ 39.2580268, -6.8079716 ] } },
{ "type": "Feature", "properties": { "index": "419", "@osmId": "node/9267203410", "name": "Parokia ya Mtakatifu Anna Hananasif", "opening_hours": null, "label": "Places of worship", "color": "#8856a7" }, "geometry": { "type": "Point", "coordinates": [ 39.2703713, -6.7920299 ] } },
{ "type": "Feature", "properties": { "index": "420", "@osmId": "node/9267203413", "name": "Liberation church", "opening_hours": null, "label": "Places of worship", "color": "#8856a7" }, "geometry": { "type": "Point", "coordinates": [ 39.2669024, -6.7906529 ] } },
{ "type": "Feature", "properties": { "index": "421", "@osmId": "node/9267205919", "name": "Sabbath Church", "opening_hours": null, "label": "Places of worship", "color": "#8856a7" }, "geometry": { "type": "Point", "coordinates": [ 39.2657804, -6.7909114 ] } },
{ "type": "Feature", "properties": { "index": "422", "@osmId": "node/9267205924", "name": "Waadventista", "opening_hours": null, "label": "Places of worship", "color": "#8856a7" }, "geometry": { "type": "Point", "coordinates": [ 39.2727542, -6.7955563 ] } },
{ "type": "Feature", "properties": { "index": "423", "@osmId": "node/9267205927", "name": "Eternal Gospel Ministry", "opening_hours": null, "label": "Places of worship", "color": "#8856a7" }, "geometry": { "type": "Point", "coordinates": [ 39.2638922, -6.7977509 ] } },
{ "type": "Feature", "properties": { "index": "424", "@osmId": "node/9267205930", "name": "Masjid Nur", "opening_hours": null, "label": "Places of worship", "color": "#8856a7" }, "geometry": { "type": "Point", "coordinates": [ 39.2627335, -6.8103857 ] } },
{ "type": "Feature", "properties": { "index": "425", "@osmId": "node/9267205934", "name": "Syllam Masjid", "opening_hours": null, "label": "Places of worship", "color": "#8856a7" }, "geometry": { "type": "Point", "coordinates": [ 39.2768841, -6.8075368 ] } },
{ "type": "Feature", "properties": { "index": "426", "@osmId": "node/9267205939", "name": "FPCT Kinondoni", "opening_hours": null, "label": "Places of worship", "color": "#8856a7" }, "geometry": { "type": "Point", "coordinates": [ 39.2664886, -6.7920407 ] } },
{ "type": "Feature", "properties": { "index": "427", "@osmId": "node/9267205940", "name": "Kanisa la Wahindi", "opening_hours": null, "label": "Places of worship", "color": "#8856a7" }, "geometry": { "type": "Point", "coordinates": [ 39.2764179, -6.7988874 ] } },
{ "type": "Feature", "properties": { "index": "428", "@osmId": "node/9267205958", "name": "St Immaculate Catholic", "opening_hours": null, "label": "Places of worship", "color": "#8856a7" }, "geometry": { "type": "Point", "coordinates": [ 39.2792062, -6.7984555 ] } },
{ "type": "Feature", "properties": { "index": "429", "@osmId": "node/9267205960", "name": null, "opening_hours": null, "label": "Places of worship", "color": "#8856a7" }, "geometry": { "type": "Point", "coordinates": [ 39.2767549, -6.8063119 ] } },
{ "type": "Feature", "properties": { "index": "430", "@osmId": "node/9267205961", "name": "Tanzania Assemblies of God-Hananasif", "opening_hours": null, "label": "Places of worship", "color": "#8856a7" }, "geometry": { "type": "Point", "coordinates": [ 39.2684197, -6.7964725 ] } },
{ "type": "Feature", "properties": { "index": "431", "@osmId": "node/9267205964", "name": null, "opening_hours": null, "label": "Places of worship", "color": "#8856a7" }, "geometry": { "type": "Point", "coordinates": [ 39.268055, -6.7970904 ] } },
{ "type": "Feature", "properties": { "index": "432", "@osmId": "node/9267205967", "name": "Suleiman Bin Hamoud", "opening_hours": null, "label": "Places of worship", "color": "#8856a7" }, "geometry": { "type": "Point", "coordinates": [ 39.2684841, -6.7910179 ] } },
{ "type": "Feature", "properties": { "index": "433", "@osmId": "node/9267205968", "name": "Tanzania Assemblies of God Magomeni All Nations Christian Center", "opening_hours": null, "label": "Places of worship", "color": "#8856a7" }, "geometry": { "type": "Point", "coordinates": [ 39.2572362, -6.8093077 ] } },
{ "type": "Feature", "properties": { "index": "434", "@osmId": "node/9267205971", "name": "KKKT Magomeni Diocese Church", "opening_hours": null, "label": "Places of worship", "color": "#8856a7" }, "geometry": { "type": "Point", "coordinates": [ 39.2586555, -6.8071383 ] } },
{ "type": "Feature", "properties": { "index": "435", "@osmId": "node/9267205974", "name": "BAKWATA", "opening_hours": null, "label": "Places of worship", "color": "#8856a7" }, "geometry": { "type": "Point", "coordinates": [ 39.2654128, -6.8037239 ] } },
{ "type": "Feature", "properties": { "index": "436", "@osmId": "node/9267205976", "name": null, "opening_hours": null, "label": "Places of worship", "color": "#8856a7" }, "geometry": { "type": "Point", "coordinates": [ 39.2788026, -6.7982827 ] } },
{ "type": "Feature", "properties": { "index": "437", "@osmId": "node/9274629827", "name": "Tambaza mosque", "opening_hours": null, "label": "Places of worship", "color": "#8856a7" }, "geometry": { "type": "Point", "coordinates": [ 39.2666742, -6.8015776 ] } },
{ "type": "Feature", "properties": { "index": "438", "@osmId": "node/1401963545", "name": null, "opening_hours": null, "label": "Places of worship", "color": "#8856a7" }, "geometry": { "type": "Point", "coordinates": [ 39.2425963, -6.7926934 ] } },
{ "type": "Feature", "properties": { "index": "439", "@osmId": "node/1535207263", "name": "Azania Front Cathedral", "opening_hours": null, "label": "Places of worship", "color": "#8856a7" }, "geometry": { "type": "Point", "coordinates": [ 39.2911366, -6.8176349 ] } },
{ "type": "Feature", "properties": { "index": "440", "@osmId": "node/3662899077", "name": null, "opening_hours": null, "label": "Places of worship", "color": "#8856a7" }, "geometry": { "type": "Point", "coordinates": [ 39.2407873, -6.81381 ] } },
{ "type": "Feature", "properties": { "index": "441", "@osmId": "node/3668350503", "name": "Al-Madrasati", "opening_hours": null, "label": "Places of worship", "color": "#8856a7" }, "geometry": { "type": "Point", "coordinates": [ 39.2398715, -6.8098034 ] } },
{ "type": "Feature", "properties": { "index": "442", "@osmId": "node/3668472414", "name": "Adventist Church", "opening_hours": null, "label": "Places of worship", "color": "#8856a7" }, "geometry": { "type": "Point", "coordinates": [ 39.2396591, -6.8114954 ] } },
{ "type": "Feature", "properties": { "index": "443", "@osmId": "node/3669931566", "name": null, "opening_hours": null, "label": "Places of worship", "color": "#8856a7" }, "geometry": { "type": "Point", "coordinates": [ 39.2305952, -6.8110528 ] } },
{ "type": "Feature", "properties": { "index": "444", "@osmId": "node/3680175993", "name": null, "opening_hours": null, "label": "Places of worship", "color": "#8856a7" }, "geometry": { "type": "Point", "coordinates": [ 39.232676, -6.8073279 ] } },
{ "type": "Feature", "properties": { "index": "445", "@osmId": "node/3680175997", "name": null, "opening_hours": null, "label": "Places of worship", "color": "#8856a7" }, "geometry": { "type": "Point", "coordinates": [ 39.2338457, -6.808337 ] } },
{ "type": "Feature", "properties": { "index": "446", "@osmId": "node/3680199355", "name": null, "opening_hours": null, "label": "Places of worship", "color": "#8856a7" }, "geometry": { "type": "Point", "coordinates": [ 39.2306076, -6.8067138 ] } },
{ "type": "Feature", "properties": { "index": "447", "@osmId": "node/3745383509", "name": null, "opening_hours": null, "label": "Places of worship", "color": "#8856a7" }, "geometry": { "type": "Point", "coordinates": [ 39.2342574, -6.8192944 ] } },
{ "type": "Feature", "properties": { "index": "448", "@osmId": "node/3752606146", "name": null, "opening_hours": null, "label": "Places of worship", "color": "#8856a7" }, "geometry": { "type": "Point", "coordinates": [ 39.2384627, -6.8397714 ] } },
{ "type": "Feature", "properties": { "index": "449", "@osmId": "node/3752718679", "name": "AL-Madrasatul Maa-wal Islamiyah", "opening_hours": null, "label": "Places of worship", "color": "#8856a7" }, "geometry": { "type": "Point", "coordinates": [ 39.2353458, -6.7982126 ] } },
{ "type": "Feature", "properties": { "index": "450", "@osmId": "node/3755585628", "name": "Christian church", "opening_hours": null, "label": "Places of worship", "color": "#8856a7" }, "geometry": { "type": "Point", "coordinates": [ 39.2341758, -6.8206101 ] } },
{ "type": "Feature", "properties": { "index": "451", "@osmId": "node/3764329517", "name": "Al Madrasa Hassanayn Islamiya", "opening_hours": null, "label": "Places of worship", "color": "#8856a7" }, "geometry": { "type": "Point", "coordinates": [ 39.2332961, -6.7998792 ] } },
{ "type": "Feature", "properties": { "index": "452", "@osmId": "node/3784508529", "name": "International Evangelisan Assemblies Gospel Unity", "opening_hours": null, "label": "Places of worship", "color": "#8856a7" }, "geometry": { "type": "Point", "coordinates": [ 39.2291098, -6.8258911 ] } },
{ "type": "Feature", "properties": { "index": "453", "@osmId": "node/4555554300", "name": "World changing gospel ministry", "opening_hours": null, "label": "Places of worship", "color": "#8856a7" }, "geometry": { "type": "Point", "coordinates": [ 39.2236466, -6.8257419 ] } },
{ "type": "Feature", "properties": { "index": "454", "@osmId": "node/4555554993", "name": "place of worship", "opening_hours": null, "label": "Places of worship", "color": "#8856a7" }, "geometry": { "type": "Point", "coordinates": [ 39.232984, -6.8279233 ] } },
{ "type": "Feature", "properties": { "index": "455", "@osmId": "node/4570010397", "name": "Lutheran church", "opening_hours": null, "label": "Places of worship", "color": "#8856a7" }, "geometry": { "type": "Point", "coordinates": [ 39.2365532, -6.8158011 ] } },
{ "type": "Feature", "properties": { "index": "456", "@osmId": "node/4570010398", "name": "Evangelistics assemblies of God", "opening_hours": null, "label": "Places of worship", "color": "#8856a7" }, "geometry": { "type": "Point", "coordinates": [ 39.2341457, -6.8142174 ] } },
{ "type": "Feature", "properties": { "index": "457", "@osmId": "node/4570048094", "name": "Pentecostal church", "opening_hours": null, "label": "Places of worship", "color": "#8856a7" }, "geometry": { "type": "Point", "coordinates": [ 39.2342623, -6.8137969 ] } },
{ "type": "Feature", "properties": { "index": "458", "@osmId": "node/4570105389", "name": "Siloam ministry international", "opening_hours": null, "label": "Places of worship", "color": "#8856a7" }, "geometry": { "type": "Point", "coordinates": [ 39.225359, -6.8106876 ] } },
{ "type": "Feature", "properties": { "index": "459", "@osmId": "node/4575200607", "name": "Kwamtale", "opening_hours": null, "label": "Places of worship", "color": "#8856a7" }, "geometry": { "type": "Point", "coordinates": [ 39.2423995, -6.8167533 ] } },
{ "type": "Feature", "properties": { "index": "460", "@osmId": "node/4580524389", "name": "Mtakatifu Vicent", "opening_hours": null, "label": "Places of worship", "color": "#8856a7" }, "geometry": { "type": "Point", "coordinates": [ 39.2407227, -6.8324562 ] } },
{ "type": "Feature", "properties": { "index": "461", "@osmId": "node/5550194457", "name": "Kwamtale", "opening_hours": null, "label": "Places of worship", "color": "#8856a7" }, "geometry": { "type": "Point", "coordinates": [ 39.2407171, -6.8185757 ] } },
{ "type": "Feature", "properties": { "index": "462", "@osmId": "node/5550260526", "name": "Kanisa la Morovian Tanzania", "opening_hours": null, "label": "Places of worship", "color": "#8856a7" }, "geometry": { "type": "Point", "coordinates": [ 39.2407138, -6.8181751 ] } },
{ "type": "Feature", "properties": { "index": "463", "@osmId": "node/5985030255", "name": null, "opening_hours": null, "label": "Places of worship", "color": "#8856a7" }, "geometry": { "type": "Point", "coordinates": [ 39.2242463, -6.8316185 ] } },
{ "type": "Feature", "properties": { "index": "464", "@osmId": "node/6026684953", "name": "Halmiyyatul Islamiyya", "opening_hours": null, "label": "Places of worship", "color": "#8856a7" }, "geometry": { "type": "Point", "coordinates": [ 39.2352903, -6.8354332 ] } },
{ "type": "Feature", "properties": { "index": "465", "@osmId": "node/6073234081", "name": "EAGT", "opening_hours": null, "label": "Places of worship", "color": "#8856a7" }, "geometry": { "type": "Point", "coordinates": [ 39.2238829, -6.8364923 ] } },
{ "type": "Feature", "properties": { "index": "466", "@osmId": "node/6207097890", "name": "Masjid Aqswaaa", "opening_hours": null, "label": "Places of worship", "color": "#8856a7" }, "geometry": { "type": "Point", "coordinates": [ 39.2327565, -6.8428118 ] } },
{ "type": "Feature", "properties": { "index": "467", "@osmId": "node/6207097891", "name": "Kanisa la Maisha ya Ushindi", "opening_hours": null, "label": "Places of worship", "color": "#8856a7" }, "geometry": { "type": "Point", "coordinates": [ 39.2331573, -6.8426657 ] } },
{ "type": "Feature", "properties": { "index": "468", "@osmId": "node/6207097892", "name": "Pentecosta H.A.M", "opening_hours": null, "label": "Places of worship", "color": "#8856a7" }, "geometry": { "type": "Point", "coordinates": [ 39.2331597, -6.842489 ] } },
{ "type": "Feature", "properties": { "index": "469", "@osmId": "node/6207097894", "name": "The center for Islamic Tawhiid Markazi Tawhiid 'Islamiya'", "opening_hours": null, "label": "Places of worship", "color": "#8856a7" }, "geometry": { "type": "Point", "coordinates": [ 39.2298395, -6.8424349 ] } },
{ "type": "Feature", "properties": { "index": "470", "@osmId": "node/6207109006", "name": "Almadrasat Makas Imaanil Islamiy", "opening_hours": null, "label": "Places of worship", "color": "#8856a7" }, "geometry": { "type": "Point", "coordinates": [ 39.2314201, -6.8396262 ] } },
{ "type": "Feature", "properties": { "index": "471", "@osmId": "node/6207109008", "name": "Seventh Day Adventist Church", "opening_hours": null, "label": "Places of worship", "color": "#8856a7" }, "geometry": { "type": "Point", "coordinates": [ 39.231412, -6.836068 ] } },
{ "type": "Feature", "properties": { "index": "472", "@osmId": "node/6207109009", "name": "KLP Pentecostal Church", "opening_hours": null, "label": "Places of worship", "color": "#8856a7" }, "geometry": { "type": "Point", "coordinates": [ 39.2294757, -6.8357165 ] } },
{ "type": "Feature", "properties": { "index": "473", "@osmId": "node/6207109012", "name": "Madrasa kwa Dobe", "opening_hours": null, "label": "Places of worship", "color": "#8856a7" }, "geometry": { "type": "Point", "coordinates": [ 39.2309991, -6.8346019 ] } },
{ "type": "Feature", "properties": { "index": "474", "@osmId": "node/6218476261", "name": "Holyghost Foundation Church", "opening_hours": null, "label": "Places of worship", "color": "#8856a7" }, "geometry": { "type": "Point", "coordinates": [ 39.2213845, -6.8421523 ] } },
{ "type": "Feature", "properties": { "index": "475", "@osmId": "node/6235828851", "name": null, "opening_hours": null, "label": "Places of worship", "color": "#8856a7" }, "geometry": { "type": "Point", "coordinates": [ 39.226624, -6.8004307 ] } },
{ "type": "Feature", "properties": { "index": "476", "@osmId": "node/6251554997", "name": "almasjidul tandale", "opening_hours": null, "label": "Places of worship", "color": "#8856a7" }, "geometry": { "type": "Point", "coordinates": [ 39.2429253, -6.7917548 ] } },
{ "type": "Feature", "properties": { "index": "477", "@osmId": "node/6285447611", "name": "Assemblies of God Kijitonyama", "opening_hours": null, "label": "Places of worship", "color": "#8856a7" }, "geometry": { "type": "Point", "coordinates": [ 39.2379246, -6.7829373 ] } },
{ "type": "Feature", "properties": { "index": "478", "@osmId": "node/6285447612", "name": "Assemblies of God Kijitonyama", "opening_hours": null, "label": "Places of worship", "color": "#8856a7" }, "geometry": { "type": "Point", "coordinates": [ 39.2379992, -6.783005 ] } },
{ "type": "Feature", "properties": { "index": "479", "@osmId": "node/6285464095", "name": "Masjid Taqwa", "opening_hours": null, "label": "Places of worship", "color": "#8856a7" }, "geometry": { "type": "Point", "coordinates": [ 39.2385402, -6.7827403 ] } },
{ "type": "Feature", "properties": { "index": "480", "@osmId": "node/6285813872", "name": "Masjid Sham", "opening_hours": null, "label": "Places of worship", "color": "#8856a7" }, "geometry": { "type": "Point", "coordinates": [ 39.2361041, -6.7863838 ] } },
{ "type": "Feature", "properties": { "index": "481", "@osmId": "node/6354480701", "name": "Mulzah Wilmar", "opening_hours": null, "label": "Places of worship", "color": "#8856a7" }, "geometry": { "type": "Point", "coordinates": [ 39.2387826, -6.8325537 ] } },
{ "type": "Feature", "properties": { "index": "482", "@osmId": "node/6375406759", "name": null, "opening_hours": null, "label": "Places of worship", "color": "#8856a7" }, "geometry": { "type": "Point", "coordinates": [ 39.237923, -6.7874956 ] } },
{ "type": "Feature", "properties": { "index": "483", "@osmId": "node/6397929607", "name": "Masjid NNUR(Makukula)", "opening_hours": null, "label": "Places of worship", "color": "#8856a7" }, "geometry": { "type": "Point", "coordinates": [ 39.2428471, -6.8367481 ] } },
{ "type": "Feature", "properties": { "index": "484", "@osmId": "node/6397929622", "name": "Kibonde Maji Masjid", "opening_hours": null, "label": "Places of worship", "color": "#8856a7" }, "geometry": { "type": "Point", "coordinates": [ 39.2426516, -6.8338077 ] } },
{ "type": "Feature", "properties": { "index": "485", "@osmId": "node/6397929624", "name": "TAG Church", "opening_hours": null, "label": "Places of worship", "color": "#8856a7" }, "geometry": { "type": "Point", "coordinates": [ 39.2422784, -6.8290207 ] } },
{ "type": "Feature", "properties": { "index": "486", "@osmId": "node/6397929626", "name": "Roman Catholic Church", "opening_hours": null, "label": "Places of worship", "color": "#8856a7" }, "geometry": { "type": "Point", "coordinates": [ 39.2407357, -6.8324617 ] } },
{ "type": "Feature", "properties": { "index": "487", "@osmId": "node/6397929627", "name": "Masjid Bofu", "opening_hours": null, "label": "Places of worship", "color": "#8856a7" }, "geometry": { "type": "Point", "coordinates": [ 39.2421238, -6.8304881 ] } },
{ "type": "Feature", "properties": { "index": "488", "@osmId": "node/6398244361", "name": "Masjid Kijitonyama", "opening_hours": null, "label": "Places of worship", "color": "#8856a7" }, "geometry": { "type": "Point", "coordinates": [ 39.2427041, -6.7802255 ] } },
{ "type": "Feature", "properties": { "index": "489", "@osmId": "node/6398244362", "name": "Mji Wa Makimbilio Church", "opening_hours": null, "label": "Places of worship", "color": "#8856a7" }, "geometry": { "type": "Point", "coordinates": [ 39.2407434, -6.7813317 ] } },
{ "type": "Feature", "properties": { "index": "490", "@osmId": "node/6398244374", "name": "Roman Catholic Church", "opening_hours": null, "label": "Places of worship", "color": "#8856a7" }, "geometry": { "type": "Point", "coordinates": [ 39.2382998, -6.7863365 ] } },
{ "type": "Feature", "properties": { "index": "491", "@osmId": "node/6398244375", "name": "Waruguru Mosque", "opening_hours": null, "label": "Places of worship", "color": "#8856a7" }, "geometry": { "type": "Point", "coordinates": [ 39.2385522, -6.7875347 ] } },
{ "type": "Feature", "properties": { "index": "492", "@osmId": "node/6398244381", "name": "Roman Catholic Church", "opening_hours": null, "label": "Places of worship", "color": "#8856a7" }, "geometry": { "type": "Point", "coordinates": [ 39.2374606, -6.7866582 ] } },
{ "type": "Feature", "properties": { "index": "493", "@osmId": "node/6398244787", "name": "Masjid Sham", "opening_hours": null, "label": "Places of worship", "color": "#8856a7" }, "geometry": { "type": "Point", "coordinates": [ 39.236159, -6.786629 ] } },
{ "type": "Feature", "properties": { "index": "494", "@osmId": "node/6398244789", "name": "Masjid Taqwa", "opening_hours": null, "label": "Places of worship", "color": "#8856a7" }, "geometry": { "type": "Point", "coordinates": [ 39.2381083, -6.7831291 ] } },
{ "type": "Feature", "properties": { "index": "495", "@osmId": "node/6398244790", "name": "Tanzania Assemblies of God", "opening_hours": null, "label": "Places of worship", "color": "#8856a7" }, "geometry": { "type": "Point", "coordinates": [ 39.2379758, -6.7832658 ] } },
{ "type": "Feature", "properties": { "index": "496", "@osmId": "node/6398244794", "name": "The New Hope Christian Church", "opening_hours": null, "label": "Places of worship", "color": "#8856a7" }, "geometry": { "type": "Point", "coordinates": [ 39.2410781, -6.7822405 ] } },
{ "type": "Feature", "properties": { "index": "497", "@osmId": "node/6398244795", "name": "Pentecoste Church", "opening_hours": null, "label": "Places of worship", "color": "#8856a7" }, "geometry": { "type": "Point", "coordinates": [ 39.240219, -6.7884689 ] } },
{ "type": "Feature", "properties": { "index": "498", "@osmId": "node/6398244796", "name": "Evengelist Church", "opening_hours": null, "label": "Places of worship", "color": "#8856a7" }, "geometry": { "type": "Point", "coordinates": [ 39.2400433, -6.7891239 ] } },
{ "type": "Feature", "properties": { "index": "499", "@osmId": "node/6398244797", "name": "Ebenezer Christian Church", "opening_hours": null, "label": "Places of worship", "color": "#8856a7" }, "geometry": { "type": "Point", "coordinates": [ 39.2409723, -6.7878052 ] } },
{ "type": "Feature", "properties": { "index": "500", "@osmId": "node/6400555949", "name": "Masjid Jihad", "opening_hours": null, "label": "Places of worship", "color": "#8856a7" }, "geometry": { "type": "Point", "coordinates": [ 39.2373896, -6.8011887 ] } },
{ "type": "Feature", "properties": { "index": "501", "@osmId": "node/6400555965", "name": "Hidaya Mosque", "opening_hours": null, "label": "Places of worship", "color": "#8856a7" }, "geometry": { "type": "Point", "coordinates": [ 39.2426106, -6.8093634 ] } },
{ "type": "Feature", "properties": { "index": "502", "@osmId": "node/6400556025", "name": "KKKT Church", "opening_hours": null, "label": "Places of worship", "color": "#8856a7" }, "geometry": { "type": "Point", "coordinates": [ 39.2361384, -6.8044863 ] } },
{ "type": "Feature", "properties": { "index": "503", "@osmId": "node/6400556031", "name": "TAG Church", "opening_hours": null, "label": "Places of worship", "color": "#8856a7" }, "geometry": { "type": "Point", "coordinates": [ 39.2378305, -6.8036056 ] } },
{ "type": "Feature", "properties": { "index": "504", "@osmId": "node/6400556036", "name": "Al Masjid Rahman", "opening_hours": null, "label": "Places of worship", "color": "#8856a7" }, "geometry": { "type": "Point", "coordinates": [ 39.2430564, -6.8024096 ] } },
{ "type": "Feature", "properties": { "index": "505", "@osmId": "node/6405873784", "name": "Seventh day adventist church", "opening_hours": null, "label": "Places of worship", "color": "#8856a7" }, "geometry": { "type": "Point", "coordinates": [ 39.2363563, -6.7982955 ] } },
{ "type": "Feature", "properties": { "index": "506", "@osmId": "node/6405874087", "name": "Al Rahman mosue", "opening_hours": null, "label": "Places of worship", "color": "#8856a7" }, "geometry": { "type": "Point", "coordinates": [ 39.2381932, -6.7981759 ] } },
{ "type": "Feature", "properties": { "index": "507", "@osmId": "node/6405874093", "name": "Nurul huda mosque", "opening_hours": null, "label": "Places of worship", "color": "#8856a7" }, "geometry": { "type": "Point", "coordinates": [ 39.2387603, -6.8001032 ] } },
{ "type": "Feature", "properties": { "index": "508", "@osmId": "node/6406706965", "name": "Catholic Church", "opening_hours": null, "label": "Places of worship", "color": "#8856a7" }, "geometry": { "type": "Point", "coordinates": [ 39.2261855, -6.7824286 ] } },
{ "type": "Feature", "properties": { "index": "509", "@osmId": "node/6406706967", "name": "Nearmeso school Church", "opening_hours": null, "label": "Places of worship", "color": "#8856a7" }, "geometry": { "type": "Point", "coordinates": [ 39.2229602, -6.7840377 ] } },
{ "type": "Feature", "properties": { "index": "510", "@osmId": "node/6406706968", "name": "Church of God", "opening_hours": null, "label": "Places of worship", "color": "#8856a7" }, "geometry": { "type": "Point", "coordinates": [ 39.2285052, -6.7814405 ] } },
{ "type": "Feature", "properties": { "index": "511", "@osmId": "node/6406706978", "name": "Masjid Fisajibillahj", "opening_hours": null, "label": "Places of worship", "color": "#8856a7" }, "geometry": { "type": "Point", "coordinates": [ 39.2325425, -6.787694 ] } },
{ "type": "Feature", "properties": { "index": "512", "@osmId": "node/6406706979", "name": "Manzese SDA church", "opening_hours": null, "label": "Places of worship", "color": "#8856a7" }, "geometry": { "type": "Point", "coordinates": [ 39.2311907, -6.7875875 ] } },
{ "type": "Feature", "properties": { "index": "513", "@osmId": "node/6406707889", "name": "Fresh spring fellowship", "opening_hours": null, "label": "Places of worship", "color": "#8856a7" }, "geometry": { "type": "Point", "coordinates": [ 39.2259532, -6.7855203 ] } },
{ "type": "Feature", "properties": { "index": "514", "@osmId": "node/6406707891", "name": "Jiddah masjid", "opening_hours": null, "label": "Places of worship", "color": "#8856a7" }, "geometry": { "type": "Point", "coordinates": [ 39.2270579, -6.7843653 ] } },
{ "type": "Feature", "properties": { "index": "515", "@osmId": "node/6406707901", "name": "Revelation Church", "opening_hours": null, "label": "Places of worship", "color": "#8856a7" }, "geometry": { "type": "Point", "coordinates": [ 39.2243348, -6.7901432 ] } },
{ "type": "Feature", "properties": { "index": "516", "@osmId": "node/6406707906", "name": "Masjid Swaffa Mosque", "opening_hours": null, "label": "Places of worship", "color": "#8856a7" }, "geometry": { "type": "Point", "coordinates": [ 39.2232642, -6.7878357 ] } },
{ "type": "Feature", "properties": { "index": "517", "@osmId": "node/6406707914", "name": "Fullness and Fireness Church", "opening_hours": null, "label": "Places of worship", "color": "#8856a7" }, "geometry": { "type": "Point", "coordinates": [ 39.227048, -6.791336 ] } },
{ "type": "Feature", "properties": { "index": "518", "@osmId": "node/6406707916", "name": "T.A.G Church", "opening_hours": null, "label": "Places of worship", "color": "#8856a7" }, "geometry": { "type": "Point", "coordinates": [ 39.2284577, -6.7904184 ] } },
{ "type": "Feature", "properties": { "index": "519", "@osmId": "node/6406752437", "name": "Masjid Mnawar", "opening_hours": null, "label": "Places of worship", "color": "#8856a7" }, "geometry": { "type": "Point", "coordinates": [ 39.2221071, -6.831889 ] } },
{ "type": "Feature", "properties": { "index": "520", "@osmId": "node/6406752448", "name": "TAG Church", "opening_hours": null, "label": "Places of worship", "color": "#8856a7" }, "geometry": { "type": "Point", "coordinates": [ 39.2291481, -6.8295131 ] } },
{ "type": "Feature", "properties": { "index": "521", "@osmId": "node/6406752459", "name": "AZ Sharifu Masjid", "opening_hours": null, "label": "Places of worship", "color": "#8856a7" }, "geometry": { "type": "Point", "coordinates": [ 39.2276344, -6.8291059 ] } },
{ "type": "Feature", "properties": { "index": "522", "@osmId": "node/6406752460", "name": "Aqwa Masjid", "opening_hours": null, "label": "Places of worship", "color": "#8856a7" }, "geometry": { "type": "Point", "coordinates": [ 39.2264906, -6.8298348 ] } },
{ "type": "Feature", "properties": { "index": "523", "@osmId": "node/6406752461", "name": "Lukuu Masjid", "opening_hours": null, "label": "Places of worship", "color": "#8856a7" }, "geometry": { "type": "Point", "coordinates": [ 39.2282665, -6.8290781 ] } },
{ "type": "Feature", "properties": { "index": "524", "@osmId": "node/6406752462", "name": "Tabata Lutheran Church", "opening_hours": null, "label": "Places of worship", "color": "#8856a7" }, "geometry": { "type": "Point", "coordinates": [ 39.2258013, -6.8267735 ] } },
{ "type": "Feature", "properties": { "index": "525", "@osmId": "node/6406752463", "name": "Seventh Day Adventist Church", "opening_hours": null, "label": "Places of worship", "color": "#8856a7" }, "geometry": { "type": "Point", "coordinates": [ 39.2288122, -6.8274567 ] } },
{ "type": "Feature", "properties": { "index": "526", "@osmId": "node/6406752480", "name": "Masjid Wakfu", "opening_hours": null, "label": "Places of worship", "color": "#8856a7" }, "geometry": { "type": "Point", "coordinates": [ 39.2345597, -6.8292846 ] } },
{ "type": "Feature", "properties": { "index": "527", "@osmId": "node/6406752591", "name": "Masjid Nuur", "opening_hours": null, "label": "Places of worship", "color": "#8856a7" }, "geometry": { "type": "Point", "coordinates": [ 39.2286133, -6.8228804 ] } },
{ "type": "Feature", "properties": { "index": "528", "@osmId": "node/6406752603", "name": "Masjid Dhawwa", "opening_hours": null, "label": "Places of worship", "color": "#8856a7" }, "geometry": { "type": "Point", "coordinates": [ 39.2349011, -6.8258855 ] } },
{ "type": "Feature", "properties": { "index": "529", "@osmId": "node/6406752605", "name": "Masjid Islam Mosque", "opening_hours": null, "label": "Places of worship", "color": "#8856a7" }, "geometry": { "type": "Point", "coordinates": [ 39.2326591, -6.8220266 ] } },
{ "type": "Feature", "properties": { "index": "530", "@osmId": "node/6406752607", "name": "Masjid Swabul Mosque", "opening_hours": null, "label": "Places of worship", "color": "#8856a7" }, "geometry": { "type": "Point", "coordinates": [ 39.2329445, -6.8234755 ] } },
{ "type": "Feature", "properties": { "index": "531", "@osmId": "node/6406752609", "name": "Abundant Blessing Centre (Pentecoste)", "opening_hours": null, "label": "Places of worship", "color": "#8856a7" }, "geometry": { "type": "Point", "coordinates": [ 39.2327621, -6.8215145 ] } },
{ "type": "Feature", "properties": { "index": "532", "@osmId": "node/6406787728", "name": "Free Pentecost Church of Tanzania", "opening_hours": null, "label": "Places of worship", "color": "#8856a7" }, "geometry": { "type": "Point", "coordinates": [ 39.2391709, -6.7918637 ] } },
{ "type": "Feature", "properties": { "index": "533", "@osmId": "node/6406787729", "name": "Masjid Baharin", "opening_hours": null, "label": "Places of worship", "color": "#8856a7" }, "geometry": { "type": "Point", "coordinates": [ 39.2378299, -6.789498 ] } },
{ "type": "Feature", "properties": { "index": "534", "@osmId": "node/6406787730", "name": "Masjid Munira Mosque", "opening_hours": null, "label": "Places of worship", "color": "#8856a7" }, "geometry": { "type": "Point", "coordinates": [ 39.2382442, -6.7927958 ] } },
{ "type": "Feature", "properties": { "index": "535", "@osmId": "node/6406787731", "name": null, "opening_hours": null, "label": "Places of worship", "color": "#8856a7" }, "geometry": { "type": "Point", "coordinates": [ 39.2373721, -6.7911878 ] } },
{ "type": "Feature", "properties": { "index": "536", "@osmId": "node/6406787733", "name": "Seventh day adventist church", "opening_hours": null, "label": "Places of worship", "color": "#8856a7" }, "geometry": { "type": "Point", "coordinates": [ 39.2395798, -6.7943837 ] } },
{ "type": "Feature", "properties": { "index": "537", "@osmId": "node/6406787735", "name": "EATG", "opening_hours": null, "label": "Places of worship", "color": "#8856a7" }, "geometry": { "type": "Point", "coordinates": [ 39.2392993, -6.7956091 ] } },
{ "type": "Feature", "properties": { "index": "538", "@osmId": "node/6406787736", "name": "TAG Church", "opening_hours": null, "label": "Places of worship", "color": "#8856a7" }, "geometry": { "type": "Point", "coordinates": [ 39.239455, -6.7949348 ] } },
{ "type": "Feature", "properties": { "index": "539", "@osmId": "node/6406787739", "name": "Roman cathoric", "opening_hours": null, "label": "Places of worship", "color": "#8856a7" }, "geometry": { "type": "Point", "coordinates": [ 39.2409334, -6.796796 ] } },
{ "type": "Feature", "properties": { "index": "540", "@osmId": "node/6406787759", "name": "Masjid Omary Farouk", "opening_hours": null, "label": "Places of worship", "color": "#8856a7" }, "geometry": { "type": "Point", "coordinates": [ 39.2404095, -6.7907504 ] } },
{ "type": "Feature", "properties": { "index": "541", "@osmId": "node/6406787761", "name": "Masjid Mubarakat", "opening_hours": null, "label": "Places of worship", "color": "#8856a7" }, "geometry": { "type": "Point", "coordinates": [ 39.2422557, -6.7907776 ] } },
{ "type": "Feature", "properties": { "index": "542", "@osmId": "node/6408610577", "name": "Masjid Sarafia", "opening_hours": null, "label": "Places of worship", "color": "#8856a7" }, "geometry": { "type": "Point", "coordinates": [ 39.2287117, -6.8485837 ] } },
{ "type": "Feature", "properties": { "index": "543", "@osmId": "node/6408617589", "name": "Masjid islamic tauba", "opening_hours": null, "label": "Places of worship", "color": "#8856a7" }, "geometry": { "type": "Point", "coordinates": [ 39.2228211, -6.8491733 ] } },
{ "type": "Feature", "properties": { "index": "544", "@osmId": "node/6408617591", "name": "PenteCoastal Gospel Mission", "opening_hours": null, "label": "Places of worship", "color": "#8856a7" }, "geometry": { "type": "Point", "coordinates": [ 39.2256723, -6.8471387 ] } },
{ "type": "Feature", "properties": { "index": "545", "@osmId": "node/6408617592", "name": "Anglican church", "opening_hours": null, "label": "Places of worship", "color": "#8856a7" }, "geometry": { "type": "Point", "coordinates": [ 39.2268171, -6.8474931 ] } },
{ "type": "Feature", "properties": { "index": "546", "@osmId": "node/6408617594", "name": "Masjid Rahman", "opening_hours": null, "label": "Places of worship", "color": "#8856a7" }, "geometry": { "type": "Point", "coordinates": [ 39.2258543, -6.8486953 ] } },
{ "type": "Feature", "properties": { "index": "547", "@osmId": "node/6408617598", "name": "Masjid Al-Nuhu", "opening_hours": null, "label": "Places of worship", "color": "#8856a7" }, "geometry": { "type": "Point", "coordinates": [ 39.2258968, -6.8494693 ] } },
{ "type": "Feature", "properties": { "index": "548", "@osmId": "node/6408617600", "name": "Sabath church", "opening_hours": null, "label": "Places of worship", "color": "#8856a7" }, "geometry": { "type": "Point", "coordinates": [ 39.2236201, -6.8478829 ] } },
{ "type": "Feature", "properties": { "index": "549", "@osmId": "node/6408617603", "name": "EGT church", "opening_hours": null, "label": "Places of worship", "color": "#8856a7" }, "geometry": { "type": "Point", "coordinates": [ 39.2215719, -6.8484619 ] } },
{ "type": "Feature", "properties": { "index": "550", "@osmId": "node/6408617606", "name": "Roman Catholic Church", "opening_hours": null, "label": "Places of worship", "color": "#8856a7" }, "geometry": { "type": "Point", "coordinates": [ 39.2221278, -6.8478506 ] } },
{ "type": "Feature", "properties": { "index": "551", "@osmId": "node/6408617608", "name": "Church of God in Tanzania", "opening_hours": null, "label": "Places of worship", "color": "#8856a7" }, "geometry": { "type": "Point", "coordinates": [ 39.225512, -6.8460911 ] } },
{ "type": "Feature", "properties": { "index": "552", "@osmId": "node/6408617609", "name": "Masjid Zavara", "opening_hours": null, "label": "Places of worship", "color": "#8856a7" }, "geometry": { "type": "Point", "coordinates": [ 39.2245694, -6.8467488 ] } },
{ "type": "Feature", "properties": { "index": "553", "@osmId": "node/6408617610", "name": "Masjid Lilah", "opening_hours": null, "label": "Places of worship", "color": "#8856a7" }, "geometry": { "type": "Point", "coordinates": [ 39.2242438, -6.8464925 ] } },
{ "type": "Feature", "properties": { "index": "554", "@osmId": "node/6408617611", "name": "Moravian Church", "opening_hours": null, "label": "Places of worship", "color": "#8856a7" }, "geometry": { "type": "Point", "coordinates": [ 39.2229579, -6.846396 ] } },
{ "type": "Feature", "properties": { "index": "555", "@osmId": "node/6408617616", "name": "Masjid Relini", "opening_hours": null, "label": "Places of worship", "color": "#8856a7" }, "geometry": { "type": "Point", "coordinates": [ 39.2351747, -6.8354715 ] } },
{ "type": "Feature", "properties": { "index": "556", "@osmId": "node/6408617618", "name": "Korean (Church and School)", "opening_hours": null, "label": "Places of worship", "color": "#8856a7" }, "geometry": { "type": "Point", "coordinates": [ 39.2334857, -6.8346321 ] } },
{ "type": "Feature", "properties": { "index": "557", "@osmId": "node/6408617621", "name": "Pentocoste Church", "opening_hours": null, "label": "Places of worship", "color": "#8856a7" }, "geometry": { "type": "Point", "coordinates": [ 39.2320027, -6.8357429 ] } },
{ "type": "Feature", "properties": { "index": "558", "@osmId": "node/6408617622", "name": "Msikiti kwa Mzee Khatibu", "opening_hours": null, "label": "Places of worship", "color": "#8856a7" }, "geometry": { "type": "Point", "coordinates": [ 39.2314688, -6.8353285 ] } },
{ "type": "Feature", "properties": { "index": "559", "@osmId": "node/6408617626", "name": "Catholic Church", "opening_hours": null, "label": "Places of worship", "color": "#8856a7" }, "geometry": { "type": "Point", "coordinates": [ 39.2312012, -6.8373095 ] } },
{ "type": "Feature", "properties": { "index": "560", "@osmId": "node/6408617627", "name": "Al masjid kanuni", "opening_hours": null, "label": "Places of worship", "color": "#8856a7" }, "geometry": { "type": "Point", "coordinates": [ 39.2323998, -6.8377943 ] } },
{ "type": "Feature", "properties": { "index": "561", "@osmId": "node/6408617630", "name": "Msalabani Church", "opening_hours": null, "label": "Places of worship", "color": "#8856a7" }, "geometry": { "type": "Point", "coordinates": [ 39.2282514, -6.8381896 ] } },
{ "type": "Feature", "properties": { "index": "562", "@osmId": "node/6408617634", "name": "Msikiti wa Kichanga Chui", "opening_hours": null, "label": "Places of worship", "color": "#8856a7" }, "geometry": { "type": "Point", "coordinates": [ 39.2288113, -6.8410434 ] } },
{ "type": "Feature", "properties": { "index": "563", "@osmId": "node/6408617637", "name": "Msikiti Dume", "opening_hours": null, "label": "Places of worship", "color": "#8856a7" }, "geometry": { "type": "Point", "coordinates": [ 39.2311632, -6.8410382 ] } },
{ "type": "Feature", "properties": { "index": "564", "@osmId": "node/6408617643", "name": "Masjid Spenco", "opening_hours": null, "label": "Places of worship", "color": "#8856a7" }, "geometry": { "type": "Point", "coordinates": [ 39.2350586, -6.8398438 ] } },
{ "type": "Feature", "properties": { "index": "565", "@osmId": "node/6408617645", "name": "Msikiti wa Kidarajani", "opening_hours": null, "label": "Places of worship", "color": "#8856a7" }, "geometry": { "type": "Point", "coordinates": [ 39.2360868, -6.8413583 ] } },
{ "type": "Feature", "properties": { "index": "566", "@osmId": "node/6408617647", "name": "Mashahidi wa Yehova Church", "opening_hours": null, "label": "Places of worship", "color": "#8856a7" }, "geometry": { "type": "Point", "coordinates": [ 39.2385201, -6.8396432 ] } },
{ "type": "Feature", "properties": { "index": "567", "@osmId": "node/6408636267", "name": "Al Masjid Hisan", "opening_hours": null, "label": "Places of worship", "color": "#8856a7" }, "geometry": { "type": "Point", "coordinates": [ 39.2256306, -6.7969032 ] } },
{ "type": "Feature", "properties": { "index": "568", "@osmId": "node/6408636268", "name": "EAGT Church", "opening_hours": null, "label": "Places of worship", "color": "#8856a7" }, "geometry": { "type": "Point", "coordinates": [ 39.2260326, -6.7956995 ] } },
{ "type": "Feature", "properties": { "index": "569", "@osmId": "node/6408636269", "name": "Catholic Church", "opening_hours": null, "label": "Places of worship", "color": "#8856a7" }, "geometry": { "type": "Point", "coordinates": [ 39.2215184, -6.7940612 ] } },
{ "type": "Feature", "properties": { "index": "570", "@osmId": "node/6411897222", "name": null, "opening_hours": null, "label": "Places of worship", "color": "#8856a7" }, "geometry": { "type": "Point", "coordinates": [ 39.2274166, -6.8295411 ] } },
{ "type": "Feature", "properties": { "index": "571", "@osmId": "node/9267203397", "name": "Saint John The Baptist", "opening_hours": null, "label": "Places of worship", "color": "#8856a7" }, "geometry": { "type": "Point", "coordinates": [ 39.2339869, -6.8180302 ] } },
{ "type": "Feature", "properties": { "index": "572", "@osmId": "node/9267203401", "name": "Pentecoste Free Church", "opening_hours": null, "label": "Places of worship", "color": "#8856a7" }, "geometry": { "type": "Point", "coordinates": [ 39.237063, -6.821207 ] } },
{ "type": "Feature", "properties": { "index": "573", "@osmId": "node/9267203407", "name": "Adventist Church", "opening_hours": null, "label": "Places of worship", "color": "#8856a7" }, "geometry": { "type": "Point", "coordinates": [ 39.2426491, -6.8202504 ] } },
{ "type": "Feature", "properties": { "index": "574", "@osmId": "node/9267203416", "name": null, "opening_hours": null, "label": "Places of worship", "color": "#8856a7" }, "geometry": { "type": "Point", "coordinates": [ 39.2343664, -6.8185246 ] } },
{ "type": "Feature", "properties": { "index": "575", "@osmId": "node/9267205929", "name": null, "opening_hours": null, "label": "Places of worship", "color": "#8856a7" }, "geometry": { "type": "Point", "coordinates": [ 39.242456, -6.8171398 ] } },
{ "type": "Feature", "properties": { "index": "576", "@osmId": "node/9267205941", "name": "Masjid Rahman", "opening_hours": null, "label": "Places of worship", "color": "#8856a7" }, "geometry": { "type": "Point", "coordinates": [ 39.2404968, -6.8222636 ] } },
{ "type": "Feature", "properties": { "index": "577", "@osmId": "node/9267205948", "name": "Kanisa Halisi la Mungu Baba", "opening_hours": null, "label": "Places of worship", "color": "#8856a7" }, "geometry": { "type": "Point", "coordinates": [ 39.235723, -6.8188941 ] } },
{ "type": "Feature", "properties": { "index": "578", "@osmId": "node/9267205950", "name": "Jamia Masjid Imail Giga", "opening_hours": null, "label": "Places of worship", "color": "#8856a7" }, "geometry": { "type": "Point", "coordinates": [ 39.2284105, -6.8208042 ] } },
{ "type": "Feature", "properties": { "index": "579", "@osmId": "relation/6214976", "name": "DIT Library", "opening_hours": null, "label": "Public libraries", "color": "#756bb1" }, "geometry": { "type": "Polygon", "coordinates": [ [ [ 39.2794456, -6.8150276 ], [ 39.2793939, -6.8151156 ], [ 39.2794398, -6.8151368 ], [ 39.2794984, -6.815178 ], [ 39.2795121, -6.8151514 ], [ 39.2796253, -6.81522 ], [ 39.2796784, -6.8151335 ], [ 39.2795764, -6.8150717 ], [ 39.2796042, -6.8150264 ], [ 39.2795454, -6.8149908 ], [ 39.2795198, -6.8150325 ], [ 39.2794898, -6.8150143 ], [ 39.2794719, -6.8150435 ], [ 39.2794456, -6.8150276 ] ] ] } },
{ "type": "Feature", "properties": { "index": "580", "@osmId": "way/1161705007", "name": null, "opening_hours": null, "label": "Public libraries", "color": "#756bb1" }, "geometry": { "type": "Polygon", "coordinates": [ [ [ 39.2719701, -6.8343174 ], [ 39.2719427, -6.834368 ], [ 39.2720128, -6.8344054 ], [ 39.2720402, -6.8343548 ], [ 39.2719701, -6.8343174 ] ] ] } },
{ "type": "Feature", "properties": { "index": "581", "@osmId": "way/372805149", "name": null, "opening_hours": null, "label": "Public libraries", "color": "#756bb1" }, "geometry": { "type": "Polygon", "coordinates": [ [ [ 39.2356004, -6.8441264 ], [ 39.2355933, -6.8440378 ], [ 39.2355392, -6.8440421 ], [ 39.2355477, -6.8440968 ], [ 39.2355549, -6.8441301 ], [ 39.2356004, -6.8441264 ] ] ] } },
{ "type": "Feature", "properties": { "index": "582", "@osmId": "way/372805150", "name": null, "opening_hours": null, "label": "Public libraries", "color": "#756bb1" }, "geometry": { "type": "Polygon", "coordinates": [ [ [ 39.2347065, -6.8432097 ], [ 39.2346754, -6.8432129 ], [ 39.2346843, -6.8432966 ], [ 39.2348073, -6.8432837 ], [ 39.2348018, -6.8432308 ], [ 39.234767, -6.8432344 ], [ 39.2347692, -6.8432545 ], [ 39.2347596, -6.8432555 ], [ 39.2347554, -6.8432157 ], [ 39.2347077, -6.8432206 ], [ 39.2347065, -6.8432097 ] ] ] } },
{ "type": "Feature", "properties": { "index": "583", "@osmId": "node/282844140", "name": "National Central Library", "opening_hours": "Mo-Fr 09:00-19:00", "label": "Public libraries", "color": "#756bb1" }, "geometry": { "type": "Point", "coordinates": [ 39.2846201, -6.8115985 ] } },
{ "type": "Feature", "properties": { "index": "584", "@osmId": "node/3612523200", "name": "Masanja Library", "opening_hours": null, "label": "Public libraries", "color": "#756bb1" }, "geometry": { "type": "Point", "coordinates": [ 39.2611505, -6.8212783 ] } },
{ "type": "Feature", "properties": { "index": "585", "@osmId": "node/3668573982", "name": "Vitamin Library", "opening_hours": null, "label": "Public libraries", "color": "#756bb1" }, "geometry": { "type": "Point", "coordinates": [ 39.2742849, -6.8374118 ] } },
{ "type": "Feature", "properties": { "index": "586", "@osmId": "node/3670167199", "name": null, "opening_hours": null, "label": "Public libraries", "color": "#756bb1" }, "geometry": { "type": "Point", "coordinates": [ 39.2780012, -6.8360083 ] } },
{ "type": "Feature", "properties": { "index": "587", "@osmId": "node/3707822202", "name": null, "opening_hours": null, "label": "Public libraries", "color": "#756bb1" }, "geometry": { "type": "Point", "coordinates": [ 39.2438341, -6.833844 ] } },
{ "type": "Feature", "properties": { "index": "588", "@osmId": "node/3707860256", "name": null, "opening_hours": null, "label": "Public libraries", "color": "#756bb1" }, "geometry": { "type": "Point", "coordinates": [ 39.2443129, -6.8337915 ] } },
{ "type": "Feature", "properties": { "index": "589", "@osmId": "node/3711727850", "name": null, "opening_hours": null, "label": "Public libraries", "color": "#756bb1" }, "geometry": { "type": "Point", "coordinates": [ 39.2511063, -6.8349519 ] } },
{ "type": "Feature", "properties": { "index": "590", "@osmId": "node/3714692835", "name": null, "opening_hours": null, "label": "Public libraries", "color": "#756bb1" }, "geometry": { "type": "Point", "coordinates": [ 39.2494139, -6.8323231 ] } },
{ "type": "Feature", "properties": { "index": "591", "@osmId": "node/3714692838", "name": null, "opening_hours": null, "label": "Public libraries", "color": "#756bb1" }, "geometry": { "type": "Point", "coordinates": [ 39.2494931, -6.8323477 ] } },
{ "type": "Feature", "properties": { "index": "592", "@osmId": "node/3714980595", "name": null, "opening_hours": null, "label": "Public libraries", "color": "#756bb1" }, "geometry": { "type": "Point", "coordinates": [ 39.247305, -6.8298555 ] } },
{ "type": "Feature", "properties": { "index": "593", "@osmId": "node/3742375581", "name": "Yong spot", "opening_hours": null, "label": "Public libraries", "color": "#756bb1" }, "geometry": { "type": "Point", "coordinates": [ 39.2719286, -6.8168274 ] } },
{ "type": "Feature", "properties": { "index": "594", "@osmId": "node/3742385521", "name": "Kwa Neema Library", "opening_hours": null, "label": "Public libraries", "color": "#756bb1" }, "geometry": { "type": "Point", "coordinates": [ 39.2498685, -6.8170669 ] } },
{ "type": "Feature", "properties": { "index": "595", "@osmId": "node/3742472636", "name": "Kan Library", "opening_hours": null, "label": "Public libraries", "color": "#756bb1" }, "geometry": { "type": "Point", "coordinates": [ 39.2779436, -6.8175815 ] } },
{ "type": "Feature", "properties": { "index": "596", "@osmId": "node/3742494878", "name": "Amazon Office &Stationary", "opening_hours": null, "label": "Public libraries", "color": "#756bb1" }, "geometry": { "type": "Point", "coordinates": [ 39.2774921, -6.8177931 ] } },
{ "type": "Feature", "properties": { "index": "597", "@osmId": "node/3752529209", "name": "Bright Star Film Campany", "opening_hours": null, "label": "Public libraries", "color": "#756bb1" }, "geometry": { "type": "Point", "coordinates": [ 39.2447663, -6.8172843 ] } },
{ "type": "Feature", "properties": { "index": "598", "@osmId": "node/3752529210", "name": "Bright Star Film Campany", "opening_hours": null, "label": "Public libraries", "color": "#756bb1" }, "geometry": { "type": "Point", "coordinates": [ 39.2447263, -6.817304 ] } },
{ "type": "Feature", "properties": { "index": "599", "@osmId": "node/3754113626", "name": "Juma Library Music", "opening_hours": null, "label": "Public libraries", "color": "#756bb1" }, "geometry": { "type": "Point", "coordinates": [ 39.2477206, -6.8173568 ] } },
{ "type": "Feature", "properties": { "index": "600", "@osmId": "node/3758631238", "name": "Mkopo Video Library", "opening_hours": null, "label": "Public libraries", "color": "#756bb1" }, "geometry": { "type": "Point", "coordinates": [ 39.2518352, -6.8174938 ] } },
{ "type": "Feature", "properties": { "index": "601", "@osmId": "node/3840388559", "name": null, "opening_hours": null, "label": "Public libraries", "color": "#756bb1" }, "geometry": { "type": "Point", "coordinates": [ 39.2599961, -6.8298293 ] } },
{ "type": "Feature", "properties": { "index": "602", "@osmId": "node/3842226432", "name": null, "opening_hours": null, "label": "Public libraries", "color": "#756bb1" }, "geometry": { "type": "Point", "coordinates": [ 39.2541481, -6.8337476 ] } },
{ "type": "Feature", "properties": { "index": "603", "@osmId": "node/9275336750", "name": "Kalova Sauganile", "opening_hours": null, "label": "Public libraries", "color": "#756bb1" }, "geometry": { "type": "Point", "coordinates": [ 39.2637042, -6.8232836 ] } },
{ "type": "Feature", "properties": { "index": "604", "@osmId": "node/1404335917", "name": null, "opening_hours": null, "label": "Public libraries", "color": "#756bb1" }, "geometry": { "type": "Point", "coordinates": [ 39.2456039, -6.7952311 ] } },
{ "type": "Feature", "properties": { "index": "605", "@osmId": "node/3455285502", "name": "My Roz Production", "opening_hours": null, "label": "Public libraries", "color": "#756bb1" }, "geometry": { "type": "Point", "coordinates": [ 39.2543765, -6.8005865 ] } },
{ "type": "Feature", "properties": { "index": "606", "@osmId": "node/3455347174", "name": "Ndonga Best", "opening_hours": null, "label": "Public libraries", "color": "#756bb1" }, "geometry": { "type": "Point", "coordinates": [ 39.2546803, -6.8005768 ] } },
{ "type": "Feature", "properties": { "index": "607", "@osmId": "node/3662978090", "name": "Ramadhani Brother", "opening_hours": null, "label": "Public libraries", "color": "#756bb1" }, "geometry": { "type": "Point", "coordinates": [ 39.2524217, -6.7913394 ] } },
{ "type": "Feature", "properties": { "index": "608", "@osmId": "node/3668489901", "name": null, "opening_hours": null, "label": "Public libraries", "color": "#756bb1" }, "geometry": { "type": "Point", "coordinates": [ 39.2436738, -6.8033382 ] } },
{ "type": "Feature", "properties": { "index": "609", "@osmId": "node/3668489902", "name": null, "opening_hours": null, "label": "Public libraries", "color": "#756bb1" }, "geometry": { "type": "Point", "coordinates": [ 39.2436371, -6.8034281 ] } },
{ "type": "Feature", "properties": { "index": "610", "@osmId": "node/3671594212", "name": "JJOM", "opening_hours": null, "label": "Public libraries", "color": "#756bb1" }, "geometry": { "type": "Point", "coordinates": [ 39.254176, -6.79278 ] } },
{ "type": "Feature", "properties": { "index": "611", "@osmId": "node/3671746411", "name": "Zahoro Library", "opening_hours": null, "label": "Public libraries", "color": "#756bb1" }, "geometry": { "type": "Point", "coordinates": [ 39.2523989, -6.7880333 ] } },
{ "type": "Feature", "properties": { "index": "612", "@osmId": "node/3702710531", "name": null, "opening_hours": null, "label": "Public libraries", "color": "#756bb1" }, "geometry": { "type": "Point", "coordinates": [ 39.2613236, -6.8083247 ] } },
{ "type": "Feature", "properties": { "index": "613", "@osmId": "node/3702713370", "name": "Mwambambale Library", "opening_hours": null, "label": "Public libraries", "color": "#756bb1" }, "geometry": { "type": "Point", "coordinates": [ 39.2533749, -6.788598 ] } },
{ "type": "Feature", "properties": { "index": "614", "@osmId": "node/3706212828", "name": "Jay Matelephone", "opening_hours": null, "label": "Public libraries", "color": "#756bb1" }, "geometry": { "type": "Point", "coordinates": [ 39.2664083, -6.7971054 ] } },
{ "type": "Feature", "properties": { "index": "615", "@osmId": "node/3706394367", "name": "Kirando Music Video", "opening_hours": null, "label": "Public libraries", "color": "#756bb1" }, "geometry": { "type": "Point", "coordinates": [ 39.2647602, -6.8018892 ] } },
{ "type": "Feature", "properties": { "index": "616", "@osmId": "node/3707757631", "name": "DJ Tall library", "opening_hours": null, "label": "Public libraries", "color": "#756bb1" }, "geometry": { "type": "Point", "coordinates": [ 39.2659961, -6.7983711 ] } },
{ "type": "Feature", "properties": { "index": "617", "@osmId": "node/3707823365", "name": null, "opening_hours": null, "label": "Public libraries", "color": "#756bb1" }, "geometry": { "type": "Point", "coordinates": [ 39.2687153, -6.7976611 ] } },
{ "type": "Feature", "properties": { "index": "618", "@osmId": "node/3713194338", "name": "Phone Accessories", "opening_hours": null, "label": "Public libraries", "color": "#756bb1" }, "geometry": { "type": "Point", "coordinates": [ 39.2645744, -6.7974023 ] } },
{ "type": "Feature", "properties": { "index": "619", "@osmId": "node/3713265674", "name": "Mosodoke Library", "opening_hours": null, "label": "Public libraries", "color": "#756bb1" }, "geometry": { "type": "Point", "coordinates": [ 39.2582083, -6.7998363 ] } },
{ "type": "Feature", "properties": { "index": "620", "@osmId": "node/3743819608", "name": "Photo Studio", "opening_hours": null, "label": "Public libraries", "color": "#756bb1" }, "geometry": { "type": "Point", "coordinates": [ 39.2553763, -6.8086218 ] } },
{ "type": "Feature", "properties": { "index": "621", "@osmId": "node/9267380450", "name": null, "opening_hours": "Mo-Fr 07:00-17:00", "label": "Public libraries", "color": "#756bb1" }, "geometry": { "type": "Point", "coordinates": [ 39.2768312, -6.8045478 ] } },
{ "type": "Feature", "properties": { "index": "622", "@osmId": "node/1400833911", "name": "Kirobo Video Library", "opening_hours": "Mo-Su 08:30-20:00", "label": "Public libraries", "color": "#756bb1" }, "geometry": { "type": "Point", "coordinates": [ 39.2376293, -6.796939 ] } },
{ "type": "Feature", "properties": { "index": "623", "@osmId": "node/1401926562", "name": null, "opening_hours": null, "label": "Public libraries", "color": "#756bb1" }, "geometry": { "type": "Point", "coordinates": [ 39.2430462, -6.7923854 ] } },
{ "type": "Feature", "properties": { "index": "624", "@osmId": "node/3661356361", "name": null, "opening_hours": null, "label": "Public libraries", "color": "#756bb1" }, "geometry": { "type": "Point", "coordinates": [ 39.236387, -6.8120093 ] } },
{ "type": "Feature", "properties": { "index": "625", "@osmId": "node/3662727974", "name": null, "opening_hours": null, "label": "Public libraries", "color": "#756bb1" }, "geometry": { "type": "Point", "coordinates": [ 39.2273661, -6.8085165 ] } },
{ "type": "Feature", "properties": { "index": "626", "@osmId": "node/3663353830", "name": null, "opening_hours": null, "label": "Public libraries", "color": "#756bb1" }, "geometry": { "type": "Point", "coordinates": [ 39.2415452, -6.8017178 ] } },
{ "type": "Feature", "properties": { "index": "627", "@osmId": "node/3671537997", "name": null, "opening_hours": null, "label": "Public libraries", "color": "#756bb1" }, "geometry": { "type": "Point", "coordinates": [ 39.2300209, -6.8105467 ] } },
{ "type": "Feature", "properties": { "index": "628", "@osmId": "node/3671590543", "name": "Poteza", "opening_hours": null, "label": "Public libraries", "color": "#756bb1" }, "geometry": { "type": "Point", "coordinates": [ 39.2298119, -6.808859 ] } },
{ "type": "Feature", "properties": { "index": "629", "@osmId": "node/3671590599", "name": null, "opening_hours": null, "label": "Public libraries", "color": "#756bb1" }, "geometry": { "type": "Point", "coordinates": [ 39.2299194, -6.8089597 ] } },
{ "type": "Feature", "properties": { "index": "630", "@osmId": "node/3673174454", "name": null, "opening_hours": null, "label": "Public libraries", "color": "#756bb1" }, "geometry": { "type": "Point", "coordinates": [ 39.2281728, -6.8081437 ] } },
{ "type": "Feature", "properties": { "index": "631", "@osmId": "node/3673174472", "name": null, "opening_hours": null, "label": "Public libraries", "color": "#756bb1" }, "geometry": { "type": "Point", "coordinates": [ 39.2277295, -6.8080769 ] } },
{ "type": "Feature", "properties": { "index": "632", "@osmId": "node/3702768945", "name": "Fail Media", "opening_hours": null, "label": "Public libraries", "color": "#756bb1" }, "geometry": { "type": "Point", "coordinates": [ 39.2403207, -6.8393529 ] } },
{ "type": "Feature", "properties": { "index": "633", "@osmId": "node/3702768980", "name": null, "opening_hours": null, "label": "Public libraries", "color": "#756bb1" }, "geometry": { "type": "Point", "coordinates": [ 39.2399813, -6.8395911 ] } },
{ "type": "Feature", "properties": { "index": "634", "@osmId": "node/3704476521", "name": null, "opening_hours": null, "label": "Public libraries", "color": "#756bb1" }, "geometry": { "type": "Point", "coordinates": [ 39.2387467, -6.8380294 ] } },
{ "type": "Feature", "properties": { "index": "635", "@osmId": "node/3707822214", "name": null, "opening_hours": null, "label": "Public libraries", "color": "#756bb1" }, "geometry": { "type": "Point", "coordinates": [ 39.2430741, -6.8342241 ] } },
{ "type": "Feature", "properties": { "index": "636", "@osmId": "node/3722624679", "name": "Salmin Music Shop", "opening_hours": null, "label": "Public libraries", "color": "#756bb1" }, "geometry": { "type": "Point", "coordinates": [ 39.2429764, -6.8386616 ] } },
{ "type": "Feature", "properties": { "index": "637", "@osmId": "node/3743801128", "name": null, "opening_hours": null, "label": "Public libraries", "color": "#756bb1" }, "geometry": { "type": "Point", "coordinates": [ 39.2305037, -6.8435596 ] } },
{ "type": "Feature", "properties": { "index": "638", "@osmId": "node/3743801149", "name": null, "opening_hours": null, "label": "Public libraries", "color": "#756bb1" }, "geometry": { "type": "Point", "coordinates": [ 39.229723, -6.8435793 ] } },
{ "type": "Feature", "properties": { "index": "639", "@osmId": "node/3743884500", "name": "Denis Clasic Library", "opening_hours": null, "label": "Public libraries", "color": "#756bb1" }, "geometry": { "type": "Point", "coordinates": [ 39.2421527, -6.8205423 ] } },
{ "type": "Feature", "properties": { "index": "640", "@osmId": "node/3743926612", "name": "Hans library", "opening_hours": null, "label": "Public libraries", "color": "#756bb1" }, "geometry": { "type": "Point", "coordinates": [ 39.2379794, -6.8427408 ] } },
{ "type": "Feature", "properties": { "index": "641", "@osmId": "node/3743986061", "name": "Mapesa Library", "opening_hours": null, "label": "Public libraries", "color": "#756bb1" }, "geometry": { "type": "Point", "coordinates": [ 39.2305188, -6.8446928 ] } },
{ "type": "Feature", "properties": { "index": "642", "@osmId": "node/3743994262", "name": null, "opening_hours": null, "label": "Public libraries", "color": "#756bb1" }, "geometry": { "type": "Point", "coordinates": [ 39.2341404, -6.8459297 ] } },
{ "type": "Feature", "properties": { "index": "643", "@osmId": "node/3744479893", "name": "Nyanga Library", "opening_hours": null, "label": "Public libraries", "color": "#756bb1" }, "geometry": { "type": "Point", "coordinates": [ 39.2287851, -6.8448791 ] } },
{ "type": "Feature", "properties": { "index": "644", "@osmId": "node/3745000953", "name": null, "opening_hours": null, "label": "Public libraries", "color": "#756bb1" }, "geometry": { "type": "Point", "coordinates": [ 39.2274588, -6.8460144 ] } },
{ "type": "Feature", "properties": { "index": "645", "@osmId": "node/3745163155", "name": null, "opening_hours": null, "label": "Public libraries", "color": "#756bb1" }, "geometry": { "type": "Point", "coordinates": [ 39.2351794, -6.7964656 ] } },
{ "type": "Feature", "properties": { "index": "646", "@osmId": "node/3745199031", "name": null, "opening_hours": null, "label": "Public libraries", "color": "#756bb1" }, "geometry": { "type": "Point", "coordinates": [ 39.2329855, -6.7885846 ] } },
{ "type": "Feature", "properties": { "index": "647", "@osmId": "node/3745216100", "name": null, "opening_hours": null, "label": "Public libraries", "color": "#756bb1" }, "geometry": { "type": "Point", "coordinates": [ 39.2333334, -6.7985689 ] } },
{ "type": "Feature", "properties": { "index": "648", "@osmId": "node/3745339401", "name": null, "opening_hours": null, "label": "Public libraries", "color": "#756bb1" }, "geometry": { "type": "Point", "coordinates": [ 39.2359923, -6.8199623 ] } },
{ "type": "Feature", "properties": { "index": "649", "@osmId": "node/3745364702", "name": "J4 Library", "opening_hours": null, "label": "Public libraries", "color": "#756bb1" }, "geometry": { "type": "Point", "coordinates": [ 39.2295405, -6.8456343 ] } },
{ "type": "Feature", "properties": { "index": "650", "@osmId": "node/3745384894", "name": null, "opening_hours": null, "label": "Public libraries", "color": "#756bb1" }, "geometry": { "type": "Point", "coordinates": [ 39.2289626, -6.8451117 ] } },
{ "type": "Feature", "properties": { "index": "651", "@osmId": "node/3747284664", "name": null, "opening_hours": null, "label": "Public libraries", "color": "#756bb1" }, "geometry": { "type": "Point", "coordinates": [ 39.2420739, -6.8191252 ] } },
{ "type": "Feature", "properties": { "index": "652", "@osmId": "node/3747521793", "name": null, "opening_hours": null, "label": "Public libraries", "color": "#756bb1" }, "geometry": { "type": "Point", "coordinates": [ 39.2326942, -6.844372 ] } },
{ "type": "Feature", "properties": { "index": "653", "@osmId": "node/3748213789", "name": "Dr. Love Library", "opening_hours": null, "label": "Public libraries", "color": "#756bb1" }, "geometry": { "type": "Point", "coordinates": [ 39.2406395, -6.8195537 ] } },
{ "type": "Feature", "properties": { "index": "654", "@osmId": "node/3752543019", "name": null, "opening_hours": null, "label": "Public libraries", "color": "#756bb1" }, "geometry": { "type": "Point", "coordinates": [ 39.2413764, -6.822305 ] } },
{ "type": "Feature", "properties": { "index": "655", "@osmId": "node/3752545179", "name": "Hans The Great Video", "opening_hours": null, "label": "Public libraries", "color": "#756bb1" }, "geometry": { "type": "Point", "coordinates": [ 39.2414126, -6.8215223 ] } },
{ "type": "Feature", "properties": { "index": "656", "@osmId": "node/3752718694", "name": null, "opening_hours": null, "label": "Public libraries", "color": "#756bb1" }, "geometry": { "type": "Point", "coordinates": [ 39.2354752, -6.7979436 ] } },
{ "type": "Feature", "properties": { "index": "657", "@osmId": "node/3754139746", "name": null, "opening_hours": null, "label": "Public libraries", "color": "#756bb1" }, "geometry": { "type": "Point", "coordinates": [ 39.2263302, -6.8415331 ] } },
{ "type": "Feature", "properties": { "index": "658", "@osmId": "node/3755614039", "name": null, "opening_hours": null, "label": "Public libraries", "color": "#756bb1" }, "geometry": { "type": "Point", "coordinates": [ 39.2289525, -6.8427739 ] } },
{ "type": "Feature", "properties": { "index": "659", "@osmId": "node/3755663484", "name": null, "opening_hours": null, "label": "Public libraries", "color": "#756bb1" }, "geometry": { "type": "Point", "coordinates": [ 39.2314315, -6.8350598 ] } },
{ "type": "Feature", "properties": { "index": "660", "@osmId": "node/3755663510", "name": null, "opening_hours": null, "label": "Public libraries", "color": "#756bb1" }, "geometry": { "type": "Point", "coordinates": [ 39.2290406, -6.835684 ] } },
{ "type": "Feature", "properties": { "index": "661", "@osmId": "node/3755669756", "name": null, "opening_hours": null, "label": "Public libraries", "color": "#756bb1" }, "geometry": { "type": "Point", "coordinates": [ 39.2241351, -6.8462882 ] } },
{ "type": "Feature", "properties": { "index": "662", "@osmId": "node/3757611258", "name": null, "opening_hours": null, "label": "Public libraries", "color": "#756bb1" }, "geometry": { "type": "Point", "coordinates": [ 39.2243555, -6.8446315 ] } },
{ "type": "Feature", "properties": { "index": "663", "@osmId": "node/3758570648", "name": "Mzazi Bullah Library", "opening_hours": null, "label": "Public libraries", "color": "#756bb1" }, "geometry": { "type": "Point", "coordinates": [ 39.2296433, -6.8416373 ] } },
{ "type": "Feature", "properties": { "index": "664", "@osmId": "node/3758570666", "name": null, "opening_hours": null, "label": "Public libraries", "color": "#756bb1" }, "geometry": { "type": "Point", "coordinates": [ 39.2295397, -6.8415796 ] } },
{ "type": "Feature", "properties": { "index": "665", "@osmId": "node/3758666293", "name": null, "opening_hours": null, "label": "Public libraries", "color": "#756bb1" }, "geometry": { "type": "Point", "coordinates": [ 39.2311172, -6.8046016 ] } },
{ "type": "Feature", "properties": { "index": "666", "@osmId": "node/3794031714", "name": "Mkenya Video Library", "opening_hours": null, "label": "Public libraries", "color": "#756bb1" }, "geometry": { "type": "Point", "coordinates": [ 39.2216456, -6.8391932 ] } },
{ "type": "Feature", "properties": { "index": "667", "@osmId": "node/3794126478", "name": "Momba Video Library", "opening_hours": null, "label": "Public libraries", "color": "#756bb1" }, "geometry": { "type": "Point", "coordinates": [ 39.222158, -6.8384116 ] } },
{ "type": "Feature", "properties": { "index": "668", "@osmId": "node/4586714656", "name": "Suma Library", "opening_hours": null, "label": "Public libraries", "color": "#756bb1" }, "geometry": { "type": "Point", "coordinates": [ 39.2397725, -6.8426951 ] } },
{ "type": "Feature", "properties": { "index": "669", "@osmId": "node/5100232425", "name": null, "opening_hours": null, "label": "Public libraries", "color": "#756bb1" }, "geometry": { "type": "Point", "coordinates": [ 39.2298965, -6.7972196 ] } },
{ "type": "Feature", "properties": { "index": "670", "@osmId": "node/6406707899", "name": "Udzungwa Library", "opening_hours": null, "label": "Public libraries", "color": "#756bb1" }, "geometry": { "type": "Point", "coordinates": [ 39.2302251, -6.7826442 ] } },
{ "type": "Feature", "properties": { "index": "671", "@osmId": "node/9275336415", "name": null, "opening_hours": null, "label": "Public libraries", "color": "#756bb1" }, "geometry": { "type": "Point", "coordinates": [ 39.2405959, -6.818234 ] } },
{ "type": "Feature", "properties": { "index": "672", "@osmId": "way/151730109", "name": "National Museum of Tanzania", "opening_hours": null, "label": "Museums & galleries", "color": "#dd3497" }, "geometry": { "type": "Polygon", "coordinates": [ [ [ 39.2935989, -6.8133244 ], [ 39.2936409, -6.8133776 ], [ 39.2938465, -6.8136234 ], [ 39.2938862, -6.8135956 ], [ 39.2939289, -6.8136443 ], [ 39.2938998, -6.8136712 ], [ 39.2939949, -6.813781 ], [ 39.2940647, -6.8137228 ], [ 39.2942048, -6.8138941 ], [ 39.2942002, -6.8138979 ], [ 39.2942698, -6.813983 ], [ 39.2946339, -6.8136738 ], [ 39.2945456, -6.8135649 ], [ 39.2942903, -6.8137748 ], [ 39.2941667, -6.8136239 ], [ 39.2942441, -6.8135574 ], [ 39.2941568, -6.813454 ], [ 39.2940436, -6.8135476 ], [ 39.2940126, -6.8135143 ], [ 39.2940188, -6.8135091 ], [ 39.29393, -6.8134072 ], [ 39.2939255, -6.8134109 ], [ 39.2939048, -6.8133853 ], [ 39.2938895, -6.8133586 ], [ 39.2938845, -6.8133224 ], [ 39.2938867, -6.8132855 ], [ 39.2938993, -6.8132538 ], [ 39.2939386, -6.8132082 ], [ 39.2939445, -6.813216 ], [ 39.2940335, -6.8131401 ], [ 39.294007, -6.8129981 ], [ 39.2939363, -6.8130108 ], [ 39.2939149, -6.812983 ], [ 39.2936531, -6.8132131 ], [ 39.2936041, -6.8132575 ], [ 39.2936, -6.8132651 ], [ 39.2935973, -6.8132743 ], [ 39.2935956, -6.8132864 ], [ 39.2935953, -6.8132966 ], [ 39.2935958, -6.813314 ], [ 39.2935989, -6.8133244 ] ] ] } },
{ "type": "Feature", "properties": { "index": "673", "@osmId": "way/400056754", "name": "King George V Memorial Museum", "opening_hours": null, "label": "Museums & galleries", "color": "#dd3497" }, "geometry": { "type": "Polygon", "coordinates": [ [ [ 39.2944747, -6.8130135 ], [ 39.2943911, -6.8130821 ], [ 39.2944759, -6.8131841 ], [ 39.2944328, -6.8132195 ], [ 39.2945186, -6.8133227 ], [ 39.2945746, -6.8132768 ], [ 39.2946631, -6.8133832 ], [ 39.2947459, -6.8133152 ], [ 39.2947286, -6.8132944 ], [ 39.2947166, -6.8133042 ], [ 39.2945655, -6.8131226 ], [ 39.2944747, -6.8130135 ] ] ] } },
{ "type": "Feature", "properties": { "index": "674", "@osmId": "way/451985626", "name": "National Museum of Tanzania", "opening_hours": null, "label": "Museums & galleries", "color": "#dd3497" }, "geometry": { "type": "Polygon", "coordinates": [ [ [ 39.2945437, -6.8135537 ], [ 39.294724, -6.8137759 ], [ 39.2950306, -6.8135195 ], [ 39.2949205, -6.8133918 ], [ 39.2947638, -6.8135255 ], [ 39.2947396, -6.8134975 ], [ 39.2947154, -6.8135204 ], [ 39.294697, -6.813539 ], [ 39.2946826, -6.813551 ], [ 39.2946688, -6.813557 ], [ 39.2946447, -6.8135563 ], [ 39.2946175, -6.8135527 ], [ 39.294594, -6.8135397 ], [ 39.2945766, -6.8135261 ], [ 39.2945437, -6.8135537 ] ] ] } },
{ "type": "Feature", "properties": { "index": "675", "@osmId": "way/626201289", "name": "Hope out of sorrow", "opening_hours": null, "label": "Museums & galleries", "color": "#dd3497" }, "geometry": { "type": "Polygon", "coordinates": [ [ [ 39.2943654, -6.8134554 ], [ 39.2943607, -6.8135174 ], [ 39.2944413, -6.8135235 ], [ 39.2944399, -6.8135428 ], [ 39.2944842, -6.8135462 ], [ 39.2944964, -6.8135471 ], [ 39.2945013, -6.8134828 ], [ 39.2944906, -6.813482 ], [ 39.2944964, -6.8134061 ], [ 39.2944307, -6.8134012 ], [ 39.2944262, -6.81346 ], [ 39.2943654, -6.8134554 ] ] ] } },
{ "type": "Feature", "properties": { "index": "676", "@osmId": "way/626211087", "name": "Presidents Cars", "opening_hours": null, "label": "Museums & galleries", "color": "#dd3497" }, "geometry": { "type": "Polygon", "coordinates": [ [ [ 39.2941189, -6.8133654 ], [ 39.2940151, -6.8134516 ], [ 39.2940546, -6.8134984 ], [ 39.2941584, -6.8134122 ], [ 39.2941189, -6.8133654 ] ] ] } },
{ "type": "Feature", "properties": { "index": "677", "@osmId": "way/624408706", "name": null, "opening_hours": null, "label": "Museums & galleries", "color": "#dd3497" }, "geometry": { "type": "Polygon", "coordinates": [ [ [ 39.2261997, -6.8344458 ], [ 39.2261604, -6.8344792 ], [ 39.2261789, -6.8345007 ], [ 39.2262182, -6.8344673 ], [ 39.2261997, -6.8344458 ] ] ] } },
{ "type": "Feature", "properties": { "index": "678", "@osmId": "node/6406317852", "name": "Mwalimu Nyerere Museum", "opening_hours": null, "label": "Museums & galleries", "color": "#dd3497" }, "geometry": { "type": "Point", "coordinates": [ 39.2536069, -6.8072215 ] } },
{ "type": "Feature", "properties": { "index": "679", "@osmId": "node/10074554017", "name": "Old Boma Museum", "opening_hours": null, "label": "Museums & galleries", "color": "#dd3497" }, "geometry": { "type": "Point", "coordinates": [ 39.2872142, -6.8204917 ] } },
{ "type": "Feature", "properties": { "index": "680", "@osmId": "way/337074268", "name": "Dar Free Market", "opening_hours": null, "label": "Shopping centres", "color": "#636363" }, "geometry": { "type": "Polygon", "coordinates": [ [ [ 39.2775724, -6.7849883 ], [ 39.2777785, -6.7848976 ], [ 39.2775849, -6.7844642 ], [ 39.2774028, -6.7845444 ], [ 39.2773878, -6.7845109 ], [ 39.2771203, -6.7846288 ], [ 39.2773456, -6.7851332 ], [ 39.2775892, -6.785026 ], [ 39.2775724, -6.7849883 ] ] ] } },
{ "type": "Feature", "properties": { "index": "681", "@osmId": "way/681310092", "name": "GSM Pugu Mall", "opening_hours": null, "label": "Shopping centres", "color": "#636363" }, "geometry": { "type": "Polygon", "coordinates": [ [ [ 39.2574275, -6.8394192 ], [ 39.2571602, -6.838887 ], [ 39.2568846, -6.8390234 ], [ 39.2571519, -6.8395556 ], [ 39.2574275, -6.8394192 ] ] ] } },
{ "type": "Feature", "properties": { "index": "682", "@osmId": "node/921642079", "name": "Haidery Plaza", "opening_hours": null, "label": "Shopping centres", "color": "#636363" }, "geometry": { "type": "Point", "coordinates": [ 39.2865221, -6.8146845 ] } },
{ "type": "Feature", "properties": { "index": "683", "@osmId": "node/3605077336", "name": "Oryx Gas", "opening_hours": null, "label": "Shopping centres", "color": "#636363" }, "geometry": { "type": "Point", "coordinates": [ 39.270835, -6.8216844 ] } },
{ "type": "Feature", "properties": { "index": "684", "@osmId": "node/11491469441", "name": "Victoria Complex", "opening_hours": null, "label": "Shopping centres", "color": "#636363" }, "geometry": { "type": "Point", "coordinates": [ 39.2572463, -6.8377339 ] } },
{ "type": "Feature", "properties": { "index": "685", "@osmId": "node/13468136356", "name": "GSM Plaza", "opening_hours": null, "label": "Shopping centres", "color": "#636363" }, "geometry": { "type": "Point", "coordinates": [ 39.2741357, -6.8295888 ] } },
{ "type": "Feature", "properties": { "index": "686", "@osmId": "node/3745140732", "name": null, "opening_hours": null, "label": "Shopping centres", "color": "#636363" }, "geometry": { "type": "Point", "coordinates": [ 39.2354355, -6.7909916 ] } },
{ "type": "Feature", "properties": { "index": "687", "@osmId": "way/367577850", "name": null, "opening_hours": null, "label": "Fountains & water features", "color": "#41b6c4" }, "geometry": { "type": "Polygon", "coordinates": [ [ [ 39.2696128, -6.7969207 ], [ 39.2695577, -6.7968986 ], [ 39.2695265, -6.7969751 ], [ 39.2695816, -6.7969973 ], [ 39.2696128, -6.7969207 ] ] ] } },
{ "type": "Feature", "properties": { "index": "688", "@osmId": "way/338010299", "name": "Kenyatta Grounds", "opening_hours": null, "label": "Parks & green spaces", "color": "#31a354" }, "geometry": { "type": "Polygon", "coordinates": [ [ [ 39.2839279, -6.7811568 ], [ 39.2838758, -6.781275 ], [ 39.2838194, -6.7815408 ], [ 39.2838319, -6.7818988 ], [ 39.2839408, -6.7825145 ], [ 39.2853902, -6.7819246 ], [ 39.2855283, -6.7817989 ], [ 39.2855795, -6.7816972 ], [ 39.2855017, -6.7814994 ], [ 39.2848208, -6.7802658 ], [ 39.284377, -6.7805577 ], [ 39.2841077, -6.7808308 ], [ 39.2839279, -6.7811568 ] ] ] } },
{ "type": "Feature", "properties": { "index": "689", "@osmId": "way/360823149", "name": "Leaders Club", "opening_hours": null, "label": "Parks & green spaces", "color": "#31a354" }, "geometry": { "type": "Polygon", "coordinates": [ [ [ 39.2751939, -6.7850555 ], [ 39.2749503, -6.7851928 ], [ 39.2746055, -6.7857203 ], [ 39.2744132, -6.7864796 ], [ 39.2745794, -6.7865128 ], [ 39.2745949, -6.786514 ], [ 39.2747176, -6.7865238 ], [ 39.2754856, -6.7867736 ], [ 39.2755227, -6.7870737 ], [ 39.2756563, -6.7874307 ], [ 39.2761638, -6.7876621 ], [ 39.2763393, -6.78757 ], [ 39.2766463, -6.7872811 ], [ 39.2767278, -6.7871958 ], [ 39.2769824, -6.7869509 ], [ 39.2765332, -6.7862222 ], [ 39.2761939, -6.7855643 ], [ 39.275478, -6.7849443 ], [ 39.2751939, -6.7850555 ] ] ] } },
{ "type": "Feature", "properties": { "index": "690", "@osmId": "way/362581059", "name": null, "opening_hours": null, "label": "Parks & green spaces", "color": "#31a354" }, "geometry": { "type": "Polygon", "coordinates": [ [ [ 39.2804632, -6.8349015 ], [ 39.2797967, -6.8348556 ], [ 39.2798834, -6.8362702 ], [ 39.2803946, -6.8363053 ], [ 39.280397, -6.8362962 ], [ 39.2805852, -6.8363082 ], [ 39.2806097, -6.8360231 ], [ 39.2806142, -6.8359709 ], [ 39.2806362, -6.8357152 ], [ 39.2806739, -6.8352546 ], [ 39.2806465, -6.8352296 ], [ 39.2806166, -6.8352124 ], [ 39.2806244, -6.8351481 ], [ 39.2806577, -6.8351314 ], [ 39.2806856, -6.8351076 ], [ 39.2806981, -6.8349423 ], [ 39.2806785, -6.834914 ], [ 39.2806038, -6.8349083 ], [ 39.2806018, -6.8349196 ], [ 39.2805378, -6.8349152 ], [ 39.2805369, -6.8349295 ], [ 39.2804626, -6.8349185 ], [ 39.2804632, -6.8349015 ] ] ] } },
{ "type": "Feature", "properties": { "index": "691", "@osmId": "way/1239876302", "name": "tpc parking", "opening_hours": "Mo-Fr 08:00-17:00", "label": "Parks & green spaces", "color": "#31a354" }, "geometry": { "type": "Polygon", "coordinates": [ [ [ 39.2736584, -6.8495246 ], [ 39.2736503, -6.849506 ], [ 39.2736369, -6.8494633 ], [ 39.2735672, -6.849506 ], [ 39.2735377, -6.8494447 ], [ 39.273476, -6.8494713 ], [ 39.2734304, -6.8494554 ], [ 39.2734411, -6.8496817 ], [ 39.2735484, -6.8496844 ], [ 39.2736584, -6.8496844 ], [ 39.2736852, -6.8496072 ], [ 39.2736718, -6.8495432 ], [ 39.2736584, -6.8495246 ] ] ] } },
{ "type": "Feature", "properties": { "index": "692", "@osmId": "way/363440342", "name": null, "opening_hours": null, "label": "Parks & green spaces", "color": "#31a354" }, "geometry": { "type": "Polygon", "coordinates": [ [ [ 39.2504354, -6.7872153 ], [ 39.2499437, -6.7872602 ], [ 39.2500297, -6.7874911 ], [ 39.250146, -6.7877186 ], [ 39.2501756, -6.7877409 ], [ 39.2501978, -6.7877476 ], [ 39.2502372, -6.7877495 ], [ 39.2502855, -6.7877257 ], [ 39.2503861, -6.7874782 ], [ 39.2504256, -6.7873479 ], [ 39.2504354, -6.7872153 ] ] ] } },
{ "type": "Feature", "properties": { "index": "693", "@osmId": "way/364304516", "name": null, "opening_hours": null, "label": "Parks & green spaces", "color": "#31a354" }, "geometry": { "type": "Polygon", "coordinates": [ [ [ 39.2639469, -6.7869283 ], [ 39.263726, -6.7869109 ], [ 39.2637193, -6.7870439 ], [ 39.263859, -6.7870505 ], [ 39.2638583, -6.7870598 ], [ 39.2639293, -6.7870682 ], [ 39.2639401, -6.7870478 ], [ 39.2639464, -6.7870174 ], [ 39.2639469, -6.7869283 ] ] ] } },
{ "type": "Feature", "properties": { "index": "694", "@osmId": "way/1204034404", "name": "Green Space P1", "opening_hours": null, "label": "Parks & green spaces", "color": "#31a354" }, "geometry": { "type": "Polygon", "coordinates": [ [ [ 39.258639, -6.7867362 ], [ 39.2587557, -6.7876708 ], [ 39.2588753, -6.7875707 ], [ 39.2589211, -6.78753 ], [ 39.2589307, -6.7874606 ], [ 39.2589934, -6.7874199 ], [ 39.2590658, -6.7874654 ], [ 39.2591189, -6.787439 ], [ 39.2591768, -6.7875157 ], [ 39.2591661, -6.7874503 ], [ 39.2591599, -6.7874226 ], [ 39.2591032, -6.7874183 ], [ 39.259076, -6.787371 ], [ 39.2591276, -6.7873284 ], [ 39.2591125, -6.7872952 ], [ 39.259102, -6.7873001 ], [ 39.2590827, -6.787245 ], [ 39.2590537, -6.7872474 ], [ 39.2590296, -6.7871923 ], [ 39.2589814, -6.7870917 ], [ 39.2588926, -6.7871355 ], [ 39.258799, -6.7870916 ], [ 39.2588066, -6.7869935 ], [ 39.2587803, -6.7869496 ], [ 39.2587858, -6.786915 ], [ 39.258794, -6.7868937 ], [ 39.2587614, -6.7868789 ], [ 39.2587447, -6.7868946 ], [ 39.2587231, -6.7868738 ], [ 39.2587107, -6.7868534 ], [ 39.2587142, -6.7868003 ], [ 39.258722, -6.7867633 ], [ 39.2587021, -6.7867488 ], [ 39.258639, -6.7867362 ] ] ] } },
{ "type": "Feature", "properties": { "index": "695", "@osmId": "way/1204034405", "name": null, "opening_hours": null, "label": "Parks & green spaces", "color": "#31a354" }, "geometry": { "type": "Polygon", "coordinates": [ [ [ 39.2587639, -6.787762 ], [ 39.2587557, -6.7876708 ], [ 39.2583347, -6.7876934 ], [ 39.2583173, -6.7876941 ], [ 39.258128, -6.7877452 ], [ 39.2583475, -6.7880058 ], [ 39.2587639, -6.787762 ] ] ] } },
{ "type": "Feature", "properties": { "index": "696", "@osmId": "way/1204034406", "name": null, "opening_hours": null, "label": "Parks & green spaces", "color": "#31a354" }, "geometry": { "type": "Polygon", "coordinates": [ [ [ 39.2583247, -6.7875198 ], [ 39.2583347, -6.7876934 ], [ 39.2587557, -6.7876708 ], [ 39.258639, -6.7867362 ], [ 39.2583989, -6.7867765 ], [ 39.2584005, -6.7869869 ], [ 39.258338, -6.7870676 ], [ 39.2583236, -6.7871387 ], [ 39.2582616, -6.7872477 ], [ 39.2582187, -6.787333 ], [ 39.2582282, -6.7875083 ], [ 39.2583247, -6.7875198 ] ] ] } },
{ "type": "Feature", "properties": { "index": "697", "@osmId": "way/151205893", "name": "ex Botanical Garden", "opening_hours": null, "label": "Parks & green spaces", "color": "#31a354" }, "geometry": { "type": "Polygon", "coordinates": [ [ [ 39.2935791, -6.8120013 ], [ 39.2928558, -6.81258 ], [ 39.2934086, -6.8132666 ], [ 39.2945014, -6.8122911 ], [ 39.2947957, -6.8120308 ], [ 39.2957867, -6.8112297 ], [ 39.2953, -6.8111726 ], [ 39.2943272, -6.8111427 ], [ 39.2942173, -6.8113483 ], [ 39.2939218, -6.8116965 ], [ 39.2935791, -6.8120013 ] ] ] } },
{ "type": "Feature", "properties": { "index": "698", "@osmId": "way/368997802", "name": "Posta ya Zamani Park", "opening_hours": null, "label": "Parks & green spaces", "color": "#31a354" }, "geometry": { "type": "Polygon", "coordinates": [ [ [ 39.2904279, -6.8176903 ], [ 39.2891513, -6.8188574 ], [ 39.2907591, -6.8180767 ], [ 39.2905494, -6.8178321 ], [ 39.2904279, -6.8176903 ] ] ] } },
{ "type": "Feature", "properties": { "index": "699", "@osmId": "way/45769952", "name": null, "opening_hours": null, "label": "Parks & green spaces", "color": "#31a354" }, "geometry": { "type": "Polygon", "coordinates": [ [ [ 39.2797605, -6.8173348 ], [ 39.2788247, -6.8175807 ], [ 39.2794105, -6.8191374 ], [ 39.2803118, -6.8187826 ], [ 39.2797605, -6.8173348 ] ] ] } },
{ "type": "Feature", "properties": { "index": "700", "@osmId": "way/151743234", "name": null, "opening_hours": null, "label": "Parks & green spaces", "color": "#31a354" }, "geometry": { "type": "Polygon", "coordinates": [ [ [ 39.2850705, -6.8203678 ], [ 39.2848291, -6.8201654 ], [ 39.2844268, -6.8208312 ], [ 39.2845287, -6.8209217 ], [ 39.2850705, -6.8203678 ] ] ] } },
{ "type": "Feature", "properties": { "index": "701", "@osmId": "way/354528686", "name": null, "opening_hours": null, "label": "Parks & green spaces", "color": "#31a354" }, "geometry": { "type": "Polygon", "coordinates": [ [ [ 39.2705956, -6.8219234 ], [ 39.2704942, -6.8219572 ], [ 39.2705363, -6.8220816 ], [ 39.2706378, -6.8220477 ], [ 39.2705956, -6.8219234 ] ] ] } },
{ "type": "Feature", "properties": { "index": "702", "@osmId": "way/362586278", "name": null, "opening_hours": null, "label": "Parks & green spaces", "color": "#31a354" }, "geometry": { "type": "Polygon", "coordinates": [ [ [ 39.2779579, -6.8331964 ], [ 39.2780103, -6.8330588 ], [ 39.2779706, -6.8330486 ], [ 39.2779278, -6.8330272 ], [ 39.277924, -6.8329681 ], [ 39.2779239, -6.832857 ], [ 39.2779043, -6.8328064 ], [ 39.277821, -6.8328064 ], [ 39.2777366, -6.8328146 ], [ 39.277734, -6.8328702 ], [ 39.2776805, -6.8329525 ], [ 39.2776306, -6.8329913 ], [ 39.2776924, -6.8330761 ], [ 39.277823, -6.8331589 ], [ 39.2778776, -6.8332038 ], [ 39.2779579, -6.8331964 ] ] ] } },
{ "type": "Feature", "properties": { "index": "703", "@osmId": "way/371218613", "name": null, "opening_hours": null, "label": "Parks & green spaces", "color": "#31a354" }, "geometry": { "type": "Polygon", "coordinates": [ [ [ 39.2738178, -6.8163525 ], [ 39.2737799, -6.816364 ], [ 39.2737942, -6.8164103 ], [ 39.2737821, -6.816414 ], [ 39.2737987, -6.8164678 ], [ 39.2737873, -6.8164713 ], [ 39.2738045, -6.8165269 ], [ 39.2738658, -6.8165083 ], [ 39.2738178, -6.8163525 ] ] ] } },
{ "type": "Feature", "properties": { "index": "704", "@osmId": "way/382852358", "name": "Regency Hospital Car Parking", "opening_hours": null, "label": "Parks & green spaces", "color": "#31a354" }, "geometry": { "type": "Polygon", "coordinates": [ [ [ 39.2789443, -6.8133034 ], [ 39.278702, -6.8133357 ], [ 39.278711, -6.8134017 ], [ 39.2789532, -6.8133694 ], [ 39.2789443, -6.8133034 ] ] ] } },
{ "type": "Feature", "properties": { "index": "705", "@osmId": "way/769691975", "name": null, "opening_hours": null, "label": "Parks & green spaces", "color": "#31a354" }, "geometry": { "type": "Polygon", "coordinates": [ [ [ 39.280914, -6.8224867 ], [ 39.2807104, -6.8226251 ], [ 39.2806881, -6.8226777 ], [ 39.2808164, -6.8227802 ], [ 39.2809084, -6.8227525 ], [ 39.280914, -6.8224867 ] ] ] } },
{ "type": "Feature", "properties": { "index": "706", "@osmId": "way/769691976", "name": null, "opening_hours": null, "label": "Parks & green spaces", "color": "#31a354" }, "geometry": { "type": "Polygon", "coordinates": [ [ [ 39.2805961, -6.8223483 ], [ 39.2805961, -6.8223732 ], [ 39.2806295, -6.8225476 ], [ 39.2807216, -6.8223095 ], [ 39.2806937, -6.822124 ], [ 39.2804204, -6.8221212 ], [ 39.2806072, -6.8226833 ], [ 39.2805515, -6.8223593 ], [ 39.2805961, -6.8223483 ] ] ] } },
{ "type": "Feature", "properties": { "index": "707", "@osmId": "way/769691977", "name": null, "opening_hours": null, "label": "Parks & green spaces", "color": "#31a354" }, "geometry": { "type": "Polygon", "coordinates": [ [ [ 39.2808684, -6.8223015 ], [ 39.2807791, -6.8223606 ], [ 39.2806926, -6.8225765 ], [ 39.2809162, -6.8224423 ], [ 39.2808684, -6.8223015 ] ] ] } },
{ "type": "Feature", "properties": { "index": "708", "@osmId": "way/1271578104", "name": null, "opening_hours": null, "label": "Parks & green spaces", "color": "#31a354" }, "geometry": { "type": "Polygon", "coordinates": [ [ [ 39.2832713, -6.8243942 ], [ 39.2831549, -6.8245154 ], [ 39.2833389, -6.8247122 ], [ 39.2833045, -6.8247812 ], [ 39.2833071, -6.8249782 ], [ 39.2835671, -6.8247226 ], [ 39.2832713, -6.8243942 ] ] ] } },
{ "type": "Feature", "properties": { "index": "709", "@osmId": "way/1004407276", "name": null, "opening_hours": null, "label": "Parks & green spaces", "color": "#31a354" }, "geometry": { "type": "Polygon", "coordinates": [ [ [ 39.2771664, -6.8094892 ], [ 39.2770209, -6.8097653 ], [ 39.2770662, -6.8097888 ], [ 39.2772117, -6.8095127 ], [ 39.2771664, -6.8094892 ] ] ] } },
{ "type": "Feature", "properties": { "index": "710", "@osmId": "way/361881832", "name": null, "opening_hours": null, "label": "Parks & green spaces", "color": "#31a354" }, "geometry": { "type": "Polygon", "coordinates": [ [ [ 39.2441886, -6.8133368 ], [ 39.243969, -6.8133362 ], [ 39.2439721, -6.8135428 ], [ 39.2440728, -6.8135417 ], [ 39.2440744, -6.8136335 ], [ 39.2440006, -6.8136357 ], [ 39.2440015, -6.813678 ], [ 39.2441704, -6.8136746 ], [ 39.2441725, -6.8135945 ], [ 39.2441857, -6.8135953 ], [ 39.2441885, -6.8135103 ], [ 39.2441886, -6.8133368 ] ] ] } },
{ "type": "Feature", "properties": { "index": "711", "@osmId": "way/1208022516", "name": null, "opening_hours": null, "label": "Parks & green spaces", "color": "#31a354" }, "geometry": { "type": "Polygon", "coordinates": [ [ [ 39.2298748, -6.8476257 ], [ 39.2298533, -6.8475551 ], [ 39.2298292, -6.847607 ], [ 39.2298681, -6.8477535 ], [ 39.2298936, -6.8477189 ], [ 39.2298748, -6.8476257 ] ] ] } },
{ "type": "Feature", "properties": { "index": "712", "@osmId": "way/1208023447", "name": null, "opening_hours": null, "label": "Parks & green spaces", "color": "#31a354" }, "geometry": { "type": "Polygon", "coordinates": [ [ [ 39.2391747, -6.8440015 ], [ 39.239105, -6.8438763 ], [ 39.2390406, -6.8437618 ], [ 39.2389709, -6.8437938 ], [ 39.2389843, -6.8438923 ], [ 39.2387429, -6.8440334 ], [ 39.2385485, -6.8441639 ], [ 39.2386391, -6.8442764 ], [ 39.2388689, -6.8441613 ], [ 39.2391747, -6.8440015 ] ] ] } },
{ "type": "Feature", "properties": { "index": "713", "@osmId": "way/1211663419", "name": null, "opening_hours": null, "label": "Parks & green spaces", "color": "#31a354" }, "geometry": { "type": "Polygon", "coordinates": [ [ [ 39.2309399, -6.847565 ], [ 39.2309131, -6.8475424 ], [ 39.2308795, -6.8475717 ], [ 39.2308661, -6.847629 ], [ 39.2308192, -6.8476716 ], [ 39.2308019, -6.8476863 ], [ 39.2308092, -6.8477445 ], [ 39.2308321, -6.8477978 ], [ 39.2308702, -6.847838 ], [ 39.230893, -6.8478513 ], [ 39.2309278, -6.8478473 ], [ 39.230964, -6.8478234 ], [ 39.2309805, -6.8477801 ], [ 39.2309721, -6.8477315 ], [ 39.2309721, -6.8476982 ], [ 39.2309881, -6.8476416 ], [ 39.2310033, -6.8476306 ], [ 39.2309587, -6.8476236 ], [ 39.2309399, -6.847565 ] ] ] } },
{ "type": "Feature", "properties": { "index": "714", "@osmId": "node/12237610536", "name": "t", "opening_hours": null, "label": "Parks & green spaces", "color": "#31a354" }, "geometry": { "type": "Point", "coordinates": [ 39.2798996, -6.7802584 ] } },
{ "type": "Feature", "properties": { "index": "715", "@osmId": "way/361331918", "name": null, "opening_hours": null, "label": "Parks & green spaces", "color": "#31a354" }, "geometry": { "type": "Polygon", "coordinates": [ [ [ 39.2264729, -6.8198244 ], [ 39.2267481, -6.8201851 ], [ 39.2267836, -6.8201584 ], [ 39.2265084, -6.8197977 ], [ 39.2264729, -6.8198244 ] ] ] } },
{ "type": "Feature", "properties": { "index": "716", "@osmId": "way/362585114", "name": null, "opening_hours": null, "label": "Parks & green spaces", "color": "#31a354" }, "geometry": { "type": "Polygon", "coordinates": [ [ [ 39.2399051, -6.8116026 ], [ 39.2397638, -6.8116508 ], [ 39.2398233, -6.8117968 ], [ 39.2399552, -6.8117473 ], [ 39.2399051, -6.8116026 ] ] ] } },
{ "type": "Feature", "properties": { "index": "717", "@osmId": "way/375909608", "name": null, "opening_hours": null, "label": "Parks & green spaces", "color": "#31a354" }, "geometry": { "type": "Polygon", "coordinates": [ [ [ 39.2286239, -6.8321715 ], [ 39.2286079, -6.832179 ], [ 39.228529, -6.8324974 ], [ 39.2287822, -6.8325594 ], [ 39.228835, -6.8322268 ], [ 39.2286239, -6.8321715 ] ] ] } },
{ "type": "Feature", "properties": { "index": "718", "@osmId": "way/375910968", "name": null, "opening_hours": null, "label": "Parks & green spaces", "color": "#31a354" }, "geometry": { "type": "Polygon", "coordinates": [ [ [ 39.2297622, -6.8328113 ], [ 39.2297094, -6.8328915 ], [ 39.229762, -6.8329169 ], [ 39.2298134, -6.8328514 ], [ 39.2297622, -6.8328113 ] ] ] } },
{ "type": "Feature", "properties": { "index": "719", "@osmId": "way/375916036", "name": null, "opening_hours": null, "label": "Parks & green spaces", "color": "#31a354" }, "geometry": { "type": "Polygon", "coordinates": [ [ [ 39.2299876, -6.8330117 ], [ 39.2299514, -6.8329745 ], [ 39.2298969, -6.8330268 ], [ 39.2299331, -6.8330641 ], [ 39.2299876, -6.8330117 ] ] ] } },
{ "type": "Feature", "properties": { "index": "720", "@osmId": "way/360697486", "name": null, "opening_hours": null, "label": "Parks & green spaces", "color": "#31a354" }, "geometry": { "type": "Polygon", "coordinates": [ [ [ 39.2440227, -6.8044061 ], [ 39.2440001, -6.8044905 ], [ 39.2440782, -6.8045111 ], [ 39.2441009, -6.804426 ], [ 39.2440567, -6.8044144 ], [ 39.2440629, -6.8043915 ], [ 39.2440364, -6.8043845 ], [ 39.2440301, -6.8044081 ], [ 39.2440227, -6.8044061 ] ] ] } },
{ "type": "Feature", "properties": { "index": "721", "@osmId": "way/360697490", "name": null, "opening_hours": null, "label": "Parks & green spaces", "color": "#31a354" }, "geometry": { "type": "Polygon", "coordinates": [ [ [ 39.2440733, -6.8045247 ], [ 39.2439936, -6.8044895 ], [ 39.2439694, -6.8045435 ], [ 39.2440491, -6.8045788 ], [ 39.2440733, -6.8045247 ] ] ] } },
{ "type": "Feature", "properties": { "index": "722", "@osmId": "way/360860103", "name": null, "opening_hours": null, "label": "Parks & green spaces", "color": "#31a354" }, "geometry": { "type": "Polygon", "coordinates": [ [ [ 39.244973, -6.8042776 ], [ 39.2449053, -6.8042435 ], [ 39.2448827, -6.8043342 ], [ 39.2449542, -6.8043491 ], [ 39.244973, -6.8042776 ] ] ] } },
{ "type": "Feature", "properties": { "index": "723", "@osmId": "way/362581672", "name": null, "opening_hours": null, "label": "Parks & green spaces", "color": "#31a354" }, "geometry": { "type": "Polygon", "coordinates": [ [ [ 39.2489612, -6.8052957 ], [ 39.2488255, -6.8052453 ], [ 39.2487945, -6.8053278 ], [ 39.2489302, -6.8053781 ], [ 39.2489612, -6.8052957 ] ] ] } },
{ "type": "Feature", "properties": { "index": "724", "@osmId": "way/362581673", "name": null, "opening_hours": null, "label": "Parks & green spaces", "color": "#31a354" }, "geometry": { "type": "Polygon", "coordinates": [ [ [ 39.249029, -6.8051236 ], [ 39.2488831, -6.8050652 ], [ 39.2488201, -6.8052204 ], [ 39.2489661, -6.8052788 ], [ 39.249029, -6.8051236 ] ] ] } },
{ "type": "Feature", "properties": { "index": "725", "@osmId": "way/363070711", "name": null, "opening_hours": null, "label": "Parks & green spaces", "color": "#31a354" }, "geometry": { "type": "Polygon", "coordinates": [ [ [ 39.2447425, -6.8041186 ], [ 39.2446927, -6.8041077 ], [ 39.2446715, -6.8042032 ], [ 39.2447517, -6.8042207 ], [ 39.2447575, -6.8041948 ], [ 39.2447271, -6.8041882 ], [ 39.2447425, -6.8041186 ] ] ] } },
{ "type": "Feature", "properties": { "index": "726", "@osmId": "way/363070750", "name": null, "opening_hours": null, "label": "Parks & green spaces", "color": "#31a354" }, "geometry": { "type": "Polygon", "coordinates": [ [ [ 39.2442661, -6.8029415 ], [ 39.2441684, -6.8029075 ], [ 39.2441513, -6.8029821 ], [ 39.2441348, -6.8029815 ], [ 39.2441012, -6.8030956 ], [ 39.2441659, -6.8031192 ], [ 39.2442142, -6.803091 ], [ 39.2442915, -6.8030232 ], [ 39.2443095, -6.8029803 ], [ 39.2442639, -6.8029636 ], [ 39.2442661, -6.8029415 ] ] ] } },
{ "type": "Feature", "properties": { "index": "727", "@osmId": "way/364103020", "name": null, "opening_hours": null, "label": "Parks & green spaces", "color": "#31a354" }, "geometry": { "type": "Polygon", "coordinates": [ [ [ 39.2643401, -6.7894848 ], [ 39.2642733, -6.7894915 ], [ 39.2642833, -6.7895893 ], [ 39.2644673, -6.7895709 ], [ 39.2644627, -6.7895259 ], [ 39.2644416, -6.789528 ], [ 39.264435, -6.7894633 ], [ 39.2643389, -6.789473 ], [ 39.2643401, -6.7894848 ] ] ] } },
{ "type": "Feature", "properties": { "index": "728", "@osmId": "way/366858124", "name": null, "opening_hours": null, "label": "Parks & green spaces", "color": "#31a354" }, "geometry": { "type": "Polygon", "coordinates": [ [ [ 39.2587714, -6.8036154 ], [ 39.2586604, -6.8035567 ], [ 39.2585939, -6.803676 ], [ 39.2585297, -6.8037767 ], [ 39.2585117, -6.8038106 ], [ 39.2585086, -6.8038593 ], [ 39.2584571, -6.8039364 ], [ 39.2584416, -6.8039517 ], [ 39.2584402, -6.8039751 ], [ 39.2584683, -6.8040051 ], [ 39.258628, -6.8038898 ], [ 39.2587406, -6.8038179 ], [ 39.2588632, -6.8037261 ], [ 39.2588631, -6.8037 ], [ 39.2588623, -6.8036802 ], [ 39.2587714, -6.8036154 ] ] ] } },
{ "type": "Feature", "properties": { "index": "729", "@osmId": "way/371868094", "name": "Msanga Parking", "opening_hours": null, "label": "Parks & green spaces", "color": "#31a354" }, "geometry": { "type": "Polygon", "coordinates": [ [ [ 39.2544033, -6.8102579 ], [ 39.254297, -6.8104588 ], [ 39.2546379, -6.8106382 ], [ 39.2547484, -6.810433 ], [ 39.2544033, -6.8102579 ] ] ] } },
{ "type": "Feature", "properties": { "index": "730", "@osmId": "way/371877842", "name": null, "opening_hours": null, "label": "Parks & green spaces", "color": "#31a354" }, "geometry": { "type": "Polygon", "coordinates": [ [ [ 39.2524834, -6.8087386 ], [ 39.2525367, -6.808628 ], [ 39.2523261, -6.8085024 ], [ 39.2521479, -6.8088814 ], [ 39.252369, -6.8089827 ], [ 39.2524229, -6.8088781 ], [ 39.2524557, -6.8088864 ], [ 39.2524855, -6.8087701 ], [ 39.2524834, -6.8087386 ] ] ] } },
{ "type": "Feature", "properties": { "index": "731", "@osmId": "way/372021924", "name": null, "opening_hours": null, "label": "Parks & green spaces", "color": "#31a354" }, "geometry": { "type": "Polygon", "coordinates": [ [ [ 39.2501728, -6.8077058 ], [ 39.2502127, -6.8077769 ], [ 39.2503707, -6.8076931 ], [ 39.2503325, -6.8076197 ], [ 39.2501728, -6.8077058 ] ] ] } },
{ "type": "Feature", "properties": { "index": "732", "@osmId": "way/692069206", "name": "tonoake", "opening_hours": null, "label": "Parks & green spaces", "color": "#31a354" }, "geometry": { "type": "Polygon", "coordinates": [ [ [ 39.2648425, -6.7927461 ], [ 39.2648237, -6.7927514 ], [ 39.2648331, -6.7927861 ], [ 39.2648532, -6.7927767 ], [ 39.2648425, -6.7927461 ] ] ] } },
{ "type": "Feature", "properties": { "index": "733", "@osmId": "way/1004407279", "name": null, "opening_hours": null, "label": "Parks & green spaces", "color": "#31a354" }, "geometry": { "type": "Polygon", "coordinates": [ [ [ 39.2520432, -6.8056641 ], [ 39.2516558, -6.8055059 ], [ 39.2515727, -6.8057067 ], [ 39.25196, -6.8058648 ], [ 39.2520432, -6.8056641 ] ] ] } },
{ "type": "Feature", "properties": { "index": "734", "@osmId": "way/1004407280", "name": null, "opening_hours": null, "label": "Parks & green spaces", "color": "#31a354" }, "geometry": { "type": "Polygon", "coordinates": [ [ [ 39.251811, -6.8061874 ], [ 39.2517544, -6.8063537 ], [ 39.2518592, -6.8063888 ], [ 39.2519157, -6.8062225 ], [ 39.251811, -6.8061874 ] ] ] } },
{ "type": "Feature", "properties": { "index": "735", "@osmId": "way/1004407281", "name": null, "opening_hours": null, "label": "Parks & green spaces", "color": "#31a354" }, "geometry": { "type": "Polygon", "coordinates": [ [ [ 39.2515623, -6.8061181 ], [ 39.2515161, -6.8062731 ], [ 39.2516196, -6.8063035 ], [ 39.2516658, -6.8061485 ], [ 39.2515623, -6.8061181 ] ] ] } },
{ "type": "Feature", "properties": { "index": "736", "@osmId": "way/1004407282", "name": null, "opening_hours": null, "label": "Parks & green spaces", "color": "#31a354" }, "geometry": { "type": "Polygon", "coordinates": [ [ [ 39.2510671, -6.8052529 ], [ 39.2509705, -6.8055376 ], [ 39.2511044, -6.8055824 ], [ 39.251201, -6.8052977 ], [ 39.2510671, -6.8052529 ] ] ] } },
{ "type": "Feature", "properties": { "index": "737", "@osmId": "way/360765398", "name": null, "opening_hours": null, "label": "Parks & green spaces", "color": "#31a354" }, "geometry": { "type": "Polygon", "coordinates": [ [ [ 39.2265738, -6.8006036 ], [ 39.2264334, -6.8005437 ], [ 39.2263117, -6.8006798 ], [ 39.2262639, -6.8007517 ], [ 39.2262254, -6.8008052 ], [ 39.2262008, -6.8008267 ], [ 39.2261475, -6.8008862 ], [ 39.2261684, -6.8009353 ], [ 39.226227, -6.8009781 ], [ 39.2263148, -6.8009814 ], [ 39.226415, -6.8009762 ], [ 39.2266057, -6.8009692 ], [ 39.2267609, -6.8009167 ], [ 39.2269371, -6.8009265 ], [ 39.2270801, -6.8008827 ], [ 39.2270937, -6.8008513 ], [ 39.2270835, -6.8006951 ], [ 39.2270727, -6.8005681 ], [ 39.2270542, -6.8005024 ], [ 39.2270388, -6.8004289 ], [ 39.2270249, -6.800406 ], [ 39.2269433, -6.8004351 ], [ 39.2268986, -6.8004442 ], [ 39.2268524, -6.8003876 ], [ 39.2267639, -6.8002651 ], [ 39.2267237, -6.8002292 ], [ 39.2266269, -6.8003174 ], [ 39.2267908, -6.8005556 ], [ 39.22678, -6.8006034 ], [ 39.2267305, -6.8006268 ], [ 39.2266889, -6.8005963 ], [ 39.2266363, -6.8006106 ], [ 39.2265738, -6.8006036 ] ] ] } },
{ "type": "Feature", "properties": { "index": "738", "@osmId": "way/363070710", "name": null, "opening_hours": null, "label": "Parks & green spaces", "color": "#31a354" }, "geometry": { "type": "Polygon", "coordinates": [ [ [ 39.2424555, -6.8037069 ], [ 39.2424529, -6.80371 ], [ 39.2424355, -6.8037429 ], [ 39.2424006, -6.8037259 ], [ 39.2423737, -6.8037653 ], [ 39.2424465, -6.803803 ], [ 39.242433, -6.8038333 ], [ 39.2425082, -6.8038648 ], [ 39.2425217, -6.8038333 ], [ 39.2424665, -6.8038074 ], [ 39.2425019, -6.8037304 ], [ 39.2424555, -6.8037069 ] ] ] } },
{ "type": "Feature", "properties": { "index": "739", "@osmId": "way/372684230", "name": null, "opening_hours": null, "label": "Parks & green spaces", "color": "#31a354" }, "geometry": { "type": "Polygon", "coordinates": [ [ [ 39.2281134, -6.7998403 ], [ 39.2280403, -6.7998058 ], [ 39.2280125, -6.7997936 ], [ 39.2279136, -6.7999216 ], [ 39.2280844, -6.8000657 ], [ 39.228098, -6.8000791 ], [ 39.2281121, -6.8000821 ], [ 39.2281323, -6.8000939 ], [ 39.2281461, -6.8000769 ], [ 39.2281503, -6.800046 ], [ 39.2281447, -6.8000233 ], [ 39.2281509, -6.7999863 ], [ 39.2280688, -6.7999347 ], [ 39.2280824, -6.7999038 ], [ 39.2281134, -6.7998403 ] ] ] } },
{ "type": "Feature", "properties": { "index": "740", "@osmId": "way/364509092", "name": "Malapa Cemetery", "opening_hours": null, "label": "Cemeteries", "color": "#78c679" }, "geometry": { "type": "Polygon", "coordinates": [ [ [ 39.2496302, -6.8354128 ], [ 39.249583, -6.8354058 ], [ 39.2495904, -6.8355795 ], [ 39.2496494, -6.8357469 ], [ 39.2497679, -6.8358648 ], [ 39.249885, -6.8359363 ], [ 39.2499604, -6.8359429 ], [ 39.2500278, -6.8360255 ], [ 39.2501333, -6.8359671 ], [ 39.2503778, -6.8358361 ], [ 39.2503404, -6.8355351 ], [ 39.25029, -6.8353691 ], [ 39.2501824, -6.8353326 ], [ 39.2500647, -6.8352981 ], [ 39.2500127, -6.8352411 ], [ 39.249976, -6.8351208 ], [ 39.2498389, -6.8351103 ], [ 39.249805, -6.8351985 ], [ 39.2496533, -6.8352604 ], [ 39.249646, -6.8352764 ], [ 39.2496373, -6.8352956 ], [ 39.2496401, -6.8353594 ], [ 39.2496302, -6.8354128 ] ] ] } },
{ "type": "Feature", "properties": { "index": "741", "@osmId": "way/364597611", "name": "Kwa Minja Cemetery", "opening_hours": null, "label": "Cemeteries", "color": "#78c679" }, "geometry": { "type": "Polygon", "coordinates": [ [ [ 39.2477594, -6.8380463 ], [ 39.2477251, -6.8380814 ], [ 39.2476918, -6.8380963 ], [ 39.2476415, -6.8381326 ], [ 39.2476366, -6.8381874 ], [ 39.2476364, -6.8382517 ], [ 39.2476533, -6.838281 ], [ 39.2477007, -6.83829 ], [ 39.2478251, -6.838301 ], [ 39.2478533, -6.8382933 ], [ 39.247895, -6.838282 ], [ 39.2479112, -6.8382432 ], [ 39.2479335, -6.8381718 ], [ 39.2479195, -6.8381041 ], [ 39.2478943, -6.8380769 ], [ 39.2477927, -6.8380473 ], [ 39.2477594, -6.8380463 ] ] ] } },
{ "type": "Feature", "properties": { "index": "742", "@osmId": "way/364597612", "name": "Kisentano Cemetery", "opening_hours": null, "label": "Cemeteries", "color": "#78c679" }, "geometry": { "type": "Polygon", "coordinates": [ [ [ 39.2492773, -6.8382965 ], [ 39.2492417, -6.8381979 ], [ 39.2489474, -6.838072 ], [ 39.2487589, -6.8380063 ], [ 39.2486368, -6.8379815 ], [ 39.2485852, -6.8379725 ], [ 39.2485869, -6.8380918 ], [ 39.2485085, -6.8381248 ], [ 39.2484157, -6.8381606 ], [ 39.2483966, -6.8382988 ], [ 39.248454, -6.8384816 ], [ 39.2485084, -6.8385736 ], [ 39.2485733, -6.8386475 ], [ 39.2487315, -6.8387946 ], [ 39.2489111, -6.838735 ], [ 39.2490725, -6.838659 ], [ 39.2490679, -6.8386555 ], [ 39.2490351, -6.8386064 ], [ 39.2490252, -6.838543 ], [ 39.2491536, -6.8384538 ], [ 39.2492903, -6.8384245 ], [ 39.2492773, -6.8382965 ] ] ] } },
{ "type": "Feature", "properties": { "index": "743", "@osmId": "way/366799260", "name": "Buyuni Cemetary", "opening_hours": null, "label": "Cemeteries", "color": "#78c679" }, "geometry": { "type": "Polygon", "coordinates": [ [ [ 39.2467252, -6.8375425 ], [ 39.2467368, -6.8376553 ], [ 39.246752, -6.8377086 ], [ 39.2468035, -6.8377231 ], [ 39.2468943, -6.8377195 ], [ 39.2469198, -6.8376591 ], [ 39.2469533, -6.8376705 ], [ 39.2469633, -6.8376467 ], [ 39.247015, -6.8376682 ], [ 39.2470242, -6.837639 ], [ 39.2470378, -6.8376439 ], [ 39.2470567, -6.8375979 ], [ 39.2469395, -6.8374907 ], [ 39.2469169, -6.8374951 ], [ 39.2468945, -6.8374951 ], [ 39.246875, -6.8374584 ], [ 39.2468142, -6.8374613 ], [ 39.2467252, -6.8375425 ] ] ] } },
{ "type": "Feature", "properties": { "index": "744", "@osmId": "way/405148113", "name": "Makaburi ya Chang'ombe", "opening_hours": null, "label": "Cemeteries", "color": "#78c679" }, "geometry": { "type": "Polygon", "coordinates": [ [ [ 39.2637492, -6.8440106 ], [ 39.2622111, -6.844818 ], [ 39.2623666, -6.8452276 ], [ 39.2632692, -6.8447987 ], [ 39.2643381, -6.844303 ], [ 39.2645109, -6.8445127 ], [ 39.2649942, -6.8442362 ], [ 39.2648757, -6.843874 ], [ 39.2652054, -6.8436992 ], [ 39.2650326, -6.8433433 ], [ 39.2647765, -6.843499 ], [ 39.2637492, -6.8440106 ] ] ] } },
{ "type": "Feature", "properties": { "index": "745", "@osmId": "way/405148114", "name": null, "opening_hours": null, "label": "Cemeteries", "color": "#78c679" }, "geometry": { "type": "Polygon", "coordinates": [ [ [ 39.2654347, -6.8449961 ], [ 39.2650618, -6.8443808 ], [ 39.2646251, -6.8446212 ], [ 39.2653289, -6.8460053 ], [ 39.265786, -6.8457626 ], [ 39.2654347, -6.8449961 ] ] ] } },
{ "type": "Feature", "properties": { "index": "746", "@osmId": "way/405148115", "name": null, "opening_hours": null, "label": "Cemeteries", "color": "#78c679" }, "geometry": { "type": "Polygon", "coordinates": [ [ [ 39.2618266, -6.846088 ], [ 39.2617786, -6.8460752 ], [ 39.2616894, -6.8461097 ], [ 39.2616665, -6.8461483 ], [ 39.2616105, -6.8462325 ], [ 39.2615897, -6.8464597 ], [ 39.2615705, -6.8465773 ], [ 39.2617946, -6.8465137 ], [ 39.2620586, -6.8464264 ], [ 39.2619354, -6.8462294 ], [ 39.2618266, -6.846088 ] ] ] } },
{ "type": "Feature", "properties": { "index": "747", "@osmId": "way/25235739", "name": "Dar es Salaam (Upanga Road) Cemetery", "opening_hours": null, "label": "Cemeteries", "color": "#78c679" }, "geometry": { "type": "Polygon", "coordinates": [ [ [ 39.2871621, -6.8073645 ], [ 39.2866507, -6.8072644 ], [ 39.2866958, -6.807848 ], [ 39.287213, -6.8077966 ], [ 39.2871775, -6.8075123 ], [ 39.2871954, -6.8074951 ], [ 39.2872049, -6.8074626 ], [ 39.2871953, -6.8074319 ], [ 39.2871684, -6.8074121 ], [ 39.2871621, -6.8073645 ] ] ] } },
{ "type": "Feature", "properties": { "index": "748", "@osmId": "way/25235743", "name": "Kisutu Cemetery", "opening_hours": null, "label": "Cemeteries", "color": "#78c679" }, "geometry": { "type": "Polygon", "coordinates": [ [ [ 39.2824484, -6.8124264 ], [ 39.2818582, -6.8114863 ], [ 39.2817527, -6.8115775 ], [ 39.2814707, -6.811271 ], [ 39.2799906, -6.8122663 ], [ 39.2811884, -6.8133125 ], [ 39.2812711, -6.813381 ], [ 39.2824484, -6.8124264 ] ] ] } },
{ "type": "Feature", "properties": { "index": "749", "@osmId": "way/366275436", "name": "Kimbengele Cemetery", "opening_hours": null, "label": "Cemeteries", "color": "#78c679" }, "geometry": { "type": "Polygon", "coordinates": [ [ [ 39.2430833, -6.8396977 ], [ 39.2429625, -6.8397098 ], [ 39.2429771, -6.8398238 ], [ 39.2429219, -6.8399086 ], [ 39.2428516, -6.8399498 ], [ 39.2429093, -6.8400306 ], [ 39.2428792, -6.8400691 ], [ 39.2429445, -6.8402124 ], [ 39.2432501, -6.8401868 ], [ 39.2432627, -6.8402435 ], [ 39.2433499, -6.8402398 ], [ 39.2433825, -6.8400784 ], [ 39.2434522, -6.840056 ], [ 39.2434624, -6.8398632 ], [ 39.2433861, -6.8397101 ], [ 39.2430856, -6.8397313 ], [ 39.2430833, -6.8396977 ] ] ] } },
{ "type": "Feature", "properties": { "index": "750", "@osmId": "way/371860595", "name": "Mwinyimkuu Cemetery", "opening_hours": null, "label": "Cemeteries", "color": "#78c679" }, "geometry": { "type": "Polygon", "coordinates": [ [ [ 39.2615848, -6.812849 ], [ 39.2621949, -6.8116714 ], [ 39.262203, -6.8116446 ], [ 39.2609853, -6.8111783 ], [ 39.2607213, -6.812043 ], [ 39.2609143, -6.8121144 ], [ 39.2604365, -6.8133562 ], [ 39.2611632, -6.8135808 ], [ 39.2615848, -6.812849 ] ] ] } },
{ "type": "Feature", "properties": { "index": "751", "@osmId": "way/204373434", "name": "Makaburini Kwa Kopa", "opening_hours": null, "label": "Cemeteries", "color": "#78c679" }, "geometry": { "type": "Polygon", "coordinates": [ [ [ 39.2518865, -6.784085 ], [ 39.2522084, -6.7847828 ], [ 39.2522593, -6.7847402 ], [ 39.2523425, -6.7847482 ], [ 39.2524954, -6.7850506 ], [ 39.2529568, -6.7847892 ], [ 39.2533058, -6.7854742 ], [ 39.2534926, -6.7853857 ], [ 39.253486, -6.7853122 ], [ 39.2534272, -6.7849177 ], [ 39.2533807, -6.78459 ], [ 39.2533937, -6.7843778 ], [ 39.2534345, -6.784352 ], [ 39.2535903, -6.7841816 ], [ 39.2536681, -6.7840756 ], [ 39.253697, -6.7840084 ], [ 39.253688, -6.7839716 ], [ 39.2536005, -6.7838704 ], [ 39.2535211, -6.7837996 ], [ 39.2535082, -6.7837891 ], [ 39.2535092, -6.7837814 ], [ 39.2535253, -6.7834312 ], [ 39.2534717, -6.7830383 ], [ 39.2534288, -6.7827107 ], [ 39.2532759, -6.7824298 ], [ 39.2527743, -6.7822286 ], [ 39.2526992, -6.7826201 ], [ 39.2525758, -6.7831741 ], [ 39.252575, -6.7831816 ], [ 39.2525738, -6.7831918 ], [ 39.2525544, -6.7833632 ], [ 39.2523398, -6.7833579 ], [ 39.2522727, -6.783491 ], [ 39.2521762, -6.7836162 ], [ 39.2520904, -6.78384 ], [ 39.2519992, -6.7839971 ], [ 39.2518865, -6.784085 ] ] ] } },
{ "type": "Feature", "properties": { "index": "752", "@osmId": "way/668260028", "name": null, "opening_hours": null, "label": "Cemeteries", "color": "#78c679" }, "geometry": { "type": "Polygon", "coordinates": [ [ [ 39.2455287, -6.7843847 ], [ 39.2455256, -6.7844702 ], [ 39.2455349, -6.7845733 ], [ 39.2455568, -6.7846129 ], [ 39.2456315, -6.784622 ], [ 39.2457393, -6.7845835 ], [ 39.2457418, -6.7844928 ], [ 39.2457122, -6.7843734 ], [ 39.2456405, -6.7843693 ], [ 39.2456215, -6.7843739 ], [ 39.2456043, -6.7843759 ], [ 39.2455287, -6.7843847 ] ] ] } },
{ "type": "Feature", "properties": { "index": "753", "@osmId": "way/683101782", "name": null, "opening_hours": null, "label": "Cemeteries", "color": "#78c679" }, "geometry": { "type": "Polygon", "coordinates": [ [ [ 39.2434505, -6.7858985 ], [ 39.2434358, -6.7861402 ], [ 39.2436734, -6.7865799 ], [ 39.2439271, -6.7866804 ], [ 39.2439476, -6.7867838 ], [ 39.2442438, -6.7869294 ], [ 39.2445209, -6.7867154 ], [ 39.2444506, -6.786296 ], [ 39.244386, -6.7862771 ], [ 39.2441983, -6.785849 ], [ 39.2440869, -6.7857529 ], [ 39.2439637, -6.7857645 ], [ 39.2439417, -6.7856204 ], [ 39.2436309, -6.785699 ], [ 39.2436309, -6.7859072 ], [ 39.2434505, -6.7858985 ] ] ] } },
{ "type": "Feature", "properties": { "index": "754", "@osmId": "way/683101783", "name": "Binti Rashid Cemetery", "opening_hours": null, "label": "Cemeteries", "color": "#78c679" }, "geometry": { "type": "Polygon", "coordinates": [ [ [ 39.2439931, -6.7884244 ], [ 39.2439811, -6.7884652 ], [ 39.2440123, -6.7885296 ], [ 39.2440926, -6.7885067 ], [ 39.2441267, -6.7885908 ], [ 39.2442279, -6.7888234 ], [ 39.2442114, -6.7888405 ], [ 39.2442586, -6.7889257 ], [ 39.2443535, -6.7888666 ], [ 39.2443976, -6.7889537 ], [ 39.2444577, -6.7890717 ], [ 39.2442891, -6.7891561 ], [ 39.2443946, -6.7893236 ], [ 39.2446864, -6.7894007 ], [ 39.2446894, -6.7892406 ], [ 39.2449606, -6.7892318 ], [ 39.2449768, -6.7888897 ], [ 39.2447612, -6.7887513 ], [ 39.2445603, -6.7883946 ], [ 39.2441637, -6.7882701 ], [ 39.2441366, -6.7883069 ], [ 39.2440119, -6.788328 ], [ 39.2440046, -6.7884164 ], [ 39.2439931, -6.7884244 ] ] ] } },
{ "type": "Feature", "properties": { "index": "755", "@osmId": "way/204370139", "name": "Sinza Cemetery", "opening_hours": null, "label": "Cemeteries", "color": "#78c679" }, "geometry": { "type": "Polygon", "coordinates": [ [ [ 39.2239537, -6.7801747 ], [ 39.2238609, -6.78 ], [ 39.2226273, -6.78 ], [ 39.2226249, -6.7800078 ], [ 39.2225881, -6.7801543 ], [ 39.2226485, -6.7801676 ], [ 39.2226277, -6.7802564 ], [ 39.222688, -6.7803054 ], [ 39.2228006, -6.78038 ], [ 39.2229508, -6.7805079 ], [ 39.2232459, -6.780705 ], [ 39.2233368, -6.7807127 ], [ 39.2235785, -6.7805771 ], [ 39.223825, -6.7803931 ], [ 39.2239376, -6.7802812 ], [ 39.2239537, -6.7801747 ] ] ] } },
{ "type": "Feature", "properties": { "index": "756", "@osmId": "way/167176253", "name": "Mikoroshini Cemetery", "opening_hours": null, "label": "Cemeteries", "color": "#78c679" }, "geometry": { "type": "Polygon", "coordinates": [ [ [ 39.2799864, -6.8405957 ], [ 39.2799255, -6.8404484 ], [ 39.2798473, -6.840429 ], [ 39.2798195, -6.8404221 ], [ 39.279748, -6.8404669 ], [ 39.2797082, -6.840501 ], [ 39.2796341, -6.8405563 ], [ 39.2796076, -6.8406589 ], [ 39.2796129, -6.8407193 ], [ 39.2796288, -6.8408009 ], [ 39.279589, -6.8408666 ], [ 39.2795625, -6.8409429 ], [ 39.2795519, -6.8410665 ], [ 39.2796447, -6.8410639 ], [ 39.2797665, -6.8410481 ], [ 39.279899, -6.8410271 ], [ 39.2799731, -6.8409981 ], [ 39.2799996, -6.8409087 ], [ 39.2800314, -6.840843 ], [ 39.279997, -6.8407193 ], [ 39.2799864, -6.8405957 ] ] ] } },
{ "type": "Feature", "properties": { "index": "757", "@osmId": "way/167176254", "name": "Muslim's cemetry", "opening_hours": null, "label": "Cemeteries", "color": "#78c679" }, "geometry": { "type": "Polygon", "coordinates": [ [ [ 39.2833028, -6.8405872 ], [ 39.2834206, -6.8406083 ], [ 39.2834857, -6.840559 ], [ 39.283607, -6.8405389 ], [ 39.283662, -6.8405068 ], [ 39.2836891, -6.8404395 ], [ 39.2833483, -6.8402947 ], [ 39.2833534, -6.8403536 ], [ 39.2832839, -6.8404378 ], [ 39.2832553, -6.8405769 ], [ 39.2833028, -6.8405872 ] ] ] } },
{ "type": "Feature", "properties": { "index": "758", "@osmId": "way/167176255", "name": "Muslim's cemetry", "opening_hours": null, "label": "Cemeteries", "color": "#78c679" }, "geometry": { "type": "Polygon", "coordinates": [ [ [ 39.2828389, -6.8404857 ], [ 39.2829875, -6.8405189 ], [ 39.2830248, -6.840396 ], [ 39.2830497, -6.8403181 ], [ 39.2829125, -6.840271 ], [ 39.2828389, -6.8404857 ] ] ] } },
{ "type": "Feature", "properties": { "index": "759", "@osmId": "way/362749268", "name": null, "opening_hours": null, "label": "Cemeteries", "color": "#78c679" }, "geometry": { "type": "Polygon", "coordinates": [ [ [ 39.2771122, -6.8363829 ], [ 39.2770435, -6.8363822 ], [ 39.2770333, -6.8364411 ], [ 39.2769878, -6.8365086 ], [ 39.2769381, -6.8365758 ], [ 39.2768914, -6.8365963 ], [ 39.2768323, -6.8366469 ], [ 39.2768562, -6.8366907 ], [ 39.2768844, -6.8367281 ], [ 39.2769069, -6.8367654 ], [ 39.2769249, -6.8368035 ], [ 39.2769517, -6.8368344 ], [ 39.2769713, -6.8368365 ], [ 39.2770031, -6.8368646 ], [ 39.2770559, -6.836935 ], [ 39.2770689, -6.8369931 ], [ 39.2771069, -6.8370346 ], [ 39.2771306, -6.8370509 ], [ 39.2771548, -6.8370714 ], [ 39.2771817, -6.8370982 ], [ 39.277206, -6.8371146 ], [ 39.2772005, -6.8370909 ], [ 39.2772096, -6.8370591 ], [ 39.2772194, -6.8370444 ], [ 39.2772263, -6.8370221 ], [ 39.2772324, -6.8369801 ], [ 39.2772353, -6.836914 ], [ 39.2772396, -6.8368763 ], [ 39.2772421, -6.8367772 ], [ 39.2772436, -6.8367524 ], [ 39.2772595, -6.8367502 ], [ 39.2772599, -6.8367122 ], [ 39.2772675, -6.8366602 ], [ 39.27727, -6.8366329 ], [ 39.2772692, -6.8365668 ], [ 39.2772635, -6.836487 ], [ 39.2772396, -6.8364511 ], [ 39.2771926, -6.8364159 ], [ 39.2771122, -6.8363829 ] ] ] } },
{ "type": "Feature", "properties": { "index": "760", "@osmId": "way/362942167", "name": null, "opening_hours": null, "label": "Cemeteries", "color": "#78c679" }, "geometry": { "type": "Polygon", "coordinates": [ [ [ 39.2787949, -6.8386782 ], [ 39.2788304, -6.8385902 ], [ 39.2788408, -6.8385021 ], [ 39.2788752, -6.8384648 ], [ 39.2788617, -6.8384389 ], [ 39.2788273, -6.8383954 ], [ 39.278797, -6.8384058 ], [ 39.2787824, -6.8384514 ], [ 39.2786833, -6.838469 ], [ 39.2786395, -6.838529 ], [ 39.2787073, -6.8386803 ], [ 39.2787949, -6.8386782 ] ] ] } },
{ "type": "Feature", "properties": { "index": "761", "@osmId": "way/364490690", "name": null, "opening_hours": null, "label": "Cemeteries", "color": "#78c679" }, "geometry": { "type": "Polygon", "coordinates": [ [ [ 39.2411377, -6.8374061 ], [ 39.2410927, -6.8374145 ], [ 39.2410988, -6.8375104 ], [ 39.241095, -6.8375969 ], [ 39.2410807, -6.8376407 ], [ 39.2410431, -6.8377372 ], [ 39.2410447, -6.8377812 ], [ 39.2410757, -6.8378848 ], [ 39.2410958, -6.8379059 ], [ 39.2413318, -6.8378579 ], [ 39.2414783, -6.8378478 ], [ 39.2415501, -6.8378398 ], [ 39.2416952, -6.8377042 ], [ 39.2416154, -6.8376056 ], [ 39.2415336, -6.8376056 ], [ 39.2415148, -6.8373984 ], [ 39.2414778, -6.8373663 ], [ 39.2413208, -6.8373765 ], [ 39.2412509, -6.8373813 ], [ 39.24121, -6.8373726 ], [ 39.2411771, -6.8373818 ], [ 39.2411377, -6.8374061 ] ] ] } },
{ "type": "Feature", "properties": { "index": "762", "@osmId": "way/364504561", "name": null, "opening_hours": null, "label": "Cemeteries", "color": "#78c679" }, "geometry": { "type": "Polygon", "coordinates": [ [ [ 39.2397461, -6.8354997 ], [ 39.2397088, -6.8354755 ], [ 39.2396403, -6.8354848 ], [ 39.2396005, -6.8354943 ], [ 39.2395788, -6.835508 ], [ 39.2395472, -6.8356216 ], [ 39.2395148, -6.8356973 ], [ 39.2394937, -6.8357833 ], [ 39.2394947, -6.8358345 ], [ 39.2395819, -6.8358606 ], [ 39.2396165, -6.8358616 ], [ 39.2396992, -6.8358808 ], [ 39.2397131, -6.8358 ], [ 39.2397545, -6.8358043 ], [ 39.2398549, -6.8358226 ], [ 39.2398575, -6.8357988 ], [ 39.2398593, -6.8357745 ], [ 39.2398601, -6.8357368 ], [ 39.2398621, -6.8357029 ], [ 39.239857, -6.8356424 ], [ 39.2398497, -6.8355966 ], [ 39.2398255, -6.8355296 ], [ 39.2397615, -6.8355479 ], [ 39.2397461, -6.8354997 ] ] ] } },
{ "type": "Feature", "properties": { "index": "763", "@osmId": "way/371865046", "name": null, "opening_hours": null, "label": "Cemeteries", "color": "#78c679" }, "geometry": { "type": "Polygon", "coordinates": [ [ [ 39.2291665, -6.8417102 ], [ 39.2291393, -6.8417443 ], [ 39.2291242, -6.8418019 ], [ 39.2290409, -6.8418852 ], [ 39.2290282, -6.8420356 ], [ 39.2290349, -6.8421525 ], [ 39.2291538, -6.8421801 ], [ 39.2292474, -6.8422262 ], [ 39.2293717, -6.8421663 ], [ 39.2294311, -6.8421057 ], [ 39.2295661, -6.8420656 ], [ 39.2296361, -6.8418354 ], [ 39.2296246, -6.8417953 ], [ 39.2295093, -6.8417539 ], [ 39.2294128, -6.8417515 ], [ 39.2293777, -6.8417204 ], [ 39.2293735, -6.841688 ], [ 39.2293059, -6.8416748 ], [ 39.2292558, -6.841664 ], [ 39.2292184, -6.8416886 ], [ 39.2291665, -6.8417102 ] ] ] } },
{ "type": "Feature", "properties": { "index": "764", "@osmId": "way/372002952", "name": null, "opening_hours": null, "label": "Cemeteries", "color": "#78c679" }, "geometry": { "type": "Polygon", "coordinates": [ [ [ 39.2274728, -6.8409019 ], [ 39.2273718, -6.8409671 ], [ 39.2274037, -6.8409958 ], [ 39.2274952, -6.8409305 ], [ 39.2274728, -6.8409019 ] ] ] } },
{ "type": "Feature", "properties": { "index": "765", "@osmId": "way/360845212", "name": null, "opening_hours": null, "label": "Cemeteries", "color": "#78c679" }, "geometry": { "type": "Polygon", "coordinates": [ [ [ 39.2362317, -6.814669 ], [ 39.2357783, -6.8147132 ], [ 39.2358792, -6.815134 ], [ 39.2360581, -6.815148 ], [ 39.2360953, -6.8151504 ], [ 39.2361386, -6.8151532 ], [ 39.2361543, -6.8151542 ], [ 39.236192, -6.8151532 ], [ 39.2362228, -6.8151552 ], [ 39.2362453, -6.8151005 ], [ 39.2363531, -6.814822 ], [ 39.2363469, -6.8147126 ], [ 39.236293, -6.814674 ], [ 39.2362317, -6.814669 ] ] ] } },
{ "type": "Feature", "properties": { "index": "766", "@osmId": "way/366640795", "name": null, "opening_hours": null, "label": "Cemeteries", "color": "#78c679" }, "geometry": { "type": "Polygon", "coordinates": [ [ [ 39.2408311, -6.8301794 ], [ 39.2408004, -6.8301862 ], [ 39.2407902, -6.8301903 ], [ 39.240773, -6.8302048 ], [ 39.2407535, -6.8302276 ], [ 39.2407367, -6.8302434 ], [ 39.2407244, -6.8302566 ], [ 39.2407177, -6.8302785 ], [ 39.2407173, -6.8302842 ], [ 39.2407129, -6.8303048 ], [ 39.2407258, -6.8303094 ], [ 39.2407325, -6.8303249 ], [ 39.2407475, -6.8303476 ], [ 39.2407602, -6.8303685 ], [ 39.2407831, -6.830375 ], [ 39.2407982, -6.8303777 ], [ 39.2408172, -6.8303742 ], [ 39.2408353, -6.8303706 ], [ 39.240841, -6.8303614 ], [ 39.2408445, -6.8303505 ], [ 39.240841, -6.8303421 ], [ 39.2408472, -6.8303237 ], [ 39.2408547, -6.8302991 ], [ 39.2408284, -6.8302969 ], [ 39.2408458, -6.8302689 ], [ 39.24086, -6.8302268 ], [ 39.2408795, -6.8302292 ], [ 39.2408786, -6.8302153 ], [ 39.2408602, -6.8301987 ], [ 39.240843, -6.8301859 ], [ 39.2408311, -6.8301794 ] ] ] } },
{ "type": "Feature", "properties": { "index": "767", "@osmId": "way/366785706", "name": null, "opening_hours": null, "label": "Cemeteries", "color": "#78c679" }, "geometry": { "type": "Polygon", "coordinates": [ [ [ 39.2402061, -6.8305948 ], [ 39.2401873, -6.8305886 ], [ 39.2401747, -6.8305907 ], [ 39.2401663, -6.8305985 ], [ 39.2401616, -6.8306048 ], [ 39.2401517, -6.8306172 ], [ 39.2401502, -6.8306405 ], [ 39.2401517, -6.8306597 ], [ 39.2401528, -6.8306898 ], [ 39.2401517, -6.8307095 ], [ 39.2401757, -6.8307323 ], [ 39.2401851, -6.8307396 ], [ 39.2402102, -6.8307448 ], [ 39.240226, -6.8307432 ], [ 39.240241, -6.8307866 ], [ 39.2402407, -6.8308122 ], [ 39.2402417, -6.8308371 ], [ 39.2402523, -6.8308662 ], [ 39.2402655, -6.830889 ], [ 39.2402736, -6.8309323 ], [ 39.2402928, -6.8309532 ], [ 39.2402979, -6.8309653 ], [ 39.2403112, -6.8309895 ], [ 39.2403227, -6.831017 ], [ 39.2403308, -6.8310382 ], [ 39.2403382, -6.8310742 ], [ 39.2403316, -6.8310888 ], [ 39.2403308, -6.8311064 ], [ 39.2403271, -6.8311336 ], [ 39.2403279, -6.8311681 ], [ 39.2403375, -6.8311959 ], [ 39.2403522, -6.8312223 ], [ 39.2403803, -6.8312458 ], [ 39.2403973, -6.8312751 ], [ 39.2404158, -6.8312942 ], [ 39.2404461, -6.8312986 ], [ 39.2404645, -6.8313177 ], [ 39.2404775, -6.8313063 ], [ 39.2405207, -6.8312993 ], [ 39.2405672, -6.8313 ], [ 39.2406242, -6.8313004 ], [ 39.2406581, -6.8313214 ], [ 39.2406854, -6.831328 ], [ 39.2407201, -6.8313353 ], [ 39.2407644, -6.8313287 ], [ 39.2407792, -6.8313082 ], [ 39.240777, -6.8312744 ], [ 39.240791, -6.8312121 ], [ 39.2408028, -6.8311761 ], [ 39.240811, -6.8311336 ], [ 39.2408102, -6.8310808 ], [ 39.240811, -6.8310236 ], [ 39.2408132, -6.8309642 ], [ 39.2408213, -6.8309275 ], [ 39.2408302, -6.8308996 ], [ 39.2408457, -6.8308842 ], [ 39.2408666, -6.8308504 ], [ 39.2408834, -6.8308079 ], [ 39.2408865, -6.8307913 ], [ 39.2408834, -6.8307467 ], [ 39.2408719, -6.8307042 ], [ 39.2408478, -6.8306803 ], [ 39.2408144, -6.8306419 ], [ 39.2408008, -6.8306326 ], [ 39.2407622, -6.8306087 ], [ 39.2407277, -6.8305973 ], [ 39.2406922, -6.8305869 ], [ 39.2406772, -6.8306041 ], [ 39.2406741, -6.8306197 ], [ 39.2406678, -6.8306456 ], [ 39.2406344, -6.8306653 ], [ 39.2405895, -6.8306487 ], [ 39.240579, -6.8306383 ], [ 39.2405508, -6.8306238 ], [ 39.2405111, -6.8306166 ], [ 39.2404913, -6.8306186 ], [ 39.2404526, -6.8306207 ], [ 39.2404098, -6.830629 ], [ 39.240392, -6.83063 ], [ 39.2403649, -6.8306311 ], [ 39.2403367, -6.8306332 ], [ 39.2403158, -6.8306306 ], [ 39.2402593, -6.8306186 ], [ 39.2402311, -6.8306124 ], [ 39.2402061, -6.8305948 ] ] ] } },
{ "type": "Feature", "properties": { "index": "768", "@osmId": "way/376230962", "name": "Tabata Dampo Cemetery", "opening_hours": null, "label": "Cemeteries", "color": "#78c679" }, "geometry": { "type": "Polygon", "coordinates": [ [ [ 39.2355073, -6.824383 ], [ 39.2354829, -6.824422 ], [ 39.2356551, -6.8245637 ], [ 39.2358097, -6.8246156 ], [ 39.2358196, -6.8246135 ], [ 39.2360304, -6.8245681 ], [ 39.2360791, -6.8245524 ], [ 39.2361629, -6.8245243 ], [ 39.2362824, -6.8245113 ], [ 39.2363126, -6.8244472 ], [ 39.2363428, -6.8244483 ], [ 39.2364, -6.8244643 ], [ 39.2364198, -6.8244798 ], [ 39.2365124, -6.8244849 ], [ 39.2365975, -6.8244752 ], [ 39.236625, -6.8244729 ], [ 39.2366877, -6.8244718 ], [ 39.2367394, -6.824464 ], [ 39.2368159, -6.8244369 ], [ 39.2368654, -6.8244103 ], [ 39.2369051, -6.8244164 ], [ 39.236972, -6.8244217 ], [ 39.2370174, -6.8243399 ], [ 39.2370446, -6.8242761 ], [ 39.2370746, -6.824226 ], [ 39.2370811, -6.8241905 ], [ 39.237073, -6.8241046 ], [ 39.2370948, -6.8239978 ], [ 39.2371044, -6.8238875 ], [ 39.2368645, -6.8236566 ], [ 39.2365917, -6.8234116 ], [ 39.2364796, -6.8234471 ], [ 39.2363237, -6.8235672 ], [ 39.236193, -6.8236889 ], [ 39.2360697, -6.8238272 ], [ 39.2359764, -6.823957 ], [ 39.235972, -6.8239899 ], [ 39.235838, -6.8240608 ], [ 39.2358106, -6.8240836 ], [ 39.2357275, -6.8241524 ], [ 39.2356666, -6.8242046 ], [ 39.2355859, -6.8242967 ], [ 39.2355073, -6.824383 ] ] ] } },
{ "type": "Feature", "properties": { "index": "769", "@osmId": "way/369649149", "name": null, "opening_hours": null, "label": "Cemeteries", "color": "#78c679" }, "geometry": { "type": "Polygon", "coordinates": [ [ [ 39.2838043, -6.8131473 ], [ 39.2831812, -6.8136682 ], [ 39.2833691, -6.8137908 ], [ 39.283583, -6.8139678 ], [ 39.2836601, -6.814105 ], [ 39.2837776, -6.814049 ], [ 39.2841398, -6.8135739 ], [ 39.2838043, -6.8131473 ] ] ] } },
{ "type": "Feature", "properties": { "index": "770", "@osmId": "way/369658381", "name": "Mabohora Cemetery", "opening_hours": null, "label": "Cemeteries", "color": "#78c679" }, "geometry": { "type": "Polygon", "coordinates": [ [ [ 39.2834203, -6.8116433 ], [ 39.2826012, -6.8116822 ], [ 39.2824311, -6.8120085 ], [ 39.2824954, -6.812097 ], [ 39.2831212, -6.8119716 ], [ 39.2834203, -6.8116433 ] ] ] } },
{ "type": "Feature", "properties": { "index": "771", "@osmId": "way/354265192", "name": "Kwa Abed cemetery", "opening_hours": null, "label": "Cemeteries", "color": "#78c679" }, "geometry": { "type": "Polygon", "coordinates": [ [ [ 39.2629517, -6.8219189 ], [ 39.2627119, -6.8222624 ], [ 39.2631323, -6.822715 ], [ 39.2632657, -6.8225883 ], [ 39.26334, -6.8225483 ], [ 39.263442, -6.8225344 ], [ 39.2637252, -6.8224755 ], [ 39.2639008, -6.8223558 ], [ 39.2639047, -6.8222023 ], [ 39.2639623, -6.8221932 ], [ 39.2639368, -6.8220813 ], [ 39.2640213, -6.822039 ], [ 39.2639931, -6.8220031 ], [ 39.2636392, -6.8217666 ], [ 39.2633946, -6.8216047 ], [ 39.263276, -6.8218899 ], [ 39.2632321, -6.8219124 ], [ 39.2630421, -6.8218239 ], [ 39.2629517, -6.8219189 ] ] ] } },
{ "type": "Feature", "properties": { "index": "772", "@osmId": "way/364291880", "name": null, "opening_hours": null, "label": "Cemeteries", "color": "#78c679" }, "geometry": { "type": "Polygon", "coordinates": [ [ [ 39.2510747, -6.8178631 ], [ 39.2509271, -6.8175994 ], [ 39.250917, -6.8175817 ], [ 39.2505754, -6.8176503 ], [ 39.2505684, -6.8177845 ], [ 39.2504736, -6.8178384 ], [ 39.2505, -6.8179464 ], [ 39.2504519, -6.8179819 ], [ 39.2505019, -6.8182727 ], [ 39.2510521, -6.8181695 ], [ 39.2510861, -6.8181046 ], [ 39.2510747, -6.8178631 ] ] ] } },
{ "type": "Feature", "properties": { "index": "773", "@osmId": "way/367419793", "name": null, "opening_hours": null, "label": "Cemeteries", "color": "#78c679" }, "geometry": { "type": "Polygon", "coordinates": [ [ [ 39.2476939, -6.830763 ], [ 39.2477108, -6.8307927 ], [ 39.2477514, -6.8308825 ], [ 39.2478087, -6.8310005 ], [ 39.2478656, -6.8311129 ], [ 39.2479162, -6.8312236 ], [ 39.2479686, -6.8313702 ], [ 39.2480509, -6.8314338 ], [ 39.248136, -6.8315187 ], [ 39.2483461, -6.8316721 ], [ 39.2484271, -6.8316554 ], [ 39.2485104, -6.8316091 ], [ 39.2489045, -6.831108 ], [ 39.2489669, -6.8309949 ], [ 39.2491409, -6.8307834 ], [ 39.2490151, -6.830672 ], [ 39.2488977, -6.8304491 ], [ 39.2486639, -6.8305452 ], [ 39.2484563, -6.8306213 ], [ 39.2482589, -6.8306332 ], [ 39.2480136, -6.8306548 ], [ 39.2477046, -6.8307468 ], [ 39.2476939, -6.830763 ] ] ] } },
{ "type": "Feature", "properties": { "index": "774", "@osmId": "way/370868462", "name": null, "opening_hours": null, "label": "Cemeteries", "color": "#78c679" }, "geometry": { "type": "Polygon", "coordinates": [ [ [ 39.2510515, -6.8152875 ], [ 39.2508563, -6.8154336 ], [ 39.2508372, -6.8154487 ], [ 39.2508839, -6.8155378 ], [ 39.2508922, -6.8156494 ], [ 39.2509525, -6.8157408 ], [ 39.2510182, -6.8158838 ], [ 39.2512248, -6.8158449 ], [ 39.251221, -6.8158261 ], [ 39.2512527, -6.8157939 ], [ 39.2513312, -6.8157835 ], [ 39.2514386, -6.8157435 ], [ 39.251459, -6.8157365 ], [ 39.251524, -6.8154919 ], [ 39.2515507, -6.8153161 ], [ 39.2515005, -6.815262 ], [ 39.2514888, -6.8151858 ], [ 39.2514536, -6.8151805 ], [ 39.2513619, -6.8152017 ], [ 39.2512584, -6.8152144 ], [ 39.2511571, -6.8152335 ], [ 39.2510515, -6.8152875 ] ] ] } },
{ "type": "Feature", "properties": { "index": "775", "@osmId": "way/382452287", "name": null, "opening_hours": null, "label": "Cemeteries", "color": "#78c679" }, "geometry": { "type": "Polygon", "coordinates": [ [ [ 39.2551517, -6.8223167 ], [ 39.2547365, -6.8233526 ], [ 39.2558607, -6.8237648 ], [ 39.2560697, -6.8237916 ], [ 39.256255, -6.8237447 ], [ 39.2562116, -6.8233252 ], [ 39.2559399, -6.8220048 ], [ 39.2551517, -6.8223167 ] ] ] } },
{ "type": "Feature", "properties": { "index": "776", "@osmId": "way/382830702", "name": "Makaburi ya Waislam Msafa Ilala", "opening_hours": null, "label": "Cemeteries", "color": "#78c679" }, "geometry": { "type": "Polygon", "coordinates": [ [ [ 39.2658898, -6.8283818 ], [ 39.2665956, -6.8280163 ], [ 39.2660839, -6.827075 ], [ 39.2654194, -6.8263693 ], [ 39.2652152, -6.8263657 ], [ 39.2652762, -6.8265851 ], [ 39.2650907, -6.826652 ], [ 39.2651196, -6.8269375 ], [ 39.2651563, -6.8271198 ], [ 39.2652178, -6.8272809 ], [ 39.265248, -6.8273465 ], [ 39.2652604, -6.8274332 ], [ 39.2653229, -6.827394 ], [ 39.2654009, -6.8275398 ], [ 39.2657252, -6.8281705 ], [ 39.2657636, -6.8281497 ], [ 39.2658898, -6.8283818 ] ] ] } },
{ "type": "Feature", "properties": { "index": "777", "@osmId": "way/180612070", "name": "Kinondoni Cemetery II", "opening_hours": null, "label": "Cemeteries", "color": "#78c679" }, "geometry": { "type": "Polygon", "coordinates": [ [ [ 39.2662155, -6.7878343 ], [ 39.2661384, -6.7878363 ], [ 39.266176, -6.788492 ], [ 39.2662294, -6.7885509 ], [ 39.2663322, -6.7896347 ], [ 39.2665319, -6.7898153 ], [ 39.2671191, -6.7898663 ], [ 39.2672278, -6.7892224 ], [ 39.2672614, -6.7892165 ], [ 39.2673049, -6.787907 ], [ 39.2672832, -6.7874809 ], [ 39.2672258, -6.7874004 ], [ 39.2669866, -6.7873533 ], [ 39.2663421, -6.7873082 ], [ 39.2663342, -6.787477 ], [ 39.2662353, -6.7874731 ], [ 39.2662155, -6.7878343 ] ] ] } },
{ "type": "Feature", "properties": { "index": "778", "@osmId": "way/382980803", "name": "Tambaza Cemetery", "opening_hours": null, "label": "Cemeteries", "color": "#78c679" }, "geometry": { "type": "Polygon", "coordinates": [ [ [ 39.2764162, -6.8046376 ], [ 39.2763988, -6.8046505 ], [ 39.2763007, -6.8046701 ], [ 39.2762476, -6.804679 ], [ 39.2762119, -6.8046989 ], [ 39.2762294, -6.8048056 ], [ 39.2762752, -6.8050533 ], [ 39.2764212, -6.8050866 ], [ 39.2764463, -6.8051936 ], [ 39.276825, -6.8051406 ], [ 39.2772189, -6.8050913 ], [ 39.2772249, -6.8049725 ], [ 39.2773047, -6.8049779 ], [ 39.2764162, -6.8046376 ] ] ] } },
{ "type": "Feature", "properties": { "index": "779", "@osmId": "way/1005222460", "name": "Kinondoni Mwembejini", "opening_hours": null, "label": "Cemeteries", "color": "#78c679" }, "geometry": { "type": "Polygon", "coordinates": [ [ [ 39.2720063, -6.7906162 ], [ 39.2714055, -6.7905417 ], [ 39.2709762, -6.7915337 ], [ 39.2709227, -6.7916603 ], [ 39.2709397, -6.7916653 ], [ 39.2711216, -6.7917309 ], [ 39.2714489, -6.7918162 ], [ 39.2716597, -6.7919307 ], [ 39.2719026, -6.7920508 ], [ 39.2721243, -6.7919525 ], [ 39.2723252, -6.7922703 ], [ 39.2725974, -6.7925842 ], [ 39.2733474, -6.7920012 ], [ 39.274038, -6.7919954 ], [ 39.274067, -6.7913236 ], [ 39.2741106, -6.7907874 ], [ 39.2735298, -6.7907547 ], [ 39.2720063, -6.7906162 ] ] ] } },
{ "type": "Feature", "properties": { "index": "780", "@osmId": "way/126758733", "name": null, "opening_hours": null, "label": "Cemeteries", "color": "#78c679" }, "geometry": { "type": "Polygon", "coordinates": [ [ [ 39.2462171, -6.7929196 ], [ 39.2463329, -6.793095 ], [ 39.2464068, -6.7930693 ], [ 39.2463091, -6.7927873 ], [ 39.2462519, -6.7927799 ], [ 39.2461867, -6.7928011 ], [ 39.2461855, -6.7928679 ], [ 39.2462171, -6.7929196 ] ] ] } },
{ "type": "Feature", "properties": { "index": "781", "@osmId": "way/360535663", "name": null, "opening_hours": null, "label": "Cemeteries", "color": "#78c679" }, "geometry": { "type": "Polygon", "coordinates": [ [ [ 39.252852, -6.7896543 ], [ 39.2528077, -6.7896573 ], [ 39.2527316, -6.7896654 ], [ 39.252598, -6.7896766 ], [ 39.252611, -6.7899184 ], [ 39.2526128, -6.7899588 ], [ 39.2529993, -6.7899573 ], [ 39.2529917, -6.7898513 ], [ 39.2529913, -6.7898463 ], [ 39.2529833, -6.7897353 ], [ 39.2528547, -6.7897445 ], [ 39.252852, -6.7896543 ] ] ] } },
{ "type": "Feature", "properties": { "index": "782", "@osmId": "way/361875147", "name": null, "opening_hours": null, "label": "Cemeteries", "color": "#78c679" }, "geometry": { "type": "Polygon", "coordinates": [ [ [ 39.2485743, -6.7903971 ], [ 39.2484373, -6.7905042 ], [ 39.2485049, -6.7906257 ], [ 39.2486214, -6.7907201 ], [ 39.248695, -6.7906988 ], [ 39.248802, -6.7904472 ], [ 39.2486539, -6.7902882 ], [ 39.2485871, -6.7903341 ], [ 39.2485743, -6.7903971 ] ] ] } },
{ "type": "Feature", "properties": { "index": "783", "@osmId": "way/363017036", "name": null, "opening_hours": null, "label": "Cemeteries", "color": "#78c679" }, "geometry": { "type": "Polygon", "coordinates": [ [ [ 39.2568024, -6.7932603 ], [ 39.2567251, -6.7932551 ], [ 39.2567328, -6.793498 ], [ 39.2569251, -6.7934911 ], [ 39.2571384, -6.7934888 ], [ 39.257169, -6.7934143 ], [ 39.2568392, -6.793196 ], [ 39.2568024, -6.7932603 ] ] ] } },
{ "type": "Feature", "properties": { "index": "784", "@osmId": "way/363097083", "name": "Kimamba Cemetery", "opening_hours": null, "label": "Cemeteries", "color": "#78c679" }, "geometry": { "type": "Polygon", "coordinates": [ [ [ 39.2467166, -6.8065939 ], [ 39.246574, -6.8066305 ], [ 39.2465953, -6.8066815 ], [ 39.246606, -6.8067364 ], [ 39.2466167, -6.8067692 ], [ 39.2466332, -6.806828 ], [ 39.2466419, -6.8068964 ], [ 39.2466535, -6.8069445 ], [ 39.2466749, -6.8070042 ], [ 39.2467108, -6.8070004 ], [ 39.2468318, -6.806972 ], [ 39.2468515, -6.8069387 ], [ 39.2467981, -6.8068299 ], [ 39.2467166, -6.8065939 ] ] ] } },
{ "type": "Feature", "properties": { "index": "785", "@osmId": "way/367410419", "name": null, "opening_hours": null, "label": "Cemeteries", "color": "#78c679" }, "geometry": { "type": "Polygon", "coordinates": [ [ [ 39.2568477, -6.7901764 ], [ 39.2570287, -6.790297 ], [ 39.2570595, -6.7902522 ], [ 39.2571061, -6.7901837 ], [ 39.2571421, -6.7901403 ], [ 39.2571845, -6.7900876 ], [ 39.2572223, -6.7900431 ], [ 39.2572553, -6.7899764 ], [ 39.2572901, -6.7899014 ], [ 39.2572483, -6.7898392 ], [ 39.2572143, -6.7898071 ], [ 39.2571806, -6.789774 ], [ 39.2571536, -6.7897355 ], [ 39.2570968, -6.7897045 ], [ 39.2570287, -6.7896773 ], [ 39.2570066, -6.7896718 ], [ 39.2570021, -6.7896607 ], [ 39.2570007, -6.7895542 ], [ 39.2568992, -6.7895288 ], [ 39.256784, -6.7897006 ], [ 39.2567514, -6.7897473 ], [ 39.2567333, -6.789778 ], [ 39.256753, -6.789798 ], [ 39.2568577, -6.7898505 ], [ 39.256946, -6.7899063 ], [ 39.256936, -6.7899272 ], [ 39.2568932, -6.7899928 ], [ 39.2568928, -6.7899996 ], [ 39.2568845, -6.7900118 ], [ 39.256879, -6.7900377 ], [ 39.2568707, -6.790047 ], [ 39.2568059, -6.7901447 ], [ 39.2568097, -6.7901481 ], [ 39.256823, -6.7901575 ], [ 39.2568443, -6.7901694 ], [ 39.2568477, -6.7901764 ] ] ] } },
{ "type": "Feature", "properties": { "index": "786", "@osmId": "way/367577264", "name": "Islamic Cemetery", "opening_hours": null, "label": "Cemeteries", "color": "#78c679" }, "geometry": { "type": "Polygon", "coordinates": [ [ [ 39.2586928, -6.8039322 ], [ 39.258502, -6.8040443 ], [ 39.2584986, -6.8040719 ], [ 39.2585147, -6.8040971 ], [ 39.2585408, -6.8041088 ], [ 39.2585678, -6.8041515 ], [ 39.2585577, -6.8042411 ], [ 39.2585518, -6.8042897 ], [ 39.2586429, -6.8043425 ], [ 39.258777, -6.80435 ], [ 39.2588217, -6.8043562 ], [ 39.2588244, -6.8043356 ], [ 39.2588083, -6.8043071 ], [ 39.2588312, -6.8042503 ], [ 39.2588302, -6.8041917 ], [ 39.2588217, -6.8041138 ], [ 39.2587694, -6.8040201 ], [ 39.2586928, -6.8039322 ] ] ] } },
{ "type": "Feature", "properties": { "index": "787", "@osmId": "way/367580466", "name": null, "opening_hours": null, "label": "Cemeteries", "color": "#78c679" }, "geometry": { "type": "Polygon", "coordinates": [ [ [ 39.2548482, -6.8003378 ], [ 39.2547863, -6.8002745 ], [ 39.2547253, -6.8003249 ], [ 39.2547578, -6.8003404 ], [ 39.2547644, -6.8003917 ], [ 39.2547694, -6.8003931 ], [ 39.2548222, -6.8005434 ], [ 39.2548337, -6.8006083 ], [ 39.2548953, -6.8009117 ], [ 39.2549446, -6.8009784 ], [ 39.2552484, -6.8010087 ], [ 39.2552718, -6.8008014 ], [ 39.2553, -6.8004607 ], [ 39.2550326, -6.8004526 ], [ 39.254903, -6.8003853 ], [ 39.2548482, -6.8003378 ] ] ] } },
{ "type": "Feature", "properties": { "index": "788", "@osmId": "way/667187869", "name": null, "opening_hours": null, "label": "Cemeteries", "color": "#78c679" }, "geometry": { "type": "Polygon", "coordinates": [ [ [ 39.2554133, -6.8004233 ], [ 39.2553474, -6.8004324 ], [ 39.2553381, -6.8009926 ], [ 39.2554868, -6.8011112 ], [ 39.2562457, -6.8013748 ], [ 39.256318, -6.8013543 ], [ 39.2563856, -6.8010575 ], [ 39.2561966, -6.8009723 ], [ 39.2562104, -6.8006647 ], [ 39.2562125, -6.8006035 ], [ 39.256227, -6.8005566 ], [ 39.2561852, -6.8005398 ], [ 39.2561975, -6.8004659 ], [ 39.2561225, -6.800467 ], [ 39.2561042, -6.8003479 ], [ 39.2560901, -6.800343 ], [ 39.2560691, -6.8002821 ], [ 39.2560017, -6.8003276 ], [ 39.2559523, -6.8002685 ], [ 39.255883, -6.8002668 ], [ 39.2558262, -6.8002672 ], [ 39.2556336, -6.8004003 ], [ 39.2555245, -6.8004229 ], [ 39.2554133, -6.8004233 ] ] ] } },
{ "type": "Feature", "properties": { "index": "789", "@osmId": "way/667674402", "name": "Karume", "opening_hours": null, "label": "Cemeteries", "color": "#78c679" }, "geometry": { "type": "Polygon", "coordinates": [ [ [ 39.2494821, -6.8069999 ], [ 39.249455, -6.8071739 ], [ 39.2496547, -6.8072664 ], [ 39.2498781, -6.8072942 ], [ 39.2500215, -6.8069036 ], [ 39.2495151, -6.8067422 ], [ 39.249307, -6.8066821 ], [ 39.2492567, -6.806808 ], [ 39.2494032, -6.8068554 ], [ 39.2493829, -6.8069304 ], [ 39.2494481, -6.8069591 ], [ 39.2494821, -6.8069999 ] ] ] } },
{ "type": "Feature", "properties": { "index": "790", "@osmId": "way/1005219698", "name": null, "opening_hours": null, "label": "Cemeteries", "color": "#78c679" }, "geometry": { "type": "Polygon", "coordinates": [ [ [ 39.2522304, -6.8062842 ], [ 39.2520851, -6.8062321 ], [ 39.2520459, -6.8063399 ], [ 39.2521912, -6.806392 ], [ 39.2522304, -6.8062842 ] ] ] } },
{ "type": "Feature", "properties": { "index": "791", "@osmId": "way/126762531", "name": null, "opening_hours": null, "label": "Cemeteries", "color": "#78c679" }, "geometry": { "type": "Polygon", "coordinates": [ [ [ 39.241611, -6.7936884 ], [ 39.2415729, -6.7936621 ], [ 39.2414228, -6.7936918 ], [ 39.2413833, -6.7937111 ], [ 39.2413067, -6.793801 ], [ 39.2412179, -6.7938533 ], [ 39.2411513, -6.793947 ], [ 39.2411297, -6.794007 ], [ 39.241177, -6.7940592 ], [ 39.2411565, -6.7941465 ], [ 39.2412784, -6.7942489 ], [ 39.2414189, -6.7943233 ], [ 39.2414672, -6.7943569 ], [ 39.2415701, -6.7942228 ], [ 39.2416025, -6.7940962 ], [ 39.2416503, -6.7939379 ], [ 39.2416393, -6.7938222 ], [ 39.2416644, -6.7937498 ], [ 39.241611, -6.7936884 ] ] ] } },
{ "type": "Feature", "properties": { "index": "792", "@osmId": "way/204377746", "name": "Mburahati City Cemetery", "opening_hours": null, "label": "Cemeteries", "color": "#78c679" }, "geometry": { "type": "Polygon", "coordinates": [ [ [ 39.2400122, -6.8041919 ], [ 39.2398462, -6.8041301 ], [ 39.2397061, -6.8044842 ], [ 39.2396343, -6.8048684 ], [ 39.2396363, -6.8051144 ], [ 39.2396343, -6.8052828 ], [ 39.23957, -6.8057047 ], [ 39.239513, -6.805965 ], [ 39.239484, -6.8060817 ], [ 39.2395409, -6.8061395 ], [ 39.2398607, -6.8061744 ], [ 39.2400026, -6.8061839 ], [ 39.2401406, -6.8062114 ], [ 39.2403311, -6.8062032 ], [ 39.2405161, -6.8062527 ], [ 39.2408166, -6.8062473 ], [ 39.2411599, -6.806226 ], [ 39.2412035, -6.8062269 ], [ 39.241471, -6.8062327 ], [ 39.2417701, -6.8062073 ], [ 39.241932, -6.806059 ], [ 39.2419505, -6.8057318 ], [ 39.2420583, -6.805417 ], [ 39.2421356, -6.8051334 ], [ 39.2421731, -6.8048463 ], [ 39.242094, -6.804748 ], [ 39.2416861, -6.8046812 ], [ 39.2415322, -6.8046418 ], [ 39.241147, -6.8045368 ], [ 39.2407737, -6.8044462 ], [ 39.2405394, -6.8043604 ], [ 39.2402158, -6.8042452 ], [ 39.2400122, -6.8041919 ] ] ] } },
{ "type": "Feature", "properties": { "index": "793", "@osmId": "way/344266215", "name": "Toli", "opening_hours": null, "label": "Cemeteries", "color": "#78c679" }, "geometry": { "type": "Polygon", "coordinates": [ [ [ 39.2363901, -6.7960905 ], [ 39.2365748, -6.7960886 ], [ 39.2365742, -6.7960248 ], [ 39.2366228, -6.7960243 ], [ 39.2366218, -6.7959161 ], [ 39.2364259, -6.795918 ], [ 39.2364266, -6.7959849 ], [ 39.236389, -6.7959853 ], [ 39.2363901, -6.7960905 ] ] ] } },
{ "type": "Feature", "properties": { "index": "794", "@osmId": "way/345904793", "name": null, "opening_hours": null, "label": "Cemeteries", "color": "#78c679" }, "geometry": { "type": "Polygon", "coordinates": [ [ [ 39.2403919, -6.7905842 ], [ 39.2403567, -6.7905891 ], [ 39.2403398, -6.7906046 ], [ 39.2403259, -6.7906191 ], [ 39.2403182, -6.7906273 ], [ 39.2403159, -6.7906369 ], [ 39.2403166, -6.7906521 ], [ 39.2403255, -6.7906534 ], [ 39.2403368, -6.7906484 ], [ 39.2403537, -6.7906497 ], [ 39.2403637, -6.7906913 ], [ 39.2403786, -6.7907035 ], [ 39.2404038, -6.7907054 ], [ 39.2404251, -6.7907054 ], [ 39.2404453, -6.7907002 ], [ 39.2404612, -6.7906738 ], [ 39.2404612, -6.7906418 ], [ 39.2404556, -6.7906076 ], [ 39.2404463, -6.790597 ], [ 39.2404184, -6.7905858 ], [ 39.2403919, -6.7905842 ] ] ] } },
{ "type": "Feature", "properties": { "index": "795", "@osmId": "way/349383990", "name": "Mwembe Tango", "opening_hours": null, "label": "Cemeteries", "color": "#78c679" }, "geometry": { "type": "Polygon", "coordinates": [ [ [ 39.2258417, -6.8078398 ], [ 39.2258611, -6.8078453 ], [ 39.2258821, -6.8078167 ], [ 39.2259164, -6.8075378 ], [ 39.2259196, -6.8073725 ], [ 39.2258821, -6.8073287 ], [ 39.2258706, -6.8071698 ], [ 39.2258282, -6.8071633 ], [ 39.2258265, -6.8071163 ], [ 39.2258135, -6.8070611 ], [ 39.2256829, -6.8069995 ], [ 39.2256175, -6.8069995 ], [ 39.225611, -6.8069558 ], [ 39.2255881, -6.8069347 ], [ 39.2255261, -6.8069639 ], [ 39.2255038, -6.8070072 ], [ 39.2254934, -6.8071001 ], [ 39.2252795, -6.807092 ], [ 39.2252501, -6.807092 ], [ 39.2252469, -6.8071098 ], [ 39.2252452, -6.8072525 ], [ 39.2252567, -6.8073611 ], [ 39.225273, -6.8074308 ], [ 39.2253334, -6.8075686 ], [ 39.2253595, -6.8076059 ], [ 39.2254167, -6.8076529 ], [ 39.2255718, -6.8077421 ], [ 39.2256471, -6.807779 ], [ 39.2257335, -6.8078054 ], [ 39.2258417, -6.8078398 ] ] ] } },
{ "type": "Feature", "properties": { "index": "796", "@osmId": "way/361369396", "name": null, "opening_hours": null, "label": "Cemeteries", "color": "#78c679" }, "geometry": { "type": "Polygon", "coordinates": [ [ [ 39.2294369, -6.8039208 ], [ 39.2294086, -6.8039322 ], [ 39.2293643, -6.8040103 ], [ 39.2293428, -6.8040879 ], [ 39.2293509, -6.8041393 ], [ 39.2293737, -6.8041534 ], [ 39.2294529, -6.8041818 ], [ 39.2295079, -6.8042451 ], [ 39.2295261, -6.8043352 ], [ 39.2295105, -6.8044114 ], [ 39.2294972, -6.8044618 ], [ 39.2295073, -6.8044935 ], [ 39.2295384, -6.8045274 ], [ 39.2296182, -6.8045511 ], [ 39.2297749, -6.8045875 ], [ 39.2298584, -6.8047261 ], [ 39.2299571, -6.8047329 ], [ 39.2300349, -6.8047515 ], [ 39.2300898, -6.8047381 ], [ 39.2301573, -6.8047669 ], [ 39.2302216, -6.804803 ], [ 39.2302807, -6.8048297 ], [ 39.2303445, -6.8047432 ], [ 39.2303652, -6.804703 ], [ 39.2303331, -6.8046525 ], [ 39.230276, -6.8046165 ], [ 39.2302163, -6.8046377 ], [ 39.2301515, -6.8045186 ], [ 39.2300701, -6.8044707 ], [ 39.2300566, -6.8043961 ], [ 39.2300361, -6.8043967 ], [ 39.2299874, -6.8043627 ], [ 39.2298917, -6.8042932 ], [ 39.2298228, -6.8042444 ], [ 39.2297898, -6.8041335 ], [ 39.2296783, -6.8040927 ], [ 39.2296291, -6.8040512 ], [ 39.2295734, -6.8040162 ], [ 39.2295037, -6.8039827 ], [ 39.2294773, -6.8039372 ], [ 39.2294369, -6.8039208 ] ] ] } },
{ "type": "Feature", "properties": { "index": "797", "@osmId": "way/361673334", "name": "Kilimahewa Cemetery", "opening_hours": null, "label": "Cemeteries", "color": "#78c679" }, "geometry": { "type": "Polygon", "coordinates": [ [ [ 39.2349314, -6.8064814 ], [ 39.2347272, -6.8066797 ], [ 39.2346674, -6.8067508 ], [ 39.2346548, -6.8067857 ], [ 39.2346963, -6.8068582 ], [ 39.2347755, -6.8068915 ], [ 39.2350034, -6.8069887 ], [ 39.2352341, -6.8070846 ], [ 39.235568, -6.8071924 ], [ 39.23567, -6.8072018 ], [ 39.2357799, -6.8071924 ], [ 39.235902, -6.8071472 ], [ 39.2359167, -6.8071032 ], [ 39.2358591, -6.8070353 ], [ 39.2358001, -6.8069394 ], [ 39.2357531, -6.8068688 ], [ 39.2357263, -6.8068156 ], [ 39.23566, -6.8067497 ], [ 39.2356205, -6.8067745 ], [ 39.2354882, -6.8067693 ], [ 39.2354441, -6.8067759 ], [ 39.2354184, -6.8067752 ], [ 39.2353927, -6.806766 ], [ 39.235367, -6.806768 ], [ 39.2353445, -6.80677 ], [ 39.2353287, -6.8067687 ], [ 39.235239, -6.8066612 ], [ 39.2352061, -6.8066141 ], [ 39.2351798, -6.8065709 ], [ 39.2350723, -6.8064997 ], [ 39.2350249, -6.8064853 ], [ 39.2349854, -6.8064775 ], [ 39.2349525, -6.8064775 ], [ 39.2349314, -6.8064814 ] ] ] } },
{ "type": "Feature", "properties": { "index": "798", "@osmId": "way/361881426", "name": null, "opening_hours": null, "label": "Cemeteries", "color": "#78c679" }, "geometry": { "type": "Polygon", "coordinates": [ [ [ 39.2320557, -6.8111543 ], [ 39.2319159, -6.8111277 ], [ 39.2318751, -6.8113222 ], [ 39.231879, -6.8114748 ], [ 39.2319491, -6.811475 ], [ 39.2322401, -6.8114557 ], [ 39.2322496, -6.8114261 ], [ 39.2322658, -6.8113077 ], [ 39.2322597, -6.8112882 ], [ 39.2322654, -6.8112183 ], [ 39.232165, -6.8112073 ], [ 39.2320814, -6.8111797 ], [ 39.2320557, -6.8111543 ] ] ] } },
{ "type": "Feature", "properties": { "index": "799", "@osmId": "way/362655824", "name": null, "opening_hours": null, "label": "Cemeteries", "color": "#78c679" }, "geometry": { "type": "Polygon", "coordinates": [ [ [ 39.2382804, -6.8080947 ], [ 39.238078, -6.808353 ], [ 39.2384194, -6.808528 ], [ 39.2387044, -6.8086757 ], [ 39.2387857, -6.8086962 ], [ 39.2389137, -6.8087167 ], [ 39.2391437, -6.8088083 ], [ 39.23962, -6.8090216 ], [ 39.2398101, -6.8088315 ], [ 39.2395292, -6.8085608 ], [ 39.2388118, -6.8082874 ], [ 39.2387664, -6.8081316 ], [ 39.2382804, -6.8080947 ] ] ] } },
{ "type": "Feature", "properties": { "index": "800", "@osmId": "way/363926063", "name": null, "opening_hours": null, "label": "Cemeteries", "color": "#78c679" }, "geometry": { "type": "Polygon", "coordinates": [ [ [ 39.2335866, -6.7924019 ], [ 39.2331838, -6.7922047 ], [ 39.2330439, -6.7923338 ], [ 39.2330296, -6.7924685 ], [ 39.2330324, -6.7926189 ], [ 39.2330667, -6.7928869 ], [ 39.2330853, -6.7929593 ], [ 39.2332481, -6.7929805 ], [ 39.2333852, -6.7929763 ], [ 39.2334224, -6.7931053 ], [ 39.2335895, -6.7931068 ], [ 39.2337257, -6.7930811 ], [ 39.2337537, -6.7930174 ], [ 39.2337851, -6.7929309 ], [ 39.2338266, -6.7927805 ], [ 39.2337323, -6.7925919 ], [ 39.2336452, -6.7924558 ], [ 39.2335866, -6.7924019 ] ] ] } },
{ "type": "Feature", "properties": { "index": "801", "@osmId": "way/370829146", "name": null, "opening_hours": null, "label": "Cemeteries", "color": "#78c679" }, "geometry": { "type": "Polygon", "coordinates": [ [ [ 39.2348016, -6.7908308 ], [ 39.2347435, -6.7908363 ], [ 39.2347032, -6.7911505 ], [ 39.2347153, -6.7911987 ], [ 39.234737, -6.7912075 ], [ 39.2347959, -6.7911935 ], [ 39.2348062, -6.7910573 ], [ 39.2349012, -6.7910567 ], [ 39.2349068, -6.7908412 ], [ 39.2348016, -6.7908308 ] ] ] } },
{ "type": "Feature", "properties": { "index": "802", "@osmId": "way/371698359", "name": null, "opening_hours": null, "label": "Cemeteries", "color": "#78c679" }, "geometry": { "type": "Polygon", "coordinates": [ [ [ 39.236862, -6.7930857 ], [ 39.2367228, -6.7930674 ], [ 39.2367004, -6.7930778 ], [ 39.2367022, -6.7930909 ], [ 39.2367064, -6.7932998 ], [ 39.2367486, -6.7933279 ], [ 39.2367987, -6.7933391 ], [ 39.2368827, -6.7933539 ], [ 39.236879, -6.7932665 ], [ 39.2368646, -6.7931669 ], [ 39.2368696, -6.7931094 ], [ 39.236862, -6.7930857 ] ] ] } },
{ "type": "Feature", "properties": { "index": "803", "@osmId": "way/371698360", "name": null, "opening_hours": null, "label": "Cemeteries", "color": "#78c679" }, "geometry": { "type": "Polygon", "coordinates": [ [ [ 39.2350297, -6.792406 ], [ 39.2349561, -6.7923841 ], [ 39.2348703, -6.7926062 ], [ 39.2348912, -6.792613 ], [ 39.2349158, -6.7926266 ], [ 39.2349061, -6.7926668 ], [ 39.2350712, -6.7927235 ], [ 39.2350742, -6.7926429 ], [ 39.2350781, -6.7925617 ], [ 39.2350947, -6.7924981 ], [ 39.2350573, -6.7924825 ], [ 39.2350455, -6.7924501 ], [ 39.2350297, -6.792406 ] ] ] } },
{ "type": "Feature", "properties": { "index": "804", "@osmId": "way/372867057", "name": null, "opening_hours": null, "label": "Cemeteries", "color": "#78c679" }, "geometry": { "type": "Polygon", "coordinates": [ [ [ 39.2333986, -6.8007405 ], [ 39.2334173, -6.8008136 ], [ 39.2334387, -6.8008145 ], [ 39.2334717, -6.8007788 ], [ 39.2335201, -6.800718 ], [ 39.2335488, -6.8006604 ], [ 39.2335369, -6.8006306 ], [ 39.233505, -6.8006191 ], [ 39.2334786, -6.8006093 ], [ 39.2334466, -6.8005988 ], [ 39.2334209, -6.8005962 ], [ 39.2334038, -6.8006358 ], [ 39.2334002, -6.8006636 ], [ 39.2333995, -6.8006882 ], [ 39.2333986, -6.8007405 ] ] ] } },
{ "type": "Feature", "properties": { "index": "805", "@osmId": "way/372943105", "name": null, "opening_hours": null, "label": "Cemeteries", "color": "#78c679" }, "geometry": { "type": "Polygon", "coordinates": [ [ [ 39.2317466, -6.7936382 ], [ 39.2315794, -6.7936206 ], [ 39.2315575, -6.7936999 ], [ 39.2316026, -6.7937243 ], [ 39.2316035, -6.793788 ], [ 39.2315725, -6.7938632 ], [ 39.2316039, -6.7938713 ], [ 39.2317063, -6.7939425 ], [ 39.2317336, -6.793973 ], [ 39.2317964, -6.7939574 ], [ 39.2318531, -6.7936897 ], [ 39.2317466, -6.7936382 ] ] ] } },
{ "type": "Feature", "properties": { "index": "806", "@osmId": "way/666063129", "name": null, "opening_hours": null, "label": "Cemeteries", "color": "#78c679" }, "geometry": { "type": "Polygon", "coordinates": [ [ [ 39.2277854, -6.801021 ], [ 39.2277883, -6.8010288 ], [ 39.2278174, -6.8010887 ], [ 39.2277874, -6.8011347 ], [ 39.2277766, -6.8011747 ], [ 39.2277592, -6.8012259 ], [ 39.2277321, -6.8012718 ], [ 39.227667, -6.8013644 ], [ 39.2276284, -6.8014245 ], [ 39.2276048, -6.8014683 ], [ 39.2276079, -6.8014935 ], [ 39.2276163, -6.8015067 ], [ 39.2276924, -6.8015512 ], [ 39.2278048, -6.8016137 ], [ 39.2278371, -6.801631 ], [ 39.2278607, -6.8016397 ], [ 39.2278764, -6.8016402 ], [ 39.2278941, -6.8016329 ], [ 39.2279133, -6.8016065 ], [ 39.2279478, -6.8015561 ], [ 39.2279857, -6.80151 ], [ 39.2279301, -6.8014422 ], [ 39.2279172, -6.8014082 ], [ 39.2278988, -6.8013189 ], [ 39.2279044, -6.8013106 ], [ 39.227926, -6.8012838 ], [ 39.2279604, -6.801248 ], [ 39.2279314, -6.801155 ], [ 39.2278901, -6.8011614 ], [ 39.2278816, -6.8011053 ], [ 39.2278701, -6.8010426 ], [ 39.2279107, -6.8010337 ], [ 39.2279104, -6.8009922 ], [ 39.2278485, -6.8010009 ], [ 39.2278234, -6.8010209 ], [ 39.2277854, -6.801021 ] ] ] } },
{ "type": "Feature", "properties": { "index": "807", "@osmId": "way/666063130", "name": "makaburi ya mwembe mkole", "opening_hours": null, "label": "Cemeteries", "color": "#78c679" }, "geometry": { "type": "Polygon", "coordinates": [ [ [ 39.2266398, -6.8015827 ], [ 39.226557, -6.8016071 ], [ 39.2265992, -6.8017988 ], [ 39.2266461, -6.8017475 ], [ 39.2266914, -6.8017409 ], [ 39.2267013, -6.8017401 ], [ 39.2267224, -6.801741 ], [ 39.2267382, -6.8017459 ], [ 39.2267549, -6.8017431 ], [ 39.2267823, -6.8017495 ], [ 39.2267756, -6.8017418 ], [ 39.2267849, -6.8017413 ], [ 39.2267903, -6.8017381 ], [ 39.2268008, -6.8017367 ], [ 39.2268137, -6.8017328 ], [ 39.2268213, -6.8017375 ], [ 39.226833, -6.8017344 ], [ 39.226865, -6.8016662 ], [ 39.2269141, -6.8016411 ], [ 39.2269251, -6.8016394 ], [ 39.2269352, -6.801648 ], [ 39.2269791, -6.8016012 ], [ 39.2269609, -6.8015566 ], [ 39.2268792, -6.8015059 ], [ 39.2268344, -6.8015103 ], [ 39.2267867, -6.8015408 ], [ 39.226696, -6.8015601 ], [ 39.2266398, -6.8015827 ] ] ] } },
{ "type": "Feature", "properties": { "index": "808", "@osmId": "way/666069107", "name": null, "opening_hours": null, "label": "Cemeteries", "color": "#78c679" }, "geometry": { "type": "Polygon", "coordinates": [ [ [ 39.2341109, -6.7964091 ], [ 39.2340219, -6.7964073 ], [ 39.2340141, -6.7964186 ], [ 39.2340289, -6.7964883 ], [ 39.2340246, -6.7965428 ], [ 39.2340496, -6.7966069 ], [ 39.2340702, -6.7966171 ], [ 39.2341565, -6.7965702 ], [ 39.234195, -6.7965492 ], [ 39.2341928, -6.796477 ], [ 39.2342145, -6.7964619 ], [ 39.2342162, -6.7964285 ], [ 39.2341787, -6.7964188 ], [ 39.2341109, -6.7964091 ] ] ] } },
{ "type": "Feature", "properties": { "index": "809", "@osmId": "way/667631784", "name": "Kihato Graveyard", "opening_hours": null, "label": "Cemeteries", "color": "#78c679" }, "geometry": { "type": "Polygon", "coordinates": [ [ [ 39.2422321, -6.8026725 ], [ 39.242124, -6.8027659 ], [ 39.2420967, -6.8027717 ], [ 39.2421231, -6.8028577 ], [ 39.2421982, -6.8029405 ], [ 39.2423006, -6.8030077 ], [ 39.2423758, -6.8030197 ], [ 39.2424137, -6.8030258 ], [ 39.2424467, -6.8030126 ], [ 39.2425028, -6.8029364 ], [ 39.2424805, -6.8029143 ], [ 39.2425094, -6.8028807 ], [ 39.2425301, -6.8028127 ], [ 39.242462, -6.8026914 ], [ 39.2424393, -6.8026989 ], [ 39.2424154, -6.8026941 ], [ 39.2423397, -6.8025699 ], [ 39.2422321, -6.8026725 ] ] ] } },
{ "type": "Feature", "properties": { "index": "810", "@osmId": "node/10758865865", "name": null, "opening_hours": null, "label": "Cemeteries", "color": "#78c679" }, "geometry": { "type": "Point", "coordinates": [ 39.256294, -6.8011843 ] } },
{ "type": "Feature", "properties": { "index": "811", "@osmId": "way/1199780220", "name": null, "opening_hours": null, "label": "Forests & woodland", "color": "#006837" }, "geometry": { "type": "Polygon", "coordinates": [ [ [ 39.2435355, -6.8454705 ], [ 39.243447, -6.8455531 ], [ 39.243376, -6.8455558 ], [ 39.243333, -6.8456037 ], [ 39.2433344, -6.8456703 ], [ 39.2433679, -6.8457169 ], [ 39.2434953, -6.8457368 ], [ 39.2435449, -6.8457901 ], [ 39.2436495, -6.8458913 ], [ 39.2437032, -6.8460498 ], [ 39.2437032, -6.846139 ], [ 39.2436723, -6.8462109 ], [ 39.243667, -6.8462708 ], [ 39.2436616, -6.8463267 ], [ 39.2436455, -6.8464372 ], [ 39.2436495, -6.8465171 ], [ 39.2436669, -6.8466223 ], [ 39.2436763, -6.8466702 ], [ 39.2436951, -6.8466928 ], [ 39.2437206, -6.8466876 ], [ 39.2437662, -6.8467142 ], [ 39.243836, -6.8467062 ], [ 39.2439124, -6.8467728 ], [ 39.2439835, -6.8468154 ], [ 39.2441283, -6.8469059 ], [ 39.2441954, -6.8469046 ], [ 39.2442571, -6.8469033 ], [ 39.2442986, -6.8469539 ], [ 39.2442249, -6.8469725 ], [ 39.2442249, -6.8470364 ], [ 39.2442249, -6.847095 ], [ 39.2443751, -6.8471403 ], [ 39.2443912, -6.8470191 ], [ 39.244469, -6.8467754 ], [ 39.2443925, -6.8465557 ], [ 39.2442168, -6.8465238 ], [ 39.2440867, -6.8464505 ], [ 39.244013, -6.8464292 ], [ 39.2439607, -6.8463906 ], [ 39.2439687, -6.8462814 ], [ 39.2441203, -6.8463081 ], [ 39.2441766, -6.8463267 ], [ 39.2442691, -6.8463533 ], [ 39.2443107, -6.8462641 ], [ 39.2444046, -6.845882 ], [ 39.2444703, -6.845621 ], [ 39.2437702, -6.8459765 ], [ 39.2437112, -6.84583 ], [ 39.2436026, -6.8455944 ], [ 39.2436187, -6.8455225 ], [ 39.2435355, -6.8454705 ] ] ] } },
{ "type": "Feature", "properties": { "index": "812", "@osmId": "way/1211781846", "name": null, "opening_hours": null, "label": "Forests & woodland", "color": "#006837" }, "geometry": { "type": "Polygon", "coordinates": [ [ [ 39.2602645, -6.8458953 ], [ 39.2600968, -6.8458913 ], [ 39.2598139, -6.8460444 ], [ 39.2597334, -6.8462095 ], [ 39.2599319, -6.8462948 ], [ 39.2598394, -6.8464173 ], [ 39.2598903, -6.8466929 ], [ 39.2599493, -6.8468181 ], [ 39.2599681, -6.8468687 ], [ 39.2600378, -6.8468447 ], [ 39.2600553, -6.8466157 ], [ 39.2600647, -6.8465051 ], [ 39.2601894, -6.8462495 ], [ 39.2603476, -6.8461549 ], [ 39.2603624, -6.8459659 ], [ 39.2602645, -6.8458953 ] ] ] } },
{ "type": "Feature", "properties": { "index": "813", "@osmId": "way/1214852940", "name": null, "opening_hours": null, "label": "Forests & woodland", "color": "#006837" }, "geometry": { "type": "Polygon", "coordinates": [ [ [ 39.2541477, -6.8459965 ], [ 39.2541464, -6.8458407 ], [ 39.2540538, -6.84587 ], [ 39.2540511, -6.8460165 ], [ 39.2541048, -6.8460644 ], [ 39.2539398, -6.8461443 ], [ 39.2538607, -6.8462495 ], [ 39.2539009, -6.8463267 ], [ 39.2539479, -6.8463627 ], [ 39.254078, -6.846577 ], [ 39.2541423, -6.846637 ], [ 39.2541464, -6.8465011 ], [ 39.254149, -6.8462428 ], [ 39.2541477, -6.8459965 ] ] ] } },
{ "type": "Feature", "properties": { "index": "814", "@osmId": "way/1214852941", "name": null, "opening_hours": null, "label": "Forests & woodland", "color": "#006837" }, "geometry": { "type": "Polygon", "coordinates": [ [ [ 39.2540123, -6.8446556 ], [ 39.2539895, -6.8446476 ], [ 39.2540069, -6.8447555 ], [ 39.2540149, -6.8448434 ], [ 39.2539278, -6.84489 ], [ 39.2538419, -6.8449166 ], [ 39.2537762, -6.8449512 ], [ 39.2539264, -6.8452229 ], [ 39.2539774, -6.8454159 ], [ 39.2541155, -6.8453613 ], [ 39.2541759, -6.8453174 ], [ 39.2541531, -6.8450058 ], [ 39.2541531, -6.844629 ], [ 39.2540043, -6.8446139 ], [ 39.2540123, -6.8446556 ] ] ] } },
{ "type": "Feature", "properties": { "index": "815", "@osmId": "way/1366770513", "name": null, "opening_hours": null, "label": "Forests & woodland", "color": "#006837" }, "geometry": { "type": "Polygon", "coordinates": [ [ [ 39.2441681, -6.8392166 ], [ 39.2440705, -6.8391688 ], [ 39.2439668, -6.8392197 ], [ 39.2439034, -6.8392107 ], [ 39.2438895, -6.8392562 ], [ 39.2439286, -6.839289 ], [ 39.2439629, -6.8392736 ], [ 39.2440657, -6.8393051 ], [ 39.2441091, -6.8392569 ], [ 39.2442138, -6.8394123 ], [ 39.2442973, -6.8394027 ], [ 39.2442274, -6.8392133 ], [ 39.2441681, -6.8392166 ] ] ] } },
{ "type": "Feature", "properties": { "index": "816", "@osmId": "way/1366772484", "name": null, "opening_hours": null, "label": "Forests & woodland", "color": "#006837" }, "geometry": { "type": "Polygon", "coordinates": [ [ [ 39.2449601, -6.8361606 ], [ 39.2448039, -6.836061 ], [ 39.2447809, -6.8360901 ], [ 39.2447968, -6.8361068 ], [ 39.2447906, -6.8361236 ], [ 39.2449947, -6.836261 ], [ 39.2450873, -6.8361626 ], [ 39.2452174, -6.8362504 ], [ 39.2452813, -6.8361641 ], [ 39.245079, -6.8360434 ], [ 39.2450444, -6.8360839 ], [ 39.2449601, -6.8361606 ] ] ] } },
{ "type": "Feature", "properties": { "index": "817", "@osmId": "way/1367946291", "name": null, "opening_hours": null, "label": "Forests & woodland", "color": "#006837" }, "geometry": { "type": "Polygon", "coordinates": [ [ [ 39.246349, -6.8353574 ], [ 39.2462429, -6.8352946 ], [ 39.2461756, -6.8353844 ], [ 39.2461715, -6.8354532 ], [ 39.2462388, -6.8354715 ], [ 39.2462803, -6.8354559 ], [ 39.246349, -6.8353574 ] ] ] } },
{ "type": "Feature", "properties": { "index": "818", "@osmId": "way/1367946292", "name": null, "opening_hours": null, "label": "Forests & woodland", "color": "#006837" }, "geometry": { "type": "Polygon", "coordinates": [ [ [ 39.2463592, -6.8351454 ], [ 39.2463184, -6.8352041 ], [ 39.2463402, -6.8353 ], [ 39.2463918, -6.8353304 ], [ 39.2464217, -6.8352743 ], [ 39.246468, -6.8352129 ], [ 39.2465047, -6.835223 ], [ 39.2465557, -6.8351225 ], [ 39.2466006, -6.8350529 ], [ 39.2466774, -6.8349557 ], [ 39.2467121, -6.8348761 ], [ 39.246642, -6.8348281 ], [ 39.246572, -6.8348848 ], [ 39.246504, -6.834978 ], [ 39.2464299, -6.8350327 ], [ 39.2463592, -6.8351454 ] ] ] } },
{ "type": "Feature", "properties": { "index": "819", "@osmId": "way/1368138345", "name": null, "opening_hours": null, "label": "Forests & woodland", "color": "#006837" }, "geometry": { "type": "Polygon", "coordinates": [ [ [ 39.2476181, -6.8394481 ], [ 39.2476111, -6.8394331 ], [ 39.2475926, -6.8394211 ], [ 39.2475781, -6.8394149 ], [ 39.2475611, -6.8394074 ], [ 39.2475524, -6.8394191 ], [ 39.2475551, -6.8394344 ], [ 39.2475473, -6.8394544 ], [ 39.2475423, -6.8394707 ], [ 39.2475494, -6.8394867 ], [ 39.247548, -6.839501 ], [ 39.2475541, -6.8395166 ], [ 39.2475651, -6.8395306 ], [ 39.2475836, -6.8395296 ], [ 39.2476003, -6.8395396 ], [ 39.2476124, -6.8395406 ], [ 39.2476141, -6.8395313 ], [ 39.2476298, -6.8395349 ], [ 39.2476516, -6.839509 ], [ 39.247653, -6.8394843 ], [ 39.2476422, -6.839471 ], [ 39.2476379, -6.8394737 ], [ 39.2476308, -6.8394697 ], [ 39.2476369, -6.8394677 ], [ 39.2476318, -6.839451 ], [ 39.2476181, -6.8394481 ] ] ] } },
{ "type": "Feature", "properties": { "index": "820", "@osmId": "way/1368153601", "name": null, "opening_hours": null, "label": "Forests & woodland", "color": "#006837" }, "geometry": { "type": "Polygon", "coordinates": [ [ [ 39.2461197, -6.8361832 ], [ 39.2459881, -6.836442 ], [ 39.2457296, -6.836817 ], [ 39.245995, -6.8368218 ], [ 39.2461437, -6.8366189 ], [ 39.2462038, -6.8366391 ], [ 39.2462242, -6.8364964 ], [ 39.2461276, -6.8364665 ], [ 39.2462605, -6.8362563 ], [ 39.2461197, -6.8361832 ] ] ] } },
{ "type": "Feature", "properties": { "index": "821", "@osmId": "way/1368153987", "name": null, "opening_hours": null, "label": "Forests & woodland", "color": "#006837" }, "geometry": { "type": "Polygon", "coordinates": [ [ [ 39.2447738, -6.8381033 ], [ 39.2446501, -6.8380396 ], [ 39.2445917, -6.8380813 ], [ 39.2446325, -6.8382042 ], [ 39.2447194, -6.8382246 ], [ 39.2448147, -6.8382923 ], [ 39.2448941, -6.8382935 ], [ 39.2449011, -6.8381891 ], [ 39.2447738, -6.8381033 ] ] ] } },
{ "type": "Feature", "properties": { "index": "822", "@osmId": "way/1368153988", "name": null, "opening_hours": null, "label": "Forests & woodland", "color": "#006837" }, "geometry": { "type": "Polygon", "coordinates": [ [ [ 39.2450166, -6.8382448 ], [ 39.2449384, -6.8382401 ], [ 39.2448844, -6.8383175 ], [ 39.2450295, -6.8384256 ], [ 39.2450727, -6.8383966 ], [ 39.2450778, -6.8384263 ], [ 39.2450587, -6.8384488 ], [ 39.2452198, -6.8385021 ], [ 39.2452696, -6.8384676 ], [ 39.2452863, -6.8384094 ], [ 39.2450166, -6.8382448 ] ] ] } },
{ "type": "Feature", "properties": { "index": "823", "@osmId": "way/1368153989", "name": null, "opening_hours": null, "label": "Forests & woodland", "color": "#006837" }, "geometry": { "type": "Polygon", "coordinates": [ [ [ 39.2455858, -6.8386629 ], [ 39.2455435, -6.8386447 ], [ 39.2455208, -6.8386539 ], [ 39.2455138, -6.8386814 ], [ 39.2455273, -6.8387043 ], [ 39.2454923, -6.8387422 ], [ 39.2454815, -6.8387739 ], [ 39.2454853, -6.838808 ], [ 39.2455058, -6.8388149 ], [ 39.2455196, -6.8388003 ], [ 39.2455423, -6.8387869 ], [ 39.2455497, -6.8387422 ], [ 39.2455631, -6.838707 ], [ 39.2455797, -6.8387315 ], [ 39.2456122, -6.8387421 ], [ 39.2456427, -6.8387744 ], [ 39.2456793, -6.8387673 ], [ 39.2457067, -6.8387441 ], [ 39.2457271, -6.8387098 ], [ 39.2457271, -6.8386699 ], [ 39.2457123, -6.8386432 ], [ 39.2456742, -6.8386563 ], [ 39.2456519, -6.8386558 ], [ 39.2456254, -6.8386583 ], [ 39.2456198, -6.838676 ], [ 39.2455858, -6.8386629 ] ] ] } },
{ "type": "Feature", "properties": { "index": "824", "@osmId": "way/1367325351", "name": null, "opening_hours": null, "label": "Forests & woodland", "color": "#006837" }, "geometry": { "type": "Polygon", "coordinates": [ [ [ 39.257261, -6.8112752 ], [ 39.2572097, -6.8114105 ], [ 39.2573194, -6.8115388 ], [ 39.2573336, -6.8115511 ], [ 39.2573973, -6.8115704 ], [ 39.2576309, -6.8115124 ], [ 39.2576026, -6.8114017 ], [ 39.2575937, -6.8112822 ], [ 39.2573672, -6.8112313 ], [ 39.257261, -6.8112752 ] ] ] } },
{ "type": "Feature", "properties": { "index": "825", "@osmId": "way/140121086", "name": null, "opening_hours": null, "label": "Forests & woodland", "color": "#006837" }, "geometry": { "type": "Polygon", "coordinates": [ [ [ 39.2909108, -6.8183184 ], [ 39.2909014, -6.8182625 ], [ 39.2908625, -6.8182718 ], [ 39.2908424, -6.8183078 ], [ 39.2908196, -6.8183104 ], [ 39.2907834, -6.818357 ], [ 39.290727, -6.8183584 ], [ 39.2906948, -6.8183943 ], [ 39.2906399, -6.8184076 ], [ 39.2905889, -6.8184596 ], [ 39.2905245, -6.8184636 ], [ 39.2904829, -6.8185088 ], [ 39.2904226, -6.8185128 ], [ 39.290377, -6.8185554 ], [ 39.2903207, -6.8185621 ], [ 39.2902858, -6.8185994 ], [ 39.2903354, -6.81863 ], [ 39.2903703, -6.8185821 ], [ 39.2904306, -6.8185847 ], [ 39.290487, -6.8185355 ], [ 39.2905594, -6.8185222 ], [ 39.2905996, -6.8184822 ], [ 39.2906734, -6.8184849 ], [ 39.2907096, -6.818413 ], [ 39.290778, -6.818417 ], [ 39.2907914, -6.8183757 ], [ 39.2908477, -6.8183797 ], [ 39.2908544, -6.8183277 ], [ 39.2909108, -6.8183184 ] ] ] } },
{ "type": "Feature", "properties": { "index": "826", "@osmId": "way/151741030", "name": null, "opening_hours": null, "label": "Forests & woodland", "color": "#006837" }, "geometry": { "type": "Polygon", "coordinates": [ [ [ 39.2924684, -6.81415 ], [ 39.2924541, -6.814106 ], [ 39.2923361, -6.8141246 ], [ 39.2922932, -6.8142338 ], [ 39.2921403, -6.8142472 ], [ 39.2920384, -6.814391 ], [ 39.2919284, -6.8143963 ], [ 39.2918238, -6.8145747 ], [ 39.2917004, -6.8145801 ], [ 39.2916924, -6.8147079 ], [ 39.2915744, -6.8147265 ], [ 39.2915341, -6.8148704 ], [ 39.2914107, -6.814881 ], [ 39.2913598, -6.8149689 ], [ 39.2911613, -6.8151314 ], [ 39.2910057, -6.8151473 ], [ 39.2910004, -6.8152459 ], [ 39.2910996, -6.8152965 ], [ 39.2911747, -6.815182 ], [ 39.2913678, -6.8150754 ], [ 39.2913812, -6.8150035 ], [ 39.2914912, -6.8149769 ], [ 39.2915368, -6.8149076 ], [ 39.2916736, -6.8148411 ], [ 39.2917031, -6.8147479 ], [ 39.2918506, -6.8146919 ], [ 39.291856, -6.8146067 ], [ 39.2920116, -6.8145428 ], [ 39.2920598, -6.8144309 ], [ 39.2921913, -6.814383 ], [ 39.2922905, -6.8142738 ], [ 39.2924061, -6.8141999 ], [ 39.2924684, -6.81415 ] ] ] } },
{ "type": "Feature", "properties": { "index": "827", "@osmId": "way/625076241", "name": null, "opening_hours": null, "label": "Forests & woodland", "color": "#006837" }, "geometry": { "type": "Polygon", "coordinates": [ [ [ 39.2972669, -6.816695 ], [ 39.2970121, -6.8168042 ], [ 39.297633, -6.8171647 ], [ 39.2982942, -6.816679 ], [ 39.297916, -6.8160798 ], [ 39.2972749, -6.8164553 ], [ 39.2973313, -6.8165352 ], [ 39.2972669, -6.816695 ] ] ] } },
{ "type": "Feature", "properties": { "index": "828", "@osmId": "way/1367274802", "name": null, "opening_hours": null, "label": "Forests & woodland", "color": "#006837" }, "geometry": { "type": "Polygon", "coordinates": [ [ [ 39.2367824, -6.7889235 ], [ 39.2365268, -6.7889245 ], [ 39.2364862, -6.7889998 ], [ 39.2365392, -6.789038 ], [ 39.236558, -6.7891231 ], [ 39.2366993, -6.7891484 ], [ 39.2367159, -6.7891825 ], [ 39.2367481, -6.7891876 ], [ 39.2367824, -6.7889235 ] ] ] } },
{ "type": "Feature", "properties": { "index": "829", "@osmId": "way/1367274805", "name": null, "opening_hours": null, "label": "Forests & woodland", "color": "#006837" }, "geometry": { "type": "Polygon", "coordinates": [ [ [ 39.2372182, -6.7892994 ], [ 39.2372699, -6.7893654 ], [ 39.2372563, -6.789385 ], [ 39.2374557, -6.7892945 ], [ 39.2374881, -6.7893604 ], [ 39.2376464, -6.7894277 ], [ 39.2377522, -6.7892039 ], [ 39.2376169, -6.7891687 ], [ 39.2375382, -6.78922 ], [ 39.2373917, -6.7892005 ], [ 39.2372182, -6.7892994 ] ] ] } },
{ "type": "Feature", "properties": { "index": "830", "@osmId": "way/1208024837", "name": null, "opening_hours": null, "label": "Forests & woodland", "color": "#006837" }, "geometry": { "type": "Polygon", "coordinates": [ [ [ 39.2200595, -6.8463307 ], [ 39.22, -6.84633 ], [ 39.22, -6.8474093 ], [ 39.2200863, -6.8474093 ], [ 39.2202929, -6.8473374 ], [ 39.220722, -6.8473853 ], [ 39.2209634, -6.8472175 ], [ 39.2211163, -6.847079 ], [ 39.2212155, -6.8467901 ], [ 39.221233, -6.8466503 ], [ 39.2212383, -6.8462082 ], [ 39.2211592, -6.846107 ], [ 39.2210573, -6.8462135 ], [ 39.2209285, -6.8462668 ], [ 39.2206255, -6.8463201 ], [ 39.2200595, -6.8463307 ] ] ] } },
{ "type": "Feature", "properties": { "index": "831", "@osmId": "way/1368156152", "name": null, "opening_hours": null, "label": "Forests & woodland", "color": "#006837" }, "geometry": { "type": "Polygon", "coordinates": [ [ [ 39.2389228, -6.8347987 ], [ 39.2388091, -6.834754 ], [ 39.2387378, -6.8349053 ], [ 39.2387448, -6.8349282 ], [ 39.2388531, -6.8349766 ], [ 39.2389228, -6.8347987 ] ] ] } },
{ "type": "Feature", "properties": { "index": "832", "@osmId": "way/1368156153", "name": null, "opening_hours": null, "label": "Forests & woodland", "color": "#006837" }, "geometry": { "type": "Polygon", "coordinates": [ [ [ 39.2387474, -6.8347109 ], [ 39.2386536, -6.8347806 ], [ 39.2387544, -6.8348403 ], [ 39.2388177, -6.8347396 ], [ 39.2387474, -6.8347109 ] ] ] } },
{ "type": "Feature", "properties": { "index": "833", "@osmId": "way/1208034409", "name": null, "opening_hours": null, "label": "Forests & woodland", "color": "#006837" }, "geometry": { "type": "Polygon", "coordinates": [ [ [ 39.2415333, -6.826509 ], [ 39.2411309, -6.826722 ], [ 39.2413294, -6.8271907 ], [ 39.2418766, -6.8284424 ], [ 39.2425901, -6.8281761 ], [ 39.242585, -6.8281532 ], [ 39.242413, -6.8273878 ], [ 39.2423326, -6.8274198 ], [ 39.2421985, -6.8270895 ], [ 39.2421502, -6.826754 ], [ 39.2420053, -6.8262746 ], [ 39.241988, -6.8262829 ], [ 39.2417371, -6.8264024 ], [ 39.2415333, -6.826509 ] ] ] } },
{ "type": "Feature", "properties": { "index": "834", "@osmId": "way/1208034875", "name": null, "opening_hours": null, "label": "Forests & woodland", "color": "#006837" }, "geometry": { "type": "Polygon", "coordinates": [ [ [ 39.2681073, -6.8494785 ], [ 39.267886, -6.8494944 ], [ 39.267835, -6.8494971 ], [ 39.2678417, -6.8495797 ], [ 39.2680094, -6.8496169 ], [ 39.2681274, -6.8496156 ], [ 39.2683205, -6.8495956 ], [ 39.268637, -6.8496023 ], [ 39.2687215, -6.8496023 ], [ 39.2688663, -6.849601 ], [ 39.268987, -6.8496263 ], [ 39.2694189, -6.8496955 ], [ 39.2695422, -6.8496382 ], [ 39.2694457, -6.8495663 ], [ 39.2692566, -6.8495157 ], [ 39.2690916, -6.8494718 ], [ 39.2688006, -6.8494492 ], [ 39.2684238, -6.8494665 ], [ 39.2681073, -6.8494785 ] ] ] } },
{ "type": "Feature", "properties": { "index": "835", "@osmId": "way/1215348236", "name": null, "opening_hours": null, "label": "Forests & woodland", "color": "#006837" }, "geometry": { "type": "Polygon", "coordinates": [ [ [ 39.2406294, -6.8305823 ], [ 39.2404148, -6.8305503 ], [ 39.2404068, -6.8307488 ], [ 39.2404094, -6.8309911 ], [ 39.2407367, -6.8309991 ], [ 39.2409231, -6.8308287 ], [ 39.2408788, -6.8306609 ], [ 39.2406294, -6.8305823 ] ] ] } },
{ "type": "Feature", "properties": { "index": "836", "@osmId": "way/1208038051", "name": null, "opening_hours": null, "label": "Forests & woodland", "color": "#006837" }, "geometry": { "type": "Polygon", "coordinates": [ [ [ 39.2657261, -6.834601 ], [ 39.2657402, -6.834617 ], [ 39.2658435, -6.8348127 ], [ 39.265985, -6.8347462 ], [ 39.2660259, -6.8347435 ], [ 39.2660715, -6.8347442 ], [ 39.2661137, -6.8347548 ], [ 39.2661653, -6.8347368 ], [ 39.2661821, -6.8347235 ], [ 39.2660286, -6.8344539 ], [ 39.2658971, -6.8345178 ], [ 39.2657261, -6.834601 ] ] ] } },
{ "type": "Feature", "properties": { "index": "837", "@osmId": "way/1208039258", "name": null, "opening_hours": null, "label": "Forests & woodland", "color": "#006837" }, "geometry": { "type": "Polygon", "coordinates": [ [ [ 39.2732457, -6.8462588 ], [ 39.2732397, -6.8462841 ], [ 39.2730761, -6.8464346 ], [ 39.27295, -6.846609 ], [ 39.2728575, -6.8466843 ], [ 39.2727918, -6.8466983 ], [ 39.2727783, -6.8467242 ], [ 39.2728005, -6.8468018 ], [ 39.2727944, -6.846846 ], [ 39.2727874, -6.8468636 ], [ 39.2726757, -6.8469066 ], [ 39.2726127, -6.846892 ], [ 39.2725691, -6.8468627 ], [ 39.272541, -6.8468846 ], [ 39.2725544, -6.8469612 ], [ 39.2725771, -6.8470278 ], [ 39.272667, -6.8470477 ], [ 39.272771, -6.8470278 ], [ 39.272844, -6.8469732 ], [ 39.2728816, -6.8469485 ], [ 39.2728997, -6.8468986 ], [ 39.2729259, -6.8468107 ], [ 39.2729728, -6.8467335 ], [ 39.2730264, -6.8466683 ], [ 39.2730808, -6.8466157 ], [ 39.2731297, -6.8465517 ], [ 39.27318, -6.8465218 ], [ 39.2732115, -6.8464898 ], [ 39.2732524, -6.8464739 ], [ 39.2733275, -6.8464059 ], [ 39.2733523, -6.846364 ], [ 39.2733537, -6.8463094 ], [ 39.2733537, -6.8462595 ], [ 39.2733436, -6.8462402 ], [ 39.2733215, -6.8462355 ], [ 39.2732665, -6.8462368 ], [ 39.2732457, -6.8462588 ] ] ] } },
{ "type": "Feature", "properties": { "index": "838", "@osmId": "way/1366764303", "name": null, "opening_hours": null, "label": "Forests & woodland", "color": "#006837" }, "geometry": { "type": "Polygon", "coordinates": [ [ [ 39.237529, -6.8202504 ], [ 39.2375113, -6.8202632 ], [ 39.2375085, -6.820284 ], [ 39.237496, -6.8203107 ], [ 39.2374831, -6.8203439 ], [ 39.237492, -6.8203671 ], [ 39.2375218, -6.8203671 ], [ 39.2375592, -6.8203603 ], [ 39.2376055, -6.8203527 ], [ 39.2376059, -6.8203179 ], [ 39.2375942, -6.8203059 ], [ 39.2375914, -6.8202947 ], [ 39.2375829, -6.8202855 ], [ 39.2375854, -6.8202808 ], [ 39.2375725, -6.8202752 ], [ 39.237564, -6.8202456 ], [ 39.237529, -6.8202504 ] ] ] } },
{ "type": "Feature", "properties": { "index": "839", "@osmId": "way/1366768893", "name": null, "opening_hours": null, "label": "Forests & woodland", "color": "#006837" }, "geometry": { "type": "Polygon", "coordinates": [ [ [ 39.233793, -6.8296284 ], [ 39.2337308, -6.8296055 ], [ 39.2336865, -6.8296462 ], [ 39.2337256, -6.8296921 ], [ 39.2337317, -6.8296832 ], [ 39.2337454, -6.8297029 ], [ 39.2337341, -6.8297206 ], [ 39.2337445, -6.8297305 ], [ 39.2337926, -6.8296785 ], [ 39.233793, -6.8296284 ] ] ] } },
{ "type": "Feature", "properties": { "index": "840", "@osmId": "way/1366768894", "name": null, "opening_hours": null, "label": "Forests & woodland", "color": "#006837" }, "geometry": { "type": "Polygon", "coordinates": [ [ [ 39.2338068, -6.8302736 ], [ 39.2337803, -6.8303071 ], [ 39.2338118, -6.8304315 ], [ 39.2337985, -6.8305023 ], [ 39.2338162, -6.8304941 ], [ 39.2338317, -6.8305571 ], [ 39.2338897, -6.8305494 ], [ 39.2338068, -6.8302736 ] ] ] } },
{ "type": "Feature", "properties": { "index": "841", "@osmId": "way/1366768897", "name": null, "opening_hours": null, "label": "Forests & woodland", "color": "#006837" }, "geometry": { "type": "Polygon", "coordinates": [ [ [ 39.2336515, -6.8307594 ], [ 39.2336478, -6.8307301 ], [ 39.2334428, -6.8307468 ], [ 39.2334423, -6.830759 ], [ 39.2333217, -6.8307762 ], [ 39.2333373, -6.83082 ], [ 39.2334445, -6.8307712 ], [ 39.2334356, -6.8308111 ], [ 39.2334395, -6.830831 ], [ 39.2334964, -6.8308161 ], [ 39.233535, -6.8308678 ], [ 39.2335442, -6.830905 ], [ 39.2335891, -6.8308959 ], [ 39.2335847, -6.830861 ], [ 39.2335461, -6.830861 ], [ 39.2335193, -6.8307811 ], [ 39.2336515, -6.8307594 ] ] ] } },
{ "type": "Feature", "properties": { "index": "842", "@osmId": "way/1366768899", "name": null, "opening_hours": null, "label": "Forests & woodland", "color": "#006837" }, "geometry": { "type": "Polygon", "coordinates": [ [ [ 39.2341113, -6.8307878 ], [ 39.2340116, -6.8307988 ], [ 39.2340104, -6.8308404 ], [ 39.2341113, -6.8308392 ], [ 39.2341654, -6.8307756 ], [ 39.2341137, -6.830772 ], [ 39.2341113, -6.8307878 ] ] ] } },
{ "type": "Feature", "properties": { "index": "843", "@osmId": "way/1366768900", "name": null, "opening_hours": null, "label": "Forests & woodland", "color": "#006837" }, "geometry": { "type": "Polygon", "coordinates": [ [ [ 39.2337389, -6.8297418 ], [ 39.2338728, -6.8303937 ], [ 39.2340158, -6.8303368 ], [ 39.2340394, -6.8304843 ], [ 39.2340867, -6.8304323 ], [ 39.2340647, -6.8303385 ], [ 39.2342994, -6.8302714 ], [ 39.2342015, -6.8301156 ], [ 39.2341238, -6.8301608 ], [ 39.2340124, -6.8299396 ], [ 39.2339449, -6.8298172 ], [ 39.2338571, -6.829849 ], [ 39.2337389, -6.8297418 ] ] ] } },
{ "type": "Feature", "properties": { "index": "844", "@osmId": "way/1366768901", "name": null, "opening_hours": null, "label": "Forests & woodland", "color": "#006837" }, "geometry": { "type": "Polygon", "coordinates": [ [ [ 39.2344192, -6.8296182 ], [ 39.2343062, -6.8296053 ], [ 39.2343169, -6.8296664 ], [ 39.2343218, -6.8296939 ], [ 39.2343545, -6.8298797 ], [ 39.2344459, -6.8298703 ], [ 39.2344407, -6.8298004 ], [ 39.2344919, -6.8297755 ], [ 39.2345132, -6.8296898 ], [ 39.234448, -6.8296929 ], [ 39.2344192, -6.8296182 ] ] ] } },
{ "type": "Feature", "properties": { "index": "845", "@osmId": "way/1366774423", "name": null, "opening_hours": null, "label": "Forests & woodland", "color": "#006837" }, "geometry": { "type": "Polygon", "coordinates": [ [ [ 39.2378188, -6.8242356 ], [ 39.2377533, -6.8243277 ], [ 39.2378352, -6.8243588 ], [ 39.237888, -6.8243338 ], [ 39.2379121, -6.8242909 ], [ 39.2378188, -6.8242356 ] ] ] } },
{ "type": "Feature", "properties": { "index": "846", "@osmId": "way/1366966541", "name": null, "opening_hours": null, "label": "Forests & woodland", "color": "#006837" }, "geometry": { "type": "Polygon", "coordinates": [ [ [ 39.232431, -6.8210114 ], [ 39.2324337, -6.821062 ], [ 39.2324739, -6.8211273 ], [ 39.2324203, -6.8212458 ], [ 39.2324524, -6.8212644 ], [ 39.2325343, -6.8212391 ], [ 39.2325731, -6.8211979 ], [ 39.2325892, -6.8211579 ], [ 39.2326697, -6.8211273 ], [ 39.2327462, -6.8211792 ], [ 39.2327542, -6.8211286 ], [ 39.2327207, -6.821118 ], [ 39.2327368, -6.8210927 ], [ 39.2326952, -6.8210847 ], [ 39.2326992, -6.821058 ], [ 39.2326845, -6.8210354 ], [ 39.2326255, -6.8210301 ], [ 39.232563, -6.8210167 ], [ 39.2325168, -6.8210234 ], [ 39.2324766, -6.8209821 ], [ 39.232431, -6.8210114 ] ] ] } },
{ "type": "Feature", "properties": { "index": "847", "@osmId": "way/1366971849", "name": null, "opening_hours": null, "label": "Forests & woodland", "color": "#006837" }, "geometry": { "type": "Polygon", "coordinates": [ [ [ 39.238687, -6.8202724 ], [ 39.2386783, -6.820297 ], [ 39.2386582, -6.8203243 ], [ 39.2387091, -6.8203736 ], [ 39.2387313, -6.8203743 ], [ 39.2387494, -6.8203556 ], [ 39.2387702, -6.8203696 ], [ 39.238803, -6.8203889 ], [ 39.2388153, -6.8203106 ], [ 39.2388057, -6.8203024 ], [ 39.2387869, -6.820283 ], [ 39.2387413, -6.8202731 ], [ 39.2387266, -6.8202924 ], [ 39.238687, -6.8202724 ] ] ] } },
{ "type": "Feature", "properties": { "index": "848", "@osmId": "way/1366971850", "name": null, "opening_hours": null, "label": "Forests & woodland", "color": "#006837" }, "geometry": { "type": "Polygon", "coordinates": [ [ [ 39.23894, -6.8203816 ], [ 39.2389263, -6.8203769 ], [ 39.2389085, -6.8203929 ], [ 39.2389065, -6.8204072 ], [ 39.2388656, -6.8204595 ], [ 39.2388834, -6.8204598 ], [ 39.2388954, -6.8204515 ], [ 39.2389052, -6.8204385 ], [ 39.2389135, -6.8204448 ], [ 39.2389156, -6.8204645 ], [ 39.2389317, -6.8204785 ], [ 39.2389501, -6.8204685 ], [ 39.2389551, -6.8204535 ], [ 39.2389695, -6.8204655 ], [ 39.2389886, -6.8204545 ], [ 39.2390007, -6.8204066 ], [ 39.238987, -6.8204009 ], [ 39.2389769, -6.8203769 ], [ 39.2389538, -6.8203736 ], [ 39.23894, -6.8203816 ] ] ] } },
{ "type": "Feature", "properties": { "index": "849", "@osmId": "way/1366971853", "name": null, "opening_hours": null, "label": "Forests & woodland", "color": "#006837" }, "geometry": { "type": "Polygon", "coordinates": [ [ [ 39.2380024, -6.821247 ], [ 39.237965, -6.8212541 ], [ 39.2379705, -6.8212641 ], [ 39.2379662, -6.8212789 ], [ 39.2379735, -6.8213027 ], [ 39.2379719, -6.8213076 ], [ 39.2379784, -6.8213185 ], [ 39.2379938, -6.8213142 ], [ 39.2379938, -6.8213064 ], [ 39.2380188, -6.8212962 ], [ 39.2380094, -6.8212826 ], [ 39.2380215, -6.8212703 ], [ 39.2380196, -6.8212588 ], [ 39.2380024, -6.821247 ] ] ] } },
{ "type": "Feature", "properties": { "index": "850", "@osmId": "way/1366971854", "name": null, "opening_hours": null, "label": "Forests & woodland", "color": "#006837" }, "geometry": { "type": "Polygon", "coordinates": [ [ [ 39.2381736, -6.8203724 ], [ 39.2381615, -6.8203761 ], [ 39.2381471, -6.8204071 ], [ 39.2381592, -6.8204277 ], [ 39.2381558, -6.820438 ], [ 39.23819, -6.820444 ], [ 39.2382031, -6.8204373 ], [ 39.2382182, -6.820431 ], [ 39.2382225, -6.820422 ], [ 39.2382121, -6.8204107 ], [ 39.2382202, -6.8203891 ], [ 39.2382209, -6.8203641 ], [ 39.2382018, -6.8203575 ], [ 39.2381927, -6.8203681 ], [ 39.23819, -6.8203748 ], [ 39.2381736, -6.8203724 ] ] ] } },
{ "type": "Feature", "properties": { "index": "851", "@osmId": "way/1367270103", "name": null, "opening_hours": null, "label": "Forests & woodland", "color": "#006837" }, "geometry": { "type": "Polygon", "coordinates": [ [ [ 39.2318197, -6.8204891 ], [ 39.2317947, -6.8204891 ], [ 39.2316695, -6.8205289 ], [ 39.2315693, -6.8207344 ], [ 39.2315993, -6.8207759 ], [ 39.2316644, -6.8206731 ], [ 39.2317179, -6.8206217 ], [ 39.231773, -6.8206002 ], [ 39.231818, -6.8206383 ], [ 39.2318546, -6.8206406 ], [ 39.2319008, -6.8206339 ], [ 39.2319182, -6.8206018 ], [ 39.2319316, -6.8205869 ], [ 39.2318197, -6.8204891 ] ] ] } },
{ "type": "Feature", "properties": { "index": "852", "@osmId": "way/1367270106", "name": null, "opening_hours": null, "label": "Forests & woodland", "color": "#006837" }, "geometry": { "type": "Polygon", "coordinates": [ [ [ 39.2319606, -6.8206312 ], [ 39.2319392, -6.8206142 ], [ 39.2320418, -6.820702 ], [ 39.2320618, -6.8207218 ], [ 39.2320461, -6.8207543 ], [ 39.2320632, -6.8208025 ], [ 39.2320789, -6.8208039 ], [ 39.2320988, -6.8207713 ], [ 39.2321673, -6.8208039 ], [ 39.2321616, -6.8207289 ], [ 39.2320946, -6.8206807 ], [ 39.2320846, -6.8206935 ], [ 39.2319877, -6.8206241 ], [ 39.2319606, -6.8206312 ] ] ] } },
{ "type": "Feature", "properties": { "index": "853", "@osmId": "way/1367270108", "name": null, "opening_hours": null, "label": "Forests & woodland", "color": "#006837" }, "geometry": { "type": "Polygon", "coordinates": [ [ [ 39.2321708, -6.8208133 ], [ 39.2320479, -6.820778 ], [ 39.2320419, -6.8208086 ], [ 39.2320097, -6.8208448 ], [ 39.2320841, -6.820873 ], [ 39.232099, -6.8208846 ], [ 39.2321579, -6.8208801 ], [ 39.2321721, -6.820891 ], [ 39.2321708, -6.8208133 ] ] ] } },
{ "type": "Feature", "properties": { "index": "854", "@osmId": "way/1367270110", "name": null, "opening_hours": null, "label": "Forests & woodland", "color": "#006837" }, "geometry": { "type": "Polygon", "coordinates": [ [ [ 39.2319032, -6.8213909 ], [ 39.2317778, -6.821339 ], [ 39.2317783, -6.8213558 ], [ 39.2318032, -6.821375 ], [ 39.2318273, -6.8213951 ], [ 39.23184, -6.821405 ], [ 39.231873, -6.8214246 ], [ 39.2318754, -6.8214139 ], [ 39.2318825, -6.8214139 ], [ 39.2318952, -6.8214312 ], [ 39.231907, -6.8214186 ], [ 39.2319409, -6.8214392 ], [ 39.231981, -6.8214382 ], [ 39.2319032, -6.8213909 ] ] ] } },
{ "type": "Feature", "properties": { "index": "855", "@osmId": "way/1367271951", "name": null, "opening_hours": null, "label": "Forests & woodland", "color": "#006837" }, "geometry": { "type": "Polygon", "coordinates": [ [ [ 39.2324443, -6.8200011 ], [ 39.2324359, -6.8200244 ], [ 39.2324087, -6.8200703 ], [ 39.2325261, -6.8200658 ], [ 39.2325996, -6.8200598 ], [ 39.2325405, -6.819944 ], [ 39.2325215, -6.8199537 ], [ 39.232514, -6.8199349 ], [ 39.2324791, -6.8199575 ], [ 39.2324731, -6.819974 ], [ 39.2324443, -6.8200011 ] ] ] } },
{ "type": "Feature", "properties": { "index": "856", "@osmId": "way/1367292553", "name": null, "opening_hours": null, "label": "Forests & woodland", "color": "#006837" }, "geometry": { "type": "Polygon", "coordinates": [ [ [ 39.234553, -6.8221021 ], [ 39.234553, -6.8221434 ], [ 39.2345691, -6.8221627 ], [ 39.2345926, -6.8221807 ], [ 39.2346241, -6.8221747 ], [ 39.2346476, -6.8221607 ], [ 39.234667, -6.8221614 ], [ 39.2346825, -6.8221408 ], [ 39.2347011, -6.8221523 ], [ 39.234722, -6.8221281 ], [ 39.2347267, -6.8221121 ], [ 39.2347019, -6.8220875 ], [ 39.2346818, -6.8220848 ], [ 39.2346556, -6.8220902 ], [ 39.2346281, -6.8221035 ], [ 39.2346302, -6.8220888 ], [ 39.234604, -6.8220775 ], [ 39.234553, -6.8221021 ] ] ] } },
{ "type": "Feature", "properties": { "index": "857", "@osmId": "way/1367292554", "name": null, "opening_hours": null, "label": "Forests & woodland", "color": "#006837" }, "geometry": { "type": "Polygon", "coordinates": [ [ [ 39.235522, -6.8218713 ], [ 39.2355439, -6.8218663 ], [ 39.2355676, -6.8218655 ], [ 39.2355661, -6.8218797 ], [ 39.2355751, -6.8218924 ], [ 39.2355784, -6.8219037 ], [ 39.2355845, -6.8219208 ], [ 39.2355979, -6.8219246 ], [ 39.2356122, -6.8219168 ], [ 39.2356151, -6.8219 ], [ 39.2356341, -6.8218808 ], [ 39.23563, -6.8218681 ], [ 39.2356221, -6.8218562 ], [ 39.2356014, -6.8218521 ], [ 39.2356113, -6.821842 ], [ 39.2356321, -6.8218397 ], [ 39.2356455, -6.8218365 ], [ 39.2356484, -6.8218287 ], [ 39.2356493, -6.8218133 ], [ 39.2356452, -6.8217948 ], [ 39.2356332, -6.8217846 ], [ 39.2356172, -6.8217678 ], [ 39.235602, -6.8217623 ], [ 39.2355932, -6.8217533 ], [ 39.2355716, -6.8217539 ], [ 39.235555, -6.8217617 ], [ 39.2355442, -6.8217762 ], [ 39.2355279, -6.8217956 ], [ 39.2355147, -6.8217942 ], [ 39.235496, -6.8217994 ], [ 39.2354899, -6.8218142 ], [ 39.2354987, -6.821831 ], [ 39.2355028, -6.8218469 ], [ 39.2355101, -6.8218626 ], [ 39.235522, -6.8218713 ] ] ] } },
{ "type": "Feature", "properties": { "index": "858", "@osmId": "way/1367401525", "name": null, "opening_hours": null, "label": "Forests & woodland", "color": "#006837" }, "geometry": { "type": "Polygon", "coordinates": [ [ [ 39.2339988, -6.8320962 ], [ 39.2340138, -6.8319942 ], [ 39.2339656, -6.8319756 ], [ 39.2339039, -6.8319403 ], [ 39.2338113, -6.831951 ], [ 39.2337389, -6.8319689 ], [ 39.2337228, -6.831941 ], [ 39.2336652, -6.8319756 ], [ 39.2337215, -6.8320875 ], [ 39.2338031, -6.8321276 ], [ 39.2338502, -6.8320868 ], [ 39.2338784, -6.8320861 ], [ 39.2338724, -6.8321654 ], [ 39.2339533, -6.8321211 ], [ 39.2339988, -6.8320962 ] ] ] } },
{ "type": "Feature", "properties": { "index": "859", "@osmId": "way/1367401529", "name": null, "opening_hours": null, "label": "Forests & woodland", "color": "#006837" }, "geometry": { "type": "Polygon", "coordinates": [ [ [ 39.2349691, -6.8313226 ], [ 39.23489, -6.8314245 ], [ 39.2348954, -6.831523 ], [ 39.2348967, -6.831529 ], [ 39.2350194, -6.8313972 ], [ 39.235008, -6.8313253 ], [ 39.2349691, -6.8313226 ] ] ] } },
{ "type": "Feature", "properties": { "index": "860", "@osmId": "way/1367401881", "name": null, "opening_hours": null, "label": "Forests & woodland", "color": "#006837" }, "geometry": { "type": "Polygon", "coordinates": [ [ [ 39.2341953, -6.8316905 ], [ 39.2341556, -6.8317403 ], [ 39.234214, -6.8317983 ], [ 39.2343151, -6.8317325 ], [ 39.2342682, -6.8316377 ], [ 39.2341953, -6.8316905 ] ] ] } },
{ "type": "Feature", "properties": { "index": "861", "@osmId": "way/1367660582", "name": null, "opening_hours": null, "label": "Forests & woodland", "color": "#006837" }, "geometry": { "type": "Polygon", "coordinates": [ [ [ 39.2361896, -6.8223982 ], [ 39.2361567, -6.8224022 ], [ 39.2360957, -6.8224215 ], [ 39.2360577, -6.8224521 ], [ 39.2360749, -6.8224894 ], [ 39.2361017, -6.8225147 ], [ 39.2361983, -6.8224954 ], [ 39.2362164, -6.8224635 ], [ 39.236213, -6.8224262 ], [ 39.2361896, -6.8223982 ] ] ] } },
{ "type": "Feature", "properties": { "index": "862", "@osmId": "way/1367660583", "name": null, "opening_hours": null, "label": "Forests & woodland", "color": "#006837" }, "geometry": { "type": "Polygon", "coordinates": [ [ [ 39.2356611, -6.8227003 ], [ 39.2356425, -6.8227073 ], [ 39.2355965, -6.8226994 ], [ 39.2355824, -6.822753 ], [ 39.2356045, -6.8227794 ], [ 39.2355903, -6.8227978 ], [ 39.2355709, -6.8228268 ], [ 39.2355638, -6.8228567 ], [ 39.2355992, -6.8228699 ], [ 39.2356257, -6.8228242 ], [ 39.2356799, -6.822789 ], [ 39.2356788, -6.8227539 ], [ 39.2356885, -6.822731 ], [ 39.2356611, -6.8227003 ] ] ] } },
{ "type": "Feature", "properties": { "index": "863", "@osmId": "way/1367663213", "name": null, "opening_hours": null, "label": "Forests & woodland", "color": "#006837" }, "geometry": { "type": "Polygon", "coordinates": [ [ [ 39.2384626, -6.8218329 ], [ 39.2384529, -6.8217996 ], [ 39.2384296, -6.8217981 ], [ 39.2384397, -6.8218551 ], [ 39.2384209, -6.8218849 ], [ 39.2384407, -6.821899 ], [ 39.2384514, -6.8219106 ], [ 39.2384565, -6.8219323 ], [ 39.2384758, -6.8219414 ], [ 39.2384936, -6.8219368 ], [ 39.2385068, -6.8219167 ], [ 39.2385226, -6.8218844 ], [ 39.2385144, -6.8218583 ], [ 39.2384931, -6.821841 ], [ 39.2384692, -6.8218334 ], [ 39.2384626, -6.8218329 ] ] ] } },
{ "type": "Feature", "properties": { "index": "864", "@osmId": "way/1367664815", "name": null, "opening_hours": null, "label": "Forests & woodland", "color": "#006837" }, "geometry": { "type": "Polygon", "coordinates": [ [ [ 39.241272, -6.8221791 ], [ 39.2412656, -6.8221805 ], [ 39.2412569, -6.8221811 ], [ 39.2412542, -6.8221908 ], [ 39.2412475, -6.8222054 ], [ 39.2412636, -6.8222234 ], [ 39.2412532, -6.8222341 ], [ 39.2412613, -6.8222753 ], [ 39.2412867, -6.8222967 ], [ 39.2413216, -6.8222787 ], [ 39.241334, -6.8222444 ], [ 39.2413565, -6.8222404 ], [ 39.2413759, -6.8222287 ], [ 39.2414038, -6.8222068 ], [ 39.2414011, -6.8221921 ], [ 39.2413642, -6.8221875 ], [ 39.2413465, -6.8221968 ], [ 39.2413226, -6.8222036 ], [ 39.2413427, -6.8221771 ], [ 39.2413374, -6.8221695 ], [ 39.2413099, -6.8221805 ], [ 39.2412921, -6.8221808 ], [ 39.241272, -6.8221791 ] ] ] } },
{ "type": "Feature", "properties": { "index": "865", "@osmId": "way/1367666653", "name": null, "opening_hours": null, "label": "Forests & woodland", "color": "#006837" }, "geometry": { "type": "Polygon", "coordinates": [ [ [ 39.2371569, -6.8232837 ], [ 39.2371267, -6.8232817 ], [ 39.2370972, -6.8232757 ], [ 39.2370871, -6.8233496 ], [ 39.2371093, -6.8233609 ], [ 39.2371347, -6.8233676 ], [ 39.2371414, -6.8233756 ], [ 39.2371703, -6.8233756 ], [ 39.2371914, -6.8233158 ], [ 39.2371569, -6.8232837 ] ] ] } },
{ "type": "Feature", "properties": { "index": "866", "@osmId": "way/1367671050", "name": null, "opening_hours": null, "label": "Forests & woodland", "color": "#006837" }, "geometry": { "type": "Polygon", "coordinates": [ [ [ 39.2328496, -6.8244839 ], [ 39.232806, -6.8244879 ], [ 39.2327832, -6.8245245 ], [ 39.2327866, -6.8245805 ], [ 39.2328141, -6.8245865 ], [ 39.2328382, -6.8246131 ], [ 39.2329113, -6.8246078 ], [ 39.2329194, -6.8245718 ], [ 39.2329147, -6.8245425 ], [ 39.2328932, -6.8245126 ], [ 39.2328563, -6.8244999 ], [ 39.2328496, -6.8244839 ] ] ] } },
{ "type": "Feature", "properties": { "index": "867", "@osmId": "way/1367671051", "name": null, "opening_hours": null, "label": "Forests & woodland", "color": "#006837" }, "geometry": { "type": "Polygon", "coordinates": [ [ [ 39.233175, -6.8247337 ], [ 39.2331581, -6.8247356 ], [ 39.2331552, -6.8248001 ], [ 39.2331386, -6.8249358 ], [ 39.2331756, -6.8249297 ], [ 39.2332264, -6.8249205 ], [ 39.2332233, -6.8247721 ], [ 39.2331963, -6.8247313 ], [ 39.233175, -6.8247337 ] ] ] } },
{ "type": "Feature", "properties": { "index": "868", "@osmId": "way/1367671052", "name": null, "opening_hours": null, "label": "Forests & woodland", "color": "#006837" }, "geometry": { "type": "Polygon", "coordinates": [ [ [ 39.2330107, -6.8248547 ], [ 39.232983, -6.8247935 ], [ 39.232947, -6.8248053 ], [ 39.2329453, -6.8248673 ], [ 39.2329537, -6.8249083 ], [ 39.2329892, -6.824945 ], [ 39.2330277, -6.8248807 ], [ 39.2330107, -6.8248547 ] ] ] } },
{ "type": "Feature", "properties": { "index": "869", "@osmId": "way/1367671054", "name": null, "opening_hours": null, "label": "Forests & woodland", "color": "#006837" }, "geometry": { "type": "Polygon", "coordinates": [ [ [ 39.2321977, -6.8244807 ], [ 39.232203, -6.8245045 ], [ 39.2322411, -6.8245475 ], [ 39.2323003, -6.8245229 ], [ 39.2323233, -6.8244381 ], [ 39.2322384, -6.8243358 ], [ 39.2321986, -6.824269 ], [ 39.2321738, -6.8242268 ], [ 39.2321673, -6.8241938 ], [ 39.2321367, -6.8241847 ], [ 39.2321083, -6.8241768 ], [ 39.232088, -6.824204 ], [ 39.2321377, -6.8242544 ], [ 39.2321632, -6.824327 ], [ 39.2321818, -6.8243876 ], [ 39.2321933, -6.8244509 ], [ 39.2321977, -6.8244807 ] ] ] } },
{ "type": "Feature", "properties": { "index": "870", "@osmId": "way/1367671055", "name": null, "opening_hours": null, "label": "Forests & woodland", "color": "#006837" }, "geometry": { "type": "Polygon", "coordinates": [ [ [ 39.2333347, -6.8251307 ], [ 39.2332965, -6.825134 ], [ 39.233283, -6.8252013 ], [ 39.2333407, -6.8252426 ], [ 39.2334024, -6.825178 ], [ 39.2333729, -6.8251433 ], [ 39.2333622, -6.82513 ], [ 39.2333347, -6.8251307 ] ] ] } },
{ "type": "Feature", "properties": { "index": "871", "@osmId": "way/1367672170", "name": null, "opening_hours": null, "label": "Forests & woodland", "color": "#006837" }, "geometry": { "type": "Polygon", "coordinates": [ [ [ 39.2341366, -6.8238569 ], [ 39.2341006, -6.8238582 ], [ 39.2340711, -6.8238966 ], [ 39.2340803, -6.8239326 ], [ 39.2340981, -6.8239494 ], [ 39.2341681, -6.8239792 ], [ 39.2342144, -6.8239601 ], [ 39.2341997, -6.8238897 ], [ 39.2341366, -6.8238569 ] ] ] } },
{ "type": "Feature", "properties": { "index": "872", "@osmId": "way/1367672171", "name": null, "opening_hours": null, "label": "Forests & woodland", "color": "#006837" }, "geometry": { "type": "Polygon", "coordinates": [ [ [ 39.2343325, -6.8228202 ], [ 39.2342855, -6.8228028 ], [ 39.2342614, -6.8228315 ], [ 39.2342473, -6.8228941 ], [ 39.2343244, -6.822922 ], [ 39.2343613, -6.8228435 ], [ 39.2343325, -6.8228202 ] ] ] } },
{ "type": "Feature", "properties": { "index": "873", "@osmId": "way/1367672172", "name": null, "opening_hours": null, "label": "Forests & woodland", "color": "#006837" }, "geometry": { "type": "Polygon", "coordinates": [ [ [ 39.2337316, -6.822914 ], [ 39.2336954, -6.8229047 ], [ 39.2336458, -6.8229513 ], [ 39.2336377, -6.8229939 ], [ 39.2337299, -6.8230475 ], [ 39.2337691, -6.8230259 ], [ 39.2337799, -6.8229194 ], [ 39.2337691, -6.822906 ], [ 39.2337316, -6.822914 ] ] ] } },
{ "type": "Feature", "properties": { "index": "874", "@osmId": "way/1208018838", "name": null, "opening_hours": null, "label": "Forests & woodland", "color": "#006837" }, "geometry": { "type": "Polygon", "coordinates": [ [ [ 39.2443255, -6.8228098 ], [ 39.2442584, -6.8228098 ], [ 39.2442664, -6.8229216 ], [ 39.244194, -6.8230335 ], [ 39.2441618, -6.8231453 ], [ 39.2441189, -6.8232226 ], [ 39.2440277, -6.8233344 ], [ 39.2439151, -6.8234489 ], [ 39.2437917, -6.8235475 ], [ 39.2437515, -6.8236034 ], [ 39.2439231, -6.823654 ], [ 39.2441162, -6.8236221 ], [ 39.2443952, -6.8235741 ], [ 39.2445454, -6.8235288 ], [ 39.2446849, -6.8234756 ], [ 39.2448565, -6.823401 ], [ 39.2449397, -6.8232758 ], [ 39.2449853, -6.823124 ], [ 39.2450443, -6.8230122 ], [ 39.2451328, -6.8228764 ], [ 39.2451704, -6.8228098 ], [ 39.2449799, -6.8228151 ], [ 39.2448002, -6.8228151 ], [ 39.2445213, -6.8228178 ], [ 39.2443255, -6.8228098 ] ] ] } },
{ "type": "Feature", "properties": { "index": "875", "@osmId": "way/1367722661", "name": null, "opening_hours": null, "label": "Forests & woodland", "color": "#006837" }, "geometry": { "type": "Polygon", "coordinates": [ [ [ 39.2349853, -6.8237094 ], [ 39.2349142, -6.8237161 ], [ 39.2348793, -6.8237427 ], [ 39.2348807, -6.8237706 ], [ 39.2349182, -6.8238079 ], [ 39.2349705, -6.8238346 ], [ 39.2350483, -6.8238306 ], [ 39.2350523, -6.82378 ], [ 39.2350429, -6.823732 ], [ 39.2349853, -6.8237094 ] ] ] } },
{ "type": "Feature", "properties": { "index": "876", "@osmId": "way/1367761387", "name": null, "opening_hours": null, "label": "Forests & woodland", "color": "#006837" }, "geometry": { "type": "Polygon", "coordinates": [ [ [ 39.235891, -6.8240545 ], [ 39.2357801, -6.8242564 ], [ 39.2360235, -6.8244369 ], [ 39.2360235, -6.8242472 ], [ 39.2360328, -6.8241096 ], [ 39.235891, -6.8240545 ] ] ] } },
{ "type": "Feature", "properties": { "index": "877", "@osmId": "way/1208020318", "name": null, "opening_hours": null, "label": "Forests & woodland", "color": "#006837" }, "geometry": { "type": "Polygon", "coordinates": [ [ [ 39.2438614, -6.8229909 ], [ 39.2438561, -6.8229243 ], [ 39.2437622, -6.8230228 ], [ 39.2436495, -6.8230947 ], [ 39.2435672, -6.8231932 ], [ 39.2435127, -6.8233105 ], [ 39.2434323, -6.8233611 ], [ 39.2433253, -6.8234657 ], [ 39.2432177, -6.8235475 ], [ 39.2431721, -6.8235715 ], [ 39.2432553, -6.8235659 ], [ 39.2434242, -6.8235182 ], [ 39.2435297, -6.8234333 ], [ 39.2435652, -6.8233864 ], [ 39.2436227, -6.8233105 ], [ 39.24373, -6.8232119 ], [ 39.2438078, -6.8230921 ], [ 39.2438614, -6.8229909 ] ] ] } },
{ "type": "Feature", "properties": { "index": "878", "@osmId": "way/1208020638", "name": null, "opening_hours": null, "label": "Forests & woodland", "color": "#006837" }, "geometry": { "type": "Polygon", "coordinates": [ [ [ 39.2433035, -6.8238964 ], [ 39.243207, -6.823939 ], [ 39.2431815, -6.8239696 ], [ 39.2431949, -6.8240215 ], [ 39.2433102, -6.8240588 ], [ 39.2434618, -6.8240908 ], [ 39.243608, -6.8241054 ], [ 39.2436925, -6.8241108 ], [ 39.2437756, -6.8241534 ], [ 39.2438266, -6.8241627 ], [ 39.2438534, -6.824152 ], [ 39.2438011, -6.8239749 ], [ 39.2437917, -6.8238591 ], [ 39.2437756, -6.8237605 ], [ 39.2437246, -6.823702 ], [ 39.2435986, -6.8237233 ], [ 39.2434457, -6.8238032 ], [ 39.2433035, -6.8238964 ] ] ] } },
{ "type": "Feature", "properties": { "index": "879", "@osmId": "way/1211777365", "name": null, "opening_hours": null, "label": "Forests & woodland", "color": "#006837" }, "geometry": { "type": "Polygon", "coordinates": [ [ [ 39.2588818, -6.8276195 ], [ 39.2589998, -6.8275449 ], [ 39.2589582, -6.8275037 ], [ 39.2589971, -6.8274877 ], [ 39.2591701, -6.827509 ], [ 39.2592171, -6.8275929 ], [ 39.2596543, -6.8275742 ], [ 39.2596757, -6.8273399 ], [ 39.2595242, -6.8273239 ], [ 39.259543, -6.8271335 ], [ 39.2595886, -6.826995 ], [ 39.2595577, -6.8268985 ], [ 39.2594323, -6.8269124 ], [ 39.2593304, -6.8270037 ], [ 39.2591648, -6.8270669 ], [ 39.258969, -6.8270882 ], [ 39.2587852, -6.8270669 ], [ 39.2586941, -6.8272513 ], [ 39.2588818, -6.8276195 ] ] ] } },
{ "type": "Feature", "properties": { "index": "880", "@osmId": "way/1211777366", "name": "Club ya wazee", "opening_hours": null, "label": "Forests & woodland", "color": "#006837" }, "geometry": { "type": "Polygon", "coordinates": [ [ [ 39.2566891, -6.828292 ], [ 39.256732, -6.8282893 ], [ 39.2571773, -6.8281788 ], [ 39.2575917, -6.8280776 ], [ 39.2578156, -6.8280083 ], [ 39.2579034, -6.8279232 ], [ 39.2579229, -6.827782 ], [ 39.2577714, -6.8277327 ], [ 39.2574696, -6.8277713 ], [ 39.2572027, -6.8277833 ], [ 39.2570807, -6.827754 ], [ 39.2570029, -6.827766 ], [ 39.2568447, -6.8278392 ], [ 39.2567025, -6.82777 ], [ 39.2566703, -6.8279418 ], [ 39.2566891, -6.828292 ] ] ] } },
{ "type": "Feature", "properties": { "index": "881", "@osmId": "way/1214876408", "name": null, "opening_hours": null, "label": "Forests & woodland", "color": "#006837" }, "geometry": { "type": "Polygon", "coordinates": [ [ [ 39.2542039, -6.8210784 ], [ 39.2541504, -6.8211306 ], [ 39.2541437, -6.8214209 ], [ 39.2541504, -6.8217392 ], [ 39.254145, -6.822108 ], [ 39.2541477, -6.8223917 ], [ 39.2542697, -6.8223823 ], [ 39.2545728, -6.8222825 ], [ 39.2546667, -6.8220068 ], [ 39.2546158, -6.8219149 ], [ 39.2544482, -6.821865 ], [ 39.2543522, -6.8217018 ], [ 39.2543399, -6.8216343 ], [ 39.2543321, -6.8215914 ], [ 39.2544179, -6.8214402 ], [ 39.2545206, -6.821373 ], [ 39.254664, -6.8213463 ], [ 39.2547404, -6.821303 ], [ 39.2546782, -6.8211759 ], [ 39.254715, -6.8211027 ], [ 39.2546506, -6.82106 ], [ 39.2545782, -6.8210281 ], [ 39.2544897, -6.8210081 ], [ 39.2543744, -6.8210467 ], [ 39.2542966, -6.821124 ], [ 39.2542228, -6.82106 ], [ 39.2542039, -6.8210784 ] ] ] } },
{ "type": "Feature", "properties": { "index": "882", "@osmId": "way/1366756255", "name": null, "opening_hours": null, "label": "Forests & woodland", "color": "#006837" }, "geometry": { "type": "Polygon", "coordinates": [ [ [ 39.251342, -6.8275224 ], [ 39.2514183, -6.8280038 ], [ 39.2514379, -6.8280967 ], [ 39.2514773, -6.8281028 ], [ 39.2514982, -6.8282201 ], [ 39.2516853, -6.8282042 ], [ 39.2517013, -6.8283081 ], [ 39.2517825, -6.8283008 ], [ 39.2518391, -6.8276263 ], [ 39.2517973, -6.8274919 ], [ 39.2517025, -6.8272646 ], [ 39.2517271, -6.8272218 ], [ 39.2516792, -6.8272133 ], [ 39.2515881, -6.8269835 ], [ 39.2515364, -6.8269579 ], [ 39.2514822, -6.8269408 ], [ 39.2514256, -6.8268259 ], [ 39.2509765, -6.8266328 ], [ 39.2511032, -6.8268161 ], [ 39.2512632, -6.8271363 ], [ 39.251342, -6.8275224 ] ] ] } },
{ "type": "Feature", "properties": { "index": "883", "@osmId": "way/1366756256", "name": null, "opening_hours": null, "label": "Forests & woodland", "color": "#006837" }, "geometry": { "type": "Polygon", "coordinates": [ [ [ 39.252077, -6.8268765 ], [ 39.2519191, -6.8269824 ], [ 39.2518934, -6.8270727 ], [ 39.2519597, -6.8271767 ], [ 39.252014, -6.8274909 ], [ 39.2518875, -6.8275714 ], [ 39.2519221, -6.8278411 ], [ 39.2520061, -6.8280661 ], [ 39.2521366, -6.8279954 ], [ 39.252016, -6.828231 ], [ 39.2522782, -6.8281704 ], [ 39.2524292, -6.8280759 ], [ 39.252301, -6.8279937 ], [ 39.2523561, -6.827856 ], [ 39.2522058, -6.8276205 ], [ 39.2522454, -6.827379 ], [ 39.2522117, -6.8273103 ], [ 39.2522849, -6.8272239 ], [ 39.2522473, -6.8271493 ], [ 39.2522177, -6.8271238 ], [ 39.2522236, -6.8269981 ], [ 39.2522592, -6.8269981 ], [ 39.2522829, -6.826902 ], [ 39.252077, -6.8268765 ] ] ] } },
{ "type": "Feature", "properties": { "index": "884", "@osmId": "way/1366756257", "name": null, "opening_hours": null, "label": "Forests & woodland", "color": "#006837" }, "geometry": { "type": "Polygon", "coordinates": [ [ [ 39.2526529, -6.8274476 ], [ 39.2526156, -6.8274606 ], [ 39.2527013, -6.8276814 ], [ 39.2529007, -6.8276002 ], [ 39.2528765, -6.8275379 ], [ 39.2528386, -6.8275372 ], [ 39.2528465, -6.8275736 ], [ 39.2527438, -6.8276255 ], [ 39.2526529, -6.8274476 ] ] ] } },
{ "type": "Feature", "properties": { "index": "885", "@osmId": "way/1366756258", "name": null, "opening_hours": null, "label": "Forests & woodland", "color": "#006837" }, "geometry": { "type": "Polygon", "coordinates": [ [ [ 39.2527065, -6.8277435 ], [ 39.2526514, -6.8276819 ], [ 39.2526296, -6.8277011 ], [ 39.2526935, -6.8278234 ], [ 39.2528099, -6.8277329 ], [ 39.2527793, -6.8276967 ], [ 39.2527065, -6.8277435 ] ] ] } },
{ "type": "Feature", "properties": { "index": "886", "@osmId": "way/1366760246", "name": null, "opening_hours": null, "label": "Forests & woodland", "color": "#006837" }, "geometry": { "type": "Polygon", "coordinates": [ [ [ 39.2470012, -6.8268214 ], [ 39.2468722, -6.8268779 ], [ 39.2469124, -6.8269228 ], [ 39.2470017, -6.8269833 ], [ 39.2470716, -6.8270099 ], [ 39.247209, -6.8270121 ], [ 39.247243, -6.8270487 ], [ 39.2472062, -6.8270371 ], [ 39.2471984, -6.8270509 ], [ 39.2471565, -6.8270493 ], [ 39.247157, -6.8270687 ], [ 39.2471978, -6.8271091 ], [ 39.2472386, -6.8271718 ], [ 39.2472564, -6.8271723 ], [ 39.2473084, -6.827204 ], [ 39.2473335, -6.827143 ], [ 39.2473033, -6.8271119 ], [ 39.2473324, -6.8270935 ], [ 39.2472788, -6.8269689 ], [ 39.2472352, -6.8269783 ], [ 39.2471755, -6.8269578 ], [ 39.2470325, -6.8269195 ], [ 39.2470805, -6.8269007 ], [ 39.2470012, -6.8268214 ] ] ] } },
{ "type": "Feature", "properties": { "index": "887", "@osmId": "way/1366760708", "name": null, "opening_hours": null, "label": "Forests & woodland", "color": "#006837" }, "geometry": { "type": "Polygon", "coordinates": [ [ [ 39.2465284, -6.8275333 ], [ 39.2465232, -6.8275557 ], [ 39.2465368, -6.8275882 ], [ 39.2465677, -6.8275723 ], [ 39.246591, -6.8275357 ], [ 39.2465771, -6.8275188 ], [ 39.2465559, -6.8275198 ], [ 39.2465284, -6.8275333 ] ] ] } },
{ "type": "Feature", "properties": { "index": "888", "@osmId": "way/1367186414", "name": null, "opening_hours": null, "label": "Forests & woodland", "color": "#006837" }, "geometry": { "type": "Polygon", "coordinates": [ [ [ 39.2521134, -6.8256381 ], [ 39.2521109, -6.8256846 ], [ 39.2521172, -6.8256828 ], [ 39.2521215, -6.8256457 ], [ 39.2521416, -6.825646 ], [ 39.2521373, -6.8256916 ], [ 39.2521678, -6.8256952 ], [ 39.2521716, -6.8256396 ], [ 39.2521134, -6.8256381 ] ] ] } },
{ "type": "Feature", "properties": { "index": "889", "@osmId": "way/1367186415", "name": null, "opening_hours": null, "label": "Forests & woodland", "color": "#006837" }, "geometry": { "type": "Polygon", "coordinates": [ [ [ 39.2520771, -6.8255291 ], [ 39.2520525, -6.8255308 ], [ 39.2520431, -6.8255865 ], [ 39.2520234, -6.8255849 ], [ 39.251998, -6.8257962 ], [ 39.2520381, -6.8257757 ], [ 39.2520635, -6.8257814 ], [ 39.2520771, -6.8255291 ] ] ] } },
{ "type": "Feature", "properties": { "index": "890", "@osmId": "way/1367186416", "name": null, "opening_hours": null, "label": "Forests & woodland", "color": "#006837" }, "geometry": { "type": "Polygon", "coordinates": [ [ [ 39.2521391, -6.8257871 ], [ 39.2520697, -6.8257808 ], [ 39.2520616, -6.8259306 ], [ 39.2522503, -6.826069 ], [ 39.252275, -6.826032 ], [ 39.2521333, -6.8259164 ], [ 39.2521391, -6.8257871 ] ] ] } },
{ "type": "Feature", "properties": { "index": "891", "@osmId": "way/1367258040", "name": null, "opening_hours": null, "label": "Forests & woodland", "color": "#006837" }, "geometry": { "type": "Polygon", "coordinates": [ [ [ 39.2532989, -6.8204913 ], [ 39.2533151, -6.8205085 ], [ 39.2533524, -6.8205123 ], [ 39.2533771, -6.8204959 ], [ 39.2534006, -6.8204473 ], [ 39.2534071, -6.8204534 ], [ 39.2534152, -6.8204561 ], [ 39.2534314, -6.8204427 ], [ 39.2534453, -6.8204286 ], [ 39.2534383, -6.820424 ], [ 39.2534202, -6.8204274 ], [ 39.253401, -6.8204286 ], [ 39.2533906, -6.8204137 ], [ 39.2533886, -6.8204007 ], [ 39.253379, -6.8204121 ], [ 39.253364, -6.8204259 ], [ 39.2533551, -6.8204267 ], [ 39.2533397, -6.8204374 ], [ 39.2533209, -6.8204553 ], [ 39.2533116, -6.8204706 ], [ 39.2532989, -6.8204913 ] ] ] } },
{ "type": "Feature", "properties": { "index": "892", "@osmId": "way/1367263430", "name": null, "opening_hours": null, "label": "Forests & woodland", "color": "#006837" }, "geometry": { "type": "Polygon", "coordinates": [ [ [ 39.2596516, -6.8135587 ], [ 39.2596195, -6.8135477 ], [ 39.2595875, -6.8136519 ], [ 39.2596295, -6.8136793 ], [ 39.2596516, -6.8135587 ] ] ] } },
{ "type": "Feature", "properties": { "index": "893", "@osmId": "way/1367263433", "name": null, "opening_hours": null, "label": "Forests & woodland", "color": "#006837" }, "geometry": { "type": "Polygon", "coordinates": [ [ [ 39.2603478, -6.8142542 ], [ 39.2603655, -6.8143009 ], [ 39.2601178, -6.8146177 ], [ 39.260676, -6.8146207 ], [ 39.260653, -6.8144701 ], [ 39.260679, -6.8144577 ], [ 39.2606734, -6.8143256 ], [ 39.2606944, -6.8142211 ], [ 39.2606601, -6.8141538 ], [ 39.2605392, -6.8141309 ], [ 39.2604844, -6.8141688 ], [ 39.260488, -6.8141459 ], [ 39.2604471, -6.8141353 ], [ 39.2604179, -6.8142093 ], [ 39.2603921, -6.8141961 ], [ 39.2603478, -6.8142542 ] ] ] } },
{ "type": "Feature", "properties": { "index": "894", "@osmId": "way/1367264049", "name": null, "opening_hours": null, "label": "Forests & woodland", "color": "#006837" }, "geometry": { "type": "Polygon", "coordinates": [ [ [ 39.2556235, -6.8131022 ], [ 39.2555082, -6.8132978 ], [ 39.255627, -6.8133101 ], [ 39.2557167, -6.8131692 ], [ 39.2557122, -6.8131093 ], [ 39.255675, -6.8130881 ], [ 39.2556235, -6.8131022 ] ] ] } },
{ "type": "Feature", "properties": { "index": "895", "@osmId": "way/1367264050", "name": null, "opening_hours": null, "label": "Forests & woodland", "color": "#006837" }, "geometry": { "type": "Polygon", "coordinates": [ [ [ 39.2558529, -6.8132297 ], [ 39.2558076, -6.8132598 ], [ 39.2559808, -6.8132634 ], [ 39.2559457, -6.8132565 ], [ 39.2559567, -6.8132417 ], [ 39.255986, -6.8132439 ], [ 39.2559551, -6.8132176 ], [ 39.2559026, -6.8131863 ], [ 39.2559401, -6.8131803 ], [ 39.2559158, -6.8131463 ], [ 39.2558772, -6.8131584 ], [ 39.2558209, -6.8131408 ], [ 39.2557209, -6.8131995 ], [ 39.2557899, -6.8131803 ], [ 39.2558147, -6.813201 ], [ 39.2558529, -6.8132297 ] ] ] } },
{ "type": "Feature", "properties": { "index": "896", "@osmId": "way/1367264051", "name": null, "opening_hours": null, "label": "Forests & woodland", "color": "#006837" }, "geometry": { "type": "Polygon", "coordinates": [ [ [ 39.2555355, -6.8124572 ], [ 39.2555143, -6.8125097 ], [ 39.2555218, -6.812513 ], [ 39.2556429, -6.8125659 ], [ 39.2556029, -6.8126505 ], [ 39.2557085, -6.8127113 ], [ 39.255768, -6.8125879 ], [ 39.2558337, -6.8125853 ], [ 39.2558501, -6.8124032 ], [ 39.25574, -6.812381 ], [ 39.2557169, -6.81252 ], [ 39.2555355, -6.8124572 ] ] ] } },
{ "type": "Feature", "properties": { "index": "897", "@osmId": "way/1367264418", "name": null, "opening_hours": null, "label": "Forests & woodland", "color": "#006837" }, "geometry": { "type": "Polygon", "coordinates": [ [ [ 39.2555253, -6.8132431 ], [ 39.25499, -6.8132245 ], [ 39.2550061, -6.8133257 ], [ 39.2550866, -6.8133284 ], [ 39.2551456, -6.8136693 ], [ 39.2550893, -6.813917 ], [ 39.2551295, -6.8141407 ], [ 39.2551966, -6.81417 ], [ 39.255218, -6.8143484 ], [ 39.2554004, -6.8144763 ], [ 39.2552797, -6.8140368 ], [ 39.2553655, -6.8140368 ], [ 39.255615, -6.8141673 ], [ 39.2555831, -6.8138387 ], [ 39.2555345, -6.8133375 ], [ 39.2555253, -6.8132431 ] ] ] } },
{ "type": "Feature", "properties": { "index": "898", "@osmId": "way/1367264420", "name": null, "opening_hours": null, "label": "Forests & woodland", "color": "#006837" }, "geometry": { "type": "Polygon", "coordinates": [ [ [ 39.2548626, -6.8137812 ], [ 39.2545126, -6.8136279 ], [ 39.2542598, -6.8144515 ], [ 39.2549916, -6.8144957 ], [ 39.2550014, -6.8143132 ], [ 39.254847, -6.8142919 ], [ 39.2549858, -6.8136822 ], [ 39.2548939, -6.813657 ], [ 39.2548626, -6.8137812 ] ] ] } },
{ "type": "Feature", "properties": { "index": "899", "@osmId": "way/1367265381", "name": null, "opening_hours": null, "label": "Forests & woodland", "color": "#006837" }, "geometry": { "type": "Polygon", "coordinates": [ [ [ 39.2523139, -6.8125444 ], [ 39.2520427, -6.8123989 ], [ 39.2520957, -6.8124464 ], [ 39.2521186, -6.8125021 ], [ 39.2521745, -6.8125219 ], [ 39.252289, -6.812628 ], [ 39.2524127, -6.8125714 ], [ 39.2525633, -6.8125887 ], [ 39.2525467, -6.8125444 ], [ 39.2525343, -6.8125426 ], [ 39.2524885, -6.8125361 ], [ 39.2525145, -6.8124041 ], [ 39.2524199, -6.812402 ], [ 39.252421, -6.8124773 ], [ 39.2524002, -6.8124876 ], [ 39.2523992, -6.8125176 ], [ 39.2523139, -6.8125444 ] ] ] } },
{ "type": "Feature", "properties": { "index": "900", "@osmId": "way/1367265382", "name": null, "opening_hours": null, "label": "Forests & woodland", "color": "#006837" }, "geometry": { "type": "Polygon", "coordinates": [ [ [ 39.2520942, -6.8124835 ], [ 39.2520453, -6.8124329 ], [ 39.2520661, -6.8127934 ], [ 39.2522281, -6.8128747 ], [ 39.2522431, -6.8129509 ], [ 39.252218, -6.8130172 ], [ 39.2522598, -6.8131316 ], [ 39.2524818, -6.8131913 ], [ 39.2526081, -6.8130712 ], [ 39.2526726, -6.8131256 ], [ 39.2528065, -6.8131449 ], [ 39.2528333, -6.8130567 ], [ 39.2528345, -6.8128646 ], [ 39.2527761, -6.8128537 ], [ 39.2525992, -6.8127641 ], [ 39.25254, -6.8126186 ], [ 39.2523945, -6.8126094 ], [ 39.2523384, -6.8126352 ], [ 39.2523226, -6.8127062 ], [ 39.2523062, -6.8127125 ], [ 39.2522823, -6.8126341 ], [ 39.2522615, -6.8126713 ], [ 39.2521981, -6.812694 ], [ 39.2521586, -6.812662 ], [ 39.2521732, -6.8125464 ], [ 39.2521181, -6.8125278 ], [ 39.2520942, -6.8124835 ] ] ] } },
{ "type": "Feature", "properties": { "index": "901", "@osmId": "way/1367265383", "name": null, "opening_hours": null, "label": "Forests & woodland", "color": "#006837" }, "geometry": { "type": "Polygon", "coordinates": [ [ [ 39.2527141, -6.8123706 ], [ 39.2525457, -6.8124026 ], [ 39.2525343, -6.8125426 ], [ 39.2525873, -6.8125956 ], [ 39.2526299, -6.8126843 ], [ 39.2526985, -6.8126719 ], [ 39.2526663, -6.8126017 ], [ 39.2527494, -6.81248 ], [ 39.2527141, -6.8123706 ] ] ] } },
{ "type": "Feature", "properties": { "index": "902", "@osmId": "way/1367265599", "name": null, "opening_hours": null, "label": "Forests & woodland", "color": "#006837" }, "geometry": { "type": "Polygon", "coordinates": [ [ [ 39.2523635, -6.8142855 ], [ 39.2523465, -6.8143472 ], [ 39.252641, -6.8143472 ], [ 39.2526154, -6.8142722 ], [ 39.2523635, -6.8142855 ] ] ] } },
{ "type": "Feature", "properties": { "index": "903", "@osmId": "way/1367269963", "name": null, "opening_hours": null, "label": "Forests & woodland", "color": "#006837" }, "geometry": { "type": "Polygon", "coordinates": [ [ [ 39.2597062, -6.8159891 ], [ 39.259663, -6.8161756 ], [ 39.2597062, -6.8161944 ], [ 39.259741, -6.8160673 ], [ 39.2598888, -6.8160884 ], [ 39.2598516, -6.8159793 ], [ 39.2597062, -6.8159891 ] ] ] } },
{ "type": "Feature", "properties": { "index": "904", "@osmId": "way/1367280723", "name": null, "opening_hours": null, "label": "Forests & woodland", "color": "#006837" }, "geometry": { "type": "Polygon", "coordinates": [ [ [ 39.2572835, -6.8148753 ], [ 39.2573542, -6.8148773 ], [ 39.2573307, -6.8147708 ], [ 39.2573002, -6.8147597 ], [ 39.2572835, -6.8148753 ] ] ] } },
{ "type": "Feature", "properties": { "index": "905", "@osmId": "way/1367280724", "name": null, "opening_hours": null, "label": "Forests & woodland", "color": "#006837" }, "geometry": { "type": "Polygon", "coordinates": [ [ [ 39.2572201, -6.8146898 ], [ 39.2572931, -6.8147454 ], [ 39.2573839, -6.8147702 ], [ 39.2574878, -6.814749 ], [ 39.2574478, -6.8146888 ], [ 39.2572797, -6.8146693 ], [ 39.2572201, -6.8146898 ] ] ] } },
{ "type": "Feature", "properties": { "index": "906", "@osmId": "way/1367280727", "name": null, "opening_hours": null, "label": "Forests & woodland", "color": "#006837" }, "geometry": { "type": "Polygon", "coordinates": [ [ [ 39.2577058, -6.8147178 ], [ 39.2576549, -6.8147206 ], [ 39.2576416, -6.814757 ], [ 39.2576502, -6.8148486 ], [ 39.2576775, -6.8148637 ], [ 39.2577089, -6.8148625 ], [ 39.2577157, -6.8148066 ], [ 39.2577523, -6.8147938 ], [ 39.2577701, -6.8148002 ], [ 39.2577717, -6.8148358 ], [ 39.2578115, -6.8148406 ], [ 39.2578031, -6.8148026 ], [ 39.2578488, -6.8147811 ], [ 39.2578482, -6.814743 ], [ 39.2578007, -6.814737 ], [ 39.2577998, -6.8147626 ], [ 39.2577058, -6.8147178 ] ] ] } },
{ "type": "Feature", "properties": { "index": "907", "@osmId": "way/1367280728", "name": null, "opening_hours": null, "label": "Forests & woodland", "color": "#006837" }, "geometry": { "type": "Polygon", "coordinates": [ [ [ 39.2575398, -6.8145799 ], [ 39.257708, -6.814922 ], [ 39.2576946, -6.8150018 ], [ 39.2578029, -6.8150151 ], [ 39.2578029, -6.8150743 ], [ 39.2579044, -6.8150456 ], [ 39.2580208, -6.8151021 ], [ 39.2581108, -6.815171 ], [ 39.2581171, -6.8154972 ], [ 39.2579879, -6.8156628 ], [ 39.2580908, -6.8156855 ], [ 39.2582052, -6.8156255 ], [ 39.2581693, -6.8157885 ], [ 39.2580587, -6.8158464 ], [ 39.2580843, -6.8160049 ], [ 39.2585702, -6.8158651 ], [ 39.2585757, -6.8155853 ], [ 39.2588979, -6.8158246 ], [ 39.259032, -6.8154814 ], [ 39.2585262, -6.8149355 ], [ 39.2575398, -6.8145799 ] ] ] } },
{ "type": "Feature", "properties": { "index": "908", "@osmId": "way/1367280729", "name": null, "opening_hours": null, "label": "Forests & woodland", "color": "#006837" }, "geometry": { "type": "Polygon", "coordinates": [ [ [ 39.2577233, -6.8159041 ], [ 39.2577032, -6.8159073 ], [ 39.2576914, -6.8159403 ], [ 39.2576102, -6.8159423 ], [ 39.2576114, -6.8160248 ], [ 39.2577646, -6.8160185 ], [ 39.2577233, -6.8159041 ] ] ] } },
{ "type": "Feature", "properties": { "index": "909", "@osmId": "way/1367285216", "name": null, "opening_hours": null, "label": "Forests & woodland", "color": "#006837" }, "geometry": { "type": "Polygon", "coordinates": [ [ [ 39.2571295, -6.8159412 ], [ 39.2570479, -6.8159447 ], [ 39.2570204, -6.8160161 ], [ 39.2570905, -6.8160381 ], [ 39.2571171, -6.8160161 ], [ 39.257149, -6.8160293 ], [ 39.2571712, -6.8159703 ], [ 39.2571364, -6.8159543 ], [ 39.2571295, -6.8159412 ] ] ] } },
{ "type": "Feature", "properties": { "index": "910", "@osmId": "way/1367288495", "name": null, "opening_hours": null, "label": "Forests & woodland", "color": "#006837" }, "geometry": { "type": "Polygon", "coordinates": [ [ [ 39.2558356, -6.8205769 ], [ 39.2558504, -6.8205609 ], [ 39.2558858, -6.8205988 ], [ 39.2559248, -6.8205782 ], [ 39.2559315, -6.8205336 ], [ 39.2559221, -6.8205077 ], [ 39.255906, -6.820485 ], [ 39.2558913, -6.8204777 ], [ 39.2558289, -6.8205163 ], [ 39.2557974, -6.8205383 ], [ 39.2557491, -6.820523 ], [ 39.2557297, -6.8205336 ], [ 39.255701, -6.8205604 ], [ 39.2556814, -6.8205776 ], [ 39.2556807, -6.8205962 ], [ 39.2556779, -6.8206259 ], [ 39.2556874, -6.8206508 ], [ 39.2557348, -6.8206667 ], [ 39.2557458, -6.8206169 ], [ 39.2557726, -6.8206162 ], [ 39.2558014, -6.8205876 ], [ 39.2558356, -6.8205769 ] ] ] } },
{ "type": "Feature", "properties": { "index": "911", "@osmId": "way/1367288496", "name": null, "opening_hours": null, "label": "Forests & woodland", "color": "#006837" }, "geometry": { "type": "Polygon", "coordinates": [ [ [ 39.256822, -6.8205967 ], [ 39.2567991, -6.8206229 ], [ 39.2567595, -6.8206572 ], [ 39.2567707, -6.8206764 ], [ 39.25678, -6.8206872 ], [ 39.2568012, -6.8206739 ], [ 39.2568245, -6.8206799 ], [ 39.2568189, -6.8207057 ], [ 39.2568743, -6.8207299 ], [ 39.2569119, -6.820691 ], [ 39.256883, -6.8206698 ], [ 39.256883, -6.8206396 ], [ 39.2568352, -6.8206063 ], [ 39.256822, -6.8205967 ] ] ] } },
{ "type": "Feature", "properties": { "index": "912", "@osmId": "way/1367288506", "name": null, "opening_hours": null, "label": "Forests & woodland", "color": "#006837" }, "geometry": { "type": "Polygon", "coordinates": [ [ [ 39.2565654, -6.8173643 ], [ 39.2565722, -6.8173914 ], [ 39.2565386, -6.81743 ], [ 39.2565563, -6.8174553 ], [ 39.2565457, -6.8174636 ], [ 39.2565556, -6.8174757 ], [ 39.2565276, -6.8175321 ], [ 39.2565101, -6.817608 ], [ 39.2565866, -6.817584 ], [ 39.25659, -6.8176021 ], [ 39.2566321, -6.817596 ], [ 39.2566222, -6.8175637 ], [ 39.2567571, -6.8175426 ], [ 39.2567623, -6.8175231 ], [ 39.2567622, -6.8175171 ], [ 39.2568314, -6.8175392 ], [ 39.2568673, -6.817505 ], [ 39.2568639, -6.8174824 ], [ 39.2567821, -6.8174621 ], [ 39.2566798, -6.8173869 ], [ 39.25662, -6.8173154 ], [ 39.2565798, -6.8173335 ], [ 39.2565654, -6.8173643 ] ] ] } },
{ "type": "Feature", "properties": { "index": "913", "@osmId": "way/1367288507", "name": null, "opening_hours": null, "label": "Forests & woodland", "color": "#006837" }, "geometry": { "type": "Polygon", "coordinates": [ [ [ 39.2568284, -6.8173158 ], [ 39.2567556, -6.8173365 ], [ 39.2568381, -6.8174553 ], [ 39.2568586, -6.8174305 ], [ 39.2568791, -6.8173887 ], [ 39.2568284, -6.8173158 ] ] ] } },
{ "type": "Feature", "properties": { "index": "914", "@osmId": "way/1367288508", "name": null, "opening_hours": null, "label": "Forests & woodland", "color": "#006837" }, "geometry": { "type": "Polygon", "coordinates": [ [ [ 39.2566057, -6.8177602 ], [ 39.2565724, -6.8177971 ], [ 39.2565754, -6.8178603 ], [ 39.2566072, -6.8179017 ], [ 39.2566592, -6.8178749 ], [ 39.2566989, -6.8179054 ], [ 39.2567413, -6.8178904 ], [ 39.2567648, -6.8178482 ], [ 39.2566951, -6.8177475 ], [ 39.256639, -6.8177888 ], [ 39.2566057, -6.8177602 ] ] ] } },
{ "type": "Feature", "properties": { "index": "915", "@osmId": "way/1367288509", "name": null, "opening_hours": null, "label": "Forests & woodland", "color": "#006837" }, "geometry": { "type": "Polygon", "coordinates": [ [ [ 39.2565315, -6.8180098 ], [ 39.2566873, -6.8179376 ], [ 39.2565491, -6.8178932 ], [ 39.2565127, -6.817811 ], [ 39.2564639, -6.8178416 ], [ 39.2564421, -6.817823 ], [ 39.2564047, -6.8178705 ], [ 39.2563745, -6.8178581 ], [ 39.2563558, -6.8178705 ], [ 39.2562821, -6.8180067 ], [ 39.2563745, -6.8180222 ], [ 39.2564452, -6.8180015 ], [ 39.2564286, -6.8179541 ], [ 39.2564878, -6.8179283 ], [ 39.2565315, -6.8180098 ] ] ] } },
{ "type": "Feature", "properties": { "index": "916", "@osmId": "way/1367288510", "name": null, "opening_hours": null, "label": "Forests & woodland", "color": "#006837" }, "geometry": { "type": "Polygon", "coordinates": [ [ [ 39.2569052, -6.8183407 ], [ 39.2568824, -6.818175 ], [ 39.2565318, -6.8182263 ], [ 39.2561629, -6.8184336 ], [ 39.2561525, -6.8184786 ], [ 39.2565352, -6.8183557 ], [ 39.2569052, -6.8183407 ] ] ] } },
{ "type": "Feature", "properties": { "index": "917", "@osmId": "way/1367288511", "name": null, "opening_hours": null, "label": "Forests & woodland", "color": "#006837" }, "geometry": { "type": "Polygon", "coordinates": [ [ [ 39.2560039, -6.8177559 ], [ 39.2559737, -6.8177683 ], [ 39.2559835, -6.8177894 ], [ 39.2560385, -6.8177542 ], [ 39.2560731, -6.8177303 ], [ 39.2560483, -6.817659 ], [ 39.2560882, -6.8175797 ], [ 39.2560438, -6.8175524 ], [ 39.2559995, -6.8175782 ], [ 39.2559933, -6.8176167 ], [ 39.2560137, -6.8176405 ], [ 39.2560119, -6.8176943 ], [ 39.2560358, -6.8177084 ], [ 39.2560358, -6.8177374 ], [ 39.2560119, -6.8177136 ], [ 39.2559995, -6.817733 ], [ 39.2560039, -6.8177559 ] ] ] } },
{ "type": "Feature", "properties": { "index": "918", "@osmId": "way/1367295017", "name": null, "opening_hours": null, "label": "Forests & woodland", "color": "#006837" }, "geometry": { "type": "Polygon", "coordinates": [ [ [ 39.2548377, -6.8174483 ], [ 39.2547666, -6.8173406 ], [ 39.2547281, -6.8173799 ], [ 39.2547737, -6.817479 ], [ 39.2548377, -6.8174483 ] ] ] } },
{ "type": "Feature", "properties": { "index": "919", "@osmId": "way/1367295018", "name": null, "opening_hours": null, "label": "Forests & woodland", "color": "#006837" }, "geometry": { "type": "Polygon", "coordinates": [ [ [ 39.2552507, -6.8173334 ], [ 39.255221, -6.817385 ], [ 39.2552104, -6.8174035 ], [ 39.2552326, -6.8174528 ], [ 39.2552432, -6.8174528 ], [ 39.2552544, -6.8175217 ], [ 39.2552827, -6.8175797 ], [ 39.2553035, -6.8175691 ], [ 39.2553151, -6.817607 ], [ 39.2553154, -6.8176271 ], [ 39.2553882, -6.8177324 ], [ 39.2555005, -6.8177057 ], [ 39.2554854, -6.8176026 ], [ 39.2554409, -6.8175923 ], [ 39.2554047, -6.8174986 ], [ 39.255345, -6.817393 ], [ 39.2553231, -6.8174185 ], [ 39.2552507, -6.8173334 ] ] ] } },
{ "type": "Feature", "properties": { "index": "920", "@osmId": "way/1367313428", "name": null, "opening_hours": null, "label": "Forests & woodland", "color": "#006837" }, "geometry": { "type": "Polygon", "coordinates": [ [ [ 39.2568016, -6.8169266 ], [ 39.2568221, -6.8169665 ], [ 39.2568692, -6.81695 ], [ 39.2568954, -6.816945 ], [ 39.2569007, -6.8168923 ], [ 39.2569078, -6.8168546 ], [ 39.2568989, -6.8168264 ], [ 39.2569037, -6.8167795 ], [ 39.2568928, -6.8167447 ], [ 39.2568772, -6.8167224 ], [ 39.256845, -6.8167184 ], [ 39.2568273, -6.8167474 ], [ 39.2567928, -6.8167491 ], [ 39.2567707, -6.8167737 ], [ 39.2567733, -6.8168071 ], [ 39.2567945, -6.8168273 ], [ 39.2568131, -6.8168449 ], [ 39.2567967, -6.8169037 ], [ 39.2568016, -6.8169266 ] ] ] } },
{ "type": "Feature", "properties": { "index": "921", "@osmId": "way/1367313429", "name": null, "opening_hours": null, "label": "Forests & woodland", "color": "#006837" }, "geometry": { "type": "Polygon", "coordinates": [ [ [ 39.2548565, -6.8166891 ], [ 39.2548361, -6.8166851 ], [ 39.2548189, -6.816676 ], [ 39.2547884, -6.8166982 ], [ 39.2548483, -6.8168375 ], [ 39.2549154, -6.8168516 ], [ 39.2549225, -6.8168193 ], [ 39.2549164, -6.8167557 ], [ 39.2549052, -6.8167073 ], [ 39.2548565, -6.8166891 ] ] ] } },
{ "type": "Feature", "properties": { "index": "922", "@osmId": "way/1367313430", "name": null, "opening_hours": null, "label": "Forests & woodland", "color": "#006837" }, "geometry": { "type": "Polygon", "coordinates": [ [ [ 39.25504, -6.816941 ], [ 39.2550333, -6.8169184 ], [ 39.2549783, -6.8168951 ], [ 39.2548838, -6.8169457 ], [ 39.254889, -6.817024 ], [ 39.2549951, -6.8170955 ], [ 39.2550367, -6.8171275 ], [ 39.2550424, -6.8171994 ], [ 39.2550843, -6.81721 ], [ 39.2551285, -6.8171954 ], [ 39.2551426, -6.8171075 ], [ 39.2551031, -6.8170915 ], [ 39.2550967, -6.8170329 ], [ 39.2550756, -6.8169757 ], [ 39.25504, -6.816941 ] ] ] } },
{ "type": "Feature", "properties": { "index": "923", "@osmId": "way/1367315184", "name": null, "opening_hours": null, "label": "Forests & woodland", "color": "#006837" }, "geometry": { "type": "Polygon", "coordinates": [ [ [ 39.2529644, -6.8151541 ], [ 39.252968, -6.8151935 ], [ 39.253001, -6.8152303 ], [ 39.2530183, -6.8152379 ], [ 39.2530498, -6.8152258 ], [ 39.2530737, -6.8151909 ], [ 39.2530605, -6.8151642 ], [ 39.2530503, -6.8151223 ], [ 39.2530234, -6.815088 ], [ 39.2529858, -6.8150956 ], [ 39.2529807, -6.8151359 ], [ 39.2529644, -6.8151541 ] ] ] } },
{ "type": "Feature", "properties": { "index": "924", "@osmId": "way/1367315185", "name": null, "opening_hours": null, "label": "Forests & woodland", "color": "#006837" }, "geometry": { "type": "Polygon", "coordinates": [ [ [ 39.2540692, -6.8147313 ], [ 39.2540291, -6.8147648 ], [ 39.2540199, -6.8149021 ], [ 39.2540301, -6.8149657 ], [ 39.254025, -6.8150625 ], [ 39.2540352, -6.8151221 ], [ 39.2540504, -6.8151867 ], [ 39.2540918, -6.8151846 ], [ 39.2540908, -6.8151413 ], [ 39.2540962, -6.8150313 ], [ 39.2541023, -6.8148657 ], [ 39.2541033, -6.8147598 ], [ 39.2540692, -6.8147313 ] ] ] } },
{ "type": "Feature", "properties": { "index": "925", "@osmId": "way/1367315186", "name": null, "opening_hours": null, "label": "Forests & woodland", "color": "#006837" }, "geometry": { "type": "Polygon", "coordinates": [ [ [ 39.2528798, -6.8148058 ], [ 39.2528816, -6.8148911 ], [ 39.2529329, -6.8149086 ], [ 39.2530046, -6.814906 ], [ 39.2530683, -6.8147628 ], [ 39.2530957, -6.8147013 ], [ 39.2530559, -6.8146723 ], [ 39.2530055, -6.8146635 ], [ 39.2529763, -6.8147241 ], [ 39.2528896, -6.8147602 ], [ 39.2528798, -6.8148058 ] ] ] } },
{ "type": "Feature", "properties": { "index": "926", "@osmId": "way/1367315734", "name": null, "opening_hours": null, "label": "Forests & woodland", "color": "#006837" }, "geometry": { "type": "Polygon", "coordinates": [ [ [ 39.2642647, -6.8138041 ], [ 39.2640018, -6.8136978 ], [ 39.2639349, -6.8137727 ], [ 39.2639142, -6.8138428 ], [ 39.2639483, -6.8139141 ], [ 39.2639848, -6.8139467 ], [ 39.2639787, -6.814012 ], [ 39.2639458, -6.8140785 ], [ 39.2639763, -6.8141196 ], [ 39.2640347, -6.8140434 ], [ 39.2641759, -6.8140857 ], [ 39.2642647, -6.8140881 ], [ 39.264373, -6.814122 ], [ 39.264502, -6.8141619 ], [ 39.2644923, -6.814122 ], [ 39.2644436, -6.8140362 ], [ 39.2644534, -6.8139564 ], [ 39.2644314, -6.8139202 ], [ 39.2643073, -6.8138682 ], [ 39.2642939, -6.8138235 ], [ 39.2642647, -6.8138041 ] ] ] } },
{ "type": "Feature", "properties": { "index": "927", "@osmId": "way/1367323808", "name": null, "opening_hours": null, "label": "Forests & woodland", "color": "#006837" }, "geometry": { "type": "Polygon", "coordinates": [ [ [ 39.2536315, -6.824959 ], [ 39.25372, -6.8250975 ], [ 39.254205, -6.8248526 ], [ 39.25412, -6.8247514 ], [ 39.2540312, -6.8247353 ], [ 39.2540177, -6.824674 ], [ 39.2539561, -6.8246208 ], [ 39.2538863, -6.8246074 ], [ 39.2538568, -6.8244929 ], [ 39.2537951, -6.8244956 ], [ 39.2536825, -6.8242772 ], [ 39.2537522, -6.8244184 ], [ 39.2536154, -6.8242346 ], [ 39.253484, -6.8241148 ], [ 39.2533901, -6.8240428 ], [ 39.2532748, -6.8240535 ], [ 39.2531729, -6.8241254 ], [ 39.2531058, -6.8240056 ], [ 39.2530146, -6.8239869 ], [ 39.2529851, -6.8239257 ], [ 39.2528429, -6.8239097 ], [ 39.2528541, -6.8240112 ], [ 39.2530252, -6.8240806 ], [ 39.2530441, -6.8241361 ], [ 39.2530146, -6.8241627 ], [ 39.2529529, -6.824208 ], [ 39.252974, -6.8242331 ], [ 39.2529797, -6.8242399 ], [ 39.2530441, -6.8242106 ], [ 39.2531004, -6.824144 ], [ 39.2531139, -6.8241669 ], [ 39.253146, -6.8242213 ], [ 39.2531759, -6.8242398 ], [ 39.2532104, -6.8242612 ], [ 39.2532962, -6.8242985 ], [ 39.2533713, -6.8243917 ], [ 39.2534867, -6.824445 ], [ 39.2535537, -6.8245409 ], [ 39.2536288, -6.8246394 ], [ 39.2536771, -6.8247859 ], [ 39.253653, -6.8248631 ], [ 39.2536315, -6.824959 ] ] ] } },
{ "type": "Feature", "properties": { "index": "928", "@osmId": "way/1367323809", "name": null, "opening_hours": null, "label": "Forests & woodland", "color": "#006837" }, "geometry": { "type": "Polygon", "coordinates": [ [ [ 39.2539716, -6.8253084 ], [ 39.2539313, -6.8252625 ], [ 39.2538877, -6.8253311 ], [ 39.2539025, -6.8253656 ], [ 39.2539394, -6.8253837 ], [ 39.2539647, -6.8253327 ], [ 39.2539716, -6.8253084 ] ] ] } },
{ "type": "Feature", "properties": { "index": "929", "@osmId": "way/1367323811", "name": null, "opening_hours": null, "label": "Forests & woodland", "color": "#006837" }, "geometry": { "type": "Polygon", "coordinates": [ [ [ 39.2529529, -6.824208 ], [ 39.252941, -6.8242222 ], [ 39.252974, -6.8242331 ], [ 39.2530084, -6.8242363 ], [ 39.2530415, -6.8242371 ], [ 39.2530546, -6.8242187 ], [ 39.2530762, -6.824192 ], [ 39.2530825, -6.824157 ], [ 39.2531139, -6.8241669 ], [ 39.2531532, -6.824218 ], [ 39.2531759, -6.8242398 ], [ 39.2532572, -6.824236 ], [ 39.2532406, -6.8241488 ], [ 39.2532009, -6.8240841 ], [ 39.2531289, -6.8240111 ], [ 39.2530966, -6.8240065 ], [ 39.2529256, -6.8240317 ], [ 39.2529656, -6.8240803 ], [ 39.253008, -6.8240883 ], [ 39.2530357, -6.8241239 ], [ 39.2530103, -6.8241078 ], [ 39.2529787, -6.8241522 ], [ 39.252971, -6.8241721 ], [ 39.2529641, -6.8241935 ], [ 39.2529606, -6.8242073 ], [ 39.2529529, -6.824208 ] ] ] } },
{ "type": "Feature", "properties": { "index": "930", "@osmId": "way/1367409654", "name": null, "opening_hours": null, "label": "Forests & woodland", "color": "#006837" }, "geometry": { "type": "Polygon", "coordinates": [ [ [ 39.2587705, -6.823568 ], [ 39.2585244, -6.8236114 ], [ 39.2585714, -6.8239348 ], [ 39.2587932, -6.8239031 ], [ 39.2587841, -6.8238407 ], [ 39.2588205, -6.8238296 ], [ 39.2587705, -6.823568 ] ] ] } },
{ "type": "Feature", "properties": { "index": "931", "@osmId": "way/1367414393", "name": null, "opening_hours": null, "label": "Forests & woodland", "color": "#006837" }, "geometry": { "type": "Polygon", "coordinates": [ [ [ 39.2577072, -6.8253036 ], [ 39.2577519, -6.825461 ], [ 39.2577834, -6.8254499 ], [ 39.2576787, -6.8251926 ], [ 39.2575252, -6.825233 ], [ 39.2575323, -6.8253329 ], [ 39.2577072, -6.8253036 ] ] ] } },
{ "type": "Feature", "properties": { "index": "932", "@osmId": "way/1367419522", "name": null, "opening_hours": null, "label": "Forests & woodland", "color": "#006837" }, "geometry": { "type": "Polygon", "coordinates": [ [ [ 39.2550497, -6.8287179 ], [ 39.2550467, -6.8287839 ], [ 39.2551183, -6.8287709 ], [ 39.2551753, -6.8287824 ], [ 39.2552238, -6.8287441 ], [ 39.2551915, -6.8286585 ], [ 39.2551089, -6.8286667 ], [ 39.2550497, -6.8287179 ] ] ] } },
{ "type": "Feature", "properties": { "index": "933", "@osmId": "way/1367646455", "name": null, "opening_hours": null, "label": "Forests & woodland", "color": "#006837" }, "geometry": { "type": "Polygon", "coordinates": [ [ [ 39.2555142, -6.8146416 ], [ 39.2554803, -6.8146401 ], [ 39.2554595, -6.8147846 ], [ 39.2554988, -6.8147785 ], [ 39.2555142, -6.8146416 ] ] ] } },
{ "type": "Feature", "properties": { "index": "934", "@osmId": "way/1367652668", "name": null, "opening_hours": null, "label": "Forests & woodland", "color": "#006837" }, "geometry": { "type": "Polygon", "coordinates": [ [ [ 39.254942, -6.8117517 ], [ 39.2549299, -6.8118109 ], [ 39.2549916, -6.8118888 ], [ 39.2549863, -6.8119115 ], [ 39.2549608, -6.8119361 ], [ 39.2549346, -6.8119638 ], [ 39.2549011, -6.8119341 ], [ 39.2548555, -6.8119148 ], [ 39.2547784, -6.8119101 ], [ 39.2547324, -6.8119123 ], [ 39.2547279, -6.8119329 ], [ 39.2547194, -6.8119954 ], [ 39.2547831, -6.8120346 ], [ 39.2548622, -6.8120433 ], [ 39.2549058, -6.8120906 ], [ 39.2549078, -6.8121352 ], [ 39.2548897, -6.8121845 ], [ 39.254867, -6.8122457 ], [ 39.2548944, -6.8122637 ], [ 39.2549306, -6.812253 ], [ 39.254948, -6.8121605 ], [ 39.2549943, -6.8121099 ], [ 39.2550283, -6.8120535 ], [ 39.2550486, -6.812026 ], [ 39.2550708, -6.8119894 ], [ 39.2550969, -6.8119581 ], [ 39.2550957, -6.8119071 ], [ 39.2550929, -6.8118695 ], [ 39.2551029, -6.8118416 ], [ 39.2550815, -6.8118176 ], [ 39.2550419, -6.8118422 ], [ 39.2550433, -6.8118296 ], [ 39.2550614, -6.8118076 ], [ 39.2550118, -6.811759 ], [ 39.254942, -6.8117517 ] ] ] } },
{ "type": "Feature", "properties": { "index": "935", "@osmId": "way/1367984834", "name": null, "opening_hours": null, "label": "Forests & woodland", "color": "#006837" }, "geometry": { "type": "Polygon", "coordinates": [ [ [ 39.2588539, -6.8144098 ], [ 39.2587617, -6.8143395 ], [ 39.2585653, -6.814397 ], [ 39.2585353, -6.814381 ], [ 39.2584709, -6.8144045 ], [ 39.2584763, -6.8144226 ], [ 39.2584967, -6.8144503 ], [ 39.2585117, -6.814478 ], [ 39.2585578, -6.8145717 ], [ 39.2586501, -6.8146133 ], [ 39.2590503, -6.8146378 ], [ 39.2590503, -6.8145472 ], [ 39.2590159, -6.8145057 ], [ 39.2589505, -6.8145376 ], [ 39.2588904, -6.8145419 ], [ 39.2588518, -6.8145312 ], [ 39.2588282, -6.8144748 ], [ 39.2588539, -6.8144098 ] ] ] } },
{ "type": "Feature", "properties": { "index": "936", "@osmId": "way/1368064610", "name": null, "opening_hours": null, "label": "Forests & woodland", "color": "#006837" }, "geometry": { "type": "Polygon", "coordinates": [ [ [ 39.2570961, -6.8213208 ], [ 39.2571165, -6.8213616 ], [ 39.2571474, -6.8213516 ], [ 39.2571704, -6.8213278 ], [ 39.2571323, -6.8212198 ], [ 39.2570819, -6.8212488 ], [ 39.2570491, -6.8212611 ], [ 39.2570801, -6.8212734 ], [ 39.2570961, -6.8213208 ] ] ] } },
{ "type": "Feature", "properties": { "index": "937", "@osmId": "way/1368064611", "name": null, "opening_hours": null, "label": "Forests & woodland", "color": "#006837" }, "geometry": { "type": "Polygon", "coordinates": [ [ [ 39.2574205, -6.8213749 ], [ 39.2574275, -6.8213969 ], [ 39.2574707, -6.8214016 ], [ 39.2574981, -6.8213772 ], [ 39.2574934, -6.8213535 ], [ 39.2575016, -6.8213146 ], [ 39.2575547, -6.8212341 ], [ 39.2575197, -6.8211917 ], [ 39.2575051, -6.8211946 ], [ 39.25748, -6.821223 ], [ 39.2574765, -6.8212462 ], [ 39.257452, -6.8212358 ], [ 39.2574257, -6.8212364 ], [ 39.2574007, -6.8212642 ], [ 39.2574, -6.8213106 ], [ 39.2574415, -6.821343 ], [ 39.2574392, -6.8213598 ], [ 39.2574205, -6.8213749 ] ] ] } },
{ "type": "Feature", "properties": { "index": "938", "@osmId": "way/1368064612", "name": null, "opening_hours": null, "label": "Forests & woodland", "color": "#006837" }, "geometry": { "type": "Polygon", "coordinates": [ [ [ 39.2577384, -6.820406 ], [ 39.2577209, -6.8204159 ], [ 39.2577028, -6.8204373 ], [ 39.2577179, -6.8204501 ], [ 39.2577378, -6.8204615 ], [ 39.2577588, -6.8204593 ], [ 39.2577617, -6.8204356 ], [ 39.2577471, -6.8204234 ], [ 39.2577384, -6.820406 ] ] ] } },
{ "type": "Feature", "properties": { "index": "939", "@osmId": "way/1368070122", "name": null, "opening_hours": null, "label": "Forests & woodland", "color": "#006837" }, "geometry": { "type": "Polygon", "coordinates": [ [ [ 39.2533231, -6.8225385 ], [ 39.2533445, -6.8226397 ], [ 39.2533928, -6.822705 ], [ 39.2533848, -6.8227982 ], [ 39.253374, -6.8228422 ], [ 39.253421, -6.8229087 ], [ 39.2534706, -6.8229194 ], [ 39.2535143, -6.8228382 ], [ 39.2535376, -6.8227689 ], [ 39.2535913, -6.8227303 ], [ 39.2536382, -6.8227676 ], [ 39.2537214, -6.8226983 ], [ 39.2537643, -6.8225212 ], [ 39.2537978, -6.8225332 ], [ 39.2538426, -6.822474 ], [ 39.253822, -6.822456 ], [ 39.2537938, -6.8224893 ], [ 39.2537428, -6.8224666 ], [ 39.2536878, -6.8224387 ], [ 39.2535725, -6.8225252 ], [ 39.2535028, -6.8226291 ], [ 39.2534491, -6.8226344 ], [ 39.2534371, -6.8225812 ], [ 39.2533593, -6.8225385 ], [ 39.2533231, -6.8225385 ] ] ] } },
{ "type": "Feature", "properties": { "index": "940", "@osmId": "way/1368070123", "name": null, "opening_hours": null, "label": "Forests & woodland", "color": "#006837" }, "geometry": { "type": "Polygon", "coordinates": [ [ [ 39.2541331, -6.8215052 ], [ 39.253893, -6.8214626 ], [ 39.253881, -6.8215039 ], [ 39.2539105, -6.8215039 ], [ 39.2539963, -6.8215332 ], [ 39.2540285, -6.8215665 ], [ 39.2539655, -6.8215864 ], [ 39.2539923, -6.8216477 ], [ 39.2539735, -6.8216983 ], [ 39.2538488, -6.821645 ], [ 39.2538112, -6.8216837 ], [ 39.2537589, -6.8217369 ], [ 39.2537831, -6.8217822 ], [ 39.2538702, -6.8218288 ], [ 39.2539587, -6.8218408 ], [ 39.2539815, -6.8218634 ], [ 39.2540352, -6.8219007 ], [ 39.2541157, -6.8218741 ], [ 39.2541331, -6.8215052 ] ] ] } },
{ "type": "Feature", "properties": { "index": "941", "@osmId": "way/1368071940", "name": null, "opening_hours": null, "label": "Forests & woodland", "color": "#006837" }, "geometry": { "type": "Polygon", "coordinates": [ [ [ 39.2563911, -6.8224535 ], [ 39.2564157, -6.8224979 ], [ 39.2564958, -6.8225596 ], [ 39.2565174, -6.8224566 ], [ 39.2564927, -6.8224183 ], [ 39.256542, -6.8223709 ], [ 39.2565754, -6.8224163 ], [ 39.2565867, -6.8224612 ], [ 39.2566514, -6.8224581 ], [ 39.25673, -6.8224107 ], [ 39.2567685, -6.8223571 ], [ 39.256767, -6.8223189 ], [ 39.2568255, -6.8223112 ], [ 39.2568378, -6.822377 ], [ 39.2569256, -6.8223629 ], [ 39.2569606, -6.8223032 ], [ 39.2569514, -6.8222302 ], [ 39.2568917, -6.8221812 ], [ 39.2568332, -6.8222088 ], [ 39.2567978, -6.8222424 ], [ 39.2567361, -6.8222592 ], [ 39.2566468, -6.822273 ], [ 39.2566037, -6.8222975 ], [ 39.2565159, -6.8223158 ], [ 39.2564773, -6.822325 ], [ 39.2564388, -6.822377 ], [ 39.2564184, -6.8224099 ], [ 39.2564296, -6.8224336 ], [ 39.2563911, -6.8224535 ] ] ] } },
{ "type": "Feature", "properties": { "index": "942", "@osmId": "way/1368071941", "name": null, "opening_hours": null, "label": "Forests & woodland", "color": "#006837" }, "geometry": { "type": "Polygon", "coordinates": [ [ [ 39.256237, -6.822322 ], [ 39.2562043, -6.8223458 ], [ 39.2562108, -6.8223969 ], [ 39.2562361, -6.8224402 ], [ 39.256314, -6.8224046 ], [ 39.2563202, -6.8223724 ], [ 39.2563094, -6.8223434 ], [ 39.256237, -6.822322 ] ] ] } },
{ "type": "Feature", "properties": { "index": "943", "@osmId": "way/1368072398", "name": null, "opening_hours": null, "label": "Forests & woodland", "color": "#006837" }, "geometry": { "type": "Polygon", "coordinates": [ [ [ 39.257803, -6.8236437 ], [ 39.2577085, -6.8236114 ], [ 39.2574939, -6.82367 ], [ 39.2575288, -6.8238644 ], [ 39.2575904, -6.8239257 ], [ 39.2576328, -6.8240456 ], [ 39.2577487, -6.8239789 ], [ 39.2578158, -6.8239443 ], [ 39.257797, -6.8238724 ], [ 39.257864, -6.8237685 ], [ 39.257803, -6.8236437 ] ] ] } },
{ "type": "Feature", "properties": { "index": "944", "@osmId": "way/1368072399", "name": null, "opening_hours": null, "label": "Forests & woodland", "color": "#006837" }, "geometry": { "type": "Polygon", "coordinates": [ [ [ 39.2578301, -6.8233732 ], [ 39.2576314, -6.8234787 ], [ 39.2577038, -6.8235215 ], [ 39.2577716, -6.8235062 ], [ 39.2578055, -6.8235613 ], [ 39.257804, -6.8236256 ], [ 39.2579303, -6.8236011 ], [ 39.2579518, -6.8234695 ], [ 39.2579102, -6.8233869 ], [ 39.2578301, -6.8233732 ] ] ] } },
{ "type": "Feature", "properties": { "index": "945", "@osmId": "way/1368072830", "name": null, "opening_hours": null, "label": "Forests & woodland", "color": "#006837" }, "geometry": { "type": "Polygon", "coordinates": [ [ [ 39.2531487, -6.8234117 ], [ 39.2532909, -6.8235794 ], [ 39.2533472, -6.8237206 ], [ 39.2536449, -6.8239044 ], [ 39.2537962, -6.8240519 ], [ 39.2539561, -6.824168 ], [ 39.254066, -6.8241201 ], [ 39.254058, -6.8236567 ], [ 39.2534932, -6.8234489 ], [ 39.2534165, -6.823127 ], [ 39.2533284, -6.8230175 ], [ 39.253256, -6.8230095 ], [ 39.2533786, -6.8229208 ], [ 39.2534209, -6.8227166 ], [ 39.2532909, -6.822642 ], [ 39.2532305, -6.822689 ], [ 39.2530989, -6.8227019 ], [ 39.2530226, -6.8228391 ], [ 39.2529288, -6.8230122 ], [ 39.2528403, -6.8230921 ], [ 39.2529797, -6.8232199 ], [ 39.2531487, -6.8234117 ] ] ] } },
{ "type": "Feature", "properties": { "index": "946", "@osmId": "way/1368073246", "name": null, "opening_hours": null, "label": "Forests & woodland", "color": "#006837" }, "geometry": { "type": "Polygon", "coordinates": [ [ [ 39.2546105, -6.823694 ], [ 39.2542452, -6.8236958 ], [ 39.2541706, -6.8237126 ], [ 39.2541706, -6.82416 ], [ 39.2548653, -6.824168 ], [ 39.2549581, -6.8240415 ], [ 39.2548653, -6.8239097 ], [ 39.2547634, -6.8237712 ], [ 39.2546105, -6.823694 ] ] ] } },
{ "type": "Feature", "properties": { "index": "947", "@osmId": "way/1368136353", "name": null, "opening_hours": null, "label": "Forests & woodland", "color": "#006837" }, "geometry": { "type": "Polygon", "coordinates": [ [ [ 39.2510041, -6.8282716 ], [ 39.250943, -6.828268 ], [ 39.2508483, -6.8283374 ], [ 39.2508415, -6.8284057 ], [ 39.2509049, -6.8284812 ], [ 39.2509598, -6.8284675 ], [ 39.2510049, -6.8284314 ], [ 39.2510536, -6.8283787 ], [ 39.2510514, -6.8282977 ], [ 39.2510041, -6.8282716 ] ] ] } },
{ "type": "Feature", "properties": { "index": "948", "@osmId": "way/1368136354", "name": null, "opening_hours": null, "label": "Forests & woodland", "color": "#006837" }, "geometry": { "type": "Polygon", "coordinates": [ [ [ 39.2509439, -6.8280221 ], [ 39.2508209, -6.8280704 ], [ 39.250782, -6.8280871 ], [ 39.2507643, -6.8281301 ], [ 39.2508121, -6.8281635 ], [ 39.2508475, -6.8281424 ], [ 39.250874, -6.8281503 ], [ 39.2508799, -6.8281669 ], [ 39.2509167, -6.8281465 ], [ 39.2509589, -6.8281503 ], [ 39.2509855, -6.8281081 ], [ 39.2509439, -6.8280221 ] ] ] } },
{ "type": "Feature", "properties": { "index": "949", "@osmId": "way/1368136355", "name": null, "opening_hours": null, "label": "Forests & woodland", "color": "#006837" }, "geometry": { "type": "Polygon", "coordinates": [ [ [ 39.2512768, -6.8283023 ], [ 39.2512111, -6.8283058 ], [ 39.2511447, -6.8283559 ], [ 39.2511262, -6.828406 ], [ 39.2510722, -6.8284341 ], [ 39.2511306, -6.8286054 ], [ 39.2512049, -6.8285852 ], [ 39.251281, -6.8284675 ], [ 39.2513208, -6.8283779 ], [ 39.2512768, -6.8283023 ] ] ] } },
{ "type": "Feature", "properties": { "index": "950", "@osmId": "way/1368159243", "name": null, "opening_hours": null, "label": "Forests & woodland", "color": "#006837" }, "geometry": { "type": "Polygon", "coordinates": [ [ [ 39.2488605, -6.8225321 ], [ 39.2488202, -6.8225028 ], [ 39.2487237, -6.8226001 ], [ 39.2487357, -6.8227226 ], [ 39.2487787, -6.8227412 ], [ 39.2488135, -6.8227958 ], [ 39.2488524, -6.8227598 ], [ 39.2488189, -6.8226453 ], [ 39.2488631, -6.8226413 ], [ 39.2489302, -6.8226973 ], [ 39.2490187, -6.8228139 ], [ 39.2490804, -6.8228038 ], [ 39.2489973, -6.8226347 ], [ 39.2488605, -6.8225321 ] ] ] } },
{ "type": "Feature", "properties": { "index": "951", "@osmId": "way/1366791783", "name": null, "opening_hours": null, "label": "Forests & woodland", "color": "#006837" }, "geometry": { "type": "Polygon", "coordinates": [ [ [ 39.2376417, -6.7927996 ], [ 39.2376342, -6.792821 ], [ 39.2376633, -6.7928367 ], [ 39.2376841, -6.7928178 ], [ 39.2376818, -6.7928078 ], [ 39.237678, -6.7928056 ], [ 39.2376608, -6.7927839 ], [ 39.2376417, -6.7927996 ] ] ] } },
{ "type": "Feature", "properties": { "index": "952", "@osmId": "way/1366791784", "name": null, "opening_hours": null, "label": "Forests & woodland", "color": "#006837" }, "geometry": { "type": "Polygon", "coordinates": [ [ [ 39.2378647, -6.7928475 ], [ 39.2378521, -6.7928499 ], [ 39.2378275, -6.7928488 ], [ 39.2378059, -6.7928728 ], [ 39.2378149, -6.7928934 ], [ 39.2378354, -6.7929072 ], [ 39.2378727, -6.7928947 ], [ 39.2378787, -6.7928643 ], [ 39.2378647, -6.7928475 ] ] ] } },
{ "type": "Feature", "properties": { "index": "953", "@osmId": "way/1366791789", "name": null, "opening_hours": null, "label": "Forests & woodland", "color": "#006837" }, "geometry": { "type": "Polygon", "coordinates": [ [ [ 39.2378674, -6.7934918 ], [ 39.2377392, -6.7935376 ], [ 39.2377536, -6.7934904 ], [ 39.2376541, -6.7933673 ], [ 39.237621, -6.7934475 ], [ 39.2375619, -6.7933845 ], [ 39.237448, -6.7933659 ], [ 39.2373572, -6.793602 ], [ 39.2374466, -6.7936507 ], [ 39.2375013, -6.7935706 ], [ 39.2376296, -6.7936321 ], [ 39.2376078, -6.7937057 ], [ 39.2378545, -6.7937151 ], [ 39.2380101, -6.7937437 ], [ 39.2380778, -6.7936763 ], [ 39.2380721, -6.7936292 ], [ 39.2381519, -6.7935932 ], [ 39.2380952, -6.7935262 ], [ 39.2379626, -6.7935777 ], [ 39.2378674, -6.7934918 ] ] ] } },
{ "type": "Feature", "properties": { "index": "954", "@osmId": "way/1366791790", "name": null, "opening_hours": null, "label": "Forests & woodland", "color": "#006837" }, "geometry": { "type": "Polygon", "coordinates": [ [ [ 39.2380846, -6.7940048 ], [ 39.2381021, -6.7941285 ], [ 39.2381515, -6.7941004 ], [ 39.2381326, -6.7938573 ], [ 39.2380224, -6.793872 ], [ 39.2380441, -6.7940009 ], [ 39.2380846, -6.7940048 ] ] ] } },
{ "type": "Feature", "properties": { "index": "955", "@osmId": "way/1366791791", "name": null, "opening_hours": null, "label": "Forests & woodland", "color": "#006837" }, "geometry": { "type": "Polygon", "coordinates": [ [ [ 39.2390325, -6.7929104 ], [ 39.2390366, -6.7929245 ], [ 39.2390093, -6.7929225 ], [ 39.2389885, -6.7929439 ], [ 39.2389926, -6.7929528 ], [ 39.2389861, -6.7929609 ], [ 39.2389779, -6.7929581 ], [ 39.2389604, -6.7929916 ], [ 39.2389881, -6.7930551 ], [ 39.2390113, -6.7930001 ], [ 39.2390211, -6.7929965 ], [ 39.2390345, -6.7929755 ], [ 39.2390406, -6.7929904 ], [ 39.2390276, -6.7930086 ], [ 39.2390606, -6.7930155 ], [ 39.2390598, -6.7929924 ], [ 39.2391078, -6.7929904 ], [ 39.2391074, -6.7928978 ], [ 39.2390325, -6.7929104 ] ] ] } },
{ "type": "Feature", "properties": { "index": "956", "@osmId": "way/1366791792", "name": null, "opening_hours": null, "label": "Forests & woodland", "color": "#006837" }, "geometry": { "type": "Polygon", "coordinates": [ [ [ 39.2389822, -6.7930558 ], [ 39.2389178, -6.7930842 ], [ 39.2389016, -6.7931231 ], [ 39.2389622, -6.7931287 ], [ 39.2389612, -6.7931055 ], [ 39.2389836, -6.7931093 ], [ 39.2389946, -6.7931335 ], [ 39.2390168, -6.7931173 ], [ 39.2390089, -6.7931008 ], [ 39.2390175, -6.7930994 ], [ 39.2390289, -6.7931193 ], [ 39.2391843, -6.7930767 ], [ 39.2391753, -6.7930383 ], [ 39.2389822, -6.7930558 ] ] ] } },
{ "type": "Feature", "properties": { "index": "957", "@osmId": "way/1366791794", "name": null, "opening_hours": null, "label": "Forests & woodland", "color": "#006837" }, "geometry": { "type": "Polygon", "coordinates": [ [ [ 39.2387316, -6.7930334 ], [ 39.2386575, -6.7930451 ], [ 39.2386689, -6.7930811 ], [ 39.238708, -6.7930787 ], [ 39.2387088, -6.7930653 ], [ 39.2387178, -6.7930637 ], [ 39.2387528, -6.7930807 ], [ 39.2387833, -6.79305 ], [ 39.2387316, -6.7930334 ] ] ] } },
{ "type": "Feature", "properties": { "index": "958", "@osmId": "way/1366791795", "name": null, "opening_hours": null, "label": "Forests & woodland", "color": "#006837" }, "geometry": { "type": "Polygon", "coordinates": [ [ [ 39.2385349, -6.7928102 ], [ 39.2384812, -6.7928106 ], [ 39.2384698, -6.7928244 ], [ 39.2384657, -6.7928834 ], [ 39.2384853, -6.7929416 ], [ 39.2385248, -6.7929266 ], [ 39.2385187, -6.7928935 ], [ 39.2385598, -6.7928838 ], [ 39.2385585, -6.7928607 ], [ 39.238526, -6.7928769 ], [ 39.2385146, -6.7928547 ], [ 39.2385349, -6.7928102 ] ] ] } },
{ "type": "Feature", "properties": { "index": "959", "@osmId": "way/1366791796", "name": null, "opening_hours": null, "label": "Forests & woodland", "color": "#006837" }, "geometry": { "type": "Polygon", "coordinates": [ [ [ 39.2385856, -6.7932231 ], [ 39.2384463, -6.7932737 ], [ 39.238481, -6.7933406 ], [ 39.2386131, -6.7932711 ], [ 39.2385856, -6.7932231 ] ] ] } },
{ "type": "Feature", "properties": { "index": "960", "@osmId": "way/1367188481", "name": null, "opening_hours": null, "label": "Forests & woodland", "color": "#006837" }, "geometry": { "type": "Polygon", "coordinates": [ [ [ 39.2418857, -6.8037291 ], [ 39.2419454, -6.8037451 ], [ 39.2419704, -6.8037105 ], [ 39.2419305, -6.8036843 ], [ 39.2419001, -6.803675 ], [ 39.2418942, -6.8036987 ], [ 39.2418982, -6.803716 ], [ 39.2418857, -6.8037291 ] ] ] } },
{ "type": "Feature", "properties": { "index": "961", "@osmId": "way/1367274905", "name": null, "opening_hours": null, "label": "Forests & woodland", "color": "#006837" }, "geometry": { "type": "Polygon", "coordinates": [ [ [ 39.2337648, -6.7956144 ], [ 39.2337902, -6.795668 ], [ 39.2338135, -6.7956812 ], [ 39.2338347, -6.7956838 ], [ 39.2338815, -6.7956435 ], [ 39.2338949, -6.795603 ], [ 39.2338781, -6.7955687 ], [ 39.2338586, -6.7955634 ], [ 39.2338338, -6.7955573 ], [ 39.2338214, -6.795545 ], [ 39.2337896, -6.7955432 ], [ 39.2337692, -6.7955432 ], [ 39.2337647, -6.7955617 ], [ 39.2337697, -6.7955865 ], [ 39.2337648, -6.7956144 ] ] ] } },
{ "type": "Feature", "properties": { "index": "962", "@osmId": "way/1367274911", "name": null, "opening_hours": null, "label": "Forests & woodland", "color": "#006837" }, "geometry": { "type": "Polygon", "coordinates": [ [ [ 39.2336759, -6.7965265 ], [ 39.2336813, -6.7965418 ], [ 39.2336994, -6.7965677 ], [ 39.2337255, -6.7965744 ], [ 39.233751, -6.7965737 ], [ 39.2337664, -6.7965551 ], [ 39.2337711, -6.7965178 ], [ 39.2337557, -6.7965158 ], [ 39.2337617, -6.7965045 ], [ 39.233747, -6.7964818 ], [ 39.233694, -6.7964912 ], [ 39.2336866, -6.7965025 ], [ 39.2336759, -6.7965265 ] ] ] } },
{ "type": "Feature", "properties": { "index": "963", "@osmId": "way/1367274912", "name": null, "opening_hours": null, "label": "Forests & woodland", "color": "#006837" }, "geometry": { "type": "Polygon", "coordinates": [ [ [ 39.2336042, -6.7957464 ], [ 39.2335697, -6.7957302 ], [ 39.233469, -6.7957696 ], [ 39.233464, -6.7958069 ], [ 39.2334944, -6.7958644 ], [ 39.233467, -6.7958927 ], [ 39.2334995, -6.7959321 ], [ 39.2335127, -6.7959522 ], [ 39.2334924, -6.7959956 ], [ 39.2335178, -6.7960461 ], [ 39.2335778, -6.7960441 ], [ 39.2336123, -6.7960128 ], [ 39.2336154, -6.7959634 ], [ 39.2335686, -6.7959633 ], [ 39.2335666, -6.7959432 ], [ 39.2336103, -6.7959316 ], [ 39.2336256, -6.7958937 ], [ 39.2336052, -6.7958705 ], [ 39.2336245, -6.7958382 ], [ 39.2336042, -6.7957464 ] ] ] } },
{ "type": "Feature", "properties": { "index": "964", "@osmId": "way/1367275723", "name": null, "opening_hours": null, "label": "Forests & woodland", "color": "#006837" }, "geometry": { "type": "Polygon", "coordinates": [ [ [ 39.2373045, -6.7914502 ], [ 39.2372139, -6.7914506 ], [ 39.2372038, -6.7914654 ], [ 39.237232, -6.7914802 ], [ 39.2372526, -6.791471 ], [ 39.2373025, -6.7914698 ], [ 39.2373045, -6.7914502 ] ] ] } },
{ "type": "Feature", "properties": { "index": "965", "@osmId": "way/1367275725", "name": null, "opening_hours": null, "label": "Forests & woodland", "color": "#006837" }, "geometry": { "type": "Polygon", "coordinates": [ [ [ 39.2367699, -6.7914534 ], [ 39.236769, -6.7914876 ], [ 39.2368053, -6.7915366 ], [ 39.2368425, -6.7915338 ], [ 39.2368685, -6.7915728 ], [ 39.2369208, -6.7915555 ], [ 39.2369039, -6.7915143 ], [ 39.2368746, -6.7915175 ], [ 39.2368675, -6.7914834 ], [ 39.236852, -6.7914525 ], [ 39.2368133, -6.791437 ], [ 39.2368086, -6.7914562 ], [ 39.2367699, -6.7914534 ] ] ] } },
{ "type": "Feature", "properties": { "index": "966", "@osmId": "way/1367276976", "name": null, "opening_hours": null, "label": "Forests & woodland", "color": "#006837" }, "geometry": { "type": "Polygon", "coordinates": [ [ [ 39.2362532, -6.7967393 ], [ 39.2362706, -6.7967992 ], [ 39.2363001, -6.7968105 ], [ 39.236335, -6.7967945 ], [ 39.2363372, -6.7967432 ], [ 39.2363243, -6.7967186 ], [ 39.2362894, -6.7967159 ], [ 39.2362532, -6.7967393 ] ] ] } },
{ "type": "Feature", "properties": { "index": "967", "@osmId": "way/1367277166", "name": null, "opening_hours": null, "label": "Forests & woodland", "color": "#006837" }, "geometry": { "type": "Polygon", "coordinates": [ [ [ 39.2374624, -6.7910476 ], [ 39.2374376, -6.7910766 ], [ 39.2374376, -6.7910889 ], [ 39.2374283, -6.7911039 ], [ 39.2374297, -6.7911575 ], [ 39.237528, -6.7911681 ], [ 39.237561, -6.7911466 ], [ 39.2375889, -6.791149 ], [ 39.2376171, -6.7911254 ], [ 39.2376116, -6.7910476 ], [ 39.237537, -6.7910421 ], [ 39.237515, -6.7910633 ], [ 39.2374624, -6.7910476 ] ] ] } },
{ "type": "Feature", "properties": { "index": "968", "@osmId": "way/1367278362", "name": null, "opening_hours": null, "label": "Forests & woodland", "color": "#006837" }, "geometry": { "type": "Polygon", "coordinates": [ [ [ 39.2331099, -6.7924398 ], [ 39.2330789, -6.7924404 ], [ 39.2330705, -6.7924378 ], [ 39.2330459, -6.7924436 ], [ 39.2330296, -6.7924685 ], [ 39.2330368, -6.7925098 ], [ 39.2330685, -6.7925194 ], [ 39.2331145, -6.7925316 ], [ 39.2331306, -6.792504 ], [ 39.2331099, -6.7924398 ] ] ] } },
{ "type": "Feature", "properties": { "index": "969", "@osmId": "way/1367280877", "name": null, "opening_hours": null, "label": "Forests & woodland", "color": "#006837" }, "geometry": { "type": "Polygon", "coordinates": [ [ [ 39.2350397, -6.7954635 ], [ 39.235072, -6.7954665 ], [ 39.2350765, -6.7954484 ], [ 39.235087, -6.7954072 ], [ 39.2350675, -6.7953976 ], [ 39.2350432, -6.7953932 ], [ 39.2350242, -6.7954006 ], [ 39.2350313, -6.7954345 ], [ 39.2350198, -6.7954419 ], [ 39.2350397, -6.7954635 ] ] ] } },
{ "type": "Feature", "properties": { "index": "970", "@osmId": "way/630651329", "name": null, "opening_hours": null, "label": "Forests & woodland", "color": "#006837" }, "geometry": { "type": "Polygon", "coordinates": [ [ [ 39.2633402, -6.7960345 ], [ 39.2633205, -6.7960453 ], [ 39.2633066, -6.7960394 ], [ 39.2633106, -6.7960169 ], [ 39.2632779, -6.79601 ], [ 39.2632651, -6.7960404 ], [ 39.2632493, -6.7960483 ], [ 39.2632473, -6.7960699 ], [ 39.2632483, -6.7960905 ], [ 39.263277, -6.796117 ], [ 39.2632928, -6.7961307 ], [ 39.2633494, -6.7960768 ], [ 39.2633402, -6.7960345 ] ] ] } },
{ "type": "Feature", "properties": { "index": "971", "@osmId": "way/1324335031", "name": null, "opening_hours": null, "label": "Forests & woodland", "color": "#006837" }, "geometry": { "type": "Polygon", "coordinates": [ [ [ 39.2592117, -6.7979218 ], [ 39.2590967, -6.7977758 ], [ 39.2589677, -6.7978592 ], [ 39.2589642, -6.7979584 ], [ 39.2591031, -6.7979868 ], [ 39.2592117, -6.7979218 ] ] ] } },
{ "type": "Feature", "properties": { "index": "972", "@osmId": "way/1366755552", "name": null, "opening_hours": null, "label": "Forests & woodland", "color": "#006837" }, "geometry": { "type": "Polygon", "coordinates": [ [ [ 39.2613985, -6.8035603 ], [ 39.2613868, -6.8035547 ], [ 39.2613752, -6.8035639 ], [ 39.2613554, -6.8035651 ], [ 39.2613454, -6.8035703 ], [ 39.2613293, -6.8035955 ], [ 39.2613317, -6.8036063 ], [ 39.2613152, -6.8036191 ], [ 39.261316, -6.8036283 ], [ 39.2613031, -6.8036383 ], [ 39.2613035, -6.8036459 ], [ 39.2613027, -6.8036615 ], [ 39.2613124, -6.8036679 ], [ 39.2613345, -6.8036763 ], [ 39.261351, -6.8036763 ], [ 39.2613631, -6.8036855 ], [ 39.2613812, -6.8036827 ], [ 39.2613973, -6.8036699 ], [ 39.2614078, -6.8036667 ], [ 39.2614207, -6.8036539 ], [ 39.2614166, -6.8036423 ], [ 39.2614368, -6.8036307 ], [ 39.261442, -6.8036131 ], [ 39.2614315, -6.8036019 ], [ 39.2614291, -6.8035907 ], [ 39.2614166, -6.8035831 ], [ 39.2614086, -6.8035827 ], [ 39.2614062, -6.8035711 ], [ 39.2613985, -6.8035603 ] ] ] } },
{ "type": "Feature", "properties": { "index": "973", "@osmId": "way/1366755554", "name": null, "opening_hours": null, "label": "Forests & woodland", "color": "#006837" }, "geometry": { "type": "Polygon", "coordinates": [ [ [ 39.261661, -6.8035427 ], [ 39.2616509, -6.8035387 ], [ 39.2616344, -6.8035515 ], [ 39.2616324, -6.8035743 ], [ 39.2616417, -6.8035795 ], [ 39.2616542, -6.8035795 ], [ 39.2616634, -6.8035683 ], [ 39.2616747, -6.8035683 ], [ 39.2616783, -6.8035775 ], [ 39.2616924, -6.8035843 ], [ 39.2616993, -6.8035863 ], [ 39.2617025, -6.8035751 ], [ 39.2617089, -6.8035735 ], [ 39.2617125, -6.8035587 ], [ 39.2617121, -6.8035495 ], [ 39.2617081, -6.8035419 ], [ 39.2616985, -6.8035391 ], [ 39.2616811, -6.8035387 ], [ 39.2616719, -6.8035459 ], [ 39.261661, -6.8035427 ] ] ] } },
{ "type": "Feature", "properties": { "index": "974", "@osmId": "way/1366755555", "name": null, "opening_hours": null, "label": "Forests & woodland", "color": "#006837" }, "geometry": { "type": "Polygon", "coordinates": [ [ [ 39.2615833, -6.8034488 ], [ 39.2615757, -6.8034412 ], [ 39.2615555, -6.8034288 ], [ 39.2615443, -6.8034412 ], [ 39.2615294, -6.8034424 ], [ 39.2615185, -6.8034352 ], [ 39.2615096, -6.803436 ], [ 39.2614903, -6.803434 ], [ 39.2614815, -6.803454 ], [ 39.2614815, -6.803468 ], [ 39.2614718, -6.8034796 ], [ 39.2614734, -6.8034956 ], [ 39.2614927, -6.8034972 ], [ 39.26151, -6.8035084 ], [ 39.2615282, -6.8034968 ], [ 39.2615354, -6.8034884 ], [ 39.2615495, -6.8034892 ], [ 39.2615583, -6.8034932 ], [ 39.261568, -6.8034884 ], [ 39.2615801, -6.8034864 ], [ 39.2615922, -6.803482 ], [ 39.2615877, -6.803468 ], [ 39.2615857, -6.803456 ], [ 39.2615833, -6.8034488 ] ] ] } },
{ "type": "Feature", "properties": { "index": "975", "@osmId": "way/1366755556", "name": null, "opening_hours": null, "label": "Forests & woodland", "color": "#006837" }, "geometry": { "type": "Polygon", "coordinates": [ [ [ 39.2617388, -6.8033354 ], [ 39.2615998, -6.8033315 ], [ 39.2615842, -6.8033424 ], [ 39.2615816, -6.8033617 ], [ 39.2615784, -6.80339 ], [ 39.2615829, -6.8034015 ], [ 39.2616088, -6.8033964 ], [ 39.2616392, -6.8033919 ], [ 39.2616631, -6.8034034 ], [ 39.261702, -6.8034099 ], [ 39.2617401, -6.803415 ], [ 39.2617505, -6.8034002 ], [ 39.2617421, -6.8033797 ], [ 39.2617427, -6.803372 ], [ 39.2617304, -6.8033598 ], [ 39.2617304, -6.803345 ], [ 39.2617388, -6.8033354 ] ] ] } },
{ "type": "Feature", "properties": { "index": "976", "@osmId": "way/1366776774", "name": null, "opening_hours": null, "label": "Forests & woodland", "color": "#006837" }, "geometry": { "type": "Polygon", "coordinates": [ [ [ 39.2445676, -6.7957796 ], [ 39.2444453, -6.7957816 ], [ 39.2444491, -6.7958592 ], [ 39.244518, -6.7958597 ], [ 39.2445177, -6.7959035 ], [ 39.2445559, -6.795901 ], [ 39.2445621, -6.7959447 ], [ 39.2446018, -6.7959465 ], [ 39.2445676, -6.7957796 ] ] ] } },
{ "type": "Feature", "properties": { "index": "977", "@osmId": "way/1367326435", "name": null, "opening_hours": null, "label": "Forests & woodland", "color": "#006837" }, "geometry": { "type": "Polygon", "coordinates": [ [ [ 39.2560406, -6.8071118 ], [ 39.2560598, -6.8071844 ], [ 39.2560914, -6.8071906 ], [ 39.2561357, -6.8071616 ], [ 39.2561807, -6.8072028 ], [ 39.2562046, -6.8071918 ], [ 39.2562017, -6.8071582 ], [ 39.2562192, -6.8071211 ], [ 39.2562028, -6.8071014 ], [ 39.2561859, -6.8071083 ], [ 39.2561591, -6.807084 ], [ 39.2561176, -6.8070712 ], [ 39.2560919, -6.8070602 ], [ 39.2560406, -6.8071118 ] ] ] } },
{ "type": "Feature", "properties": { "index": "978", "@osmId": "way/1367326436", "name": null, "opening_hours": null, "label": "Forests & woodland", "color": "#006837" }, "geometry": { "type": "Polygon", "coordinates": [ [ [ 39.2559057, -6.8072828 ], [ 39.2559215, -6.8073106 ], [ 39.2559723, -6.8073373 ], [ 39.2559962, -6.807306 ], [ 39.2560476, -6.8072387 ], [ 39.2560563, -6.8072034 ], [ 39.256016, -6.8071848 ], [ 39.2560271, -6.8071327 ], [ 39.2559746, -6.8071611 ], [ 39.2559308, -6.8072318 ], [ 39.2559057, -6.8072828 ] ] ] } },
{ "type": "Feature", "properties": { "index": "979", "@osmId": "way/1367327998", "name": null, "opening_hours": null, "label": "Forests & woodland", "color": "#006837" }, "geometry": { "type": "Polygon", "coordinates": [ [ [ 39.2610733, -6.8060916 ], [ 39.2610284, -6.8061076 ], [ 39.2609888, -6.8061476 ], [ 39.2609848, -6.8062035 ], [ 39.2610633, -6.8061995 ], [ 39.2610937, -6.8062047 ], [ 39.2610827, -6.8062408 ], [ 39.2611089, -6.8062794 ], [ 39.2611551, -6.8062941 ], [ 39.2611954, -6.8062864 ], [ 39.2612135, -6.8062661 ], [ 39.2612195, -6.8062208 ], [ 39.2612054, -6.8061902 ], [ 39.2611712, -6.806167 ], [ 39.2611478, -6.8061709 ], [ 39.2611331, -6.8061664 ], [ 39.2611136, -6.8061516 ], [ 39.2610961, -6.8061196 ], [ 39.2610733, -6.8060916 ] ] ] } },
{ "type": "Feature", "properties": { "index": "980", "@osmId": "way/1367640039", "name": null, "opening_hours": null, "label": "Forests & woodland", "color": "#006837" }, "geometry": { "type": "Polygon", "coordinates": [ [ [ 39.2592945, -6.8036196 ], [ 39.2593114, -6.8036104 ], [ 39.2593236, -6.80362 ], [ 39.2593185, -6.8036728 ], [ 39.2593315, -6.8037016 ], [ 39.2593575, -6.8037103 ], [ 39.2593894, -6.8037165 ], [ 39.2594128, -6.8037236 ], [ 39.2594246, -6.803712 ], [ 39.2594246, -6.8036966 ], [ 39.2594338, -6.803697 ], [ 39.2594371, -6.8036745 ], [ 39.2594241, -6.8036812 ], [ 39.2594212, -6.8036687 ], [ 39.2594514, -6.8036441 ], [ 39.2594673, -6.8036193 ], [ 39.2594635, -6.8035967 ], [ 39.2594417, -6.8035713 ], [ 39.2593952, -6.8035405 ], [ 39.2593902, -6.8035101 ], [ 39.2593688, -6.8035064 ], [ 39.2593596, -6.8035172 ], [ 39.2593403, -6.8035085 ], [ 39.259311, -6.8035201 ], [ 39.2592892, -6.8035596 ], [ 39.2592754, -6.8035846 ], [ 39.2592833, -6.8036 ], [ 39.2592945, -6.8036196 ] ] ] } },
{ "type": "Feature", "properties": { "index": "981", "@osmId": "way/1367640454", "name": null, "opening_hours": null, "label": "Forests & woodland", "color": "#006837" }, "geometry": { "type": "Polygon", "coordinates": [ [ [ 39.2633434, -6.804922 ], [ 39.2633936, -6.8050265 ], [ 39.2635292, -6.8050122 ], [ 39.2634494, -6.8048801 ], [ 39.2633977, -6.8048814 ], [ 39.2633434, -6.804922 ] ] ] } },
{ "type": "Feature", "properties": { "index": "982", "@osmId": "way/1367649223", "name": null, "opening_hours": null, "label": "Forests & woodland", "color": "#006837" }, "geometry": { "type": "Polygon", "coordinates": [ [ [ 39.2640666, -6.8040397 ], [ 39.2641055, -6.804129 ], [ 39.264198, -6.8042009 ], [ 39.2642731, -6.8041969 ], [ 39.2642812, -6.804069 ], [ 39.2643053, -6.8040211 ], [ 39.264312, -6.8039678 ], [ 39.2642959, -6.8039092 ], [ 39.2642382, -6.8038786 ], [ 39.2642221, -6.8037894 ], [ 39.2641511, -6.8037321 ], [ 39.2641001, -6.8037588 ], [ 39.2640679, -6.803852 ], [ 39.2640867, -6.8039625 ], [ 39.2640666, -6.8040397 ] ] ] } },
{ "type": "Feature", "properties": { "index": "983", "@osmId": "way/1367649224", "name": null, "opening_hours": null, "label": "Forests & woodland", "color": "#006837" }, "geometry": { "type": "Polygon", "coordinates": [ [ [ 39.2640143, -6.8043434 ], [ 39.2640103, -6.8044046 ], [ 39.2641363, -6.8044286 ], [ 39.2641551, -6.8044765 ], [ 39.2641953, -6.8044619 ], [ 39.2642007, -6.8044126 ], [ 39.2642409, -6.804334 ], [ 39.2642302, -6.8042621 ], [ 39.2642181, -6.8042262 ], [ 39.2641967, -6.8042155 ], [ 39.264198, -6.8042009 ], [ 39.264084, -6.8042195 ], [ 39.2640612, -6.8042515 ], [ 39.2640143, -6.8043434 ] ] ] } },
{ "type": "Feature", "properties": { "index": "984", "@osmId": "way/1367649225", "name": null, "opening_hours": null, "label": "Forests & woodland", "color": "#006837" }, "geometry": { "type": "Polygon", "coordinates": [ [ [ 39.264257, -6.8042195 ], [ 39.264261, -6.8042768 ], [ 39.2643998, -6.8041874 ], [ 39.2643798, -6.8041933 ], [ 39.2644273, -6.804117 ], [ 39.2644555, -6.8040304 ], [ 39.2644615, -6.8039505 ], [ 39.2643992, -6.8039612 ], [ 39.2643496, -6.8040011 ], [ 39.2643268, -6.8040224 ], [ 39.2642999, -6.8041356 ], [ 39.2643026, -6.8041756 ], [ 39.264257, -6.8042195 ] ] ] } },
{ "type": "Feature", "properties": { "index": "985", "@osmId": "way/1367649226", "name": null, "opening_hours": null, "label": "Forests & woodland", "color": "#006837" }, "geometry": { "type": "Polygon", "coordinates": [ [ [ 39.2644931, -6.8041729 ], [ 39.2643603, -6.8043394 ], [ 39.2645173, -6.8044308 ], [ 39.2646218, -6.80439 ], [ 39.264599, -6.8042408 ], [ 39.2645413, -6.8041729 ], [ 39.2644931, -6.8041729 ] ] ] } },
{ "type": "Feature", "properties": { "index": "986", "@osmId": "way/1367649227", "name": null, "opening_hours": null, "label": "Forests & woodland", "color": "#006837" }, "geometry": { "type": "Polygon", "coordinates": [ [ [ 39.2636723, -6.8046803 ], [ 39.2637152, -6.8047722 ], [ 39.2639365, -6.8046896 ], [ 39.2639754, -6.8045937 ], [ 39.2639647, -6.8044978 ], [ 39.2640424, -6.8044592 ], [ 39.2639754, -6.804342 ], [ 39.2638064, -6.804378 ], [ 39.2636817, -6.8045018 ], [ 39.2636723, -6.8046803 ] ] ] } },
{ "type": "Feature", "properties": { "index": "987", "@osmId": "way/1367649228", "name": null, "opening_hours": null, "label": "Forests & woodland", "color": "#006837" }, "geometry": { "type": "Polygon", "coordinates": [ [ [ 39.263628, -6.8048574 ], [ 39.2637407, -6.8049413 ], [ 39.263789, -6.8050611 ], [ 39.2638824, -6.8050982 ], [ 39.2639878, -6.8050566 ], [ 39.2639794, -6.8048867 ], [ 39.2640035, -6.8048294 ], [ 39.2640894, -6.8048467 ], [ 39.2640961, -6.8048148 ], [ 39.2639807, -6.8047948 ], [ 39.2639942, -6.8047535 ], [ 39.2640022, -6.8046696 ], [ 39.2637152, -6.8047722 ], [ 39.263628, -6.8048574 ] ] ] } },
{ "type": "Feature", "properties": { "index": "988", "@osmId": "way/1367649229", "name": null, "opening_hours": null, "label": "Forests & woodland", "color": "#006837" }, "geometry": { "type": "Polygon", "coordinates": [ [ [ 39.2639915, -6.8049573 ], [ 39.2640599, -6.8050425 ], [ 39.2646812, -6.8052294 ], [ 39.264719, -6.8051664 ], [ 39.2648149, -6.8051583 ], [ 39.2649678, -6.8049493 ], [ 39.2651086, -6.8049959 ], [ 39.2651998, -6.8049533 ], [ 39.2652012, -6.8047748 ], [ 39.2651758, -6.804766 ], [ 39.265063, -6.8047269 ], [ 39.2649772, -6.8046776 ], [ 39.2648914, -6.8045804 ], [ 39.2648297, -6.8045085 ], [ 39.2647049, -6.8044046 ], [ 39.2646969, -6.8044792 ], [ 39.2644247, -6.8046603 ], [ 39.2642597, -6.8044672 ], [ 39.2641484, -6.8044938 ], [ 39.2641685, -6.804659 ], [ 39.2641457, -6.8048108 ], [ 39.264135, -6.8048907 ], [ 39.2641149, -6.8049719 ], [ 39.2640545, -6.8049373 ], [ 39.2639915, -6.8049573 ] ] ] } },
{ "type": "Feature", "properties": { "index": "989", "@osmId": "way/1367653840", "name": null, "opening_hours": null, "label": "Forests & woodland", "color": "#006837" }, "geometry": { "type": "Polygon", "coordinates": [ [ [ 39.2530937, -6.8098718 ], [ 39.2530406, -6.8098703 ], [ 39.2530375, -6.8098871 ], [ 39.253076, -6.8099047 ], [ 39.2530706, -6.8099169 ], [ 39.2530814, -6.8099284 ], [ 39.2530999, -6.8099376 ], [ 39.253093, -6.8099574 ], [ 39.2531161, -6.8099643 ], [ 39.2531592, -6.8099842 ], [ 39.2531877, -6.809988 ], [ 39.2532225, -6.8100187 ], [ 39.2532493, -6.8100232 ], [ 39.2532568, -6.8100129 ], [ 39.253238, -6.8099932 ], [ 39.2532201, -6.8099659 ], [ 39.2531792, -6.8099391 ], [ 39.2531446, -6.8099108 ], [ 39.2531045, -6.8098947 ], [ 39.2530937, -6.8098718 ] ] ] } },
{ "type": "Feature", "properties": { "index": "990", "@osmId": "way/1367655420", "name": null, "opening_hours": null, "label": "Forests & woodland", "color": "#006837" }, "geometry": { "type": "Polygon", "coordinates": [ [ [ 39.2546195, -6.8086265 ], [ 39.2545588, -6.808623 ], [ 39.2545133, -6.8086417 ], [ 39.2545177, -6.8086825 ], [ 39.2545682, -6.8087598 ], [ 39.2546382, -6.8087424 ], [ 39.2546581, -6.8087111 ], [ 39.2546487, -6.8086729 ], [ 39.2546195, -6.8086265 ] ] ] } },
{ "type": "Feature", "properties": { "index": "991", "@osmId": "way/1367655421", "name": null, "opening_hours": null, "label": "Forests & woodland", "color": "#006837" }, "geometry": { "type": "Polygon", "coordinates": [ [ [ 39.2548443, -6.8084577 ], [ 39.2548192, -6.8084445 ], [ 39.2547795, -6.8084943 ], [ 39.2548351, -6.8086059 ], [ 39.2548845, -6.8085766 ], [ 39.2548986, -6.8085546 ], [ 39.2548883, -6.8085072 ], [ 39.2548443, -6.8084577 ] ] ] } },
{ "type": "Feature", "properties": { "index": "992", "@osmId": "way/1368048689", "name": null, "opening_hours": null, "label": "Forests & woodland", "color": "#006837" }, "geometry": { "type": "Polygon", "coordinates": [ [ [ 39.2605426, -6.8078644 ], [ 39.2605239, -6.8078418 ], [ 39.260486, -6.8078386 ], [ 39.2604501, -6.8078525 ], [ 39.2604387, -6.8079051 ], [ 39.2604434, -6.8079463 ], [ 39.2604702, -6.8079723 ], [ 39.2605118, -6.8079816 ], [ 39.2605406, -6.807961 ], [ 39.2605473, -6.8079317 ], [ 39.2605661, -6.8078931 ], [ 39.2605426, -6.8078644 ] ] ] } },
{ "type": "Feature", "properties": { "index": "993", "@osmId": "way/1368048690", "name": null, "opening_hours": null, "label": "Forests & woodland", "color": "#006837" }, "geometry": { "type": "Polygon", "coordinates": [ [ [ 39.2606204, -6.8078778 ], [ 39.2606104, -6.8079051 ], [ 39.2605814, -6.8079314 ], [ 39.2605849, -6.807979 ], [ 39.2606003, -6.8079936 ], [ 39.2606271, -6.8080083 ], [ 39.260654, -6.8079969 ], [ 39.2606741, -6.8079597 ], [ 39.2606875, -6.807927 ], [ 39.2606747, -6.8079052 ], [ 39.2606519, -6.8078778 ], [ 39.2606204, -6.8078778 ] ] ] } },
{ "type": "Feature", "properties": { "index": "994", "@osmId": "way/1368048691", "name": null, "opening_hours": null, "label": "Forests & woodland", "color": "#006837" }, "geometry": { "type": "Polygon", "coordinates": [ [ [ 39.2607693, -6.8077592 ], [ 39.2607498, -6.8077672 ], [ 39.2607371, -6.8077992 ], [ 39.2607291, -6.8078165 ], [ 39.2607331, -6.8078272 ], [ 39.2607237, -6.8078505 ], [ 39.2607143, -6.8078771 ], [ 39.2607317, -6.8079091 ], [ 39.2607525, -6.8079071 ], [ 39.2607612, -6.8079237 ], [ 39.2607767, -6.8079324 ], [ 39.2607789, -6.8079447 ], [ 39.2607961, -6.807937 ], [ 39.2607961, -6.807913 ], [ 39.2608203, -6.8079004 ], [ 39.2608189, -6.8078778 ], [ 39.2608082, -6.8078631 ], [ 39.2608182, -6.8078311 ], [ 39.2608283, -6.8078045 ], [ 39.2608223, -6.8077752 ], [ 39.2608022, -6.8077532 ], [ 39.2607693, -6.8077592 ] ] ] } },
{ "type": "Feature", "properties": { "index": "995", "@osmId": "way/1368055835", "name": null, "opening_hours": null, "label": "Forests & woodland", "color": "#006837" }, "geometry": { "type": "Polygon", "coordinates": [ [ [ 39.2648128, -6.8086296 ], [ 39.2647711, -6.8086464 ], [ 39.264763, -6.8086638 ], [ 39.2647694, -6.8087016 ], [ 39.2647562, -6.8087359 ], [ 39.2647712, -6.808749 ], [ 39.2647978, -6.8087605 ], [ 39.2648349, -6.8087631 ], [ 39.2648519, -6.8087594 ], [ 39.2648815, -6.808664 ], [ 39.2648359, -6.8086286 ], [ 39.2648128, -6.8086296 ] ] ] } },
{ "type": "Feature", "properties": { "index": "996", "@osmId": "way/1368055836", "name": null, "opening_hours": null, "label": "Forests & woodland", "color": "#006837" }, "geometry": { "type": "Polygon", "coordinates": [ [ [ 39.2649614, -6.8082437 ], [ 39.2649627, -6.8082626 ], [ 39.2649587, -6.808274 ], [ 39.2649521, -6.808285 ], [ 39.2649362, -6.808277 ], [ 39.2649198, -6.8082889 ], [ 39.2649207, -6.8082981 ], [ 39.264934, -6.8083166 ], [ 39.2649915, -6.8083425 ], [ 39.2650162, -6.80835 ], [ 39.2650319, -6.8083459 ], [ 39.2650485, -6.8083188 ], [ 39.2650481, -6.8082889 ], [ 39.2650189, -6.8082915 ], [ 39.2650105, -6.8082959 ], [ 39.2650109, -6.8082551 ], [ 39.2649946, -6.8082538 ], [ 39.2649946, -6.8082397 ], [ 39.2649614, -6.8082437 ] ] ] } },
{ "type": "Feature", "properties": { "index": "997", "@osmId": "way/738304981", "name": null, "opening_hours": null, "label": "Forests & woodland", "color": "#006837" }, "geometry": { "type": "Polygon", "coordinates": [ [ [ 39.2824453, -6.8269098 ], [ 39.2824095, -6.8269255 ], [ 39.2823752, -6.8269398 ], [ 39.2823221, -6.8269482 ], [ 39.2823112, -6.8270081 ], [ 39.2824042, -6.8270573 ], [ 39.2825166, -6.826911 ], [ 39.2824453, -6.8269098 ] ] ] } },
{ "type": "Feature", "properties": { "index": "998", "@osmId": "way/738304982", "name": null, "opening_hours": null, "label": "Forests & woodland", "color": "#006837" }, "geometry": { "type": "Polygon", "coordinates": [ [ [ 39.282734, -6.826911 ], [ 39.2825854, -6.8269038 ], [ 39.2826229, -6.8269866 ], [ 39.2826893, -6.826959 ], [ 39.282734, -6.826911 ] ] ] } },
{ "type": "Feature", "properties": { "index": "999", "@osmId": "way/769690368", "name": null, "opening_hours": null, "label": "Forests & woodland", "color": "#006837" }, "geometry": { "type": "Polygon", "coordinates": [ [ [ 39.2811093, -6.8236833 ], [ 39.2810596, -6.8237166 ], [ 39.2810436, -6.8237925 ], [ 39.2811401, -6.8237938 ], [ 39.2811777, -6.8237126 ], [ 39.2811656, -6.823678 ], [ 39.2811093, -6.8236833 ] ] ] } },
{ "type": "Feature", "properties": { "index": "1000", "@osmId": "way/769690789", "name": null, "opening_hours": null, "label": "Forests & woodland", "color": "#006837" }, "geometry": { "type": "Polygon", "coordinates": [ [ [ 39.2845753, -6.8223857 ], [ 39.2845399, -6.8223445 ], [ 39.284452, -6.8224191 ], [ 39.2844874, -6.8224602 ], [ 39.2845753, -6.8223857 ] ] ] } },
{ "type": "Feature", "properties": { "index": "1001", "@osmId": "way/769690790", "name": null, "opening_hours": null, "label": "Forests & woodland", "color": "#006837" }, "geometry": { "type": "Polygon", "coordinates": [ [ [ 39.2845503, -6.8225512 ], [ 39.284535, -6.8225652 ], [ 39.2845687, -6.8226017 ], [ 39.2846073, -6.8226768 ], [ 39.2846748, -6.8225846 ], [ 39.2846317, -6.8225378 ], [ 39.284577, -6.8225633 ], [ 39.2845503, -6.8225512 ] ] ] } },
{ "type": "Feature", "properties": { "index": "1002", "@osmId": "way/769691197", "name": null, "opening_hours": null, "label": "Forests & woodland", "color": "#006837" }, "geometry": { "type": "Polygon", "coordinates": [ [ [ 39.2812756, -6.8236647 ], [ 39.2812367, -6.8235155 ], [ 39.2812018, -6.8235621 ], [ 39.2812501, -6.8237193 ], [ 39.281297, -6.8237579 ], [ 39.2813413, -6.8237619 ], [ 39.2813292, -6.8236953 ], [ 39.281293, -6.8236806 ], [ 39.2812756, -6.8236647 ] ] ] } },
{ "type": "Feature", "properties": { "index": "1003", "@osmId": "way/1367642071", "name": null, "opening_hours": null, "label": "Forests & woodland", "color": "#006837" }, "geometry": { "type": "Polygon", "coordinates": [ [ [ 39.2662597, -6.8180308 ], [ 39.265916, -6.817916 ], [ 39.2658775, -6.8180475 ], [ 39.2658624, -6.8181091 ], [ 39.2658758, -6.8181673 ], [ 39.2658104, -6.8182689 ], [ 39.2657601, -6.8182855 ], [ 39.2658104, -6.8183438 ], [ 39.2659244, -6.8183504 ], [ 39.2660166, -6.818402 ], [ 39.2660619, -6.818452 ], [ 39.2661122, -6.8182805 ], [ 39.2661205, -6.8182039 ], [ 39.2661842, -6.8180791 ], [ 39.2662597, -6.8180308 ] ] ] } },
{ "type": "Feature", "properties": { "index": "1004", "@osmId": "way/1368059087", "name": null, "opening_hours": null, "label": "Forests & woodland", "color": "#006837" }, "geometry": { "type": "Polygon", "coordinates": [ [ [ 39.2665229, -6.8202605 ], [ 39.2665248, -6.8206861 ], [ 39.2666935, -6.8203208 ], [ 39.2666822, -6.8202662 ], [ 39.2665229, -6.8202605 ] ] ] } },
{ "type": "Feature", "properties": { "index": "1005", "@osmId": "way/1005222733", "name": null, "opening_hours": null, "label": "Forests & woodland", "color": "#006837" }, "geometry": { "type": "Polygon", "coordinates": [ [ [ 39.2738512, -6.7990959 ], [ 39.2738512, -6.7994395 ], [ 39.2763639, -6.7972323 ], [ 39.2766684, -6.796388 ], [ 39.2767355, -6.7957781 ], [ 39.2770104, -6.7954678 ], [ 39.2774181, -6.7957981 ], [ 39.2777904, -6.7958578 ], [ 39.2781035, -6.7960377 ], [ 39.2790524, -6.7968054 ], [ 39.2795077, -6.7961428 ], [ 39.2803726, -6.7968265 ], [ 39.2812426, -6.79696 ], [ 39.2815083, -6.7969644 ], [ 39.2806925, -6.7948578 ], [ 39.2801663, -6.793002 ], [ 39.2798656, -6.7931586 ], [ 39.279667, -6.7933996 ], [ 39.2796366, -6.7933534 ], [ 39.27901, -6.7935552 ], [ 39.2783679, -6.7936768 ], [ 39.2782022, -6.7936215 ], [ 39.277927, -6.7937083 ], [ 39.2777213, -6.7937272 ], [ 39.2774626, -6.793751 ], [ 39.2771302, -6.7935912 ], [ 39.2768028, -6.7931403 ], [ 39.2764608, -6.7931604 ], [ 39.2759554, -6.7931704 ], [ 39.2757856, -6.7931731 ], [ 39.275538, -6.7931771 ], [ 39.2751803, -6.7931651 ], [ 39.2751238, -6.7931546 ], [ 39.2750484, -6.7931607 ], [ 39.2750292, -6.7931601 ], [ 39.274944, -6.7931572 ], [ 39.2747658, -6.7937639 ], [ 39.2746049, -6.7945949 ], [ 39.2747685, -6.7956176 ], [ 39.2749375, -6.7968347 ], [ 39.2747766, -6.7971091 ], [ 39.2744467, -6.7978069 ], [ 39.273988, -6.7980865 ], [ 39.2738512, -6.7985899 ], [ 39.2738512, -6.7990959 ] ] ] } },
{ "type": "Feature", "properties": { "index": "1006", "@osmId": "way/1366758586", "name": null, "opening_hours": null, "label": "Forests & woodland", "color": "#006837" }, "geometry": { "type": "Polygon", "coordinates": [ [ [ 39.270625, -6.8023613 ], [ 39.2704916, -6.8023552 ], [ 39.2704697, -6.8023996 ], [ 39.270428, -6.8024094 ], [ 39.2703909, -6.8023913 ], [ 39.2703681, -6.8024229 ], [ 39.2703227, -6.8024455 ], [ 39.2703257, -6.8025027 ], [ 39.2703121, -6.802544 ], [ 39.2702894, -6.8025914 ], [ 39.2703128, -6.8026433 ], [ 39.2703128, -6.8026764 ], [ 39.2702848, -6.8026892 ], [ 39.2702735, -6.8027411 ], [ 39.2702825, -6.8027893 ], [ 39.2703121, -6.8028021 ], [ 39.2703083, -6.8028261 ], [ 39.2703045, -6.8028953 ], [ 39.2702742, -6.8029224 ], [ 39.2702712, -6.8030225 ], [ 39.2703235, -6.8030578 ], [ 39.2703318, -6.8031218 ], [ 39.2702825, -6.8031195 ], [ 39.2702394, -6.8031639 ], [ 39.2702469, -6.8032083 ], [ 39.2701939, -6.8032376 ], [ 39.2700848, -6.8032361 ], [ 39.2700651, -6.803306 ], [ 39.2700712, -6.8033783 ], [ 39.2702833, -6.8035069 ], [ 39.2703038, -6.8033715 ], [ 39.2703257, -6.8033151 ], [ 39.2703674, -6.8031812 ], [ 39.2703992, -6.8030736 ], [ 39.270381, -6.8030578 ], [ 39.2703863, -6.8030052 ], [ 39.2704015, -6.8029894 ], [ 39.2704394, -6.8029224 ], [ 39.27045, -6.8028397 ], [ 39.2704341, -6.8027028 ], [ 39.2704477, -6.8026102 ], [ 39.2704818, -6.8026057 ], [ 39.2704856, -6.8025869 ], [ 39.2705045, -6.8025651 ], [ 39.2705515, -6.8025222 ], [ 39.2705704, -6.8024636 ], [ 39.2706106, -6.8024636 ], [ 39.270625, -6.8023613 ] ] ] } },
{ "type": "Feature", "properties": { "index": "1007", "@osmId": "way/1367643483", "name": null, "opening_hours": null, "label": "Forests & woodland", "color": "#006837" }, "geometry": { "type": "Polygon", "coordinates": [ [ [ 39.2715591, -6.8088219 ], [ 39.2715825, -6.8085373 ], [ 39.2714099, -6.8087187 ], [ 39.2713411, -6.8088203 ], [ 39.2713026, -6.8089018 ], [ 39.2713478, -6.8089301 ], [ 39.2714601, -6.8089551 ], [ 39.2715037, -6.8088136 ], [ 39.2715591, -6.8088219 ] ] ] } },
{ "type": "Feature", "properties": { "index": "1008", "@osmId": "way/1368019913", "name": null, "opening_hours": null, "label": "Forests & woodland", "color": "#006837" }, "geometry": { "type": "Polygon", "coordinates": [ [ [ 39.2712112, -6.8008116 ], [ 39.2709984, -6.8012757 ], [ 39.2712644, -6.8013511 ], [ 39.2715342, -6.8011021 ], [ 39.271424, -6.8008455 ], [ 39.2712112, -6.8008116 ] ] ] } },
{ "type": "Feature", "properties": { "index": "1009", "@osmId": "way/1368019914", "name": null, "opening_hours": null, "label": "Forests & woodland", "color": "#006837" }, "geometry": { "type": "Polygon", "coordinates": [ [ [ 39.2718215, -6.8013476 ], [ 39.2706415, -6.8021492 ], [ 39.2704397, -6.8024498 ], [ 39.2718525, -6.8024575 ], [ 39.2718641, -6.8021955 ], [ 39.2718215, -6.8013476 ] ] ] } },
{ "type": "Feature", "properties": { "index": "1010", "@osmId": "way/1368044963", "name": null, "opening_hours": null, "label": "Forests & woodland", "color": "#006837" }, "geometry": { "type": "Polygon", "coordinates": [ [ [ 39.2663338, -6.8009299 ], [ 39.2663157, -6.8009339 ], [ 39.266311, -6.8009532 ], [ 39.2662882, -6.8009659 ], [ 39.2662962, -6.8009998 ], [ 39.2662996, -6.8010258 ], [ 39.2663411, -6.8010338 ], [ 39.2663545, -6.8010111 ], [ 39.2663478, -6.8009838 ], [ 39.2663613, -6.8009625 ], [ 39.2663586, -6.8009459 ], [ 39.2663338, -6.8009299 ] ] ] } },
{ "type": "Feature", "properties": { "index": "1011", "@osmId": "way/1368045953", "name": null, "opening_hours": null, "label": "Forests & woodland", "color": "#006837" }, "geometry": { "type": "Polygon", "coordinates": [ [ [ 39.267528, -6.7998192 ], [ 39.2675198, -6.7998111 ], [ 39.2674813, -6.7997983 ], [ 39.267479, -6.7998308 ], [ 39.2674942, -6.7998493 ], [ 39.2674839, -6.7998784 ], [ 39.2674638, -6.7998795 ], [ 39.2674381, -6.7998563 ], [ 39.2674148, -6.7998203 ], [ 39.2673844, -6.7998122 ], [ 39.2673646, -6.7998319 ], [ 39.2673529, -6.7998679 ], [ 39.2673681, -6.7998899 ], [ 39.2673984, -6.7998934 ], [ 39.2674043, -6.7999038 ], [ 39.2674171, -6.799905 ], [ 39.2674299, -6.7998899 ], [ 39.2674451, -6.7998806 ], [ 39.267472, -6.7999017 ], [ 39.2675135, -6.7998817 ], [ 39.2675268, -6.7999026 ], [ 39.2675518, -6.799929 ], [ 39.2675946, -6.7999223 ], [ 39.2676233, -6.7999097 ], [ 39.2676331, -6.7998725 ], [ 39.2676214, -6.7998493 ], [ 39.2676023, -6.7998296 ], [ 39.2675525, -6.7998053 ], [ 39.267528, -6.7998192 ] ] ] } },
{ "type": "Feature", "properties": { "index": "1012", "@osmId": "way/1368052477", "name": null, "opening_hours": null, "label": "Forests & woodland", "color": "#006837" }, "geometry": { "type": "Polygon", "coordinates": [ [ [ 39.266636, -6.8037952 ], [ 39.2666288, -6.8038159 ], [ 39.2665774, -6.8038335 ], [ 39.2665712, -6.8038537 ], [ 39.2666181, -6.8038704 ], [ 39.2666332, -6.8039047 ], [ 39.2666341, -6.803931 ], [ 39.2666969, -6.8039618 ], [ 39.2667509, -6.8039671 ], [ 39.266765, -6.8039205 ], [ 39.2667402, -6.8038792 ], [ 39.2667252, -6.8038116 ], [ 39.2667774, -6.8037799 ], [ 39.2668084, -6.8037483 ], [ 39.2668137, -6.8037079 ], [ 39.2667827, -6.8036842 ], [ 39.2667544, -6.8036798 ], [ 39.2667146, -6.8037219 ], [ 39.2666801, -6.8036973 ], [ 39.2666579, -6.8036982 ], [ 39.2666296, -6.8037316 ], [ 39.2666438, -6.8037606 ], [ 39.266636, -6.8037952 ] ] ] } },
{ "type": "Feature", "properties": { "index": "1013", "@osmId": "node/11228716072", "name": null, "opening_hours": null, "label": "Forests & woodland", "color": "#006837" }, "geometry": { "type": "Point", "coordinates": [ 39.2705201, -6.8342756 ] } },
{ "type": "Feature", "properties": { "index": "1014", "@osmId": "node/12198833385", "name": null, "opening_hours": null, "label": "Forests & woodland", "color": "#006837" }, "geometry": { "type": "Point", "coordinates": [ 39.2833146, -6.7860428 ] } },
{ "type": "Feature", "properties": { "index": "1015", "@osmId": "node/11228716073", "name": null, "opening_hours": null, "label": "Forests & woodland", "color": "#006837" }, "geometry": { "type": "Point", "coordinates": [ 39.2702921, -6.8346591 ] } },
{ "type": "Feature", "properties": { "index": "1016", "@osmId": "node/11228716074", "name": null, "opening_hours": null, "label": "Forests & woodland", "color": "#006837" }, "geometry": { "type": "Point", "coordinates": [ 39.2702465, -6.8345925 ] } }
]
}
