uuid;ts;iso_code;country;city;download_raster;download_vector
5cf4f640-854f-4a32-b352-aa0c4379763c;2024-12-05 13:39:18.000;CZ;Czechia;Prague;;2024-12-05 13:40:27.000
9f14539e-7bff-4262-b028-71834ff6b289;2024-12-05 13:43:33.000;CZ;Czechia;Prague;;2024-12-05 13:44:09.000
bb165b61-67e9-41ee-b85e-61058f2af7c2;2024-12-05 13:44:17.000;CZ;Czechia;Prague;;2024-12-05 13:44:50.000
373da16f-ff10-4286-9eae-6ad569b57fe4;2024-12-05 13:45:02.000;CZ;Czechia;Prague;;2024-12-05 13:45:35.000
05c92d8b-8a6f-4c1a-a115-57c4ee1b1be8;2024-12-05 13:45:44.000;CZ;Czechia;Prague;;2024-12-05 13:46:17.000
d5fb0792-97e3-4199-889d-3872c07264e9;2024-12-05 13:46:28.000;CZ;Czechia;Prague;;2024-12-05 13:46:58.000
eb351e50-a82e-4091-adf3-b866ead336fd;2024-12-05 13:47:09.000;CZ;Czechia;Prague;;2024-12-05 13:47:33.000
5ce32f53-8024-422a-a724-4e34dd0829a9;2024-12-05 13:48:04.000;CZ;Czechia;Prague;;2024-12-05 13:48:50.000
649f8563-38a5-472c-8c80-36e7dda3f93f;2024-12-05 13:48:59.000;CZ;Czechia;Prague;;2024-12-05 13:49:59.000
fd9bd577-f521-45ad-a38a-9fed93e276ee;2024-12-05 13:50:09.000;CZ;Czechia;Prague;;2024-12-05 13:50:38.000
95bf5058-c7e8-4b5a-9a27-7e68b3e2e4c0;2024-12-05 16:48:46.000;US;United States;Las Vegas;2024-12-05 16:49:00.000;
5df1c3ec-fa94-41ef-8de0-7667542d9fe7;2024-12-09 15:01:57.000;US;United States;Mobile;2024-12-09 15:09:43.000;2024-12-09 15:02:31.000
90b1dfda-51d8-41e6-95ab-e575e6f19fb1;2024-12-09 15:44:26.000;CZ;Czechia;Mnichovo Hradiště;;2024-12-09 15:52:03.000
178a9e21-f697-48b2-9104-4b1d1b7b49c5;2024-12-09 16:04:06.000;CO;Colombia;Ibagué;2024-12-09 16:04:30.000;2024-12-09 16:09:33.000
b024840f-91b7-493c-a283-525b7dd96589;2024-12-09 16:25:11.000;CZ;Czechia;Mnichovo Hradiště;;2024-12-09 16:28:19.000
a608b2df-f068-49dc-a930-4268fd13650b;2024-12-09 16:28:57.000;CZ;Czechia;Mnichovo Hradiště;;2024-12-09 16:31:42.000
74f7f63b-a0a0-4633-b822-857f31cfc893;2024-12-09 20:30:41.000;CO;Colombia;Ibagué;2024-12-09 20:36:19.000;2024-12-09 20:31:37.000
b6350212-6d20-4cf5-93ee-352ac1c1f642;2024-12-09 20:32:12.000;CO;Colombia;Ibagué;;2024-12-09 20:33:39.000
b6350212-6d20-4cf5-93ee-352ac1c1f642;2024-12-09 20:32:17.000;US;United States;None;;2024-12-09 20:33:39.000
32c4fa87-f5be-4e66-9765-4bdd67564125;2024-12-09 20:32:25.000;CO;Colombia;Medellín;;2024-12-09 20:34:14.000
f819bade-79d4-49cb-bc90-29fb9c816205;2024-12-09 20:44:08.000;CO;Colombia;Ibagué;;2024-12-09 20:49:33.000
f2ebd1bb-9655-42d6-94cf-d0a8a53c66de;2024-12-09 20:45:29.000;CO;Colombia;Bogotá;2024-12-09 20:45:56.000;2024-12-09 20:46:06.000
c5cd7d8a-1cf3-4609-88c3-5453e13bbe37;2024-12-09 20:46:05.000;CO;Colombia;Ibagué;2024-12-09 20:46:50.000;2024-12-09 20:51:43.000
8ec79f6d-7cec-430a-a5be-cda5ad987adf;2024-12-09 20:47:16.000;CO;Colombia;Bogotá;2024-12-09 20:48:10.000;2024-12-09 20:48:23.000
8ec79f6d-7cec-430a-a5be-cda5ad987adf;2024-12-09 20:47:16.000;CO;Colombia;Bogotá;2024-12-09 20:48:10.000;2024-12-09 20:52:34.000
8ec79f6d-7cec-430a-a5be-cda5ad987adf;2024-12-09 20:47:16.000;CO;Colombia;Bogotá;2024-12-09 20:52:37.000;2024-12-09 20:52:34.000
8ec79f6d-7cec-430a-a5be-cda5ad987adf;2024-12-09 20:47:16.000;CO;Colombia;Bogotá;2024-12-09 20:52:37.000;2024-12-09 20:48:23.000
8bcf65fc-1770-415e-834a-1eb0094e3503;2024-12-10 10:45:01.000;DE;Germany;Heidelberg;2024-12-10 10:48:57.000;
8bcf65fc-1770-415e-834a-1eb0094e3503;2024-12-10 10:45:01.000;DE;Germany;Heidelberg;2024-12-10 10:45:19.000;
badd6c3f-34cb-4b8d-83d9-eed1fa6a6041;2024-12-10 10:45:09.000;DE;Germany;Heidelberg;2024-12-10 10:45:25.000;2024-12-10 10:47:14.000
badd6c3f-34cb-4b8d-83d9-eed1fa6a6041;2024-12-10 10:45:09.000;DE;Germany;Heidelberg;2024-12-10 10:45:25.000;2024-12-10 10:47:37.000
badd6c3f-34cb-4b8d-83d9-eed1fa6a6041;2024-12-10 10:45:09.000;DE;Germany;Heidelberg;2024-12-10 10:45:25.000;2024-12-10 10:47:44.000
badd6c3f-34cb-4b8d-83d9-eed1fa6a6041;2024-12-10 10:45:09.000;DE;Germany;Heidelberg;2024-12-10 10:53:57.000;2024-12-10 10:47:44.000
badd6c3f-34cb-4b8d-83d9-eed1fa6a6041;2024-12-10 10:45:09.000;DE;Germany;Heidelberg;2024-12-10 10:45:25.000;2024-12-10 10:46:09.000
badd6c3f-34cb-4b8d-83d9-eed1fa6a6041;2024-12-10 10:45:09.000;DE;Germany;Heidelberg;2024-12-10 10:53:57.000;2024-12-10 10:46:09.000
badd6c3f-34cb-4b8d-83d9-eed1fa6a6041;2024-12-10 10:45:09.000;DE;Germany;Heidelberg;2024-12-10 10:53:57.000;2024-12-10 10:47:14.000
badd6c3f-34cb-4b8d-83d9-eed1fa6a6041;2024-12-10 10:45:09.000;DE;Germany;Heidelberg;2024-12-10 10:53:57.000;2024-12-10 10:47:37.000
8bcf65fc-1770-415e-834a-1eb0094e3503;2024-12-10 10:45:35.000;DE;Germany;Heidelberg;2024-12-10 10:48:57.000;
90854e0d-a993-4190-ad5e-b480d421b2c0;2024-12-10 10:45:35.000;DE;Germany;Heidelberg;;2024-12-10 10:47:01.000
8bcf65fc-1770-415e-834a-1eb0094e3503;2024-12-10 10:45:35.000;DE;Germany;Heidelberg;2024-12-10 10:45:19.000;
90854e0d-a993-4190-ad5e-b480d421b2c0;2024-12-10 10:45:36.000;US;United States;Boardman;;2024-12-10 10:47:01.000
90854e0d-a993-4190-ad5e-b480d421b2c0;2024-12-10 10:45:37.000;US;United States;Boardman;;2024-12-10 10:47:01.000
32450620-8c13-4fa1-aacc-1659c0853880;2024-12-10 10:46:15.000;DE;Germany;Heidelberg;2024-12-10 10:46:39.000;2024-12-10 10:52:04.000
1e25f0d5-788d-411e-af9d-6106e7688dea;2024-12-10 10:47:34.000;DE;Germany;Heidelberg;2024-12-10 10:48:03.000;2024-12-10 10:48:09.000
6fee6a5e-16e2-468f-9c76-caaca4c25bdd;2024-12-10 10:49:10.000;DE;Germany;Heidelberg;2024-12-10 10:49:27.000;2024-12-10 10:50:29.000
ec024f17-2077-4310-9f13-dc25348e644c;2024-12-10 10:49:14.000;DE;Germany;Oberursel;2024-12-10 10:49:33.000;
ec024f17-2077-4310-9f13-dc25348e644c;2024-12-10 10:49:59.000;DE;Germany;Oberursel;2024-12-10 10:49:33.000;
3f0f9bd4-35b9-4162-b8ff-270447b51e68;2024-12-10 10:50:26.000;DE;Germany;Heidelberg;2024-12-10 10:53:08.000;2024-12-10 10:50:49.000
0d07783b-cc23-4b71-b065-ce4240329632;2024-12-10 10:50:49.000;DE;Germany;Oberursel;2024-12-10 10:50:54.000;2024-12-10 10:51:09.000
0d07783b-cc23-4b71-b065-ce4240329632;2024-12-10 10:50:49.000;DE;Germany;Oberursel;2024-12-10 10:53:11.000;2024-12-10 10:51:09.000
5d77f691-6228-4885-aea7-89af228d50e7;2024-12-10 10:51:16.000;DE;Germany;Heidelberg;2024-12-10 10:51:35.000;2024-12-10 10:52:31.000
132ce9c2-ceee-4d23-911e-472eb7d69442;2024-12-10 10:51:20.000;DE;Germany;Heidelberg;2024-12-10 10:51:32.000;
68fbfaf3-7e7c-4907-b913-ca648c7136e6;2024-12-10 10:51:43.000;DE;Germany;Heidelberg;;2024-12-10 10:52:55.000
511a96b5-1163-42a1-a4d1-1ba1360ce09d;2024-12-10 10:51:55.000;DE;Germany;Heidelberg;2024-12-10 10:52:17.000;2024-12-10 10:57:53.000
c1317beb-d64d-487c-bf23-84d1d657c305;2024-12-10 10:52:18.000;DE;Germany;Heidelberg;2024-12-10 10:52:55.000;2024-12-10 10:53:30.000
c1317beb-d64d-487c-bf23-84d1d657c305;2024-12-10 10:52:18.000;DE;Germany;Heidelberg;2024-12-10 10:52:55.000;2024-12-10 10:54:43.000
9f01d99d-f259-41b8-a9f9-7b0bb237d0bb;2024-12-10 10:53:37.000;DE;Germany;Heidelberg;2024-12-10 10:54:24.000;2024-12-10 10:54:31.000
dbdcd111-e707-4c13-bd43-7e3536260d67;2024-12-10 10:53:38.000;DE;Germany;Heidelberg;2024-12-10 10:53:59.000;2024-12-10 10:54:29.000
292ec63b-d25e-438f-9594-8540081d3bc2;2024-12-10 10:55:09.000;DE;Germany;Oberursel;;
6f87115f-7e51-4869-a94e-51619ba5b47f;2024-12-10 10:55:12.000;DE;Germany;Heidelberg;2024-12-10 10:55:52.000;
ca6f0e28-683a-44bc-b0a0-ba0fe37e9b2f;2024-12-10 10:57:22.000;DE;Germany;Heidelberg;2024-12-10 10:57:53.000;2024-12-10 10:57:55.000
ca6f0e28-683a-44bc-b0a0-ba0fe37e9b2f;2024-12-10 10:57:24.000;US;United States;Boardman;2024-12-10 10:57:53.000;2024-12-10 10:57:55.000
d2399563-fb8e-4d71-80c8-8c014720efb4;2024-12-10 10:57:34.000;DE;Germany;Heidelberg;;2024-12-10 10:58:01.000
511a96b5-1163-42a1-a4d1-1ba1360ce09d;2024-12-10 10:57:44.000;DE;Germany;Heidelberg;2024-12-10 10:52:17.000;2024-12-10 10:57:53.000
cd00ec89-fdcd-4b8b-a85f-166f49998c35;2024-12-10 10:58:51.000;DE;Germany;Heidelberg;2024-12-10 10:59:01.000;2024-12-10 10:59:52.000
bc795da8-362c-43cd-b078-c799ec847a5d;2024-12-10 10:59:28.000;DE;Germany;Heidelberg;2024-12-10 10:59:50.000;
bc795da8-362c-43cd-b078-c799ec847a5d;2024-12-10 11:30:26.000;US;United States;New York;2024-12-10 10:59:50.000;
e32ea319-4905-4cd7-8f4f-6f23cd247d97;2024-12-10 12:51:41.000;DE;Germany;Heidelberg;2024-12-10 12:51:57.000;2024-12-10 12:52:07.000
bb5c1790-d623-480a-a780-5b7ce945f5eb;2024-12-10 13:07:55.000;CZ;Czechia;Mnichovo Hradiště;;2024-12-10 13:08:28.000
46d0c936-2dd9-46af-ab09-2415a495636c;2024-12-10 13:18:44.000;CZ;Czechia;Mnichovo Hradiště;;2024-12-10 13:20:28.000
d9384f39-9223-4a57-8330-67f7b2a2a0ae;2024-12-10 13:30:09.000;CZ;Czechia;Mnichovo Hradiště;;2024-12-10 13:31:02.000
212fba42-9b34-47ed-be86-588501a538b8;2024-12-10 13:32:31.000;CZ;Czechia;Mnichovo Hradiště;;2024-12-10 13:33:09.000
83a658b2-0886-44f1-9b8c-e14399a68749;2024-12-10 13:37:52.000;CZ;Czechia;Mnichovo Hradiště;;2024-12-10 13:38:22.000
0d26c11f-0465-4405-b20a-3d223a519e7f;2024-12-10 13:40:06.000;CZ;Czechia;Mnichovo Hradiště;;2024-12-10 13:40:35.000
e032ee9a-97cb-473b-a5d3-e3259e59e2c5;2024-12-10 15:26:26.000;CZ;Czechia;Prague;;2024-12-10 15:27:58.000
6c1bf80d-1bc5-4da6-8216-6098c3b0481d;2024-12-10 15:38:53.000;CZ;Czechia;Prague;;
23294e75-8e18-4c7e-bde3-1dca5b64b827;2024-12-10 15:42:16.000;CZ;Czechia;Prague;;
23294e75-8e18-4c7e-bde3-1dca5b64b827;2024-12-10 15:48:47.000;CZ;Czechia;Prague;;
14e4ec7e-4af9-4213-9fb7-e1301ca1f42c;2024-12-10 15:49:31.000;CZ;Czechia;Prague;;2024-12-10 15:50:07.000
53b39d6d-55b6-467b-96ec-2c3dbda2df8c;2024-12-10 15:53:48.000;CZ;Czechia;Prague;;2024-12-10 15:54:46.000
d58b7269-e7ec-4ee7-a771-4df043af3a9c;2024-12-10 16:00:19.000;CZ;Czechia;Prague;;2024-12-10 16:01:45.000
4103546b-08e1-4539-9bb2-91448bbad7ec;2024-12-10 16:03:11.000;CZ;Czechia;Prague;;
d92b160d-60bc-4540-9211-d8c053354395;2024-12-10 16:06:19.000;CZ;Czechia;Prague;;2024-12-10 16:06:59.000
2cb1a3f4-0ead-4654-ab48-a4cbe8f86983;2024-12-10 16:10:10.000;CZ;Czechia;Prague;;2024-12-10 16:10:45.000
fb1987c2-9f09-4c19-abd8-871c3e2debf0;2024-12-10 16:14:53.000;CZ;Czechia;Prague;;2024-12-10 16:15:30.000
3283ac95-e54d-4a35-ae84-0d58add67b75;2024-12-10 16:18:00.000;CZ;Czechia;Prague;;2024-12-10 16:21:22.000
caebecbc-bdf5-4e3e-b5b2-14191817e55a;2024-12-10 16:33:35.000;CZ;Czechia;Prague;;
caebecbc-bdf5-4e3e-b5b2-14191817e55a;2024-12-10 16:41:35.000;CZ;Czechia;Prague;;
26362ba2-1b28-46ec-ac7c-b430094c4b7b;2024-12-10 16:42:23.000;CZ;Czechia;Prague;;2024-12-10 16:42:55.000
9d2b9b4c-5ca6-4442-a659-3fb0732d7e02;2024-12-10 16:53:25.000;CZ;Czechia;Prague;;2024-12-10 16:53:58.000
32c4fa87-f5be-4e66-9765-4bdd67564125;2024-12-10 17:20:40.000;CO;Colombia;Ibagué;;2024-12-09 20:34:14.000
32c4fa87-f5be-4e66-9765-4bdd67564125;2024-12-10 17:20:45.000;US;United States;None;;2024-12-09 20:34:14.000
8ec79f6d-7cec-430a-a5be-cda5ad987adf;2024-12-10 20:08:41.000;CO;Colombia;Bogotá;2024-12-09 20:48:10.000;2024-12-09 20:52:34.000
8ec79f6d-7cec-430a-a5be-cda5ad987adf;2024-12-10 20:08:41.000;CO;Colombia;Bogotá;2024-12-09 20:52:37.000;2024-12-09 20:48:23.000
8ec79f6d-7cec-430a-a5be-cda5ad987adf;2024-12-10 20:08:41.000;CO;Colombia;Bogotá;2024-12-09 20:52:37.000;2024-12-09 20:52:34.000
8ec79f6d-7cec-430a-a5be-cda5ad987adf;2024-12-10 20:08:41.000;CO;Colombia;Bogotá;2024-12-09 20:48:10.000;2024-12-09 20:48:23.000
8ec79f6d-7cec-430a-a5be-cda5ad987adf;2024-12-10 20:10:47.000;CO;Colombia;Bogotá;2024-12-09 20:48:10.000;2024-12-09 20:52:34.000
8ec79f6d-7cec-430a-a5be-cda5ad987adf;2024-12-10 20:10:47.000;CO;Colombia;Bogotá;2024-12-09 20:52:37.000;2024-12-09 20:48:23.000
8ec79f6d-7cec-430a-a5be-cda5ad987adf;2024-12-10 20:10:47.000;CO;Colombia;Bogotá;2024-12-09 20:52:37.000;2024-12-09 20:52:34.000
8ec79f6d-7cec-430a-a5be-cda5ad987adf;2024-12-10 20:10:47.000;CO;Colombia;Bogotá;2024-12-09 20:48:10.000;2024-12-09 20:48:23.000
796b0f5f-d251-4f0e-8953-f8ef2ce92519;2024-12-10 20:12:51.000;CO;Colombia;Bogotá;2024-12-10 20:13:05.000;2024-12-10 20:14:07.000
06f4fadb-094f-4d81-814e-4a18bdc3bc5d;2024-12-10 20:15:31.000;CO;Colombia;Ibagué;2024-12-10 20:15:51.000;
06f4fadb-094f-4d81-814e-4a18bdc3bc5d;2024-12-10 20:15:36.000;US;United States;None;2024-12-10 20:15:51.000;
006378bb-8894-42f9-af69-6e3312ddd39a;2024-12-10 20:16:35.000;CO;Colombia;Medellín;2024-12-10 20:17:20.000;
006378bb-8894-42f9-af69-6e3312ddd39a;2024-12-10 20:16:35.000;CO;Colombia;Medellín;2024-12-10 20:26:45.000;
006378bb-8894-42f9-af69-6e3312ddd39a;2024-12-10 20:16:35.000;CO;Colombia;Medellín;2024-12-10 20:26:49.000;
006378bb-8894-42f9-af69-6e3312ddd39a;2024-12-10 20:16:35.000;CO;Colombia;Medellín;2024-12-10 20:26:47.000;
7fb48ed1-49ac-4f79-8474-7eec26bb13d0;2024-12-10 20:19:41.000;CO;Colombia;Ibagué;2024-12-10 20:20:13.000;2024-12-10 20:20:22.000
c493b493-0058-4b5e-b516-c926ce6f063b;2024-12-10 20:19:45.000;CO;Colombia;Medellín;2024-12-10 20:20:41.000;2024-12-10 20:21:11.000
f7e5211b-c70d-46a3-b1b0-cc381fb66c81;2024-12-10 20:20:39.000;CO;Colombia;Ibagué;2024-12-10 20:20:48.000;2024-12-10 20:21:25.000
dcfd22b8-45d6-4aa1-bd44-0164cdda5f49;2024-12-10 20:20:55.000;CO;Colombia;Barranquilla;2024-12-10 20:21:09.000;2024-12-10 20:25:52.000
dcfd22b8-45d6-4aa1-bd44-0164cdda5f49;2024-12-10 20:20:55.000;CO;Colombia;Barranquilla;2024-12-10 20:21:09.000;2024-12-10 20:22:18.000
dcfd22b8-45d6-4aa1-bd44-0164cdda5f49;2024-12-10 20:21:37.000;CO;Colombia;Barranquilla;2024-12-10 20:21:09.000;2024-12-10 20:22:18.000
dcfd22b8-45d6-4aa1-bd44-0164cdda5f49;2024-12-10 20:21:37.000;CO;Colombia;Barranquilla;2024-12-10 20:21:09.000;2024-12-10 20:25:52.000
95c2416d-55e5-4d61-bb18-c789028cb6a3;2024-12-10 20:21:53.000;CO;Colombia;Ibagué;2024-12-10 20:22:01.000;2024-12-10 20:22:18.000
02f2f80a-1f6a-46e9-887e-74f5bcf3d6eb;2024-12-10 20:28:57.000;CO;Colombia;Medellín;2024-12-10 20:29:11.000;2024-12-10 20:52:08.000
a18f552a-1548-404a-8193-349a310bf46b;2024-12-10 20:32:02.000;CO;Colombia;Barranquilla;2024-12-10 20:32:32.000;2024-12-10 20:33:29.000
02f2f80a-1f6a-46e9-887e-74f5bcf3d6eb;2024-12-11 11:23:59.000;CO;Colombia;Quibdó;2024-12-10 20:29:11.000;2024-12-10 20:52:08.000
32c4fa87-f5be-4e66-9765-4bdd67564125;2024-12-11 14:55:49.000;CO;Colombia;Medellín;;2024-12-09 20:34:14.000
32c4fa87-f5be-4e66-9765-4bdd67564125;2024-12-11 14:56:02.000;CO;Colombia;Medellín;;2024-12-09 20:34:14.000
487a2a4c-f10c-4bb8-b2f6-2d554e661b19;2024-12-11 20:03:33.000;CZ;Czechia;Zlín;;2024-12-11 20:04:51.000
e544fc9d-93db-44de-a1eb-abdce0e73996;2024-12-11 20:05:25.000;CZ;Czechia;Zlín;;2024-12-11 20:06:46.000
a53be66c-7be7-4ec3-94dd-132927a3ffb7;2024-12-11 20:07:59.000;CZ;Czechia;Zlín;;2024-12-11 20:08:44.000
b1978a3c-da31-42dd-8c7e-ecaa17c95954;2024-12-11 20:09:02.000;CZ;Czechia;Zlín;;2024-12-11 20:09:37.000
5d3a87a1-34bf-4968-adec-5f5647a3928d;2024-12-11 20:09:54.000;CZ;Czechia;Zlín;;2024-12-11 20:11:29.000
fb9b63fb-0b1b-4209-9a88-ae2557bff776;2024-12-11 20:11:52.000;CZ;Czechia;Zlín;;2024-12-11 20:12:26.000
8f977297-6de4-4717-911a-bc4ee1e7d4f2;2024-12-11 20:13:30.000;CZ;Czechia;Zlín;;2024-12-11 20:13:57.000
cebd183e-cba6-4929-b536-26a88f3e440f;2024-12-11 20:14:13.000;CZ;Czechia;Zlín;;2024-12-11 20:14:43.000
ea7e08a4-c7e2-407f-bef2-582be822e865;2024-12-11 20:15:11.000;CZ;Czechia;Zlín;;2024-12-11 20:16:02.000
ea7e08a4-c7e2-407f-bef2-582be822e865;2024-12-11 20:15:11.000;CZ;Czechia;Zlín;;2024-12-11 20:15:41.000
44e84216-da46-4547-a9c2-761845dc9c04;2024-12-11 20:17:07.000;CZ;Czechia;Zlín;;2024-12-11 20:18:23.000
19bba322-6860-4efe-b818-67ed16bb2af7;2024-12-11 20:31:22.000;CZ;Czechia;Zlín;;2024-12-11 20:32:23.000
56954968-f4a9-41e2-a911-480f74904ff3;2024-12-11 20:51:27.000;IN;India;Lucknow;2024-12-11 20:51:55.000;
24090669-9f7f-45ac-a70e-ce6394fdacf8;2024-12-11 20:52:18.000;IN;India;Lucknow;2024-12-11 20:52:36.000;
308eb89f-c2b4-482e-bb5d-05c971023cde;2024-12-11 21:15:22.000;CO;Colombia;Bogotá;;2024-12-11 21:16:17.000
77929e3b-0dd7-47e3-a4ac-bda0991ff4ce;2024-12-11 23:15:36.000;DE;Germany;Berlin;2024-12-11 23:17:35.000;2024-12-11 23:16:23.000
614ebbb8-d00b-4c77-a817-925cf5a0b073;2024-12-12 13:31:55.000;DE;Germany;Bonn;;2024-12-12 13:32:20.000
f216d6ba-0ae5-4ddc-89ce-c2c2c2621ee9;2024-12-12 13:37:40.000;DE;Germany;Bonn;;
f216d6ba-0ae5-4ddc-89ce-c2c2c2621ee9;2024-12-12 13:45:44.000;DE;Germany;Bonn;;
beac31ad-ce59-49d9-b9c4-99243fe6d031;2024-12-12 13:56:28.000;DE;Germany;Bonn;;2024-12-12 13:57:00.000
8b6f4b58-bb4a-4447-bfab-dc600e1d94fa;2024-12-12 15:50:04.000;CO;Colombia;Medellín;;2024-12-12 15:52:27.000
8b6f4b58-bb4a-4447-bfab-dc600e1d94fa;2024-12-12 15:50:04.000;CO;Colombia;Medellín;;2024-12-12 15:50:47.000
8b6f4b58-bb4a-4447-bfab-dc600e1d94fa;2024-12-12 15:50:04.000;CO;Colombia;Medellín;;2024-12-12 15:52:22.000
8b6f4b58-bb4a-4447-bfab-dc600e1d94fa;2024-12-12 15:50:05.000;US;United States;None;;2024-12-12 15:50:47.000
8b6f4b58-bb4a-4447-bfab-dc600e1d94fa;2024-12-12 15:50:05.000;US;United States;None;;2024-12-12 15:52:22.000
8b6f4b58-bb4a-4447-bfab-dc600e1d94fa;2024-12-12 15:50:05.000;US;United States;None;;2024-12-12 15:52:27.000
31b38fdd-3ca6-45bb-b3a2-91c521778418;2024-12-12 15:51:11.000;CO;Colombia;Medellín;2024-12-12 15:52:27.000;2024-12-12 15:56:49.000
31b38fdd-3ca6-45bb-b3a2-91c521778418;2024-12-12 15:51:11.000;CO;Colombia;Medellín;2024-12-12 15:55:08.000;2024-12-12 15:56:49.000
0c476bcd-bba9-4824-b927-98aa3e33dced;2024-12-12 15:54:48.000;CO;Colombia;Medellín;2024-12-12 15:58:18.000;2024-12-12 15:58:27.000
0c476bcd-bba9-4824-b927-98aa3e33dced;2024-12-12 15:54:52.000;US;United States;None;2024-12-12 15:58:18.000;2024-12-12 15:58:27.000
0c476bcd-bba9-4824-b927-98aa3e33dced;2024-12-12 15:54:53.000;US;United States;None;2024-12-12 15:58:18.000;2024-12-12 15:58:27.000
31b38fdd-3ca6-45bb-b3a2-91c521778418;2024-12-12 15:55:21.000;CO;Colombia;Medellín;2024-12-12 15:52:27.000;2024-12-12 15:56:49.000
31b38fdd-3ca6-45bb-b3a2-91c521778418;2024-12-12 15:55:21.000;CO;Colombia;Medellín;2024-12-12 15:55:08.000;2024-12-12 15:56:49.000
86cb7044-2adb-4b3b-aaa6-f8e4fc9f0a75;2024-12-12 15:55:52.000;CO;Colombia;Quibdó;2024-12-12 15:56:17.000;2024-12-12 15:56:55.000
86cb7044-2adb-4b3b-aaa6-f8e4fc9f0a75;2024-12-12 15:55:52.000;CO;Colombia;Quibdó;2024-12-12 15:56:17.000;2024-12-12 15:56:44.000
17ce5c42-1853-495e-8831-9616c46d1121;2024-12-12 15:58:10.000;CO;Colombia;Medellín;2024-12-12 15:59:07.000;2024-12-12 15:59:23.000
e4b77545-1c5a-4a5b-98d6-dcd45d8a8a5c;2024-12-12 15:59:28.000;CO;Colombia;Quibdó;2024-12-12 15:59:58.000;2024-12-12 16:00:09.000
baf912bb-6885-416b-97ec-73dec62c31b6;2024-12-12 16:03:44.000;CO;Colombia;Quibdó;2024-12-12 16:04:25.000;
baf912bb-6885-416b-97ec-73dec62c31b6;2024-12-12 16:03:44.000;CO;Colombia;Quibdó;2024-12-12 16:04:55.000;
baf912bb-6885-416b-97ec-73dec62c31b6;2024-12-12 16:03:44.000;CO;Colombia;Quibdó;2024-12-12 16:04:54.000;
ded7caf5-2360-4850-a583-64d82d11ebe0;2024-12-12 16:05:39.000;CO;Colombia;Quibdó;;
fe9cacd9-40e9-417a-a8c6-0b16fa7b1fdc;2024-12-12 16:08:24.000;CO;Colombia;Medellín;2024-12-12 16:09:58.000;2024-12-12 16:09:26.000
afa4311f-c4a6-4199-a6a1-9cdd5edcba4d;2024-12-14 11:52:37.000;DE;Germany;Heidelberg;;2024-12-14 12:18:52.000
e9607538-b86e-48f3-b561-f81fa7b348a3;2024-12-14 12:26:18.000;DE;Germany;Heidelberg;;2024-12-14 12:27:05.000
79661267-d22f-43ae-be32-4bbba7b9c88f;2024-12-14 12:27:58.000;DE;Germany;Heidelberg;;2024-12-14 12:28:19.000
cdaa4393-aeab-421f-9ecb-904601602f5d;2024-12-14 12:29:20.000;DE;Germany;Heidelberg;;2024-12-14 12:29:41.000
29455ed1-88a9-48e3-ac95-2aa3df7b471c;2024-12-14 12:30:05.000;DE;Germany;Heidelberg;;2024-12-14 12:30:55.000
1382c9fe-0730-47a0-abb6-48ffb633c31c;2024-12-14 12:31:33.000;DE;Germany;Heidelberg;;2024-12-14 12:31:56.000
051525cf-e4d0-4500-9fce-aa3abc4a77d5;2024-12-14 12:32:23.000;DE;Germany;Heidelberg;;2024-12-14 12:35:19.000
4884973d-4fc1-40b7-ab41-dedb8a689aff;2024-12-14 12:36:10.000;DE;Germany;Heidelberg;;2024-12-14 12:36:45.000
8713d083-99cf-4fde-92c1-c6067eb6f52a;2024-12-14 12:37:01.000;DE;Germany;Heidelberg;;2024-12-14 12:37:24.000
617f0f93-163a-4315-8cae-fc6dd7f73d49;2024-12-14 12:37:36.000;DE;Germany;Heidelberg;;2024-12-14 12:38:22.000
dd6dba9e-e022-46e1-9589-40fd3047a3c2;2024-12-14 12:38:30.000;DE;Germany;Heidelberg;;2024-12-14 12:39:51.000
b99eb0c0-250c-4b49-a36e-5ea196516ccd;2024-12-14 12:40:14.000;DE;Germany;Heidelberg;;2024-12-14 12:41:49.000
7853fc33-c715-4f9c-9f2e-83a7b0771d6a;2024-12-14 12:42:02.000;DE;Germany;Heidelberg;;2024-12-14 12:42:49.000
a05399fa-ecb4-429f-97a1-48245d2db747;2024-12-14 12:42:58.000;DE;Germany;Heidelberg;;2024-12-14 12:44:06.000
46264121-981f-4608-a0a0-26d1aadb9ce4;2024-12-14 12:44:34.000;DE;Germany;Heidelberg;;2024-12-14 12:45:18.000
0df04d28-6bcf-4737-ba44-26f4d08d527f;2024-12-14 12:46:02.000;DE;Germany;Heidelberg;;2024-12-14 12:46:27.000
4b6874bf-b072-44b0-a234-7245d8e352a0;2024-12-14 12:46:43.000;DE;Germany;Heidelberg;;2024-12-14 12:47:06.000
09935ab7-dd9a-40a8-aefe-9df51fce68ad;2024-12-14 12:47:25.000;DE;Germany;Heidelberg;;2024-12-14 12:47:56.000
729ad084-5cb1-4629-8a47-0eb56bd9bcce;2024-12-14 12:48:19.000;DE;Germany;Heidelberg;;2024-12-14 12:49:14.000
40cc37d4-127b-428e-9ad9-8dbd6ed6d6d7;2024-12-14 12:49:43.000;DE;Germany;Heidelberg;;2024-12-14 12:50:14.000
90e04aff-de14-473d-94d5-569270ed99b5;2024-12-14 12:50:49.000;DE;Germany;Heidelberg;;2024-12-14 12:51:13.000
3309d3b5-8380-4e5f-9305-cc436fad82ff;2024-12-14 12:51:42.000;DE;Germany;Heidelberg;;2024-12-14 12:52:06.000
5e6ba525-33a9-4912-80d5-ee9d1f0ef611;2024-12-14 12:52:47.000;DE;Germany;Heidelberg;;2024-12-14 12:53:11.000
afa4311f-c4a6-4199-a6a1-9cdd5edcba4d;2024-12-14 12:52:54.000;DE;Germany;Heidelberg;;2024-12-14 12:18:52.000
02148750-ecda-4aba-b4f6-152c02c1e5b1;2024-12-14 12:53:27.000;DE;Germany;Heidelberg;;2024-12-14 12:53:52.000
fd751649-e69c-4079-90c7-75c2d214ef30;2024-12-14 12:54:09.000;DE;Germany;Heidelberg;;2024-12-14 12:54:36.000
da3a0ce1-af7e-44c8-b785-2f0f7a4791a8;2024-12-14 12:56:18.000;DE;Germany;Heidelberg;;2024-12-14 12:57:18.000
ca7cf973-c4f5-41a5-a59a-d03d724ef1b3;2024-12-14 12:57:32.000;DE;Germany;Heidelberg;;2024-12-14 12:59:07.000
d62de763-e91e-4e0f-99d5-ee125e1cd7a7;2024-12-14 12:59:29.000;DE;Germany;Heidelberg;;2024-12-14 13:00:12.000
a7de3ff6-a6c9-40ee-9c40-cc10f22b78a5;2024-12-14 13:00:23.000;DE;Germany;Heidelberg;;2024-12-14 13:01:07.000
d4a59fb0-b2da-41bf-a240-a5092122efbd;2024-12-14 13:01:19.000;DE;Germany;Heidelberg;;2024-12-14 13:01:48.000
102826c7-8916-4d53-a54c-7d66e00c44b1;2024-12-14 13:02:02.000;DE;Germany;Heidelberg;;2024-12-14 13:02:26.000
48e70d03-ae92-4a60-b48a-cd38070ef357;2024-12-14 13:02:36.000;DE;Germany;Heidelberg;;2024-12-14 13:02:57.000
8ba07ca4-9cb2-4ed4-a5f0-65a036743fa3;2024-12-14 13:03:09.000;DE;Germany;Heidelberg;;2024-12-14 13:04:03.000
e9607538-b86e-48f3-b561-f81fa7b348a3;2024-12-15 11:15:58.000;DE;Germany;Heidelberg;;2024-12-14 12:27:05.000
79661267-d22f-43ae-be32-4bbba7b9c88f;2024-12-15 11:16:01.000;DE;Germany;Heidelberg;;2024-12-14 12:28:19.000
cdaa4393-aeab-421f-9ecb-904601602f5d;2024-12-15 11:16:05.000;DE;Germany;Heidelberg;;2024-12-14 12:29:41.000
29455ed1-88a9-48e3-ac95-2aa3df7b471c;2024-12-15 11:16:12.000;DE;Germany;Heidelberg;;2024-12-14 12:30:55.000
1382c9fe-0730-47a0-abb6-48ffb633c31c;2024-12-15 11:16:15.000;DE;Germany;Heidelberg;;2024-12-14 12:31:56.000
051525cf-e4d0-4500-9fce-aa3abc4a77d5;2024-12-15 11:16:18.000;DE;Germany;Heidelberg;;2024-12-14 12:35:19.000
4884973d-4fc1-40b7-ab41-dedb8a689aff;2024-12-15 11:16:21.000;DE;Germany;Heidelberg;;2024-12-14 12:36:45.000
8713d083-99cf-4fde-92c1-c6067eb6f52a;2024-12-15 11:16:24.000;DE;Germany;Heidelberg;;2024-12-14 12:37:24.000
617f0f93-163a-4315-8cae-fc6dd7f73d49;2024-12-15 11:16:27.000;DE;Germany;Heidelberg;;2024-12-14 12:38:22.000
dd6dba9e-e022-46e1-9589-40fd3047a3c2;2024-12-15 11:16:31.000;DE;Germany;Heidelberg;;2024-12-14 12:39:51.000
b99eb0c0-250c-4b49-a36e-5ea196516ccd;2024-12-15 11:16:34.000;DE;Germany;Heidelberg;;2024-12-14 12:41:49.000
7853fc33-c715-4f9c-9f2e-83a7b0771d6a;2024-12-15 11:16:37.000;DE;Germany;Heidelberg;;2024-12-14 12:42:49.000
a05399fa-ecb4-429f-97a1-48245d2db747;2024-12-15 11:16:40.000;DE;Germany;Heidelberg;;2024-12-14 12:44:06.000
46264121-981f-4608-a0a0-26d1aadb9ce4;2024-12-15 11:16:43.000;DE;Germany;Heidelberg;;2024-12-14 12:45:18.000
0df04d28-6bcf-4737-ba44-26f4d08d527f;2024-12-15 11:16:46.000;DE;Germany;Heidelberg;;2024-12-14 12:46:27.000
4b6874bf-b072-44b0-a234-7245d8e352a0;2024-12-15 11:16:49.000;DE;Germany;Heidelberg;;2024-12-14 12:47:06.000
09935ab7-dd9a-40a8-aefe-9df51fce68ad;2024-12-15 11:16:52.000;DE;Germany;Heidelberg;;2024-12-14 12:47:56.000
729ad084-5cb1-4629-8a47-0eb56bd9bcce;2024-12-15 11:16:55.000;DE;Germany;Heidelberg;;2024-12-14 12:49:14.000
40cc37d4-127b-428e-9ad9-8dbd6ed6d6d7;2024-12-15 11:16:58.000;DE;Germany;Heidelberg;;2024-12-14 12:50:14.000
90e04aff-de14-473d-94d5-569270ed99b5;2024-12-15 11:17:01.000;DE;Germany;Heidelberg;;2024-12-14 12:51:13.000
3309d3b5-8380-4e5f-9305-cc436fad82ff;2024-12-15 11:17:05.000;DE;Germany;Heidelberg;;2024-12-14 12:52:06.000
5e6ba525-33a9-4912-80d5-ee9d1f0ef611;2024-12-15 11:17:08.000;DE;Germany;Heidelberg;;2024-12-14 12:53:11.000
02148750-ecda-4aba-b4f6-152c02c1e5b1;2024-12-15 11:17:11.000;DE;Germany;Heidelberg;;2024-12-14 12:53:52.000
fd751649-e69c-4079-90c7-75c2d214ef30;2024-12-15 11:17:14.000;DE;Germany;Heidelberg;;2024-12-14 12:54:36.000
da3a0ce1-af7e-44c8-b785-2f0f7a4791a8;2024-12-15 11:17:17.000;DE;Germany;Heidelberg;;2024-12-14 12:57:18.000
ca7cf973-c4f5-41a5-a59a-d03d724ef1b3;2024-12-15 11:17:20.000;DE;Germany;Heidelberg;;2024-12-14 12:59:07.000
d62de763-e91e-4e0f-99d5-ee125e1cd7a7;2024-12-15 11:17:23.000;DE;Germany;Heidelberg;;2024-12-14 13:00:12.000
a7de3ff6-a6c9-40ee-9c40-cc10f22b78a5;2024-12-15 11:17:26.000;DE;Germany;Heidelberg;;2024-12-14 13:01:07.000
d4a59fb0-b2da-41bf-a240-a5092122efbd;2024-12-15 11:17:29.000;DE;Germany;Heidelberg;;2024-12-14 13:01:48.000
102826c7-8916-4d53-a54c-7d66e00c44b1;2024-12-15 11:17:32.000;DE;Germany;Heidelberg;;2024-12-14 13:02:26.000
48e70d03-ae92-4a60-b48a-cd38070ef357;2024-12-15 11:17:35.000;DE;Germany;Heidelberg;;2024-12-14 13:02:57.000
8ba07ca4-9cb2-4ed4-a5f0-65a036743fa3;2024-12-15 11:17:39.000;DE;Germany;Heidelberg;;2024-12-14 13:04:03.000
c2f0442a-8f28-4331-a643-e8e8584bd859;2024-12-16 02:53:24.000;DE;Germany;Heidelberg;;2024-12-16 02:54:02.000
a94df8fa-29db-4b75-9f7f-4575430542bf;2024-12-16 10:35:09.000;DE;Germany;Berlin;2024-12-16 10:35:15.000;
0dde0874-96a2-4305-824a-ab5ae9377422;2024-12-16 11:40:05.000;ID;Indonesia;Surabaya;2024-12-16 11:40:23.000;
92f3f693-9fd9-475e-b3d6-bc25d6bdef47;2024-12-16 18:41:12.000;GB;United Kingdom;Cannock;2024-12-16 18:41:53.000;2024-12-16 18:42:02.000
4ff742c6-8b9b-4d89-ac4c-20c753b61c86;2024-12-16 18:46:18.000;GB;United Kingdom;Cannock;2024-12-16 18:48:08.000;
326276f1-3567-43b8-933a-60e8f4ced47a;2024-12-16 19:06:45.000;GB;United Kingdom;Cannock;2024-12-16 19:07:02.000;
3338e91c-8db7-4441-9dc1-52fdc252d1c6;2024-12-17 07:20:11.000;IN;India;Lucknow;;
49406949-817a-4df9-b660-3cee5fb18b37;2024-12-17 07:20:58.000;IN;India;Lucknow;;
d9beb101-bc5a-46dd-8e49-540d7e4deefb;2024-12-18 02:17:06.000;PH;Philippines;Bacoor;;
a6a02117-bfa8-4c4d-b1b9-89b09c2bcc44;2024-12-18 02:17:40.000;PH;Philippines;Bacoor;2024-12-18 02:19:03.000;
a6a02117-bfa8-4c4d-b1b9-89b09c2bcc44;2024-12-18 02:17:40.000;PH;Philippines;Bacoor;2024-12-18 02:17:48.000;
c493b493-0058-4b5e-b516-c926ce6f063b;2024-12-19 16:30:04.000;CO;Colombia;Bogotá;2024-12-10 20:20:41.000;2024-12-10 20:21:11.000
ad04f7ad-a170-4cd4-80e3-b4c50d41b326;2024-12-19 20:18:40.000;CO;Colombia;Bogotá;2024-12-19 20:18:56.000;
fe226d80-96d6-42f5-9a05-665b3974486c;2024-12-20 02:55:09.000;NZ;New Zealand;None;;
65a0d698-23c2-421e-bf69-c09a51037c4c;2024-12-22 08:44:47.000;MY;Malaysia;None;2024-12-22 08:45:04.000;
7655e50d-b817-4344-97e0-06a382c7abe3;2024-12-24 19:20:31.000;IQ;Iraq;Baghdad;2024-12-24 19:20:39.000;
3c57d74b-06f3-4a1f-8f63-efdff1f0c920;2024-12-26 09:54:01.000;IN;India;None;2024-12-26 09:54:13.000;
c100e179-bd46-453a-8aee-64d41fd72d5f;2024-12-26 20:09:45.000;PH;Philippines;Manila;;
d8ae4f27-9986-4a13-928d-4e784c5696d7;2024-12-26 23:48:20.000;PH;Philippines;General Trias;2024-12-26 23:48:36.000;2024-12-26 23:51:38.000
d8ae4f27-9986-4a13-928d-4e784c5696d7;2024-12-26 23:48:20.000;PH;Philippines;General Trias;2024-12-26 23:51:29.000;2024-12-26 23:51:38.000
d8ae4f27-9986-4a13-928d-4e784c5696d7;2024-12-26 23:48:20.000;PH;Philippines;General Trias;2024-12-26 23:51:29.000;2024-12-26 23:51:07.000
d8ae4f27-9986-4a13-928d-4e784c5696d7;2024-12-26 23:48:20.000;PH;Philippines;General Trias;2024-12-26 23:48:36.000;2024-12-26 23:51:07.000
d8ae4f27-9986-4a13-928d-4e784c5696d7;2024-12-26 23:51:03.000;PH;Philippines;General Trias;2024-12-26 23:51:29.000;2024-12-26 23:51:07.000
d8ae4f27-9986-4a13-928d-4e784c5696d7;2024-12-26 23:51:03.000;PH;Philippines;General Trias;2024-12-26 23:51:29.000;2024-12-26 23:51:38.000
d8ae4f27-9986-4a13-928d-4e784c5696d7;2024-12-26 23:51:03.000;PH;Philippines;General Trias;2024-12-26 23:48:36.000;2024-12-26 23:51:07.000
d8ae4f27-9986-4a13-928d-4e784c5696d7;2024-12-26 23:51:03.000;PH;Philippines;General Trias;2024-12-26 23:48:36.000;2024-12-26 23:51:38.000
dd91ffce-ad98-4481-a9c0-1365731486ae;2024-12-27 02:37:08.000;PH;Philippines;Manila;;
1b858af9-7cc5-4f28-bbf8-802bcbee4d30;2024-12-28 13:54:53.000;PH;Philippines;Cagayan de Oro;2024-12-28 13:55:00.000;
1b858af9-7cc5-4f28-bbf8-802bcbee4d30;2024-12-28 13:56:33.000;PH;Philippines;Cagayan de Oro;2024-12-28 13:55:00.000;
1b858af9-7cc5-4f28-bbf8-802bcbee4d30;2024-12-28 13:56:42.000;PH;Philippines;Cagayan de Oro;2024-12-28 13:55:00.000;
132ce9c2-ceee-4d23-911e-472eb7d69442;2024-12-28 19:09:21.000;US;United States;None;2024-12-10 10:51:32.000;
c6c8e6d0-cb98-409c-9add-bb92d9d67782;2024-12-30 18:26:04.000;ES;Spain;Sitges;2024-12-30 18:26:18.000;2024-12-30 18:26:35.000
c6c8e6d0-cb98-409c-9add-bb92d9d67782;2024-12-30 20:17:34.000;ES;Spain;Sitges;2024-12-30 18:26:18.000;2024-12-30 18:26:35.000
8e639972-9179-487d-937a-f04fe8296184;2025-01-04 02:34:18.000;ID;Indonesia;Bandung;;2025-01-04 02:34:54.000
abd571f3-a1cd-4ab3-b41e-d943cbef49a6;2025-01-07 02:14:10.000;AU;Australia;Sydney;2025-01-07 02:22:26.000;2025-01-07 02:15:17.000
abd571f3-a1cd-4ab3-b41e-d943cbef49a6;2025-01-07 02:14:10.000;AU;Australia;Sydney;2025-01-07 02:22:26.000;2025-01-07 02:29:07.000
db27e051-6e60-47c5-89e7-c7e5549440fc;2025-01-07 15:56:51.000;DE;Germany;Berlin;;2025-01-07 15:57:10.000
98e2679d-4853-4592-ace3-f97d3a28824e;2025-01-07 15:58:07.000;DE;Germany;Berlin;2025-01-07 16:03:48.000;2025-01-07 15:59:17.000
98e2679d-4853-4592-ace3-f97d3a28824e;2025-01-07 16:03:46.000;DE;Germany;Berlin;2025-01-07 16:03:48.000;2025-01-07 15:59:17.000
8b520f42-1770-4ad0-8fe0-e47d509b5e43;2025-01-08 08:14:00.000;PH;Philippines;Quezon City;2025-01-08 08:14:10.000;
0c06c38c-ff9d-4705-9509-32401ae8a9ad;2025-01-08 08:15:26.000;PH;Philippines;Pasig;2025-01-08 08:21:49.000;2025-01-08 08:18:26.000
0c06c38c-ff9d-4705-9509-32401ae8a9ad;2025-01-08 08:15:26.000;PH;Philippines;Pasig;2025-01-08 08:15:45.000;2025-01-08 08:18:26.000
3bfb4702-3546-4125-bd42-bfe001a791ee;2025-01-08 08:37:51.000;PH;Philippines;Pasig;2025-01-08 08:39:07.000;2025-01-08 08:39:01.000
d5617915-7156-4500-9d0a-d3b653b657d8;2025-01-08 08:38:21.000;DE;Germany;Berlin;2025-01-08 08:38:31.000;2025-01-08 08:38:40.000
11954058-ee05-49ec-848a-655ce5f2f980;2025-01-08 14:29:17.000;HN;Honduras;San Pedro Sula;2025-01-08 14:29:49.000;
d376eb2c-03ba-4d13-ac22-bc5d9755708c;2025-01-08 17:14:41.000;IR;Iran;None;2025-01-08 17:17:30.000;
32c4fa87-f5be-4e66-9765-4bdd67564125;2025-01-08 20:54:11.000;CO;Colombia;Cartagena;;2024-12-09 20:34:14.000
8b520f42-1770-4ad0-8fe0-e47d509b5e43;2025-01-09 02:13:26.000;PH;Philippines;Quezon City;2025-01-08 08:14:10.000;
d05f9e52-581e-4537-86f9-a4d848658463;2025-01-09 16:23:33.000;RU;Russia;Moscow;2025-01-09 16:23:43.000;
3a8ced49-4281-4916-be45-0ee235c56290;2025-01-10 09:18:41.000;ES;Spain;Tarragona;2025-01-10 09:18:58.000;2025-01-10 09:19:16.000
c3c9b96e-78a7-44ca-a7ae-1f5e089056b4;2025-01-10 13:27:21.000;DE;Germany;Munich;2025-01-10 13:27:32.000;2025-01-10 13:27:55.000
964d32d5-848f-4813-bfd6-c16c4da080ff;2025-01-10 13:28:17.000;DE;Germany;Munich;2025-01-10 13:28:22.000;2025-01-10 13:28:38.000
fe8934ce-a40b-423c-9fd0-1cb6feb76238;2025-01-10 20:42:52.000;LV;Latvia;Riga;2025-01-10 20:43:14.000;
fe8934ce-a40b-423c-9fd0-1cb6feb76238;2025-01-10 20:43:38.000;LV;Latvia;Riga;2025-01-10 20:43:14.000;
8ceb40ec-6271-4640-a6b8-eda8d347095e;2025-01-13 11:50:52.000;HR;Croatia;Zagreb;;
bc00c0dc-5e3e-4221-ac00-e46a790b25ab;2025-01-13 17:51:35.000;DE;Germany;Ulm;;
8e7e8f00-352f-4b27-8a05-41001fd70d50;2025-01-14 02:46:30.000;PH;Philippines;Batangas;;
00e65430-af34-434d-acf0-f330e7e6914a;2025-01-14 11:52:36.000;DE;Germany;Berlin;;
b9dbebc7-d046-4258-813f-e98cdb71e5f4;2025-01-14 16:03:51.000;CA;Canada;La Minerve;;
70c5ce1d-6014-41f3-9a87-0ecca9b43198;2025-01-14 16:06:44.000;CA;Canada;La Minerve;2025-01-14 16:06:59.000;
00e65430-af34-434d-acf0-f330e7e6914a;2025-01-15 07:59:37.000;DE;Germany;Munich;;
dee327cc-e3ff-495a-a411-ae681beb1d3e;2025-01-15 08:32:24.000;DE;Germany;Munich;2025-01-15 08:32:36.000;2025-01-15 08:32:58.000
cd5f01b4-fe61-4b13-a443-20de20b6fcac;2025-01-15 08:33:12.000;DE;Germany;Munich;2025-01-15 08:33:29.000;2025-01-15 08:33:42.000
f5e83f7b-ba84-4045-be56-195ff38b27de;2025-01-15 08:33:51.000;DE;Germany;Munich;2025-01-15 08:36:21.000;2025-01-15 08:34:20.000
fec353dc-454a-4baa-a58d-cc5567abf2f1;2025-01-15 08:37:23.000;DE;Germany;Munich;2025-01-15 08:38:01.000;2025-01-15 08:38:07.000
2ee524f2-5f34-47d1-a6af-d0bc7cb86254;2025-01-15 08:38:28.000;DE;Germany;Munich;2025-01-15 08:39:04.000;2025-01-15 08:39:14.000
da77b84e-e468-41f2-ad6d-c142487a28b7;2025-01-15 09:12:23.000;MA;Morocco;Marrakesh;2025-01-15 09:13:17.000;2025-01-15 09:12:51.000
2ee524f2-5f34-47d1-a6af-d0bc7cb86254;2025-01-15 16:48:41.000;DE;Germany;Munich;2025-01-15 08:39:04.000;2025-01-15 08:39:14.000
60bd34de-1668-45c0-916b-3a049c3ce602;2025-01-18 07:35:48.000;PH;Philippines;Cebu City;;
996ff9b8-f738-4a2c-b6d9-823247da56cc;2025-01-19 04:01:23.000;QA;Qatar;Doha;2025-01-19 04:01:58.000;
e7677d32-65fc-44b4-9647-d8b8083bced3;2025-01-22 01:04:52.000;PH;Philippines;Maramag;2025-01-22 01:05:13.000;
e7677d32-65fc-44b4-9647-d8b8083bced3;2025-01-22 01:05:58.000;PH;Philippines;Maramag;2025-01-22 01:05:13.000;
e7677d32-65fc-44b4-9647-d8b8083bced3;2025-01-22 01:06:02.000;PH;Philippines;Maramag;2025-01-22 01:05:13.000;
c996eb6a-11fd-4020-b7e7-a612bdd9ec74;2025-01-22 01:10:19.000;PH;Philippines;Maramag;;
c8ba4c56-1710-4f9b-b9b0-caaf891855c4;2025-01-22 01:12:13.000;PH;Philippines;Maramag;2025-01-22 01:17:00.000;2025-01-22 01:15:47.000
c8ba4c56-1710-4f9b-b9b0-caaf891855c4;2025-01-22 01:12:13.000;PH;Philippines;Maramag;2025-01-22 01:17:00.000;2025-01-22 01:12:31.000
31d12122-1178-4f20-b5f8-cbd14428f958;2025-01-23 10:45:08.000;TR;Türkiye;Istanbul;2025-01-23 10:45:27.000;
31d12122-1178-4f20-b5f8-cbd14428f958;2025-01-23 11:25:35.000;TR;Türkiye;Istanbul;2025-01-23 10:45:27.000;
2d7fdf39-c1c4-4be3-b8b5-820597e1339d;2025-01-24 01:30:54.000;MY;Malaysia;Cyberjaya;2025-01-24 01:35:06.000;2025-01-24 01:32:17.000
3009b600-7a41-42f3-bd95-192cb717869f;2025-01-24 06:30:03.000;MY;Malaysia;Cyberjaya;;
5619ca9f-2612-4984-8b53-a9c85b60318a;2025-01-24 15:21:32.000;AO;Angola;Luanda;2025-01-24 15:22:09.000;2025-01-24 15:22:27.000
90854e0d-a993-4190-ad5e-b480d421b2c0;2025-01-25 16:58:34.000;DE;Germany;Heidelberg;;2024-12-10 10:47:01.000
0f0e84a3-c9ee-42a1-8f9f-e17b5444ba05;2025-01-26 06:41:30.000;IN;India;Tirupati;;
a36eec3c-04a2-4ae3-9569-ce90de542137;2025-01-27 01:22:27.000;PH;Philippines;Manila;2025-01-27 01:23:24.000;2025-01-27 01:23:13.000
ce68954d-ec5d-470b-b203-d869f03f3ee5;2025-01-27 02:57:30.000;PH;Philippines;Iloilo City;2025-01-27 02:57:50.000;
6c62ee16-82a4-4eef-abb3-af41afd6b585;2025-01-27 04:53:10.000;IN;India;None;;
2497757e-4ed8-496a-a943-33e45a623c77;2025-01-27 07:05:45.000;AO;Angola;Luanda;2025-01-27 07:05:53.000;2025-01-27 07:06:16.000
0103e384-434e-4e0d-bd9f-045b5e2f0638;2025-01-27 07:25:27.000;AO;Angola;Luanda;2025-01-27 07:26:25.000;2025-01-27 07:26:28.000
b6c0ee2f-dcb8-4bbc-88f5-69bf75c2de50;2025-01-27 07:45:53.000;AO;Angola;Luanda;2025-01-27 07:46:31.000;2025-01-27 07:46:33.000
786adcf2-53ef-4180-acd5-372ab5dcdcaa;2025-01-27 07:47:02.000;AO;Angola;Luanda;2025-01-27 07:49:15.000;2025-01-27 07:48:18.000
57994a48-5e95-400d-97a5-956634940ab4;2025-01-28 05:51:29.000;PH;Philippines;Dagohoy;;
be4430a3-26ec-4813-87b4-37ad2d81bba9;2025-01-28 16:00:53.000;AR;Argentina;La Plata;2025-01-28 16:01:18.000;2025-01-28 16:01:16.000
38840136-7f78-4aea-8e1a-dff4795a9ebc;2025-01-29 02:37:39.000;EC;Ecuador;Quito;;2025-01-29 02:38:12.000
02b95c7c-6f6e-43c3-9ade-f281ac55ea61;2025-01-29 03:30:48.000;EG;Egypt;None;2025-01-29 03:31:18.000;2025-01-29 03:31:21.000
c44e570c-25a0-45f7-976f-6a371fce2391;2025-01-29 08:06:39.000;AO;Angola;Luanda;2025-01-29 08:06:46.000;
d8901c9c-e4f1-4fe0-8ecb-da9872ded030;2025-01-29 09:11:41.000;PH;Philippines;City of Muntinlupa;2025-01-29 09:11:58.000;
53b45c6c-ed1a-4ec2-9517-ba7e3cc1d86a;2025-01-29 09:12:45.000;PH;Philippines;City of Muntinlupa;;
b2765af3-30a1-4722-99f8-aa6eaf1b8593;2025-01-29 20:22:13.000;HN;Honduras;Tegucigalpa;2025-01-29 20:22:53.000;2025-01-29 20:22:35.000
53b45c6c-ed1a-4ec2-9517-ba7e3cc1d86a;2025-01-30 01:00:25.000;PH;Philippines;City of Muntinlupa;;
53b45c6c-ed1a-4ec2-9517-ba7e3cc1d86a;2025-01-30 10:30:00.000;PH;Philippines;City of Muntinlupa;;
e0b939f7-692e-41f9-914b-fbeae69043f2;2025-01-30 16:20:09.000;AR;Argentina;La Plata;;2025-01-30 16:20:32.000
80565108-0879-47d8-b0c4-8ec9783d0d36;2025-01-30 17:52:09.000;PH;Philippines;Naic;;
e0b939f7-692e-41f9-914b-fbeae69043f2;2025-01-30 20:15:59.000;AR;Argentina;La Plata;;2025-01-30 16:20:32.000
53b45c6c-ed1a-4ec2-9517-ba7e3cc1d86a;2025-01-31 00:55:42.000;PH;Philippines;City of Muntinlupa;;
c182e066-7b90-4923-a3cb-83472ad4da09;2025-02-01 11:51:31.000;KE;Kenya;Nairobi;2025-02-01 11:51:39.000;
bfd9bf38-af69-464e-aa44-3327f5bc99f2;2025-02-01 17:01:21.000;CH;Switzerland;Zurich;2025-02-01 17:01:51.000;
bfd9bf38-af69-464e-aa44-3327f5bc99f2;2025-02-01 17:01:21.000;CH;Switzerland;Zurich;2025-02-01 17:03:23.000;
2268cb53-b9bc-4306-a4ea-abae81282fca;2025-02-04 18:08:14.000;HN;Honduras;Tegucigalpa;2025-02-04 18:09:52.000;2025-02-04 18:10:19.000
1b9cfb0e-7428-41fc-90ec-7e12da0eeabd;2025-02-04 19:19:24.000;HN;Honduras;Tegucigalpa;2025-02-04 20:12:45.000;2025-02-04 20:35:56.000
1b9cfb0e-7428-41fc-90ec-7e12da0eeabd;2025-02-04 19:19:24.000;HN;Honduras;Tegucigalpa;2025-02-04 20:12:45.000;2025-02-04 20:34:35.000
9258e89f-304d-4258-bf08-403887f4a895;2025-02-04 22:54:10.000;CO;Colombia;Manizales;2025-02-04 22:56:35.000;2025-02-04 22:56:43.000
9258e89f-304d-4258-bf08-403887f4a895;2025-02-04 22:54:10.000;CO;Colombia;Manizales;2025-02-04 22:56:35.000;2025-02-04 23:00:48.000
1606f22e-7dfc-4f06-9c3d-c6eccb7e1ee2;2025-02-05 14:35:21.000;HN;Honduras;Tegucigalpa;2025-02-05 14:46:04.000;2025-02-05 14:41:12.000
1606f22e-7dfc-4f06-9c3d-c6eccb7e1ee2;2025-02-05 17:02:12.000;HN;Honduras;Tegucigalpa;2025-02-05 14:46:04.000;2025-02-05 14:41:12.000
cb6ba8d1-48ee-4779-89f7-10d22916c32f;2025-02-05 22:35:20.000;CO;Colombia;Manizales;2025-02-05 22:35:46.000;2025-02-05 22:36:18.000
7e517c48-6902-41e0-a906-fdb803f624ad;2025-02-05 22:36:45.000;CO;Colombia;Bogotá;2025-02-05 22:53:19.000;2025-02-05 22:37:51.000
7e517c48-6902-41e0-a906-fdb803f624ad;2025-02-05 22:36:45.000;CO;Colombia;Bogotá;2025-02-05 22:53:15.000;2025-02-05 22:37:51.000
7e517c48-6902-41e0-a906-fdb803f624ad;2025-02-05 22:36:45.000;CO;Colombia;Bogotá;2025-02-05 22:53:18.000;2025-02-05 22:37:51.000
7e517c48-6902-41e0-a906-fdb803f624ad;2025-02-05 22:36:45.000;CO;Colombia;Bogotá;2025-02-05 22:53:03.000;2025-02-05 22:37:51.000
05ed25c6-b534-428e-90d8-7a9e1bc03644;2025-02-05 22:44:48.000;CO;Colombia;Manizales;2025-02-05 22:45:56.000;2025-02-05 22:45:58.000
28e92d4d-d8da-49b1-b854-67805cc2a8b1;2025-02-05 22:53:34.000;CO;Colombia;Manizales;;2025-02-05 22:54:20.000
a3ae0bd0-6271-423d-bf07-b82f8ceb270f;2025-02-05 22:54:53.000;CO;Colombia;Medellín;;2025-02-05 22:55:52.000
a3ae0bd0-6271-423d-bf07-b82f8ceb270f;2025-02-05 22:55:00.000;US;United States;None;;2025-02-05 22:55:52.000
7e8c92f4-989b-4738-8e86-08a069892fa4;2025-02-05 22:57:29.000;CO;Colombia;Medellín;2025-02-05 22:57:46.000;
2559133a-188e-4014-bac9-f513d0e3ae39;2025-02-05 23:04:51.000;CO;Colombia;Manizales;2025-02-05 23:05:18.000;2025-02-05 23:06:14.000
2559133a-188e-4014-bac9-f513d0e3ae39;2025-02-05 23:04:51.000;CO;Colombia;Manizales;2025-02-05 23:05:18.000;2025-02-05 23:06:15.000
7e8c92f4-989b-4738-8e86-08a069892fa4;2025-02-05 23:31:23.000;CO;Colombia;Medellín;2025-02-05 22:57:46.000;
bb4228a4-1db4-49d3-9424-33eb910fc72e;2025-02-06 01:21:59.000;IN;India;Agartala;2025-02-06 01:22:19.000;
e8494d5b-f221-4f0e-b714-e7f3a5d31f35;2025-02-06 01:24:29.000;IN;India;Agartala;;
08ef324f-d05d-4c82-8e3f-18a33d557336;2025-02-06 20:20:18.000;CO;Colombia;Arauca;2025-02-06 20:20:49.000;2025-02-06 20:21:09.000
08ef324f-d05d-4c82-8e3f-18a33d557336;2025-02-06 20:20:18.000;CO;Colombia;Arauca;2025-02-06 20:20:49.000;2025-02-06 20:21:14.000
0623546a-03e9-4922-8c7c-fe3066536c70;2025-02-07 08:07:32.000;MY;Malaysia;Cyberjaya;2025-02-07 08:09:57.000;
0623546a-03e9-4922-8c7c-fe3066536c70;2025-02-07 08:07:32.000;MY;Malaysia;Cyberjaya;2025-02-07 08:09:46.000;
0623546a-03e9-4922-8c7c-fe3066536c70;2025-02-07 08:07:32.000;MY;Malaysia;Cyberjaya;2025-02-07 08:10:29.000;
499fafbc-0800-4747-95e4-9293227e4560;2025-02-07 08:12:46.000;MY;Malaysia;Cyberjaya;;
e31d3b03-d9f9-43d2-ae47-9b1785f955fc;2025-02-07 15:17:54.000;NO;Norway;Trondheim;2025-02-07 15:19:03.000;
08ebb996-1249-47ff-8ea9-9788a1bc34f2;2025-02-07 15:24:13.000;NO;Norway;Trondheim;2025-02-07 15:24:44.000;
768cf1ce-9509-47d0-9e11-f1f7e0d7f721;2025-02-07 18:13:14.000;CY;Cyprus;Limassol;2025-02-07 18:13:47.000;2025-02-07 18:13:49.000
091dc526-4f00-4cf5-a6a8-ab885ff2f6c5;2025-02-07 21:00:47.000;HN;Honduras;Tegucigalpa;2025-02-07 21:01:49.000;2025-02-07 21:02:19.000
ff741619-e27b-4727-955a-341ae38e93f4;2025-02-08 04:57:36.000;PH;Philippines;Mandaluyong;2025-02-08 04:57:56.000;
961d43a4-01bd-4bd6-b23f-06f23a34f342;2025-02-08 05:10:24.000;PH;Philippines;Mandaluyong;;
c041504c-3730-4b71-8a01-84c5dd04a5af;2025-02-09 02:05:51.000;CA;Canada;Vancouver;;
308ffa43-49c1-4128-b51c-412d77c87491;2025-02-09 02:07:23.000;CA;Canada;Vancouver;2025-02-09 02:07:55.000;
f576bb8f-a47b-45ef-a269-b86512ba0077;2025-02-10 06:04:10.000;CA;Canada;Chilliwack;2025-02-10 06:05:36.000;2025-02-10 06:05:43.000
968bc6e5-c227-4157-97d9-cba04f15351f;2025-02-10 06:18:48.000;CA;Canada;Chilliwack;2025-02-10 06:19:41.000;2025-02-10 06:19:52.000
df429262-da88-4f00-bec7-5c2e90730b62;2025-02-10 21:35:44.000;HN;Honduras;Tegucigalpa;2025-02-10 21:37:02.000;2025-02-10 21:36:13.000
7e517c48-6902-41e0-a906-fdb803f624ad;2025-02-10 22:12:13.000;CO;Colombia;Manizales;2025-02-05 22:53:03.000;2025-02-05 22:37:51.000
7e517c48-6902-41e0-a906-fdb803f624ad;2025-02-10 22:12:13.000;CO;Colombia;Manizales;2025-02-05 22:53:19.000;2025-02-05 22:37:51.000
7e517c48-6902-41e0-a906-fdb803f624ad;2025-02-10 22:12:13.000;CO;Colombia;Manizales;2025-02-05 22:53:18.000;2025-02-05 22:37:51.000
7e517c48-6902-41e0-a906-fdb803f624ad;2025-02-10 22:12:13.000;CO;Colombia;Manizales;2025-02-05 22:53:15.000;2025-02-05 22:37:51.000
9cee3c2c-1633-4c9b-90c7-2cd5f3f6436a;2025-02-11 01:51:04.000;PH;Philippines;San Juan;2025-02-11 01:53:43.000;
9cee3c2c-1633-4c9b-90c7-2cd5f3f6436a;2025-02-11 02:14:52.000;PH;Philippines;San Juan;2025-02-11 01:53:43.000;
9cee3c2c-1633-4c9b-90c7-2cd5f3f6436a;2025-02-11 02:14:58.000;PH;Philippines;San Juan;2025-02-11 01:53:43.000;
f1c061a8-b660-4377-b15f-643c6571b22f;2025-02-11 02:15:23.000;PH;Philippines;San Juan;;
06a1e3f0-842b-4bac-a70a-5c603b048a52;2025-02-12 12:27:26.000;DE;Germany;Mannheim;;2025-02-12 12:28:36.000
06a1e3f0-842b-4bac-a70a-5c603b048a52;2025-02-12 12:27:26.000;DE;Germany;Mannheim;;2025-02-12 12:27:54.000
ae8a52c8-2747-42d8-9880-3a1631e4a0f2;2025-02-12 12:36:34.000;DE;Germany;Eppelheim;2025-02-12 12:36:49.000;2025-02-12 12:38:01.000
b9bc38a5-f4c0-4b69-a258-0f5b0b7fc5d5;2025-02-12 13:07:04.000;DE;Germany;Eppelheim;2025-02-12 13:07:12.000;
d93171dd-c1f9-457f-b26b-e3bcb72aa8f2;2025-02-12 13:08:28.000;DE;Germany;Eppelheim;;
16f88c58-2655-49c8-a979-b606b48f903b;2025-02-12 13:10:28.000;DE;Germany;Eppelheim;;
bf1d7560-afb7-4f7d-86a5-6eed601e27ea;2025-02-12 13:13:58.000;DE;Germany;Eppelheim;;
667e1c19-80ed-4712-9ae2-86491f002039;2025-02-12 13:16:00.000;DE;Germany;Eppelheim;2025-02-12 13:16:21.000;
c1669584-a21c-4dfd-9875-5f95d7e18a67;2025-02-12 13:21:03.000;DE;Germany;Eppelheim;;
718e4f49-bde5-4333-902b-db7e952ccdc9;2025-02-12 13:23:54.000;DE;Germany;Eppelheim;2025-02-12 13:24:18.000;2025-02-12 13:25:20.000
816e45eb-8e36-4d2a-81cd-36e21efd31e3;2025-02-12 13:29:20.000;DE;Germany;Eppelheim;2025-02-12 13:29:27.000;2025-02-12 13:31:50.000
15774d63-61c7-485d-a507-96a16d388c52;2025-02-12 13:34:05.000;DE;Germany;Eppelheim;;2025-02-12 13:34:27.000
6a55d416-f0ad-4fdb-bcad-9898a6463719;2025-02-12 13:36:03.000;DE;Germany;Eppelheim;;2025-02-12 13:36:31.000
7e4e39bd-7bcd-4ecf-a018-c41752749c4b;2025-02-12 13:40:33.000;DE;Germany;Eppelheim;;2025-02-12 13:41:03.000
f7dae360-f630-4f0d-93a0-4204ca3bcd16;2025-02-12 13:45:26.000;DE;Germany;Eppelheim;;2025-02-12 13:45:52.000
dd11cc20-b76b-4530-be23-eb5cdb909a4d;2025-02-12 13:51:05.000;DE;Germany;Eppelheim;;2025-02-12 13:51:44.000
307c88a3-7958-45c7-a1cf-dfda5004796e;2025-02-12 14:24:18.000;DE;Germany;Munich;;
4aaf755c-a1f1-4895-ab13-4a6fadca0312;2025-02-12 14:52:22.000;DE;Germany;Eppelheim;2025-02-12 14:53:21.000;2025-02-12 14:53:29.000
6b80aded-ae62-468d-8db4-c4ecd11879a6;2025-02-12 14:55:22.000;DE;Germany;Eppelheim;;2025-02-12 14:55:52.000
7e8c92f4-989b-4738-8e86-08a069892fa4;2025-02-12 14:56:54.000;CO;Colombia;Manizales;2025-02-05 22:57:46.000;
83b89842-62be-4545-b3d1-07e862f98d3d;2025-02-12 15:01:49.000;DE;Germany;Eppelheim;2025-02-12 15:02:39.000;2025-02-12 15:02:21.000
7e8c92f4-989b-4738-8e86-08a069892fa4;2025-02-12 15:15:49.000;CO;Colombia;Manizales;2025-02-05 22:57:46.000;
307c88a3-7958-45c7-a1cf-dfda5004796e;2025-02-13 09:40:18.000;DE;Germany;Berlin;;
67f7bc5b-825b-4aed-bafe-1c9aebc8b9e1;2025-02-13 16:10:13.000;IS;Iceland;Reykjavik;2025-02-13 16:18:06.000;
cff2571a-c55c-47b1-ba6b-bd189d24ffa0;2025-02-13 16:21:27.000;IS;Iceland;Reykjavik;2025-02-13 16:21:52.000;2025-02-13 16:23:46.000
73f0b7ae-53b4-447a-9e96-d7fe802de74c;2025-02-13 20:37:51.000;CA;Canada;Vancouver;;
ddc7b93c-fd2b-4d04-9a76-c90f21687e02;2025-02-14 09:45:05.000;DE;Germany;Ulm;2025-02-14 09:45:10.000;2025-02-14 10:36:38.000
ddc7b93c-fd2b-4d04-9a76-c90f21687e02;2025-02-14 09:45:05.000;DE;Germany;Ulm;2025-02-14 09:45:10.000;2025-02-14 09:45:37.000
ddc7b93c-fd2b-4d04-9a76-c90f21687e02;2025-02-14 09:45:05.000;DE;Germany;Ulm;2025-02-14 10:36:45.000;2025-02-14 10:36:38.000
ddc7b93c-fd2b-4d04-9a76-c90f21687e02;2025-02-14 09:45:05.000;DE;Germany;Ulm;2025-02-14 10:36:45.000;2025-02-14 09:45:37.000
cff2571a-c55c-47b1-ba6b-bd189d24ffa0;2025-02-14 11:13:48.000;IS;Iceland;Reykjavik;2025-02-13 16:21:52.000;2025-02-13 16:23:46.000
90854e0d-a993-4190-ad5e-b480d421b2c0;2025-02-14 14:00:03.000;DE;Germany;Heidelberg;;2024-12-10 10:47:01.000
674acb7f-fde7-4863-bcdb-177c0df3b524;2025-02-14 14:29:36.000;DE;Germany;Ulm;;
86b95bb7-036f-4003-896c-eb3c086955ae;2025-02-14 14:33:33.000;DE;Germany;Ulm;;
a4334b39-fd78-4e7d-8432-a5c86f7ac089;2025-02-14 16:48:35.000;CA;Canada;Vancouver;;2025-02-14 16:50:13.000
694b6825-c9a5-41d1-b959-bda32d78656f;2025-02-14 17:08:50.000;CA;Canada;Vancouver;;2025-02-14 17:10:21.000
e162dc22-51be-40fc-9055-459202a49288;2025-02-15 08:59:20.000;PH;Philippines;None;;2025-02-15 08:59:41.000
346fa988-f1c6-423a-8c07-9546e346dc36;2025-02-15 17:38:54.000;NO;Norway;Oslo;2025-02-15 17:39:12.000;
cdb1e612-50aa-4892-a994-7349fb5bce4c;2025-02-17 09:57:53.000;IS;Iceland;Reykjavik;2025-02-17 10:16:07.000;2025-02-17 09:58:40.000
cdb1e612-50aa-4892-a994-7349fb5bce4c;2025-02-17 10:16:03.000;IS;Iceland;Reykjavik;2025-02-17 10:16:07.000;2025-02-17 09:58:40.000
3454dbf7-9dd4-4405-908d-243e607d934f;2025-02-17 10:17:36.000;IS;Iceland;Reykjavik;2025-02-17 10:17:45.000;2025-02-17 10:18:09.000
2a3dd886-2548-438b-9303-1f1ee7a7051a;2025-02-17 10:33:32.000;IS;Iceland;Reykjavik;2025-02-17 10:33:41.000;2025-02-17 10:33:59.000
2a3dd886-2548-438b-9303-1f1ee7a7051a;2025-02-17 10:33:32.000;IS;Iceland;Reykjavik;2025-02-17 10:34:54.000;2025-02-17 10:33:59.000
391c4639-6c0e-4f36-a118-282407968215;2025-02-17 10:36:43.000;IS;Iceland;Reykjavik;2025-02-17 10:36:58.000;2025-02-17 10:37:10.000
b330dc28-3734-4897-94b3-ae7e2b408135;2025-02-18 01:43:24.000;EG;Egypt;Cairo;2025-02-18 01:43:43.000;
b330dc28-3734-4897-94b3-ae7e2b408135;2025-02-18 01:43:24.000;EG;Egypt;Cairo;2025-02-18 01:45:12.000;
b330dc28-3734-4897-94b3-ae7e2b408135;2025-02-18 01:43:24.000;EG;Egypt;Cairo;2025-02-18 01:43:42.000;
b330dc28-3734-4897-94b3-ae7e2b408135;2025-02-18 01:43:24.000;EG;Egypt;Cairo;2025-02-18 01:43:40.000;
b330dc28-3734-4897-94b3-ae7e2b408135;2025-02-18 01:43:24.000;EG;Egypt;Cairo;2025-02-18 01:43:41.000;
b330dc28-3734-4897-94b3-ae7e2b408135;2025-02-18 01:43:24.000;EG;Egypt;Cairo;2025-02-18 01:43:44.000;
dcb652e6-d5e3-44ba-a906-0cfec6643085;2025-02-18 11:08:20.000;PH;Philippines;Clark;;
c7fed667-1fc8-4271-bfdd-4ce7f494d8c3;2025-02-18 13:26:19.000;PH;Philippines;Santa Rosa;2025-02-18 13:26:34.000;
16807596-f7a9-4b76-a1da-811c78631a53;2025-02-18 22:31:39.000;BO;Bolivia;Santa Cruz;;2025-02-18 22:32:15.000
339dd795-b4fa-4264-a143-cecc0864b4ee;2025-02-19 08:47:52.000;ZM;Zambia;Lusaka;;
c5f43b50-0db5-4a0f-90e4-c31fdec384b6;2025-02-20 14:31:56.000;GB;United Kingdom;Basildon;2025-02-20 14:32:26.000;
2e020d0a-c223-4040-a654-4452962234b0;2025-02-21 08:39:26.000;DE;Germany;Bensheim;;
f40f3bd3-8409-4e78-ae9d-0f389b5fb9ea;2025-02-21 09:29:37.000;AT;Austria;Vienna;;2025-02-21 09:30:15.000
9dfbd933-48dd-42a7-8334-2e785555047d;2025-02-21 11:51:11.000;PH;Philippines;Las Piñas;;
f2c079fa-a265-4e18-ba87-6b4a198fbf20;2025-02-21 20:56:53.000;TR;Türkiye;Istanbul;;
4ba22f00-32c3-4869-ac06-e43e00fe8c97;2025-02-22 01:37:25.000;PH;Philippines;None;;
1b31aa2f-df7a-4ef1-8239-17966e0e08ff;2025-02-22 11:31:59.000;ID;Indonesia;Bandung;;
03bdde55-b523-4490-8df4-0d6a58aad349;2025-02-24 08:51:47.000;PH;Philippines;Davao City;2025-02-24 08:52:28.000;
0e59d66d-77c5-4316-b7cb-ec223077786e;2025-02-25 10:27:28.000;PH;Philippines;None;2025-02-25 10:27:33.000;
fb5b67dc-1de9-4c13-aeec-a7a7c5b4b3b1;2025-02-25 12:53:30.000;PH;Philippines;Bacolod City;2025-02-25 12:53:57.000;
ded1496f-104f-4f90-8ae5-fb3ed4e561ae;2025-02-25 16:03:43.000;CA;Canada;Montreal;;2025-02-25 16:05:32.000
ded1496f-104f-4f90-8ae5-fb3ed4e561ae;2025-02-25 16:07:52.000;CA;Canada;Montreal;;2025-02-25 16:05:32.000
ded1496f-104f-4f90-8ae5-fb3ed4e561ae;2025-02-25 16:07:55.000;CA;Canada;Montreal;;2025-02-25 16:05:32.000
e3252400-327e-4938-93aa-6e77d88d4348;2025-02-25 16:12:37.000;CA;Canada;Montreal;;
2e1ac6ac-10b9-4261-896e-5f4235592775;2025-02-25 16:13:28.000;CA;Canada;Montreal;;
7cef8821-ad20-4ac1-b067-a64b5cfb54f6;2025-02-25 16:18:06.000;CA;Canada;Montreal;;
7e649493-d129-417f-be4e-e7c10539b221;2025-02-25 16:21:48.000;CA;Canada;Montreal;;
4737c2f7-36f6-4f1d-ae20-b8e5efd05a48;2025-02-25 17:59:55.000;LT;Lithuania;Vilnius;2025-02-25 18:00:11.000;2025-02-25 18:00:46.000
db3e6557-61cb-454e-b574-0d78a4b49105;2025-02-26 04:33:23.000;KH;Cambodia;Phnom Penh;2025-02-26 04:33:43.000;
8787e356-04b6-4c00-9021-2ff5befd9b76;2025-02-26 06:40:57.000;LT;Lithuania;Vilnius;2025-02-26 06:41:10.000;2025-02-26 06:43:48.000
ea426ec0-6c4a-423d-85ac-895345b504a0;2025-02-26 07:25:26.000;KH;Cambodia;Phnom Penh;2025-02-26 07:26:45.000;
ea426ec0-6c4a-423d-85ac-895345b504a0;2025-02-26 07:25:26.000;KH;Cambodia;Phnom Penh;2025-02-26 07:32:03.000;
7218bc7f-d14f-4f02-b9fc-da8119563e5e;2025-02-26 07:38:22.000;KH;Cambodia;Phnom Penh;;
00381ee1-7102-4c45-92cf-d6cd9e6f8d89;2025-02-26 07:39:32.000;KH;Cambodia;Phnom Penh;2025-02-26 07:39:41.000;2025-02-26 07:41:27.000
00381ee1-7102-4c45-92cf-d6cd9e6f8d89;2025-02-26 07:39:32.000;KH;Cambodia;Phnom Penh;2025-02-26 07:39:41.000;2025-02-26 07:41:26.000
00381ee1-7102-4c45-92cf-d6cd9e6f8d89;2025-02-26 07:39:32.000;KH;Cambodia;Phnom Penh;2025-02-26 07:39:43.000;2025-02-26 07:42:07.000
00381ee1-7102-4c45-92cf-d6cd9e6f8d89;2025-02-26 07:39:32.000;KH;Cambodia;Phnom Penh;2025-02-26 07:39:43.000;2025-02-26 07:42:06.000
00381ee1-7102-4c45-92cf-d6cd9e6f8d89;2025-02-26 07:39:32.000;KH;Cambodia;Phnom Penh;2025-02-26 07:39:43.000;2025-02-26 07:41:27.000
00381ee1-7102-4c45-92cf-d6cd9e6f8d89;2025-02-26 07:39:32.000;KH;Cambodia;Phnom Penh;2025-02-26 07:39:43.000;2025-02-26 07:41:26.000
00381ee1-7102-4c45-92cf-d6cd9e6f8d89;2025-02-26 07:39:32.000;KH;Cambodia;Phnom Penh;2025-02-26 07:39:43.000;2025-02-26 07:40:15.000
00381ee1-7102-4c45-92cf-d6cd9e6f8d89;2025-02-26 07:39:32.000;KH;Cambodia;Phnom Penh;2025-02-26 07:39:43.000;2025-02-26 07:40:08.000
00381ee1-7102-4c45-92cf-d6cd9e6f8d89;2025-02-26 07:39:32.000;KH;Cambodia;Phnom Penh;2025-02-26 07:39:41.000;2025-02-26 07:42:07.000
00381ee1-7102-4c45-92cf-d6cd9e6f8d89;2025-02-26 07:39:32.000;KH;Cambodia;Phnom Penh;2025-02-26 07:39:41.000;2025-02-26 07:42:06.000
00381ee1-7102-4c45-92cf-d6cd9e6f8d89;2025-02-26 07:39:32.000;KH;Cambodia;Phnom Penh;2025-02-26 07:39:41.000;2025-02-26 07:40:08.000
00381ee1-7102-4c45-92cf-d6cd9e6f8d89;2025-02-26 07:39:32.000;KH;Cambodia;Phnom Penh;2025-02-26 07:39:41.000;2025-02-26 07:40:15.000
2ce98ce3-8ccf-47c5-956a-76d32ab80315;2025-02-26 07:43:49.000;KH;Cambodia;Phnom Penh;;
01e35368-18d4-46a8-869b-ffa3ab782762;2025-02-26 07:44:09.000;KH;Cambodia;Phnom Penh;;
deba6db9-bcbf-48fa-9f8c-b487bd440781;2025-02-26 07:52:38.000;KH;Cambodia;Phnom Penh;2025-02-26 08:01:23.000;
deba6db9-bcbf-48fa-9f8c-b487bd440781;2025-02-26 07:52:38.000;KH;Cambodia;Phnom Penh;2025-02-26 07:54:20.000;
633059d4-afbe-4c1a-b8eb-f2fd2dc7bc95;2025-02-26 07:54:45.000;KH;Cambodia;Phnom Penh;2025-02-26 07:56:07.000;2025-02-26 07:55:57.000
513ae183-86d8-4845-857c-983e61cb75bc;2025-02-26 08:00:20.000;KH;Cambodia;Phnom Penh;;2025-02-26 08:01:45.000
513ae183-86d8-4845-857c-983e61cb75bc;2025-02-26 08:00:20.000;KH;Cambodia;Phnom Penh;;2025-02-26 08:00:47.000
2936ff1d-9daf-40c7-97c6-e3a97e0ffe35;2025-02-27 05:31:31.000;PH;Philippines;Makati City;2025-02-27 05:31:55.000;
ece4c425-4a39-4c3e-b208-5039a5581b13;2025-02-28 01:12:32.000;ID;Indonesia;Jakarta;;
04b046cf-85d7-4071-8d8f-8cd68ccda02f;2025-02-28 19:50:38.000;CA;Canada;Victoria;;2025-02-28 19:51:23.000
5bbfd8fa-d18a-4696-b634-ef537f832e2d;2025-03-01 04:23:40.000;NZ;New Zealand;Christchurch;2025-03-01 04:24:02.000;2025-03-01 04:25:55.000
7244ce73-e394-4748-98c3-60b194def8e7;2025-03-01 20:06:01.000;IS;Iceland;Reykjavik;;2025-03-01 20:06:28.000
f3942a9b-d2f0-4f80-a9b6-ba9c788d0881;2025-03-02 06:57:42.000;PH;Philippines;Macabebe;;
8aa02db3-d8d7-45d9-8888-f5953cd9fd5a;2025-03-02 12:47:41.000;IT;Italy;Milan;;2025-03-02 12:48:29.000
d6ccd1a5-ce27-4c72-9a88-cfc141cbcadf;2025-03-03 11:33:13.000;GB;United Kingdom;Basildon;2025-03-03 11:33:38.000;2025-03-03 11:33:42.000
0ac3a356-c81d-4fb7-ac6f-42510ccd3a88;2025-03-03 11:52:32.000;GB;United Kingdom;Basildon;;2025-03-03 11:52:59.000
0ac3a356-c81d-4fb7-ac6f-42510ccd3a88;2025-03-03 11:52:32.000;GB;United Kingdom;Basildon;;2025-03-03 13:19:15.000
703e9597-e788-4d94-9cbc-2561e9ddf095;2025-03-03 17:13:48.000;DE;Germany;Ulm;2025-03-03 17:14:21.000;2025-03-03 17:14:16.000
703e9597-e788-4d94-9cbc-2561e9ddf095;2025-03-03 17:13:48.000;DE;Germany;Ulm;2025-03-03 17:16:04.000;2025-03-03 17:14:16.000
703e9597-e788-4d94-9cbc-2561e9ddf095;2025-03-03 17:13:48.000;DE;Germany;Ulm;2025-03-03 17:16:04.000;2025-03-03 17:15:56.000
703e9597-e788-4d94-9cbc-2561e9ddf095;2025-03-03 17:13:48.000;DE;Germany;Ulm;2025-03-03 17:14:21.000;2025-03-03 17:15:56.000
65f560ca-a42c-420f-995b-fb7d7311c800;2025-03-03 17:43:02.000;DE;Germany;Ulm;2025-03-03 17:43:57.000;2025-03-03 17:43:51.000
ea395c95-c6f9-4399-b961-84499dcf073a;2025-03-03 17:56:54.000;DE;Germany;Ulm;2025-03-03 17:57:33.000;2025-03-03 17:57:28.000
de98a52c-9dc4-4060-95d5-4c4a12e3621e;2025-03-04 10:26:58.000;DE;Germany;Bensheim;;
992d45f3-acf7-44b1-9ab0-cd7fe0f71125;2025-03-05 09:01:49.000;DE;Germany;Ulm;2025-03-05 09:02:08.000;2025-03-05 09:02:12.000
c870e7b6-9149-4c87-b4e9-3d8eb5860cbf;2025-03-05 09:03:25.000;IN;India;None;;
911171a4-9530-4822-9558-63508abefc0f;2025-03-05 09:04:28.000;DE;Germany;Ulm;2025-03-05 09:05:45.000;2025-03-05 09:05:47.000
562877a7-c167-4a4c-b150-cb517f8ee002;2025-03-06 12:11:39.000;DE;Germany;Ulm;2025-03-06 12:12:08.000;2025-03-06 12:12:05.000
a516ffac-6c69-41d7-8432-1cf0c27241e2;2025-03-06 21:31:49.000;PH;Philippines;Paranaque City;;
708dfd76-1af0-4cf5-95c4-974c189b24a3;2025-03-06 21:32:15.000;PH;Philippines;Paranaque City;;
0a73e1b6-3130-4c8c-b7f4-ea581ba47816;2025-03-10 08:07:54.000;EC;Ecuador;Santo Domingo de los Colorados;2025-03-10 08:08:21.000;
0a73e1b6-3130-4c8c-b7f4-ea581ba47816;2025-03-10 08:07:59.000;US;United States;None;2025-03-10 08:08:21.000;
95d932f1-9de8-4a65-9b77-a0f91f77a7d4;2025-03-10 10:33:56.000;DE;Germany;Ulm;2025-03-10 10:35:52.000;2025-03-10 10:36:03.000
5ed5909e-bcab-453b-824c-6d7e5aacde22;2025-03-10 10:41:38.000;DE;Germany;Ulm;2025-03-10 10:45:13.000;2025-03-10 10:45:06.000
2fd7f077-0930-4ba8-ab7f-16e5af6441a8;2025-03-10 11:01:30.000;IS;Iceland;Reykjavik;;2025-03-10 11:03:27.000
de71f9ed-bb21-4ca4-a523-69b56d80ea3b;2025-03-10 16:32:32.000;IS;Iceland;Reykjavik;;
de71f9ed-bb21-4ca4-a523-69b56d80ea3b;2025-03-10 16:37:16.000;IS;Iceland;Reykjavik;;
5b297836-1d0f-4ea1-825e-f2f8c2c34953;2025-03-10 16:38:10.000;IS;Iceland;Reykjavik;;
6d29c277-41cc-43f6-85e5-915a2d37610e;2025-03-10 16:40:43.000;IS;Iceland;Reykjavik;;
576f2154-1842-4472-85e4-d511b55f1163;2025-03-10 20:24:43.000;US;United States;Kingston;;
576f2154-1842-4472-85e4-d511b55f1163;2025-03-10 22:07:46.000;US;United States;Kingston;;
4285a320-9b17-4ece-bde1-7e8b9d43b2cc;2025-03-12 17:14:48.000;DE;Germany;Worms;2025-03-12 17:15:44.000;2025-03-12 17:18:15.000
6bd87f6c-088a-41cc-b22a-1c3c09836f3e;2025-03-12 17:43:15.000;DE;Germany;Worms;2025-03-12 17:43:33.000;2025-03-12 17:43:43.000
47de11d0-848f-46ff-971b-00e7ac489109;2025-03-12 17:44:26.000;DE;Germany;Worms;;2025-03-12 17:44:59.000
2a235f40-7c0e-4cfb-bede-1c5fcdc83bc5;2025-03-12 17:46:13.000;DE;Germany;Worms;;2025-03-12 17:47:21.000
2e167ade-0f3f-4976-a284-4697760f064b;2025-03-12 17:51:29.000;DE;Germany;Worms;;2025-03-12 17:52:01.000
d9f8608f-abb9-44f7-8e79-cbe231a25aac;2025-03-12 17:53:46.000;DE;Germany;Worms;2025-03-12 17:55:46.000;2025-03-12 17:55:50.000
ebfca3de-066c-4362-b41b-59602d31f301;2025-03-12 18:27:22.000;DE;Germany;Worms;2025-03-12 23:05:07.000;2025-03-12 23:05:09.000
ebfca3de-066c-4362-b41b-59602d31f301;2025-03-12 18:27:22.000;DE;Germany;Worms;2025-03-12 23:05:07.000;2025-03-12 18:28:04.000
33266704-9d27-440d-9ca3-327c1fa14b66;2025-03-13 07:55:47.000;RO;Romania;Năvodari;;
0d317dda-eb3f-424a-a46c-890a69cc1f3b;2025-03-13 07:57:34.000;RO;Romania;Năvodari;;
ba02efda-5826-4e8f-a6e1-40e0ce9e82c0;2025-03-13 07:58:31.000;RO;Romania;Năvodari;;
3aa0be7f-e0b3-49d6-b108-b4ccdcc8ccc0;2025-03-13 08:03:53.000;RO;Romania;Năvodari;2025-03-13 08:04:21.000;2025-03-13 08:04:08.000
99aca0e2-84b5-4301-a879-e3be53a2371a;2025-03-13 14:29:17.000;IS;Iceland;Reykjavik;2025-03-13 14:31:28.000;
1e02e7c4-bc4a-426b-a6ea-7e7c866eddd3;2025-03-13 14:50:36.000;IS;Iceland;Reykjavik;;2025-03-13 14:54:57.000
a292fb37-3e16-423e-af40-4fc562466f27;2025-03-13 14:56:05.000;IS;Iceland;Reykjavik;;2025-03-13 14:56:20.000
a10ce949-777c-42cf-95b3-e35fe9a7f8fa;2025-03-13 18:33:51.000;MX;Mexico;Mexico City;;
45a19630-e34b-4ecc-87b8-4fa9aae1b14d;2025-03-14 09:32:52.000;DE;Germany;Berlin;;2025-03-14 09:33:30.000
072c1e08-67d1-41e7-9d9b-54a4912ba30d;2025-03-14 09:35:09.000;DE;Germany;Berlin;;
072c1e08-67d1-41e7-9d9b-54a4912ba30d;2025-03-14 09:38:21.000;DE;Germany;Berlin;;
7eabbd60-87ab-4906-9c33-575ead908a4d;2025-03-14 09:38:35.000;DE;Germany;Berlin;;
2179e25e-4f57-4c02-a30c-c9a1fb57b358;2025-03-14 09:42:11.000;DE;Germany;Berlin;;
63038624-aa77-4b01-a921-1db6b0f838fb;2025-03-14 09:45:54.000;DE;Germany;Berlin;;
bf79e1ad-fca9-4827-8e62-0c55b1dd7a3c;2025-03-14 09:53:34.000;DE;Germany;Berlin;;
20e57053-bfb2-4277-98c3-1d3bede60c62;2025-03-14 09:54:35.000;DE;Germany;Berlin;;2025-03-14 09:55:18.000
33546b2b-040e-413a-ab95-ae13681b85ad;2025-03-14 09:57:02.000;DE;Germany;Berlin;;2025-03-14 09:57:23.000
549d590e-7028-472b-ac75-ad3c1d16af34;2025-03-14 09:58:07.000;DE;Germany;Berlin;;2025-03-14 09:58:59.000
e5c42908-0f55-4607-b25e-3e1a2e840143;2025-03-14 09:59:23.000;DE;Germany;Berlin;;2025-03-14 09:59:43.000
1158ba7c-9961-4a68-bc80-df758069960c;2025-03-14 10:00:02.000;DE;Germany;Berlin;;2025-03-14 10:42:48.000
a49afe05-9214-4ad3-a286-30c8e57347e0;2025-03-14 10:43:10.000;DE;Germany;Berlin;;2025-03-14 10:43:21.000
a292fb37-3e16-423e-af40-4fc562466f27;2025-03-14 13:55:29.000;IS;Iceland;Reykjavik;;2025-03-13 14:56:20.000
0f5c91dc-272e-4333-a91e-2669e3604ad8;2025-03-16 11:51:47.000;PK;Pakistan;Karachi;2025-03-16 11:52:12.000;2025-03-16 11:52:08.000
c9057631-acf5-402d-9ca2-c5512b1204de;2025-03-16 11:58:17.000;PK;Pakistan;Karachi;;
1a1b1927-ffe1-4e91-a7a6-f967dfdf4405;2025-03-16 16:12:35.000;US;United States;Elk Grove Village;;
0c90c5b9-8b45-4476-869f-105011ae3ed2;2025-03-17 21:46:19.000;DE;Germany;Berlin;;2025-03-17 21:49:03.000
9e0b4041-c70b-44dc-bd3c-eeb4a535b0d5;2025-03-17 22:16:27.000;MY;Malaysia;Kuala Lumpur;;
a46519a8-aac3-4f54-8d95-18694d871a6b;2025-03-17 22:27:20.000;MY;Malaysia;Kuala Lumpur;2025-03-17 22:28:00.000;2025-03-17 22:27:46.000
62a28909-76a6-477c-bce9-552e58dba3b4;2025-03-18 08:08:52.000;DE;Germany;Berlin;;
3c5e822f-03d3-44c8-8906-99536d9948f0;2025-03-18 10:27:46.000;CH;Switzerland;Schwanden;;2025-03-18 10:28:20.000
a49afe05-9214-4ad3-a286-30c8e57347e0;2025-03-18 12:28:18.000;DE;Germany;Berlin;;2025-03-14 10:43:21.000
0c90c5b9-8b45-4476-869f-105011ae3ed2;2025-03-18 13:09:58.000;DE;Germany;Berlin;;2025-03-17 21:49:03.000
52c756d4-c0da-4394-b1e3-d0b46be007cb;2025-03-18 13:57:23.000;DE;Germany;Berlin;;
2d2f6d15-15ca-4d28-b0f4-7295f93bace2;2025-03-18 15:12:45.000;DE;Germany;Berlin;;
64971d91-7b4f-4be7-960b-a5c419fafcca;2025-03-18 15:13:31.000;DE;Germany;Berlin;;2025-03-18 15:14:13.000
556964d2-6e7d-488d-9284-001e963b3d0e;2025-03-18 15:14:13.000;MA;Morocco;Marrakesh;2025-03-18 15:16:55.000;2025-03-18 15:16:48.000
556964d2-6e7d-488d-9284-001e963b3d0e;2025-03-18 15:14:13.000;MA;Morocco;Marrakesh;2025-03-18 15:16:55.000;2025-03-18 15:22:31.000
e4878c0e-9fa4-4d46-a0aa-fd970ec6e628;2025-03-18 15:14:24.000;MA;Morocco;Marrakesh;2025-03-18 15:17:13.000;2025-03-18 15:18:18.000
e4878c0e-9fa4-4d46-a0aa-fd970ec6e628;2025-03-18 15:14:24.000;MA;Morocco;Marrakesh;2025-03-18 15:17:13.000;2025-03-18 15:17:00.000
0f391508-e835-4a4f-a2d1-489f58600ae1;2025-03-18 15:46:06.000;MA;Morocco;Marrakesh;;
4d8a2fe4-a448-4166-9ba8-15d5da676799;2025-03-18 16:02:46.000;CO;Colombia;Arauca;;2025-03-18 16:03:08.000
4c5fb10b-6bd3-44a0-9c37-9e323c14f1a8;2025-03-18 19:02:55.000;DE;Germany;Münster;2025-03-18 19:06:12.000;2025-03-18 19:06:16.000
309b1ae7-77b6-41f1-8232-34625fa71793;2025-03-19 11:01:02.000;DE;Germany;Ulm;2025-03-19 11:03:12.000;2025-03-19 11:01:35.000
a65792a3-89cc-49ae-adcb-13eaac460556;2025-03-19 13:31:00.000;DE;Germany;Ulm;;
37355eed-e7f7-4079-885e-1095f48de0eb;2025-03-20 03:05:22.000;CO;Colombia;Arauca;;2025-03-20 03:05:46.000
9a509a47-5564-414d-a730-ccdd767a16af;2025-03-20 08:44:00.000;DE;Germany;Bensheim;2025-03-20 08:44:43.000;2025-03-20 08:44:46.000
e876123b-463c-4980-86d3-a561c17d253f;2025-03-20 09:29:49.000;CZ;Czechia;Olomouc;2025-03-20 09:32:34.000;2025-03-20 09:32:36.000
1407cc1f-e847-48a8-9843-37abde1d64ef;2025-03-20 14:28:53.000;DE;Germany;Bensheim;;
e643c9dc-7061-413d-b6ed-16c37cbc9120;2025-03-20 15:45:53.000;IS;Iceland;Reykjavik;;
b3ad6e96-8d59-4c81-b6e1-1d821ae83732;2025-03-20 15:56:57.000;IS;Iceland;Reykjavik;2025-03-20 16:13:15.000;2025-03-20 17:19:47.000
f138b115-d416-43fc-a919-82d364d73a47;2025-03-20 17:21:19.000;IS;Iceland;Reykjavik;;2025-03-20 17:21:59.000
fb2da237-8fb1-4772-8587-e40694253475;2025-03-20 17:34:14.000;IS;Iceland;Reykjavik;2025-03-20 17:35:10.000;2025-03-20 17:34:38.000
450f1896-63ba-4b6e-abf6-26c160993469;2025-03-20 19:22:42.000;IS;Iceland;Reykjavik;2025-03-20 19:33:09.000;2025-03-20 19:33:12.000
e0b07434-03ef-4ed1-92f5-f185fd692149;2025-03-21 10:05:27.000;MA;Morocco;Marrakesh;2025-03-21 10:07:18.000;2025-03-21 10:05:52.000
e0b07434-03ef-4ed1-92f5-f185fd692149;2025-03-21 10:05:27.000;MA;Morocco;Marrakesh;2025-03-21 10:05:48.000;2025-03-21 10:05:52.000
e0b07434-03ef-4ed1-92f5-f185fd692149;2025-03-21 10:05:27.000;MA;Morocco;Marrakesh;2025-03-21 10:06:30.000;2025-03-21 10:05:52.000
af4ec268-98cc-40c3-8385-040fdedb6075;2025-03-21 10:08:06.000;MA;Morocco;Marrakesh;2025-03-21 10:08:27.000;2025-03-21 10:08:30.000
dc75cbdf-8fa1-48c0-bb83-bcab815195f1;2025-03-21 10:51:07.000;IS;Iceland;Reykjavik;2025-03-21 11:08:48.000;2025-03-21 11:08:50.000
e464a734-0d03-4eb5-bbeb-9f7b17b566b2;2025-03-21 11:09:29.000;IS;Iceland;Reykjavik;;2025-03-21 11:11:22.000
124a9b84-b5cc-4737-b2c5-0394a6cbf538;2025-03-21 11:25:38.000;IS;Iceland;Reykjavik;;2025-03-21 11:27:54.000
ff227898-bba6-4000-bb2f-8f4ea50c37de;2025-03-21 11:46:34.000;IS;Iceland;Reykjavik;;2025-03-21 11:47:36.000
c7cac3da-fa31-4582-8ff0-7dfd293a6ba5;2025-03-21 11:50:08.000;IS;Iceland;Reykjavik;;
bc6e6aa5-b190-48c4-bacc-76c5340c46e3;2025-03-21 11:57:58.000;IS;Iceland;Reykjavik;;2025-03-21 11:58:17.000
6cbc8bf4-8ea6-4b2e-a6ae-4aa82be2de70;2025-03-21 12:02:48.000;IS;Iceland;Reykjavik;;2025-03-21 12:03:03.000
93ee5b89-b253-4d95-8800-49c434007065;2025-03-21 12:09:45.000;IS;Iceland;Reykjavik;;2025-03-21 12:10:07.000
e7aac97e-3c0d-4c02-b479-266839bbcf0b;2025-03-21 12:20:27.000;IS;Iceland;Reykjavik;;2025-03-21 12:20:48.000
7c3fcb90-dc96-489a-907c-647444031fdf;2025-03-21 12:28:46.000;IS;Iceland;Reykjavik;;2025-03-21 12:29:05.000
b6fbe60d-d5e7-4496-bf9b-4b57f6a70434;2025-03-21 12:34:43.000;IS;Iceland;Reykjavik;;2025-03-21 12:35:15.000
3f40c1f3-22cf-4371-98c5-708a4ea6363c;2025-03-21 20:47:58.000;CA;Canada;Calgary;;
fa3c8974-f674-45f5-bcc4-72834c4917ba;2025-03-21 20:49:29.000;CA;Canada;Calgary;;
ed6ad034-da13-4d1f-99f4-77b88cc7b9ec;2025-03-22 05:07:43.000;NG;Nigeria;None;;
ed6ad034-da13-4d1f-99f4-77b88cc7b9ec;2025-03-22 05:08:08.000;NG;Nigeria;None;;
06f9077a-2f2a-43cd-9311-379591eed22a;2025-03-22 05:09:06.000;NG;Nigeria;None;;
06f9077a-2f2a-43cd-9311-379591eed22a;2025-03-22 05:09:11.000;US;United States;None;;
c0c64898-18ae-444d-9159-56e37b34649e;2025-03-22 05:33:08.000;NG;Nigeria;Abuja;2025-03-22 05:35:11.000;2025-03-22 05:34:48.000
c0c64898-18ae-444d-9159-56e37b34649e;2025-03-22 05:33:08.000;NG;Nigeria;Abuja;2025-03-22 05:33:28.000;2025-03-22 05:34:48.000
3cc12538-2bd3-4083-a632-beb0304efa97;2025-03-23 01:59:19.000;JP;Japan;Noji;2025-03-23 02:01:07.000;2025-03-23 02:01:19.000
72581e61-0912-45d4-a0bd-6e5e62e9cc4a;2025-03-23 02:15:17.000;JP;Japan;Noji;;2025-03-23 02:16:30.000
6c786811-6e50-4189-bd85-353c502f378a;2025-03-23 02:24:30.000;JP;Japan;Noji;2025-03-23 02:25:47.000;2025-03-23 02:25:23.000
ef1f4682-3033-4ae2-bec1-426ffee455c9;2025-03-23 02:28:47.000;JP;Japan;Noji;;2025-03-23 02:29:57.000
ffe2f44b-70dd-4c98-b75c-6d53cf42726d;2025-03-24 06:29:53.000;MY;Malaysia;Cyberjaya;;
ffe2f44b-70dd-4c98-b75c-6d53cf42726d;2025-03-24 06:30:07.000;MY;Malaysia;Cyberjaya;;
642dd180-d07e-4d94-8d91-74a80171cb95;2025-03-24 06:32:34.000;MY;Malaysia;Cyberjaya;;
e2a13df1-1da6-4e48-8cd5-4d09981cde9d;2025-03-24 06:32:55.000;MY;Malaysia;Cyberjaya;;
bfecbbf1-7cdf-44fd-9fa7-7173676b3f64;2025-03-24 08:22:15.000;DE;Germany;Münster;;2025-03-24 08:23:13.000
636b1f38-4d06-40ae-92ae-f67e71aabffc;2025-03-24 10:59:21.000;CH;Switzerland;Hünenberg;2025-03-24 11:00:57.000;2025-03-24 11:02:12.000
636b1f38-4d06-40ae-92ae-f67e71aabffc;2025-03-24 10:59:21.000;CH;Switzerland;Hünenberg;2025-03-24 11:00:57.000;2025-03-24 11:02:11.000
636b1f38-4d06-40ae-92ae-f67e71aabffc;2025-03-24 10:59:21.000;CH;Switzerland;Hünenberg;2025-03-24 11:00:56.000;2025-03-24 11:02:11.000
636b1f38-4d06-40ae-92ae-f67e71aabffc;2025-03-24 10:59:21.000;CH;Switzerland;Hünenberg;2025-03-24 11:00:56.000;2025-03-24 11:02:12.000
60a27b5f-435f-4870-a828-f98067e29f2b;2025-03-24 10:59:32.000;CH;Switzerland;Hünenberg;2025-03-24 11:01:00.000;2025-03-24 11:00:57.000
e92660bf-ba1b-4c85-9834-54613e15eafc;2025-03-24 11:01:16.000;CH;Switzerland;Hünenberg;2025-03-24 11:02:13.000;2025-03-24 11:02:49.000
e92660bf-ba1b-4c85-9834-54613e15eafc;2025-03-24 11:01:16.000;CH;Switzerland;Hünenberg;2025-03-24 11:02:13.000;2025-03-24 11:13:03.000
e92660bf-ba1b-4c85-9834-54613e15eafc;2025-03-24 11:01:16.000;CH;Switzerland;Hünenberg;2025-03-24 11:02:13.000;2025-03-24 11:06:52.000
bb9407eb-9190-4632-937d-8c4a307b4b22;2025-03-24 11:02:00.000;CH;Switzerland;Hünenberg;2025-03-24 11:06:06.000;2025-03-24 11:05:57.000
9345a0b0-9642-400b-b718-9d8226d9d96b;2025-03-24 11:02:00.000;CH;Switzerland;Hünenberg;2025-03-24 11:03:34.000;
01baa20e-3ad7-4c0e-9526-6fc31c352964;2025-03-24 11:02:38.000;CH;Switzerland;Hünenberg;2025-03-24 11:11:03.000;2025-03-24 11:05:07.000
c34b2047-ea87-4991-9c5f-1bc1ed2add03;2025-03-24 11:03:25.000;CH;Switzerland;Lausanne;2025-03-24 11:14:30.000;2025-03-24 11:14:27.000
d32c5a5e-08dd-4079-a747-9139471031a2;2025-03-24 11:03:45.000;CH;Switzerland;Hünenberg;;2025-03-24 11:06:28.000
dc6b959a-ae19-489b-995e-b08f68ea689a;2025-03-24 11:05:00.000;GB;United Kingdom;None;2025-03-24 11:06:47.000;2025-03-24 11:07:19.000
bb9407eb-9190-4632-937d-8c4a307b4b22;2025-03-24 11:05:26.000;CH;Switzerland;Hünenberg;2025-03-24 11:06:06.000;2025-03-24 11:05:57.000
224e6454-7b0e-40d0-b24f-a4d8c77d9fb5;2025-03-24 11:08:57.000;IT;Italy;Brebbia;2025-03-24 11:09:26.000;2025-03-24 11:09:31.000
faca18ba-3e39-4cf5-9199-9281124f721d;2025-03-24 11:10:06.000;DE;Germany;Münster;2025-03-24 11:11:19.000;2025-03-24 11:11:20.000
19beee00-a3b1-4bc2-86e5-69b70b1a462b;2025-03-24 11:19:11.000;CH;Switzerland;Hünenberg;;
d4e6aa65-32a1-4395-9fed-6f3ff6d8f041;2025-03-24 12:13:55.000;PH;Philippines;Davao City;;
d4e6aa65-32a1-4395-9fed-6f3ff6d8f041;2025-03-24 12:14:17.000;PH;Philippines;Davao City;;
fd6ac22f-f5ea-4d38-a257-422c7b18eef3;2025-04-01 08:25:15.000;RO;Romania;Sector 3;;
b00aaa39-688a-4ea2-afdd-749bad979c11;2025-04-01 09:58:11.000;DE;Germany;Mannheim;;2025-04-01 09:58:45.000
c0ca93fb-4be2-41a6-a243-5b010728882b;2025-04-01 10:50:15.000;IS;Iceland;Reykjavik;;2025-04-01 10:50:40.000
5e231f90-33ee-4c29-9561-0a6f17dce5c6;2025-04-01 10:56:17.000;IS;Iceland;Reykjavik;;2025-04-01 10:56:45.000
2ab10988-2a06-4fb9-8b7d-6df3f846bcc1;2025-04-01 11:09:50.000;IS;Iceland;Reykjavik;;2025-04-01 11:10:28.000
815200c4-a9c1-4164-a604-62a336d4842f;2025-04-01 11:21:15.000;IS;Iceland;Reykjavik;;2025-04-01 11:23:30.000
1a703b89-9e2c-45fe-a5d4-64c05198a505;2025-04-01 11:31:38.000;IS;Iceland;Reykjavik;;2025-04-01 11:31:53.000
60be39db-f4a3-419f-877c-b1ec663bc08c;2025-04-01 11:39:45.000;IS;Iceland;Reykjavik;;2025-04-01 11:42:01.000
48c1286b-dd35-4ce4-be46-7f62b17ed0c8;2025-04-01 11:47:02.000;IS;Iceland;Reykjavik;;2025-04-01 11:47:34.000
be1a6fc0-d1eb-49b4-8415-cf28f9add109;2025-04-01 11:58:42.000;IS;Iceland;Reykjavik;;2025-04-01 11:59:05.000
33b7aa8c-1481-482b-ab7e-45f95ec26e67;2025-04-01 12:07:49.000;IS;Iceland;Reykjavik;;2025-04-01 12:09:32.000
49dbb622-d482-4ce4-abcc-aeb59e5dde04;2025-04-01 12:17:50.000;IS;Iceland;Reykjavik;;2025-04-01 12:18:17.000
e18cf8b7-b844-485f-8494-a3c4b22dc338;2025-04-01 12:27:09.000;IS;Iceland;Reykjavik;;2025-04-01 12:27:34.000
1c563e6d-dbb9-41c7-a487-34f9c7c91344;2025-04-01 12:41:31.000;IS;Iceland;Reykjavik;;2025-04-01 12:42:09.000
8ee2947e-e557-4d7b-84c3-6423c0d9f1bf;2025-04-01 15:21:28.000;GB;United Kingdom;None;2025-04-01 15:22:00.000;2025-04-01 15:22:03.000
b82d6986-2c25-454a-be74-edc305200615;2025-04-01 22:12:56.000;CA;Canada;Surrey;;
ce34133e-6be0-4337-90a3-ac9378f6459d;2025-04-01 22:17:51.000;CA;Canada;Surrey;;
664176fb-d3cc-43ab-8eec-685d78cdd276;2025-04-01 22:19:00.000;CA;Canada;Surrey;;2025-04-01 22:19:45.000
664176fb-d3cc-43ab-8eec-685d78cdd276;2025-04-01 22:19:00.000;CA;Canada;Surrey;;2025-04-01 22:20:23.000
faf7ddc9-d513-48e1-bd24-9c1120cc8295;2025-04-02 12:28:39.000;DE;Germany;Osnabrück;2025-04-02 12:29:17.000;2025-04-02 12:29:04.000
0f0e8315-39f3-4042-b3f3-df0546e81fb7;2025-04-02 14:30:25.000;DE;Germany;Ansbach;;
098acbd2-d9b4-4b20-8ab0-0ac460db8ab9;2025-04-02 16:06:24.000;IS;Iceland;Reykjavik;2025-04-02 16:27:47.000;2025-04-02 16:27:55.000
7ae1d308-ff40-4c79-92ce-aa3b5bb45a43;2025-04-02 18:08:26.000;ES;Spain;Málaga;;
18549562-0f4b-4a0d-b7f8-68d1bf1290e4;2025-04-02 20:18:58.000;CL;Chile;Santiago;2025-04-02 22:19:53.000;2025-04-02 22:19:53.000
18549562-0f4b-4a0d-b7f8-68d1bf1290e4;2025-04-02 20:18:58.000;CL;Chile;Santiago;2025-04-02 22:20:05.000;2025-04-02 22:19:53.000
a0825c05-e2f1-4aa7-9747-d9d6e102853a;2025-04-03 09:53:56.000;DE;Germany;Berlin;2025-04-03 09:56:47.000;2025-04-03 09:55:17.000
a0825c05-e2f1-4aa7-9747-d9d6e102853a;2025-04-03 09:53:56.000;DE;Germany;Berlin;2025-04-03 09:55:11.000;2025-04-03 09:55:17.000
a0825c05-e2f1-4aa7-9747-d9d6e102853a;2025-04-03 09:53:56.000;DE;Germany;Berlin;2025-04-03 09:55:48.000;2025-04-03 09:55:17.000
92cf1842-6038-42a6-b8ac-87d5a81766ee;2025-04-03 22:24:32.000;US;United States;Montclair;;
1bac4e03-3911-4ae6-8311-3ec673703324;2025-04-04 12:12:29.000;FI;Finland;Helsinki;;
bb5c565e-f0d6-4cea-a0c6-fc9178167c2a;2025-04-05 13:56:48.000;IE;Ireland;Dublin;2025-04-05 13:57:51.000;2025-04-05 13:59:27.000
269adf6f-f5e0-45cf-81cb-984091f6f1b6;2025-04-05 14:05:58.000;IE;Ireland;Dublin;2025-04-05 14:06:35.000;
1624179e-11fb-4774-9a00-7153a757a2c9;2025-04-06 02:34:10.000;CO;Colombia;Ibagué;2025-04-06 02:35:02.000;2025-04-06 02:35:21.000
b78ffb95-13b0-4d16-a17d-55fe272432ec;2025-04-06 18:58:37.000;CO;Colombia;Ibagué;;2025-04-06 18:59:25.000
1e5de691-d603-4329-8f73-dee42e1ed275;2025-04-06 19:02:05.000;CO;Colombia;Ibagué;;2025-04-06 19:02:28.000
b9b6a1ce-9004-4296-992d-597604f45c5e;2025-04-06 19:21:59.000;CO;Colombia;Ibagué;;2025-04-06 19:22:47.000
b9b6a1ce-9004-4296-992d-597604f45c5e;2025-04-06 19:21:59.000;CO;Colombia;Ibagué;;2025-04-06 19:22:56.000
b9b6a1ce-9004-4296-992d-597604f45c5e;2025-04-06 19:21:59.000;CO;Colombia;Ibagué;;2025-04-07 00:27:00.000
74419852-d3fa-4a78-af2f-a21ffecf2833;2025-04-06 19:56:58.000;CO;Colombia;Ibagué;2025-04-06 19:58:24.000;2025-04-06 19:58:33.000
74419852-d3fa-4a78-af2f-a21ffecf2833;2025-04-06 19:56:58.000;CO;Colombia;Ibagué;2025-04-06 19:58:24.000;2025-04-06 19:57:22.000
74419852-d3fa-4a78-af2f-a21ffecf2833;2025-04-06 19:56:58.000;CO;Colombia;Ibagué;2025-04-06 20:10:01.000;2025-04-06 20:06:40.000
74419852-d3fa-4a78-af2f-a21ffecf2833;2025-04-06 19:56:58.000;CO;Colombia;Ibagué;2025-04-06 20:10:01.000;2025-04-06 19:57:22.000
74419852-d3fa-4a78-af2f-a21ffecf2833;2025-04-06 19:56:58.000;CO;Colombia;Ibagué;2025-04-06 20:10:01.000;2025-04-06 19:58:33.000
74419852-d3fa-4a78-af2f-a21ffecf2833;2025-04-06 19:56:58.000;CO;Colombia;Ibagué;2025-04-06 20:10:01.000;2025-04-06 20:02:02.000
74419852-d3fa-4a78-af2f-a21ffecf2833;2025-04-06 19:56:58.000;CO;Colombia;Ibagué;2025-04-06 19:58:24.000;2025-04-06 20:06:40.000
74419852-d3fa-4a78-af2f-a21ffecf2833;2025-04-06 19:56:58.000;CO;Colombia;Ibagué;2025-04-06 19:58:24.000;2025-04-06 20:02:02.000
ce3e070b-fbf9-42e3-b22b-5148c61fe3c4;2025-04-06 20:18:27.000;CO;Colombia;Ibagué;2025-04-06 20:28:22.000;2025-04-06 20:18:45.000
ce3e070b-fbf9-42e3-b22b-5148c61fe3c4;2025-04-06 20:18:27.000;CO;Colombia;Ibagué;2025-04-06 20:28:22.000;2025-04-06 20:19:16.000
ce3e070b-fbf9-42e3-b22b-5148c61fe3c4;2025-04-06 20:18:27.000;CO;Colombia;Ibagué;2025-04-06 20:28:22.000;2025-04-06 20:20:28.000
ce3e070b-fbf9-42e3-b22b-5148c61fe3c4;2025-04-06 20:18:27.000;CO;Colombia;Ibagué;2025-04-06 20:28:22.000;2025-04-06 20:22:22.000
ce3e070b-fbf9-42e3-b22b-5148c61fe3c4;2025-04-06 20:18:27.000;CO;Colombia;Ibagué;2025-04-06 20:28:22.000;2025-04-06 20:25:07.000
ce3e070b-fbf9-42e3-b22b-5148c61fe3c4;2025-04-06 20:18:27.000;CO;Colombia;Ibagué;2025-04-06 20:28:22.000;2025-04-06 22:28:25.000
01e1667b-08cd-4e5f-90b6-b38b6b1af398;2025-04-06 22:29:46.000;CO;Colombia;Ibagué;;2025-04-06 22:30:23.000
74419852-d3fa-4a78-af2f-a21ffecf2833;2025-04-07 04:41:46.000;CO;Colombia;Ibagué;2025-04-06 19:58:24.000;2025-04-06 19:57:22.000
74419852-d3fa-4a78-af2f-a21ffecf2833;2025-04-07 04:41:46.000;CO;Colombia;Ibagué;2025-04-06 19:58:24.000;2025-04-06 19:58:33.000
74419852-d3fa-4a78-af2f-a21ffecf2833;2025-04-07 04:41:46.000;CO;Colombia;Ibagué;2025-04-06 19:58:24.000;2025-04-06 20:02:02.000
74419852-d3fa-4a78-af2f-a21ffecf2833;2025-04-07 04:41:46.000;CO;Colombia;Ibagué;2025-04-06 19:58:24.000;2025-04-06 20:06:40.000
74419852-d3fa-4a78-af2f-a21ffecf2833;2025-04-07 04:41:46.000;CO;Colombia;Ibagué;2025-04-06 20:10:01.000;2025-04-06 20:02:02.000
74419852-d3fa-4a78-af2f-a21ffecf2833;2025-04-07 04:41:46.000;CO;Colombia;Ibagué;2025-04-06 20:10:01.000;2025-04-06 19:58:33.000
74419852-d3fa-4a78-af2f-a21ffecf2833;2025-04-07 04:41:46.000;CO;Colombia;Ibagué;2025-04-06 20:10:01.000;2025-04-06 19:57:22.000
74419852-d3fa-4a78-af2f-a21ffecf2833;2025-04-07 04:41:46.000;CO;Colombia;Ibagué;2025-04-06 20:10:01.000;2025-04-06 20:06:40.000
e8a13908-bca1-45b7-ab4b-4d637490c00e;2025-04-07 17:08:56.000;BR;Brazil;Curitiba;2025-04-07 17:14:50.000;2025-04-07 17:19:27.000
364a976c-c6c1-4876-8ff0-bcbf4b4d42bb;2025-04-08 00:25:06.000;PH;Philippines;Lucena City;;
9164102a-b9de-4c5b-ae07-4fed01266648;2025-04-08 01:52:37.000;PH;Philippines;Lucena City;;
589face4-db08-4e5e-ac2f-caa67341e36b;2025-04-08 03:34:44.000;PH;Philippines;Lucena City;;
b78ffb95-13b0-4d16-a17d-55fe272432ec;2025-04-08 11:35:28.000;CO;Colombia;Ibagué;;2025-04-06 18:59:25.000
f5bf3602-cb01-4622-8ef4-334a29dc66e4;2025-04-09 08:15:01.000;SO;Somalia;Hargeisa;;2025-04-09 08:15:39.000
f309c2de-a1ae-402e-a97d-fc8085fa4694;2025-04-09 08:23:06.000;SO;Somalia;Hargeisa;2025-04-09 08:24:07.000;2025-04-09 08:23:36.000
96577922-8628-482d-b059-c932e28f53b3;2025-04-09 08:29:16.000;SO;Somalia;Hargeisa;;2025-04-09 08:30:27.000
96577922-8628-482d-b059-c932e28f53b3;2025-04-09 08:29:16.000;SO;Somalia;Hargeisa;;2025-04-09 08:31:20.000
8d6781ef-595d-445c-bc5a-0400af7f8b6e;2025-04-09 08:29:16.000;SO;Somalia;Hargeisa;;
7ffa604a-c2b1-44cd-a35c-67f41414cb93;2025-04-09 08:29:19.000;SO;Somalia;Hargeisa;;
c77ef47c-b89c-4f65-83f6-2afa4268b34c;2025-04-09 08:29:52.000;SO;Somalia;Hargeisa;;2025-04-09 08:32:29.000
2f9deea0-96c0-4c19-8a08-8335c421c990;2025-04-09 08:29:53.000;SO;Somalia;Hargeisa;;2025-04-09 08:32:03.000
9842a8cd-f751-471e-a568-dfd7160c6669;2025-04-09 08:31:58.000;SO;Somalia;Hargeisa;;2025-04-09 08:32:39.000
9842a8cd-f751-471e-a568-dfd7160c6669;2025-04-09 08:31:58.000;SO;Somalia;Hargeisa;;2025-04-09 08:33:24.000
315e2d9b-2f9c-416b-b4ba-f4ac34eda1ae;2025-04-09 08:32:16.000;SO;Somalia;Hargeisa;2025-04-09 08:48:29.000;2025-04-09 08:34:00.000
315e2d9b-2f9c-416b-b4ba-f4ac34eda1ae;2025-04-09 08:32:16.000;SO;Somalia;Hargeisa;2025-04-09 08:48:29.000;2025-04-09 08:35:56.000
315e2d9b-2f9c-416b-b4ba-f4ac34eda1ae;2025-04-09 08:32:16.000;SO;Somalia;Hargeisa;2025-04-09 08:48:29.000;2025-04-09 08:33:45.000
e54dabf9-82e1-4eb3-9ecb-72dbd18c7661;2025-04-09 08:32:28.000;SO;Somalia;Hargeisa;;2025-04-09 08:33:35.000
be0bdefd-cec5-4f15-ad2f-a5952cb8bc7a;2025-04-09 08:40:38.000;SO;Somalia;Hargeisa;;
5909cd1b-8ffe-4910-9f9d-5c0f684c38ec;2025-04-09 08:46:50.000;SO;Somalia;Hargeisa;;
7373b506-f61e-474a-ac3d-16cab3625b50;2025-04-09 10:18:20.000;IN;India;Gurugram;;
5c00accc-27bf-47ec-a9e4-24e03c2779ed;2025-04-09 10:32:01.000;IN;India;Shillong;2025-04-09 10:33:52.000;2025-04-09 10:33:49.000
6d7a8c6c-c767-4172-b90f-08c22ac102bd;2025-04-09 14:30:39.000;SO;Somalia;Hargeisa;;2025-04-09 14:34:44.000
97783f80-b3a9-43de-85b1-95132c3669e0;2025-04-09 15:28:52.000;SO;Somalia;Hargeisa;2025-04-09 15:29:58.000;2025-04-09 15:29:31.000
97783f80-b3a9-43de-85b1-95132c3669e0;2025-04-09 15:28:52.000;SO;Somalia;Hargeisa;2025-04-09 15:30:28.000;2025-04-09 15:29:31.000
01e1667b-08cd-4e5f-90b6-b38b6b1af398;2025-04-09 22:34:33.000;CO;Colombia;Bogotá;;2025-04-06 22:30:23.000
0046b8ac-178d-480b-b7bc-541e7d40760d;2025-04-09 22:34:59.000;CO;Colombia;Bogotá;;2025-04-09 22:36:30.000
b00e6336-073d-4864-83c9-9fe8436cedf2;2025-04-09 23:03:43.000;CO;Colombia;Bogotá;;2025-04-09 23:04:19.000
b00e6336-073d-4864-83c9-9fe8436cedf2;2025-04-09 23:03:43.000;CO;Colombia;Bogotá;;2025-04-09 23:04:13.000
b00e6336-073d-4864-83c9-9fe8436cedf2;2025-04-09 23:03:43.000;CO;Colombia;Bogotá;;2025-04-09 23:04:03.000
535efa82-d10a-48d9-8c2a-61bac7eec087;2025-04-10 05:28:46.000;US;United States;Ellensburg;2025-04-10 05:29:24.000;2025-04-10 05:29:13.000
535efa82-d10a-48d9-8c2a-61bac7eec087;2025-04-10 05:28:46.000;US;United States;Ellensburg;2025-04-10 05:30:38.000;2025-04-10 05:29:13.000
4117eb1f-8b7d-4bd6-85ec-dede2d47bd6c;2025-04-10 14:32:45.000;DE;Germany;Bramsche;;2025-04-10 14:33:32.000
213aab26-3a9f-4ded-96d8-f242a5746ef4;2025-04-10 18:14:36.000;CO;Colombia;Bogotá;;2025-04-10 18:15:07.000
007a4c90-ef26-4f1f-a377-5a813019fcb8;2025-04-10 19:12:31.000;CO;Colombia;Bogotá;;2025-04-10 19:16:05.000
007a4c90-ef26-4f1f-a377-5a813019fcb8;2025-04-10 19:12:31.000;CO;Colombia;Bogotá;;2025-04-10 19:13:16.000
bc47f1b9-ecf3-4115-b5b8-1053b325e8f4;2025-04-10 19:18:30.000;CO;Colombia;Bogotá;;2025-04-10 19:23:55.000
bc47f1b9-ecf3-4115-b5b8-1053b325e8f4;2025-04-10 19:18:30.000;CO;Colombia;Bogotá;;2025-04-10 19:18:46.000
bc47f1b9-ecf3-4115-b5b8-1053b325e8f4;2025-04-10 19:18:30.000;CO;Colombia;Bogotá;;2025-04-10 19:31:34.000
9f1b328e-3880-4764-b2af-90d08c8eb299;2025-04-10 19:19:52.000;CO;Colombia;Bogotá;2025-04-10 19:20:35.000;2025-04-10 19:22:23.000
9f1b328e-3880-4764-b2af-90d08c8eb299;2025-04-10 19:19:52.000;CO;Colombia;Bogotá;2025-04-10 19:20:37.000;2025-04-10 19:22:23.000
42da0e83-aece-400b-b831-697144f9be83;2025-04-10 19:39:33.000;CO;Colombia;Bogotá;;2025-04-10 19:40:42.000
5418f6b7-5f5a-48d9-a9f5-8bf6a2fe5fa5;2025-04-10 19:55:59.000;CO;Colombia;Bogotá;2025-04-10 19:57:31.000;2025-04-10 19:56:39.000
778aee20-fa44-425b-b27e-79a721d139fc;2025-04-10 20:07:30.000;CO;Colombia;Bogotá;;2025-04-10 20:08:05.000
b6eeae03-d3a1-4d79-bc6a-d70d909962c0;2025-04-10 20:07:33.000;CO;Colombia;Bogotá;;2025-04-10 20:08:25.000
6975ba21-f222-4888-878e-055133825195;2025-04-10 20:11:33.000;CO;Colombia;Bogotá;;2025-04-10 20:22:17.000
6975ba21-f222-4888-878e-055133825195;2025-04-10 20:11:33.000;CO;Colombia;Bogotá;;2025-04-10 20:22:16.000
6975ba21-f222-4888-878e-055133825195;2025-04-10 20:11:33.000;CO;Colombia;Bogotá;;2025-04-10 20:22:18.000
6975ba21-f222-4888-878e-055133825195;2025-04-10 20:11:33.000;CO;Colombia;Bogotá;;2025-04-10 20:12:45.000
6425add6-718d-4d75-b38e-328dd95f29d9;2025-04-10 20:13:35.000;CO;Colombia;Bogotá;;2025-04-10 20:23:00.000
6425add6-718d-4d75-b38e-328dd95f29d9;2025-04-10 20:13:35.000;CO;Colombia;Bogotá;;2025-04-10 20:14:28.000
efaf98c2-3920-4975-a048-16941baaaa06;2025-04-10 20:13:51.000;CO;Colombia;Bogotá;2025-04-10 20:15:22.000;2025-04-10 20:14:37.000
efaf98c2-3920-4975-a048-16941baaaa06;2025-04-10 20:13:51.000;CO;Colombia;Bogotá;2025-04-10 20:15:22.000;2025-04-10 20:16:36.000
24fe67de-7294-40df-aada-a31184ed9cdf;2025-04-10 20:14:34.000;CO;Colombia;Bogotá;;2025-04-10 20:15:12.000
e9f1125f-5c93-4e5b-9c0f-ecd2c6b4c190;2025-04-10 20:20:11.000;CO;Colombia;Bogotá;2025-04-10 20:20:47.000;2025-04-10 20:20:42.000
e9f1125f-5c93-4e5b-9c0f-ecd2c6b4c190;2025-04-10 20:21:01.000;CO;Colombia;Bogotá;2025-04-10 20:20:47.000;2025-04-10 20:20:42.000
6c3ff1ce-1098-4295-8143-508fea598075;2025-04-10 20:24:03.000;CO;Colombia;Bogotá;;2025-04-10 20:24:23.000
88ad6c91-3d8a-4d79-8bea-33beac73c76b;2025-04-10 20:24:48.000;CO;Colombia;Bogotá;;
efaf98c2-3920-4975-a048-16941baaaa06;2025-04-10 20:39:50.000;CO;Colombia;Bogotá;2025-04-10 20:15:22.000;2025-04-10 20:16:36.000
efaf98c2-3920-4975-a048-16941baaaa06;2025-04-10 20:39:50.000;CO;Colombia;Bogotá;2025-04-10 20:15:22.000;2025-04-10 20:14:37.000
3bc127e9-e090-4d36-a283-b3e305255b8c;2025-04-10 20:47:30.000;CO;Colombia;Bogotá;;2025-04-10 20:48:33.000
c0da3236-1117-43d7-93c9-c0b24df302bd;2025-04-10 21:12:26.000;CO;Colombia;Bogotá;2025-04-10 21:13:18.000;2025-04-10 21:13:36.000
c0da3236-1117-43d7-93c9-c0b24df302bd;2025-04-10 21:12:52.000;CO;Colombia;Bogotá;2025-04-10 21:13:18.000;2025-04-10 21:13:36.000
c0da3236-1117-43d7-93c9-c0b24df302bd;2025-04-10 21:13:14.000;CO;Colombia;Bogotá;2025-04-10 21:13:18.000;2025-04-10 21:13:36.000
3851e3c6-313c-4669-aca1-ef846e3f64cb;2025-04-10 21:25:07.000;CO;Colombia;Bogotá;;2025-04-10 21:25:26.000
512db0ca-0aea-4752-b4e6-b16a3391519b;2025-04-11 00:22:17.000;CO;Colombia;Bogotá;;2025-04-11 00:22:56.000
512db0ca-0aea-4752-b4e6-b16a3391519b;2025-04-11 12:17:55.000;CO;Colombia;Bogotá;;2025-04-11 00:22:56.000
53aa1e34-2b02-4136-8244-9ac46bf8cc53;2025-04-11 15:40:37.000;JM;Jamaica;Kingston;;
53aa1e34-2b02-4136-8244-9ac46bf8cc53;2025-04-11 15:41:33.000;JM;Jamaica;Kingston;;
e5e8d418-9216-4bf8-b34b-dc60c5a813b5;2025-04-11 15:41:58.000;JM;Jamaica;Kingston;;
f7ebbced-a5e3-4bfb-a3b8-3e16cfc14b65;2025-04-11 17:09:00.000;JM;Jamaica;Kingston;;
042ea4d3-e35c-4597-a8b1-405c4962422b;2025-04-13 15:04:12.000;DE;Germany;Bielefeld;;
54e30ad7-a51f-4b60-826a-2402faa58ad9;2025-04-13 15:04:39.000;DE;Germany;Bielefeld;;
7f33578a-4d96-42c6-ab57-3411cbc946f2;2025-04-14 20:50:45.000;CO;Colombia;Neiva;;2025-04-14 20:51:05.000
d2d8a17e-cbbb-40ed-98ee-156e5749483a;2025-04-15 07:13:38.000;DE;Germany;Neu-Ulm;2025-04-15 07:22:29.000;2025-04-15 07:21:02.000
d2d8a17e-cbbb-40ed-98ee-156e5749483a;2025-04-15 07:13:38.000;DE;Germany;Neu-Ulm;2025-04-15 07:22:29.000;2025-04-15 07:22:32.000
d2d8a17e-cbbb-40ed-98ee-156e5749483a;2025-04-15 07:13:38.000;DE;Germany;Neu-Ulm;2025-04-15 07:20:59.000;2025-04-15 07:21:02.000
d2d8a17e-cbbb-40ed-98ee-156e5749483a;2025-04-15 07:13:38.000;DE;Germany;Neu-Ulm;2025-04-15 07:20:59.000;2025-04-15 07:22:32.000
fab4b7aa-9c98-436c-8e65-b48b20e8b4a1;2025-04-15 07:45:46.000;DE;Germany;Neu-Ulm;2025-04-15 07:49:31.000;2025-04-15 07:49:29.000
e888e162-0ba5-46c6-80a5-21eeb7a46e3e;2025-04-15 14:14:19.000;HN;Honduras;Tegucigalpa;2025-04-15 14:21:35.000;2025-04-15 14:21:25.000
e888e162-0ba5-46c6-80a5-21eeb7a46e3e;2025-04-15 14:14:19.000;HN;Honduras;Tegucigalpa;2025-04-15 14:21:09.000;2025-04-15 14:21:25.000
da262b86-fd1a-4bc1-ad2e-2c19496e54cb;2025-04-15 14:26:20.000;HN;Honduras;Tegucigalpa;2025-04-15 14:31:14.000;2025-04-15 14:31:21.000
33d2737c-612c-4a50-ae20-c69036dfc4c4;2025-04-17 07:50:05.000;IT;Italy;Bolzano;;2025-04-17 07:50:33.000
e4aac200-82f0-467c-97db-48673a21b223;2025-04-17 08:44:31.000;FI;Finland;Turku;2025-04-17 08:45:30.000;2025-04-17 08:45:27.000
7ca6d72c-672b-4fcb-9403-2588c627d8f8;2025-04-17 09:01:32.000;FI;Finland;Turku;2025-04-17 09:01:57.000;2025-04-17 09:01:54.000
44dc0d26-e50c-47b9-9d02-3d17ccb540db;2025-04-17 09:02:12.000;FI;Finland;Turku;2025-04-17 09:04:26.000;2025-04-17 09:04:25.000
44dc0d26-e50c-47b9-9d02-3d17ccb540db;2025-04-17 09:02:12.000;FI;Finland;Turku;2025-04-17 09:02:33.000;2025-04-17 09:02:32.000
44dc0d26-e50c-47b9-9d02-3d17ccb540db;2025-04-17 09:02:12.000;FI;Finland;Turku;2025-04-17 09:02:33.000;2025-04-17 09:04:25.000
44dc0d26-e50c-47b9-9d02-3d17ccb540db;2025-04-17 09:02:12.000;FI;Finland;Turku;2025-04-17 09:04:26.000;2025-04-17 09:02:32.000
43ba2b5e-016f-47da-83ec-0cafb0c9de41;2025-04-17 09:11:58.000;FI;Finland;Turku;2025-04-17 09:12:29.000;2025-04-17 09:12:27.000
c61909a6-a79a-4190-aa50-0051c6446b26;2025-04-17 12:23:07.000;DE;Germany;Berlin;;
ee5ad8c8-0a5c-450d-ac04-b7d0f3d0200e;2025-04-17 12:24:14.000;DE;Germany;Berlin;2025-04-17 12:24:39.000;
69e4dd1a-02d5-4b84-99b5-50f11d20a3e1;2025-04-21 04:19:56.000;PH;Philippines;Lucena City;;
43ba2b5e-016f-47da-83ec-0cafb0c9de41;2025-04-21 09:59:27.000;FI;Finland;Turku;2025-04-17 09:12:29.000;2025-04-17 09:12:27.000
167df4b6-691c-4a71-9b41-6ad7754ea3d1;2025-04-21 18:34:15.000;MA;Morocco;None;2025-04-21 18:35:03.000;2025-04-21 18:34:54.000
8bbf11e3-536c-4cfc-af7f-e68854998f3b;2025-04-23 09:52:06.000;DE;Germany;Emmendingen;;2025-04-23 09:52:34.000
075a4cc4-68db-444d-9bbc-d3afdca755da;2025-04-23 10:00:05.000;DE;Germany;Berlin;;
32c693f5-4994-4ca8-9cde-8971b9d7bbfb;2025-04-23 12:47:52.000;DE;Germany;Berlin;;
5cf2a11a-25df-4271-b57f-c8ab98ab92d1;2025-04-23 14:27:41.000;CO;Colombia;Bogotá;2025-04-23 15:34:31.000;2025-04-23 14:28:11.000
0865830c-0efc-43e2-b515-53b4b2c898a3;2025-04-23 15:35:59.000;CO;Colombia;Bogotá;2025-04-23 15:39:18.000;2025-04-23 15:39:12.000
e9f88cce-97a7-482c-a2df-4a0bf5b4f421;2025-04-23 18:03:12.000;CO;Colombia;Bogotá;;2025-04-23 18:03:35.000
e9f88cce-97a7-482c-a2df-4a0bf5b4f421;2025-04-23 18:03:12.000;CO;Colombia;Bogotá;;2025-04-23 18:03:52.000
a23cac48-4348-4f8b-9484-d68164fbb0d4;2025-04-23 21:01:24.000;CO;Colombia;Bogotá;;2025-04-23 21:03:08.000
2842f2bb-6105-4b3b-bc2e-14a582fdfac6;2025-04-24 05:34:13.000;GB;United Kingdom;None;;
896238b0-3a1f-4d21-954d-7b9417f93cc5;2025-04-24 13:14:17.000;TR;Türkiye;Istanbul;;
8161562a-4e0c-46a4-a17d-91c4101d2f1e;2025-04-24 14:50:23.000;HN;Honduras;Tegucigalpa;;
8161562a-4e0c-46a4-a17d-91c4101d2f1e;2025-04-24 14:50:47.000;HN;Honduras;Tegucigalpa;;
0888c8ea-f0aa-4f27-b79d-c19b7ef49682;2025-04-24 16:43:54.000;DE;Germany;Heidelberg;;
ba558f25-7b2d-453e-9d7d-5531d2d5bb4b;2025-04-24 16:47:50.000;DE;Germany;Heidelberg;2025-04-24 16:48:20.000;2025-04-24 16:55:22.000
ba558f25-7b2d-453e-9d7d-5531d2d5bb4b;2025-04-24 16:47:50.000;DE;Germany;Heidelberg;2025-04-24 16:48:20.000;2025-04-24 16:55:46.000
20df5312-20bc-45a8-9c1d-3c42d59b6595;2025-04-24 16:49:35.000;DE;Germany;Heidelberg;2025-04-24 16:50:07.000;
5b5c72d8-546d-4125-b6ed-0fe5cfcd5414;2025-04-24 16:53:37.000;DE;Germany;Heidelberg;2025-04-24 16:54:04.000;2025-04-24 16:54:00.000
7878393e-a953-4e29-96f0-31008411da86;2025-04-25 14:07:58.000;PH;Philippines;Paranaque City;;
9dfbef8b-bd33-4d89-bddc-a2f35b428957;2025-04-26 11:42:54.000;FR;France;Toulouse;;
b3308120-82ea-4206-9584-7616c2a65f19;2025-04-27 02:44:49.000;PH;Philippines;Cebu City;;
12ac0893-b834-4ed6-b700-23821ec74a85;2025-04-27 19:27:56.000;IT;Italy;Rome;;
3e0beacf-0d53-486d-9fb5-2175bb9f53fc;2025-04-28 07:39:01.000;PH;Philippines;Manila;;
59588b36-bb85-4322-92c3-6d5a10215f2f;2025-04-29 06:33:50.000;SO;Somalia;Hargeisa;;2025-04-29 06:34:31.000
68c86693-9489-4e7f-a8e1-0a1bf7039f13;2025-04-29 06:34:32.000;SO;Somalia;Hargeisa;;2025-04-29 06:38:51.000
68c86693-9489-4e7f-a8e1-0a1bf7039f13;2025-04-29 06:34:32.000;SO;Somalia;Hargeisa;;2025-04-29 06:53:32.000
68c86693-9489-4e7f-a8e1-0a1bf7039f13;2025-04-29 06:34:32.000;SO;Somalia;Hargeisa;;2025-04-29 06:35:03.000
13100074-8855-444d-9ce0-4f5de8b672c6;2025-04-29 06:38:47.000;SO;Somalia;Hargeisa;;
ace3a6eb-5e4d-45f2-bf44-adabf23d2c28;2025-04-29 06:41:11.000;SO;Somalia;Hargeisa;;2025-04-29 06:42:11.000
ace3a6eb-5e4d-45f2-bf44-adabf23d2c28;2025-04-29 06:41:11.000;SO;Somalia;Hargeisa;;2025-04-29 06:41:40.000
40a5f961-289e-4b8c-8198-5ca4f4091baf;2025-04-29 07:07:24.000;SO;Somalia;Hargeisa;;2025-04-29 07:07:51.000
2a9e3c6c-c084-43e0-b955-eb729840a0df;2025-04-29 07:27:05.000;SO;Somalia;Hargeisa;;2025-04-29 07:27:56.000
7c9843b9-d966-4665-a2f1-27e91169900f;2025-04-29 08:29:36.000;PL;Poland;Lodz;2025-04-29 08:31:14.000;2025-04-29 08:30:24.000
0c4a8246-5089-494c-ad72-20f22a09bcd5;2025-04-29 13:14:22.000;BR;Brazil;Curitiba;;2025-04-29 13:15:50.000
12d976dd-2004-4a48-97ba-d4e446b3ad56;2025-04-29 13:36:47.000;BR;Brazil;Curitiba;;2025-04-29 13:43:40.000
d0ebb6f6-b9b6-43f0-b1a6-de14f796490d;2025-04-29 13:48:31.000;BR;Brazil;Curitiba;;2025-04-29 13:49:43.000
a0fac5aa-7f82-4937-a750-fd7ad0f648da;2025-04-29 13:55:11.000;BR;Brazil;Curitiba;;2025-04-29 13:56:25.000
6d88021c-f52c-4087-869b-d695601ab0d4;2025-04-29 14:07:47.000;BR;Brazil;Caçador;;2025-04-29 14:08:41.000
52992d29-4128-406d-91e5-f3833d6e2d29;2025-04-29 14:11:01.000;BR;Brazil;Curitiba;;2025-04-29 14:17:38.000
436ffe12-f3ec-4c83-9369-9985717d1dab;2025-04-29 14:19:34.000;BR;Brazil;Caçador;;2025-04-29 14:21:26.000
b90c2654-fd4c-4c1f-b670-1c09dc40e3e0;2025-04-29 17:32:33.000;PH;Philippines;Caloocan City;;
5067ed2e-d438-4610-805f-f254d198c862;2025-04-29 17:33:30.000;PH;Philippines;Caloocan City;;
b2b8798d-7e67-4a5c-ba35-469027ecdf5a;2025-04-30 02:54:36.000;PH;Philippines;Manila;;
79d8d71b-5013-490a-a00a-90395923fe0a;2025-04-30 15:45:36.000;SG;Singapore;Singapore;;
68c86693-9489-4e7f-a8e1-0a1bf7039f13;2025-04-30 22:09:07.000;SO;Somalia;Hargeisa;;2025-04-29 06:35:03.000
68c86693-9489-4e7f-a8e1-0a1bf7039f13;2025-04-30 22:09:07.000;SO;Somalia;Hargeisa;;2025-04-29 06:38:51.000
68c86693-9489-4e7f-a8e1-0a1bf7039f13;2025-04-30 22:09:07.000;SO;Somalia;Hargeisa;;2025-04-29 06:53:32.000
86dd890a-c002-48df-8ed2-ef864f842758;2025-05-01 16:59:59.000;HN;Honduras;San Pedro Sula;2025-05-01 17:00:44.000;2025-05-01 17:00:48.000
e7493078-7175-42d3-a964-c4e19c94f002;2025-05-01 17:04:22.000;CO;Colombia;Medellín;2025-05-01 17:07:27.000;
79ccabce-ec0b-4812-afe1-cb27664ca70d;2025-05-01 17:13:57.000;CO;Colombia;Pereira;2025-05-01 17:14:12.000;2025-05-01 17:19:05.000
c11fb184-004a-48c0-8916-2e7d721e7695;2025-05-01 17:16:00.000;HN;Honduras;San Pedro Sula;2025-05-01 17:16:20.000;2025-05-01 17:16:22.000
8a8634f4-c3a4-4d92-8515-3dbdd6defcdb;2025-05-01 17:24:55.000;HN;Honduras;San Pedro Sula;;2025-05-01 17:26:55.000
8a8634f4-c3a4-4d92-8515-3dbdd6defcdb;2025-05-01 17:24:55.000;HN;Honduras;San Pedro Sula;;2025-05-01 17:25:38.000
7aea21c9-9b9a-494d-83b5-72bffde0ea43;2025-05-01 17:28:02.000;HN;Honduras;Tegucigalpa;;2025-05-01 17:28:21.000
8047a36f-b558-46ba-85fc-0efd762ce574;2025-05-01 17:28:50.000;HN;Honduras;San Pedro Sula;;2025-05-01 17:30:18.000
30901ccb-0ed0-4057-b2cf-407cc80c19fb;2025-05-01 17:37:39.000;HN;Honduras;San Pedro Sula;2025-05-01 20:02:47.000;
30901ccb-0ed0-4057-b2cf-407cc80c19fb;2025-05-01 17:37:39.000;HN;Honduras;San Pedro Sula;2025-05-01 17:40:29.000;
f165d8c4-c77e-4694-ae5f-b74db2102531;2025-05-01 17:37:50.000;HN;Honduras;San Pedro Sula;2025-05-01 22:09:57.000;2025-05-01 22:13:09.000
f165d8c4-c77e-4694-ae5f-b74db2102531;2025-05-01 17:37:50.000;HN;Honduras;San Pedro Sula;2025-05-01 22:10:10.000;2025-05-01 22:13:09.000
a297a86a-d549-436d-9950-ffc820bebfa9;2025-05-01 20:09:36.000;HN;Honduras;San Pedro Sula;;2025-05-01 20:10:47.000
1bdf846a-a887-44e3-bbfa-96d6c1d02193;2025-05-01 21:37:16.000;HN;Honduras;San Pedro Sula;;2025-05-01 21:40:02.000
79acc171-c021-4e97-801d-977e97a111aa;2025-05-01 22:11:56.000;HN;Honduras;San Pedro Sula;;2025-05-01 22:12:11.000
61b6dd03-943c-4fed-bcb9-2ecc58f25ce8;2025-05-01 22:12:35.000;HN;Honduras;San Pedro Sula;;2025-05-01 22:12:45.000
197460b1-6e57-4917-897e-e4cd1a49886b;2025-05-01 22:13:21.000;HN;Honduras;San Pedro Sula;;2025-05-01 22:13:32.000
7882397c-235b-4164-a773-91e3019e31d7;2025-05-01 22:16:06.000;HN;Honduras;San Pedro Sula;;2025-05-01 22:16:17.000
4bbff13c-51c2-4dba-b24d-d3a9dc856983;2025-05-01 22:16:38.000;HN;Honduras;San Pedro Sula;;2025-05-01 22:16:51.000
5d6871e7-d227-4e1b-ac89-a3c5f3e81b7e;2025-05-01 22:17:12.000;HN;Honduras;San Pedro Sula;2025-05-02 00:25:48.000;2025-05-01 22:17:27.000
c6225531-9d86-455f-abaf-b83e6a1f5df5;2025-05-01 22:17:33.000;HN;Honduras;San Pedro Sula;;2025-05-01 22:17:56.000
fa22c1f2-2363-4e16-88aa-c7023dea37b9;2025-05-01 22:18:30.000;HN;Honduras;San Pedro Sula;;2025-05-01 22:18:51.000
35d6024b-e966-4585-8134-fed9d4f18374;2025-05-01 22:19:10.000;HN;Honduras;San Pedro Sula;;2025-05-01 22:19:23.000
52a51d11-6ae6-4100-9eb4-cae3d90f6813;2025-05-01 22:35:51.000;HN;Honduras;San Pedro Sula;;2025-05-01 22:36:16.000
1d7e917e-8a62-45ea-81b3-ec328281b312;2025-05-01 23:01:35.000;HN;Honduras;San Pedro Sula;;
4beea9f3-efc6-4348-ae52-9a11fbdac453;2025-05-01 23:04:45.000;HN;Honduras;San Pedro Sula;2025-05-01 23:05:13.000;2025-05-01 23:06:42.000
4beea9f3-efc6-4348-ae52-9a11fbdac453;2025-05-01 23:04:45.000;HN;Honduras;San Pedro Sula;2025-05-01 23:05:13.000;2025-05-01 23:05:16.000
4beea9f3-efc6-4348-ae52-9a11fbdac453;2025-05-01 23:04:45.000;HN;Honduras;San Pedro Sula;2025-05-01 23:05:13.000;2025-05-01 23:06:36.000
f371058a-328b-4b62-be9e-5282834e24bf;2025-05-01 23:09:14.000;HN;Honduras;San Pedro Sula;;2025-05-01 23:09:35.000
8f9826b7-6a9d-463e-ae70-a02feecf5257;2025-05-01 23:10:22.000;HN;Honduras;San Pedro Sula;;2025-05-01 23:10:45.000
3fb701d1-dab3-4928-99a4-15a24a74eb39;2025-05-02 08:25:36.000;FR;France;Chambéry;;
3371a746-1293-4905-94bb-fc6fc6dc2a1f;2025-05-02 14:26:57.000;HN;Honduras;San Pedro Sula;;
ae0d4b99-d2d3-4b85-9156-58ddcddb6f28;2025-05-02 14:27:26.000;HN;Honduras;San Pedro Sula;;2025-05-02 14:27:52.000
2892db55-5a22-4e72-9e47-9d896d975e41;2025-05-04 06:37:12.000;PH;Philippines;Makati City;;
382497bf-c68a-4fb4-8247-7f8f408c4b85;2025-05-04 14:21:24.000;MY;Malaysia;Tasek Gelugor;;
33170863-adaf-44d7-b37e-84c2da742d63;2025-05-04 14:26:02.000;MY;Malaysia;Tasek Gelugor;;
42e72db6-c33c-45ef-a66a-ff13bcb2d3ed;2025-05-05 17:22:16.000;IT;Italy;Pisa;2025-05-05 17:24:28.000;2025-05-05 17:23:00.000
2e20d277-ac5d-4504-829c-c5f09483a78b;2025-05-06 08:12:02.000;DE;Germany;Reutlingen;2025-05-06 08:30:15.000;2025-05-06 08:30:17.000
d7616f8f-ecab-4222-b84f-6a5d0153f989;2025-05-06 09:43:19.000;DE;Germany;Reutlingen;;2025-05-06 09:44:04.000
d759ce02-46bb-4abf-b1f5-f5faae562959;2025-05-06 09:44:27.000;DE;Germany;Reutlingen;;2025-05-06 09:44:50.000
91b09be2-0d32-4fe1-898b-cfb95de1cdbc;2025-05-06 09:45:11.000;DE;Germany;Reutlingen;;2025-05-06 09:45:38.000
c50ca354-ee24-4427-a8cf-b943f1b4c2d3;2025-05-06 09:45:53.000;DE;Germany;Reutlingen;;2025-05-06 09:46:18.000
e94ae912-4b90-483b-a33e-aebff0d958bc;2025-05-06 09:46:35.000;DE;Germany;Reutlingen;;2025-05-06 13:29:27.000
6795edb7-d8d6-4b69-add5-bb5fd54cb9a4;2025-05-06 11:55:48.000;PL;Poland;Lodz;;2025-05-06 11:56:12.000
c406a65d-1342-4bd9-8b61-892fd50a0830;2025-05-06 11:58:15.000;PL;Poland;Lodz;;2025-05-06 11:58:37.000
ec412b6d-234f-46c1-b7bc-db73edeed406;2025-05-06 13:30:00.000;DE;Germany;Reutlingen;;
3175b94b-c4ef-4fdb-8f53-d12fd07bd88e;2025-05-07 08:49:50.000;PL;Poland;Wroclaw;2025-05-07 08:50:19.000;2025-05-07 08:50:11.000
3175b94b-c4ef-4fdb-8f53-d12fd07bd88e;2025-05-07 08:49:50.000;PL;Poland;Wroclaw;2025-05-07 09:27:07.000;2025-05-07 09:27:02.000
3175b94b-c4ef-4fdb-8f53-d12fd07bd88e;2025-05-07 08:49:50.000;PL;Poland;Wroclaw;2025-05-07 08:50:19.000;2025-05-07 09:27:02.000
3175b94b-c4ef-4fdb-8f53-d12fd07bd88e;2025-05-07 08:49:50.000;PL;Poland;Wroclaw;2025-05-07 09:27:07.000;2025-05-07 08:50:11.000
f34bfe26-b0ba-4e62-8f7a-5301bedba22a;2025-05-08 06:10:32.000;PH;Philippines;Los Baños;;
242adcd8-54c9-4a8e-b208-345f6c0e577a;2025-05-08 09:11:14.000;IT;Italy;Trento;;2025-05-08 09:11:37.000
f8fae61c-b617-4aa1-b7f1-3888bd78c190;2025-05-08 14:32:48.000;QA;Qatar;Doha;2025-05-08 14:33:20.000;2025-05-08 14:33:22.000
33aabdc2-a87c-4c1b-a18f-f95cb86c5321;2025-05-08 20:26:56.000;PL;Poland;Pabianice;2025-05-08 20:27:44.000;2025-05-08 20:27:37.000
76ee841f-320e-4600-beac-477de81cd833;2025-05-08 20:50:03.000;PL;Poland;Krakow;2025-05-08 20:50:43.000;2025-05-08 20:58:55.000
76ee841f-320e-4600-beac-477de81cd833;2025-05-08 20:50:03.000;PL;Poland;Krakow;2025-05-08 20:50:43.000;2025-05-08 20:59:08.000
76ee841f-320e-4600-beac-477de81cd833;2025-05-08 20:50:03.000;PL;Poland;Krakow;2025-05-08 20:50:43.000;2025-05-08 20:50:49.000
76ee841f-320e-4600-beac-477de81cd833;2025-05-08 20:50:03.000;PL;Poland;Krakow;2025-05-08 20:50:43.000;2025-05-08 20:50:23.000
76ee841f-320e-4600-beac-477de81cd833;2025-05-08 20:50:03.000;PL;Poland;Krakow;2025-05-08 20:52:46.000;2025-05-08 21:36:11.000
76ee841f-320e-4600-beac-477de81cd833;2025-05-08 20:50:03.000;PL;Poland;Krakow;2025-05-08 20:52:46.000;2025-05-08 20:59:08.000
76ee841f-320e-4600-beac-477de81cd833;2025-05-08 20:50:03.000;PL;Poland;Krakow;2025-05-08 20:52:46.000;2025-05-08 20:58:55.000
76ee841f-320e-4600-beac-477de81cd833;2025-05-08 20:50:03.000;PL;Poland;Krakow;2025-05-08 20:52:46.000;2025-05-08 20:50:49.000
76ee841f-320e-4600-beac-477de81cd833;2025-05-08 20:50:03.000;PL;Poland;Krakow;2025-05-08 20:52:46.000;2025-05-08 20:50:23.000
76ee841f-320e-4600-beac-477de81cd833;2025-05-08 20:50:03.000;PL;Poland;Krakow;2025-05-08 20:50:43.000;2025-05-08 21:36:11.000
76ee841f-320e-4600-beac-477de81cd833;2025-05-08 20:50:03.000;PL;Poland;Krakow;2025-05-08 20:54:58.000;2025-05-08 21:36:11.000
76ee841f-320e-4600-beac-477de81cd833;2025-05-08 20:50:03.000;PL;Poland;Krakow;2025-05-08 20:54:58.000;2025-05-08 20:59:08.000
76ee841f-320e-4600-beac-477de81cd833;2025-05-08 20:50:03.000;PL;Poland;Krakow;2025-05-08 20:54:58.000;2025-05-08 20:58:55.000
76ee841f-320e-4600-beac-477de81cd833;2025-05-08 20:50:03.000;PL;Poland;Krakow;2025-05-08 20:54:58.000;2025-05-08 20:50:49.000
76ee841f-320e-4600-beac-477de81cd833;2025-05-08 20:50:03.000;PL;Poland;Krakow;2025-05-08 20:54:58.000;2025-05-08 20:50:23.000
d5d1c061-9fa1-429b-9852-a192164d0277;2025-05-08 20:59:41.000;PL;Poland;Krakow;2025-05-08 21:30:20.000;2025-05-08 21:00:03.000
d5d1c061-9fa1-429b-9852-a192164d0277;2025-05-08 20:59:41.000;PL;Poland;Krakow;2025-05-08 21:30:20.000;2025-05-08 21:15:26.000
d5d1c061-9fa1-429b-9852-a192164d0277;2025-05-08 20:59:41.000;PL;Poland;Krakow;2025-05-08 21:30:20.000;2025-05-08 21:30:17.000
d5d1c061-9fa1-429b-9852-a192164d0277;2025-05-08 20:59:41.000;PL;Poland;Krakow;2025-05-08 21:30:20.000;2025-05-08 21:29:43.000
d5d1c061-9fa1-429b-9852-a192164d0277;2025-05-08 21:01:24.000;PL;Poland;Krakow;2025-05-08 21:30:20.000;2025-05-08 21:00:03.000
d5d1c061-9fa1-429b-9852-a192164d0277;2025-05-08 21:01:24.000;PL;Poland;Krakow;2025-05-08 21:30:20.000;2025-05-08 21:29:43.000
d5d1c061-9fa1-429b-9852-a192164d0277;2025-05-08 21:01:24.000;PL;Poland;Krakow;2025-05-08 21:30:20.000;2025-05-08 21:15:26.000
d5d1c061-9fa1-429b-9852-a192164d0277;2025-05-08 21:01:24.000;PL;Poland;Krakow;2025-05-08 21:30:20.000;2025-05-08 21:30:17.000
b0c5d28d-46b1-4b4a-845c-f4804342e33c;2025-05-08 21:33:37.000;PL;Poland;Krakow;2025-05-08 21:34:13.000;2025-05-08 21:37:55.000
b0c5d28d-46b1-4b4a-845c-f4804342e33c;2025-05-08 21:33:37.000;PL;Poland;Krakow;2025-05-08 21:34:13.000;2025-05-08 21:33:54.000
76ee841f-320e-4600-beac-477de81cd833;2025-05-08 21:36:31.000;PL;Poland;Krakow;2025-05-08 20:54:58.000;2025-05-08 20:58:55.000
76ee841f-320e-4600-beac-477de81cd833;2025-05-08 21:36:31.000;PL;Poland;Krakow;2025-05-08 20:50:43.000;2025-05-08 21:36:11.000
76ee841f-320e-4600-beac-477de81cd833;2025-05-08 21:36:31.000;PL;Poland;Krakow;2025-05-08 20:50:43.000;2025-05-08 20:59:08.000
76ee841f-320e-4600-beac-477de81cd833;2025-05-08 21:36:31.000;PL;Poland;Krakow;2025-05-08 20:50:43.000;2025-05-08 20:58:55.000
76ee841f-320e-4600-beac-477de81cd833;2025-05-08 21:36:31.000;PL;Poland;Krakow;2025-05-08 20:50:43.000;2025-05-08 20:50:49.000
76ee841f-320e-4600-beac-477de81cd833;2025-05-08 21:36:31.000;PL;Poland;Krakow;2025-05-08 20:50:43.000;2025-05-08 20:50:23.000
76ee841f-320e-4600-beac-477de81cd833;2025-05-08 21:36:31.000;PL;Poland;Krakow;2025-05-08 20:52:46.000;2025-05-08 21:36:11.000
76ee841f-320e-4600-beac-477de81cd833;2025-05-08 21:36:31.000;PL;Poland;Krakow;2025-05-08 20:52:46.000;2025-05-08 20:59:08.000
76ee841f-320e-4600-beac-477de81cd833;2025-05-08 21:36:31.000;PL;Poland;Krakow;2025-05-08 20:52:46.000;2025-05-08 20:58:55.000
76ee841f-320e-4600-beac-477de81cd833;2025-05-08 21:36:31.000;PL;Poland;Krakow;2025-05-08 20:52:46.000;2025-05-08 20:50:49.000
76ee841f-320e-4600-beac-477de81cd833;2025-05-08 21:36:31.000;PL;Poland;Krakow;2025-05-08 20:52:46.000;2025-05-08 20:50:23.000
76ee841f-320e-4600-beac-477de81cd833;2025-05-08 21:36:31.000;PL;Poland;Krakow;2025-05-08 20:54:58.000;2025-05-08 21:36:11.000
76ee841f-320e-4600-beac-477de81cd833;2025-05-08 21:36:31.000;PL;Poland;Krakow;2025-05-08 20:54:58.000;2025-05-08 20:59:08.000
76ee841f-320e-4600-beac-477de81cd833;2025-05-08 21:36:31.000;PL;Poland;Krakow;2025-05-08 20:54:58.000;2025-05-08 20:50:49.000
76ee841f-320e-4600-beac-477de81cd833;2025-05-08 21:36:31.000;PL;Poland;Krakow;2025-05-08 20:54:58.000;2025-05-08 20:50:23.000
03964e9e-0c33-4a07-ac29-a7b2baceb5c4;2025-05-08 21:43:07.000;PL;Poland;Krakow;;
35f6f1d8-16ff-4650-9d45-1eb2111291e9;2025-05-09 14:48:43.000;PL;Poland;Pabianice;2025-05-09 14:54:36.000;2025-05-09 14:54:39.000
ed2f0e6d-94cb-4ff6-8c79-08003e4217b1;2025-05-09 20:43:01.000;PL;Poland;Krakow;;2025-05-09 20:46:14.000
1e8c1bfd-4ffd-447d-9038-3d37a0aaa7b0;2025-05-10 10:14:47.000;PL;Poland;Lodz;2025-05-10 10:15:45.000;2025-05-10 10:15:19.000
1e8c1bfd-4ffd-447d-9038-3d37a0aaa7b0;2025-05-10 10:14:47.000;PL;Poland;Lodz;2025-05-10 10:15:45.000;2025-05-10 10:16:12.000
5ec6e196-4752-4179-b24c-69eddb1263e4;2025-05-10 10:19:45.000;PL;Poland;Lodz;;2025-05-10 10:20:06.000
ebae998d-38aa-4c91-ad66-9dcabe9071ff;2025-05-10 10:26:36.000;PL;Poland;Lodz;;2025-05-10 10:28:43.000
793f4dbb-0042-48f6-a10e-b756619bc83e;2025-05-10 10:38:48.000;PL;Poland;Lodz;;2025-05-10 10:39:12.000
3415194c-fa1e-4be7-a21c-b2c631e2bee0;2025-05-10 10:55:57.000;PL;Poland;Lodz;2025-05-10 10:56:29.000;2025-05-10 10:56:43.000
3415194c-fa1e-4be7-a21c-b2c631e2bee0;2025-05-10 10:55:57.000;PL;Poland;Lodz;2025-05-10 10:56:29.000;2025-05-10 11:48:17.000
3415194c-fa1e-4be7-a21c-b2c631e2bee0;2025-05-10 11:01:41.000;PL;Poland;Lodz;2025-05-10 10:56:29.000;2025-05-10 11:48:17.000
3415194c-fa1e-4be7-a21c-b2c631e2bee0;2025-05-10 11:01:41.000;PL;Poland;Lodz;2025-05-10 10:56:29.000;2025-05-10 10:56:43.000
793f4dbb-0042-48f6-a10e-b756619bc83e;2025-05-10 11:01:41.000;PL;Poland;Lodz;;2025-05-10 10:39:12.000
3415194c-fa1e-4be7-a21c-b2c631e2bee0;2025-05-10 11:40:24.000;PL;Poland;Lodz;2025-05-10 10:56:29.000;2025-05-10 11:48:17.000
3415194c-fa1e-4be7-a21c-b2c631e2bee0;2025-05-10 11:40:24.000;PL;Poland;Lodz;2025-05-10 10:56:29.000;2025-05-10 10:56:43.000
82698049-f95d-4ff9-bf02-4b2e5710e265;2025-05-10 11:40:37.000;PL;Poland;Lodz;;2025-05-10 11:41:43.000
bfe09b5f-22be-48d4-883b-1f4278931ec1;2025-05-10 11:55:55.000;PL;Poland;Lodz;;
3415194c-fa1e-4be7-a21c-b2c631e2bee0;2025-05-10 11:58:07.000;PL;Poland;Lodz;2025-05-10 10:56:29.000;2025-05-10 10:56:43.000
bfe09b5f-22be-48d4-883b-1f4278931ec1;2025-05-10 11:58:07.000;PL;Poland;Lodz;;
3415194c-fa1e-4be7-a21c-b2c631e2bee0;2025-05-10 11:58:07.000;PL;Poland;Lodz;2025-05-10 10:56:29.000;2025-05-10 11:48:17.000
3415194c-fa1e-4be7-a21c-b2c631e2bee0;2025-05-10 12:17:54.000;PL;Poland;Lodz;2025-05-10 10:56:29.000;2025-05-10 11:48:17.000
3415194c-fa1e-4be7-a21c-b2c631e2bee0;2025-05-10 12:17:54.000;PL;Poland;Lodz;2025-05-10 10:56:29.000;2025-05-10 10:56:43.000
bfe09b5f-22be-48d4-883b-1f4278931ec1;2025-05-10 12:17:54.000;PL;Poland;Lodz;;
381cc186-d216-4323-96d1-440cdb37ad30;2025-05-10 12:18:10.000;PL;Poland;Lodz;;2025-05-10 12:18:29.000
381cc186-d216-4323-96d1-440cdb37ad30;2025-05-10 13:25:16.000;PL;Poland;Lodz;;2025-05-10 12:18:29.000
7fadeb0b-a5e1-4efe-92c4-ef24e51f9f80;2025-05-10 13:25:58.000;PL;Poland;Lodz;2025-05-10 13:26:19.000;2025-05-10 13:27:03.000
5e20fc48-cc18-44ab-a7a2-c6a21636fc25;2025-05-10 15:22:12.000;PL;Poland;Lubaczów;2025-05-10 15:22:47.000;2025-05-10 15:22:50.000
7f1fdd8f-53d3-40c0-9da0-57ca2af8c8a7;2025-05-10 15:27:33.000;IN;India;Kozhikode;2025-05-10 15:27:50.000;
42d3aa2b-8c33-4f91-9f1d-9dbdcd3173d9;2025-05-11 16:08:20.000;PL;Poland;Krakow;;
43c8a9d3-fabe-453e-b582-8bd4e37870eb;2025-05-11 16:22:21.000;PL;Poland;Krakow;2025-05-11 16:22:54.000;2025-05-11 16:22:57.000
b15e9590-6ab0-41dc-8225-fcb13c9d5be2;2025-05-11 16:35:17.000;IS;Iceland;Reykjavik;2025-05-11 16:35:47.000;2025-05-11 16:35:39.000
e3d569af-3ea4-44ec-860a-2c6897b718af;2025-05-11 17:28:18.000;IS;Iceland;Reykjavik;2025-05-11 17:28:39.000;2025-05-11 17:28:36.000
d9004f90-758a-45fe-9e66-9a39e99f9c46;2025-05-12 08:40:40.000;PL;Poland;Lodz;2025-05-12 08:42:53.000;2025-05-12 08:42:59.000
24fd800f-73f5-4a71-9f93-57ea107d45a6;2025-05-12 08:45:43.000;PL;Poland;Lodz;2025-05-12 08:46:07.000;
66abd13b-0e2d-4cec-bd2d-cc37b176604d;2025-05-12 13:19:45.000;DK;Denmark;Copenhagen;2025-05-12 13:23:39.000;2025-05-12 13:20:52.000
c603d2f3-7dee-4df1-9e97-1fa738e2ac34;2025-05-12 13:20:24.000;DK;Denmark;Valby;;2025-05-12 13:20:57.000
ccc9fd23-9057-479e-82e0-ccbc60871a04;2025-05-12 13:20:25.000;DK;Denmark;Copenhagen;;2025-05-12 13:21:01.000
5af2be63-2df3-407b-8f80-da95ccd5b1c0;2025-05-12 13:22:53.000;NL;The Netherlands;Naaldwijk;;2025-05-12 13:23:10.000
6d1562a3-e323-40da-8a82-9efe804177de;2025-05-12 13:28:25.000;DK;Denmark;Valby;;2025-05-12 13:28:44.000
11d6c67f-9c0a-4afc-b8f4-fdc8a49e2ab1;2025-05-12 13:31:44.000;DK;Denmark;Valby;;2025-05-12 13:32:02.000
01aaa204-85bc-4887-a2bb-d3b80e41b363;2025-05-12 13:44:24.000;NL;The Netherlands;Naaldwijk;;2025-05-12 13:44:47.000
aedab0ad-2bfc-4cb1-810c-325e9f16f2d4;2025-05-13 15:48:01.000;GB;United Kingdom;Frome;2025-05-13 15:48:26.000;2025-05-13 15:48:28.000
dbd5b15a-2ae9-4109-9071-5824d12d2481;2025-05-13 15:53:36.000;GB;United Kingdom;Frome;2025-05-13 15:53:53.000;2025-05-13 15:53:54.000
a11fbcec-83ac-4619-90f8-cc5b69fe3da6;2025-05-13 15:58:39.000;GB;United Kingdom;Frome;;2025-05-13 15:58:54.000
341559bf-27d7-4b11-bb65-54eb6fb90026;2025-05-13 15:59:09.000;GB;United Kingdom;Frome;;2025-05-13 15:59:31.000
057d7f3f-1fe9-41b4-9635-c5304975d6eb;2025-05-14 09:27:18.000;PL;Poland;Lodz;2025-05-14 09:27:45.000;2025-05-14 09:28:03.000
057d7f3f-1fe9-41b4-9635-c5304975d6eb;2025-05-14 09:27:18.000;PL;Poland;Lodz;2025-05-14 09:28:14.000;2025-05-14 09:28:03.000
09accf71-2381-43b1-ab1f-83b785d3117e;2025-05-14 09:29:54.000;PL;Poland;Lodz;2025-05-14 09:30:14.000;
7406137a-54fa-48b0-9cd7-94aaa56116a4;2025-05-15 13:48:39.000;IT;Italy;Ferrara;;2025-05-15 13:48:58.000
b2dd73b0-b624-4d33-937e-375dd1d510b8;2025-05-15 17:34:32.000;PL;Poland;Krakow;2025-05-15 17:34:56.000;2025-05-15 17:37:10.000
e72ab01d-5ec9-4a49-a226-78de28101eb4;2025-05-16 05:48:28.000;PH;Philippines;San Juan;;
e72ab01d-5ec9-4a49-a226-78de28101eb4;2025-05-16 05:49:46.000;PH;Philippines;San Juan;;
f2b363f9-4a3b-4c1e-a47b-ea3618ace56e;2025-05-16 05:51:04.000;PH;Philippines;San Juan;;
3eaee86c-9827-4dad-928c-84c278a73153;2025-05-16 05:57:33.000;PH;Philippines;San Juan;;
3eaee86c-9827-4dad-928c-84c278a73153;2025-05-16 05:58:18.000;PH;Philippines;San Juan;;
3eaee86c-9827-4dad-928c-84c278a73153;2025-05-16 05:58:23.000;PH;Philippines;San Juan;;
7406137a-54fa-48b0-9cd7-94aaa56116a4;2025-05-16 10:07:00.000;IT;Italy;Ferrara;;2025-05-15 13:48:58.000
33f5ad92-77ed-430b-9a88-1316fecf9d09;2025-05-17 03:10:37.000;HN;Honduras;San Pedro Sula;;2025-05-17 03:11:25.000
3db983df-5d65-4744-bc6b-e823b00605ce;2025-05-20 11:38:49.000;DE;Germany;Ulm;2025-05-20 11:39:43.000;2025-05-20 11:39:45.000
58dad825-2b28-4e6b-a856-7faa4ff7b059;2025-05-20 13:00:16.000;SE;Sweden;Malmo;2025-05-20 13:00:48.000;
110fdeaa-32da-44d8-b737-3f79753a4980;2025-05-20 13:26:37.000;DK;Denmark;Copenhagen;2025-05-20 13:27:03.000;
110fdeaa-32da-44d8-b737-3f79753a4980;2025-05-20 13:26:37.000;DK;Denmark;Copenhagen;2025-05-20 13:48:22.000;
110fdeaa-32da-44d8-b737-3f79753a4980;2025-05-20 13:48:26.000;DK;Denmark;Copenhagen;2025-05-20 13:27:03.000;
110fdeaa-32da-44d8-b737-3f79753a4980;2025-05-20 13:48:26.000;DK;Denmark;Copenhagen;2025-05-20 13:48:22.000;
39ac3696-1ead-4572-b81e-b79a38aeef6f;2025-05-20 13:49:14.000;DK;Denmark;Copenhagen;2025-05-20 13:49:37.000;2025-05-20 13:54:54.000
6550959a-3d9d-4bfe-9140-f8353eeebdc7;2025-05-20 14:00:15.000;DK;Denmark;Copenhagen;;2025-05-20 14:00:44.000
4cde03ed-22ed-4299-8c83-8ca45ab830d9;2025-05-20 14:10:41.000;DK;Denmark;Copenhagen;;2025-05-20 14:11:01.000
7b8bf875-9cfe-4881-badc-c25340643e71;2025-05-20 14:21:35.000;DK;Denmark;Copenhagen;;2025-05-20 14:21:46.000
b0496783-0340-465d-88a9-b56a27bf2b08;2025-05-20 15:41:59.000;NL;The Netherlands;Hellevoetsluis;2025-05-20 15:45:21.000;2025-05-20 15:43:58.000
b0496783-0340-465d-88a9-b56a27bf2b08;2025-05-20 15:41:59.000;NL;The Netherlands;Hellevoetsluis;2025-05-20 15:42:34.000;2025-05-20 15:44:53.000
b0496783-0340-465d-88a9-b56a27bf2b08;2025-05-20 15:41:59.000;NL;The Netherlands;Hellevoetsluis;2025-05-20 15:42:34.000;2025-05-20 15:43:58.000
b0496783-0340-465d-88a9-b56a27bf2b08;2025-05-20 15:41:59.000;NL;The Netherlands;Hellevoetsluis;2025-05-20 15:42:34.000;2025-05-20 15:43:08.000
b0496783-0340-465d-88a9-b56a27bf2b08;2025-05-20 15:41:59.000;NL;The Netherlands;Hellevoetsluis;2025-05-20 15:45:21.000;2025-05-20 15:44:53.000
b0496783-0340-465d-88a9-b56a27bf2b08;2025-05-20 15:41:59.000;NL;The Netherlands;Hellevoetsluis;2025-05-20 15:45:21.000;2025-05-20 15:43:08.000
72b1687f-388b-4669-b73c-b8ef8b0d1570;2025-05-20 15:52:34.000;PH;Philippines;Cebu City;;
dc19823e-a318-4e92-a254-3801940c0640;2025-05-20 20:39:13.000;PL;Poland;Krakow;2025-05-20 20:39:50.000;2025-05-20 20:39:36.000
dc19823e-a318-4e92-a254-3801940c0640;2025-05-20 20:39:14.000;PL;Poland;Krakow;2025-05-20 20:39:50.000;2025-05-20 20:39:36.000
e8e420bc-76f3-414d-821b-b3746e66620f;2025-05-21 12:57:50.000;DE;Germany;Ulm;;2025-05-21 13:31:41.000
7406137a-54fa-48b0-9cd7-94aaa56116a4;2025-05-21 15:49:52.000;IT;Italy;Bologna;;2025-05-15 13:48:58.000
3f622ece-312f-457b-b088-a13ed3e5c694;2025-05-21 17:03:24.000;PH;Philippines;Butuan;;
d6e4ed86-4d10-4da9-919c-ca98a56dfc45;2025-05-21 17:05:00.000;PH;Philippines;Butuan;;
ac3b718d-281e-48d6-8b57-981ee3c82039;2025-05-21 17:10:05.000;PH;Philippines;Butuan;;
ac3b718d-281e-48d6-8b57-981ee3c82039;2025-05-21 17:10:22.000;PH;Philippines;Butuan;;
8b7a0344-a9d9-4cd2-97cd-c831ca9f5f18;2025-05-21 17:57:39.000;GB;United Kingdom;Newcastle upon Tyne;2025-05-21 17:59:06.000;2025-05-21 17:59:00.000
ea4efa3f-856b-4732-817b-da7796896ab6;2025-05-21 21:34:52.000;CO;Colombia;None;;2025-05-21 21:42:52.000
0f422461-c0d6-4fd1-ab3d-5c7fb7ec5718;2025-05-22 02:13:08.000;PH;Philippines;Lahug;2025-05-22 02:13:29.000;2025-05-22 02:13:25.000
3133a411-e25a-42de-ba2b-ee6d08255caa;2025-05-22 02:32:07.000;IN;India;Kolkata;;
244a2a55-75ba-4392-929f-04211bd2ad43;2025-05-22 02:32:45.000;IN;India;Kolkata;;
244a2a55-75ba-4392-929f-04211bd2ad43;2025-05-22 02:33:03.000;IN;India;Kolkata;;
4a2ae724-8e68-40ed-b5a3-ee7c2050262a;2025-05-22 02:33:32.000;IN;India;Kolkata;;
4a2ae724-8e68-40ed-b5a3-ee7c2050262a;2025-05-22 02:33:46.000;IN;India;Kolkata;;
e965378e-358f-43b8-83d8-1ffc57c2e714;2025-05-22 02:43:01.000;IN;India;Kolkata;;
bd85204b-4eaa-461c-9a4a-a4b6fe67c546;2025-05-22 02:43:33.000;IN;India;Kolkata;;
bd85204b-4eaa-461c-9a4a-a4b6fe67c546;2025-05-22 02:43:49.000;IN;India;Kolkata;;
ea4efa3f-856b-4732-817b-da7796896ab6;2025-05-22 04:48:30.000;CO;Colombia;Bogotá;;2025-05-21 21:42:52.000
6a6269d7-1314-42b3-a932-030a27e568f4;2025-05-22 06:37:39.000;PH;Philippines;Quezon City;;
b651d044-e469-439b-a19d-956495eef422;2025-05-22 15:14:42.000;CO;Colombia;Bogotá;;2025-05-22 15:15:12.000
b651d044-e469-439b-a19d-956495eef422;2025-05-22 19:22:09.000;CO;Colombia;None;;2025-05-22 15:15:12.000
04e1a520-b4ed-4e27-bc07-f0529d920de0;2025-05-22 21:11:36.000;GB;United Kingdom;Newcastle upon Tyne;;
2b94abed-a495-4db3-bb73-bfc2b8773470;2025-05-24 10:21:57.000;PH;Philippines;Cebu City;;
6de3eb1c-0eb1-4093-ae83-d0ebf5c1a1b6;2025-05-24 18:59:22.000;PL;Poland;Warsaw;;
6de3eb1c-0eb1-4093-ae83-d0ebf5c1a1b6;2025-05-24 19:01:05.000;PL;Poland;Warsaw;;
4e13741e-6a76-453c-bd9d-4499c42b1c85;2025-05-24 19:01:56.000;PL;Poland;Warsaw;;
221d4749-bcc4-4bb4-84af-2502f288e726;2025-05-24 20:58:24.000;PL;Poland;Warsaw;;
307d8cc7-4c1c-4dbd-9d61-49d335aaf117;2025-05-25 04:09:24.000;PL;Poland;Wroclaw;2025-05-25 04:10:48.000;
307d8cc7-4c1c-4dbd-9d61-49d335aaf117;2025-05-25 04:09:24.000;PL;Poland;Wroclaw;2025-05-25 04:09:56.000;
625eb77b-33c6-4495-b290-90ec500661db;2025-05-25 04:15:16.000;PL;Poland;Wroclaw;2025-05-25 04:15:38.000;2025-05-25 04:19:40.000
6beeb3ab-7d55-45fb-a735-4e5228c8d63c;2025-05-25 05:07:46.000;PL;Poland;Warsaw;2025-05-25 05:08:05.000;
9b6a5918-5194-4e8f-91e8-deb26baebd12;2025-05-25 06:22:43.000;PL;Poland;Warsaw;2025-05-25 06:23:03.000;
756abc64-0d3b-4aa0-a9df-fcf41dfadb43;2025-05-26 09:40:23.000;DE;Germany;Ludwigshafen am Rhein;2025-05-26 09:40:55.000;2025-05-26 09:41:12.000
e642121c-46f5-4c23-840c-d8fa4fa80c60;2025-05-26 09:45:53.000;DE;Germany;Dossenheim;2025-05-26 09:46:17.000;2025-05-26 09:46:18.000
7dba32da-09c5-4c04-90d1-fe02a6268ff4;2025-05-26 09:52:48.000;DE;Germany;Dossenheim;;2025-05-26 09:53:20.000
69bf6abb-fee9-4cf0-8d8a-dac9d9cb1ff8;2025-05-27 07:54:53.000;DE;Germany;Heidelberg;;2025-05-27 07:57:02.000
92158a9c-eb9e-44ee-af92-c6db251431fe;2025-05-27 07:55:26.000;DE;Germany;Heidelberg;;2025-05-27 07:56:54.000
81449f87-be75-46de-b0a7-123ebcea0061;2025-05-27 07:55:29.000;DE;Germany;Heidelberg;;2025-05-27 07:58:09.000
e1c747d7-a8ec-45b5-93e3-018dd6a34d68;2025-05-27 07:55:39.000;DE;Germany;Dossenheim;;2025-05-27 07:58:48.000
845ed237-3199-462a-9082-0eb31ca73ee3;2025-05-27 07:55:44.000;DE;Germany;Dossenheim;;
44c1b685-3584-41f7-adac-5aa12c66bf2e;2025-05-27 07:55:46.000;DE;Germany;Heidelberg;;
47dafa49-a5d2-449c-8ff1-e78898d84435;2025-05-27 07:56:00.000;DE;Germany;Ludwigshafen am Rhein;;2025-05-27 08:00:03.000
a593c8f7-4b1b-4234-ae0a-45eae8326cbc;2025-05-27 07:56:02.000;DE;Germany;Heidelberg;2025-05-27 07:59:44.000;2025-05-27 07:59:22.000
65451940-ef66-4b29-b89d-8178801ecddf;2025-05-27 07:56:10.000;DE;Germany;Heidelberg;;
41095b56-91b3-489d-81b6-ebe7c810216b;2025-05-27 07:56:18.000;DE;Germany;Dossenheim;;2025-05-27 08:04:17.000
b1a9af42-f680-42e5-9d46-fbde0837ef64;2025-05-27 07:56:18.000;DE;Germany;Heidelberg;2025-05-27 08:02:05.000;2025-05-27 08:02:03.000
41095b56-91b3-489d-81b6-ebe7c810216b;2025-05-27 07:56:18.000;DE;Germany;Dossenheim;;2025-05-27 08:00:43.000
e3b5c348-7b83-4e15-b4ee-c51fb28c4097;2025-05-27 07:56:37.000;DE;Germany;Heidelberg;;
f79d62e4-4369-4f14-aa32-ecf9fa5919c1;2025-05-27 07:56:39.000;DE;Germany;Heidelberg;;2025-05-27 08:02:00.000
def21935-26db-4569-ac40-40d49eb4b0bc;2025-05-27 07:56:58.000;DE;Germany;Heidelberg;2025-05-27 08:03:24.000;2025-05-27 08:03:18.000
69bf6abb-fee9-4cf0-8d8a-dac9d9cb1ff8;2025-05-27 07:56:59.000;DE;Germany;Heidelberg;;2025-05-27 07:57:02.000
8bce2952-d37a-4f72-9e8e-195b795681c0;2025-05-27 07:57:04.000;DE;Germany;Heidelberg;2025-05-27 08:03:05.000;2025-05-27 08:03:04.000
28423964-9035-49db-ba35-914e73f592cd;2025-05-27 07:57:08.000;DE;Germany;Munich;2025-05-27 08:03:56.000;2025-05-27 08:04:00.000
d9ffb9d5-7d6d-419d-8a61-4a7c5019968d;2025-05-27 07:58:21.000;DE;Germany;Heidelberg;;2025-05-27 08:03:46.000
96f73f86-76cf-439e-9bf7-9342712f7757;2025-05-27 08:01:26.000;DE;Germany;Heidelberg;2025-05-27 08:05:29.000;2025-05-27 08:05:31.000
4185961d-413f-49b1-8f54-9415e66045b3;2025-05-27 08:02:23.000;DE;Germany;Heidelberg;2025-05-27 08:04:32.000;2025-05-27 08:04:35.000
86608bb1-b8b1-456a-9446-3846c2379e6e;2025-05-27 08:03:24.000;DE;Germany;Heidelberg;2025-05-27 08:07:13.000;2025-05-27 08:04:45.000
f3bfcd13-baf3-4357-8688-222e8fe1fc47;2025-05-27 08:04:18.000;DE;Germany;Mannheim;;2025-05-27 08:04:56.000
1eb629ec-c81c-4cd4-af5e-73c113fc1d4a;2025-05-27 12:12:35.000;DE;Germany;Heidelberg;2025-05-27 12:26:27.000;2025-05-27 12:26:27.000
1eb629ec-c81c-4cd4-af5e-73c113fc1d4a;2025-05-27 12:26:27.000;DE;Germany;Heidelberg;2025-05-27 12:26:27.000;2025-05-27 12:26:27.000
765b9d43-74c0-4e79-901f-8b9f45a8cf6b;2025-05-27 15:42:43.000;PH;Philippines;Quezon City;2025-05-27 15:43:13.000;2025-05-27 15:43:01.000
32992445-7265-4d2e-a1dd-703754d520e7;2025-05-27 16:48:31.000;MY;Malaysia;Kuala Lumpur;;
fc8a95db-9985-4483-ad1a-cfec3acb2076;2025-05-27 16:50:49.000;MY;Malaysia;Kuala Lumpur;;
d8166075-55af-499a-927b-17d7c195ff91;2025-05-28 08:39:26.000;DE;Germany;Freudenstadt;2025-05-28 08:50:27.000;2025-05-28 08:50:24.000
6e70ad07-37b9-47d0-9e45-eeb75883ece5;2025-05-28 09:05:21.000;DE;Germany;Freudenstadt;2025-05-28 09:05:51.000;2025-05-28 09:05:56.000
98aac4e3-fc5d-48bb-a897-ee20f6e2dde2;2025-05-28 09:12:27.000;DE;Germany;Freudenstadt;2025-05-28 09:24:08.000;2025-05-28 09:24:16.000
98aac4e3-fc5d-48bb-a897-ee20f6e2dde2;2025-05-28 09:12:27.000;DE;Germany;Freudenstadt;2025-05-28 09:24:08.000;2025-05-28 09:24:07.000
a4ddd49c-81ad-4345-9f95-3c9ed1238a2b;2025-05-28 10:11:18.000;PL;Poland;Lodz;;2025-05-28 10:13:13.000
8f2c7492-4193-436f-a36d-6d50506fc0ab;2025-05-28 14:00:02.000;PL;Poland;Żórawina;2025-05-28 14:00:49.000;2025-05-28 14:01:04.000
c222eb45-9a68-42f3-af24-9d5ffafe3d9d;2025-05-28 22:10:23.000;PL;Poland;Lodz;;2025-05-28 22:12:15.000
1bb10b97-f699-42ef-81f8-6d91497391e1;2025-05-29 11:51:27.000;DE;Germany;Heidelberg;2025-05-29 11:51:53.000;2025-05-29 11:51:56.000
3edfb79f-4c3d-4f90-9fe6-6bd523ea1308;2025-05-29 12:26:51.000;PL;Poland;Warsaw;2025-05-29 12:27:18.000;2025-05-29 12:27:55.000
7c2f6a2d-c47c-4ae9-b3d4-2c1a1e815374;2025-05-29 12:39:46.000;PL;Poland;Warsaw;;
84265c9b-8c63-434b-a262-65ad9e746d7e;2025-05-29 21:32:55.000;PL;Poland;Lodz;2025-05-29 21:33:17.000;2025-05-29 21:34:11.000
a48fa3b4-794e-4072-9e12-e7764b755084;2025-05-30 03:49:37.000;PH;Philippines;Las Piñas;;
e8c762ba-d3a3-47ca-a0a8-934a64191c1c;2025-05-30 09:02:48.000;PL;Poland;Włocławek;2025-05-30 09:03:13.000;2025-05-30 09:03:17.000
1407daf3-e0ab-439d-aadd-7a250e3ce467;2025-05-30 15:52:25.000;DE;Germany;Munich;2025-05-30 15:54:03.000;2025-05-30 15:54:06.000
1dccf0d8-a819-4eac-a410-af2a20a16f34;2025-05-30 20:35:48.000;US;United States;New York;2025-05-30 20:36:21.000;2025-05-30 20:36:54.000
1dccf0d8-a819-4eac-a410-af2a20a16f34;2025-05-30 20:35:48.000;US;United States;New York;2025-05-30 20:36:21.000;2025-05-30 20:36:22.000
1dccf0d8-a819-4eac-a410-af2a20a16f34;2025-05-30 20:35:48.000;US;United States;New York;2025-05-30 20:36:54.000;2025-05-30 20:36:54.000
1dccf0d8-a819-4eac-a410-af2a20a16f34;2025-05-30 20:35:48.000;US;United States;New York;2025-05-30 20:36:54.000;2025-05-30 20:36:22.000
1dccf0d8-a819-4eac-a410-af2a20a16f34;2025-05-30 20:35:49.000;US;United States;None;2025-05-30 20:36:54.000;2025-05-30 20:36:22.000
1dccf0d8-a819-4eac-a410-af2a20a16f34;2025-05-30 20:35:49.000;US;United States;None;2025-05-30 20:36:21.000;2025-05-30 20:36:54.000
1dccf0d8-a819-4eac-a410-af2a20a16f34;2025-05-30 20:35:49.000;US;United States;None;2025-05-30 20:36:21.000;2025-05-30 20:36:22.000
1dccf0d8-a819-4eac-a410-af2a20a16f34;2025-05-30 20:35:49.000;US;United States;None;2025-05-30 20:36:54.000;2025-05-30 20:36:54.000
1dccf0d8-a819-4eac-a410-af2a20a16f34;2025-05-30 20:36:43.000;US;United States;None;2025-05-30 20:36:21.000;2025-05-30 20:36:54.000
1dccf0d8-a819-4eac-a410-af2a20a16f34;2025-05-30 20:36:43.000;US;United States;None;2025-05-30 20:36:54.000;2025-05-30 20:36:22.000
1dccf0d8-a819-4eac-a410-af2a20a16f34;2025-05-30 20:36:43.000;US;United States;None;2025-05-30 20:36:54.000;2025-05-30 20:36:54.000
1dccf0d8-a819-4eac-a410-af2a20a16f34;2025-05-30 20:36:43.000;US;United States;None;2025-05-30 20:36:21.000;2025-05-30 20:36:22.000
20fe4f51-a7c6-4128-822a-06a072e514ec;2025-05-30 20:47:53.000;US;United States;New York;2025-05-30 20:48:14.000;2025-05-30 20:48:16.000
20fe4f51-a7c6-4128-822a-06a072e514ec;2025-05-30 20:47:54.000;US;United States;None;2025-05-30 20:48:14.000;2025-05-30 20:48:16.000
20fe4f51-a7c6-4128-822a-06a072e514ec;2025-05-30 20:47:58.000;US;United States;None;2025-05-30 20:48:14.000;2025-05-30 20:48:16.000
fbc6c2e0-b169-4de6-bbcc-1c0342d570e6;2025-05-31 02:31:03.000;US;United States;Denver;;
fbc6c2e0-b169-4de6-bbcc-1c0342d570e6;2025-05-31 02:31:05.000;US;United States;None;;
fbc6c2e0-b169-4de6-bbcc-1c0342d570e6;2025-05-31 02:31:20.000;US;United States;Denver;;
fbc6c2e0-b169-4de6-bbcc-1c0342d570e6;2025-05-31 02:31:51.000;US;United States;None;;
fbc6c2e0-b169-4de6-bbcc-1c0342d570e6;2025-05-31 02:33:03.000;US;United States;None;;
69c00453-372e-41ef-8083-52c1af0b7f2b;2025-05-31 08:24:40.000;DE;Germany;Heidelberg;;2025-05-31 08:25:01.000
6893def7-df22-40e1-87f8-f4efe585a1d1;2025-05-31 09:14:33.000;PL;Poland;None;2025-05-31 09:18:53.000;2025-05-31 09:23:25.000
4f292a9f-1c44-4790-88b1-6ad5b27b5350;2025-05-31 14:13:24.000;DE;Germany;Wiesloch;2025-05-31 14:14:23.000;2025-05-31 14:15:07.000
a6455d7f-924a-42a5-b332-042020b2e373;2025-05-31 14:21:30.000;DE;Germany;Wiesloch;;2025-05-31 14:21:56.000
61b3fc29-c805-40a1-923d-916bc5d13613;2025-06-01 08:00:16.000;GB;United Kingdom;None;;2025-06-01 08:00:56.000
2f3246f6-749d-4fbe-bd13-6aa1df440f1c;2025-06-02 04:42:23.000;DE;Germany;Heidelberg;;2025-06-02 04:43:20.000
4ce114ab-41ed-4fd0-bb10-36dad0b06c0f;2025-06-02 05:38:17.000;PH;Philippines;Paranaque City;2025-06-02 05:38:35.000;
dbd7fe9c-8696-41f9-94dd-e9e13b16a59f;2025-06-02 11:07:39.000;PH;Philippines;Makati City;;
9fa1d42d-ef41-45b1-8c26-84756144ced8;2025-06-02 11:08:37.000;PH;Philippines;Makati City;;
ac8f3ef3-8eb4-4a4f-bfd0-2739248bf6ea;2025-06-02 14:08:13.000;PH;Philippines;Cebu City;;
bc565094-5db0-4e94-8efa-8acaca36a35d;2025-06-02 14:18:08.000;DE;Germany;Heidelberg;;2025-06-02 14:41:49.000
b120dbea-74a0-47fb-897f-9cb168e62cf0;2025-06-02 14:46:52.000;GB;United Kingdom;Newcastle upon Tyne;2025-06-02 14:47:47.000;2025-06-02 14:48:05.000
d665c864-34e8-4553-9ef4-6d3fd5c0a755;2025-06-02 15:10:18.000;GB;United Kingdom;Newcastle upon Tyne;2025-06-02 15:11:18.000;2025-06-02 15:11:22.000
4c161bfe-a76f-4820-a2c8-81cca68ade36;2025-06-02 16:07:37.000;LU;Luxembourg;Luxembourg;;2025-06-02 16:08:22.000
39374f63-654b-4589-a40e-a204eb1dad51;2025-06-02 16:36:25.000;DE;Germany;Mannheim;;
7a63b755-1dde-41ef-a4e9-c72262308459;2025-06-02 16:43:13.000;DE;Germany;Mannheim;2025-06-02 16:46:23.000;2025-06-02 16:46:21.000
7ec9f6c4-546f-444b-890f-1bbe873598ce;2025-06-02 17:12:50.000;DE;Germany;Mannheim;2025-06-02 17:13:10.000;
fe244bcf-665f-4dfc-839c-68c7c5a81dd3;2025-06-02 19:54:00.000;DE;Germany;Karlsruhe;;2025-06-02 19:54:47.000
ff4e770f-0572-4842-acf4-f6d15afac832;2025-06-02 19:58:42.000;DE;Germany;Karlsruhe;;2025-06-02 19:59:13.000
299b3ae3-bd21-43e5-906c-e47ffd29cd60;2025-06-02 20:03:19.000;DE;Germany;Karlsruhe;2025-06-02 20:03:45.000;2025-06-02 20:03:49.000
c223b3a0-6233-48f1-a847-79c13b2597c0;2025-06-02 20:06:39.000;DE;Germany;Karlsruhe;;2025-06-02 20:07:12.000
79668999-3f30-40dd-9e98-5c8eaf280f11;2025-06-02 20:19:00.000;DE;Germany;Karlsruhe;;2025-06-02 20:19:30.000
f184da17-e2b1-4350-98b7-f505746310e2;2025-06-02 20:23:31.000;DE;Germany;Karlsruhe;;2025-06-02 20:24:02.000
9d4f0c51-42b1-4d1f-b94f-9539f05c24db;2025-06-02 20:26:43.000;DE;Germany;Karlsruhe;;2025-06-02 20:27:10.000
32084ee1-900b-4784-b375-4c852e7233f1;2025-06-02 20:28:42.000;DE;Germany;Karlsruhe;2025-06-02 20:32:08.000;2025-06-02 20:29:42.000
32084ee1-900b-4784-b375-4c852e7233f1;2025-06-02 20:28:42.000;DE;Germany;Karlsruhe;2025-06-02 20:32:08.000;2025-06-02 20:29:51.000
53c8b3c7-27a9-416e-a263-5ebf320d143c;2025-06-02 20:38:47.000;DE;Germany;Karlsruhe;;2025-06-02 20:39:45.000
84c3d26c-2207-4702-9aef-32581fdf3c3e;2025-06-02 20:43:35.000;DE;Germany;Heidelberg;2025-06-02 20:47:13.000;2025-06-02 20:44:40.000
fb1a7a26-146e-484d-9725-d9d138e7ea15;2025-06-03 16:47:59.000;HN;Honduras;Tegucigalpa;2025-06-03 16:48:40.000;2025-06-03 16:49:27.000
0f85c4dc-d384-473f-ae64-872e50b73e13;2025-06-03 16:49:29.000;HN;Honduras;San Pedro Sula;;2025-06-03 16:49:58.000
d79ccab8-bc0c-4e9d-bfb6-b5e4dbb37560;2025-06-03 16:55:33.000;HN;Honduras;Tegucigalpa;;2025-06-03 16:55:53.000
68d7e27a-d736-4db7-8df7-d827d87e5bd1;2025-06-03 16:55:59.000;HN;Honduras;Tegucigalpa;;2025-06-03 16:56:24.000
94c8f794-72db-4230-ba3a-a132dfc7b057;2025-06-03 17:02:47.000;HN;Honduras;Tegucigalpa;;2025-06-03 17:03:02.000
a9e3c5b9-ac00-4e9f-8c54-b1fc2a2fd992;2025-06-04 23:28:36.000;US;United States;Pepperell;;
7c37be84-9501-4390-b174-53cd332fb780;2025-06-07 06:01:39.000;PH;Philippines;Quezon City;;
fba7d1dd-f00e-4fde-bb1b-9559819e7dfb;2025-06-07 15:17:09.000;CO;Colombia;Ibagué;;2025-06-07 15:17:27.000
a94e7b2b-f5bb-4589-9762-4b9b8f5427b1;2025-06-07 17:13:50.000;CO;Colombia;Bogotá;;2025-06-07 17:14:20.000
a94e7b2b-f5bb-4589-9762-4b9b8f5427b1;2025-06-07 17:13:50.000;CO;Colombia;Bogotá;;2025-06-07 17:14:19.000
131c0fb4-cbe7-4045-aae3-a0db067d1494;2025-06-09 00:50:21.000;AU;Australia;Brisbane;;
dc3ac7f0-e7c5-4c7a-bce3-5563a2e3ee9c;2025-06-11 02:00:02.000;CO;Colombia;Ibagué;2025-06-11 02:02:01.000;2025-06-11 02:00:29.000
f24c4e03-d4da-423a-a969-87cff212d17d;2025-06-11 10:36:15.000;PH;Philippines;Davao City;;
6ab1c387-5875-4fcb-b8db-95536b37aaec;2025-06-12 22:54:56.000;BO;Bolivia;La Paz;;
1c8d4154-946a-466b-84ea-8ac7306fd39e;2025-06-14 02:38:21.000;ID;Indonesia;None;;
6df23c4c-764c-4843-9738-99f0eb8adbe9;2025-06-15 17:14:27.000;FI;Finland;Oulu;2025-06-15 17:16:29.000;
1feddd1b-f2f8-4233-b4e8-7d60918e0bc4;2025-06-17 13:42:14.000;CA;Canada;Ottawa;;2025-06-17 13:43:03.000
549f360e-0f4a-486e-9ed9-4c718f3741f5;2025-06-17 17:32:30.000;CA;Canada;Ottawa;2025-06-17 17:33:21.000;2025-06-17 17:33:25.000
b82d83fa-7859-4dd3-8bf1-2a1f37b4eafa;2025-06-17 17:40:27.000;CA;Canada;Ottawa;;2025-06-17 17:41:42.000
39ade62b-8d3b-404b-bd39-1b1fe06ab913;2025-06-19 06:33:44.000;PH;Philippines;Manila;2025-06-19 06:34:15.000;
1a432f80-92a1-4ce4-b94e-cb3deb9bb4d9;2025-06-19 08:44:32.000;DE;Germany;Rüthen;2025-06-19 08:45:18.000;2025-06-19 08:45:16.000
1a432f80-92a1-4ce4-b94e-cb3deb9bb4d9;2025-06-19 08:44:32.000;DE;Germany;Rüthen;2025-06-19 08:45:18.000;2025-06-19 08:45:15.000
7a3d12bc-7e8b-4e5b-baf0-9e414086efb4;2025-06-19 08:57:14.000;DE;Germany;Bischofswerda;;2025-06-19 08:57:32.000
055823eb-3a76-4788-b40b-722f8617c347;2025-06-19 09:08:19.000;DE;Germany;Bischofswerda;;2025-06-19 09:08:39.000
c6c9659d-6a9f-413b-9979-7341988b9228;2025-06-20 02:31:22.000;CA;Canada;Barrie;;
9aed7bbc-441a-4cb3-bb2c-0c46a9a6217f;2025-06-22 12:31:37.000;PH;Philippines;Dasmariñas;;
19ba5367-0937-4770-89e7-d4ecb01b83ec;2025-06-23 04:04:07.000;PH;Philippines;Cagayan de Oro;;
1ac70e8d-8736-4b21-a4bc-7063bf9005a3;2025-06-24 20:20:25.000;PL;Poland;Katowice;2025-06-24 20:20:46.000;2025-06-24 20:20:44.000
bd8e9e97-1d69-493f-a136-7892662f4321;2025-06-25 06:26:52.000;MY;Malaysia;Kuala Lumpur;;
9017aae6-9748-4095-bb4f-f047ded0d7e1;2025-06-25 10:16:33.000;SA;Saudi Arabia;Dammam;;
e1e69a98-a70b-42f9-8222-401c0b301864;2025-06-25 13:46:06.000;US;United States;Thibodaux;2025-06-25 13:47:10.000;2025-06-25 13:47:13.000
71e2cbfa-33a4-4cc4-b727-1d15acc48cae;2025-06-25 14:22:34.000;US;United States;Thibodaux;;2025-06-25 14:26:31.000
6c75056f-0c5d-487d-86a3-972b4c03e39c;2025-06-25 14:46:44.000;US;United States;Thibodaux;;
9d289911-d83f-49e5-9d11-52ef32c9305f;2025-06-25 14:50:04.000;US;United States;Thibodaux;;
9a767a72-b799-49eb-810d-eeec708d2cf8;2025-06-25 16:45:37.000;US;United States;Thibodaux;;2025-06-25 16:46:47.000
c6e633c2-1c57-4ac8-a033-c1d6b22fedab;2025-06-25 21:21:49.000;CO;Colombia;None;;
1a53c76c-14dc-404e-9eae-accea0e5220a;2025-06-25 21:24:33.000;CO;Colombia;None;;2025-06-25 21:24:54.000
3c9f5216-61c2-4c39-9adf-2dedda4bc427;2025-06-26 12:04:43.000;DE;Germany;Heidelberg;2025-06-26 12:05:11.000;2025-06-26 12:05:16.000
3c9f5216-61c2-4c39-9adf-2dedda4bc427;2025-06-26 12:04:43.000;DE;Germany;Heidelberg;2025-06-26 12:13:59.000;2025-06-26 12:05:16.000
a3bb9ee9-0f89-40ae-8d13-a4d5a1bda37a;2025-06-26 12:10:39.000;IT;Italy;Bolzano;2025-06-26 12:12:03.000;2025-06-26 12:11:44.000
082286ec-826f-4d04-92b4-d78cbcf5cd3e;2025-06-26 13:16:01.000;IT;Italy;Bolzano;;
c9611c2a-79cf-4041-8edb-e5a1e1862ee7;2025-06-26 13:16:51.000;IT;Italy;Bolzano;;2025-06-26 13:19:21.000
8e1fe048-182f-4256-998f-ab295057f5e4;2025-06-26 14:32:58.000;US;United States;Thibodaux;;
aa71e93a-cdd0-4c31-9baf-31526a7db40a;2025-06-26 14:43:20.000;US;United States;Thibodaux;;2025-06-26 14:47:35.000
855365e8-c6e7-4bb0-8185-d445d1ab6408;2025-06-27 06:21:41.000;DE;Germany;Heidelberg;;2025-06-27 06:23:21.000
8a83e501-93f7-4d92-be53-86a7ea0e6cb9;2025-06-28 10:22:34.000;DE;Germany;Heidelberg;2025-06-28 10:22:58.000;2025-06-28 10:22:57.000
c8cda163-8188-4423-94cf-8c1e8f5cc668;2025-06-28 17:17:11.000;PL;Poland;Katowice;2025-06-28 17:17:53.000;
dad5ecc2-2908-4843-bcfe-c20a77fa46f5;2025-06-29 05:13:24.000;PH;Philippines;Carmona;;
ec990a30-3b6b-490a-abda-3012cb91ca65;2025-06-29 05:13:58.000;PH;Philippines;Carmona;;
8bf013d4-6465-4f00-b7a8-55b869667f56;2025-06-30 07:06:58.000;PH;Philippines;Cebu City;;
e279f810-9ce8-4993-af1d-c79c6edc04b3;2025-06-30 09:05:57.000;DE;Germany;Heidelberg;2025-06-30 09:18:57.000;2025-06-30 09:19:12.000
ee2a7442-d2f2-4f17-807c-6667b0aae5eb;2025-06-30 15:12:24.000;IS;Iceland;Isafjordur;2025-06-30 15:12:53.000;2025-06-30 15:12:51.000
ee2a7442-d2f2-4f17-807c-6667b0aae5eb;2025-06-30 15:18:36.000;IS;Iceland;Reykjavik;2025-06-30 15:12:53.000;2025-06-30 15:12:51.000
14764afb-52b4-4ed9-b233-146870006bd8;2025-06-30 21:00:23.000;PL;Poland;Warsaw;2025-06-30 21:00:56.000;2025-06-30 21:01:00.000
91f8d412-ce6f-47ea-8251-157e0f126af5;2025-06-30 23:54:05.000;CO;Colombia;Bogotá;;2025-06-30 23:55:02.000
d223c17d-22c7-4a93-b1fb-e2f889b4affd;2025-07-01 00:56:14.000;CO;Colombia;Bogotá;;
d223c17d-22c7-4a93-b1fb-e2f889b4affd;2025-07-01 00:57:14.000;CO;Colombia;Bogotá;;
d223c17d-22c7-4a93-b1fb-e2f889b4affd;2025-07-01 00:57:18.000;CO;Colombia;Bogotá;;
43545eb8-f6b0-44e7-851d-b2fe3216608c;2025-07-01 00:57:31.000;CO;Colombia;Bogotá;;
7c37be84-9501-4390-b174-53cd332fb780;2025-07-01 03:18:34.000;DE;Germany;Frankfurt am Main;;
880b9920-7968-4787-903d-cf70c991f04f;2025-07-01 11:55:42.000;DE;Germany;Heidelberg;2025-07-01 11:56:37.000;2025-07-01 11:56:23.000
429139eb-45c3-40cc-a6f7-7d2108cd232e;2025-07-01 12:00:48.000;DE;Germany;Heidelberg;2025-07-01 12:01:44.000;2025-07-01 12:01:31.000
7cf18836-cf52-482e-bd1f-3dfd3dc3b181;2025-07-01 12:13:22.000;DE;Germany;Heidelberg;2025-07-01 12:14:07.000;
34b197bc-c770-42a9-b981-a8180e06049c;2025-07-02 13:19:16.000;CO;Colombia;Bogotá;;2025-07-02 13:20:26.000
4c5fdb14-8f17-4c39-819c-ce0f1a071907;2025-07-02 13:44:18.000;DE;Germany;Hemsbach;;2025-07-02 13:51:16.000
8cb29d09-c67d-4b5d-b83c-4886d2e4d478;2025-07-02 14:05:14.000;DE;Germany;Hemsbach;;2025-07-02 14:05:34.000
29d6ac0d-6cb3-4203-b0f6-85b5b7869726;2025-07-03 10:45:16.000;PH;Philippines;Quezon City;2025-07-03 10:48:13.000;2025-07-03 10:48:11.000
7c92c84b-c648-4793-8151-2af32a600f69;2025-07-03 19:11:46.000;CO;Colombia;Bogotá;;2025-07-03 19:14:09.000
44bfd02e-6296-4208-a1ba-64ea8fb57c63;2025-07-03 19:32:56.000;CO;Colombia;Bogotá;2025-07-03 23:08:45.000;2025-07-03 19:33:49.000
7295f280-42bf-4d57-b1c7-8fd02a8c9481;2025-07-03 22:00:03.000;CO;Colombia;Pereira;;
a9c358ab-70a6-496a-8760-f0eb9a079f85;2025-07-03 22:01:55.000;CO;Colombia;Pereira;2025-07-03 22:02:21.000;2025-07-03 22:02:15.000
44bfd02e-6296-4208-a1ba-64ea8fb57c63;2025-07-03 22:31:03.000;CO;Colombia;Bogotá;2025-07-03 23:08:45.000;2025-07-03 19:33:49.000
7c92c84b-c648-4793-8151-2af32a600f69;2025-07-03 22:31:58.000;CO;Colombia;Bogotá;;2025-07-03 19:14:09.000
35109796-6a66-4ceb-86f3-63f0153df3d5;2025-07-04 14:17:13.000;IS;Iceland;Isafjordur;2025-07-04 14:18:00.000;2025-07-04 14:17:58.000
135de44b-ce84-4030-9c2a-7c53422ecf11;2025-07-04 14:20:04.000;IS;Iceland;Isafjordur;2025-07-04 14:20:25.000;2025-07-04 14:20:23.000
7ef497af-8a11-415c-99d2-dad8704d4032;2025-07-04 19:37:16.000;IS;Iceland;Isafjordur;;2025-07-04 19:38:11.000
15830ac7-025b-4b23-893f-d78e028c1c7e;2025-07-04 20:00:25.000;IS;Iceland;Isafjordur;;2025-07-04 20:01:07.000
981a9b49-ca5f-47ec-9ea2-fad0cab76817;2025-07-04 20:02:38.000;IS;Iceland;Isafjordur;;2025-07-04 20:03:13.000
bbf6733c-33a4-47b9-8081-ba4bea7f928e;2025-07-04 20:10:20.000;IS;Iceland;Isafjordur;;2025-07-04 20:10:43.000
9ae858a4-3c26-49ac-8395-2011efc8e501;2025-07-04 20:14:53.000;IS;Iceland;Isafjordur;;2025-07-04 20:15:13.000
683ed491-25dd-4387-b2f9-7bd73b9e15bc;2025-07-04 20:15:56.000;IS;Iceland;Isafjordur;;2025-07-04 20:16:16.000
473e6296-1bfe-4005-88f4-683083f57529;2025-07-04 20:21:03.000;IS;Iceland;Isafjordur;;2025-07-04 20:21:16.000
da632692-b04f-4359-adb1-c3a9e06cbefb;2025-07-04 20:22:32.000;IS;Iceland;Isafjordur;;2025-07-04 20:22:44.000
031cab91-79bb-49d9-89e7-1fef7692727b;2025-07-04 20:23:21.000;IS;Iceland;Isafjordur;;2025-07-04 20:23:35.000
b4042162-9b0b-43e8-a204-f5a82aef8a2b;2025-07-04 21:18:27.000;IS;Iceland;Isafjordur;;2025-07-04 21:18:41.000
a24a433b-b1df-48c3-b0f7-477762cca0e0;2025-07-04 21:52:29.000;IS;Iceland;Isafjordur;;2025-07-04 21:56:40.000
1d4360d1-e12b-48cd-a3c7-798eb6d3ae18;2025-07-05 09:21:18.000;IS;Iceland;Isafjordur;2025-07-05 09:21:53.000;2025-07-05 09:21:58.000
7e373d5d-ccfc-440d-86be-c27abfeb0e6d;2025-07-05 09:22:32.000;IS;Iceland;Isafjordur;2025-07-05 09:22:47.000;2025-07-05 09:22:50.000
aa3489b5-8b99-4eb0-b24a-e46393a8f94d;2025-07-05 09:23:07.000;IS;Iceland;Isafjordur;;
70b2a271-1840-4d0c-a8a9-3f15d7d3f407;2025-07-05 09:39:08.000;IS;Iceland;Isafjordur;2025-07-05 09:40:42.000;2025-07-05 09:40:45.000
ef46ffd7-3ec4-4d28-9fd1-1fc2d0e2282c;2025-07-05 09:45:21.000;IS;Iceland;Isafjordur;;2025-07-05 09:49:56.000
f88439ae-eddb-49fe-becd-dab1d3865869;2025-07-05 09:47:16.000;IS;Iceland;Isafjordur;2025-07-05 09:47:40.000;2025-07-05 09:47:45.000
f114d1af-ecdd-465e-8653-eed55798ab4d;2025-07-05 09:51:25.000;IS;Iceland;Isafjordur;;2025-07-05 09:53:07.000
3dd1e84d-bf3d-4eb6-ad59-134921a27541;2025-07-05 10:05:10.000;IS;Iceland;Isafjordur;;2025-07-05 10:05:29.000
93a8f7b9-f832-4be1-8163-5cea90e739ae;2025-07-05 11:01:28.000;IS;Iceland;Isafjordur;2025-07-05 11:01:41.000;2025-07-05 11:01:45.000
c3615bc8-8f59-40b5-82e3-db3b6e5a15ae;2025-07-06 17:48:58.000;DE;Germany;Heidelberg;;2025-07-06 17:51:49.000
c1b76834-97dc-4dc9-9925-d6c9aa34efa8;2025-07-07 11:46:04.000;PH;Philippines;Quezon City;;
12f33429-1aa0-4aa7-bda1-7cf021cb86ca;2025-07-07 11:59:55.000;PH;Philippines;Quezon City;;
dff3fea7-8d60-487b-a8c0-dc2602d5ae5e;2025-07-07 14:03:42.000;IE;Ireland;Dublin;;
dff3fea7-8d60-487b-a8c0-dc2602d5ae5e;2025-07-07 14:04:05.000;IE;Ireland;Dublin;;
e5c02d38-907a-47c0-acfc-e60c6a559e62;2025-07-07 14:04:23.000;IE;Ireland;Dublin;;
46dacf44-e83a-41bb-844c-1f7cc1be48a0;2025-07-07 18:23:10.000;AT;Austria;Vienna;;2025-07-07 18:23:28.000
c3615bc8-8f59-40b5-82e3-db3b6e5a15ae;2025-07-08 06:13:12.000;DE;Germany;Heidelberg;;2025-07-06 17:51:49.000
56dbd7de-8b7c-46c1-94a4-21fed6014138;2025-07-08 08:03:42.000;DE;Germany;Ulm;;2025-07-08 08:07:22.000
546cf9a3-009b-4ad2-83f9-8d23a8d6105a;2025-07-08 08:07:42.000;DE;Germany;Ulm;;2025-07-08 08:10:23.000
f1da46cc-262d-4bed-95ca-d907947c6566;2025-07-08 08:10:44.000;DE;Germany;Ulm;;2025-07-08 08:28:49.000
17972682-84ee-4361-91b1-a31a348f65dd;2025-07-08 08:29:09.000;DE;Germany;Ulm;2025-07-08 08:30:14.000;2025-07-08 08:29:50.000
797ecd15-3d88-4d83-8302-1090b830e8fc;2025-07-08 08:30:37.000;DE;Germany;Ulm;2025-07-08 08:35:07.000;
360a752b-4870-48c0-9080-7456db1223af;2025-07-08 08:35:33.000;DE;Germany;Ulm;2025-07-08 08:37:53.000;
5a7e97a5-4de9-4929-83b5-ac33a7c8161c;2025-07-08 08:38:56.000;DE;Germany;Ulm;2025-07-08 08:40:36.000;
3b3fa7fd-7c34-444c-b881-cd272a4fd8ba;2025-07-08 09:55:25.000;TH;Thailand;Bangkok;;
abb161a0-113d-4b2c-815e-c0bff12a709d;2025-07-08 11:01:32.000;AT;Austria;Vienna;;2025-07-08 11:01:51.000
abb161a0-113d-4b2c-815e-c0bff12a709d;2025-07-08 11:16:03.000;CH;Switzerland;Zurich;;2025-07-08 11:01:51.000
abb161a0-113d-4b2c-815e-c0bff12a709d;2025-07-08 11:16:04.000;KE;Kenya;Kahuro;;2025-07-08 11:01:51.000
abb161a0-113d-4b2c-815e-c0bff12a709d;2025-07-08 11:16:22.000;CH;Switzerland;Zurich;;2025-07-08 11:01:51.000
7e62f391-391f-4152-82a6-891a2cb5c47e;2025-07-08 18:12:29.000;CO;Colombia;None;;
7e62f391-391f-4152-82a6-891a2cb5c47e;2025-07-08 18:21:07.000;CO;Colombia;None;;
90031629-40bf-41ee-ad71-abfc8ea475f9;2025-07-08 18:24:17.000;CO;Colombia;None;;
90031629-40bf-41ee-ad71-abfc8ea475f9;2025-07-08 18:24:38.000;CO;Colombia;None;;
e6b7829b-9430-4f82-ae0e-e976ad463310;2025-07-08 21:47:16.000;CO;Colombia;Bogotá;;2025-07-08 21:48:01.000
db0caa4d-3b6a-4ddb-a717-e5e0b897d278;2025-07-09 00:53:55.000;US;United States;Plano;;
db0caa4d-3b6a-4ddb-a717-e5e0b897d278;2025-07-09 00:55:02.000;US;United States;Plano;;
6a882ee0-ccab-4c59-ada9-88792dc6c793;2025-07-09 02:55:10.000;PH;Philippines;Cebu City;;
6a882ee0-ccab-4c59-ada9-88792dc6c793;2025-07-09 02:55:40.000;PH;Philippines;Cabanatuan City;;
6a882ee0-ccab-4c59-ada9-88792dc6c793;2025-07-09 02:55:44.000;PH;Philippines;Cabanatuan City;;
a847f89f-7d02-40a4-98ec-ea14ba951f01;2025-07-09 08:03:23.000;DE;Germany;Cologne;;
abb161a0-113d-4b2c-815e-c0bff12a709d;2025-07-09 13:28:35.000;KE;Kenya;Kahuro;;2025-07-08 11:01:51.000
f9b39803-adb7-4cfc-b016-d9ae708d0dec;2025-07-09 16:15:32.000;CO;Colombia;None;;
42a3d448-678a-4d90-87cc-5f0daf5c96f4;2025-07-09 18:21:21.000;DE;Germany;Heidelberg;;
a1a3cd22-a4ac-4221-a586-3622d9e79242;2025-07-09 18:22:09.000;DE;Germany;Heidelberg;;2025-07-09 18:24:48.000
a1a3cd22-a4ac-4221-a586-3622d9e79242;2025-07-09 18:22:09.000;DE;Germany;Heidelberg;;2025-07-09 18:25:16.000
14f62f24-1519-451a-b9cc-2ffddd826369;2025-07-10 11:11:31.000;DE;Germany;Ulm;2025-07-10 11:12:29.000;
32cdf250-bb94-4248-bb68-93205c772056;2025-07-10 11:28:03.000;DE;Germany;Ulm;;
a558bce5-b234-456d-a3d7-03112073da57;2025-07-10 11:32:12.000;DE;Germany;Ulm;2025-07-10 11:32:56.000;
a558bce5-b234-456d-a3d7-03112073da57;2025-07-10 11:32:12.000;DE;Germany;Ulm;2025-07-10 11:32:48.000;
040d087b-fe7d-426d-8318-b3f18c5601a9;2025-07-10 11:36:37.000;DE;Germany;Ulm;;
040d087b-fe7d-426d-8318-b3f18c5601a9;2025-07-10 11:45:07.000;DE;Germany;Ulm;;
5d304453-7d8f-477f-a73a-aa1e544a2118;2025-07-10 11:53:16.000;DE;Germany;Ulm;2025-07-10 11:54:37.000;2025-07-10 11:56:07.000
65e46f38-af4e-40c7-abd1-3c1a57d1de5a;2025-07-10 12:02:54.000;DE;Germany;Ulm;2025-07-10 12:05:06.000;2025-07-10 12:05:07.000
d9d2dd12-c42f-4129-90cf-6fb7f1977981;2025-07-10 12:08:50.000;DE;Germany;Ulm;2025-07-10 12:09:50.000;
d0692fe8-a4b6-47a7-bae0-53ffa22fe9fe;2025-07-10 15:48:27.000;CO;Colombia;Medellín;2025-07-10 15:48:58.000;
e9bd964a-f2cd-4aca-a4fa-3fbddeb47bd2;2025-07-10 16:35:08.000;CO;Colombia;None;2025-07-10 16:36:37.000;2025-07-10 16:36:05.000
e9bd964a-f2cd-4aca-a4fa-3fbddeb47bd2;2025-07-10 16:35:08.000;CO;Colombia;None;2025-07-10 16:36:37.000;2025-07-10 16:38:42.000
e9bd964a-f2cd-4aca-a4fa-3fbddeb47bd2;2025-07-10 16:35:08.000;CO;Colombia;None;2025-07-10 16:35:47.000;2025-07-10 16:36:05.000
e9bd964a-f2cd-4aca-a4fa-3fbddeb47bd2;2025-07-10 16:35:08.000;CO;Colombia;None;2025-07-10 16:35:47.000;2025-07-10 16:38:42.000
e9bd964a-f2cd-4aca-a4fa-3fbddeb47bd2;2025-07-10 16:35:08.000;CO;Colombia;None;2025-07-10 16:38:26.000;2025-07-10 16:38:42.000
e9bd964a-f2cd-4aca-a4fa-3fbddeb47bd2;2025-07-10 16:35:08.000;CO;Colombia;None;2025-07-10 16:38:26.000;2025-07-10 16:36:05.000
e9bd964a-f2cd-4aca-a4fa-3fbddeb47bd2;2025-07-10 16:35:19.000;CO;Colombia;None;2025-07-10 16:36:37.000;2025-07-10 16:38:42.000
e9bd964a-f2cd-4aca-a4fa-3fbddeb47bd2;2025-07-10 16:35:19.000;CO;Colombia;None;2025-07-10 16:38:26.000;2025-07-10 16:38:42.000
e9bd964a-f2cd-4aca-a4fa-3fbddeb47bd2;2025-07-10 16:35:19.000;CO;Colombia;None;2025-07-10 16:36:37.000;2025-07-10 16:36:05.000
e9bd964a-f2cd-4aca-a4fa-3fbddeb47bd2;2025-07-10 16:35:19.000;CO;Colombia;None;2025-07-10 16:38:26.000;2025-07-10 16:36:05.000
e9bd964a-f2cd-4aca-a4fa-3fbddeb47bd2;2025-07-10 16:35:19.000;CO;Colombia;None;2025-07-10 16:35:47.000;2025-07-10 16:36:05.000
e9bd964a-f2cd-4aca-a4fa-3fbddeb47bd2;2025-07-10 16:35:19.000;CO;Colombia;None;2025-07-10 16:35:47.000;2025-07-10 16:38:42.000
1ec9e4c7-a179-467d-a614-48fa43b6f93b;2025-07-10 16:39:37.000;CO;Colombia;Bogotá;2025-07-10 16:40:52.000;2025-07-10 16:42:06.000
d72b6e0b-c9d6-46f0-8d52-af0fb05e4e82;2025-07-10 16:40:55.000;CO;Colombia;None;;
a138a969-e595-4e85-a2a9-d3e488d60b4e;2025-07-10 16:41:32.000;CO;Colombia;None;2025-07-10 16:52:20.000;2025-07-10 16:52:23.000
6b631bcd-1685-4f6f-999a-1153df19d6c5;2025-07-10 16:42:11.000;CO;Colombia;None;2025-07-10 16:46:34.000;2025-07-10 16:46:07.000
93303400-39fc-4280-b167-8e202d79a2fe;2025-07-10 16:46:30.000;CO;Colombia;None;2025-07-10 16:47:10.000;2025-07-10 16:47:17.000
93303400-39fc-4280-b167-8e202d79a2fe;2025-07-10 16:46:30.000;CO;Colombia;None;2025-07-10 16:47:10.000;2025-07-10 17:07:53.000
a4cda877-b276-49ee-a94b-78324066bc0b;2025-07-10 16:50:46.000;CO;Colombia;None;2025-07-10 16:51:45.000;2025-07-10 16:51:32.000
a4cda877-b276-49ee-a94b-78324066bc0b;2025-07-10 16:50:46.000;CO;Colombia;None;2025-07-10 16:51:45.000;2025-07-10 16:51:10.000
a4cda877-b276-49ee-a94b-78324066bc0b;2025-07-10 16:50:46.000;CO;Colombia;None;2025-07-10 16:51:20.000;2025-07-10 16:51:10.000
a4cda877-b276-49ee-a94b-78324066bc0b;2025-07-10 16:50:46.000;CO;Colombia;None;2025-07-10 16:51:20.000;2025-07-10 16:51:32.000
faa2219f-5c41-4aaa-b95e-d367ef7fedf7;2025-07-10 16:53:48.000;CO;Colombia;None;2025-07-10 16:54:51.000;2025-07-10 16:54:57.000
97a9baac-c59a-4ca5-968d-9c06f19f6461;2025-07-10 16:53:57.000;CO;Colombia;None;2025-07-10 16:55:13.000;2025-07-10 16:55:17.000
97a9baac-c59a-4ca5-968d-9c06f19f6461;2025-07-10 16:54:13.000;CO;Colombia;None;2025-07-10 16:55:13.000;2025-07-10 16:55:17.000
85d44033-e648-4e5d-8e5d-9e0fe15f5606;2025-07-10 16:55:50.000;CO;Colombia;None;2025-07-10 16:56:24.000;2025-07-10 16:56:42.000
8bdfefc1-981e-48f6-ac60-77e95e8e1376;2025-07-10 16:56:02.000;CO;Colombia;None;2025-07-10 16:56:41.000;2025-07-10 16:56:39.000
79f4accb-956b-427b-8bab-be9a79bc9ad0;2025-07-10 16:58:14.000;CO;Colombia;None;2025-07-10 16:58:57.000;2025-07-10 16:58:47.000
a1320421-9283-416e-b0c3-bba67efc4b1c;2025-07-10 16:59:38.000;CO;Colombia;Medellín;2025-07-10 17:07:33.000;
a1320421-9283-416e-b0c3-bba67efc4b1c;2025-07-10 16:59:38.000;CO;Colombia;Medellín;2025-07-10 17:00:18.000;
88991389-1cb9-4910-bf9b-c62dbd10bce0;2025-07-10 17:06:05.000;CO;Colombia;None;2025-07-10 17:07:24.000;2025-07-10 17:07:34.000
12c54126-3193-41da-8d0f-e4db36ed1d7a;2025-07-10 17:12:43.000;CO;Colombia;None;2025-07-10 17:13:52.000;2025-07-10 17:17:46.000
12c54126-3193-41da-8d0f-e4db36ed1d7a;2025-07-10 17:12:43.000;CO;Colombia;None;2025-07-10 17:15:17.000;2025-07-10 17:17:46.000
dbbf61ce-d7dd-4e94-bbf5-fabce8d71476;2025-07-10 17:17:08.000;CO;Colombia;None;;2025-07-10 17:18:14.000
dbbf61ce-d7dd-4e94-bbf5-fabce8d71476;2025-07-10 17:17:08.000;CO;Colombia;None;;2025-07-10 17:17:39.000
fea37851-967b-45fc-8050-a792f0c73a53;2025-07-10 17:22:05.000;CO;Colombia;None;;2025-07-10 17:22:54.000
ee40ab25-e2fd-4ec8-9e69-cde8c527b338;2025-07-10 17:26:01.000;CO;Colombia;None;;2025-07-10 17:27:01.000
ee40ab25-e2fd-4ec8-9e69-cde8c527b338;2025-07-10 17:26:01.000;CO;Colombia;None;;2025-07-10 17:26:20.000
562d0f50-9e28-49c0-8d9b-a572b0ffa78c;2025-07-10 19:33:30.000;CO;Colombia;Bogotá;;2025-07-10 19:33:54.000
2264ad20-4962-4924-8edb-fc5812e63077;2025-07-10 19:34:28.000;CO;Colombia;Bogotá;;2025-07-10 19:35:07.000
69713b72-26c0-4c14-ac3e-85593e33a7e5;2025-07-11 04:07:19.000;PH;Philippines;Tangub;;
3c5566ef-45ae-4603-9e4b-3fa562c76a8c;2025-07-11 06:50:18.000;DE;Germany;Berlin;2025-07-11 06:51:25.000;2025-07-11 06:52:01.000
8e2dd469-c2c1-4070-b4c8-2b02ded604a3;2025-07-11 06:58:10.000;DE;Germany;Berlin;2025-07-11 06:59:16.000;2025-07-11 06:58:48.000
8e2dd469-c2c1-4070-b4c8-2b02ded604a3;2025-07-11 06:58:10.000;DE;Germany;Berlin;2025-07-11 06:59:16.000;2025-07-11 06:58:33.000
f80875c0-4be9-4d9a-9371-11942a4f4365;2025-07-11 08:28:44.000;SS;South Sudan;Juba;2025-07-11 08:29:17.000;2025-07-11 08:29:08.000
f1d09491-1ef6-462c-ac94-42c0b9f87df9;2025-07-11 09:41:58.000;DE;Germany;Berlin;2025-07-11 09:42:39.000;2025-07-11 09:42:27.000
a7dfc46f-9858-4614-8150-233b10d30219;2025-07-11 09:43:35.000;DE;Germany;Berlin;2025-07-11 09:44:19.000;2025-07-11 09:44:35.000
8c65f2f4-9046-434d-a5cb-b3e195ca55ac;2025-07-11 10:21:25.000;CO;Colombia;Santa Marta;;2025-07-11 10:22:41.000
97a9baac-c59a-4ca5-968d-9c06f19f6461;2025-07-11 12:22:09.000;CO;Colombia;Santa Marta;2025-07-10 16:55:13.000;2025-07-10 16:55:17.000
e77665ef-8c14-4acc-9b3e-c92516b7f976;2025-07-11 14:54:02.000;CO;Colombia;None;2025-07-11 14:54:42.000;2025-07-11 14:54:34.000
6222ba3d-3fed-41c8-984a-9c132861becf;2025-07-11 15:00:28.000;CO;Colombia;None;2025-07-11 15:00:58.000;2025-07-11 15:01:00.000
afaf95c8-cf41-45e9-9192-863c66c3e7d8;2025-07-11 15:00:48.000;CO;Colombia;None;2025-07-11 15:01:15.000;2025-07-11 15:01:27.000
0eeb668e-2da0-4b16-9940-e0935892f2f8;2025-07-11 15:01:58.000;CO;Colombia;None;2025-07-11 15:03:36.000;2025-07-11 15:02:44.000
ccb52f5f-b4c9-41b1-b045-826724a80424;2025-07-11 15:04:47.000;CO;Colombia;None;2025-07-11 15:05:11.000;2025-07-11 15:17:01.000
ccb52f5f-b4c9-41b1-b045-826724a80424;2025-07-11 15:04:47.000;CO;Colombia;None;2025-07-11 15:05:11.000;2025-07-11 15:05:17.000
cf49f994-106f-474f-bd03-e7b768af412b;2025-07-11 15:08:14.000;CO;Colombia;Barranquilla;2025-07-11 15:08:55.000;2025-07-11 15:08:50.000
538a1bae-4ab5-4f5d-bced-85d7befff341;2025-07-11 15:55:52.000;CO;Colombia;None;;
b8b44d37-9685-428b-a0a6-240e0dbf3100;2025-07-11 15:58:55.000;CO;Colombia;None;2025-07-11 16:01:42.000;2025-07-11 16:01:35.000
2264ad20-4962-4924-8edb-fc5812e63077;2025-07-11 16:13:02.000;CO;Colombia;Bogotá;;2025-07-10 19:35:07.000
3d91ce67-074b-4b50-9c40-f928943b5000;2025-07-11 17:02:44.000;CO;Colombia;None;;2025-07-11 17:08:31.000
6fd5551b-5b7d-470e-a1dc-e922c087e7ca;2025-07-14 00:56:17.000;HN;Honduras;San Pedro Sula;;
6fd5551b-5b7d-470e-a1dc-e922c087e7ca;2025-07-14 01:01:47.000;HN;Honduras;San Pedro Sula;;
1f3c5b1e-0c7b-42d8-9da7-1f5ce8d3d9a3;2025-07-14 01:02:11.000;HN;Honduras;San Pedro Sula;;
14f62f24-1519-451a-b9cc-2ffddd826369;2025-07-14 07:50:45.000;DE;Germany;Ulm;2025-07-10 11:12:29.000;
d9d2dd12-c42f-4129-90cf-6fb7f1977981;2025-07-14 07:50:47.000;DE;Germany;Ulm;2025-07-10 12:09:50.000;
9bd41db0-6cf5-4e46-a31b-e045789f6c0b;2025-07-15 00:29:06.000;CO;Colombia;Riohacha;2025-07-15 00:30:10.000;2025-07-15 00:30:35.000
85315800-eb52-4248-8743-937391776fe1;2025-07-15 10:39:46.000;VN;Vietnam;Hanoi;;
85315800-eb52-4248-8743-937391776fe1;2025-07-15 10:40:08.000;VN;Vietnam;Hanoi;;
85315800-eb52-4248-8743-937391776fe1;2025-07-15 10:40:16.000;VN;Vietnam;Hanoi;;
ccb52f5f-b4c9-41b1-b045-826724a80424;2025-07-15 10:42:19.000;CO;Colombia;Bogotá;2025-07-11 15:05:11.000;2025-07-11 15:05:17.000
ccb52f5f-b4c9-41b1-b045-826724a80424;2025-07-15 10:42:19.000;CO;Colombia;Bogotá;2025-07-11 15:05:11.000;2025-07-11 15:17:01.000
0afe51c4-f9c9-44c8-8068-77623410e43c;2025-07-15 18:22:23.000;CO;Colombia;None;2025-07-15 18:23:10.000;2025-07-15 18:24:26.000
2677c5a5-0627-4af9-8f23-0493a3e46cee;2025-07-15 18:25:52.000;CO;Colombia;None;2025-07-15 18:26:23.000;2025-07-15 18:26:25.000
03dab8ef-01f8-4c3e-9abc-82d6e89bf194;2025-07-15 21:42:28.000;CO;Colombia;Barranquilla;2025-07-15 21:43:18.000;2025-07-15 21:43:21.000
b7f18c51-c076-4c93-95ed-5387469545e8;2025-07-16 01:11:54.000;VN;Vietnam;Hanoi;;
292c31a5-a978-4e04-824a-827cd975c69e;2025-07-16 08:13:06.000;DE;Germany;Heidelberg;;2025-07-16 08:13:53.000
32ed8021-65dc-442d-821f-6562b7c04ea4;2025-07-16 08:20:25.000;DE;Germany;Heidelberg;;2025-07-16 08:21:01.000
0ff163de-d2ef-4acf-9cf1-ec956531b3f7;2025-07-16 08:25:09.000;DE;Germany;Heidelberg;;2025-07-16 08:25:33.000
2d000b8b-e29b-443a-b6ca-3ff3a1e73c3f;2025-07-16 08:32:29.000;DE;Germany;Heidelberg;;2025-07-16 08:33:01.000
ffa089a6-211f-41f2-b60a-060c7e784044;2025-07-16 14:31:47.000;MX;Mexico;Veracruz;;2025-07-16 14:32:15.000
80bf10cb-787e-4165-9e68-c84775da589c;2025-07-16 16:07:02.000;TT;Trinidad and Tobago;Port of Spain;;
7581bfad-e0af-4a19-881d-30177a136e64;2025-07-16 16:08:49.000;TT;Trinidad and Tobago;Port of Spain;;
a0b04346-5d32-4ec5-b840-74c552c3ee2e;2025-07-16 16:13:34.000;CO;Colombia;None;2025-07-16 16:15:09.000;2025-07-16 16:15:03.000
7581bfad-e0af-4a19-881d-30177a136e64;2025-07-16 16:23:35.000;TT;Trinidad and Tobago;Port of Spain;;
7581bfad-e0af-4a19-881d-30177a136e64;2025-07-16 16:28:00.000;TT;Trinidad and Tobago;Port of Spain;;
ed2b0d53-36f2-4030-8f12-02f94ad00fc4;2025-07-16 16:35:23.000;MX;Mexico;Veracruz;;
c7406200-7243-4165-84d2-9f88f7b6224c;2025-07-17 06:37:14.000;PH;Philippines;Caloocan City;;
326b2824-8e3e-4d0e-b3a1-33e032ac51ff;2025-07-17 13:37:06.000;AT;Austria;Vienna;;
b8ef63d8-77b1-4971-af94-f7bb7cb8ca42;2025-07-17 18:10:24.000;US;United States;Philadelphia;2025-07-17 18:13:58.000;2025-07-17 18:12:58.000
b8ef63d8-77b1-4971-af94-f7bb7cb8ca42;2025-07-17 18:10:24.000;US;United States;Philadelphia;2025-07-17 18:13:58.000;2025-07-17 18:13:28.000
b8ef63d8-77b1-4971-af94-f7bb7cb8ca42;2025-07-17 18:10:24.000;US;United States;Philadelphia;2025-07-17 18:21:24.000;2025-07-17 18:15:18.000
b8ef63d8-77b1-4971-af94-f7bb7cb8ca42;2025-07-17 18:10:24.000;US;United States;Philadelphia;2025-07-17 18:21:24.000;2025-07-17 18:15:17.000
b8ef63d8-77b1-4971-af94-f7bb7cb8ca42;2025-07-17 18:10:24.000;US;United States;Philadelphia;2025-07-17 18:21:24.000;2025-07-17 18:15:14.000
b8ef63d8-77b1-4971-af94-f7bb7cb8ca42;2025-07-17 18:10:24.000;US;United States;Philadelphia;2025-07-17 18:21:24.000;2025-07-17 18:13:50.000
b8ef63d8-77b1-4971-af94-f7bb7cb8ca42;2025-07-17 18:10:24.000;US;United States;Philadelphia;2025-07-17 18:21:24.000;2025-07-17 18:13:47.000
b8ef63d8-77b1-4971-af94-f7bb7cb8ca42;2025-07-17 18:10:24.000;US;United States;Philadelphia;2025-07-17 18:21:24.000;2025-07-17 18:13:45.000
b8ef63d8-77b1-4971-af94-f7bb7cb8ca42;2025-07-17 18:10:24.000;US;United States;Philadelphia;2025-07-17 18:21:24.000;2025-07-17 18:13:33.000
b8ef63d8-77b1-4971-af94-f7bb7cb8ca42;2025-07-17 18:10:24.000;US;United States;Philadelphia;2025-07-17 18:21:24.000;2025-07-17 18:13:31.000
b8ef63d8-77b1-4971-af94-f7bb7cb8ca42;2025-07-17 18:10:24.000;US;United States;Philadelphia;2025-07-17 18:21:24.000;2025-07-17 18:13:28.000
b8ef63d8-77b1-4971-af94-f7bb7cb8ca42;2025-07-17 18:10:24.000;US;United States;Philadelphia;2025-07-17 18:21:24.000;2025-07-17 18:12:58.000
b8ef63d8-77b1-4971-af94-f7bb7cb8ca42;2025-07-17 18:10:24.000;US;United States;Philadelphia;2025-07-17 18:28:28.000;2025-07-17 18:12:58.000
b8ef63d8-77b1-4971-af94-f7bb7cb8ca42;2025-07-17 18:10:24.000;US;United States;Philadelphia;2025-07-17 18:28:28.000;2025-07-17 18:13:28.000
b8ef63d8-77b1-4971-af94-f7bb7cb8ca42;2025-07-17 18:10:24.000;US;United States;Philadelphia;2025-07-17 18:28:28.000;2025-07-17 18:13:31.000
b8ef63d8-77b1-4971-af94-f7bb7cb8ca42;2025-07-17 18:10:24.000;US;United States;Philadelphia;2025-07-17 18:28:28.000;2025-07-17 18:13:33.000
b8ef63d8-77b1-4971-af94-f7bb7cb8ca42;2025-07-17 18:10:24.000;US;United States;Philadelphia;2025-07-17 18:28:28.000;2025-07-17 18:13:45.000
b8ef63d8-77b1-4971-af94-f7bb7cb8ca42;2025-07-17 18:10:24.000;US;United States;Philadelphia;2025-07-17 18:28:28.000;2025-07-17 18:13:47.000
b8ef63d8-77b1-4971-af94-f7bb7cb8ca42;2025-07-17 18:10:24.000;US;United States;Philadelphia;2025-07-17 18:28:28.000;2025-07-17 18:13:50.000
b8ef63d8-77b1-4971-af94-f7bb7cb8ca42;2025-07-17 18:10:24.000;US;United States;Philadelphia;2025-07-17 18:28:28.000;2025-07-17 18:15:14.000
b8ef63d8-77b1-4971-af94-f7bb7cb8ca42;2025-07-17 18:10:24.000;US;United States;Philadelphia;2025-07-17 18:13:52.000;2025-07-17 18:28:27.000
b8ef63d8-77b1-4971-af94-f7bb7cb8ca42;2025-07-17 18:10:24.000;US;United States;Philadelphia;2025-07-17 18:26:57.000;2025-07-17 18:13:47.000
b8ef63d8-77b1-4971-af94-f7bb7cb8ca42;2025-07-17 18:10:24.000;US;United States;Philadelphia;2025-07-17 18:26:57.000;2025-07-17 18:26:55.000
b8ef63d8-77b1-4971-af94-f7bb7cb8ca42;2025-07-17 18:10:24.000;US;United States;Philadelphia;2025-07-17 18:26:57.000;2025-07-17 18:13:50.000
b8ef63d8-77b1-4971-af94-f7bb7cb8ca42;2025-07-17 18:10:24.000;US;United States;Philadelphia;2025-07-17 18:26:57.000;2025-07-17 18:26:51.000
b8ef63d8-77b1-4971-af94-f7bb7cb8ca42;2025-07-17 18:10:24.000;US;United States;Philadelphia;2025-07-17 18:26:57.000;2025-07-17 18:26:47.000
b8ef63d8-77b1-4971-af94-f7bb7cb8ca42;2025-07-17 18:10:24.000;US;United States;Philadelphia;2025-07-17 18:26:57.000;2025-07-17 18:15:18.000
b8ef63d8-77b1-4971-af94-f7bb7cb8ca42;2025-07-17 18:10:24.000;US;United States;Philadelphia;2025-07-17 18:26:57.000;2025-07-17 18:15:17.000
b8ef63d8-77b1-4971-af94-f7bb7cb8ca42;2025-07-17 18:10:24.000;US;United States;Philadelphia;2025-07-17 18:26:57.000;2025-07-17 18:15:14.000
b8ef63d8-77b1-4971-af94-f7bb7cb8ca42;2025-07-17 18:10:24.000;US;United States;Philadelphia;2025-07-17 18:13:59.000;2025-07-17 18:13:50.000
b8ef63d8-77b1-4971-af94-f7bb7cb8ca42;2025-07-17 18:10:24.000;US;United States;Philadelphia;2025-07-17 18:13:59.000;2025-07-17 18:13:47.000
b8ef63d8-77b1-4971-af94-f7bb7cb8ca42;2025-07-17 18:10:24.000;US;United States;Philadelphia;2025-07-17 18:13:58.000;2025-07-17 18:13:31.000
b8ef63d8-77b1-4971-af94-f7bb7cb8ca42;2025-07-17 18:10:24.000;US;United States;Philadelphia;2025-07-17 18:13:58.000;2025-07-17 18:13:33.000
b8ef63d8-77b1-4971-af94-f7bb7cb8ca42;2025-07-17 18:10:24.000;US;United States;Philadelphia;2025-07-17 18:13:58.000;2025-07-17 18:13:45.000
b8ef63d8-77b1-4971-af94-f7bb7cb8ca42;2025-07-17 18:10:24.000;US;United States;Philadelphia;2025-07-17 18:13:59.000;2025-07-17 18:13:45.000
b8ef63d8-77b1-4971-af94-f7bb7cb8ca42;2025-07-17 18:10:24.000;US;United States;Philadelphia;2025-07-17 18:13:58.000;2025-07-17 18:13:47.000
b8ef63d8-77b1-4971-af94-f7bb7cb8ca42;2025-07-17 18:10:24.000;US;United States;Philadelphia;2025-07-17 18:13:58.000;2025-07-17 18:13:50.000
b8ef63d8-77b1-4971-af94-f7bb7cb8ca42;2025-07-17 18:10:24.000;US;United States;Philadelphia;2025-07-17 18:13:58.000;2025-07-17 18:15:14.000
b8ef63d8-77b1-4971-af94-f7bb7cb8ca42;2025-07-17 18:10:24.000;US;United States;Philadelphia;2025-07-17 18:13:59.000;2025-07-17 18:13:33.000
b8ef63d8-77b1-4971-af94-f7bb7cb8ca42;2025-07-17 18:10:24.000;US;United States;Philadelphia;2025-07-17 18:13:58.000;2025-07-17 18:15:17.000
b8ef63d8-77b1-4971-af94-f7bb7cb8ca42;2025-07-17 18:10:24.000;US;United States;Philadelphia;2025-07-17 18:13:58.000;2025-07-17 18:15:18.000
b8ef63d8-77b1-4971-af94-f7bb7cb8ca42;2025-07-17 18:10:24.000;US;United States;Philadelphia;2025-07-17 18:13:58.000;2025-07-17 18:26:47.000
b8ef63d8-77b1-4971-af94-f7bb7cb8ca42;2025-07-17 18:10:24.000;US;United States;Philadelphia;2025-07-17 18:13:58.000;2025-07-17 18:26:51.000
b8ef63d8-77b1-4971-af94-f7bb7cb8ca42;2025-07-17 18:10:24.000;US;United States;Philadelphia;2025-07-17 18:13:58.000;2025-07-17 18:26:55.000
b8ef63d8-77b1-4971-af94-f7bb7cb8ca42;2025-07-17 18:10:24.000;US;United States;Philadelphia;2025-07-17 18:13:58.000;2025-07-17 18:28:27.000
b8ef63d8-77b1-4971-af94-f7bb7cb8ca42;2025-07-17 18:10:24.000;US;United States;Philadelphia;2025-07-17 18:13:52.000;2025-07-17 18:12:58.000
b8ef63d8-77b1-4971-af94-f7bb7cb8ca42;2025-07-17 18:10:24.000;US;United States;Philadelphia;2025-07-17 18:13:52.000;2025-07-17 18:13:28.000
b8ef63d8-77b1-4971-af94-f7bb7cb8ca42;2025-07-17 18:10:24.000;US;United States;Philadelphia;2025-07-17 18:13:52.000;2025-07-17 18:13:31.000
b8ef63d8-77b1-4971-af94-f7bb7cb8ca42;2025-07-17 18:10:24.000;US;United States;Philadelphia;2025-07-17 18:13:52.000;2025-07-17 18:13:33.000
b8ef63d8-77b1-4971-af94-f7bb7cb8ca42;2025-07-17 18:10:24.000;US;United States;Philadelphia;2025-07-17 18:13:52.000;2025-07-17 18:13:45.000
b8ef63d8-77b1-4971-af94-f7bb7cb8ca42;2025-07-17 18:10:24.000;US;United States;Philadelphia;2025-07-17 18:13:52.000;2025-07-17 18:13:47.000
b8ef63d8-77b1-4971-af94-f7bb7cb8ca42;2025-07-17 18:10:24.000;US;United States;Philadelphia;2025-07-17 18:13:52.000;2025-07-17 18:13:50.000
b8ef63d8-77b1-4971-af94-f7bb7cb8ca42;2025-07-17 18:10:24.000;US;United States;Philadelphia;2025-07-17 18:13:52.000;2025-07-17 18:15:14.000
b8ef63d8-77b1-4971-af94-f7bb7cb8ca42;2025-07-17 18:10:24.000;US;United States;Philadelphia;2025-07-17 18:13:52.000;2025-07-17 18:15:17.000
b8ef63d8-77b1-4971-af94-f7bb7cb8ca42;2025-07-17 18:10:24.000;US;United States;Philadelphia;2025-07-17 18:13:52.000;2025-07-17 18:15:18.000
b8ef63d8-77b1-4971-af94-f7bb7cb8ca42;2025-07-17 18:10:24.000;US;United States;Philadelphia;2025-07-17 18:13:59.000;2025-07-17 18:13:31.000
b8ef63d8-77b1-4971-af94-f7bb7cb8ca42;2025-07-17 18:10:24.000;US;United States;Philadelphia;2025-07-17 18:13:59.000;2025-07-17 18:13:28.000
b8ef63d8-77b1-4971-af94-f7bb7cb8ca42;2025-07-17 18:10:24.000;US;United States;Philadelphia;2025-07-17 18:13:59.000;2025-07-17 18:12:58.000
b8ef63d8-77b1-4971-af94-f7bb7cb8ca42;2025-07-17 18:10:24.000;US;United States;Philadelphia;2025-07-17 18:13:52.000;2025-07-17 18:26:47.000
b8ef63d8-77b1-4971-af94-f7bb7cb8ca42;2025-07-17 18:10:24.000;US;United States;Philadelphia;2025-07-17 18:13:52.000;2025-07-17 18:26:51.000
b8ef63d8-77b1-4971-af94-f7bb7cb8ca42;2025-07-17 18:10:24.000;US;United States;Philadelphia;2025-07-17 18:13:52.000;2025-07-17 18:26:55.000
b8ef63d8-77b1-4971-af94-f7bb7cb8ca42;2025-07-17 18:10:24.000;US;United States;Philadelphia;2025-07-17 18:14:01.000;2025-07-17 18:28:27.000
b8ef63d8-77b1-4971-af94-f7bb7cb8ca42;2025-07-17 18:10:24.000;US;United States;Philadelphia;2025-07-17 18:14:01.000;2025-07-17 18:26:55.000
b8ef63d8-77b1-4971-af94-f7bb7cb8ca42;2025-07-17 18:10:24.000;US;United States;Philadelphia;2025-07-17 18:14:01.000;2025-07-17 18:26:51.000
b8ef63d8-77b1-4971-af94-f7bb7cb8ca42;2025-07-17 18:10:24.000;US;United States;Philadelphia;2025-07-17 18:14:01.000;2025-07-17 18:26:47.000
b8ef63d8-77b1-4971-af94-f7bb7cb8ca42;2025-07-17 18:10:24.000;US;United States;Philadelphia;2025-07-17 18:14:01.000;2025-07-17 18:15:18.000
b8ef63d8-77b1-4971-af94-f7bb7cb8ca42;2025-07-17 18:10:24.000;US;United States;Philadelphia;2025-07-17 18:14:01.000;2025-07-17 18:15:17.000
b8ef63d8-77b1-4971-af94-f7bb7cb8ca42;2025-07-17 18:10:24.000;US;United States;Philadelphia;2025-07-17 18:14:01.000;2025-07-17 18:15:14.000
b8ef63d8-77b1-4971-af94-f7bb7cb8ca42;2025-07-17 18:10:24.000;US;United States;Philadelphia;2025-07-17 18:14:01.000;2025-07-17 18:13:50.000
b8ef63d8-77b1-4971-af94-f7bb7cb8ca42;2025-07-17 18:10:24.000;US;United States;Philadelphia;2025-07-17 18:14:01.000;2025-07-17 18:13:47.000
b8ef63d8-77b1-4971-af94-f7bb7cb8ca42;2025-07-17 18:10:24.000;US;United States;Philadelphia;2025-07-17 18:14:01.000;2025-07-17 18:13:45.000
b8ef63d8-77b1-4971-af94-f7bb7cb8ca42;2025-07-17 18:10:24.000;US;United States;Philadelphia;2025-07-17 18:14:01.000;2025-07-17 18:13:33.000
b8ef63d8-77b1-4971-af94-f7bb7cb8ca42;2025-07-17 18:10:24.000;US;United States;Philadelphia;2025-07-17 18:14:01.000;2025-07-17 18:13:31.000
b8ef63d8-77b1-4971-af94-f7bb7cb8ca42;2025-07-17 18:10:24.000;US;United States;Philadelphia;2025-07-17 18:14:01.000;2025-07-17 18:13:28.000
b8ef63d8-77b1-4971-af94-f7bb7cb8ca42;2025-07-17 18:10:24.000;US;United States;Philadelphia;2025-07-17 18:13:59.000;2025-07-17 18:26:47.000
b8ef63d8-77b1-4971-af94-f7bb7cb8ca42;2025-07-17 18:10:24.000;US;United States;Philadelphia;2025-07-17 18:14:01.000;2025-07-17 18:12:58.000
b8ef63d8-77b1-4971-af94-f7bb7cb8ca42;2025-07-17 18:10:24.000;US;United States;Philadelphia;2025-07-17 18:21:24.000;2025-07-17 18:28:27.000
b8ef63d8-77b1-4971-af94-f7bb7cb8ca42;2025-07-17 18:10:24.000;US;United States;Philadelphia;2025-07-17 18:13:59.000;2025-07-17 18:26:51.000
b8ef63d8-77b1-4971-af94-f7bb7cb8ca42;2025-07-17 18:10:24.000;US;United States;Philadelphia;2025-07-17 18:13:59.000;2025-07-17 18:26:55.000
b8ef63d8-77b1-4971-af94-f7bb7cb8ca42;2025-07-17 18:10:24.000;US;United States;Philadelphia;2025-07-17 18:13:59.000;2025-07-17 18:15:18.000
b8ef63d8-77b1-4971-af94-f7bb7cb8ca42;2025-07-17 18:10:24.000;US;United States;Philadelphia;2025-07-17 18:21:24.000;2025-07-17 18:26:55.000
b8ef63d8-77b1-4971-af94-f7bb7cb8ca42;2025-07-17 18:10:24.000;US;United States;Philadelphia;2025-07-17 18:13:59.000;2025-07-17 18:15:17.000
b8ef63d8-77b1-4971-af94-f7bb7cb8ca42;2025-07-17 18:10:24.000;US;United States;Philadelphia;2025-07-17 18:21:24.000;2025-07-17 18:26:51.000
b8ef63d8-77b1-4971-af94-f7bb7cb8ca42;2025-07-17 18:10:24.000;US;United States;Philadelphia;2025-07-17 18:13:59.000;2025-07-17 18:15:14.000
b8ef63d8-77b1-4971-af94-f7bb7cb8ca42;2025-07-17 18:10:24.000;US;United States;Philadelphia;2025-07-17 18:13:59.000;2025-07-17 18:28:27.000
b8ef63d8-77b1-4971-af94-f7bb7cb8ca42;2025-07-17 18:10:24.000;US;United States;Philadelphia;2025-07-17 18:21:24.000;2025-07-17 18:26:47.000
b8ef63d8-77b1-4971-af94-f7bb7cb8ca42;2025-07-17 18:10:24.000;US;United States;Philadelphia;2025-07-17 18:28:28.000;2025-07-17 18:15:17.000
b8ef63d8-77b1-4971-af94-f7bb7cb8ca42;2025-07-17 18:10:24.000;US;United States;Philadelphia;2025-07-17 18:28:28.000;2025-07-17 18:15:18.000
b8ef63d8-77b1-4971-af94-f7bb7cb8ca42;2025-07-17 18:10:24.000;US;United States;Philadelphia;2025-07-17 18:28:28.000;2025-07-17 18:26:47.000
b8ef63d8-77b1-4971-af94-f7bb7cb8ca42;2025-07-17 18:10:24.000;US;United States;Philadelphia;2025-07-17 18:28:28.000;2025-07-17 18:26:51.000
b8ef63d8-77b1-4971-af94-f7bb7cb8ca42;2025-07-17 18:10:24.000;US;United States;Philadelphia;2025-07-17 18:28:28.000;2025-07-17 18:26:55.000
b8ef63d8-77b1-4971-af94-f7bb7cb8ca42;2025-07-17 18:10:24.000;US;United States;Philadelphia;2025-07-17 18:28:28.000;2025-07-17 18:28:27.000
b8ef63d8-77b1-4971-af94-f7bb7cb8ca42;2025-07-17 18:10:24.000;US;United States;Philadelphia;2025-07-17 18:26:57.000;2025-07-17 18:12:58.000
b8ef63d8-77b1-4971-af94-f7bb7cb8ca42;2025-07-17 18:10:24.000;US;United States;Philadelphia;2025-07-17 18:26:57.000;2025-07-17 18:13:28.000
b8ef63d8-77b1-4971-af94-f7bb7cb8ca42;2025-07-17 18:10:24.000;US;United States;Philadelphia;2025-07-17 18:26:57.000;2025-07-17 18:13:31.000
b8ef63d8-77b1-4971-af94-f7bb7cb8ca42;2025-07-17 18:10:24.000;US;United States;Philadelphia;2025-07-17 18:26:57.000;2025-07-17 18:13:33.000
b8ef63d8-77b1-4971-af94-f7bb7cb8ca42;2025-07-17 18:10:24.000;US;United States;Philadelphia;2025-07-17 18:26:57.000;2025-07-17 18:13:45.000
b8ef63d8-77b1-4971-af94-f7bb7cb8ca42;2025-07-17 18:10:24.000;US;United States;Philadelphia;2025-07-17 18:26:57.000;2025-07-17 18:28:27.000
999438d8-c57c-49e9-9b10-42a38a3e274c;2025-07-17 18:19:38.000;US;United States;Philadelphia;2025-07-17 18:22:54.000;2025-07-17 18:21:53.000
999438d8-c57c-49e9-9b10-42a38a3e274c;2025-07-17 18:19:38.000;US;United States;Philadelphia;2025-07-17 18:22:54.000;2025-07-18 14:17:00.000
999438d8-c57c-49e9-9b10-42a38a3e274c;2025-07-17 18:19:38.000;US;United States;Philadelphia;2025-07-17 18:22:49.000;2025-07-18 14:17:00.000
999438d8-c57c-49e9-9b10-42a38a3e274c;2025-07-17 18:19:38.000;US;United States;Philadelphia;2025-07-17 18:22:55.000;2025-07-17 18:21:58.000
999438d8-c57c-49e9-9b10-42a38a3e274c;2025-07-17 18:19:38.000;US;United States;Philadelphia;2025-07-17 18:22:55.000;2025-07-17 18:21:53.000
999438d8-c57c-49e9-9b10-42a38a3e274c;2025-07-17 18:19:38.000;US;United States;Philadelphia;2025-07-17 18:22:49.000;2025-07-17 18:21:53.000
999438d8-c57c-49e9-9b10-42a38a3e274c;2025-07-17 18:19:38.000;US;United States;Philadelphia;2025-07-17 18:22:49.000;2025-07-17 18:21:58.000
999438d8-c57c-49e9-9b10-42a38a3e274c;2025-07-17 18:19:38.000;US;United States;Philadelphia;2025-07-17 18:22:55.000;2025-07-18 14:17:00.000
999438d8-c57c-49e9-9b10-42a38a3e274c;2025-07-17 18:19:38.000;US;United States;Philadelphia;2025-07-17 18:22:54.000;2025-07-17 18:21:58.000
326b2824-8e3e-4d0e-b3a1-33e032ac51ff;2025-07-17 19:19:24.000;AT;Austria;Vienna;;
51458979-d3c7-4a4d-9f5b-4df961f82a5a;2025-07-18 00:45:44.000;KR;South Korea;Guro-gu;;
1a56ff9e-6423-4294-b9da-01de6aaa3f2a;2025-07-18 06:14:15.000;DE;Germany;Bensheim;;2025-07-18 06:24:48.000
73f5a821-e758-4c14-badb-7593a8f2cc5f;2025-07-18 11:42:51.000;DE;Germany;Bensheim;;
12a49b31-12e6-4016-8c29-7f1ebc26dbbf;2025-07-18 11:46:04.000;GH;Ghana;Accra;2025-07-18 11:50:13.000;2025-07-18 11:50:21.000
e5b79595-e689-4084-9036-2b039540c1d8;2025-07-18 11:46:51.000;GH;Ghana;Accra;2025-07-18 11:57:18.000;
c3997dd4-35d7-4322-a86e-fbdac1ed3cce;2025-07-18 11:49:03.000;GH;Ghana;Accra;2025-07-18 11:58:06.000;2025-07-18 11:58:06.000
c3997dd4-35d7-4322-a86e-fbdac1ed3cce;2025-07-18 11:49:03.000;GH;Ghana;Accra;2025-07-18 11:52:43.000;2025-07-18 11:58:06.000
c3997dd4-35d7-4322-a86e-fbdac1ed3cce;2025-07-18 11:49:03.000;GH;Ghana;Accra;2025-07-18 11:57:30.000;2025-07-18 11:58:06.000
c3997dd4-35d7-4322-a86e-fbdac1ed3cce;2025-07-18 11:49:03.000;GH;Ghana;Accra;2025-07-18 11:58:07.000;2025-07-18 11:58:06.000
c3997dd4-35d7-4322-a86e-fbdac1ed3cce;2025-07-18 11:49:03.000;GH;Ghana;Accra;2025-07-18 11:57:31.000;2025-07-18 11:58:06.000
acbc9a85-77f7-4612-82b2-c8f0211cbc68;2025-07-18 11:49:29.000;GH;Ghana;None;;
17e58cec-e4d5-4a88-beb6-12d35b555abd;2025-07-18 11:49:38.000;GH;Ghana;Accra;2025-07-18 11:57:12.000;2025-07-18 12:02:06.000
17e58cec-e4d5-4a88-beb6-12d35b555abd;2025-07-18 11:49:38.000;GH;Ghana;Accra;2025-07-18 12:02:19.000;2025-07-18 11:57:08.000
17e58cec-e4d5-4a88-beb6-12d35b555abd;2025-07-18 11:49:38.000;GH;Ghana;Accra;2025-07-18 12:02:19.000;2025-07-18 11:58:01.000
17e58cec-e4d5-4a88-beb6-12d35b555abd;2025-07-18 11:49:38.000;GH;Ghana;Accra;2025-07-18 12:02:19.000;2025-07-18 12:02:06.000
17e58cec-e4d5-4a88-beb6-12d35b555abd;2025-07-18 11:49:38.000;GH;Ghana;Accra;2025-07-18 12:02:19.000;2025-07-18 12:02:08.000
17e58cec-e4d5-4a88-beb6-12d35b555abd;2025-07-18 11:49:38.000;GH;Ghana;Accra;2025-07-18 12:02:19.000;2025-07-18 12:02:10.000
17e58cec-e4d5-4a88-beb6-12d35b555abd;2025-07-18 11:49:38.000;GH;Ghana;Accra;2025-07-18 11:57:12.000;2025-07-18 11:57:08.000
17e58cec-e4d5-4a88-beb6-12d35b555abd;2025-07-18 11:49:38.000;GH;Ghana;Accra;2025-07-18 11:57:12.000;2025-07-18 11:58:01.000
17e58cec-e4d5-4a88-beb6-12d35b555abd;2025-07-18 11:49:38.000;GH;Ghana;Accra;2025-07-18 11:57:12.000;2025-07-18 12:02:08.000
17e58cec-e4d5-4a88-beb6-12d35b555abd;2025-07-18 11:49:38.000;GH;Ghana;Accra;2025-07-18 11:57:12.000;2025-07-18 12:02:10.000
2c498ed4-cddd-4c09-b4ea-8a6ff9ce1825;2025-07-18 11:49:44.000;GH;Ghana;Accra;2025-07-18 11:59:02.000;2025-07-18 11:59:10.000
2c498ed4-cddd-4c09-b4ea-8a6ff9ce1825;2025-07-18 11:49:44.000;GH;Ghana;Accra;2025-07-18 11:59:02.000;2025-07-18 11:58:55.000
3fdc33c5-a9f2-4346-9ec7-48db46985609;2025-07-18 11:50:00.000;GH;Ghana;Accra;;
f30d573e-0d13-4812-a45e-aca84f6f61fe;2025-07-18 11:50:30.000;DE;Germany;Bensheim;2025-07-21 15:37:07.000;
f30d573e-0d13-4812-a45e-aca84f6f61fe;2025-07-18 11:50:30.000;DE;Germany;Bensheim;2025-07-21 15:37:02.000;
f30d573e-0d13-4812-a45e-aca84f6f61fe;2025-07-18 11:50:30.000;DE;Germany;Bensheim;2025-07-21 15:37:09.000;
39f75463-ba8e-49fa-b1b7-d54056d80681;2025-07-18 11:51:20.000;GH;Ghana;Accra;2025-07-18 12:08:05.000;2025-07-18 12:08:10.000
39f75463-ba8e-49fa-b1b7-d54056d80681;2025-07-18 11:51:20.000;GH;Ghana;Accra;2025-07-18 12:13:34.000;2025-07-18 12:08:10.000
39f75463-ba8e-49fa-b1b7-d54056d80681;2025-07-18 11:51:20.000;GH;Ghana;Accra;2025-07-18 12:13:30.000;2025-07-18 12:08:10.000
f4dc9460-34a6-4395-8e76-384c31330cab;2025-07-18 11:51:25.000;GH;Ghana;Accra;;
d55ab468-26c1-4fe7-a80d-08dafecf0b02;2025-07-18 11:52:00.000;GH;Ghana;Accra;2025-07-18 12:18:14.000;2025-07-18 12:17:45.000
4baf5143-488f-4486-ac6c-5ba25435d40e;2025-07-18 11:54:04.000;GH;Ghana;Accra;;
3a3c102d-fb05-4e90-82c8-c75acd221d69;2025-07-18 11:57:01.000;GH;Ghana;Accra;;
6ed5d91d-b4b9-4932-ad3c-c8d3fefcb52d;2025-07-18 11:59:45.000;GH;Ghana;Accra;;
8156fc6e-d165-44a5-a5f4-1bb4aef60cad;2025-07-18 11:59:48.000;GH;Ghana;Accra;;
b8807708-5371-4587-9c68-6b6e6a697e01;2025-07-18 12:01:46.000;GH;Ghana;Accra;2025-07-18 14:42:35.000;2025-07-18 12:29:14.000
b8807708-5371-4587-9c68-6b6e6a697e01;2025-07-18 12:01:46.000;GH;Ghana;Accra;2025-07-18 14:42:20.000;2025-07-18 12:29:14.000
b8807708-5371-4587-9c68-6b6e6a697e01;2025-07-18 12:01:46.000;GH;Ghana;Accra;2025-07-18 14:42:35.000;2025-07-18 14:42:18.000
b8807708-5371-4587-9c68-6b6e6a697e01;2025-07-18 12:01:46.000;GH;Ghana;Accra;2025-07-18 12:26:07.000;2025-07-18 14:42:18.000
b8807708-5371-4587-9c68-6b6e6a697e01;2025-07-18 12:01:46.000;GH;Ghana;Accra;2025-07-18 14:42:20.000;2025-07-18 14:42:18.000
b8807708-5371-4587-9c68-6b6e6a697e01;2025-07-18 12:01:46.000;GH;Ghana;Accra;2025-07-18 12:26:07.000;2025-07-18 12:29:14.000
e6b46ecd-25b4-4fe6-b38f-8e4b2aacf50c;2025-07-18 12:03:09.000;GH;Ghana;Accra;;
2ea31265-0232-4fd6-ad61-e781bcd72803;2025-07-18 12:06:45.000;GH;Ghana;Accra;;
8dfb400c-10cf-4007-9581-ad5228f7b0bb;2025-07-18 12:09:33.000;GH;Ghana;Accra;;
87a1dabb-3263-4dba-acec-b1aa6f22ff78;2025-07-18 12:13:13.000;GH;Ghana;Accra;;
102c0946-50bc-4408-b326-f90c49651143;2025-07-18 12:13:17.000;GH;Ghana;Accra;;
999438d8-c57c-49e9-9b10-42a38a3e274c;2025-07-18 14:17:04.000;US;United States;Philadelphia;2025-07-17 18:22:55.000;2025-07-17 18:21:53.000
999438d8-c57c-49e9-9b10-42a38a3e274c;2025-07-18 14:17:04.000;US;United States;Philadelphia;2025-07-17 18:22:55.000;2025-07-18 14:17:00.000
999438d8-c57c-49e9-9b10-42a38a3e274c;2025-07-18 14:17:04.000;US;United States;Philadelphia;2025-07-17 18:22:55.000;2025-07-17 18:21:58.000
999438d8-c57c-49e9-9b10-42a38a3e274c;2025-07-18 14:17:04.000;US;United States;Philadelphia;2025-07-17 18:22:54.000;2025-07-18 14:17:00.000
999438d8-c57c-49e9-9b10-42a38a3e274c;2025-07-18 14:17:04.000;US;United States;Philadelphia;2025-07-17 18:22:54.000;2025-07-17 18:21:53.000
999438d8-c57c-49e9-9b10-42a38a3e274c;2025-07-18 14:17:04.000;US;United States;Philadelphia;2025-07-17 18:22:54.000;2025-07-17 18:21:58.000
999438d8-c57c-49e9-9b10-42a38a3e274c;2025-07-18 14:17:04.000;US;United States;Philadelphia;2025-07-17 18:22:49.000;2025-07-18 14:17:00.000
999438d8-c57c-49e9-9b10-42a38a3e274c;2025-07-18 14:17:04.000;US;United States;Philadelphia;2025-07-17 18:22:49.000;2025-07-17 18:21:53.000
999438d8-c57c-49e9-9b10-42a38a3e274c;2025-07-18 14:17:04.000;US;United States;Philadelphia;2025-07-17 18:22:49.000;2025-07-17 18:21:58.000
c1a7d0b1-e3ba-4fda-a7e8-36f297cd709c;2025-07-18 18:57:01.000;US;United States;Philadelphia;2025-07-18 19:02:54.000;2025-07-18 19:02:45.000
c1a7d0b1-e3ba-4fda-a7e8-36f297cd709c;2025-07-18 18:57:01.000;US;United States;Philadelphia;2025-07-18 19:02:54.000;2025-07-18 19:02:40.000
c1a7d0b1-e3ba-4fda-a7e8-36f297cd709c;2025-07-18 18:57:01.000;US;United States;Philadelphia;2025-07-18 19:02:58.000;2025-07-18 19:02:45.000
c1a7d0b1-e3ba-4fda-a7e8-36f297cd709c;2025-07-18 18:57:01.000;US;United States;Philadelphia;2025-07-18 19:02:58.000;2025-07-18 19:02:40.000
326b2824-8e3e-4d0e-b3a1-33e032ac51ff;2025-07-19 07:07:41.000;AT;Austria;Vienna;;
2aa4cf94-b83c-4138-8ed6-eacdc5a9873d;2025-07-20 09:02:52.000;IN;India;Pune;;
68c4f48a-4a0b-4be2-a5b0-8633787e1b9c;2025-07-20 22:55:04.000;GH;Ghana;Accra;2025-07-20 22:59:08.000;2025-07-20 22:59:22.000
68c4f48a-4a0b-4be2-a5b0-8633787e1b9c;2025-07-20 22:55:04.000;GH;Ghana;Accra;2025-07-20 22:59:11.000;2025-07-20 22:59:22.000
8156fc6e-d165-44a5-a5f4-1bb4aef60cad;2025-07-21 07:41:12.000;GH;Ghana;Accra;;
87a1dabb-3263-4dba-acec-b1aa6f22ff78;2025-07-21 07:41:49.000;GH;Ghana;Accra;;
02edb160-ccfa-4d8b-b128-70f1ed22e404;2025-07-21 08:42:45.000;PK;Pakistan;None;2025-07-21 08:43:00.000;
102c0946-50bc-4408-b326-f90c49651143;2025-07-21 09:27:34.000;GH;Ghana;Accra;;
a9c48e60-404e-4664-9f37-db607c99e0ae;2025-07-21 12:40:44.000;ZW;Zimbabwe;Harare;2025-07-21 12:49:07.000;2025-07-21 12:41:07.000
821714d4-ef53-4e5b-a210-3d9c3e03f565;2025-07-21 13:57:21.000;DE;Germany;Ulm;;2025-07-21 13:59:27.000
7d782bc4-c8b8-4f9e-b9e5-3a79e6f6ff22;2025-07-21 14:00:22.000;DE;Germany;Ulm;2025-07-21 14:01:17.000;2025-07-21 14:01:13.000
f810db5a-af95-4ee2-b528-36eee2806802;2025-07-21 14:02:24.000;DE;Germany;Ulm;;
0dea1cd1-d562-4495-8058-2b9a397e5bc6;2025-07-21 14:10:30.000;DE;Germany;Ulm;2025-07-21 16:06:01.000;
b720993a-6b64-43f5-a933-9dcedad84478;2025-07-21 14:32:33.000;US;United States;Philadelphia;;2025-07-21 14:33:08.000
91eb4203-cf5f-4d4b-88d8-00e4f7a6ff4c;2025-07-21 15:16:28.000;US;United States;Philadelphia;;2025-07-21 15:18:51.000
1e9acd72-71d1-4de7-b99e-12c6686cbdb6;2025-07-21 15:37:29.000;DE;Germany;Ulm;;
3fce80da-1cf0-47d8-acd8-a48b87d24809;2025-07-21 16:12:37.000;DE;Germany;Ulm;2025-07-21 16:14:06.000;2025-07-21 16:14:10.000
1fe49241-358e-4a7d-815a-26a155463fdc;2025-07-21 23:50:44.000;US;United States;Philadelphia;;
1fe49241-358e-4a7d-815a-26a155463fdc;2025-07-21 23:51:55.000;US;United States;Philadelphia;;
29132920-fc5c-44e4-85d1-08528dd85f6d;2025-07-21 23:52:38.000;US;United States;Philadelphia;;
e21328f8-b29a-4cfc-8110-5b67fe6ec212;2025-07-21 23:54:51.000;US;United States;Philadelphia;;2025-07-21 23:55:23.000
75dcbe97-c732-4cb5-a72d-bfe1f90ab420;2025-07-21 23:56:21.000;US;United States;Philadelphia;;2025-07-21 23:57:17.000
81ba92e2-eb04-4ff1-b580-01568fde8e2c;2025-07-21 23:58:49.000;US;United States;Philadelphia;;2025-07-21 23:59:27.000
9c4098a9-3eda-45dd-893e-11e7d0bda640;2025-08-04 19:00:04.000;TG;Togo;Lomé;2025-08-04 19:01:06.000;
c480200d-d817-455c-abbf-4f4f99d6d12d;2025-08-05 09:07:17.000;NO;Norway;Trondheim;2025-08-05 09:07:41.000;2025-08-05 09:07:43.000
0a964634-86ed-415f-ad49-8accd1e01c36;2025-08-05 13:06:22.000;TG;Togo;Lomé;2025-08-05 13:07:42.000;2025-08-05 14:27:20.000
8a637543-7d0b-4394-bb8b-72b2b28186e2;2025-08-05 13:07:34.000;TG;Togo;None;2025-08-05 13:22:32.000;2025-08-05 13:23:57.000
8a637543-7d0b-4394-bb8b-72b2b28186e2;2025-08-05 13:07:34.000;TG;Togo;None;2025-08-05 13:22:32.000;2025-08-05 13:23:16.000
8a637543-7d0b-4394-bb8b-72b2b28186e2;2025-08-05 13:07:34.000;TG;Togo;None;2025-08-05 13:22:52.000;2025-08-05 13:23:57.000
8a637543-7d0b-4394-bb8b-72b2b28186e2;2025-08-05 13:07:34.000;TG;Togo;None;2025-08-05 13:22:52.000;2025-08-05 13:23:16.000
3d19fe9e-3ac8-4fed-a291-1713210357d9;2025-08-05 13:10:16.000;TG;Togo;Lomé;2025-08-05 13:12:12.000;2025-08-05 13:13:17.000
8a637543-7d0b-4394-bb8b-72b2b28186e2;2025-08-05 13:14:12.000;TG;Togo;None;2025-08-05 13:22:32.000;2025-08-05 13:23:57.000
8a637543-7d0b-4394-bb8b-72b2b28186e2;2025-08-05 13:14:12.000;TG;Togo;None;2025-08-05 13:22:52.000;2025-08-05 13:23:16.000
8a637543-7d0b-4394-bb8b-72b2b28186e2;2025-08-05 13:14:12.000;TG;Togo;None;2025-08-05 13:22:52.000;2025-08-05 13:23:57.000
8a637543-7d0b-4394-bb8b-72b2b28186e2;2025-08-05 13:14:12.000;TG;Togo;None;2025-08-05 13:22:32.000;2025-08-05 13:23:16.000
6b5a4a39-2132-4e83-91a5-8faa0f3e2bd2;2025-08-05 13:21:16.000;TG;Togo;Lomé;2025-08-05 14:32:05.000;2025-08-05 14:26:28.000
6b5a4a39-2132-4e83-91a5-8faa0f3e2bd2;2025-08-05 13:21:16.000;TG;Togo;Lomé;2025-08-05 14:33:54.000;2025-08-05 14:41:43.000
6b5a4a39-2132-4e83-91a5-8faa0f3e2bd2;2025-08-05 13:21:16.000;TG;Togo;Lomé;2025-08-05 14:33:54.000;2025-08-05 14:33:54.000
6b5a4a39-2132-4e83-91a5-8faa0f3e2bd2;2025-08-05 13:21:16.000;TG;Togo;Lomé;2025-08-05 14:33:54.000;2025-08-05 14:38:13.000
6b5a4a39-2132-4e83-91a5-8faa0f3e2bd2;2025-08-05 13:21:16.000;TG;Togo;Lomé;2025-08-05 14:41:43.000;2025-08-05 14:31:26.000
6b5a4a39-2132-4e83-91a5-8faa0f3e2bd2;2025-08-05 13:21:16.000;TG;Togo;Lomé;2025-08-05 14:41:43.000;2025-08-05 14:31:43.000
6b5a4a39-2132-4e83-91a5-8faa0f3e2bd2;2025-08-05 13:21:16.000;TG;Togo;Lomé;2025-08-05 15:11:21.000;2025-08-05 14:32:05.000
6b5a4a39-2132-4e83-91a5-8faa0f3e2bd2;2025-08-05 13:21:16.000;TG;Togo;Lomé;2025-08-05 15:11:21.000;2025-08-05 14:38:13.000
6b5a4a39-2132-4e83-91a5-8faa0f3e2bd2;2025-08-05 13:21:16.000;TG;Togo;Lomé;2025-08-05 14:38:13.000;2025-08-05 14:32:05.000
6b5a4a39-2132-4e83-91a5-8faa0f3e2bd2;2025-08-05 13:21:16.000;TG;Togo;Lomé;2025-08-05 14:31:43.000;2025-08-05 14:32:05.000
6b5a4a39-2132-4e83-91a5-8faa0f3e2bd2;2025-08-05 13:21:16.000;TG;Togo;Lomé;2025-08-05 14:31:43.000;2025-08-05 14:31:43.000
6b5a4a39-2132-4e83-91a5-8faa0f3e2bd2;2025-08-05 13:21:16.000;TG;Togo;Lomé;2025-08-05 14:31:43.000;2025-08-05 14:31:26.000
6b5a4a39-2132-4e83-91a5-8faa0f3e2bd2;2025-08-05 13:21:16.000;TG;Togo;Lomé;2025-08-05 14:31:43.000;2025-08-05 14:26:28.000
6b5a4a39-2132-4e83-91a5-8faa0f3e2bd2;2025-08-05 13:21:16.000;TG;Togo;Lomé;2025-08-05 14:33:54.000;2025-08-05 14:26:28.000
6b5a4a39-2132-4e83-91a5-8faa0f3e2bd2;2025-08-05 13:21:16.000;TG;Togo;Lomé;2025-08-05 14:33:54.000;2025-08-05 14:31:26.000
6b5a4a39-2132-4e83-91a5-8faa0f3e2bd2;2025-08-05 13:21:16.000;TG;Togo;Lomé;2025-08-05 14:33:54.000;2025-08-05 14:31:43.000
6b5a4a39-2132-4e83-91a5-8faa0f3e2bd2;2025-08-05 13:21:16.000;TG;Togo;Lomé;2025-08-05 14:33:54.000;2025-08-05 14:32:05.000
6b5a4a39-2132-4e83-91a5-8faa0f3e2bd2;2025-08-05 13:21:16.000;TG;Togo;Lomé;2025-08-05 14:32:05.000;2025-08-05 14:41:43.000
6b5a4a39-2132-4e83-91a5-8faa0f3e2bd2;2025-08-05 13:21:16.000;TG;Togo;Lomé;2025-08-05 14:32:05.000;2025-08-05 14:33:54.000
6b5a4a39-2132-4e83-91a5-8faa0f3e2bd2;2025-08-05 13:21:16.000;TG;Togo;Lomé;2025-08-05 14:32:05.000;2025-08-05 14:38:13.000
6b5a4a39-2132-4e83-91a5-8faa0f3e2bd2;2025-08-05 13:21:16.000;TG;Togo;Lomé;2025-08-05 14:32:05.000;2025-08-05 14:32:05.000
6b5a4a39-2132-4e83-91a5-8faa0f3e2bd2;2025-08-05 13:21:16.000;TG;Togo;Lomé;2025-08-05 14:32:05.000;2025-08-05 14:31:43.000
6b5a4a39-2132-4e83-91a5-8faa0f3e2bd2;2025-08-05 13:21:16.000;TG;Togo;Lomé;2025-08-05 14:32:05.000;2025-08-05 14:31:26.000
6b5a4a39-2132-4e83-91a5-8faa0f3e2bd2;2025-08-05 13:21:16.000;TG;Togo;Lomé;2025-08-05 14:27:16.000;2025-08-05 14:32:05.000
6b5a4a39-2132-4e83-91a5-8faa0f3e2bd2;2025-08-05 13:21:16.000;TG;Togo;Lomé;2025-08-05 14:27:16.000;2025-08-05 14:31:43.000
6b5a4a39-2132-4e83-91a5-8faa0f3e2bd2;2025-08-05 13:21:16.000;TG;Togo;Lomé;2025-08-05 14:27:16.000;2025-08-05 14:31:26.000
6b5a4a39-2132-4e83-91a5-8faa0f3e2bd2;2025-08-05 13:21:16.000;TG;Togo;Lomé;2025-08-05 14:27:16.000;2025-08-05 14:26:28.000
6b5a4a39-2132-4e83-91a5-8faa0f3e2bd2;2025-08-05 13:21:16.000;TG;Togo;Lomé;2025-08-05 14:31:43.000;2025-08-05 14:41:43.000
6b5a4a39-2132-4e83-91a5-8faa0f3e2bd2;2025-08-05 13:21:16.000;TG;Togo;Lomé;2025-08-05 14:31:43.000;2025-08-05 14:33:54.000
6b5a4a39-2132-4e83-91a5-8faa0f3e2bd2;2025-08-05 13:21:16.000;TG;Togo;Lomé;2025-08-05 15:11:21.000;2025-08-05 14:31:43.000
6b5a4a39-2132-4e83-91a5-8faa0f3e2bd2;2025-08-05 13:21:16.000;TG;Togo;Lomé;2025-08-05 14:31:43.000;2025-08-05 14:38:13.000
6b5a4a39-2132-4e83-91a5-8faa0f3e2bd2;2025-08-05 13:21:16.000;TG;Togo;Lomé;2025-08-05 15:11:21.000;2025-08-05 14:33:54.000
6b5a4a39-2132-4e83-91a5-8faa0f3e2bd2;2025-08-05 13:21:16.000;TG;Togo;Lomé;2025-08-05 14:41:43.000;2025-08-05 14:32:05.000
6b5a4a39-2132-4e83-91a5-8faa0f3e2bd2;2025-08-05 13:21:16.000;TG;Togo;Lomé;2025-08-05 14:26:28.000;2025-08-05 14:41:43.000
6b5a4a39-2132-4e83-91a5-8faa0f3e2bd2;2025-08-05 13:21:16.000;TG;Togo;Lomé;2025-08-05 14:26:28.000;2025-08-05 14:33:54.000
6b5a4a39-2132-4e83-91a5-8faa0f3e2bd2;2025-08-05 13:21:16.000;TG;Togo;Lomé;2025-08-05 14:26:28.000;2025-08-05 14:38:13.000
6b5a4a39-2132-4e83-91a5-8faa0f3e2bd2;2025-08-05 13:21:16.000;TG;Togo;Lomé;2025-08-05 14:26:28.000;2025-08-05 14:32:05.000
6b5a4a39-2132-4e83-91a5-8faa0f3e2bd2;2025-08-05 13:21:16.000;TG;Togo;Lomé;2025-08-05 14:26:28.000;2025-08-05 14:31:43.000
6b5a4a39-2132-4e83-91a5-8faa0f3e2bd2;2025-08-05 13:21:16.000;TG;Togo;Lomé;2025-08-05 14:26:28.000;2025-08-05 14:31:26.000
6b5a4a39-2132-4e83-91a5-8faa0f3e2bd2;2025-08-05 13:21:16.000;TG;Togo;Lomé;2025-08-05 14:26:28.000;2025-08-05 14:26:28.000
6b5a4a39-2132-4e83-91a5-8faa0f3e2bd2;2025-08-05 13:21:16.000;TG;Togo;Lomé;2025-08-05 14:41:43.000;2025-08-05 14:38:13.000
6b5a4a39-2132-4e83-91a5-8faa0f3e2bd2;2025-08-05 13:21:16.000;TG;Togo;Lomé;2025-08-05 14:41:43.000;2025-08-05 14:33:54.000
6b5a4a39-2132-4e83-91a5-8faa0f3e2bd2;2025-08-05 13:21:16.000;TG;Togo;Lomé;2025-08-05 14:41:43.000;2025-08-05 14:41:43.000
6b5a4a39-2132-4e83-91a5-8faa0f3e2bd2;2025-08-05 13:21:16.000;TG;Togo;Lomé;2025-08-05 15:11:21.000;2025-08-05 14:41:43.000
6b5a4a39-2132-4e83-91a5-8faa0f3e2bd2;2025-08-05 13:21:16.000;TG;Togo;Lomé;2025-08-05 14:41:43.000;2025-08-05 14:26:28.000
6b5a4a39-2132-4e83-91a5-8faa0f3e2bd2;2025-08-05 13:21:16.000;TG;Togo;Lomé;2025-08-05 15:11:21.000;2025-08-05 14:26:28.000
6b5a4a39-2132-4e83-91a5-8faa0f3e2bd2;2025-08-05 13:21:16.000;TG;Togo;Lomé;2025-08-05 14:38:13.000;2025-08-05 14:26:28.000
6b5a4a39-2132-4e83-91a5-8faa0f3e2bd2;2025-08-05 13:21:16.000;TG;Togo;Lomé;2025-08-05 14:38:13.000;2025-08-05 14:31:26.000
6b5a4a39-2132-4e83-91a5-8faa0f3e2bd2;2025-08-05 13:21:16.000;TG;Togo;Lomé;2025-08-05 14:38:13.000;2025-08-05 14:31:43.000
6b5a4a39-2132-4e83-91a5-8faa0f3e2bd2;2025-08-05 13:21:16.000;TG;Togo;Lomé;2025-08-05 14:38:13.000;2025-08-05 14:38:13.000
6b5a4a39-2132-4e83-91a5-8faa0f3e2bd2;2025-08-05 13:21:16.000;TG;Togo;Lomé;2025-08-05 14:38:13.000;2025-08-05 14:33:54.000
6b5a4a39-2132-4e83-91a5-8faa0f3e2bd2;2025-08-05 13:21:16.000;TG;Togo;Lomé;2025-08-05 14:38:13.000;2025-08-05 14:41:43.000
6b5a4a39-2132-4e83-91a5-8faa0f3e2bd2;2025-08-05 13:21:16.000;TG;Togo;Lomé;2025-08-05 14:27:16.000;2025-08-05 14:41:43.000
6b5a4a39-2132-4e83-91a5-8faa0f3e2bd2;2025-08-05 13:21:16.000;TG;Togo;Lomé;2025-08-05 14:27:16.000;2025-08-05 14:33:54.000
6b5a4a39-2132-4e83-91a5-8faa0f3e2bd2;2025-08-05 13:21:16.000;TG;Togo;Lomé;2025-08-05 14:27:16.000;2025-08-05 14:38:13.000
6b5a4a39-2132-4e83-91a5-8faa0f3e2bd2;2025-08-05 13:21:16.000;TG;Togo;Lomé;2025-08-05 15:11:21.000;2025-08-05 14:31:26.000
8a637543-7d0b-4394-bb8b-72b2b28186e2;2025-08-05 13:21:22.000;TG;Togo;None;2025-08-05 13:22:32.000;2025-08-05 13:23:16.000
8a637543-7d0b-4394-bb8b-72b2b28186e2;2025-08-05 13:21:22.000;TG;Togo;None;2025-08-05 13:22:32.000;2025-08-05 13:23:57.000
8a637543-7d0b-4394-bb8b-72b2b28186e2;2025-08-05 13:21:22.000;TG;Togo;None;2025-08-05 13:22:52.000;2025-08-05 13:23:16.000
8a637543-7d0b-4394-bb8b-72b2b28186e2;2025-08-05 13:21:22.000;TG;Togo;None;2025-08-05 13:22:52.000;2025-08-05 13:23:57.000
8a637543-7d0b-4394-bb8b-72b2b28186e2;2025-08-05 13:21:44.000;TG;Togo;None;2025-08-05 13:22:32.000;2025-08-05 13:23:57.000
8a637543-7d0b-4394-bb8b-72b2b28186e2;2025-08-05 13:21:44.000;TG;Togo;None;2025-08-05 13:22:52.000;2025-08-05 13:23:16.000
8a637543-7d0b-4394-bb8b-72b2b28186e2;2025-08-05 13:21:44.000;TG;Togo;None;2025-08-05 13:22:32.000;2025-08-05 13:23:16.000
8a637543-7d0b-4394-bb8b-72b2b28186e2;2025-08-05 13:21:44.000;TG;Togo;None;2025-08-05 13:22:52.000;2025-08-05 13:23:57.000
c6081d34-3b18-4fd9-a1b7-3e0b3e43bd21;2025-08-05 14:08:47.000;TG;Togo;Lomé;2025-08-05 14:12:08.000;2025-08-05 14:26:28.000
c6081d34-3b18-4fd9-a1b7-3e0b3e43bd21;2025-08-05 14:08:47.000;TG;Togo;Lomé;2025-08-05 14:12:07.000;2025-08-05 14:28:43.000
c6081d34-3b18-4fd9-a1b7-3e0b3e43bd21;2025-08-05 14:08:47.000;TG;Togo;Lomé;2025-08-05 14:12:04.000;2025-08-05 14:26:28.000
c6081d34-3b18-4fd9-a1b7-3e0b3e43bd21;2025-08-05 14:08:47.000;TG;Togo;Lomé;2025-08-05 14:12:07.000;2025-08-05 14:28:37.000
c6081d34-3b18-4fd9-a1b7-3e0b3e43bd21;2025-08-05 14:08:47.000;TG;Togo;Lomé;2025-08-05 14:12:04.000;2025-08-05 14:28:37.000
c6081d34-3b18-4fd9-a1b7-3e0b3e43bd21;2025-08-05 14:08:47.000;TG;Togo;Lomé;2025-08-05 14:12:04.000;2025-08-05 14:28:43.000
c6081d34-3b18-4fd9-a1b7-3e0b3e43bd21;2025-08-05 14:08:47.000;TG;Togo;Lomé;2025-08-05 14:12:08.000;2025-08-05 14:26:21.000
c6081d34-3b18-4fd9-a1b7-3e0b3e43bd21;2025-08-05 14:08:47.000;TG;Togo;Lomé;2025-08-05 14:12:04.000;2025-08-05 14:26:21.000
c6081d34-3b18-4fd9-a1b7-3e0b3e43bd21;2025-08-05 14:08:47.000;TG;Togo;Lomé;2025-08-05 14:12:07.000;2025-08-05 14:26:28.000
c6081d34-3b18-4fd9-a1b7-3e0b3e43bd21;2025-08-05 14:08:47.000;TG;Togo;Lomé;2025-08-05 14:12:07.000;2025-08-05 14:26:21.000
c6081d34-3b18-4fd9-a1b7-3e0b3e43bd21;2025-08-05 14:08:47.000;TG;Togo;Lomé;2025-08-05 14:12:11.000;2025-08-05 14:28:43.000
c6081d34-3b18-4fd9-a1b7-3e0b3e43bd21;2025-08-05 14:08:47.000;TG;Togo;Lomé;2025-08-05 14:12:11.000;2025-08-05 14:28:37.000
c6081d34-3b18-4fd9-a1b7-3e0b3e43bd21;2025-08-05 14:08:47.000;TG;Togo;Lomé;2025-08-05 14:12:11.000;2025-08-05 14:26:28.000
c6081d34-3b18-4fd9-a1b7-3e0b3e43bd21;2025-08-05 14:08:47.000;TG;Togo;Lomé;2025-08-05 14:12:11.000;2025-08-05 14:26:21.000
c6081d34-3b18-4fd9-a1b7-3e0b3e43bd21;2025-08-05 14:08:47.000;TG;Togo;Lomé;2025-08-05 14:28:21.000;2025-08-05 14:28:43.000
c6081d34-3b18-4fd9-a1b7-3e0b3e43bd21;2025-08-05 14:08:47.000;TG;Togo;Lomé;2025-08-05 14:28:21.000;2025-08-05 14:28:37.000
c6081d34-3b18-4fd9-a1b7-3e0b3e43bd21;2025-08-05 14:08:47.000;TG;Togo;Lomé;2025-08-05 14:28:21.000;2025-08-05 14:26:28.000
c6081d34-3b18-4fd9-a1b7-3e0b3e43bd21;2025-08-05 14:08:47.000;TG;Togo;Lomé;2025-08-05 14:28:21.000;2025-08-05 14:26:21.000
c6081d34-3b18-4fd9-a1b7-3e0b3e43bd21;2025-08-05 14:08:47.000;TG;Togo;Lomé;2025-08-05 14:12:08.000;2025-08-05 14:28:37.000
c6081d34-3b18-4fd9-a1b7-3e0b3e43bd21;2025-08-05 14:08:47.000;TG;Togo;Lomé;2025-08-05 14:12:08.000;2025-08-05 14:28:43.000
c6081d34-3b18-4fd9-a1b7-3e0b3e43bd21;2025-08-05 14:08:47.000;TG;Togo;Lomé;2025-08-05 14:12:02.000;2025-08-05 14:28:43.000
c6081d34-3b18-4fd9-a1b7-3e0b3e43bd21;2025-08-05 14:08:47.000;TG;Togo;Lomé;2025-08-05 14:12:02.000;2025-08-05 14:26:21.000
c6081d34-3b18-4fd9-a1b7-3e0b3e43bd21;2025-08-05 14:08:47.000;TG;Togo;Lomé;2025-08-05 14:12:02.000;2025-08-05 14:28:37.000
c6081d34-3b18-4fd9-a1b7-3e0b3e43bd21;2025-08-05 14:08:47.000;TG;Togo;Lomé;2025-08-05 14:12:02.000;2025-08-05 14:26:28.000
e1c3d24e-fcfe-479d-9417-6b67d2d59556;2025-08-05 14:15:22.000;TG;Togo;Lomé;2025-08-05 14:28:26.000;2025-08-05 14:28:46.000
e1c3d24e-fcfe-479d-9417-6b67d2d59556;2025-08-05 14:15:22.000;TG;Togo;Lomé;2025-08-05 14:28:26.000;2025-08-05 14:28:37.000
1b4fd5e1-68b0-4c91-aef7-68714185c6a0;2025-08-05 14:22:58.000;TG;Togo;None;2025-08-05 14:25:56.000;2025-08-05 14:26:24.000
bf1d8e77-2fa3-4961-a0dd-5ba18b761b3d;2025-08-05 14:26:44.000;TG;Togo;Lomé;2025-08-05 14:27:59.000;2025-08-05 14:28:47.000
18837de3-2645-4322-a4ec-18e388f4b967;2025-08-05 14:28:24.000;TG;Togo;Lomé;2025-08-05 14:31:42.000;2025-08-05 14:32:15.000
18837de3-2645-4322-a4ec-18e388f4b967;2025-08-05 14:28:24.000;TG;Togo;Lomé;2025-08-05 14:31:42.000;2025-08-05 14:34:43.000
18837de3-2645-4322-a4ec-18e388f4b967;2025-08-05 14:28:24.000;TG;Togo;Lomé;2025-08-05 14:30:38.000;2025-08-05 14:32:00.000
18837de3-2645-4322-a4ec-18e388f4b967;2025-08-05 14:28:24.000;TG;Togo;Lomé;2025-08-05 14:30:38.000;2025-08-05 14:32:07.000
18837de3-2645-4322-a4ec-18e388f4b967;2025-08-05 14:28:24.000;TG;Togo;Lomé;2025-08-05 14:30:38.000;2025-08-05 14:32:15.000
18837de3-2645-4322-a4ec-18e388f4b967;2025-08-05 14:28:24.000;TG;Togo;Lomé;2025-08-05 14:30:38.000;2025-08-05 14:34:43.000
18837de3-2645-4322-a4ec-18e388f4b967;2025-08-05 14:28:24.000;TG;Togo;Lomé;2025-08-05 14:30:46.000;2025-08-05 14:32:15.000
18837de3-2645-4322-a4ec-18e388f4b967;2025-08-05 14:28:24.000;TG;Togo;Lomé;2025-08-05 14:30:46.000;2025-08-05 14:34:43.000
18837de3-2645-4322-a4ec-18e388f4b967;2025-08-05 14:28:24.000;TG;Togo;Lomé;2025-08-05 14:31:42.000;2025-08-05 14:32:00.000
18837de3-2645-4322-a4ec-18e388f4b967;2025-08-05 14:28:24.000;TG;Togo;Lomé;2025-08-05 14:31:42.000;2025-08-05 14:32:07.000
18837de3-2645-4322-a4ec-18e388f4b967;2025-08-05 14:28:24.000;TG;Togo;Lomé;2025-08-05 14:30:46.000;2025-08-05 14:32:00.000
18837de3-2645-4322-a4ec-18e388f4b967;2025-08-05 14:28:24.000;TG;Togo;Lomé;2025-08-05 14:30:46.000;2025-08-05 14:32:07.000
1d15834e-7919-4b02-a0d7-24bed7e0a302;2025-08-05 14:41:42.000;TG;Togo;Lomé;2025-08-05 14:42:10.000;2025-08-05 14:42:14.000
1d15834e-7919-4b02-a0d7-24bed7e0a302;2025-08-05 14:41:42.000;TG;Togo;Lomé;2025-08-05 18:44:40.000;2025-08-05 14:42:14.000
1d15834e-7919-4b02-a0d7-24bed7e0a302;2025-08-05 14:41:42.000;TG;Togo;Lomé;2025-08-05 18:44:24.000;2025-08-05 14:42:14.000
988e9d66-0101-48dd-9c3a-3664f073ffa9;2025-08-05 15:33:10.000;TG;Togo;Lomé;2025-08-05 15:34:04.000;2025-08-05 15:34:21.000
71803dac-18a6-4a30-b14e-f74384c044f5;2025-08-05 18:50:24.000;TG;Togo;Lomé;2025-08-05 18:50:49.000;2025-08-05 18:51:24.000
7b5f4745-db92-44a0-8525-af8d2f29c45e;2025-08-06 09:50:56.000;GB;United Kingdom;Glasgow;2025-08-06 09:51:11.000;
c497bf6a-559c-4524-bb5e-fecbe51d0631;2025-08-06 11:21:48.000;DE;Germany;Ulm;2025-08-06 11:23:29.000;2025-08-06 11:22:13.000
c497bf6a-559c-4524-bb5e-fecbe51d0631;2025-08-06 11:21:48.000;DE;Germany;Ulm;2025-08-06 11:24:18.000;2025-08-06 11:22:13.000
ab607e57-37d9-4e11-96a2-e5febcd85a5f;2025-08-06 11:30:14.000;DE;Germany;Ulm;;2025-08-06 11:30:34.000
a00d7aee-6ded-4a8b-857d-eacbaa4191d5;2025-08-06 13:48:51.000;TG;Togo;None;2025-08-06 13:49:28.000;2025-08-06 13:52:19.000
a00d7aee-6ded-4a8b-857d-eacbaa4191d5;2025-08-06 13:48:51.000;TG;Togo;None;2025-08-06 13:52:15.000;2025-08-06 13:52:47.000
a00d7aee-6ded-4a8b-857d-eacbaa4191d5;2025-08-06 13:48:51.000;TG;Togo;None;2025-08-06 13:49:28.000;2025-08-06 13:52:47.000
a00d7aee-6ded-4a8b-857d-eacbaa4191d5;2025-08-06 13:48:51.000;TG;Togo;None;2025-08-06 13:52:15.000;2025-08-06 13:52:19.000
a00d7aee-6ded-4a8b-857d-eacbaa4191d5;2025-08-06 13:48:51.000;TG;Togo;None;2025-08-06 13:49:19.000;2025-08-06 13:52:19.000
a00d7aee-6ded-4a8b-857d-eacbaa4191d5;2025-08-06 13:48:51.000;TG;Togo;None;2025-08-06 13:49:19.000;2025-08-06 13:52:47.000
046c2a44-7f19-4d7a-b5c9-1ed5e6998aaf;2025-08-06 14:19:54.000;TG;Togo;Lomé;2025-08-06 14:20:09.000;2025-08-06 14:20:45.000
6d59f726-0f2f-4d8c-aa61-86d2ae93bd42;2025-08-07 03:19:06.000;IN;India;New Delhi;2025-08-07 03:21:00.000;2025-08-07 03:21:09.000
3fc34217-240f-419e-9b37-d9762598ba46;2025-08-07 21:06:34.000;MA;Morocco;Beni Mellal;2025-08-07 21:07:24.000;2025-08-07 21:07:18.000
243a7533-d025-4f5d-9ff7-2772bc46a52a;2025-08-09 05:25:29.000;PH;Philippines;Cebu City;2025-08-09 05:29:57.000;2025-08-09 05:29:59.000
243a7533-d025-4f5d-9ff7-2772bc46a52a;2025-08-09 05:25:30.000;PH;Philippines;Cebu City;2025-08-09 05:29:57.000;2025-08-09 05:29:59.000
243a7533-d025-4f5d-9ff7-2772bc46a52a;2025-08-09 05:30:44.000;PH;Philippines;Cebu City;2025-08-09 05:29:57.000;2025-08-09 05:29:59.000
243a7533-d025-4f5d-9ff7-2772bc46a52a;2025-08-09 05:30:45.000;PH;Philippines;Cebu City;2025-08-09 05:29:57.000;2025-08-09 05:29:59.000
c5c61f07-a3d5-4620-b74e-df27e8f3fa0c;2025-08-11 11:59:36.000;PL;Poland;Starogard Gdański;2025-08-11 12:00:28.000;2025-08-11 12:00:32.000
f3326681-a45e-4989-93c4-9db506dbfc62;2025-08-12 05:36:20.000;PH;Philippines;Taguig;2025-08-12 05:37:12.000;
c480200d-d817-455c-abbf-4f4f99d6d12d;2025-08-12 22:38:24.000;NO;Norway;Oslo;2025-08-05 09:07:41.000;2025-08-05 09:07:43.000
badf98dd-1793-4d74-a62c-e296246be447;2025-08-14 10:27:46.000;DK;Denmark;Copenhagen;;
4695ff9b-d325-4906-89eb-58b32e50311b;2025-08-14 10:30:48.000;DK;Denmark;Copenhagen;;2025-08-14 10:31:48.000
b705306a-4fc0-42d4-a2f9-473898c425c8;2025-08-15 13:12:53.000;MA;Morocco;Azilal;2025-08-15 13:13:57.000;2025-08-15 13:13:32.000
010a05fa-d2ca-46ed-93b9-e687a2c1cd2b;2025-08-16 02:39:07.000;PH;Philippines;City of Muntinlupa;2025-08-16 02:39:23.000;
010a05fa-d2ca-46ed-93b9-e687a2c1cd2b;2025-08-16 02:39:36.000;PH;Philippines;City of Muntinlupa;2025-08-16 02:39:23.000;
d003d15c-4195-4c53-82be-9b255824b08b;2025-08-30 07:53:13.000;GB;United Kingdom;High Wycombe;2025-08-30 07:56:18.000;2025-08-30 07:55:37.000
63464eab-bc0b-4627-b04b-6f7ba9ffb757;2025-08-30 08:25:50.000;GB;United Kingdom;High Wycombe;2025-08-30 08:28:23.000;2025-08-30 08:26:19.000
8ccb8234-d72e-4d79-88f6-12a929ba02c3;2025-08-30 08:34:34.000;GB;United Kingdom;High Wycombe;2025-08-30 08:35:05.000;2025-08-30 08:37:20.000
f59a5241-2ece-489a-9b26-fdf3bb6c19eb;2025-08-30 22:46:24.000;CO;Colombia;Bogotá;2025-08-30 22:46:43.000;
b3888cf7-fe58-4fa8-9aaf-9fa98d210446;2025-08-30 22:50:41.000;CO;Colombia;Bogotá;2025-08-30 22:51:00.000;2025-08-30 23:05:50.000
8745d334-a69b-4eed-9734-128b4e3f29a2;2025-09-01 13:32:09.000;AR;Argentina;Córdoba;2025-09-01 13:32:34.000;
d4941865-6593-412f-93e9-fedf5e4746c7;2025-09-02 11:32:35.000;CO;Colombia;Bogotá;;2025-09-02 11:33:04.000
1f4620b0-a9b2-442c-856c-f312bfcc5b6d;2025-09-02 13:47:56.000;PA;Panama;Panama City;;2025-09-02 13:49:01.000
e08da50b-b196-42c0-9ed1-4eb88f811a0c;2025-09-02 17:09:34.000;AR;Argentina;Buenos Aires;;2025-09-02 17:10:04.000
bdf3f420-a88c-43b6-bb69-5989660bd25c;2025-09-03 01:07:41.000;CO;Colombia;Bogotá;2025-09-03 01:09:09.000;2025-09-03 01:08:03.000
69fed741-445d-447f-93dc-5b34bc116690;2025-09-03 01:52:16.000;CO;Colombia;Bogotá;;2025-09-03 01:52:35.000
edda8742-6c3b-4946-b2c8-fe47b7dda0d9;2025-09-03 17:20:43.000;DE;Germany;Wiesbaden;2025-09-03 17:21:59.000;2025-09-03 17:21:58.000
9cd89430-2c2f-428d-a4d9-042ef1b5e565;2025-09-03 18:30:38.000;DE;Germany;Karlsruhe;2025-09-03 18:30:57.000;2025-09-03 18:30:59.000
e399ab74-7e78-4006-bff0-d6eda120aef8;2025-09-03 18:56:20.000;DE;Germany;Karlsruhe;;2025-09-03 18:57:01.000
e399ab74-7e78-4006-bff0-d6eda120aef8;2025-09-03 18:56:20.000;DE;Germany;Karlsruhe;;2025-09-03 18:56:53.000
a7be805a-375b-4503-8864-794b3ceab5fe;2025-09-03 18:58:04.000;DE;Germany;Wiesbaden;;
09e797f5-1c95-4fc8-9c3d-48cbf79f166d;2025-09-03 19:05:21.000;DE;Germany;Karlsruhe;;2025-09-03 19:05:33.000
0007e82d-4ba2-49ee-a4dc-dd5282cadd26;2025-09-03 19:08:13.000;DE;Germany;Demmin;2025-09-03 19:08:46.000;2025-09-03 19:08:56.000
42d327f3-6a1e-45cc-886c-a90e16de6160;2025-09-03 19:24:20.000;DE;Germany;Demmin;2025-09-03 19:24:44.000;
3baaa85e-84ba-4244-8a2c-b8fa25ccd443;2025-09-04 05:34:14.000;BD;Bangladesh;None;2025-09-04 05:34:43.000;2025-09-04 05:34:32.000
3baaa85e-84ba-4244-8a2c-b8fa25ccd443;2025-09-04 05:34:14.000;BD;Bangladesh;None;2025-09-04 05:46:03.000;2025-09-04 05:34:32.000
a0ea1e87-ae11-4824-baf2-72314f1756d3;2025-09-04 08:20:26.000;MA;Morocco;Casablanca;;2025-09-04 08:21:00.000
2124b8f2-6edb-4aa1-9731-53f91cfe0cc3;2025-09-04 09:05:14.000;DE;Germany;Leverkusen;;2025-09-04 09:05:35.000
b7054227-d55b-46ac-b6ef-958f83e1a498;2025-09-04 11:20:43.000;AR;Argentina;Catamarca;;2025-09-04 11:21:16.000
679ddf08-4a5e-4bad-b97d-cbd9f64e2b6c;2025-09-06 04:52:46.000;LK;Sri Lanka;Colombo;2025-09-06 04:53:16.000;2025-09-06 04:53:14.000
679ddf08-4a5e-4bad-b97d-cbd9f64e2b6c;2025-09-06 04:52:46.000;LK;Sri Lanka;Colombo;2025-09-06 04:53:16.000;2025-09-06 04:53:45.000
09882b83-32a9-4fcf-94e9-ca377383307e;2025-09-07 08:53:31.000;ID;Indonesia;Bandung;2025-09-07 08:54:30.000;2025-09-07 08:53:46.000
09882b83-32a9-4fcf-94e9-ca377383307e;2025-09-07 08:53:31.000;ID;Indonesia;Bandung;2025-09-07 08:54:13.000;2025-09-07 08:53:46.000
09882b83-32a9-4fcf-94e9-ca377383307e;2025-09-07 08:53:31.000;ID;Indonesia;Bandung;2025-09-07 08:54:15.000;2025-09-07 08:53:46.000
09882b83-32a9-4fcf-94e9-ca377383307e;2025-09-07 08:53:31.000;ID;Indonesia;Bandung;2025-09-07 08:54:20.000;2025-09-07 08:53:46.000
09882b83-32a9-4fcf-94e9-ca377383307e;2025-09-07 08:53:31.000;ID;Indonesia;Bandung;2025-09-07 08:54:21.000;2025-09-07 08:53:46.000
09882b83-32a9-4fcf-94e9-ca377383307e;2025-09-07 08:53:31.000;ID;Indonesia;Bandung;2025-09-07 08:54:25.000;2025-09-07 08:53:46.000
09882b83-32a9-4fcf-94e9-ca377383307e;2025-09-07 08:53:31.000;ID;Indonesia;Bandung;2025-09-07 08:54:31.000;2025-09-07 08:53:46.000
09882b83-32a9-4fcf-94e9-ca377383307e;2025-09-07 08:53:31.000;ID;Indonesia;Bandung;2025-09-07 08:54:16.000;2025-09-07 08:53:46.000
09882b83-32a9-4fcf-94e9-ca377383307e;2025-09-07 08:53:31.000;ID;Indonesia;Bandung;2025-09-07 08:54:28.000;2025-09-07 08:53:46.000
09882b83-32a9-4fcf-94e9-ca377383307e;2025-09-07 08:53:31.000;ID;Indonesia;Bandung;2025-09-07 08:54:14.000;2025-09-07 08:53:46.000
09882b83-32a9-4fcf-94e9-ca377383307e;2025-09-07 08:53:31.000;ID;Indonesia;Bandung;2025-09-07 08:54:18.000;2025-09-07 08:53:46.000
c8847622-182f-4cfe-ba0f-6f6f20de6643;2025-09-08 07:46:12.000;NZ;New Zealand;Christchurch;2025-09-08 07:53:46.000;2025-09-08 07:53:57.000
051698dc-2ec3-48c6-ab61-c2a54a9ad243;2025-09-08 08:49:57.000;MA;Morocco;Marrakesh;;
65db37b8-9dd6-45d8-a1d8-1f0d745aa564;2025-09-08 09:14:02.000;DE;Germany;Valwig;2025-09-08 09:14:39.000;2025-09-08 09:14:43.000
74a5bf66-1f93-4a6a-b16a-98edbe0e9500;2025-09-08 09:33:48.000;DE;Germany;Valwig;;2025-09-08 09:34:09.000
7f3eb668-97dc-4152-a423-87982302b55d;2025-09-08 11:26:19.000;DE;Germany;Freiburg im Breisgau;2025-09-08 11:26:47.000;
c6d3e0ee-4114-46b3-93df-e8857334d869;2025-09-08 11:32:33.000;DE;Germany;Munich;2025-09-08 11:34:02.000;2025-09-08 11:33:02.000
54f923aa-890b-49e3-9166-cb46ccb66674;2025-09-08 12:47:17.000;GB;United Kingdom;Newcastle upon Tyne;2025-09-08 12:49:31.000;2025-09-08 12:49:49.000
d735cb64-7828-4d31-a9c0-128c2a937a3d;2025-09-08 12:51:47.000;GB;United Kingdom;Newcastle upon Tyne;2025-09-08 12:53:30.000;2025-09-08 12:53:37.000
542b83fa-d17b-4eef-8102-96d1aae9344f;2025-09-08 12:57:44.000;GB;United Kingdom;Newcastle upon Tyne;2025-09-08 12:58:43.000;2025-09-08 12:58:53.000
2a76644d-5d91-497d-9182-c25d742aeafe;2025-09-08 13:00:03.000;GB;United Kingdom;Newcastle upon Tyne;2025-09-08 13:02:39.000;2025-09-08 13:02:59.000
8c959206-0175-4f90-8a5d-7388b57ddf9c;2025-09-08 13:05:03.000;GB;United Kingdom;Newcastle upon Tyne;2025-09-08 13:07:08.000;2025-09-08 13:07:14.000
d1758d95-6040-41b9-b167-c2e9d8db392f;2025-09-08 13:11:24.000;GB;United Kingdom;Newcastle upon Tyne;2025-09-08 13:12:40.000;2025-09-08 13:12:54.000
1c2c9e40-a57c-4202-8126-152e5eb0155b;2025-09-08 13:14:13.000;GB;United Kingdom;Newcastle upon Tyne;2025-09-08 13:15:53.000;2025-09-08 13:16:00.000
b21e5aa8-c992-4603-8ce4-1901a15e886c;2025-09-08 13:19:26.000;GB;United Kingdom;Newcastle upon Tyne;2025-09-08 13:20:41.000;2025-09-08 13:20:56.000
216300aa-be8a-4ddb-8f1d-3836861f2449;2025-09-08 13:22:37.000;GB;United Kingdom;Newcastle upon Tyne;2025-09-08 13:23:43.000;2025-09-08 13:23:53.000
7efc0ee1-20d6-44aa-99a1-8a012cc27339;2025-09-08 13:25:19.000;GB;United Kingdom;Newcastle upon Tyne;2025-09-08 13:26:33.000;2025-09-08 13:26:41.000
6902cd90-b0d6-461d-ae3c-c9b7bef566a3;2025-09-08 13:29:04.000;GB;United Kingdom;Newcastle upon Tyne;2025-09-08 13:29:57.000;2025-09-08 13:30:02.000
47bd488d-f3ae-4e05-bd05-d9c708ea3346;2025-09-08 13:31:05.000;GB;United Kingdom;Newcastle upon Tyne;2025-09-08 13:32:17.000;2025-09-08 13:32:22.000
1f4620b0-a9b2-442c-856c-f312bfcc5b6d;2025-09-08 13:32:13.000;PA;Panama;Panama City;;2025-09-02 13:49:01.000
21a650a2-8e21-4ae5-85aa-bd0adeaaa40a;2025-09-08 13:34:32.000;GB;United Kingdom;Newcastle upon Tyne;2025-09-08 13:35:46.000;2025-09-08 13:35:52.000
f0982a5e-86cc-49e7-8ac1-5539c9f9d8d6;2025-09-08 13:38:11.000;GB;United Kingdom;Newcastle upon Tyne;2025-09-08 13:39:43.000;2025-09-08 13:39:49.000
2d97e8e9-65ed-4334-9f26-ef7fdb72c2d5;2025-09-08 13:40:26.000;GB;United Kingdom;Newcastle upon Tyne;2025-09-08 13:41:15.000;2025-09-08 13:41:23.000
10e21c04-9073-4346-a4b0-e2bd09e1f961;2025-09-08 13:42:17.000;GB;United Kingdom;Newcastle upon Tyne;2025-09-08 13:43:06.000;2025-09-08 13:43:12.000
89d2c68a-11ea-4ad1-8058-54bb695edc28;2025-09-08 13:45:10.000;GB;United Kingdom;Newcastle upon Tyne;2025-09-08 13:46:44.000;2025-09-08 13:46:49.000
683ad9be-91d6-4010-afcd-f616b6c3d898;2025-09-08 16:25:38.000;US;United States;Dixon;2025-09-08 16:28:38.000;2025-09-08 16:29:03.000
683ad9be-91d6-4010-afcd-f616b6c3d898;2025-09-08 16:25:38.000;US;United States;Dixon;2025-09-08 16:28:38.000;2025-09-08 19:32:44.000
683ad9be-91d6-4010-afcd-f616b6c3d898;2025-09-08 16:25:38.000;US;United States;Dixon;2025-09-08 19:35:59.000;2025-09-08 19:32:44.000
683ad9be-91d6-4010-afcd-f616b6c3d898;2025-09-08 16:25:38.000;US;United States;Dixon;2025-09-08 19:35:59.000;2025-09-08 16:29:03.000
a8977969-6eb9-4a1e-8027-9836a218e9ce;2025-09-08 20:09:05.000;US;United States;Dixon;2025-09-08 20:10:01.000;
0de142a1-54a4-4654-bcf8-782c35fb50eb;2025-09-09 10:11:13.000;DE;Germany;Berlin;2025-09-09 11:09:17.000;2025-09-09 11:10:24.000
b6b55ae8-e3cd-46f0-8073-bbc3c2df69db;2025-09-09 14:24:12.000;DE;Germany;Kiel;2025-09-09 14:24:28.000;2025-09-12 10:35:25.000
23634351-0f14-41dd-982c-ae68419d2a44;2025-09-10 09:18:41.000;GB;United Kingdom;Newcastle upon Tyne;2025-09-10 09:20:30.000;2025-09-10 09:20:42.000
78d0e534-63cb-4516-a399-2ea652ff41e3;2025-09-10 09:28:10.000;GB;United Kingdom;Newcastle upon Tyne;2025-09-10 09:29:52.000;2025-09-10 09:29:56.000
78d0e534-63cb-4516-a399-2ea652ff41e3;2025-09-10 09:28:10.000;GB;United Kingdom;Newcastle upon Tyne;2025-09-10 09:29:32.000;2025-09-10 09:29:56.000
18d33c01-728f-4e95-a38f-69b244d3d9f5;2025-09-10 14:45:57.000;DE;Germany;Berlin;;2025-09-10 14:46:19.000
19c93a73-c282-46c3-8e94-1bc9732f8dbe;2025-09-10 17:16:06.000;PH;Philippines;Iloilo City;2025-09-10 17:16:24.000;
1f4620b0-a9b2-442c-856c-f312bfcc5b6d;2025-09-11 15:49:07.000;PA;Panama;Panama City;;2025-09-02 13:49:01.000
0850461e-d4c2-45b3-b4e8-c945b6674e78;2025-09-12 09:10:24.000;GB;United Kingdom;Newcastle upon Tyne;2025-09-12 09:13:02.000;2025-09-12 09:13:08.000
fa10bd8c-f158-47f6-a42d-ab9d31a88c58;2025-09-12 09:16:38.000;GB;United Kingdom;Newcastle upon Tyne;2025-09-12 09:18:46.000;2025-09-12 09:18:51.000
90dc4034-54f6-4c13-8c11-91e43adee75a;2025-09-12 09:20:16.000;GB;United Kingdom;Newcastle upon Tyne;2025-09-12 09:22:43.000;2025-09-12 09:22:50.000
2b7c3cfe-cbe8-4891-b221-05358b1486d9;2025-09-12 09:24:10.000;GB;United Kingdom;Newcastle upon Tyne;2025-09-12 09:26:46.000;2025-09-12 09:26:49.000
3972af46-e6f4-48eb-b0b9-36b09db89804;2025-09-12 09:28:50.000;GB;United Kingdom;Newcastle upon Tyne;2025-09-12 09:30:14.000;2025-09-12 09:30:19.000
06737f10-6117-4538-a769-59c491ca4dc7;2025-09-12 09:31:24.000;GB;United Kingdom;Newcastle upon Tyne;2025-09-12 09:33:19.000;2025-09-12 09:33:24.000
ee08ec1d-f0d6-4b54-aacd-c193a529e61e;2025-09-12 09:47:45.000;KE;Kenya;Nairobi;2025-09-12 09:48:18.000;2025-09-12 09:48:09.000
649b86d0-6b3c-4df4-a09d-41fdab0e2cc8;2025-09-12 17:10:01.000;DE;Germany;Kiel;2025-09-12 17:10:27.000;
18d33c01-728f-4e95-a38f-69b244d3d9f5;2025-09-12 20:13:09.000;DE;Germany;Berlin;;2025-09-10 14:46:19.000
8d1a67c1-e30b-46f4-b97b-019f8eb8176f;2025-09-14 07:25:24.000;MX;Mexico;Miguel Hidalgo;;
478ec50a-59cd-4610-84dc-1d5a7d7d2051;2025-09-14 07:27:11.000;MX;Mexico;Miguel Hidalgo;2025-09-14 07:28:26.000;2025-09-14 07:28:18.000
478ec50a-59cd-4610-84dc-1d5a7d7d2051;2025-09-14 07:27:19.000;MX;Mexico;Miguel Hidalgo;2025-09-14 07:28:26.000;2025-09-14 07:28:18.000
649b86d0-6b3c-4df4-a09d-41fdab0e2cc8;2025-09-14 08:20:54.000;DE;Germany;Berlin;2025-09-12 17:10:27.000;
b88c202f-e3b0-4714-baf7-e64d31398058;2025-09-14 11:42:03.000;PH;Philippines;Cagayan de Oro;2025-09-14 11:52:49.000;2025-09-14 11:52:33.000
97085ef1-1e5a-4ffa-accc-ccb297d1aa18;2025-09-15 01:29:37.000;AU;Australia;Brisbane;2025-09-15 01:30:16.000;2025-09-15 01:30:20.000
1f58deeb-e3f8-4bc1-a8c2-28cc71f49bcd;2025-09-15 02:18:48.000;AU;Australia;Brisbane;;
6faa9e0a-a458-4b81-b236-dca41fd70a30;2025-09-15 08:05:21.000;DE;Germany;Heidelberg;;
fa10bd8c-f158-47f6-a42d-ab9d31a88c58;2025-09-15 08:43:43.000;GB;United Kingdom;Newcastle upon Tyne;2025-09-12 09:18:46.000;2025-09-12 09:18:51.000
4be76a97-45a9-4c9c-ba3b-093b1f868033;2025-09-15 08:56:08.000;DE;Germany;Ulm;;2025-09-15 08:58:51.000
03260197-eb28-4426-a65e-299c9d1d326f;2025-09-15 09:24:58.000;GB;United Kingdom;Newcastle upon Tyne;2025-09-15 09:25:53.000;2025-09-15 09:25:55.000
50795c92-1134-4909-afd5-a0149b81c73e;2025-09-15 09:26:44.000;GB;United Kingdom;Newcastle upon Tyne;2025-09-15 09:28:28.000;2025-09-15 09:28:35.000
e15811b1-30f0-45d7-9909-b6b55f1869d1;2025-09-15 09:29:27.000;GB;United Kingdom;Newcastle upon Tyne;2025-09-15 09:31:46.000;2025-09-15 09:31:47.000
c2a75034-1fa4-49dd-aa76-f74265350033;2025-09-15 09:32:33.000;GB;United Kingdom;Newcastle upon Tyne;2025-09-15 09:34:15.000;2025-09-15 09:34:22.000
18388a1e-e11f-4848-aa15-3bbacb747694;2025-09-15 09:35:15.000;GB;United Kingdom;Newcastle upon Tyne;2025-09-15 09:37:14.000;2025-09-15 09:37:18.000
fdae931b-c4cb-4cf9-a8d5-122f977e0955;2025-09-15 14:51:12.000;GB;United Kingdom;Newcastle upon Tyne;2025-09-15 14:52:48.000;2025-09-15 14:52:50.000
b1e912c3-cfcd-488f-a916-2f1e939f9d79;2025-09-15 14:54:40.000;GB;United Kingdom;Newcastle upon Tyne;2025-09-15 14:56:08.000;2025-09-15 14:56:13.000
92bb219d-e176-41fe-9dea-10c671480d8e;2025-09-15 14:57:03.000;GB;United Kingdom;Newcastle upon Tyne;2025-09-15 14:58:36.000;2025-09-15 14:58:39.000
382a4d2f-cce1-4bdb-ad5a-e12a8e05fe17;2025-09-15 14:59:27.000;GB;United Kingdom;Newcastle upon Tyne;2025-09-15 15:00:29.000;2025-09-15 15:00:32.000
4a5ba161-a108-4938-95b4-3cd3421416fa;2025-09-15 15:01:44.000;GB;United Kingdom;Newcastle upon Tyne;2025-09-15 15:03:12.000;2025-09-15 15:03:17.000
1f58deeb-e3f8-4bc1-a8c2-28cc71f49bcd;2025-09-15 23:15:14.000;AU;Australia;Brisbane;;
4a5ba161-a108-4938-95b4-3cd3421416fa;2025-09-16 08:07:48.000;GB;United Kingdom;Newcastle upon Tyne;2025-09-15 15:03:12.000;2025-09-15 15:03:17.000
0ac58fd0-97e0-467d-903b-fa51cbf5627f;2025-09-16 14:46:29.000;AR;Argentina;Catamarca;;2025-09-16 14:47:04.000
0ac58fd0-97e0-467d-903b-fa51cbf5627f;2025-09-16 14:48:37.000;AR;Argentina;Catamarca;;2025-09-16 14:47:04.000
f91b9393-b47a-49c6-8c89-7d9c2edf32bc;2025-09-17 10:01:42.000;DE;Germany;Berlin;;2025-09-17 10:02:30.000
27ed8c14-b032-46d3-b54d-be00029850a0;2025-09-17 14:37:28.000;AR;Argentina;Córdoba;;2025-09-17 14:38:36.000
15666906-a83d-497e-a45b-7c79df491ccb;2025-09-17 14:47:13.000;DE;Germany;None;;2025-09-17 14:49:43.000
d159af85-adf7-45d3-9678-0638d1f82f2e;2025-09-17 15:28:28.000;AR;Argentina;Córdoba;;2025-09-17 15:29:02.000
1736a574-6842-40f1-80ec-cbe2963cedd1;2025-09-17 18:44:36.000;MX;Mexico;Querétaro City;;2025-09-17 18:45:51.000
3366e212-226c-45cd-967d-d7a5a5a8d570;2025-09-18 00:07:11.000;NG;Nigeria;Ibadan;2025-09-18 00:07:37.000;
9545d29e-68e9-432b-bb88-33cb78901f54;2025-09-18 02:59:26.000;PH;Philippines;Quezon City;2025-09-18 02:59:47.000;2025-09-18 02:59:56.000
45a5ffd0-a01c-4018-8acb-fa595b3f248b;2025-09-18 07:13:17.000;DE;Germany;Krefeld;2025-09-18 07:13:49.000;2025-09-18 07:13:52.000
aaaf73b9-fd9f-4778-98b7-47da7dddad91;2025-09-18 07:21:28.000;DE;Germany;Krefeld;2025-09-18 07:22:48.000;2025-09-18 07:22:50.000
d65dfb3e-f844-4654-890a-233a53fd2196;2025-09-18 07:28:28.000;DE;Germany;Krefeld;2025-09-18 07:36:26.000;2025-09-18 07:36:29.000
043fe250-4d1b-4acd-b13b-8f9eda43ec10;2025-09-18 12:48:44.000;DE;Germany;Berlin;;2025-09-18 12:50:25.000
043fe250-4d1b-4acd-b13b-8f9eda43ec10;2025-09-18 12:48:44.000;DE;Germany;Berlin;;2025-09-18 12:49:58.000
043fe250-4d1b-4acd-b13b-8f9eda43ec10;2025-09-18 12:48:44.000;DE;Germany;Berlin;;2025-09-18 12:50:05.000
043fe250-4d1b-4acd-b13b-8f9eda43ec10;2025-09-18 12:48:44.000;DE;Germany;Berlin;;2025-09-18 12:50:07.000
f21035f8-6858-43a6-a071-0d8a8f4cbbe4;2025-09-18 12:49:05.000;DE;Germany;Berlin;;2025-09-18 12:50:17.000
f21035f8-6858-43a6-a071-0d8a8f4cbbe4;2025-09-18 12:49:05.000;DE;Germany;Berlin;;2025-09-18 12:50:15.000
83375d93-296d-4df6-be58-9bafcec3031b;2025-09-18 12:50:46.000;IN;India;None;2025-09-18 12:52:02.000;2025-09-18 12:52:33.000
801d4d55-778d-4f19-bd80-91ab00ea0fe8;2025-09-18 13:18:58.000;DE;Germany;Berlin;;2025-09-18 13:23:26.000
801d4d55-778d-4f19-bd80-91ab00ea0fe8;2025-09-18 13:18:58.000;DE;Germany;Berlin;;2025-09-18 13:25:05.000
801d4d55-778d-4f19-bd80-91ab00ea0fe8;2025-09-18 13:18:58.000;DE;Germany;Berlin;;2025-09-18 13:21:49.000
25b07542-9853-49be-9803-053a506d2764;2025-09-18 13:20:16.000;DE;Germany;Munich;;2025-09-18 13:23:29.000
07910886-675b-4c58-970e-377b58634594;2025-09-18 13:38:08.000;SE;Sweden;Gothenburg;;2025-09-18 13:43:13.000
07910886-675b-4c58-970e-377b58634594;2025-09-18 13:38:13.000;US;United States;None;;2025-09-18 13:43:13.000
c71e3680-737e-476a-b7d0-477b7493032b;2025-09-18 14:04:55.000;DE;Germany;Berlin;;2025-09-18 14:06:27.000
2fbdb8ee-9b6a-4fb5-afc1-cd7250fc4c82;2025-09-18 14:19:18.000;DE;Germany;Berlin;;2025-09-18 14:21:05.000
2fbdb8ee-9b6a-4fb5-afc1-cd7250fc4c82;2025-09-18 14:19:18.000;DE;Germany;Berlin;;2025-09-18 14:20:49.000
2fbdb8ee-9b6a-4fb5-afc1-cd7250fc4c82;2025-09-18 14:19:18.000;DE;Germany;Berlin;;2025-09-18 14:20:48.000
02de6704-6d25-453c-aae1-3ffb11130ab0;2025-09-18 14:22:09.000;DE;Germany;Berlin;;2025-09-18 14:23:26.000
9babe97b-707e-4f9d-9050-a504e9367907;2025-09-18 14:40:19.000;DE;Germany;Berlin;;
2ca9b90f-0749-440d-a82a-7077a4d1a358;2025-09-18 14:43:35.000;DE;Germany;Berlin;;
a0fb4cf4-9880-434b-8db1-34629695a283;2025-09-18 14:45:01.000;DE;Germany;Berlin;;
02de6704-6d25-453c-aae1-3ffb11130ab0;2025-09-19 03:24:58.000;DE;Germany;Berlin;;2025-09-18 14:23:26.000
02de6704-6d25-453c-aae1-3ffb11130ab0;2025-09-19 07:48:10.000;DE;Germany;Berlin;;2025-09-18 14:23:26.000
6d59f726-0f2f-4d8c-aa61-86d2ae93bd42;2025-09-19 08:39:18.000;IN;India;New Delhi;2025-08-07 03:21:00.000;2025-08-07 03:21:09.000
d0004a46-9460-4300-bd67-a25f570bca98;2025-09-19 11:30:06.000;IN;India;Mysuru;2025-09-19 11:30:29.000;
d0004a46-9460-4300-bd67-a25f570bca98;2025-09-19 11:30:06.000;IN;India;Mysuru;2025-09-19 11:30:34.000;
a5cad481-8bc8-431b-8a45-2885fa8705e6;2025-09-19 13:56:04.000;IN;India;Mysuru;2025-09-19 13:56:39.000;
3f8539be-1c36-480e-b968-04ca0f819e90;2025-09-19 14:12:26.000;IN;India;Mysuru;;
f21035f8-6858-43a6-a071-0d8a8f4cbbe4;2025-09-19 17:36:36.000;ES;Spain;None;;2025-09-18 12:50:15.000
f21035f8-6858-43a6-a071-0d8a8f4cbbe4;2025-09-19 17:36:36.000;ES;Spain;None;;2025-09-18 12:50:17.000
77c5b7a7-7459-437d-9765-be31c91c7bc7;2025-09-19 20:35:50.000;CO;Colombia;Tauramena;2025-09-19 20:36:36.000;2025-09-19 20:36:33.000
77c5b7a7-7459-437d-9765-be31c91c7bc7;2025-09-19 20:35:50.000;CO;Colombia;Tauramena;2025-09-19 20:38:56.000;2025-09-19 20:36:33.000
77c5b7a7-7459-437d-9765-be31c91c7bc7;2025-09-19 20:54:40.000;CO;Colombia;Tauramena;2025-09-19 20:38:56.000;2025-09-19 20:36:33.000
77c5b7a7-7459-437d-9765-be31c91c7bc7;2025-09-19 20:54:40.000;CO;Colombia;Tauramena;2025-09-19 20:36:36.000;2025-09-19 20:36:33.000
2fe7f788-82b9-4777-928c-ded5a2074cde;2025-09-20 01:45:23.000;PH;Philippines;Mandaluyong;2025-09-20 01:45:43.000;2025-09-20 01:45:44.000
2fe7f788-82b9-4777-928c-ded5a2074cde;2025-09-20 01:45:23.000;PH;Philippines;Mandaluyong;2025-09-20 01:46:05.000;2025-09-20 01:45:44.000
02de6704-6d25-453c-aae1-3ffb11130ab0;2025-09-20 08:47:10.000;DE;Germany;Karlsruhe;;2025-09-18 14:23:26.000
02de6704-6d25-453c-aae1-3ffb11130ab0;2025-09-20 08:50:49.000;DE;Germany;Karlsruhe;;2025-09-18 14:23:26.000
25b07542-9853-49be-9803-053a506d2764;2025-09-20 17:38:48.000;DE;Germany;Regensburg;;2025-09-18 13:23:29.000
