{
"type": "FeatureCollection",
"name": "SO_A_August_2023_59090932_C",
"crs": { "type": "name", "properties": { "name": "urn:ogc:def:crs:OGC:1.3:CRS84" } },
"features": [
{ "type": "Feature", "properties": { "area_id": "59091584", "confidence_level": 0, "ipc_period": "P", "overall_phase": 2, "population_min": "927", "population_percentage_min": "0.15", "justification": "", "prolonged_crisis": false, "population_phase_worse": null, "population_percentage_phase_worse": null, "analysis_id": "59090932", "admin_type": null, "area_name": "Afgooye (2)", "view_level": "area", "hide_settlement_labels": false, "hide_area_labels": false, "hide_area_borders": false, "show_area_popups": true, "color": "#e67800", "estimated_population": "6186", "phase1_population": 2783, "phase1_percent": 0.45, "phase1_color": "#fae61e", "phase2_population": 2474, "phase2_percent": 0.4, "phase2_color": "#e67800", "phase3_population": 927, "phase3_percent": 0.15, "phase3_color": "#c80000", "phase4_population": 0, "phase4_percent": 0.0, "phase4_color": "#640000", "phase5_population": 0, "phase5_percent": 0, "phase5_color": "#640000" }, "geometry": { "type": "GeometryCollection", "geometries": [ { "type": "MultiPolygon", "coordinates": [ [ [ [ 45.0524, 1.9217 ], [ 45.2464, 1.9996 ], [ 45.2478, 2.0134 ], [ 45.1733, 2.0564 ], [ 45.1443, 2.0847 ], [ 45.238, 2.11 ], [ 45.2839, 2.1038 ], [ 45.2879, 2.1229 ], [ 45.3169, 2.1461 ], [ 45.3434, 2.1754 ], [ 45.391, 2.1517 ], [ 45.461, 2.1716 ], [ 45.5264, 2.1844 ], [ 45.532, 2.1835 ], [ 45.581, 2.1864 ], [ 45.607106681, 2.186677731 ], [ 45.607775104, 2.186684842 ], [ 45.583, 2.1716 ], [ 45.5597, 2.1579 ], [ 45.5439, 2.1463 ], [ 45.5068, 2.125 ], [ 45.4704, 2.1071 ], [ 45.3915, 2.0516 ], [ 45.2438, 1.9736 ], [ 45.1289, 1.9217 ], [ 45.0524, 1.9217 ] ] ] ] } ] } },
{ "type": "Feature", "properties": { "area_id": "59091528", "confidence_level": 0, "ipc_period": "P", "overall_phase": 2, "population_min": "3882", "population_percentage_min": "0.1", "justification": "", "prolonged_crisis": false, "population_phase_worse": null, "population_percentage_phase_worse": null, "analysis_id": "59090932", "admin_type": null, "area_name": "Afmadow (1)", "view_level": "area", "hide_settlement_labels": false, "hide_area_labels": false, "hide_area_borders": false, "show_area_popups": true, "color": "#e67800", "estimated_population": "38821", "phase1_population": 23292, "phase1_percent": 0.6, "phase1_color": "#fae61e", "phase2_population": 11646, "phase2_percent": 0.3, "phase2_color": "#e67800", "phase3_population": 3882, "phase3_percent": 0.1, "phase3_color": "#c80000", "phase4_population": 0, "phase4_percent": 0.0, "phase4_color": "#640000", "phase5_population": 0, "phase5_percent": 0, "phase5_color": "#640000" }, "geometry": { "type": "GeometryCollection", "geometries": [ { "type": "MultiPolygon", "coordinates": [ [ [ [ 42.5478, 0.9711 ], [ 42.566, 0.8853 ], [ 42.6388, 0.6242 ], [ 42.6325, 0.5271 ], [ 42.7154, 0.3153 ], [ 42.7022, 0.3 ], [ 42.5672, 0.3406 ], [ 42.4216, 0.3355 ], [ 42.3625, 0.2903 ], [ 42.3589, 0.1337 ], [ 42.4286, -0.0212 ], [ 42.1501, -0.0294 ], [ 42.150044907, -0.029353865 ], [ 42.0763, 0.0324 ], [ 41.9848, 0.1173 ], [ 41.9744301, 0.130461796 ], [ 41.9744043, 0.130485269 ], [ 41.974170707, 0.130421253 ], [ 41.9447, 0.1203 ], [ 41.9157, 0.1064 ], [ 41.877466015, 0.103919375 ], [ 41.772675289, 0.075201522 ], [ 41.7724, 0.0751 ], [ 41.772307232, 0.075119578 ], [ 41.675015003, 0.0822189 ], [ 41.6749, 0.0822 ], [ 41.6373, 0.0652 ], [ 41.5718, -0.0063 ], [ 41.549171107, -0.023370919 ], [ 41.549, -0.0235 ], [ 41.5141, -0.0274 ], [ 41.3755, 0.0099 ], [ 41.375229723, 0.009851658 ], [ 41.2894, -0.0055 ], [ 41.2516, -0.009 ], [ 41.216124165, -0.00571151 ], [ 41.216026899, -0.005702493 ], [ 41.216, -0.0057 ], [ 41.1948, 0.0065 ], [ 41.188727639, 0.02611074 ], [ 41.188702001, 0.026193539 ], [ 41.1887, 0.0262 ], [ 41.2078, 0.0896 ], [ 41.218217613, 0.104292318 ], [ 41.240680698, 0.135995298 ], [ 41.341593106, 0.218599203 ], [ 41.3165, 0.2157 ], [ 41.2935, 0.2172 ], [ 41.2244, 0.2459 ], [ 41.224379787, 0.24592045 ], [ 41.224369053, 0.245924905 ], [ 41.181808476, 0.28896451 ], [ 41.124707181, 0.295875787 ], [ 41.0968, 0.2948 ], [ 41.055728238, 0.30422468 ], [ 41.055437868, 0.304291311 ], [ 41.0554, 0.3043 ], [ 41.0576, 0.3413 ], [ 41.067244772, 0.360092391 ], [ 41.067286077, 0.360172872 ], [ 41.0673, 0.3602 ], [ 41.085329014, 0.36372096 ], [ 41.10976029, 0.368525296 ], [ 41.26169968, 0.588043571 ], [ 41.705581667, 0.952436924 ], [ 41.790976898, 0.998615206 ], [ 41.8218, 1.0153 ], [ 41.8376, 1.015 ], [ 41.878895653, 0.988802758 ], [ 41.970981599, 1.010429025 ], [ 42.070560456, 0.96564132 ], [ 42.112365126, 0.984377179 ], [ 42.0854, 0.9699 ], [ 42.0706, 0.9656 ], [ 41.9809, 0.9007 ], [ 41.9411, 0.8309 ], [ 41.951, 0.7511 ], [ 42.1176, 0.7295 ], [ 42.2101, 0.7604 ], [ 42.3157, 0.7604 ], [ 42.3775, 0.7911 ], [ 42.4863, 0.7559 ], [ 42.5328, 0.7935 ], [ 42.5015, 0.8822 ], [ 42.5234, 0.951 ], [ 42.5318, 0.9615 ], [ 42.5451, 0.9731 ], [ 42.547756992, 0.971131858 ], [ 42.5478, 0.9711 ] ] ] ] } ] } },
{ "type": "Feature", "properties": { "area_id": "59091161", "confidence_level": 0, "ipc_period": "P", "overall_phase": 4, "population_min": "20328", "population_percentage_min": "0.55", "justification": "", "prolonged_crisis": false, "population_phase_worse": null, "population_percentage_phase_worse": null, "analysis_id": "59090932", "admin_type": null, "area_name": "Afmadow (2)", "view_level": "area", "hide_settlement_labels": false, "hide_area_labels": false, "hide_area_borders": false, "show_area_popups": true, "color": "#640000", "estimated_population": "36960", "phase1_population": 11088, "phase1_percent": 0.3, "phase1_color": "#fae61e", "phase2_population": 5544, "phase2_percent": 0.15, "phase2_color": "#e67800", "phase3_population": 9240, "phase3_percent": 0.25, "phase3_color": "#c80000", "phase4_population": 11088, "phase4_percent": 0.3, "phase4_color": "#640000", "phase5_population": 0, "phase5_percent": 0, "phase5_color": "#640000" }, "geometry": { "type": "GeometryCollection", "geometries": [ { "type": "MultiPolygon", "coordinates": [ [ [ [ 42.6209, 0.7518 ], [ 42.6309, 0.7218 ], [ 42.72678294, 0.328679947 ], [ 42.7154, 0.3153 ], [ 42.6325, 0.5271 ], [ 42.6388, 0.6242 ], [ 42.566, 0.8853 ], [ 42.5478, 0.9711 ], [ 42.6209, 0.7518 ] ] ], [ [ [ 42.547700054, 0.971399744 ], [ 42.5477, 0.9714 ], [ 42.5478, 0.9711 ], [ 42.547700054, 0.971399744 ] ] ], [ [ [ 42.7022, 0.3 ], [ 42.5409, 0.1118 ], [ 42.5309, -0.0182 ], [ 42.4286, -0.0212 ], [ 42.3589, 0.1337 ], [ 42.3625, 0.2903 ], [ 42.4216, 0.3355 ], [ 42.5672, 0.3406 ], [ 42.7022, 0.3 ] ] ] ] } ] } },
{ "type": "Feature", "properties": { "area_id": "59091189", "confidence_level": 0, "ipc_period": "P", "overall_phase": 3, "population_min": "9242", "population_percentage_min": "0.2", "justification": "", "prolonged_crisis": false, "population_phase_worse": null, "population_percentage_phase_worse": null, "analysis_id": "59090932", "admin_type": null, "area_name": "Afmadow (3)", "view_level": "area", "hide_settlement_labels": false, "hide_area_labels": false, "hide_area_borders": false, "show_area_popups": true, "color": "#c80000", "estimated_population": "46213", "phase1_population": 13863, "phase1_percent": 0.3, "phase1_color": "#fae61e", "phase2_population": 23106, "phase2_percent": 0.5, "phase2_color": "#e67800", "phase3_population": 9242, "phase3_percent": 0.2, "phase3_color": "#c80000", "phase4_population": 0, "phase4_percent": 0.0, "phase4_color": "#640000", "phase5_population": 0, "phase5_percent": 0, "phase5_color": "#640000" }, "geometry": { "type": "GeometryCollection", "geometries": [ { "type": "MultiPolygon", "coordinates": [ [ [ [ 42.547756992, 0.971131858 ], [ 42.5451, 0.9731 ], [ 42.5318, 0.9615 ], [ 42.5234, 0.951 ], [ 42.5015, 0.8822 ], [ 42.5328, 0.7935 ], [ 42.4863, 0.7559 ], [ 42.3775, 0.7911 ], [ 42.3157, 0.7604 ], [ 42.2101, 0.7604 ], [ 42.1176, 0.7295 ], [ 41.951, 0.7511 ], [ 41.9411, 0.8309 ], [ 41.9809, 0.9007 ], [ 42.0706, 0.9656 ], [ 42.0854, 0.9699 ], [ 42.112365126, 0.984377179 ], [ 42.183319093, 1.016177058 ], [ 42.286838532, 1.022941947 ], [ 42.263003648, 1.056598462 ], [ 42.262851715, 1.056813002 ], [ 42.268205108, 1.11278156 ], [ 42.268211365, 1.112846971 ], [ 42.268120714, 1.112906625 ], [ 42.248844352, 1.125591824 ], [ 42.221710206, 1.143447995 ], [ 42.173753272, 1.218585286 ], [ 42.159611891, 1.240741521 ], [ 42.117707591, 1.30639575 ], [ 42.117698105, 1.306395127 ], [ 42.1177, 1.3064 ], [ 42.1389, 1.3078 ], [ 42.2009, 1.3117 ], [ 42.4235, 1.3214 ], [ 42.4402, 1.2938 ], [ 42.5477, 0.9714 ], [ 42.547700054, 0.971399744 ], [ 42.5478, 0.9711 ], [ 42.547756992, 0.971131858 ] ] ] ] } ] } },
{ "type": "Feature", "properties": { "area_id": "59091113", "confidence_level": 0, "ipc_period": "P", "overall_phase": 3, "population_min": "844", "population_percentage_min": "0.2", "justification": "", "prolonged_crisis": false, "population_phase_worse": null, "population_percentage_phase_worse": null, "analysis_id": "59090932", "admin_type": null, "area_name": "Afmadow idps rural", "view_level": "area", "hide_settlement_labels": false, "hide_area_labels": false, "hide_area_borders": false, "show_area_popups": true, "color": "#c80000", "estimated_population": "4224", "phase1_population": 2323, "phase1_percent": 0.55, "phase1_color": "#fae61e", "phase2_population": 1056, "phase2_percent": 0.25, "phase2_color": "#e67800", "phase3_population": 633, "phase3_percent": 0.15, "phase3_color": "#c80000", "phase4_population": 211, "phase4_percent": 0.05, "phase4_color": "#640000", "phase5_population": 0, "phase5_percent": 0, "phase5_color": "#640000" }, "geometry": { "type": "MultiPoint", "coordinates": [ [ 42.0753, 0.5036 ] ] } },
{ "type": "Feature", "properties": { "area_id": "59091634", "confidence_level": 0, "ipc_period": "P", "overall_phase": 3, "population_min": "10004", "population_percentage_min": "0.45", "justification": "", "prolonged_crisis": false, "population_phase_worse": null, "population_percentage_phase_worse": null, "analysis_id": "59090932", "admin_type": null, "area_name": "Afmadow urban", "view_level": "area", "hide_settlement_labels": false, "hide_area_labels": false, "hide_area_borders": false, "show_area_popups": true, "color": "#c80000", "estimated_population": "22232", "phase1_population": 5558, "phase1_percent": 0.25, "phase1_color": "#fae61e", "phase2_population": 6669, "phase2_percent": 0.3, "phase2_color": "#e67800", "phase3_population": 7781, "phase3_percent": 0.35, "phase3_color": "#c80000", "phase4_population": 2223, "phase4_percent": 0.1, "phase4_color": "#640000", "phase5_population": 0, "phase5_percent": 0, "phase5_color": "#640000" }, "geometry": { "type": "MultiPoint", "coordinates": [ [ 42.0763, 0.5182 ] ] } },
{ "type": "Feature", "properties": { "area_id": "59091028", "confidence_level": 0, "ipc_period": "P", "overall_phase": 3, "population_min": "7466", "population_percentage_min": "0.3", "justification": "", "prolonged_crisis": false, "population_phase_worse": null, "population_percentage_phase_worse": null, "analysis_id": "59090932", "admin_type": null, "area_name": "Baardheere", "view_level": "area", "hide_settlement_labels": false, "hide_area_labels": false, "hide_area_borders": false, "show_area_popups": true, "color": "#c80000", "estimated_population": "24889", "phase1_population": 6222, "phase1_percent": 0.25, "phase1_color": "#fae61e", "phase2_population": 11200, "phase2_percent": 0.45, "phase2_color": "#e67800", "phase3_population": 6222, "phase3_percent": 0.25, "phase3_color": "#c80000", "phase4_population": 1244, "phase4_percent": 0.05, "phase4_color": "#640000", "phase5_population": 0, "phase5_percent": 0, "phase5_color": "#640000" }, "geometry": { "type": "GeometryCollection", "geometries": [ { "type": "MultiPolygon", "coordinates": [ [ [ [ 42.3431, 1.9509 ], [ 42.3319, 2.0532 ], [ 42.2814, 2.087 ], [ 42.2555, 2.2297 ], [ 42.3594, 2.342 ], [ 42.3929, 2.4639 ], [ 42.3871, 2.5666 ], [ 42.4369, 2.6241 ], [ 42.4538, 2.7806 ], [ 42.5426, 2.751 ], [ 42.4009, 1.9517 ], [ 42.3431, 1.9509 ] ] ] ] } ] } },
{ "type": "Feature", "properties": { "area_id": "59091612", "confidence_level": 0, "ipc_period": "P", "overall_phase": 2, "population_min": "4355", "population_percentage_min": "0.15", "justification": "", "prolonged_crisis": false, "population_phase_worse": null, "population_percentage_phase_worse": null, "analysis_id": "59090932", "admin_type": null, "area_name": "Baardheere (1)", "view_level": "area", "hide_settlement_labels": false, "hide_area_labels": false, "hide_area_borders": false, "show_area_popups": true, "color": "#e67800", "estimated_population": "29037", "phase1_population": 15970, "phase1_percent": 0.55, "phase1_color": "#fae61e", "phase2_population": 8711, "phase2_percent": 0.3, "phase2_color": "#e67800", "phase3_population": 4355, "phase3_percent": 0.15, "phase3_color": "#c80000", "phase4_population": 0, "phase4_percent": 0.0, "phase4_color": "#640000", "phase5_population": 0, "phase5_percent": 0, "phase5_color": "#640000" }, "geometry": { "type": "GeometryCollection", "geometries": [ { "type": "MultiPolygon", "coordinates": [ [ [ [ 42.2296, 2.8554 ], [ 42.1497, 2.7508 ], [ 42.1885, 2.6526 ], [ 41.9444, 2.6319 ], [ 41.8911, 2.5426 ], [ 41.9034, 2.3706 ], [ 41.9593, 2.288 ], [ 42.05, 2.245 ], [ 42.047, 1.947 ], [ 41.6409, 1.9417 ], [ 41.4209, 1.2617 ], [ 40.9916, 1.2325 ], [ 40.9918, 2.3116 ], [ 41.7809, 2.3016 ], [ 41.9709, 2.9416 ], [ 42.2296, 2.8554 ] ] ] ] } ] } },
{ "type": "Feature", "properties": { "area_id": "59091077", "confidence_level": 0, "ipc_period": "P", "overall_phase": 2, "population_min": "6244", "population_percentage_min": "0.15", "justification": "", "prolonged_crisis": false, "population_phase_worse": null, "population_percentage_phase_worse": null, "analysis_id": "59090932", "admin_type": null, "area_name": "Baardheere idps", "view_level": "area", "hide_settlement_labels": false, "hide_area_labels": false, "hide_area_borders": false, "show_area_popups": true, "color": "#e67800", "estimated_population": "41634", "phase1_population": 22898, "phase1_percent": 0.55, "phase1_color": "#fae61e", "phase2_population": 12490, "phase2_percent": 0.3, "phase2_color": "#e67800", "phase3_population": 4163, "phase3_percent": 0.1, "phase3_color": "#c80000", "phase4_population": 2081, "phase4_percent": 0.05, "phase4_color": "#640000", "phase5_population": 0, "phase5_percent": 0, "phase5_color": "#640000" }, "geometry": { "type": "MultiPoint", "coordinates": [ [ 42.3288, 2.3092 ] ] } },
{ "type": "Feature", "properties": { "area_id": "59091570", "confidence_level": 0, "ipc_period": "P", "overall_phase": 3, "population_min": "33741", "population_percentage_min": "0.5", "justification": "", "prolonged_crisis": false, "population_phase_worse": null, "population_percentage_phase_worse": null, "analysis_id": "59090932", "admin_type": null, "area_name": "Baardheere urban", "view_level": "area", "hide_settlement_labels": false, "hide_area_labels": false, "hide_area_borders": false, "show_area_popups": true, "color": "#c80000", "estimated_population": "67483", "phase1_population": 6748, "phase1_percent": 0.1, "phase1_color": "#fae61e", "phase2_population": 26993, "phase2_percent": 0.4, "phase2_color": "#e67800", "phase3_population": 23619, "phase3_percent": 0.35, "phase3_color": "#c80000", "phase4_population": 10122, "phase4_percent": 0.15, "phase4_color": "#640000", "phase5_population": 0, "phase5_percent": 0, "phase5_color": "#640000" }, "geometry": { "type": "MultiPoint", "coordinates": [ [ 42.2469, 2.319 ] ] } },
{ "type": "Feature", "properties": { "area_id": "59091045", "confidence_level": 0, "ipc_period": "P", "overall_phase": 1, "population_min": "579", "population_percentage_min": "0.05", "justification": "", "prolonged_crisis": false, "population_phase_worse": null, "population_percentage_phase_worse": null, "analysis_id": "59090932", "admin_type": null, "area_name": "Badhaadhe (1)", "view_level": "area", "hide_settlement_labels": false, "hide_area_labels": false, "hide_area_borders": false, "show_area_popups": true, "color": "#fae61e", "estimated_population": "11589", "phase1_population": 9850, "phase1_percent": 0.85, "phase1_color": "#fae61e", "phase2_population": 1158, "phase2_percent": 0.1, "phase2_color": "#e67800", "phase3_population": 579, "phase3_percent": 0.05, "phase3_color": "#c80000", "phase4_population": 0, "phase4_percent": 0.0, "phase4_color": "#640000", "phase5_population": 0, "phase5_percent": 0, "phase5_color": "#640000" }, "geometry": { "type": "GeometryCollection", "geometries": [ { "type": "MultiPolygon", "coordinates": [ [ [ [ 41.5635, -1.5821 ], [ 41.609, -1.5522 ], [ 41.8, -1.2725 ], [ 41.8411, -1.2399 ], [ 41.6323, -1.576 ], [ 41.5635, -1.5821 ] ] ], [ [ [ 41.4162, -0.3425 ], [ 41.1615, -0.5222 ], [ 41.08, -0.5019 ], [ 40.9994, -0.4378 ], [ 41.0015, -0.1965 ], [ 41.3109, -0.1481 ], [ 41.2909, -0.1981 ], [ 41.4162, -0.3425 ] ] ] ] } ] } },
{ "type": "Feature", "properties": { "area_id": "59091616", "confidence_level": 0, "ipc_period": "P", "overall_phase": 2, "population_min": "7603", "population_percentage_min": "0.15", "justification": "", "prolonged_crisis": false, "population_phase_worse": null, "population_percentage_phase_worse": null, "analysis_id": "59090932", "admin_type": null, "area_name": "Balcad (1)", "view_level": "area", "hide_settlement_labels": false, "hide_area_labels": false, "hide_area_borders": false, "show_area_popups": true, "color": "#e67800", "estimated_population": "50691", "phase1_population": 22810, "phase1_percent": 0.45, "phase1_color": "#fae61e", "phase2_population": 20276, "phase2_percent": 0.4, "phase2_color": "#e67800", "phase3_population": 7603, "phase3_percent": 0.15, "phase3_color": "#c80000", "phase4_population": 0, "phase4_percent": 0.0, "phase4_color": "#640000", "phase5_population": 0, "phase5_percent": 0, "phase5_color": "#640000" }, "geometry": { "type": "GeometryCollection", "geometries": [ { "type": "MultiPolygon", "coordinates": [ [ [ [ 45.607775104, 2.186684842 ], [ 45.607106681, 2.186677731 ], [ 45.581, 2.1864 ], [ 45.532, 2.1835 ], [ 45.5264, 2.1844 ], [ 45.461, 2.1716 ], [ 45.391, 2.1517 ], [ 45.3434, 2.1754 ], [ 45.475, 2.1856 ], [ 45.5237, 2.2036 ], [ 45.6196, 2.2625 ], [ 45.7924, 2.3308 ], [ 45.8154, 2.3463 ], [ 45.8227, 2.3524 ], [ 45.9344, 2.4252 ], [ 45.9319, 2.4595 ], [ 46.0615, 2.6423 ], [ 46.1297, 2.5541 ], [ 46.0029, 2.4249 ], [ 45.6186, 2.1868 ], [ 45.607775104, 2.186684842 ] ] ] ] } ] } },
{ "type": "Feature", "properties": { "area_id": "59091304", "confidence_level": 0, "ipc_period": "P", "overall_phase": 2, "population_min": "4199", "population_percentage_min": "0.05", "justification": "", "prolonged_crisis": false, "population_phase_worse": null, "population_percentage_phase_worse": null, "analysis_id": "59090932", "admin_type": null, "area_name": "Balcad urban", "view_level": "area", "hide_settlement_labels": false, "hide_area_labels": false, "hide_area_borders": false, "show_area_popups": true, "color": "#e67800", "estimated_population": "83999", "phase1_population": 58799, "phase1_percent": 0.7, "phase1_color": "#fae61e", "phase2_population": 20999, "phase2_percent": 0.25, "phase2_color": "#e67800", "phase3_population": 4199, "phase3_percent": 0.05, "phase3_color": "#c80000", "phase4_population": 0, "phase4_percent": 0.0, "phase4_color": "#640000", "phase5_population": 0, "phase5_percent": 0, "phase5_color": "#640000" }, "geometry": { "type": "MultiPoint", "coordinates": [ [ 45.3688, 2.3422 ] ] } },
{ "type": "Feature", "properties": { "area_id": "59091234", "confidence_level": 0, "ipc_period": "P", "overall_phase": 2, "population_min": "17348", "population_percentage_min": "0.05", "justification": "", "prolonged_crisis": false, "population_phase_worse": null, "population_percentage_phase_worse": null, "analysis_id": "59090932", "admin_type": null, "area_name": "Banadir peri-urban", "view_level": "area", "hide_settlement_labels": false, "hide_area_labels": false, "hide_area_borders": false, "show_area_popups": true, "color": "#e67800", "estimated_population": "346975", "phase1_population": 242882, "phase1_percent": 0.7, "phase1_color": "#fae61e", "phase2_population": 86743, "phase2_percent": 0.25, "phase2_color": "#e67800", "phase3_population": 17348, "phase3_percent": 0.05, "phase3_color": "#c80000", "phase4_population": 0, "phase4_percent": 0.0, "phase4_color": "#640000", "phase5_population": 0, "phase5_percent": 0, "phase5_color": "#640000" }, "geometry": { "type": "MultiPoint", "coordinates": [ [ 45.3066, 2.1075 ] ] } },
{ "type": "Feature", "properties": { "area_id": "59091238", "confidence_level": 0, "ipc_period": "P", "overall_phase": 3, "population_min": "1576", "population_percentage_min": "0.25", "justification": "", "prolonged_crisis": false, "population_phase_worse": null, "population_percentage_phase_worse": null, "analysis_id": "59090932", "admin_type": null, "area_name": "Bandarbeyla", "view_level": "area", "hide_settlement_labels": false, "hide_area_labels": false, "hide_area_borders": false, "show_area_popups": true, "color": "#c80000", "estimated_population": "6307", "phase1_population": 2522, "phase1_percent": 0.4, "phase1_color": "#fae61e", "phase2_population": 2207, "phase2_percent": 0.35, "phase2_color": "#e67800", "phase3_population": 1261, "phase3_percent": 0.2, "phase3_color": "#c80000", "phase4_population": 315, "phase4_percent": 0.05, "phase4_color": "#640000", "phase5_population": 0, "phase5_percent": 0, "phase5_color": "#640000" }, "geometry": { "type": "GeometryCollection", "geometries": [ { "type": "MultiPolygon", "coordinates": [ [ [ [ 50.1172, 8.3819 ], [ 50.2674, 8.6523 ], [ 50.3621, 8.8805 ], [ 50.5019, 9.0719 ], [ 50.631, 9.3763 ], [ 50.7129, 9.5332 ], [ 50.7782, 9.9193 ], [ 50.8787, 9.9209 ], [ 50.8525, 9.8556 ], [ 50.7997, 9.5616 ], [ 50.8476, 9.4667 ], [ 50.8112, 9.3856 ], [ 50.6561, 9.2045 ], [ 50.642, 9.078 ], [ 50.4445, 8.8942 ], [ 50.3331, 8.5519 ], [ 50.1757, 8.3296 ], [ 50.1172, 8.3819 ] ] ] ] } ] } },
{ "type": "Feature", "properties": { "area_id": "59091260", "confidence_level": 0, "ipc_period": "P", "overall_phase": 3, "population_min": "7148", "population_percentage_min": "0.2", "justification": "", "prolonged_crisis": false, "population_phase_worse": null, "population_percentage_phase_worse": null, "analysis_id": "59090932", "admin_type": null, "area_name": "Bandarbeyla (1)", "view_level": "area", "hide_settlement_labels": false, "hide_area_labels": false, "hide_area_borders": false, "show_area_popups": true, "color": "#c80000", "estimated_population": "35740", "phase1_population": 17870, "phase1_percent": 0.5, "phase1_color": "#fae61e", "phase2_population": 10722, "phase2_percent": 0.3, "phase2_color": "#e67800", "phase3_population": 7148, "phase3_percent": 0.2, "phase3_color": "#c80000", "phase4_population": 0, "phase4_percent": 0.0, "phase4_color": "#640000", "phase5_population": 0, "phase5_percent": 0, "phase5_color": "#640000" }, "geometry": { "type": "GeometryCollection", "geometries": [ { "type": "MultiPolygon", "coordinates": [ [ [ [ 50.0511, 8.4411 ], [ 49.9311, 8.4611 ], [ 49.9113, 8.4315 ], [ 49.8911, 8.4066 ], [ 49.8911, 9.031 ], [ 49.9211, 9.121 ], [ 50.0611, 9.281 ], [ 50.0911, 9.8109 ], [ 50.5111, 9.9109 ], [ 50.7782, 9.9193 ], [ 50.7129, 9.5332 ], [ 50.631, 9.3763 ], [ 50.5019, 9.0719 ], [ 50.3621, 8.8805 ], [ 50.2674, 8.6523 ], [ 50.1172, 8.3819 ], [ 50.1164, 8.3805 ], [ 50.0791, 8.416 ], [ 50.0511, 8.4411 ] ] ] ] } ] } },
{ "type": "Feature", "properties": { "area_id": "59091338", "confidence_level": 0, "ipc_period": "P", "overall_phase": 3, "population_min": "682", "population_percentage_min": "0.2", "justification": "", "prolonged_crisis": false, "population_phase_worse": null, "population_percentage_phase_worse": null, "analysis_id": "59090932", "admin_type": null, "area_name": "Bandarbeyla urban", "view_level": "area", "hide_settlement_labels": false, "hide_area_labels": false, "hide_area_borders": false, "show_area_popups": true, "color": "#c80000", "estimated_population": "3412", "phase1_population": 2217, "phase1_percent": 0.65, "phase1_color": "#fae61e", "phase2_population": 511, "phase2_percent": 0.15, "phase2_color": "#e67800", "phase3_population": 682, "phase3_percent": 0.2, "phase3_color": "#c80000", "phase4_population": 0, "phase4_percent": 0.0, "phase4_color": "#640000", "phase5_population": 0, "phase5_percent": 0, "phase5_color": "#640000" }, "geometry": { "type": "MultiPoint", "coordinates": [ [ 50.8062, 9.4933 ] ] } },
{ "type": "Feature", "properties": { "area_id": "59091436", "confidence_level": 0, "ipc_period": "P", "overall_phase": 4, "population_min": "1937", "population_percentage_min": "0.45", "justification": "", "prolonged_crisis": false, "population_phase_worse": null, "population_percentage_phase_worse": null, "analysis_id": "59090932", "admin_type": null, "area_name": "Baraawe", "view_level": "area", "hide_settlement_labels": false, "hide_area_labels": false, "hide_area_borders": false, "show_area_popups": true, "color": "#640000", "estimated_population": "4307", "phase1_population": 1076, "phase1_percent": 0.25, "phase1_color": "#fae61e", "phase2_population": 1292, "phase2_percent": 0.3, "phase2_color": "#e67800", "phase3_population": 1076, "phase3_percent": 0.25, "phase3_color": "#c80000", "phase4_population": 861, "phase4_percent": 0.2, "phase4_color": "#640000", "phase5_population": 0, "phase5_percent": 0, "phase5_color": "#640000" }, "geometry": { "type": "GeometryCollection", "geometries": [ { "type": "MultiPolygon", "coordinates": [ [ [ [ 43.5504, 1.0683 ], [ 43.8283, 1.2411 ], [ 43.7097, 1.0932 ], [ 43.5504, 1.0683 ] ] ], [ [ [ 43.3397, 0.9372 ], [ 43.4915, 1.0316 ], [ 43.3868, 0.8697 ], [ 43.3397, 0.9372 ] ] ] ] } ] } },
{ "type": "Feature", "properties": { "area_id": "59091472", "confidence_level": 0, "ipc_period": "P", "overall_phase": 3, "population_min": "5161", "population_percentage_min": "0.45", "justification": "", "prolonged_crisis": false, "population_phase_worse": null, "population_percentage_phase_worse": null, "analysis_id": "59090932", "admin_type": null, "area_name": "Baraawe idps", "view_level": "area", "hide_settlement_labels": false, "hide_area_labels": false, "hide_area_borders": false, "show_area_popups": true, "color": "#c80000", "estimated_population": "11470", "phase1_population": 1720, "phase1_percent": 0.15, "phase1_color": "#fae61e", "phase2_population": 4588, "phase2_percent": 0.4, "phase2_color": "#e67800", "phase3_population": 3441, "phase3_percent": 0.3, "phase3_color": "#c80000", "phase4_population": 1720, "phase4_percent": 0.15, "phase4_color": "#640000", "phase5_population": 0, "phase5_percent": 0, "phase5_color": "#640000" }, "geometry": { "type": "MultiPoint", "coordinates": [ [ 44.0324, 1.1034 ] ] } },
{ "type": "Feature", "properties": { "area_id": "59091556", "confidence_level": 0, "ipc_period": "P", "overall_phase": 2, "population_min": "207", "population_percentage_min": "0.05", "justification": "", "prolonged_crisis": false, "population_phase_worse": null, "population_percentage_phase_worse": null, "analysis_id": "59090932", "admin_type": null, "area_name": "Baraawe urban", "view_level": "area", "hide_settlement_labels": false, "hide_area_labels": false, "hide_area_borders": false, "show_area_popups": true, "color": "#e67800", "estimated_population": "4143", "phase1_population": 2900, "phase1_percent": 0.7, "phase1_color": "#fae61e", "phase2_population": 1035, "phase2_percent": 0.25, "phase2_color": "#e67800", "phase3_population": 207, "phase3_percent": 0.05, "phase3_color": "#c80000", "phase4_population": 0, "phase4_percent": 0.0, "phase4_color": "#640000", "phase5_population": 0, "phase5_percent": 0, "phase5_color": "#640000" }, "geometry": { "type": "MultiPoint", "coordinates": [ [ 44.0153, 1.1051 ] ] } },
{ "type": "Feature", "properties": { "area_id": "59091127", "confidence_level": 0, "ipc_period": "P", "overall_phase": 3, "population_min": "32202", "population_percentage_min": "0.3", "justification": "", "prolonged_crisis": false, "population_phase_worse": null, "population_percentage_phase_worse": null, "analysis_id": "59090932", "admin_type": null, "area_name": "Baydhaba", "view_level": "area", "hide_settlement_labels": false, "hide_area_labels": false, "hide_area_borders": false, "show_area_popups": true, "color": "#c80000", "estimated_population": "107342", "phase1_population": 26835, "phase1_percent": 0.25, "phase1_color": "#fae61e", "phase2_population": 48303, "phase2_percent": 0.45, "phase2_color": "#e67800", "phase3_population": 26835, "phase3_percent": 0.25, "phase3_color": "#c80000", "phase4_population": 5367, "phase4_percent": 0.05, "phase4_color": "#640000", "phase5_population": 0, "phase5_percent": 0, "phase5_color": "#640000" }, "geometry": { "type": "GeometryCollection", "geometries": [ { "type": "MultiPolygon", "coordinates": [ [ [ [ 43.826, 2.9446 ], [ 43.788157438, 2.976770827 ], [ 43.7853, 2.9826 ], [ 43.7595, 3.0103 ], [ 43.4516, 2.9761 ], [ 43.284, 2.8974 ], [ 43.1471, 2.7571 ], [ 43.1209, 2.68 ], [ 43.1209, 3.0816 ], [ 43.1009, 3.0816 ], [ 43.10098478, 3.210125978 ], [ 43.101, 3.2332 ], [ 43.10116122, 3.236754824 ], [ 43.1013, 3.2577 ], [ 43.1179, 3.6233 ], [ 43.12, 3.6982 ], [ 43.1241, 3.7 ], [ 43.121267525, 3.674773267 ], [ 43.1209, 3.6749 ], [ 43.1131, 3.5034 ], [ 43.2244, 3.4907 ], [ 43.3407, 3.3974 ], [ 43.4407, 3.3867 ], [ 43.5192, 3.4106 ], [ 43.5696, 3.5626 ], [ 43.6164, 3.6204 ], [ 43.7959, 3.6922 ], [ 43.8478, 3.6517 ], [ 43.8825, 3.5971 ], [ 43.881958037, 3.594552772 ], [ 43.8705, 3.5407 ], [ 43.8631, 3.4986 ], [ 43.8058, 3.449 ], [ 43.7819, 3.394 ], [ 43.78201516, 3.390765495 ], [ 43.7819, 3.3905 ], [ 43.7842, 3.326 ], [ 43.7975, 3.2609 ], [ 43.833, 3.163 ], [ 43.8935, 3.1073 ], [ 44.0426, 3.1335 ], [ 43.826, 2.9446 ] ] ] ] } ] } },
{ "type": "Feature", "properties": { "area_id": "59091314", "confidence_level": 0, "ipc_period": "P", "overall_phase": 3, "population_min": "13801", "population_percentage_min": "0.3", "justification": "", "prolonged_crisis": false, "population_phase_worse": null, "population_percentage_phase_worse": null, "analysis_id": "59090932", "admin_type": null, "area_name": "Baydhaba (1)", "view_level": "area", "hide_settlement_labels": false, "hide_area_labels": false, "hide_area_borders": false, "show_area_popups": true, "color": "#c80000", "estimated_population": "46004", "phase1_population": 11501, "phase1_percent": 0.25, "phase1_color": "#fae61e", "phase2_population": 20701, "phase2_percent": 0.45, "phase2_color": "#e67800", "phase3_population": 11501, "phase3_percent": 0.25, "phase3_color": "#c80000", "phase4_population": 2300, "phase4_percent": 0.05, "phase4_color": "#640000", "phase5_population": 0, "phase5_percent": 0, "phase5_color": "#640000" }, "geometry": { "type": "GeometryCollection", "geometries": [ { "type": "MultiPolygon", "coordinates": [ [ [ [ 43.1209, 2.5716 ], [ 43.1209, 2.575 ], [ 43.1209, 2.6766 ], [ 43.1209, 2.68 ], [ 43.1471, 2.7571 ], [ 43.284, 2.8974 ], [ 43.4516, 2.9761 ], [ 43.7595, 3.0103 ], [ 43.7853, 2.9826 ], [ 43.788157438, 2.976770827 ], [ 43.826, 2.9446 ], [ 43.826033077, 2.944572287 ], [ 43.530929565, 2.65160656 ], [ 43.350925445, 2.391630172 ], [ 43.299337873, 2.271271252 ], [ 43.3509, 2.3916 ], [ 43.4409, 2.5216 ], [ 43.1209, 2.5716 ] ] ], [ [ [ 43.795536873, 3.886960833 ], [ 43.8809, 3.9249 ], [ 43.9509, 3.9249 ], [ 44.1809, 3.8549 ], [ 44.2909, 3.6149 ], [ 44.3109, 3.5749 ], [ 44.3109, 3.5715 ], [ 44.3109, 3.395 ], [ 44.3109, 3.3915 ], [ 44.280905142, 3.341508571 ], [ 44.042553395, 3.133515646 ], [ 44.042717706, 3.133527963 ], [ 44.0426, 3.1335 ], [ 43.8935, 3.1073 ], [ 43.833, 3.163 ], [ 43.7975, 3.2609 ], [ 43.7842, 3.326 ], [ 43.7819, 3.3905 ], [ 43.78201516, 3.390765495 ], [ 43.7819, 3.394 ], [ 43.8058, 3.449 ], [ 43.8631, 3.4986 ], [ 43.8705, 3.5407 ], [ 43.881958037, 3.594552772 ], [ 43.8825, 3.5971 ], [ 43.8478, 3.6517 ], [ 43.7959, 3.6922 ], [ 43.6164, 3.6204 ], [ 43.5696, 3.5626 ], [ 43.5192, 3.4106 ], [ 43.4407, 3.3867 ], [ 43.3407, 3.3974 ], [ 43.2244, 3.4907 ], [ 43.1131, 3.5034 ], [ 43.1209, 3.6749 ], [ 43.121267525, 3.674773267 ], [ 43.4109, 3.5749 ], [ 43.5809, 3.6149 ], [ 43.6809, 3.7249 ], [ 43.7509, 3.8549 ], [ 43.7909, 3.8849 ], [ 43.795536873, 3.886960833 ] ] ] ] } ] } },
{ "type": "Feature", "properties": { "area_id": "59091582", "confidence_level": 0, "ipc_period": "P", "overall_phase": 4, "population_min": "294000", "population_percentage_min": "0.6", "justification": "", "prolonged_crisis": false, "population_phase_worse": null, "population_percentage_phase_worse": null, "analysis_id": "59090932", "admin_type": "idp", "area_name": "Baydoa IDPS", "view_level": "area", "hide_settlement_labels": false, "hide_area_labels": false, "hide_area_borders": false, "show_area_popups": true, "color": "#640000", "estimated_population": "490000", "phase1_population": 24500, "phase1_percent": 0.05, "phase1_color": "#fae61e", "phase2_population": 171500, "phase2_percent": 0.35, "phase2_color": "#e67800", "phase3_population": 196000, "phase3_percent": 0.4, "phase3_color": "#c80000", "phase4_population": 98000, "phase4_percent": 0.2, "phase4_color": "#640000", "phase5_population": 0, "phase5_percent": 0, "phase5_color": "#640000" }, "geometry": { "type": "Point", "coordinates": [ 43.628681049, 3.107257153 ] } },
{ "type": "Feature", "properties": { "area_id": "59091574", "confidence_level": 0, "ipc_period": "P", "overall_phase": 3, "population_min": "9726", "population_percentage_min": "0.45", "justification": "", "prolonged_crisis": false, "population_phase_worse": null, "population_percentage_phase_worse": null, "analysis_id": "59090932", "admin_type": "urb", "area_name": "Baydoa URBAN", "view_level": "area", "hide_settlement_labels": false, "hide_area_labels": false, "hide_area_borders": false, "show_area_popups": true, "color": "#c80000", "estimated_population": "21617", "phase1_population": 5404, "phase1_percent": 0.25, "phase1_color": "#fae61e", "phase2_population": 6485, "phase2_percent": 0.3, "phase2_color": "#e67800", "phase3_population": 7565, "phase3_percent": 0.35, "phase3_color": "#c80000", "phase4_population": 2161, "phase4_percent": 0.1, "phase4_color": "#640000", "phase5_population": 0, "phase5_percent": 0, "phase5_color": "#640000" }, "geometry": { "type": "Point", "coordinates": [ 43.625603884, 3.072254817 ] } },
{ "type": "Feature", "properties": { "area_id": "59091308", "confidence_level": 0, "ipc_period": "P", "overall_phase": 2, "population_min": "16379", "population_percentage_min": "0.15", "justification": "", "prolonged_crisis": false, "population_phase_worse": null, "population_percentage_phase_worse": null, "analysis_id": "59090932", "admin_type": null, "area_name": "Belet xaawo", "view_level": "area", "hide_settlement_labels": false, "hide_area_labels": false, "hide_area_borders": false, "show_area_popups": true, "color": "#e67800", "estimated_population": "109195", "phase1_population": 60057, "phase1_percent": 0.55, "phase1_color": "#fae61e", "phase2_population": 32758, "phase2_percent": 0.3, "phase2_color": "#e67800", "phase3_population": 16379, "phase3_percent": 0.15, "phase3_color": "#c80000", "phase4_population": 0, "phase4_percent": 0.0, "phase4_color": "#640000", "phase5_population": 0, "phase5_percent": 0, "phase5_color": "#640000" }, "geometry": { "type": "GeometryCollection", "geometries": [ { "type": "MultiPolygon", "coordinates": [ [ [ [ 41.9224, 3.8864 ], [ 41.9867, 3.7256 ], [ 41.9623, 3.6268 ], [ 42.0012, 3.5885 ], [ 41.7209, 3.0016 ], [ 41.3108, 3.1416 ], [ 41.6623, 3.6407 ], [ 41.8595, 3.9121 ], [ 41.9224, 3.8864 ] ] ], [ [ [ 42.0976, 3.8044 ], [ 42.0293, 3.8426 ], [ 42.1009, 3.8115 ], [ 42.0976, 3.8044 ] ] ] ] } ] } },
{ "type": "Feature", "properties": { "area_id": "59090986", "confidence_level": 0, "ipc_period": "P", "overall_phase": 2, "population_min": "2338", "population_percentage_min": "0.15", "justification": "", "prolonged_crisis": false, "population_phase_worse": null, "population_percentage_phase_worse": null, "analysis_id": "59090932", "admin_type": null, "area_name": "Belet xaawo (1)", "view_level": "area", "hide_settlement_labels": false, "hide_area_labels": false, "hide_area_borders": false, "show_area_popups": true, "color": "#e67800", "estimated_population": "15591", "phase1_population": 7015, "phase1_percent": 0.45, "phase1_color": "#fae61e", "phase2_population": 6236, "phase2_percent": 0.4, "phase2_color": "#e67800", "phase3_population": 2338, "phase3_percent": 0.15, "phase3_color": "#c80000", "phase4_population": 0, "phase4_percent": 0.0, "phase4_color": "#640000", "phase5_population": 0, "phase5_percent": 0, "phase5_color": "#640000" }, "geometry": { "type": "GeometryCollection", "geometries": [ { "type": "MultiPolygon", "coordinates": [ [ [ [ 42.0976, 3.8044 ], [ 42.0409, 3.6815 ], [ 42.0012, 3.5885 ], [ 41.9623, 3.6268 ], [ 41.9867, 3.7256 ], [ 41.9224, 3.8864 ], [ 42.0293, 3.8426 ], [ 42.0976, 3.8044 ] ] ] ] } ] } },
{ "type": "Feature", "properties": { "area_id": "59090973", "confidence_level": 0, "ipc_period": "P", "overall_phase": 3, "population_min": "10761", "population_percentage_min": "0.5", "justification": "", "prolonged_crisis": false, "population_phase_worse": null, "population_percentage_phase_worse": null, "analysis_id": "59090932", "admin_type": null, "area_name": "Belet xaawo idps", "view_level": "area", "hide_settlement_labels": false, "hide_area_labels": false, "hide_area_borders": false, "show_area_popups": true, "color": "#c80000", "estimated_population": "21525", "phase1_population": 2152, "phase1_percent": 0.1, "phase1_color": "#fae61e", "phase2_population": 8610, "phase2_percent": 0.4, "phase2_color": "#e67800", "phase3_population": 7533, "phase3_percent": 0.35, "phase3_color": "#c80000", "phase4_population": 3228, "phase4_percent": 0.15, "phase4_color": "#640000", "phase5_population": 0, "phase5_percent": 0, "phase5_color": "#640000" }, "geometry": { "type": "MultiPoint", "coordinates": [ [ 41.4157, 3.1134 ] ] } },
{ "type": "Feature", "properties": { "area_id": "59091550", "confidence_level": 0, "ipc_period": "P", "overall_phase": 2, "population_min": "444", "population_percentage_min": "0.15", "justification": "", "prolonged_crisis": false, "population_phase_worse": null, "population_percentage_phase_worse": null, "analysis_id": "59090932", "admin_type": null, "area_name": "Belet xaawo idps rural", "view_level": "area", "hide_settlement_labels": false, "hide_area_labels": false, "hide_area_borders": false, "show_area_popups": true, "color": "#e67800", "estimated_population": "2961", "phase1_population": 1628, "phase1_percent": 0.55, "phase1_color": "#fae61e", "phase2_population": 888, "phase2_percent": 0.3, "phase2_color": "#e67800", "phase3_population": 444, "phase3_percent": 0.15, "phase3_color": "#c80000", "phase4_population": 0, "phase4_percent": 0.0, "phase4_color": "#640000", "phase5_population": 0, "phase5_percent": 0, "phase5_color": "#640000" }, "geometry": { "type": "MultiPoint", "coordinates": [ [ 41.7958, 3.45 ] ] } },
{ "type": "Feature", "properties": { "area_id": "59091648", "confidence_level": 0, "ipc_period": "P", "overall_phase": 2, "population_min": "1161", "population_percentage_min": "0.15", "justification": "", "prolonged_crisis": false, "population_phase_worse": null, "population_percentage_phase_worse": null, "analysis_id": "59090932", "admin_type": null, "area_name": "Belet xaawo urban", "view_level": "area", "hide_settlement_labels": false, "hide_area_labels": false, "hide_area_borders": false, "show_area_popups": true, "color": "#e67800", "estimated_population": "7741", "phase1_population": 4257, "phase1_percent": 0.55, "phase1_color": "#fae61e", "phase2_population": 2322, "phase2_percent": 0.3, "phase2_color": "#e67800", "phase3_population": 774, "phase3_percent": 0.1, "phase3_color": "#c80000", "phase4_population": 387, "phase4_percent": 0.05, "phase4_color": "#640000", "phase5_population": 0, "phase5_percent": 0, "phase5_color": "#640000" }, "geometry": { "type": "MultiPoint", "coordinates": [ [ 41.4078, 3.1138 ] ] } },
{ "type": "Feature", "properties": { "area_id": "59091466", "confidence_level": 0, "ipc_period": "P", "overall_phase": 2, "population_min": "8494", "population_percentage_min": "0.1", "justification": "", "prolonged_crisis": false, "population_phase_worse": null, "population_percentage_phase_worse": null, "analysis_id": "59090932", "admin_type": null, "area_name": "Berbera", "view_level": "area", "hide_settlement_labels": false, "hide_area_labels": false, "hide_area_borders": false, "show_area_popups": true, "color": "#e67800", "estimated_population": "84944", "phase1_population": 42472, "phase1_percent": 0.5, "phase1_color": "#fae61e", "phase2_population": 33977, "phase2_percent": 0.4, "phase2_color": "#e67800", "phase3_population": 8494, "phase3_percent": 0.1, "phase3_color": "#c80000", "phase4_population": 0, "phase4_percent": 0.0, "phase4_color": "#640000", "phase5_population": 0, "phase5_percent": 0, "phase5_color": "#640000" }, "geometry": { "type": "GeometryCollection", "geometries": [ { "type": "MultiPolygon", "coordinates": [ [ [ [ 45.101, 10.1709 ], [ 44.8977, 9.9411 ], [ 44.731, 9.9509 ], [ 44.231, 10.2809 ], [ 44.151, 10.3209 ], [ 44.2002, 10.4085 ], [ 44.3889, 10.3388 ], [ 44.5224, 10.3122 ], [ 44.7348, 10.3035 ], [ 44.9307, 10.3551 ], [ 45.1315, 10.3667 ], [ 45.4171, 10.364 ], [ 45.8048, 10.5696 ], [ 46.0265, 10.6078 ], [ 46.011, 10.0809 ], [ 45.9075, 10.0997 ], [ 45.101, 10.1709 ] ] ] ] } ] } },
{ "type": "Feature", "properties": { "area_id": "59091464", "confidence_level": 0, "ipc_period": "P", "overall_phase": 2, "population_min": "8494", "population_percentage_min": "0.15", "justification": "", "prolonged_crisis": false, "population_phase_worse": null, "population_percentage_phase_worse": null, "analysis_id": "59090932", "admin_type": null, "area_name": "Berbera (1)", "view_level": "area", "hide_settlement_labels": false, "hide_area_labels": false, "hide_area_borders": false, "show_area_popups": true, "color": "#e67800", "estimated_population": "56630", "phase1_population": 25483, "phase1_percent": 0.45, "phase1_color": "#fae61e", "phase2_population": 22652, "phase2_percent": 0.4, "phase2_color": "#e67800", "phase3_population": 5663, "phase3_percent": 0.1, "phase3_color": "#c80000", "phase4_population": 2831, "phase4_percent": 0.05, "phase4_color": "#640000", "phase5_population": 0, "phase5_percent": 0, "phase5_color": "#640000" }, "geometry": { "type": "GeometryCollection", "geometries": [ { "type": "MultiPolygon", "coordinates": [ [ [ [ 46.0265, 10.6078 ], [ 45.8048, 10.5696 ], [ 45.4171, 10.364 ], [ 45.1315, 10.3667 ], [ 44.9307, 10.3551 ], [ 44.7348, 10.3035 ], [ 44.5224, 10.3122 ], [ 44.3889, 10.3388 ], [ 44.2002, 10.4085 ], [ 44.2373, 10.4743 ], [ 44.4114, 10.3927 ], [ 44.6166, 10.383 ], [ 44.7267, 10.4185 ], [ 44.9445, 10.4117 ], [ 45.0889, 10.5094 ], [ 45.2342, 10.5629 ], [ 45.3254, 10.661 ], [ 45.4616, 10.6648 ], [ 45.8112, 10.8682 ], [ 45.9756, 10.782 ], [ 46.0314, 10.7742 ], [ 46.0265, 10.6078 ] ] ] ] } ] } },
{ "type": "Feature", "properties": { "area_id": "59091302", "confidence_level": 0, "ipc_period": "P", "overall_phase": 3, "population_min": "2052", "population_percentage_min": "0.25", "justification": "", "prolonged_crisis": false, "population_phase_worse": null, "population_percentage_phase_worse": null, "analysis_id": "59090932", "admin_type": "idp", "area_name": "Berbera IDPS", "view_level": "area", "hide_settlement_labels": false, "hide_area_labels": false, "hide_area_borders": false, "show_area_popups": true, "color": "#c80000", "estimated_population": "8213", "phase1_population": 2463, "phase1_percent": 0.3, "phase1_color": "#fae61e", "phase2_population": 3695, "phase2_percent": 0.45, "phase2_color": "#e67800", "phase3_population": 1642, "phase3_percent": 0.2, "phase3_color": "#c80000", "phase4_population": 410, "phase4_percent": 0.05, "phase4_color": "#640000", "phase5_population": 0, "phase5_percent": 0, "phase5_color": "#640000" }, "geometry": { "type": "Point", "coordinates": [ 44.998208255, 10.389825773 ] } },
{ "type": "Feature", "properties": { "area_id": "59091097", "confidence_level": 0, "ipc_period": "P", "overall_phase": 2, "population_min": "227", "population_percentage_min": "0.1", "justification": "", "prolonged_crisis": false, "population_phase_worse": null, "population_percentage_phase_worse": null, "analysis_id": "59090932", "admin_type": null, "area_name": "Berbera idps rural", "view_level": "area", "hide_settlement_labels": false, "hide_area_labels": false, "hide_area_borders": false, "show_area_popups": true, "color": "#e67800", "estimated_population": "2270", "phase1_population": 1135, "phase1_percent": 0.5, "phase1_color": "#fae61e", "phase2_population": 908, "phase2_percent": 0.4, "phase2_color": "#e67800", "phase3_population": 227, "phase3_percent": 0.1, "phase3_color": "#c80000", "phase4_population": 0, "phase4_percent": 0.0, "phase4_color": "#640000", "phase5_population": 0, "phase5_percent": 0, "phase5_color": "#640000" }, "geometry": { "type": "MultiPoint", "coordinates": [ [ 45.1061, 10.4311 ] ] } },
{ "type": "Feature", "properties": { "area_id": "59158630", "confidence_level": 0, "ipc_period": "P", "overall_phase": 2, "population_min": "3015", "population_percentage_min": "0.15", "justification": "", "prolonged_crisis": false, "population_phase_worse": null, "population_percentage_phase_worse": null, "analysis_id": "59090932", "admin_type": "urb", "area_name": "Berbera Urban", "view_level": "area", "hide_settlement_labels": false, "hide_area_labels": false, "hide_area_borders": false, "show_area_popups": true, "color": "#e67800", "estimated_population": "20100", "phase1_population": 8040, "phase1_percent": 0.4, "phase1_color": "#fae61e", "phase2_population": 9045, "phase2_percent": 0.45, "phase2_color": "#e67800", "phase3_population": 2010, "phase3_percent": 0.1, "phase3_color": "#c80000", "phase4_population": 1005, "phase4_percent": 0.05, "phase4_color": "#640000", "phase5_population": 0, "phase5_percent": 0, "phase5_color": "#640000" }, "geometry": { "type": "Point", "coordinates": [ 45.005809814, 10.453185535 ] } },
{ "type": "Feature", "properties": { "area_id": "59091330", "confidence_level": 0, "ipc_period": "P", "overall_phase": 2, "population_min": "2085", "population_percentage_min": "0.15", "justification": "", "prolonged_crisis": false, "population_phase_worse": null, "population_percentage_phase_worse": null, "analysis_id": "59090932", "admin_type": null, "area_name": "Borama", "view_level": "area", "hide_settlement_labels": false, "hide_area_labels": false, "hide_area_borders": false, "show_area_popups": true, "color": "#e67800", "estimated_population": "13905", "phase1_population": 6257, "phase1_percent": 0.45, "phase1_color": "#fae61e", "phase2_population": 5562, "phase2_percent": 0.4, "phase2_color": "#e67800", "phase3_population": 1390, "phase3_percent": 0.1, "phase3_color": "#c80000", "phase4_population": 695, "phase4_percent": 0.05, "phase4_color": "#640000", "phase5_population": 0, "phase5_percent": 0, "phase5_color": "#640000" }, "geometry": { "type": "GeometryCollection", "geometries": [ { "type": "MultiPolygon", "coordinates": [ [ [ [ 43.0517, 10.4304 ], [ 43.2209, 10.5009 ], [ 43.3709, 10.5309 ], [ 43.3909, 10.4109 ], [ 43.3771, 10.2861 ], [ 43.0517, 10.4304 ] ] ] ] } ] } },
{ "type": "Feature", "properties": { "area_id": "59091418", "confidence_level": 0, "ipc_period": "P", "overall_phase": 3, "population_min": "41713", "population_percentage_min": "0.3", "justification": "", "prolonged_crisis": false, "population_phase_worse": null, "population_percentage_phase_worse": null, "analysis_id": "59090932", "admin_type": null, "area_name": "Borama (1)", "view_level": "area", "hide_settlement_labels": false, "hide_area_labels": false, "hide_area_borders": false, "show_area_popups": true, "color": "#c80000", "estimated_population": "139046", "phase1_population": 41713, "phase1_percent": 0.3, "phase1_color": "#fae61e", "phase2_population": 55618, "phase2_percent": 0.4, "phase2_color": "#e67800", "phase3_population": 34761, "phase3_percent": 0.25, "phase3_color": "#c80000", "phase4_population": 6952, "phase4_percent": 0.05, "phase4_color": "#640000", "phase5_population": 0, "phase5_percent": 0, "phase5_color": "#640000" }, "geometry": { "type": "GeometryCollection", "geometries": [ { "type": "MultiPolygon", "coordinates": [ [ [ [ 43.35, 10.0413 ], [ 43.3309, 9.841 ], [ 43.3709, 9.801 ], [ 43.2905, 9.6585 ], [ 43.2578, 9.8436 ], [ 43.0868, 9.9098 ], [ 43.0183, 10.0817 ], [ 42.9488, 10.1478 ], [ 43.1251, 10.1671 ], [ 43.2793, 10.097 ], [ 43.35, 10.0413 ] ] ] ] } ] } },
{ "type": "Feature", "properties": { "area_id": "59091015", "confidence_level": 0, "ipc_period": "P", "overall_phase": 2, "population_min": "12514", "population_percentage_min": "0.1", "justification": "", "prolonged_crisis": false, "population_phase_worse": null, "population_percentage_phase_worse": null, "analysis_id": "59090932", "admin_type": null, "area_name": "Borama (2)", "view_level": "area", "hide_settlement_labels": false, "hide_area_labels": false, "hide_area_borders": false, "show_area_popups": true, "color": "#e67800", "estimated_population": "125141", "phase1_population": 62570, "phase1_percent": 0.5, "phase1_color": "#fae61e", "phase2_population": 50056, "phase2_percent": 0.4, "phase2_color": "#e67800", "phase3_population": 12514, "phase3_percent": 0.1, "phase3_color": "#c80000", "phase4_population": 0, "phase4_percent": 0.0, "phase4_color": "#640000", "phase5_population": 0, "phase5_percent": 0, "phase5_color": "#640000" }, "geometry": { "type": "GeometryCollection", "geometries": [ { "type": "MultiPolygon", "coordinates": [ [ [ [ 42.8184, 10.319 ], [ 43.0517, 10.4304 ], [ 43.3771, 10.2861 ], [ 43.35, 10.0413 ], [ 43.2793, 10.097 ], [ 43.1251, 10.1671 ], [ 42.9488, 10.1478 ], [ 42.8821, 10.208 ], [ 42.8184, 10.319 ] ] ] ] } ] } },
{ "type": "Feature", "properties": { "area_id": "59091602", "confidence_level": 0, "ipc_period": "P", "overall_phase": 3, "population_min": "3505", "population_percentage_min": "0.25", "justification": "", "prolonged_crisis": false, "population_phase_worse": null, "population_percentage_phase_worse": null, "analysis_id": "59090932", "admin_type": null, "area_name": "Borama idps", "view_level": "area", "hide_settlement_labels": false, "hide_area_labels": false, "hide_area_borders": false, "show_area_popups": true, "color": "#c80000", "estimated_population": "14022", "phase1_population": 4206, "phase1_percent": 0.3, "phase1_color": "#fae61e", "phase2_population": 6309, "phase2_percent": 0.45, "phase2_color": "#e67800", "phase3_population": 2804, "phase3_percent": 0.2, "phase3_color": "#c80000", "phase4_population": 701, "phase4_percent": 0.05, "phase4_color": "#640000", "phase5_population": 0, "phase5_percent": 0, "phase5_color": "#640000" }, "geometry": { "type": "MultiPoint", "coordinates": [ [ 43.1873, 9.9283 ] ] } },
{ "type": "Feature", "properties": { "area_id": "59091636", "confidence_level": 0, "ipc_period": "P", "overall_phase": 3, "population_min": "708", "population_percentage_min": "0.2", "justification": "", "prolonged_crisis": false, "population_phase_worse": null, "population_percentage_phase_worse": null, "analysis_id": "59090932", "admin_type": null, "area_name": "Borama idps rural", "view_level": "area", "hide_settlement_labels": false, "hide_area_labels": false, "hide_area_borders": false, "show_area_popups": true, "color": "#c80000", "estimated_population": "3543", "phase1_population": 1417, "phase1_percent": 0.4, "phase1_color": "#fae61e", "phase2_population": 1417, "phase2_percent": 0.4, "phase2_color": "#e67800", "phase3_population": 531, "phase3_percent": 0.15, "phase3_color": "#c80000", "phase4_population": 177, "phase4_percent": 0.05, "phase4_color": "#640000", "phase5_population": 0, "phase5_percent": 0, "phase5_color": "#640000" }, "geometry": { "type": "MultiPoint", "coordinates": [ [ 43.189, 10.0107 ] ] } },
{ "type": "Feature", "properties": { "area_id": "59091498", "confidence_level": 0, "ipc_period": "P", "overall_phase": 2, "population_min": "14328", "population_percentage_min": "0.15", "justification": "", "prolonged_crisis": false, "population_phase_worse": null, "population_percentage_phase_worse": null, "analysis_id": "59090932", "admin_type": null, "area_name": "Borama urban", "view_level": "area", "hide_settlement_labels": false, "hide_area_labels": false, "hide_area_borders": false, "show_area_popups": true, "color": "#e67800", "estimated_population": "95524", "phase1_population": 38209, "phase1_percent": 0.4, "phase1_color": "#fae61e", "phase2_population": 42985, "phase2_percent": 0.45, "phase2_color": "#e67800", "phase3_population": 9552, "phase3_percent": 0.1, "phase3_color": "#c80000", "phase4_population": 4776, "phase4_percent": 0.05, "phase4_color": "#640000", "phase5_population": 0, "phase5_percent": 0, "phase5_color": "#640000" }, "geometry": { "type": "MultiPoint", "coordinates": [ [ 43.1694, 9.9283 ] ] } },
{ "type": "Feature", "properties": { "area_id": "59091039", "confidence_level": 0, "ipc_period": "P", "overall_phase": 3, "population_min": "15072", "population_percentage_min": "0.2", "justification": "", "prolonged_crisis": false, "population_phase_worse": null, "population_percentage_phase_worse": null, "analysis_id": "59090932", "admin_type": null, "area_name": "Bossaso", "view_level": "area", "hide_settlement_labels": false, "hide_area_labels": false, "hide_area_borders": false, "show_area_popups": true, "color": "#c80000", "estimated_population": "75364", "phase1_population": 37682, "phase1_percent": 0.5, "phase1_color": "#fae61e", "phase2_population": 22609, "phase2_percent": 0.3, "phase2_color": "#e67800", "phase3_population": 15072, "phase3_percent": 0.2, "phase3_color": "#c80000", "phase4_population": 0, "phase4_percent": 0.0, "phase4_color": "#640000", "phase5_population": 0, "phase5_percent": 0, "phase5_color": "#640000" }, "geometry": { "type": "GeometryCollection", "geometries": [ { "type": "MultiPolygon", "coordinates": [ [ [ [ 49.0411, 10.3509 ], [ 49.0322, 10.7299 ], [ 49.1343, 10.7764 ], [ 49.4134, 10.822 ], [ 49.8232, 10.7202 ], [ 49.621846993, 10.511673605 ], [ 49.5611, 10.5009 ], [ 49.4611, 10.5009 ], [ 49.3511, 10.5609 ], [ 49.1911, 10.5209 ], [ 49.0411, 10.3509 ] ] ] ] } ] } },
{ "type": "Feature", "properties": { "area_id": "59091058", "confidence_level": 0, "ipc_period": "P", "overall_phase": 3, "population_min": "85412", "population_percentage_min": "0.2", "justification": "", "prolonged_crisis": false, "population_phase_worse": null, "population_percentage_phase_worse": null, "analysis_id": "59090932", "admin_type": null, "area_name": "Bossaso (1)", "view_level": "area", "hide_settlement_labels": false, "hide_area_labels": false, "hide_area_borders": false, "show_area_popups": true, "color": "#c80000", "estimated_population": "427061", "phase1_population": 170824, "phase1_percent": 0.4, "phase1_color": "#fae61e", "phase2_population": 170824, "phase2_percent": 0.4, "phase2_color": "#e67800", "phase3_population": 85412, "phase3_percent": 0.2, "phase3_color": "#c80000", "phase4_population": 0, "phase4_percent": 0.0, "phase4_color": "#640000", "phase5_population": 0, "phase5_percent": 0, "phase5_color": "#640000" }, "geometry": { "type": "GeometryCollection", "geometries": [ { "type": "MultiPolygon", "coordinates": [ [ [ [ 49.8232, 10.7202 ], [ 49.4134, 10.822 ], [ 49.1343, 10.7764 ], [ 49.0322, 10.7299 ], [ 49.0311, 10.7809 ], [ 48.9189, 11.2398 ], [ 49.2407, 11.2993 ], [ 49.297, 11.3336 ], [ 49.4231, 11.3343 ], [ 49.5804, 11.4521 ], [ 49.7211, 11.1808 ], [ 49.7611, 11.1408 ], [ 49.9111, 10.9008 ], [ 49.9011, 10.8009 ], [ 49.8232, 10.7202 ] ] ] ] } ] } },
{ "type": "Feature", "properties": { "area_id": "59091065", "confidence_level": 0, "ipc_period": "P", "overall_phase": 3, "population_min": "30037", "population_percentage_min": "0.25", "justification": "", "prolonged_crisis": false, "population_phase_worse": null, "population_percentage_phase_worse": null, "analysis_id": "59090932", "admin_type": "idp", "area_name": "Bossaso IDPS", "view_level": "area", "hide_settlement_labels": false, "hide_area_labels": false, "hide_area_borders": false, "show_area_popups": true, "color": "#c80000", "estimated_population": "120152", "phase1_population": 48060, "phase1_percent": 0.4, "phase1_color": "#fae61e", "phase2_population": 42053, "phase2_percent": 0.35, "phase2_color": "#e67800", "phase3_population": 24030, "phase3_percent": 0.2, "phase3_color": "#c80000", "phase4_population": 6007, "phase4_percent": 0.05, "phase4_color": "#640000", "phase5_population": 0, "phase5_percent": 0, "phase5_color": "#640000" }, "geometry": { "type": "Point", "coordinates": [ 49.148293704, 11.180842447 ] } },
{ "type": "Feature", "properties": { "area_id": "59091296", "confidence_level": 0, "ipc_period": "P", "overall_phase": 3, "population_min": "588", "population_percentage_min": "0.2", "justification": "", "prolonged_crisis": false, "population_phase_worse": null, "population_percentage_phase_worse": null, "analysis_id": "59090932", "admin_type": null, "area_name": "Bossaso idps rural", "view_level": "area", "hide_settlement_labels": false, "hide_area_labels": false, "hide_area_borders": false, "show_area_popups": true, "color": "#c80000", "estimated_population": "2940", "phase1_population": 1176, "phase1_percent": 0.4, "phase1_color": "#fae61e", "phase2_population": 1176, "phase2_percent": 0.4, "phase2_color": "#e67800", "phase3_population": 588, "phase3_percent": 0.2, "phase3_color": "#c80000", "phase4_population": 0, "phase4_percent": 0.0, "phase4_color": "#640000", "phase5_population": 0, "phase5_percent": 0, "phase5_color": "#640000" }, "geometry": { "type": "MultiPoint", "coordinates": [ [ 49.2758, 11.2732 ] ] } },
{ "type": "Feature", "properties": { "area_id": "59091125", "confidence_level": 0, "ipc_period": "P", "overall_phase": 2, "population_min": "9366", "population_percentage_min": "0.1", "justification": "", "prolonged_crisis": false, "population_phase_worse": null, "population_percentage_phase_worse": null, "analysis_id": "59090932", "admin_type": "urb", "area_name": "Bossaso URBAN", "view_level": "area", "hide_settlement_labels": false, "hide_area_labels": false, "hide_area_borders": false, "show_area_popups": true, "color": "#e67800", "estimated_population": "93664", "phase1_population": 65564, "phase1_percent": 0.7, "phase1_color": "#fae61e", "phase2_population": 18732, "phase2_percent": 0.2, "phase2_color": "#e67800", "phase3_population": 9366, "phase3_percent": 0.1, "phase3_color": "#c80000", "phase4_population": 0, "phase4_percent": 0.0, "phase4_color": "#640000", "phase5_population": 0, "phase5_percent": 0, "phase5_color": "#640000" }, "geometry": { "type": "Point", "coordinates": [ 49.148293704, 11.116168398 ] } },
{ "type": "Feature", "properties": { "area_id": "59091119", "confidence_level": 0, "ipc_period": "P", "overall_phase": 3, "population_min": "877", "population_percentage_min": "0.2", "justification": "", "prolonged_crisis": false, "population_phase_worse": null, "population_percentage_phase_worse": null, "analysis_id": "59090932", "admin_type": null, "area_name": "Bu'aale (3)", "view_level": "area", "hide_settlement_labels": false, "hide_area_labels": false, "hide_area_borders": false, "show_area_popups": true, "color": "#c80000", "estimated_population": "4388", "phase1_population": 1316, "phase1_percent": 0.3, "phase1_color": "#fae61e", "phase2_population": 2194, "phase2_percent": 0.5, "phase2_color": "#e67800", "phase3_population": 877, "phase3_percent": 0.2, "phase3_color": "#c80000", "phase4_population": 0, "phase4_percent": 0.0, "phase4_color": "#640000", "phase5_population": 0, "phase5_percent": 0, "phase5_color": "#640000" }, "geometry": { "type": "MultiPoint", "coordinates": [ [ 42.753, 1.1792 ] ] } },
{ "type": "Feature", "properties": { "area_id": "59091500", "confidence_level": 0, "ipc_period": "P", "overall_phase": 4, "population_min": "1809", "population_percentage_min": "0.55", "justification": "", "prolonged_crisis": false, "population_phase_worse": null, "population_percentage_phase_worse": null, "analysis_id": "59090932", "admin_type": null, "area_name": "Bu'aale (4)", "view_level": "area", "hide_settlement_labels": false, "hide_area_labels": false, "hide_area_borders": false, "show_area_popups": true, "color": "#640000", "estimated_population": "3291", "phase1_population": 987, "phase1_percent": 0.3, "phase1_color": "#fae61e", "phase2_population": 493, "phase2_percent": 0.15, "phase2_color": "#e67800", "phase3_population": 822, "phase3_percent": 0.25, "phase3_color": "#c80000", "phase4_population": 987, "phase4_percent": 0.3, "phase4_color": "#640000", "phase5_population": 0, "phase5_percent": 0, "phase5_color": "#640000" }, "geometry": { "type": "MultiPoint", "coordinates": [ [ 42.8217, 1.0996 ] ] } },
{ "type": "Feature", "properties": { "area_id": "59091396", "confidence_level": 0, "ipc_period": "P", "overall_phase": 2, "population_min": "3765", "population_percentage_min": "0.15", "justification": "", "prolonged_crisis": false, "population_phase_worse": null, "population_percentage_phase_worse": null, "analysis_id": "59090932", "admin_type": "urb", "area_name": "Burao URBAN", "view_level": "area", "hide_settlement_labels": false, "hide_area_labels": false, "hide_area_borders": false, "show_area_popups": true, "color": "#e67800", "estimated_population": "25105", "phase1_population": 10042, "phase1_percent": 0.4, "phase1_color": "#fae61e", "phase2_population": 11297, "phase2_percent": 0.45, "phase2_color": "#e67800", "phase3_population": 2510, "phase3_percent": 0.1, "phase3_color": "#c80000", "phase4_population": 1255, "phase4_percent": 0.05, "phase4_color": "#640000", "phase5_population": 0, "phase5_percent": 0, "phase5_color": "#640000" }, "geometry": { "type": "Point", "coordinates": [ 45.5372, 9.4581 ] } },
{ "type": "Feature", "properties": { "area_id": "59091494", "confidence_level": 0, "ipc_period": "P", "overall_phase": 3, "population_min": "5502", "population_percentage_min": "0.3", "justification": "", "prolonged_crisis": false, "population_phase_worse": null, "population_percentage_phase_worse": null, "analysis_id": "59090932", "admin_type": null, "area_name": "Burco", "view_level": "area", "hide_settlement_labels": false, "hide_area_labels": false, "hide_area_borders": false, "show_area_popups": true, "color": "#c80000", "estimated_population": "18341", "phase1_population": 5502, "phase1_percent": 0.3, "phase1_color": "#fae61e", "phase2_population": 7336, "phase2_percent": 0.4, "phase2_color": "#e67800", "phase3_population": 4585, "phase3_percent": 0.25, "phase3_color": "#c80000", "phase4_population": 917, "phase4_percent": 0.05, "phase4_color": "#640000", "phase5_population": 0, "phase5_percent": 0, "phase5_color": "#640000" }, "geometry": { "type": "GeometryCollection", "geometries": [ { "type": "MultiPolygon", "coordinates": [ [ [ [ 45.2814, 9.3778 ], [ 45.281, 9.8076 ], [ 45.3471, 9.8605 ], [ 45.6251, 9.8166 ], [ 45.7209, 9.6768 ], [ 45.769, 9.5046 ], [ 45.769, 9.4337 ], [ 45.781740488, 9.411205077 ], [ 45.7831, 9.3919 ], [ 45.7207, 9.354 ], [ 45.6299, 9.4354 ], [ 45.5372, 9.4581 ], [ 45.2814, 9.3778 ] ] ] ] } ] } },
{ "type": "Feature", "properties": { "area_id": "59091217", "confidence_level": 0, "ipc_period": "P", "overall_phase": 2, "population_min": "1834", "population_percentage_min": "0.1", "justification": "", "prolonged_crisis": false, "population_phase_worse": null, "population_percentage_phase_worse": null, "analysis_id": "59090932", "admin_type": null, "area_name": "Burco (2)", "view_level": "area", "hide_settlement_labels": false, "hide_area_labels": false, "hide_area_borders": false, "show_area_popups": true, "color": "#e67800", "estimated_population": "18341", "phase1_population": 9170, "phase1_percent": 0.5, "phase1_color": "#fae61e", "phase2_population": 7336, "phase2_percent": 0.4, "phase2_color": "#e67800", "phase3_population": 1834, "phase3_percent": 0.1, "phase3_color": "#c80000", "phase4_population": 0, "phase4_percent": 0.0, "phase4_color": "#640000", "phase5_population": 0, "phase5_percent": 0, "phase5_color": "#640000" }, "geometry": { "type": "GeometryCollection", "geometries": [ { "type": "MultiPolygon", "coordinates": [ [ [ [ 46.049405987, 10.050364093 ], [ 46.151, 9.441 ], [ 46.1813, 9.2505 ], [ 46.1802, 9.2478 ], [ 46.07, 9.3157 ], [ 45.9296, 9.4478 ], [ 45.8515, 9.4826 ], [ 45.7806, 9.4274 ], [ 45.781740488, 9.411205077 ], [ 45.769, 9.4337 ], [ 45.769, 9.5046 ], [ 45.7209, 9.6768 ], [ 45.6251, 9.8166 ], [ 45.851, 9.781 ], [ 45.801, 9.9209 ], [ 45.831, 10.0309 ], [ 45.9075, 10.0997 ], [ 46.011, 10.0809 ], [ 46.049405987, 10.050364093 ] ] ], [ [ [ 45.281, 9.871 ], [ 45.3471, 9.8605 ], [ 45.281, 9.8076 ], [ 45.281, 9.871 ] ] ] ] } ] } },
{ "type": "Feature", "properties": { "area_id": "59091250", "confidence_level": 0, "ipc_period": "P", "overall_phase": 2, "population_min": "38516", "population_percentage_min": "0.15", "justification": "", "prolonged_crisis": false, "population_phase_worse": null, "population_percentage_phase_worse": null, "analysis_id": "59090932", "admin_type": null, "area_name": "Burco (3)", "view_level": "area", "hide_settlement_labels": false, "hide_area_labels": false, "hide_area_borders": false, "show_area_popups": true, "color": "#e67800", "estimated_population": "256776", "phase1_population": 89871, "phase1_percent": 0.35, "phase1_color": "#fae61e", "phase2_population": 128388, "phase2_percent": 0.5, "phase2_color": "#e67800", "phase3_population": 38516, "phase3_percent": 0.15, "phase3_color": "#c80000", "phase4_population": 0, "phase4_percent": 0.0, "phase4_color": "#640000", "phase5_population": 0, "phase5_percent": 0, "phase5_color": "#640000" }, "geometry": { "type": "GeometryCollection", "geometries": [ { "type": "MultiPolygon", "coordinates": [ [ [ [ 45.291, 8.5726 ], [ 45.2814, 9.3778 ], [ 45.5372, 9.4581 ], [ 45.6299, 9.4354 ], [ 45.7207, 9.354 ], [ 45.7831, 9.3919 ], [ 45.781740488, 9.411205077 ], [ 45.7806, 9.4274 ], [ 45.8515, 9.4826 ], [ 45.9296, 9.4478 ], [ 46.07, 9.3157 ], [ 46.1802, 9.2478 ], [ 46.1832, 9.2386 ], [ 46.221, 9.001 ], [ 46.191, 8.821 ], [ 46.251, 8.2567 ], [ 45.291, 8.5726 ] ] ] ] } ] } },
{ "type": "Feature", "properties": { "area_id": "59091043", "confidence_level": 0, "ipc_period": "P", "overall_phase": 2, "population_min": "16097", "population_percentage_min": "0.15", "justification": "", "prolonged_crisis": false, "population_phase_worse": null, "population_percentage_phase_worse": null, "analysis_id": "59090932", "admin_type": null, "area_name": "Burtinle", "view_level": "area", "hide_settlement_labels": false, "hide_area_labels": false, "hide_area_borders": false, "show_area_popups": true, "color": "#e67800", "estimated_population": "107317", "phase1_population": 64390, "phase1_percent": 0.6, "phase1_color": "#fae61e", "phase2_population": 26829, "phase2_percent": 0.25, "phase2_color": "#e67800", "phase3_population": 16097, "phase3_percent": 0.15, "phase3_color": "#c80000", "phase4_population": 0, "phase4_percent": 0.0, "phase4_color": "#640000", "phase5_population": 0, "phase5_percent": 0, "phase5_color": "#640000" }, "geometry": { "type": "GeometryCollection", "geometries": [ { "type": "MultiPolygon", "coordinates": [ [ [ [ 47.921, 8.0011 ], [ 48.131, 8.2111 ], [ 49.191, 8.0211 ], [ 49.0515, 7.7099 ], [ 49.031, 7.7111 ], [ 48.5315, 7.4284 ], [ 48.502093648, 7.411816746 ], [ 48.502092994, 7.41181847 ], [ 48.501, 7.4112 ], [ 48.495324148, 7.412108112 ], [ 48.495196489, 7.412128537 ], [ 47.5591, 7.5619 ], [ 47.9872, 8.0011 ], [ 47.921, 8.0011 ] ] ] ] } ] } },
{ "type": "Feature", "properties": { "area_id": "59091376", "confidence_level": 0, "ipc_period": "P", "overall_phase": 3, "population_min": "867", "population_percentage_min": "0.25", "justification": "", "prolonged_crisis": false, "population_phase_worse": null, "population_percentage_phase_worse": null, "analysis_id": "59090932", "admin_type": null, "area_name": "Burtinle idps", "view_level": "area", "hide_settlement_labels": false, "hide_area_labels": false, "hide_area_borders": false, "show_area_popups": true, "color": "#c80000", "estimated_population": "3471", "phase1_population": 1041, "phase1_percent": 0.3, "phase1_color": "#fae61e", "phase2_population": 1561, "phase2_percent": 0.45, "phase2_color": "#e67800", "phase3_population": 694, "phase3_percent": 0.2, "phase3_color": "#c80000", "phase4_population": 173, "phase4_percent": 0.05, "phase4_color": "#640000", "phase5_population": 0, "phase5_percent": 0, "phase5_color": "#640000" }, "geometry": { "type": "MultiPoint", "coordinates": [ [ 47.8333, 7.6358 ] ] } },
{ "type": "Feature", "properties": { "area_id": "59091516", "confidence_level": 0, "ipc_period": "P", "overall_phase": 2, "population_min": "724", "population_percentage_min": "0.1", "justification": "", "prolonged_crisis": false, "population_phase_worse": null, "population_percentage_phase_worse": null, "analysis_id": "59090932", "admin_type": null, "area_name": "Burtinle urban", "view_level": "area", "hide_settlement_labels": false, "hide_area_labels": false, "hide_area_borders": false, "show_area_popups": true, "color": "#e67800", "estimated_population": "7243", "phase1_population": 4345, "phase1_percent": 0.6, "phase1_color": "#fae61e", "phase2_population": 2172, "phase2_percent": 0.3, "phase2_color": "#e67800", "phase3_population": 724, "phase3_percent": 0.1, "phase3_color": "#c80000", "phase4_population": 0, "phase4_percent": 0.0, "phase4_color": "#640000", "phase5_population": 0, "phase5_percent": 0, "phase5_color": "#640000" }, "geometry": { "type": "MultiPoint", "coordinates": [ [ 47.8251, 7.6361 ] ] } },
{ "type": "Feature", "properties": { "area_id": "59091410", "confidence_level": 0, "ipc_period": "P", "overall_phase": 2, "population_min": "4075", "population_percentage_min": "0.15", "justification": "", "prolonged_crisis": false, "population_phase_worse": null, "population_percentage_phase_worse": null, "analysis_id": "59090932", "admin_type": null, "area_name": "Buuhoodle (1)", "view_level": "area", "hide_settlement_labels": false, "hide_area_labels": false, "hide_area_borders": false, "show_area_popups": true, "color": "#e67800", "estimated_population": "27171", "phase1_population": 9509, "phase1_percent": 0.35, "phase1_color": "#fae61e", "phase2_population": 13585, "phase2_percent": 0.5, "phase2_color": "#e67800", "phase3_population": 4075, "phase3_percent": 0.15, "phase3_color": "#c80000", "phase4_population": 0, "phase4_percent": 0.0, "phase4_color": "#640000", "phase5_population": 0, "phase5_percent": 0, "phase5_color": "#640000" }, "geometry": { "type": "GeometryCollection", "geometries": [ { "type": "MultiPolygon", "coordinates": [ [ [ [ 46.921, 8.7674 ], [ 46.9694, 8.755 ], [ 47.0629, 8.6335 ], [ 47.0915, 8.5791 ], [ 47.0945, 8.5196 ], [ 47.0128, 8.0011 ], [ 46.251, 8.2567 ], [ 46.191, 8.821 ], [ 46.437, 8.8081 ], [ 46.921, 8.7674 ] ] ] ] } ] } },
{ "type": "Feature", "properties": { "area_id": "59091476", "confidence_level": 0, "ipc_period": "P", "overall_phase": 3, "population_min": "4162", "population_percentage_min": "0.25", "justification": "", "prolonged_crisis": false, "population_phase_worse": null, "population_percentage_phase_worse": null, "analysis_id": "59090932", "admin_type": null, "area_name": "Buuhoodle idps", "view_level": "area", "hide_settlement_labels": false, "hide_area_labels": false, "hide_area_borders": false, "show_area_popups": true, "color": "#c80000", "estimated_population": "16650", "phase1_population": 4995, "phase1_percent": 0.3, "phase1_color": "#fae61e", "phase2_population": 7492, "phase2_percent": 0.45, "phase2_color": "#e67800", "phase3_population": 3330, "phase3_percent": 0.2, "phase3_color": "#c80000", "phase4_population": 832, "phase4_percent": 0.05, "phase4_color": "#640000", "phase5_population": 0, "phase5_percent": 0, "phase5_color": "#640000" }, "geometry": { "type": "MultiPoint", "coordinates": [ [ 46.3308, 8.2306 ] ] } },
{ "type": "Feature", "properties": { "area_id": "59090989", "confidence_level": 0, "ipc_period": "P", "overall_phase": 2, "population_min": "5925", "population_percentage_min": "0.15", "justification": "", "prolonged_crisis": false, "population_phase_worse": null, "population_percentage_phase_worse": null, "analysis_id": "59090932", "admin_type": null, "area_name": "Buuhoodle idps rural", "view_level": "area", "hide_settlement_labels": false, "hide_area_labels": false, "hide_area_borders": false, "show_area_popups": true, "color": "#e67800", "estimated_population": "39500", "phase1_population": 13825, "phase1_percent": 0.35, "phase1_color": "#fae61e", "phase2_population": 19750, "phase2_percent": 0.5, "phase2_color": "#e67800", "phase3_population": 5925, "phase3_percent": 0.15, "phase3_color": "#c80000", "phase4_population": 0, "phase4_percent": 0.0, "phase4_color": "#640000", "phase5_population": 0, "phase5_percent": 0, "phase5_color": "#640000" }, "geometry": { "type": "MultiPoint", "coordinates": [ [ 46.3632, 8.2363 ] ] } },
{ "type": "Feature", "properties": { "area_id": "59090999", "confidence_level": 0, "ipc_period": "P", "overall_phase": 2, "population_min": "741", "population_percentage_min": "0.15", "justification": "", "prolonged_crisis": false, "population_phase_worse": null, "population_percentage_phase_worse": null, "analysis_id": "59090932", "admin_type": null, "area_name": "Buuhoodle urban", "view_level": "area", "hide_settlement_labels": false, "hide_area_labels": false, "hide_area_borders": false, "show_area_popups": true, "color": "#e67800", "estimated_population": "4948", "phase1_population": 1979, "phase1_percent": 0.4, "phase1_color": "#fae61e", "phase2_population": 2226, "phase2_percent": 0.45, "phase2_color": "#e67800", "phase3_population": 494, "phase3_percent": 0.1, "phase3_color": "#c80000", "phase4_population": 247, "phase4_percent": 0.05, "phase4_color": "#640000", "phase5_population": 0, "phase5_percent": 0, "phase5_color": "#640000" }, "geometry": { "type": "GeometryCollection", "geometries": [ { "type": "MultiPolygon", "coordinates": [ [ [ [ 46.437, 8.8081 ], [ 46.920919872, 8.782604222 ], [ 46.921, 8.7674 ], [ 46.437, 8.8081 ] ] ] ] } ] } },
{ "type": "Feature", "properties": { "area_id": "59091430", "confidence_level": 0, "ipc_period": "P", "overall_phase": 3, "population_min": "22135", "population_percentage_min": "0.3", "justification": "", "prolonged_crisis": false, "population_phase_worse": null, "population_percentage_phase_worse": null, "analysis_id": "59090932", "admin_type": null, "area_name": "Buur hakaba", "view_level": "area", "hide_settlement_labels": false, "hide_area_labels": false, "hide_area_borders": false, "show_area_popups": true, "color": "#c80000", "estimated_population": "73784", "phase1_population": 18446, "phase1_percent": 0.25, "phase1_color": "#fae61e", "phase2_population": 33202, "phase2_percent": 0.45, "phase2_color": "#e67800", "phase3_population": 18446, "phase3_percent": 0.25, "phase3_color": "#c80000", "phase4_population": 3689, "phase4_percent": 0.05, "phase4_color": "#640000", "phase5_population": 0, "phase5_percent": 0, "phase5_color": "#640000" }, "geometry": { "type": "GeometryCollection", "geometries": [ { "type": "MultiPolygon", "coordinates": [ [ [ [ 44.6513, 2.8611 ], [ 44.625294876, 2.779995898 ], [ 44.62523208, 2.779737593 ], [ 44.608612761, 2.733716487 ], [ 44.589170049, 2.679877031 ], [ 44.515398041, 2.548726794 ], [ 44.33847106, 2.303611432 ], [ 44.321435554, 2.26613332 ], [ 44.297634887, 2.213771852 ], [ 44.150624665, 2.091263334 ], [ 44.04858286, 2.043058949 ], [ 43.859930083, 1.953939681 ], [ 43.682558294, 1.870149533 ], [ 43.6813, 1.8695 ], [ 43.640363997, 1.842279397 ], [ 43.603419952, 1.817660977 ], [ 43.578918248, 1.76090292 ], [ 43.577963887, 1.760424999 ], [ 43.5452, 1.7438 ], [ 43.5809, 1.7617 ], [ 43.5854, 1.7635 ], [ 43.3421, 1.6423 ], [ 43.3168, 1.6208 ], [ 43.1524, 1.5475 ], [ 43.3109, 1.6267 ], [ 43.3109, 1.8117 ], [ 43.301124161, 1.826571966 ], [ 43.261561341, 1.886655576 ], [ 43.261605355, 1.886691853 ], [ 43.313608083, 1.929553798 ], [ 43.454391821, 1.971411884 ], [ 43.626879299, 2.022696185 ], [ 43.758937179, 2.091159313 ], [ 43.8487, 2.1377 ], [ 43.873671378, 2.171228548 ], [ 43.91288595, 2.223909917 ], [ 43.869985121, 2.342302433 ], [ 43.6951, 2.3709 ], [ 43.570640411, 2.331086543 ], [ 43.548808209, 2.324099593 ], [ 43.413124793, 2.248237445 ], [ 43.2505068, 2.157315869 ], [ 43.250491215, 2.157307155 ], [ 43.299337873, 2.271271252 ], [ 43.350925445, 2.391630172 ], [ 43.530929565, 2.65160656 ], [ 43.826033077, 2.944572287 ], [ 43.826043049, 2.944582186 ], [ 43.826054209, 2.944554582 ], [ 43.850460052, 2.884185076 ], [ 43.856681824, 2.812231064 ], [ 43.850567877, 2.746740829 ], [ 43.844421386, 2.680902004 ], [ 43.892341614, 2.561089993 ], [ 43.924610324, 2.52799636 ], [ 43.924805072, 2.527927689 ], [ 44.033482021, 2.49746168 ], [ 44.167376423, 2.459926322 ], [ 44.16851631, 2.459606772 ], [ 44.2186, 2.4804 ], [ 44.218826844, 2.480523852 ], [ 44.306638671, 2.535704546 ], [ 44.3069, 2.5359 ], [ 44.307060421, 2.536082654 ], [ 44.380168915, 2.64567709 ], [ 44.409889221, 2.812804937 ], [ 44.408378772, 2.847165934 ], [ 44.4055, 2.9122 ], [ 44.3746, 2.9967 ], [ 44.2755, 3.1099 ], [ 44.273665425, 3.11030958 ], [ 44.194735284, 3.126033802 ], [ 44.126497149, 3.139627996 ], [ 44.125839233, 3.139759064 ], [ 44.042717706, 3.133527963 ], [ 44.042553395, 3.133515646 ], [ 44.280905142, 3.341508571 ], [ 44.280944824, 3.341543198 ], [ 44.383400407, 3.278501673 ], [ 44.4109, 3.2616 ], [ 44.511249334, 3.26656481 ], [ 44.610954285, 3.271549463 ], [ 44.626807725, 3.265208526 ], [ 44.660953522, 3.251551151 ], [ 44.661021557, 3.251003683 ], [ 44.661126512, 3.250159114 ], [ 44.674402445, 3.143328997 ], [ 44.6757, 3.135 ], [ 44.6877, 3.0366 ], [ 44.6602, 2.9039 ], [ 44.6513, 2.8611 ] ] ] ] } ] } },
{ "type": "Feature", "properties": { "area_id": "59091446", "confidence_level": 0, "ipc_period": "P", "overall_phase": 3, "population_min": "22135", "population_percentage_min": "0.3", "justification": "", "prolonged_crisis": false, "population_phase_worse": null, "population_percentage_phase_worse": null, "analysis_id": "59090932", "admin_type": null, "area_name": "Buur hakaba (1)", "view_level": "area", "hide_settlement_labels": false, "hide_area_labels": false, "hide_area_borders": false, "show_area_popups": true, "color": "#c80000", "estimated_population": "73784", "phase1_population": 18446, "phase1_percent": 0.25, "phase1_color": "#fae61e", "phase2_population": 33202, "phase2_percent": 0.45, "phase2_color": "#e67800", "phase3_population": 18446, "phase3_percent": 0.25, "phase3_color": "#c80000", "phase4_population": 3689, "phase4_percent": 0.05, "phase4_color": "#640000", "phase5_population": 0, "phase5_percent": 0, "phase5_color": "#640000" }, "geometry": { "type": "GeometryCollection", "geometries": [ { "type": "MultiPolygon", "coordinates": [ [ [ [ 43.2616, 1.8867 ], [ 43.2009, 2.0417 ], [ 43.2505, 2.1573 ], [ 43.2505068, 2.157315869 ], [ 43.413124793, 2.248237445 ], [ 43.548808209, 2.324099593 ], [ 43.570640411, 2.331086543 ], [ 43.6951, 2.3709 ], [ 43.869985121, 2.342302433 ], [ 43.91288595, 2.223909917 ], [ 43.873671378, 2.171228548 ], [ 43.8487, 2.1377 ], [ 43.758937179, 2.091159313 ], [ 43.626879299, 2.022696185 ], [ 43.454391821, 1.971411884 ], [ 43.313608083, 1.929553798 ], [ 43.261605355, 1.886691853 ], [ 43.2616, 1.8867 ] ] ], [ [ [ 43.826, 2.9446 ], [ 44.0426, 3.1335 ], [ 44.042717706, 3.133527963 ], [ 44.125839233, 3.139759064 ], [ 44.126497149, 3.139627996 ], [ 44.194735284, 3.126033802 ], [ 44.273665425, 3.11030958 ], [ 44.2755, 3.1099 ], [ 44.3746, 2.9967 ], [ 44.4055, 2.9122 ], [ 44.408378772, 2.847165934 ], [ 44.409889221, 2.812804937 ], [ 44.380168915, 2.64567709 ], [ 44.307060421, 2.536082654 ], [ 44.3069, 2.5359 ], [ 44.306638671, 2.535704546 ], [ 44.218826844, 2.480523852 ], [ 44.2186, 2.4804 ], [ 44.16851631, 2.459606772 ], [ 44.167376423, 2.459926322 ], [ 44.033482021, 2.49746168 ], [ 43.924805072, 2.527927689 ], [ 43.924610324, 2.52799636 ], [ 43.892341614, 2.561089993 ], [ 43.844421386, 2.680902004 ], [ 43.850567877, 2.746740829 ], [ 43.856681824, 2.812231064 ], [ 43.850460052, 2.884185076 ], [ 43.826054209, 2.944554582 ], [ 43.826043049, 2.944582186 ], [ 43.826033077, 2.944572287 ], [ 43.826, 2.9446 ] ] ] ] } ] } },
{ "type": "Feature", "properties": { "area_id": "59091630", "confidence_level": 0, "ipc_period": "P", "overall_phase": 1, "population_min": "0", "population_percentage_min": "0", "justification": "", "prolonged_crisis": false, "population_phase_worse": null, "population_percentage_phase_worse": null, "analysis_id": "59090932", "admin_type": null, "area_name": "Buur hakaba (2)", "view_level": "area", "hide_settlement_labels": false, "hide_area_labels": false, "hide_area_borders": false, "show_area_popups": true, "color": "#fae61e", "estimated_population": "16396", "phase1_population": 13936, "phase1_percent": 0.85, "phase1_color": "#fae61e", "phase2_population": 2459, "phase2_percent": 0.15, "phase2_color": "#e67800", "phase3_population": 0, "phase3_percent": 0.0, "phase3_color": "#c80000", "phase4_population": 0, "phase4_percent": 0.0, "phase4_color": "#640000", "phase5_population": 0, "phase5_percent": 0, "phase5_color": "#640000" }, "geometry": { "type": "GeometryCollection", "geometries": [ { "type": "MultiPolygon", "coordinates": [ [ [ [ 44.661, 2.2416 ], [ 44.4433, 2.13 ], [ 43.9014, 1.8907 ], [ 43.900097311, 1.890175626 ], [ 43.8809, 1.8817 ], [ 43.5854, 1.7635 ], [ 43.5809, 1.7617 ], [ 43.5452, 1.7438 ], [ 43.577963887, 1.760424999 ], [ 43.578918248, 1.76090292 ], [ 43.603419952, 1.817660977 ], [ 43.640363997, 1.842279397 ], [ 43.6813, 1.8695 ], [ 43.682558294, 1.870149533 ], [ 43.859930083, 1.953939681 ], [ 44.04858286, 2.043058949 ], [ 44.150624665, 2.091263334 ], [ 44.297634887, 2.213771852 ], [ 44.321435554, 2.26613332 ], [ 44.33847106, 2.303611432 ], [ 44.515398041, 2.548726794 ], [ 44.589170049, 2.679877031 ], [ 44.608612761, 2.733716487 ], [ 44.62523208, 2.779737593 ], [ 44.625294876, 2.779995898 ], [ 44.6513, 2.8611 ], [ 44.661, 2.7516 ], [ 44.621, 2.4816 ], [ 44.661, 2.2416 ] ] ], [ [ [ 44.6602, 2.9039 ], [ 44.6877, 3.0366 ], [ 44.6757, 3.135 ], [ 44.674402445, 3.143328997 ], [ 44.661126512, 3.250159114 ], [ 44.691, 3.0516 ], [ 44.6602, 2.9039 ] ] ] ] } ] } },
{ "type": "Feature", "properties": { "area_id": "59091514", "confidence_level": 0, "ipc_period": "P", "overall_phase": 4, "population_min": "5208", "population_percentage_min": "0.6", "justification": "", "prolonged_crisis": false, "population_phase_worse": null, "population_percentage_phase_worse": null, "analysis_id": "59090932", "admin_type": null, "area_name": "Buur hakaba idps", "view_level": "area", "hide_settlement_labels": false, "hide_area_labels": false, "hide_area_borders": false, "show_area_popups": true, "color": "#640000", "estimated_population": "8680", "phase1_population": 434, "phase1_percent": 0.05, "phase1_color": "#fae61e", "phase2_population": 3038, "phase2_percent": 0.35, "phase2_color": "#e67800", "phase3_population": 3472, "phase3_percent": 0.4, "phase3_color": "#c80000", "phase4_population": 1736, "phase4_percent": 0.2, "phase4_color": "#640000", "phase5_population": 0, "phase5_percent": 0, "phase5_color": "#640000" }, "geometry": { "type": "MultiPoint", "coordinates": [ [ 44.0123, 2.7438 ] ] } },
{ "type": "Feature", "properties": { "area_id": "59091236", "confidence_level": 0, "ipc_period": "P", "overall_phase": 3, "population_min": "5609", "population_percentage_min": "0.45", "justification": "", "prolonged_crisis": false, "population_phase_worse": null, "population_percentage_phase_worse": null, "analysis_id": "59090932", "admin_type": null, "area_name": "Buur hakaba urban", "view_level": "area", "hide_settlement_labels": false, "hide_area_labels": false, "hide_area_borders": false, "show_area_popups": true, "color": "#c80000", "estimated_population": "12467", "phase1_population": 3116, "phase1_percent": 0.25, "phase1_color": "#fae61e", "phase2_population": 3740, "phase2_percent": 0.3, "phase2_color": "#e67800", "phase3_population": 4363, "phase3_percent": 0.35, "phase3_color": "#c80000", "phase4_population": 1246, "phase4_percent": 0.1, "phase4_color": "#640000", "phase5_population": 0, "phase5_percent": 0, "phase5_color": "#640000" }, "geometry": { "type": "MultiPoint", "coordinates": [ [ 44.1618, 2.7651 ] ] } },
{ "type": "Feature", "properties": { "area_id": "59090982", "confidence_level": 0, "ipc_period": "P", "overall_phase": 3, "population_min": "4863", "population_percentage_min": "0.2", "justification": "", "prolonged_crisis": false, "population_phase_worse": null, "population_percentage_phase_worse": null, "analysis_id": "59090932", "admin_type": null, "area_name": "Caluula urban", "view_level": "area", "hide_settlement_labels": false, "hide_area_labels": false, "hide_area_borders": false, "show_area_popups": true, "color": "#c80000", "estimated_population": "24319", "phase1_population": 15807, "phase1_percent": 0.65, "phase1_color": "#fae61e", "phase2_population": 3647, "phase2_percent": 0.15, "phase2_color": "#e67800", "phase3_population": 4863, "phase3_percent": 0.2, "phase3_color": "#c80000", "phase4_population": 0, "phase4_percent": 0.0, "phase4_color": "#640000", "phase5_population": 0, "phase5_percent": 0, "phase5_color": "#640000" }, "geometry": { "type": "MultiPoint", "coordinates": [ [ 50.7567, 11.966 ] ] } },
{ "type": "Feature", "properties": { "area_id": "59090968", "confidence_level": 0, "ipc_period": "P", "overall_phase": 2, "population_min": "584", "population_percentage_min": "0.15", "justification": "", "prolonged_crisis": false, "population_phase_worse": null, "population_percentage_phase_worse": null, "analysis_id": "59090932", "admin_type": null, "area_name": "Caynabo", "view_level": "area", "hide_settlement_labels": false, "hide_area_labels": false, "hide_area_borders": false, "show_area_popups": true, "color": "#e67800", "estimated_population": "3897", "phase1_population": 1363, "phase1_percent": 0.35, "phase1_color": "#fae61e", "phase2_population": 1948, "phase2_percent": 0.5, "phase2_color": "#e67800", "phase3_population": 584, "phase3_percent": 0.15, "phase3_color": "#c80000", "phase4_population": 0, "phase4_percent": 0.0, "phase4_color": "#640000", "phase5_population": 0, "phase5_percent": 0, "phase5_color": "#640000" }, "geometry": { "type": "GeometryCollection", "geometries": [ { "type": "MultiPolygon", "coordinates": [ [ [ [ 46.1832, 9.2386 ], [ 46.2068, 9.1651 ], [ 46.3672, 9.0429 ], [ 46.4046, 8.9905 ], [ 46.437, 8.8081 ], [ 46.191, 8.821 ], [ 46.221, 9.001 ], [ 46.1832, 9.2386 ] ] ] ] } ] } },
{ "type": "Feature", "properties": { "area_id": "59090966", "confidence_level": 0, "ipc_period": "P", "overall_phase": 2, "population_min": "167", "population_percentage_min": "0.1", "justification": "", "prolonged_crisis": false, "population_phase_worse": null, "population_percentage_phase_worse": null, "analysis_id": "59090932", "admin_type": null, "area_name": "Caynabo (1)", "view_level": "area", "hide_settlement_labels": false, "hide_area_labels": false, "hide_area_borders": false, "show_area_popups": true, "color": "#e67800", "estimated_population": "1670", "phase1_population": 835, "phase1_percent": 0.5, "phase1_color": "#fae61e", "phase2_population": 668, "phase2_percent": 0.4, "phase2_color": "#e67800", "phase3_population": 167, "phase3_percent": 0.1, "phase3_color": "#c80000", "phase4_population": 0, "phase4_percent": 0.0, "phase4_color": "#640000", "phase5_population": 0, "phase5_percent": 0, "phase5_color": "#640000" }, "geometry": { "type": "GeometryCollection", "geometries": [ { "type": "MultiPolygon", "coordinates": [ [ [ [ 46.2672, 9.8772 ], [ 46.0791, 9.877 ], [ 46.1856, 9.2612 ], [ 46.1813, 9.2505 ], [ 46.151, 9.441 ], [ 46.049405987, 10.050364093 ], [ 46.2672, 9.8772 ] ] ] ] } ] } },
{ "type": "Feature", "properties": { "area_id": "59091538", "confidence_level": 0, "ipc_period": "P", "overall_phase": 3, "population_min": "12525", "population_percentage_min": "0.25", "justification": "", "prolonged_crisis": false, "population_phase_worse": null, "population_percentage_phase_worse": null, "analysis_id": "59090932", "admin_type": null, "area_name": "Caynabo (2)", "view_level": "area", "hide_settlement_labels": false, "hide_area_labels": false, "hide_area_borders": false, "show_area_popups": true, "color": "#c80000", "estimated_population": "50103", "phase1_population": 20041, "phase1_percent": 0.4, "phase1_color": "#fae61e", "phase2_population": 17536, "phase2_percent": 0.35, "phase2_color": "#e67800", "phase3_population": 10020, "phase3_percent": 0.2, "phase3_color": "#c80000", "phase4_population": 2505, "phase4_percent": 0.05, "phase4_color": "#640000", "phase5_population": 0, "phase5_percent": 0, "phase5_color": "#640000" }, "geometry": { "type": "GeometryCollection", "geometries": [ { "type": "MultiPolygon", "coordinates": [ [ [ [ 46.1813, 9.2505 ], [ 46.1856, 9.2612 ], [ 46.0791, 9.877 ], [ 46.2672, 9.8772 ], [ 46.841, 9.421 ], [ 46.911, 9.431 ], [ 46.9206, 8.8433 ], [ 46.920878312, 8.790490225 ], [ 46.920919872, 8.782604222 ], [ 46.437, 8.8081 ], [ 46.4046, 8.9905 ], [ 46.3672, 9.0429 ], [ 46.2068, 9.1651 ], [ 46.1832, 9.2386 ], [ 46.1802, 9.2478 ], [ 46.1813, 9.2505 ] ] ] ] } ] } },
{ "type": "Feature", "properties": { "area_id": "59091107", "confidence_level": 0, "ipc_period": "P", "overall_phase": 4, "population_min": "9041", "population_percentage_min": "0.6", "justification": "", "prolonged_crisis": false, "population_phase_worse": null, "population_percentage_phase_worse": null, "analysis_id": "59090932", "admin_type": null, "area_name": "Caynabo idps", "view_level": "area", "hide_settlement_labels": false, "hide_area_labels": false, "hide_area_borders": false, "show_area_popups": true, "color": "#640000", "estimated_population": "15070", "phase1_population": 0, "phase1_percent": 0.0, "phase1_color": "#fae61e", "phase2_population": 6028, "phase2_percent": 0.4, "phase2_color": "#e67800", "phase3_population": 5274, "phase3_percent": 0.35, "phase3_color": "#c80000", "phase4_population": 3767, "phase4_percent": 0.25, "phase4_color": "#640000", "phase5_population": 0, "phase5_percent": 0, "phase5_color": "#640000" }, "geometry": { "type": "MultiPoint", "coordinates": [ [ 46.4108, 8.954 ] ] } },
{ "type": "Feature", "properties": { "area_id": "59091458", "confidence_level": 0, "ipc_period": "P", "overall_phase": 2, "population_min": "441", "population_percentage_min": "0.15", "justification": "", "prolonged_crisis": false, "population_phase_worse": null, "population_percentage_phase_worse": null, "analysis_id": "59090932", "admin_type": null, "area_name": "Ceel afweyn", "view_level": "area", "hide_settlement_labels": false, "hide_area_labels": false, "hide_area_borders": false, "show_area_popups": true, "color": "#e67800", "estimated_population": "2948", "phase1_population": 1326, "phase1_percent": 0.45, "phase1_color": "#fae61e", "phase2_population": 1179, "phase2_percent": 0.4, "phase2_color": "#e67800", "phase3_population": 294, "phase3_percent": 0.1, "phase3_color": "#c80000", "phase4_population": 147, "phase4_percent": 0.05, "phase4_color": "#640000", "phase5_population": 0, "phase5_percent": 0, "phase5_color": "#640000" }, "geometry": { "type": "GeometryCollection", "geometries": [ { "type": "MultiPolygon", "coordinates": [ [ [ [ 46.5385, 10.716 ], [ 46.4269, 10.6379 ], [ 46.3492, 10.627 ], [ 46.233, 10.6124 ], [ 46.0265, 10.6078 ], [ 46.0314, 10.7742 ], [ 46.2372, 10.7813 ], [ 46.3457, 10.6906 ], [ 46.4507, 10.6816 ], [ 46.5385, 10.716 ] ] ] ] } ] } },
{ "type": "Feature", "properties": { "area_id": "59091229", "confidence_level": 0, "ipc_period": "P", "overall_phase": 2, "population_min": "15161", "population_percentage_min": "0.15", "justification": "", "prolonged_crisis": false, "population_phase_worse": null, "population_percentage_phase_worse": null, "analysis_id": "59090932", "admin_type": null, "area_name": "Cabudwaaq", "view_level": "area", "hide_settlement_labels": false, "hide_area_labels": false, "hide_area_borders": false, "show_area_popups": true, "color": "#e67800", "estimated_population": "101074", "phase1_population": 35375, "phase1_percent": 0.35, "phase1_color": "#fae61e", "phase2_population": 50537, "phase2_percent": 0.5, "phase2_color": "#e67800", "phase3_population": 15161, "phase3_percent": 0.15, "phase3_color": "#c80000", "phase4_population": 0, "phase4_percent": 0.0, "phase4_color": "#640000", "phase5_population": 0, "phase5_percent": 0, "phase5_color": "#640000" }, "geometry": { "type": "GeometryCollection", "geometries": [ { "type": "MultiPolygon", "coordinates": [ [ [ [ 46.671, 5.9313 ], [ 46.451, 5.9013 ], [ 46.271, 5.6913 ], [ 45.672835188, 5.187729624 ], [ 45.672259684, 5.188880632 ], [ 45.5361, 5.4864 ], [ 46.5242, 6.5001 ], [ 46.671, 5.9313 ] ] ] ] } ] } },
{ "type": "Feature", "properties": { "area_id": "59091021", "confidence_level": 0, "ipc_period": "P", "overall_phase": 3, "population_min": "3086", "population_percentage_min": "0.3", "justification": "", "prolonged_crisis": false, "population_phase_worse": null, "population_percentage_phase_worse": null, "analysis_id": "59090932", "admin_type": null, "area_name": "Cadaado urban", "view_level": "area", "hide_settlement_labels": false, "hide_area_labels": false, "hide_area_borders": false, "show_area_popups": true, "color": "#c80000", "estimated_population": "10289", "phase1_population": 2572, "phase1_percent": 0.25, "phase1_color": "#fae61e", "phase2_population": 4630, "phase2_percent": 0.45, "phase2_color": "#e67800", "phase3_population": 3086, "phase3_percent": 0.3, "phase3_color": "#c80000", "phase4_population": 0, "phase4_percent": 0.0, "phase4_color": "#640000", "phase5_population": 0, "phase5_percent": 0, "phase5_color": "#640000" }, "geometry": { "type": "MultiPoint", "coordinates": [ [ 46.6224, 6.1337 ] ] } },
{ "type": "Feature", "properties": { "area_id": "59091056", "confidence_level": 0, "ipc_period": "P", "overall_phase": 2, "population_min": "863", "population_percentage_min": "0.05", "justification": "", "prolonged_crisis": false, "population_phase_worse": null, "population_percentage_phase_worse": null, "analysis_id": "59090932", "admin_type": null, "area_name": "Cadale urban", "view_level": "area", "hide_settlement_labels": false, "hide_area_labels": false, "hide_area_borders": false, "show_area_popups": true, "color": "#e67800", "estimated_population": "17260", "phase1_population": 12082, "phase1_percent": 0.7, "phase1_color": "#fae61e", "phase2_population": 4315, "phase2_percent": 0.25, "phase2_color": "#e67800", "phase3_population": 863, "phase3_percent": 0.05, "phase3_color": "#c80000", "phase4_population": 0, "phase4_percent": 0.0, "phase4_color": "#640000", "phase5_population": 0, "phase5_percent": 0, "phase5_color": "#640000" }, "geometry": { "type": "MultiPoint", "coordinates": [ [ 46.3211, 2.7586 ] ] } },
{ "type": "Feature", "properties": { "area_id": "59091051", "confidence_level": 0, "ipc_period": "P", "overall_phase": 3, "population_min": "12456", "population_percentage_min": "0.2", "justification": "", "prolonged_crisis": false, "population_phase_worse": null, "population_percentage_phase_worse": null, "analysis_id": "59090932", "admin_type": null, "area_name": "Caluula", "view_level": "area", "hide_settlement_labels": false, "hide_area_labels": false, "hide_area_borders": false, "show_area_popups": true, "color": "#c80000", "estimated_population": "62282", "phase1_population": 24912, "phase1_percent": 0.4, "phase1_color": "#fae61e", "phase2_population": 24912, "phase2_percent": 0.4, "phase2_color": "#e67800", "phase3_population": 12456, "phase3_percent": 0.2, "phase3_color": "#c80000", "phase4_population": 0, "phase4_percent": 0.0, "phase4_color": "#640000", "phase5_population": 0, "phase5_percent": 0, "phase5_color": "#640000" }, "geometry": { "type": "GeometryCollection", "geometries": [ { "type": "MultiPolygon", "coordinates": [ [ [ [ 51.1252, 11.5016 ], [ 50.6911, 11.4108 ], [ 50.4111, 11.4008 ], [ 50.3011, 11.4508 ], [ 50.3557, 11.6365 ], [ 50.4939, 11.7323 ], [ 50.5826, 11.9129 ], [ 50.7999, 11.9843 ], [ 51.0555, 11.8733 ], [ 51.1414, 11.8746 ], [ 51.2857, 11.8124 ], [ 51.2265, 11.6427 ], [ 51.1252, 11.5016 ] ] ] ] } ] } },
{ "type": "Feature", "properties": { "area_id": "59091095", "confidence_level": 0, "ipc_period": "P", "overall_phase": 3, "population_min": "12338", "population_percentage_min": "0.25", "justification": "", "prolonged_crisis": false, "population_phase_worse": null, "population_percentage_phase_worse": null, "analysis_id": "59090932", "admin_type": null, "area_name": "Ceerigaabo (1)", "view_level": "area", "hide_settlement_labels": false, "hide_area_labels": false, "hide_area_borders": false, "show_area_popups": true, "color": "#c80000", "estimated_population": "49359", "phase1_population": 19743, "phase1_percent": 0.4, "phase1_color": "#fae61e", "phase2_population": 17275, "phase2_percent": 0.35, "phase2_color": "#e67800", "phase3_population": 9871, "phase3_percent": 0.2, "phase3_color": "#c80000", "phase4_population": 2467, "phase4_percent": 0.05, "phase4_color": "#640000", "phase5_population": 0, "phase5_percent": 0, "phase5_color": "#640000" }, "geometry": { "type": "GeometryCollection", "geometries": [ { "type": "MultiPolygon", "coordinates": [ [ [ [ 48.3923, 10.7051 ], [ 48.431, 10.6509 ], [ 48.611, 10.5209 ], [ 48.579500315, 9.542109797 ], [ 48.5795, 9.5421 ], [ 48.079498202, 9.502466299 ], [ 48.061, 9.501 ], [ 47.416386057, 9.46192435 ], [ 47.1009, 9.4428 ], [ 47.361, 9.9109 ], [ 47.381, 10.1709 ], [ 47.3132, 10.2423 ], [ 47.4255, 10.3321 ], [ 47.5337, 10.5657 ], [ 47.6932, 10.6796 ], [ 48.0463, 10.765 ], [ 48.3923, 10.7051 ] ] ] ] } ] } },
{ "type": "Feature", "properties": { "area_id": "59091372", "confidence_level": 0, "ipc_period": "P", "overall_phase": 3, "population_min": "3630", "population_percentage_min": "0.25", "justification": "", "prolonged_crisis": false, "population_phase_worse": null, "population_percentage_phase_worse": null, "analysis_id": "59090932", "admin_type": null, "area_name": "Ceerigaabo idps", "view_level": "area", "hide_settlement_labels": false, "hide_area_labels": false, "hide_area_borders": false, "show_area_popups": true, "color": "#c80000", "estimated_population": "14520", "phase1_population": 5808, "phase1_percent": 0.4, "phase1_color": "#fae61e", "phase2_population": 5082, "phase2_percent": 0.35, "phase2_color": "#e67800", "phase3_population": 2904, "phase3_percent": 0.2, "phase3_color": "#c80000", "phase4_population": 726, "phase4_percent": 0.05, "phase4_color": "#640000", "phase5_population": 0, "phase5_percent": 0, "phase5_color": "#640000" }, "geometry": { "type": "MultiPoint", "coordinates": [ [ 47.3731, 10.6123 ] ] } },
{ "type": "Feature", "properties": { "area_id": "59091402", "confidence_level": 0, "ipc_period": "P", "overall_phase": 3, "population_min": "1881", "population_percentage_min": "0.2", "justification": "", "prolonged_crisis": false, "population_phase_worse": null, "population_percentage_phase_worse": null, "analysis_id": "59090932", "admin_type": null, "area_name": "Ceerigaabo idps rural", "view_level": "area", "hide_settlement_labels": false, "hide_area_labels": false, "hide_area_borders": false, "show_area_popups": true, "color": "#c80000", "estimated_population": "9406", "phase1_population": 3762, "phase1_percent": 0.4, "phase1_color": "#fae61e", "phase2_population": 3762, "phase2_percent": 0.4, "phase2_color": "#e67800", "phase3_population": 1881, "phase3_percent": 0.2, "phase3_color": "#c80000", "phase4_population": 0, "phase4_percent": 0.0, "phase4_color": "#640000", "phase5_population": 0, "phase5_percent": 0, "phase5_color": "#640000" }, "geometry": { "type": "MultiPoint", "coordinates": [ [ 47.3861, 10.5674 ] ] } },
{ "type": "Feature", "properties": { "area_id": "59091060", "confidence_level": 0, "ipc_period": "P", "overall_phase": 2, "population_min": "3692", "population_percentage_min": "0.1", "justification": "", "prolonged_crisis": false, "population_phase_worse": null, "population_percentage_phase_worse": null, "analysis_id": "59090932", "admin_type": null, "area_name": "Ceerigaabo urban", "view_level": "area", "hide_settlement_labels": false, "hide_area_labels": false, "hide_area_borders": false, "show_area_popups": true, "color": "#e67800", "estimated_population": "36928", "phase1_population": 25849, "phase1_percent": 0.7, "phase1_color": "#fae61e", "phase2_population": 7385, "phase2_percent": 0.2, "phase2_color": "#e67800", "phase3_population": 3692, "phase3_percent": 0.1, "phase3_color": "#c80000", "phase4_population": 0, "phase4_percent": 0.0, "phase4_color": "#640000", "phase5_population": 0, "phase5_percent": 0, "phase5_color": "#640000" }, "geometry": { "type": "MultiPoint", "coordinates": [ [ 47.3645, 10.6116 ] ] } },
{ "type": "Feature", "properties": { "area_id": "59091470", "confidence_level": 0, "ipc_period": "P", "overall_phase": 4, "population_min": "24056", "population_percentage_min": "0.5", "justification": "", "prolonged_crisis": false, "population_phase_worse": null, "population_percentage_phase_worse": null, "analysis_id": "59090932", "admin_type": "pnt", "area_name": "Dhobley IDPS", "view_level": "area", "hide_settlement_labels": false, "hide_area_labels": false, "hide_area_borders": false, "show_area_popups": true, "color": "#640000", "estimated_population": "48114", "phase1_population": 7217, "phase1_percent": 0.15, "phase1_color": "#fae61e", "phase2_population": 16839, "phase2_percent": 0.35, "phase2_color": "#e67800", "phase3_population": 14434, "phase3_percent": 0.3, "phase3_color": "#c80000", "phase4_population": 9622, "phase4_percent": 0.2, "phase4_color": "#640000", "phase5_population": 0, "phase5_percent": 0, "phase5_color": "#640000" }, "geometry": { "type": "Point", "coordinates": [ 41.005364627, 0.394808785 ] } },
{ "type": "Feature", "properties": { "area_id": "59091426", "confidence_level": 0, "ipc_period": "P", "overall_phase": 3, "population_min": "41806", "population_percentage_min": "0.65", "justification": "", "prolonged_crisis": false, "population_phase_worse": null, "population_percentage_phase_worse": null, "analysis_id": "59090932", "admin_type": "idp", "area_name": "Dhusamareeb IDPS", "view_level": "area", "hide_settlement_labels": false, "hide_area_labels": false, "hide_area_borders": false, "show_area_popups": true, "color": "#c80000", "estimated_population": "64319", "phase1_population": 3215, "phase1_percent": 0.05, "phase1_color": "#fae61e", "phase2_population": 19295, "phase2_percent": 0.3, "phase2_color": "#e67800", "phase3_population": 32159, "phase3_percent": 0.5, "phase3_color": "#c80000", "phase4_population": 9647, "phase4_percent": 0.15, "phase4_color": "#640000", "phase5_population": 0, "phase5_percent": 0, "phase5_color": "#640000" }, "geometry": { "type": "Point", "coordinates": [ 46.363909025, 5.521566503 ] } },
{ "type": "Feature", "properties": { "area_id": "59091157", "confidence_level": 0, "ipc_period": "P", "overall_phase": 3, "population_min": "6579", "population_percentage_min": "0.3", "justification": "", "prolonged_crisis": false, "population_phase_worse": null, "population_percentage_phase_worse": null, "analysis_id": "59090932", "admin_type": "urb", "area_name": "Dhusamareeb URBAN", "view_level": "area", "hide_settlement_labels": false, "hide_area_labels": false, "hide_area_borders": false, "show_area_popups": true, "color": "#c80000", "estimated_population": "21930", "phase1_population": 5482, "phase1_percent": 0.25, "phase1_color": "#fae61e", "phase2_population": 9868, "phase2_percent": 0.45, "phase2_color": "#e67800", "phase3_population": 6579, "phase3_percent": 0.3, "phase3_color": "#c80000", "phase4_population": 0, "phase4_percent": 0.0, "phase4_color": "#640000", "phase5_population": 0, "phase5_percent": 0, "phase5_color": "#640000" }, "geometry": { "type": "Point", "coordinates": [ 46.374245852, 5.477302444 ] } },
{ "type": "Feature", "properties": { "area_id": "59091362", "confidence_level": 0, "ipc_period": "P", "overall_phase": 3, "population_min": "3537", "population_percentage_min": "0.2", "justification": "", "prolonged_crisis": false, "population_phase_worse": null, "population_percentage_phase_worse": null, "analysis_id": "59090932", "admin_type": null, "area_name": "Ceel afweyn (1)", "view_level": "area", "hide_settlement_labels": false, "hide_area_labels": false, "hide_area_borders": false, "show_area_popups": true, "color": "#c80000", "estimated_population": "17685", "phase1_population": 7074, "phase1_percent": 0.4, "phase1_color": "#fae61e", "phase2_population": 7074, "phase2_percent": 0.4, "phase2_color": "#e67800", "phase3_population": 3537, "phase3_percent": 0.2, "phase3_color": "#c80000", "phase4_population": 0, "phase4_percent": 0.0, "phase4_color": "#640000", "phase5_population": 0, "phase5_percent": 0, "phase5_color": "#640000" }, "geometry": { "type": "GeometryCollection", "geometries": [ { "type": "MultiPolygon", "coordinates": [ [ [ [ 47.3132, 10.2423 ], [ 47.1315, 10.1253 ], [ 47.1057, 10.1714 ], [ 46.8935, 10.0489 ], [ 46.4884, 9.9156 ], [ 46.4246, 9.967 ], [ 46.3832, 10.2897 ], [ 46.3492, 10.627 ], [ 46.4269, 10.6379 ], [ 46.5385, 10.716 ], [ 46.6678, 10.7459 ], [ 46.7876, 10.8109 ], [ 46.941, 10.6309 ], [ 47.3132, 10.2423 ] ] ] ] } ] } },
{ "type": "Feature", "properties": { "area_id": "59091354", "confidence_level": 0, "ipc_period": "P", "overall_phase": 2, "population_min": "884", "population_percentage_min": "0.1", "justification": "", "prolonged_crisis": false, "population_phase_worse": null, "population_percentage_phase_worse": null, "analysis_id": "59090932", "admin_type": null, "area_name": "Ceel afweyn (2)", "view_level": "area", "hide_settlement_labels": false, "hide_area_labels": false, "hide_area_borders": false, "show_area_popups": true, "color": "#e67800", "estimated_population": "8843", "phase1_population": 4421, "phase1_percent": 0.5, "phase1_color": "#fae61e", "phase2_population": 3537, "phase2_percent": 0.4, "phase2_color": "#e67800", "phase3_population": 884, "phase3_percent": 0.1, "phase3_color": "#c80000", "phase4_population": 0, "phase4_percent": 0.0, "phase4_color": "#640000", "phase5_population": 0, "phase5_percent": 0, "phase5_color": "#640000" }, "geometry": { "type": "GeometryCollection", "geometries": [ { "type": "MultiPolygon", "coordinates": [ [ [ [ 46.011, 10.0809 ], [ 46.0265, 10.6078 ], [ 46.233, 10.6124 ], [ 46.3492, 10.627 ], [ 46.3832, 10.2897 ], [ 46.4246, 9.967 ], [ 46.4884, 9.9156 ], [ 46.3841, 9.8736 ], [ 46.2672, 9.8772 ], [ 46.049405987, 10.050364093 ], [ 46.011, 10.0809 ] ] ] ] } ] } },
{ "type": "Feature", "properties": { "area_id": "59091532", "confidence_level": 0, "ipc_period": "P", "overall_phase": 3, "population_min": "47528", "population_percentage_min": "0.5", "justification": "", "prolonged_crisis": false, "population_phase_worse": null, "population_percentage_phase_worse": null, "analysis_id": "59090932", "admin_type": "idp", "area_name": "Dolow IDPS", "view_level": "area", "hide_settlement_labels": false, "hide_area_labels": false, "hide_area_borders": false, "show_area_popups": true, "color": "#c80000", "estimated_population": "95058", "phase1_population": 9505, "phase1_percent": 0.1, "phase1_color": "#fae61e", "phase2_population": 38023, "phase2_percent": 0.4, "phase2_color": "#e67800", "phase3_population": 33270, "phase3_percent": 0.35, "phase3_color": "#c80000", "phase4_population": 14258, "phase4_percent": 0.15, "phase4_color": "#640000", "phase5_population": 0, "phase5_percent": 0, "phase5_color": "#640000" }, "geometry": { "type": "Point", "coordinates": [ 42.063565367, 4.158916005 ] } },
{ "type": "Feature", "properties": { "area_id": "59091284", "confidence_level": 0, "ipc_period": "P", "overall_phase": 3, "population_min": "770", "population_percentage_min": "0.3", "justification": "", "prolonged_crisis": false, "population_phase_worse": null, "population_percentage_phase_worse": null, "analysis_id": "59090932", "admin_type": null, "area_name": "Dhuusamarreeb", "view_level": "area", "hide_settlement_labels": false, "hide_area_labels": false, "hide_area_borders": false, "show_area_popups": true, "color": "#c80000", "estimated_population": "2569", "phase1_population": 770, "phase1_percent": 0.3, "phase1_color": "#fae61e", "phase2_population": 1027, "phase2_percent": 0.4, "phase2_color": "#e67800", "phase3_population": 770, "phase3_percent": 0.3, "phase3_color": "#c80000", "phase4_population": 0, "phase4_percent": 0.0, "phase4_color": "#640000", "phase5_population": 0, "phase5_percent": 0, "phase5_color": "#640000" }, "geometry": { "type": "GeometryCollection", "geometries": [ { "type": "MultiPolygon", "coordinates": [ [ [ [ 47.596337997, 5.198834867 ], [ 47.5291, 5.195 ], [ 47.569623589, 5.26478606 ], [ 47.596337997, 5.198834867 ] ] ] ] } ] } },
{ "type": "Feature", "properties": { "area_id": "59091159", "confidence_level": 0, "ipc_period": "P", "overall_phase": 2, "population_min": "4629", "population_percentage_min": "0.15", "justification": "", "prolonged_crisis": false, "population_phase_worse": null, "population_percentage_phase_worse": null, "analysis_id": "59090932", "admin_type": "urb", "area_name": "Dolow URBAN", "view_level": "area", "hide_settlement_labels": false, "hide_area_labels": false, "hide_area_borders": false, "show_area_popups": true, "color": "#e67800", "estimated_population": "30862", "phase1_population": 16974, "phase1_percent": 0.55, "phase1_color": "#fae61e", "phase2_population": 9258, "phase2_percent": 0.3, "phase2_color": "#e67800", "phase3_population": 3086, "phase3_percent": 0.1, "phase3_color": "#c80000", "phase4_population": 1543, "phase4_percent": 0.05, "phase4_color": "#640000", "phase5_population": 0, "phase5_percent": 0, "phase5_color": "#640000" }, "geometry": { "type": "Point", "coordinates": [ 42.065545291, 4.119119988 ] } },
{ "type": "Feature", "properties": { "area_id": "59091596", "confidence_level": 0, "ipc_period": "P", "overall_phase": 4, "population_min": "3506", "population_percentage_min": "0.55", "justification": "", "prolonged_crisis": false, "population_phase_worse": null, "population_percentage_phase_worse": null, "analysis_id": "59090932", "admin_type": null, "area_name": "Doolow", "view_level": "area", "hide_settlement_labels": false, "hide_area_labels": false, "hide_area_borders": false, "show_area_popups": true, "color": "#640000", "estimated_population": "6376", "phase1_population": 1275, "phase1_percent": 0.2, "phase1_color": "#fae61e", "phase2_population": 1594, "phase2_percent": 0.25, "phase2_color": "#e67800", "phase3_population": 1912, "phase3_percent": 0.3, "phase3_color": "#c80000", "phase4_population": 1594, "phase4_percent": 0.25, "phase4_color": "#640000", "phase5_population": 0, "phase5_percent": 0, "phase5_color": "#640000" }, "geometry": { "type": "GeometryCollection", "geometries": [ { "type": "MultiPolygon", "coordinates": [ [ [ [ 42.371, 4.121 ], [ 42.3213, 4.0042 ], [ 42.1181, 4.1096 ], [ 41.9096, 3.9832 ], [ 41.9471, 4.0571 ], [ 42.0886, 4.1808 ], [ 42.32, 4.1872 ], [ 42.371, 4.121 ] ] ] ] } ] } },
{ "type": "Feature", "properties": { "area_id": "59091562", "confidence_level": 0, "ipc_period": "P", "overall_phase": 2, "population_min": "6692", "population_percentage_min": "0.15", "justification": "", "prolonged_crisis": false, "population_phase_worse": null, "population_percentage_phase_worse": null, "analysis_id": "59090932", "admin_type": null, "area_name": "Doolow (1)", "view_level": "area", "hide_settlement_labels": false, "hide_area_labels": false, "hide_area_borders": false, "show_area_popups": true, "color": "#e67800", "estimated_population": "44614", "phase1_population": 24537, "phase1_percent": 0.55, "phase1_color": "#fae61e", "phase2_population": 13384, "phase2_percent": 0.3, "phase2_color": "#e67800", "phase3_population": 6692, "phase3_percent": 0.15, "phase3_color": "#c80000", "phase4_population": 0, "phase4_percent": 0.0, "phase4_color": "#640000", "phase5_population": 0, "phase5_percent": 0, "phase5_color": "#640000" }, "geometry": { "type": "GeometryCollection", "geometries": [ { "type": "MultiPolygon", "coordinates": [ [ [ [ 41.9224, 3.8864 ], [ 41.8595, 3.9121 ], [ 41.8706, 3.9321 ], [ 41.9224, 3.8864 ] ] ], [ [ [ 42.2765, 3.8987 ], [ 42.2309, 3.7915 ], [ 42.1009, 3.8115 ], [ 42.0293, 3.8426 ], [ 42.0477, 3.8875 ], [ 42.1619, 3.9066 ], [ 42.2765, 3.8987 ] ] ] ] } ] } },
{ "type": "Feature", "properties": { "area_id": "59091017", "confidence_level": 0, "ipc_period": "P", "overall_phase": 2, "population_min": "1434", "population_percentage_min": "0.15", "justification": "", "prolonged_crisis": false, "population_phase_worse": null, "population_percentage_phase_worse": null, "analysis_id": "59090932", "admin_type": null, "area_name": "Doolow (2)", "view_level": "area", "hide_settlement_labels": false, "hide_area_labels": false, "hide_area_borders": false, "show_area_popups": true, "color": "#e67800", "estimated_population": "9561", "phase1_population": 4302, "phase1_percent": 0.45, "phase1_color": "#fae61e", "phase2_population": 3824, "phase2_percent": 0.4, "phase2_color": "#e67800", "phase3_population": 1434, "phase3_percent": 0.15, "phase3_color": "#c80000", "phase4_population": 0, "phase4_percent": 0.0, "phase4_color": "#640000", "phase5_population": 0, "phase5_percent": 0, "phase5_color": "#640000" }, "geometry": { "type": "GeometryCollection", "geometries": [ { "type": "MultiPolygon", "coordinates": [ [ [ [ 42.3213, 4.0042 ], [ 42.2765, 3.8987 ], [ 42.1619, 3.9066 ], [ 42.0477, 3.8875 ], [ 42.0293, 3.8426 ], [ 41.9224, 3.8864 ], [ 41.8706, 3.9321 ], [ 41.9096, 3.9832 ], [ 42.1181, 4.1096 ], [ 42.3213, 4.0042 ] ] ], [ [ [ 42.4022, 4.1945 ], [ 42.371, 4.121 ], [ 42.32, 4.1872 ], [ 42.4022, 4.1945 ] ] ] ] } ] } },
{ "type": "Feature", "properties": { "area_id": "59091592", "confidence_level": 0, "ipc_period": "P", "overall_phase": 3, "population_min": "9198", "population_percentage_min": "0.2", "justification": "", "prolonged_crisis": false, "population_phase_worse": null, "population_percentage_phase_worse": null, "analysis_id": "59090932", "admin_type": null, "area_name": "Eyl", "view_level": "area", "hide_settlement_labels": false, "hide_area_labels": false, "hide_area_borders": false, "show_area_popups": true, "color": "#c80000", "estimated_population": "45990", "phase1_population": 22995, "phase1_percent": 0.5, "phase1_color": "#fae61e", "phase2_population": 13797, "phase2_percent": 0.3, "phase2_color": "#e67800", "phase3_population": 9198, "phase3_percent": 0.2, "phase3_color": "#c80000", "phase4_population": 0, "phase4_percent": 0.0, "phase4_color": "#640000", "phase5_population": 0, "phase5_percent": 0, "phase5_color": "#640000" }, "geometry": { "type": "GeometryCollection", "geometries": [ { "type": "MultiPolygon", "coordinates": [ [ [ [ 49.3001, 8.6854 ], [ 49.4511, 8.5911 ], [ 49.6811, 8.5811 ], [ 49.7811, 8.5311 ], [ 49.8553, 8.351 ], [ 49.8608, 8.2687 ], [ 49.8203, 8.1365 ], [ 49.7307, 8.1018 ], [ 49.730693247, 8.101800795 ], [ 49.7294, 8.1013 ], [ 49.611, 8.1159 ], [ 49.308, 8.1282 ], [ 49.2063, 8.1498 ], [ 49.1811, 8.4111 ], [ 49.3001, 8.6854 ] ] ], [ [ [ 49.9113, 8.4315 ], [ 49.9311, 8.4611 ], [ 50.0511, 8.4411 ], [ 50.0791, 8.416 ], [ 49.9572, 8.4567 ], [ 49.9113, 8.4315 ] ] ] ] } ] } },
{ "type": "Feature", "properties": { "area_id": "59091266", "confidence_level": 0, "ipc_period": "P", "overall_phase": 3, "population_min": "7368", "population_percentage_min": "0.25", "justification": "", "prolonged_crisis": false, "population_phase_worse": null, "population_percentage_phase_worse": null, "analysis_id": "59090932", "admin_type": null, "area_name": "Ceel afweyn (3)", "view_level": "area", "hide_settlement_labels": false, "hide_area_labels": false, "hide_area_borders": false, "show_area_popups": true, "color": "#c80000", "estimated_population": "29476", "phase1_population": 11790, "phase1_percent": 0.4, "phase1_color": "#fae61e", "phase2_population": 10316, "phase2_percent": 0.35, "phase2_color": "#e67800", "phase3_population": 5895, "phase3_percent": 0.2, "phase3_color": "#c80000", "phase4_population": 1473, "phase4_percent": 0.05, "phase4_color": "#640000", "phase5_population": 0, "phase5_percent": 0, "phase5_color": "#640000" }, "geometry": { "type": "GeometryCollection", "geometries": [ { "type": "MultiPolygon", "coordinates": [ [ [ [ 46.4884, 9.9156 ], [ 46.8935, 10.0489 ], [ 47.1057, 10.1714 ], [ 47.1315, 10.1253 ], [ 47.3132, 10.2423 ], [ 47.381, 10.1709 ], [ 47.361, 9.9109 ], [ 47.1009, 9.4428 ], [ 46.911, 9.431 ], [ 46.841, 9.421 ], [ 46.2672, 9.8772 ], [ 46.3841, 9.8736 ], [ 46.4884, 9.9156 ] ] ] ] } ] } },
{ "type": "Feature", "properties": { "area_id": "59091282", "confidence_level": 0, "ipc_period": "P", "overall_phase": 2, "population_min": "363", "population_percentage_min": "0.05", "justification": "", "prolonged_crisis": false, "population_phase_worse": null, "population_percentage_phase_worse": null, "analysis_id": "59090932", "admin_type": null, "area_name": "Dhuusamarreeb (1)", "view_level": "area", "hide_settlement_labels": false, "hide_area_labels": false, "hide_area_borders": false, "show_area_popups": true, "color": "#e67800", "estimated_population": "7271", "phase1_population": 4726, "phase1_percent": 0.65, "phase1_color": "#fae61e", "phase2_population": 2181, "phase2_percent": 0.3, "phase2_color": "#e67800", "phase3_population": 363, "phase3_percent": 0.05, "phase3_color": "#c80000", "phase4_population": 0, "phase4_percent": 0.0, "phase4_color": "#640000", "phase5_population": 0, "phase5_percent": 0, "phase5_color": "#640000" }, "geometry": { "type": "GeometryCollection", "geometries": [ { "type": "MultiPolygon", "coordinates": [ [ [ [ 46.3474, 5.1039 ], [ 46.3018, 5.092 ], [ 46.3075, 5.1938 ], [ 46.3474, 5.1039 ] ] ] ] } ] } },
{ "type": "Feature", "properties": { "area_id": "59091242", "confidence_level": 0, "ipc_period": "P", "overall_phase": 3, "population_min": "33619", "population_percentage_min": "0.3", "justification": "", "prolonged_crisis": false, "population_phase_worse": null, "population_percentage_phase_worse": null, "analysis_id": "59090932", "admin_type": null, "area_name": "Dhuusamarreeb (2)", "view_level": "area", "hide_settlement_labels": false, "hide_area_labels": false, "hide_area_borders": false, "show_area_popups": true, "color": "#c80000", "estimated_population": "112064", "phase1_population": 33619, "phase1_percent": 0.3, "phase1_color": "#fae61e", "phase2_population": 44825, "phase2_percent": 0.4, "phase2_color": "#e67800", "phase3_population": 33619, "phase3_percent": 0.3, "phase3_color": "#c80000", "phase4_population": 0, "phase4_percent": 0.0, "phase4_color": "#640000", "phase5_population": 0, "phase5_percent": 0, "phase5_color": "#640000" }, "geometry": { "type": "GeometryCollection", "geometries": [ { "type": "MultiPolygon", "coordinates": [ [ [ [ 46.3474, 5.1039 ], [ 46.3075, 5.1938 ], [ 46.3453, 5.4823 ], [ 46.3762, 5.5475 ], [ 46.5891, 5.6024 ], [ 46.7917, 5.726 ], [ 46.8773, 5.8332 ], [ 47.343759325, 5.75424409 ], [ 47.339785898, 5.745821308 ], [ 47.448784913, 5.563106541 ], [ 47.569623589, 5.26478606 ], [ 47.5291, 5.195 ], [ 47.111, 5.1714 ], [ 46.491, 5.1414 ], [ 46.3474, 5.1039 ] ] ] ] } ] } },
{ "type": "Feature", "properties": { "area_id": "59091175", "confidence_level": 0, "ipc_period": "P", "overall_phase": 3, "population_min": "22537", "population_percentage_min": "0.3", "justification": "", "prolonged_crisis": false, "population_phase_worse": null, "population_percentage_phase_worse": null, "analysis_id": "59090932", "admin_type": null, "area_name": "Diinsoor", "view_level": "area", "hide_settlement_labels": false, "hide_area_labels": false, "hide_area_borders": false, "show_area_popups": true, "color": "#c80000", "estimated_population": "75127", "phase1_population": 18781, "phase1_percent": 0.25, "phase1_color": "#fae61e", "phase2_population": 33807, "phase2_percent": 0.45, "phase2_color": "#e67800", "phase3_population": 18781, "phase3_percent": 0.25, "phase3_color": "#c80000", "phase4_population": 3756, "phase4_percent": 0.05, "phase4_color": "#640000", "phase5_population": 0, "phase5_percent": 0, "phase5_color": "#640000" }, "geometry": { "type": "GeometryCollection", "geometries": [ { "type": "MultiPolygon", "coordinates": [ [ [ [ 43.0147, 2.5767 ], [ 42.8229, 2.3889 ], [ 42.7807, 2.2545 ], [ 42.7973, 2.0406 ], [ 42.9233, 2.0654 ], [ 43.2505, 2.1573 ], [ 43.2009, 2.0417 ], [ 43.2616, 1.8867 ], [ 43.1583, 1.7972 ], [ 43.0488, 1.7775 ], [ 43.0425, 1.7095 ], [ 42.9445, 1.5549 ], [ 42.9933, 1.4679 ], [ 42.9809, 1.4617 ], [ 42.9533, 1.4824 ], [ 42.9009, 1.5217 ], [ 42.5209, 1.8817 ], [ 42.4009, 1.9517 ], [ 42.516, 2.6004 ], [ 43.0147, 2.5767 ] ] ] ] } ] } },
{ "type": "Feature", "properties": { "area_id": "59091037", "confidence_level": 0, "ipc_period": "P", "overall_phase": 3, "population_min": "15025", "population_percentage_min": "0.3", "justification": "", "prolonged_crisis": false, "population_phase_worse": null, "population_percentage_phase_worse": null, "analysis_id": "59090932", "admin_type": null, "area_name": "Diinsoor (1)", "view_level": "area", "hide_settlement_labels": false, "hide_area_labels": false, "hide_area_borders": false, "show_area_popups": true, "color": "#c80000", "estimated_population": "50084", "phase1_population": 12521, "phase1_percent": 0.25, "phase1_color": "#fae61e", "phase2_population": 22537, "phase2_percent": 0.45, "phase2_color": "#e67800", "phase3_population": 12521, "phase3_percent": 0.25, "phase3_color": "#c80000", "phase4_population": 2504, "phase4_percent": 0.05, "phase4_color": "#640000", "phase5_population": 0, "phase5_percent": 0, "phase5_color": "#640000" }, "geometry": { "type": "GeometryCollection", "geometries": [ { "type": "MultiPolygon", "coordinates": [ [ [ [ 43.0147, 2.5767 ], [ 43.1209, 2.5716 ], [ 43.4409, 2.5216 ], [ 43.3509, 2.3916 ], [ 43.299337873, 2.271271252 ], [ 43.250491215, 2.157307155 ], [ 43.2505068, 2.157315869 ], [ 43.2505, 2.1573 ], [ 42.9233, 2.0654 ], [ 42.7973, 2.0406 ], [ 42.7807, 2.2545 ], [ 42.8229, 2.3889 ], [ 43.0147, 2.5767 ] ] ], [ [ [ 43.1524, 1.5475 ], [ 43.016, 1.4793 ], [ 42.9933, 1.4679 ], [ 42.9445, 1.5549 ], [ 43.0425, 1.7095 ], [ 43.0488, 1.7775 ], [ 43.1583, 1.7972 ], [ 43.2616, 1.8867 ], [ 43.261605355, 1.886691853 ], [ 43.261561341, 1.886655576 ], [ 43.301124161, 1.826571966 ], [ 43.3109, 1.8117 ], [ 43.3109, 1.6267 ], [ 43.1524, 1.5475 ] ] ] ] } ] } },
{ "type": "Feature", "properties": { "area_id": "59091135", "confidence_level": 0, "ipc_period": "P", "overall_phase": 4, "population_min": "12415", "population_percentage_min": "0.6", "justification": "", "prolonged_crisis": false, "population_phase_worse": null, "population_percentage_phase_worse": null, "analysis_id": "59090932", "admin_type": null, "area_name": "Diinsoor idps", "view_level": "area", "hide_settlement_labels": false, "hide_area_labels": false, "hide_area_borders": false, "show_area_popups": true, "color": "#640000", "estimated_population": "20694", "phase1_population": 1034, "phase1_percent": 0.05, "phase1_color": "#fae61e", "phase2_population": 7242, "phase2_percent": 0.35, "phase2_color": "#e67800", "phase3_population": 8277, "phase3_percent": 0.4, "phase3_color": "#c80000", "phase4_population": 4138, "phase4_percent": 0.2, "phase4_color": "#640000", "phase5_population": 0, "phase5_percent": 0, "phase5_color": "#640000" }, "geometry": { "type": "MultiPoint", "coordinates": [ [ 42.9819, 2.3975 ] ] } },
{ "type": "Feature", "properties": { "area_id": "59091223", "confidence_level": 0, "ipc_period": "P", "overall_phase": 2, "population_min": "4597", "population_percentage_min": "0.15", "justification": "", "prolonged_crisis": false, "population_phase_worse": null, "population_percentage_phase_worse": null, "analysis_id": "59090932", "admin_type": null, "area_name": "Eyl (1)", "view_level": "area", "hide_settlement_labels": false, "hide_area_labels": false, "hide_area_borders": false, "show_area_popups": true, "color": "#e67800", "estimated_population": "30652", "phase1_population": 18391, "phase1_percent": 0.6, "phase1_color": "#fae61e", "phase2_population": 7663, "phase2_percent": 0.25, "phase2_color": "#e67800", "phase3_population": 4597, "phase3_percent": 0.15, "phase3_color": "#c80000", "phase4_population": 0, "phase4_percent": 0.0, "phase4_color": "#640000", "phase5_population": 0, "phase5_percent": 0, "phase5_color": "#640000" }, "geometry": { "type": "GeometryCollection", "geometries": [ { "type": "MultiPolygon", "coordinates": [ [ [ [ 49.0515, 7.7099 ], [ 49.191, 8.0211 ], [ 49.2063, 8.1498 ], [ 49.308, 8.1282 ], [ 49.611, 8.1159 ], [ 49.7294, 8.1013 ], [ 49.730693247, 8.101800795 ], [ 49.7307, 8.1018 ], [ 49.7141, 7.9375 ], [ 49.1937, 7.782 ], [ 49.108, 7.7063 ], [ 49.0515, 7.7099 ] ] ] ] } ] } },
{ "type": "Feature", "properties": { "area_id": "59091274", "confidence_level": 0, "ipc_period": "P", "overall_phase": 3, "population_min": "1100", "population_percentage_min": "0.25", "justification": "", "prolonged_crisis": false, "population_phase_worse": null, "population_percentage_phase_worse": null, "analysis_id": "59090932", "admin_type": null, "area_name": "Ceel afweyn idps", "view_level": "area", "hide_settlement_labels": false, "hide_area_labels": false, "hide_area_borders": false, "show_area_popups": true, "color": "#c80000", "estimated_population": "4400", "phase1_population": 1760, "phase1_percent": 0.4, "phase1_color": "#fae61e", "phase2_population": 1540, "phase2_percent": 0.35, "phase2_color": "#e67800", "phase3_population": 880, "phase3_percent": 0.2, "phase3_color": "#c80000", "phase4_population": 220, "phase4_percent": 0.05, "phase4_color": "#640000", "phase5_population": 0, "phase5_percent": 0, "phase5_color": "#640000" }, "geometry": { "type": "MultiPoint", "coordinates": [ [ 47.216, 9.9277 ] ] } },
{ "type": "Feature", "properties": { "area_id": "59091324", "confidence_level": 0, "ipc_period": "P", "overall_phase": 3, "population_min": "1947", "population_percentage_min": "0.25", "justification": "", "prolonged_crisis": false, "population_phase_worse": null, "population_percentage_phase_worse": null, "analysis_id": "59090932", "admin_type": null, "area_name": "Ceel afweyn idps rural", "view_level": "area", "hide_settlement_labels": false, "hide_area_labels": false, "hide_area_borders": false, "show_area_popups": true, "color": "#c80000", "estimated_population": "7792", "phase1_population": 2727, "phase1_percent": 0.35, "phase1_color": "#fae61e", "phase2_population": 3116, "phase2_percent": 0.4, "phase2_color": "#e67800", "phase3_population": 1558, "phase3_percent": 0.2, "phase3_color": "#c80000", "phase4_population": 389, "phase4_percent": 0.05, "phase4_color": "#640000", "phase5_population": 0, "phase5_percent": 0, "phase5_color": "#640000" }, "geometry": { "type": "MultiPoint", "coordinates": [ [ 47.2334, 9.9448 ] ] } },
{ "type": "Feature", "properties": { "area_id": "59091258", "confidence_level": 0, "ipc_period": "P", "overall_phase": 3, "population_min": "9576", "population_percentage_min": "0.25", "justification": "", "prolonged_crisis": false, "population_phase_worse": null, "population_percentage_phase_worse": null, "analysis_id": "59090932", "admin_type": null, "area_name": "Eyl (2)", "view_level": "area", "hide_settlement_labels": false, "hide_area_labels": false, "hide_area_borders": false, "show_area_popups": true, "color": "#c80000", "estimated_population": "38308", "phase1_population": 15323, "phase1_percent": 0.4, "phase1_color": "#fae61e", "phase2_population": 13407, "phase2_percent": 0.35, "phase2_color": "#e67800", "phase3_population": 7661, "phase3_percent": 0.2, "phase3_color": "#c80000", "phase4_population": 1915, "phase4_percent": 0.05, "phase4_color": "#640000", "phase5_population": 0, "phase5_percent": 0, "phase5_color": "#640000" }, "geometry": { "type": "GeometryCollection", "geometries": [ { "type": "MultiPolygon", "coordinates": [ [ [ [ 49.5321, 7.5354 ], [ 49.6065, 7.6897 ], [ 49.6656, 7.7657 ], [ 49.7141, 7.9375 ], [ 49.7307, 8.1018 ], [ 49.8203, 8.1365 ], [ 49.8608, 8.2687 ], [ 49.8553, 8.351 ], [ 49.8911, 8.4066 ], [ 49.9113, 8.4315 ], [ 49.9572, 8.4567 ], [ 50.0791, 8.416 ], [ 50.1164, 8.3805 ], [ 50.1172, 8.3819 ], [ 50.1757, 8.3296 ], [ 50.1303, 8.1996 ], [ 49.9855, 8.0969 ], [ 49.8364, 7.9359 ], [ 49.8106, 7.8194 ], [ 49.8373, 7.7663 ], [ 49.7431, 7.5609 ], [ 49.6508, 7.399 ], [ 49.5321, 7.5354 ] ] ] ] } ] } },
{ "type": "Feature", "properties": { "area_id": "59091440", "confidence_level": 0, "ipc_period": "P", "overall_phase": 3, "population_min": "4599", "population_percentage_min": "0.2", "justification": "", "prolonged_crisis": false, "population_phase_worse": null, "population_percentage_phase_worse": null, "analysis_id": "59090932", "admin_type": null, "area_name": "Eyl (3)", "view_level": "area", "hide_settlement_labels": false, "hide_area_labels": false, "hide_area_borders": false, "show_area_popups": true, "color": "#c80000", "estimated_population": "22996", "phase1_population": 6898, "phase1_percent": 0.3, "phase1_color": "#fae61e", "phase2_population": 11498, "phase2_percent": 0.5, "phase2_color": "#e67800", "phase3_population": 4599, "phase3_percent": 0.2, "phase3_color": "#c80000", "phase4_population": 0, "phase4_percent": 0.0, "phase4_color": "#640000", "phase5_population": 0, "phase5_percent": 0, "phase5_color": "#640000" }, "geometry": { "type": "GeometryCollection", "geometries": [ { "type": "MultiPolygon", "coordinates": [ [ [ [ 49.5321, 7.5354 ], [ 49.191, 7.7011 ], [ 49.108, 7.7063 ], [ 49.1937, 7.782 ], [ 49.7141, 7.9375 ], [ 49.6656, 7.7657 ], [ 49.6065, 7.6897 ], [ 49.5321, 7.5354 ] ] ] ] } ] } },
{ "type": "Feature", "properties": { "area_id": "59091155", "confidence_level": 0, "ipc_period": "P", "overall_phase": 2, "population_min": "1613", "population_percentage_min": "0.1", "justification": "", "prolonged_crisis": false, "population_phase_worse": null, "population_percentage_phase_worse": null, "analysis_id": "59090932", "admin_type": null, "area_name": "Eyl urban", "view_level": "area", "hide_settlement_labels": false, "hide_area_labels": false, "hide_area_borders": false, "show_area_popups": true, "color": "#e67800", "estimated_population": "16130", "phase1_population": 9678, "phase1_percent": 0.6, "phase1_color": "#fae61e", "phase2_population": 4839, "phase2_percent": 0.3, "phase2_color": "#e67800", "phase3_population": 1613, "phase3_percent": 0.1, "phase3_color": "#c80000", "phase4_population": 0, "phase4_percent": 0.0, "phase4_color": "#640000", "phase5_population": 0, "phase5_percent": 0, "phase5_color": "#640000" }, "geometry": { "type": "MultiPoint", "coordinates": [ [ 49.8181, 7.9803 ] ] } },
{ "type": "Feature", "properties": { "area_id": "59091444", "confidence_level": 0, "ipc_period": "P", "overall_phase": 3, "population_min": "24332", "population_percentage_min": "0.2", "justification": "", "prolonged_crisis": false, "population_phase_worse": null, "population_percentage_phase_worse": null, "analysis_id": "59090932", "admin_type": null, "area_name": "Gaalkacyo", "view_level": "area", "hide_settlement_labels": false, "hide_area_labels": false, "hide_area_borders": false, "show_area_popups": true, "color": "#c80000", "estimated_population": "121660", "phase1_population": 36498, "phase1_percent": 0.3, "phase1_color": "#fae61e", "phase2_population": 60830, "phase2_percent": 0.5, "phase2_color": "#e67800", "phase3_population": 24332, "phase3_percent": 0.2, "phase3_color": "#c80000", "phase4_population": 0, "phase4_percent": 0.0, "phase4_color": "#640000", "phase5_population": 0, "phase5_percent": 0, "phase5_color": "#640000" }, "geometry": { "type": "GeometryCollection", "geometries": [ { "type": "MultiPolygon", "coordinates": [ [ [ [ 48.501, 7.4112 ], [ 48.502092994, 7.41181847 ], [ 48.502093648, 7.411816746 ], [ 48.501, 7.4112 ] ] ], [ [ [ 47.444571101, 6.303681711 ], [ 47.4246, 6.3108 ], [ 47.422035331, 6.321194853 ], [ 47.4462, 6.3158 ], [ 47.3949, 6.4007 ], [ 47.292, 6.4692 ], [ 47.2486, 6.5833 ], [ 47.2951, 6.6718 ], [ 47.4844, 6.8189 ], [ 47.5936, 6.8685 ], [ 47.7489, 6.9614 ], [ 47.9869, 7.0841 ], [ 48.2252, 7.1675 ], [ 48.2041, 7.2585 ], [ 48.2763, 7.2807 ], [ 48.5003, 7.401 ], [ 48.506680574, 7.135469946 ], [ 48.472879294, 6.742271385 ], [ 48.462682952, 6.748436615 ], [ 47.894508206, 6.78762108 ], [ 47.679053629, 6.604174446 ], [ 47.591558848, 6.283404133 ], [ 47.589049661, 6.27420504 ], [ 47.580157131, 6.255354855 ], [ 47.444571101, 6.303681711 ] ] ], [ [ [ 48.525096754, 7.351172193 ], [ 48.5252, 7.3509 ], [ 48.521655279, 7.309665489 ], [ 48.525096754, 7.351172193 ] ] ] ] } ] } },
{ "type": "Feature", "properties": { "area_id": "59091312", "confidence_level": 0, "ipc_period": "P", "overall_phase": 3, "population_min": "6842", "population_percentage_min": "0.3", "justification": "", "prolonged_crisis": false, "population_phase_worse": null, "population_percentage_phase_worse": null, "analysis_id": "59090932", "admin_type": null, "area_name": "Galdogob urban", "view_level": "area", "hide_settlement_labels": false, "hide_area_labels": false, "hide_area_borders": false, "show_area_popups": true, "color": "#c80000", "estimated_population": "22808", "phase1_population": 9123, "phase1_percent": 0.4, "phase1_color": "#fae61e", "phase2_population": 6842, "phase2_percent": 0.3, "phase2_color": "#e67800", "phase3_population": 6842, "phase3_percent": 0.3, "phase3_color": "#c80000", "phase4_population": 0, "phase4_percent": 0.0, "phase4_color": "#640000", "phase5_population": 0, "phase5_percent": 0, "phase5_color": "#640000" }, "geometry": { "type": "MultiPoint", "coordinates": [ [ 47.0159, 7.0283 ] ] } },
{ "type": "Feature", "properties": { "area_id": "59091576", "confidence_level": 0, "ipc_period": "P", "overall_phase": 3, "population_min": "29160", "population_percentage_min": "0.25", "justification": "", "prolonged_crisis": false, "population_phase_worse": null, "population_percentage_phase_worse": null, "analysis_id": "59090932", "admin_type": "idp", "area_name": "Galkayo IDPS", "view_level": "area", "hide_settlement_labels": false, "hide_area_labels": false, "hide_area_borders": false, "show_area_popups": true, "color": "#c80000", "estimated_population": "116643", "phase1_population": 34992, "phase1_percent": 0.3, "phase1_color": "#fae61e", "phase2_population": 52489, "phase2_percent": 0.45, "phase2_color": "#e67800", "phase3_population": 23328, "phase3_percent": 0.2, "phase3_color": "#c80000", "phase4_population": 5832, "phase4_percent": 0.05, "phase4_color": "#640000", "phase5_population": 0, "phase5_percent": 0, "phase5_color": "#640000" }, "geometry": { "type": "Point", "coordinates": [ 47.380456737, 6.741910182 ] } },
{ "type": "Feature", "properties": { "area_id": "59091544", "confidence_level": 0, "ipc_period": "P", "overall_phase": 3, "population_min": "18318", "population_percentage_min": "0.3", "justification": "", "prolonged_crisis": false, "population_phase_worse": null, "population_percentage_phase_worse": null, "analysis_id": "59090932", "admin_type": "urb", "area_name": "Galkayo URBAN", "view_level": "area", "hide_settlement_labels": false, "hide_area_labels": false, "hide_area_borders": false, "show_area_popups": true, "color": "#c80000", "estimated_population": "61062", "phase1_population": 24424, "phase1_percent": 0.4, "phase1_color": "#fae61e", "phase2_population": 18318, "phase2_percent": 0.3, "phase2_color": "#e67800", "phase3_population": 18318, "phase3_percent": 0.3, "phase3_color": "#c80000", "phase4_population": 0, "phase4_percent": 0.0, "phase4_color": "#640000", "phase5_population": 0, "phase5_percent": 0, "phase5_color": "#640000" }, "geometry": { "type": "Point", "coordinates": [ 47.38498804, 6.670054554 ] } },
{ "type": "Feature", "properties": { "area_id": "59091382", "confidence_level": 0, "ipc_period": "P", "overall_phase": 2, "population_min": "1973", "population_percentage_min": "0.15", "justification": "", "prolonged_crisis": false, "population_phase_worse": null, "population_percentage_phase_worse": null, "analysis_id": "59090932", "admin_type": null, "area_name": "Garbahaarey", "view_level": "area", "hide_settlement_labels": false, "hide_area_labels": false, "hide_area_borders": false, "show_area_popups": true, "color": "#e67800", "estimated_population": "13157", "phase1_population": 5920, "phase1_percent": 0.45, "phase1_color": "#fae61e", "phase2_population": 5262, "phase2_percent": 0.4, "phase2_color": "#e67800", "phase3_population": 1973, "phase3_percent": 0.15, "phase3_color": "#c80000", "phase4_population": 0, "phase4_percent": 0.0, "phase4_color": "#640000", "phase5_population": 0, "phase5_percent": 0, "phase5_color": "#640000" }, "geometry": { "type": "GeometryCollection", "geometries": [ { "type": "MultiPolygon", "coordinates": [ [ [ [ 42.3379, 2.8207 ], [ 42.3377, 2.8193 ], [ 42.3015, 2.8338 ], [ 42.3379, 2.8207 ] ] ], [ [ [ 42.8407, 3.3559 ], [ 43.1013, 3.2577 ], [ 43.10116122, 3.236754824 ], [ 43.101, 3.2332 ], [ 43.10098478, 3.210125978 ], [ 43.1009, 3.0816 ], [ 43.1, 3.0615 ], [ 42.9309, 3.0416 ], [ 42.6153, 3.0703 ], [ 42.5703, 3.1358 ], [ 42.5528, 3.1701 ], [ 42.5289, 3.3148 ], [ 42.5838, 3.3978 ], [ 42.5777, 3.4668 ], [ 42.714, 3.4102 ], [ 42.7192, 3.2547 ], [ 42.8407, 3.3559 ] ] ], [ [ [ 42.447, 3.3694 ], [ 42.4374, 3.3571 ], [ 42.4588, 3.1426 ], [ 42.459, 3.141 ], [ 42.3568, 3.1531 ], [ 42.291, 3.3183 ], [ 42.3249, 3.3775 ], [ 42.3622, 3.3775 ], [ 42.446981759, 3.369401742 ], [ 42.447, 3.3694 ] ] ], [ [ [ 42.0409, 3.6815 ], [ 42.2502, 3.5978 ], [ 42.3476, 3.5225 ], [ 42.3377, 3.4439 ], [ 42.2339, 3.4677 ], [ 42.1431, 3.4528 ], [ 42.0646, 3.5679 ], [ 42.0012, 3.5885 ], [ 42.0409, 3.6815 ] ] ] ] } ] } },
{ "type": "Feature", "properties": { "area_id": "59091049", "confidence_level": 0, "ipc_period": "P", "overall_phase": 2, "population_min": "7894", "population_percentage_min": "0.15", "justification": "", "prolonged_crisis": false, "population_phase_worse": null, "population_percentage_phase_worse": null, "analysis_id": "59090932", "admin_type": null, "area_name": "Garbahaarey (1)", "view_level": "area", "hide_settlement_labels": false, "hide_area_labels": false, "hide_area_borders": false, "show_area_popups": true, "color": "#e67800", "estimated_population": "52629", "phase1_population": 28945, "phase1_percent": 0.55, "phase1_color": "#fae61e", "phase2_population": 15788, "phase2_percent": 0.3, "phase2_color": "#e67800", "phase3_population": 7894, "phase3_percent": 0.15, "phase3_color": "#c80000", "phase4_population": 0, "phase4_percent": 0.0, "phase4_color": "#640000", "phase5_population": 0, "phase5_percent": 0, "phase5_color": "#640000" }, "geometry": { "type": "GeometryCollection", "geometries": [ { "type": "MultiPolygon", "coordinates": [ [ [ [ 42.2296, 2.8554 ], [ 41.9709, 2.9416 ], [ 41.7209, 3.0016 ], [ 42.0012, 3.5885 ], [ 42.0646, 3.5679 ], [ 42.1431, 3.4528 ], [ 42.2339, 3.4677 ], [ 42.3377, 3.4439 ], [ 42.3476, 3.5225 ], [ 42.2502, 3.5978 ], [ 42.4528, 3.5168 ], [ 42.4688, 3.4013 ], [ 42.447140228, 3.369605195 ], [ 42.447, 3.3694 ], [ 42.446981759, 3.369401742 ], [ 42.3622, 3.3775 ], [ 42.3249, 3.3775 ], [ 42.291, 3.3183 ], [ 42.3568, 3.1531 ], [ 42.459, 3.141 ], [ 42.4771, 3.005 ], [ 42.3508, 2.8462 ], [ 42.3379, 2.8207 ], [ 42.3015, 2.8338 ], [ 42.2296, 2.8554 ] ] ], [ [ [ 42.8407, 3.3559 ], [ 42.7192, 3.2547 ], [ 42.714, 3.4102 ], [ 42.8407, 3.3559 ] ] ] ] } ] } },
{ "type": "Feature", "properties": { "area_id": "59091360", "confidence_level": 0, "ipc_period": "P", "overall_phase": 4, "population_min": "11095", "population_percentage_min": "0.55", "justification": "", "prolonged_crisis": false, "population_phase_worse": null, "population_percentage_phase_worse": null, "analysis_id": "59090932", "admin_type": null, "area_name": "Garbahaarey (2)", "view_level": "area", "hide_settlement_labels": false, "hide_area_labels": false, "hide_area_borders": false, "show_area_popups": true, "color": "#640000", "estimated_population": "20174", "phase1_population": 4034, "phase1_percent": 0.2, "phase1_color": "#fae61e", "phase2_population": 5043, "phase2_percent": 0.25, "phase2_color": "#e67800", "phase3_population": 6052, "phase3_percent": 0.3, "phase3_color": "#c80000", "phase4_population": 5043, "phase4_percent": 0.25, "phase4_color": "#640000", "phase5_population": 0, "phase5_percent": 0, "phase5_color": "#640000" }, "geometry": { "type": "GeometryCollection", "geometries": [ { "type": "MultiPolygon", "coordinates": [ [ [ [ 43.1009, 3.0616 ], [ 43.1, 3.0615 ], [ 43.1009, 3.0816 ], [ 43.1009, 3.0616 ] ] ], [ [ [ 42.4528, 3.5168 ], [ 42.5777, 3.4668 ], [ 42.5838, 3.3978 ], [ 42.5289, 3.3148 ], [ 42.5528, 3.1701 ], [ 42.5703, 3.1358 ], [ 42.6153, 3.0703 ], [ 42.6009, 3.0716 ], [ 42.5426, 2.751 ], [ 42.4538, 2.7806 ], [ 42.3377, 2.8193 ], [ 42.3379, 2.8207 ], [ 42.3508, 2.8462 ], [ 42.4771, 3.005 ], [ 42.459, 3.141 ], [ 42.4588, 3.1426 ], [ 42.4374, 3.3571 ], [ 42.447, 3.3694 ], [ 42.447140228, 3.369605195 ], [ 42.4688, 3.4013 ], [ 42.4528, 3.5168 ] ] ] ] } ] } },
{ "type": "Feature", "properties": { "area_id": "59091540", "confidence_level": 0, "ipc_period": "P", "overall_phase": 3, "population_min": "525", "population_percentage_min": "0.3", "justification": "", "prolonged_crisis": false, "population_phase_worse": null, "population_percentage_phase_worse": null, "analysis_id": "59090932", "admin_type": null, "area_name": "Garbahaarey (3)", "view_level": "area", "hide_settlement_labels": false, "hide_area_labels": false, "hide_area_borders": false, "show_area_popups": true, "color": "#c80000", "estimated_population": "1754", "phase1_population": 438, "phase1_percent": 0.25, "phase1_color": "#fae61e", "phase2_population": 789, "phase2_percent": 0.45, "phase2_color": "#e67800", "phase3_population": 438, "phase3_percent": 0.25, "phase3_color": "#c80000", "phase4_population": 87, "phase4_percent": 0.05, "phase4_color": "#640000", "phase5_population": 0, "phase5_percent": 0, "phase5_color": "#640000" }, "geometry": { "type": "MultiPoint", "coordinates": [ [ 42.0616, 3.3177 ] ] } },
{ "type": "Feature", "properties": { "area_id": "59091332", "confidence_level": 0, "ipc_period": "P", "overall_phase": 2, "population_min": "11728", "population_percentage_min": "0.15", "justification": "", "prolonged_crisis": false, "population_phase_worse": null, "population_percentage_phase_worse": null, "analysis_id": "59090932", "admin_type": null, "area_name": "Garoowe (1)", "view_level": "area", "hide_settlement_labels": false, "hide_area_labels": false, "hide_area_borders": false, "show_area_popups": true, "color": "#e67800", "estimated_population": "78192", "phase1_population": 46915, "phase1_percent": 0.6, "phase1_color": "#fae61e", "phase2_population": 19548, "phase2_percent": 0.25, "phase2_color": "#e67800", "phase3_population": 11728, "phase3_percent": 0.15, "phase3_color": "#c80000", "phase4_population": 0, "phase4_percent": 0.0, "phase4_color": "#640000", "phase5_population": 0, "phase5_percent": 0, "phase5_color": "#640000" }, "geometry": { "type": "GeometryCollection", "geometries": [ { "type": "MultiPolygon", "coordinates": [ [ [ [ 48.131, 8.2111 ], [ 48.051, 8.2411 ], [ 48.1347, 8.3297 ], [ 48.4436, 8.283 ], [ 48.7291, 8.2132 ], [ 48.9067, 8.1815 ], [ 49.2063, 8.1498 ], [ 49.191, 8.0211 ], [ 48.131, 8.2111 ] ] ] ] } ] } },
{ "type": "Feature", "properties": { "area_id": "59091456", "confidence_level": 0, "ipc_period": "P", "overall_phase": 3, "population_min": "13257", "population_percentage_min": "0.25", "justification": "", "prolonged_crisis": false, "population_phase_worse": null, "population_percentage_phase_worse": null, "analysis_id": "59090932", "admin_type": "idp", "area_name": "Garowe IDPS", "view_level": "area", "hide_settlement_labels": false, "hide_area_labels": false, "hide_area_borders": false, "show_area_popups": true, "color": "#c80000", "estimated_population": "53033", "phase1_population": 15909, "phase1_percent": 0.3, "phase1_color": "#fae61e", "phase2_population": 23864, "phase2_percent": 0.45, "phase2_color": "#e67800", "phase3_population": 10606, "phase3_percent": 0.2, "phase3_color": "#c80000", "phase4_population": 2651, "phase4_percent": 0.05, "phase4_color": "#640000", "phase5_population": 0, "phase5_percent": 0, "phase5_color": "#640000" }, "geometry": { "type": "Point", "coordinates": [ 48.461648196, 8.39876085 ] } },
{ "type": "Feature", "properties": { "area_id": "59091506", "confidence_level": 0, "ipc_period": "P", "overall_phase": 2, "population_min": "1056", "population_percentage_min": "0.1", "justification": "", "prolonged_crisis": false, "population_phase_worse": null, "population_percentage_phase_worse": null, "analysis_id": "59090932", "admin_type": "urb", "area_name": "Garowe URBAN", "view_level": "area", "hide_settlement_labels": false, "hide_area_labels": false, "hide_area_borders": false, "show_area_popups": true, "color": "#e67800", "estimated_population": "10561", "phase1_population": 6336, "phase1_percent": 0.6, "phase1_color": "#fae61e", "phase2_population": 3168, "phase2_percent": 0.3, "phase2_color": "#e67800", "phase3_population": 1056, "phase3_percent": 0.1, "phase3_color": "#c80000", "phase4_population": 0, "phase4_percent": 0.0, "phase4_color": "#640000", "phase5_population": 0, "phase5_percent": 0, "phase5_color": "#640000" }, "geometry": { "type": "Point", "coordinates": [ 48.461648196, 8.346884951 ] } },
{ "type": "Feature", "properties": { "area_id": "59091462", "confidence_level": 0, "ipc_period": "P", "overall_phase": 2, "population_min": "2583", "population_percentage_min": "0.1", "justification": "", "prolonged_crisis": false, "population_phase_worse": null, "population_percentage_phase_worse": null, "analysis_id": "59090932", "admin_type": null, "area_name": "Gebiley", "view_level": "area", "hide_settlement_labels": false, "hide_area_labels": false, "hide_area_borders": false, "show_area_popups": true, "color": "#e67800", "estimated_population": "25830", "phase1_population": 12915, "phase1_percent": 0.5, "phase1_color": "#fae61e", "phase2_population": 10332, "phase2_percent": 0.4, "phase2_color": "#e67800", "phase3_population": 2583, "phase3_percent": 0.1, "phase3_color": "#c80000", "phase4_population": 0, "phase4_percent": 0.0, "phase4_color": "#640000", "phase5_population": 0, "phase5_percent": 0, "phase5_color": "#640000" }, "geometry": { "type": "GeometryCollection", "geometries": [ { "type": "MultiPolygon", "coordinates": [ [ [ [ 44.041, 10.1709 ], [ 44.101, 10.1309 ], [ 43.8678, 9.7785 ], [ 43.8138, 9.8141 ], [ 43.6513, 9.77 ], [ 43.5902, 9.7916 ], [ 43.5065, 9.9619 ], [ 43.721, 10.2609 ], [ 43.8209, 10.2909 ], [ 44.041, 10.1709 ] ] ] ] } ] } },
{ "type": "Feature", "properties": { "area_id": "59091195", "confidence_level": 0, "ipc_period": "P", "overall_phase": 2, "population_min": "1311", "population_percentage_min": "0.1", "justification": "", "prolonged_crisis": false, "population_phase_worse": null, "population_percentage_phase_worse": null, "analysis_id": "59090932", "admin_type": null, "area_name": "Ceel afweyn urban", "view_level": "area", "hide_settlement_labels": false, "hide_area_labels": false, "hide_area_borders": false, "show_area_popups": true, "color": "#e67800", "estimated_population": "13114", "phase1_population": 9179, "phase1_percent": 0.7, "phase1_color": "#fae61e", "phase2_population": 2622, "phase2_percent": 0.2, "phase2_color": "#e67800", "phase3_population": 1311, "phase3_percent": 0.1, "phase3_color": "#c80000", "phase4_population": 0, "phase4_percent": 0.0, "phase4_color": "#640000", "phase5_population": 0, "phase5_percent": 0, "phase5_color": "#640000" }, "geometry": { "type": "MultiPoint", "coordinates": [ [ 47.2146, 9.9277 ] ] } },
{ "type": "Feature", "properties": { "area_id": "59091416", "confidence_level": 0, "ipc_period": "P", "overall_phase": 2, "population_min": "8804", "population_percentage_min": "0.15", "justification": "", "prolonged_crisis": false, "population_phase_worse": null, "population_percentage_phase_worse": null, "analysis_id": "59090932", "admin_type": null, "area_name": "Ceel barde (1)", "view_level": "area", "hide_settlement_labels": false, "hide_area_labels": false, "hide_area_borders": false, "show_area_popups": true, "color": "#e67800", "estimated_population": "58695", "phase1_population": 32282, "phase1_percent": 0.55, "phase1_color": "#fae61e", "phase2_population": 17608, "phase2_percent": 0.3, "phase2_color": "#e67800", "phase3_population": 8804, "phase3_percent": 0.15, "phase3_color": "#c80000", "phase4_population": 0, "phase4_percent": 0.0, "phase4_color": "#640000", "phase5_population": 0, "phase5_percent": 0, "phase5_color": "#640000" }, "geometry": { "type": "GeometryCollection", "geometries": [ { "type": "MultiPolygon", "coordinates": [ [ [ [ 43.2809, 4.4814 ], [ 43.1273, 4.635 ], [ 43.4359, 4.7961 ], [ 43.66, 4.8694 ], [ 44.0161, 4.9618 ], [ 44.5918, 4.9362 ], [ 44.6776, 4.4314 ], [ 44.431, 4.4314 ], [ 44.2909, 4.4314 ], [ 43.509, 4.4701 ], [ 43.2829, 4.479 ], [ 43.2809, 4.4814 ] ] ] ] } ] } },
{ "type": "Feature", "properties": { "area_id": "59091004", "confidence_level": 0, "ipc_period": "P", "overall_phase": 4, "population_min": "5362", "population_percentage_min": "0.6", "justification": "", "prolonged_crisis": false, "population_phase_worse": null, "population_percentage_phase_worse": null, "analysis_id": "59090932", "admin_type": null, "area_name": "Ceel barde idps", "view_level": "area", "hide_settlement_labels": false, "hide_area_labels": false, "hide_area_borders": false, "show_area_popups": true, "color": "#640000", "estimated_population": "8939", "phase1_population": 446, "phase1_percent": 0.05, "phase1_color": "#fae61e", "phase2_population": 3128, "phase2_percent": 0.35, "phase2_color": "#e67800", "phase3_population": 3575, "phase3_percent": 0.4, "phase3_color": "#c80000", "phase4_population": 1787, "phase4_percent": 0.2, "phase4_color": "#640000", "phase5_population": 0, "phase5_percent": 0, "phase5_color": "#640000" }, "geometry": { "type": "MultiPoint", "coordinates": [ [ 43.6629, 4.8258 ] ] } },
{ "type": "Feature", "properties": { "area_id": "59090991", "confidence_level": 0, "ipc_period": "P", "overall_phase": 3, "population_min": "3761", "population_percentage_min": "0.5", "justification": "", "prolonged_crisis": false, "population_phase_worse": null, "population_percentage_phase_worse": null, "analysis_id": "59090932", "admin_type": null, "area_name": "Ceel waaq idps", "view_level": "area", "hide_settlement_labels": false, "hide_area_labels": false, "hide_area_borders": false, "show_area_popups": true, "color": "#c80000", "estimated_population": "7523", "phase1_population": 752, "phase1_percent": 0.1, "phase1_color": "#fae61e", "phase2_population": 3009, "phase2_percent": 0.4, "phase2_color": "#e67800", "phase3_population": 2633, "phase3_percent": 0.35, "phase3_color": "#c80000", "phase4_population": 1128, "phase4_percent": 0.15, "phase4_color": "#640000", "phase5_population": 0, "phase5_percent": 0, "phase5_color": "#640000" }, "geometry": { "type": "MultiPoint", "coordinates": [ [ 41.0153, 2.7904 ] ] } },
{ "type": "Feature", "properties": { "area_id": "59091512", "confidence_level": 0, "ipc_period": "P", "overall_phase": 2, "population_min": "993", "population_percentage_min": "0.15", "justification": "", "prolonged_crisis": false, "population_phase_worse": null, "population_percentage_phase_worse": null, "analysis_id": "59090932", "admin_type": null, "area_name": "Ceel waaq urban", "view_level": "area", "hide_settlement_labels": false, "hide_area_labels": false, "hide_area_borders": false, "show_area_popups": true, "color": "#e67800", "estimated_population": "6622", "phase1_population": 3642, "phase1_percent": 0.55, "phase1_color": "#fae61e", "phase2_population": 1986, "phase2_percent": 0.3, "phase2_color": "#e67800", "phase3_population": 662, "phase3_percent": 0.1, "phase3_color": "#c80000", "phase4_population": 331, "phase4_percent": 0.05, "phase4_color": "#640000", "phase5_population": 0, "phase5_percent": 0, "phase5_color": "#640000" }, "geometry": { "type": "MultiPoint", "coordinates": [ [ 41.0128, 2.7905 ] ] } },
{ "type": "Feature", "properties": { "area_id": "59091484", "confidence_level": 0, "ipc_period": "P", "overall_phase": 3, "population_min": "43122", "population_percentage_min": "0.25", "justification": "", "prolonged_crisis": false, "population_phase_worse": null, "population_percentage_phase_worse": null, "analysis_id": "59090932", "admin_type": "idp", "area_name": "Hargeysa IDPs", "view_level": "area", "hide_settlement_labels": false, "hide_area_labels": false, "hide_area_borders": false, "show_area_popups": true, "color": "#c80000", "estimated_population": "172493", "phase1_population": 51747, "phase1_percent": 0.3, "phase1_color": "#fae61e", "phase2_population": 77621, "phase2_percent": 0.45, "phase2_color": "#e67800", "phase3_population": 34498, "phase3_percent": 0.2, "phase3_color": "#c80000", "phase4_population": 8624, "phase4_percent": 0.05, "phase4_color": "#640000", "phase5_population": 0, "phase5_percent": 0, "phase5_color": "#640000" }, "geometry": { "type": "Point", "coordinates": [ 44.041758671, 9.548010891 ] } },
{ "type": "Feature", "properties": { "area_id": "59091316", "confidence_level": 0, "ipc_period": "P", "overall_phase": 2, "population_min": "6962", "population_percentage_min": "0.15", "justification": "", "prolonged_crisis": false, "population_phase_worse": null, "population_percentage_phase_worse": null, "analysis_id": "59090932", "admin_type": null, "area_name": "Hargeysa idps rural", "view_level": "area", "hide_settlement_labels": false, "hide_area_labels": false, "hide_area_borders": false, "show_area_popups": true, "color": "#e67800", "estimated_population": "46418", "phase1_population": 18567, "phase1_percent": 0.4, "phase1_color": "#fae61e", "phase2_population": 20888, "phase2_percent": 0.45, "phase2_color": "#e67800", "phase3_population": 6962, "phase3_percent": 0.15, "phase3_color": "#c80000", "phase4_population": 0, "phase4_percent": 0.0, "phase4_color": "#640000", "phase5_population": 0, "phase5_percent": 0, "phase5_color": "#640000" }, "geometry": { "type": "MultiPoint", "coordinates": [ [ 44.1936, 9.5821 ] ] } },
{ "type": "Feature", "properties": { "area_id": "59091288", "confidence_level": 0, "ipc_period": "P", "overall_phase": 3, "population_min": "10107", "population_percentage_min": "0.2", "justification": "", "prolonged_crisis": false, "population_phase_worse": null, "population_percentage_phase_worse": null, "analysis_id": "59090932", "admin_type": null, "area_name": "Ceerigaabo", "view_level": "area", "hide_settlement_labels": false, "hide_area_labels": false, "hide_area_borders": false, "show_area_popups": true, "color": "#c80000", "estimated_population": "50535", "phase1_population": 20214, "phase1_percent": 0.4, "phase1_color": "#fae61e", "phase2_population": 20214, "phase2_percent": 0.4, "phase2_color": "#e67800", "phase3_population": 10107, "phase3_percent": 0.2, "phase3_color": "#c80000", "phase4_population": 0, "phase4_percent": 0.0, "phase4_color": "#640000", "phase5_population": 0, "phase5_percent": 0, "phase5_color": "#640000" }, "geometry": { "type": "GeometryCollection", "geometries": [ { "type": "MultiPolygon", "coordinates": [ [ [ [ 47.3132, 10.2423 ], [ 46.941, 10.6309 ], [ 46.7876, 10.8109 ], [ 47.0183, 10.9615 ], [ 47.1085, 10.9934 ], [ 47.1514, 11.0633 ], [ 47.4231, 11.1762 ], [ 47.5585, 11.1703 ], [ 47.6754, 11.0911 ], [ 47.8033, 11.1229 ], [ 47.9098, 11.121 ], [ 47.981, 11.0408 ], [ 48.3923, 10.7051 ], [ 48.0463, 10.765 ], [ 47.6932, 10.6796 ], [ 47.5337, 10.5657 ], [ 47.4255, 10.3321 ], [ 47.3132, 10.2423 ] ] ] ] } ] } },
{ "type": "Feature", "properties": { "area_id": "59091121", "confidence_level": 0, "ipc_period": "P", "overall_phase": 3, "population_min": "4477", "population_percentage_min": "0.2", "justification": "", "prolonged_crisis": false, "population_phase_worse": null, "population_percentage_phase_worse": null, "analysis_id": "59090932", "admin_type": null, "area_name": "Iskushuban", "view_level": "area", "hide_settlement_labels": false, "hide_area_labels": false, "hide_area_borders": false, "show_area_popups": true, "color": "#c80000", "estimated_population": "22389", "phase1_population": 11194, "phase1_percent": 0.5, "phase1_color": "#fae61e", "phase2_population": 6716, "phase2_percent": 0.3, "phase2_color": "#e67800", "phase3_population": 4477, "phase3_percent": 0.2, "phase3_color": "#c80000", "phase4_population": 0, "phase4_percent": 0.0, "phase4_color": "#640000", "phase5_population": 0, "phase5_percent": 0, "phase5_color": "#640000" }, "geometry": { "type": "GeometryCollection", "geometries": [ { "type": "MultiPolygon", "coordinates": [ [ [ [ 50.9341, 10.409 ], [ 50.8105, 10.4029 ], [ 50.6147, 10.4556 ], [ 50.3607, 10.5782 ], [ 50.2084, 10.6157 ], [ 50.4611, 10.6609 ], [ 50.5511, 10.8308 ], [ 50.3411, 11.1608 ], [ 50.4111, 11.4008 ], [ 50.6911, 11.4108 ], [ 51.1252, 11.5016 ], [ 51.0851, 11.3397 ], [ 51.0875, 11.1877 ], [ 51.1796, 11.1322 ], [ 51.1334, 11.0397 ], [ 51.1226, 10.8855 ], [ 51.0738, 10.891 ], [ 51.0382, 10.6154 ], [ 50.9341, 10.409 ] ] ] ] } ] } },
{ "type": "Feature", "properties": { "area_id": "59091203", "confidence_level": 0, "ipc_period": "P", "overall_phase": 3, "population_min": "1243", "population_percentage_min": "0.25", "justification": "", "prolonged_crisis": false, "population_phase_worse": null, "population_percentage_phase_worse": null, "analysis_id": "59090932", "admin_type": null, "area_name": "Iskushuban (1)", "view_level": "area", "hide_settlement_labels": false, "hide_area_labels": false, "hide_area_borders": false, "show_area_popups": true, "color": "#c80000", "estimated_population": "4975", "phase1_population": 1990, "phase1_percent": 0.4, "phase1_color": "#fae61e", "phase2_population": 1741, "phase2_percent": 0.35, "phase2_color": "#e67800", "phase3_population": 995, "phase3_percent": 0.2, "phase3_color": "#c80000", "phase4_population": 248, "phase4_percent": 0.05, "phase4_color": "#640000", "phase5_population": 0, "phase5_percent": 0, "phase5_color": "#640000" }, "geometry": { "type": "GeometryCollection", "geometries": [ { "type": "MultiPolygon", "coordinates": [ [ [ [ 50.8787, 9.9209 ], [ 50.7782, 9.9193 ], [ 50.7782, 10.0146 ], [ 50.8754, 10.347 ], [ 50.9341, 10.409 ], [ 51.0382, 10.6154 ], [ 51.0738, 10.891 ], [ 51.1226, 10.8855 ], [ 51.1324, 10.6738 ], [ 51.1669, 10.5672 ], [ 51.1064, 10.5508 ], [ 51.1212, 10.431 ], [ 51.2294, 10.4317 ], [ 51.2378, 10.5075 ], [ 51.4141, 10.4406 ], [ 51.3614, 10.3697 ], [ 51.2904, 10.3693 ], [ 51.2459, 10.4226 ], [ 51.0481, 10.3967 ], [ 50.9002, 10.3109 ], [ 50.8832, 10.0966 ], [ 50.8993, 9.9929 ], [ 50.8787, 9.9209 ] ] ] ] } ] } },
{ "type": "Feature", "properties": { "area_id": "59091448", "confidence_level": 0, "ipc_period": "P", "overall_phase": 3, "population_min": "4477", "population_percentage_min": "0.2", "justification": "", "prolonged_crisis": false, "population_phase_worse": null, "population_percentage_phase_worse": null, "analysis_id": "59090932", "admin_type": null, "area_name": "Iskushuban (2)", "view_level": "area", "hide_settlement_labels": false, "hide_area_labels": false, "hide_area_borders": false, "show_area_popups": true, "color": "#c80000", "estimated_population": "22389", "phase1_population": 8955, "phase1_percent": 0.4, "phase1_color": "#fae61e", "phase2_population": 8955, "phase2_percent": 0.4, "phase2_color": "#e67800", "phase3_population": 4477, "phase3_percent": 0.2, "phase3_color": "#c80000", "phase4_population": 0, "phase4_percent": 0.0, "phase4_color": "#640000", "phase5_population": 0, "phase5_percent": 0, "phase5_color": "#640000" }, "geometry": { "type": "GeometryCollection", "geometries": [ { "type": "MultiPolygon", "coordinates": [ [ [ [ 50.7782, 9.9193 ], [ 50.5111, 9.9109 ], [ 50.0911, 9.8109 ], [ 50.0111, 9.8109 ], [ 49.7011, 10.0209 ], [ 49.5611, 10.5009 ], [ 49.621846993, 10.511673605 ], [ 50.2084, 10.6157 ], [ 50.3607, 10.5782 ], [ 50.6147, 10.4556 ], [ 50.8105, 10.4029 ], [ 50.9341, 10.409 ], [ 50.8754, 10.347 ], [ 50.7782, 10.0146 ], [ 50.7782, 9.9193 ] ] ] ] } ] } },
{ "type": "Feature", "properties": { "area_id": "59091193", "confidence_level": 0, "ipc_period": "P", "overall_phase": 3, "population_min": "36498", "population_percentage_min": "0.3", "justification": "", "prolonged_crisis": false, "population_phase_worse": null, "population_percentage_phase_worse": null, "analysis_id": "59090932", "admin_type": null, "area_name": "Gaalkacyo (2)", "view_level": "area", "hide_settlement_labels": false, "hide_area_labels": false, "hide_area_borders": false, "show_area_popups": true, "color": "#c80000", "estimated_population": "121660", "phase1_population": 36498, "phase1_percent": 0.3, "phase1_color": "#fae61e", "phase2_population": 48664, "phase2_percent": 0.4, "phase2_color": "#e67800", "phase3_population": 36498, "phase3_percent": 0.3, "phase3_color": "#c80000", "phase4_population": 0, "phase4_percent": 0.0, "phase4_color": "#640000", "phase5_population": 0, "phase5_percent": 0, "phase5_color": "#640000" }, "geometry": { "type": "MultiPoint", "coordinates": [ [ 47.2945, 6.8074 ] ] } },
{ "type": "Feature", "properties": { "area_id": "59091033", "confidence_level": 0, "ipc_period": "P", "overall_phase": 2, "population_min": "22304", "population_percentage_min": "0.15", "justification": "", "prolonged_crisis": false, "population_phase_worse": null, "population_percentage_phase_worse": null, "analysis_id": "59090932", "admin_type": null, "area_name": "Gaalkacyo (3)", "view_level": "area", "hide_settlement_labels": false, "hide_area_labels": false, "hide_area_borders": false, "show_area_popups": true, "color": "#e67800", "estimated_population": "148696", "phase1_population": 52043, "phase1_percent": 0.35, "phase1_color": "#fae61e", "phase2_population": 74348, "phase2_percent": 0.5, "phase2_color": "#e67800", "phase3_population": 22304, "phase3_percent": 0.15, "phase3_color": "#c80000", "phase4_population": 0, "phase4_percent": 0.0, "phase4_color": "#640000", "phase5_population": 0, "phase5_percent": 0, "phase5_color": "#640000" }, "geometry": { "type": "GeometryCollection", "geometries": [ { "type": "MultiPolygon", "coordinates": [ [ [ [ 47.199801532, 7.193298854 ], [ 47.1998, 7.1933 ], [ 47.5591, 7.5619 ], [ 47.3622, 7.3599 ], [ 47.531, 7.1912 ], [ 47.397770735, 7.045282233 ], [ 47.199801532, 7.193298854 ] ] ] ] } ] } },
{ "type": "Feature", "properties": { "area_id": "59091256", "confidence_level": 0, "ipc_period": "P", "overall_phase": 3, "population_min": "5528", "population_percentage_min": "0.2", "justification": "", "prolonged_crisis": false, "population_phase_worse": null, "population_percentage_phase_worse": null, "analysis_id": "59090932", "admin_type": null, "area_name": "Gaalkacyo idps rural", "view_level": "area", "hide_settlement_labels": false, "hide_area_labels": false, "hide_area_borders": false, "show_area_popups": true, "color": "#c80000", "estimated_population": "27643", "phase1_population": 11057, "phase1_percent": 0.4, "phase1_color": "#fae61e", "phase2_population": 11057, "phase2_percent": 0.4, "phase2_color": "#e67800", "phase3_population": 5528, "phase3_percent": 0.2, "phase3_color": "#c80000", "phase4_population": 0, "phase4_percent": 0.0, "phase4_color": "#640000", "phase5_population": 0, "phase5_percent": 0, "phase5_color": "#640000" }, "geometry": { "type": "MultiPoint", "coordinates": [ [ 47.5115, 6.7958 ] ] } },
{ "type": "Feature", "properties": { "area_id": "59091364", "confidence_level": 0, "ipc_period": "P", "overall_phase": 2, "population_min": "19661", "population_percentage_min": "0.15", "justification": "", "prolonged_crisis": false, "population_phase_worse": null, "population_percentage_phase_worse": null, "analysis_id": "59090932", "admin_type": null, "area_name": "Galdogob", "view_level": "area", "hide_settlement_labels": false, "hide_area_labels": false, "hide_area_borders": false, "show_area_popups": true, "color": "#e67800", "estimated_population": "131075", "phase1_population": 78645, "phase1_percent": 0.6, "phase1_color": "#fae61e", "phase2_population": 32768, "phase2_percent": 0.25, "phase2_color": "#e67800", "phase3_population": 19661, "phase3_percent": 0.15, "phase3_color": "#c80000", "phase4_population": 0, "phase4_percent": 0.0, "phase4_color": "#640000", "phase5_population": 0, "phase5_percent": 0, "phase5_color": "#640000" }, "geometry": { "type": "GeometryCollection", "geometries": [ { "type": "MultiPolygon", "coordinates": [ [ [ [ 47.199801532, 7.193298854 ], [ 47.397770735, 7.045282233 ], [ 47.111, 6.7312 ], [ 46.8985, 6.8842 ], [ 47.199801532, 7.193298854 ] ] ] ] } ] } },
{ "type": "Feature", "properties": { "area_id": "59091276", "confidence_level": 0, "ipc_period": "P", "overall_phase": 3, "population_min": "954", "population_percentage_min": "0.2", "justification": "", "prolonged_crisis": false, "population_phase_worse": null, "population_percentage_phase_worse": null, "analysis_id": "59090932", "admin_type": null, "area_name": "Iskushuban urban", "view_level": "area", "hide_settlement_labels": false, "hide_area_labels": false, "hide_area_borders": false, "show_area_popups": true, "color": "#c80000", "estimated_population": "4774", "phase1_population": 3103, "phase1_percent": 0.65, "phase1_color": "#fae61e", "phase2_population": 716, "phase2_percent": 0.15, "phase2_color": "#e67800", "phase3_population": 954, "phase3_percent": 0.2, "phase3_color": "#c80000", "phase4_population": 0, "phase4_percent": 0.0, "phase4_color": "#640000", "phase5_population": 0, "phase5_percent": 0, "phase5_color": "#640000" }, "geometry": { "type": "MultiPoint", "coordinates": [ [ 50.2282, 10.2816 ] ] } },
{ "type": "Feature", "properties": { "area_id": "59091207", "confidence_level": 0, "ipc_period": "P", "overall_phase": 2, "population_min": "14985", "population_percentage_min": "0.15", "justification": "", "prolonged_crisis": false, "population_phase_worse": null, "population_percentage_phase_worse": null, "analysis_id": "59090932", "admin_type": "urb", "area_name": "Hargeysa Urban", "view_level": "area", "hide_settlement_labels": false, "hide_area_labels": false, "hide_area_borders": false, "show_area_popups": true, "color": "#e67800", "estimated_population": "99901", "phase1_population": 39960, "phase1_percent": 0.4, "phase1_color": "#fae61e", "phase2_population": 44955, "phase2_percent": 0.45, "phase2_color": "#e67800", "phase3_population": 9990, "phase3_percent": 0.1, "phase3_color": "#c80000", "phase4_population": 4995, "phase4_percent": 0.05, "phase4_color": "#640000", "phase5_population": 0, "phase5_percent": 0, "phase5_color": "#640000" }, "geometry": { "type": "Point", "coordinates": [ 44.041758671, 9.53807936 ] } },
{ "type": "Feature", "properties": { "area_id": "59091388", "confidence_level": 0, "ipc_period": "P", "overall_phase": 2, "population_min": "0", "population_percentage_min": "0", "justification": "", "prolonged_crisis": false, "population_phase_worse": null, "population_percentage_phase_worse": null, "analysis_id": "59090932", "admin_type": null, "area_name": "Jalalaqsi", "view_level": "area", "hide_settlement_labels": false, "hide_area_labels": false, "hide_area_borders": false, "show_area_popups": true, "color": "#e67800", "estimated_population": "18661", "phase1_population": 14928, "phase1_percent": 0.8, "phase1_color": "#fae61e", "phase2_population": 3732, "phase2_percent": 0.2, "phase2_color": "#e67800", "phase3_population": 0, "phase3_percent": 0.0, "phase3_color": "#c80000", "phase4_population": 0, "phase4_percent": 0.0, "phase4_color": "#640000", "phase5_population": 0, "phase5_percent": 0, "phase5_color": "#640000" }, "geometry": { "type": "GeometryCollection", "geometries": [ { "type": "MultiPolygon", "coordinates": [ [ [ [ 45.4942, 3.5585 ], [ 45.4899, 3.4339 ], [ 45.4238, 3.2819 ], [ 45.3301, 3.2105 ], [ 45.3245, 3.2055 ], [ 45.297, 3.2035 ], [ 45.181, 3.5515 ], [ 45.4942, 3.5585 ] ] ], [ [ [ 46.091, 3.5715 ], [ 46.061, 3.5315 ], [ 46.0124, 3.4659 ], [ 45.9415, 3.2532 ], [ 45.9403, 3.2515 ], [ 45.879, 3.2469 ], [ 45.8169, 3.3711 ], [ 45.8126, 3.5656 ], [ 46.091, 3.5715 ] ] ] ] } ] } },
{ "type": "Feature", "properties": { "area_id": "59090997", "confidence_level": 0, "ipc_period": "P", "overall_phase": 4, "population_min": "1678", "population_percentage_min": "0.45", "justification": "", "prolonged_crisis": false, "population_phase_worse": null, "population_percentage_phase_worse": null, "analysis_id": "59090932", "admin_type": null, "area_name": "Jalalaqsi (1)", "view_level": "area", "hide_settlement_labels": false, "hide_area_labels": false, "hide_area_borders": false, "show_area_popups": true, "color": "#640000", "estimated_population": "3731", "phase1_population": 559, "phase1_percent": 0.15, "phase1_color": "#fae61e", "phase2_population": 1492, "phase2_percent": 0.4, "phase2_color": "#e67800", "phase3_population": 932, "phase3_percent": 0.25, "phase3_color": "#c80000", "phase4_population": 746, "phase4_percent": 0.2, "phase4_color": "#640000", "phase5_population": 0, "phase5_percent": 0, "phase5_color": "#640000" }, "geometry": { "type": "GeometryCollection", "geometries": [ { "type": "MultiPolygon", "coordinates": [ [ [ [ 45.941, 3.2515 ], [ 45.9403, 3.2515 ], [ 45.9415, 3.2532 ], [ 45.941, 3.2515 ] ] ] ] } ] } },
{ "type": "Feature", "properties": { "area_id": "59091454", "confidence_level": 0, "ipc_period": "P", "overall_phase": 4, "population_min": "657", "population_percentage_min": "0.45", "justification": "", "prolonged_crisis": false, "population_phase_worse": null, "population_percentage_phase_worse": null, "analysis_id": "59090932", "admin_type": null, "area_name": "Jalalaqsi (3)", "view_level": "area", "hide_settlement_labels": false, "hide_area_labels": false, "hide_area_borders": false, "show_area_popups": true, "color": "#640000", "estimated_population": "1463", "phase1_population": 219, "phase1_percent": 0.15, "phase1_color": "#fae61e", "phase2_population": 585, "phase2_percent": 0.4, "phase2_color": "#e67800", "phase3_population": 365, "phase3_percent": 0.25, "phase3_color": "#c80000", "phase4_population": 292, "phase4_percent": 0.2, "phase4_color": "#640000", "phase5_population": 0, "phase5_percent": 0, "phase5_color": "#640000" }, "geometry": { "type": "GeometryCollection", "geometries": [ { "type": "MultiPolygon", "coordinates": [ [ [ [ 45.6096, 3.2268 ], [ 45.5119, 3.2195 ], [ 45.561, 3.2916 ], [ 45.5764, 3.3343 ], [ 45.6254, 3.4762 ], [ 45.6028, 3.5609 ], [ 45.7465, 3.5641 ], [ 45.7443, 3.4208 ], [ 45.6096, 3.2268 ] ] ] ] } ] } },
{ "type": "Feature", "properties": { "area_id": "59091438", "confidence_level": 0, "ipc_period": "P", "overall_phase": 4, "population_min": "5982", "population_percentage_min": "0.5", "justification": "", "prolonged_crisis": false, "population_phase_worse": null, "population_percentage_phase_worse": null, "analysis_id": "59090932", "admin_type": null, "area_name": "Jalalaqsi idps", "view_level": "area", "hide_settlement_labels": false, "hide_area_labels": false, "hide_area_borders": false, "show_area_popups": true, "color": "#640000", "estimated_population": "11964", "phase1_population": 2392, "phase1_percent": 0.2, "phase1_color": "#fae61e", "phase2_population": 3589, "phase2_percent": 0.3, "phase2_color": "#e67800", "phase3_population": 2991, "phase3_percent": 0.25, "phase3_color": "#c80000", "phase4_population": 2991, "phase4_percent": 0.25, "phase4_color": "#640000", "phase5_population": 0, "phase5_percent": 0, "phase5_color": "#640000" }, "geometry": { "type": "MultiPoint", "coordinates": [ [ 45.5983, 3.3821 ] ] } },
{ "type": "Feature", "properties": { "area_id": "59091227", "confidence_level": 0, "ipc_period": "P", "overall_phase": 3, "population_min": "3280", "population_percentage_min": "0.25", "justification": "", "prolonged_crisis": false, "population_phase_worse": null, "population_percentage_phase_worse": null, "analysis_id": "59090932", "admin_type": null, "area_name": "Galdogob idps", "view_level": "area", "hide_settlement_labels": false, "hide_area_labels": false, "hide_area_borders": false, "show_area_popups": true, "color": "#c80000", "estimated_population": "13121", "phase1_population": 3936, "phase1_percent": 0.3, "phase1_color": "#fae61e", "phase2_population": 5904, "phase2_percent": 0.45, "phase2_color": "#e67800", "phase3_population": 2624, "phase3_percent": 0.2, "phase3_color": "#c80000", "phase4_population": 656, "phase4_percent": 0.05, "phase4_color": "#640000", "phase5_population": 0, "phase5_percent": 0, "phase5_color": "#640000" }, "geometry": { "type": "MultiPoint", "coordinates": [ [ 47.0255, 7.0296 ] ] } },
{ "type": "Feature", "properties": { "area_id": "59091614", "confidence_level": 0, "ipc_period": "P", "overall_phase": 3, "population_min": "30672", "population_percentage_min": "0.45", "justification": "", "prolonged_crisis": false, "population_phase_worse": null, "population_percentage_phase_worse": null, "analysis_id": "59090932", "admin_type": null, "area_name": "Jowhar idps", "view_level": "area", "hide_settlement_labels": false, "hide_area_labels": false, "hide_area_borders": false, "show_area_popups": true, "color": "#c80000", "estimated_population": "68161", "phase1_population": 10224, "phase1_percent": 0.15, "phase1_color": "#fae61e", "phase2_population": 27264, "phase2_percent": 0.4, "phase2_color": "#e67800", "phase3_population": 20448, "phase3_percent": 0.3, "phase3_color": "#c80000", "phase4_population": 10224, "phase4_percent": 0.15, "phase4_color": "#640000", "phase5_population": 0, "phase5_percent": 0, "phase5_color": "#640000" }, "geometry": { "type": "MultiPoint", "coordinates": [ [ 45.5033, 2.7736 ] ] } },
{ "type": "Feature", "properties": { "area_id": "59091604", "confidence_level": 0, "ipc_period": "P", "overall_phase": 3, "population_min": "16419", "population_percentage_min": "0.45", "justification": "", "prolonged_crisis": false, "population_phase_worse": null, "population_percentage_phase_worse": null, "analysis_id": "59090932", "admin_type": null, "area_name": "Hobyo", "view_level": "area", "hide_settlement_labels": false, "hide_area_labels": false, "hide_area_borders": false, "show_area_popups": true, "color": "#c80000", "estimated_population": "36489", "phase1_population": 5473, "phase1_percent": 0.15, "phase1_color": "#fae61e", "phase2_population": 14595, "phase2_percent": 0.4, "phase2_color": "#e67800", "phase3_population": 10946, "phase3_percent": 0.3, "phase3_color": "#c80000", "phase4_population": 5473, "phase4_percent": 0.15, "phase4_color": "#640000", "phase5_population": 0, "phase5_percent": 0, "phase5_color": "#640000" }, "geometry": { "type": "GeometryCollection", "geometries": [ { "type": "MultiPolygon", "coordinates": [ [ [ [ 48.2957, 5.0289 ], [ 48.221, 5.0414 ], [ 48.025007216, 5.095489179 ], [ 48.134513056, 5.078198783 ], [ 48.109470352, 5.115762838 ], [ 48.095644594, 5.200966241 ], [ 48.101257819, 5.206579466 ], [ 48.117369852, 5.222691499 ], [ 48.242270335, 5.323101691 ], [ 48.325537324, 5.318203633 ], [ 48.384314022, 5.391674506 ], [ 48.526357709, 5.48473761 ], [ 48.634114988, 5.59249489 ], [ 48.648809163, 5.665965762 ], [ 48.712483918, 5.724742461 ], [ 48.785954791, 5.886378379 ], [ 48.849629547, 5.940257019 ], [ 48.94759071, 6.17536381 ], [ 48.962284884, 6.361490021 ], [ 49.030857698, 6.434960894 ], [ 49.050449931, 6.606392928 ], [ 49.037157851, 6.606910801 ], [ 49.0379, 6.6088 ], [ 49.1645, 6.601 ], [ 49.0863, 6.3925 ], [ 49.0848, 6.2838 ], [ 48.9881, 6.0491 ], [ 48.6524, 5.4941 ], [ 48.2957, 5.0289 ] ] ] ] } ] } },
{ "type": "Feature", "properties": { "area_id": "59091392", "confidence_level": 0, "ipc_period": "P", "overall_phase": 3, "population_min": "860", "population_percentage_min": "0.25", "justification": "", "prolonged_crisis": false, "population_phase_worse": null, "population_percentage_phase_worse": null, "analysis_id": "59090932", "admin_type": null, "area_name": "Hobyo idps", "view_level": "area", "hide_settlement_labels": false, "hide_area_labels": false, "hide_area_borders": false, "show_area_popups": true, "color": "#c80000", "estimated_population": "3444", "phase1_population": 1033, "phase1_percent": 0.3, "phase1_color": "#fae61e", "phase2_population": 1549, "phase2_percent": 0.45, "phase2_color": "#e67800", "phase3_population": 688, "phase3_percent": 0.2, "phase3_color": "#c80000", "phase4_population": 172, "phase4_percent": 0.05, "phase4_color": "#640000", "phase5_population": 0, "phase5_percent": 0, "phase5_color": "#640000" }, "geometry": { "type": "MultiPoint", "coordinates": [ [ 48.5318, 5.3887 ] ] } },
{ "type": "Feature", "properties": { "area_id": "59091201", "confidence_level": 0, "ipc_period": "P", "overall_phase": 3, "population_min": "4458", "population_percentage_min": "0.3", "justification": "", "prolonged_crisis": false, "population_phase_worse": null, "population_percentage_phase_worse": null, "analysis_id": "59090932", "admin_type": null, "area_name": "Hobyo urban", "view_level": "area", "hide_settlement_labels": false, "hide_area_labels": false, "hide_area_borders": false, "show_area_popups": true, "color": "#c80000", "estimated_population": "14862", "phase1_population": 5944, "phase1_percent": 0.4, "phase1_color": "#fae61e", "phase2_population": 4458, "phase2_percent": 0.3, "phase2_color": "#e67800", "phase3_population": 4458, "phase3_percent": 0.3, "phase3_color": "#c80000", "phase4_population": 0, "phase4_percent": 0.0, "phase4_color": "#640000", "phase5_population": 0, "phase5_percent": 0, "phase5_color": "#640000" }, "geometry": { "type": "MultiPoint", "coordinates": [ [ 48.5259, 5.3481 ] ] } },
{ "type": "Feature", "properties": { "area_id": "59090975", "confidence_level": 0, "ipc_period": "P", "overall_phase": 4, "population_min": "40799", "population_percentage_min": "0.45", "justification": "", "prolonged_crisis": false, "population_phase_worse": null, "population_percentage_phase_worse": null, "analysis_id": "59090932", "admin_type": null, "area_name": "Marka (1)", "view_level": "area", "hide_settlement_labels": false, "hide_area_labels": false, "hide_area_borders": false, "show_area_popups": true, "color": "#640000", "estimated_population": "90665", "phase1_population": 22666, "phase1_percent": 0.25, "phase1_color": "#fae61e", "phase2_population": 27199, "phase2_percent": 0.3, "phase2_color": "#e67800", "phase3_population": 22666, "phase3_percent": 0.25, "phase3_color": "#c80000", "phase4_population": 18133, "phase4_percent": 0.2, "phase4_color": "#640000", "phase5_population": 0, "phase5_percent": 0, "phase5_color": "#640000" }, "geometry": { "type": "GeometryCollection", "geometries": [ { "type": "MultiPolygon", "coordinates": [ [ [ [ 44.841, 1.9217 ], [ 44.9187, 1.9217 ], [ 44.909511464, 1.914021468 ], [ 44.8329, 1.85 ], [ 44.78, 1.7611 ], [ 44.5089, 1.5555 ], [ 44.406, 1.5505 ], [ 44.5109, 1.6717 ], [ 44.841, 1.9217 ] ] ] ] } ] } },
{ "type": "Feature", "properties": { "area_id": "59091508", "confidence_level": 0, "ipc_period": "P", "overall_phase": 2, "population_min": "388", "population_percentage_min": "0.15", "justification": "", "prolonged_crisis": false, "population_phase_worse": null, "population_percentage_phase_worse": null, "analysis_id": "59090932", "admin_type": null, "area_name": "Marka (2)", "view_level": "area", "hide_settlement_labels": false, "hide_area_labels": false, "hide_area_borders": false, "show_area_popups": true, "color": "#e67800", "estimated_population": "2589", "phase1_population": 1165, "phase1_percent": 0.45, "phase1_color": "#fae61e", "phase2_population": 1035, "phase2_percent": 0.4, "phase2_color": "#e67800", "phase3_population": 388, "phase3_percent": 0.15, "phase3_color": "#c80000", "phase4_population": 0, "phase4_percent": 0.0, "phase4_color": "#640000", "phase5_population": 0, "phase5_percent": 0, "phase5_color": "#640000" }, "geometry": { "type": "GeometryCollection", "geometries": [ { "type": "MultiPolygon", "coordinates": [ [ [ [ 45.1289, 1.9217 ], [ 44.8995, 1.788 ], [ 44.9559, 1.8739 ], [ 44.9622, 1.8769 ], [ 44.962099472, 1.876970827 ], [ 45.0524, 1.9217 ], [ 45.1289, 1.9217 ] ] ] ] } ] } },
{ "type": "Feature", "properties": { "area_id": "59091356", "confidence_level": 0, "ipc_period": "P", "overall_phase": 3, "population_min": "1358", "population_percentage_min": "0.35", "justification": "", "prolonged_crisis": false, "population_phase_worse": null, "population_percentage_phase_worse": null, "analysis_id": "59090932", "admin_type": null, "area_name": "Marka (3)", "view_level": "area", "hide_settlement_labels": false, "hide_area_labels": false, "hide_area_borders": false, "show_area_popups": true, "color": "#c80000", "estimated_population": "3884", "phase1_population": 1359, "phase1_percent": 0.35, "phase1_color": "#fae61e", "phase2_population": 1165, "phase2_percent": 0.3, "phase2_color": "#e67800", "phase3_population": 776, "phase3_percent": 0.2, "phase3_color": "#c80000", "phase4_population": 582, "phase4_percent": 0.15, "phase4_color": "#640000", "phase5_population": 0, "phase5_percent": 0, "phase5_color": "#640000" }, "geometry": { "type": "GeometryCollection", "geometries": [ { "type": "MultiPolygon", "coordinates": [ [ [ [ 44.9187, 1.9217 ], [ 45.0524, 1.9217 ], [ 44.962099472, 1.876970827 ], [ 44.909511464, 1.914021468 ], [ 44.9187, 1.9217 ] ] ] ] } ] } },
{ "type": "Feature", "properties": { "area_id": "59091147", "confidence_level": 0, "ipc_period": "P", "overall_phase": 3, "population_min": "3078", "population_percentage_min": "0.35", "justification": "", "prolonged_crisis": false, "population_phase_worse": null, "population_percentage_phase_worse": null, "analysis_id": "59090932", "admin_type": null, "area_name": "Jowhar idps rural", "view_level": "area", "hide_settlement_labels": false, "hide_area_labels": false, "hide_area_borders": false, "show_area_popups": true, "color": "#c80000", "estimated_population": "8799", "phase1_population": 3079, "phase1_percent": 0.35, "phase1_color": "#fae61e", "phase2_population": 2639, "phase2_percent": 0.3, "phase2_color": "#e67800", "phase3_population": 1759, "phase3_percent": 0.2, "phase3_color": "#c80000", "phase4_population": 1319, "phase4_percent": 0.15, "phase4_color": "#640000", "phase5_population": 0, "phase5_percent": 0, "phase5_color": "#640000" }, "geometry": { "type": "MultiPoint", "coordinates": [ [ 45.5071, 2.7877 ] ] } },
{ "type": "Feature", "properties": { "area_id": "59091139", "confidence_level": 0, "ipc_period": "P", "overall_phase": 2, "population_min": "3589", "population_percentage_min": "0.05", "justification": "", "prolonged_crisis": false, "population_phase_worse": null, "population_percentage_phase_worse": null, "analysis_id": "59090932", "admin_type": null, "area_name": "Jowhar urban", "view_level": "area", "hide_settlement_labels": false, "hide_area_labels": false, "hide_area_borders": false, "show_area_popups": true, "color": "#e67800", "estimated_population": "71799", "phase1_population": 50259, "phase1_percent": 0.7, "phase1_color": "#fae61e", "phase2_population": 17949, "phase2_percent": 0.25, "phase2_color": "#e67800", "phase3_population": 3589, "phase3_percent": 0.05, "phase3_color": "#c80000", "phase4_population": 0, "phase4_percent": 0.0, "phase4_color": "#640000", "phase5_population": 0, "phase5_percent": 0, "phase5_color": "#640000" }, "geometry": { "type": "MultiPoint", "coordinates": [ [ 45.494, 2.774 ] ] } },
{ "type": "Feature", "properties": { "area_id": "59090938", "confidence_level": 0, "ipc_period": "P", "overall_phase": 4, "population_min": "12890", "population_percentage_min": "0.55", "justification": "", "prolonged_crisis": false, "population_phase_worse": null, "population_percentage_phase_worse": null, "analysis_id": "59090932", "admin_type": null, "area_name": "Kismaayo (1)", "view_level": "area", "hide_settlement_labels": false, "hide_area_labels": false, "hide_area_borders": false, "show_area_popups": true, "color": "#640000", "estimated_population": "23437", "phase1_population": 7031, "phase1_percent": 0.3, "phase1_color": "#fae61e", "phase2_population": 3515, "phase2_percent": 0.15, "phase2_color": "#e67800", "phase3_population": 5859, "phase3_percent": 0.25, "phase3_color": "#c80000", "phase4_population": 7031, "phase4_percent": 0.3, "phase4_color": "#640000", "phase5_population": 0, "phase5_percent": 0, "phase5_color": "#640000" }, "geometry": { "type": "GeometryCollection", "geometries": [ { "type": "MultiPolygon", "coordinates": [ [ [ [ 42.6776, -0.1339 ], [ 42.6406, -0.1707 ], [ 42.6484, -0.2426 ], [ 42.5954, -0.2926 ], [ 42.4954, -0.2359 ], [ 42.495473593, -0.234182821 ], [ 42.4955, -0.2341 ], [ 42.4969, -0.2009 ], [ 42.4286, -0.0212 ], [ 42.5309, -0.0182 ], [ 42.6776, -0.1339 ] ] ] ] } ] } },
{ "type": "Feature", "properties": { "area_id": "59091428", "confidence_level": 0, "ipc_period": "P", "overall_phase": 2, "population_min": "3516", "population_percentage_min": "0.1", "justification": "", "prolonged_crisis": false, "population_phase_worse": null, "population_percentage_phase_worse": null, "analysis_id": "59090932", "admin_type": null, "area_name": "Kismaayo (2)", "view_level": "area", "hide_settlement_labels": false, "hide_area_labels": false, "hide_area_borders": false, "show_area_popups": true, "color": "#e67800", "estimated_population": "35164", "phase1_population": 21098, "phase1_percent": 0.6, "phase1_color": "#fae61e", "phase2_population": 10549, "phase2_percent": 0.3, "phase2_color": "#e67800", "phase3_population": 3516, "phase3_percent": 0.1, "phase3_color": "#c80000", "phase4_population": 0, "phase4_percent": 0.0, "phase4_color": "#640000", "phase5_population": 0, "phase5_percent": 0, "phase5_color": "#640000" }, "geometry": { "type": "GeometryCollection", "geometries": [ { "type": "MultiPolygon", "coordinates": [ [ [ [ 42.1713, -0.3632 ], [ 42.1125, -0.3986 ], [ 42.0747, -0.4271 ], [ 41.941, -0.6199 ], [ 41.9144, -0.9161 ], [ 41.4162, -0.3425 ], [ 41.494, -0.2705 ], [ 41.6299, -0.2136 ], [ 41.7592, -0.2024 ], [ 41.7843, -0.2633 ], [ 42.1713, -0.3632 ] ] ], [ [ [ 42.4286, -0.0212 ], [ 42.4969, -0.2009 ], [ 42.4955, -0.2341 ], [ 42.495477236, -0.234097827 ], [ 42.4756, -0.2322 ], [ 42.4298, -0.2236 ], [ 42.2551, -0.118 ], [ 42.1501, -0.0294 ], [ 42.4286, -0.0212 ] ] ] ] } ] } },
{ "type": "Feature", "properties": { "area_id": "59091378", "confidence_level": 0, "ipc_period": "P", "overall_phase": 3, "population_min": "5376", "population_percentage_min": "0.2", "justification": "", "prolonged_crisis": false, "population_phase_worse": null, "population_percentage_phase_worse": null, "analysis_id": "59090932", "admin_type": null, "area_name": "Kismaayo idps rural", "view_level": "area", "hide_settlement_labels": false, "hide_area_labels": false, "hide_area_borders": false, "show_area_popups": true, "color": "#c80000", "estimated_population": "26882", "phase1_population": 16129, "phase1_percent": 0.6, "phase1_color": "#fae61e", "phase2_population": 5376, "phase2_percent": 0.2, "phase2_color": "#e67800", "phase3_population": 4032, "phase3_percent": 0.15, "phase3_color": "#c80000", "phase4_population": 1344, "phase4_percent": 0.05, "phase4_color": "#640000", "phase5_population": 0, "phase5_percent": 0, "phase5_color": "#640000" }, "geometry": { "type": "MultiPoint", "coordinates": [ [ 42.3877, -0.327 ] ] } },
{ "type": "Feature", "properties": { "area_id": "59091141", "confidence_level": 0, "ipc_period": "P", "overall_phase": 4, "population_min": "3788", "population_percentage_min": "0.4", "justification": "", "prolonged_crisis": false, "population_phase_worse": null, "population_percentage_phase_worse": null, "analysis_id": "59090932", "admin_type": null, "area_name": "Jalalaqsi urban", "view_level": "area", "hide_settlement_labels": false, "hide_area_labels": false, "hide_area_borders": false, "show_area_popups": true, "color": "#640000", "estimated_population": "9474", "phase1_population": 2842, "phase1_percent": 0.3, "phase1_color": "#fae61e", "phase2_population": 2842, "phase2_percent": 0.3, "phase2_color": "#e67800", "phase3_population": 1894, "phase3_percent": 0.2, "phase3_color": "#c80000", "phase4_population": 1894, "phase4_percent": 0.2, "phase4_color": "#640000", "phase5_population": 0, "phase5_percent": 0, "phase5_color": "#640000" }, "geometry": { "type": "MultiPoint", "coordinates": [ [ 45.5896, 3.3818 ] ] } },
{ "type": "Feature", "properties": { "area_id": "59091564", "confidence_level": 0, "ipc_period": "P", "overall_phase": 4, "population_min": "55204", "population_percentage_min": "0.55", "justification": "", "prolonged_crisis": false, "population_phase_worse": null, "population_percentage_phase_worse": null, "analysis_id": "59090932", "admin_type": null, "area_name": "Jamaame", "view_level": "area", "hide_settlement_labels": false, "hide_area_labels": false, "hide_area_borders": false, "show_area_popups": true, "color": "#640000", "estimated_population": "100373", "phase1_population": 30111, "phase1_percent": 0.3, "phase1_color": "#fae61e", "phase2_population": 15055, "phase2_percent": 0.15, "phase2_color": "#e67800", "phase3_population": 25093, "phase3_percent": 0.25, "phase3_color": "#c80000", "phase4_population": 30111, "phase4_percent": 0.3, "phase4_color": "#640000", "phase5_population": 0, "phase5_percent": 0, "phase5_color": "#640000" }, "geometry": { "type": "GeometryCollection", "geometries": [ { "type": "MultiPolygon", "coordinates": [ [ [ [ 42.7154, 0.3153 ], [ 42.72678294, 0.328679947 ], [ 42.7309, 0.3118 ], [ 42.9203, 0.3187 ], [ 42.8414, 0.222 ], [ 42.8054, 0.0696 ], [ 42.8769, 0.0536 ], [ 42.8008, -0.0421 ], [ 42.6776, -0.1339 ], [ 42.5309, -0.0182 ], [ 42.5409, 0.1118 ], [ 42.7022, 0.3 ], [ 42.7154, 0.3153 ] ] ] ] } ] } },
{ "type": "Feature", "properties": { "area_id": "59091143", "confidence_level": 0, "ipc_period": "P", "overall_phase": 2, "population_min": "234", "population_percentage_min": "0.1", "justification": "", "prolonged_crisis": false, "population_phase_worse": null, "population_percentage_phase_worse": null, "analysis_id": "59090932", "admin_type": "pnt", "area_name": "Jamaame (1)", "view_level": "area", "hide_settlement_labels": false, "hide_area_labels": false, "hide_area_borders": false, "show_area_popups": true, "color": "#e67800", "estimated_population": "2348", "phase1_population": 1408, "phase1_percent": 0.6, "phase1_color": "#fae61e", "phase2_population": 704, "phase2_percent": 0.3, "phase2_color": "#e67800", "phase3_population": 234, "phase3_percent": 0.1, "phase3_color": "#c80000", "phase4_population": 0, "phase4_percent": 0.0, "phase4_color": "#640000", "phase5_population": 0, "phase5_percent": 0, "phase5_color": "#640000" }, "geometry": { "type": "Point", "coordinates": [ 42.731341317, 0.062662986 ] } },
{ "type": "Feature", "properties": { "area_id": "59090943", "confidence_level": 0, "ipc_period": "P", "overall_phase": 3, "population_min": "33017", "population_percentage_min": "0.25", "justification": "", "prolonged_crisis": false, "population_phase_worse": null, "population_percentage_phase_worse": null, "analysis_id": "59090932", "admin_type": null, "area_name": "Jamaame (2)", "view_level": "area", "hide_settlement_labels": false, "hide_area_labels": false, "hide_area_borders": false, "show_area_popups": true, "color": "#c80000", "estimated_population": "132068", "phase1_population": 59430, "phase1_percent": 0.45, "phase1_color": "#fae61e", "phase2_population": 39620, "phase2_percent": 0.3, "phase2_color": "#e67800", "phase3_population": 33017, "phase3_percent": 0.25, "phase3_color": "#c80000", "phase4_population": 0, "phase4_percent": 0.0, "phase4_color": "#640000", "phase5_population": 0, "phase5_percent": 0, "phase5_color": "#640000" }, "geometry": { "type": "GeometryCollection", "geometries": [ { "type": "MultiPolygon", "coordinates": [ [ [ [ 42.724, -0.1706 ], [ 42.6776, -0.1339 ], [ 42.8008, -0.0421 ], [ 42.8769, 0.0536 ], [ 42.8054, 0.0696 ], [ 42.8414, 0.222 ], [ 42.9203, 0.3187 ], [ 43.1907, 0.3285 ], [ 42.886, -0.0102 ], [ 42.724, -0.1706 ] ] ] ] } ] } },
{ "type": "Feature", "properties": { "area_id": "59091492", "confidence_level": 0, "ipc_period": "P", "overall_phase": 3, "population_min": "73386", "population_percentage_min": "0.45", "justification": "", "prolonged_crisis": false, "population_phase_worse": null, "population_percentage_phase_worse": null, "analysis_id": "59090932", "admin_type": null, "area_name": "Jamaame urban", "view_level": "area", "hide_settlement_labels": false, "hide_area_labels": false, "hide_area_borders": false, "show_area_popups": true, "color": "#c80000", "estimated_population": "163081", "phase1_population": 40770, "phase1_percent": 0.25, "phase1_color": "#fae61e", "phase2_population": 48924, "phase2_percent": 0.3, "phase2_color": "#e67800", "phase3_population": 57078, "phase3_percent": 0.35, "phase3_color": "#c80000", "phase4_population": 16308, "phase4_percent": 0.1, "phase4_color": "#640000", "phase5_population": 0, "phase5_percent": 0, "phase5_color": "#640000" }, "geometry": { "type": "MultiPoint", "coordinates": [ [ 42.7405, 0.0676 ] ] } },
{ "type": "Feature", "properties": { "area_id": "59090946", "confidence_level": 0, "ipc_period": "P", "overall_phase": 3, "population_min": "24797", "population_percentage_min": "0.45", "justification": "", "prolonged_crisis": false, "population_phase_worse": null, "population_percentage_phase_worse": null, "analysis_id": "59090932", "admin_type": null, "area_name": "Jilib urban", "view_level": "area", "hide_settlement_labels": false, "hide_area_labels": false, "hide_area_borders": false, "show_area_popups": true, "color": "#c80000", "estimated_population": "55108", "phase1_population": 13777, "phase1_percent": 0.25, "phase1_color": "#fae61e", "phase2_population": 16532, "phase2_percent": 0.3, "phase2_color": "#e67800", "phase3_population": 19287, "phase3_percent": 0.35, "phase3_color": "#c80000", "phase4_population": 5510, "phase4_percent": 0.1, "phase4_color": "#640000", "phase5_population": 0, "phase5_percent": 0, "phase5_color": "#640000" }, "geometry": { "type": "MultiPoint", "coordinates": [ [ 42.7649, 0.4878 ] ] } },
{ "type": "Feature", "properties": { "area_id": "59091081", "confidence_level": 0, "ipc_period": "P", "overall_phase": 4, "population_min": "43776", "population_percentage_min": "0.45", "justification": "", "prolonged_crisis": false, "population_phase_worse": null, "population_percentage_phase_worse": null, "analysis_id": "59090932", "admin_type": null, "area_name": "Jowhar", "view_level": "area", "hide_settlement_labels": false, "hide_area_labels": false, "hide_area_borders": false, "show_area_popups": true, "color": "#640000", "estimated_population": "97281", "phase1_population": 24320, "phase1_percent": 0.25, "phase1_color": "#fae61e", "phase2_population": 29184, "phase2_percent": 0.3, "phase2_color": "#e67800", "phase3_population": 24320, "phase3_percent": 0.25, "phase3_color": "#c80000", "phase4_population": 19456, "phase4_percent": 0.2, "phase4_color": "#640000", "phase5_population": 0, "phase5_percent": 0, "phase5_color": "#640000" }, "geometry": { "type": "GeometryCollection", "geometries": [ { "type": "MultiPolygon", "coordinates": [ [ [ [ 45.5119, 3.2195 ], [ 45.6096, 3.2268 ], [ 45.6086, 3.2256 ], [ 45.608382628, 3.225021987 ], [ 45.6081, 3.225 ], [ 45.591, 3.1788 ], [ 45.5684, 2.7238 ], [ 45.45, 2.7591 ], [ 45.5006, 2.9713 ], [ 45.4482, 3.0126 ], [ 45.5042, 3.0766 ], [ 45.4992, 3.1936 ], [ 45.5119, 3.2195 ] ] ] ] } ] } },
{ "type": "Feature", "properties": { "area_id": "59091632", "confidence_level": 0, "ipc_period": "P", "overall_phase": 3, "population_min": "42560", "population_percentage_min": "0.35", "justification": "", "prolonged_crisis": false, "population_phase_worse": null, "population_percentage_phase_worse": null, "analysis_id": "59090932", "admin_type": null, "area_name": "Jowhar (1)", "view_level": "area", "hide_settlement_labels": false, "hide_area_labels": false, "hide_area_borders": false, "show_area_popups": true, "color": "#c80000", "estimated_population": "121601", "phase1_population": 42560, "phase1_percent": 0.35, "phase1_color": "#fae61e", "phase2_population": 36480, "phase2_percent": 0.3, "phase2_color": "#e67800", "phase3_population": 24320, "phase3_percent": 0.2, "phase3_color": "#c80000", "phase4_population": 18240, "phase4_percent": 0.15, "phase4_color": "#640000", "phase5_population": 0, "phase5_percent": 0, "phase5_color": "#640000" }, "geometry": { "type": "GeometryCollection", "geometries": [ { "type": "MultiPolygon", "coordinates": [ [ [ [ 45.4992, 3.1936 ], [ 45.5042, 3.0766 ], [ 45.4482, 3.0126 ], [ 45.5006, 2.9713 ], [ 45.45, 2.7591 ], [ 45.3337, 2.7322 ], [ 45.333685787, 2.732220665 ], [ 45.2011, 2.925 ], [ 45.2676, 2.9786 ], [ 45.2742, 3.1514 ], [ 45.3245, 3.2055 ], [ 45.3301, 3.2105 ], [ 45.3449, 3.2071 ], [ 45.4992, 3.1936 ] ] ], [ [ [ 45.5684, 2.7238 ], [ 45.591, 3.1788 ], [ 45.6081, 3.225 ], [ 45.608382628, 3.225021987 ], [ 45.6086, 3.2256 ], [ 45.6096, 3.2268 ], [ 45.879, 3.2469 ], [ 45.9389, 3.2496 ], [ 45.9043, 3.1189 ], [ 45.7528, 2.9522 ], [ 45.7031, 2.8227 ], [ 45.7183, 2.7326 ], [ 45.5684, 2.7238 ] ] ] ] } ] } },
{ "type": "Feature", "properties": { "area_id": "59091035", "confidence_level": 0, "ipc_period": "P", "overall_phase": 3, "population_min": "16629", "population_percentage_min": "0.45", "justification": "", "prolonged_crisis": false, "population_phase_worse": null, "population_percentage_phase_worse": null, "analysis_id": "59090932", "admin_type": null, "area_name": "Marka idps", "view_level": "area", "hide_settlement_labels": false, "hide_area_labels": false, "hide_area_borders": false, "show_area_popups": true, "color": "#c80000", "estimated_population": "36954", "phase1_population": 5543, "phase1_percent": 0.15, "phase1_color": "#fae61e", "phase2_population": 14781, "phase2_percent": 0.4, "phase2_color": "#e67800", "phase3_population": 11086, "phase3_percent": 0.3, "phase3_color": "#c80000", "phase4_population": 5543, "phase4_percent": 0.15, "phase4_color": "#640000", "phase5_population": 0, "phase5_percent": 0, "phase5_color": "#640000" }, "geometry": { "type": "MultiPoint", "coordinates": [ [ 44.7695, 1.7133 ] ] } },
{ "type": "Feature", "properties": { "area_id": "59091292", "confidence_level": 0, "ipc_period": "P", "overall_phase": 2, "population_min": "5881", "population_percentage_min": "0.05", "justification": "", "prolonged_crisis": false, "population_phase_worse": null, "population_percentage_phase_worse": null, "analysis_id": "59090932", "admin_type": null, "area_name": "Marka urban", "view_level": "area", "hide_settlement_labels": false, "hide_area_labels": false, "hide_area_borders": false, "show_area_popups": true, "color": "#e67800", "estimated_population": "117633", "phase1_population": 82343, "phase1_percent": 0.7, "phase1_color": "#fae61e", "phase2_population": 29408, "phase2_percent": 0.25, "phase2_color": "#e67800", "phase3_population": 5881, "phase3_percent": 0.05, "phase3_color": "#c80000", "phase4_population": 0, "phase4_percent": 0.0, "phase4_color": "#640000", "phase5_population": 0, "phase5_percent": 0, "phase5_color": "#640000" }, "geometry": { "type": "MultiPoint", "coordinates": [ [ 44.7664, 1.7124 ] ] } },
{ "type": "Feature", "properties": { "area_id": "59091348", "confidence_level": 0, "ipc_period": "P", "overall_phase": 1, "population_min": "0", "population_percentage_min": "0", "justification": "", "prolonged_crisis": false, "population_phase_worse": null, "population_percentage_phase_worse": null, "analysis_id": "59090932", "admin_type": null, "area_name": "Jowhar (2)", "view_level": "area", "hide_settlement_labels": false, "hide_area_labels": false, "hide_area_borders": false, "show_area_popups": true, "color": "#fae61e", "estimated_population": "7296", "phase1_population": 6201, "phase1_percent": 0.85, "phase1_color": "#fae61e", "phase2_population": 1094, "phase2_percent": 0.15, "phase2_color": "#e67800", "phase3_population": 0, "phase3_percent": 0.0, "phase3_color": "#c80000", "phase4_population": 0, "phase4_percent": 0.0, "phase4_color": "#640000", "phase5_population": 0, "phase5_percent": 0, "phase5_color": "#640000" }, "geometry": { "type": "GeometryCollection", "geometries": [ { "type": "MultiPolygon", "coordinates": [ [ [ [ 45.297, 3.2035 ], [ 45.3245, 3.2055 ], [ 45.2742, 3.1514 ], [ 45.2676, 2.9786 ], [ 45.2011, 2.925 ], [ 45.121, 3.0416 ], [ 45.071, 3.2516 ], [ 45.151, 3.2116 ], [ 45.297, 3.2035 ] ] ], [ [ [ 45.9389, 3.2496 ], [ 45.879, 3.2469 ], [ 45.9403, 3.2515 ], [ 45.9389, 3.2496 ] ] ] ] } ] } },
{ "type": "Feature", "properties": { "area_id": "59091069", "confidence_level": 0, "ipc_period": "P", "overall_phase": 2, "population_min": "2553", "population_percentage_min": "0.15", "justification": "", "prolonged_crisis": false, "population_phase_worse": null, "population_percentage_phase_worse": null, "analysis_id": "59090932", "admin_type": null, "area_name": "Jowhar (4)", "view_level": "area", "hide_settlement_labels": false, "hide_area_labels": false, "hide_area_borders": false, "show_area_popups": true, "color": "#e67800", "estimated_population": "17024", "phase1_population": 8512, "phase1_percent": 0.5, "phase1_color": "#fae61e", "phase2_population": 5958, "phase2_percent": 0.35, "phase2_color": "#e67800", "phase3_population": 2553, "phase3_percent": 0.15, "phase3_color": "#c80000", "phase4_population": 0, "phase4_percent": 0.0, "phase4_color": "#640000", "phase5_population": 0, "phase5_percent": 0, "phase5_color": "#640000" }, "geometry": { "type": "GeometryCollection", "geometries": [ { "type": "MultiPolygon", "coordinates": [ [ [ [ 45.941, 3.2515 ], [ 45.961, 2.7316 ], [ 45.7183, 2.7326 ], [ 45.7031, 2.8227 ], [ 45.7528, 2.9522 ], [ 45.9043, 3.1189 ], [ 45.9389, 3.2496 ], [ 45.9403, 3.2515 ], [ 45.941, 3.2515 ] ] ] ] } ] } },
{ "type": "Feature", "properties": { "area_id": "59091105", "confidence_level": 0, "ipc_period": "P", "overall_phase": 3, "population_min": "4891", "population_percentage_min": "0.35", "justification": "", "prolonged_crisis": false, "population_phase_worse": null, "population_percentage_phase_worse": null, "analysis_id": "59090932", "admin_type": null, "area_name": "Qoryooley (2)", "view_level": "area", "hide_settlement_labels": false, "hide_area_labels": false, "hide_area_borders": false, "show_area_popups": true, "color": "#c80000", "estimated_population": "13978", "phase1_population": 4892, "phase1_percent": 0.35, "phase1_color": "#fae61e", "phase2_population": 4193, "phase2_percent": 0.3, "phase2_color": "#e67800", "phase3_population": 2795, "phase3_percent": 0.2, "phase3_color": "#c80000", "phase4_population": 2096, "phase4_percent": 0.15, "phase4_color": "#640000", "phase5_population": 0, "phase5_percent": 0, "phase5_color": "#640000" }, "geometry": { "type": "GeometryCollection", "geometries": [ { "type": "MultiPolygon", "coordinates": [ [ [ [ 44.661, 2.2416 ], [ 44.795, 2.0137 ], [ 44.7588, 1.9935 ], [ 44.6487, 1.9128 ], [ 44.5927, 1.9849 ], [ 44.4726, 2.0213 ], [ 44.4433, 2.13 ], [ 44.6494, 2.235 ], [ 44.661, 2.2416 ] ] ] ] } ] } },
{ "type": "Feature", "properties": { "area_id": "59091213", "confidence_level": 0, "ipc_period": "P", "overall_phase": 4, "population_min": "48862", "population_percentage_min": "0.5", "justification": "", "prolonged_crisis": false, "population_phase_worse": null, "population_percentage_phase_worse": null, "analysis_id": "59090932", "admin_type": "idp", "area_name": "Kismayo IDPS", "view_level": "area", "hide_settlement_labels": false, "hide_area_labels": false, "hide_area_borders": false, "show_area_popups": true, "color": "#640000", "estimated_population": "97725", "phase1_population": 14658, "phase1_percent": 0.15, "phase1_color": "#fae61e", "phase2_population": 34203, "phase2_percent": 0.35, "phase2_color": "#e67800", "phase3_population": 29317, "phase3_percent": 0.3, "phase3_color": "#c80000", "phase4_population": 19545, "phase4_percent": 0.2, "phase4_color": "#640000", "phase5_population": 0, "phase5_percent": 0, "phase5_color": "#640000" }, "geometry": { "type": "Point", "coordinates": [ 42.483837128, -0.383529016 ] } },
{ "type": "Feature", "properties": { "area_id": "59091103", "confidence_level": 0, "ipc_period": "P", "overall_phase": 3, "population_min": "11206", "population_percentage_min": "0.45", "justification": "", "prolonged_crisis": false, "population_phase_worse": null, "population_percentage_phase_worse": null, "analysis_id": "59090932", "admin_type": "urb", "area_name": "Kismayo URBAN", "view_level": "area", "hide_settlement_labels": false, "hide_area_labels": false, "hide_area_borders": false, "show_area_popups": true, "color": "#c80000", "estimated_population": "24903", "phase1_population": 6225, "phase1_percent": 0.25, "phase1_color": "#fae61e", "phase2_population": 7470, "phase2_percent": 0.3, "phase2_color": "#e67800", "phase3_population": 8716, "phase3_percent": 0.35, "phase3_color": "#c80000", "phase4_population": 2490, "phase4_percent": 0.1, "phase4_color": "#640000", "phase5_population": 0, "phase5_percent": 0, "phase5_color": "#640000" }, "geometry": { "type": "Point", "coordinates": [ 42.469182668, -0.438091451 ] } },
{ "type": "Feature", "properties": { "area_id": "59091280", "confidence_level": 0, "ipc_period": "P", "overall_phase": 1, "population_min": "0", "population_percentage_min": "0", "justification": "", "prolonged_crisis": false, "population_phase_worse": null, "population_percentage_phase_worse": null, "analysis_id": "59090932", "admin_type": null, "area_name": "Kurtunwaarey (1)", "view_level": "area", "hide_settlement_labels": false, "hide_area_labels": false, "hide_area_borders": false, "show_area_popups": true, "color": "#fae61e", "estimated_population": "5900", "phase1_population": 5310, "phase1_percent": 0.9, "phase1_color": "#fae61e", "phase2_population": 590, "phase2_percent": 0.1, "phase2_color": "#e67800", "phase3_population": 0, "phase3_percent": 0.0, "phase3_color": "#c80000", "phase4_population": 0, "phase4_percent": 0.0, "phase4_color": "#640000", "phase5_population": 0, "phase5_percent": 0, "phase5_color": "#640000" }, "geometry": { "type": "GeometryCollection", "geometries": [ { "type": "MultiPolygon", "coordinates": [ [ [ [ 44.3809, 1.5317 ], [ 44.1509, 1.4417 ], [ 44.079, 1.4827 ], [ 44.2682, 1.5902 ], [ 44.406, 1.5505 ], [ 44.3809, 1.5317 ] ] ] ] } ] } },
{ "type": "Feature", "properties": { "area_id": "59091197", "confidence_level": 0, "ipc_period": "P", "overall_phase": 1, "population_min": "0", "population_percentage_min": "0", "justification": "", "prolonged_crisis": false, "population_phase_worse": null, "population_percentage_phase_worse": null, "analysis_id": "59090932", "admin_type": null, "area_name": "Kurtunwaarey (2)", "view_level": "area", "hide_settlement_labels": false, "hide_area_labels": false, "hide_area_borders": false, "show_area_popups": true, "color": "#fae61e", "estimated_population": "4497", "phase1_population": 3822, "phase1_percent": 0.85, "phase1_color": "#fae61e", "phase2_population": 674, "phase2_percent": 0.15, "phase2_color": "#e67800", "phase3_population": 0, "phase3_percent": 0.0, "phase3_color": "#c80000", "phase4_population": 0, "phase4_percent": 0.0, "phase4_color": "#640000", "phase5_population": 0, "phase5_percent": 0, "phase5_color": "#640000" }, "geometry": { "type": "GeometryCollection", "geometries": [ { "type": "MultiPolygon", "coordinates": [ [ [ [ 43.5854, 1.7635 ], [ 43.8809, 1.8817 ], [ 43.900097311, 1.890175626 ], [ 43.9014, 1.8907 ], [ 44.3714, 1.7218 ], [ 44.2788, 1.6865 ], [ 43.9932, 1.5315 ], [ 43.5854, 1.7635 ] ] ] ] } ] } },
{ "type": "Feature", "properties": { "area_id": "59091091", "confidence_level": 0, "ipc_period": "P", "overall_phase": 2, "population_min": "1297", "population_percentage_min": "0.05", "justification": "", "prolonged_crisis": false, "population_phase_worse": null, "population_percentage_phase_worse": null, "analysis_id": "59090932", "admin_type": null, "area_name": "Kurtunwaarey urban", "view_level": "area", "hide_settlement_labels": false, "hide_area_labels": false, "hide_area_borders": false, "show_area_popups": true, "color": "#e67800", "estimated_population": "25945", "phase1_population": 18161, "phase1_percent": 0.7, "phase1_color": "#fae61e", "phase2_population": 6486, "phase2_percent": 0.25, "phase2_color": "#e67800", "phase3_population": 1297, "phase3_percent": 0.05, "phase3_color": "#c80000", "phase4_population": 0, "phase4_percent": 0.0, "phase4_color": "#640000", "phase5_population": 0, "phase5_percent": 0, "phase5_color": "#640000" }, "geometry": { "type": "MultiPoint", "coordinates": [ [ 44.3284, 1.6055 ] ] } },
{ "type": "Feature", "properties": { "area_id": "59091101", "confidence_level": 0, "ipc_period": "P", "overall_phase": 2, "population_min": "13959", "population_percentage_min": "0.15", "justification": "", "prolonged_crisis": false, "population_phase_worse": null, "population_percentage_phase_worse": null, "analysis_id": "59090932", "admin_type": null, "area_name": "Laas caanood", "view_level": "area", "hide_settlement_labels": false, "hide_area_labels": false, "hide_area_borders": false, "show_area_popups": true, "color": "#e67800", "estimated_population": "93060", "phase1_population": 32570, "phase1_percent": 0.35, "phase1_color": "#fae61e", "phase2_population": 46530, "phase2_percent": 0.5, "phase2_color": "#e67800", "phase3_population": 13959, "phase3_percent": 0.15, "phase3_color": "#c80000", "phase4_population": 0, "phase4_percent": 0.0, "phase4_color": "#640000", "phase5_population": 0, "phase5_percent": 0, "phase5_color": "#640000" }, "geometry": { "type": "GeometryCollection", "geometries": [ { "type": "MultiPolygon", "coordinates": [ [ [ [ 48.1347, 8.3297 ], [ 48.051, 8.2411 ], [ 48.131, 8.2111 ], [ 47.921, 8.0011 ], [ 47.0128, 8.0011 ], [ 47.0945, 8.5196 ], [ 47.0681, 8.3305 ], [ 47.1223, 8.2984 ], [ 47.3347, 8.27 ], [ 47.541, 8.302 ], [ 47.6471, 8.2954 ], [ 47.7421, 8.2432 ], [ 47.8576, 8.2417 ], [ 47.9525, 8.3102 ], [ 48.1347, 8.3297 ] ] ] ] } ] } },
{ "type": "Feature", "properties": { "area_id": "59091290", "confidence_level": 0, "ipc_period": "P", "overall_phase": 3, "population_min": "23265", "population_percentage_min": "0.25", "justification": "", "prolonged_crisis": false, "population_phase_worse": null, "population_percentage_phase_worse": null, "analysis_id": "59090932", "admin_type": null, "area_name": "Laas caanood (1)", "view_level": "area", "hide_settlement_labels": false, "hide_area_labels": false, "hide_area_borders": false, "show_area_popups": true, "color": "#c80000", "estimated_population": "93060", "phase1_population": 37224, "phase1_percent": 0.4, "phase1_color": "#fae61e", "phase2_population": 32570, "phase2_percent": 0.35, "phase2_color": "#e67800", "phase3_population": 18612, "phase3_percent": 0.2, "phase3_color": "#c80000", "phase4_population": 4653, "phase4_percent": 0.05, "phase4_color": "#640000", "phase5_population": 0, "phase5_percent": 0, "phase5_color": "#640000" }, "geometry": { "type": "GeometryCollection", "geometries": [ { "type": "MultiPolygon", "coordinates": [ [ [ [ 46.9694, 8.755 ], [ 46.921, 8.7674 ], [ 46.920919872, 8.782604222 ], [ 46.920878312, 8.790490225 ], [ 46.9206, 8.8433 ], [ 48.041, 8.781 ], [ 48.561, 8.781 ], [ 48.1347, 8.3297 ], [ 47.9525, 8.3102 ], [ 47.8576, 8.2417 ], [ 47.7421, 8.2432 ], [ 47.6471, 8.2954 ], [ 47.541, 8.302 ], [ 47.3347, 8.27 ], [ 47.1223, 8.2984 ], [ 47.0681, 8.3305 ], [ 47.0945, 8.5196 ], [ 47.0915, 8.5791 ], [ 47.0629, 8.6335 ], [ 46.9694, 8.755 ] ] ] ] } ] } },
{ "type": "Feature", "properties": { "area_id": "59091231", "confidence_level": 0, "ipc_period": "P", "overall_phase": 3, "population_min": "1217", "population_percentage_min": "0.25", "justification": "", "prolonged_crisis": false, "population_phase_worse": null, "population_percentage_phase_worse": null, "analysis_id": "59090932", "admin_type": null, "area_name": "Laasqoray idps rural", "view_level": "area", "hide_settlement_labels": false, "hide_area_labels": false, "hide_area_borders": false, "show_area_popups": true, "color": "#c80000", "estimated_population": "4871", "phase1_population": 1948, "phase1_percent": 0.4, "phase1_color": "#fae61e", "phase2_population": 1704, "phase2_percent": 0.35, "phase2_color": "#e67800", "phase3_population": 974, "phase3_percent": 0.2, "phase3_color": "#c80000", "phase4_population": 243, "phase4_percent": 0.05, "phase4_color": "#640000", "phase5_population": 0, "phase5_percent": 0, "phase5_color": "#640000" }, "geometry": { "type": "MultiPoint", "coordinates": [ [ 48.1998, 11.1272 ] ] } },
{ "type": "Feature", "properties": { "area_id": "59091041", "confidence_level": 0, "ipc_period": "P", "overall_phase": 2, "population_min": "5275", "population_percentage_min": "0.15", "justification": "", "prolonged_crisis": false, "population_phase_worse": null, "population_percentage_phase_worse": null, "analysis_id": "59090932", "admin_type": null, "area_name": "Luuq", "view_level": "area", "hide_settlement_labels": false, "hide_area_labels": false, "hide_area_borders": false, "show_area_popups": true, "color": "#e67800", "estimated_population": "35173", "phase1_population": 19345, "phase1_percent": 0.55, "phase1_color": "#fae61e", "phase2_population": 10551, "phase2_percent": 0.3, "phase2_color": "#e67800", "phase3_population": 5275, "phase3_percent": 0.15, "phase3_color": "#c80000", "phase4_population": 0, "phase4_percent": 0.0, "phase4_color": "#640000", "phase5_population": 0, "phase5_percent": 0, "phase5_color": "#640000" }, "geometry": { "type": "GeometryCollection", "geometries": [ { "type": "MultiPolygon", "coordinates": [ [ [ [ 42.2765, 3.8987 ], [ 42.3427, 3.7586 ], [ 42.4038, 3.6949 ], [ 42.4365, 3.7015 ], [ 42.48343751, 3.701999335 ], [ 42.4835, 3.702 ], [ 42.483391475, 3.701765218 ], [ 42.4682, 3.6689 ], [ 42.438, 3.6194 ], [ 42.4528, 3.5168 ], [ 42.2502, 3.5978 ], [ 42.2406, 3.6614 ], [ 42.1614, 3.7884 ], [ 42.0976, 3.8044 ], [ 42.1009, 3.8115 ], [ 42.2309, 3.7915 ], [ 42.2765, 3.8987 ] ] ], [ [ [ 42.8851, 4.3084 ], [ 42.9625, 4.1688 ], [ 43.002, 4.0747 ], [ 42.9743, 3.9161 ], [ 42.8696, 3.949 ], [ 42.7607, 3.9281 ], [ 42.7246, 3.8797 ], [ 42.6602, 3.9918 ], [ 42.5476, 4.0847 ], [ 42.5609, 4.2095 ], [ 42.7108, 4.2632 ], [ 42.8183, 4.2664 ], [ 42.8851, 4.3084 ] ] ], [ [ [ 42.714, 3.4102 ], [ 42.716, 3.5978 ], [ 42.7547, 3.6758 ], [ 42.9342, 3.7122 ], [ 42.9935, 3.6748 ], [ 43.0086, 3.4895 ], [ 42.9506, 3.4748 ], [ 42.8407, 3.3559 ], [ 42.714, 3.4102 ] ] ] ] } ] } },
{ "type": "Feature", "properties": { "area_id": "59091628", "confidence_level": 0, "ipc_period": "P", "overall_phase": 4, "population_min": "5276", "population_percentage_min": "0.55", "justification": "", "prolonged_crisis": false, "population_phase_worse": null, "population_percentage_phase_worse": null, "analysis_id": "59090932", "admin_type": null, "area_name": "Luuq (1)", "view_level": "area", "hide_settlement_labels": false, "hide_area_labels": false, "hide_area_borders": false, "show_area_popups": true, "color": "#640000", "estimated_population": "9595", "phase1_population": 1919, "phase1_percent": 0.2, "phase1_color": "#fae61e", "phase2_population": 2398, "phase2_percent": 0.25, "phase2_color": "#e67800", "phase3_population": 2878, "phase3_percent": 0.3, "phase3_color": "#c80000", "phase4_population": 2398, "phase4_percent": 0.25, "phase4_color": "#640000", "phase5_population": 0, "phase5_percent": 0, "phase5_color": "#640000" }, "geometry": { "type": "GeometryCollection", "geometries": [ { "type": "MultiPolygon", "coordinates": [ [ [ [ 42.5777, 3.4668 ], [ 42.4528, 3.5168 ], [ 42.438, 3.6194 ], [ 42.4682, 3.6689 ], [ 42.483391475, 3.701765218 ], [ 42.4835, 3.702 ], [ 42.4868, 3.7191 ], [ 42.5033, 3.8055 ], [ 42.4627, 3.8969 ], [ 42.3213, 4.0042 ], [ 42.371, 4.121 ], [ 42.5315, 4.0116 ], [ 42.6311, 3.8669 ], [ 42.6531, 3.762 ], [ 42.556, 3.5785 ], [ 42.5777, 3.4668 ] ] ] ] } ] } },
{ "type": "Feature", "properties": { "area_id": "59091199", "confidence_level": 0, "ipc_period": "P", "overall_phase": 2, "population_min": "2340", "population_percentage_min": "0.05", "justification": "", "prolonged_crisis": false, "population_phase_worse": null, "population_percentage_phase_worse": null, "analysis_id": "59090932", "admin_type": null, "area_name": "Qoryooley urban", "view_level": "area", "hide_settlement_labels": false, "hide_area_labels": false, "hide_area_borders": false, "show_area_popups": true, "color": "#e67800", "estimated_population": "46808", "phase1_population": 32765, "phase1_percent": 0.7, "phase1_color": "#fae61e", "phase2_population": 11702, "phase2_percent": 0.25, "phase2_color": "#e67800", "phase3_population": 2340, "phase3_percent": 0.05, "phase3_color": "#c80000", "phase4_population": 0, "phase4_percent": 0.0, "phase4_color": "#640000", "phase5_population": 0, "phase5_percent": 0, "phase5_color": "#640000" }, "geometry": { "type": "MultiPoint", "coordinates": [ [ 44.5276, 1.7876 ] ] } },
{ "type": "Feature", "properties": { "area_id": "59091185", "confidence_level": 0, "ipc_period": "P", "overall_phase": 3, "population_min": "376", "population_percentage_min": "0.3", "justification": "", "prolonged_crisis": false, "population_phase_worse": null, "population_percentage_phase_worse": null, "analysis_id": "59090932", "admin_type": "pnt", "area_name": "Oodwweyne NEW", "view_level": "area", "hide_settlement_labels": false, "hide_area_labels": false, "hide_area_borders": false, "show_area_popups": true, "color": "#c80000", "estimated_population": "1257", "phase1_population": 377, "phase1_percent": 0.3, "phase1_color": "#fae61e", "phase2_population": 502, "phase2_percent": 0.4, "phase2_color": "#e67800", "phase3_population": 314, "phase3_percent": 0.25, "phase3_color": "#c80000", "phase4_population": 62, "phase4_percent": 0.05, "phase4_color": "#640000", "phase5_population": 0, "phase5_percent": 0, "phase5_color": "#640000" }, "geometry": { "type": "Point", "coordinates": [ 45.01684089, 9.391629121 ] } },
{ "type": "Feature", "properties": { "area_id": "59091221", "confidence_level": 0, "ipc_period": "P", "overall_phase": 3, "population_min": "1884", "population_percentage_min": "0.3", "justification": "", "prolonged_crisis": false, "population_phase_worse": null, "population_percentage_phase_worse": null, "analysis_id": "59090932", "admin_type": null, "area_name": "Owdweyne (1)", "view_level": "area", "hide_settlement_labels": false, "hide_area_labels": false, "hide_area_borders": false, "show_area_popups": true, "color": "#c80000", "estimated_population": "6283", "phase1_population": 1884, "phase1_percent": 0.3, "phase1_color": "#fae61e", "phase2_population": 2513, "phase2_percent": 0.4, "phase2_color": "#e67800", "phase3_population": 1570, "phase3_percent": 0.25, "phase3_color": "#c80000", "phase4_population": 314, "phase4_percent": 0.05, "phase4_color": "#640000", "phase5_population": 0, "phase5_percent": 0, "phase5_color": "#640000" }, "geometry": { "type": "GeometryCollection", "geometries": [ { "type": "MultiPolygon", "coordinates": [ [ [ [ 45.2814, 9.3778 ], [ 44.9924, 9.3183 ], [ 44.9078, 9.5146 ], [ 45.0118, 9.6464 ], [ 45.281, 9.8076 ], [ 45.2814, 9.3778 ] ] ] ] } ] } },
{ "type": "Feature", "properties": { "area_id": "59091590", "confidence_level": 0, "ipc_period": "P", "overall_phase": 2, "population_min": "502", "population_percentage_min": "0.1", "justification": "", "prolonged_crisis": false, "population_phase_worse": null, "population_percentage_phase_worse": null, "analysis_id": "59090932", "admin_type": null, "area_name": "Owdweyne (2)", "view_level": "area", "hide_settlement_labels": false, "hide_area_labels": false, "hide_area_borders": false, "show_area_popups": true, "color": "#e67800", "estimated_population": "5026", "phase1_population": 2513, "phase1_percent": 0.5, "phase1_color": "#fae61e", "phase2_population": 2010, "phase2_percent": 0.4, "phase2_color": "#e67800", "phase3_population": 502, "phase3_percent": 0.1, "phase3_color": "#c80000", "phase4_population": 0, "phase4_percent": 0.0, "phase4_color": "#640000", "phase5_population": 0, "phase5_percent": 0, "phase5_color": "#640000" }, "geometry": { "type": "GeometryCollection", "geometries": [ { "type": "MultiPolygon", "coordinates": [ [ [ [ 44.9078, 9.5146 ], [ 44.8117, 9.6287 ], [ 44.7707, 9.6244 ], [ 44.831, 9.861 ], [ 44.8977, 9.9411 ], [ 45.281, 9.871 ], [ 45.281, 9.8076 ], [ 45.0118, 9.6464 ], [ 44.9078, 9.5146 ] ] ] ] } ] } },
{ "type": "Feature", "properties": { "area_id": "59091240", "confidence_level": 0, "ipc_period": "P", "overall_phase": 3, "population_min": "1522", "population_percentage_min": "0.25", "justification": "", "prolonged_crisis": false, "population_phase_worse": null, "population_percentage_phase_worse": null, "analysis_id": "59090932", "admin_type": null, "area_name": "Owdweyne idps", "view_level": "area", "hide_settlement_labels": false, "hide_area_labels": false, "hide_area_borders": false, "show_area_popups": true, "color": "#c80000", "estimated_population": "6090", "phase1_population": 1827, "phase1_percent": 0.3, "phase1_color": "#fae61e", "phase2_population": 2740, "phase2_percent": 0.45, "phase2_color": "#e67800", "phase3_population": 1218, "phase3_percent": 0.2, "phase3_color": "#c80000", "phase4_population": 304, "phase4_percent": 0.05, "phase4_color": "#640000", "phase5_population": 0, "phase5_percent": 0, "phase5_color": "#640000" }, "geometry": { "type": "MultiPoint", "coordinates": [ [ 45.0668, 9.3981 ] ] } },
{ "type": "Feature", "properties": { "area_id": "59091131", "confidence_level": 0, "ipc_period": "P", "overall_phase": 2, "population_min": "2423", "population_percentage_min": "0.15", "justification": "", "prolonged_crisis": false, "population_phase_worse": null, "population_percentage_phase_worse": null, "analysis_id": "59090932", "admin_type": null, "area_name": "Owdweyne idps rural", "view_level": "area", "hide_settlement_labels": false, "hide_area_labels": false, "hide_area_borders": false, "show_area_popups": true, "color": "#e67800", "estimated_population": "16154", "phase1_population": 5653, "phase1_percent": 0.35, "phase1_color": "#fae61e", "phase2_population": 8077, "phase2_percent": 0.5, "phase2_color": "#e67800", "phase3_population": 2423, "phase3_percent": 0.15, "phase3_color": "#c80000", "phase4_population": 0, "phase4_percent": 0.0, "phase4_color": "#640000", "phase5_population": 0, "phase5_percent": 0, "phase5_color": "#640000" }, "geometry": { "type": "MultiPoint", "coordinates": [ [ 45.0625, 9.3671 ] ] } },
{ "type": "Feature", "properties": { "area_id": "59091270", "confidence_level": 0, "ipc_period": "P", "overall_phase": 2, "population_min": "558", "population_percentage_min": "0.15", "justification": "", "prolonged_crisis": false, "population_phase_worse": null, "population_percentage_phase_worse": null, "analysis_id": "59090932", "admin_type": null, "area_name": "Owdweyne urban", "view_level": "area", "hide_settlement_labels": false, "hide_area_labels": false, "hide_area_borders": false, "show_area_popups": true, "color": "#e67800", "estimated_population": "3720", "phase1_population": 1488, "phase1_percent": 0.4, "phase1_color": "#fae61e", "phase2_population": 1674, "phase2_percent": 0.45, "phase2_color": "#e67800", "phase3_population": 372, "phase3_percent": 0.1, "phase3_color": "#c80000", "phase4_population": 186, "phase4_percent": 0.05, "phase4_color": "#640000", "phase5_population": 0, "phase5_percent": 0, "phase5_color": "#640000" }, "geometry": { "type": "MultiPoint", "coordinates": [ [ 45.0421, 9.3981 ] ] } },
{ "type": "Feature", "properties": { "area_id": "59090980", "confidence_level": 0, "ipc_period": "P", "overall_phase": 3, "population_min": "8739", "population_percentage_min": "0.2", "justification": "", "prolonged_crisis": false, "population_phase_worse": null, "population_percentage_phase_worse": null, "analysis_id": "59090932", "admin_type": null, "area_name": "Qandala", "view_level": "area", "hide_settlement_labels": false, "hide_area_labels": false, "hide_area_borders": false, "show_area_popups": true, "color": "#c80000", "estimated_population": "43697", "phase1_population": 17478, "phase1_percent": 0.4, "phase1_color": "#fae61e", "phase2_population": 17478, "phase2_percent": 0.4, "phase2_color": "#e67800", "phase3_population": 8739, "phase3_percent": 0.2, "phase3_color": "#c80000", "phase4_population": 0, "phase4_percent": 0.0, "phase4_color": "#640000", "phase5_population": 0, "phase5_percent": 0, "phase5_color": "#640000" }, "geometry": { "type": "GeometryCollection", "geometries": [ { "type": "MultiPolygon", "coordinates": [ [ [ [ 50.2084, 10.6157 ], [ 49.9186, 10.7243 ], [ 49.8232, 10.7202 ], [ 49.9011, 10.8009 ], [ 49.9111, 10.9008 ], [ 49.7611, 11.1408 ], [ 49.7211, 11.1808 ], [ 49.5804, 11.4521 ], [ 49.6932, 11.4781 ], [ 49.8625, 11.469 ], [ 49.9406, 11.5102 ], [ 50.0651, 11.5044 ], [ 50.2168, 11.5624 ], [ 50.3557, 11.6365 ], [ 50.3011, 11.4508 ], [ 50.4111, 11.4008 ], [ 50.3411, 11.1608 ], [ 50.5511, 10.8308 ], [ 50.4611, 10.6609 ], [ 50.2084, 10.6157 ] ] ] ] } ] } },
{ "type": "Feature", "properties": { "area_id": "59091286", "confidence_level": 0, "ipc_period": "P", "overall_phase": 3, "population_min": "1963", "population_percentage_min": "0.2", "justification": "", "prolonged_crisis": false, "population_phase_worse": null, "population_percentage_phase_worse": null, "analysis_id": "59090932", "admin_type": null, "area_name": "Qandala urban", "view_level": "area", "hide_settlement_labels": false, "hide_area_labels": false, "hide_area_borders": false, "show_area_popups": true, "color": "#c80000", "estimated_population": "9819", "phase1_population": 6382, "phase1_percent": 0.65, "phase1_color": "#fae61e", "phase2_population": 1472, "phase2_percent": 0.15, "phase2_color": "#e67800", "phase3_population": 1963, "phase3_percent": 0.2, "phase3_color": "#c80000", "phase4_population": 0, "phase4_percent": 0.0, "phase4_color": "#640000", "phase5_population": 0, "phase5_percent": 0, "phase5_color": "#640000" }, "geometry": { "type": "MultiPoint", "coordinates": [ [ 49.8603, 11.4597 ] ] } },
{ "type": "Feature", "properties": { "area_id": "59091598", "confidence_level": 0, "ipc_period": "P", "overall_phase": 3, "population_min": "8526", "population_percentage_min": "0.3", "justification": "", "prolonged_crisis": false, "population_phase_worse": null, "population_percentage_phase_worse": null, "analysis_id": "59090932", "admin_type": null, "area_name": "Qansax dheere (1)", "view_level": "area", "hide_settlement_labels": false, "hide_area_labels": false, "hide_area_borders": false, "show_area_popups": true, "color": "#c80000", "estimated_population": "28422", "phase1_population": 7105, "phase1_percent": 0.25, "phase1_color": "#fae61e", "phase2_population": 12789, "phase2_percent": 0.45, "phase2_color": "#e67800", "phase3_population": 7105, "phase3_percent": 0.25, "phase3_color": "#c80000", "phase4_population": 1421, "phase4_percent": 0.05, "phase4_color": "#640000", "phase5_population": 0, "phase5_percent": 0, "phase5_color": "#640000" }, "geometry": { "type": "GeometryCollection", "geometries": [ { "type": "MultiPolygon", "coordinates": [ [ [ [ 43.1209, 2.5716 ], [ 43.0147, 2.5767 ], [ 43.1209, 2.6766 ], [ 43.1209, 2.575 ], [ 43.1209, 2.5716 ] ] ] ] } ] } },
{ "type": "Feature", "properties": { "area_id": "59091620", "confidence_level": 0, "ipc_period": "P", "overall_phase": 3, "population_min": "4963", "population_percentage_min": "0.25", "justification": "", "prolonged_crisis": false, "population_phase_worse": null, "population_percentage_phase_worse": null, "analysis_id": "59090932", "admin_type": "idp", "area_name": "Qardho IDPS", "view_level": "area", "hide_settlement_labels": false, "hide_area_labels": false, "hide_area_borders": false, "show_area_popups": true, "color": "#c80000", "estimated_population": "19857", "phase1_population": 7942, "phase1_percent": 0.4, "phase1_color": "#fae61e", "phase2_population": 6949, "phase2_percent": 0.35, "phase2_color": "#e67800", "phase3_population": 3971, "phase3_percent": 0.2, "phase3_color": "#c80000", "phase4_population": 992, "phase4_percent": 0.05, "phase4_color": "#640000", "phase5_population": 0, "phase5_percent": 0, "phase5_color": "#640000" }, "geometry": { "type": "Point", "coordinates": [ 49.068627504, 9.409033133 ] } },
{ "type": "Feature", "properties": { "area_id": "59158624", "confidence_level": 0, "ipc_period": "P", "overall_phase": 3, "population_min": "2269", "population_percentage_min": "0.2", "justification": "", "prolonged_crisis": false, "population_phase_worse": null, "population_percentage_phase_worse": null, "analysis_id": "59090932", "admin_type": "urb", "area_name": "Qardho Urban", "view_level": "area", "hide_settlement_labels": false, "hide_area_labels": false, "hide_area_borders": false, "show_area_popups": true, "color": "#c80000", "estimated_population": "11348", "phase1_population": 7376, "phase1_percent": 0.65, "phase1_color": "#fae61e", "phase2_population": 1702, "phase2_percent": 0.15, "phase2_color": "#e67800", "phase3_population": 2269, "phase3_percent": 0.2, "phase3_color": "#c80000", "phase4_population": 0, "phase4_percent": 0.0, "phase4_color": "#640000", "phase5_population": 0, "phase5_percent": 0, "phase5_color": "#640000" }, "geometry": { "type": "Point", "coordinates": [ 49.0611, 9.571 ] } },
{ "type": "Feature", "properties": { "area_id": "59091408", "confidence_level": 0, "ipc_period": "P", "overall_phase": 1, "population_min": "0", "population_percentage_min": "0", "justification": "", "prolonged_crisis": false, "population_phase_worse": null, "population_percentage_phase_worse": null, "analysis_id": "59090932", "admin_type": null, "area_name": "Qoryooley (1)", "view_level": "area", "hide_settlement_labels": false, "hide_area_labels": false, "hide_area_borders": false, "show_area_popups": true, "color": "#fae61e", "estimated_population": "9479", "phase1_population": 8057, "phase1_percent": 0.85, "phase1_color": "#fae61e", "phase2_population": 1421, "phase2_percent": 0.15, "phase2_color": "#e67800", "phase3_population": 0, "phase3_percent": 0.0, "phase3_color": "#c80000", "phase4_population": 0, "phase4_percent": 0.0, "phase4_color": "#640000", "phase5_population": 0, "phase5_percent": 0, "phase5_color": "#640000" }, "geometry": { "type": "GeometryCollection", "geometries": [ { "type": "MultiPolygon", "coordinates": [ [ [ [ 44.4433, 2.13 ], [ 44.4726, 2.0213 ], [ 44.5927, 1.9849 ], [ 44.6487, 1.9128 ], [ 44.6135, 1.8857 ], [ 44.5022, 1.8695 ], [ 44.3714, 1.7218 ], [ 43.9014, 1.8907 ], [ 44.4433, 2.13 ] ] ] ] } ] } },
{ "type": "Feature", "properties": { "area_id": "59091211", "confidence_level": 0, "ipc_period": "P", "overall_phase": 3, "population_min": "9077", "population_percentage_min": "0.45", "justification": "", "prolonged_crisis": false, "population_phase_worse": null, "population_percentage_phase_worse": null, "analysis_id": "59090932", "admin_type": null, "area_name": "Tayeeglow urban", "view_level": "area", "hide_settlement_labels": false, "hide_area_labels": false, "hide_area_borders": false, "show_area_popups": true, "color": "#c80000", "estimated_population": "20174", "phase1_population": 5043, "phase1_percent": 0.25, "phase1_color": "#fae61e", "phase2_population": 6052, "phase2_percent": 0.3, "phase2_color": "#e67800", "phase3_population": 7060, "phase3_percent": 0.35, "phase3_color": "#c80000", "phase4_population": 2017, "phase4_percent": 0.1, "phase4_color": "#640000", "phase5_population": 0, "phase5_percent": 0, "phase5_color": "#640000" }, "geometry": { "type": "MultiPoint", "coordinates": [ [ 44.5085, 4.0159 ] ] } },
{ "type": "Feature", "properties": { "area_id": "59091480", "confidence_level": 0, "ipc_period": "P", "overall_phase": 3, "population_min": "7908", "population_percentage_min": "0.3", "justification": "", "prolonged_crisis": false, "population_phase_worse": null, "population_percentage_phase_worse": null, "analysis_id": "59090932", "admin_type": null, "area_name": "Waajid", "view_level": "area", "hide_settlement_labels": false, "hide_area_labels": false, "hide_area_borders": false, "show_area_popups": true, "color": "#c80000", "estimated_population": "26363", "phase1_population": 6590, "phase1_percent": 0.25, "phase1_color": "#fae61e", "phase2_population": 11863, "phase2_percent": 0.45, "phase2_color": "#e67800", "phase3_population": 6590, "phase3_percent": 0.25, "phase3_color": "#c80000", "phase4_population": 1318, "phase4_percent": 0.05, "phase4_color": "#640000", "phase5_population": 0, "phase5_percent": 0, "phase5_color": "#640000" }, "geometry": { "type": "GeometryCollection", "geometries": [ { "type": "MultiPolygon", "coordinates": [ [ [ [ 43.795536873, 3.886960833 ], [ 43.7909, 3.8849 ], [ 43.7509, 3.8549 ], [ 43.6809, 3.7249 ], [ 43.5809, 3.6149 ], [ 43.4109, 3.5749 ], [ 43.121267525, 3.674773267 ], [ 43.1241, 3.7 ], [ 43.4217, 3.7867 ], [ 43.5716, 3.8698 ], [ 43.6949, 3.9875 ], [ 43.795536873, 3.886960833 ] ] ] ] } ] } },
{ "type": "Feature", "properties": { "area_id": "59091075", "confidence_level": 0, "ipc_period": "P", "overall_phase": 2, "population_min": "5241", "population_percentage_min": "0.15", "justification": "", "prolonged_crisis": false, "population_phase_worse": null, "population_percentage_phase_worse": null, "analysis_id": "59090932", "admin_type": null, "area_name": "Waajid (1)", "view_level": "area", "hide_settlement_labels": false, "hide_area_labels": false, "hide_area_borders": false, "show_area_popups": true, "color": "#e67800", "estimated_population": "34946", "phase1_population": 15725, "phase1_percent": 0.45, "phase1_color": "#fae61e", "phase2_population": 13978, "phase2_percent": 0.4, "phase2_color": "#e67800", "phase3_population": 5241, "phase3_percent": 0.15, "phase3_color": "#c80000", "phase4_population": 0, "phase4_percent": 0.0, "phase4_color": "#640000", "phase5_population": 0, "phase5_percent": 0, "phase5_color": "#640000" }, "geometry": { "type": "GeometryCollection", "geometries": [ { "type": "MultiPolygon", "coordinates": [ [ [ [ 43.1241, 3.7 ], [ 43.1409, 3.8515 ], [ 43.1009, 3.9315 ], [ 43.09144649, 3.947708945 ], [ 43.6309, 4.0515 ], [ 43.6949, 3.9875 ], [ 43.5716, 3.8698 ], [ 43.4217, 3.7867 ], [ 43.1241, 3.7 ] ] ] ] } ] } },
{ "type": "Feature", "properties": { "area_id": "59090995", "confidence_level": 0, "ipc_period": "P", "overall_phase": 4, "population_min": "11596", "population_percentage_min": "0.6", "justification": "", "prolonged_crisis": false, "population_phase_worse": null, "population_percentage_phase_worse": null, "analysis_id": "59090932", "admin_type": null, "area_name": "Waajid idps", "view_level": "area", "hide_settlement_labels": false, "hide_area_labels": false, "hide_area_borders": false, "show_area_popups": true, "color": "#640000", "estimated_population": "19329", "phase1_population": 966, "phase1_percent": 0.05, "phase1_color": "#fae61e", "phase2_population": 6765, "phase2_percent": 0.35, "phase2_color": "#e67800", "phase3_population": 7731, "phase3_percent": 0.4, "phase3_color": "#c80000", "phase4_population": 3865, "phase4_percent": 0.2, "phase4_color": "#640000", "phase5_population": 0, "phase5_percent": 0, "phase5_color": "#640000" }, "geometry": { "type": "MultiPoint", "coordinates": [ [ 43.25, 3.8034 ] ] } },
{ "type": "Feature", "properties": { "area_id": "59090970", "confidence_level": 0, "ipc_period": "P", "overall_phase": 3, "population_min": "80580", "population_percentage_min": "0.35", "justification": "", "prolonged_crisis": false, "population_phase_worse": null, "population_percentage_phase_worse": null, "analysis_id": "59090932", "admin_type": null, "area_name": "Wanla weyn", "view_level": "area", "hide_settlement_labels": false, "hide_area_labels": false, "hide_area_borders": false, "show_area_popups": true, "color": "#c80000", "estimated_population": "230230", "phase1_population": 80580, "phase1_percent": 0.35, "phase1_color": "#fae61e", "phase2_population": 69069, "phase2_percent": 0.3, "phase2_color": "#e67800", "phase3_population": 46046, "phase3_percent": 0.2, "phase3_color": "#c80000", "phase4_population": 34534, "phase4_percent": 0.15, "phase4_color": "#640000", "phase5_population": 0, "phase5_percent": 0, "phase5_color": "#640000" }, "geometry": { "type": "GeometryCollection", "geometries": [ { "type": "MultiPolygon", "coordinates": [ [ [ [ 45.3337, 2.7322 ], [ 45.331, 2.7316 ], [ 44.971, 2.4116 ], [ 44.881, 2.3416 ], [ 44.731, 2.2816 ], [ 44.661, 2.2416 ], [ 44.6494, 2.235 ], [ 44.6383, 2.3313 ], [ 44.8098, 2.6337 ], [ 44.9829, 2.8185 ], [ 45.1409, 2.8766 ], [ 45.2011, 2.925 ], [ 45.333685787, 2.732220665 ], [ 45.3337, 2.7322 ] ] ] ] } ] } },
{ "type": "Feature", "properties": { "area_id": "59091171", "confidence_level": 0, "ipc_period": "P", "overall_phase": 1, "population_min": "0", "population_percentage_min": "0", "justification": "", "prolonged_crisis": false, "population_phase_worse": null, "population_percentage_phase_worse": null, "analysis_id": "59090932", "admin_type": null, "area_name": "Wanla weyn (1)", "view_level": "area", "hide_settlement_labels": false, "hide_area_labels": false, "hide_area_borders": false, "show_area_popups": true, "color": "#fae61e", "estimated_population": "57558", "phase1_population": 48924, "phase1_percent": 0.85, "phase1_color": "#fae61e", "phase2_population": 8633, "phase2_percent": 0.15, "phase2_color": "#e67800", "phase3_population": 0, "phase3_percent": 0.0, "phase3_color": "#c80000", "phase4_population": 0, "phase4_percent": 0.0, "phase4_color": "#640000", "phase5_population": 0, "phase5_percent": 0, "phase5_color": "#640000" }, "geometry": { "type": "GeometryCollection", "geometries": [ { "type": "MultiPolygon", "coordinates": [ [ [ [ 44.6602, 2.9039 ], [ 44.691, 3.0516 ], [ 44.661126512, 3.250159114 ], [ 44.661021557, 3.251003683 ], [ 44.781, 3.2715 ], [ 45.071, 3.2516 ], [ 45.121, 3.0416 ], [ 45.2011, 2.925 ], [ 45.1409, 2.8766 ], [ 44.9829, 2.8185 ], [ 44.8098, 2.6337 ], [ 44.6383, 2.3313 ], [ 44.621, 2.4816 ], [ 44.661, 2.7516 ], [ 44.6513, 2.8611 ], [ 44.6602, 2.9039 ] ] ] ] } ] } },
{ "type": "Feature", "properties": { "area_id": "59091215", "confidence_level": 0, "ipc_period": "P", "overall_phase": 2, "population_min": "7959", "population_percentage_min": "0.15", "justification": "", "prolonged_crisis": false, "population_phase_worse": null, "population_percentage_phase_worse": null, "analysis_id": "59090932", "admin_type": null, "area_name": "Rab dhuure", "view_level": "area", "hide_settlement_labels": false, "hide_area_labels": false, "hide_area_borders": false, "show_area_popups": true, "color": "#e67800", "estimated_population": "53065", "phase1_population": 23879, "phase1_percent": 0.45, "phase1_color": "#fae61e", "phase2_population": 21226, "phase2_percent": 0.4, "phase2_color": "#e67800", "phase3_population": 7959, "phase3_percent": 0.15, "phase3_color": "#c80000", "phase4_population": 0, "phase4_percent": 0.0, "phase4_color": "#640000", "phase5_population": 0, "phase5_percent": 0, "phase5_color": "#640000" }, "geometry": { "type": "GeometryCollection", "geometries": [ { "type": "MultiPolygon", "coordinates": [ [ [ [ 42.9625, 4.1688 ], [ 42.962259018, 4.169522115 ], [ 42.9607, 4.1722 ], [ 42.9335, 4.2557 ], [ 43.0396, 4.3181 ], [ 43.1356, 4.5284 ], [ 43.2131, 4.5452 ], [ 43.2829, 4.479 ], [ 43.6309, 4.0515 ], [ 43.09144649, 3.947708945 ], [ 43.062603286, 3.997163369 ], [ 42.9625, 4.1688 ] ] ] ] } ] } },
{ "type": "Feature", "properties": { "area_id": "59091019", "confidence_level": 0, "ipc_period": "P", "overall_phase": 3, "population_min": "9974", "population_percentage_min": "0.45", "justification": "", "prolonged_crisis": false, "population_phase_worse": null, "population_percentage_phase_worse": null, "analysis_id": "59090932", "admin_type": null, "area_name": "Saakow urban", "view_level": "area", "hide_settlement_labels": false, "hide_area_labels": false, "hide_area_borders": false, "show_area_popups": true, "color": "#c80000", "estimated_population": "22167", "phase1_population": 5541, "phase1_percent": 0.25, "phase1_color": "#fae61e", "phase2_population": 6650, "phase2_percent": 0.3, "phase2_color": "#e67800", "phase3_population": 7758, "phase3_percent": 0.35, "phase3_color": "#c80000", "phase4_population": 2216, "phase4_percent": 0.1, "phase4_color": "#640000", "phase5_population": 0, "phase5_percent": 0, "phase5_color": "#640000" }, "geometry": { "type": "MultiPoint", "coordinates": [ [ 42.4414, 1.6297 ] ] } },
{ "type": "Feature", "properties": { "area_id": "59091320", "confidence_level": 0, "ipc_period": "P", "overall_phase": 2, "population_min": "777", "population_percentage_min": "0.15", "justification": "", "prolonged_crisis": false, "population_phase_worse": null, "population_percentage_phase_worse": null, "analysis_id": "59090932", "admin_type": null, "area_name": "Sheikh urban", "view_level": "area", "hide_settlement_labels": false, "hide_area_labels": false, "hide_area_borders": false, "show_area_popups": true, "color": "#e67800", "estimated_population": "5180", "phase1_population": 2072, "phase1_percent": 0.4, "phase1_color": "#fae61e", "phase2_population": 2331, "phase2_percent": 0.45, "phase2_color": "#e67800", "phase3_population": 518, "phase3_percent": 0.1, "phase3_color": "#c80000", "phase4_population": 259, "phase4_percent": 0.05, "phase4_color": "#640000", "phase5_population": 0, "phase5_percent": 0, "phase5_color": "#640000" }, "geometry": { "type": "MultiPoint", "coordinates": [ [ 45.1869, 9.9256 ] ] } },
{ "type": "Feature", "properties": { "area_id": "59091246", "confidence_level": 0, "ipc_period": "P", "overall_phase": 2, "population_min": "1918", "population_percentage_min": "0.15", "justification": "", "prolonged_crisis": false, "population_phase_worse": null, "population_percentage_phase_worse": null, "analysis_id": "59090932", "admin_type": null, "area_name": "Luuq (2)", "view_level": "area", "hide_settlement_labels": false, "hide_area_labels": false, "hide_area_borders": false, "show_area_popups": true, "color": "#e67800", "estimated_population": "12789", "phase1_population": 5755, "phase1_percent": 0.45, "phase1_color": "#fae61e", "phase2_population": 5115, "phase2_percent": 0.4, "phase2_color": "#e67800", "phase3_population": 1918, "phase3_percent": 0.15, "phase3_color": "#c80000", "phase4_population": 0, "phase4_percent": 0.0, "phase4_color": "#640000", "phase5_population": 0, "phase5_percent": 0, "phase5_color": "#640000" }, "geometry": { "type": "GeometryCollection", "geometries": [ { "type": "MultiPolygon", "coordinates": [ [ [ [ 42.2502, 3.5978 ], [ 42.0409, 3.6815 ], [ 42.0976, 3.8044 ], [ 42.1614, 3.7884 ], [ 42.2406, 3.6614 ], [ 42.2502, 3.5978 ] ] ], [ [ [ 42.5777, 3.4668 ], [ 42.556, 3.5785 ], [ 42.6531, 3.762 ], [ 42.6311, 3.8669 ], [ 42.5315, 4.0116 ], [ 42.371, 4.121 ], [ 42.4022, 4.1945 ], [ 42.5609, 4.2095 ], [ 42.5476, 4.0847 ], [ 42.6602, 3.9918 ], [ 42.7246, 3.8797 ], [ 42.7607, 3.9281 ], [ 42.8696, 3.949 ], [ 42.9743, 3.9161 ], [ 43.002, 4.0747 ], [ 42.9625, 4.1688 ], [ 43.062603286, 3.997163369 ], [ 43.09144649, 3.947708945 ], [ 43.1009, 3.9315 ], [ 43.1409, 3.8515 ], [ 43.1241, 3.7 ], [ 43.12, 3.6982 ], [ 43.1179, 3.6233 ], [ 43.1013, 3.2577 ], [ 42.8407, 3.3559 ], [ 42.9506, 3.4748 ], [ 43.0086, 3.4895 ], [ 42.9935, 3.6748 ], [ 42.9342, 3.7122 ], [ 42.7547, 3.6758 ], [ 42.716, 3.5978 ], [ 42.714, 3.4102 ], [ 42.5777, 3.4668 ] ] ], [ [ [ 42.3213, 4.0042 ], [ 42.4627, 3.8969 ], [ 42.5033, 3.8055 ], [ 42.4868, 3.7191 ], [ 42.4835, 3.702 ], [ 42.48343751, 3.701999335 ], [ 42.4365, 3.7015 ], [ 42.4038, 3.6949 ], [ 42.3427, 3.7586 ], [ 42.2765, 3.8987 ], [ 42.3213, 4.0042 ] ] ] ] } ] } },
{ "type": "Feature", "properties": { "area_id": "59091642", "confidence_level": 0, "ipc_period": "P", "overall_phase": 2, "population_min": "55", "population_percentage_min": "0.15", "justification": "", "prolonged_crisis": false, "population_phase_worse": null, "population_percentage_phase_worse": null, "analysis_id": "59090932", "admin_type": null, "area_name": "Luuq urban", "view_level": "area", "hide_settlement_labels": false, "hide_area_labels": false, "hide_area_borders": false, "show_area_popups": true, "color": "#e67800", "estimated_population": "372", "phase1_population": 204, "phase1_percent": 0.55, "phase1_color": "#fae61e", "phase2_population": 111, "phase2_percent": 0.3, "phase2_color": "#e67800", "phase3_population": 37, "phase3_percent": 0.1, "phase3_color": "#c80000", "phase4_population": 18, "phase4_percent": 0.05, "phase4_color": "#640000", "phase5_population": 0, "phase5_percent": 0, "phase5_color": "#640000" }, "geometry": { "type": "MultiPoint", "coordinates": [ [ 42.5418, 3.7967 ] ] } },
{ "type": "Feature", "properties": { "area_id": "59090984", "confidence_level": 0, "ipc_period": "P", "overall_phase": 1, "population_min": "0", "population_percentage_min": "0", "justification": "", "prolonged_crisis": false, "population_phase_worse": null, "population_percentage_phase_worse": null, "analysis_id": "59090932", "admin_type": null, "area_name": "Marka", "view_level": "area", "hide_settlement_labels": false, "hide_area_labels": false, "hide_area_borders": false, "show_area_popups": true, "color": "#fae61e", "estimated_population": "12954", "phase1_population": 11658, "phase1_percent": 0.9, "phase1_color": "#fae61e", "phase2_population": 1295, "phase2_percent": 0.1, "phase2_color": "#e67800", "phase3_population": 0, "phase3_percent": 0.0, "phase3_color": "#c80000", "phase4_population": 0, "phase4_percent": 0.0, "phase4_color": "#640000", "phase5_population": 0, "phase5_percent": 0, "phase5_color": "#640000" }, "geometry": { "type": "GeometryCollection", "geometries": [ { "type": "MultiPolygon", "coordinates": [ [ [ [ 44.962099472, 1.876970827 ], [ 44.9622, 1.8769 ], [ 44.9559, 1.8739 ], [ 44.8995, 1.788 ], [ 44.6054, 1.5982 ], [ 44.5014, 1.5135 ], [ 44.3809, 1.5317 ], [ 44.406, 1.5505 ], [ 44.5089, 1.5555 ], [ 44.78, 1.7611 ], [ 44.8329, 1.85 ], [ 44.909511464, 1.914021468 ], [ 44.962099472, 1.876970827 ] ] ] ] } ] } },
{ "type": "Feature", "properties": { "area_id": "59091254", "confidence_level": 0, "ipc_period": "P", "overall_phase": 3, "population_min": "2352", "population_percentage_min": "0.45", "justification": "", "prolonged_crisis": false, "population_phase_worse": null, "population_percentage_phase_worse": null, "analysis_id": "59090932", "admin_type": null, "area_name": "Wanla weyn idps", "view_level": "area", "hide_settlement_labels": false, "hide_area_labels": false, "hide_area_borders": false, "show_area_popups": true, "color": "#c80000", "estimated_population": "5227", "phase1_population": 784, "phase1_percent": 0.15, "phase1_color": "#fae61e", "phase2_population": 2090, "phase2_percent": 0.4, "phase2_color": "#e67800", "phase3_population": 1568, "phase3_percent": 0.3, "phase3_color": "#c80000", "phase4_population": 784, "phase4_percent": 0.15, "phase4_color": "#640000", "phase5_population": 0, "phase5_percent": 0, "phase5_color": "#640000" }, "geometry": { "type": "MultiPoint", "coordinates": [ [ 44.8983, 2.6175 ] ] } },
{ "type": "Feature", "properties": { "area_id": "59091067", "confidence_level": 0, "ipc_period": "P", "overall_phase": 2, "population_min": "2464", "population_percentage_min": "0.05", "justification": "", "prolonged_crisis": false, "population_phase_worse": null, "population_percentage_phase_worse": null, "analysis_id": "59090932", "admin_type": null, "area_name": "Wanla weyn urban", "view_level": "area", "hide_settlement_labels": false, "hide_area_labels": false, "hide_area_borders": false, "show_area_popups": true, "color": "#e67800", "estimated_population": "49292", "phase1_population": 34504, "phase1_percent": 0.7, "phase1_color": "#fae61e", "phase2_population": 12323, "phase2_percent": 0.25, "phase2_color": "#e67800", "phase3_population": 2464, "phase3_percent": 0.05, "phase3_color": "#c80000", "phase4_population": 0, "phase4_percent": 0.0, "phase4_color": "#640000", "phase5_population": 0, "phase5_percent": 0, "phase5_color": "#640000" }, "geometry": { "type": "MultiPoint", "coordinates": [ [ 44.888, 2.6165 ] ] } },
{ "type": "Feature", "properties": { "area_id": "59091225", "confidence_level": 0, "ipc_period": "P", "overall_phase": 3, "population_min": "12723", "population_percentage_min": "0.3", "justification": "", "prolonged_crisis": false, "population_phase_worse": null, "population_percentage_phase_worse": null, "analysis_id": "59090932", "admin_type": null, "area_name": "Xarardheere", "view_level": "area", "hide_settlement_labels": false, "hide_area_labels": false, "hide_area_borders": false, "show_area_popups": true, "color": "#c80000", "estimated_population": "42411", "phase1_population": 12723, "phase1_percent": 0.3, "phase1_color": "#fae61e", "phase2_population": 16964, "phase2_percent": 0.4, "phase2_color": "#e67800", "phase3_population": 12723, "phase3_percent": 0.3, "phase3_color": "#c80000", "phase4_population": 0, "phase4_percent": 0.0, "phase4_color": "#640000", "phase5_population": 0, "phase5_percent": 0, "phase5_color": "#640000" }, "geometry": { "type": "GeometryCollection", "geometries": [ { "type": "MultiPolygon", "coordinates": [ [ [ [ 47.972057513, 5.103849658 ], [ 47.9178, 5.0088 ], [ 47.7966, 4.7852 ], [ 47.7082, 4.6372 ], [ 47.5478, 4.4692 ], [ 47.501, 4.4914 ], [ 47.5016, 4.4953 ], [ 47.608558679, 5.175866149 ], [ 47.608558962, 5.175866121 ], [ 47.757362578, 5.161465772 ], [ 47.855323741, 5.122281307 ], [ 47.972057513, 5.103849658 ] ] ] ] } ] } },
{ "type": "Feature", "properties": { "area_id": "59091179", "confidence_level": 0, "ipc_period": "P", "overall_phase": 2, "population_min": "261", "population_percentage_min": "0.05", "justification": "", "prolonged_crisis": false, "population_phase_worse": null, "population_percentage_phase_worse": null, "analysis_id": "59090932", "admin_type": null, "area_name": "Adan yabaal urban", "view_level": "area", "hide_settlement_labels": false, "hide_area_labels": false, "hide_area_borders": false, "show_area_popups": true, "color": "#e67800", "estimated_population": "5232", "phase1_population": 3662, "phase1_percent": 0.7, "phase1_color": "#fae61e", "phase2_population": 1308, "phase2_percent": 0.25, "phase2_color": "#e67800", "phase3_population": 261, "phase3_percent": 0.05, "phase3_color": "#c80000", "phase4_population": 0, "phase4_percent": 0.0, "phase4_color": "#640000", "phase5_population": 0, "phase5_percent": 0, "phase5_color": "#640000" }, "geometry": { "type": "MultiPoint", "coordinates": [ [ 46.1848, 3.7304 ] ] } },
{ "type": "Feature", "properties": { "area_id": "59090941", "confidence_level": 0, "ipc_period": "P", "overall_phase": 4, "population_min": "29230", "population_percentage_min": "0.45", "justification": "", "prolonged_crisis": false, "population_phase_worse": null, "population_percentage_phase_worse": null, "analysis_id": "59090932", "admin_type": null, "area_name": "Afgooye", "view_level": "area", "hide_settlement_labels": false, "hide_area_labels": false, "hide_area_borders": false, "show_area_popups": true, "color": "#640000", "estimated_population": "64957", "phase1_population": 16239, "phase1_percent": 0.25, "phase1_color": "#fae61e", "phase2_population": 19487, "phase2_percent": 0.3, "phase2_color": "#e67800", "phase3_population": 16239, "phase3_percent": 0.25, "phase3_color": "#c80000", "phase4_population": 12991, "phase4_percent": 0.2, "phase4_color": "#640000", "phase5_population": 0, "phase5_percent": 0, "phase5_color": "#640000" }, "geometry": { "type": "GeometryCollection", "geometries": [ { "type": "MultiPolygon", "coordinates": [ [ [ [ 45.3322, 2.2506 ], [ 45.0829, 2.0899 ], [ 44.9187, 1.9217 ], [ 44.841, 1.9217 ], [ 44.795, 2.0137 ], [ 44.901, 2.1384 ], [ 45.091, 2.1677 ], [ 45.1922, 2.2485 ], [ 45.2178, 2.3089 ], [ 45.3103, 2.3627 ], [ 45.3363, 2.4725 ], [ 45.3322, 2.2506 ] ] ] ] } ] } },
{ "type": "Feature", "properties": { "area_id": "59091342", "confidence_level": 0, "ipc_period": "P", "overall_phase": 3, "population_min": "83361", "population_percentage_min": "0.35", "justification": "", "prolonged_crisis": false, "population_phase_worse": null, "population_percentage_phase_worse": null, "analysis_id": "59090932", "admin_type": null, "area_name": "Afgooye (1)", "view_level": "area", "hide_settlement_labels": false, "hide_area_labels": false, "hide_area_borders": false, "show_area_popups": true, "color": "#c80000", "estimated_population": "238175", "phase1_population": 83361, "phase1_percent": 0.35, "phase1_color": "#fae61e", "phase2_population": 71452, "phase2_percent": 0.3, "phase2_color": "#e67800", "phase3_population": 47635, "phase3_percent": 0.2, "phase3_color": "#c80000", "phase4_population": 35726, "phase4_percent": 0.15, "phase4_color": "#640000", "phase5_population": 0, "phase5_percent": 0, "phase5_color": "#640000" }, "geometry": { "type": "GeometryCollection", "geometries": [ { "type": "MultiPolygon", "coordinates": [ [ [ [ 45.3434, 2.1754 ], [ 45.3169, 2.1461 ], [ 45.2879, 2.1229 ], [ 45.2839, 2.1038 ], [ 45.238, 2.11 ], [ 45.1443, 2.0847 ], [ 45.1733, 2.0564 ], [ 45.2478, 2.0134 ], [ 45.2464, 1.9996 ], [ 45.0524, 1.9217 ], [ 44.9187, 1.9217 ], [ 45.0829, 2.0899 ], [ 45.3322, 2.2506 ], [ 45.3434, 2.1754 ] ] ], [ [ [ 45.3363, 2.4725 ], [ 45.3103, 2.3627 ], [ 45.2178, 2.3089 ], [ 45.1922, 2.2485 ], [ 45.091, 2.1677 ], [ 44.901, 2.1384 ], [ 44.795, 2.0137 ], [ 44.661, 2.2416 ], [ 44.731, 2.2816 ], [ 44.881, 2.3416 ], [ 44.971, 2.4116 ], [ 45.331, 2.7316 ], [ 45.3363, 2.4725 ] ] ] ] } ] } },
{ "type": "Feature", "properties": { "area_id": "59091482", "confidence_level": 0, "ipc_period": "P", "overall_phase": 4, "population_min": "37310", "population_percentage_min": "0.45", "justification": "", "prolonged_crisis": false, "population_phase_worse": null, "population_percentage_phase_worse": null, "analysis_id": "59090932", "admin_type": null, "area_name": "Sablaale (2)", "view_level": "area", "hide_settlement_labels": false, "hide_area_labels": false, "hide_area_borders": false, "show_area_popups": true, "color": "#640000", "estimated_population": "82914", "phase1_population": 20728, "phase1_percent": 0.25, "phase1_color": "#fae61e", "phase2_population": 24874, "phase2_percent": 0.3, "phase2_color": "#e67800", "phase3_population": 20728, "phase3_percent": 0.25, "phase3_color": "#c80000", "phase4_population": 16582, "phase4_percent": 0.2, "phase4_color": "#640000", "phase5_population": 0, "phase5_percent": 0, "phase5_color": "#640000" }, "geometry": { "type": "GeometryCollection", "geometries": [ { "type": "MultiPolygon", "coordinates": [ [ [ [ 44.079, 1.4827 ], [ 43.9092, 1.349 ], [ 43.8283, 1.2411 ], [ 43.5504, 1.0683 ], [ 43.4915, 1.0316 ], [ 43.3397, 0.9372 ], [ 43.2989, 0.9933 ], [ 43.4508, 1.1228 ], [ 43.5551, 1.1683 ], [ 43.602, 1.2231 ], [ 43.8125, 1.3225 ], [ 43.9369, 1.4856 ], [ 43.9932, 1.5315 ], [ 44.079, 1.4827 ] ] ] ] } ] } },
{ "type": "Feature", "properties": { "area_id": "59091414", "confidence_level": 0, "ipc_period": "P", "overall_phase": 2, "population_min": "419", "population_percentage_min": "0.1", "justification": "", "prolonged_crisis": false, "population_phase_worse": null, "population_percentage_phase_worse": null, "analysis_id": "59090932", "admin_type": null, "area_name": "Sheikh idps", "view_level": "area", "hide_settlement_labels": false, "hide_area_labels": false, "hide_area_borders": false, "show_area_popups": true, "color": "#e67800", "estimated_population": "4197", "phase1_population": 2098, "phase1_percent": 0.5, "phase1_color": "#fae61e", "phase2_population": 1678, "phase2_percent": 0.4, "phase2_color": "#e67800", "phase3_population": 419, "phase3_percent": 0.1, "phase3_color": "#c80000", "phase4_population": 0, "phase4_percent": 0.0, "phase4_color": "#640000", "phase5_population": 0, "phase5_percent": 0, "phase5_color": "#640000" }, "geometry": { "type": "MultiPoint", "coordinates": [ [ 45.1959, 9.9263 ] ] } },
{ "type": "Feature", "properties": { "area_id": "59091111", "confidence_level": 0, "ipc_period": "P", "overall_phase": 3, "population_min": "13308", "population_percentage_min": "0.45", "justification": "", "prolonged_crisis": false, "population_phase_worse": null, "population_percentage_phase_worse": null, "analysis_id": "59090932", "admin_type": null, "area_name": "Afgooye idps", "view_level": "area", "hide_settlement_labels": false, "hide_area_labels": false, "hide_area_borders": false, "show_area_popups": true, "color": "#c80000", "estimated_population": "29574", "phase1_population": 4436, "phase1_percent": 0.15, "phase1_color": "#fae61e", "phase2_population": 11829, "phase2_percent": 0.4, "phase2_color": "#e67800", "phase3_population": 8872, "phase3_percent": 0.3, "phase3_color": "#c80000", "phase4_population": 4436, "phase4_percent": 0.15, "phase4_color": "#640000", "phase5_population": 0, "phase5_percent": 0, "phase5_color": "#640000" }, "geometry": { "type": "MultiPoint", "coordinates": [ [ 45.1293, 2.1341 ] ] } },
{ "type": "Feature", "properties": { "area_id": "59091336", "confidence_level": 0, "ipc_period": "P", "overall_phase": 3, "population_min": "18646", "population_percentage_min": "0.3", "justification": "", "prolonged_crisis": false, "population_phase_worse": null, "population_percentage_phase_worse": null, "analysis_id": "59090932", "admin_type": null, "area_name": "Tayeeglow (2)", "view_level": "area", "hide_settlement_labels": false, "hide_area_labels": false, "hide_area_borders": false, "show_area_popups": true, "color": "#c80000", "estimated_population": "62158", "phase1_population": 15539, "phase1_percent": 0.25, "phase1_color": "#fae61e", "phase2_population": 27971, "phase2_percent": 0.45, "phase2_color": "#e67800", "phase3_population": 15539, "phase3_percent": 0.25, "phase3_color": "#c80000", "phase4_population": 3107, "phase4_percent": 0.05, "phase4_color": "#640000", "phase5_population": 0, "phase5_percent": 0, "phase5_color": "#640000" }, "geometry": { "type": "GeometryCollection", "geometries": [ { "type": "MultiPolygon", "coordinates": [ [ [ [ 44.2909, 3.9281 ], [ 44.4102, 3.8624 ], [ 44.5714, 3.7229 ], [ 44.7159, 3.8559 ], [ 44.7843, 3.8947 ], [ 44.7909, 3.861 ], [ 44.797, 3.8406 ], [ 44.7777, 3.7375 ], [ 44.7639, 3.6708 ], [ 44.771, 3.7015 ], [ 44.781, 3.2715 ], [ 44.661021557, 3.251003683 ], [ 44.660953522, 3.251551151 ], [ 44.626807725, 3.265208526 ], [ 44.610954285, 3.271549463 ], [ 44.511249334, 3.26656481 ], [ 44.4109, 3.2616 ], [ 44.383400407, 3.278501673 ], [ 44.280944824, 3.341543198 ], [ 44.280905142, 3.341508571 ], [ 44.3109, 3.3915 ], [ 44.3109, 3.395 ], [ 44.3109, 3.5715 ], [ 44.3109, 3.5749 ], [ 44.2909, 3.6149 ], [ 44.2909, 3.9281 ] ] ] ] } ] } },
{ "type": "Feature", "properties": { "area_id": "59090955", "confidence_level": 0, "ipc_period": "P", "overall_phase": 3, "population_min": "971", "population_percentage_min": "0.2", "justification": "", "prolonged_crisis": false, "population_phase_worse": null, "population_percentage_phase_worse": null, "analysis_id": "59090932", "admin_type": null, "area_name": "Qandala (1)", "view_level": "area", "hide_settlement_labels": false, "hide_area_labels": false, "hide_area_borders": false, "show_area_popups": true, "color": "#c80000", "estimated_population": "4855", "phase1_population": 2427, "phase1_percent": 0.5, "phase1_color": "#fae61e", "phase2_population": 1456, "phase2_percent": 0.3, "phase2_color": "#e67800", "phase3_population": 971, "phase3_percent": 0.2, "phase3_color": "#c80000", "phase4_population": 0, "phase4_percent": 0.0, "phase4_color": "#640000", "phase5_population": 0, "phase5_percent": 0, "phase5_color": "#640000" }, "geometry": { "type": "GeometryCollection", "geometries": [ { "type": "MultiPolygon", "coordinates": [ [ [ [ 49.621846993, 10.511673605 ], [ 49.8232, 10.7202 ], [ 49.9186, 10.7243 ], [ 50.2084, 10.6157 ], [ 49.621846993, 10.511673605 ] ] ] ] } ] } },
{ "type": "Feature", "properties": { "area_id": "59091133", "confidence_level": 0, "ipc_period": "P", "overall_phase": 3, "population_min": "4213", "population_percentage_min": "0.3", "justification": "", "prolonged_crisis": false, "population_phase_worse": null, "population_percentage_phase_worse": null, "analysis_id": "59090932", "admin_type": null, "area_name": "Xarardheere urban", "view_level": "area", "hide_settlement_labels": false, "hide_area_labels": false, "hide_area_borders": false, "show_area_popups": true, "color": "#c80000", "estimated_population": "14046", "phase1_population": 5618, "phase1_percent": 0.4, "phase1_color": "#fae61e", "phase2_population": 4213, "phase2_percent": 0.3, "phase2_color": "#e67800", "phase3_population": 4213, "phase3_percent": 0.3, "phase3_color": "#c80000", "phase4_population": 0, "phase4_percent": 0.0, "phase4_color": "#640000", "phase5_population": 0, "phase5_percent": 0, "phase5_color": "#640000" }, "geometry": { "type": "MultiPoint", "coordinates": [ [ 47.8553, 4.6529 ] ] } },
{ "type": "Feature", "properties": { "area_id": "59090963", "confidence_level": 0, "ipc_period": "P", "overall_phase": 4, "population_min": "20412", "population_percentage_min": "0.6", "justification": "", "prolonged_crisis": false, "population_phase_worse": null, "population_percentage_phase_worse": null, "analysis_id": "59090932", "admin_type": null, "area_name": "Qansax dheere idps", "view_level": "area", "hide_settlement_labels": false, "hide_area_labels": false, "hide_area_borders": false, "show_area_popups": true, "color": "#640000", "estimated_population": "34021", "phase1_population": 1701, "phase1_percent": 0.05, "phase1_color": "#fae61e", "phase2_population": 11907, "phase2_percent": 0.35, "phase2_color": "#e67800", "phase3_population": 13608, "phase3_percent": 0.4, "phase3_color": "#c80000", "phase4_population": 6804, "phase4_percent": 0.2, "phase4_color": "#640000", "phase5_population": 0, "phase5_percent": 0, "phase5_color": "#640000" }, "geometry": { "type": "MultiPoint", "coordinates": [ [ 42.9968, 2.8542 ] ] } },
{ "type": "Feature", "properties": { "area_id": "59091390", "confidence_level": 0, "ipc_period": "P", "overall_phase": 3, "population_min": "3741", "population_percentage_min": "0.45", "justification": "", "prolonged_crisis": false, "population_phase_worse": null, "population_percentage_phase_worse": null, "analysis_id": "59090932", "admin_type": null, "area_name": "Qansax dheere urban", "view_level": "area", "hide_settlement_labels": false, "hide_area_labels": false, "hide_area_borders": false, "show_area_popups": true, "color": "#c80000", "estimated_population": "8316", "phase1_population": 2079, "phase1_percent": 0.25, "phase1_color": "#fae61e", "phase2_population": 2494, "phase2_percent": 0.3, "phase2_color": "#e67800", "phase3_population": 2910, "phase3_percent": 0.35, "phase3_color": "#c80000", "phase4_population": 831, "phase4_percent": 0.1, "phase4_color": "#640000", "phase5_population": 0, "phase5_percent": 0, "phase5_color": "#640000" }, "geometry": { "type": "MultiPoint", "coordinates": [ [ 43.001, 2.8686 ] ] } },
{ "type": "Feature", "properties": { "area_id": "59091460", "confidence_level": 0, "ipc_period": "P", "overall_phase": 3, "population_min": "24301", "population_percentage_min": "0.2", "justification": "", "prolonged_crisis": false, "population_phase_worse": null, "population_percentage_phase_worse": null, "analysis_id": "59090932", "admin_type": null, "area_name": "Qardho (1)", "view_level": "area", "hide_settlement_labels": false, "hide_area_labels": false, "hide_area_borders": false, "show_area_popups": true, "color": "#c80000", "estimated_population": "121506", "phase1_population": 60753, "phase1_percent": 0.5, "phase1_color": "#fae61e", "phase2_population": 36451, "phase2_percent": 0.3, "phase2_color": "#e67800", "phase3_population": 24301, "phase3_percent": 0.2, "phase3_color": "#c80000", "phase4_population": 0, "phase4_percent": 0.0, "phase4_color": "#640000", "phase5_population": 0, "phase5_percent": 0, "phase5_color": "#640000" }, "geometry": { "type": "GeometryCollection", "geometries": [ { "type": "MultiPolygon", "coordinates": [ [ [ [ 49.0611, 9.571 ], [ 49.0411, 10.3509 ], [ 49.1911, 10.5209 ], [ 49.3511, 10.5609 ], [ 49.4611, 10.5009 ], [ 49.5611, 10.5009 ], [ 49.7011, 10.0209 ], [ 50.0111, 9.8109 ], [ 50.0911, 9.8109 ], [ 50.0611, 9.281 ], [ 49.9211, 9.121 ], [ 49.8911, 9.031 ], [ 49.8911, 8.4066 ], [ 49.8553, 8.351 ], [ 49.7811, 8.5311 ], [ 49.6811, 8.5811 ], [ 49.4511, 8.5911 ], [ 49.3001, 8.6854 ], [ 49.1811, 8.771 ], [ 49.1111, 8.901 ], [ 49.0811, 9.1405 ], [ 49.0611, 9.571 ] ] ] ] } ] } },
{ "type": "Feature", "properties": { "area_id": "59091534", "confidence_level": 0, "ipc_period": "P", "overall_phase": 2, "population_min": "1440", "population_percentage_min": "0.15", "justification": "", "prolonged_crisis": false, "population_phase_worse": null, "population_percentage_phase_worse": null, "analysis_id": "59090932", "admin_type": null, "area_name": "Zeylac urban", "view_level": "area", "hide_settlement_labels": false, "hide_area_labels": false, "hide_area_borders": false, "show_area_popups": true, "color": "#e67800", "estimated_population": "9604", "phase1_population": 3841, "phase1_percent": 0.4, "phase1_color": "#fae61e", "phase2_population": 4321, "phase2_percent": 0.45, "phase2_color": "#e67800", "phase3_population": 960, "phase3_percent": 0.1, "phase3_color": "#c80000", "phase4_population": 480, "phase4_percent": 0.05, "phase4_color": "#640000", "phase5_population": 0, "phase5_percent": 0, "phase5_color": "#640000" }, "geometry": { "type": "MultiPoint", "coordinates": [ [ 43.4726, 11.352 ] ] } },
{ "type": "Feature", "properties": { "area_id": "59091520", "confidence_level": 0, "ipc_period": "P", "overall_phase": 2, "population_min": "578", "population_percentage_min": "0.1", "justification": "", "prolonged_crisis": false, "population_phase_worse": null, "population_percentage_phase_worse": null, "analysis_id": "59090932", "admin_type": null, "area_name": "Baki idps rural", "view_level": "area", "hide_settlement_labels": false, "hide_area_labels": false, "hide_area_borders": false, "show_area_popups": true, "color": "#e67800", "estimated_population": "5785", "phase1_population": 2892, "phase1_percent": 0.5, "phase1_color": "#fae61e", "phase2_population": 2314, "phase2_percent": 0.4, "phase2_color": "#e67800", "phase3_population": 578, "phase3_percent": 0.1, "phase3_color": "#c80000", "phase4_population": 0, "phase4_percent": 0.0, "phase4_color": "#640000", "phase5_population": 0, "phase5_percent": 0, "phase5_color": "#640000" }, "geometry": { "type": "MultiPoint", "coordinates": [ [ 43.794, 10.3909 ] ] } },
{ "type": "Feature", "properties": { "area_id": "59091640", "confidence_level": 0, "ipc_period": "P", "overall_phase": 2, "population_min": "204", "population_percentage_min": "0.15", "justification": "", "prolonged_crisis": false, "population_phase_worse": null, "population_percentage_phase_worse": null, "analysis_id": "59090932", "admin_type": null, "area_name": "Baki urban", "view_level": "area", "hide_settlement_labels": false, "hide_area_labels": false, "hide_area_borders": false, "show_area_popups": true, "color": "#e67800", "estimated_population": "1365", "phase1_population": 546, "phase1_percent": 0.4, "phase1_color": "#fae61e", "phase2_population": 614, "phase2_percent": 0.45, "phase2_color": "#e67800", "phase3_population": 136, "phase3_percent": 0.1, "phase3_color": "#c80000", "phase4_population": 68, "phase4_percent": 0.05, "phase4_color": "#640000", "phase5_population": 0, "phase5_percent": 0, "phase5_color": "#640000" }, "geometry": { "type": "MultiPoint", "coordinates": [ [ 43.357, 10.0025 ] ] } },
{ "type": "Feature", "properties": { "area_id": "59091524", "confidence_level": 0, "ipc_period": "P", "overall_phase": 2, "population_min": "866", "population_percentage_min": "0.1", "justification": "", "prolonged_crisis": false, "population_phase_worse": null, "population_percentage_phase_worse": null, "analysis_id": "59090932", "admin_type": null, "area_name": "Bu'aale (5)", "view_level": "area", "hide_settlement_labels": false, "hide_area_labels": false, "hide_area_borders": false, "show_area_popups": true, "color": "#e67800", "estimated_population": "8661", "phase1_population": 5196, "phase1_percent": 0.6, "phase1_color": "#fae61e", "phase2_population": 2598, "phase2_percent": 0.3, "phase2_color": "#e67800", "phase3_population": 866, "phase3_percent": 0.1, "phase3_color": "#c80000", "phase4_population": 0, "phase4_percent": 0.0, "phase4_color": "#640000", "phase5_population": 0, "phase5_percent": 0, "phase5_color": "#640000" }, "geometry": { "type": "MultiPoint", "coordinates": [ [ 42.742, 1.0336 ] ] } },
{ "type": "Feature", "properties": { "area_id": "59091115", "confidence_level": 0, "ipc_period": "P", "overall_phase": 3, "population_min": "21077", "population_percentage_min": "0.25", "justification": "", "prolonged_crisis": false, "population_phase_worse": null, "population_percentage_phase_worse": null, "analysis_id": "59090932", "admin_type": "idp", "area_name": "Burao IDPS", "view_level": "area", "hide_settlement_labels": false, "hide_area_labels": false, "hide_area_borders": false, "show_area_popups": true, "color": "#c80000", "estimated_population": "84314", "phase1_population": 25294, "phase1_percent": 0.3, "phase1_color": "#fae61e", "phase2_population": 37941, "phase2_percent": 0.45, "phase2_color": "#e67800", "phase3_population": 16862, "phase3_percent": 0.2, "phase3_color": "#c80000", "phase4_population": 4215, "phase4_percent": 0.05, "phase4_color": "#640000", "phase5_population": 0, "phase5_percent": 0, "phase5_color": "#640000" }, "geometry": { "type": "Point", "coordinates": [ 45.525552005, 9.497078216 ] } },
{ "type": "Feature", "properties": { "area_id": "59091384", "confidence_level": 0, "ipc_period": "P", "overall_phase": 2, "population_min": "10320", "population_percentage_min": "0.15", "justification": "", "prolonged_crisis": false, "population_phase_worse": null, "population_percentage_phase_worse": null, "analysis_id": "59090932", "admin_type": null, "area_name": "Burco idps rural", "view_level": "area", "hide_settlement_labels": false, "hide_area_labels": false, "hide_area_borders": false, "show_area_popups": true, "color": "#e67800", "estimated_population": "68804", "phase1_population": 24081, "phase1_percent": 0.35, "phase1_color": "#fae61e", "phase2_population": 34402, "phase2_percent": 0.5, "phase2_color": "#e67800", "phase3_population": 10320, "phase3_percent": 0.15, "phase3_color": "#c80000", "phase4_population": 0, "phase4_percent": 0.0, "phase4_color": "#640000", "phase5_population": 0, "phase5_percent": 0, "phase5_color": "#640000" }, "geometry": { "type": "MultiPoint", "coordinates": [ [ 45.6314, 9.5543 ] ] } },
{ "type": "Feature", "properties": { "area_id": "59091153", "confidence_level": 0, "ipc_period": "P", "overall_phase": 2, "population_min": "4932", "population_percentage_min": "0.15", "justification": "", "prolonged_crisis": false, "population_phase_worse": null, "population_percentage_phase_worse": null, "analysis_id": "59090932", "admin_type": null, "area_name": "Cadale", "view_level": "area", "hide_settlement_labels": false, "hide_area_labels": false, "hide_area_borders": false, "show_area_popups": true, "color": "#e67800", "estimated_population": "32882", "phase1_population": 14796, "phase1_percent": 0.45, "phase1_color": "#fae61e", "phase2_population": 13152, "phase2_percent": 0.4, "phase2_color": "#e67800", "phase3_population": 4932, "phase3_percent": 0.15, "phase3_color": "#c80000", "phase4_population": 0, "phase4_percent": 0.0, "phase4_color": "#640000", "phase5_population": 0, "phase5_percent": 0, "phase5_color": "#640000" }, "geometry": { "type": "GeometryCollection", "geometries": [ { "type": "MultiPolygon", "coordinates": [ [ [ [ 46.0615, 2.6423 ], [ 46.2595, 2.9 ], [ 46.4918, 3.1151 ], [ 46.6639, 3.3141 ], [ 46.7553, 3.1536 ], [ 46.5767, 2.9734 ], [ 46.3462, 2.7882 ], [ 46.2838, 2.7012 ], [ 46.1297, 2.5541 ], [ 46.0615, 2.6423 ] ] ] ] } ] } },
{ "type": "Feature", "properties": { "area_id": "59091165", "confidence_level": 0, "ipc_period": "P", "overall_phase": 1, "population_min": "0", "population_percentage_min": "0", "justification": "", "prolonged_crisis": false, "population_phase_worse": null, "population_percentage_phase_worse": null, "analysis_id": "59090932", "admin_type": null, "area_name": "Cadale (1)", "view_level": "area", "hide_settlement_labels": false, "hide_area_labels": false, "hide_area_borders": false, "show_area_popups": true, "color": "#fae61e", "estimated_population": "1174", "phase1_population": 997, "phase1_percent": 0.85, "phase1_color": "#fae61e", "phase2_population": 176, "phase2_percent": 0.15, "phase2_color": "#e67800", "phase3_population": 0, "phase3_percent": 0.0, "phase3_color": "#c80000", "phase4_population": 0, "phase4_percent": 0.0, "phase4_color": "#640000", "phase5_population": 0, "phase5_percent": 0, "phase5_color": "#640000" }, "geometry": { "type": "GeometryCollection", "geometries": [ { "type": "MultiPolygon", "coordinates": [ [ [ [ 46.061, 3.5315 ], [ 46.1188, 3.5107 ], [ 46.0599, 3.4 ], [ 45.9801, 3.3083 ], [ 45.9415, 3.2532 ], [ 46.0124, 3.4659 ], [ 46.061, 3.5315 ] ] ] ] } ] } },
{ "type": "Feature", "properties": { "area_id": "59091350", "confidence_level": 0, "ipc_period": "P", "overall_phase": 2, "population_min": "3699", "population_percentage_min": "0.15", "justification": "", "prolonged_crisis": false, "population_phase_worse": null, "population_percentage_phase_worse": null, "analysis_id": "59090932", "admin_type": null, "area_name": "Cadale (2)", "view_level": "area", "hide_settlement_labels": false, "hide_area_labels": false, "hide_area_borders": false, "show_area_popups": true, "color": "#e67800", "estimated_population": "24661", "phase1_population": 12330, "phase1_percent": 0.5, "phase1_color": "#fae61e", "phase2_population": 8631, "phase2_percent": 0.35, "phase2_color": "#e67800", "phase3_population": 3699, "phase3_percent": 0.15, "phase3_color": "#c80000", "phase4_population": 0, "phase4_percent": 0.0, "phase4_color": "#640000", "phase5_population": 0, "phase5_percent": 0, "phase5_color": "#640000" }, "geometry": { "type": "GeometryCollection", "geometries": [ { "type": "MultiPolygon", "coordinates": [ [ [ [ 46.6639, 3.3141 ], [ 46.4918, 3.1151 ], [ 46.2595, 2.9 ], [ 46.0615, 2.6423 ], [ 45.961, 2.7316 ], [ 45.941, 3.2515 ], [ 45.9415, 3.2532 ], [ 45.9801, 3.3083 ], [ 46.0599, 3.4 ], [ 46.1188, 3.5107 ], [ 46.6639, 3.3141 ] ] ] ] } ] } },
{ "type": "Feature", "properties": { "area_id": "59091123", "confidence_level": 0, "ipc_period": "P", "overall_phase": 2, "population_min": "1989", "population_percentage_min": "0.15", "justification": "", "prolonged_crisis": false, "population_phase_worse": null, "population_percentage_phase_worse": null, "analysis_id": "59090932", "admin_type": null, "area_name": "Rab dhuure (1)", "view_level": "area", "hide_settlement_labels": false, "hide_area_labels": false, "hide_area_borders": false, "show_area_popups": true, "color": "#e67800", "estimated_population": "13266", "phase1_population": 7296, "phase1_percent": 0.55, "phase1_color": "#fae61e", "phase2_population": 3979, "phase2_percent": 0.3, "phase2_color": "#e67800", "phase3_population": 1989, "phase3_percent": 0.15, "phase3_color": "#c80000", "phase4_population": 0, "phase4_percent": 0.0, "phase4_color": "#640000", "phase5_population": 0, "phase5_percent": 0, "phase5_color": "#640000" }, "geometry": { "type": "GeometryCollection", "geometries": [ { "type": "MultiPolygon", "coordinates": [ [ [ [ 43.2809, 4.4814 ], [ 43.2829, 4.479 ], [ 43.2131, 4.5452 ], [ 43.1356, 4.5284 ], [ 43.0396, 4.3181 ], [ 42.9335, 4.2557 ], [ 42.9607, 4.1722 ], [ 42.962259018, 4.169522115 ], [ 42.9625, 4.1688 ], [ 42.8851, 4.3084 ], [ 42.9702, 4.4048 ], [ 43.0357, 4.5617 ], [ 43.1273, 4.635 ], [ 43.2809, 4.4814 ] ] ] ] } ] } },
{ "type": "Feature", "properties": { "area_id": "59091310", "confidence_level": 0, "ipc_period": "P", "overall_phase": 2, "population_min": "2321", "population_percentage_min": "0.1", "justification": "", "prolonged_crisis": false, "population_phase_worse": null, "population_percentage_phase_worse": null, "analysis_id": "59090932", "admin_type": null, "area_name": "Jilib (3)", "view_level": "area", "hide_settlement_labels": false, "hide_area_labels": false, "hide_area_borders": false, "show_area_popups": true, "color": "#e67800", "estimated_population": "23217", "phase1_population": 13930, "phase1_percent": 0.6, "phase1_color": "#fae61e", "phase2_population": 6965, "phase2_percent": 0.3, "phase2_color": "#e67800", "phase3_population": 2321, "phase3_percent": 0.1, "phase3_color": "#c80000", "phase4_population": 0, "phase4_percent": 0.0, "phase4_color": "#640000", "phase5_population": 0, "phase5_percent": 0, "phase5_color": "#640000" }, "geometry": { "type": "GeometryCollection", "geometries": [ { "type": "MultiPolygon", "coordinates": [ [ [ [ 42.7167, 0.7959 ], [ 43.2092, 1.0225 ], [ 43.1512, 0.844 ], [ 43.1426, 0.7646 ], [ 43.1417, 0.7642 ], [ 43.1115, 0.6224 ], [ 43.0167, 0.6115 ], [ 42.9224, 0.6248 ], [ 42.9025, 0.5713 ], [ 42.7835, 0.5298 ], [ 42.7665, 0.6872 ], [ 42.7167, 0.7959 ] ] ] ] } ] } },
{ "type": "Feature", "properties": { "area_id": "59091386", "confidence_level": 0, "ipc_period": "P", "overall_phase": 1, "population_min": "480", "population_percentage_min": "0.05", "justification": "", "prolonged_crisis": false, "population_phase_worse": null, "population_percentage_phase_worse": null, "analysis_id": "59090932", "admin_type": null, "area_name": "Saakow", "view_level": "area", "hide_settlement_labels": false, "hide_area_labels": false, "hide_area_borders": false, "show_area_popups": true, "color": "#fae61e", "estimated_population": "9606", "phase1_population": 8165, "phase1_percent": 0.85, "phase1_color": "#fae61e", "phase2_population": 960, "phase2_percent": 0.1, "phase2_color": "#e67800", "phase3_population": 480, "phase3_percent": 0.05, "phase3_color": "#c80000", "phase4_population": 0, "phase4_percent": 0.0, "phase4_color": "#640000", "phase5_population": 0, "phase5_percent": 0, "phase5_color": "#640000" }, "geometry": { "type": "GeometryCollection", "geometries": [ { "type": "MultiPolygon", "coordinates": [ [ [ [ 42.047, 1.947 ], [ 42.1154, 1.7873 ], [ 42.1523, 1.6075 ], [ 42.139, 1.3605 ], [ 42.1177, 1.3064 ], [ 41.4209, 1.2617 ], [ 41.6409, 1.9417 ], [ 42.047, 1.947 ] ] ] ] } ] } },
{ "type": "Feature", "properties": { "area_id": "59091452", "confidence_level": 0, "ipc_period": "P", "overall_phase": 3, "population_min": "1297", "population_percentage_min": "0.2", "justification": "", "prolonged_crisis": false, "population_phase_worse": null, "population_percentage_phase_worse": null, "analysis_id": "59090932", "admin_type": null, "area_name": "Saakow (1)", "view_level": "area", "hide_settlement_labels": false, "hide_area_labels": false, "hide_area_borders": false, "show_area_popups": true, "color": "#c80000", "estimated_population": "6486", "phase1_population": 1945, "phase1_percent": 0.3, "phase1_color": "#fae61e", "phase2_population": 3243, "phase2_percent": 0.5, "phase2_color": "#e67800", "phase3_population": 1297, "phase3_percent": 0.2, "phase3_color": "#c80000", "phase4_population": 0, "phase4_percent": 0.0, "phase4_color": "#640000", "phase5_population": 0, "phase5_percent": 0, "phase5_color": "#640000" }, "geometry": { "type": "GeometryCollection", "geometries": [ { "type": "MultiPolygon", "coordinates": [ [ [ [ 42.375, 1.5059 ], [ 42.2309, 1.5117 ], [ 42.1389, 1.3078 ], [ 42.1177, 1.3064 ], [ 42.139, 1.3605 ], [ 42.1523, 1.6075 ], [ 42.1154, 1.7873 ], [ 42.047, 1.947 ], [ 42.211, 1.9492 ], [ 42.2541, 1.7931 ], [ 42.3522, 1.6592 ], [ 42.375, 1.5059 ] ] ] ] } ] } },
{ "type": "Feature", "properties": { "area_id": "59091008", "confidence_level": 0, "ipc_period": "P", "overall_phase": 3, "population_min": "4539", "population_percentage_min": "0.3", "justification": "", "prolonged_crisis": false, "population_phase_worse": null, "population_percentage_phase_worse": null, "analysis_id": "59090932", "admin_type": null, "area_name": "Saakow (2)", "view_level": "area", "hide_settlement_labels": false, "hide_area_labels": false, "hide_area_borders": false, "show_area_popups": true, "color": "#c80000", "estimated_population": "15132", "phase1_population": 3783, "phase1_percent": 0.25, "phase1_color": "#fae61e", "phase2_population": 6809, "phase2_percent": 0.45, "phase2_color": "#e67800", "phase3_population": 3783, "phase3_percent": 0.25, "phase3_color": "#c80000", "phase4_population": 756, "phase4_percent": 0.05, "phase4_color": "#640000", "phase5_population": 0, "phase5_percent": 0, "phase5_color": "#640000" }, "geometry": { "type": "GeometryCollection", "geometries": [ { "type": "MultiPolygon", "coordinates": [ [ [ [ 42.4009, 1.9517 ], [ 42.5209, 1.8817 ], [ 42.9009, 1.5217 ], [ 42.9533, 1.4824 ], [ 42.5279, 1.4997 ], [ 42.4692, 1.7028 ], [ 42.4128, 1.7672 ], [ 42.3431, 1.9509 ], [ 42.4009, 1.9517 ] ] ] ] } ] } },
{ "type": "Feature", "properties": { "area_id": "59091334", "confidence_level": 0, "ipc_period": "P", "overall_phase": 4, "population_min": "7926", "population_percentage_min": "0.55", "justification": "", "prolonged_crisis": false, "population_phase_worse": null, "population_percentage_phase_worse": null, "analysis_id": "59090932", "admin_type": null, "area_name": "Saakow (3)", "view_level": "area", "hide_settlement_labels": false, "hide_area_labels": false, "hide_area_borders": false, "show_area_popups": true, "color": "#640000", "estimated_population": "14412", "phase1_population": 4323, "phase1_percent": 0.3, "phase1_color": "#fae61e", "phase2_population": 2161, "phase2_percent": 0.15, "phase2_color": "#e67800", "phase3_population": 3603, "phase3_percent": 0.25, "phase3_color": "#c80000", "phase4_population": 4323, "phase4_percent": 0.3, "phase4_color": "#640000", "phase5_population": 0, "phase5_percent": 0, "phase5_color": "#640000" }, "geometry": { "type": "GeometryCollection", "geometries": [ { "type": "MultiPolygon", "coordinates": [ [ [ [ 42.375, 1.5059 ], [ 42.3522, 1.6592 ], [ 42.2541, 1.7931 ], [ 42.211, 1.9492 ], [ 42.3431, 1.9509 ], [ 42.4128, 1.7672 ], [ 42.4692, 1.7028 ], [ 42.5279, 1.4997 ], [ 42.375, 1.5059 ] ] ] ] } ] } },
{ "type": "Feature", "properties": { "area_id": "59091432", "confidence_level": 0, "ipc_period": "P", "overall_phase": 2, "population_min": "622", "population_percentage_min": "0.15", "justification": "", "prolonged_crisis": false, "population_phase_worse": null, "population_percentage_phase_worse": null, "analysis_id": "59090932", "admin_type": null, "area_name": "Baardheere (2)", "view_level": "area", "hide_settlement_labels": false, "hide_area_labels": false, "hide_area_borders": false, "show_area_popups": true, "color": "#e67800", "estimated_population": "4148", "phase1_population": 1866, "phase1_percent": 0.45, "phase1_color": "#fae61e", "phase2_population": 1659, "phase2_percent": 0.4, "phase2_color": "#e67800", "phase3_population": 622, "phase3_percent": 0.15, "phase3_color": "#c80000", "phase4_population": 0, "phase4_percent": 0.0, "phase4_color": "#640000", "phase5_population": 0, "phase5_percent": 0, "phase5_color": "#640000" }, "geometry": { "type": "GeometryCollection", "geometries": [ { "type": "MultiPolygon", "coordinates": [ [ [ [ 42.211, 1.9492 ], [ 42.047, 1.947 ], [ 42.05, 2.245 ], [ 41.9593, 2.288 ], [ 41.9034, 2.3706 ], [ 41.8911, 2.5426 ], [ 41.9444, 2.6319 ], [ 42.1885, 2.6526 ], [ 42.1497, 2.7508 ], [ 42.2296, 2.8554 ], [ 42.3015, 2.8338 ], [ 42.3377, 2.8193 ], [ 42.3229, 2.7137 ], [ 42.2603, 2.5689 ], [ 42.254, 2.4531 ], [ 42.1376, 2.3974 ], [ 42.0929, 2.3343 ], [ 42.1258, 2.1009 ], [ 42.211, 1.9492 ] ] ] ] } ] } },
{ "type": "Feature", "properties": { "area_id": "59091468", "confidence_level": 0, "ipc_period": "P", "overall_phase": 3, "population_min": "35050", "population_percentage_min": "0.5", "justification": "", "prolonged_crisis": false, "population_phase_worse": null, "population_percentage_phase_worse": null, "analysis_id": "59090932", "admin_type": null, "area_name": "Luuq idps", "view_level": "area", "hide_settlement_labels": false, "hide_area_labels": false, "hide_area_borders": false, "show_area_popups": true, "color": "#c80000", "estimated_population": "70100", "phase1_population": 7010, "phase1_percent": 0.1, "phase1_color": "#fae61e", "phase2_population": 28040, "phase2_percent": 0.4, "phase2_color": "#e67800", "phase3_population": 24535, "phase3_percent": 0.35, "phase3_color": "#c80000", "phase4_population": 10515, "phase4_percent": 0.15, "phase4_color": "#640000", "phase5_population": 0, "phase5_percent": 0, "phase5_color": "#640000" }, "geometry": { "type": "MultiPoint", "coordinates": [ [ 42.5463, 3.7969 ] ] } },
{ "type": "Feature", "properties": { "area_id": "59091129", "confidence_level": 0, "ipc_period": "P", "overall_phase": 3, "population_min": "963", "population_percentage_min": "0.25", "justification": "", "prolonged_crisis": false, "population_phase_worse": null, "population_percentage_phase_worse": null, "analysis_id": "59090932", "admin_type": null, "area_name": "Xudun idps rural", "view_level": "area", "hide_settlement_labels": false, "hide_area_labels": false, "hide_area_borders": false, "show_area_popups": true, "color": "#c80000", "estimated_population": "3855", "phase1_population": 1542, "phase1_percent": 0.4, "phase1_color": "#fae61e", "phase2_population": 1349, "phase2_percent": 0.35, "phase2_color": "#e67800", "phase3_population": 771, "phase3_percent": 0.2, "phase3_color": "#c80000", "phase4_population": 192, "phase4_percent": 0.05, "phase4_color": "#640000", "phase5_population": 0, "phase5_percent": 0, "phase5_color": "#640000" }, "geometry": { "type": "MultiPoint", "coordinates": [ [ 47.4791, 9.1532 ] ] } },
{ "type": "Feature", "properties": { "area_id": "59091358", "confidence_level": 0, "ipc_period": "P", "overall_phase": 4, "population_min": "9418", "population_percentage_min": "0.4", "justification": "", "prolonged_crisis": false, "population_phase_worse": null, "population_percentage_phase_worse": null, "analysis_id": "59090932", "admin_type": null, "area_name": "Xudun urban", "view_level": "area", "hide_settlement_labels": false, "hide_area_labels": false, "hide_area_borders": false, "show_area_popups": true, "color": "#640000", "estimated_population": "23545", "phase1_population": 3531, "phase1_percent": 0.15, "phase1_color": "#fae61e", "phase2_population": 10595, "phase2_percent": 0.45, "phase2_color": "#e67800", "phase3_population": 4709, "phase3_percent": 0.2, "phase3_color": "#c80000", "phase4_population": 4709, "phase4_percent": 0.2, "phase4_color": "#640000", "phase5_population": 0, "phase5_percent": 0, "phase5_color": "#640000" }, "geometry": { "type": "MultiPoint", "coordinates": [ [ 47.4766, 9.153 ] ] } },
{ "type": "Feature", "properties": { "area_id": "59091318", "confidence_level": 0, "ipc_period": "P", "overall_phase": 3, "population_min": "14777", "population_percentage_min": "0.25", "justification": "", "prolonged_crisis": false, "population_phase_worse": null, "population_percentage_phase_worse": null, "analysis_id": "59090932", "admin_type": null, "area_name": "Xudun", "view_level": "area", "hide_settlement_labels": false, "hide_area_labels": false, "hide_area_borders": false, "show_area_popups": true, "color": "#c80000", "estimated_population": "59113", "phase1_population": 23645, "phase1_percent": 0.4, "phase1_color": "#fae61e", "phase2_population": 20689, "phase2_percent": 0.35, "phase2_color": "#e67800", "phase3_population": 11822, "phase3_percent": 0.2, "phase3_color": "#c80000", "phase4_population": 2955, "phase4_percent": 0.05, "phase4_color": "#640000", "phase5_population": 0, "phase5_percent": 0, "phase5_color": "#640000" }, "geometry": { "type": "GeometryCollection", "geometries": [ { "type": "MultiPolygon", "coordinates": [ [ [ [ 48.041, 8.781 ], [ 46.9206, 8.8433 ], [ 46.911, 9.431 ], [ 47.1009, 9.4428 ], [ 47.416386057, 9.46192435 ], [ 48.061, 9.501 ], [ 48.079498202, 9.502466299 ], [ 48.041, 8.781 ] ] ] ] } ] } },
{ "type": "Feature", "properties": { "area_id": "59091346", "confidence_level": 0, "ipc_period": "P", "overall_phase": 4, "population_min": "215", "population_percentage_min": "0.6", "justification": "", "prolonged_crisis": false, "population_phase_worse": null, "population_percentage_phase_worse": null, "analysis_id": "59090932", "admin_type": null, "area_name": "Xudun idps", "view_level": "area", "hide_settlement_labels": false, "hide_area_labels": false, "hide_area_borders": false, "show_area_popups": true, "color": "#640000", "estimated_population": "360", "phase1_population": 0, "phase1_percent": 0.0, "phase1_color": "#fae61e", "phase2_population": 144, "phase2_percent": 0.4, "phase2_color": "#e67800", "phase3_population": 125, "phase3_percent": 0.35, "phase3_color": "#c80000", "phase4_population": 90, "phase4_percent": 0.25, "phase4_color": "#640000", "phase5_population": 0, "phase5_percent": 0, "phase5_color": "#640000" }, "geometry": { "type": "MultiPoint", "coordinates": [ [ 47.4603, 9.1906 ] ] } },
{ "type": "Feature", "properties": { "area_id": "59091450", "confidence_level": 0, "ipc_period": "P", "overall_phase": 2, "population_min": "4806", "population_percentage_min": "0.15", "justification": "", "prolonged_crisis": false, "population_phase_worse": null, "population_percentage_phase_worse": null, "analysis_id": "59090932", "admin_type": null, "area_name": "Xudur", "view_level": "area", "hide_settlement_labels": false, "hide_area_labels": false, "hide_area_borders": false, "show_area_popups": true, "color": "#e67800", "estimated_population": "32041", "phase1_population": 14418, "phase1_percent": 0.45, "phase1_color": "#fae61e", "phase2_population": 12816, "phase2_percent": 0.4, "phase2_color": "#e67800", "phase3_population": 4806, "phase3_percent": 0.15, "phase3_color": "#c80000", "phase4_population": 0, "phase4_percent": 0.0, "phase4_color": "#640000", "phase5_population": 0, "phase5_percent": 0, "phase5_color": "#640000" }, "geometry": { "type": "GeometryCollection", "geometries": [ { "type": "MultiPolygon", "coordinates": [ [ [ [ 44.2909, 4.4314 ], [ 44.2909, 3.9281 ], [ 43.9964, 4.011 ], [ 43.8063, 4.0488 ], [ 43.6949, 3.9875 ], [ 43.6309, 4.0515 ], [ 43.2829, 4.479 ], [ 43.509, 4.4701 ], [ 44.2909, 4.4314 ] ] ] ] } ] } },
{ "type": "Feature", "properties": { "area_id": "59091183", "confidence_level": 0, "ipc_period": "P", "overall_phase": 4, "population_min": "9540", "population_percentage_min": "0.55", "justification": "", "prolonged_crisis": false, "population_phase_worse": null, "population_percentage_phase_worse": null, "analysis_id": "59090932", "admin_type": null, "area_name": "Baardheere (3)", "view_level": "area", "hide_settlement_labels": false, "hide_area_labels": false, "hide_area_borders": false, "show_area_popups": true, "color": "#640000", "estimated_population": "17347", "phase1_population": 3469, "phase1_percent": 0.2, "phase1_color": "#fae61e", "phase2_population": 4336, "phase2_percent": 0.25, "phase2_color": "#e67800", "phase3_population": 5204, "phase3_percent": 0.3, "phase3_color": "#c80000", "phase4_population": 4336, "phase4_percent": 0.25, "phase4_color": "#640000", "phase5_population": 0, "phase5_percent": 0, "phase5_color": "#640000" }, "geometry": { "type": "GeometryCollection", "geometries": [ { "type": "MultiPolygon", "coordinates": [ [ [ [ 42.4538, 2.7806 ], [ 42.4369, 2.6241 ], [ 42.3871, 2.5666 ], [ 42.3929, 2.4639 ], [ 42.3594, 2.342 ], [ 42.2555, 2.2297 ], [ 42.2814, 2.087 ], [ 42.3319, 2.0532 ], [ 42.3431, 1.9509 ], [ 42.211, 1.9492 ], [ 42.1258, 2.1009 ], [ 42.0929, 2.3343 ], [ 42.1376, 2.3974 ], [ 42.254, 2.4531 ], [ 42.2603, 2.5689 ], [ 42.3229, 2.7137 ], [ 42.3377, 2.8193 ], [ 42.4538, 2.7806 ] ] ] ] } ] } },
{ "type": "Feature", "properties": { "area_id": "59091149", "confidence_level": 0, "ipc_period": "P", "overall_phase": 3, "population_min": "16911", "population_percentage_min": "0.25", "justification": "", "prolonged_crisis": false, "population_phase_worse": null, "population_percentage_phase_worse": null, "analysis_id": "59090932", "admin_type": null, "area_name": "Taleex", "view_level": "area", "hide_settlement_labels": false, "hide_area_labels": false, "hide_area_borders": false, "show_area_popups": true, "color": "#c80000", "estimated_population": "67645", "phase1_population": 27058, "phase1_percent": 0.4, "phase1_color": "#fae61e", "phase2_population": 23675, "phase2_percent": 0.35, "phase2_color": "#e67800", "phase3_population": 13529, "phase3_percent": 0.2, "phase3_color": "#c80000", "phase4_population": 3382, "phase4_percent": 0.05, "phase4_color": "#640000", "phase5_population": 0, "phase5_percent": 0, "phase5_color": "#640000" }, "geometry": { "type": "GeometryCollection", "geometries": [ { "type": "MultiPolygon", "coordinates": [ [ [ [ 49.0611, 9.571 ], [ 49.0811, 9.1405 ], [ 48.731, 8.781 ], [ 48.561, 8.781 ], [ 48.041, 8.781 ], [ 48.079498202, 9.502466299 ], [ 48.5795, 9.5421 ], [ 48.579500315, 9.542109797 ], [ 49.0611, 9.571 ] ] ] ] } ] } },
{ "type": "Feature", "properties": { "area_id": "59091352", "confidence_level": 0, "ipc_period": "P", "overall_phase": 2, "population_min": "22304", "population_percentage_min": "0.15", "justification": "", "prolonged_crisis": false, "population_phase_worse": null, "population_percentage_phase_worse": null, "analysis_id": "59090932", "admin_type": null, "area_name": "Gaalkacyo (1)", "view_level": "area", "hide_settlement_labels": false, "hide_area_labels": false, "hide_area_borders": false, "show_area_popups": true, "color": "#e67800", "estimated_population": "148696", "phase1_population": 89217, "phase1_percent": 0.6, "phase1_color": "#fae61e", "phase2_population": 37174, "phase2_percent": 0.25, "phase2_color": "#e67800", "phase3_population": 22304, "phase3_percent": 0.15, "phase3_color": "#c80000", "phase4_population": 0, "phase4_percent": 0.0, "phase4_color": "#640000", "phase5_population": 0, "phase5_percent": 0, "phase5_color": "#640000" }, "geometry": { "type": "GeometryCollection", "geometries": [ { "type": "MultiPolygon", "coordinates": [ [ [ [ 47.5936, 6.8685 ], [ 47.397770735, 7.045282233 ], [ 47.531, 7.1912 ], [ 47.3622, 7.3599 ], [ 47.5591, 7.5619 ], [ 48.495196489, 7.412128537 ], [ 48.495324148, 7.412108112 ], [ 48.501, 7.4112 ], [ 48.502093648, 7.411816746 ], [ 48.5315, 7.4284 ], [ 48.525096754, 7.351172193 ], [ 48.521655279, 7.309665489 ], [ 48.5068, 7.1305 ], [ 48.506680574, 7.135469946 ], [ 48.5003, 7.401 ], [ 48.2763, 7.2807 ], [ 48.2041, 7.2585 ], [ 48.2252, 7.1675 ], [ 47.9869, 7.0841 ], [ 47.7489, 6.9614 ], [ 47.5936, 6.8685 ] ] ] ] }, { "type": "MultiPolygon", "coordinates": [ [ [ [ 47.5936, 6.8685 ], [ 47.4844, 6.8189 ], [ 47.2951, 6.6718 ], [ 47.2486, 6.5833 ], [ 47.292, 6.4692 ], [ 47.3949, 6.4007 ], [ 47.4462, 6.3158 ], [ 47.422035331, 6.321194853 ], [ 46.5414, 6.5178 ], [ 46.8985, 6.8842 ], [ 47.111, 6.7312 ], [ 47.397770735, 7.045282233 ], [ 47.5936, 6.8685 ] ] ] ] } ] } },
{ "type": "Feature", "properties": { "area_id": "59091558", "confidence_level": 0, "ipc_period": "P", "overall_phase": 3, "population_min": "470929", "population_percentage_min": "0.4", "justification": "", "prolonged_crisis": false, "population_phase_worse": null, "population_percentage_phase_worse": null, "analysis_id": "59090932", "admin_type": "idp", "area_name": "Mogadishu IDPS", "view_level": "area", "hide_settlement_labels": false, "hide_area_labels": false, "hide_area_borders": false, "show_area_popups": true, "color": "#c80000", "estimated_population": "1177324", "phase1_population": 235464, "phase1_percent": 0.2, "phase1_color": "#fae61e", "phase2_population": 470929, "phase2_percent": 0.4, "phase2_color": "#e67800", "phase3_population": 294331, "phase3_percent": 0.25, "phase3_color": "#c80000", "phase4_population": 176598, "phase4_percent": 0.15, "phase4_color": "#640000", "phase5_population": 0, "phase5_percent": 0, "phase5_color": "#640000" }, "geometry": { "type": "Point", "coordinates": [ 45.246435495, 1.99956616 ] } },
{ "type": "Feature", "properties": { "area_id": "59091486", "confidence_level": 0, "ipc_period": "P", "overall_phase": 4, "population_min": "6594", "population_percentage_min": "0.4", "justification": "", "prolonged_crisis": false, "population_phase_worse": null, "population_percentage_phase_worse": null, "analysis_id": "59090932", "admin_type": null, "area_name": "Taleex urban", "view_level": "area", "hide_settlement_labels": false, "hide_area_labels": false, "hide_area_borders": false, "show_area_popups": true, "color": "#640000", "estimated_population": "16486", "phase1_population": 2472, "phase1_percent": 0.15, "phase1_color": "#fae61e", "phase2_population": 7418, "phase2_percent": 0.45, "phase2_color": "#e67800", "phase3_population": 3297, "phase3_percent": 0.2, "phase3_color": "#c80000", "phase4_population": 3297, "phase4_percent": 0.2, "phase4_color": "#640000", "phase5_population": 0, "phase5_percent": 0, "phase5_color": "#640000" }, "geometry": { "type": "MultiPoint", "coordinates": [ [ 48.4198, 9.1445 ] ] } },
{ "type": "Feature", "properties": { "area_id": "59090960", "confidence_level": 0, "ipc_period": "P", "overall_phase": 2, "population_min": "777", "population_percentage_min": "0.15", "justification": "", "prolonged_crisis": false, "population_phase_worse": null, "population_percentage_phase_worse": null, "analysis_id": "59090932", "admin_type": null, "area_name": "Tayeeglow", "view_level": "area", "hide_settlement_labels": false, "hide_area_labels": false, "hide_area_borders": false, "show_area_popups": true, "color": "#e67800", "estimated_population": "5180", "phase1_population": 2849, "phase1_percent": 0.55, "phase1_color": "#fae61e", "phase2_population": 1554, "phase2_percent": 0.3, "phase2_color": "#e67800", "phase3_population": 777, "phase3_percent": 0.15, "phase3_color": "#c80000", "phase4_population": 0, "phase4_percent": 0.0, "phase4_color": "#640000", "phase5_population": 0, "phase5_percent": 0, "phase5_color": "#640000" }, "geometry": { "type": "GeometryCollection", "geometries": [ { "type": "MultiPolygon", "coordinates": [ [ [ [ 44.7231, 4.2069 ], [ 44.5921, 4.3257 ], [ 44.431, 4.4314 ], [ 44.6776, 4.4314 ], [ 44.677603779, 4.431381355 ], [ 44.681, 4.4114 ], [ 44.722245304, 4.211117127 ], [ 44.7231, 4.2069 ] ] ], [ [ [ 44.7579, 4.0134 ], [ 44.7275, 4.1408 ], [ 44.7497, 4.0778 ], [ 44.7716, 3.9846 ], [ 44.7579, 4.0134 ] ] ], [ [ [ 44.7843, 3.8947 ], [ 44.779, 3.9442 ], [ 44.7717, 3.9842 ], [ 44.801, 3.8615 ], [ 44.797, 3.8406 ], [ 44.7909, 3.861 ], [ 44.7843, 3.8947 ] ] ], [ [ [ 44.7639, 3.6708 ], [ 44.7777, 3.7375 ], [ 44.771, 3.7015 ], [ 44.7639, 3.6708 ] ] ] ] } ] } },
{ "type": "Feature", "properties": { "area_id": "59091374", "confidence_level": 0, "ipc_period": "P", "overall_phase": 3, "population_min": "9612", "population_percentage_min": "0.3", "justification": "", "prolonged_crisis": false, "population_phase_worse": null, "population_percentage_phase_worse": null, "analysis_id": "59090932", "admin_type": null, "area_name": "Xudur (1)", "view_level": "area", "hide_settlement_labels": false, "hide_area_labels": false, "hide_area_borders": false, "show_area_popups": true, "color": "#c80000", "estimated_population": "32041", "phase1_population": 8010, "phase1_percent": 0.25, "phase1_color": "#fae61e", "phase2_population": 14418, "phase2_percent": 0.45, "phase2_color": "#e67800", "phase3_population": 8010, "phase3_percent": 0.25, "phase3_color": "#c80000", "phase4_population": 1602, "phase4_percent": 0.05, "phase4_color": "#640000", "phase5_population": 0, "phase5_percent": 0, "phase5_color": "#640000" }, "geometry": { "type": "GeometryCollection", "geometries": [ { "type": "MultiPolygon", "coordinates": [ [ [ [ 44.2909, 3.6149 ], [ 44.1809, 3.8549 ], [ 43.9509, 3.9249 ], [ 43.8809, 3.9249 ], [ 43.795536873, 3.886960833 ], [ 43.6949, 3.9875 ], [ 43.8063, 4.0488 ], [ 43.9964, 4.011 ], [ 44.2909, 3.9281 ], [ 44.2909, 3.6149 ] ] ] ] } ] } },
{ "type": "Feature", "properties": { "area_id": "59091294", "confidence_level": 0, "ipc_period": "P", "overall_phase": 4, "population_min": "9831", "population_percentage_min": "0.6", "justification": "", "prolonged_crisis": false, "population_phase_worse": null, "population_percentage_phase_worse": null, "analysis_id": "59090932", "admin_type": null, "area_name": "Xudur idps", "view_level": "area", "hide_settlement_labels": false, "hide_area_labels": false, "hide_area_borders": false, "show_area_popups": true, "color": "#640000", "estimated_population": "16385", "phase1_population": 819, "phase1_percent": 0.05, "phase1_color": "#fae61e", "phase2_population": 5734, "phase2_percent": 0.35, "phase2_color": "#e67800", "phase3_population": 6554, "phase3_percent": 0.4, "phase3_color": "#c80000", "phase4_population": 3277, "phase4_percent": 0.2, "phase4_color": "#640000", "phase5_population": 0, "phase5_percent": 0, "phase5_color": "#640000" }, "geometry": { "type": "MultiPoint", "coordinates": [ [ 43.8919, 4.1221 ] ] } },
{ "type": "Feature", "properties": { "area_id": "59091424", "confidence_level": 0, "ipc_period": "P", "overall_phase": 2, "population_min": "2410", "population_percentage_min": "0.1", "justification": "", "prolonged_crisis": false, "population_phase_worse": null, "population_percentage_phase_worse": null, "analysis_id": "59090932", "admin_type": null, "area_name": "Laasqoray urban", "view_level": "area", "hide_settlement_labels": false, "hide_area_labels": false, "hide_area_borders": false, "show_area_popups": true, "color": "#e67800", "estimated_population": "24107", "phase1_population": 16874, "phase1_percent": 0.7, "phase1_color": "#fae61e", "phase2_population": 4821, "phase2_percent": 0.2, "phase2_color": "#e67800", "phase3_population": 2410, "phase3_percent": 0.1, "phase3_color": "#c80000", "phase4_population": 0, "phase4_percent": 0.0, "phase4_color": "#640000", "phase5_population": 0, "phase5_percent": 0, "phase5_color": "#640000" }, "geometry": { "type": "MultiPoint", "coordinates": [ [ 48.1934, 11.1592 ] ] } },
{ "type": "Feature", "properties": { "area_id": "59091412", "confidence_level": 0, "ipc_period": "P", "overall_phase": 2, "population_min": "6834", "population_percentage_min": "0.15", "justification": "", "prolonged_crisis": false, "population_phase_worse": null, "population_percentage_phase_worse": null, "analysis_id": "59090932", "admin_type": null, "area_name": "Lughaye", "view_level": "area", "hide_settlement_labels": false, "hide_area_labels": false, "hide_area_borders": false, "show_area_popups": true, "color": "#e67800", "estimated_population": "45568", "phase1_population": 20505, "phase1_percent": 0.45, "phase1_color": "#fae61e", "phase2_population": 18227, "phase2_percent": 0.4, "phase2_color": "#e67800", "phase3_population": 4556, "phase3_percent": 0.1, "phase3_color": "#c80000", "phase4_population": 2278, "phase4_percent": 0.05, "phase4_color": "#640000", "phase5_population": 0, "phase5_percent": 0, "phase5_color": "#640000" }, "geometry": { "type": "GeometryCollection", "geometries": [ { "type": "MultiPolygon", "coordinates": [ [ [ [ 43.2209, 10.5009 ], [ 43.1309, 10.6909 ], [ 43.6991, 10.9357 ], [ 43.858, 10.7683 ], [ 44.0737, 10.5983 ], [ 43.7908, 10.4979 ], [ 43.7115, 10.4983 ], [ 43.5474, 10.4116 ], [ 43.4609, 10.3809 ], [ 43.3909, 10.4109 ], [ 43.3709, 10.5309 ], [ 43.2209, 10.5009 ] ] ] ] } ] } },
{ "type": "Feature", "properties": { "area_id": "59091322", "confidence_level": 0, "ipc_period": "P", "overall_phase": 1, "population_min": "0", "population_percentage_min": "0", "justification": "", "prolonged_crisis": false, "population_phase_worse": null, "population_percentage_phase_worse": null, "analysis_id": "59090932", "admin_type": null, "area_name": "Sablaale (1)", "view_level": "area", "hide_settlement_labels": false, "hide_area_labels": false, "hide_area_borders": false, "show_area_popups": true, "color": "#fae61e", "estimated_population": "2937", "phase1_population": 2643, "phase1_percent": 0.9, "phase1_color": "#fae61e", "phase2_population": 293, "phase2_percent": 0.1, "phase2_color": "#e67800", "phase3_population": 0, "phase3_percent": 0.0, "phase3_color": "#c80000", "phase4_population": 0, "phase4_percent": 0.0, "phase4_color": "#640000", "phase5_population": 0, "phase5_percent": 0, "phase5_color": "#640000" }, "geometry": { "type": "GeometryCollection", "geometries": [ { "type": "MultiPolygon", "coordinates": [ [ [ [ 43.8283, 1.2411 ], [ 43.9092, 1.349 ], [ 44.079, 1.4827 ], [ 44.1509, 1.4417 ], [ 43.8283, 1.2411 ] ] ] ] } ] } },
{ "type": "Feature", "properties": { "area_id": "59091306", "confidence_level": 0, "ipc_period": "P", "overall_phase": 2, "population_min": "253", "population_percentage_min": "0.1", "justification": "", "prolonged_crisis": false, "population_phase_worse": null, "population_percentage_phase_worse": null, "analysis_id": "59090932", "admin_type": null, "area_name": "Lughaye (1)", "view_level": "area", "hide_settlement_labels": false, "hide_area_labels": false, "hide_area_borders": false, "show_area_popups": true, "color": "#e67800", "estimated_population": "2531", "phase1_population": 1265, "phase1_percent": 0.5, "phase1_color": "#fae61e", "phase2_population": 1012, "phase2_percent": 0.4, "phase2_color": "#e67800", "phase3_population": 253, "phase3_percent": 0.1, "phase3_color": "#c80000", "phase4_population": 0, "phase4_percent": 0.0, "phase4_color": "#640000", "phase5_population": 0, "phase5_percent": 0, "phase5_color": "#640000" }, "geometry": { "type": "GeometryCollection", "geometries": [ { "type": "MultiPolygon", "coordinates": [ [ [ [ 43.7908, 10.4979 ], [ 43.5474, 10.4116 ], [ 43.7115, 10.4983 ], [ 43.7908, 10.4979 ] ] ] ] } ] } },
{ "type": "Feature", "properties": { "area_id": "59091163", "confidence_level": 0, "ipc_period": "P", "overall_phase": 2, "population_min": "1210", "population_percentage_min": "0.15", "justification": "", "prolonged_crisis": false, "population_phase_worse": null, "population_percentage_phase_worse": null, "analysis_id": "59090932", "admin_type": null, "area_name": "Lughaye idps rural", "view_level": "area", "hide_settlement_labels": false, "hide_area_labels": false, "hide_area_borders": false, "show_area_popups": true, "color": "#e67800", "estimated_population": "8075", "phase1_population": 3633, "phase1_percent": 0.45, "phase1_color": "#fae61e", "phase2_population": 3230, "phase2_percent": 0.4, "phase2_color": "#e67800", "phase3_population": 807, "phase3_percent": 0.1, "phase3_color": "#c80000", "phase4_population": 403, "phase4_percent": 0.05, "phase4_color": "#640000", "phase5_population": 0, "phase5_percent": 0, "phase5_color": "#640000" }, "geometry": { "type": "MultiPoint", "coordinates": [ [ 43.9021, 10.6585 ] ] } },
{ "type": "Feature", "properties": { "area_id": "59091187", "confidence_level": 0, "ipc_period": "P", "overall_phase": 3, "population_min": "28134", "population_percentage_min": "0.35", "justification": "", "prolonged_crisis": false, "population_phase_worse": null, "population_percentage_phase_worse": null, "analysis_id": "59090932", "admin_type": null, "area_name": "Belet weyne", "view_level": "area", "hide_settlement_labels": false, "hide_area_labels": false, "hide_area_borders": false, "show_area_popups": true, "color": "#c80000", "estimated_population": "80384", "phase1_population": 36172, "phase1_percent": 0.45, "phase1_color": "#fae61e", "phase2_population": 16076, "phase2_percent": 0.2, "phase2_color": "#e67800", "phase3_population": 20096, "phase3_percent": 0.25, "phase3_color": "#c80000", "phase4_population": 8038, "phase4_percent": 0.1, "phase4_color": "#640000", "phase5_population": 0, "phase5_percent": 0, "phase5_color": "#640000" }, "geometry": { "type": "GeometryCollection", "geometries": [ { "type": "MultiPolygon", "coordinates": [ [ [ [ 45.3387, 4.3468 ], [ 45.1884, 4.3017 ], [ 45.111, 4.5385 ], [ 44.9284, 4.9211 ], [ 44.9883, 4.9245 ], [ 45.0092, 4.8633 ], [ 45.1252, 4.8435 ], [ 45.1391, 4.7409 ], [ 45.1799, 4.6775 ], [ 45.2697, 4.448 ], [ 45.3387, 4.3468 ] ] ], [ [ [ 45.607, 4.3396 ], [ 45.561, 4.3115 ], [ 45.421, 4.3714 ], [ 45.3845, 4.3605 ], [ 45.2632, 4.5767 ], [ 45.2044, 4.7871 ], [ 45.1418, 4.923 ], [ 45.0682, 5.0064 ], [ 45.1176, 5.0571 ], [ 45.2135, 4.8894 ], [ 45.2532, 4.7037 ], [ 45.3433, 4.5615 ], [ 45.3879, 4.4057 ], [ 45.607, 4.3396 ] ] ] ] } ] } },
{ "type": "Feature", "properties": { "area_id": "59091568", "confidence_level": 0, "ipc_period": "P", "overall_phase": 3, "population_min": "7999", "population_percentage_min": "0.45", "justification": "", "prolonged_crisis": false, "population_phase_worse": null, "population_percentage_phase_worse": null, "analysis_id": "59090932", "admin_type": null, "area_name": "Xarardheere (1)", "view_level": "area", "hide_settlement_labels": false, "hide_area_labels": false, "hide_area_borders": false, "show_area_popups": true, "color": "#c80000", "estimated_population": "17777", "phase1_population": 2666, "phase1_percent": 0.15, "phase1_color": "#fae61e", "phase2_population": 7110, "phase2_percent": 0.4, "phase2_color": "#e67800", "phase3_population": 5333, "phase3_percent": 0.3, "phase3_color": "#c80000", "phase4_population": 2666, "phase4_percent": 0.15, "phase4_color": "#640000", "phase5_population": 0, "phase5_percent": 0, "phase5_color": "#640000" }, "geometry": { "type": "GeometryCollection", "geometries": [ { "type": "MultiPolygon", "coordinates": [ [ [ [ 47.5478, 4.4692 ], [ 47.7082, 4.6372 ], [ 47.7966, 4.7852 ], [ 47.9178, 5.0088 ], [ 47.972057513, 5.103849658 ], [ 48.025007216, 5.095489179 ], [ 48.221, 5.0414 ], [ 48.2957, 5.0289 ], [ 48.1984, 4.885 ], [ 48.0088, 4.5385 ], [ 47.8346, 4.333 ], [ 47.5478, 4.4692 ] ] ] ] } ] } },
{ "type": "Feature", "properties": { "area_id": "59091580", "confidence_level": 0, "ipc_period": "P", "overall_phase": 2, "population_min": "528", "population_percentage_min": "0.15", "justification": "", "prolonged_crisis": false, "population_phase_worse": null, "population_percentage_phase_worse": null, "analysis_id": "59090932", "admin_type": null, "area_name": "Zeylac idps", "view_level": "area", "hide_settlement_labels": false, "hide_area_labels": false, "hide_area_borders": false, "show_area_popups": true, "color": "#e67800", "estimated_population": "3528", "phase1_population": 1587, "phase1_percent": 0.45, "phase1_color": "#fae61e", "phase2_population": 1411, "phase2_percent": 0.4, "phase2_color": "#e67800", "phase3_population": 352, "phase3_percent": 0.1, "phase3_color": "#c80000", "phase4_population": 176, "phase4_percent": 0.05, "phase4_color": "#640000", "phase5_population": 0, "phase5_percent": 0, "phase5_color": "#640000" }, "geometry": { "type": "MultiPoint", "coordinates": [ [ 43.476, 11.3523 ] ] } },
{ "type": "Feature", "properties": { "area_id": "59091638", "confidence_level": 0, "ipc_period": "P", "overall_phase": 2, "population_min": "4543", "population_percentage_min": "0.15", "justification": "", "prolonged_crisis": false, "population_phase_worse": null, "population_percentage_phase_worse": null, "analysis_id": "59090932", "admin_type": null, "area_name": "Belet weyne (2)", "view_level": "area", "hide_settlement_labels": false, "hide_area_labels": false, "hide_area_borders": false, "show_area_popups": true, "color": "#e67800", "estimated_population": "30287", "phase1_population": 10600, "phase1_percent": 0.35, "phase1_color": "#fae61e", "phase2_population": 15143, "phase2_percent": 0.5, "phase2_color": "#e67800", "phase3_population": 4543, "phase3_percent": 0.15, "phase3_color": "#c80000", "phase4_population": 0, "phase4_percent": 0.0, "phase4_color": "#640000", "phase5_population": 0, "phase5_percent": 0, "phase5_color": "#640000" }, "geometry": { "type": "GeometryCollection", "geometries": [ { "type": "MultiPolygon", "coordinates": [ [ [ [ 45.672835188, 5.187729624 ], [ 45.711, 5.1114 ], [ 46.041, 5.0314 ], [ 46.231, 5.0814 ], [ 46.229844509, 5.07331156 ], [ 46.211, 4.9414 ], [ 46.111, 4.7414 ], [ 46.151, 4.4314 ], [ 46.1774, 4.4103 ], [ 46.1531, 4.3526 ], [ 46.0569, 4.3285 ], [ 45.9539, 4.3732 ], [ 45.8823, 4.4249 ], [ 45.8613, 4.4401 ], [ 45.5664, 4.681 ], [ 45.3784, 4.8569 ], [ 45.3798, 4.9833 ], [ 45.3378, 5.0785 ], [ 45.2395, 5.1821 ], [ 45.5361, 5.4864 ], [ 45.672259684, 5.188880632 ], [ 45.672835188, 5.187729624 ] ] ] ] } ] } },
{ "type": "Feature", "properties": { "area_id": "59091173", "confidence_level": 0, "ipc_period": "P", "overall_phase": 2, "population_min": "8348", "population_percentage_min": "0.05", "justification": "", "prolonged_crisis": false, "population_phase_worse": null, "population_percentage_phase_worse": null, "analysis_id": "59090932", "admin_type": null, "area_name": "Afgooye urban", "view_level": "area", "hide_settlement_labels": false, "hide_area_labels": false, "hide_area_borders": false, "show_area_popups": true, "color": "#e67800", "estimated_population": "166965", "phase1_population": 116875, "phase1_percent": 0.7, "phase1_color": "#fae61e", "phase2_population": 41741, "phase2_percent": 0.25, "phase2_color": "#e67800", "phase3_population": 8348, "phase3_percent": 0.05, "phase3_color": "#c80000", "phase4_population": 0, "phase4_percent": 0.0, "phase4_color": "#640000", "phase5_population": 0, "phase5_percent": 0, "phase5_color": "#640000" }, "geometry": { "type": "MultiPoint", "coordinates": [ [ 45.1074, 2.1341 ] ] } },
{ "type": "Feature", "properties": { "area_id": "59091618", "confidence_level": 0, "ipc_period": "P", "overall_phase": 1, "population_min": "2679", "population_percentage_min": "0.05", "justification": "", "prolonged_crisis": false, "population_phase_worse": null, "population_percentage_phase_worse": null, "analysis_id": "59090932", "admin_type": null, "area_name": "Afmadow", "view_level": "area", "hide_settlement_labels": false, "hide_area_labels": false, "hide_area_borders": false, "show_area_popups": true, "color": "#fae61e", "estimated_population": "53587", "phase1_population": 45548, "phase1_percent": 0.85, "phase1_color": "#fae61e", "phase2_population": 5358, "phase2_percent": 0.1, "phase2_color": "#e67800", "phase3_population": 2679, "phase3_percent": 0.05, "phase3_color": "#c80000", "phase4_population": 0, "phase4_percent": 0.0, "phase4_color": "#640000", "phase5_population": 0, "phase5_percent": 0, "phase5_color": "#640000" }, "geometry": { "type": "GeometryCollection", "geometries": [ { "type": "MultiPolygon", "coordinates": [ [ [ [ 42.112365126, 0.984377179 ], [ 42.070560456, 0.96564132 ], [ 41.970981599, 1.010429025 ], [ 41.878895653, 0.988802758 ], [ 41.8376, 1.015 ], [ 41.8218, 1.0153 ], [ 41.790976898, 0.998615206 ], [ 41.705581667, 0.952436924 ], [ 41.26169968, 0.588043571 ], [ 41.10976029, 0.368525296 ], [ 41.085329014, 0.36372096 ], [ 41.0673, 0.3602 ], [ 41.067286077, 0.360172872 ], [ 41.067244772, 0.360092391 ], [ 41.0576, 0.3413 ], [ 41.0554, 0.3043 ], [ 41.055437868, 0.304291311 ], [ 41.055728238, 0.30422468 ], [ 41.0968, 0.2948 ], [ 41.124707181, 0.295875787 ], [ 41.181808476, 0.28896451 ], [ 41.224369053, 0.245924905 ], [ 41.224379787, 0.24592045 ], [ 41.2244, 0.2459 ], [ 41.2935, 0.2172 ], [ 41.3165, 0.2157 ], [ 41.341593106, 0.218599203 ], [ 41.240680698, 0.135995298 ], [ 41.218217613, 0.104292318 ], [ 41.2078, 0.0896 ], [ 41.1887, 0.0262 ], [ 41.188702001, 0.026193539 ], [ 41.188727639, 0.02611074 ], [ 41.1948, 0.0065 ], [ 41.216, -0.0057 ], [ 41.216026899, -0.005702493 ], [ 41.216124165, -0.00571151 ], [ 41.2516, -0.009 ], [ 41.2894, -0.0055 ], [ 41.375229723, 0.009851658 ], [ 41.3755, 0.0099 ], [ 41.5141, -0.0274 ], [ 41.549, -0.0235 ], [ 41.549171107, -0.023370919 ], [ 41.5718, -0.0063 ], [ 41.6373, 0.0652 ], [ 41.6749, 0.0822 ], [ 41.675015003, 0.0822189 ], [ 41.772307232, 0.075119578 ], [ 41.7724, 0.0751 ], [ 41.772675289, 0.075201522 ], [ 41.877466015, 0.103919375 ], [ 41.9157, 0.1064 ], [ 41.9447, 0.1203 ], [ 41.974170707, 0.130421253 ], [ 41.9744043, 0.130485269 ], [ 41.9744301, 0.130461796 ], [ 41.9848, 0.1173 ], [ 42.0763, 0.0324 ], [ 42.150044907, -0.029353865 ], [ 41.850891113, -0.038151524 ], [ 41.001457215, -0.196484297 ], [ 40.989505767, 0.015856918 ], [ 40.991565705, 1.232464433 ], [ 42.117698105, 1.306395127 ], [ 42.117707591, 1.30639575 ], [ 42.159611891, 1.240741521 ], [ 42.173753272, 1.218585286 ], [ 42.221710206, 1.143447995 ], [ 42.248844352, 1.125591824 ], [ 42.268120714, 1.112906625 ], [ 42.268211365, 1.112846971 ], [ 42.268205108, 1.11278156 ], [ 42.262851715, 1.056813002 ], [ 42.263003648, 1.056598462 ], [ 42.286838532, 1.022941947 ], [ 42.183319093, 1.016177058 ], [ 42.112365126, 0.984377179 ] ] ] ] } ] } },
{ "type": "Feature", "properties": { "area_id": "59091089", "confidence_level": 0, "ipc_period": "P", "overall_phase": 3, "population_min": "6905", "population_percentage_min": "0.25", "justification": "", "prolonged_crisis": false, "population_phase_worse": null, "population_percentage_phase_worse": null, "analysis_id": "59090932", "admin_type": null, "area_name": "Badhaadhe", "view_level": "area", "hide_settlement_labels": false, "hide_area_labels": false, "hide_area_borders": false, "show_area_popups": true, "color": "#c80000", "estimated_population": "27622", "phase1_population": 12429, "phase1_percent": 0.45, "phase1_color": "#fae61e", "phase2_population": 8286, "phase2_percent": 0.3, "phase2_color": "#e67800", "phase3_population": 6905, "phase3_percent": 0.25, "phase3_color": "#c80000", "phase4_population": 0, "phase4_percent": 0.0, "phase4_color": "#640000", "phase5_population": 0, "phase5_percent": 0, "phase5_color": "#640000" }, "geometry": { "type": "GeometryCollection", "geometries": [ { "type": "MultiPolygon", "coordinates": [ [ [ [ 41.9144, -0.9161 ], [ 41.963, -0.9721 ], [ 41.9786, -1.0257 ], [ 41.888, -1.2112 ], [ 41.8411, -1.2399 ], [ 41.8, -1.2725 ], [ 41.609, -1.5522 ], [ 41.5635, -1.5821 ], [ 41.4756, -1.4643 ], [ 41.5002, -1.34 ], [ 41.5382, -1.1537 ], [ 41.5759, -1.0692 ], [ 41.6473, -1.0205 ], [ 41.8778, -0.9662 ], [ 41.9144, -0.9161 ] ] ] ] } ] } },
{ "type": "Feature", "properties": { "area_id": "59091624", "confidence_level": 0, "ipc_period": "P", "overall_phase": 3, "population_min": "5218", "population_percentage_min": "0.45", "justification": "", "prolonged_crisis": false, "population_phase_worse": null, "population_percentage_phase_worse": null, "analysis_id": "59090932", "admin_type": null, "area_name": "Diinsoor urban", "view_level": "area", "hide_settlement_labels": false, "hide_area_labels": false, "hide_area_borders": false, "show_area_popups": true, "color": "#c80000", "estimated_population": "11599", "phase1_population": 2899, "phase1_percent": 0.25, "phase1_color": "#fae61e", "phase2_population": 3479, "phase2_percent": 0.3, "phase2_color": "#e67800", "phase3_population": 4059, "phase3_percent": 0.35, "phase3_color": "#c80000", "phase4_population": 1159, "phase4_percent": 0.1, "phase4_color": "#640000", "phase5_population": 0, "phase5_percent": 0, "phase5_color": "#640000" }, "geometry": { "type": "MultiPoint", "coordinates": [ [ 42.9661, 2.3962 ] ] } },
{ "type": "Feature", "properties": { "area_id": "59091151", "confidence_level": 0, "ipc_period": "P", "overall_phase": 2, "population_min": "2762", "population_percentage_min": "0.1", "justification": "", "prolonged_crisis": false, "population_phase_worse": null, "population_percentage_phase_worse": null, "analysis_id": "59090932", "admin_type": null, "area_name": "Badhaadhe (2)", "view_level": "area", "hide_settlement_labels": false, "hide_area_labels": false, "hide_area_borders": false, "show_area_popups": true, "color": "#e67800", "estimated_population": "27622", "phase1_population": 16573, "phase1_percent": 0.6, "phase1_color": "#fae61e", "phase2_population": 8286, "phase2_percent": 0.3, "phase2_color": "#e67800", "phase3_population": 2762, "phase3_percent": 0.1, "phase3_color": "#c80000", "phase4_population": 0, "phase4_percent": 0.0, "phase4_color": "#640000", "phase5_population": 0, "phase5_percent": 0, "phase5_color": "#640000" }, "geometry": { "type": "GeometryCollection", "geometries": [ { "type": "MultiPolygon", "coordinates": [ [ [ [ 41.9144, -0.9161 ], [ 41.8778, -0.9662 ], [ 41.6473, -1.0205 ], [ 41.5759, -1.0692 ], [ 41.5382, -1.1537 ], [ 41.5002, -1.34 ], [ 41.4756, -1.4643 ], [ 41.0019, -0.8321 ], [ 40.9994, -0.4378 ], [ 41.08, -0.5019 ], [ 41.1615, -0.5222 ], [ 41.4162, -0.3425 ], [ 41.9144, -0.9161 ] ] ] ] } ] } },
{ "type": "Feature", "properties": { "area_id": "59091011", "confidence_level": 0, "ipc_period": "P", "overall_phase": 2, "population_min": "345", "population_percentage_min": "0.15", "justification": "", "prolonged_crisis": false, "population_phase_worse": null, "population_percentage_phase_worse": null, "analysis_id": "59090932", "admin_type": null, "area_name": "Baki (2)", "view_level": "area", "hide_settlement_labels": false, "hide_area_labels": false, "hide_area_borders": false, "show_area_popups": true, "color": "#e67800", "estimated_population": "2302", "phase1_population": 1035, "phase1_percent": 0.45, "phase1_color": "#fae61e", "phase2_population": 920, "phase2_percent": 0.4, "phase2_color": "#e67800", "phase3_population": 230, "phase3_percent": 0.1, "phase3_color": "#c80000", "phase4_population": 115, "phase4_percent": 0.05, "phase4_color": "#640000", "phase5_population": 0, "phase5_percent": 0, "phase5_color": "#640000" }, "geometry": { "type": "GeometryCollection", "geometries": [ { "type": "MultiPolygon", "coordinates": [ [ [ [ 44.2373, 10.4743 ], [ 44.2002, 10.4085 ], [ 43.9447, 10.3818 ], [ 43.7908, 10.4979 ], [ 44.0737, 10.5983 ], [ 44.2373, 10.4743 ] ] ], [ [ [ 43.3771, 10.2861 ], [ 43.3909, 10.4109 ], [ 43.4609, 10.3809 ], [ 43.5474, 10.4116 ], [ 43.3771, 10.2861 ] ] ] ] } ] } },
{ "type": "Feature", "properties": { "area_id": "59091340", "confidence_level": 0, "ipc_period": "P", "overall_phase": 3, "population_min": "1681", "population_percentage_min": "0.25", "justification": "", "prolonged_crisis": false, "population_phase_worse": null, "population_percentage_phase_worse": null, "analysis_id": "59090932", "admin_type": null, "area_name": "Baki idps", "view_level": "area", "hide_settlement_labels": false, "hide_area_labels": false, "hide_area_borders": false, "show_area_popups": true, "color": "#c80000", "estimated_population": "6726", "phase1_population": 2017, "phase1_percent": 0.3, "phase1_color": "#fae61e", "phase2_population": 3026, "phase2_percent": 0.45, "phase2_color": "#e67800", "phase3_population": 1345, "phase3_percent": 0.2, "phase3_color": "#c80000", "phase4_population": 336, "phase4_percent": 0.05, "phase4_color": "#640000", "phase5_population": 0, "phase5_percent": 0, "phase5_color": "#640000" }, "geometry": { "type": "MultiPoint", "coordinates": [ [ 43.3666, 10.0025 ] ] } },
{ "type": "Feature", "properties": { "area_id": "59091344", "confidence_level": 0, "ipc_period": "P", "overall_phase": 3, "population_min": "42579", "population_percentage_min": "0.35", "justification": "", "prolonged_crisis": false, "population_phase_worse": null, "population_percentage_phase_worse": null, "analysis_id": "59090932", "admin_type": null, "area_name": "Balcad", "view_level": "area", "hide_settlement_labels": false, "hide_area_labels": false, "hide_area_borders": false, "show_area_popups": true, "color": "#c80000", "estimated_population": "121658", "phase1_population": 42580, "phase1_percent": 0.35, "phase1_color": "#fae61e", "phase2_population": 36497, "phase2_percent": 0.3, "phase2_color": "#e67800", "phase3_population": 24331, "phase3_percent": 0.2, "phase3_color": "#c80000", "phase4_population": 18248, "phase4_percent": 0.15, "phase4_color": "#640000", "phase5_population": 0, "phase5_percent": 0, "phase5_color": "#640000" }, "geometry": { "type": "GeometryCollection", "geometries": [ { "type": "MultiPolygon", "coordinates": [ [ [ [ 45.3434, 2.1754 ], [ 45.3322, 2.2506 ], [ 45.4133, 2.3012 ], [ 45.5311, 2.4573 ], [ 45.5684, 2.7238 ], [ 45.7183, 2.7326 ], [ 45.7688, 2.6237 ], [ 45.6956, 2.4909 ], [ 45.6547, 2.3138 ], [ 45.7169, 2.3249 ], [ 45.8154, 2.3463 ], [ 45.7924, 2.3308 ], [ 45.6196, 2.2625 ], [ 45.5237, 2.2036 ], [ 45.475, 2.1856 ], [ 45.3434, 2.1754 ] ] ], [ [ [ 45.3363, 2.4725 ], [ 45.331, 2.7316 ], [ 45.3337, 2.7322 ], [ 45.45, 2.7591 ], [ 45.4487, 2.6296 ], [ 45.3981, 2.4781 ], [ 45.3363, 2.4725 ] ] ] ] } ] } },
{ "type": "Feature", "properties": { "area_id": "59091300", "confidence_level": 0, "ipc_period": "P", "overall_phase": 2, "population_min": "4562", "population_percentage_min": "0.15", "justification": "", "prolonged_crisis": false, "population_phase_worse": null, "population_percentage_phase_worse": null, "analysis_id": "59090932", "admin_type": null, "area_name": "Balcad (2)", "view_level": "area", "hide_settlement_labels": false, "hide_area_labels": false, "hide_area_borders": false, "show_area_popups": true, "color": "#e67800", "estimated_population": "30414", "phase1_population": 15207, "phase1_percent": 0.5, "phase1_color": "#fae61e", "phase2_population": 10644, "phase2_percent": 0.35, "phase2_color": "#e67800", "phase3_population": 4562, "phase3_percent": 0.15, "phase3_color": "#c80000", "phase4_population": 0, "phase4_percent": 0.0, "phase4_color": "#640000", "phase5_population": 0, "phase5_percent": 0, "phase5_color": "#640000" }, "geometry": { "type": "GeometryCollection", "geometries": [ { "type": "MultiPolygon", "coordinates": [ [ [ [ 45.961, 2.7316 ], [ 46.0615, 2.6423 ], [ 45.9319, 2.4595 ], [ 45.9344, 2.4252 ], [ 45.8227, 2.3524 ], [ 45.8154, 2.3463 ], [ 45.7169, 2.3249 ], [ 45.6547, 2.3138 ], [ 45.6956, 2.4909 ], [ 45.7688, 2.6237 ], [ 45.7183, 2.7326 ], [ 45.961, 2.7316 ] ] ] ] } ] } },
{ "type": "Feature", "properties": { "area_id": "59091622", "confidence_level": 0, "ipc_period": "P", "overall_phase": 4, "population_min": "22810", "population_percentage_min": "0.45", "justification": "", "prolonged_crisis": false, "population_phase_worse": null, "population_percentage_phase_worse": null, "analysis_id": "59090932", "admin_type": null, "area_name": "Balcad (3)", "view_level": "area", "hide_settlement_labels": false, "hide_area_labels": false, "hide_area_borders": false, "show_area_popups": true, "color": "#640000", "estimated_population": "50691", "phase1_population": 12672, "phase1_percent": 0.25, "phase1_color": "#fae61e", "phase2_population": 15207, "phase2_percent": 0.3, "phase2_color": "#e67800", "phase3_population": 12672, "phase3_percent": 0.25, "phase3_color": "#c80000", "phase4_population": 10138, "phase4_percent": 0.2, "phase4_color": "#640000", "phase5_population": 0, "phase5_percent": 0, "phase5_color": "#640000" }, "geometry": { "type": "GeometryCollection", "geometries": [ { "type": "MultiPolygon", "coordinates": [ [ [ [ 45.3322, 2.2506 ], [ 45.3363, 2.4725 ], [ 45.3981, 2.4781 ], [ 45.4487, 2.6296 ], [ 45.45, 2.7591 ], [ 45.5684, 2.7238 ], [ 45.5311, 2.4573 ], [ 45.4133, 2.3012 ], [ 45.3322, 2.2506 ] ] ] ] } ] } },
{ "type": "Feature", "properties": { "area_id": "59091071", "confidence_level": 0, "ipc_period": "P", "overall_phase": 3, "population_min": "9450", "population_percentage_min": "0.45", "justification": "", "prolonged_crisis": false, "population_phase_worse": null, "population_percentage_phase_worse": null, "analysis_id": "59090932", "admin_type": null, "area_name": "Balcad idps", "view_level": "area", "hide_settlement_labels": false, "hide_area_labels": false, "hide_area_borders": false, "show_area_popups": true, "color": "#c80000", "estimated_population": "21000", "phase1_population": 3150, "phase1_percent": 0.15, "phase1_color": "#fae61e", "phase2_population": 8400, "phase2_percent": 0.4, "phase2_color": "#e67800", "phase3_population": 6300, "phase3_percent": 0.3, "phase3_color": "#c80000", "phase4_population": 3150, "phase4_percent": 0.15, "phase4_color": "#640000", "phase5_population": 0, "phase5_percent": 0, "phase5_color": "#640000" }, "geometry": { "type": "MultiPoint", "coordinates": [ [ 45.4004, 2.3408 ] ] } },
{ "type": "Feature", "properties": { "area_id": "59090957", "confidence_level": 0, "ipc_period": "P", "overall_phase": 1, "population_min": "0", "population_percentage_min": "0", "justification": "", "prolonged_crisis": false, "population_phase_worse": null, "population_percentage_phase_worse": null, "analysis_id": "59090932", "admin_type": null, "area_name": "Baraawe (1)", "view_level": "area", "hide_settlement_labels": false, "hide_area_labels": false, "hide_area_borders": false, "show_area_popups": true, "color": "#fae61e", "estimated_population": "38756", "phase1_population": 34880, "phase1_percent": 0.9, "phase1_color": "#fae61e", "phase2_population": 3875, "phase2_percent": 0.1, "phase2_color": "#e67800", "phase3_population": 0, "phase3_percent": 0.0, "phase3_color": "#c80000", "phase4_population": 0, "phase4_percent": 0.0, "phase4_color": "#640000", "phase5_population": 0, "phase5_percent": 0, "phase5_color": "#640000" }, "geometry": { "type": "GeometryCollection", "geometries": [ { "type": "MultiPolygon", "coordinates": [ [ [ [ 43.4915, 1.0316 ], [ 43.5504, 1.0683 ], [ 43.7097, 1.0932 ], [ 43.8283, 1.2411 ], [ 44.1509, 1.4417 ], [ 44.3809, 1.5317 ], [ 44.5014, 1.5135 ], [ 44.2833, 1.3394 ], [ 44.052, 1.1287 ], [ 44.0228, 1.0865 ], [ 43.8475, 0.9618 ], [ 43.5204, 0.6761 ], [ 43.3868, 0.8697 ], [ 43.4915, 1.0316 ] ] ] ] } ] } },
{ "type": "Feature", "properties": { "area_id": "59091442", "confidence_level": 0, "ipc_period": "P", "overall_phase": 4, "population_min": "21826", "population_percentage_min": "0.4", "justification": "", "prolonged_crisis": false, "population_phase_worse": null, "population_percentage_phase_worse": null, "analysis_id": "59090932", "admin_type": "urb", "area_name": "Beletweyn URBAN", "view_level": "area", "hide_settlement_labels": false, "hide_area_labels": false, "hide_area_borders": false, "show_area_popups": true, "color": "#640000", "estimated_population": "54567", "phase1_population": 16370, "phase1_percent": 0.3, "phase1_color": "#fae61e", "phase2_population": 16370, "phase2_percent": 0.3, "phase2_color": "#e67800", "phase3_population": 10913, "phase3_percent": 0.2, "phase3_color": "#c80000", "phase4_population": 10913, "phase4_percent": 0.2, "phase4_color": "#640000", "phase5_population": 0, "phase5_percent": 0, "phase5_color": "#640000" }, "geometry": { "type": "Point", "coordinates": [ 45.1799, 4.6775 ] } },
{ "type": "Feature", "properties": { "area_id": "59091502", "confidence_level": 0, "ipc_period": "P", "overall_phase": 1, "population_min": "144", "population_percentage_min": "0.05", "justification": "", "prolonged_crisis": false, "population_phase_worse": null, "population_percentage_phase_worse": null, "analysis_id": "59090932", "admin_type": null, "area_name": "Bu'aale", "view_level": "area", "hide_settlement_labels": false, "hide_area_labels": false, "hide_area_borders": false, "show_area_popups": true, "color": "#fae61e", "estimated_population": "2885", "phase1_population": 2452, "phase1_percent": 0.85, "phase1_color": "#fae61e", "phase2_population": 288, "phase2_percent": 0.1, "phase2_color": "#e67800", "phase3_population": 144, "phase3_percent": 0.05, "phase3_color": "#c80000", "phase4_population": 0, "phase4_percent": 0.0, "phase4_color": "#640000", "phase5_population": 0, "phase5_percent": 0, "phase5_color": "#640000" }, "geometry": { "type": "GeometryCollection", "geometries": [ { "type": "MultiPolygon", "coordinates": [ [ [ [ 43.0743, 1.3233 ], [ 43.2421, 1.0744 ], [ 43.2092, 1.0225 ], [ 42.7167, 0.7959 ], [ 42.6547, 0.9093 ], [ 42.6222, 1.0961 ], [ 42.6148, 1.2333 ], [ 42.5549, 1.3226 ], [ 42.6931, 1.3404 ], [ 42.8905, 1.2612 ], [ 42.9707, 1.2646 ], [ 43.0743, 1.3233 ] ] ] ] } ] } },
{ "type": "Feature", "properties": { "area_id": "59091600", "confidence_level": 0, "ipc_period": "P", "overall_phase": 3, "population_min": "3343", "population_percentage_min": "0.3", "justification": "", "prolonged_crisis": false, "population_phase_worse": null, "population_percentage_phase_worse": null, "analysis_id": "59090932", "admin_type": null, "area_name": "Bu'aale (1)", "view_level": "area", "hide_settlement_labels": false, "hide_area_labels": false, "hide_area_borders": false, "show_area_popups": true, "color": "#c80000", "estimated_population": "11146", "phase1_population": 2786, "phase1_percent": 0.25, "phase1_color": "#fae61e", "phase2_population": 5015, "phase2_percent": 0.45, "phase2_color": "#e67800", "phase3_population": 2786, "phase3_percent": 0.25, "phase3_color": "#c80000", "phase4_population": 557, "phase4_percent": 0.05, "phase4_color": "#640000", "phase5_population": 0, "phase5_percent": 0, "phase5_color": "#640000" }, "geometry": { "type": "GeometryCollection", "geometries": [ { "type": "MultiPolygon", "coordinates": [ [ [ [ 42.5477, 0.9714 ], [ 42.4402, 1.2938 ], [ 42.5003, 1.1739 ], [ 42.5477, 0.9714 ] ] ], [ [ [ 43.0743, 1.3233 ], [ 42.9707, 1.2646 ], [ 42.8905, 1.2612 ], [ 42.6931, 1.3404 ], [ 42.5549, 1.3226 ], [ 42.5279, 1.4997 ], [ 42.9533, 1.4824 ], [ 42.9809, 1.4617 ], [ 43.0743, 1.3233 ] ] ], [ [ [ 42.1389, 1.3078 ], [ 42.2309, 1.5117 ], [ 42.375, 1.5059 ], [ 42.3851, 1.3964 ], [ 42.4235, 1.3214 ], [ 42.2009, 1.3117 ], [ 42.1389, 1.3078 ] ] ] ] } ] } },
{ "type": "Feature", "properties": { "area_id": "59091478", "confidence_level": 0, "ipc_period": "P", "overall_phase": 4, "population_min": "13464", "population_percentage_min": "0.55", "justification": "", "prolonged_crisis": false, "population_phase_worse": null, "population_percentage_phase_worse": null, "analysis_id": "59090932", "admin_type": null, "area_name": "Bu'aale (2)", "view_level": "area", "hide_settlement_labels": false, "hide_area_labels": false, "hide_area_borders": false, "show_area_popups": true, "color": "#640000", "estimated_population": "24480", "phase1_population": 7344, "phase1_percent": 0.3, "phase1_color": "#fae61e", "phase2_population": 3672, "phase2_percent": 0.15, "phase2_color": "#e67800", "phase3_population": 6120, "phase3_percent": 0.25, "phase3_color": "#c80000", "phase4_population": 7344, "phase4_percent": 0.3, "phase4_color": "#640000", "phase5_population": 0, "phase5_percent": 0, "phase5_color": "#640000" }, "geometry": { "type": "GeometryCollection", "geometries": [ { "type": "MultiPolygon", "coordinates": [ [ [ [ 42.5549, 1.3226 ], [ 42.6148, 1.2333 ], [ 42.6222, 1.0961 ], [ 42.6547, 0.9093 ], [ 42.7167, 0.7959 ], [ 42.6209, 0.7518 ], [ 42.5478, 0.9711 ], [ 42.5477, 0.9714 ], [ 42.5003, 1.1739 ], [ 42.4402, 1.2938 ], [ 42.4235, 1.3214 ], [ 42.3851, 1.3964 ], [ 42.375, 1.5059 ], [ 42.5279, 1.4997 ], [ 42.5549, 1.3226 ] ] ] ] } ] } },
{ "type": "Feature", "properties": { "area_id": "59091434", "confidence_level": 0, "ipc_period": "P", "overall_phase": 3, "population_min": "54141", "population_percentage_min": "0.65", "justification": "", "prolonged_crisis": false, "population_phase_worse": null, "population_percentage_phase_worse": null, "analysis_id": "59090932", "admin_type": null, "area_name": "Cabudwaaq idps", "view_level": "area", "hide_settlement_labels": false, "hide_area_labels": false, "hide_area_borders": false, "show_area_popups": true, "color": "#c80000", "estimated_population": "83295", "phase1_population": 4164, "phase1_percent": 0.05, "phase1_color": "#fae61e", "phase2_population": 24988, "phase2_percent": 0.3, "phase2_color": "#e67800", "phase3_population": 41647, "phase3_percent": 0.5, "phase3_color": "#c80000", "phase4_population": 12494, "phase4_percent": 0.15, "phase4_color": "#640000", "phase5_population": 0, "phase5_percent": 0, "phase5_color": "#640000" }, "geometry": { "type": "MultiPoint", "coordinates": [ [ 46.2271, 6.2404 ] ] } },
{ "type": "Feature", "properties": { "area_id": "59091006", "confidence_level": 0, "ipc_period": "P", "overall_phase": 3, "population_min": "2350", "population_percentage_min": "0.3", "justification": "", "prolonged_crisis": false, "population_phase_worse": null, "population_percentage_phase_worse": null, "analysis_id": "59090932", "admin_type": null, "area_name": "Cabudwaaq urban", "view_level": "area", "hide_settlement_labels": false, "hide_area_labels": false, "hide_area_borders": false, "show_area_popups": true, "color": "#c80000", "estimated_population": "7834", "phase1_population": 1958, "phase1_percent": 0.25, "phase1_color": "#fae61e", "phase2_population": 3525, "phase2_percent": 0.45, "phase2_color": "#e67800", "phase3_population": 2350, "phase3_percent": 0.3, "phase3_color": "#c80000", "phase4_population": 0, "phase4_percent": 0.0, "phase4_color": "#640000", "phase5_population": 0, "phase5_percent": 0, "phase5_color": "#640000" }, "geometry": { "type": "MultiPoint", "coordinates": [ [ 46.2237, 6.2401 ] ] } },
{ "type": "Feature", "properties": { "area_id": "59091053", "confidence_level": 0, "ipc_period": "P", "overall_phase": 3, "population_min": "20388", "population_percentage_min": "0.65", "justification": "", "prolonged_crisis": false, "population_phase_worse": null, "population_percentage_phase_worse": null, "analysis_id": "59090932", "admin_type": null, "area_name": "Cadaado idps", "view_level": "area", "hide_settlement_labels": false, "hide_area_labels": false, "hide_area_borders": false, "show_area_popups": true, "color": "#c80000", "estimated_population": "31367", "phase1_population": 1568, "phase1_percent": 0.05, "phase1_color": "#fae61e", "phase2_population": 9410, "phase2_percent": 0.3, "phase2_color": "#e67800", "phase3_population": 15683, "phase3_percent": 0.5, "phase3_color": "#c80000", "phase4_population": 4705, "phase4_percent": 0.15, "phase4_color": "#640000", "phase5_population": 0, "phase5_percent": 0, "phase5_color": "#640000" }, "geometry": { "type": "MultiPoint", "coordinates": [ [ 46.6334, 6.133 ] ] } },
{ "type": "Feature", "properties": { "area_id": "59091370", "confidence_level": 0, "ipc_period": "P", "overall_phase": 3, "population_min": "1692", "population_percentage_min": "0.25", "justification": "", "prolonged_crisis": false, "population_phase_worse": null, "population_percentage_phase_worse": null, "analysis_id": "59090932", "admin_type": null, "area_name": "Caynabo idps rural", "view_level": "area", "hide_settlement_labels": false, "hide_area_labels": false, "hide_area_borders": false, "show_area_popups": true, "color": "#c80000", "estimated_population": "6771", "phase1_population": 2708, "phase1_percent": 0.4, "phase1_color": "#fae61e", "phase2_population": 2369, "phase2_percent": 0.35, "phase2_color": "#e67800", "phase3_population": 1354, "phase3_percent": 0.2, "phase3_color": "#c80000", "phase4_population": 338, "phase4_percent": 0.05, "phase4_color": "#640000", "phase5_population": 0, "phase5_percent": 0, "phase5_color": "#640000" }, "geometry": { "type": "MultiPoint", "coordinates": [ [ 46.4705, 9.0251 ] ] } },
{ "type": "Feature", "properties": { "area_id": "59091586", "confidence_level": 0, "ipc_period": "P", "overall_phase": 4, "population_min": "3866", "population_percentage_min": "0.4", "justification": "", "prolonged_crisis": false, "population_phase_worse": null, "population_percentage_phase_worse": null, "analysis_id": "59090932", "admin_type": null, "area_name": "Caynabo urban", "view_level": "area", "hide_settlement_labels": false, "hide_area_labels": false, "hide_area_borders": false, "show_area_popups": true, "color": "#640000", "estimated_population": "9665", "phase1_population": 1449, "phase1_percent": 0.15, "phase1_color": "#fae61e", "phase2_population": 4349, "phase2_percent": 0.45, "phase2_color": "#e67800", "phase3_population": 1933, "phase3_percent": 0.2, "phase3_color": "#c80000", "phase4_population": 1933, "phase4_percent": 0.2, "phase4_color": "#640000", "phase5_population": 0, "phase5_percent": 0, "phase5_color": "#640000" }, "geometry": { "type": "MultiPoint", "coordinates": [ [ 46.408, 8.9538 ] ] } },
{ "type": "Feature", "properties": { "area_id": "59091646", "confidence_level": 0, "ipc_period": "P", "overall_phase": 2, "population_min": "980", "population_percentage_min": "0.15", "justification": "", "prolonged_crisis": false, "population_phase_worse": null, "population_percentage_phase_worse": null, "analysis_id": "59090932", "admin_type": null, "area_name": "Dhuusamarreeb (3)", "view_level": "area", "hide_settlement_labels": false, "hide_area_labels": false, "hide_area_borders": false, "show_area_popups": true, "color": "#e67800", "estimated_population": "6539", "phase1_population": 2288, "phase1_percent": 0.35, "phase1_color": "#fae61e", "phase2_population": 3269, "phase2_percent": 0.5, "phase2_color": "#e67800", "phase3_population": 980, "phase3_percent": 0.15, "phase3_color": "#c80000", "phase4_population": 0, "phase4_percent": 0.0, "phase4_color": "#640000", "phase5_population": 0, "phase5_percent": 0, "phase5_color": "#640000" }, "geometry": { "type": "GeometryCollection", "geometries": [ { "type": "MultiPolygon", "coordinates": [ [ [ [ 46.3075, 5.1938 ], [ 46.3018, 5.092 ], [ 46.229844509, 5.07331156 ], [ 46.231, 5.0814 ], [ 46.041, 5.0314 ], [ 45.711, 5.1114 ], [ 45.672835188, 5.187729624 ], [ 46.271, 5.6913 ], [ 46.451, 5.9013 ], [ 46.671, 5.9313 ], [ 46.711, 5.8613 ], [ 46.8773, 5.8332 ], [ 46.7917, 5.726 ], [ 46.5891, 5.6024 ], [ 46.3762, 5.5475 ], [ 46.3453, 5.4823 ], [ 46.3075, 5.1938 ] ] ] ] } ] } },
{ "type": "Feature", "properties": { "area_id": "59091626", "confidence_level": 0, "ipc_period": "P", "overall_phase": 3, "population_min": "3738", "population_percentage_min": "0.3", "justification": "", "prolonged_crisis": false, "population_phase_worse": null, "population_percentage_phase_worse": null, "analysis_id": "59090932", "admin_type": null, "area_name": "Dhuusamarreeb idps rural", "view_level": "area", "hide_settlement_labels": false, "hide_area_labels": false, "hide_area_borders": false, "show_area_popups": true, "color": "#c80000", "estimated_population": "12462", "phase1_population": 3738, "phase1_percent": 0.3, "phase1_color": "#fae61e", "phase2_population": 4984, "phase2_percent": 0.4, "phase2_color": "#e67800", "phase3_population": 3738, "phase3_percent": 0.3, "phase3_color": "#c80000", "phase4_population": 0, "phase4_percent": 0.0, "phase4_color": "#640000", "phase5_population": 0, "phase5_percent": 0, "phase5_color": "#640000" }, "geometry": { "type": "MultiPoint", "coordinates": [ [ 46.4758, 5.5732 ] ] } },
{ "type": "Feature", "properties": { "area_id": "59091062", "confidence_level": 0, "ipc_period": "P", "overall_phase": 3, "population_min": "1500", "population_percentage_min": "0.5", "justification": "", "prolonged_crisis": false, "population_phase_worse": null, "population_percentage_phase_worse": null, "analysis_id": "59090932", "admin_type": null, "area_name": "Garbahaarey idps", "view_level": "area", "hide_settlement_labels": false, "hide_area_labels": false, "hide_area_borders": false, "show_area_popups": true, "color": "#c80000", "estimated_population": "3000", "phase1_population": 300, "phase1_percent": 0.1, "phase1_color": "#fae61e", "phase2_population": 1200, "phase2_percent": 0.4, "phase2_color": "#e67800", "phase3_population": 1050, "phase3_percent": 0.35, "phase3_color": "#c80000", "phase4_population": 450, "phase4_percent": 0.15, "phase4_color": "#640000", "phase5_population": 0, "phase5_percent": 0, "phase5_color": "#640000" }, "geometry": { "type": "MultiPoint", "coordinates": [ [ 42.2221, 3.3256 ] ] } },
{ "type": "Feature", "properties": { "area_id": "59091380", "confidence_level": 0, "ipc_period": "P", "overall_phase": 3, "population_min": "458", "population_percentage_min": "0.25", "justification": "", "prolonged_crisis": false, "population_phase_worse": null, "population_percentage_phase_worse": null, "analysis_id": "59090932", "admin_type": null, "area_name": "Garbahaarey idps rural", "view_level": "area", "hide_settlement_labels": false, "hide_area_labels": false, "hide_area_borders": false, "show_area_popups": true, "color": "#c80000", "estimated_population": "1838", "phase1_population": 827, "phase1_percent": 0.45, "phase1_color": "#fae61e", "phase2_population": 551, "phase2_percent": 0.3, "phase2_color": "#e67800", "phase3_population": 367, "phase3_percent": 0.2, "phase3_color": "#c80000", "phase4_population": 91, "phase4_percent": 0.05, "phase4_color": "#640000", "phase5_population": 0, "phase5_percent": 0, "phase5_color": "#640000" }, "geometry": { "type": "MultiPoint", "coordinates": [ [ 42.2799, 3.3629 ] ] } },
{ "type": "Feature", "properties": { "area_id": "59091268", "confidence_level": 0, "ipc_period": "P", "overall_phase": 2, "population_min": "6268", "population_percentage_min": "0.15", "justification": "", "prolonged_crisis": false, "population_phase_worse": null, "population_percentage_phase_worse": null, "analysis_id": "59090932", "admin_type": null, "area_name": "Garbahaarey urban", "view_level": "area", "hide_settlement_labels": false, "hide_area_labels": false, "hide_area_borders": false, "show_area_popups": true, "color": "#e67800", "estimated_population": "41797", "phase1_population": 22988, "phase1_percent": 0.55, "phase1_color": "#fae61e", "phase2_population": 12539, "phase2_percent": 0.3, "phase2_color": "#e67800", "phase3_population": 4179, "phase3_percent": 0.1, "phase3_color": "#c80000", "phase4_population": 2089, "phase4_percent": 0.05, "phase4_color": "#640000", "phase5_population": 0, "phase5_percent": 0, "phase5_color": "#640000" }, "geometry": { "type": "MultiPoint", "coordinates": [ [ 42.2135, 3.3262 ] ] } },
{ "type": "Feature", "properties": { "area_id": "59090978", "confidence_level": 0, "ipc_period": "P", "overall_phase": 3, "population_min": "31750", "population_percentage_min": "0.2", "justification": "", "prolonged_crisis": false, "population_phase_worse": null, "population_percentage_phase_worse": null, "analysis_id": "59090932", "admin_type": null, "area_name": "Garoowe", "view_level": "area", "hide_settlement_labels": false, "hide_area_labels": false, "hide_area_borders": false, "show_area_popups": true, "color": "#c80000", "estimated_population": "158754", "phase1_population": 79377, "phase1_percent": 0.5, "phase1_color": "#fae61e", "phase2_population": 47626, "phase2_percent": 0.3, "phase2_color": "#e67800", "phase3_population": 31750, "phase3_percent": 0.2, "phase3_color": "#c80000", "phase4_population": 0, "phase4_percent": 0.0, "phase4_color": "#640000", "phase5_population": 0, "phase5_percent": 0, "phase5_color": "#640000" }, "geometry": { "type": "GeometryCollection", "geometries": [ { "type": "MultiPolygon", "coordinates": [ [ [ [ 49.0811, 9.1405 ], [ 49.1111, 8.901 ], [ 49.1811, 8.771 ], [ 49.3001, 8.6854 ], [ 49.1811, 8.4111 ], [ 49.2063, 8.1498 ], [ 48.9067, 8.1815 ], [ 48.7291, 8.2132 ], [ 48.4436, 8.283 ], [ 48.1347, 8.3297 ], [ 48.561, 8.781 ], [ 48.731, 8.781 ], [ 49.0811, 9.1405 ] ] ] ] } ] } },
{ "type": "Feature", "properties": { "area_id": "59091087", "confidence_level": 0, "ipc_period": "P", "overall_phase": 3, "population_min": "25542", "population_percentage_min": "0.3", "justification": "", "prolonged_crisis": false, "population_phase_worse": null, "population_percentage_phase_worse": null, "analysis_id": "59090932", "admin_type": "pnt", "area_name": "Hobyo (1)", "view_level": "area", "hide_settlement_labels": false, "hide_area_labels": false, "hide_area_borders": false, "show_area_popups": true, "color": "#c80000", "estimated_population": "85140", "phase1_population": 25542, "phase1_percent": 0.3, "phase1_color": "#fae61e", "phase2_population": 34056, "phase2_percent": 0.4, "phase2_color": "#e67800", "phase3_population": 25542, "phase3_percent": 0.3, "phase3_color": "#c80000", "phase4_population": 0, "phase4_percent": 0.0, "phase4_color": "#640000", "phase5_population": 0, "phase5_percent": 0, "phase5_color": "#640000" }, "geometry": { "type": "GeometryCollection", "geometries": [ { "type": "MultiPolygon", "coordinates": [ [ [ [ 48.120235475, 5.126129252 ], [ 48.109470352, 5.115762838 ], [ 48.107426144, 5.138601497 ], [ 48.120235475, 5.126129252 ] ] ], [ [ [ 48.163484549, 5.151773869 ], [ 48.15231095, 5.135811586 ], [ 48.150839917, 5.154935028 ], [ 48.163484549, 5.151773869 ] ] ], [ [ [ 48.150839917, 5.154935028 ], [ 48.150291533, 5.155072124 ], [ 48.150792279, 5.155554322 ], [ 48.150839917, 5.154935028 ] ] ], [ [ [ 48.167914271, 5.158102045 ], [ 48.159666828, 5.164100186 ], [ 48.175096966, 5.178958837 ], [ 48.167914271, 5.158102045 ] ] ], [ [ [ 48.178085364, 5.205854424 ], [ 48.166350434, 5.202653988 ], [ 48.170817356, 5.209557413 ], [ 48.178085364, 5.205854424 ] ] ], [ [ [ 48.170817356, 5.209557413 ], [ 48.144375362, 5.208394464 ], [ 48.164601128, 5.246598688 ], [ 48.180916355, 5.225164957 ], [ 48.170817356, 5.209557413 ] ] ], [ [ [ 48.164601128, 5.246598688 ], [ 48.166272439, 5.24975561 ], [ 48.1676487, 5.247614545 ], [ 48.164601128, 5.246598688 ] ] ], [ [ [ 49.037157851, 6.606910801 ], [ 49.050449931, 6.606392928 ], [ 49.030857698, 6.434960894 ], [ 48.962284884, 6.361490021 ], [ 48.94759071, 6.17536381 ], [ 48.849629547, 5.940257019 ], [ 48.785954791, 5.886378379 ], [ 48.712483918, 5.724742461 ], [ 48.648809163, 5.665965762 ], [ 48.634114988, 5.59249489 ], [ 48.526357709, 5.48473761 ], [ 48.384314022, 5.391674506 ], [ 48.325537324, 5.318203633 ], [ 48.242270335, 5.323101691 ], [ 48.117369852, 5.222691499 ], [ 48.101257819, 5.206579466 ], [ 48.095644594, 5.200966241 ], [ 48.109470352, 5.115762838 ], [ 48.134513056, 5.078198783 ], [ 48.025007216, 5.095489179 ], [ 47.972057513, 5.103849658 ], [ 47.855323741, 5.122281307 ], [ 47.757362578, 5.161465772 ], [ 47.608558962, 5.175866121 ], [ 47.608558679, 5.175866149 ], [ 47.605522775, 5.176159946 ], [ 47.596337997, 5.198834867 ], [ 47.569623589, 5.26478606 ], [ 47.448784913, 5.563106541 ], [ 47.339785898, 5.745821308 ], [ 47.343759325, 5.75424409 ], [ 47.580157131, 6.255354855 ], [ 47.589049661, 6.27420504 ], [ 47.591558848, 6.283404133 ], [ 47.679053629, 6.604174446 ], [ 47.894508206, 6.78762108 ], [ 48.462682952, 6.748436615 ], [ 48.472879294, 6.742271385 ], [ 48.673299453, 6.621087103 ], [ 49.037157851, 6.606910801 ] ] ], [ [ [ 48.117295255, 5.157243152 ], [ 48.107426144, 5.138601497 ], [ 48.114692979, 5.1624984 ], [ 48.117295255, 5.157243152 ] ] ], [ [ [ 48.125676, 5.161226007 ], [ 48.129246233, 5.134806279 ], [ 48.117295255, 5.157243152 ], [ 48.125676, 5.161226007 ] ] ], [ [ [ 48.14957005, 5.171443298 ], [ 48.159666828, 5.164100186 ], [ 48.150792279, 5.155554322 ], [ 48.14957005, 5.171443298 ] ] ], [ [ [ 48.131695254, 5.184443149 ], [ 48.125336303, 5.172431797 ], [ 48.121540542, 5.191828394 ], [ 48.131695254, 5.184443149 ] ] ], [ [ [ 48.121540542, 5.191828394 ], [ 48.107165564, 5.202282923 ], [ 48.119930624, 5.203741787 ], [ 48.121540542, 5.191828394 ] ] ], [ [ [ 48.14957005, 5.171443298 ], [ 48.131695254, 5.184443149 ], [ 48.143327808, 5.206415751 ], [ 48.166350434, 5.202653988 ], [ 48.14957005, 5.171443298 ] ] ], [ [ [ 48.143327808, 5.206415751 ], [ 48.119930624, 5.203741787 ], [ 48.121100452, 5.220716476 ], [ 48.144375362, 5.208394464 ], [ 48.143327808, 5.206415751 ] ] ] ] } ] } },
{ "type": "Feature", "properties": { "area_id": "59091219", "confidence_level": 0, "ipc_period": "P", "overall_phase": 3, "population_min": "9122", "population_percentage_min": "0.3", "justification": "", "prolonged_crisis": false, "population_phase_worse": null, "population_percentage_phase_worse": null, "analysis_id": "59090932", "admin_type": null, "area_name": "Hobyo (2)", "view_level": "area", "hide_settlement_labels": false, "hide_area_labels": false, "hide_area_borders": false, "show_area_popups": true, "color": "#c80000", "estimated_population": "30407", "phase1_population": 9122, "phase1_percent": 0.3, "phase1_color": "#fae61e", "phase2_population": 12162, "phase2_percent": 0.4, "phase2_color": "#e67800", "phase3_population": 9122, "phase3_percent": 0.3, "phase3_color": "#c80000", "phase4_population": 0, "phase4_percent": 0.0, "phase4_color": "#640000", "phase5_population": 0, "phase5_percent": 0, "phase5_color": "#640000" }, "geometry": { "type": "MultiPoint", "coordinates": [ [ 48.3807, 5.2848 ] ] } },
{ "type": "Feature", "properties": { "area_id": "59090952", "confidence_level": 0, "ipc_period": "P", "overall_phase": 3, "population_min": "4452", "population_percentage_min": "0.35", "justification": "", "prolonged_crisis": false, "population_phase_worse": null, "population_percentage_phase_worse": null, "analysis_id": "59090932", "admin_type": null, "area_name": "Jalalaqsi (4)", "view_level": "area", "hide_settlement_labels": false, "hide_area_labels": false, "hide_area_borders": false, "show_area_popups": true, "color": "#c80000", "estimated_population": "12721", "phase1_population": 5724, "phase1_percent": 0.45, "phase1_color": "#fae61e", "phase2_population": 2544, "phase2_percent": 0.2, "phase2_color": "#e67800", "phase3_population": 3180, "phase3_percent": 0.25, "phase3_color": "#c80000", "phase4_population": 1272, "phase4_percent": 0.1, "phase4_color": "#640000", "phase5_population": 0, "phase5_percent": 0, "phase5_color": "#640000" }, "geometry": { "type": "GeometryCollection", "geometries": [ { "type": "MultiPolygon", "coordinates": [ [ [ [ 45.6028, 3.5609 ], [ 45.6254, 3.4762 ], [ 45.5764, 3.3343 ], [ 45.561, 3.2916 ], [ 45.5119, 3.2195 ], [ 45.4992, 3.1936 ], [ 45.3449, 3.2071 ], [ 45.3301, 3.2105 ], [ 45.4238, 3.2819 ], [ 45.4899, 3.4339 ], [ 45.4942, 3.5585 ], [ 45.6028, 3.5609 ] ] ], [ [ [ 45.6096, 3.2268 ], [ 45.7443, 3.4208 ], [ 45.7465, 3.5641 ], [ 45.8126, 3.5656 ], [ 45.8169, 3.3711 ], [ 45.879, 3.2469 ], [ 45.6096, 3.2268 ] ] ] ] } ] } },
{ "type": "Feature", "properties": { "area_id": "59091117", "confidence_level": 0, "ipc_period": "P", "overall_phase": 3, "population_min": "11722", "population_percentage_min": "0.25", "justification": "", "prolonged_crisis": false, "population_phase_worse": null, "population_percentage_phase_worse": null, "analysis_id": "59090932", "admin_type": null, "area_name": "Kismaayo", "view_level": "area", "hide_settlement_labels": false, "hide_area_labels": false, "hide_area_borders": false, "show_area_popups": true, "color": "#c80000", "estimated_population": "46891", "phase1_population": 21100, "phase1_percent": 0.45, "phase1_color": "#fae61e", "phase2_population": 14067, "phase2_percent": 0.3, "phase2_color": "#e67800", "phase3_population": 11722, "phase3_percent": 0.25, "phase3_color": "#c80000", "phase4_population": 0, "phase4_percent": 0.0, "phase4_color": "#640000", "phase5_population": 0, "phase5_percent": 0, "phase5_color": "#640000" }, "geometry": { "type": "GeometryCollection", "geometries": [ { "type": "MultiPolygon", "coordinates": [ [ [ [ 42.724, -0.1706 ], [ 42.6484, -0.2426 ], [ 42.6406, -0.1707 ], [ 42.6776, -0.1339 ], [ 42.724, -0.1706 ] ] ], [ [ [ 42.5954, -0.2926 ], [ 42.414, -0.5017 ], [ 42.2048, -0.6748 ], [ 42.106, -0.8327 ], [ 41.9836, -1.0042 ], [ 41.963, -0.9721 ], [ 41.9144, -0.9161 ], [ 41.941, -0.6199 ], [ 42.0747, -0.4271 ], [ 42.1125, -0.3986 ], [ 42.1713, -0.3632 ], [ 42.1874, -0.3561 ], [ 42.2751, -0.3547 ], [ 42.4391, -0.3065 ], [ 42.4889, -0.2548 ], [ 42.4954, -0.2359 ], [ 42.5954, -0.2926 ] ] ] ] } ] } },
{ "type": "Feature", "properties": { "area_id": "59091205", "confidence_level": 0, "ipc_period": "P", "overall_phase": 1, "population_min": "3516", "population_percentage_min": "0.05", "justification": "", "prolonged_crisis": false, "population_phase_worse": null, "population_percentage_phase_worse": null, "analysis_id": "59090932", "admin_type": null, "area_name": "Kismaayo (3)", "view_level": "area", "hide_settlement_labels": false, "hide_area_labels": false, "hide_area_borders": false, "show_area_popups": true, "color": "#fae61e", "estimated_population": "70328", "phase1_population": 59778, "phase1_percent": 0.85, "phase1_color": "#fae61e", "phase2_population": 7032, "phase2_percent": 0.1, "phase2_color": "#e67800", "phase3_population": 3516, "phase3_percent": 0.05, "phase3_color": "#c80000", "phase4_population": 0, "phase4_percent": 0.0, "phase4_color": "#640000", "phase5_population": 0, "phase5_percent": 0, "phase5_color": "#640000" }, "geometry": { "type": "GeometryCollection", "geometries": [ { "type": "MultiPolygon", "coordinates": [ [ [ [ 42.495477236, -0.234097827 ], [ 42.4955, -0.2341 ], [ 42.495473593, -0.234182821 ], [ 42.4954, -0.2359 ], [ 42.4889, -0.2548 ], [ 42.4391, -0.3065 ], [ 42.2751, -0.3547 ], [ 42.1874, -0.3561 ], [ 42.1713, -0.3632 ], [ 41.7843, -0.2633 ], [ 41.7592, -0.2024 ], [ 41.6299, -0.2136 ], [ 41.494, -0.2705 ], [ 41.4162, -0.3425 ], [ 41.2909, -0.1981 ], [ 41.3109, -0.1481 ], [ 41.8509, -0.0382 ], [ 42.1501, -0.0294 ], [ 42.2551, -0.118 ], [ 42.4298, -0.2236 ], [ 42.4756, -0.2322 ], [ 42.495477236, -0.234097827 ] ] ], [ [ [ 42.106, -0.8327 ], [ 42.2048, -0.6748 ], [ 42.414, -0.5017 ], [ 42.1488, -0.8211 ], [ 42.106, -0.8327 ] ] ] ] } ] } },
{ "type": "Feature", "properties": { "area_id": "59091404", "confidence_level": 0, "ipc_period": "P", "overall_phase": 4, "population_min": "14722", "population_percentage_min": "0.45", "justification": "", "prolonged_crisis": false, "population_phase_worse": null, "population_percentage_phase_worse": null, "analysis_id": "59090932", "admin_type": null, "area_name": "Kurtunwaarey", "view_level": "area", "hide_settlement_labels": false, "hide_area_labels": false, "hide_area_borders": false, "show_area_popups": true, "color": "#640000", "estimated_population": "32718", "phase1_population": 8179, "phase1_percent": 0.25, "phase1_color": "#fae61e", "phase2_population": 9815, "phase2_percent": 0.3, "phase2_color": "#e67800", "phase3_population": 8179, "phase3_percent": 0.25, "phase3_color": "#c80000", "phase4_population": 6543, "phase4_percent": 0.2, "phase4_color": "#640000", "phase5_population": 0, "phase5_percent": 0, "phase5_color": "#640000" }, "geometry": { "type": "GeometryCollection", "geometries": [ { "type": "MultiPolygon", "coordinates": [ [ [ [ 44.079, 1.4827 ], [ 43.9932, 1.5315 ], [ 44.2788, 1.6865 ], [ 44.3714, 1.7218 ], [ 44.5109, 1.6717 ], [ 44.406, 1.5505 ], [ 44.2682, 1.5902 ], [ 44.079, 1.4827 ] ] ] ] } ] } },
{ "type": "Feature", "properties": { "area_id": "59091145", "confidence_level": 0, "ipc_period": "P", "overall_phase": 3, "population_min": "907", "population_percentage_min": "0.25", "justification": "", "prolonged_crisis": false, "population_phase_worse": null, "population_percentage_phase_worse": null, "analysis_id": "59090932", "admin_type": null, "area_name": "Lughaye idps", "view_level": "area", "hide_settlement_labels": false, "hide_area_labels": false, "hide_area_borders": false, "show_area_popups": true, "color": "#c80000", "estimated_population": "3630", "phase1_population": 1089, "phase1_percent": 0.3, "phase1_color": "#fae61e", "phase2_population": 1633, "phase2_percent": 0.45, "phase2_color": "#e67800", "phase3_population": 726, "phase3_percent": 0.2, "phase3_color": "#c80000", "phase4_population": 181, "phase4_percent": 0.05, "phase4_color": "#640000", "phase5_population": 0, "phase5_percent": 0, "phase5_color": "#640000" }, "geometry": { "type": "MultiPoint", "coordinates": [ [ 43.9436, 10.6845 ] ] } },
{ "type": "Feature", "properties": { "area_id": "59091085", "confidence_level": 0, "ipc_period": "P", "overall_phase": 2, "population_min": "808", "population_percentage_min": "0.15", "justification": "", "prolonged_crisis": false, "population_phase_worse": null, "population_percentage_phase_worse": null, "analysis_id": "59090932", "admin_type": null, "area_name": "Lughaye urban", "view_level": "area", "hide_settlement_labels": false, "hide_area_labels": false, "hide_area_borders": false, "show_area_popups": true, "color": "#e67800", "estimated_population": "5398", "phase1_population": 2159, "phase1_percent": 0.4, "phase1_color": "#fae61e", "phase2_population": 2429, "phase2_percent": 0.45, "phase2_color": "#e67800", "phase3_population": 539, "phase3_percent": 0.1, "phase3_color": "#c80000", "phase4_population": 269, "phase4_percent": 0.05, "phase4_color": "#640000", "phase5_population": 0, "phase5_percent": 0, "phase5_color": "#640000" }, "geometry": { "type": "MultiPoint", "coordinates": [ [ 43.9417, 10.6843 ] ] } },
{ "type": "Feature", "properties": { "area_id": "59091554", "confidence_level": 0, "ipc_period": "P", "overall_phase": 2, "population_min": "67506", "population_percentage_min": "0.05", "justification": "", "prolonged_crisis": false, "population_phase_worse": null, "population_percentage_phase_worse": null, "analysis_id": "59090932", "admin_type": "urb", "area_name": "Mogadishu URBAN", "view_level": "area", "hide_settlement_labels": false, "hide_area_labels": false, "hide_area_borders": false, "show_area_popups": true, "color": "#e67800", "estimated_population": "1350132", "phase1_population": 945092, "phase1_percent": 0.7, "phase1_color": "#fae61e", "phase2_population": 337533, "phase2_percent": 0.25, "phase2_color": "#e67800", "phase3_population": 67506, "phase3_percent": 0.05, "phase3_color": "#c80000", "phase4_population": 0, "phase4_percent": 0.0, "phase4_color": "#640000", "phase5_population": 0, "phase5_percent": 0, "phase5_color": "#640000" }, "geometry": { "type": "Point", "coordinates": [ 45.268059939, 1.923048511 ] } },
{ "type": "Feature", "properties": { "area_id": "59091510", "confidence_level": 0, "ipc_period": "P", "overall_phase": 3, "population_min": "15835", "population_percentage_min": "0.3", "justification": "", "prolonged_crisis": false, "population_phase_worse": null, "population_percentage_phase_worse": null, "analysis_id": "59090932", "admin_type": null, "area_name": "Qansax dheere (3)", "view_level": "area", "hide_settlement_labels": false, "hide_area_labels": false, "hide_area_borders": false, "show_area_popups": true, "color": "#c80000", "estimated_population": "52784", "phase1_population": 13196, "phase1_percent": 0.25, "phase1_color": "#fae61e", "phase2_population": 23752, "phase2_percent": 0.45, "phase2_color": "#e67800", "phase3_population": 13196, "phase3_percent": 0.25, "phase3_color": "#c80000", "phase4_population": 2639, "phase4_percent": 0.05, "phase4_color": "#640000", "phase5_population": 0, "phase5_percent": 0, "phase5_color": "#640000" }, "geometry": { "type": "GeometryCollection", "geometries": [ { "type": "MultiPolygon", "coordinates": [ [ [ [ 43.1209, 2.6766 ], [ 43.0147, 2.5767 ], [ 42.516, 2.6004 ], [ 42.4009, 1.9517 ], [ 42.5426, 2.751 ], [ 42.6009, 3.0716 ], [ 42.6153, 3.0703 ], [ 42.9309, 3.0416 ], [ 43.1, 3.0615 ], [ 43.1009, 3.0616 ], [ 43.1009, 3.0816 ], [ 43.1209, 3.0816 ], [ 43.1209, 2.68 ], [ 43.1209, 2.6766 ] ] ] ] } ] } },
{ "type": "Feature", "properties": { "area_id": "59091650", "confidence_level": 0, "ipc_period": "P", "overall_phase": 4, "population_min": "29381", "population_percentage_min": "0.45", "justification": "", "prolonged_crisis": false, "population_phase_worse": null, "population_percentage_phase_worse": null, "analysis_id": "59090932", "admin_type": null, "area_name": "Qoryooley", "view_level": "area", "hide_settlement_labels": false, "hide_area_labels": false, "hide_area_borders": false, "show_area_popups": true, "color": "#640000", "estimated_population": "65293", "phase1_population": 16323, "phase1_percent": 0.25, "phase1_color": "#fae61e", "phase2_population": 19587, "phase2_percent": 0.3, "phase2_color": "#e67800", "phase3_population": 16323, "phase3_percent": 0.25, "phase3_color": "#c80000", "phase4_population": 13058, "phase4_percent": 0.2, "phase4_color": "#640000", "phase5_population": 0, "phase5_percent": 0, "phase5_color": "#640000" }, "geometry": { "type": "GeometryCollection", "geometries": [ { "type": "MultiPolygon", "coordinates": [ [ [ [ 44.795, 2.0137 ], [ 44.841, 1.9217 ], [ 44.5109, 1.6717 ], [ 44.3714, 1.7218 ], [ 44.5022, 1.8695 ], [ 44.6135, 1.8857 ], [ 44.6487, 1.9128 ], [ 44.7588, 1.9935 ], [ 44.795, 2.0137 ] ] ] ] } ] } },
{ "type": "Feature", "properties": { "area_id": "59091522", "confidence_level": 0, "ipc_period": "P", "overall_phase": 3, "population_min": "6612", "population_percentage_min": "0.45", "justification": "", "prolonged_crisis": false, "population_phase_worse": null, "population_percentage_phase_worse": null, "analysis_id": "59090932", "admin_type": null, "area_name": "Rab dhuure urban", "view_level": "area", "hide_settlement_labels": false, "hide_area_labels": false, "hide_area_borders": false, "show_area_popups": true, "color": "#c80000", "estimated_population": "14695", "phase1_population": 3673, "phase1_percent": 0.25, "phase1_color": "#fae61e", "phase2_population": 4408, "phase2_percent": 0.3, "phase2_color": "#e67800", "phase3_population": 5143, "phase3_percent": 0.35, "phase3_color": "#c80000", "phase4_population": 1469, "phase4_percent": 0.1, "phase4_color": "#640000", "phase5_population": 0, "phase5_percent": 0, "phase5_color": "#640000" }, "geometry": { "type": "MultiPoint", "coordinates": [ [ 43.1607, 4.3428 ] ] } },
{ "type": "Feature", "properties": { "area_id": "59091262", "confidence_level": 0, "ipc_period": "P", "overall_phase": 2, "population_min": "9323", "population_percentage_min": "0.15", "justification": "", "prolonged_crisis": false, "population_phase_worse": null, "population_percentage_phase_worse": null, "analysis_id": "59090932", "admin_type": null, "area_name": "Tayeeglow (1)", "view_level": "area", "hide_settlement_labels": false, "hide_area_labels": false, "hide_area_borders": false, "show_area_popups": true, "color": "#e67800", "estimated_population": "62158", "phase1_population": 27971, "phase1_percent": 0.45, "phase1_color": "#fae61e", "phase2_population": 24863, "phase2_percent": 0.4, "phase2_color": "#e67800", "phase3_population": 9323, "phase3_percent": 0.15, "phase3_color": "#c80000", "phase4_population": 0, "phase4_percent": 0.0, "phase4_color": "#640000", "phase5_population": 0, "phase5_percent": 0, "phase5_color": "#640000" }, "geometry": { "type": "GeometryCollection", "geometries": [ { "type": "MultiPolygon", "coordinates": [ [ [ [ 44.431, 4.4314 ], [ 44.5921, 4.3257 ], [ 44.7231, 4.2069 ], [ 44.7275, 4.1408 ], [ 44.7579, 4.0134 ], [ 44.7717, 3.9842 ], [ 44.779, 3.9442 ], [ 44.7843, 3.8947 ], [ 44.7159, 3.8559 ], [ 44.5714, 3.7229 ], [ 44.4102, 3.8624 ], [ 44.2909, 3.9281 ], [ 44.2909, 4.4314 ], [ 44.431, 4.4314 ] ] ] ] } ] } },
{ "type": "Feature", "properties": { "area_id": "59091588", "confidence_level": 0, "ipc_period": "P", "overall_phase": 4, "population_min": "7105", "population_percentage_min": "0.45", "justification": "", "prolonged_crisis": false, "population_phase_worse": null, "population_percentage_phase_worse": null, "analysis_id": "59090932", "admin_type": null, "area_name": "Belet weyne (3)", "view_level": "area", "hide_settlement_labels": false, "hide_area_labels": false, "hide_area_borders": false, "show_area_popups": true, "color": "#640000", "estimated_population": "15790", "phase1_population": 2368, "phase1_percent": 0.15, "phase1_color": "#fae61e", "phase2_population": 6316, "phase2_percent": 0.4, "phase2_color": "#e67800", "phase3_population": 3947, "phase3_percent": 0.25, "phase3_color": "#c80000", "phase4_population": 3158, "phase4_percent": 0.2, "phase4_color": "#640000", "phase5_population": 0, "phase5_percent": 0, "phase5_color": "#640000" }, "geometry": { "type": "GeometryCollection", "geometries": [ { "type": "MultiPolygon", "coordinates": [ [ [ [ 45.3387, 4.3468 ], [ 45.2697, 4.448 ], [ 45.1799, 4.6775 ], [ 45.1391, 4.7409 ], [ 45.1252, 4.8435 ], [ 45.0092, 4.8633 ], [ 44.9883, 4.9245 ], [ 45.0682, 5.0064 ], [ 45.1418, 4.923 ], [ 45.2044, 4.7871 ], [ 45.2632, 4.5767 ], [ 45.3845, 4.3605 ], [ 45.3387, 4.3468 ] ] ] ] } ] } },
{ "type": "Feature", "properties": { "area_id": "59091109", "confidence_level": 0, "ipc_period": "P", "overall_phase": 2, "population_min": "6122", "population_percentage_min": "0.15", "justification": "", "prolonged_crisis": false, "population_phase_worse": null, "population_percentage_phase_worse": null, "analysis_id": "59090932", "admin_type": null, "area_name": "Adan yabaal", "view_level": "area", "hide_settlement_labels": false, "hide_area_labels": false, "hide_area_borders": false, "show_area_popups": true, "color": "#e67800", "estimated_population": "40815", "phase1_population": 20407, "phase1_percent": 0.5, "phase1_color": "#fae61e", "phase2_population": 14285, "phase2_percent": 0.35, "phase2_color": "#e67800", "phase3_population": 6122, "phase3_percent": 0.15, "phase3_color": "#c80000", "phase4_population": 0, "phase4_percent": 0.0, "phase4_color": "#640000", "phase5_population": 0, "phase5_percent": 0, "phase5_color": "#640000" }, "geometry": { "type": "GeometryCollection", "geometries": [ { "type": "MultiPolygon", "coordinates": [ [ [ [ 46.1188, 3.5107 ], [ 46.1764, 3.5954 ], [ 46.2636, 3.8202 ], [ 46.391, 3.8915 ], [ 46.8751, 3.5779 ], [ 46.6639, 3.3141 ], [ 46.1188, 3.5107 ] ] ] ] } ] } },
{ "type": "Feature", "properties": { "area_id": "59091394", "confidence_level": 0, "ipc_period": "P", "overall_phase": 1, "population_min": "0", "population_percentage_min": "0", "justification": "", "prolonged_crisis": false, "population_phase_worse": null, "population_percentage_phase_worse": null, "analysis_id": "59090932", "admin_type": null, "area_name": "Adan yabaal (1)", "view_level": "area", "hide_settlement_labels": false, "hide_area_labels": false, "hide_area_borders": false, "show_area_popups": true, "color": "#fae61e", "estimated_population": "1737", "phase1_population": 1476, "phase1_percent": 0.85, "phase1_color": "#fae61e", "phase2_population": 260, "phase2_percent": 0.15, "phase2_color": "#e67800", "phase3_population": 0, "phase3_percent": 0.0, "phase3_color": "#c80000", "phase4_population": 0, "phase4_percent": 0.0, "phase4_color": "#640000", "phase5_population": 0, "phase5_percent": 0, "phase5_color": "#640000" }, "geometry": { "type": "GeometryCollection", "geometries": [ { "type": "MultiPolygon", "coordinates": [ [ [ [ 46.1188, 3.5107 ], [ 46.061, 3.5315 ], [ 46.091, 3.5715 ], [ 46.2252, 3.7987 ], [ 46.2636, 3.8202 ], [ 46.1764, 3.5954 ], [ 46.1188, 3.5107 ] ] ] ] } ] } },
{ "type": "Feature", "properties": { "area_id": "59091278", "confidence_level": 0, "ipc_period": "P", "overall_phase": 2, "population_min": "6643", "population_percentage_min": "0.15", "justification": "", "prolonged_crisis": false, "population_phase_worse": null, "population_percentage_phase_worse": null, "analysis_id": "59090932", "admin_type": null, "area_name": "Adan yabaal (2)", "view_level": "area", "hide_settlement_labels": false, "hide_area_labels": false, "hide_area_borders": false, "show_area_popups": true, "color": "#e67800", "estimated_population": "44288", "phase1_population": 19929, "phase1_percent": 0.45, "phase1_color": "#fae61e", "phase2_population": 17715, "phase2_percent": 0.4, "phase2_color": "#e67800", "phase3_population": 6643, "phase3_percent": 0.15, "phase3_color": "#c80000", "phase4_population": 0, "phase4_percent": 0.0, "phase4_color": "#640000", "phase5_population": 0, "phase5_percent": 0, "phase5_color": "#640000" }, "geometry": { "type": "GeometryCollection", "geometries": [ { "type": "MultiPolygon", "coordinates": [ [ [ [ 46.8751, 3.5779 ], [ 47.0376, 3.4726 ], [ 46.7553, 3.1536 ], [ 46.6639, 3.3141 ], [ 46.8751, 3.5779 ] ] ] ] } ] } },
{ "type": "Feature", "properties": { "area_id": "59091594", "confidence_level": 0, "ipc_period": "P", "overall_phase": 3, "population_min": "4325", "population_percentage_min": "0.45", "justification": "", "prolonged_crisis": false, "population_phase_worse": null, "population_percentage_phase_worse": null, "analysis_id": "59090932", "admin_type": null, "area_name": "Badhaadhe urban", "view_level": "area", "hide_settlement_labels": false, "hide_area_labels": false, "hide_area_borders": false, "show_area_popups": true, "color": "#c80000", "estimated_population": "9612", "phase1_population": 2403, "phase1_percent": 0.25, "phase1_color": "#fae61e", "phase2_population": 2883, "phase2_percent": 0.3, "phase2_color": "#e67800", "phase3_population": 3364, "phase3_percent": 0.35, "phase3_color": "#c80000", "phase4_population": 961, "phase4_percent": 0.1, "phase4_color": "#640000", "phase5_population": 0, "phase5_percent": 0, "phase5_color": "#640000" }, "geometry": { "type": "MultiPoint", "coordinates": [ [ 41.4679, -1.0516 ] ] } },
{ "type": "Feature", "properties": { "area_id": "59091608", "confidence_level": 0, "ipc_period": "P", "overall_phase": 2, "population_min": "3683", "population_percentage_min": "0.1", "justification": "", "prolonged_crisis": false, "population_phase_worse": null, "population_percentage_phase_worse": null, "analysis_id": "59090932", "admin_type": null, "area_name": "Baki", "view_level": "area", "hide_settlement_labels": false, "hide_area_labels": false, "hide_area_borders": false, "show_area_popups": true, "color": "#e67800", "estimated_population": "36838", "phase1_population": 18419, "phase1_percent": 0.5, "phase1_color": "#fae61e", "phase2_population": 14735, "phase2_percent": 0.4, "phase2_color": "#e67800", "phase3_population": 3683, "phase3_percent": 0.1, "phase3_color": "#c80000", "phase4_population": 0, "phase4_percent": 0.0, "phase4_color": "#640000", "phase5_population": 0, "phase5_percent": 0, "phase5_color": "#640000" }, "geometry": { "type": "GeometryCollection", "geometries": [ { "type": "MultiPolygon", "coordinates": [ [ [ [ 44.2002, 10.4085 ], [ 44.151, 10.3209 ], [ 44.041, 10.1709 ], [ 43.8209, 10.2909 ], [ 43.721, 10.2609 ], [ 43.5065, 9.9619 ], [ 43.35, 10.0413 ], [ 43.3771, 10.2861 ], [ 43.5474, 10.4116 ], [ 43.7908, 10.4979 ], [ 43.9447, 10.3818 ], [ 44.2002, 10.4085 ] ] ] ] } ] } },
{ "type": "Feature", "properties": { "area_id": "59091047", "confidence_level": 0, "ipc_period": "P", "overall_phase": 3, "population_min": "2071", "population_percentage_min": "0.3", "justification": "", "prolonged_crisis": false, "population_phase_worse": null, "population_percentage_phase_worse": null, "analysis_id": "59090932", "admin_type": null, "area_name": "Baki (1)", "view_level": "area", "hide_settlement_labels": false, "hide_area_labels": false, "hide_area_borders": false, "show_area_popups": true, "color": "#c80000", "estimated_population": "6907", "phase1_population": 2072, "phase1_percent": 0.3, "phase1_color": "#fae61e", "phase2_population": 2762, "phase2_percent": 0.4, "phase2_color": "#e67800", "phase3_population": 1726, "phase3_percent": 0.25, "phase3_color": "#c80000", "phase4_population": 345, "phase4_percent": 0.05, "phase4_color": "#640000", "phase5_population": 0, "phase5_percent": 0, "phase5_color": "#640000" }, "geometry": { "type": "GeometryCollection", "geometries": [ { "type": "MultiPolygon", "coordinates": [ [ [ [ 43.5065, 9.9619 ], [ 43.3709, 9.801 ], [ 43.3309, 9.841 ], [ 43.35, 10.0413 ], [ 43.5065, 9.9619 ] ] ] ] } ] } },
{ "type": "Feature", "properties": { "area_id": "59091406", "confidence_level": 0, "ipc_period": "P", "overall_phase": 4, "population_min": "55718", "population_percentage_min": "0.5", "justification": "", "prolonged_crisis": false, "population_phase_worse": null, "population_percentage_phase_worse": null, "analysis_id": "59090932", "admin_type": "idp", "area_name": "Beletweyn IDPS", "view_level": "area", "hide_settlement_labels": false, "hide_area_labels": false, "hide_area_borders": false, "show_area_popups": true, "color": "#640000", "estimated_population": "111439", "phase1_population": 22287, "phase1_percent": 0.2, "phase1_color": "#fae61e", "phase2_population": 33431, "phase2_percent": 0.3, "phase2_color": "#e67800", "phase3_population": 27859, "phase3_percent": 0.25, "phase3_color": "#c80000", "phase4_population": 27859, "phase4_percent": 0.25, "phase4_color": "#640000", "phase5_population": 0, "phase5_percent": 0, "phase5_color": "#640000" }, "geometry": { "type": "Point", "coordinates": [ 45.180122145, 4.724314305 ] } },
{ "type": "Feature", "properties": { "area_id": "59091566", "confidence_level": 0, "ipc_period": "P", "overall_phase": 2, "population_min": "0", "population_percentage_min": "0", "justification": "", "prolonged_crisis": false, "population_phase_worse": null, "population_percentage_phase_worse": null, "analysis_id": "59090932", "admin_type": null, "area_name": "Belet weyne (1)", "view_level": "area", "hide_settlement_labels": false, "hide_area_labels": false, "hide_area_borders": false, "show_area_popups": true, "color": "#e67800", "estimated_population": "15790", "phase1_population": 12632, "phase1_percent": 0.8, "phase1_color": "#fae61e", "phase2_population": 3158, "phase2_percent": 0.2, "phase2_color": "#e67800", "phase3_population": 0, "phase3_percent": 0.0, "phase3_color": "#c80000", "phase4_population": 0, "phase4_percent": 0.0, "phase4_color": "#640000", "phase5_population": 0, "phase5_percent": 0, "phase5_color": "#640000" }, "geometry": { "type": "GeometryCollection", "geometries": [ { "type": "MultiPolygon", "coordinates": [ [ [ [ 44.9284, 4.9211 ], [ 45.111, 4.5385 ], [ 45.1884, 4.3017 ], [ 45.071, 4.2615 ], [ 45.001, 4.1215 ], [ 44.7497, 4.0778 ], [ 44.7275, 4.1408 ], [ 44.7231, 4.2069 ], [ 44.722245304, 4.211117127 ], [ 44.681, 4.4114 ], [ 44.677603779, 4.431381355 ], [ 44.6776, 4.4314 ], [ 44.5918, 4.9362 ], [ 44.9284, 4.9211 ] ] ], [ [ [ 45.607, 4.3396 ], [ 45.3879, 4.4057 ], [ 45.3433, 4.5615 ], [ 45.2532, 4.7037 ], [ 45.2135, 4.8894 ], [ 45.1176, 5.0571 ], [ 45.2395, 5.1821 ], [ 45.3378, 5.0785 ], [ 45.3798, 4.9833 ], [ 45.3784, 4.8569 ], [ 45.5664, 4.681 ], [ 45.8613, 4.4401 ], [ 45.8823, 4.4249 ], [ 45.741, 4.4214 ], [ 45.607, 4.3396 ] ] ] ] } ] } },
{ "type": "Feature", "properties": { "area_id": "59091248", "confidence_level": 0, "ipc_period": "P", "overall_phase": 3, "population_min": "36226", "population_percentage_min": "0.45", "justification": "", "prolonged_crisis": false, "population_phase_worse": null, "population_percentage_phase_worse": null, "analysis_id": "59090932", "admin_type": null, "area_name": "Bu'aale urban", "view_level": "area", "hide_settlement_labels": false, "hide_area_labels": false, "hide_area_borders": false, "show_area_popups": true, "color": "#c80000", "estimated_population": "80504", "phase1_population": 20126, "phase1_percent": 0.25, "phase1_color": "#fae61e", "phase2_population": 24151, "phase2_percent": 0.3, "phase2_color": "#e67800", "phase3_population": 28176, "phase3_percent": 0.35, "phase3_color": "#c80000", "phase4_population": 8050, "phase4_percent": 0.1, "phase4_color": "#640000", "phase5_population": 0, "phase5_percent": 0, "phase5_color": "#640000" }, "geometry": { "type": "MultiPoint", "coordinates": [ [ 42.5707, 1.0678 ] ] } },
{ "type": "Feature", "properties": { "area_id": "59091169", "confidence_level": 0, "ipc_period": "P", "overall_phase": 4, "population_min": "4471", "population_percentage_min": "0.45", "justification": "", "prolonged_crisis": false, "population_phase_worse": null, "population_percentage_phase_worse": null, "analysis_id": "59090932", "admin_type": null, "area_name": "Bulo burto", "view_level": "area", "hide_settlement_labels": false, "hide_area_labels": false, "hide_area_borders": false, "show_area_popups": true, "color": "#640000", "estimated_population": "9938", "phase1_population": 1490, "phase1_percent": 0.15, "phase1_color": "#fae61e", "phase2_population": 3975, "phase2_percent": 0.4, "phase2_color": "#e67800", "phase3_population": 2484, "phase3_percent": 0.25, "phase3_color": "#c80000", "phase4_population": 1987, "phase4_percent": 0.2, "phase4_color": "#640000", "phase5_population": 0, "phase5_percent": 0, "phase5_color": "#640000" }, "geometry": { "type": "GeometryCollection", "geometries": [ { "type": "MultiPolygon", "coordinates": [ [ [ [ 45.7465, 3.5641 ], [ 45.6028, 3.5609 ], [ 45.5898, 3.6155 ], [ 45.4959, 3.7215 ], [ 45.4686, 3.772 ], [ 45.4616, 3.9313 ], [ 45.4924, 4.0748 ], [ 45.3798, 4.1431 ], [ 45.3387, 4.3468 ], [ 45.3845, 4.3605 ], [ 45.4841, 4.1997 ], [ 45.5039, 4.092 ], [ 45.6069, 3.852 ], [ 45.7198, 3.7683 ], [ 45.7445, 3.7086 ], [ 45.7465, 3.5641 ] ] ] ] } ] } },
{ "type": "Feature", "properties": { "area_id": "59091572", "confidence_level": 0, "ipc_period": "P", "overall_phase": 2, "population_min": "6440", "population_percentage_min": "0.15", "justification": "", "prolonged_crisis": false, "population_phase_worse": null, "population_percentage_phase_worse": null, "analysis_id": "59090932", "admin_type": null, "area_name": "Cadaado", "view_level": "area", "hide_settlement_labels": false, "hide_area_labels": false, "hide_area_borders": false, "show_area_popups": true, "color": "#e67800", "estimated_population": "42934", "phase1_population": 15026, "phase1_percent": 0.35, "phase1_color": "#fae61e", "phase2_population": 21467, "phase2_percent": 0.5, "phase2_color": "#e67800", "phase3_population": 6440, "phase3_percent": 0.15, "phase3_color": "#c80000", "phase4_population": 0, "phase4_percent": 0.0, "phase4_color": "#640000", "phase5_population": 0, "phase5_percent": 0, "phase5_color": "#640000" }, "geometry": { "type": "GeometryCollection", "geometries": [ { "type": "MultiPolygon", "coordinates": [ [ [ [ 46.8773, 5.8332 ], [ 46.711, 5.8613 ], [ 46.671, 5.9313 ], [ 46.5242, 6.5001 ], [ 46.5414, 6.5178 ], [ 47.422035331, 6.321194853 ], [ 47.4246, 6.3108 ], [ 47.444571101, 6.303681711 ], [ 47.4371, 6.2481 ], [ 47.4271, 6.2089 ], [ 47.4042, 6.1841 ], [ 47.2891, 6.1535 ], [ 47.0914, 6.061 ], [ 47.0486, 6.0589 ], [ 46.8773, 5.8332 ] ] ] ] } ] } },
{ "type": "Feature", "properties": { "area_id": "59091518", "confidence_level": 0, "ipc_period": "P", "overall_phase": 2, "population_min": "283", "population_percentage_min": "0.15", "justification": "", "prolonged_crisis": false, "population_phase_worse": null, "population_percentage_phase_worse": null, "analysis_id": "59090932", "admin_type": null, "area_name": "Bulo burto (1)", "view_level": "area", "hide_settlement_labels": false, "hide_area_labels": false, "hide_area_borders": false, "show_area_popups": true, "color": "#e67800", "estimated_population": "1888", "phase1_population": 944, "phase1_percent": 0.5, "phase1_color": "#fae61e", "phase2_population": 660, "phase2_percent": 0.35, "phase2_color": "#e67800", "phase3_population": 283, "phase3_percent": 0.15, "phase3_color": "#c80000", "phase4_population": 0, "phase4_percent": 0.0, "phase4_color": "#640000", "phase5_population": 0, "phase5_percent": 0, "phase5_color": "#640000" }, "geometry": { "type": "GeometryCollection", "geometries": [ { "type": "MultiPolygon", "coordinates": [ [ [ [ 46.3968, 4.2348 ], [ 46.3386, 4.1884 ], [ 46.3745, 4.2527 ], [ 46.3968, 4.2348 ] ] ], [ [ [ 46.3039, 4.0813 ], [ 46.281833982, 3.97239047 ], [ 46.2843, 3.9947 ], [ 46.3039, 4.0813 ] ] ] ] } ] } },
{ "type": "Feature", "properties": { "area_id": "59091552", "confidence_level": 0, "ipc_period": "P", "overall_phase": 2, "population_min": "0", "population_percentage_min": "0", "justification": "", "prolonged_crisis": false, "population_phase_worse": null, "population_percentage_phase_worse": null, "analysis_id": "59090932", "admin_type": null, "area_name": "Bulo burto (2)", "view_level": "area", "hide_settlement_labels": false, "hide_area_labels": false, "hide_area_borders": false, "show_area_popups": true, "color": "#e67800", "estimated_population": "16729", "phase1_population": 13383, "phase1_percent": 0.8, "phase1_color": "#fae61e", "phase2_population": 3345, "phase2_percent": 0.2, "phase2_color": "#e67800", "phase3_population": 0, "phase3_percent": 0.0, "phase3_color": "#c80000", "phase4_population": 0, "phase4_percent": 0.0, "phase4_color": "#640000", "phase5_population": 0, "phase5_percent": 0, "phase5_color": "#640000" }, "geometry": { "type": "GeometryCollection", "geometries": [ { "type": "MultiPolygon", "coordinates": [ [ [ [ 44.797, 3.8406 ], [ 44.801, 3.8615 ], [ 44.7717, 3.9842 ], [ 44.7579, 4.0134 ], [ 44.7716, 3.9846 ], [ 44.7497, 4.0778 ], [ 45.001, 4.1215 ], [ 45.071, 4.2615 ], [ 45.1884, 4.3017 ], [ 45.3207, 3.9947 ], [ 45.3377, 3.8509 ], [ 45.3719, 3.7436 ], [ 45.4942, 3.5585 ], [ 45.181, 3.5515 ], [ 45.297, 3.2035 ], [ 45.151, 3.2116 ], [ 45.071, 3.2516 ], [ 44.781, 3.2715 ], [ 44.771, 3.7015 ], [ 44.7777, 3.7375 ], [ 44.797, 3.8406 ] ] ], [ [ [ 46.2636, 3.8202 ], [ 46.2252, 3.7987 ], [ 46.091, 3.5715 ], [ 45.8126, 3.5656 ], [ 45.8067, 3.6899 ], [ 45.7485, 3.7961 ], [ 45.7698, 3.872 ], [ 45.7517, 4.1538 ], [ 45.7121, 4.2601 ], [ 45.607, 4.3396 ], [ 45.741, 4.4214 ], [ 45.8823, 4.4249 ], [ 45.9539, 4.3732 ], [ 46.0569, 4.3285 ], [ 46.1531, 4.3526 ], [ 46.1774, 4.4103 ], [ 46.3745, 4.2527 ], [ 46.3386, 4.1884 ], [ 46.3039, 4.0813 ], [ 46.2843, 3.9947 ], [ 46.281833982, 3.97239047 ], [ 46.278894744, 3.945799823 ], [ 46.2672, 3.84 ], [ 46.2636, 3.8202 ] ] ] ] } ] } },
{ "type": "Feature", "properties": { "area_id": "59090993", "confidence_level": 0, "ipc_period": "P", "overall_phase": 3, "population_min": "11593", "population_percentage_min": "0.35", "justification": "", "prolonged_crisis": false, "population_phase_worse": null, "population_percentage_phase_worse": null, "analysis_id": "59090932", "admin_type": null, "area_name": "Bulo burto (3)", "view_level": "area", "hide_settlement_labels": false, "hide_area_labels": false, "hide_area_borders": false, "show_area_popups": true, "color": "#c80000", "estimated_population": "33124", "phase1_population": 14905, "phase1_percent": 0.45, "phase1_color": "#fae61e", "phase2_population": 6624, "phase2_percent": 0.2, "phase2_color": "#e67800", "phase3_population": 8281, "phase3_percent": 0.25, "phase3_color": "#c80000", "phase4_population": 3312, "phase4_percent": 0.1, "phase4_color": "#640000", "phase5_population": 0, "phase5_percent": 0, "phase5_color": "#640000" }, "geometry": { "type": "GeometryCollection", "geometries": [ { "type": "MultiPolygon", "coordinates": [ [ [ [ 45.1884, 4.3017 ], [ 45.3387, 4.3468 ], [ 45.3798, 4.1431 ], [ 45.4924, 4.0748 ], [ 45.4616, 3.9313 ], [ 45.4686, 3.772 ], [ 45.4959, 3.7215 ], [ 45.5898, 3.6155 ], [ 45.6028, 3.5609 ], [ 45.4942, 3.5585 ], [ 45.3719, 3.7436 ], [ 45.3377, 3.8509 ], [ 45.3207, 3.9947 ], [ 45.1884, 4.3017 ] ] ], [ [ [ 45.3845, 4.3605 ], [ 45.421, 4.3714 ], [ 45.561, 4.3115 ], [ 45.607, 4.3396 ], [ 45.7121, 4.2601 ], [ 45.7517, 4.1538 ], [ 45.7698, 3.872 ], [ 45.7485, 3.7961 ], [ 45.8067, 3.6899 ], [ 45.8126, 3.5656 ], [ 45.7465, 3.5641 ], [ 45.7445, 3.7086 ], [ 45.7198, 3.7683 ], [ 45.6069, 3.852 ], [ 45.5039, 4.092 ], [ 45.4841, 4.1997 ], [ 45.3845, 4.3605 ] ] ] ] } ] } },
{ "type": "Feature", "properties": { "area_id": "59091298", "confidence_level": 0, "ipc_period": "P", "overall_phase": 2, "population_min": "188", "population_percentage_min": "0.15", "justification": "", "prolonged_crisis": false, "population_phase_worse": null, "population_percentage_phase_worse": null, "analysis_id": "59090932", "admin_type": null, "area_name": "Bulo burto (4)", "view_level": "area", "hide_settlement_labels": false, "hide_area_labels": false, "hide_area_borders": false, "show_area_popups": true, "color": "#e67800", "estimated_population": "1259", "phase1_population": 440, "phase1_percent": 0.35, "phase1_color": "#fae61e", "phase2_population": 629, "phase2_percent": 0.5, "phase2_color": "#e67800", "phase3_population": 188, "phase3_percent": 0.15, "phase3_color": "#c80000", "phase4_population": 0, "phase4_percent": 0.0, "phase4_color": "#640000", "phase5_population": 0, "phase5_percent": 0, "phase5_color": "#640000" }, "geometry": { "type": "MultiPoint", "coordinates": [ [ 45.5188, 3.9365 ] ] } },
{ "type": "Feature", "properties": { "area_id": "59091191", "confidence_level": 0, "ipc_period": "P", "overall_phase": 3, "population_min": "11622", "population_percentage_min": "0.3", "justification": "", "prolonged_crisis": false, "population_phase_worse": null, "population_percentage_phase_worse": null, "analysis_id": "59090932", "admin_type": null, "area_name": "Cadaado (1)", "view_level": "area", "hide_settlement_labels": false, "hide_area_labels": false, "hide_area_borders": false, "show_area_popups": true, "color": "#c80000", "estimated_population": "38742", "phase1_population": 11622, "phase1_percent": 0.3, "phase1_color": "#fae61e", "phase2_population": 15496, "phase2_percent": 0.4, "phase2_color": "#e67800", "phase3_population": 11622, "phase3_percent": 0.3, "phase3_color": "#c80000", "phase4_population": 0, "phase4_percent": 0.0, "phase4_color": "#640000", "phase5_population": 0, "phase5_percent": 0, "phase5_color": "#640000" }, "geometry": { "type": "GeometryCollection", "geometries": [ { "type": "MultiPolygon", "coordinates": [ [ [ [ 46.8773, 5.8332 ], [ 47.0486, 6.0589 ], [ 47.0914, 6.061 ], [ 47.2891, 6.1535 ], [ 47.4042, 6.1841 ], [ 47.4271, 6.2089 ], [ 47.4371, 6.2481 ], [ 47.444571101, 6.303681711 ], [ 47.580157131, 6.255354855 ], [ 47.343759325, 5.75424409 ], [ 46.8773, 5.8332 ] ] ] ] } ] } },
{ "type": "Feature", "properties": { "area_id": "59091536", "confidence_level": 0, "ipc_period": "P", "overall_phase": 4, "population_min": "2770", "population_percentage_min": "0.5", "justification": "", "prolonged_crisis": false, "population_phase_worse": null, "population_percentage_phase_worse": null, "analysis_id": "59090932", "admin_type": null, "area_name": "Bulo burto idps", "view_level": "area", "hide_settlement_labels": false, "hide_area_labels": false, "hide_area_borders": false, "show_area_popups": true, "color": "#640000", "estimated_population": "5541", "phase1_population": 1108, "phase1_percent": 0.2, "phase1_color": "#fae61e", "phase2_population": 1662, "phase2_percent": 0.3, "phase2_color": "#e67800", "phase3_population": 1385, "phase3_percent": 0.25, "phase3_color": "#c80000", "phase4_population": 1385, "phase4_percent": 0.25, "phase4_color": "#640000", "phase5_population": 0, "phase5_percent": 0, "phase5_color": "#640000" }, "geometry": { "type": "MultiPoint", "coordinates": [ [ 45.0855, 4.9047 ] ] } },
{ "type": "Feature", "properties": { "area_id": "59091209", "confidence_level": 0, "ipc_period": "P", "overall_phase": 4, "population_min": "9118", "population_percentage_min": "0.4", "justification": "", "prolonged_crisis": false, "population_phase_worse": null, "population_percentage_phase_worse": null, "analysis_id": "59090932", "admin_type": null, "area_name": "Bulo burto urban", "view_level": "area", "hide_settlement_labels": false, "hide_area_labels": false, "hide_area_borders": false, "show_area_popups": true, "color": "#640000", "estimated_population": "22796", "phase1_population": 6838, "phase1_percent": 0.3, "phase1_color": "#fae61e", "phase2_population": 6838, "phase2_percent": 0.3, "phase2_color": "#e67800", "phase3_population": 4559, "phase3_percent": 0.2, "phase3_color": "#c80000", "phase4_population": 4559, "phase4_percent": 0.2, "phase4_color": "#640000", "phase5_population": 0, "phase5_percent": 0, "phase5_color": "#640000" }, "geometry": { "type": "MultiPoint", "coordinates": [ [ 45.077, 4.904 ] ] } },
{ "type": "Feature", "properties": { "area_id": "59091013", "confidence_level": 0, "ipc_period": "P", "overall_phase": 3, "population_min": "12777", "population_percentage_min": "0.3", "justification": "", "prolonged_crisis": false, "population_phase_worse": null, "population_percentage_phase_worse": null, "analysis_id": "59090932", "admin_type": null, "area_name": "Ceel buur (3)", "view_level": "area", "hide_settlement_labels": false, "hide_area_labels": false, "hide_area_borders": false, "show_area_popups": true, "color": "#c80000", "estimated_population": "42590", "phase1_population": 12777, "phase1_percent": 0.3, "phase1_color": "#fae61e", "phase2_population": 17036, "phase2_percent": 0.4, "phase2_color": "#e67800", "phase3_population": 12777, "phase3_percent": 0.3, "phase3_color": "#c80000", "phase4_population": 0, "phase4_percent": 0.0, "phase4_color": "#640000", "phase5_population": 0, "phase5_percent": 0, "phase5_color": "#640000" }, "geometry": { "type": "GeometryCollection", "geometries": [ { "type": "MultiPolygon", "coordinates": [ [ [ [ 47.5291, 5.195 ], [ 47.3623, 4.8781 ], [ 47.2554, 4.7152 ], [ 47.0036, 4.5669 ], [ 46.8501, 4.5288 ], [ 46.6174, 4.6844 ], [ 46.5006, 4.6316 ], [ 46.500590119, 4.631615619 ], [ 46.4758, 4.6708 ], [ 46.4443, 4.7298 ], [ 46.4275, 4.8201 ], [ 46.3696, 4.9031 ], [ 46.3474, 5.1039 ], [ 46.491, 5.1414 ], [ 47.111, 5.1714 ], [ 47.5291, 5.195 ] ] ] ] } ] } },
{ "type": "Feature", "properties": { "area_id": "59091252", "confidence_level": 0, "ipc_period": "P", "overall_phase": 3, "population_min": "38734", "population_percentage_min": "0.3", "justification": "", "prolonged_crisis": false, "population_phase_worse": null, "population_percentage_phase_worse": null, "analysis_id": "59090932", "admin_type": null, "area_name": "Gebiley (1)", "view_level": "area", "hide_settlement_labels": false, "hide_area_labels": false, "hide_area_borders": false, "show_area_popups": true, "color": "#c80000", "estimated_population": "129119", "phase1_population": 38735, "phase1_percent": 0.3, "phase1_color": "#fae61e", "phase2_population": 51647, "phase2_percent": 0.4, "phase2_color": "#e67800", "phase3_population": 32279, "phase3_percent": 0.25, "phase3_color": "#c80000", "phase4_population": 6455, "phase4_percent": 0.05, "phase4_color": "#640000", "phase5_population": 0, "phase5_percent": 0, "phase5_color": "#640000" }, "geometry": { "type": "GeometryCollection", "geometries": [ { "type": "MultiPolygon", "coordinates": [ [ [ [ 43.8678, 9.7785 ], [ 43.5564, 9.3765 ], [ 43.4465, 9.4459 ], [ 43.3992, 9.5538 ], [ 43.3001, 9.6121 ], [ 43.2905, 9.6585 ], [ 43.3709, 9.801 ], [ 43.5065, 9.9619 ], [ 43.5902, 9.7916 ], [ 43.6513, 9.77 ], [ 43.8138, 9.8141 ], [ 43.8678, 9.7785 ] ] ] ] } ] } },
{ "type": "Feature", "properties": { "area_id": "59091002", "confidence_level": 0, "ipc_period": "P", "overall_phase": 3, "population_min": "8247", "population_percentage_min": "0.3", "justification": "", "prolonged_crisis": false, "population_phase_worse": null, "population_percentage_phase_worse": null, "analysis_id": "59090932", "admin_type": null, "area_name": "Ceel buur urban", "view_level": "area", "hide_settlement_labels": false, "hide_area_labels": false, "hide_area_borders": false, "show_area_popups": true, "color": "#c80000", "estimated_population": "27491", "phase1_population": 6872, "phase1_percent": 0.25, "phase1_color": "#fae61e", "phase2_population": 12370, "phase2_percent": 0.45, "phase2_color": "#e67800", "phase3_population": 8247, "phase3_percent": 0.3, "phase3_color": "#c80000", "phase4_population": 0, "phase4_percent": 0.0, "phase4_color": "#640000", "phase5_population": 0, "phase5_percent": 0, "phase5_color": "#640000" }, "geometry": { "type": "MultiPoint", "coordinates": [ [ 46.6032, 4.6555 ] ] } },
{ "type": "Feature", "properties": { "area_id": "59091181", "confidence_level": 0, "ipc_period": "P", "overall_phase": 3, "population_min": "2140", "population_percentage_min": "0.25", "justification": "", "prolonged_crisis": false, "population_phase_worse": null, "population_percentage_phase_worse": null, "analysis_id": "59090932", "admin_type": null, "area_name": "Gebiley idps", "view_level": "area", "hide_settlement_labels": false, "hide_area_labels": false, "hide_area_borders": false, "show_area_popups": true, "color": "#c80000", "estimated_population": "8560", "phase1_population": 2568, "phase1_percent": 0.3, "phase1_color": "#fae61e", "phase2_population": 3852, "phase2_percent": 0.45, "phase2_color": "#e67800", "phase3_population": 1712, "phase3_percent": 0.2, "phase3_color": "#c80000", "phase4_population": 428, "phase4_percent": 0.05, "phase4_color": "#640000", "phase5_population": 0, "phase5_percent": 0, "phase5_color": "#640000" }, "geometry": { "type": "MultiPoint", "coordinates": [ [ 43.6261, 9.7044 ] ] } },
{ "type": "Feature", "properties": { "area_id": "59091606", "confidence_level": 0, "ipc_period": "P", "overall_phase": 3, "population_min": "890", "population_percentage_min": "0.25", "justification": "", "prolonged_crisis": false, "population_phase_worse": null, "population_percentage_phase_worse": null, "analysis_id": "59090932", "admin_type": null, "area_name": "Gebiley idps rural", "view_level": "area", "hide_settlement_labels": false, "hide_area_labels": false, "hide_area_borders": false, "show_area_popups": true, "color": "#c80000", "estimated_population": "3560", "phase1_population": 1246, "phase1_percent": 0.35, "phase1_color": "#fae61e", "phase2_population": 1424, "phase2_percent": 0.4, "phase2_color": "#e67800", "phase3_population": 712, "phase3_percent": 0.2, "phase3_color": "#c80000", "phase4_population": 178, "phase4_percent": 0.05, "phase4_color": "#640000", "phase5_population": 0, "phase5_percent": 0, "phase5_color": "#640000" }, "geometry": { "type": "MultiPoint", "coordinates": [ [ 43.6463, 9.7161 ] ] } },
{ "type": "Feature", "properties": { "area_id": "59091530", "confidence_level": 0, "ipc_period": "P", "overall_phase": 2, "population_min": "3766", "population_percentage_min": "0.15", "justification": "", "prolonged_crisis": false, "population_phase_worse": null, "population_percentage_phase_worse": null, "analysis_id": "59090932", "admin_type": null, "area_name": "Gebiley urban", "view_level": "area", "hide_settlement_labels": false, "hide_area_labels": false, "hide_area_borders": false, "show_area_popups": true, "color": "#e67800", "estimated_population": "25114", "phase1_population": 10045, "phase1_percent": 0.4, "phase1_color": "#fae61e", "phase2_population": 11301, "phase2_percent": 0.45, "phase2_color": "#e67800", "phase3_population": 2511, "phase3_percent": 0.1, "phase3_color": "#c80000", "phase4_population": 1255, "phase4_percent": 0.05, "phase4_color": "#640000", "phase5_population": 0, "phase5_percent": 0, "phase5_color": "#640000" }, "geometry": { "type": "MultiPoint", "coordinates": [ [ 43.6222, 9.7042 ] ] } },
{ "type": "Feature", "properties": { "area_id": "59091542", "confidence_level": 0, "ipc_period": "P", "overall_phase": 3, "population_min": "13734", "population_percentage_min": "0.3", "justification": "", "prolonged_crisis": false, "population_phase_worse": null, "population_percentage_phase_worse": null, "analysis_id": "59090932", "admin_type": null, "area_name": "Ceel dheer", "view_level": "area", "hide_settlement_labels": false, "hide_area_labels": false, "hide_area_borders": false, "show_area_popups": true, "color": "#c80000", "estimated_population": "45782", "phase1_population": 13734, "phase1_percent": 0.3, "phase1_color": "#fae61e", "phase2_population": 18312, "phase2_percent": 0.4, "phase2_color": "#e67800", "phase3_population": 13734, "phase3_percent": 0.3, "phase3_color": "#c80000", "phase4_population": 0, "phase4_percent": 0.0, "phase4_color": "#640000", "phase5_population": 0, "phase5_percent": 0, "phase5_color": "#640000" }, "geometry": { "type": "GeometryCollection", "geometries": [ { "type": "MultiPolygon", "coordinates": [ [ [ [ 47.5016, 4.4953 ], [ 47.501, 4.4914 ], [ 47.5478, 4.4692 ], [ 47.3142, 4.3063 ], [ 47.1779, 4.1419 ], [ 47.1285, 3.8882 ], [ 46.8751, 3.5779 ], [ 46.391, 3.8915 ], [ 46.2636, 3.8202 ], [ 46.2672, 3.84 ], [ 46.278894744, 3.945799823 ], [ 46.281833982, 3.97239047 ], [ 46.3039, 4.0813 ], [ 46.3386, 4.1884 ], [ 46.3968, 4.2348 ], [ 46.711, 4.3314 ], [ 47.5016, 4.4953 ] ] ] ] } ] } },
{ "type": "Feature", "properties": { "area_id": "59091264", "confidence_level": 0, "ipc_period": "P", "overall_phase": 2, "population_min": "18863", "population_percentage_min": "0.1", "justification": "", "prolonged_crisis": false, "population_phase_worse": null, "population_percentage_phase_worse": null, "analysis_id": "59090932", "admin_type": null, "area_name": "Hargeysa", "view_level": "area", "hide_settlement_labels": false, "hide_area_labels": false, "hide_area_borders": false, "show_area_popups": true, "color": "#e67800", "estimated_population": "188638", "phase1_population": 94319, "phase1_percent": 0.5, "phase1_color": "#fae61e", "phase2_population": 75455, "phase2_percent": 0.4, "phase2_color": "#e67800", "phase3_population": 18863, "phase3_percent": 0.1, "phase3_color": "#c80000", "phase4_population": 0, "phase4_percent": 0.0, "phase4_color": "#640000", "phase5_population": 0, "phase5_percent": 0, "phase5_color": "#640000" }, "geometry": { "type": "GeometryCollection", "geometries": [ { "type": "MultiPolygon", "coordinates": [ [ [ [ 44.151, 10.3209 ], [ 44.231, 10.2809 ], [ 44.731, 9.9509 ], [ 44.8977, 9.9411 ], [ 44.831, 9.861 ], [ 44.7707, 9.6244 ], [ 44.723, 9.5957 ], [ 44.7077, 9.5982 ], [ 44.6729, 9.6046 ], [ 44.5404, 9.645 ], [ 44.5033, 9.6811 ], [ 44.3493, 9.7347 ], [ 44.2703, 9.734 ], [ 44.0663, 9.6724 ], [ 44.0317, 9.7145 ], [ 43.9034, 9.7287 ], [ 43.8678, 9.7785 ], [ 44.101, 10.1309 ], [ 44.041, 10.1709 ], [ 44.151, 10.3209 ] ] ] ] } ] } },
{ "type": "Feature", "properties": { "area_id": "59091073", "confidence_level": 0, "ipc_period": "P", "overall_phase": 3, "population_min": "10732", "population_percentage_min": "0.45", "justification": "", "prolonged_crisis": false, "population_phase_worse": null, "population_percentage_phase_worse": null, "analysis_id": "59090932", "admin_type": null, "area_name": "Ceel dheer (1)", "view_level": "area", "hide_settlement_labels": false, "hide_area_labels": false, "hide_area_borders": false, "show_area_popups": true, "color": "#c80000", "estimated_population": "23850", "phase1_population": 3577, "phase1_percent": 0.15, "phase1_color": "#fae61e", "phase2_population": 9540, "phase2_percent": 0.4, "phase2_color": "#e67800", "phase3_population": 7155, "phase3_percent": 0.3, "phase3_color": "#c80000", "phase4_population": 3577, "phase4_percent": 0.15, "phase4_color": "#640000", "phase5_population": 0, "phase5_percent": 0, "phase5_color": "#640000" }, "geometry": { "type": "GeometryCollection", "geometries": [ { "type": "MultiPolygon", "coordinates": [ [ [ [ 46.8751, 3.5779 ], [ 47.1285, 3.8882 ], [ 47.1779, 4.1419 ], [ 47.3142, 4.3063 ], [ 47.5478, 4.4692 ], [ 47.8346, 4.333 ], [ 47.4295, 3.871 ], [ 47.2168, 3.6703 ], [ 47.0376, 3.4726 ], [ 46.8751, 3.5779 ] ] ] ] } ] } },
{ "type": "Feature", "properties": { "area_id": "59091099", "confidence_level": 0, "ipc_period": "P", "overall_phase": 3, "population_min": "47158", "population_percentage_min": "0.3", "justification": "", "prolonged_crisis": false, "population_phase_worse": null, "population_percentage_phase_worse": null, "analysis_id": "59090932", "admin_type": null, "area_name": "Hargeysa (1)", "view_level": "area", "hide_settlement_labels": false, "hide_area_labels": false, "hide_area_borders": false, "show_area_popups": true, "color": "#c80000", "estimated_population": "157199", "phase1_population": 47159, "phase1_percent": 0.3, "phase1_color": "#fae61e", "phase2_population": 62879, "phase2_percent": 0.4, "phase2_color": "#e67800", "phase3_population": 39299, "phase3_percent": 0.25, "phase3_color": "#c80000", "phase4_population": 7859, "phase4_percent": 0.05, "phase4_color": "#640000", "phase5_population": 0, "phase5_percent": 0, "phase5_color": "#640000" }, "geometry": { "type": "GeometryCollection", "geometries": [ { "type": "MultiPolygon", "coordinates": [ [ [ [ 44.7081, 9.3785 ], [ 44.691, 9.2905 ], [ 44.5305, 9.3426 ], [ 44.3735, 9.2538 ], [ 44.1583, 9.1931 ], [ 43.8279, 9.1772 ], [ 43.6476, 9.3593 ], [ 43.5564, 9.3765 ], [ 43.8678, 9.7785 ], [ 43.9034, 9.7287 ], [ 44.0317, 9.7145 ], [ 44.0663, 9.6724 ], [ 44.2703, 9.734 ], [ 44.3493, 9.7347 ], [ 44.5033, 9.6811 ], [ 44.5404, 9.645 ], [ 44.6729, 9.6046 ], [ 44.7077, 9.5982 ], [ 44.6896, 9.4581 ], [ 44.7081, 9.3785 ] ] ] ] } ] } },
{ "type": "Feature", "properties": { "area_id": "59091244", "confidence_level": 0, "ipc_period": "P", "overall_phase": 3, "population_min": "7725", "population_percentage_min": "0.3", "justification": "", "prolonged_crisis": false, "population_phase_worse": null, "population_percentage_phase_worse": null, "analysis_id": "59090932", "admin_type": null, "area_name": "Ceel dheer urban", "view_level": "area", "hide_settlement_labels": false, "hide_area_labels": false, "hide_area_borders": false, "show_area_popups": true, "color": "#c80000", "estimated_population": "25750", "phase1_population": 6437, "phase1_percent": 0.25, "phase1_color": "#fae61e", "phase2_population": 11587, "phase2_percent": 0.45, "phase2_color": "#e67800", "phase3_population": 7725, "phase3_percent": 0.3, "phase3_color": "#c80000", "phase4_population": 0, "phase4_percent": 0.0, "phase4_color": "#640000", "phase5_population": 0, "phase5_percent": 0, "phase5_color": "#640000" }, "geometry": { "type": "MultiPoint", "coordinates": [ [ 47.158, 3.8228 ] ] } },
{ "type": "Feature", "properties": { "area_id": "59091644", "confidence_level": 0, "ipc_period": "P", "overall_phase": 2, "population_min": "42443", "population_percentage_min": "0.15", "justification": "", "prolonged_crisis": false, "population_phase_worse": null, "population_percentage_phase_worse": null, "analysis_id": "59090932", "admin_type": null, "area_name": "Hargeysa (2)", "view_level": "area", "hide_settlement_labels": false, "hide_area_labels": false, "hide_area_borders": false, "show_area_popups": true, "color": "#e67800", "estimated_population": "282957", "phase1_population": 99034, "phase1_percent": 0.35, "phase1_color": "#fae61e", "phase2_population": 141478, "phase2_percent": 0.5, "phase2_color": "#e67800", "phase3_population": 42443, "phase3_percent": 0.15, "phase3_color": "#c80000", "phase4_population": 0, "phase4_percent": 0.0, "phase4_color": "#640000", "phase5_population": 0, "phase5_percent": 0, "phase5_color": "#640000" }, "geometry": { "type": "GeometryCollection", "geometries": [ { "type": "MultiPolygon", "coordinates": [ [ [ [ 44.7707, 9.6244 ], [ 44.7081, 9.3785 ], [ 44.6896, 9.4581 ], [ 44.7077, 9.5982 ], [ 44.723, 9.5957 ], [ 44.7707, 9.6244 ] ] ], [ [ [ 44.691, 9.2905 ], [ 44.691, 8.7731 ], [ 44.0068, 8.9976 ], [ 43.8279, 9.1772 ], [ 44.1583, 9.1931 ], [ 44.3735, 9.2538 ], [ 44.5305, 9.3426 ], [ 44.691, 9.2905 ] ] ] ] } ] } },
{ "type": "Feature", "properties": { "area_id": "59091490", "confidence_level": 0, "ipc_period": "P", "overall_phase": 2, "population_min": "11833", "population_percentage_min": "0.15", "justification": "", "prolonged_crisis": false, "population_phase_worse": null, "population_percentage_phase_worse": null, "analysis_id": "59090932", "admin_type": null, "area_name": "Ceel waaq", "view_level": "area", "hide_settlement_labels": false, "hide_area_labels": false, "hide_area_borders": false, "show_area_popups": true, "color": "#e67800", "estimated_population": "78893", "phase1_population": 43391, "phase1_percent": 0.55, "phase1_color": "#fae61e", "phase2_population": 23667, "phase2_percent": 0.3, "phase2_color": "#e67800", "phase3_population": 11833, "phase3_percent": 0.15, "phase3_color": "#c80000", "phase4_population": 0, "phase4_percent": 0.0, "phase4_color": "#640000", "phase5_population": 0, "phase5_percent": 0, "phase5_color": "#640000" }, "geometry": { "type": "GeometryCollection", "geometries": [ { "type": "MultiPolygon", "coordinates": [ [ [ [ 41.9709, 2.9416 ], [ 41.7809, 2.3016 ], [ 40.9918, 2.3116 ], [ 40.993, 2.8312 ], [ 41.3108, 3.1416 ], [ 41.7209, 3.0016 ], [ 41.9709, 2.9416 ] ], [ [ 41.2676, 2.8525 ], [ 41.2486, 2.8685 ], [ 41.2289, 2.8461 ], [ 41.2106, 2.8178 ], [ 41.1902, 2.7946 ], [ 41.1345, 2.7726 ], [ 41.1088, 2.7871 ], [ 41.097, 2.7792 ], [ 41.0577, 2.7291 ], [ 41.0657, 2.6423 ], [ 41.1221, 2.6611 ], [ 41.1455, 2.6753 ], [ 41.1751, 2.7004 ], [ 41.2777, 2.7037 ], [ 41.3217, 2.7362 ], [ 41.3462, 2.8067 ], [ 41.3679, 2.8258 ], [ 41.3165, 2.8273 ], [ 41.2955, 2.7918 ], [ 41.251, 2.7965 ], [ 41.2676, 2.8525 ] ] ] ] } ] } },
{ "type": "Feature", "properties": { "area_id": "59091578", "confidence_level": 0, "ipc_period": "P", "overall_phase": 3, "population_min": "6061", "population_percentage_min": "0.25", "justification": "", "prolonged_crisis": false, "population_phase_worse": null, "population_percentage_phase_worse": null, "analysis_id": "59090932", "admin_type": null, "area_name": "Jariiban", "view_level": "area", "hide_settlement_labels": false, "hide_area_labels": false, "hide_area_borders": false, "show_area_popups": true, "color": "#c80000", "estimated_population": "24246", "phase1_population": 9698, "phase1_percent": 0.4, "phase1_color": "#fae61e", "phase2_population": 8486, "phase2_percent": 0.35, "phase2_color": "#e67800", "phase3_population": 4849, "phase3_percent": 0.2, "phase3_color": "#c80000", "phase4_population": 1212, "phase4_percent": 0.05, "phase4_color": "#640000", "phase5_population": 0, "phase5_percent": 0, "phase5_color": "#640000" }, "geometry": { "type": "GeometryCollection", "geometries": [ { "type": "MultiPolygon", "coordinates": [ [ [ [ 49.108, 7.7063 ], [ 49.191, 7.7011 ], [ 49.5321, 7.5354 ], [ 49.6508, 7.399 ], [ 49.3985, 7.0507 ], [ 49.3759, 7.0106 ], [ 49.3134, 6.909 ], [ 49.2466, 6.7922 ], [ 49.2122, 6.7349 ], [ 49.2002, 6.6886 ], [ 49.1645, 6.601 ], [ 49.0379, 6.6088 ], [ 49.037157851, 6.606910801 ], [ 48.673299453, 6.621087103 ], [ 48.472879294, 6.742271385 ], [ 48.506680574, 7.135469946 ], [ 48.5068, 7.1305 ], [ 48.521655279, 7.309665489 ], [ 48.5252, 7.3509 ], [ 48.525096754, 7.351172193 ], [ 48.5315, 7.4284 ], [ 48.5259, 7.3344 ], [ 48.7604, 7.4904 ], [ 48.8445, 7.501 ], [ 49.0333, 7.6065 ], [ 49.108, 7.7063 ] ] ] ] } ] } },
{ "type": "Feature", "properties": { "area_id": "59091079", "confidence_level": 0, "ipc_period": "P", "overall_phase": 2, "population_min": "3181", "population_percentage_min": "0.15", "justification": "", "prolonged_crisis": false, "population_phase_worse": null, "population_percentage_phase_worse": null, "analysis_id": "59090932", "admin_type": null, "area_name": "Jariiban (1)", "view_level": "area", "hide_settlement_labels": false, "hide_area_labels": false, "hide_area_borders": false, "show_area_popups": true, "color": "#e67800", "estimated_population": "21213", "phase1_population": 12727, "phase1_percent": 0.6, "phase1_color": "#fae61e", "phase2_population": 5303, "phase2_percent": 0.25, "phase2_color": "#e67800", "phase3_population": 3181, "phase3_percent": 0.15, "phase3_color": "#c80000", "phase4_population": 0, "phase4_percent": 0.0, "phase4_color": "#640000", "phase5_population": 0, "phase5_percent": 0, "phase5_color": "#640000" }, "geometry": { "type": "GeometryCollection", "geometries": [ { "type": "MultiPolygon", "coordinates": [ [ [ [ 48.5315, 7.4284 ], [ 49.031, 7.7111 ], [ 49.0515, 7.7099 ], [ 49.108, 7.7063 ], [ 49.0333, 7.6065 ], [ 48.8445, 7.501 ], [ 48.7604, 7.4904 ], [ 48.5259, 7.3344 ], [ 48.5315, 7.4284 ] ] ] ] } ] } },
{ "type": "Feature", "properties": { "area_id": "59091560", "confidence_level": 0, "ipc_period": "P", "overall_phase": 2, "population_min": "119", "population_percentage_min": "0.15", "justification": "", "prolonged_crisis": false, "population_phase_worse": null, "population_percentage_phase_worse": null, "analysis_id": "59090932", "admin_type": null, "area_name": "Ceel waaq (1)", "view_level": "area", "hide_settlement_labels": false, "hide_area_labels": false, "hide_area_borders": false, "show_area_popups": true, "color": "#e67800", "estimated_population": "797", "phase1_population": 358, "phase1_percent": 0.45, "phase1_color": "#fae61e", "phase2_population": 318, "phase2_percent": 0.4, "phase2_color": "#e67800", "phase3_population": 119, "phase3_percent": 0.15, "phase3_color": "#c80000", "phase4_population": 0, "phase4_percent": 0.0, "phase4_color": "#640000", "phase5_population": 0, "phase5_percent": 0, "phase5_color": "#640000" }, "geometry": { "type": "GeometryCollection", "geometries": [ { "type": "MultiPolygon", "coordinates": [ [ [ [ 41.2676, 2.8525 ], [ 41.251, 2.7965 ], [ 41.2955, 2.7918 ], [ 41.3165, 2.8273 ], [ 41.3679, 2.8258 ], [ 41.3462, 2.8067 ], [ 41.3217, 2.7362 ], [ 41.2777, 2.7037 ], [ 41.1751, 2.7004 ], [ 41.1455, 2.6753 ], [ 41.1221, 2.6611 ], [ 41.0657, 2.6423 ], [ 41.0577, 2.7291 ], [ 41.097, 2.7792 ], [ 41.1088, 2.7871 ], [ 41.1345, 2.7726 ], [ 41.1902, 2.7946 ], [ 41.2106, 2.8178 ], [ 41.2289, 2.8461 ], [ 41.2486, 2.8685 ], [ 41.2676, 2.8525 ] ] ] ] } ] } },
{ "type": "Feature", "properties": { "area_id": "59091546", "confidence_level": 0, "ipc_period": "P", "overall_phase": 3, "population_min": "20798", "population_percentage_min": "0.2", "justification": "", "prolonged_crisis": false, "population_phase_worse": null, "population_percentage_phase_worse": null, "analysis_id": "59090932", "admin_type": "pnt", "area_name": "Jariiban 2", "view_level": "area", "hide_settlement_labels": false, "hide_area_labels": false, "hide_area_borders": false, "show_area_popups": true, "color": "#c80000", "estimated_population": "103992", "phase1_population": 31197, "phase1_percent": 0.3, "phase1_color": "#fae61e", "phase2_population": 51996, "phase2_percent": 0.5, "phase2_color": "#e67800", "phase3_population": 20798, "phase3_percent": 0.2, "phase3_color": "#c80000", "phase4_population": 0, "phase4_percent": 0.0, "phase4_color": "#640000", "phase5_population": 0, "phase5_percent": 0, "phase5_color": "#640000" }, "geometry": { "type": "Point", "coordinates": [ 49.046466822, 6.60827219 ] } },
{ "type": "Feature", "properties": { "area_id": "59091474", "confidence_level": 0, "ipc_period": "P", "overall_phase": 3, "population_min": "7662", "population_percentage_min": "0.3", "justification": "", "prolonged_crisis": false, "population_phase_worse": null, "population_percentage_phase_worse": null, "analysis_id": "59090932", "admin_type": null, "area_name": "Jariiban urban", "view_level": "area", "hide_settlement_labels": false, "hide_area_labels": false, "hide_area_borders": false, "show_area_popups": true, "color": "#c80000", "estimated_population": "25542", "phase1_population": 10216, "phase1_percent": 0.4, "phase1_color": "#fae61e", "phase2_population": 7662, "phase2_percent": 0.3, "phase2_color": "#e67800", "phase3_population": 7662, "phase3_percent": 0.3, "phase3_color": "#c80000", "phase4_population": 0, "phase4_percent": 0.0, "phase4_color": "#640000", "phase5_population": 0, "phase5_percent": 0, "phase5_color": "#640000" }, "geometry": { "type": "MultiPoint", "coordinates": [ [ 48.8481, 7.2109 ] ] } },
{ "type": "Feature", "properties": { "area_id": "59091420", "confidence_level": 0, "ipc_period": "P", "overall_phase": 1, "population_min": "515", "population_percentage_min": "0.05", "justification": "", "prolonged_crisis": false, "population_phase_worse": null, "population_percentage_phase_worse": null, "analysis_id": "59090932", "admin_type": null, "area_name": "Jilib", "view_level": "area", "hide_settlement_labels": false, "hide_area_labels": false, "hide_area_borders": false, "show_area_popups": true, "color": "#fae61e", "estimated_population": "10310", "phase1_population": 8763, "phase1_percent": 0.85, "phase1_color": "#fae61e", "phase2_population": 1031, "phase2_percent": 0.1, "phase2_color": "#e67800", "phase3_population": 515, "phase3_percent": 0.05, "phase3_color": "#c80000", "phase4_population": 0, "phase4_percent": 0.0, "phase4_color": "#640000", "phase5_population": 0, "phase5_percent": 0, "phase5_color": "#640000" }, "geometry": { "type": "GeometryCollection", "geometries": [ { "type": "MultiPolygon", "coordinates": [ [ [ [ 43.194927473, 0.766766545 ], [ 43.1906, 0.7714 ], [ 43.1466, 0.7662 ], [ 43.1426, 0.7646 ], [ 43.1512, 0.844 ], [ 43.2092, 1.0225 ], [ 43.2989, 0.9933 ], [ 43.2508, 0.9454 ], [ 43.2258, 0.8572 ], [ 43.1908, 0.793 ], [ 43.1896, 0.779 ], [ 43.194927473, 0.766766545 ] ] ] ] } ] } },
{ "type": "Feature", "properties": { "area_id": "59091030", "confidence_level": 0, "ipc_period": "P", "overall_phase": 2, "population_min": "7539", "population_percentage_min": "0.15", "justification": "", "prolonged_crisis": false, "population_phase_worse": null, "population_percentage_phase_worse": null, "analysis_id": "59090932", "admin_type": null, "area_name": "Owdweyne (3)", "view_level": "area", "hide_settlement_labels": false, "hide_area_labels": false, "hide_area_borders": false, "show_area_popups": true, "color": "#e67800", "estimated_population": "50263", "phase1_population": 17592, "phase1_percent": 0.35, "phase1_color": "#fae61e", "phase2_population": 25131, "phase2_percent": 0.5, "phase2_color": "#e67800", "phase3_population": 7539, "phase3_percent": 0.15, "phase3_color": "#c80000", "phase4_population": 0, "phase4_percent": 0.0, "phase4_color": "#640000", "phase5_population": 0, "phase5_percent": 0, "phase5_color": "#640000" }, "geometry": { "type": "GeometryCollection", "geometries": [ { "type": "MultiPolygon", "coordinates": [ [ [ [ 44.9078, 9.5146 ], [ 44.9924, 9.3183 ], [ 45.2814, 9.3778 ], [ 45.291, 8.5726 ], [ 44.691, 8.7731 ], [ 44.691, 9.2905 ], [ 44.7081, 9.3785 ], [ 44.7707, 9.6244 ], [ 44.8117, 9.6287 ], [ 44.9078, 9.5146 ] ] ] ] } ] } },
{ "type": "Feature", "properties": { "area_id": "59091368", "confidence_level": 0, "ipc_period": "P", "overall_phase": 4, "population_min": "22697", "population_percentage_min": "0.55", "justification": "", "prolonged_crisis": false, "population_phase_worse": null, "population_percentage_phase_worse": null, "analysis_id": "59090932", "admin_type": null, "area_name": "Jilib (1)", "view_level": "area", "hide_settlement_labels": false, "hide_area_labels": false, "hide_area_borders": false, "show_area_popups": true, "color": "#640000", "estimated_population": "41269", "phase1_population": 12380, "phase1_percent": 0.3, "phase1_color": "#fae61e", "phase2_population": 6190, "phase2_percent": 0.15, "phase2_color": "#e67800", "phase3_population": 10317, "phase3_percent": 0.25, "phase3_color": "#c80000", "phase4_population": 12380, "phase4_percent": 0.3, "phase4_color": "#640000", "phase5_population": 0, "phase5_percent": 0, "phase5_color": "#640000" }, "geometry": { "type": "GeometryCollection", "geometries": [ { "type": "MultiPolygon", "coordinates": [ [ [ [ 42.72678294, 0.328679947 ], [ 42.6309, 0.7218 ], [ 42.6209, 0.7518 ], [ 42.7167, 0.7959 ], [ 42.7665, 0.6872 ], [ 42.7835, 0.5298 ], [ 42.9025, 0.5713 ], [ 42.9224, 0.6248 ], [ 43.0167, 0.6115 ], [ 43.0403, 0.5407 ], [ 42.9203, 0.3187 ], [ 42.7309, 0.3118 ], [ 42.72678294, 0.328679947 ] ] ], [ [ [ 43.2989, 0.9933 ], [ 43.3397, 0.9372 ], [ 43.3868, 0.8697 ], [ 43.2651, 0.7672 ], [ 43.2005, 0.7608 ], [ 43.194927473, 0.766766545 ], [ 43.1896, 0.779 ], [ 43.1908, 0.793 ], [ 43.2258, 0.8572 ], [ 43.2508, 0.9454 ], [ 43.2989, 0.9933 ] ] ] ] } ] } },
{ "type": "Feature", "properties": { "area_id": "59091272", "confidence_level": 0, "ipc_period": "P", "overall_phase": 3, "population_min": "5801", "population_percentage_min": "0.25", "justification": "", "prolonged_crisis": false, "population_phase_worse": null, "population_percentage_phase_worse": null, "analysis_id": "59090932", "admin_type": null, "area_name": "Jilib (2)", "view_level": "area", "hide_settlement_labels": false, "hide_area_labels": false, "hide_area_borders": false, "show_area_popups": true, "color": "#c80000", "estimated_population": "23207", "phase1_population": 10443, "phase1_percent": 0.45, "phase1_color": "#fae61e", "phase2_population": 6962, "phase2_percent": 0.3, "phase2_color": "#e67800", "phase3_population": 5801, "phase3_percent": 0.25, "phase3_color": "#c80000", "phase4_population": 0, "phase4_percent": 0.0, "phase4_color": "#640000", "phase5_population": 0, "phase5_percent": 0, "phase5_color": "#640000" }, "geometry": { "type": "GeometryCollection", "geometries": [ { "type": "MultiPolygon", "coordinates": [ [ [ [ 43.5204, 0.6761 ], [ 43.3774, 0.5351 ], [ 43.1907, 0.3285 ], [ 42.9203, 0.3187 ], [ 43.0403, 0.5407 ], [ 43.0167, 0.6115 ], [ 43.1115, 0.6224 ], [ 43.1417, 0.7642 ], [ 43.1426, 0.7646 ], [ 43.1466, 0.7662 ], [ 43.1906, 0.7714 ], [ 43.194927473, 0.766766545 ], [ 43.2005, 0.7608 ], [ 43.2651, 0.7672 ], [ 43.3868, 0.8697 ], [ 43.5204, 0.6761 ] ] ] ] } ] } },
{ "type": "Feature", "properties": { "area_id": "59091326", "confidence_level": 0, "ipc_period": "P", "overall_phase": 2, "population_min": "550", "population_percentage_min": "0.05", "justification": "", "prolonged_crisis": false, "population_phase_worse": null, "population_percentage_phase_worse": null, "analysis_id": "59090932", "admin_type": null, "area_name": "Sablaale urban", "view_level": "area", "hide_settlement_labels": false, "hide_area_labels": false, "hide_area_borders": false, "show_area_popups": true, "color": "#e67800", "estimated_population": "11017", "phase1_population": 7711, "phase1_percent": 0.7, "phase1_color": "#fae61e", "phase2_population": 2754, "phase2_percent": 0.25, "phase2_color": "#e67800", "phase3_population": 550, "phase3_percent": 0.05, "phase3_color": "#c80000", "phase4_population": 0, "phase4_percent": 0.0, "phase4_color": "#640000", "phase5_population": 0, "phase5_percent": 0, "phase5_color": "#640000" }, "geometry": { "type": "MultiPoint", "coordinates": [ [ 43.803, 1.2465 ] ] } },
{ "type": "Feature", "properties": { "area_id": "59091504", "confidence_level": 0, "ipc_period": "P", "overall_phase": 2, "population_min": "2766", "population_percentage_min": "0.15", "justification": "", "prolonged_crisis": false, "population_phase_worse": null, "population_percentage_phase_worse": null, "analysis_id": "59090932", "admin_type": null, "area_name": "Laas caanood idps rural", "view_level": "area", "hide_settlement_labels": false, "hide_area_labels": false, "hide_area_borders": false, "show_area_popups": true, "color": "#e67800", "estimated_population": "18440", "phase1_population": 8298, "phase1_percent": 0.45, "phase1_color": "#fae61e", "phase2_population": 7376, "phase2_percent": 0.4, "phase2_color": "#e67800", "phase3_population": 2766, "phase3_percent": 0.15, "phase3_color": "#c80000", "phase4_population": 0, "phase4_percent": 0.0, "phase4_color": "#640000", "phase5_population": 0, "phase5_percent": 0, "phase5_color": "#640000" }, "geometry": { "type": "MultiPoint", "coordinates": [ [ 47.5018, 8.5453 ] ] } },
{ "type": "Feature", "properties": { "area_id": "59091398", "confidence_level": 0, "ipc_period": "P", "overall_phase": 4, "population_min": "2640", "population_percentage_min": "0.6", "justification": "", "prolonged_crisis": false, "population_phase_worse": null, "population_percentage_phase_worse": null, "analysis_id": "59090932", "admin_type": "idp", "area_name": "Laas Canod IDPS", "view_level": "area", "hide_settlement_labels": false, "hide_area_labels": false, "hide_area_borders": false, "show_area_popups": true, "color": "#640000", "estimated_population": "4400", "phase1_population": 0, "phase1_percent": 0.0, "phase1_color": "#fae61e", "phase2_population": 1760, "phase2_percent": 0.4, "phase2_color": "#e67800", "phase3_population": 1540, "phase3_percent": 0.35, "phase3_color": "#c80000", "phase4_population": 1100, "phase4_percent": 0.25, "phase4_color": "#640000", "phase5_population": 0, "phase5_percent": 0, "phase5_color": "#640000" }, "geometry": { "type": "Point", "coordinates": [ 47.275124759, 8.469399686 ] } },
{ "type": "Feature", "properties": { "area_id": "59091023", "confidence_level": 0, "ipc_period": "P", "overall_phase": 3, "population_min": "4942", "population_percentage_min": "0.3", "justification": "", "prolonged_crisis": false, "population_phase_worse": null, "population_percentage_phase_worse": null, "analysis_id": "59090932", "admin_type": null, "area_name": "Sheikh", "view_level": "area", "hide_settlement_labels": false, "hide_area_labels": false, "hide_area_borders": false, "show_area_popups": true, "color": "#c80000", "estimated_population": "16478", "phase1_population": 4943, "phase1_percent": 0.3, "phase1_color": "#fae61e", "phase2_population": 6591, "phase2_percent": 0.4, "phase2_color": "#e67800", "phase3_population": 4119, "phase3_percent": 0.25, "phase3_color": "#c80000", "phase4_population": 823, "phase4_percent": 0.05, "phase4_color": "#640000", "phase5_population": 0, "phase5_percent": 0, "phase5_color": "#640000" }, "geometry": { "type": "GeometryCollection", "geometries": [ { "type": "MultiPolygon", "coordinates": [ [ [ [ 45.3471, 9.8605 ], [ 45.4296, 9.9478 ], [ 45.5208, 9.9402 ], [ 45.6251, 9.8166 ], [ 45.3471, 9.8605 ] ] ] ] } ] } },
{ "type": "Feature", "properties": { "area_id": "59091400", "confidence_level": 0, "ipc_period": "P", "overall_phase": 4, "population_min": "12172", "population_percentage_min": "0.4", "justification": "", "prolonged_crisis": false, "population_phase_worse": null, "population_percentage_phase_worse": null, "analysis_id": "59090932", "admin_type": "urb", "area_name": "Laas Canood URBAN", "view_level": "area", "hide_settlement_labels": false, "hide_area_labels": false, "hide_area_borders": false, "show_area_popups": true, "color": "#640000", "estimated_population": "30431", "phase1_population": 4564, "phase1_percent": 0.15, "phase1_color": "#fae61e", "phase2_population": 13693, "phase2_percent": 0.45, "phase2_color": "#e67800", "phase3_population": 6086, "phase3_percent": 0.2, "phase3_color": "#c80000", "phase4_population": 6086, "phase4_percent": 0.2, "phase4_color": "#640000", "phase5_population": 0, "phase5_percent": 0, "phase5_color": "#640000" }, "geometry": { "type": "Point", "coordinates": [ 47.275124759, 8.387892193 ] } },
{ "type": "Feature", "properties": { "area_id": "59091496", "confidence_level": 0, "ipc_period": "P", "overall_phase": 2, "population_min": "10549", "population_percentage_min": "0.1", "justification": "", "prolonged_crisis": false, "population_phase_worse": null, "population_percentage_phase_worse": null, "analysis_id": "59090932", "admin_type": null, "area_name": "Sheikh (1)", "view_level": "area", "hide_settlement_labels": false, "hide_area_labels": false, "hide_area_borders": false, "show_area_popups": true, "color": "#e67800", "estimated_population": "105494", "phase1_population": 52747, "phase1_percent": 0.5, "phase1_color": "#fae61e", "phase2_population": 42197, "phase2_percent": 0.4, "phase2_color": "#e67800", "phase3_population": 10549, "phase3_percent": 0.1, "phase3_color": "#c80000", "phase4_population": 0, "phase4_percent": 0.0, "phase4_color": "#640000", "phase5_population": 0, "phase5_percent": 0, "phase5_color": "#640000" }, "geometry": { "type": "GeometryCollection", "geometries": [ { "type": "MultiPolygon", "coordinates": [ [ [ [ 44.8977, 9.9411 ], [ 45.101, 10.1709 ], [ 45.9075, 10.0997 ], [ 45.831, 10.0309 ], [ 45.801, 9.9209 ], [ 45.851, 9.781 ], [ 45.6251, 9.8166 ], [ 45.5208, 9.9402 ], [ 45.4296, 9.9478 ], [ 45.3471, 9.8605 ], [ 45.281, 9.871 ], [ 44.8977, 9.9411 ] ] ] ] } ] } },
{ "type": "Feature", "properties": { "area_id": "59091328", "confidence_level": 0, "ipc_period": "P", "overall_phase": 3, "population_min": "21662", "population_percentage_min": "0.25", "justification": "", "prolonged_crisis": false, "population_phase_worse": null, "population_percentage_phase_worse": null, "analysis_id": "59090932", "admin_type": null, "area_name": "Laasqoray", "view_level": "area", "hide_settlement_labels": false, "hide_area_labels": false, "hide_area_borders": false, "show_area_popups": true, "color": "#c80000", "estimated_population": "86650", "phase1_population": 34660, "phase1_percent": 0.4, "phase1_color": "#fae61e", "phase2_population": 30327, "phase2_percent": 0.35, "phase2_color": "#e67800", "phase3_population": 17330, "phase3_percent": 0.2, "phase3_color": "#c80000", "phase4_population": 4332, "phase4_percent": 0.05, "phase4_color": "#640000", "phase5_population": 0, "phase5_percent": 0, "phase5_color": "#640000" }, "geometry": { "type": "GeometryCollection", "geometries": [ { "type": "MultiPolygon", "coordinates": [ [ [ [ 49.0411, 10.3509 ], [ 49.0611, 9.571 ], [ 48.579500315, 9.542109797 ], [ 48.611, 10.5209 ], [ 48.431, 10.6509 ], [ 48.3923, 10.7051 ], [ 48.7185, 10.6397 ], [ 48.9349, 10.6511 ], [ 49.0322, 10.7299 ], [ 49.0411, 10.3509 ] ] ] ] } ] } },
{ "type": "Feature", "properties": { "area_id": "59091488", "confidence_level": 0, "ipc_period": "P", "overall_phase": 3, "population_min": "10670", "population_percentage_min": "0.45", "justification": "", "prolonged_crisis": false, "population_phase_worse": null, "population_percentage_phase_worse": null, "analysis_id": "59090932", "admin_type": null, "area_name": "Xudur urban", "view_level": "area", "hide_settlement_labels": false, "hide_area_labels": false, "hide_area_borders": false, "show_area_popups": true, "color": "#c80000", "estimated_population": "23713", "phase1_population": 5928, "phase1_percent": 0.25, "phase1_color": "#fae61e", "phase2_population": 7113, "phase2_percent": 0.3, "phase2_color": "#e67800", "phase3_population": 8299, "phase3_percent": 0.35, "phase3_color": "#c80000", "phase4_population": 2371, "phase4_percent": 0.1, "phase4_color": "#640000", "phase5_population": 0, "phase5_percent": 0, "phase5_color": "#640000" }, "geometry": { "type": "MultiPoint", "coordinates": [ [ 43.8892, 4.122 ] ] } },
{ "type": "Feature", "properties": { "area_id": "59090949", "confidence_level": 0, "ipc_period": "P", "overall_phase": 3, "population_min": "5541", "population_percentage_min": "0.2", "justification": "", "prolonged_crisis": false, "population_phase_worse": null, "population_percentage_phase_worse": null, "analysis_id": "59090932", "admin_type": null, "area_name": "Laasqoray (1)", "view_level": "area", "hide_settlement_labels": false, "hide_area_labels": false, "hide_area_borders": false, "show_area_popups": true, "color": "#c80000", "estimated_population": "27706", "phase1_population": 11082, "phase1_percent": 0.4, "phase1_color": "#fae61e", "phase2_population": 11082, "phase2_percent": 0.4, "phase2_color": "#e67800", "phase3_population": 5541, "phase3_percent": 0.2, "phase3_color": "#c80000", "phase4_population": 0, "phase4_percent": 0.0, "phase4_color": "#640000", "phase5_population": 0, "phase5_percent": 0, "phase5_color": "#640000" }, "geometry": { "type": "GeometryCollection", "geometries": [ { "type": "MultiPolygon", "coordinates": [ [ [ [ 49.0322, 10.7299 ], [ 48.9349, 10.6511 ], [ 48.7185, 10.6397 ], [ 48.3923, 10.7051 ], [ 47.981, 11.0408 ], [ 47.9098, 11.121 ], [ 48.1545, 11.13 ], [ 48.2427, 11.2053 ], [ 48.3611, 11.2706 ], [ 48.6631, 11.3234 ], [ 48.9189, 11.2398 ], [ 49.0311, 10.7809 ], [ 49.0322, 10.7299 ] ] ] ] } ] } },
{ "type": "Feature", "properties": { "area_id": "59091093", "confidence_level": 0, "ipc_period": "P", "overall_phase": 3, "population_min": "53", "population_percentage_min": "0.25", "justification": "", "prolonged_crisis": false, "population_phase_worse": null, "population_percentage_phase_worse": null, "analysis_id": "59090932", "admin_type": null, "area_name": "Laasqoray idps", "view_level": "area", "hide_settlement_labels": false, "hide_area_labels": false, "hide_area_borders": false, "show_area_popups": true, "color": "#c80000", "estimated_population": "219", "phase1_population": 87, "phase1_percent": 0.4, "phase1_color": "#fae61e", "phase2_population": 76, "phase2_percent": 0.35, "phase2_color": "#e67800", "phase3_population": 43, "phase3_percent": 0.2, "phase3_color": "#c80000", "phase4_population": 10, "phase4_percent": 0.05, "phase4_color": "#640000", "phase5_population": 0, "phase5_percent": 0, "phase5_color": "#640000" }, "geometry": { "type": "MultiPoint", "coordinates": [ [ 48.196, 11.1595 ] ] } },
{ "type": "Feature", "properties": { "area_id": "59091422", "confidence_level": 0, "ipc_period": "P", "overall_phase": 2, "population_min": "188", "population_percentage_min": "0.1", "justification": "", "prolonged_crisis": false, "population_phase_worse": null, "population_percentage_phase_worse": null, "analysis_id": "59090932", "admin_type": null, "area_name": "Zeylac", "view_level": "area", "hide_settlement_labels": false, "hide_area_labels": false, "hide_area_borders": false, "show_area_popups": true, "color": "#e67800", "estimated_population": "1884", "phase1_population": 942, "phase1_percent": 0.5, "phase1_color": "#fae61e", "phase2_population": 753, "phase2_percent": 0.4, "phase2_color": "#e67800", "phase3_population": 188, "phase3_percent": 0.1, "phase3_color": "#c80000", "phase4_population": 0, "phase4_percent": 0.0, "phase4_color": "#640000", "phase5_population": 0, "phase5_percent": 0, "phase5_color": "#640000" }, "geometry": { "type": "GeometryCollection", "geometries": [ { "type": "MultiPolygon", "coordinates": [ [ [ [ 43.0517, 10.4304 ], [ 42.8184, 10.319 ], [ 42.7476, 10.5132 ], [ 42.6859, 10.6139 ], [ 42.96, 10.9822 ], [ 43.0094, 10.904 ], [ 42.9518, 10.7455 ], [ 42.8439, 10.5941 ], [ 42.8971, 10.5054 ], [ 43.0517, 10.4304 ] ] ] ] } ] } },
{ "type": "Feature", "properties": { "area_id": "59091610", "confidence_level": 0, "ipc_period": "P", "overall_phase": 2, "population_min": "6783", "population_percentage_min": "0.15", "justification": "", "prolonged_crisis": false, "population_phase_worse": null, "population_percentage_phase_worse": null, "analysis_id": "59090932", "admin_type": null, "area_name": "Zeylac (1)", "view_level": "area", "hide_settlement_labels": false, "hide_area_labels": false, "hide_area_borders": false, "show_area_popups": true, "color": "#e67800", "estimated_population": "45221", "phase1_population": 20349, "phase1_percent": 0.45, "phase1_color": "#fae61e", "phase2_population": 18088, "phase2_percent": 0.4, "phase2_color": "#e67800", "phase3_population": 4522, "phase3_percent": 0.1, "phase3_color": "#c80000", "phase4_population": 2261, "phase4_percent": 0.05, "phase4_color": "#640000", "phase5_population": 0, "phase5_percent": 0, "phase5_color": "#640000" }, "geometry": { "type": "GeometryCollection", "geometries": [ { "type": "MultiPolygon", "coordinates": [ [ [ [ 43.0517, 10.4304 ], [ 42.8971, 10.5054 ], [ 42.8439, 10.5941 ], [ 42.9518, 10.7455 ], [ 43.0094, 10.904 ], [ 42.96, 10.9822 ], [ 43.2556, 11.4704 ], [ 43.3161, 11.4658 ], [ 43.3919, 11.3806 ], [ 43.4804, 11.3298 ], [ 43.5171, 11.2005 ], [ 43.6991, 10.9357 ], [ 43.1309, 10.6909 ], [ 43.2209, 10.5009 ], [ 43.0517, 10.4304 ] ] ] ] } ] } },
{ "type": "Feature", "properties": { "area_id": "59091137", "confidence_level": 0, "ipc_period": "P", "overall_phase": 2, "population_min": "177", "population_percentage_min": "0.05", "justification": "", "prolonged_crisis": false, "population_phase_worse": null, "population_percentage_phase_worse": null, "analysis_id": "59090932", "admin_type": null, "area_name": "Ceel buur (1)", "view_level": "area", "hide_settlement_labels": false, "hide_area_labels": false, "hide_area_borders": false, "show_area_popups": true, "color": "#e67800", "estimated_population": "3549", "phase1_population": 2306, "phase1_percent": 0.65, "phase1_color": "#fae61e", "phase2_population": 1064, "phase2_percent": 0.3, "phase2_color": "#e67800", "phase3_population": 177, "phase3_percent": 0.05, "phase3_color": "#c80000", "phase4_population": 0, "phase4_percent": 0.0, "phase4_color": "#640000", "phase5_population": 0, "phase5_percent": 0, "phase5_color": "#640000" }, "geometry": { "type": "GeometryCollection", "geometries": [ { "type": "MultiPolygon", "coordinates": [ [ [ [ 46.3018, 5.092 ], [ 46.3474, 5.1039 ], [ 46.3696, 4.9031 ], [ 46.4275, 4.8201 ], [ 46.4443, 4.7298 ], [ 46.4758, 4.6708 ], [ 46.500590119, 4.631615619 ], [ 46.4979, 4.6304 ], [ 46.3434, 4.506 ], [ 46.3745, 4.2527 ], [ 46.1774, 4.4103 ], [ 46.2746, 4.8937 ], [ 46.3018, 5.092 ] ] ] ] } ] } },
{ "type": "Feature", "properties": { "area_id": "59091083", "confidence_level": 0, "ipc_period": "P", "overall_phase": 3, "population_min": "6814", "population_percentage_min": "0.3", "justification": "", "prolonged_crisis": false, "population_phase_worse": null, "population_percentage_phase_worse": null, "analysis_id": "59090932", "admin_type": null, "area_name": "Ceel buur (2)", "view_level": "area", "hide_settlement_labels": false, "hide_area_labels": false, "hide_area_borders": false, "show_area_popups": true, "color": "#c80000", "estimated_population": "22715", "phase1_population": 6814, "phase1_percent": 0.3, "phase1_color": "#fae61e", "phase2_population": 9086, "phase2_percent": 0.4, "phase2_color": "#e67800", "phase3_population": 6814, "phase3_percent": 0.3, "phase3_color": "#c80000", "phase4_population": 0, "phase4_percent": 0.0, "phase4_color": "#640000", "phase5_population": 0, "phase5_percent": 0, "phase5_color": "#640000" }, "geometry": { "type": "GeometryCollection", "geometries": [ { "type": "MultiPolygon", "coordinates": [ [ [ [ 47.5016, 4.4953 ], [ 46.711, 4.3314 ], [ 46.3968, 4.2348 ], [ 46.3745, 4.2527 ], [ 46.3434, 4.506 ], [ 46.4979, 4.6304 ], [ 46.500590119, 4.631615619 ], [ 46.5006, 4.6316 ], [ 46.6174, 4.6844 ], [ 46.8501, 4.5288 ], [ 47.0036, 4.5669 ], [ 47.2554, 4.7152 ], [ 47.3623, 4.8781 ], [ 47.5291, 5.195 ], [ 47.596337997, 5.198834867 ], [ 47.605522775, 5.176159946 ], [ 47.608558679, 5.175866149 ], [ 47.5016, 4.4953 ] ] ] ] } ] } },
{ "type": "Feature", "properties": { "area_id": "59091526", "confidence_level": 0, "ipc_period": "P", "overall_phase": 3, "population_min": "3954", "population_percentage_min": "0.45", "justification": "", "prolonged_crisis": false, "population_phase_worse": null, "population_percentage_phase_worse": null, "analysis_id": "59090932", "admin_type": null, "area_name": "Ceel barde urban", "view_level": "area", "hide_settlement_labels": false, "hide_area_labels": false, "hide_area_borders": false, "show_area_popups": true, "color": "#c80000", "estimated_population": "8789", "phase1_population": 2197, "phase1_percent": 0.25, "phase1_color": "#fae61e", "phase2_population": 2636, "phase2_percent": 0.3, "phase2_color": "#e67800", "phase3_population": 3076, "phase3_percent": 0.35, "phase3_color": "#c80000", "phase4_population": 878, "phase4_percent": 0.1, "phase4_color": "#640000", "phase5_population": 0, "phase5_percent": 0, "phase5_color": "#640000" }, "geometry": { "type": "MultiPoint", "coordinates": [ [ 43.6572, 4.8254 ] ] } },
{ "type": "Feature", "properties": { "area_id": "59091167", "confidence_level": 0, "ipc_period": "P", "overall_phase": 2, "population_min": "319", "population_percentage_min": "0.15", "justification": "", "prolonged_crisis": false, "population_phase_worse": null, "population_percentage_phase_worse": null, "analysis_id": "59090932", "admin_type": null, "area_name": "Ceel buur", "view_level": "area", "hide_settlement_labels": false, "hide_area_labels": false, "hide_area_borders": false, "show_area_popups": true, "color": "#e67800", "estimated_population": "2130", "phase1_population": 745, "phase1_percent": 0.35, "phase1_color": "#fae61e", "phase2_population": 1065, "phase2_percent": 0.5, "phase2_color": "#e67800", "phase3_population": 319, "phase3_percent": 0.15, "phase3_color": "#c80000", "phase4_population": 0, "phase4_percent": 0.0, "phase4_color": "#640000", "phase5_population": 0, "phase5_percent": 0, "phase5_color": "#640000" }, "geometry": { "type": "GeometryCollection", "geometries": [ { "type": "MultiPolygon", "coordinates": [ [ [ [ 46.229844509, 5.07331156 ], [ 46.3018, 5.092 ], [ 46.2746, 4.8937 ], [ 46.1774, 4.4103 ], [ 46.151, 4.4314 ], [ 46.111, 4.7414 ], [ 46.211, 4.9414 ], [ 46.229844509, 5.07331156 ] ] ] ] } ] } },
{ "type": "Feature", "properties": { "area_id": "59091548", "confidence_level": 0, "ipc_period": "P", "overall_phase": 1, "population_min": "0", "population_percentage_min": "0", "justification": "", "prolonged_crisis": false, "population_phase_worse": null, "population_percentage_phase_worse": null, "analysis_id": "59090932", "admin_type": null, "area_name": "Sablaale (5)", "view_level": "area", "hide_settlement_labels": false, "hide_area_labels": false, "hide_area_borders": false, "show_area_popups": true, "color": "#fae61e", "estimated_population": "4518", "phase1_population": 3840, "phase1_percent": 0.85, "phase1_color": "#fae61e", "phase2_population": 677, "phase2_percent": 0.15, "phase2_color": "#e67800", "phase3_population": 0, "phase3_percent": 0.0, "phase3_color": "#c80000", "phase4_population": 0, "phase4_percent": 0.0, "phase4_color": "#640000", "phase5_population": 0, "phase5_percent": 0, "phase5_color": "#640000" }, "geometry": { "type": "GeometryCollection", "geometries": [ { "type": "MultiPolygon", "coordinates": [ [ [ [ 43.9932, 1.5315 ], [ 43.9369, 1.4856 ], [ 43.8125, 1.3225 ], [ 43.602, 1.2231 ], [ 43.5551, 1.1683 ], [ 43.4508, 1.1228 ], [ 43.2989, 0.9933 ], [ 43.2092, 1.0225 ], [ 43.2421, 1.0744 ], [ 43.0743, 1.3233 ], [ 42.9809, 1.4617 ], [ 42.9933, 1.4679 ], [ 43.016, 1.4793 ], [ 43.1524, 1.5475 ], [ 43.3168, 1.6208 ], [ 43.3421, 1.6423 ], [ 43.5854, 1.7635 ], [ 43.9932, 1.5315 ] ] ] ] } ] } },
{ "type": "Feature", "properties": { "area_id": "59091366", "confidence_level": 0, "ipc_period": "P", "overall_phase": 3, "population_min": "250", "population_percentage_min": "0.45", "justification": "", "prolonged_crisis": false, "population_phase_worse": null, "population_percentage_phase_worse": null, "analysis_id": "59090932", "admin_type": null, "area_name": "Waajid urban", "view_level": "area", "hide_settlement_labels": false, "hide_area_labels": false, "hide_area_borders": false, "show_area_popups": true, "color": "#c80000", "estimated_population": "558", "phase1_population": 139, "phase1_percent": 0.25, "phase1_color": "#fae61e", "phase2_population": 167, "phase2_percent": 0.3, "phase2_color": "#e67800", "phase3_population": 195, "phase3_percent": 0.35, "phase3_color": "#c80000", "phase4_population": 55, "phase4_percent": 0.1, "phase4_color": "#640000", "phase5_population": 0, "phase5_percent": 0, "phase5_color": "#640000" }, "geometry": { "type": "MultiPoint", "coordinates": [ [ 43.2414, 3.8027 ] ] } }
]
}
